track,frame,t_s,x_px,y_px
0,0,0.0,886.5,106.5
0,1,0.033,886.5,106.5
0,2,0.067,886.5,106.5
0,3,0.1,886.5,106.5
0,4,0.133,886.5,106.5
0,5,0.167,886.5,106.5
1,11,0.367,886.5,104.5
1,15,0.5,814.5,426.5
1,19,0.633,782.5,440.5
1,20,0.667,776.5,442.5
1,21,0.7,768.5,442.5
1,22,0.733,760.5,444.5
2,143,4.767,1178.5,412.5
2,144,4.8,1150.5,396.5
2,145,4.833,1156.5,392.5
2,146,4.867,1158.5,382.5
2,147,4.9,1168.5,380.5
2,148,4.933,1170.5,368.5
2,149,4.967,1172.5,360.5
3,184,6.133,878.5,312.5
3,188,6.267,908.5,204.5
3,189,6.3,914.5,192.5
3,190,6.333,918.5,176.5
3,191,6.367,916.5,178.5
3,192,6.4,926.5,168.5
3,193,6.433,930.5,160.5
3,194,6.467,934.5,154.5
3,195,6.5,940.5,154.5
3,196,6.533,944.5,156.5
3,197,6.567,946.5,162.5
3,198,6.6,948.5,170.5
3,199,6.633,948.5,184.5
3,200,6.667,952.5,196.5
3,201,6.7,952.5,210.5
3,202,6.733,954.5,232.5
3,203,6.767,952.5,248.5
4,240,8.0,908.5,266.5
4,241,8.033,920.5,248.5
4,242,8.067,912.5,224.5
4,243,8.1,916.5,206.5
4,244,8.133,918.5,192.5
4,245,8.167,920.5,178.5
4,246,8.2,920.5,170.5
4,247,8.233,922.5,164.5
4,248,8.267,922.5,158.5
4,249,8.3,922.5,162.5
4,250,8.333,924.5,166.5
4,251,8.367,922.5,174.5
4,252,8.4,920.5,186.5
4,253,8.433,920.5,196.5
4,254,8.467,918.5,212.5
4,255,8.5,914.5,230.5
4,256,8.533,912.5,246.5
4,257,8.567,912.5,268.5
4,258,8.6,906.5,298.5
4,259,8.633,902.5,320.5
4,260,8.667,896.5,360.5
4,261,8.7,894.5,374.5
4,262,8.733,898.5,356.5
4,263,8.767,904.5,328.5
4,264,8.8,908.5,318.5
4,265,8.833,914.5,298.5
4,266,8.867,920.5,282.5
4,267,8.9,922.5,270.5
4,268,8.933,926.5,264.5
4,269,8.967,928.5,256.5
4,270,9.0,932.5,254.5
4,271,9.033,936.5,256.5
4,272,9.067,936.5,264.5
4,273,9.1,938.5,270.5
4,274,9.133,940.5,282.5
4,275,9.167,940.5,298.5
4,276,9.2,940.5,314.5
4,277,9.233,938.5,332.5
4,278,9.267,934.5,352.5
4,279,9.3,932.5,362.5
4,280,9.333,930.5,364.5
4,281,9.367,930.5,368.5
5,296,9.867,906.5,322.5
5,297,9.9,900.5,320.5
5,300,10.0,932.5,366.5
5,302,10.067,936.5,342.5
5,304,10.133,894.5,310.5
5,305,10.167,906.5,262.5
5,307,10.233,900.5,266.5
5,309,10.3,898.5,256.5
5,310,10.333,896.5,258.5
5,311,10.367,896.5,262.5
5,312,10.4,894.5,266.5
5,313,10.433,894.5,276.5
5,314,10.467,890.5,288.5
5,318,10.6,894.5,328.5
5,319,10.633,878.5,346.5
5,320,10.667,882.5,328.5
5,321,10.7,886.5,320.5
5,322,10.733,890.5,312.5
5,323,10.767,892.5,304.5
5,324,10.8,894.5,298.5
5,325,10.833,896.5,298.5
5,326,10.867,898.5,300.5
5,327,10.9,900.5,306.5
5,328,10.933,900.5,314.5
5,329,10.967,900.5,322.5
6,352,11.733,898.5,232.5
6,353,11.767,896.5,216.5
6,354,11.8,894.5,202.5
6,355,11.833,890.5,192.5
6,356,11.867,888.5,186.5
6,357,11.9,886.5,180.5
6,358,11.933,880.5,180.5
6,359,11.967,878.5,182.5
6,360,12.0,872.5,186.5
6,361,12.033,868.5,196.5
6,362,12.067,864.5,206.5
6,363,12.1,858.5,220.5
6,364,12.133,854.5,236.5
6,365,12.167,848.5,252.5
6,366,12.2,842.5,272.5
6,367,12.233,836.5,292.5
6,368,12.267,832.5,310.5
6,369,12.3,822.5,346.5
6,370,12.333,818.5,360.5
6,372,12.4,824.5,312.5
6,373,12.433,826.5,302.5
6,374,12.467,828.5,288.5
6,375,12.5,830.5,276.5
6,376,12.533,832.5,268.5
6,377,12.567,832.5,264.5
6,378,12.6,834.5,258.5
6,379,12.633,834.5,262.5
6,380,12.667,836.5,266.5
6,381,12.7,838.5,274.5
6,382,12.733,836.5,286.5
6,384,12.8,842.5,298.5
6,385,12.833,846.5,300.5
6,386,12.867,850.5,308.5
6,387,12.9,856.5,312.5
6,388,12.933,858.5,316.5
6,391,13.033,876.5,350.5
6,393,13.1,894.5,368.5
7,410,13.667,926.5,256.5
7,411,13.7,928.5,248.5
7,412,13.733,932.5,242.5
7,413,13.767,932.5,236.5
7,414,13.8,936.5,236.5
7,415,13.833,936.5,242.5
7,416,13.867,936.5,248.5
7,417,13.9,936.5,256.5
7,418,13.933,936.5,266.5
7,419,13.967,936.5,278.5
7,420,14.0,936.5,296.5
7,421,14.033,934.5,312.5
7,422,14.067,932.5,330.5
7,426,14.2,942.5,332.5
7,427,14.233,946.5,320.5
7,428,14.267,950.5,308.5
7,429,14.3,954.5,300.5
7,430,14.333,960.5,296.5
7,431,14.367,966.5,294.5
7,432,14.4,970.5,294.5
7,433,14.433,974.5,298.5
7,434,14.467,974.5,306.5
7,435,14.5,976.5,316.5
7,436,14.533,978.5,328.5
7,437,14.567,980.5,340.5
7,439,14.633,972.5,358.5
8,485,16.167,942.5,326.5
8,486,16.2,908.5,322.5
8,487,16.233,888.5,306.5
8,488,16.267,870.5,290.5
8,489,16.3,848.5,274.5
8,490,16.333,828.5,264.5
8,491,16.367,808.5,254.5
8,492,16.4,788.5,250.5
8,493,16.433,770.5,244.5
8,494,16.467,750.5,244.5
8,495,16.5,732.5,246.5
8,496,16.533,716.5,250.5
8,497,16.567,698.5,258.5
8,498,16.6,684.5,266.5
8,499,16.633,674.5,274.5
8,500,16.667,656.5,274.5
8,501,16.7,650.5,260.5
8,502,16.733,650.5,252.5
8,503,16.767,652.5,246.5
8,504,16.8,656.5,244.5
8,505,16.833,660.5,244.5
8,506,16.867,660.5,246.5
8,507,16.9,664.5,250.5
8,508,16.933,668.5,254.5
8,509,16.967,672.5,262.5
8,510,17.0,672.5,274.5
8,512,17.067,676.5,298.5
8,513,17.1,680.5,282.5
8,514,17.133,680.5,280.5
8,515,17.167,676.5,272.5
8,516,17.2,676.5,268.5
8,517,17.233,676.5,266.5
8,518,17.267,676.5,266.5
8,519,17.3,674.5,272.5
8,520,17.333,676.5,278.5
8,522,17.4,676.5,296.5
8,523,17.433,670.5,308.5
8,524,17.467,670.5,298.5
8,525,17.5,668.5,292.5
8,526,17.533,670.5,282.5
8,527,17.567,668.5,280.5
8,528,17.6,670.5,278.5
8,529,17.633,664.5,280.5
8,530,17.667,660.5,282.5
8,531,17.7,660.5,290.5
8,532,17.733,658.5,298.5
8,533,17.767,658.5,310.5
8,534,17.8,656.5,300.5
8,535,17.833,654.5,294.5
8,536,17.867,656.5,292.5
8,537,17.9,652.5,284.5
8,538,17.933,650.5,284.5
8,539,17.967,648.5,290.5
8,540,18.0,646.5,296.5
8,541,18.033,646.5,302.5
8,542,18.067,644.5,310.5
8,543,18.1,644.5,304.5
8,544,18.133,642.5,298.5
8,545,18.167,642.5,296.5
8,546,18.2,642.5,296.5
8,547,18.233,640.5,294.5
8,548,18.267,638.5,296.5
8,549,18.3,636.5,302.5
8,550,18.333,638.5,314.5
8,551,18.367,636.5,312.5
8,552,18.4,634.5,304.5
8,553,18.433,634.5,300.5
8,554,18.467,634.5,302.5
8,555,18.5,632.5,302.5
8,556,18.533,630.5,300.5
8,557,18.567,630.5,308.5
8,558,18.6,630.5,316.5
8,559,18.633,628.5,310.5
8,560,18.667,628.5,304.5
8,561,18.7,628.5,302.5
8,562,18.733,628.5,304.5
8,563,18.767,626.5,304.5
8,564,18.8,626.5,310.5
8,565,18.833,626.5,318.5
8,566,18.867,624.5,312.5
8,567,18.9,622.5,306.5
8,569,18.967,624.5,306.5
8,570,19.0,618.5,310.5
8,573,19.1,612.5,318.5
9,584,19.467,634.5,330.5
9,585,19.5,640.5,332.5
9,586,19.533,646.5,330.5
9,587,19.567,650.5,332.5
9,588,19.6,656.5,336.5
9,589,19.633,662.5,338.5
9,590,19.667,668.5,342.5
9,591,19.7,672.5,342.5
9,592,19.733,678.5,344.5
9,593,19.767,684.5,346.5
9,594,19.8,688.5,350.5
9,595,19.833,694.5,352.5
9,596,19.867,700.5,354.5
9,597,19.9,706.5,358.5
9,598,19.933,712.5,360.5
9,599,19.967,718.5,362.5
9,600,20.0,724.5,366.5
9,601,20.033,730.5,368.5
9,602,20.067,736.5,370.5
9,603,20.1,740.5,374.5
9,604,20.133,748.5,378.5
9,605,20.167,752.5,378.5
9,606,20.2,758.5,380.5
9,607,20.233,764.5,382.5
9,608,20.267,768.5,386.5
10,613,20.433,310.5,210.5
10,615,20.5,294.5,208.5
10,616,20.533,376.5,218.5
10,618,20.6,358.5,222.5
10,619,20.633,346.5,226.5
10,620,20.667,338.5,230.5
10,621,20.7,330.5,236.5
10,624,20.8,384.5,350.5
11,649,21.633,926.5,660.5
11,653,21.767,900.5,318.5
11,654,21.8,904.5,326.5
11,655,21.833,824.5,310.5
11,656,21.867,788.5,294.5
11,657,21.9,748.5,278.5
11,658,21.933,706.5,260.5
11,659,21.967,678.5,252.5
11,660,22.0,638.5,242.5
11,661,22.033,604.5,236.5
11,662,22.067,574.5,234.5
11,663,22.1,542.5,234.5
11,664,22.133,526.5,236.5
11,666,22.2,472.5,250.5
11,668,22.267,432.5,236.5
11,669,22.3,412.5,222.5
11,670,22.333,398.5,214.5
11,671,22.367,378.5,204.5
11,672,22.4,392.5,196.5
11,673,22.433,406.5,192.5
11,674,22.467,438.5,186.5
11,675,22.5,462.5,182.5
11,676,22.533,496.5,182.5
11,677,22.567,526.5,186.5
11,678,22.6,548.5,190.5
11,679,22.633,582.5,198.5
11,680,22.667,614.5,210.5
11,681,22.7,640.5,222.5
11,682,22.733,682.5,246.5
11,683,22.767,702.5,258.5
11,684,22.8,732.5,278.5
11,686,22.867,798.5,342.5
11,688,22.933,862.5,390.5
11,689,22.967,896.5,374.5
11,690,23.0,928.5,366.5
11,691,23.033,962.5,362.5
11,692,23.067,968.5,344.5
11,693,23.1,930.5,312.5
11,694,23.133,884.5,282.5
11,695,23.167,844.5,258.5
11,696,23.2,812.5,244.5
11,697,23.233,778.5,230.5
11,698,23.267,734.5,214.5
11,699,23.3,704.5,208.5
11,700,23.333,676.5,204.5
11,701,23.367,640.5,202.5
11,702,23.4,618.5,204.5
11,703,23.433,588.5,208.5
11,704,23.467,568.5,210.5
11,705,23.5,544.5,220.5
11,706,23.533,524.5,230.5
11,707,23.567,504.5,246.5
11,708,23.6,488.5,254.5
11,709,23.633,470.5,268.5
11,710,23.667,454.5,266.5
11,711,23.7,440.5,248.5
11,712,23.733,424.5,230.5
11,713,23.767,412.5,208.5
11,714,23.8,400.5,198.5
11,715,23.833,388.5,186.5
11,716,23.867,376.5,178.5
11,717,23.9,364.5,172.5
11,718,23.933,354.5,172.5
11,721,24.033,408.5,174.5
11,722,24.067,442.5,176.5
11,723,24.1,476.5,182.5
11,724,24.133,506.5,188.5
11,725,24.167,552.5,204.5
11,726,24.2,590.5,218.5
11,727,24.233,626.5,234.5
11,728,24.267,656.5,250.5
11,729,24.3,700.5,276.5
11,732,24.4,814.5,330.5
11,733,24.433,850.5,314.5
11,734,24.467,878.5,310.5
11,735,24.5,918.5,306.5
11,738,24.6,1026.5,308.5
11,739,24.633,1062.5,314.5
11,740,24.667,1098.5,324.5
11,741,24.7,1138.5,342.5
11,743,24.767,1108.5,314.5
11,744,24.8,1052.5,280.5
11,745,24.833,1000.5,252.5
11,746,24.867,948.5,230.5
11,747,24.9,902.5,214.5
11,748,24.933,856.5,200.5
11,749,24.967,802.5,188.5
11,750,25.0,774.5,186.5
11,751,25.033,730.5,182.5
11,752,25.067,696.5,182.5
11,754,25.133,624.5,194.5
11,755,25.167,592.5,202.5
11,756,25.2,564.5,212.5
11,757,25.233,538.5,224.5
11,758,25.267,524.5,234.5
11,759,25.3,490.5,254.5
11,760,25.333,474.5,266.5
11,762,25.4,438.5,226.5
11,763,25.433,422.5,208.5
11,764,25.467,408.5,196.5
11,765,25.5,388.5,180.5
11,766,25.533,376.5,170.5
11,767,25.567,360.5,166.5
11,768,25.6,348.5,164.5
11,769,25.633,372.5,170.5
11,770,25.667,418.5,174.5
11,771,25.7,452.5,182.5
11,772,25.733,490.5,194.5
11,773,25.767,528.5,210.5
11,774,25.8,568.5,228.5
11,775,25.833,602.5,246.5
11,776,25.867,636.5,270.5
12,781,26.033,818.5,330.5
12,782,26.067,858.5,326.5
12,783,26.1,896.5,326.5
12,784,26.133,930.5,332.5
12,785,26.167,970.5,342.5
12,786,26.2,1008.5,352.5
12,787,26.233,1036.5,358.5
12,788,26.267,1004.5,320.5
12,789,26.3,958.5,274.5
12,790,26.333,940.5,260.5
12,791,26.367,908.5,230.5
12,792,26.4,876.5,208.5
12,793,26.433,842.5,190.5
12,794,26.467,826.5,180.5
12,795,26.5,796.5,170.5
12,796,26.533,772.5,162.5
12,797,26.567,748.5,158.5
12,798,26.6,728.5,160.5
12,799,26.633,708.5,162.5
12,800,26.667,686.5,170.5
12,801,26.7,672.5,174.5
12,803,26.767,638.5,196.5
12,805,26.833,614.5,222.5
12,806,26.867,602.5,238.5
12,807,26.9,594.5,250.5
12,808,26.933,584.5,260.5
12,809,26.967,576.5,240.5
12,810,27.0,566.5,218.5
12,811,27.033,558.5,202.5
12,812,27.067,552.5,186.5
12,813,27.1,544.5,174.5
12,815,27.167,530.5,156.5
12,816,27.2,524.5,152.5
12,817,27.233,518.5,148.5
12,818,27.267,512.5,148.5
12,819,27.3,508.5,150.5
12,820,27.333,502.5,154.5
12,821,27.367,498.5,162.5
12,822,27.4,504.5,156.5
12,823,27.433,512.5,154.5
12,824,27.467,518.5,152.5
12,825,27.5,528.5,152.5
12,826,27.533,538.5,156.5
12,827,27.567,548.5,162.5
12,828,27.6,558.5,170.5
12,829,27.633,568.5,180.5
12,830,27.667,578.5,194.5
12,831,27.7,586.5,210.5
12,832,27.733,596.5,226.5
12,833,27.767,608.5,250.5
12,834,27.8,620.5,280.5
12,836,27.867,638.5,336.5
12,837,27.9,650.5,378.5
12,838,27.933,660.5,374.5
12,839,27.967,670.5,358.5
12,840,28.0,680.5,346.5
12,841,28.033,694.5,338.5
12,842,28.067,704.5,330.5
12,843,28.1,714.5,330.5
12,844,28.133,726.5,330.5
12,845,28.167,736.5,334.5
12,846,28.2,750.5,342.5
12,847,28.233,758.5,352.5
12,848,28.267,772.5,370.5
12,849,28.3,782.5,390.5
12,850,28.333,790.5,410.5
12,851,28.367,806.5,440.5
13,856,28.533,640.5,276.5
13,857,28.567,616.5,258.5
13,858,28.6,594.5,246.5
13,859,28.633,572.5,236.5
13,860,28.667,550.5,230.5
13,861,28.7,530.5,226.5
13,862,28.733,510.5,226.5
13,863,28.767,496.5,226.5
13,864,28.8,480.5,232.5
13,865,28.833,464.5,240.5
13,866,28.867,452.5,248.5
13,867,28.9,438.5,256.5
13,868,28.933,428.5,272.5
13,869,28.967,420.5,286.5
13,872,29.067,386.5,242.5
13,873,29.1,376.5,222.5
13,874,29.133,370.5,210.5
13,875,29.167,360.5,198.5
13,876,29.2,352.5,188.5
13,877,29.233,346.5,182.5
13,878,29.267,338.5,178.5
13,879,29.3,328.5,186.5
13,880,29.333,346.5,182.5
13,883,29.433,484.5,216.5
13,884,29.467,528.5,234.5
13,887,29.567,620.5,282.5
13,888,29.6,614.5,284.5
13,889,29.633,610.5,288.5
13,890,29.667,600.5,280.5
13,891,29.7,596.5,266.5
13,892,29.733,592.5,262.5
13,893,29.767,588.5,260.5
13,894,29.8,584.5,258.5
13,895,29.833,580.5,260.5
13,896,29.867,572.5,264.5
13,898,29.933,568.5,248.5
13,901,30.033,560.5,242.5
13,902,30.067,558.5,248.5
13,903,30.1,556.5,240.5
13,906,30.2,552.5,228.5
13,907,30.233,550.5,230.5
13,908,30.267,550.5,234.5
13,910,30.333,384.5,202.5
13,911,30.367,388.5,204.5
13,912,30.4,392.5,202.5
13,913,30.433,400.5,204.5
13,915,30.5,408.5,204.5
14,1034,34.467,386.5,176.5
14,1035,34.5,380.5,172.5
14,1036,34.533,374.5,166.5
14,1040,34.667,346.5,128.5
14,1041,34.7,344.5,114.5
14,1042,34.733,342.5,102.5
14,1043,34.767,340.5,90.5
14,1044,34.8,338.5,80.5
14,1045,34.833,336.5,74.5
14,1046,34.867,336.5,70.5
14,1047,34.9,334.5,66.5
14,1048,34.933,334.5,70.5
14,1049,34.967,332.5,74.5
14,1050,35.0,332.5,78.5
14,1051,35.033,332.5,86.5
14,1052,35.067,332.5,94.5
14,1053,35.1,332.5,108.5
14,1054,35.133,334.5,122.5
15,1060,35.333,328.5,152.5
15,1062,35.4,328.5,158.5
15,1063,35.433,328.5,168.5
15,1064,35.467,326.5,178.5
15,1066,35.533,330.5,194.5
15,1067,35.567,328.5,202.5
15,1068,35.6,328.5,208.5
15,1071,35.7,314.5,234.5
15,1074,35.8,302.5,244.5
15,1075,35.833,298.5,250.5
15,1076,35.867,294.5,254.5
15,1078,35.933,280.5,258.5
16,1089,36.3,266.5,272.5
16,1090,36.333,264.5,262.5
16,1091,36.367,258.5,250.5
16,1092,36.4,256.5,238.5
16,1093,36.433,252.5,218.5
16,1094,36.467,250.5,208.5
16,1095,36.5,248.5,198.5
16,1096,36.533,246.5,192.5
16,1097,36.567,242.5,186.5
16,1098,36.6,244.5,186.5
16,1099,36.633,242.5,186.5
16,1100,36.667,242.5,190.5
16,1101,36.7,244.5,196.5
16,1102,36.733,246.5,202.5
16,1103,36.767,248.5,218.5
16,1104,36.8,244.5,228.5
16,1106,36.867,282.5,238.5
16,1108,36.933,292.5,234.5
16,1110,37.0,444.5,248.5
16,1112,37.067,528.5,246.5
16,1114,37.133,596.5,250.5
16,1115,37.167,634.5,260.5
16,1116,37.2,658.5,266.5
16,1117,37.233,694.5,278.5
16,1121,37.367,826.5,306.5
16,1122,37.4,852.5,300.5
16,1123,37.433,888.5,290.5
16,1124,37.467,916.5,288.5
16,1125,37.5,946.5,290.5
16,1126,37.533,944.5,290.5
16,1127,37.567,1022.5,306.5
16,1129,37.633,1048.5,316.5
16,1132,37.733,1002.5,292.5
16,1133,37.767,948.5,268.5
16,1134,37.8,908.5,252.5
16,1135,37.833,870.5,240.5
16,1136,37.867,826.5,228.5
16,1137,37.9,788.5,222.5
16,1138,37.933,750.5,218.5
16,1139,37.967,714.5,216.5
16,1140,38.0,680.5,218.5
16,1141,38.033,640.5,220.5
16,1142,38.067,616.5,226.5
16,1143,38.1,588.5,232.5
16,1144,38.133,562.5,242.5
16,1145,38.167,532.5,252.5
16,1148,38.267,466.5,232.5
16,1149,38.3,448.5,220.5
16,1150,38.333,428.5,208.5
16,1151,38.367,412.5,200.5
16,1152,38.4,336.5,204.5
16,1153,38.433,362.5,202.5
16,1154,38.467,430.5,196.5
16,1155,38.5,460.5,202.5
16,1156,38.533,494.5,212.5
16,1157,38.567,534.5,228.5
16,1158,38.6,566.5,242.5
16,1159,38.633,590.5,252.5
16,1160,38.667,630.5,278.5
16,1163,38.767,392.5,174.5
17,1168,38.933,896.5,362.5
17,1169,38.967,936.5,376.5
17,1170,39.0,970.5,388.5
17,1171,39.033,1006.5,400.5
17,1173,39.1,926.5,326.5
17,1174,39.133,874.5,276.5
17,1175,39.167,840.5,250.5
17,1176,39.2,810.5,230.5
17,1177,39.233,782.5,210.5
17,1178,39.267,748.5,192.5
17,1179,39.3,718.5,178.5
17,1180,39.333,696.5,170.5
17,1181,39.367,674.5,168.5
17,1182,39.4,648.5,164.5
17,1183,39.433,632.5,164.5
17,1184,39.467,612.5,170.5
17,1185,39.5,596.5,174.5
17,1186,39.533,582.5,180.5
17,1187,39.567,570.5,190.5
17,1188,39.6,558.5,202.5
17,1189,39.633,546.5,212.5
17,1190,39.667,538.5,226.5
17,1191,39.7,530.5,236.5
17,1193,39.767,514.5,222.5
17,1194,39.8,506.5,202.5
17,1195,39.833,498.5,186.5
17,1196,39.867,492.5,170.5
17,1197,39.9,486.5,158.5
17,1198,39.933,480.5,148.5
17,1199,39.967,474.5,142.5
17,1200,40.0,468.5,136.5
17,1201,40.033,464.5,134.5
17,1202,40.067,460.5,134.5
17,1203,40.1,454.5,138.5
17,1206,40.2,540.5,156.5
17,1207,40.233,574.5,168.5
17,1208,40.267,606.5,180.5
17,1209,40.3,640.5,198.5
17,1210,40.333,676.5,220.5
17,1211,40.367,704.5,238.5
17,1212,40.4,740.5,266.5
17,1213,40.433,770.5,292.5
17,1214,40.467,804.5,328.5
17,1215,40.5,840.5,362.5
17,1216,40.533,884.5,398.5
17,1217,40.567,932.5,394.5
17,1218,40.6,960.5,396.5
17,1219,40.633,1004.5,400.5
17,1220,40.667,1044.5,406.5
17,1221,40.7,1066.5,398.5
17,1222,40.733,1018.5,362.5
17,1223,40.767,968.5,326.5
17,1224,40.8,906.5,278.5
17,1225,40.833,862.5,256.5
17,1226,40.867,808.5,230.5
17,1227,40.9,770.5,214.5
17,1228,40.933,726.5,198.5
17,1229,40.967,684.5,186.5
17,1230,41.0,644.5,178.5
17,1231,41.033,622.5,178.5
17,1232,41.067,588.5,178.5
17,1236,41.2,492.5,202.5
17,1237,41.233,474.5,216.5
17,1238,41.267,456.5,230.5
17,1239,41.3,444.5,240.5
17,1240,41.333,428.5,260.5
17,1243,41.433,390.5,230.5
17,1244,41.467,376.5,214.5
17,1246,41.533,354.5,180.5
17,1247,41.567,342.5,168.5
17,1248,41.6,332.5,160.5
17,1249,41.633,324.5,154.5
17,1250,41.667,312.5,150.5
17,1251,41.7,304.5,148.5
17,1252,41.733,296.5,150.5
17,1253,41.767,290.5,154.5
17,1254,41.8,284.5,160.5
17,1255,41.833,278.5,170.5
17,1258,41.933,382.5,148.5
17,1260,42.0,434.5,138.5
17,1261,42.033,454.5,132.5
18,1266,42.2,992.5,346.5
18,1267,42.233,1028.5,350.5
18,1268,42.267,1108.5,364.5
18,1269,42.3,1188.5,382.5
18,1270,42.333,1254.5,398.5
18,1271,42.367,1248.5,362.5
18,1272,42.4,1212.5,324.5
19,1282,42.733,864.5,154.5
19,1283,42.767,838.5,154.5
19,1284,42.8,804.5,164.5
19,1285,42.833,784.5,172.5
19,1286,42.867,760.5,180.5
19,1287,42.9,734.5,196.5
19,1288,42.933,714.5,208.5
19,1289,42.967,686.5,228.5
19,1290,43.0,672.5,242.5
19,1291,43.033,650.5,260.5
19,1292,43.067,632.5,278.5
19,1293,43.1,606.5,310.5
19,1294,43.133,592.5,298.5
19,1295,43.167,582.5,280.5
19,1296,43.2,572.5,262.5
19,1297,43.233,560.5,240.5
19,1298,43.267,548.5,224.5
19,1299,43.3,536.5,210.5
19,1300,43.333,526.5,202.5
19,1301,43.367,516.5,194.5
19,1302,43.4,504.5,188.5
19,1303,43.433,494.5,188.5
19,1304,43.467,486.5,188.5
19,1305,43.5,476.5,192.5
19,1306,43.533,466.5,198.5
19,1307,43.567,456.5,208.5
19,1308,43.6,448.5,218.5
19,1309,43.633,442.5,232.5
19,1310,43.667,434.5,246.5
19,1311,43.7,428.5,264.5
19,1312,43.733,422.5,280.5
19,1313,43.767,416.5,300.5
19,1314,43.8,408.5,288.5
19,1315,43.833,402.5,272.5
19,1316,43.867,392.5,252.5
19,1317,43.9,386.5,242.5
19,1318,43.933,380.5,230.5
19,1319,43.967,372.5,222.5
19,1320,44.0,368.5,216.5
19,1321,44.033,362.5,212.5
19,1322,44.067,358.5,214.5
19,1323,44.1,352.5,216.5
19,1324,44.133,346.5,220.5
19,1325,44.167,342.5,228.5
19,1326,44.2,338.5,238.5
19,1327,44.233,336.5,248.5
19,1328,44.267,332.5,262.5
19,1329,44.3,330.5,278.5
19,1330,44.333,350.5,208.5
19,1331,44.367,350.5,210.5
19,1332,44.4,318.5,280.5
19,1333,44.433,312.5,266.5
19,1334,44.467,306.5,254.5
19,1335,44.5,302.5,244.5
19,1336,44.533,296.5,238.5
19,1337,44.567,292.5,234.5
19,1339,44.633,284.5,234.5
19,1340,44.667,278.5,240.5
19,1341,44.7,276.5,246.5
19,1342,44.733,274.5,254.5
19,1343,44.767,278.5,230.5
19,1345,44.833,286.5,194.5
19,1346,44.867,290.5,180.5
19,1347,44.9,296.5,168.5
19,1348,44.933,302.5,158.5
19,1349,44.967,306.5,152.5
19,1350,45.0,314.5,146.5
19,1351,45.033,320.5,146.5
19,1352,45.067,326.5,148.5
19,1353,45.1,332.5,154.5
19,1354,45.133,336.5,160.5
19,1355,45.167,328.5,152.5
19,1356,45.2,326.5,140.5
19,1359,45.3,316.5,138.5
19,1360,45.333,316.5,148.5
19,1362,45.4,322.5,168.5
19,1363,45.433,328.5,178.5
19,1364,45.467,336.5,186.5
19,1366,45.533,360.5,200.5
20,1434,47.8,390.5,214.5
20,1435,47.833,390.5,208.5
20,1436,47.867,388.5,202.5
20,1437,47.9,390.5,198.5
20,1438,47.933,392.5,188.5
20,1439,47.967,390.5,178.5
20,1440,48.0,392.5,162.5
20,1441,48.033,392.5,146.5
20,1442,48.067,392.5,134.5
20,1443,48.1,392.5,120.5
20,1444,48.133,390.5,106.5
20,1445,48.167,384.5,96.5
20,1446,48.2,384.5,90.5
21,1459,48.633,370.5,102.5
21,1460,48.667,368.5,114.5
21,1461,48.7,368.5,128.5
21,1462,48.733,368.5,138.5
21,1463,48.767,366.5,152.5
21,1464,48.8,366.5,162.5
21,1465,48.833,366.5,170.5
21,1466,48.867,366.5,176.5
22,1471,49.033,304.5,216.5
22,1475,49.167,312.5,192.5
22,1476,49.2,304.5,190.5
22,1477,49.233,308.5,186.5
22,1478,49.267,364.5,170.5
23,1560,52.0,360.5,172.5
23,1561,52.033,306.5,200.5
23,1562,52.067,368.5,170.5
23,1563,52.1,368.5,168.5
23,1564,52.133,372.5,164.5
23,1565,52.167,376.5,158.5
23,1566,52.2,376.5,152.5
23,1567,52.233,380.5,142.5
23,1568,52.267,384.5,138.5
23,1569,52.3,302.5,172.5
23,1572,52.4,392.5,124.5
23,1573,52.433,392.5,134.5
23,1574,52.467,392.5,136.5
23,1575,52.5,390.5,144.5
23,1576,52.533,384.5,152.5
23,1577,52.567,382.5,154.5
23,1578,52.6,380.5,162.5
23,1579,52.633,374.5,160.5
23,1580,52.667,374.5,164.5
23,1582,52.733,368.5,176.5
24,1606,53.533,376.5,168.5
24,1607,53.567,374.5,168.5
24,1608,53.6,376.5,162.5
24,1611,53.7,364.5,162.5
24,1612,53.733,362.5,166.5
24,1613,53.767,362.5,170.5
24,1615,53.833,358.5,138.5
24,1616,53.867,356.5,122.5
24,1617,53.9,354.5,104.5
24,1618,53.933,352.5,90.5
24,1619,53.967,350.5,78.5
24,1620,54.0,348.5,72.5
24,1622,54.067,326.5,176.5
24,1624,54.133,344.5,66.5
24,1625,54.167,346.5,68.5
24,1626,54.2,346.5,72.5
24,1627,54.233,346.5,80.5
24,1628,54.267,348.5,90.5
24,1629,54.3,350.5,104.5
24,1630,54.333,352.5,118.5
24,1631,54.367,358.5,132.5
25,1708,56.933,382.5,364.5
25,1711,57.033,382.5,364.5
25,1712,57.067,382.5,364.5
25,1715,57.167,272.5,268.5
25,1716,57.2,270.5,258.5
25,1717,57.233,264.5,242.5
25,1719,57.3,228.5,206.5
25,1720,57.333,246.5,196.5
25,1721,57.367,242.5,186.5
25,1722,57.4,242.5,174.5
25,1723,57.433,238.5,168.5
25,1724,57.467,238.5,166.5
25,1725,57.5,234.5,162.5
25,1726,57.533,234.5,166.5
25,1727,57.567,234.5,168.5
25,1728,57.6,232.5,174.5
25,1729,57.633,232.5,184.5
25,1730,57.667,232.5,194.5
25,1734,57.8,262.5,234.5
25,1736,57.867,382.5,364.5
25,1738,57.933,280.5,226.5
26,1749,58.3,948.5,336.5
26,1750,58.333,990.5,338.5
26,1751,58.367,1030.5,346.5
26,1752,58.4,1068.5,354.5
26,1753,58.433,1040.5,332.5
26,1754,58.467,1006.5,308.5
26,1755,58.5,942.5,274.5
26,1756,58.533,908.5,258.5
26,1757,58.567,872.5,244.5
26,1758,58.6,830.5,232.5
26,1759,58.633,794.5,224.5
26,1760,58.667,760.5,218.5
26,1761,58.7,726.5,218.5
26,1762,58.733,696.5,218.5
26,1763,58.767,674.5,222.5
26,1764,58.8,638.5,228.5
26,1765,58.833,618.5,236.5
26,1766,58.867,592.5,246.5
26,1767,58.9,566.5,264.5
26,1768,58.933,550.5,264.5
26,1769,58.967,530.5,246.5
26,1770,59.0,514.5,228.5
26,1771,59.033,496.5,214.5
26,1772,59.067,478.5,202.5
26,1773,59.1,462.5,194.5
26,1774,59.133,448.5,190.5
26,1775,59.167,432.5,186.5
26,1776,59.2,420.5,186.5
26,1777,59.233,406.5,188.5
26,1778,59.267,392.5,190.5
26,1779,59.3,384.5,194.5
26,1780,59.333,376.5,186.5
26,1781,59.367,366.5,182.5
26,1782,59.4,360.5,178.5
26,1783,59.433,350.5,182.5
26,1784,59.467,342.5,186.5
26,1785,59.5,334.5,192.5
26,1786,59.533,326.5,202.5
26,1787,59.567,316.5,208.5
26,1788,59.6,310.5,214.5
27,1806,60.2,306.5,342.5
27,1807,60.233,320.5,338.5
27,1808,60.267,332.5,334.5
27,1809,60.3,340.5,332.5
27,1810,60.333,348.5,332.5
28,1821,60.7,260.5,244.5
28,1822,60.733,228.5,218.5
28,1823,60.767,228.5,208.5
28,1824,60.8,246.5,200.5
28,1825,60.833,242.5,190.5
28,1826,60.867,240.5,182.5
28,1827,60.9,240.5,176.5
28,1828,60.933,238.5,174.5
28,1829,60.967,236.5,174.5
28,1830,61.0,234.5,178.5
28,1831,61.033,234.5,184.5
28,1832,61.067,232.5,190.5
28,1833,61.1,226.5,210.5
28,1834,61.133,238.5,216.5
28,1837,61.233,280.5,234.5
28,1839,61.3,382.5,278.5
28,1840,61.333,420.5,270.5
28,1841,61.367,448.5,266.5
28,1842,61.4,482.5,266.5
28,1844,61.467,554.5,270.5
28,1845,61.5,604.5,280.5
28,1846,61.533,626.5,290.5
28,1850,61.667,782.5,378.5
28,1852,61.733,848.5,356.5
28,1853,61.767,876.5,350.5
28,1854,61.8,910.5,344.5
28,1855,61.833,940.5,344.5
28,1856,61.867,976.5,352.5
28,1857,61.9,1006.5,354.5
28,1858,61.933,1014.5,346.5
28,1859,61.967,984.5,324.5
28,1860,62.0,922.5,278.5
28,1861,62.033,890.5,260.5
28,1862,62.067,850.5,242.5
28,1863,62.1,802.5,220.5
28,1864,62.133,778.5,212.5
28,1865,62.167,732.5,196.5
28,1866,62.2,704.5,192.5
28,1867,62.233,674.5,188.5
28,1868,62.267,636.5,186.5
28,1870,62.333,572.5,194.5
28,1871,62.367,544.5,200.5
28,1872,62.4,518.5,210.5
28,1873,62.433,494.5,218.5
28,1874,62.467,478.5,228.5
28,1875,62.5,450.5,246.5
28,1876,62.533,424.5,264.5
28,1877,62.567,408.5,282.5
28,1878,62.6,390.5,296.5
28,1881,62.7,342.5,252.5
28,1882,62.733,326.5,234.5
28,1883,62.767,312.5,220.5
28,1884,62.8,302.5,210.5
28,1885,62.833,288.5,200.5
28,1886,62.867,274.5,196.5
28,1887,62.9,266.5,192.5
28,1888,62.933,252.5,190.5
28,1889,62.967,242.5,192.5
28,1890,63.0,232.5,196.5
28,1893,63.1,318.5,180.5
28,1895,63.167,366.5,166.5
28,1896,63.2,376.5,160.5
28,1898,63.267,390.5,146.5
29,1916,63.867,700.5,130.5
29,1917,63.9,676.5,132.5
29,1918,63.933,640.5,142.5
29,1919,63.967,610.5,148.5
29,1920,64.0,576.5,164.5
29,1921,64.033,554.5,174.5
29,1922,64.067,532.5,186.5
29,1923,64.1,506.5,206.5
29,1924,64.133,490.5,218.5
29,1927,64.233,436.5,206.5
29,1928,64.267,420.5,184.5
29,1929,64.3,406.5,168.5
29,1930,64.333,388.5,152.5
29,1933,64.433,390.5,132.5
29,1935,64.5,412.5,130.5
29,1936,64.533,448.5,126.5
29,1937,64.567,476.5,124.5
29,1938,64.6,498.5,126.5
29,1939,64.633,528.5,132.5
29,1940,64.667,556.5,140.5
29,1941,64.7,580.5,150.5
29,1942,64.733,610.5,164.5
29,1943,64.767,638.5,182.5
29,1944,64.8,670.5,202.5
29,1945,64.833,688.5,220.5
29,1946,64.867,716.5,246.5
29,1947,64.9,732.5,262.5
29,1948,64.933,758.5,290.5
29,1950,65.0,808.5,362.5
29,1951,65.033,836.5,346.5
29,1952,65.067,854.5,334.5
29,1953,65.1,882.5,318.5
29,1954,65.133,900.5,314.5
29,1955,65.167,930.5,306.5
29,1956,65.2,950.5,304.5
29,1958,65.267,1002.5,308.5
29,1959,65.3,1020.5,314.5
29,1960,65.333,1040.5,320.5
29,1961,65.367,998.5,282.5
29,1962,65.4,952.5,242.5
29,1963,65.433,906.5,208.5
29,1964,65.467,866.5,182.5
29,1965,65.5,828.5,156.5
29,1966,65.533,796.5,144.5
29,1967,65.567,764.5,132.5
29,1968,65.6,732.5,122.5
29,1969,65.633,700.5,116.5
29,1970,65.667,676.5,114.5
29,1971,65.7,646.5,116.5
29,1972,65.733,624.5,122.5
29,1973,65.767,602.5,126.5
29,1974,65.8,582.5,132.5
29,1975,65.833,562.5,144.5
29,1976,65.867,544.5,156.5
29,1977,65.9,530.5,168.5
29,1978,65.933,516.5,184.5
29,1979,65.967,502.5,196.5
29,1980,66.0,490.5,214.5
29,1981,66.033,482.5,226.5
29,1982,66.067,470.5,246.5
29,1983,66.1,458.5,218.5
29,1984,66.133,448.5,196.5
29,1985,66.167,438.5,180.5
29,1986,66.2,430.5,164.5
29,1987,66.233,420.5,148.5
29,1988,66.267,412.5,138.5
29,1989,66.3,402.5,130.5
29,1990,66.333,396.5,124.5
29,1991,66.367,386.5,118.5
29,1992,66.4,380.5,116.5
29,1993,66.433,372.5,118.5
29,1994,66.467,360.5,124.5
29,1995,66.5,378.5,138.5
29,1996,66.533,440.5,134.5
29,1997,66.567,414.5,162.5
29,1999,66.633,562.5,166.5
29,2000,66.667,604.5,182.5
29,2001,66.7,638.5,196.5
29,2002,66.733,686.5,220.5
29,2003,66.767,728.5,244.5
29,2004,66.8,766.5,266.5
29,2005,66.833,812.5,298.5
29,2006,66.867,866.5,340.5
29,2007,66.9,892.5,362.5
29,2008,66.933,936.5,398.5
29,2009,66.967,984.5,442.5
29,2010,67.0,1028.5,492.5
29,2011,67.033,1066.5,534.5
29,2012,67.067,1110.5,588.5
30,2018,67.267,348.5,160.5
30,2019,67.3,340.5,170.5
30,2020,67.333,330.5,172.5
30,2021,67.367,318.5,180.5
30,2022,67.4,308.5,186.5
30,2023,67.433,296.5,194.5
30,2024,67.467,280.5,198.5
30,2025,67.5,270.5,204.5
30,2026,67.533,234.5,202.5
31,2132,71.067,202.5,218.5
31,2133,71.1,200.5,210.5
31,2134,71.133,198.5,202.5
31,2135,71.167,198.5,196.5
31,2136,71.2,196.5,186.5
31,2137,71.233,200.5,178.5
31,2140,71.333,208.5,154.5
32,2146,71.533,254.5,134.5
32,2147,71.567,262.5,132.5
32,2148,71.6,278.5,130.5
32,2149,71.633,288.5,136.5
32,2153,71.767,362.5,142.5
32,2154,71.8,378.5,144.5
32,2155,71.833,416.5,140.5
32,2156,71.867,438.5,140.5
32,2157,71.9,442.5,128.5
32,2159,71.967,462.5,86.5
32,2161,72.033,414.5,74.5
32,2163,72.1,424.5,70.5
32,2164,72.133,416.5,68.5
32,2166,72.2,406.5,66.5
32,2168,72.267,400.5,72.5
33,2265,75.5,958.5,200.5
33,2266,75.533,956.5,198.5
33,2267,75.567,952.5,202.5
33,2268,75.6,946.5,206.5
33,2269,75.633,942.5,212.5
33,2270,75.667,936.5,222.5
33,2271,75.7,930.5,234.5
33,2272,75.733,926.5,248.5
34,2312,77.067,378.5,158.5
34,2313,77.1,380.5,158.5
34,2316,77.2,416.5,154.5
34,2317,77.233,448.5,142.5
34,2318,77.267,458.5,118.5
35,2332,77.733,396.5,120.5
35,2334,77.8,378.5,156.5
35,2335,77.833,364.5,172.5
35,2336,77.867,330.5,182.5
35,2337,77.9,378.5,190.5
35,2338,77.933,306.5,204.5
36,2380,79.333,928.5,308.5
36,2381,79.367,880.5,318.5
36,2382,79.4,832.5,344.5
36,2385,79.5,734.5,286.5
36,2386,79.533,712.5,276.5
36,2387,79.567,684.5,266.5
36,2388,79.6,650.5,258.5
36,2389,79.633,624.5,252.5
36,2390,79.667,598.5,250.5
36,2391,79.7,578.5,248.5
36,2392,79.733,548.5,252.5
36,2393,79.767,526.5,262.5
36,2394,79.8,506.5,266.5
36,2395,79.833,486.5,274.5
36,2396,79.867,470.5,280.5
36,2397,79.9,456.5,266.5
36,2398,79.933,440.5,250.5
36,2399,79.967,426.5,238.5
36,2400,80.0,414.5,230.5
36,2401,80.033,400.5,226.5
36,2402,80.067,386.5,222.5
36,2404,80.133,414.5,216.5
36,2405,80.167,436.5,220.5
36,2406,80.2,472.5,226.5
36,2407,80.233,492.5,230.5
36,2408,80.267,524.5,244.5
36,2409,80.3,546.5,250.5
36,2411,80.367,604.5,286.5
36,2412,80.4,626.5,306.5
36,2413,80.433,656.5,330.5
36,2414,80.467,684.5,358.5
36,2416,80.533,740.5,392.5
36,2417,80.567,770.5,386.5
36,2418,80.6,796.5,384.5
37,2423,80.767,694.5,276.5
37,2424,80.8,678.5,268.5
37,2425,80.833,650.5,256.5
37,2426,80.867,626.5,246.5
37,2427,80.9,604.5,242.5
37,2428,80.933,586.5,240.5
37,2429,80.967,566.5,240.5
37,2430,81.0,552.5,242.5
37,2431,81.033,538.5,248.5
37,2432,81.067,522.5,258.5
37,2433,81.1,512.5,264.5
37,2434,81.133,504.5,270.5
37,2435,81.167,492.5,250.5
37,2436,81.2,484.5,230.5
37,2437,81.233,478.5,218.5
37,2438,81.267,470.5,204.5
37,2439,81.3,462.5,194.5
37,2440,81.333,456.5,186.5
37,2441,81.367,448.5,184.5
37,2442,81.4,418.5,184.5
37,2443,81.433,428.5,178.5
37,2444,81.467,494.5,182.5
37,2445,81.5,526.5,188.5
37,2446,81.533,550.5,192.5
37,2447,81.567,578.5,200.5
37,2448,81.6,610.5,212.5
37,2449,81.633,638.5,226.5
37,2450,81.667,674.5,244.5
37,2451,81.7,698.5,260.5
37,2452,81.733,726.5,280.5
37,2455,81.833,812.5,356.5
37,2457,81.9,884.5,324.5
37,2458,81.933,904.5,324.5
37,2459,81.967,936.5,322.5
37,2460,82.0,896.5,294.5
37,2461,82.033,844.5,262.5
37,2462,82.067,806.5,246.5
37,2463,82.1,762.5,228.5
37,2464,82.133,720.5,212.5
37,2465,82.167,682.5,202.5
37,2466,82.2,638.5,192.5
37,2467,82.233,604.5,188.5
37,2469,82.3,536.5,188.5
37,2470,82.333,504.5,192.5
37,2471,82.367,478.5,194.5
37,2472,82.4,444.5,206.5
37,2473,82.433,420.5,214.5
37,2474,82.467,394.5,228.5
37,2475,82.5,372.5,240.5
37,2476,82.533,350.5,256.5
37,2479,82.633,284.5,246.5
37,2480,82.667,268.5,234.5
37,2481,82.7,246.5,218.5
37,2482,82.733,230.5,212.5
37,2483,82.767,210.5,200.5
37,2484,82.8,194.5,196.5
37,2485,82.833,170.5,192.5
37,2486,82.867,158.5,190.5
37,2487,82.9,142.5,192.5
37,2488,82.933,130.5,196.5
38,2499,83.3,548.5,290.5
38,2500,83.333,546.5,280.5
38,2501,83.367,544.5,272.5
38,2502,83.4,544.5,264.5
38,2503,83.433,542.5,262.5
38,2504,83.467,536.5,264.5
38,2505,83.5,538.5,262.5
38,2507,83.567,538.5,244.5
38,2508,83.6,540.5,238.5
38,2509,83.633,540.5,234.5
38,2510,83.667,540.5,236.5
38,2512,83.733,542.5,240.5
38,2516,83.867,224.5,218.5
39,2548,84.933,466.5,172.5
39,2549,84.967,470.5,172.5
39,2550,85.0,480.5,170.5
39,2551,85.033,488.5,166.5
39,2554,85.133,510.5,148.5
39,2555,85.167,516.5,142.5
39,2557,85.233,526.5,126.5
39,2560,85.333,722.5,278.5
39,2563,85.433,730.5,274.5
39,2564,85.467,732.5,272.5
39,2565,85.5,736.5,270.5
39,2566,85.533,736.5,270.5
39,2570,85.667,532.5,190.5
40,2651,88.367,886.5,106.5
40,2652,88.4,886.5,106.5
40,2653,88.433,886.5,106.5
40,2654,88.467,886.5,106.5
40,2655,88.5,888.5,106.5
40,2656,88.533,888.5,106.5
40,2657,88.567,888.5,106.5
40,2658,88.6,886.5,106.5
40,2659,88.633,888.5,106.5
41,2665,88.833,442.5,188.5
41,2666,88.867,438.5,192.5
41,2667,88.9,430.5,190.5
41,2668,88.933,422.5,190.5
41,2669,88.967,412.5,188.5
41,2671,89.033,408.5,200.5
41,2672,89.067,410.5,192.5
42,2677,89.233,886.5,104.5
42,2678,89.267,886.5,104.5
42,2681,89.367,886.5,104.5
42,2683,89.433,886.5,104.5
42,2685,89.5,886.5,104.5
42,2688,89.6,886.5,104.5
42,2689,89.633,886.5,104.5
43,2694,89.8,528.5,226.5
43,2695,89.833,542.5,224.5
43,2696,89.867,556.5,224.5
43,2697,89.9,570.5,226.5
43,2699,89.967,392.5,214.5
43,2700,90.0,384.5,216.5
43,2701,90.033,374.5,218.5
43,2705,90.167,682.5,342.5
43,2706,90.2,692.5,336.5
43,2707,90.233,706.5,326.5
43,2708,90.267,718.5,314.5
43,2709,90.3,728.5,308.5
43,2710,90.333,742.5,304.5
43,2711,90.367,752.5,304.5
43,2712,90.4,766.5,306.5
43,2713,90.433,776.5,312.5
43,2714,90.467,790.5,320.5
43,2715,90.5,798.5,330.5
43,2716,90.533,810.5,346.5
43,2717,90.567,818.5,360.5
43,2718,90.6,826.5,378.5
43,2719,90.633,838.5,402.5
43,2721,90.7,864.5,388.5
43,2722,90.733,878.5,380.5
43,2723,90.767,894.5,376.5
43,2724,90.8,906.5,376.5
43,2725,90.833,918.5,378.5
43,2726,90.867,934.5,386.5
43,2727,90.9,942.5,392.5
43,2728,90.933,952.5,408.5
43,2731,91.033,966.5,416.5
43,2732,91.067,970.5,426.5
43,2734,91.133,974.5,438.5
43,2736,91.2,972.5,452.5
43,2737,91.233,968.5,458.5
43,2738,91.267,962.5,458.5
43,2741,91.367,930.5,422.5
43,2742,91.4,924.5,404.5
43,2743,91.433,910.5,372.5
43,2744,91.467,908.5,348.5
43,2746,91.533,920.5,306.5
43,2748,91.6,932.5,270.5
43,2749,91.633,938.5,258.5
43,2750,91.667,942.5,248.5
43,2751,91.7,946.5,240.5
43,2752,91.733,952.5,238.5
43,2753,91.767,956.5,242.5
43,2754,91.8,958.5,250.5
43,2755,91.833,956.5,262.5
43,2756,91.867,958.5,274.5
43,2757,91.9,956.5,290.5
43,2759,91.967,958.5,336.5
43,2761,92.033,956.5,400.5
43,2764,92.133,846.5,418.5
43,2766,92.2,738.5,412.5
43,2767,92.233,698.5,382.5
43,2769,92.3,634.5,324.5
43,2770,92.333,600.5,298.5
43,2771,92.367,584.5,292.5
43,2772,92.4,554.5,276.5
43,2773,92.433,528.5,266.5
43,2774,92.467,504.5,260.5
43,2775,92.5,484.5,258.5
43,2776,92.533,462.5,260.5
43,2777,92.567,444.5,264.5
43,2778,92.6,426.5,266.5
43,2779,92.633,406.5,276.5
43,2780,92.667,392.5,264.5
43,2781,92.7,376.5,248.5
43,2782,92.733,358.5,232.5
43,2783,92.767,344.5,224.5
43,2786,92.867,362.5,208.5
43,2788,92.933,424.5,204.5
43,2789,92.967,458.5,206.5
43,2790,93.0,500.5,210.5
43,2791,93.033,528.5,216.5
43,2792,93.067,560.5,226.5
43,2793,93.1,596.5,240.5
43,2794,93.133,624.5,250.5
43,2795,93.167,654.5,266.5
44,2800,93.333,824.5,308.5
44,2801,93.367,846.5,306.5
44,2802,93.4,872.5,306.5
44,2803,93.433,912.5,306.5
44,2805,93.5,936.5,306.5
44,2806,93.533,962.5,314.5
44,2807,93.567,988.5,324.5
44,2808,93.6,942.5,294.5
44,2809,93.633,902.5,276.5
44,2810,93.667,856.5,258.5
44,2811,93.7,816.5,246.5
44,2812,93.733,780.5,238.5
44,2813,93.767,746.5,232.5
44,2814,93.8,712.5,228.5
44,2815,93.833,682.5,228.5
44,2816,93.867,644.5,230.5
44,2817,93.9,626.5,234.5
44,2818,93.933,602.5,242.5
44,2819,93.967,584.5,248.5
44,2820,94.0,558.5,252.5
44,2821,94.033,544.5,236.5
44,2822,94.067,526.5,218.5
44,2823,94.1,512.5,206.5
44,2824,94.133,498.5,194.5
44,2825,94.167,482.5,186.5
44,2826,94.2,470.5,180.5
44,2830,94.333,498.5,172.5
44,2833,94.433,578.5,178.5
44,2834,94.467,604.5,186.5
44,2835,94.5,630.5,196.5
44,2836,94.533,644.5,202.5
44,2837,94.567,684.5,226.5
44,2838,94.6,702.5,238.5
44,2839,94.633,730.5,260.5
44,2840,94.667,760.5,286.5
44,2841,94.7,778.5,300.5
44,2843,94.767,832.5,354.5
44,2844,94.8,860.5,338.5
44,2845,94.833,896.5,326.5
44,2846,94.867,914.5,326.5
44,2847,94.9,944.5,326.5
44,2848,94.933,972.5,328.5
44,2849,94.967,1000.5,336.5
44,2850,95.0,1026.5,344.5
44,2851,95.033,1006.5,330.5
44,2852,95.067,948.5,294.5
44,2853,95.1,912.5,278.5
44,2854,95.133,872.5,260.5
44,2855,95.167,830.5,246.5
44,2856,95.2,792.5,238.5
44,2857,95.233,758.5,234.5
44,2858,95.267,722.5,230.5
44,2859,95.3,688.5,230.5
44,2860,95.333,670.5,232.5
44,2861,95.367,630.5,240.5
44,2862,95.4,606.5,246.5
44,2863,95.433,584.5,256.5
44,2865,95.5,534.5,282.5
44,2866,95.533,514.5,280.5
44,2867,95.567,492.5,260.5
44,2868,95.6,470.5,242.5
44,2869,95.633,456.5,228.5
44,2870,95.667,438.5,216.5
44,2871,95.7,422.5,208.5
44,2872,95.733,404.5,200.5
44,2876,95.867,440.5,188.5
44,2877,95.9,464.5,188.5
44,2878,95.933,496.5,190.5
44,2879,95.967,536.5,194.5
44,2880,96.0,566.5,200.5
44,2881,96.033,596.5,208.5
44,2882,96.067,634.5,218.5
44,2883,96.1,672.5,234.5
44,2884,96.133,698.5,248.5
44,2885,96.167,726.5,262.5
44,2886,96.2,754.5,280.5
44,2887,96.233,782.5,298.5
44,2889,96.3,850.5,360.5
44,2890,96.333,890.5,346.5
44,2891,96.367,924.5,334.5
44,2892,96.4,950.5,330.5
44,2893,96.433,978.5,328.5
44,2894,96.467,1006.5,324.5
44,2895,96.5,1040.5,324.5
44,2896,96.533,1072.5,328.5
44,2897,96.567,1096.5,328.5
44,2899,96.633,996.5,266.5
44,2900,96.667,934.5,232.5
44,2901,96.7,890.5,212.5
44,2902,96.733,846.5,196.5
44,2903,96.767,792.5,180.5
44,2904,96.8,758.5,176.5
44,2905,96.833,716.5,170.5
44,2906,96.867,682.5,168.5
44,2907,96.9,638.5,170.5
44,2908,96.933,606.5,174.5
44,2909,96.967,572.5,182.5
44,2910,97.0,538.5,192.5
44,2911,97.033,508.5,204.5
44,2912,97.067,478.5,218.5
44,2913,97.1,452.5,234.5
44,2914,97.133,426.5,254.5
45,2919,97.3,314.5,254.5
45,2920,97.333,292.5,240.5
45,2921,97.367,276.5,228.5
45,2924,97.467,212.5,198.5
45,2925,97.5,194.5,196.5
45,2926,97.533,176.5,196.5
45,2930,97.667,116.5,220.5
45,2931,97.7,100.5,234.5
45,2932,97.733,92.5,242.5
45,2933,97.767,136.5,230.5
45,2934,97.8,186.5,210.5
45,2935,97.833,232.5,198.5
45,2936,97.867,282.5,188.5
45,2937,97.9,320.5,182.5
45,2938,97.933,368.5,182.5
45,2939,97.967,416.5,184.5
45,2940,98.0,454.5,188.5
45,2941,98.033,498.5,196.5
45,2942,98.067,550.5,210.5
45,2943,98.1,588.5,222.5
45,2944,98.133,630.5,238.5
45,2946,98.2,702.5,274.5
45,2950,98.333,860.5,314.5
45,2952,98.4,934.5,284.5
45,2953,98.433,954.5,278.5
45,2954,98.467,1002.5,268.5
45,2956,98.533,1062.5,250.5
45,2957,98.567,1046.5,242.5
45,2959,98.633,954.5,184.5
45,2960,98.667,916.5,162.5
45,2961,98.7,874.5,152.5
45,2962,98.733,842.5,138.5
45,2963,98.767,802.5,134.5
45,2964,98.8,782.5,132.5
45,2965,98.833,748.5,132.5
45,2966,98.867,718.5,132.5
45,2967,98.9,686.5,138.5
45,2969,98.967,634.5,154.5
45,2970,99.0,608.5,166.5
45,2971,99.033,586.5,180.5
45,2972,99.067,564.5,194.5
45,2973,99.1,546.5,208.5
45,2974,99.133,524.5,228.5
45,2975,99.167,508.5,250.5
45,2976,99.2,490.5,266.5
45,2978,99.267,466.5,220.5
45,2979,99.3,456.5,202.5
45,2980,99.333,446.5,184.5
45,2981,99.367,438.5,170.5
45,2982,99.4,426.5,156.5
45,2983,99.433,418.5,148.5
45,2984,99.467,410.5,142.5
45,2985,99.5,402.5,136.5
45,2986,99.533,394.5,136.5
45,2989,99.633,412.5,138.5
45,2990,99.667,436.5,140.5
45,2991,99.7,474.5,150.5
45,2992,99.733,498.5,160.5
45,2993,99.767,530.5,174.5
45,2994,99.8,562.5,192.5
45,2995,99.833,592.5,212.5
45,2996,99.867,614.5,228.5
45,2997,99.9,636.5,246.5
45,3001,100.033,350.5,136.5
45,3004,100.133,336.5,156.5
45,3005,100.167,334.5,162.5
45,3006,100.2,326.5,170.5
46,3011,100.367,996.5,332.5
46,3012,100.4,950.5,282.5
46,3013,100.433,922.5,262.5
46,3014,100.467,874.5,220.5
46,3015,100.5,840.5,198.5
46,3016,100.533,802.5,174.5
46,3017,100.567,780.5,164.5
46,3018,100.6,744.5,150.5
46,3019,100.633,714.5,140.5
46,3020,100.667,684.5,138.5
46,3022,100.733,636.5,138.5
46,3023,100.767,608.5,142.5
46,3024,100.8,588.5,148.5
46,3025,100.833,568.5,158.5
46,3026,100.867,548.5,170.5
46,3027,100.9,532.5,182.5
46,3028,100.933,514.5,196.5
46,3029,100.967,500.5,210.5
46,3030,101.0,490.5,224.5
46,3031,101.033,472.5,248.5
46,3032,101.067,462.5,264.5
46,3033,101.1,454.5,274.5
46,3034,101.133,438.5,246.5
46,3035,101.167,426.5,220.5
46,3036,101.2,416.5,200.5
46,3037,101.233,406.5,186.5
46,3038,101.267,398.5,170.5
46,3039,101.3,386.5,158.5
46,3040,101.333,376.5,150.5
46,3041,101.367,370.5,144.5
46,3042,101.4,362.5,140.5
46,3043,101.433,350.5,140.5
46,3044,101.467,346.5,146.5
46,3045,101.5,274.5,184.5
46,3048,101.6,506.5,170.5
46,3049,101.633,552.5,186.5
46,3050,101.667,594.5,198.5
46,3051,101.7,634.5,214.5
46,3052,101.733,680.5,238.5
46,3053,101.767,718.5,258.5
46,3054,101.8,756.5,282.5
46,3055,101.833,786.5,300.5
46,3057,101.9,884.5,362.5
46,3058,101.933,922.5,346.5
46,3059,101.967,966.5,342.5
46,3060,102.0,1000.5,342.5
46,3061,102.033,1038.5,340.5
46,3062,102.067,1080.5,346.5
46,3063,102.1,1126.5,352.5
46,3064,102.133,1162.5,356.5
46,3065,102.167,1206.5,370.5
46,3066,102.2,1244.5,386.5
46,3068,102.267,1220.5,358.5
46,3069,102.3,1170.5,328.5
46,3070,102.333,1092.5,284.5
46,3071,102.367,1044.5,264.5
46,3073,102.433,916.5,212.5
46,3074,102.467,866.5,198.5
46,3075,102.5,822.5,194.5
46,3076,102.533,778.5,188.5
46,3077,102.567,738.5,184.5
46,3078,102.6,700.5,186.5
46,3079,102.633,674.5,188.5
46,3080,102.667,636.5,194.5
46,3081,102.7,606.5,204.5
46,3082,102.733,584.5,212.5
46,3083,102.767,560.5,226.5
46,3084,102.8,544.5,234.5
46,3085,102.833,524.5,250.5
46,3086,102.867,506.5,266.5
46,3088,102.933,474.5,220.5
46,3089,102.967,458.5,200.5
46,3090,103.0,444.5,184.5
46,3091,103.033,430.5,168.5
46,3092,103.067,418.5,160.5
46,3093,103.1,404.5,152.5
46,3094,103.133,390.5,152.5
46,3097,103.233,464.5,140.5
46,3098,103.267,496.5,140.5
46,3099,103.3,534.5,146.5
46,3100,103.333,572.5,150.5
46,3101,103.367,610.5,160.5
46,3102,103.4,640.5,168.5
46,3103,103.433,688.5,184.5
46,3105,103.5,756.5,214.5
46,3106,103.533,794.5,234.5
46,3107,103.567,828.5,254.5
46,3108,103.6,864.5,278.5
46,3109,103.633,906.5,310.5
46,3110,103.667,932.5,330.5
46,3111,103.7,976.5,338.5
46,3112,103.733,1006.5,328.5
46,3113,103.767,1048.5,314.5
46,3114,103.8,1088.5,306.5
46,3115,103.833,1120.5,300.5
46,3116,103.867,1164.5,298.5
46,3117,103.9,1196.5,300.5
46,3118,103.933,1234.5,304.5
46,3119,103.967,1264.5,310.5
47,3124,104.133,1220.5,294.5
47,3125,104.167,1180.5,278.5
47,3127,104.233,1038.5,244.5
47,3128,104.267,952.5,234.5
47,3129,104.3,904.5,230.5
47,3130,104.333,858.5,232.5
47,3131,104.367,796.5,236.5
47,3132,104.4,752.5,244.5
47,3133,104.433,712.5,252.5
47,3134,104.467,678.5,260.5
47,3135,104.5,634.5,278.5
47,3136,104.533,596.5,296.5
47,3137,104.567,590.5,308.5
47,3138,104.6,594.5,310.5
47,3139,104.633,598.5,310.5
47,3140,104.667,598.5,314.5
47,3141,104.7,602.5,316.5
47,3142,104.733,604.5,322.5
47,3143,104.767,608.5,326.5
47,3144,104.8,610.5,326.5
47,3145,104.833,610.5,330.5
47,3146,104.867,614.5,336.5
47,3147,104.9,614.5,342.5
47,3148,104.933,614.5,338.5
47,3149,104.967,616.5,344.5
47,3150,105.0,616.5,350.5
47,3151,105.033,616.5,354.5
47,3152,105.067,616.5,352.5
47,3153,105.1,614.5,356.5
47,3154,105.133,614.5,362.5
47,3155,105.167,614.5,364.5
47,3156,105.2,612.5,362.5
47,3157,105.233,612.5,368.5
47,3158,105.267,610.5,372.5
47,3159,105.3,606.5,370.5
47,3160,105.333,604.5,374.5
47,3161,105.367,600.5,378.5
47,3162,105.4,600.5,380.5
47,3163,105.433,596.5,380.5
47,3164,105.467,596.5,386.5
47,3165,105.5,590.5,386.5
47,3168,105.6,584.5,394.5
47,3169,105.633,582.5,398.5
47,3171,105.7,578.5,400.5
47,3173,105.767,570.5,404.5
47,3174,105.8,568.5,410.5
47,3175,105.833,566.5,418.5
47,3176,105.867,564.5,430.5
47,3177,105.9,562.5,444.5
47,3178,105.933,560.5,458.5
47,3182,106.067,556.5,540.5
47,3184,106.133,554.5,590.5
47,3185,106.167,554.5,604.5
47,3187,106.233,550.5,584.5
47,3188,106.267,548.5,576.5
47,3189,106.3,546.5,572.5
47,3190,106.333,544.5,570.5
47,3191,106.367,544.5,570.5
47,3192,106.4,544.5,576.5
47,3193,106.433,544.5,580.5
47,3194,106.467,544.5,586.5
48,3215,107.167,500.5,424.5
48,3219,107.3,374.5,178.5
48,3220,107.333,374.5,168.5
48,3222,107.4,368.5,144.5
48,3223,107.433,368.5,130.5
49,3241,108.033,476.5,234.5
49,3242,108.067,474.5,220.5
49,3243,108.1,472.5,210.5
49,3244,108.133,470.5,202.5
49,3245,108.167,468.5,198.5
49,3246,108.2,466.5,194.5
49,3247,108.233,464.5,194.5
49,3248,108.267,464.5,202.5
49,3249,108.3,464.5,208.5
49,3250,108.333,464.5,216.5
49,3251,108.367,462.5,226.5
49,3252,108.4,462.5,238.5
49,3253,108.433,462.5,252.5
49,3254,108.467,462.5,266.5
49,3255,108.5,462.5,280.5
49,3256,108.533,462.5,264.5
49,3257,108.567,458.5,244.5
49,3258,108.6,456.5,226.5
49,3259,108.633,456.5,212.5
49,3260,108.667,454.5,200.5
49,3261,108.7,454.5,192.5
49,3262,108.733,450.5,184.5
49,3263,108.767,450.5,178.5
49,3264,108.8,446.5,176.5
49,3265,108.833,448.5,178.5
49,3266,108.867,448.5,184.5
49,3267,108.9,448.5,190.5
49,3268,108.933,450.5,196.5
49,3269,108.967,450.5,204.5
49,3270,109.0,470.5,202.5
49,3272,109.067,448.5,212.5
50,3304,110.133,276.5,266.5
50,3307,110.233,266.5,216.5
50,3308,110.267,262.5,204.5
50,3309,110.3,258.5,192.5
50,3310,110.333,256.5,182.5
50,3311,110.367,302.5,240.5
50,3312,110.4,312.5,240.5
50,3313,110.433,320.5,238.5
50,3314,110.467,326.5,238.5
50,3315,110.5,336.5,238.5
50,3317,110.567,250.5,186.5
50,3318,110.6,250.5,194.5
50,3320,110.667,252.5,220.5
51,3326,110.867,460.5,246.5
51,3328,110.933,536.5,236.5
51,3329,110.967,566.5,238.5
51,3330,111.0,606.5,242.5
51,3331,111.033,634.5,244.5
51,3332,111.067,682.5,258.5
51,3333,111.1,704.5,266.5
51,3334,111.133,738.5,280.5
51,3335,111.167,764.5,292.5
51,3336,111.2,802.5,324.5
51,3337,111.233,838.5,308.5
51,3338,111.267,856.5,304.5
51,3339,111.3,896.5,290.5
51,3340,111.333,922.5,284.5
51,3341,111.367,952.5,280.5
51,3342,111.4,992.5,280.5
51,3343,111.433,1008.5,282.5
52,3358,111.933,700.5,106.5
52,3359,111.967,678.5,112.5
52,3361,112.033,632.5,132.5
52,3362,112.067,612.5,144.5
52,3363,112.1,594.5,158.5
52,3364,112.133,574.5,174.5
52,3365,112.167,554.5,194.5
52,3366,112.2,540.5,208.5
52,3367,112.233,524.5,230.5
52,3369,112.3,500.5,222.5
52,3370,112.333,486.5,200.5
52,3371,112.367,478.5,184.5
52,3372,112.4,466.5,168.5
52,3373,112.433,456.5,154.5
52,3374,112.467,446.5,144.5
52,3375,112.5,438.5,136.5
52,3376,112.533,428.5,130.5
52,3380,112.667,510.5,146.5
52,3381,112.7,544.5,160.5
52,3382,112.733,584.5,178.5
52,3383,112.767,618.5,196.5
52,3384,112.8,642.5,210.5
52,3385,112.833,684.5,238.5
52,3386,112.867,720.5,266.5
52,3387,112.9,746.5,288.5
52,3389,112.967,818.5,370.5
52,3390,113.0,864.5,342.5
52,3391,113.033,902.5,330.5
52,3392,113.067,932.5,330.5
52,3394,113.133,1004.5,330.5
52,3396,113.2,1078.5,342.5
52,3398,113.267,1150.5,362.5
52,3399,113.3,1096.5,324.5
52,3402,113.4,954.5,230.5
52,3403,113.433,916.5,214.5
52,3404,113.467,874.5,200.5
52,3405,113.5,836.5,192.5
52,3406,113.533,796.5,186.5
52,3407,113.567,768.5,184.5
52,3408,113.6,734.5,186.5
52,3409,113.633,710.5,186.5
52,3410,113.667,678.5,194.5
52,3412,113.733,632.5,210.5
52,3413,113.767,606.5,224.5
52,3414,113.8,586.5,238.5
52,3415,113.833,574.5,246.5
52,3416,113.867,550.5,266.5
52,3417,113.9,536.5,280.5
52,3419,113.967,500.5,230.5
52,3420,114.0,490.5,218.5
52,3421,114.033,474.5,202.5
52,3422,114.067,460.5,190.5
52,3423,114.1,446.5,180.5
52,3424,114.133,434.5,174.5
52,3425,114.167,420.5,168.5
52,3429,114.3,454.5,164.5
52,3430,114.333,472.5,166.5
52,3432,114.4,522.5,184.5
52,3433,114.433,544.5,192.5
52,3434,114.467,564.5,204.5
52,3435,114.5,590.5,222.5
52,3436,114.533,612.5,238.5
52,3437,114.567,636.5,258.5
52,3438,114.6,662.5,280.5
52,3439,114.633,682.5,314.5
52,3441,114.7,728.5,362.5
52,3442,114.733,754.5,344.5
52,3443,114.767,770.5,334.5
52,3444,114.8,794.5,326.5
52,3445,114.833,814.5,316.5
52,3446,114.867,842.5,314.5
52,3447,114.9,860.5,314.5
52,3448,114.933,880.5,320.5
52,3449,114.967,900.5,324.5
52,3450,115.0,926.5,334.5
52,3451,115.033,942.5,348.5
52,3452,115.067,966.5,368.5
52,3453,115.1,988.5,386.5
52,3454,115.133,1002.5,404.5
52,3455,115.167,938.5,360.5
52,3456,115.2,888.5,322.5
52,3457,115.233,854.5,308.5
52,3458,115.267,818.5,292.5
52,3459,115.3,774.5,274.5
52,3460,115.333,742.5,262.5
52,3461,115.367,712.5,258.5
52,3462,115.4,682.5,252.5
52,3463,115.433,650.5,252.5
52,3464,115.467,620.5,256.5
52,3465,115.5,594.5,262.5
52,3466,115.533,574.5,268.5
52,3467,115.567,554.5,280.5
52,3468,115.6,534.5,292.5
52,3469,115.633,518.5,308.5
52,3470,115.667,502.5,290.5
52,3471,115.7,488.5,270.5
52,3472,115.733,474.5,250.5
52,3473,115.767,464.5,234.5
52,3474,115.8,452.5,222.5
52,3475,115.833,442.5,212.5
52,3476,115.867,432.5,204.5
52,3477,115.9,422.5,200.5
52,3478,115.933,412.5,200.5
52,3479,115.967,426.5,202.5
52,3480,116.0,434.5,190.5
52,3481,116.033,450.5,186.5
52,3482,116.067,476.5,180.5
52,3483,116.1,502.5,178.5
52,3484,116.133,536.5,176.5
52,3485,116.167,560.5,178.5
52,3486,116.2,588.5,184.5
52,3487,116.233,618.5,194.5
52,3488,116.267,640.5,202.5
52,3489,116.3,674.5,218.5
52,3490,116.333,698.5,230.5
52,3491,116.367,718.5,244.5
52,3492,116.4,752.5,270.5
52,3493,116.433,778.5,292.5
52,3495,116.5,820.5,356.5
52,3497,116.567,884.5,322.5
52,3498,116.6,896.5,316.5
53,3505,116.833,622.5,250.5
53,3506,116.867,590.5,252.5
53,3510,117.0,896.5,434.5
53,3511,117.033,888.5,442.5
53,3513,117.1,884.5,446.5
53,3515,117.167,884.5,460.5
53,3517,117.233,884.5,484.5
53,3518,117.267,884.5,496.5
54,3523,117.433,56.5,210.5
54,3524,117.467,66.5,222.5
54,3525,117.5,76.5,234.5
54,3526,117.533,86.5,252.5
54,3528,117.6,108.5,294.5
54,3529,117.633,122.5,322.5
54,3530,117.667,132.5,346.5
54,3534,117.8,186.5,474.5
54,3535,117.833,204.5,514.5
55,3545,118.167,370.5,600.5
55,3546,118.2,382.5,606.5
55,3547,118.233,394.5,610.5
55,3548,118.267,408.5,618.5
55,3549,118.3,410.5,628.5
56,3570,119.0,576.5,644.5
56,3571,119.033,584.5,642.5
56,3572,119.067,588.5,644.5
56,3573,119.1,594.5,644.5
56,3574,119.133,602.5,644.5
56,3575,119.167,608.5,646.5
56,3576,119.2,614.5,648.5
56,3577,119.233,620.5,648.5
56,3578,119.267,624.5,650.5
56,3579,119.3,630.5,648.5
56,3580,119.333,636.5,650.5
56,3581,119.367,642.5,648.5
56,3582,119.4,648.5,650.5
56,3583,119.433,652.5,650.5
56,3584,119.467,656.5,650.5
56,3585,119.5,662.5,652.5
57,3601,120.033,550.5,330.5
57,3604,120.133,560.5,240.5
57,3607,120.233,614.5,46.5
57,3611,120.367,302.5,212.5
57,3612,120.4,304.5,202.5
57,3613,120.433,308.5,194.5
57,3615,120.5,318.5,182.5
58,3631,121.033,712.5,196.5
58,3632,121.067,682.5,196.5
58,3633,121.1,648.5,198.5
58,3634,121.133,628.5,202.5
58,3635,121.167,602.5,210.5
58,3636,121.2,576.5,220.5
58,3637,121.233,556.5,230.5
58,3638,121.267,542.5,240.5
58,3639,121.3,518.5,264.5
58,3640,121.333,500.5,278.5
58,3641,121.367,484.5,264.5
58,3642,121.4,468.5,246.5
58,3643,121.433,450.5,228.5
58,3645,121.5,312.5,192.5
58,3647,121.567,390.5,190.5
58,3648,121.6,374.5,188.5
58,3649,121.633,360.5,188.5
58,3651,121.7,340.5,204.5
58,3652,121.733,308.5,206.5
58,3653,121.767,320.5,198.5
58,3654,121.8,314.5,186.5
58,3656,121.867,294.5,178.5
58,3657,121.9,292.5,176.5
58,3659,121.967,290.5,188.5
58,3660,122.0,292.5,194.5
58,3662,122.067,290.5,182.5
58,3664,122.133,296.5,176.5
58,3665,122.167,296.5,180.5
58,3666,122.2,298.5,186.5
58,3668,122.267,310.5,194.5
58,3669,122.3,312.5,202.5
58,3671,122.367,318.5,208.5
58,3672,122.4,312.5,208.5
58,3673,122.433,312.5,192.5
58,3674,122.467,302.5,192.5
58,3675,122.5,298.5,182.5
58,3676,122.533,288.5,170.5
58,3678,122.6,286.5,160.5
58,3679,122.633,278.5,148.5
58,3682,122.733,308.5,184.5
59,3698,123.267,292.5,148.5
59,3699,123.3,296.5,162.5
59,3700,123.333,304.5,176.5
59,3701,123.367,312.5,186.5
59,3704,123.467,338.5,216.5
60,3745,124.833,278.5,274.5
60,3746,124.867,274.5,268.5
60,3747,124.9,270.5,258.5
60,3748,124.933,268.5,244.5
60,3749,124.967,270.5,230.5
60,3751,125.033,254.5,194.5
60,3752,125.067,284.5,238.5
60,3753,125.1,292.5,242.5
60,3754,125.133,246.5,168.5
60,3755,125.167,244.5,160.5
60,3756,125.2,244.5,158.5
60,3757,125.233,242.5,158.5
60,3758,125.267,242.5,162.5
60,3759,125.3,242.5,168.5
60,3760,125.333,242.5,176.5
60,3761,125.367,244.5,186.5
60,3763,125.433,240.5,224.5
61,3790,126.333,788.5,220.5
61,3791,126.367,752.5,214.5
61,3792,126.4,720.5,212.5
61,3793,126.433,690.5,212.5
61,3794,126.467,670.5,216.5
61,3795,126.5,636.5,220.5
61,3796,126.533,606.5,228.5
61,3797,126.567,582.5,238.5
61,3798,126.6,564.5,244.5
61,3800,126.667,516.5,276.5
61,3803,126.767,446.5,216.5
61,3804,126.8,448.5,216.5
61,3805,126.833,436.5,206.5
61,3806,126.867,422.5,198.5
61,3807,126.9,438.5,198.5
61,3809,126.967,508.5,214.5
61,3810,127.0,550.5,230.5
61,3811,127.033,596.5,248.5
61,3812,127.067,634.5,264.5
61,3815,127.167,448.5,168.5
61,3816,127.2,446.5,168.5
62,3826,127.533,792.5,214.5
62,3827,127.567,748.5,188.5
62,3828,127.6,714.5,172.5
62,3831,127.7,612.5,140.5
62,3832,127.733,586.5,136.5
62,3833,127.767,556.5,138.5
62,3834,127.8,532.5,140.5
62,3835,127.833,510.5,146.5
62,3836,127.867,492.5,154.5
62,3837,127.9,474.5,162.5
62,3838,127.933,458.5,174.5
62,3839,127.967,444.5,186.5
62,3840,128.0,430.5,200.5
62,3841,128.033,416.5,216.5
62,3842,128.067,406.5,234.5
62,3843,128.1,396.5,258.5
62,3845,128.167,376.5,234.5
62,3846,128.2,368.5,214.5
62,3847,128.233,358.5,194.5
62,3848,128.267,350.5,176.5
62,3849,128.3,342.5,162.5
62,3850,128.333,334.5,150.5
62,3851,128.367,326.5,142.5
62,3852,128.4,322.5,138.5
62,3853,128.433,316.5,134.5
62,3855,128.5,318.5,152.5
62,3856,128.533,400.5,168.5
62,3857,128.567,428.5,182.5
62,3858,128.6,466.5,202.5
62,3859,128.633,512.5,230.5
62,3862,128.733,604.5,294.5
62,3864,128.8,594.5,294.5
62,3865,128.833,584.5,288.5
62,3867,128.9,574.5,284.5
62,3868,128.933,568.5,282.5
62,3869,128.967,562.5,280.5
62,3870,129.0,556.5,278.5
62,3871,129.033,550.5,272.5
62,3872,129.067,548.5,274.5
62,3873,129.1,540.5,274.5
62,3874,129.133,536.5,266.5
62,3875,129.167,530.5,262.5
62,3876,129.2,526.5,262.5
62,3877,129.233,520.5,264.5
62,3878,129.267,516.5,262.5
62,3882,129.4,496.5,250.5
62,3883,129.433,492.5,246.5
62,3885,129.5,486.5,248.5
62,3886,129.533,478.5,246.5
62,3887,129.567,476.5,236.5
62,3888,129.6,470.5,234.5
62,3890,129.667,464.5,234.5
62,3893,129.767,454.5,228.5
62,3896,129.867,434.5,220.5
62,3897,129.9,414.5,218.5
62,3899,129.967,348.5,196.5
62,3900,130.0,322.5,180.5
62,3901,130.033,308.5,168.5
62,3902,130.067,302.5,158.5
62,3903,130.1,296.5,154.5
62,3904,130.133,294.5,154.5
62,3906,130.2,294.5,162.5
62,3907,130.233,300.5,170.5
62,3908,130.267,302.5,178.5
62,3909,130.3,312.5,190.5
62,3910,130.333,318.5,202.5
62,3911,130.367,328.5,218.5
62,3912,130.4,344.5,222.5
62,3913,130.433,362.5,232.5
62,3914,130.467,282.5,210.5
63,3926,130.867,432.5,196.5
63,3927,130.9,428.5,200.5
63,3928,130.933,420.5,202.5
63,3929,130.967,414.5,206.5
63,3930,131.0,406.5,208.5
63,3931,131.033,396.5,210.5
63,3932,131.067,384.5,214.5
63,3933,131.1,374.5,216.5
63,3936,131.2,366.5,218.5
64,3948,131.6,376.5,218.5
64,3949,131.633,372.5,218.5
64,3951,131.7,366.5,218.5
64,3952,131.733,360.5,218.5
64,3953,131.767,358.5,218.5
64,3954,131.8,354.5,218.5
65,3967,132.233,358.5,218.5
65,3968,132.267,360.5,210.5
65,3969,132.3,360.5,202.5
65,3970,132.333,360.5,190.5
65,3971,132.367,360.5,176.5
65,3972,132.4,360.5,156.5
65,3973,132.433,358.5,138.5
65,3974,132.467,358.5,120.5
65,3975,132.5,358.5,106.5
65,3976,132.533,356.5,92.5
66,3986,132.867,436.5,152.5
66,3987,132.9,456.5,178.5
66,3988,132.933,476.5,194.5
66,3989,132.967,504.5,228.5
66,3991,133.033,538.5,234.5
66,3993,133.1,560.5,204.5
66,3995,133.167,590.5,178.5
66,3996,133.2,604.5,170.5
66,3997,133.233,618.5,164.5
66,3998,133.267,632.5,160.5
66,3999,133.3,644.5,158.5
66,4000,133.333,662.5,162.5
66,4001,133.367,678.5,168.5
66,4002,133.4,690.5,174.5
66,4003,133.433,706.5,186.5
66,4004,133.467,720.5,196.5
66,4005,133.5,732.5,212.5
66,4006,133.533,742.5,224.5
66,4007,133.567,756.5,246.5
66,4008,133.6,768.5,266.5
66,4009,133.633,782.5,292.5
66,4010,133.667,786.5,326.5
66,4011,133.7,810.5,304.5
66,4012,133.733,898.5,310.5
66,4013,133.767,838.5,278.5
66,4014,133.8,852.5,266.5
66,4015,133.833,868.5,256.5
66,4016,133.867,882.5,250.5
66,4017,133.9,896.5,248.5
66,4018,133.933,912.5,246.5
66,4022,134.067,920.5,268.5
66,4023,134.1,924.5,282.5
66,4024,134.133,926.5,298.5
67,4054,135.133,888.5,318.5
67,4055,135.167,850.5,324.5
67,4056,135.2,814.5,302.5
67,4057,135.233,786.5,284.5
67,4058,135.267,750.5,260.5
67,4059,135.3,720.5,246.5
67,4060,135.333,694.5,236.5
67,4061,135.367,674.5,228.5
67,4062,135.4,640.5,218.5
67,4063,135.433,622.5,216.5
67,4064,135.467,596.5,216.5
67,4065,135.5,576.5,218.5
67,4066,135.533,556.5,224.5
67,4067,135.567,540.5,228.5
67,4068,135.6,526.5,234.5
67,4069,135.633,510.5,234.5
67,4070,135.667,498.5,222.5
67,4071,135.7,484.5,206.5
67,4072,135.733,474.5,198.5
67,4073,135.767,458.5,188.5
67,4074,135.8,454.5,182.5
67,4075,135.833,464.5,176.5
67,4076,135.867,478.5,172.5
67,4077,135.9,498.5,170.5
67,4078,135.933,514.5,170.5
67,4079,135.967,530.5,172.5
67,4080,136.0,546.5,178.5
67,4081,136.033,562.5,186.5
67,4082,136.067,580.5,196.5
67,4083,136.1,596.5,210.5
67,4084,136.133,612.5,226.5
67,4085,136.167,630.5,246.5
67,4086,136.2,644.5,264.5
67,4088,136.267,678.5,322.5
67,4089,136.3,696.5,364.5
67,4090,136.333,710.5,362.5
67,4091,136.367,726.5,350.5
67,4092,136.4,742.5,342.5
67,4093,136.433,756.5,338.5
67,4094,136.467,770.5,336.5
67,4095,136.5,784.5,336.5
67,4096,136.533,800.5,338.5
67,4097,136.567,814.5,348.5
67,4098,136.6,830.5,354.5
67,4100,136.667,750.5,264.5
67,4101,136.7,718.5,232.5
67,4102,136.733,682.5,198.5
67,4103,136.767,642.5,166.5
67,4104,136.8,618.5,148.5
67,4105,136.833,588.5,130.5
67,4106,136.867,570.5,122.5
67,4107,136.9,546.5,114.5
67,4108,136.933,524.5,108.5
67,4109,136.967,506.5,106.5
67,4110,137.0,488.5,108.5
67,4111,137.033,472.5,112.5
67,4112,137.067,474.5,112.5
67,4113,137.1,458.5,120.5
67,4114,137.133,446.5,128.5
67,4115,137.167,436.5,138.5
67,4116,137.2,426.5,148.5
67,4117,137.233,418.5,164.5
67,4118,137.267,410.5,176.5
67,4119,137.3,402.5,194.5
67,4120,137.333,398.5,210.5
68,4156,138.533,414.5,178.5
68,4158,138.6,378.5,136.5
68,4159,138.633,394.5,146.5
68,4160,138.667,404.5,156.5
68,4161,138.7,432.5,178.5
68,4162,138.733,450.5,194.5
68,4163,138.767,470.5,218.5
68,4165,138.833,502.5,264.5
68,4166,138.867,516.5,262.5
68,4167,138.9,532.5,250.5
68,4168,138.933,548.5,242.5
68,4169,138.967,562.5,236.5
68,4170,139.0,578.5,234.5
68,4171,139.033,594.5,234.5
68,4172,139.067,612.5,236.5
68,4173,139.1,628.5,242.5
68,4174,139.133,642.5,246.5
68,4175,139.167,658.5,258.5
68,4176,139.2,680.5,272.5
69,4181,139.367,760.5,364.5
69,4182,139.4,774.5,352.5
69,4183,139.433,790.5,342.5
69,4184,139.467,806.5,334.5
69,4185,139.5,822.5,330.5
69,4186,139.533,838.5,330.5
69,4187,139.567,852.5,334.5
69,4188,139.6,866.5,340.5
69,4189,139.633,880.5,348.5
69,4190,139.667,896.5,362.5
69,4191,139.7,910.5,376.5
69,4193,139.767,926.5,402.5
69,4194,139.8,926.5,402.5
69,4196,139.867,934.5,408.5
69,4197,139.9,940.5,412.5
69,4198,139.933,946.5,416.5
69,4199,139.967,952.5,424.5
69,4200,140.0,958.5,430.5
69,4201,140.033,966.5,438.5
69,4202,140.067,972.5,446.5
69,4203,140.1,980.5,456.5
69,4204,140.133,986.5,462.5
69,4205,140.167,994.5,468.5
69,4206,140.2,1000.5,474.5
69,4207,140.233,1004.5,480.5
69,4208,140.267,1008.5,488.5
69,4209,140.3,1014.5,490.5
69,4210,140.333,1016.5,494.5
69,4211,140.367,1016.5,494.5
69,4212,140.4,1018.5,500.5
69,4213,140.433,1018.5,500.5
69,4214,140.467,1020.5,504.5
69,4215,140.5,1018.5,506.5
69,4216,140.533,1016.5,506.5
69,4217,140.567,1016.5,510.5
69,4218,140.6,1014.5,512.5
69,4220,140.667,1006.5,520.5
69,4221,140.7,1000.5,520.5
69,4222,140.733,998.5,520.5
69,4223,140.767,992.5,520.5
69,4224,140.8,984.5,520.5
69,4225,140.833,978.5,516.5
69,4226,140.867,970.5,512.5
69,4227,140.9,960.5,506.5
69,4231,141.033,918.5,438.5
69,4232,141.067,902.5,402.5
69,4233,141.1,900.5,372.5
69,4236,141.2,918.5,310.5
69,4237,141.233,920.5,294.5
69,4238,141.267,928.5,280.5
69,4239,141.3,932.5,272.5
69,4240,141.333,934.5,264.5
69,4241,141.367,942.5,262.5
69,4242,141.4,944.5,264.5
69,4243,141.433,946.5,272.5
69,4244,141.467,948.5,282.5
69,4245,141.5,950.5,296.5
69,4246,141.533,950.5,316.5
69,4248,141.6,948.5,358.5
69,4249,141.633,946.5,388.5
69,4252,141.733,878.5,426.5
69,4253,141.767,834.5,414.5
69,4255,141.833,750.5,406.5
69,4256,141.867,722.5,404.5
69,4257,141.9,682.5,360.5
69,4258,141.933,662.5,342.5
69,4259,141.967,632.5,314.5
69,4260,142.0,604.5,298.5
69,4261,142.033,586.5,292.5
69,4262,142.067,562.5,282.5
69,4263,142.1,542.5,280.5
69,4264,142.133,522.5,276.5
69,4265,142.167,506.5,276.5
69,4266,142.2,490.5,278.5
69,4267,142.233,470.5,284.5
69,4268,142.267,456.5,276.5
69,4269,142.3,440.5,260.5
69,4270,142.333,426.5,246.5
69,4271,142.367,412.5,236.5
69,4272,142.4,400.5,232.5
69,4273,142.433,388.5,226.5
69,4274,142.467,402.5,222.5
69,4275,142.5,432.5,220.5
69,4276,142.533,460.5,218.5
69,4277,142.567,490.5,218.5
69,4278,142.6,518.5,220.5
69,4279,142.633,548.5,228.5
69,4280,142.667,578.5,236.5
69,4281,142.7,604.5,244.5
69,4282,142.733,638.5,262.5
69,4283,142.767,658.5,274.5
69,4287,142.9,780.5,362.5
69,4288,142.933,806.5,348.5
69,4289,142.967,834.5,342.5
69,4290,143.0,830.5,404.5
69,4291,143.033,850.5,410.5
69,4293,143.1,876.5,310.5
69,4294,143.133,828.5,278.5
69,4295,143.167,784.5,256.5
69,4296,143.2,748.5,242.5
69,4297,143.233,712.5,228.5
69,4298,143.267,678.5,218.5
69,4299,143.3,638.5,210.5
69,4300,143.333,608.5,206.5
69,4301,143.367,578.5,204.5
69,4302,143.4,554.5,206.5
69,4303,143.433,524.5,210.5
69,4304,143.467,500.5,214.5
69,4305,143.5,480.5,220.5
69,4306,143.533,456.5,232.5
69,4307,143.567,438.5,240.5
69,4308,143.6,422.5,250.5
69,4310,143.667,382.5,250.5
69,4311,143.7,366.5,230.5
69,4312,143.733,350.5,216.5
69,4316,143.867,384.5,190.5
69,4317,143.9,418.5,190.5
69,4318,143.933,448.5,192.5
69,4319,143.967,478.5,196.5
69,4320,144.0,514.5,206.5
69,4321,144.033,544.5,214.5
69,4322,144.067,580.5,228.5
69,4323,144.1,616.5,244.5
69,4324,144.133,648.5,262.5
69,4325,144.167,678.5,278.5
69,4329,144.3,798.5,340.5
69,4330,144.333,830.5,326.5
69,4331,144.367,868.5,320.5
69,4332,144.4,890.5,320.5
69,4333,144.433,928.5,322.5
69,4334,144.467,906.5,298.5
69,4335,144.5,872.5,274.5
69,4336,144.533,828.5,248.5
69,4337,144.567,792.5,232.5
69,4338,144.6,752.5,216.5
69,4339,144.633,720.5,204.5
69,4340,144.667,684.5,194.5
69,4341,144.7,648.5,188.5
69,4342,144.733,626.5,186.5
69,4343,144.767,598.5,184.5
69,4345,144.833,546.5,194.5
69,4346,144.867,528.5,196.5
69,4347,144.9,506.5,206.5
69,4348,144.933,490.5,214.5
69,4349,144.967,474.5,222.5
69,4350,145.0,454.5,236.5
69,4351,145.033,436.5,248.5
69,4352,145.067,424.5,228.5
69,4353,145.1,408.5,206.5
69,4354,145.133,394.5,192.5
69,4355,145.167,384.5,182.5
69,4356,145.2,372.5,172.5
69,4357,145.233,350.5,180.5
69,4359,145.3,456.5,188.5
69,4360,145.333,488.5,200.5
69,4361,145.367,528.5,218.5
69,4362,145.4,566.5,236.5
69,4363,145.433,594.5,250.5
69,4364,145.467,632.5,276.5
69,4368,145.6,782.5,330.5
69,4370,145.667,868.5,338.5
69,4371,145.7,904.5,342.5
69,4372,145.733,958.5,362.5
69,4373,145.767,986.5,374.5
69,4374,145.8,992.5,364.5
69,4375,145.833,934.5,314.5
69,4376,145.867,892.5,278.5
69,4377,145.9,854.5,254.5
69,4378,145.933,820.5,232.5
69,4380,146.0,748.5,194.5
69,4381,146.033,718.5,182.5
69,4382,146.067,684.5,172.5
69,4384,146.133,636.5,164.5
69,4385,146.167,608.5,164.5
69,4386,146.2,588.5,168.5
69,4387,146.233,566.5,172.5
69,4388,146.267,548.5,178.5
69,4389,146.3,532.5,186.5
69,4390,146.333,514.5,200.5
69,4391,146.367,500.5,210.5
69,4392,146.4,490.5,222.5
69,4393,146.433,474.5,236.5
69,4395,146.5,456.5,234.5
69,4396,146.533,442.5,208.5
69,4397,146.567,436.5,194.5
69,4398,146.6,424.5,180.5
69,4399,146.633,414.5,166.5
69,4400,146.667,406.5,154.5
69,4401,146.7,400.5,150.5
69,4402,146.733,390.5,144.5
69,4403,146.767,408.5,146.5
69,4404,146.8,434.5,150.5
69,4405,146.833,458.5,154.5
69,4406,146.867,482.5,164.5
69,4407,146.9,506.5,174.5
69,4408,146.933,536.5,190.5
69,4409,146.967,564.5,208.5
69,4410,147.0,594.5,228.5
69,4411,147.033,618.5,248.5
69,4412,147.067,638.5,268.5
69,4415,147.167,726.5,356.5
69,4416,147.2,756.5,348.5
69,4417,147.233,782.5,340.5
69,4418,147.267,806.5,336.5
69,4419,147.3,842.5,334.5
69,4420,147.333,868.5,338.5
69,4421,147.367,900.5,344.5
69,4422,147.4,928.5,356.5
69,4423,147.433,958.5,370.5
69,4424,147.467,994.5,384.5
69,4427,147.567,814.5,246.5
69,4428,147.6,782.5,230.5
69,4429,147.633,742.5,208.5
69,4430,147.667,698.5,188.5
69,4431,147.7,674.5,178.5
69,4432,147.733,634.5,168.5
69,4433,147.767,602.5,162.5
69,4434,147.8,572.5,160.5
69,4435,147.833,546.5,160.5
69,4436,147.867,526.5,164.5
69,4437,147.9,502.5,170.5
69,4438,147.933,486.5,178.5
69,4439,147.967,468.5,186.5
69,4440,148.0,450.5,198.5
69,4441,148.033,438.5,210.5
69,4442,148.067,424.5,222.5
69,4443,148.1,412.5,238.5
69,4444,148.133,398.5,232.5
69,4445,148.167,386.5,210.5
69,4446,148.2,376.5,190.5
69,4447,148.233,366.5,170.5
69,4448,148.267,356.5,158.5
69,4449,148.3,346.5,146.5
69,4450,148.333,338.5,138.5
69,4452,148.4,334.5,144.5
69,4454,148.467,476.5,160.5
69,4455,148.5,530.5,180.5
69,4456,148.533,566.5,192.5
69,4457,148.567,606.5,206.5
69,4458,148.6,642.5,222.5
69,4459,148.633,690.5,246.5
69,4460,148.667,728.5,266.5
69,4461,148.7,774.5,294.5
69,4462,148.733,824.5,306.5
69,4465,148.833,942.5,298.5
69,4466,148.867,998.5,300.5
69,4467,148.9,1030.5,306.5
69,4468,148.933,1068.5,314.5
69,4469,148.967,1112.5,324.5
69,4470,149.0,1156.5,336.5
69,4472,149.067,1150.5,326.5
69,4473,149.1,1082.5,298.5
69,4474,149.133,998.5,266.5
69,4475,149.167,958.5,254.5
69,4476,149.2,912.5,244.5
69,4477,149.233,856.5,236.5
69,4478,149.267,798.5,230.5
69,4479,149.3,762.5,228.5
69,4480,149.333,722.5,232.5
69,4481,149.367,682.5,236.5
69,4482,149.4,640.5,244.5
69,4483,149.433,614.5,252.5
69,4485,149.5,552.5,280.5
69,4488,149.6,486.5,224.5
69,4489,149.633,468.5,212.5
69,4490,149.667,446.5,198.5
69,4491,149.7,426.5,190.5
69,4492,149.733,408.5,184.5
69,4493,149.767,390.5,182.5
69,4494,149.8,376.5,184.5
69,4495,149.833,380.5,172.5
69,4496,149.867,390.5,166.5
69,4497,149.9,420.5,146.5
69,4498,149.933,446.5,136.5
69,4499,149.967,470.5,130.5
69,4500,150.0,490.5,128.5
69,4501,150.033,516.5,126.5
69,4502,150.067,542.5,128.5
69,4503,150.1,568.5,130.5
69,4504,150.133,594.5,138.5
69,4505,150.167,618.5,148.5
69,4506,150.2,644.5,162.5
69,4507,150.233,676.5,184.5
69,4508,150.267,694.5,196.5
69,4509,150.3,722.5,222.5
69,4510,150.333,742.5,240.5
69,4511,150.367,764.5,266.5
69,4512,150.4,788.5,296.5
69,4514,150.467,836.5,374.5
69,4515,150.5,866.5,348.5
69,4516,150.533,890.5,324.5
69,4517,150.567,902.5,320.5
69,4518,150.6,930.5,304.5
69,4519,150.633,952.5,294.5
69,4520,150.667,976.5,286.5
69,4521,150.7,1000.5,282.5
69,4524,150.8,1068.5,290.5
69,4525,150.833,1086.5,298.5
69,4526,150.867,1108.5,314.5
69,4527,150.9,1124.5,328.5
69,4528,150.933,1206.5,314.5
69,4531,151.033,948.5,282.5
69,4532,151.067,1014.5,328.5
70,4541,151.367,194.5,182.5
70,4543,151.433,168.5,320.5
70,4544,151.467,182.5,336.5
70,4545,151.5,198.5,360.5
70,4546,151.533,216.5,386.5
70,4547,151.567,218.5,384.5
70,4548,151.6,226.5,384.5
70,4549,151.633,236.5,386.5
70,4550,151.667,246.5,390.5
70,4551,151.7,256.5,394.5
70,4552,151.733,264.5,402.5
70,4553,151.767,278.5,414.5
70,4554,151.8,288.5,426.5
70,4555,151.833,300.5,442.5
70,4556,151.867,312.5,458.5
70,4557,151.9,326.5,480.5
70,4558,151.933,336.5,486.5
70,4559,151.967,346.5,490.5
70,4560,152.0,358.5,498.5
70,4561,152.033,368.5,510.5
70,4562,152.067,380.5,522.5
70,4563,152.1,392.5,536.5
70,4564,152.133,404.5,548.5
70,4565,152.167,416.5,554.5
70,4566,152.2,430.5,564.5
70,4567,152.233,440.5,576.5
70,4568,152.267,452.5,588.5
71,4602,153.4,1112.5,714.5
71,4605,153.5,1008.5,712.5
71,4606,153.533,1016.5,678.5
71,4607,153.567,1016.5,634.5
71,4608,153.6,1016.5,602.5
71,4609,153.633,1018.5,576.5
71,4610,153.667,1020.5,550.5
71,4611,153.7,1020.5,532.5
71,4612,153.733,1014.5,518.5
71,4614,153.8,1008.5,504.5
71,4615,153.833,1002.5,504.5
71,4616,153.867,994.5,512.5
71,4617,153.9,986.5,514.5
71,4618,153.933,1000.5,470.5
71,4619,153.967,1000.5,426.5
71,4620,154.0,1004.5,386.5
72,4649,154.967,824.5,308.5
72,4650,155.0,784.5,318.5
72,4651,155.033,748.5,330.5
72,4652,155.067,716.5,346.5
72,4653,155.1,684.5,364.5
72,4654,155.133,658.5,382.5
72,4655,155.167,640.5,390.5
72,4656,155.2,620.5,348.5
72,4657,155.233,616.5,330.5
72,4658,155.267,596.5,296.5
72,4660,155.333,566.5,242.5
72,4661,155.367,554.5,226.5
72,4662,155.4,542.5,214.5
72,4663,155.433,532.5,204.5
72,4664,155.467,522.5,200.5
72,4665,155.5,510.5,194.5
72,4666,155.533,502.5,194.5
72,4667,155.567,494.5,198.5
72,4668,155.6,484.5,202.5
72,4669,155.633,478.5,210.5
72,4670,155.667,472.5,218.5
72,4671,155.7,466.5,230.5
72,4672,155.733,458.5,246.5
72,4673,155.767,454.5,260.5
72,4674,155.8,446.5,266.5
72,4675,155.833,440.5,250.5
72,4676,155.867,438.5,232.5
72,4677,155.9,430.5,214.5
72,4678,155.933,422.5,200.5
72,4679,155.967,416.5,188.5
72,4680,156.0,410.5,180.5
72,4681,156.033,410.5,158.5
72,4683,156.1,406.5,188.5
72,4684,156.133,400.5,202.5
72,4685,156.167,400.5,210.5
72,4686,156.2,394.5,218.5
73,4691,156.367,366.5,232.5
73,4694,156.467,350.5,344.5
73,4695,156.5,356.5,340.5
73,4697,156.567,320.5,248.5
73,4698,156.6,312.5,248.5
73,4701,156.7,300.5,250.5
74,4714,157.133,256.5,204.5
74,4715,157.167,284.5,240.5
74,4716,157.2,250.5,184.5
74,4717,157.233,304.5,248.5
74,4718,157.267,318.5,248.5
74,4719,157.3,326.5,250.5
74,4721,157.367,238.5,174.5
74,4722,157.4,236.5,180.5
74,4723,157.433,236.5,188.5
74,4724,157.467,234.5,200.5
74,4725,157.5,238.5,210.5
75,4739,157.967,772.5,296.5
75,4740,158.0,822.5,322.5
75,4741,158.033,856.5,356.5
75,4742,158.067,904.5,356.5
75,4743,158.1,950.5,338.5
75,4744,158.133,978.5,334.5
75,4745,158.167,1012.5,328.5
75,4748,158.267,998.5,274.5
75,4749,158.3,954.5,242.5
75,4750,158.333,924.5,226.5
75,4751,158.367,890.5,210.5
75,4752,158.4,860.5,198.5
75,4753,158.433,826.5,188.5
75,4754,158.467,792.5,180.5
75,4755,158.5,756.5,178.5
75,4756,158.533,728.5,178.5
75,4757,158.567,698.5,180.5
75,4758,158.6,674.5,186.5
75,4759,158.633,638.5,198.5
75,4760,158.667,616.5,208.5
75,4761,158.7,588.5,222.5
75,4763,158.767,552.5,248.5
75,4764,158.8,522.5,274.5
75,4767,158.9,474.5,282.5
75,4768,158.933,458.5,262.5
75,4769,158.967,442.5,242.5
75,4770,159.0,428.5,228.5
75,4771,159.033,414.5,216.5
75,4772,159.067,400.5,208.5
75,4773,159.1,386.5,202.5
75,4774,159.133,374.5,196.5
75,4775,159.167,360.5,196.5
75,4776,159.2,348.5,200.5
75,4777,159.233,338.5,202.5
75,4779,159.3,272.5,346.5
75,4782,159.4,474.5,202.5
75,4784,159.467,568.5,212.5
75,4785,159.5,612.5,222.5
75,4786,159.533,646.5,228.5
75,4787,159.567,700.5,248.5
75,4788,159.6,740.5,266.5
75,4789,159.633,788.5,292.5
75,4790,159.667,818.5,306.5
75,4791,159.7,860.5,338.5
75,4792,159.733,902.5,370.5
75,4794,159.8,986.5,338.5
75,4795,159.833,1030.5,322.5
75,4796,159.867,1066.5,316.5
75,4797,159.9,1108.5,308.5
75,4798,159.933,1154.5,306.5
75,4799,159.967,1188.5,306.5
75,4801,160.033,1174.5,274.5
76,4811,160.367,680.5,142.5
76,4812,160.4,636.5,150.5
76,4813,160.433,602.5,160.5
76,4814,160.467,572.5,170.5
76,4815,160.5,540.5,184.5
76,4816,160.533,514.5,198.5
76,4817,160.567,490.5,214.5
76,4818,160.6,470.5,230.5
76,4819,160.633,452.5,246.5
76,4821,160.7,412.5,230.5
76,4822,160.733,398.5,210.5
76,4823,160.767,384.5,190.5
76,4824,160.8,368.5,172.5
76,4825,160.833,352.5,158.5
76,4826,160.867,342.5,148.5
76,4827,160.9,330.5,140.5
76,4828,160.933,318.5,132.5
76,4829,160.967,306.5,130.5
76,4832,161.067,306.5,318.5
76,4836,161.2,464.5,170.5
76,4837,161.233,510.5,186.5
76,4838,161.267,566.5,212.5
76,4839,161.3,610.5,234.5
76,4840,161.333,654.5,262.5
76,4844,161.467,862.5,330.5
76,4845,161.5,900.5,324.5
76,4846,161.533,968.5,324.5
76,4848,161.6,1080.5,324.5
76,4849,161.633,1134.5,334.5
76,4851,161.7,1250.5,358.5
76,4854,161.8,1260.5,306.5
76,4855,161.833,1222.5,270.5
76,4856,161.867,1172.5,232.5
77,4861,162.033,370.5,166.5
77,4862,162.067,368.5,168.5
77,4863,162.1,370.5,168.5
77,4867,162.233,718.5,106.5
77,4868,162.267,684.5,116.5
77,4870,162.333,632.5,140.5
77,4871,162.367,602.5,158.5
77,4872,162.4,580.5,176.5
77,4873,162.433,560.5,192.5
77,4874,162.467,540.5,210.5
77,4875,162.5,522.5,230.5
77,4877,162.567,486.5,276.5
77,4879,162.633,462.5,230.5
77,4880,162.667,454.5,210.5
77,4882,162.733,426.5,170.5
77,4883,162.767,416.5,156.5
77,4884,162.8,406.5,146.5
77,4885,162.833,398.5,138.5
77,4886,162.867,386.5,130.5
77,4887,162.9,376.5,126.5
77,4888,162.933,370.5,126.5
77,4889,162.967,360.5,124.5
77,4890,163.0,354.5,132.5
77,4892,163.067,340.5,148.5
77,4895,163.167,434.5,160.5
77,4896,163.2,476.5,166.5
77,4897,163.233,510.5,182.5
77,4898,163.267,542.5,190.5
77,4899,163.3,584.5,210.5
77,4900,163.333,620.5,230.5
77,4901,163.367,644.5,244.5
77,4902,163.4,680.5,268.5
77,4904,163.467,752.5,340.5
77,4905,163.5,774.5,356.5
77,4906,163.533,834.5,308.5
77,4907,163.567,874.5,300.5
77,4908,163.6,912.5,292.5
77,4909,163.633,948.5,290.5
77,4910,163.667,1002.5,292.5
77,4911,163.7,1038.5,296.5
77,4913,163.767,1114.5,312.5
77,4914,163.8,1154.5,326.5
77,4915,163.833,1194.5,344.5
77,4916,163.867,1226.5,362.5
77,4918,163.933,1208.5,326.5
77,4919,163.967,1168.5,286.5
77,4921,164.033,1082.5,214.5
78,4926,164.2,888.5,118.5
78,4927,164.233,860.5,116.5
78,4928,164.267,828.5,114.5
78,4929,164.3,796.5,114.5
78,4930,164.333,766.5,118.5
78,4931,164.367,734.5,124.5
78,4932,164.4,712.5,130.5
78,4933,164.433,682.5,144.5
78,4935,164.5,640.5,168.5
78,4936,164.533,620.5,184.5
78,4937,164.567,596.5,204.5
78,4938,164.6,576.5,224.5
78,4939,164.633,564.5,236.5
78,4942,164.733,518.5,222.5
78,4943,164.767,510.5,208.5
78,4944,164.8,496.5,186.5
78,4945,164.833,486.5,170.5
78,4946,164.867,472.5,154.5
78,4947,164.9,464.5,146.5
78,4948,164.933,454.5,138.5
78,4949,164.967,444.5,132.5
78,4950,165.0,434.5,132.5
78,4952,165.067,498.5,182.5
78,4953,165.1,532.5,206.5
78,4954,165.133,560.5,232.5
78,4955,165.167,580.5,252.5
78,4958,165.267,688.5,388.5
78,4960,165.333,758.5,384.5
78,4961,165.367,796.5,390.5
78,4962,165.4,828.5,396.5
78,4963,165.433,866.5,408.5
78,4964,165.467,926.5,436.5
78,4965,165.5,956.5,450.5
78,4968,165.6,894.5,340.5
78,4969,165.633,862.5,312.5
78,4970,165.667,864.5,310.5
78,4971,165.7,804.5,246.5
78,4972,165.733,778.5,228.5
78,4973,165.767,734.5,194.5
78,4974,165.8,700.5,170.5
78,4975,165.833,676.5,158.5
78,4977,165.9,620.5,136.5
78,4978,165.933,594.5,130.5
78,4980,166.0,554.5,138.5
78,4981,166.033,538.5,146.5
78,4982,166.067,524.5,156.5
78,4983,166.1,510.5,168.5
78,4984,166.133,498.5,184.5
78,4985,166.167,488.5,198.5
78,4986,166.2,480.5,216.5
78,4987,166.233,472.5,234.5
78,4988,166.267,468.5,252.5
78,4989,166.3,460.5,276.5
78,4990,166.333,454.5,282.5
78,4991,166.367,448.5,264.5
78,4992,166.4,440.5,232.5
78,4993,166.433,434.5,210.5
78,4994,166.467,428.5,186.5
78,4995,166.5,424.5,168.5
78,4996,166.533,418.5,154.5
78,4997,166.567,412.5,142.5
78,4998,166.6,410.5,132.5
78,4999,166.633,408.5,126.5
78,5000,166.667,402.5,120.5
78,5001,166.7,404.5,122.5
78,5002,166.733,396.5,124.5
78,5003,166.767,422.5,126.5
78,5004,166.8,458.5,132.5
78,5005,166.833,444.5,138.5
78,5006,166.867,506.5,146.5
78,5007,166.9,540.5,166.5
78,5008,166.933,572.5,184.5
78,5010,167.0,632.5,228.5
78,5011,167.033,648.5,242.5
78,5012,167.067,678.5,268.5
78,5016,167.2,384.5,160.5
79,5021,167.367,946.5,336.5
79,5022,167.4,976.5,340.5
79,5024,167.467,1036.5,358.5
79,5025,167.5,1070.5,374.5
79,5026,167.533,1016.5,330.5
79,5027,167.567,950.5,274.5
79,5028,167.6,912.5,248.5
79,5029,167.633,864.5,216.5
79,5030,167.667,826.5,198.5
79,5031,167.7,786.5,180.5
79,5032,167.733,750.5,168.5
79,5033,167.767,716.5,160.5
79,5034,167.8,680.5,154.5
79,5035,167.833,644.5,154.5
79,5036,167.867,622.5,156.5
79,5037,167.9,592.5,162.5
79,5038,167.933,572.5,168.5
79,5039,167.967,548.5,178.5
79,5040,168.0,530.5,188.5
79,5041,168.033,508.5,204.5
79,5042,168.067,492.5,218.5
79,5043,168.1,478.5,234.5
79,5044,168.133,462.5,250.5
79,5045,168.167,450.5,268.5
79,5046,168.2,436.5,254.5
79,5047,168.233,422.5,228.5
79,5048,168.267,412.5,210.5
79,5049,168.3,400.5,192.5
79,5050,168.333,388.5,176.5
79,5051,168.367,378.5,162.5
79,5052,168.4,368.5,154.5
79,5053,168.433,358.5,146.5
79,5056,168.533,406.5,148.5
79,5057,168.567,436.5,156.5
79,5058,168.6,474.5,164.5
79,5059,168.633,512.5,180.5
79,5060,168.667,552.5,194.5
79,5061,168.7,590.5,212.5
79,5062,168.733,628.5,230.5
79,5063,168.767,676.5,260.5
79,5066,168.867,780.5,336.5
79,5067,168.9,828.5,372.5
79,5068,168.933,876.5,362.5
79,5069,168.967,916.5,346.5
79,5070,169.0,964.5,338.5
79,5071,169.033,994.5,338.5
79,5074,169.133,1002.5,288.5
79,5075,169.167,952.5,258.5
79,5076,169.2,908.5,238.5
79,5077,169.233,862.5,218.5
79,5078,169.267,828.5,210.5
79,5079,169.3,786.5,198.5
79,5080,169.333,750.5,194.5
79,5081,169.367,718.5,190.5
79,5082,169.4,682.5,192.5
79,5083,169.433,648.5,194.5
79,5084,169.467,626.5,200.5
79,5085,169.5,596.5,208.5
79,5086,169.533,574.5,218.5
79,5087,169.567,550.5,228.5
79,5088,169.6,534.5,238.5
79,5089,169.633,504.5,262.5
79,5090,169.667,488.5,274.5
79,5091,169.7,470.5,268.5
79,5092,169.733,456.5,248.5
79,5093,169.767,440.5,224.5
79,5094,169.8,426.5,206.5
79,5095,169.833,414.5,194.5
79,5096,169.867,398.5,184.5
79,5097,169.9,388.5,178.5
79,5098,169.933,376.5,172.5
79,5099,169.967,392.5,172.5
79,5100,170.0,436.5,178.5
79,5101,170.033,462.5,182.5
79,5102,170.067,492.5,188.5
79,5103,170.1,536.5,204.5
79,5104,170.133,568.5,216.5
79,5105,170.167,604.5,234.5
79,5106,170.2,632.5,250.5
79,5107,170.233,658.5,266.5
79,5111,170.367,792.5,324.5
79,5112,170.4,828.5,308.5
79,5113,170.433,848.5,306.5
79,5114,170.467,876.5,306.5
79,5116,170.533,936.5,302.5
79,5117,170.567,894.5,276.5
79,5118,170.6,860.5,258.5
79,5119,170.633,826.5,244.5
79,5120,170.667,786.5,228.5
79,5121,170.7,752.5,220.5
79,5122,170.733,720.5,214.5
79,5123,170.767,694.5,210.5
79,5124,170.8,672.5,210.5
79,5125,170.833,636.5,212.5
79,5126,170.867,610.5,216.5
79,5127,170.9,586.5,224.5
79,5128,170.933,568.5,230.5
79,5129,170.967,550.5,238.5
79,5130,171.0,530.5,250.5
79,5131,171.033,512.5,262.5
79,5133,171.1,478.5,234.5
79,5134,171.133,466.5,220.5
79,5135,171.167,452.5,204.5
79,5136,171.2,438.5,194.5
79,5137,171.233,426.5,188.5
79,5138,171.267,418.5,182.5
79,5139,171.3,438.5,184.5
79,5140,171.333,468.5,194.5
79,5141,171.367,490.5,202.5
79,5142,171.4,524.5,218.5
79,5143,171.433,544.5,230.5
79,5144,171.467,568.5,244.5
79,5145,171.5,604.5,280.5
79,5146,171.533,618.5,288.5
79,5149,171.633,710.5,390.5
79,5150,171.667,734.5,388.5
79,5154,171.8,976.5,530.5
79,5155,171.833,970.5,536.5
79,5156,171.867,970.5,542.5
80,5161,172.033,538.5,234.5
80,5162,172.067,510.5,228.5
80,5163,172.1,488.5,226.5
80,5164,172.133,466.5,228.5
80,5165,172.167,448.5,230.5
80,5166,172.2,432.5,234.5
80,5167,172.233,416.5,242.5
80,5168,172.267,406.5,248.5
80,5169,172.3,390.5,240.5
80,5170,172.333,378.5,218.5
80,5171,172.367,386.5,200.5
80,5173,172.433,348.5,182.5
80,5175,172.5,478.5,194.5
80,5176,172.533,522.5,202.5
80,5177,172.567,554.5,208.5
80,5178,172.6,594.5,218.5
80,5179,172.633,634.5,228.5
80,5180,172.667,680.5,244.5
80,5181,172.7,714.5,258.5
80,5182,172.733,752.5,274.5
80,5183,172.767,790.5,294.5
80,5184,172.8,824.5,308.5
80,5185,172.833,874.5,340.5
80,5187,172.9,974.5,360.5
80,5188,172.933,992.5,358.5
80,5189,172.967,976.5,326.5
80,5190,173.0,930.5,298.5
80,5191,173.033,868.5,260.5
80,5192,173.067,824.5,240.5
80,5193,173.1,776.5,218.5
80,5194,173.133,734.5,202.5
80,5195,173.167,694.5,190.5
80,5196,173.2,648.5,178.5
80,5197,173.233,624.5,176.5
80,5198,173.267,584.5,174.5
80,5199,173.3,554.5,174.5
80,5200,173.333,528.5,178.5
80,5201,173.367,494.5,182.5
80,5202,173.4,474.5,186.5
80,5203,173.433,448.5,194.5
80,5204,173.467,428.5,204.5
80,5205,173.5,402.5,218.5
80,5206,173.533,384.5,230.5
80,5208,173.6,272.5,164.5
80,5212,173.733,292.5,330.5
80,5215,173.833,260.5,318.5
80,5216,173.867,250.5,308.5
80,5217,173.9,240.5,298.5
80,5219,173.967,192.5,194.5
80,5220,174.0,192.5,198.5
81,5294,176.467,294.5,332.5
81,5295,176.5,308.5,330.5
81,5296,176.533,320.5,330.5
81,5297,176.567,332.5,330.5
81,5298,176.6,342.5,332.5
81,5299,176.633,348.5,332.5
82,5368,178.933,336.5,240.5
82,5369,178.967,326.5,242.5
82,5370,179.0,320.5,244.5
82,5371,179.033,316.5,248.5
82,5372,179.067,310.5,250.5
82,5374,179.133,300.5,254.5
82,5375,179.167,296.5,256.5
82,5376,179.2,296.5,260.5
83,5387,179.567,258.5,204.5
83,5388,179.6,256.5,194.5
83,5389,179.633,252.5,188.5
83,5390,179.667,250.5,188.5
83,5391,179.7,248.5,186.5
83,5392,179.733,246.5,192.5
83,5393,179.767,244.5,196.5
83,5394,179.8,242.5,206.5
83,5396,179.867,240.5,228.5
83,5397,179.9,272.5,232.5
83,5401,180.033,392.5,280.5
83,5402,180.067,420.5,274.5
83,5403,180.1,450.5,272.5
83,5406,180.2,344.5,336.5
83,5410,180.333,650.5,334.5
83,5412,180.4,714.5,380.5
83,5413,180.433,754.5,408.5
83,5414,180.467,786.5,394.5
83,5415,180.5,818.5,388.5
83,5416,180.533,848.5,386.5
83,5417,180.567,874.5,384.5
83,5420,180.667,822.5,332.5
83,5421,180.7,786.5,314.5
83,5422,180.733,746.5,298.5
83,5425,180.833,650.5,276.5
83,5426,180.867,624.5,278.5
83,5427,180.9,600.5,282.5
83,5428,180.933,570.5,284.5
83,5429,180.967,550.5,292.5
83,5430,181.0,532.5,300.5
83,5434,181.133,464.5,274.5
83,5435,181.167,448.5,258.5
83,5436,181.2,434.5,246.5
83,5437,181.233,422.5,236.5
83,5438,181.267,410.5,230.5
83,5439,181.3,400.5,226.5
83,5440,181.333,388.5,228.5
83,5442,181.4,406.5,224.5
83,5443,181.433,440.5,220.5
83,5444,181.467,474.5,218.5
83,5445,181.5,498.5,220.5
83,5446,181.533,530.5,226.5
83,5447,181.567,558.5,230.5
83,5448,181.6,588.5,240.5
83,5449,181.633,614.5,248.5
83,5450,181.667,648.5,264.5
83,5451,181.7,676.5,280.5
83,5454,181.8,756.5,340.5
83,5455,181.833,786.5,328.5
83,5456,181.867,810.5,312.5
83,5457,181.9,832.5,306.5
83,5458,181.933,854.5,304.5
83,5459,181.967,882.5,298.5
83,5460,182.0,872.5,280.5
83,5461,182.033,844.5,262.5
83,5462,182.067,800.5,234.5
83,5463,182.1,768.5,216.5
83,5464,182.133,736.5,202.5
83,5465,182.167,704.5,190.5
83,5466,182.2,676.5,180.5
83,5467,182.233,642.5,172.5
83,5468,182.267,618.5,170.5
83,5470,182.333,566.5,172.5
83,5471,182.367,542.5,178.5
83,5472,182.4,528.5,180.5
83,5473,182.433,502.5,192.5
83,5474,182.467,486.5,200.5
83,5475,182.5,470.5,210.5
83,5476,182.533,456.5,226.5
83,5477,182.567,440.5,226.5
83,5478,182.6,424.5,202.5
83,5479,182.633,414.5,188.5
83,5480,182.667,400.5,172.5
83,5481,182.7,388.5,164.5
83,5482,182.733,380.5,154.5
83,5483,182.767,366.5,146.5
83,5484,182.8,358.5,142.5
83,5485,182.833,350.5,140.5
83,5486,182.867,336.5,142.5
83,5488,182.933,326.5,148.5
83,5489,182.967,328.5,144.5
83,5492,183.067,324.5,150.5
83,5493,183.1,326.5,154.5
83,5494,183.133,322.5,158.5
83,5495,183.167,320.5,164.5
83,5498,183.267,270.5,186.5
84,5523,184.1,304.5,226.5
84,5524,184.133,316.5,224.5
84,5525,184.167,320.5,220.5
84,5526,184.2,326.5,216.5
84,5527,184.233,336.5,210.5
85,5580,186.0,424.5,80.5
85,5582,186.067,340.5,194.5
85,5584,186.133,430.5,114.5
85,5585,186.167,432.5,126.5
85,5586,186.2,432.5,138.5
85,5587,186.233,430.5,150.5
85,5588,186.267,432.5,164.5
85,5589,186.3,430.5,176.5
85,5591,186.367,428.5,198.5
85,5592,186.4,422.5,206.5
85,5593,186.433,348.5,210.5
85,5597,186.567,416.5,202.5
85,5598,186.6,416.5,196.5
85,5599,186.633,414.5,186.5
85,5600,186.667,410.5,176.5
85,5601,186.7,406.5,164.5
85,5602,186.733,406.5,152.5
85,5603,186.767,402.5,136.5
85,5604,186.8,400.5,122.5
85,5605,186.833,408.5,116.5
85,5606,186.867,406.5,108.5
85,5607,186.9,408.5,104.5
85,5608,186.933,416.5,106.5
85,5609,186.967,424.5,112.5
85,5611,187.033,446.5,142.5
85,5612,187.067,462.5,162.5
85,5613,187.1,470.5,178.5
85,5614,187.133,496.5,218.5
85,5615,187.167,504.5,232.5
85,5616,187.2,524.5,264.5
85,5617,187.233,534.5,256.5
85,5618,187.267,550.5,238.5
85,5619,187.3,560.5,226.5
85,5620,187.333,572.5,218.5
85,5621,187.367,584.5,210.5
85,5622,187.4,598.5,204.5
85,5623,187.433,612.5,202.5
85,5624,187.467,626.5,202.5
85,5625,187.5,640.5,204.5
85,5627,187.567,672.5,222.5
85,5628,187.6,684.5,234.5
85,5629,187.633,696.5,244.5
85,5630,187.667,710.5,262.5
85,5631,187.7,726.5,280.5
85,5633,187.767,748.5,330.5
85,5634,187.8,766.5,360.5
85,5635,187.833,774.5,380.5
85,5636,187.867,792.5,362.5
85,5637,187.9,806.5,350.5
85,5638,187.933,818.5,338.5
85,5639,187.967,830.5,330.5
85,5640,188.0,846.5,328.5
85,5641,188.033,858.5,326.5
85,5642,188.067,870.5,328.5
85,5643,188.1,884.5,332.5
85,5644,188.133,896.5,342.5
85,5645,188.167,906.5,354.5
86,5652,188.4,318.5,210.5
86,5653,188.433,324.5,216.5
86,5654,188.467,330.5,220.5
86,5655,188.5,338.5,220.5
86,5656,188.533,348.5,222.5
86,5658,188.6,352.5,216.5
86,5661,188.7,344.5,212.5
87,5693,189.767,1076.5,288.5
87,5696,189.867,878.5,308.5
87,5697,189.9,856.5,312.5
87,5698,189.933,798.5,330.5
87,5700,190.0,724.5,284.5
87,5701,190.033,700.5,276.5
87,5702,190.067,676.5,266.5
87,5703,190.1,644.5,258.5
87,5704,190.133,610.5,250.5
87,5705,190.167,584.5,246.5
87,5706,190.2,560.5,244.5
87,5707,190.233,534.5,246.5
87,5708,190.267,514.5,250.5
87,5709,190.3,488.5,262.5
87,5710,190.333,472.5,266.5
87,5711,190.367,454.5,256.5
87,5712,190.4,440.5,244.5
87,5713,190.433,424.5,232.5
87,5714,190.467,410.5,222.5
87,5715,190.5,402.5,220.5
87,5717,190.567,414.5,212.5
87,5718,190.6,438.5,212.5
87,5719,190.633,460.5,216.5
87,5720,190.667,484.5,222.5
87,5721,190.7,508.5,230.5
87,5722,190.733,530.5,240.5
87,5724,190.8,580.5,266.5
87,5725,190.833,608.5,290.5
87,5726,190.867,632.5,314.5
87,5727,190.9,652.5,330.5
87,5728,190.933,682.5,364.5
87,5729,190.967,708.5,374.5
87,5731,191.033,754.5,366.5
87,5732,191.067,786.5,366.5
87,5733,191.1,816.5,374.5
88,5738,191.267,636.5,266.5
88,5739,191.3,612.5,258.5
88,5740,191.333,584.5,250.5
88,5741,191.367,556.5,244.5
88,5743,191.433,502.5,244.5
88,5744,191.467,478.5,248.5
88,5745,191.5,456.5,254.5
88,5746,191.533,438.5,262.5
88,5747,191.567,422.5,270.5
88,5748,191.6,400.5,282.5
88,5749,191.633,388.5,294.5
88,5750,191.667,372.5,284.5
88,5751,191.7,358.5,262.5
88,5752,191.733,346.5,246.5
88,5753,191.767,334.5,232.5
88,5754,191.8,322.5,220.5
88,5755,191.833,310.5,210.5
88,5756,191.867,302.5,204.5
88,5759,191.967,318.5,200.5
88,5760,192.0,358.5,196.5
88,5761,192.033,382.5,198.5
88,5762,192.067,414.5,202.5
88,5763,192.1,444.5,210.5
88,5764,192.133,482.5,222.5
88,5765,192.167,512.5,232.5
88,5766,192.2,548.5,250.5
88,5768,192.267,618.5,288.5
88,5770,192.333,686.5,342.5
88,5771,192.367,716.5,368.5
88,5773,192.433,788.5,352.5
88,5774,192.467,816.5,344.5
88,5775,192.5,852.5,338.5
88,5776,192.533,890.5,338.5
88,5778,192.6,890.5,316.5
88,5779,192.633,840.5,290.5
88,5780,192.667,792.5,268.5
88,5781,192.7,758.5,256.5
88,5782,192.733,716.5,244.5
88,5783,192.767,678.5,236.5
88,5784,192.8,640.5,228.5
88,5785,192.833,616.5,228.5
88,5786,192.867,588.5,230.5
88,5787,192.9,560.5,234.5
88,5788,192.933,542.5,238.5
88,5789,192.967,516.5,248.5
88,5791,193.033,478.5,268.5
88,5792,193.067,462.5,248.5
88,5793,193.1,450.5,232.5
88,5794,193.133,436.5,214.5
88,5795,193.167,424.5,200.5
88,5796,193.2,412.5,188.5
88,5797,193.233,402.5,180.5
88,5799,193.3,392.5,178.5
88,5800,193.333,444.5,184.5
88,5801,193.367,490.5,184.5
88,5802,193.4,536.5,196.5
88,5803,193.433,574.5,206.5
88,5804,193.467,616.5,218.5
88,5805,193.5,668.5,238.5
88,5806,193.533,708.5,256.5
88,5807,193.567,748.5,278.5
88,5808,193.6,782.5,296.5
88,5809,193.633,826.5,330.5
88,5812,193.733,974.5,378.5
88,5813,193.767,1018.5,378.5
88,5816,193.867,1004.5,314.5
88,5817,193.9,940.5,274.5
88,5818,193.933,902.5,254.5
88,5819,193.967,856.5,230.5
88,5820,194.0,814.5,214.5
88,5821,194.033,776.5,198.5
88,5822,194.067,734.5,188.5
88,5823,194.1,700.5,180.5
88,5825,194.167,636.5,172.5
88,5826,194.2,602.5,176.5
88,5827,194.233,576.5,178.5
88,5828,194.267,552.5,186.5
88,5830,194.333,512.5,202.5
88,5831,194.367,490.5,214.5
88,5832,194.4,476.5,224.5
88,5833,194.433,460.5,236.5
88,5834,194.467,444.5,250.5
88,5835,194.5,428.5,228.5
88,5836,194.533,418.5,214.5
88,5837,194.567,406.5,194.5
88,5838,194.6,392.5,180.5
88,5839,194.633,382.5,166.5
88,5840,194.667,370.5,158.5
88,5842,194.733,356.5,152.5
88,5844,194.8,378.5,154.5
88,5845,194.833,366.5,160.5
88,5847,194.9,512.5,202.5
88,5848,194.933,546.5,218.5
88,5849,194.967,592.5,246.5
88,5850,195.0,618.5,258.5
88,5853,195.1,374.5,144.5
88,5854,195.133,370.5,146.5
88,5856,195.2,358.5,150.5
89,5861,195.367,1060.5,390.5
89,5862,195.4,1098.5,410.5
89,5863,195.433,1084.5,394.5
89,5864,195.467,1042.5,364.5
89,5865,195.5,992.5,330.5
89,5866,195.533,940.5,296.5
89,5867,195.567,872.5,258.5
89,5868,195.6,824.5,238.5
89,5869,195.633,778.5,220.5
89,5870,195.667,734.5,206.5
89,5871,195.7,696.5,196.5
89,5872,195.733,648.5,188.5
89,5873,195.767,618.5,188.5
89,5874,195.8,582.5,188.5
89,5875,195.833,550.5,192.5
89,5876,195.867,526.5,196.5
89,5877,195.9,494.5,204.5
89,5878,195.933,474.5,214.5
89,5879,195.967,446.5,228.5
89,5880,196.0,426.5,242.5
89,5881,196.033,408.5,258.5
89,5882,196.067,390.5,274.5
89,5883,196.1,376.5,292.5
89,5885,196.167,346.5,252.5
90,5890,196.333,282.5,180.5
90,5891,196.367,272.5,174.5
90,5892,196.4,260.5,168.5
90,5893,196.433,248.5,168.5
90,5896,196.533,296.5,184.5
90,5899,196.633,370.5,154.5
91,5906,196.867,936.5,396.5
91,5907,196.9,1020.5,404.5
91,5908,196.933,1062.5,408.5
91,5911,197.033,1152.5,346.5
91,5913,197.1,1262.5,350.5
92,5930,197.667,316.5,20.5
92,5931,197.7,298.5,40.5
92,5932,197.733,282.5,60.5
92,5933,197.767,262.5,86.5
92,5934,197.8,254.5,104.5
92,5935,197.833,246.5,124.5
92,5936,197.867,236.5,152.5
92,5937,197.9,228.5,180.5
92,5938,197.933,216.5,204.5
92,5939,197.967,212.5,232.5
92,5940,198.0,210.5,250.5
92,5943,198.1,200.5,328.5
92,5944,198.133,200.5,352.5
92,5945,198.167,200.5,376.5
92,5946,198.2,192.5,370.5
92,5947,198.233,186.5,356.5
92,5948,198.267,180.5,336.5
92,5949,198.3,176.5,322.5
92,5950,198.333,170.5,314.5
92,5951,198.367,166.5,302.5
92,5953,198.433,130.5,212.5
92,5957,198.567,194.5,368.5
92,5959,198.633,188.5,330.5
92,5960,198.667,184.5,314.5
92,5963,198.767,178.5,264.5
92,5964,198.8,178.5,252.5
92,5965,198.833,176.5,246.5
92,5966,198.867,176.5,238.5
92,5967,198.9,176.5,234.5
92,5968,198.933,176.5,230.5
92,5969,198.967,176.5,230.5
92,5970,199.0,176.5,232.5
92,5971,199.033,180.5,236.5
92,5972,199.067,182.5,244.5
93,5991,199.7,346.5,184.5
93,5992,199.733,362.5,198.5
93,5993,199.767,394.5,230.5
93,5996,199.867,454.5,292.5
93,5997,199.9,478.5,280.5
93,5998,199.933,496.5,268.5
93,5999,199.967,516.5,262.5
93,6000,200.0,538.5,260.5
93,6002,200.067,580.5,260.5
93,6003,200.1,606.5,262.5
93,6004,200.133,632.5,274.5
93,6006,200.2,680.5,296.5
93,6007,200.233,698.5,314.5
93,6009,200.3,750.5,362.5
93,6010,200.333,770.5,386.5
93,6011,200.367,794.5,418.5
93,6012,200.4,818.5,404.5
93,6013,200.433,840.5,394.5
93,6014,200.467,864.5,384.5
93,6015,200.5,894.5,376.5
93,6016,200.533,914.5,374.5
93,6017,200.567,940.5,376.5
93,6018,200.6,962.5,380.5
93,6019,200.633,990.5,388.5
93,6020,200.667,1008.5,402.5
94,6079,202.633,930.5,312.5
94,6080,202.667,930.5,296.5
94,6081,202.7,934.5,280.5
94,6082,202.733,934.5,272.5
94,6083,202.767,934.5,264.5
94,6084,202.8,936.5,260.5
94,6085,202.833,936.5,264.5
94,6086,202.867,936.5,272.5
94,6087,202.9,934.5,280.5
94,6088,202.933,932.5,296.5
94,6090,203.0,924.5,452.5
94,6091,203.033,922.5,470.5
95,6097,203.233,888.5,342.5
95,6101,203.367,574.5,294.5
95,6102,203.4,536.5,278.5
95,6103,203.433,504.5,266.5
95,6104,203.467,474.5,260.5
95,6105,203.5,450.5,258.5
95,6106,203.533,426.5,258.5
95,6107,203.567,402.5,260.5
95,6108,203.6,382.5,264.5
95,6111,203.7,328.5,258.5
95,6112,203.733,310.5,240.5
95,6113,203.767,298.5,230.5
95,6114,203.8,278.5,218.5
95,6115,203.833,242.5,210.5
95,6116,203.867,250.5,202.5
95,6118,203.933,396.5,178.5
95,6119,203.967,434.5,178.5
95,6120,204.0,472.5,180.5
95,6121,204.033,508.5,180.5
95,6122,204.067,550.5,188.5
95,6123,204.1,586.5,194.5
95,6124,204.133,626.5,204.5
95,6125,204.167,666.5,220.5
95,6126,204.2,702.5,232.5
95,6127,204.233,734.5,248.5
95,6128,204.267,766.5,266.5
95,6130,204.333,832.5,308.5
95,6131,204.367,878.5,342.5
95,6132,204.4,912.5,324.5
95,6133,204.433,944.5,314.5
95,6134,204.467,974.5,302.5
95,6135,204.5,1004.5,296.5
95,6136,204.533,1042.5,290.5
95,6137,204.567,1078.5,286.5
95,6138,204.6,1098.5,290.5
96,6159,205.3,144.5,42.5
96,6160,205.333,122.5,60.5
96,6161,205.367,80.5,88.5
96,6162,205.4,58.5,112.5
96,6163,205.433,34.5,138.5
97,6174,205.8,206.5,212.5
97,6177,205.9,190.5,216.5
97,6178,205.933,182.5,214.5
97,6180,206.0,170.5,216.5
97,6181,206.033,164.5,214.5
97,6182,206.067,158.5,216.5
97,6184,206.133,140.5,218.5
98,6277,209.233,312.5,162.5
98,6279,209.3,344.5,182.5
98,6280,209.333,376.5,204.5
98,6281,209.367,400.5,226.5
98,6282,209.4,426.5,248.5
98,6284,209.467,484.5,296.5
98,6285,209.5,502.5,280.5
98,6286,209.533,522.5,262.5
98,6287,209.567,546.5,242.5
98,6288,209.6,560.5,236.5
98,6289,209.633,582.5,226.5
98,6290,209.667,602.5,222.5
98,6291,209.7,622.5,218.5
98,6292,209.733,642.5,218.5
98,6294,209.8,684.5,228.5
98,6295,209.833,708.5,238.5
98,6296,209.867,726.5,246.5
98,6297,209.9,746.5,262.5
98,6298,209.933,766.5,278.5
98,6299,209.967,782.5,294.5
98,6300,210.0,804.5,324.5
98,6302,210.067,834.5,370.5
98,6304,210.133,942.5,366.5
98,6305,210.167,892.5,322.5
98,6306,210.2,914.5,314.5
98,6307,210.233,948.5,318.5
98,6308,210.267,948.5,300.5
98,6311,210.367,962.5,196.5
98,6312,210.4,966.5,176.5
98,6313,210.433,970.5,156.5
98,6315,210.5,972.5,126.5
98,6316,210.533,978.5,116.5
98,6318,210.6,984.5,104.5
98,6319,210.633,984.5,108.5
98,6320,210.667,982.5,116.5
98,6321,210.7,984.5,126.5
98,6324,210.8,974.5,168.5
98,6325,210.833,974.5,192.5
98,6326,210.867,970.5,214.5
98,6327,210.9,964.5,242.5
98,6328,210.933,960.5,274.5
98,6329,210.967,954.5,314.5
98,6330,211.0,950.5,334.5
99,6376,212.533,378.5,202.5
99,6378,212.6,358.5,178.5
99,6379,212.633,356.5,164.5
99,6380,212.667,350.5,148.5
99,6381,212.7,348.5,132.5
99,6383,212.767,342.5,98.5
99,6384,212.8,340.5,88.5
99,6385,212.833,344.5,78.5
100,6394,213.133,1014.5,398.5
100,6397,213.233,796.5,304.5
100,6398,213.267,776.5,288.5
100,6399,213.3,746.5,258.5
100,6400,213.333,718.5,238.5
100,6401,213.367,690.5,220.5
100,6402,213.4,672.5,210.5
100,6403,213.433,642.5,198.5
100,6404,213.467,620.5,194.5
100,6405,213.5,598.5,194.5
100,6406,213.533,580.5,194.5
100,6407,213.567,560.5,200.5
100,6408,213.6,544.5,210.5
100,6409,213.633,528.5,220.5
100,6410,213.667,516.5,228.5
100,6411,213.7,502.5,246.5
100,6412,213.733,488.5,264.5
100,6413,213.767,476.5,280.5
100,6414,213.8,466.5,294.5
100,6415,213.833,456.5,278.5
100,6416,213.867,444.5,248.5
100,6417,213.9,438.5,230.5
100,6418,213.933,426.5,210.5
100,6419,213.967,418.5,198.5
100,6420,214.0,408.5,186.5
100,6421,214.033,402.5,176.5
100,6422,214.067,394.5,170.5
100,6424,214.133,382.5,164.5
100,6425,214.167,382.5,178.5
100,6426,214.2,382.5,194.5
100,6427,214.233,382.5,202.5
100,6428,214.267,378.5,208.5
100,6431,214.367,368.5,224.5
100,6432,214.4,358.5,224.5
101,6454,215.133,284.5,266.5
101,6455,215.167,282.5,256.5
101,6458,215.267,242.5,202.5
101,6459,215.3,264.5,196.5
101,6460,215.333,260.5,188.5
101,6461,215.367,258.5,178.5
101,6463,215.433,256.5,176.5
101,6464,215.467,256.5,176.5
101,6465,215.5,252.5,180.5
101,6466,215.533,254.5,184.5
102,6473,215.767,400.5,276.5
102,6475,215.833,470.5,260.5
102,6477,215.9,542.5,252.5
102,6479,215.967,620.5,260.5
102,6480,216.0,656.5,268.5
102,6481,216.033,696.5,278.5
102,6484,216.133,796.5,328.5
102,6485,216.167,838.5,362.5
102,6486,216.2,862.5,372.5
102,6487,216.233,912.5,340.5
102,6488,216.267,942.5,334.5
102,6489,216.3,976.5,332.5
102,6491,216.367,940.5,288.5
102,6492,216.4,900.5,262.5
102,6493,216.433,862.5,242.5
102,6494,216.467,828.5,224.5
102,6495,216.5,794.5,210.5
102,6496,216.533,766.5,202.5
102,6497,216.567,734.5,194.5
102,6498,216.6,704.5,188.5
102,6499,216.633,674.5,188.5
102,6500,216.667,642.5,190.5
102,6501,216.7,620.5,194.5
102,6502,216.733,600.5,194.5
102,6503,216.767,574.5,206.5
102,6504,216.8,554.5,214.5
102,6505,216.833,532.5,226.5
102,6506,216.867,518.5,234.5
102,6508,216.933,480.5,264.5
102,6509,216.967,468.5,248.5
102,6510,217.0,452.5,226.5
102,6511,217.033,438.5,210.5
102,6512,217.067,426.5,198.5
102,6513,217.1,414.5,186.5
102,6514,217.133,402.5,180.5
102,6516,217.2,390.5,170.5
102,6517,217.233,408.5,184.5
102,6519,217.3,534.5,234.5
102,6520,217.333,560.5,246.5
102,6521,217.367,622.5,280.5
102,6524,217.467,708.5,330.5
102,6526,217.533,778.5,344.5
102,6528,217.6,846.5,344.5
102,6529,217.633,878.5,354.5
102,6530,217.667,906.5,362.5
102,6531,217.7,948.5,380.5
102,6532,217.733,972.5,392.5
102,6533,217.767,1008.5,416.5
102,6534,217.8,1036.5,438.5
102,6535,217.833,1032.5,424.5
102,6536,217.867,984.5,376.5
102,6537,217.9,936.5,328.5
102,6539,217.967,844.5,250.5
102,6540,218.0,810.5,228.5
102,6541,218.033,772.5,202.5
102,6542,218.067,734.5,180.5
102,6543,218.1,702.5,164.5
102,6544,218.133,678.5,154.5
102,6545,218.167,644.5,142.5
102,6546,218.2,622.5,138.5
102,6547,218.233,596.5,134.5
102,6548,218.267,576.5,134.5
102,6549,218.3,556.5,136.5
102,6550,218.333,540.5,140.5
102,6551,218.367,524.5,146.5
102,6552,218.4,506.5,154.5
102,6553,218.433,494.5,164.5
102,6554,218.467,482.5,176.5
102,6555,218.5,470.5,186.5
102,6556,218.533,462.5,198.5
102,6557,218.567,454.5,212.5
103,6701,223.367,340.5,234.5
103,6705,223.5,326.5,242.5
103,6706,223.533,318.5,244.5
103,6709,223.633,302.5,248.5
103,6711,223.7,296.5,248.5
104,6742,224.733,424.5,266.5
104,6744,224.8,488.5,264.5
104,6745,224.833,518.5,266.5
104,6747,224.9,602.5,282.5
104,6748,224.933,620.5,290.5
105,6753,225.1,804.5,384.5
105,6754,225.133,834.5,372.5
105,6755,225.167,872.5,362.5
105,6756,225.2,906.5,358.5
105,6758,225.267,928.5,332.5
105,6759,225.3,894.5,314.5
105,6760,225.333,858.5,290.5
105,6761,225.367,822.5,268.5
105,6762,225.4,784.5,250.5
105,6763,225.433,754.5,238.5
105,6764,225.467,718.5,226.5
105,6765,225.5,686.5,220.5
105,6766,225.533,668.5,218.5
105,6767,225.567,634.5,214.5
105,6768,225.6,604.5,216.5
105,6769,225.633,578.5,220.5
105,6770,225.667,554.5,228.5
105,6771,225.7,532.5,234.5
105,6772,225.733,514.5,246.5
105,6773,225.767,490.5,260.5
105,6774,225.8,470.5,274.5
105,6775,225.833,454.5,282.5
105,6776,225.867,438.5,282.5
105,6777,225.9,422.5,264.5
105,6778,225.933,406.5,244.5
105,6779,225.967,392.5,228.5
105,6780,226.0,378.5,214.5
105,6781,226.033,294.5,202.5
105,6784,226.133,398.5,198.5
105,6785,226.167,440.5,196.5
105,6786,226.2,470.5,202.5
105,6787,226.233,512.5,210.5
105,6788,226.267,546.5,218.5
105,6789,226.3,582.5,228.5
105,6790,226.333,622.5,244.5
105,6791,226.367,652.5,258.5
105,6792,226.4,688.5,274.5
105,6795,226.5,794.5,352.5
105,6796,226.533,826.5,362.5
105,6797,226.567,864.5,340.5
105,6798,226.6,904.5,330.5
105,6799,226.633,934.5,330.5
105,6801,226.7,1000.5,332.5
105,6802,226.733,1040.5,338.5
105,6803,226.767,1072.5,346.5
105,6805,226.833,1004.5,282.5
105,6806,226.867,954.5,250.5
105,6807,226.9,918.5,230.5
105,6808,226.933,878.5,210.5
105,6809,226.967,840.5,194.5
105,6810,227.0,794.5,178.5
105,6811,227.033,770.5,172.5
105,6812,227.067,734.5,168.5
105,6813,227.1,704.5,164.5
105,6814,227.133,678.5,166.5
105,6815,227.167,646.5,172.5
105,6816,227.2,626.5,178.5
105,6817,227.233,604.5,186.5
105,6818,227.267,586.5,194.5
105,6819,227.3,566.5,206.5
105,6820,227.333,548.5,220.5
105,6822,227.4,516.5,236.5
105,6823,227.433,506.5,218.5
105,6824,227.467,494.5,198.5
105,6825,227.5,482.5,184.5
105,6826,227.533,472.5,170.5
105,6827,227.567,460.5,158.5
105,6828,227.6,450.5,148.5
105,6829,227.633,442.5,140.5
105,6830,227.667,424.5,150.5
105,6831,227.7,452.5,148.5
105,6832,227.733,496.5,156.5
105,6833,227.767,548.5,178.5
105,6834,227.8,588.5,196.5
105,6835,227.833,622.5,212.5
105,6836,227.867,670.5,244.5
105,6837,227.9,694.5,262.5
105,6838,227.933,720.5,282.5
105,6841,228.033,846.5,356.5
105,6842,228.067,884.5,354.5
105,6843,228.1,924.5,354.5
105,6844,228.133,974.5,362.5
105,6845,228.167,1012.5,370.5
105,6846,228.2,1056.5,382.5
105,6847,228.233,1100.5,394.5
105,6848,228.267,1062.5,358.5
105,6850,228.333,952.5,274.5
105,6851,228.367,908.5,244.5
105,6852,228.4,862.5,216.5
105,6853,228.433,826.5,200.5
105,6854,228.467,786.5,184.5
105,6855,228.5,750.5,172.5
105,6856,228.533,716.5,164.5
105,6857,228.567,682.5,158.5
105,6858,228.6,646.5,156.5
105,6859,228.633,628.5,156.5
105,6860,228.667,600.5,160.5
105,6861,228.7,576.5,164.5
105,6862,228.733,554.5,174.5
105,6863,228.767,534.5,184.5
105,6864,228.8,518.5,192.5
105,6865,228.833,502.5,206.5
105,6866,228.867,486.5,218.5
105,6867,228.9,470.5,234.5
105,6868,228.933,458.5,250.5
105,6869,228.967,450.5,262.5
105,6870,229.0,436.5,232.5
105,6871,229.033,424.5,212.5
105,6872,229.067,414.5,194.5
105,6873,229.1,402.5,178.5
105,6874,229.133,392.5,166.5
105,6875,229.167,380.5,154.5
105,6876,229.2,374.5,150.5
105,6878,229.267,384.5,154.5
105,6879,229.3,434.5,172.5
105,6880,229.333,476.5,190.5
105,6881,229.367,522.5,214.5
105,6882,229.4,560.5,234.5
105,6883,229.433,588.5,254.5
105,6886,229.533,402.5,160.5
105,6887,229.567,400.5,160.5
105,6891,229.7,378.5,154.5
106,6896,229.867,1008.5,378.5
106,6897,229.9,936.5,330.5
106,6898,229.933,874.5,296.5
106,6899,229.967,836.5,278.5
106,6900,230.0,786.5,258.5
106,6901,230.033,742.5,242.5
106,6902,230.067,702.5,232.5
106,6903,230.1,672.5,226.5
106,6904,230.133,634.5,220.5
106,6905,230.167,602.5,222.5
106,6906,230.2,572.5,226.5
106,6907,230.233,554.5,230.5
106,6908,230.267,534.5,236.5
106,6909,230.3,512.5,248.5
106,6910,230.333,498.5,262.5
106,6911,230.367,486.5,270.5
106,6912,230.4,470.5,266.5
106,6913,230.433,456.5,244.5
106,6914,230.467,446.5,218.5
106,6915,230.5,438.5,200.5
106,6916,230.533,428.5,186.5
106,6917,230.567,418.5,174.5
106,6918,230.6,408.5,164.5
106,6919,230.633,400.5,156.5
106,6922,230.733,420.5,148.5
106,6923,230.767,446.5,142.5
106,6924,230.8,476.5,140.5
106,6925,230.833,498.5,146.5
106,6926,230.867,526.5,150.5
106,6927,230.9,548.5,158.5
106,6928,230.933,578.5,170.5
106,6929,230.967,602.5,180.5
106,6930,231.0,636.5,202.5
106,6932,231.067,690.5,244.5
106,6933,231.1,712.5,262.5
106,6934,231.133,734.5,284.5
106,6937,231.233,820.5,382.5
106,6938,231.267,850.5,358.5
106,6939,231.3,880.5,346.5
106,6940,231.333,906.5,338.5
106,6941,231.367,934.5,330.5
106,6942,231.4,962.5,326.5
106,6943,231.433,992.5,328.5
106,6944,231.467,1022.5,330.5
106,6945,231.5,1054.5,338.5
106,6946,231.533,1074.5,344.5
106,6947,231.567,1018.5,312.5
106,6948,231.6,954.5,274.5
106,6949,231.633,918.5,262.5
106,6950,231.667,872.5,244.5
106,6951,231.7,820.5,228.5
106,6952,231.733,774.5,222.5
106,6953,231.767,732.5,216.5
106,6954,231.8,690.5,214.5
106,6956,231.867,618.5,222.5
106,6957,231.9,582.5,230.5
106,6958,231.933,552.5,240.5
106,6959,231.967,526.5,250.5
106,6960,232.0,496.5,268.5
106,6962,232.067,352.5,344.5
106,6963,232.1,360.5,344.5
106,6965,232.167,378.5,348.5
106,6966,232.2,374.5,280.5
106,6967,232.233,362.5,258.5
106,6968,232.267,342.5,238.5
106,6969,232.3,332.5,226.5
106,6970,232.333,318.5,212.5
106,6971,232.367,304.5,202.5
106,6972,232.4,292.5,194.5
106,6973,232.433,278.5,190.5
106,6974,232.467,270.5,194.5
106,6975,232.5,260.5,194.5
106,6976,232.533,250.5,202.5
106,6977,232.567,244.5,206.5
106,6979,232.633,282.5,186.5
106,6980,232.667,336.5,192.5
106,6981,232.7,364.5,190.5
106,6982,232.733,398.5,194.5
106,6983,232.767,442.5,198.5
106,6984,232.8,484.5,210.5
106,6985,232.833,512.5,220.5
106,6986,232.867,554.5,238.5
106,6987,232.9,584.5,252.5
107,6992,233.067,762.5,400.5
107,6993,233.1,816.5,426.5
107,6994,233.133,850.5,404.5
107,6995,233.167,898.5,386.5
107,6997,233.233,898.5,324.5
107,6998,233.267,880.5,310.5
107,6999,233.3,826.5,262.5
107,7000,233.333,788.5,230.5
107,7001,233.367,760.5,210.5
107,7002,233.4,730.5,192.5
107,7003,233.433,698.5,174.5
107,7004,233.467,676.5,166.5
107,7005,233.5,648.5,156.5
107,7006,233.533,632.5,154.5
107,7007,233.567,612.5,156.5
107,7008,233.6,596.5,156.5
107,7009,233.633,582.5,162.5
107,7010,233.667,568.5,168.5
107,7011,233.7,556.5,176.5
107,7012,233.733,544.5,186.5
107,7013,233.767,534.5,198.5
107,7014,233.8,526.5,210.5
107,7015,233.833,518.5,226.5
107,7016,233.867,512.5,230.5
107,7017,233.9,508.5,210.5
107,7018,233.933,502.5,190.5
107,7019,233.967,500.5,170.5
107,7020,234.0,494.5,154.5
107,7021,234.033,490.5,142.5
107,7022,234.067,488.5,132.5
107,7023,234.1,486.5,126.5
107,7024,234.133,484.5,120.5
107,7027,234.233,490.5,126.5
107,7029,234.3,542.5,140.5
107,7030,234.333,564.5,154.5
107,7031,234.367,590.5,170.5
107,7032,234.4,612.5,188.5
107,7033,234.433,636.5,208.5
107,7034,234.467,654.5,228.5
107,7035,234.5,678.5,252.5
107,7036,234.533,698.5,278.5
107,7040,234.667,816.5,306.5
107,7041,234.7,836.5,308.5
107,7042,234.733,864.5,312.5
107,7043,234.767,894.5,320.5
107,7044,234.8,924.5,328.5
107,7045,234.833,960.5,342.5
107,7046,234.867,940.5,326.5
107,7047,234.9,896.5,296.5
107,7048,234.933,858.5,274.5
107,7049,234.967,810.5,252.5
107,7050,235.0,776.5,238.5
107,7051,235.033,740.5,226.5
107,7052,235.067,702.5,216.5
107,7054,235.133,634.5,210.5
107,7055,235.167,606.5,210.5
107,7058,235.267,526.5,228.5
107,7060,235.333,474.5,254.5
107,7061,235.367,454.5,266.5
107,7062,235.4,438.5,278.5
107,7064,235.467,394.5,272.5
107,7065,235.5,376.5,250.5
107,7066,235.533,362.5,234.5
107,7067,235.567,344.5,218.5
107,7069,235.633,312.5,202.5
107,7070,235.667,296.5,194.5
107,7071,235.7,284.5,190.5
107,7072,235.733,206.5,204.5
107,7073,235.767,256.5,194.5
107,7074,235.8,244.5,196.5
107,7077,235.9,322.5,182.5
107,7078,235.933,346.5,182.5
108,7085,236.167,816.5,344.5
108,7086,236.2,882.5,322.5
108,7087,236.233,920.5,322.5
108,7088,236.267,970.5,324.5
108,7089,236.3,1016.5,330.5
108,7090,236.333,1062.5,338.5
108,7091,236.367,1106.5,350.5
108,7092,236.4,1142.5,362.5
108,7093,236.433,1182.5,378.5
108,7094,236.467,1224.5,402.5
108,7096,236.533,1170.5,350.5
108,7097,236.567,1122.5,314.5
108,7098,236.6,1070.5,278.5
108,7099,236.633,1034.5,258.5
108,7100,236.667,966.5,220.5
108,7101,236.7,940.5,210.5
108,7102,236.733,906.5,196.5
108,7103,236.767,866.5,186.5
108,7104,236.8,840.5,178.5
108,7105,236.833,796.5,172.5
108,7107,236.9,748.5,172.5
108,7108,236.933,722.5,176.5
108,7109,236.967,698.5,178.5
108,7110,237.0,676.5,184.5
108,7112,237.067,634.5,202.5
108,7113,237.1,616.5,212.5
108,7114,237.133,600.5,222.5
108,7115,237.167,584.5,232.5
108,7116,237.2,570.5,248.5
108,7119,237.3,320.5,180.5
108,7120,237.333,322.5,176.5
108,7121,237.367,328.5,170.5
108,7122,237.4,334.5,170.5
108,7123,237.433,340.5,164.5
109,7193,239.767,564.5,202.5
109,7194,239.8,566.5,188.5
109,7195,239.833,568.5,172.5
109,7197,239.9,578.5,144.5
109,7199,239.967,584.5,114.5
109,7200,240.0,588.5,102.5
109,7201,240.033,592.5,90.5
109,7202,240.067,596.5,82.5
109,7203,240.1,600.5,76.5
109,7204,240.133,604.5,72.5
109,7205,240.167,608.5,70.5
109,7206,240.2,614.5,72.5
109,7207,240.233,620.5,74.5
109,7208,240.267,624.5,82.5
109,7209,240.3,628.5,90.5
109,7210,240.333,632.5,98.5
109,7211,240.367,638.5,114.5
109,7212,240.4,644.5,130.5
109,7213,240.433,650.5,150.5
110,7218,240.6,676.5,276.5
110,7220,240.667,686.5,342.5
110,7221,240.7,690.5,326.5
110,7222,240.733,694.5,306.5
110,7223,240.767,696.5,292.5
110,7224,240.8,702.5,276.5
110,7225,240.833,706.5,268.5
110,7226,240.867,710.5,260.5
110,7227,240.9,714.5,256.5
110,7228,240.933,722.5,254.5
110,7229,240.967,722.5,258.5
110,7230,241.0,728.5,264.5
110,7231,241.033,730.5,272.5
110,7232,241.067,734.5,282.5
110,7234,241.133,742.5,320.5
110,7235,241.167,744.5,342.5
110,7236,241.2,746.5,368.5
111,7277,242.567,430.5,214.5
111,7281,242.7,344.5,330.5
111,7283,242.767,344.5,330.5
111,7284,242.8,344.5,330.5
111,7285,242.833,344.5,330.5
111,7286,242.867,344.5,330.5
111,7287,242.9,344.5,332.5
111,7289,242.967,344.5,332.5
111,7291,243.033,358.5,344.5
111,7292,243.067,350.5,344.5
112,7303,243.433,358.5,230.5
112,7304,243.467,350.5,228.5
112,7305,243.5,342.5,224.5
112,7307,243.567,322.5,216.5
112,7308,243.6,316.5,214.5
112,7310,243.667,428.5,136.5
113,7315,243.833,1060.5,366.5
113,7319,243.967,920.5,436.5
113,7320,244.0,912.5,410.5
113,7321,244.033,898.5,368.5
113,7322,244.067,904.5,346.5
113,7323,244.1,906.5,326.5
113,7325,244.167,918.5,292.5
113,7326,244.2,922.5,278.5
113,7327,244.233,924.5,268.5
113,7328,244.267,928.5,264.5
113,7329,244.3,930.5,260.5
113,7330,244.333,934.5,266.5
113,7331,244.367,934.5,272.5
113,7332,244.4,934.5,284.5
113,7333,244.433,934.5,300.5
113,7335,244.5,932.5,334.5
113,7336,244.533,928.5,356.5
113,7337,244.567,926.5,384.5
113,7338,244.6,928.5,410.5
113,7341,244.7,938.5,394.5
113,7343,244.767,998.5,360.5
114,7348,244.933,598.5,260.5
114,7349,244.967,578.5,250.5
114,7350,245.0,560.5,244.5
114,7351,245.033,542.5,242.5
114,7352,245.067,522.5,244.5
114,7353,245.1,504.5,248.5
114,7354,245.133,492.5,250.5
114,7355,245.167,476.5,260.5
114,7356,245.2,464.5,266.5
114,7357,245.233,454.5,246.5
114,7358,245.267,438.5,228.5
114,7359,245.3,432.5,216.5
114,7360,245.333,420.5,206.5
114,7361,245.367,410.5,200.5
114,7362,245.4,430.5,198.5
114,7363,245.433,462.5,188.5
114,7364,245.467,494.5,186.5
114,7365,245.5,530.5,186.5
114,7366,245.533,560.5,188.5
114,7367,245.567,594.5,192.5
114,7368,245.6,632.5,198.5
114,7369,245.633,672.5,212.5
114,7370,245.667,696.5,218.5
114,7371,245.7,730.5,232.5
114,7372,245.733,766.5,250.5
114,7373,245.767,796.5,270.5
114,7374,245.8,834.5,294.5
114,7375,245.833,864.5,314.5
114,7376,245.867,896.5,342.5
114,7377,245.9,934.5,362.5
114,7378,245.933,974.5,348.5
114,7379,245.967,1004.5,340.5
114,7380,246.0,1038.5,334.5
114,7381,246.033,1074.5,330.5
114,7384,246.133,1012.5,272.5
114,7385,246.167,954.5,244.5
114,7386,246.2,912.5,230.5
114,7387,246.233,866.5,214.5
114,7388,246.267,828.5,208.5
114,7389,246.3,788.5,202.5
114,7390,246.333,752.5,198.5
114,7391,246.367,718.5,200.5
114,7392,246.4,684.5,204.5
114,7394,246.467,630.5,218.5
114,7395,246.5,602.5,228.5
114,7396,246.533,580.5,240.5
114,7397,246.567,564.5,250.5
114,7399,246.633,520.5,234.5
114,7400,246.667,504.5,218.5
114,7401,246.7,488.5,202.5
114,7402,246.733,472.5,190.5
114,7403,246.767,460.5,182.5
114,7404,246.8,446.5,172.5
114,7405,246.833,430.5,168.5
114,7407,246.9,436.5,174.5
114,7408,246.933,468.5,186.5
114,7409,246.967,500.5,200.5
114,7410,247.0,528.5,216.5
114,7411,247.033,562.5,238.5
114,7413,247.1,616.5,282.5
114,7417,247.233,766.5,422.5
114,7418,247.267,798.5,424.5
114,7420,247.333,886.5,444.5
114,7421,247.367,924.5,458.5
114,7422,247.4,964.5,478.5
114,7424,247.467,884.5,376.5
114,7426,247.533,792.5,294.5
114,7428,247.6,698.5,224.5
114,7430,247.667,626.5,180.5
114,7431,247.7,590.5,164.5
114,7432,247.733,562.5,156.5
114,7433,247.767,540.5,152.5
114,7435,247.833,494.5,152.5
114,7436,247.867,476.5,156.5
114,7437,247.9,458.5,162.5
114,7438,247.933,444.5,172.5
114,7439,247.967,430.5,182.5
114,7440,248.0,422.5,194.5
114,7441,248.033,410.5,210.5
114,7442,248.067,402.5,224.5
114,7443,248.1,394.5,240.5
114,7444,248.133,390.5,256.5
114,7445,248.167,378.5,234.5
114,7446,248.2,370.5,214.5
114,7447,248.233,360.5,190.5
114,7448,248.267,354.5,172.5
114,7449,248.3,348.5,156.5
114,7450,248.333,342.5,146.5
114,7451,248.367,334.5,134.5
114,7452,248.4,330.5,128.5
114,7456,248.533,388.5,118.5
114,7457,248.567,418.5,120.5
114,7458,248.6,448.5,122.5
114,7459,248.633,478.5,130.5
114,7460,248.667,508.5,138.5
114,7461,248.7,544.5,152.5
114,7462,248.733,576.5,164.5
114,7463,248.767,614.5,184.5
114,7464,248.8,642.5,200.5
114,7465,248.833,688.5,228.5
114,7467,248.9,752.5,276.5
114,7468,248.933,778.5,296.5
114,7470,249.0,854.5,370.5
114,7471,249.033,898.5,344.5
114,7472,249.067,932.5,332.5
114,7473,249.1,958.5,324.5
114,7474,249.133,1006.5,312.5
114,7475,249.167,1034.5,308.5
114,7476,249.2,1074.5,306.5
114,7477,249.233,1108.5,306.5
114,7478,249.267,1150.5,312.5
114,7479,249.3,1176.5,318.5
114,7480,249.333,1204.5,326.5
114,7482,249.4,1166.5,340.5
114,7483,249.433,1248.5,326.5
114,7487,249.567,1170.5,308.5
114,7490,249.667,1242.5,408.5
115,7495,249.833,400.5,210.5
115,7496,249.867,366.5,212.5
115,7497,249.9,342.5,216.5
115,7498,249.933,318.5,220.5
115,7499,249.967,298.5,228.5
115,7501,250.033,274.5,246.5
115,7502,250.067,242.5,258.5
115,7505,250.167,220.5,250.5
115,7506,250.2,212.5,248.5
115,7507,250.233,198.5,244.5
115,7508,250.267,184.5,244.5
115,7509,250.3,174.5,244.5
115,7511,250.367,192.5,226.5
115,7513,250.433,138.5,258.5
115,7514,250.467,130.5,266.5
115,7515,250.5,162.5,196.5
115,7517,250.567,110.5,298.5
115,7519,250.633,100.5,330.5
115,7520,250.667,96.5,346.5
115,7521,250.7,92.5,362.5
115,7522,250.733,88.5,382.5
115,7523,250.767,80.5,376.5
115,7524,250.8,74.5,374.5
115,7525,250.833,68.5,368.5
115,7526,250.867,60.5,368.5
115,7527,250.9,54.5,368.5
115,7528,250.933,48.5,370.5
115,7529,250.967,42.5,376.5
115,7530,251.0,38.5,380.5
115,7531,251.033,34.5,388.5
116,7642,254.733,238.5,168.5
116,7643,254.767,230.5,168.5
116,7645,254.833,220.5,170.5
116,7646,254.867,214.5,168.5
116,7649,254.967,194.5,174.5
116,7650,255.0,186.5,176.5
116,7652,255.067,174.5,182.5
116,7653,255.1,168.5,182.5
116,7654,255.133,160.5,184.5
116,7655,255.167,150.5,184.5
116,7656,255.2,144.5,184.5
117,7663,255.433,196.5,372.5
117,7667,255.567,118.5,378.5
117,7668,255.6,104.5,378.5
117,7670,255.667,194.5,460.5
117,7671,255.7,158.5,440.5
117,7675,255.833,72.5,304.5
