frame,x_px,y_px,score
0,956.5,30.5,0.61
2,956.5,30.5,0.686
4,956.5,30.5,0.647
5,956.5,30.5,0.577
7,312.5,676.5,0.976
9,288.5,484.5,0.968
10,78.5,286.5,0.952
13,310.5,676.5,0.863
14,82.5,106.5,0.916
16,326.5,202.5,0.533
17,324.5,170.5,0.972
18,962.5,346.5,0.513
23,80.5,404.5,0.97
24,80.5,392.5,0.953
25,86.5,384.5,0.943
26,92.5,376.5,0.982
27,98.5,370.5,0.935
29,280.5,122.5,0.881
38,338.5,216.5,0.696
45,376.5,152.5,0.618
46,402.5,152.5,0.912
51,1206.5,8.5,0.763
56,312.5,204.5,0.897
57,308.5,128.5,0.964
59,1206.5,8.5,0.877
60,222.5,616.5,0.916
61,884.5,102.5,0.562
62,884.5,102.5,0.69
63,884.5,100.5,0.563
64,884.5,100.5,0.632
65,884.5,102.5,0.643
67,884.5,100.5,0.715
68,884.5,100.5,0.612
69,884.5,100.5,0.664
70,392.5,426.5,0.926
71,884.5,100.5,0.639
72,884.5,100.5,0.625
73,884.5,100.5,0.631
74,114.5,474.5,0.903
75,884.5,100.5,0.62
76,884.5,100.5,0.643
77,884.5,100.5,0.633
78,314.5,678.5,0.7
79,314.5,678.5,0.871
80,354.5,554.5,0.952
81,314.5,678.5,0.815
82,962.5,28.5,0.711
83,962.5,28.5,0.882
84,886.5,102.5,0.946
85,886.5,102.5,0.875
86,886.5,102.5,0.957
87,888.5,102.5,0.946
88,886.5,102.5,0.959
89,886.5,102.5,0.94
90,886.5,102.5,0.982
91,960.5,28.5,0.949
92,962.5,28.5,0.968
93,888.5,102.5,0.972
94,888.5,102.5,0.955
95,888.5,102.5,0.953
96,962.5,28.5,0.974
97,890.5,102.5,0.936
98,962.5,26.5,0.978
99,962.5,28.5,0.939
100,888.5,102.5,0.911
101,890.5,102.5,0.987
102,962.5,28.5,0.899
103,960.5,26.5,0.989
104,890.5,100.5,0.975
105,962.5,28.5,0.909
106,962.5,26.5,0.968
107,1180.5,84.5,0.962
108,960.5,22.5,0.566
109,962.5,24.5,0.982
110,960.5,26.5,0.946
111,894.5,92.5,0.814
112,960.5,24.5,0.925
113,1006.5,96.5,0.934
114,890.5,92.5,0.973
115,962.5,24.5,0.761
116,956.5,100.5,0.987
118,338.5,196.5,0.946
119,960.5,22.5,0.672
123,306.5,90.5,0.956
124,230.5,236.5,0.954
125,1082.5,124.5,0.791
127,1078.5,126.5,0.919
128,1080.5,124.5,0.556
129,1082.5,124.5,0.973
130,1080.5,124.5,0.913
131,1080.5,126.5,0.959
133,1070.5,126.5,0.971
134,264.5,194.5,0.518
135,286.5,188.5,0.94
136,466.5,102.5,0.924
139,326.5,216.5,0.821
140,150.5,134.5,0.918
141,300.5,120.5,0.604
142,380.5,130.5,0.546
149,330.5,138.5,0.607
154,562.5,346.5,0.988
155,560.5,322.5,0.993
156,560.5,306.5,0.947
157,558.5,292.5,0.979
161,546.5,286.5,0.777
162,550.5,298.5,0.994
163,550.5,312.5,0.949
164,550.5,328.5,0.982
165,508.5,442.5,0.951
168,734.5,236.5,0.716
175,736.5,234.5,0.561
182,342.5,52.5,0.62
184,720.5,234.5,0.618
187,524.5,504.5,0.975
188,526.5,494.5,0.988
189,526.5,478.5,0.988
190,536.5,466.5,0.936
191,544.5,460.5,0.971
192,546.5,454.5,0.98
197,578.5,376.5,0.956
198,578.5,350.5,0.892
199,574.5,326.5,0.895
207,562.5,314.5,0.993
208,564.5,334.5,0.895
209,562.5,358.5,0.986
211,556.5,412.5,0.997
216,716.5,234.5,0.889
219,900.5,266.5,0.99
226,510.5,534.5,0.992
227,464.5,104.5,0.947
228,520.5,492.5,0.586
229,524.5,474.5,0.996
239,592.5,380.5,0.712
242,588.5,294.5,0.919
243,594.5,266.5,0.974
244,586.5,252.5,0.953
245,578.5,242.5,0.884
246,574.5,230.5,0.977
247,572.5,228.5,0.642
248,562.5,232.5,0.988
249,562.5,250.5,0.958
250,560.5,264.5,0.993
251,560.5,278.5,0.993
252,560.5,298.5,0.993
253,560.5,326.5,0.982
254,560.5,356.5,0.9
255,558.5,386.5,0.548
256,552.5,420.5,0.812
260,448.5,122.5,0.505
262,560.5,430.5,0.869
263,556.5,442.5,0.99
264,554.5,454.5,0.992
273,468.5,170.5,0.948
274,548.5,470.5,0.939
277,558.5,430.5,0.783
286,608.5,348.5,0.838
287,610.5,328.5,0.977
290,558.5,454.5,0.505
291,334.5,54.5,0.684
292,610.5,328.5,0.988
293,608.5,344.5,0.987
294,610.5,360.5,0.993
295,610.5,378.5,0.989
298,480.5,180.5,0.59
299,326.5,52.5,0.773
300,918.5,278.5,0.742
301,450.5,74.5,0.703
302,444.5,122.5,0.961
306,910.5,278.5,0.514
315,558.5,460.5,0.989
316,560.5,438.5,0.968
318,322.5,54.5,0.527
331,546.5,478.5,0.564
342,872.5,216.5,0.846
357,168.5,276.5,0.99
374,424.5,124.5,0.947
376,326.5,90.5,0.774
384,398.5,86.5,0.984
387,900.5,216.5,0.641
402,954.5,634.5,0.66
407,466.5,182.5,0.99
410,408.5,138.5,0.944
418,78.5,170.5,0.668
420,406.5,168.5,0.853
422,984.5,280.5,0.623
425,984.5,280.5,0.545
429,454.5,182.5,0.761
437,312.5,148.5,0.989
449,244.5,136.5,0.786
452,440.5,120.5,0.96
455,514.5,76.5,0.712
456,404.5,136.5,0.916
460,360.5,216.5,0.751
466,322.5,122.5,0.967
468,324.5,72.5,0.593
479,608.5,390.5,0.982
484,626.5,378.5,0.988
495,434.5,108.5,0.632
499,608.5,348.5,0.607
500,606.5,362.5,0.75
514,562.5,364.5,0.991
515,560.5,380.5,0.99
516,252.5,152.5,0.616
517,542.5,422.5,0.82
520,900.5,268.5,0.863
528,248.5,140.5,0.794
539,388.5,90.5,0.974
540,922.5,278.5,0.742
541,374.5,138.5,0.655
547,388.5,92.5,0.937
552,930.5,202.5,0.955
553,514.5,76.5,0.77
556,238.5,182.5,0.625
563,788.5,220.5,0.983
564,782.5,204.5,0.627
567,378.5,88.5,0.989
570,366.5,136.5,0.632
572,708.5,586.5,0.655
573,338.5,120.5,0.622
574,716.5,666.5,0.54
575,722.5,576.5,0.62
576,338.5,106.5,0.982
577,918.5,332.5,0.928
578,928.5,338.5,0.969
579,940.5,340.5,0.988
580,946.5,340.5,0.994
581,958.5,344.5,0.995
582,962.5,344.5,0.992
583,968.5,346.5,0.992
584,972.5,346.5,0.977
586,1036.5,570.5,0.612
587,1054.5,590.5,0.989
592,360.5,42.5,0.929
593,122.5,488.5,0.955
594,118.5,476.5,0.953
595,130.5,464.5,0.822
596,134.5,450.5,0.987
597,982.5,294.5,0.602
599,982.5,284.5,0.947
601,984.5,282.5,0.859
604,506.5,76.5,0.837
607,994.5,684.5,0.946
612,328.5,166.5,0.94
619,946.5,98.5,0.703
621,1192.5,426.5,0.977
622,1194.5,456.5,0.984
627,962.5,26.5,0.794
630,962.5,26.5,0.699
631,962.5,26.5,0.755
632,962.5,26.5,0.745
633,1086.5,424.5,0.96
635,962.5,26.5,0.587
636,1088.5,408.5,0.985
637,892.5,100.5,0.96
638,962.5,26.5,0.679
639,962.5,24.5,0.762
640,962.5,26.5,0.907
641,962.5,24.5,0.665
642,962.5,26.5,0.933
643,928.5,232.5,0.887
644,962.5,26.5,0.977
645,962.5,26.5,0.928
646,962.5,26.5,0.977
647,962.5,26.5,0.804
648,890.5,102.5,0.817
649,960.5,26.5,0.943
650,962.5,26.5,0.974
651,960.5,26.5,0.982
652,962.5,28.5,0.954
653,962.5,26.5,0.981
654,962.5,26.5,0.956
655,962.5,26.5,0.982
656,888.5,100.5,0.939
657,962.5,28.5,0.986
658,962.5,26.5,0.948
659,960.5,26.5,0.962
660,960.5,30.5,0.978
661,962.5,28.5,0.96
662,962.5,28.5,0.928
663,960.5,28.5,0.976
664,960.5,28.5,0.836
665,962.5,28.5,0.899
666,888.5,102.5,0.929
667,1206.5,10.5,0.663
668,450.5,136.5,0.931
669,882.5,102.5,0.631
670,956.5,28.5,0.576
671,886.5,100.5,0.958
672,884.5,100.5,0.62
673,958.5,30.5,0.547
674,884.5,102.5,0.768
676,886.5,102.5,0.594
681,312.5,676.5,0.539
682,958.5,30.5,0.573
683,958.5,30.5,0.609
684,958.5,30.5,0.563
685,884.5,100.5,0.574
687,958.5,30.5,0.596
688,958.5,30.5,0.612
689,958.5,30.5,0.646
690,958.5,30.5,0.592
691,958.5,30.5,0.634
692,958.5,30.5,0.751
694,734.5,292.5,0.854
695,692.5,272.5,0.996
696,654.5,258.5,0.995
697,624.5,246.5,0.995
698,594.5,240.5,0.993
699,560.5,234.5,0.998
700,532.5,230.5,0.998
701,510.5,230.5,0.999
702,478.5,232.5,0.993
703,958.5,30.5,0.549
704,1098.5,166.5,0.777
705,414.5,250.5,0.973
706,314.5,676.5,0.626
707,372.5,228.5,0.754
708,354.5,216.5,0.987
709,356.5,204.5,0.988
710,368.5,196.5,0.995
711,392.5,186.5,0.997
712,412.5,182.5,0.993
713,436.5,178.5,0.998
714,458.5,176.5,0.999
715,480.5,176.5,0.998
716,506.5,180.5,0.997
717,528.5,184.5,0.998
718,552.5,192.5,0.996
719,576.5,202.5,0.996
720,600.5,216.5,0.914
721,624.5,230.5,0.982
722,642.5,242.5,0.997
723,676.5,266.5,0.99
724,690.5,282.5,0.988
725,312.5,676.5,0.927
726,312.5,676.5,0.941
727,768.5,358.5,0.992
728,790.5,342.5,0.987
729,816.5,326.5,0.998
730,842.5,314.5,0.992
731,862.5,312.5,0.991
732,882.5,308.5,0.998
733,906.5,306.5,0.996
734,928.5,308.5,0.987
735,312.5,676.5,0.933
736,1118.5,482.5,0.983
737,756.5,260.5,0.986
738,312.5,676.5,0.963
739,312.5,676.5,0.963
740,312.5,676.5,0.962
741,566.5,232.5,0.991
742,528.5,230.5,0.999
743,498.5,228.5,0.998
744,458.5,232.5,0.972
745,422.5,234.5,0.995
746,402.5,238.5,0.994
747,312.5,676.5,0.962
748,312.5,676.5,0.963
749,312.5,676.5,0.948
750,358.5,202.5,0.992
751,386.5,196.5,0.993
752,408.5,192.5,0.989
753,436.5,190.5,0.998
754,462.5,192.5,0.998
755,486.5,194.5,0.991
756,516.5,202.5,0.998
757,542.5,208.5,0.997
758,420.5,602.5,0.989
759,594.5,228.5,0.987
760,622.5,242.5,0.988
761,312.5,676.5,0.944
762,680.5,276.5,0.988
763,312.5,676.5,0.948
764,312.5,676.5,0.96
765,1200.5,590.5,0.969
766,792.5,382.5,0.984
767,826.5,376.5,0.988
768,852.5,370.5,0.997
769,882.5,364.5,0.998
770,912.5,364.5,0.998
771,940.5,368.5,0.996
772,312.5,676.5,0.91
773,910.5,348.5,0.945
774,312.5,676.5,0.93
775,312.5,676.5,0.929
776,312.5,676.5,0.921
777,312.5,676.5,0.937
778,312.5,676.5,0.955
779,312.5,676.5,0.923
780,312.5,676.5,0.706
781,312.5,676.5,0.908
782,312.5,676.5,0.855
783,312.5,676.5,0.947
784,312.5,676.5,0.961
785,312.5,676.5,0.965
786,146.5,170.5,0.986
787,144.5,170.5,0.99
788,144.5,168.5,0.986
789,312.5,676.5,0.959
790,326.5,184.5,0.988
791,354.5,172.5,0.997
792,374.5,166.5,0.996
793,404.5,158.5,0.998
794,432.5,154.5,0.999
795,458.5,154.5,0.998
796,482.5,156.5,0.997
797,512.5,158.5,0.997
798,542.5,164.5,0.998
799,566.5,172.5,0.994
800,592.5,182.5,0.993
801,622.5,196.5,0.993
802,642.5,206.5,0.994
803,682.5,228.5,0.976
804,702.5,244.5,0.947
805,312.5,676.5,0.942
806,748.5,282.5,0.992
807,312.5,676.5,0.947
808,796.5,330.5,0.986
809,824.5,306.5,0.996
810,836.5,300.5,0.995
811,860.5,282.5,0.987
812,882.5,270.5,0.995
813,902.5,262.5,0.998
814,922.5,258.5,0.999
815,940.5,256.5,0.998
816,958.5,256.5,0.997
817,312.5,676.5,0.953
818,312.5,676.5,0.95
819,312.5,676.5,0.954
820,312.5,676.5,0.959
821,312.5,676.5,0.958
822,312.5,676.5,0.958
823,748.5,274.5,0.987
824,312.5,676.5,0.948
825,312.5,676.5,0.93
826,312.5,676.5,0.94
827,602.5,286.5,0.964
828,604.5,290.5,0.993
829,606.5,292.5,0.992
830,608.5,304.5,0.997
831,610.5,312.5,0.997
832,612.5,326.5,0.993
833,616.5,340.5,0.994
834,618.5,354.5,0.988
835,312.5,676.5,0.944
836,616.5,346.5,0.986
837,618.5,350.5,0.989
838,618.5,358.5,0.996
839,616.5,366.5,0.993
840,616.5,380.5,0.996
841,616.5,394.5,0.991
842,312.5,676.5,0.809
843,312.5,676.5,0.595
844,312.5,676.5,0.809
845,312.5,676.5,0.705
846,312.5,676.5,0.897
847,596.5,420.5,0.998
848,592.5,434.5,0.998
849,592.5,448.5,0.994
850,588.5,466.5,0.986
851,584.5,490.5,0.989
852,584.5,508.5,0.988
853,384.5,212.5,0.984
854,388.5,214.5,0.949
855,310.5,676.5,0.898
856,312.5,676.5,0.903
857,310.5,676.5,0.911
858,310.5,676.5,0.919
859,310.5,676.5,0.92
860,560.5,692.5,0.943
861,548.5,684.5,0.992
862,544.5,680.5,0.955
863,310.5,676.5,0.911
864,312.5,676.5,0.866
865,310.5,676.5,0.936
866,310.5,676.5,0.94
867,310.5,676.5,0.938
868,310.5,676.5,0.939
869,310.5,676.5,0.913
870,310.5,676.5,0.972
871,312.5,676.5,0.947
872,312.5,676.5,0.953
873,312.5,676.5,0.953
874,310.5,676.5,0.947
875,310.5,676.5,0.946
876,310.5,676.5,0.945
877,310.5,676.5,0.94
878,310.5,676.5,0.943
879,310.5,676.5,0.95
880,310.5,676.5,0.945
881,310.5,676.5,0.944
882,312.5,676.5,0.945
883,312.5,676.5,0.92
884,310.5,676.5,0.974
885,310.5,676.5,0.955
886,310.5,676.5,0.952
887,312.5,676.5,0.944
888,312.5,676.5,0.957
889,310.5,676.5,0.955
890,310.5,676.5,0.959
891,312.5,676.5,0.96
892,312.5,676.5,0.961
893,310.5,676.5,0.964
894,310.5,676.5,0.964
895,310.5,676.5,0.964
896,310.5,676.5,0.965
897,310.5,676.5,0.961
898,310.5,676.5,0.967
899,310.5,676.5,0.952
900,312.5,676.5,0.814
901,312.5,676.5,0.806
902,312.5,676.5,0.6
903,312.5,676.5,0.586
904,312.5,676.5,0.632
905,312.5,676.5,0.632
906,312.5,676.5,0.693
907,312.5,676.5,0.578
908,628.5,422.5,0.843
909,714.5,592.5,0.854
910,312.5,676.5,0.623
911,312.5,676.5,0.532
912,312.5,676.5,0.734
913,312.5,676.5,0.713
914,312.5,676.5,0.687
915,312.5,676.5,0.692
916,312.5,676.5,0.727
917,312.5,676.5,0.677
918,312.5,676.5,0.779
919,678.5,602.5,0.845
920,312.5,676.5,0.765
921,312.5,676.5,0.77
922,312.5,676.5,0.796
923,312.5,676.5,0.69
924,312.5,676.5,0.622
925,312.5,676.5,0.631
926,312.5,676.5,0.694
927,312.5,676.5,0.561
928,312.5,676.5,0.643
929,312.5,676.5,0.652
930,312.5,676.5,0.676
931,312.5,676.5,0.597
932,312.5,676.5,0.584
933,312.5,676.5,0.622
934,312.5,676.5,0.591
935,312.5,676.5,0.637
936,312.5,676.5,0.648
937,312.5,676.5,0.628
938,312.5,676.5,0.639
939,844.5,664.5,0.958
940,312.5,676.5,0.667
941,312.5,676.5,0.649
942,312.5,676.5,0.64
943,312.5,676.5,0.681
944,312.5,676.5,0.655
945,312.5,676.5,0.59
946,312.5,676.5,0.662
947,312.5,676.5,0.571
948,312.5,676.5,0.654
949,312.5,676.5,0.685
950,312.5,676.5,0.732
953,312.5,676.5,0.531
954,312.5,676.5,0.511
955,312.5,676.5,0.529
956,312.5,676.5,0.514
957,312.5,676.5,0.548
960,314.5,674.5,0.645
962,314.5,674.5,0.545
964,314.5,674.5,0.538
965,314.5,674.5,0.551
966,314.5,676.5,0.623
967,314.5,676.5,0.542
968,386.5,358.5,0.608
969,386.5,356.5,0.686
970,314.5,676.5,0.526
971,386.5,356.5,0.944
972,386.5,356.5,0.79
973,384.5,354.5,0.711
976,266.5,536.5,0.91
981,422.5,152.5,0.505
983,350.5,538.5,0.98
984,348.5,538.5,0.76
992,276.5,540.5,0.979
993,976.5,364.5,0.93
996,418.5,134.5,0.593
1000,312.5,676.5,0.834
1001,312.5,676.5,0.776
1002,984.5,406.5,0.896
1003,312.5,676.5,0.735
1004,312.5,676.5,0.727
1005,312.5,676.5,0.755
1006,312.5,676.5,0.755
1007,312.5,676.5,0.779
1008,996.5,354.5,0.862
1009,996.5,354.5,0.988
1010,994.5,360.5,0.979
1012,312.5,676.5,0.871
1013,312.5,676.5,0.76
1014,312.5,676.5,0.738
1015,756.5,290.5,0.998
1016,714.5,274.5,0.991
1017,684.5,264.5,0.993
1018,630.5,248.5,0.997
1019,602.5,244.5,0.996
1020,568.5,242.5,0.997
1021,542.5,238.5,0.997
1023,478.5,246.5,0.992
1024,456.5,248.5,0.984
1025,314.5,676.5,0.513
1026,314.5,676.5,0.615
1027,382.5,232.5,0.897
1028,454.5,182.5,0.922
1029,314.5,676.5,0.521
1030,1096.5,166.5,0.791
1031,314.5,676.5,0.606
1033,1222.5,636.5,0.968
1034,314.5,676.5,0.656
1035,418.5,154.5,0.996
1036,446.5,150.5,0.999
1037,470.5,148.5,0.998
1038,498.5,146.5,0.999
1039,530.5,148.5,0.999
1040,558.5,152.5,0.999
1041,582.5,156.5,0.996
1042,610.5,164.5,0.983
1043,640.5,176.5,0.998
1044,682.5,194.5,0.934
1047,766.5,248.5,0.916
1048,312.5,676.5,0.626
1049,828.5,300.5,0.954
1050,868.5,340.5,0.993
1051,898.5,372.5,0.991
1052,932.5,410.5,0.998
1053,960.5,444.5,0.803
1054,990.5,484.5,0.991
1055,1026.5,532.5,0.979
1056,1052.5,572.5,0.996
1057,1082.5,618.5,0.983
1058,1116.5,676.5,0.914
1059,1138.5,708.5,0.828
1067,312.5,676.5,0.704
1074,312.5,676.5,0.505
1094,430.5,134.5,0.93
1096,1246.5,266.5,0.986
1098,1090.5,596.5,0.934
1100,1200.5,248.5,0.826
1102,874.5,350.5,0.946
1103,842.5,312.5,0.985
1104,312.5,676.5,0.629
1105,864.5,330.5,0.837
1106,312.5,676.5,0.592
1107,312.5,676.5,0.591
1108,312.5,676.5,0.652
1109,312.5,676.5,0.628
1110,594.5,126.5,0.993
1111,568.5,122.5,0.996
1112,544.5,118.5,0.993
1113,516.5,120.5,0.998
1114,498.5,124.5,0.998
1115,476.5,132.5,0.995
1116,456.5,140.5,0.996
1117,440.5,152.5,0.996
1118,422.5,166.5,0.995
1119,408.5,182.5,0.994
1120,620.5,508.5,0.993
1121,312.5,676.5,0.965
1122,578.5,524.5,0.984
1123,312.5,676.5,0.966
1124,312.5,676.5,0.962
1125,312.5,676.5,0.967
1126,312.5,676.5,0.969
1127,312.5,676.5,0.972
1128,312.5,676.5,0.953
1129,312.5,676.5,0.957
1130,312.5,676.5,0.957
1131,312.5,676.5,0.957
1132,312.5,676.5,0.953
1133,312.5,676.5,0.961
1134,312.5,676.5,0.958
1135,312.5,676.5,0.945
1136,312.5,676.5,0.976
1137,312.5,676.5,0.976
1138,312.5,676.5,0.975
1139,312.5,676.5,0.972
1140,312.5,676.5,0.973
1141,312.5,676.5,0.967
1142,312.5,676.5,0.967
1143,312.5,676.5,0.971
1144,312.5,676.5,0.971
1145,312.5,676.5,0.973
1146,312.5,676.5,0.968
1147,312.5,676.5,0.978
1148,312.5,676.5,0.978
1149,312.5,676.5,0.979
1150,312.5,676.5,0.979
1151,312.5,676.5,0.979
1152,312.5,676.5,0.981
1153,312.5,676.5,0.98
1154,312.5,676.5,0.977
1155,878.5,342.5,0.986
1156,312.5,676.5,0.969
1157,886.5,340.5,0.916
1158,1208.5,600.5,0.991
1159,476.5,586.5,0.957
1161,312.5,676.5,0.953
1162,312.5,678.5,0.555
1163,530.5,538.5,0.991
1164,310.5,676.5,0.924
1165,310.5,676.5,0.97
1166,734.5,494.5,0.604
1167,310.5,678.5,0.759
1168,312.5,676.5,0.902
1169,674.5,592.5,0.961
1170,706.5,600.5,0.997
1173,312.5,676.5,0.781
1174,310.5,676.5,0.908
1175,310.5,676.5,0.947
1176,310.5,676.5,0.964
1177,310.5,678.5,0.661
1178,310.5,676.5,0.986
1179,310.5,676.5,0.866
1180,312.5,676.5,0.976
1181,312.5,676.5,0.987
1182,312.5,674.5,0.94
1183,310.5,676.5,0.983
1184,314.5,674.5,0.969
1185,312.5,676.5,0.973
1186,312.5,676.5,0.98
1187,310.5,676.5,0.986
1188,312.5,676.5,0.961
1189,312.5,676.5,0.981
1190,312.5,676.5,0.981
1191,312.5,676.5,0.981
1192,312.5,676.5,0.979
1193,310.5,676.5,0.98
1194,312.5,676.5,0.98
1195,312.5,676.5,0.974
1196,310.5,676.5,0.984
1197,312.5,676.5,0.976
1198,310.5,676.5,0.985
1199,310.5,676.5,0.904
1200,310.5,676.5,0.961
1201,310.5,676.5,0.962
1202,312.5,676.5,0.955
1203,312.5,676.5,0.971
1204,312.5,676.5,0.965
1205,312.5,676.5,0.971
1206,312.5,676.5,0.97
1207,312.5,676.5,0.963
1208,312.5,676.5,0.969
1209,312.5,676.5,0.975
1210,1100.5,564.5,0.98
1211,310.5,676.5,0.976
1212,310.5,676.5,0.979
1213,312.5,676.5,0.973
1214,312.5,676.5,0.97
1215,310.5,676.5,0.959
1216,310.5,676.5,0.983
1217,310.5,676.5,0.976
1218,310.5,676.5,0.972
1219,310.5,676.5,0.977
1220,312.5,676.5,0.974
1221,312.5,676.5,0.977
1222,312.5,676.5,0.976
1223,310.5,676.5,0.978
1224,312.5,676.5,0.967
1225,312.5,676.5,0.974
1226,312.5,676.5,0.973
1227,312.5,676.5,0.983
1228,312.5,676.5,0.981
1229,312.5,676.5,0.981
1230,312.5,676.5,0.98
1231,312.5,676.5,0.98
1232,312.5,676.5,0.977
1233,312.5,676.5,0.976
1234,312.5,676.5,0.972
1235,312.5,676.5,0.974
1236,312.5,676.5,0.965
1237,312.5,676.5,0.968
1238,312.5,676.5,0.972
1239,312.5,676.5,0.97
1240,312.5,676.5,0.972
1241,312.5,676.5,0.972
1242,312.5,676.5,0.975
1243,312.5,676.5,0.974
1244,558.5,264.5,0.981
1245,312.5,676.5,0.974
1246,312.5,676.5,0.976
1247,670.5,278.5,0.989
1248,312.5,676.5,0.976
1249,312.5,676.5,0.973
1250,1010.5,640.5,0.973
1251,314.5,674.5,0.703
1252,834.5,332.5,0.995
1253,870.5,316.5,0.996
1254,894.5,314.5,0.998
1255,926.5,308.5,0.998
1256,950.5,308.5,0.992
1257,1084.5,584.5,0.842
1258,996.5,562.5,0.987
1259,990.5,568.5,0.978
1260,944.5,284.5,0.992
1261,890.5,268.5,0.992
1262,952.5,358.5,0.992
1263,784.5,248.5,0.991
1264,314.5,676.5,0.845
1265,714.5,242.5,0.983
1266,644.5,242.5,0.976
1267,618.5,250.5,0.989
1268,588.5,252.5,0.996
1269,314.5,674.5,0.915
1270,314.5,676.5,0.907
1271,314.5,676.5,0.913
1272,314.5,676.5,0.914
1273,314.5,676.5,0.911
1274,314.5,674.5,0.924
1275,314.5,676.5,0.938
1276,314.5,676.5,0.939
1277,314.5,676.5,0.955
1278,314.5,676.5,0.938
1279,370.5,196.5,0.997
1280,314.5,676.5,0.815
1281,314.5,676.5,0.864
1282,434.5,198.5,0.997
1283,456.5,204.5,0.995
1284,482.5,216.5,0.998
1285,506.5,226.5,0.996
1286,524.5,234.5,0.997
1287,314.5,676.5,0.893
1288,314.5,676.5,0.839
1289,596.5,294.5,0.9
1290,622.5,326.5,0.573
1291,1158.5,582.5,0.917
1292,668.5,378.5,0.992
1293,694.5,390.5,0.995
1294,720.5,378.5,0.996
1295,740.5,374.5,0.993
1296,766.5,372.5,0.994
1297,786.5,372.5,0.995
1298,812.5,374.5,0.998
1299,832.5,380.5,0.992
1300,834.5,400.5,0.872
1301,314.5,676.5,0.66
1302,276.5,384.5,0.982
1303,266.5,382.5,0.988
1304,314.5,676.5,0.631
1305,314.5,676.5,0.616
1306,314.5,676.5,0.651
1307,314.5,676.5,0.55
1308,314.5,676.5,0.558
1309,314.5,676.5,0.554
1310,314.5,676.5,0.616
1311,314.5,676.5,0.614
1312,314.5,676.5,0.603
1313,314.5,676.5,0.608
1314,314.5,676.5,0.635
1315,286.5,224.5,0.966
1316,222.5,384.5,0.974
1318,222.5,372.5,0.952
1319,218.5,370.5,0.502
1320,220.5,616.5,0.543
1321,334.5,170.5,0.893
1322,362.5,170.5,0.842
1323,388.5,172.5,0.991
1324,416.5,176.5,0.999
1325,444.5,182.5,0.999
1326,468.5,188.5,0.998
1327,498.5,202.5,0.99
1328,528.5,216.5,0.99
1329,556.5,230.5,0.992
1330,582.5,246.5,0.997
1336,768.5,432.5,0.988
1337,800.5,422.5,0.995
1338,834.5,410.5,0.998
1339,864.5,404.5,0.998
1340,896.5,396.5,0.995
1341,930.5,396.5,0.998
1342,952.5,396.5,0.996
1343,968.5,394.5,0.995
1347,314.5,220.5,0.583
1350,438.5,180.5,0.919
1353,334.5,260.5,0.994
1354,320.5,260.5,0.995
1357,204.5,210.5,0.749
1358,256.5,100.5,0.808
1359,246.5,298.5,0.995
1360,240.5,308.5,0.997
1361,254.5,100.5,0.552
1368,238.5,302.5,0.958
1369,246.5,304.5,0.994
1370,252.5,308.5,0.995
1375,294.5,212.5,0.603
1377,290.5,326.5,0.942
1378,290.5,326.5,0.935
1379,292.5,324.5,0.563
1380,504.5,586.5,0.543
1383,300.5,320.5,0.917
1391,504.5,586.5,0.508
1393,1134.5,614.5,0.996
1405,1088.5,356.5,0.855
1411,314.5,676.5,0.523
1412,314.5,676.5,0.518
1413,314.5,676.5,0.509
1415,314.5,676.5,0.52
1416,314.5,676.5,0.54
1417,314.5,676.5,0.517
1418,314.5,676.5,0.541
1419,314.5,676.5,0.55
1421,314.5,676.5,0.568
1422,314.5,676.5,0.559
1423,314.5,676.5,0.527
1424,1168.5,580.5,0.554
1425,314.5,676.5,0.513
1426,1066.5,422.5,0.99
1427,1068.5,458.5,0.876
1428,314.5,676.5,0.552
1429,314.5,676.5,0.546
1430,314.5,676.5,0.594
1431,204.5,136.5,0.801
1432,192.5,136.5,0.965
1433,314.5,676.5,0.572
1435,314.5,676.5,0.659
1438,340.5,106.5,0.826
1439,1166.5,582.5,0.748
1448,398.5,222.5,0.845
1449,398.5,222.5,0.9
1450,398.5,222.5,0.835
1451,402.5,226.5,0.902
1463,314.5,676.5,0.846
1464,312.5,676.5,0.806
1465,314.5,676.5,0.553
1467,502.5,588.5,0.55
1468,502.5,588.5,0.503
1470,1208.5,266.5,0.986
1474,1146.5,608.5,0.936
1493,502.5,588.5,0.508
1496,502.5,588.5,0.588
1497,314.5,676.5,0.59
1498,502.5,588.5,0.521
1500,312.5,674.5,0.98
1501,312.5,674.5,0.959
1502,312.5,674.5,0.958
1503,312.5,674.5,0.954
1504,312.5,674.5,0.962
1505,314.5,674.5,0.957
1506,314.5,674.5,0.949
1507,312.5,674.5,0.955
1508,312.5,674.5,0.965
1509,312.5,674.5,0.973
1510,312.5,674.5,0.974
1511,312.5,674.5,0.975
1512,312.5,674.5,0.974
1513,312.5,674.5,0.976
1514,312.5,674.5,0.983
1515,312.5,674.5,0.984
1516,312.5,674.5,0.984
1517,312.5,674.5,0.983
1518,1214.5,672.5,0.983
1519,1212.5,666.5,0.989
1520,312.5,674.5,0.98
1521,312.5,674.5,0.981
1522,312.5,674.5,0.98
1523,312.5,674.5,0.98
1524,312.5,674.5,0.979
1525,312.5,674.5,0.982
1526,312.5,674.5,0.984
1527,312.5,674.5,0.983
1528,312.5,674.5,0.984
1529,1098.5,580.5,0.986
1530,312.5,674.5,0.98
1531,312.5,674.5,0.982
1532,312.5,674.5,0.981
1533,312.5,674.5,0.984
1534,312.5,674.5,0.985
1535,312.5,674.5,0.985
1536,312.5,674.5,0.984
1537,312.5,674.5,0.982
1538,312.5,674.5,0.986
1539,312.5,674.5,0.985
1540,312.5,674.5,0.985
1541,312.5,674.5,0.985
1542,312.5,676.5,0.985
1543,312.5,674.5,0.984
1544,312.5,674.5,0.983
1545,312.5,674.5,0.983
1546,312.5,674.5,0.983
1547,312.5,674.5,0.984
1548,312.5,674.5,0.983
1549,312.5,674.5,0.984
1550,312.5,676.5,0.985
1551,312.5,676.5,0.985
1552,312.5,674.5,0.985
1553,312.5,676.5,0.985
1554,312.5,676.5,0.985
1555,312.5,674.5,0.985
1556,312.5,674.5,0.987
1557,312.5,674.5,0.986
1558,312.5,674.5,0.986
1559,312.5,676.5,0.986
1560,312.5,674.5,0.973
1561,312.5,674.5,0.981
1562,312.5,674.5,0.947
1563,314.5,674.5,0.953
1564,314.5,674.5,0.945
1565,314.5,674.5,0.902
1566,314.5,674.5,0.913
1567,314.5,674.5,0.913
1568,314.5,674.5,0.909
1569,312.5,676.5,0.915
1570,314.5,674.5,0.937
1571,312.5,674.5,0.946
1572,312.5,674.5,0.947
1573,312.5,674.5,0.959
1574,314.5,674.5,0.859
1575,314.5,674.5,0.905
1576,314.5,674.5,0.931
1577,314.5,674.5,0.914
1578,314.5,674.5,0.913
1579,314.5,674.5,0.913
1580,314.5,674.5,0.907
1581,314.5,674.5,0.914
1582,314.5,674.5,0.904
1583,314.5,674.5,0.923
1584,314.5,674.5,0.902
1585,314.5,674.5,0.903
1586,314.5,674.5,0.911
1587,314.5,674.5,0.921
1588,314.5,674.5,0.931
1589,314.5,674.5,0.938
1590,1118.5,558.5,0.992
1591,314.5,674.5,0.938
1592,314.5,674.5,0.926
1593,314.5,674.5,0.925
1594,314.5,674.5,0.938
1595,314.5,674.5,0.908
1596,314.5,674.5,0.959
1597,314.5,674.5,0.971
1598,312.5,674.5,0.975
1599,314.5,674.5,0.955
1600,312.5,674.5,0.986
1601,312.5,674.5,0.98
1602,312.5,674.5,0.984
1603,312.5,674.5,0.976
1604,312.5,674.5,0.982
1605,312.5,674.5,0.981
1606,312.5,674.5,0.981
1607,312.5,674.5,0.979
1608,312.5,674.5,0.984
1609,314.5,674.5,0.908
1610,314.5,674.5,0.918
1611,314.5,674.5,0.911
1612,314.5,674.5,0.919
1613,314.5,674.5,0.919
1614,314.5,674.5,0.917
1615,314.5,674.5,0.919
1616,314.5,674.5,0.88
1617,314.5,674.5,0.897
1618,314.5,674.5,0.904
1619,314.5,674.5,0.917
1620,312.5,676.5,0.944
1621,312.5,676.5,0.943
1622,314.5,674.5,0.903
1623,312.5,676.5,0.921
1624,314.5,674.5,0.911
1625,312.5,676.5,0.915
1626,314.5,676.5,0.892
1627,314.5,676.5,0.871
1628,314.5,676.5,0.883
1629,314.5,676.5,0.851
1630,312.5,676.5,0.971
1631,312.5,676.5,0.946
1632,312.5,676.5,0.953
1633,312.5,674.5,0.942
1634,312.5,674.5,0.929
1635,312.5,674.5,0.922
1636,312.5,674.5,0.93
1637,312.5,674.5,0.949
1638,314.5,676.5,0.703
1639,314.5,676.5,0.843
1640,314.5,676.5,0.829
1641,314.5,676.5,0.801
1642,314.5,676.5,0.758
1643,314.5,676.5,0.865
1644,314.5,676.5,0.701
1645,388.5,356.5,0.927
1646,312.5,674.5,0.963
1647,386.5,356.5,0.987
1648,312.5,674.5,0.933
1649,312.5,674.5,0.926
1650,312.5,676.5,0.914
1651,312.5,676.5,0.911
1652,312.5,676.5,0.863
1653,312.5,676.5,0.894
1654,312.5,676.5,0.893
1655,312.5,676.5,0.893
1656,312.5,676.5,0.899
1657,312.5,676.5,0.895
1658,312.5,676.5,0.903
1659,312.5,676.5,0.898
1660,312.5,676.5,0.892
1661,312.5,676.5,0.898
1662,312.5,676.5,0.89
1663,312.5,676.5,0.905
1664,312.5,676.5,0.915
1665,312.5,676.5,0.906
1666,312.5,674.5,0.917
1667,312.5,674.5,0.922
1668,312.5,676.5,0.899
1669,312.5,674.5,0.916
1670,314.5,674.5,0.901
1671,314.5,674.5,0.901
1672,312.5,676.5,0.899
1673,312.5,676.5,0.898
1674,314.5,674.5,0.864
1675,312.5,674.5,0.924
1676,312.5,674.5,0.922
1677,312.5,674.5,0.91
1678,312.5,676.5,0.903
1679,312.5,674.5,0.928
1680,314.5,674.5,0.811
1681,312.5,674.5,0.949
1682,314.5,674.5,0.875
1683,314.5,674.5,0.926
1684,314.5,674.5,0.798
1685,314.5,674.5,0.762
1686,224.5,232.5,0.878
1687,224.5,234.5,0.987
1688,220.5,230.5,0.922
1689,1050.5,470.5,0.952
1690,314.5,674.5,0.849
1691,314.5,674.5,0.881
1692,314.5,674.5,0.857
1693,314.5,674.5,0.862
1694,314.5,674.5,0.893
1695,314.5,674.5,0.848
1696,1200.5,568.5,0.86
1697,314.5,674.5,0.781
1698,314.5,674.5,0.816
1699,314.5,674.5,0.827
1700,314.5,674.5,0.863
1701,314.5,674.5,0.855
1702,314.5,674.5,0.915
1703,314.5,674.5,0.876
1704,314.5,674.5,0.912
1705,314.5,674.5,0.93
1706,314.5,674.5,0.943
1707,314.5,674.5,0.946
1708,314.5,674.5,0.92
1709,312.5,674.5,0.949
1710,314.5,674.5,0.908
1711,1054.5,470.5,0.981
1712,1050.5,470.5,0.993
1713,312.5,676.5,0.893
1714,312.5,676.5,0.922
1715,312.5,676.5,0.937
1716,312.5,676.5,0.908
1717,312.5,676.5,0.91
1718,314.5,674.5,0.915
1719,314.5,674.5,0.917
1720,314.5,674.5,0.917
1721,314.5,674.5,0.925
1722,1196.5,536.5,0.98
1723,312.5,676.5,0.934
1724,1198.5,532.5,0.963
1725,312.5,676.5,0.941
1726,312.5,676.5,0.91
1727,314.5,674.5,0.905
1728,1200.5,526.5,0.957
1729,1198.5,532.5,0.948
1730,1198.5,526.5,0.98
1731,314.5,674.5,0.918
1732,1198.5,526.5,0.934
1733,1196.5,530.5,0.952
1734,236.5,218.5,0.989
1735,230.5,212.5,0.99
1736,1160.5,582.5,0.977
1737,314.5,674.5,0.918
1738,312.5,676.5,0.937
1739,314.5,676.5,0.91
1740,314.5,674.5,0.94
1741,314.5,674.5,0.925
1742,314.5,674.5,0.914
1743,314.5,674.5,0.874
1744,314.5,674.5,0.906
1745,314.5,674.5,0.896
1746,314.5,674.5,0.906
1747,314.5,676.5,0.871
1748,314.5,676.5,0.885
1749,314.5,674.5,0.906
1750,314.5,676.5,0.59
1751,1192.5,540.5,0.961
1752,560.5,274.5,0.951
1753,592.5,278.5,0.977
1754,618.5,282.5,0.997
1755,652.5,292.5,0.965
1756,686.5,300.5,0.875
1757,716.5,316.5,0.977
1758,1074.5,554.5,0.665
1759,784.5,348.5,0.991
1760,810.5,342.5,0.945
1761,842.5,330.5,0.997
1762,874.5,322.5,0.995
1763,898.5,322.5,0.998
1764,924.5,324.5,0.997
1765,946.5,328.5,0.988
1766,968.5,330.5,0.99
1768,934.5,374.5,0.716
1769,1122.5,520.5,0.976
1770,1120.5,516.5,0.968
1771,1118.5,512.5,0.977
1772,1116.5,506.5,0.995
1773,638.5,228.5,0.998
1774,610.5,228.5,0.996
1775,580.5,228.5,0.997
1776,550.5,234.5,0.997
1777,528.5,236.5,0.996
1778,1100.5,498.5,0.989
1780,446.5,230.5,0.989
1781,430.5,216.5,0.995
1782,408.5,202.5,0.961
1783,398.5,196.5,0.997
1784,416.5,186.5,0.988
1785,442.5,180.5,0.998
1786,470.5,172.5,0.998
1787,494.5,170.5,0.998
1788,520.5,170.5,0.991
1789,546.5,172.5,0.998
1790,572.5,178.5,0.999
1791,598.5,184.5,0.987
1792,626.5,192.5,0.995
1793,644.5,200.5,0.996
1794,682.5,218.5,0.984
1795,708.5,232.5,0.948
1796,736.5,250.5,0.974
1797,760.5,266.5,0.997
1798,794.5,292.5,0.972
1799,828.5,324.5,0.906
1800,850.5,344.5,0.984
1801,884.5,390.5,0.97
1802,916.5,374.5,0.99
1803,950.5,362.5,0.993
1804,986.5,354.5,0.99
1805,1018.5,348.5,0.959
1806,1048.5,346.5,0.958
1807,1076.5,346.5,0.988
1808,1104.5,348.5,0.97
1811,948.5,280.5,0.895
1813,788.5,244.5,0.939
1814,314.5,676.5,0.513
1815,694.5,228.5,0.993
1816,626.5,226.5,0.878
1817,598.5,226.5,0.687
1818,554.5,226.5,0.994
1819,514.5,228.5,0.998
1820,478.5,232.5,0.966
1821,312.5,676.5,0.507
1823,314.5,676.5,0.624
1824,314.5,676.5,0.601
1825,314.5,676.5,0.613
1826,314.5,676.5,0.522
1827,314.5,676.5,0.551
1828,368.5,188.5,0.995
1829,392.5,186.5,0.998
1830,420.5,186.5,0.999
1831,450.5,184.5,1.0
1832,478.5,186.5,0.999
1833,514.5,194.5,0.997
1834,546.5,200.5,0.996
1835,580.5,210.5,0.991
1836,604.5,218.5,0.884
1837,638.5,232.5,0.979
1838,684.5,256.5,0.97
1839,718.5,276.5,0.994
1840,284.5,200.5,0.986
1841,314.5,676.5,0.636
1842,826.5,358.5,0.966
1843,854.5,378.5,0.988
1844,220.5,394.5,0.9
1845,220.5,394.5,0.803
1846,966.5,488.5,0.993
1847,1002.5,532.5,0.995
1848,1036.5,570.5,0.996
1849,1066.5,608.5,0.995
1850,1094.5,648.5,0.995
1851,1134.5,694.5,0.998
1852,1164.5,684.5,0.996
1853,1186.5,678.5,0.928
1854,314.5,676.5,0.577
1855,314.5,676.5,0.603
1856,314.5,676.5,0.589
1867,312.5,676.5,0.632
1868,312.5,676.5,0.64
1869,312.5,676.5,0.581
1870,312.5,676.5,0.516
1871,312.5,676.5,0.829
1872,312.5,676.5,0.754
1873,312.5,676.5,0.774
1874,312.5,676.5,0.764
1875,312.5,676.5,0.818
1876,312.5,676.5,0.777
1877,312.5,676.5,0.735
1878,312.5,676.5,0.716
1879,486.5,122.5,0.896
1880,1224.5,710.5,0.798
1881,312.5,676.5,0.783
1882,1216.5,710.5,0.979
1883,312.5,676.5,0.754
1884,312.5,676.5,0.747
1885,312.5,676.5,0.71
1886,312.5,676.5,0.687
1887,312.5,676.5,0.688
1888,312.5,676.5,0.617
1889,312.5,676.5,0.704
1890,312.5,676.5,0.539
1891,968.5,108.5,0.605
1892,312.5,676.5,0.539
1893,314.5,676.5,0.553
1894,312.5,676.5,0.645
1896,314.5,676.5,0.672
1897,1152.5,406.5,0.504
1898,314.5,674.5,0.531
1899,312.5,674.5,0.536
1900,312.5,674.5,0.542
1902,312.5,674.5,0.547
1903,1150.5,334.5,0.632
1904,312.5,674.5,0.528
1905,312.5,674.5,0.585
1913,1060.5,458.5,0.516
1914,1052.5,436.5,0.876
1915,1040.5,416.5,0.978
1917,292.5,138.5,0.521
1918,1014.5,372.5,0.911
1920,268.5,108.5,0.982
1921,260.5,104.5,0.991
1924,314.5,676.5,0.678
1925,314.5,676.5,0.707
1926,314.5,676.5,0.714
1928,314.5,676.5,0.572
1929,314.5,676.5,0.738
1930,314.5,676.5,0.744
1931,314.5,676.5,0.791
1932,314.5,676.5,0.555
1933,986.5,568.5,0.733
1934,314.5,676.5,0.573
1935,314.5,676.5,0.667
1936,314.5,676.5,0.726
1937,980.5,548.5,0.963
1938,314.5,676.5,0.561
1939,314.5,676.5,0.527
1945,722.5,266.5,0.704
1946,314.5,676.5,0.601
1947,550.5,532.5,0.842
1948,314.5,676.5,0.615
1949,314.5,676.5,0.581
1950,314.5,676.5,0.605
1951,314.5,676.5,0.593
1952,314.5,676.5,0.643
1953,314.5,676.5,0.64
1954,314.5,676.5,0.673
1955,314.5,676.5,0.642
1956,314.5,676.5,0.631
1957,314.5,676.5,0.633
1958,314.5,676.5,0.651
1959,314.5,676.5,0.663
1960,314.5,676.5,0.682
1961,314.5,676.5,0.679
1962,314.5,676.5,0.693
1963,314.5,676.5,0.666
1964,314.5,676.5,0.648
1965,314.5,676.5,0.651
1966,314.5,676.5,0.635
1967,314.5,676.5,0.637
1968,1194.5,8.5,0.624
1973,480.5,596.5,0.966
1975,478.5,598.5,0.975
1976,478.5,596.5,0.963
1982,524.5,530.5,0.995
1983,544.5,522.5,0.993
1984,564.5,520.5,0.963
1985,582.5,528.5,0.992
1986,600.5,538.5,0.99
1996,824.5,666.5,0.924
1997,862.5,594.5,0.884
1999,1012.5,312.5,0.987
2003,866.5,618.5,0.7
2005,886.5,100.5,0.618
2008,842.5,698.5,0.769
2009,846.5,690.5,0.845
2010,848.5,666.5,0.988
2011,1198.5,8.5,0.524
2017,1198.5,36.5,0.866
2025,432.5,118.5,0.966
2027,420.5,138.5,0.599
2041,872.5,326.5,0.941
2043,948.5,420.5,0.691
2046,868.5,348.5,0.692
2047,872.5,350.5,0.6
2048,968.5,108.5,0.727
2050,822.5,306.5,0.992
2051,782.5,290.5,0.868
2052,744.5,276.5,0.973
2053,716.5,264.5,0.927
2054,682.5,256.5,0.996
2055,634.5,246.5,0.996
2056,614.5,246.5,0.994
2057,586.5,246.5,0.995
2058,562.5,246.5,0.997
2059,534.5,252.5,0.991
2061,488.5,228.5,0.991
2062,472.5,218.5,0.997
2063,456.5,212.5,0.997
2064,436.5,202.5,0.983
2065,416.5,202.5,0.694
2066,410.5,200.5,0.997
2067,432.5,194.5,0.99
2068,462.5,188.5,0.997
2069,488.5,188.5,0.973
2070,516.5,190.5,0.995
2071,540.5,194.5,0.999
2072,566.5,196.5,0.995
2073,594.5,204.5,0.995
2074,622.5,214.5,0.995
2075,642.5,222.5,0.997
2076,684.5,242.5,0.982
2077,702.5,252.5,0.977
2078,730.5,272.5,0.988
2079,756.5,290.5,0.997
2080,784.5,326.5,0.982
2081,816.5,328.5,0.994
2082,850.5,314.5,0.994
2083,872.5,314.5,0.984
2084,896.5,312.5,0.998
2085,924.5,314.5,0.997
2086,916.5,380.5,0.986
2087,892.5,380.5,0.976
2088,1020.5,452.5,0.644
2089,754.5,262.5,0.994
2090,732.5,258.5,0.99
2091,684.5,254.5,0.994
2092,628.5,250.5,0.992
2093,606.5,252.5,0.994
2094,560.5,252.5,0.992
2095,530.5,262.5,0.645
2096,1250.5,650.5,0.543
2097,1120.5,184.5,0.682
2099,1116.5,522.5,0.533
2102,326.5,248.5,0.987
2103,302.5,242.5,0.993
2108,370.5,226.5,0.991
2109,406.5,230.5,0.998
2110,440.5,234.5,0.995
2116,1182.5,590.5,0.744
2117,736.5,362.5,0.643
2118,1138.5,508.5,0.989
2119,1108.5,568.5,0.967
2120,886.5,448.5,0.998
2121,924.5,442.5,0.997
2122,970.5,442.5,0.996
2123,1012.5,442.5,0.998
2124,1078.5,684.5,0.963
2125,932.5,408.5,0.997
2126,816.5,378.5,0.889
2131,314.5,232.5,0.749
2133,522.5,346.5,0.97
2135,558.5,370.5,0.988
2136,572.5,366.5,0.992
2137,586.5,364.5,0.989
2138,598.5,368.5,0.972
2139,616.5,372.5,0.993
2140,630.5,380.5,0.993
2141,644.5,392.5,0.988
2142,658.5,402.5,0.983
2143,672.5,396.5,0.986
2144,688.5,396.5,0.995
2145,698.5,398.5,0.993
2146,710.5,404.5,0.989
2147,724.5,412.5,0.995
2148,736.5,424.5,0.991
2149,750.5,422.5,0.986
2150,762.5,420.5,0.992
2151,776.5,424.5,0.987
2152,788.5,426.5,0.994
2153,800.5,434.5,0.994
2154,814.5,442.5,0.703
2156,840.5,444.5,0.985
2158,870.5,452.5,0.989
2159,882.5,460.5,0.997
2160,974.5,552.5,0.995
2161,960.5,550.5,0.993
2162,312.5,676.5,0.892
2163,928.5,516.5,0.989
2164,928.5,534.5,0.966
2165,314.5,676.5,0.698
2166,314.5,676.5,0.728
2167,312.5,676.5,0.879
2168,312.5,676.5,0.851
2169,312.5,676.5,0.862
2170,312.5,676.5,0.844
2171,312.5,676.5,0.899
2172,312.5,676.5,0.894
2173,312.5,676.5,0.868
2174,312.5,676.5,0.929
2175,312.5,676.5,0.901
2176,312.5,676.5,0.904
2177,312.5,676.5,0.849
2178,312.5,676.5,0.942
2179,312.5,676.5,0.868
2180,312.5,676.5,0.895
2181,312.5,676.5,0.824
2182,312.5,676.5,0.903
2183,312.5,676.5,0.819
2184,312.5,676.5,0.873
2185,312.5,676.5,0.835
2186,314.5,676.5,0.656
2187,314.5,676.5,0.771
2188,314.5,676.5,0.797
2189,314.5,676.5,0.51
2190,502.5,588.5,0.512
2191,1014.5,648.5,0.726
2192,1000.5,644.5,0.612
2193,502.5,588.5,0.536
2194,976.5,634.5,0.965
2195,1208.5,540.5,0.758
2196,502.5,588.5,0.592
2198,936.5,366.5,0.971
2199,934.5,356.5,0.996
2200,930.5,340.5,0.982
2202,94.5,442.5,0.944
2203,1162.5,142.5,0.86
2207,932.5,662.5,0.6
2218,314.5,676.5,0.578
2219,504.5,588.5,0.804
2222,504.5,586.5,0.611
2223,1016.5,228.5,0.656
2224,144.5,444.5,0.988
2227,146.5,376.5,0.844
2228,194.5,458.5,0.525
2229,198.5,466.5,0.916
2230,206.5,472.5,0.899
2231,924.5,264.5,0.941
2232,150.5,156.5,0.561
2233,910.5,262.5,0.989
2234,906.5,260.5,0.79
2235,900.5,260.5,0.64
2237,218.5,158.5,0.653
2238,896.5,250.5,0.825
2239,892.5,248.5,0.855
2242,966.5,414.5,0.79
2257,872.5,258.5,0.62
2259,872.5,258.5,0.707
2260,872.5,258.5,0.819
2264,874.5,258.5,0.719
2265,874.5,256.5,0.587
2266,874.5,254.5,0.84
2267,874.5,254.5,0.649
2268,874.5,254.5,0.605
2270,994.5,214.5,0.955
2279,882.5,248.5,0.877
2282,314.5,676.5,0.637
2285,1088.5,422.5,0.993
2286,1102.5,436.5,0.995
2287,1002.5,394.5,0.596
2289,1150.5,488.5,0.785
2300,1088.5,456.5,0.982
2307,542.5,500.5,0.842
2308,1102.5,412.5,0.989
2310,1196.5,8.5,0.863
2311,1008.5,356.5,0.717
2312,1026.5,424.5,0.985
2316,1084.5,426.5,0.994
2317,1074.5,450.5,0.989
2318,454.5,120.5,0.936
2319,510.5,564.5,0.693
2324,826.5,324.5,0.621
2325,1076.5,440.5,0.989
2327,504.5,586.5,0.914
2328,504.5,584.5,0.873
2330,504.5,586.5,0.895
2331,504.5,586.5,0.949
2332,504.5,586.5,0.924
2333,504.5,586.5,0.921
2334,504.5,586.5,0.913
2335,504.5,586.5,0.857
2336,504.5,586.5,0.945
2337,504.5,586.5,0.861
2338,504.5,586.5,0.927
2339,504.5,586.5,0.935
2340,504.5,586.5,0.781
2341,504.5,586.5,0.752
2342,504.5,586.5,0.799
2343,504.5,586.5,0.532
2344,312.5,676.5,0.572
2352,314.5,676.5,0.531
2385,312.5,676.5,0.576
2387,312.5,676.5,0.52
2389,314.5,676.5,0.567
2394,314.5,676.5,0.535
2416,314.5,676.5,0.589
2417,314.5,676.5,0.533
2418,314.5,676.5,0.625
2419,314.5,676.5,0.655
2420,314.5,676.5,0.653
2421,314.5,676.5,0.68
2422,314.5,676.5,0.651
2423,314.5,676.5,0.74
2424,312.5,676.5,0.741
2425,312.5,676.5,0.744
2426,312.5,676.5,0.696
2427,312.5,676.5,0.64
2428,312.5,676.5,0.666
2429,314.5,676.5,0.632
2430,314.5,676.5,0.621
2431,314.5,676.5,0.601
2432,312.5,676.5,0.609
2433,314.5,676.5,0.596
2434,1056.5,462.5,0.929
2435,312.5,676.5,0.541
2436,314.5,676.5,0.52
2437,314.5,676.5,0.61
2439,312.5,676.5,0.946
2440,312.5,676.5,0.893
2441,312.5,676.5,0.932
2442,314.5,676.5,0.533
2443,314.5,676.5,0.686
2444,314.5,676.5,0.663
2445,314.5,676.5,0.659
2446,314.5,676.5,0.707
2447,314.5,676.5,0.7
2448,314.5,676.5,0.676
2449,1194.5,68.5,0.867
2450,314.5,676.5,0.702
2451,314.5,676.5,0.711
2452,314.5,676.5,0.668
2453,922.5,266.5,0.852
2454,912.5,262.5,0.809
2455,904.5,260.5,0.982
2456,896.5,260.5,0.984
2457,314.5,676.5,0.718
2458,314.5,676.5,0.685
2459,314.5,676.5,0.566
2460,312.5,676.5,0.715
2461,312.5,676.5,0.854
2462,312.5,676.5,0.597
2466,880.5,312.5,0.769
2467,312.5,676.5,0.511
2469,312.5,676.5,0.516
2473,312.5,676.5,0.802
2474,312.5,676.5,0.638
2475,312.5,676.5,0.608
2476,312.5,676.5,0.777
2477,312.5,676.5,0.639
2478,312.5,676.5,0.74
2479,312.5,676.5,0.754
2480,312.5,676.5,0.749
2481,312.5,676.5,0.738
2482,312.5,676.5,0.745
2483,312.5,676.5,0.74
2484,312.5,676.5,0.648
2485,312.5,676.5,0.751
2486,314.5,676.5,0.53
2487,312.5,676.5,0.692
2488,312.5,676.5,0.877
2500,312.5,676.5,0.627
2501,314.5,676.5,0.586
2502,314.5,676.5,0.582
2503,314.5,676.5,0.575
2504,314.5,676.5,0.604
2505,314.5,676.5,0.51
2506,794.5,298.5,0.995
2507,752.5,282.5,0.846
2508,708.5,266.5,0.759
2509,684.5,260.5,0.997
2510,628.5,248.5,0.997
2511,600.5,244.5,0.994
2512,566.5,242.5,0.998
2513,536.5,242.5,0.994
2514,314.5,676.5,0.612
2515,474.5,250.5,0.922
2516,994.5,634.5,0.866
2517,314.5,676.5,0.659
2518,314.5,676.5,0.525
2520,312.5,676.5,0.564
2521,1190.5,426.5,0.782
2522,1200.5,552.5,0.879
2523,370.5,188.5,0.996
2524,390.5,182.5,0.995
2525,414.5,176.5,0.996
2526,434.5,172.5,0.999
2527,456.5,172.5,0.999
2528,478.5,172.5,0.998
2529,500.5,176.5,0.997
2530,528.5,184.5,0.998
2531,546.5,190.5,0.997
2532,572.5,202.5,0.994
2533,594.5,214.5,0.991
2534,618.5,228.5,0.985
2535,638.5,242.5,0.998
2536,664.5,262.5,0.973
2537,686.5,280.5,0.98
2538,172.5,364.5,0.925
2539,188.5,362.5,0.966
2540,936.5,596.5,0.899
2541,772.5,292.5,0.997
2542,790.5,284.5,0.997
2543,810.5,276.5,0.976
2544,828.5,272.5,0.982
2545,856.5,366.5,0.971
2546,314.5,676.5,0.837
2547,790.5,234.5,0.987
2548,314.5,676.5,0.841
2549,708.5,200.5,0.904
2550,686.5,194.5,0.995
2551,636.5,180.5,0.999
2552,606.5,176.5,0.997
2553,576.5,172.5,0.998
2554,544.5,170.5,0.998
2555,524.5,170.5,0.986
2556,494.5,174.5,0.997
2557,470.5,180.5,0.998
2558,448.5,186.5,0.999
2559,428.5,194.5,0.998
2560,410.5,204.5,0.998
2561,388.5,214.5,0.996
2562,372.5,226.5,0.99
2563,356.5,242.5,0.93
2564,314.5,676.5,0.866
2565,314.5,676.5,0.859
2566,314.5,676.5,0.885
2567,314.5,676.5,0.886
2568,314.5,676.5,0.892
2569,314.5,676.5,0.879
2570,314.5,676.5,0.882
2571,314.5,676.5,0.864
2572,314.5,676.5,0.918
2573,312.5,676.5,0.91
2574,220.5,388.5,0.985
2575,312.5,676.5,0.935
2576,314.5,676.5,0.923
2577,1212.5,460.5,0.962
2578,314.5,676.5,0.939
2579,314.5,676.5,0.777
2580,298.5,364.5,0.779
2581,302.5,360.5,0.739
2589,314.5,674.5,0.619
2592,344.5,332.5,0.933
2593,314.5,676.5,0.575
2594,314.5,676.5,0.605
2595,314.5,674.5,0.588
2597,192.5,346.5,0.979
2598,192.5,344.5,0.725
2601,314.5,676.5,0.55
2602,314.5,676.5,0.524
2603,192.5,342.5,0.987
2606,198.5,328.5,0.992
2607,1218.5,546.5,0.65
2608,1216.5,548.5,0.871
2609,314.5,676.5,0.637
2610,314.5,676.5,0.617
2611,314.5,676.5,0.702
2612,314.5,676.5,0.698
2613,314.5,676.5,0.658
2614,312.5,676.5,0.896
2615,1092.5,416.5,0.922
2616,314.5,676.5,0.757
2617,314.5,676.5,0.747
2618,314.5,676.5,0.739
2619,314.5,676.5,0.697
2620,314.5,676.5,0.752
2621,1132.5,654.5,0.99
2622,1120.5,650.5,0.99
2623,1112.5,642.5,0.975
2624,1100.5,636.5,0.992
2625,1086.5,634.5,0.99
2626,314.5,676.5,0.741
2627,314.5,676.5,0.718
2628,314.5,676.5,0.715
2629,314.5,676.5,0.687
2630,314.5,676.5,0.718
2631,314.5,676.5,0.708
2632,314.5,676.5,0.764
2633,314.5,676.5,0.664
2634,314.5,676.5,0.784
2635,314.5,676.5,0.746
2636,314.5,674.5,0.635
2637,314.5,676.5,0.684
2638,314.5,676.5,0.762
2639,314.5,674.5,0.587
2640,314.5,676.5,0.874
2641,312.5,676.5,0.904
2643,314.5,676.5,0.954
2645,310.5,676.5,0.927
2646,312.5,676.5,0.903
2648,310.5,676.5,0.663
2651,310.5,676.5,0.974
2652,314.5,674.5,0.871
2653,954.5,640.5,0.962
2654,974.5,276.5,0.961
2656,312.5,676.5,0.937
2657,956.5,28.5,0.778
2661,312.5,678.5,0.966
2665,956.5,28.5,0.937
2669,956.5,30.5,0.84
2670,902.5,180.5,0.642
2673,958.5,30.5,0.743
2675,956.5,28.5,0.606
2677,956.5,28.5,0.849
2678,1186.5,342.5,0.52
2679,956.5,30.5,0.74
2680,958.5,28.5,0.918
2682,956.5,30.5,0.764
2683,958.5,26.5,0.912
2684,504.5,588.5,0.516
2685,956.5,28.5,0.896
2687,958.5,30.5,0.724
2688,958.5,30.5,0.701
2689,956.5,28.5,0.876
2690,958.5,30.5,0.646
2691,958.5,28.5,0.82
2693,958.5,28.5,0.896
2694,958.5,30.5,0.613
2695,958.5,30.5,0.741
2696,958.5,28.5,0.847
2697,956.5,30.5,0.69
2699,958.5,30.5,0.6
2700,956.5,30.5,0.56
2701,956.5,30.5,0.568
2702,504.5,586.5,0.533
2704,504.5,586.5,0.599
2705,958.5,30.5,0.507
2707,958.5,30.5,0.608
2708,1130.5,512.5,0.758
2709,958.5,30.5,0.55
2711,956.5,30.5,0.654
2712,958.5,30.5,0.75
2714,958.5,30.5,0.728
2715,958.5,30.5,0.64
2716,1248.5,174.5,0.835
2717,958.5,30.5,0.623
2719,958.5,30.5,0.671
2720,958.5,30.5,0.601
2721,958.5,30.5,0.705
2722,958.5,30.5,0.559
2724,958.5,30.5,0.687
2725,958.5,30.5,0.523
2726,958.5,30.5,0.582
2727,958.5,30.5,0.591
2728,190.5,200.5,0.994
2729,1198.5,536.5,0.656
2731,1198.5,536.5,0.87
2732,958.5,30.5,0.525
2734,1196.5,536.5,0.878
2735,958.5,30.5,0.557
2736,1194.5,536.5,0.857
2737,1192.5,536.5,0.57
2738,1192.5,536.5,0.618
2739,958.5,30.5,0.549
2740,958.5,30.5,0.522
2741,1152.5,584.5,0.963
2742,958.5,30.5,0.547
2743,348.5,210.5,0.935
2744,958.5,30.5,0.541
2745,958.5,30.5,0.559
2746,958.5,30.5,0.583
2747,604.5,266.5,0.802
2748,1164.5,588.5,0.978
2749,678.5,278.5,0.985
2751,968.5,108.5,0.65
2752,1004.5,652.5,0.925
2753,818.5,344.5,0.984
2754,852.5,358.5,0.992
2755,892.5,342.5,0.999
2756,926.5,330.5,0.998
2757,952.5,328.5,0.877
2758,986.5,326.5,0.976
2759,1016.5,328.5,0.993
2760,1044.5,330.5,0.997
2761,1216.5,302.5,0.817
2764,946.5,274.5,0.994
2765,892.5,258.5,0.898
2766,866.5,248.5,0.71
2767,788.5,236.5,0.988
2768,740.5,228.5,0.59
2769,716.5,230.5,0.977
2770,682.5,230.5,0.996
2771,630.5,234.5,0.975
2772,602.5,242.5,0.997
2773,576.5,246.5,0.999
2775,968.5,108.5,0.538
2779,1200.5,296.5,0.804
2780,388.5,200.5,0.99
2781,968.5,108.5,0.826
2782,312.5,676.5,0.515
2783,312.5,676.5,0.538
2784,312.5,676.5,0.509
2785,312.5,676.5,0.643
2786,312.5,676.5,0.57
2789,430.5,160.5,0.992
2790,450.5,160.5,0.993
2791,476.5,166.5,0.997
2792,498.5,174.5,0.997
2793,526.5,186.5,0.995
2794,548.5,200.5,0.988
2795,572.5,214.5,0.975
2796,312.5,676.5,0.854
2797,620.5,250.5,0.995
2798,314.5,676.5,0.74
2799,314.5,676.5,0.532
2800,704.5,340.5,0.933
2801,1088.5,586.5,0.972
2802,756.5,394.5,0.995
2803,782.5,380.5,0.992
2804,782.5,380.5,0.899
2805,804.5,368.5,0.995
2806,830.5,360.5,0.999
2807,854.5,352.5,0.996
2808,880.5,348.5,0.998
2809,906.5,348.5,0.999
2810,932.5,354.5,0.976
2811,888.5,332.5,0.978
2812,796.5,302.5,0.535
2813,742.5,280.5,0.931
2814,690.5,266.5,0.995
2815,622.5,250.5,0.996
2816,584.5,244.5,0.992
2817,552.5,240.5,0.994
2818,516.5,236.5,0.998
2819,482.5,234.5,0.982
2820,304.5,378.5,0.934
2821,302.5,374.5,0.995
2822,300.5,370.5,0.989
2824,314.5,676.5,0.517
2827,300.5,344.5,0.98
2828,314.5,676.5,0.613
2830,330.5,330.5,0.988
2832,442.5,148.5,0.923
2833,468.5,150.5,0.991
2834,496.5,152.5,0.998
2835,530.5,158.5,0.997
2836,558.5,166.5,0.998
2837,584.5,172.5,0.997
2838,612.5,184.5,0.982
2839,640.5,196.5,0.998
2840,680.5,218.5,0.984
2841,706.5,230.5,0.726
2842,734.5,248.5,0.678
2843,772.5,280.5,0.967
2844,792.5,296.5,0.997
2845,832.5,306.5,0.998
2846,848.5,298.5,0.991
2847,884.5,284.5,0.995
2848,910.5,276.5,0.995
2849,938.5,270.5,0.998
2850,960.5,266.5,0.989
2851,996.5,266.5,0.983
2852,1018.5,270.5,0.969
2853,1050.5,276.5,0.988
2854,1074.5,284.5,0.979
2855,1096.5,294.5,0.69
2856,1216.5,604.5,0.946
2858,1110.5,312.5,0.671
2860,1148.5,494.5,0.99
2861,938.5,252.5,0.994
2862,890.5,244.5,0.953
2863,860.5,240.5,0.906
2864,792.5,236.5,0.988
2865,756.5,234.5,0.632
2866,730.5,240.5,0.991
2867,692.5,244.5,0.997
2868,650.5,254.5,0.911
2869,618.5,264.5,0.661
2870,592.5,264.5,0.901
2872,538.5,280.5,0.51
2875,460.5,244.5,0.768
2876,312.5,676.5,0.575
2877,312.5,676.5,0.634
2878,390.5,232.5,0.994
2879,292.5,340.5,0.983
2880,294.5,338.5,0.966
2881,298.5,338.5,0.946
2882,412.5,208.5,0.97
2883,444.5,196.5,0.93
2884,474.5,188.5,0.995
2885,498.5,184.5,0.998
2886,532.5,180.5,0.999
2887,554.5,180.5,0.998
2888,584.5,180.5,0.997
2889,612.5,184.5,0.986
2890,640.5,188.5,0.997
2891,676.5,196.5,0.996
2892,698.5,204.5,0.996
2893,730.5,218.5,0.989
2894,756.5,230.5,0.93
2895,786.5,246.5,0.997
2896,820.5,266.5,0.735
2897,844.5,280.5,0.885
2898,874.5,306.5,0.782
2899,896.5,324.5,0.997
2900,930.5,360.5,0.994
2901,964.5,350.5,0.991
2902,1200.5,380.5,0.943
2903,1012.5,332.5,0.994
2904,1042.5,322.5,0.995
2905,1064.5,316.5,0.995
2906,1092.5,312.5,0.987
2907,1114.5,310.5,0.996
2908,1144.5,314.5,0.988
2909,1160.5,318.5,0.984
2910,1186.5,324.5,0.994
2911,312.5,676.5,0.608
2912,312.5,676.5,0.623
2913,1086.5,640.5,0.537
2914,942.5,270.5,0.989
2915,918.5,266.5,0.986
2916,848.5,258.5,0.866
2917,1096.5,168.5,0.996
2918,722.5,260.5,0.988
2919,650.5,266.5,0.956
2920,608.5,276.5,0.985
2921,312.5,676.5,0.507
2922,580.5,268.5,0.985
2923,568.5,266.5,0.991
2924,558.5,266.5,0.992
2925,546.5,272.5,0.938
2926,540.5,278.5,0.995
2927,530.5,286.5,0.965
2928,526.5,294.5,0.996
2930,504.5,282.5,0.991
2931,496.5,276.5,0.984
2932,486.5,268.5,0.976
2933,476.5,266.5,0.996
2934,466.5,268.5,0.963
2935,460.5,272.5,0.992
2936,450.5,278.5,0.994
2937,352.5,362.5,0.994
2938,436.5,292.5,0.94
2940,152.5,212.5,0.904
2942,1086.5,520.5,0.549
2944,1072.5,538.5,0.906
2946,368.5,282.5,0.992
2951,312.5,676.5,0.733
2952,312.5,676.5,0.731
2953,312.5,676.5,0.641
2954,314.5,676.5,0.757
2955,312.5,676.5,0.772
2956,312.5,676.5,0.783
2957,312.5,676.5,0.782
2958,312.5,676.5,0.721
2959,312.5,676.5,0.713
2960,312.5,676.5,0.662
2961,1054.5,542.5,0.941
2962,314.5,676.5,0.55
2963,312.5,676.5,0.634
2964,312.5,676.5,0.62
2965,322.5,258.5,0.829
2966,330.5,260.5,0.99
2967,336.5,262.5,0.996
2969,866.5,406.5,0.553
2970,1140.5,534.5,0.665
2971,312.5,676.5,0.534
2972,312.5,676.5,0.55
2973,1120.5,546.5,0.744
2974,312.5,676.5,0.62
2975,312.5,676.5,0.545
2976,312.5,676.5,0.599
2977,312.5,676.5,0.585
2978,382.5,250.5,0.991
2979,384.5,246.5,0.824
2980,312.5,676.5,0.625
2981,1064.5,556.5,0.653
2982,312.5,676.5,0.629
2983,312.5,676.5,0.619
2984,312.5,676.5,0.66
2985,312.5,676.5,0.647
2986,312.5,676.5,0.666
2987,312.5,676.5,0.544
2988,312.5,676.5,0.613
2989,312.5,676.5,0.551
2990,312.5,676.5,0.604
2991,312.5,676.5,0.582
2992,312.5,676.5,0.58
2993,312.5,676.5,0.581
2994,312.5,676.5,0.61
2995,312.5,676.5,0.612
2996,898.5,590.5,0.912
2997,676.5,500.5,0.976
2998,668.5,494.5,0.993
2999,656.5,488.5,0.994
3000,314.5,674.5,0.92
3001,312.5,676.5,0.934
3002,322.5,376.5,0.953
3003,312.5,676.5,0.951
3004,312.5,676.5,0.95
3005,312.5,676.5,0.901
3006,312.5,676.5,0.951
3007,312.5,676.5,0.948
3008,228.5,388.5,0.997
3009,210.5,388.5,0.997
3010,192.5,390.5,0.996
3011,178.5,392.5,0.976
3012,170.5,394.5,0.993
3013,160.5,398.5,0.985
3014,312.5,676.5,0.954
3015,312.5,676.5,0.973
3016,312.5,676.5,0.968
3017,312.5,676.5,0.972
3018,312.5,676.5,0.971
3019,312.5,676.5,0.972
3020,312.5,676.5,0.976
3021,312.5,676.5,0.977
3022,312.5,676.5,0.976
3023,312.5,676.5,0.977
3024,312.5,676.5,0.969
3025,312.5,676.5,0.974
3026,312.5,676.5,0.972
3027,312.5,676.5,0.972
3028,312.5,676.5,0.97
3029,312.5,676.5,0.971
3030,312.5,676.5,0.971
3031,312.5,676.5,0.97
3032,312.5,678.5,0.836
3033,160.5,392.5,0.961
3034,478.5,582.5,0.996
3035,162.5,392.5,0.583
3037,160.5,392.5,0.648
3040,160.5,392.5,0.888
3042,366.5,102.5,0.751
3043,354.5,216.5,0.517
3044,922.5,334.5,0.823
3045,162.5,390.5,0.546
3049,162.5,388.5,0.706
3050,846.5,322.5,0.509
3051,854.5,328.5,0.937
3052,864.5,328.5,0.744
3053,870.5,328.5,0.884
3054,882.5,330.5,0.666
3055,610.5,552.5,0.977
3056,412.5,120.5,0.987
3057,652.5,564.5,0.998
3058,672.5,572.5,0.998
3059,700.5,596.5,0.768
3060,1206.5,10.5,0.666
3062,762.5,596.5,0.922
3064,312.5,678.5,0.759
3065,1200.5,36.5,0.845
3067,312.5,678.5,0.621
3068,468.5,88.5,0.971
3069,312.5,676.5,0.939
3071,312.5,676.5,0.643
3072,310.5,676.5,0.888
3075,312.5,676.5,0.791
3084,312.5,676.5,0.562
3094,466.5,74.5,0.835
3099,1250.5,632.5,0.663
3100,1204.5,522.5,0.615
3109,974.5,650.5,0.781
3110,1166.5,552.5,0.668
3116,972.5,628.5,0.856
3117,974.5,624.5,0.97
3125,958.5,30.5,0.513
3126,1162.5,536.5,0.68
3131,1152.5,524.5,0.909
3136,1038.5,446.5,0.68
3138,1148.5,532.5,0.795
3139,386.5,88.5,0.622
3143,362.5,200.5,0.915
3149,650.5,336.5,0.933
3150,686.5,356.5,0.933
3151,720.5,376.5,0.99
3152,752.5,404.5,0.802
3153,788.5,410.5,0.996
3154,822.5,398.5,0.99
3155,856.5,396.5,0.998
3156,888.5,396.5,0.992
3157,916.5,396.5,0.991
3158,944.5,400.5,0.989
3159,874.5,358.5,0.988
3160,830.5,340.5,0.961
3161,772.5,314.5,0.54
3162,732.5,304.5,0.582
3163,1078.5,662.5,0.993
3164,1070.5,680.5,0.994
3165,618.5,280.5,0.995
3167,548.5,282.5,0.987
3171,266.5,386.5,0.994
3173,424.5,248.5,0.996
3174,406.5,234.5,0.996
3175,394.5,222.5,0.95
3176,382.5,216.5,0.895
3177,368.5,212.5,0.804
3178,354.5,212.5,0.923
3179,368.5,204.5,0.963
3180,392.5,198.5,0.986
3181,414.5,194.5,0.997
3182,442.5,190.5,0.997
3183,466.5,190.5,0.998
3184,490.5,194.5,0.997
3185,520.5,202.5,0.998
3186,544.5,208.5,0.997
3187,570.5,220.5,0.957
3188,598.5,232.5,0.665
3189,622.5,246.5,0.989
3190,652.5,264.5,0.96
3191,80.5,474.5,0.585
3194,346.5,202.5,0.55
3195,802.5,408.5,0.994
3196,832.5,396.5,0.998
3197,858.5,388.5,0.997
3198,888.5,380.5,0.997
3199,916.5,378.5,0.993
3200,946.5,376.5,0.997
3201,980.5,380.5,0.99
3202,1008.5,382.5,0.994
3203,1038.5,392.5,0.602
3204,360.5,216.5,0.534
3205,902.5,344.5,0.989
3206,784.5,310.5,0.798
3210,110.5,486.5,0.959
3216,376.5,248.5,0.976
3217,356.5,234.5,0.996
3218,338.5,218.5,0.915
3220,348.5,200.5,0.994
3221,384.5,196.5,0.998
3222,414.5,194.5,0.999
3223,446.5,194.5,0.999
3224,476.5,196.5,0.997
3225,512.5,200.5,0.996
3226,540.5,206.5,0.992
3227,574.5,212.5,0.995
3228,604.5,222.5,0.991
3229,636.5,234.5,0.991
3230,680.5,250.5,0.981
3231,704.5,262.5,0.983
3232,740.5,282.5,0.998
3233,102.5,408.5,0.986
3234,108.5,402.5,0.99
3235,840.5,346.5,0.988
3236,888.5,322.5,0.995
3237,914.5,318.5,0.996
3238,944.5,310.5,0.697
3239,316.5,204.5,0.888
3241,1012.5,308.5,0.996
3242,1038.5,312.5,0.989
3243,1066.5,316.5,0.991
3247,888.5,262.5,0.935
3248,864.5,256.5,0.959
3249,788.5,248.5,0.927
3250,730.5,244.5,0.981
3251,676.5,242.5,0.984
3252,312.5,676.5,0.962
3253,576.5,250.5,0.995
3254,928.5,156.5,0.986
3255,312.5,676.5,0.969
3256,312.5,676.5,0.971
3257,416.5,220.5,0.996
3258,388.5,204.5,0.998
3259,364.5,196.5,0.993
3260,336.5,186.5,0.995
3261,326.5,178.5,0.995
3262,340.5,168.5,0.992
3263,354.5,160.5,0.997
3264,366.5,154.5,0.996
3265,380.5,150.5,0.995
3266,394.5,148.5,0.996
3267,408.5,152.5,0.997
3268,422.5,156.5,0.998
3269,438.5,162.5,0.997
3270,450.5,172.5,0.997
3271,468.5,186.5,0.997
3272,484.5,202.5,0.986
3273,104.5,376.5,0.987
3274,112.5,372.5,0.988
3275,312.5,676.5,0.96
3276,312.5,676.5,0.959
3277,144.5,364.5,0.986
3278,312.5,676.5,0.957
3279,618.5,428.5,0.988
3280,312.5,676.5,0.956
3281,312.5,676.5,0.955
3282,312.5,676.5,0.951
3283,312.5,676.5,0.96
3284,312.5,676.5,0.946
3285,312.5,676.5,0.961
3286,312.5,676.5,0.962
3287,312.5,676.5,0.962
3288,312.5,676.5,0.963
3289,1026.5,694.5,0.989
3290,312.5,676.5,0.961
3291,312.5,676.5,0.949
3292,312.5,676.5,0.95
3293,312.5,676.5,0.953
3294,312.5,676.5,0.951
3295,312.5,676.5,0.948
3296,312.5,676.5,0.955
3297,312.5,676.5,0.946
3298,312.5,676.5,0.943
3299,312.5,676.5,0.939
3300,312.5,676.5,0.732
3301,312.5,676.5,0.773
3302,312.5,676.5,0.782
3303,312.5,676.5,0.794
3304,980.5,472.5,0.871
3305,312.5,676.5,0.876
3306,312.5,676.5,0.829
3307,312.5,676.5,0.871
3308,312.5,676.5,0.842
3309,312.5,676.5,0.856
3310,312.5,676.5,0.814
3311,312.5,676.5,0.824
3312,312.5,676.5,0.806
3313,844.5,700.5,0.991
3314,812.5,690.5,0.99
3315,782.5,672.5,0.993
3316,312.5,676.5,0.699
3317,312.5,676.5,0.656
3318,702.5,618.5,0.72
3319,750.5,616.5,0.841
3320,312.5,676.5,0.75
3321,312.5,676.5,0.765
3322,704.5,590.5,0.824
3323,684.5,582.5,0.974
3324,312.5,676.5,0.737
3325,658.5,570.5,0.944
3326,312.5,676.5,0.53
3327,526.5,550.5,0.875
3329,436.5,86.5,0.975
3330,312.5,676.5,0.515
3332,312.5,676.5,0.555
3333,312.5,676.5,0.531
3335,312.5,676.5,0.511
3336,312.5,676.5,0.511
3337,356.5,120.5,0.984
3340,312.5,676.5,0.531
3341,312.5,676.5,0.61
3342,312.5,676.5,0.64
3343,312.5,676.5,0.692
3344,312.5,676.5,0.625
3345,312.5,676.5,0.666
3346,312.5,676.5,0.685
3347,312.5,676.5,0.712
3348,1086.5,660.5,0.962
3349,310.5,676.5,0.83
3350,312.5,676.5,0.558
3351,1202.5,8.5,0.708
3352,170.5,186.5,0.967
3355,312.5,676.5,0.777
3364,502.5,550.5,0.509
3369,1084.5,410.5,0.819
3370,380.5,112.5,0.635
3371,804.5,340.5,0.553
3376,458.5,58.5,0.511
3377,1036.5,20.5,0.945
3378,472.5,166.5,0.855
3380,458.5,126.5,0.645
3382,728.5,698.5,0.983
3383,738.5,684.5,0.981
3384,472.5,152.5,0.967
3385,456.5,128.5,0.628
3388,1064.5,502.5,0.994
3389,468.5,136.5,0.988
3390,998.5,102.5,0.627
3391,972.5,422.5,0.989
3392,1108.5,476.5,0.875
3393,968.5,464.5,0.982
3394,1114.5,484.5,0.995
3395,470.5,122.5,0.929
3397,964.5,456.5,0.763
3398,968.5,460.5,0.971
3400,1108.5,476.5,0.998
3406,1072.5,442.5,0.978
3409,1208.5,10.5,0.941
3413,962.5,30.5,0.553
3415,1204.5,8.5,0.774
3417,910.5,426.5,0.885
3421,888.5,102.5,0.524
3422,422.5,104.5,0.979
3423,314.5,676.5,0.68
3424,314.5,678.5,0.812
3425,314.5,676.5,0.731
3426,314.5,678.5,0.614
3429,960.5,28.5,0.947
3431,962.5,30.5,0.898
3432,962.5,28.5,0.898
3433,962.5,28.5,0.84
3434,962.5,28.5,0.909
3435,960.5,28.5,0.927
3436,962.5,26.5,0.899
3437,1204.5,10.5,0.811
3438,884.5,102.5,0.623
3439,972.5,364.5,0.947
3440,976.5,356.5,0.535
3441,958.5,30.5,0.549
3442,958.5,30.5,0.663
3445,956.5,30.5,0.735
3446,956.5,30.5,0.736
3449,956.5,30.5,0.777
3450,958.5,30.5,0.587
3451,958.5,30.5,0.668
3453,756.5,282.5,0.977
3454,722.5,266.5,0.985
3455,700.5,258.5,0.981
3456,958.5,30.5,0.608
3457,624.5,234.5,0.991
3458,596.5,230.5,0.994
3459,566.5,228.5,0.996
3460,540.5,228.5,0.999
3461,516.5,230.5,0.999
3462,492.5,234.5,0.994
3463,362.5,218.5,0.758
3465,430.5,216.5,0.953
3466,1038.5,542.5,0.685
3467,400.5,200.5,0.997
3468,416.5,196.5,0.962
3469,1216.5,308.5,0.95
3470,470.5,192.5,0.984
3471,496.5,196.5,0.986
3472,524.5,202.5,0.997
3473,550.5,210.5,0.997
3474,578.5,220.5,0.994
3475,600.5,228.5,0.988
3476,628.5,242.5,0.995
3477,652.5,258.5,0.991
3478,682.5,272.5,0.99
3479,1214.5,404.5,0.751
3481,768.5,334.5,0.989
3482,796.5,324.5,0.995
3483,828.5,316.5,0.993
3484,856.5,314.5,0.996
3485,882.5,318.5,0.993
3486,904.5,320.5,0.997
3487,914.5,398.5,0.899
3488,956.5,30.5,0.668
3489,1028.5,472.5,0.934
3490,740.5,266.5,0.987
3491,1010.5,460.5,0.982
3492,1004.5,456.5,0.993
3493,1004.5,450.5,0.991
3494,576.5,248.5,0.998
3495,958.5,30.5,0.655
3496,958.5,30.5,0.665
3497,1204.5,568.5,0.928
3498,958.5,30.5,0.573
3499,936.5,346.5,0.501
3501,344.5,248.5,0.97
3506,340.5,214.5,0.858
3507,360.5,212.5,0.688
3508,400.5,216.5,0.996
3509,430.5,222.5,0.998
3510,462.5,228.5,0.989
3517,714.5,362.5,0.674
3519,800.5,374.5,0.997
3520,834.5,372.5,0.997
3521,872.5,366.5,0.996
3522,908.5,368.5,0.998
3524,872.5,330.5,0.964
3525,804.5,300.5,0.993
3526,752.5,282.5,0.991
3527,1210.5,264.5,0.993
3529,614.5,242.5,0.961
3530,576.5,236.5,0.987
3531,544.5,232.5,0.998
3532,514.5,230.5,0.999
3533,484.5,232.5,0.995
3534,458.5,234.5,0.981
3536,414.5,248.5,0.771
3537,350.5,340.5,0.867
3538,382.5,246.5,0.991
3539,270.5,376.5,0.976
3540,496.5,582.5,0.795
3541,338.5,194.5,0.994
3542,328.5,182.5,0.906
3544,288.5,328.5,0.586
3545,380.5,42.5,0.927
3547,1020.5,692.5,0.931
3548,354.5,90.5,0.991
3553,430.5,42.5,0.99
3554,446.5,40.5,0.995
3555,464.5,40.5,0.996
3556,480.5,42.5,0.998
3557,496.5,46.5,0.998
3558,514.5,54.5,0.998
3559,532.5,64.5,0.997
3560,546.5,76.5,0.997
3561,562.5,90.5,0.997
3562,580.5,106.5,0.997
3563,594.5,124.5,0.985
3564,1150.5,596.5,0.992
3565,628.5,168.5,0.75
3566,644.5,194.5,0.927
3569,690.5,282.5,0.992
3570,958.5,30.5,0.56
3572,728.5,274.5,0.975
3573,738.5,258.5,0.978
3574,748.5,240.5,0.988
3575,758.5,222.5,0.995
3576,768.5,210.5,0.996
3577,776.5,200.5,0.998
3578,786.5,192.5,0.999
3579,794.5,188.5,0.998
3580,800.5,184.5,0.994
3581,814.5,188.5,0.986
3582,820.5,194.5,0.998
3583,828.5,200.5,0.997
3584,834.5,210.5,0.998
3585,840.5,222.5,0.991
3586,848.5,236.5,0.984
3587,828.5,234.5,0.979
3588,794.5,218.5,0.989
3589,774.5,214.5,0.977
3590,742.5,206.5,0.987
3591,718.5,202.5,0.998
3592,690.5,202.5,0.998
3593,672.5,200.5,0.995
3594,640.5,204.5,0.996
3595,620.5,210.5,0.999
3596,596.5,218.5,0.998
3597,578.5,228.5,0.998
3598,560.5,238.5,0.995
3599,540.5,250.5,0.984
3600,524.5,264.5,0.992
3601,1086.5,166.5,0.686
3602,492.5,234.5,0.986
3603,480.5,222.5,0.992
3604,468.5,210.5,0.991
3605,1200.5,432.5,0.989
3606,1218.5,430.5,0.785
3607,1004.5,696.5,0.711
3608,418.5,180.5,0.999
3610,396.5,182.5,0.877
3616,428.5,186.5,0.501
3617,450.5,182.5,0.994
3619,500.5,184.5,0.974
3620,528.5,188.5,0.995
3621,554.5,196.5,0.998
3622,578.5,204.5,0.993
3623,608.5,218.5,0.989
3624,634.5,232.5,0.864
3626,688.5,266.5,0.99
3627,708.5,282.5,0.96
3628,178.5,186.5,0.732
3629,336.5,330.5,0.989
3630,794.5,320.5,0.961
3631,824.5,306.5,0.998
3632,842.5,302.5,0.996
3633,868.5,290.5,0.996
3634,894.5,288.5,0.992
3635,918.5,288.5,0.993
3636,944.5,292.5,0.995
3637,922.5,390.5,0.98
3639,754.5,256.5,0.949
3641,630.5,242.5,0.951
3642,580.5,242.5,0.819
3643,548.5,242.5,0.642
3645,968.5,108.5,0.613
3650,190.5,184.5,0.951
3651,234.5,364.5,0.864
3652,178.5,244.5,0.958
3653,102.5,294.5,0.947
3654,66.5,298.5,0.992
3655,42.5,302.5,0.554
3659,958.5,30.5,0.584
3666,246.5,376.5,0.937
3667,236.5,404.5,0.938
3668,206.5,416.5,0.996
3669,174.5,424.5,0.992
3670,146.5,430.5,0.995
3671,124.5,432.5,0.695
3672,96.5,440.5,0.519
3674,272.5,224.5,0.684
3676,232.5,388.5,0.974
3677,222.5,388.5,0.995
3686,1168.5,406.5,0.578
3693,1192.5,554.5,0.92
3701,168.5,200.5,0.924
3707,1144.5,668.5,0.52
3714,1014.5,512.5,0.83
3719,1218.5,240.5,0.51
3726,968.5,106.5,0.734
3738,968.5,106.5,0.522
3743,954.5,600.5,0.673
3745,748.5,596.5,0.894
3747,934.5,580.5,0.908
3749,738.5,266.5,0.706
3750,312.5,676.5,0.982
3751,606.5,550.5,0.967
3752,680.5,536.5,0.991
3753,658.5,536.5,0.946
3754,642.5,538.5,0.991
3755,626.5,538.5,0.988
3756,312.5,676.5,0.921
3757,312.5,676.5,0.905
3758,312.5,676.5,0.962
3759,312.5,676.5,0.941
3760,312.5,676.5,0.974
3761,312.5,676.5,0.96
3762,310.5,676.5,0.955
3763,310.5,676.5,0.976
3764,312.5,676.5,0.977
3765,312.5,676.5,0.977
3766,312.5,676.5,0.975
3767,312.5,676.5,0.97
3768,312.5,676.5,0.965
3769,312.5,676.5,0.964
3770,312.5,676.5,0.968
3771,312.5,676.5,0.966
3772,312.5,676.5,0.966
3773,312.5,676.5,0.962
3774,312.5,676.5,0.964
3775,312.5,676.5,0.964
3776,312.5,676.5,0.964
3777,312.5,676.5,0.961
3778,312.5,676.5,0.96
3779,312.5,676.5,0.96
3780,312.5,676.5,0.96
3781,312.5,676.5,0.92
3783,340.5,152.5,0.939
3785,476.5,596.5,0.985
3786,434.5,124.5,0.968
3788,358.5,134.5,0.583
3789,510.5,550.5,0.645
3791,422.5,154.5,0.538
3792,846.5,320.5,0.862
3793,850.5,322.5,0.601
3794,864.5,324.5,0.985
3796,662.5,598.5,0.987
3797,688.5,616.5,0.998
3798,200.5,154.5,0.858
3799,466.5,182.5,0.882
3800,928.5,332.5,0.649
3803,766.5,554.5,0.904
3804,716.5,602.5,0.985
3805,688.5,588.5,0.997
3806,670.5,578.5,0.975
3807,996.5,400.5,0.607
3808,312.5,678.5,0.844
3809,610.5,556.5,0.777
3810,264.5,152.5,0.955
3811,20.5,426.5,0.91
3812,312.5,676.5,0.774
3813,312.5,676.5,0.577
3814,312.5,676.5,0.65
3815,310.5,676.5,0.54
3816,310.5,676.5,0.624
3817,310.5,676.5,0.552
3818,310.5,676.5,0.611
3819,310.5,676.5,0.718
3821,310.5,676.5,0.536
3822,522.5,576.5,0.651
3823,312.5,676.5,0.823
3824,312.5,676.5,0.88
3826,614.5,540.5,0.979
3827,312.5,676.5,0.648
3828,312.5,676.5,0.677
3829,244.5,186.5,0.925
3830,688.5,572.5,0.714
3831,720.5,592.5,0.99
3832,312.5,676.5,0.898
3833,312.5,676.5,0.861
3834,312.5,676.5,0.864
3835,312.5,676.5,0.784
3836,312.5,676.5,0.818
3837,312.5,676.5,0.829
3838,314.5,676.5,0.794
3839,748.5,564.5,0.996
3840,736.5,560.5,0.996
3841,724.5,558.5,0.994
3842,712.5,556.5,0.835
3843,312.5,676.5,0.772
3844,312.5,676.5,0.648
3845,312.5,676.5,0.591
3846,624.5,554.5,0.965
3847,608.5,554.5,0.988
3848,586.5,562.5,0.915
3849,572.5,564.5,0.977
3850,560.5,564.5,0.993
3851,312.5,676.5,0.802
3852,312.5,676.5,0.817
3853,312.5,676.5,0.874
3854,312.5,676.5,0.764
3856,314.5,676.5,0.772
3857,312.5,676.5,0.582
3858,536.5,568.5,0.996
3859,548.5,552.5,0.888
3860,314.5,676.5,0.674
3861,314.5,676.5,0.519
3862,314.5,676.5,0.626
3863,640.5,552.5,0.9
3864,656.5,564.5,0.99
3865,688.5,580.5,0.985
3866,314.5,676.5,0.548
3868,64.5,436.5,0.96
3869,80.5,440.5,0.991
3871,94.5,458.5,0.996
3872,96.5,462.5,0.925
3876,494.5,90.5,0.578
3877,314.5,676.5,0.514
3878,314.5,676.5,0.519
3880,800.5,604.5,0.504
3881,200.5,220.5,0.974
3882,130.5,470.5,0.987
3883,218.5,184.5,0.944
3884,238.5,170.5,0.996
3885,260.5,156.5,0.998
3886,284.5,146.5,0.996
3887,308.5,138.5,0.998
3888,334.5,134.5,0.999
3889,358.5,132.5,0.998
3890,384.5,134.5,0.999
3891,412.5,138.5,0.999
3892,438.5,146.5,0.997
3893,464.5,156.5,0.998
3894,490.5,170.5,0.997
3895,524.5,190.5,0.965
3896,544.5,202.5,0.977
3897,570.5,224.5,0.984
3898,594.5,246.5,0.996
3899,622.5,278.5,0.989
3901,922.5,340.5,0.979
3902,688.5,372.5,0.853
3903,710.5,354.5,0.572
3904,920.5,344.5,0.911
3905,746.5,310.5,0.992
3906,768.5,290.5,0.996
3907,778.5,278.5,0.931
3908,190.5,432.5,0.891
3909,192.5,422.5,0.908
3910,836.5,248.5,0.997
3911,854.5,248.5,0.977
3915,812.5,424.5,0.864
3916,834.5,424.5,0.989
3917,992.5,690.5,0.866
3918,434.5,122.5,0.644
3920,262.5,378.5,0.988
3921,264.5,370.5,0.569
3922,268.5,360.5,0.886
3932,174.5,200.5,0.991
3933,908.5,260.5,0.922
3935,908.5,260.5,0.903
3936,194.5,188.5,0.898
3939,302.5,378.5,0.864
3959,884.5,100.5,0.536
3960,876.5,326.5,0.875
3963,860.5,328.5,0.67
3971,764.5,290.5,0.992
3972,740.5,280.5,0.977
3973,694.5,264.5,0.895
3975,624.5,248.5,0.998
3976,592.5,244.5,0.999
3977,564.5,244.5,0.999
3978,534.5,244.5,0.958
3979,508.5,250.5,0.962
3983,412.5,230.5,0.77
3985,1160.5,410.5,0.603
3986,364.5,210.5,0.998
3987,382.5,202.5,0.987
3988,404.5,194.5,0.993
3989,434.5,188.5,0.998
3990,458.5,186.5,0.998
3991,480.5,186.5,0.999
3992,504.5,188.5,0.997
3993,534.5,194.5,0.998
3994,560.5,202.5,0.998
3995,584.5,210.5,0.994
3996,1208.5,600.5,0.986
3997,636.5,236.5,0.986
3998,676.5,258.5,0.89
3999,690.5,270.5,0.995
4000,312.5,678.5,0.833
4001,312.5,676.5,0.933
4002,780.5,352.5,0.979
4003,814.5,392.5,0.985
4004,838.5,388.5,0.995
4005,866.5,374.5,0.998
4006,898.5,366.5,0.998
4007,926.5,362.5,0.998
4008,1090.5,464.5,0.974
4009,1064.5,696.5,0.846
4010,856.5,326.5,0.831
4011,792.5,312.5,0.916
4013,310.5,676.5,0.964
4014,918.5,216.5,0.959
4015,314.5,676.5,0.605
4016,314.5,676.5,0.853
4017,314.5,676.5,0.906
4018,314.5,674.5,0.983
4019,312.5,676.5,0.866
4020,1166.5,82.5,0.865
4021,312.5,676.5,0.947
4022,312.5,676.5,0.935
4023,312.5,676.5,0.966
4024,258.5,378.5,0.987
4025,256.5,370.5,0.988
4026,312.5,676.5,0.934
4027,312.5,676.5,0.937
4028,312.5,676.5,0.933
4029,312.5,676.5,0.939
4030,338.5,192.5,0.998
4031,356.5,194.5,0.922
4032,388.5,200.5,0.99
4033,300.5,332.5,0.991
4034,434.5,216.5,0.999
4035,462.5,230.5,0.992
4036,314.5,676.5,0.913
4037,314.5,676.5,0.911
4038,314.5,676.5,0.915
4039,314.5,676.5,0.859
4040,314.5,676.5,0.899
4041,314.5,676.5,0.912
4042,656.5,370.5,0.993
4043,682.5,360.5,0.992
4044,704.5,356.5,0.99
4045,1008.5,422.5,0.992
4046,758.5,350.5,0.986
4047,784.5,356.5,0.996
4048,812.5,360.5,0.999
4049,312.5,674.5,0.931
4050,312.5,676.5,0.941
4051,1060.5,564.5,0.934
4052,1042.5,560.5,0.983
4053,312.5,676.5,0.915
4054,312.5,676.5,0.927
4055,576.5,292.5,0.964
4056,312.5,676.5,0.934
4057,312.5,676.5,0.929
4058,996.5,524.5,0.986
4059,312.5,676.5,0.942
4060,312.5,676.5,0.938
4061,312.5,676.5,0.947
4062,412.5,234.5,0.991
4063,312.5,676.5,0.944
4064,312.5,676.5,0.949
4065,370.5,208.5,0.99
4066,312.5,676.5,0.945
4067,312.5,676.5,0.95
4068,378.5,196.5,0.952
4069,400.5,198.5,0.995
4070,420.5,202.5,0.996
4071,440.5,204.5,0.995
4072,460.5,212.5,0.996
4073,480.5,222.5,0.997
4074,504.5,232.5,0.995
4075,312.5,676.5,0.931
4076,312.5,676.5,0.931
4077,582.5,294.5,0.973
4078,602.5,312.5,0.985
4079,328.5,200.5,0.91
4080,312.5,676.5,0.973
4081,654.5,376.5,0.858
4082,676.5,396.5,0.995
4083,706.5,392.5,0.997
4084,732.5,392.5,0.994
4085,758.5,392.5,0.994
4086,784.5,394.5,0.998
4087,814.5,404.5,0.996
4088,842.5,414.5,0.836
4089,176.5,342.5,0.89
4090,194.5,342.5,0.982
4091,206.5,344.5,0.729
4092,314.5,676.5,0.666
4093,314.5,676.5,0.71
4094,314.5,674.5,0.716
4095,314.5,676.5,0.773
4097,482.5,260.5,0.948
4098,314.5,674.5,0.507
4099,444.5,264.5,0.975
4100,314.5,674.5,0.508
4101,314.5,674.5,0.513
4102,394.5,244.5,0.995
4103,380.5,220.5,0.995
4104,314.5,674.5,0.54
4105,356.5,196.5,0.744
4106,368.5,136.5,0.969
4107,402.5,186.5,0.995
4108,432.5,186.5,0.998
4109,462.5,186.5,0.999
4110,490.5,192.5,0.995
4111,530.5,202.5,0.998
4112,558.5,210.5,0.997
4113,584.5,220.5,0.992
4114,614.5,232.5,0.982
4115,640.5,244.5,0.991
4116,682.5,268.5,0.996
4117,702.5,286.5,0.528
4119,774.5,312.5,0.973
4120,808.5,300.5,0.99
4121,834.5,296.5,0.998
4122,868.5,290.5,0.996
4123,896.5,292.5,0.993
4124,890.5,648.5,0.996
4125,950.5,298.5,0.994
4126,314.5,674.5,0.78
4127,314.5,674.5,0.763
4128,314.5,674.5,0.806
4129,314.5,674.5,0.782
4130,860.5,264.5,0.911
4131,786.5,242.5,0.993
4132,762.5,234.5,0.829
4133,698.5,226.5,0.865
4134,610.5,210.5,0.885
4135,588.5,210.5,0.963
4136,540.5,212.5,0.995
4137,488.5,218.5,0.996
4138,456.5,220.5,0.965
4139,314.5,674.5,0.778
4140,314.5,676.5,0.56
4141,354.5,228.5,0.959
4142,314.5,674.5,0.631
4143,314.5,676.5,0.566
4144,314.5,676.5,0.58
4145,258.5,342.5,0.992
4146,314.5,674.5,0.556
4147,292.5,326.5,0.985
4148,314.5,676.5,0.893
4149,288.5,42.5,0.936
4150,314.5,676.5,0.812
4151,312.5,676.5,0.978
4152,314.5,676.5,0.837
4153,314.5,676.5,0.879
4154,314.5,674.5,0.896
4155,314.5,674.5,0.904
4156,308.5,58.5,0.994
4157,308.5,58.5,0.988
4158,308.5,58.5,0.978
4159,314.5,56.5,0.976
4160,498.5,10.5,0.989
4161,510.5,26.5,0.996
4162,528.5,58.5,0.997
4163,542.5,84.5,0.992
4164,316.5,56.5,0.989
4165,582.5,152.5,0.968
4166,314.5,676.5,0.873
4167,314.5,676.5,0.887
4168,314.5,676.5,0.888
4169,640.5,244.5,0.996
4170,314.5,676.5,0.877
4171,314.5,676.5,0.887
4172,312.5,676.5,0.89
4173,314.5,676.5,0.895
4174,314.5,676.5,0.888
4175,314.5,676.5,0.89
4176,676.5,92.5,0.993
4177,680.5,80.5,0.998
4178,684.5,68.5,0.999
4179,688.5,60.5,0.998
4180,692.5,54.5,0.997
4181,698.5,50.5,0.994
4182,704.5,50.5,0.994
4183,708.5,54.5,0.996
4184,712.5,60.5,0.998
4185,716.5,68.5,0.998
4186,720.5,80.5,0.998
4187,724.5,92.5,0.997
4188,726.5,106.5,0.998
4189,730.5,124.5,0.996
4190,736.5,144.5,0.962
4191,738.5,166.5,0.942
4192,314.5,674.5,0.911
4193,314.5,674.5,0.912
4194,744.5,234.5,0.979
4195,314.5,676.5,0.899
4196,314.5,676.5,0.902
4197,756.5,256.5,0.928
4198,758.5,234.5,0.981
4199,760.5,214.5,0.989
4200,762.5,196.5,0.992
4201,766.5,178.5,0.996
4202,768.5,166.5,0.996
4203,770.5,156.5,0.994
4204,844.5,332.5,0.996
4205,832.5,324.5,0.994
4206,816.5,318.5,0.994
4207,1076.5,632.5,0.985
4208,314.5,674.5,0.919
4209,782.5,150.5,0.997
4210,784.5,158.5,0.997
4211,784.5,168.5,0.999
4212,784.5,180.5,0.999
4213,786.5,194.5,0.999
4214,786.5,212.5,0.999
4215,786.5,198.5,0.981
4216,784.5,184.5,0.995
4217,780.5,170.5,0.997
4218,776.5,158.5,0.998
4219,774.5,150.5,0.996
4220,770.5,144.5,0.996
4221,766.5,140.5,0.989
4222,762.5,140.5,0.986
4223,758.5,146.5,0.998
4224,754.5,152.5,0.999
4225,750.5,162.5,0.999
4226,746.5,174.5,0.998
4227,742.5,188.5,0.997
4228,314.5,674.5,0.865
4229,314.5,674.5,0.889
4230,314.5,674.5,0.891
4231,314.5,674.5,0.893
4232,314.5,674.5,0.893
4233,314.5,676.5,0.882
4234,312.5,676.5,0.893
4235,906.5,342.5,0.981
4236,904.5,348.5,0.964
4237,314.5,674.5,0.896
4238,312.5,676.5,0.893
4239,312.5,676.5,0.921
4240,314.5,676.5,0.843
4241,312.5,676.5,0.825
4242,312.5,676.5,0.805
4243,314.5,676.5,0.829
4244,314.5,676.5,0.84
4245,314.5,676.5,0.816
4246,312.5,676.5,0.838
4247,312.5,676.5,0.908
4248,312.5,674.5,0.921
4249,312.5,676.5,0.892
4250,898.5,334.5,0.875
4251,314.5,676.5,0.829
4252,314.5,674.5,0.859
4253,314.5,674.5,0.853
4254,970.5,450.5,0.965
4255,314.5,674.5,0.833
4256,750.5,276.5,0.993
4257,726.5,278.5,0.983
4258,314.5,674.5,0.816
4259,314.5,674.5,0.778
4260,634.5,322.5,0.98
4261,314.5,674.5,0.964
4262,314.5,674.5,0.965
4263,580.5,296.5,0.993
4264,314.5,674.5,0.944
4265,542.5,236.5,0.949
4266,530.5,226.5,0.991
4267,514.5,212.5,0.997
4268,502.5,202.5,0.997
4269,488.5,192.5,0.996
4270,474.5,188.5,0.996
4271,464.5,186.5,0.997
4272,452.5,188.5,0.998
4273,442.5,190.5,0.997
4274,432.5,196.5,0.998
4275,422.5,204.5,0.997
4276,414.5,214.5,0.998
4277,406.5,226.5,0.997
4278,400.5,238.5,0.998
4279,314.5,676.5,0.854
4280,386.5,244.5,0.997
4281,378.5,224.5,0.991
4282,370.5,212.5,0.994
4283,314.5,674.5,0.926
4284,354.5,178.5,0.968
4285,314.5,674.5,0.927
4286,314.5,674.5,0.926
4287,314.5,674.5,0.915
4288,314.5,674.5,0.915
4289,314.5,674.5,0.912
4290,314.5,674.5,0.92
4291,314.5,676.5,0.861
4293,586.5,546.5,0.759
4294,576.5,550.5,0.991
4295,964.5,346.5,0.736
4296,888.5,106.5,0.908
4298,960.5,346.5,0.765
4299,584.5,584.5,0.604
4302,964.5,346.5,0.712
4303,440.5,168.5,0.955
4305,148.5,246.5,0.616
4307,964.5,346.5,0.546
4313,474.5,600.5,0.98
4316,422.5,76.5,0.709
4318,486.5,586.5,0.969
4320,844.5,322.5,0.975
4322,856.5,324.5,0.973
4323,864.5,324.5,0.952
4324,874.5,328.5,0.959
4325,602.5,552.5,0.935
4326,886.5,328.5,0.804
4327,900.5,330.5,0.695
4328,672.5,598.5,0.946
4329,688.5,598.5,0.997
4331,430.5,150.5,0.961
4332,466.5,134.5,0.743
4333,982.5,574.5,0.597
4334,998.5,572.5,0.741
4335,458.5,118.5,0.539
4337,1036.5,554.5,0.728
4341,1064.5,196.5,0.722
4342,962.5,296.5,0.644
4345,888.5,102.5,0.911
4346,924.5,392.5,0.84
4352,1094.5,166.5,0.725
4354,1202.5,650.5,0.934
4356,1212.5,618.5,0.666
4357,958.5,30.5,0.573
4358,1164.5,630.5,0.877
4360,1162.5,614.5,0.752
4368,958.5,30.5,0.86
4371,314.5,676.5,0.512
4372,958.5,30.5,0.698
4374,958.5,30.5,0.618
4376,958.5,28.5,0.613
4378,224.5,216.5,0.884
4380,890.5,102.5,0.936
4381,962.5,28.5,0.962
4382,888.5,102.5,0.976
4383,888.5,104.5,0.922
4384,962.5,28.5,0.732
4385,958.5,30.5,0.895
4386,886.5,104.5,0.974
4387,884.5,102.5,0.638
4388,886.5,102.5,0.961
4389,1150.5,540.5,0.756
4390,958.5,30.5,0.817
4391,692.5,282.5,0.988
4392,734.5,292.5,0.965
4393,784.5,312.5,0.929
4394,886.5,102.5,0.752
4395,864.5,344.5,0.992
4396,896.5,360.5,0.985
4397,886.5,102.5,0.774
4398,986.5,352.5,0.988
4399,1022.5,348.5,0.959
4400,1052.5,342.5,0.99
4401,886.5,102.5,0.789
4402,1008.5,614.5,0.892
4403,950.5,250.5,0.993
4404,892.5,220.5,0.988
4405,856.5,204.5,0.983
4406,788.5,178.5,0.994
4407,958.5,30.5,0.675
4408,708.5,156.5,0.965
4409,886.5,102.5,0.663
4410,608.5,138.5,0.997
4411,574.5,136.5,0.998
4412,534.5,136.5,0.999
4413,500.5,140.5,0.999
4414,466.5,146.5,0.999
4415,442.5,154.5,0.999
4416,416.5,164.5,0.999
4417,394.5,174.5,0.992
4418,372.5,186.5,0.969
4419,958.5,30.5,0.72
4420,888.5,102.5,0.742
4421,958.5,30.5,0.736
4422,958.5,30.5,0.593
4423,958.5,30.5,0.744
4424,958.5,30.5,0.597
4425,958.5,30.5,0.621
4426,958.5,30.5,0.702
4427,886.5,102.5,0.546
4428,1184.5,586.5,0.755
4429,1184.5,586.5,0.678
4430,886.5,102.5,0.79
4431,958.5,30.5,0.646
4432,958.5,30.5,0.683
4433,958.5,30.5,0.643
4434,270.5,378.5,0.852
4435,958.5,30.5,0.543
4436,958.5,30.5,0.721
4437,958.5,30.5,0.604
4438,958.5,30.5,0.716
4440,886.5,102.5,0.921
4441,886.5,102.5,0.789
4442,958.5,30.5,0.797
4443,884.5,102.5,0.757
4444,958.5,30.5,0.767
4445,884.5,102.5,0.79
4446,886.5,102.5,0.763
4447,884.5,102.5,0.853
4448,958.5,30.5,0.755
4449,958.5,30.5,0.83
4450,884.5,102.5,0.803
4451,958.5,30.5,0.86
4452,884.5,102.5,0.791
4453,884.5,102.5,0.805
4454,884.5,102.5,0.781
4455,1152.5,556.5,0.811
4456,1148.5,538.5,0.849
4457,884.5,102.5,0.801
4458,142.5,400.5,0.862
4459,136.5,394.5,0.926
4460,884.5,102.5,0.811
4461,136.5,376.5,0.975
4462,884.5,102.5,0.818
4463,146.5,372.5,0.983
4464,314.5,676.5,0.747
4465,160.5,368.5,0.93
4466,314.5,676.5,0.735
4467,314.5,676.5,0.801
4468,314.5,676.5,0.802
4469,314.5,676.5,0.804
4470,1100.5,648.5,0.964
4471,1094.5,646.5,0.989
4472,342.5,138.5,0.797
4473,314.5,676.5,0.769
4474,1040.5,692.5,0.789
4475,314.5,676.5,0.773
4476,314.5,676.5,0.789
4477,314.5,676.5,0.764
4478,314.5,676.5,0.725
4479,272.5,122.5,0.857
4480,1122.5,674.5,0.885
4481,314.5,676.5,0.819
4482,314.5,676.5,0.79
4483,314.5,676.5,0.809
4484,314.5,676.5,0.823
4485,314.5,676.5,0.83
4486,314.5,676.5,0.811
4487,314.5,676.5,0.862
4488,314.5,676.5,0.653
4489,314.5,676.5,0.712
4490,314.5,676.5,0.6
4491,314.5,676.5,0.647
4492,314.5,676.5,0.615
4493,314.5,676.5,0.68
4494,196.5,346.5,0.948
4495,194.5,342.5,0.933
4496,314.5,676.5,0.718
4497,204.5,328.5,0.981
4498,370.5,232.5,0.921
4499,222.5,324.5,0.915
4500,386.5,230.5,0.871
4501,314.5,674.5,0.823
4502,400.5,228.5,0.981
4503,400.5,230.5,0.923
4504,314.5,676.5,0.864
4505,400.5,230.5,0.869
4506,314.5,674.5,0.827
4507,312.5,676.5,0.825
4508,312.5,674.5,0.777
4509,312.5,674.5,0.717
4510,312.5,674.5,0.764
4511,312.5,674.5,0.841
4512,312.5,674.5,0.832
4513,312.5,674.5,0.792
4514,312.5,676.5,0.826
4515,312.5,676.5,0.766
4516,314.5,674.5,0.811
4517,314.5,676.5,0.795
4520,312.5,676.5,0.511
4521,312.5,676.5,0.572
4522,314.5,676.5,0.524
4523,314.5,674.5,0.585
4524,1190.5,598.5,0.939
4527,1162.5,532.5,0.949
4528,1012.5,698.5,0.528
4529,1194.5,614.5,0.992
4530,1128.5,560.5,0.86
4532,312.5,676.5,0.512
4533,312.5,674.5,0.549
4534,1152.5,546.5,0.989
4535,312.5,674.5,0.506
4536,312.5,676.5,0.513
4537,312.5,674.5,0.506
4538,312.5,674.5,0.55
4539,312.5,674.5,0.549
4540,312.5,674.5,0.588
4541,1088.5,696.5,0.783
4542,1098.5,542.5,0.989
4543,312.5,674.5,0.927
4544,314.5,674.5,0.788
4545,314.5,674.5,0.743
4546,314.5,674.5,0.795
4547,314.5,674.5,0.806
4548,312.5,674.5,0.803
4549,314.5,674.5,0.791
4550,312.5,674.5,0.825
4551,312.5,674.5,0.82
4552,312.5,674.5,0.815
4553,312.5,674.5,0.809
4554,312.5,674.5,0.807
4555,312.5,674.5,0.807
4556,312.5,674.5,0.791
4557,312.5,674.5,0.8
4558,312.5,674.5,0.751
4559,312.5,674.5,0.559
4560,312.5,674.5,0.928
4561,314.5,674.5,0.857
4562,314.5,674.5,0.901
4563,314.5,674.5,0.847
4564,314.5,674.5,0.878
4565,1136.5,636.5,0.823
4566,314.5,674.5,0.889
4567,314.5,674.5,0.891
4568,314.5,674.5,0.898
4569,314.5,674.5,0.893
4570,314.5,674.5,0.865
4571,314.5,674.5,0.862
4572,314.5,674.5,0.862
4573,314.5,674.5,0.869
4574,314.5,674.5,0.873
4575,314.5,674.5,0.869
4576,314.5,674.5,0.874
4577,314.5,674.5,0.871
4578,314.5,674.5,0.869
4579,314.5,674.5,0.905
4580,314.5,674.5,0.877
4581,314.5,674.5,0.902
4582,314.5,674.5,0.916
4583,314.5,674.5,0.843
4584,314.5,674.5,0.843
4585,314.5,674.5,0.882
4586,314.5,674.5,0.821
4587,314.5,674.5,0.739
4588,314.5,674.5,0.753
4589,314.5,674.5,0.724
4590,314.5,674.5,0.849
4591,376.5,88.5,0.884
4592,374.5,84.5,0.99
4593,1200.5,648.5,0.927
4596,1132.5,618.5,0.989
4597,1136.5,618.5,0.963
4598,1208.5,622.5,0.995
4599,1140.5,568.5,0.517
4603,1158.5,564.5,0.732
4606,314.5,674.5,0.51
4607,314.5,674.5,0.514
4610,314.5,674.5,0.508
4611,314.5,674.5,0.513
4619,314.5,674.5,0.711
4620,958.5,30.5,0.539
4621,314.5,674.5,0.745
4622,314.5,674.5,0.685
4623,314.5,674.5,0.76
4624,314.5,674.5,0.812
4625,314.5,674.5,0.775
4626,314.5,674.5,0.795
4627,314.5,674.5,0.747
4628,314.5,674.5,0.931
4629,314.5,674.5,0.929
4630,314.5,674.5,0.907
4631,314.5,674.5,0.883
4632,314.5,674.5,0.952
4633,314.5,674.5,0.93
4634,314.5,674.5,0.926
4635,314.5,674.5,0.93
4636,1022.5,486.5,0.987
4637,314.5,674.5,0.939
4638,314.5,674.5,0.942
4639,314.5,674.5,0.936
4640,314.5,674.5,0.936
4641,314.5,674.5,0.942
4642,314.5,674.5,0.94
4643,314.5,674.5,0.948
4644,314.5,674.5,0.93
4645,314.5,674.5,0.943
4646,314.5,674.5,0.934
4647,314.5,674.5,0.947
4648,314.5,674.5,0.95
4649,312.5,674.5,0.943
4650,312.5,674.5,0.93
4651,312.5,674.5,0.94
4652,312.5,674.5,0.938
4653,312.5,674.5,0.939
4654,312.5,674.5,0.937
4655,312.5,674.5,0.937
4656,312.5,674.5,0.937
4657,312.5,674.5,0.935
4658,314.5,674.5,0.936
4659,314.5,674.5,0.917
4660,236.5,206.5,0.944
4661,312.5,674.5,0.936
4662,312.5,674.5,0.94
4663,312.5,674.5,0.933
4664,312.5,674.5,0.932
4665,312.5,674.5,0.934
4666,312.5,674.5,0.939
4667,312.5,674.5,0.939
4668,312.5,674.5,0.938
4669,312.5,674.5,0.939
4670,312.5,674.5,0.938
4671,312.5,674.5,0.936
4672,312.5,674.5,0.936
4673,620.5,274.5,0.978
4674,652.5,282.5,0.987
4675,1040.5,672.5,0.985
4676,314.5,674.5,0.89
4677,314.5,674.5,0.89
4678,814.5,356.5,0.917
4679,842.5,374.5,0.913
4680,878.5,394.5,0.962
4681,920.5,378.5,0.99
4682,958.5,372.5,0.998
4683,996.5,366.5,0.993
4684,1030.5,368.5,0.963
4685,314.5,674.5,0.839
4686,312.5,674.5,0.949
4687,312.5,674.5,0.936
4688,912.5,340.5,0.998
4689,812.5,332.5,0.945
4690,312.5,674.5,0.928
4691,1166.5,414.5,0.992
4692,312.5,674.5,0.935
4693,312.5,674.5,0.931
4694,314.5,674.5,0.921
4695,314.5,674.5,0.914
4696,312.5,674.5,0.927
4697,278.5,452.5,0.944
4698,314.5,674.5,0.915
4699,312.5,674.5,0.922
4700,312.5,674.5,0.923
4701,312.5,674.5,0.913
4702,56.5,602.5,0.954
4703,50.5,614.5,0.991
4704,70.5,614.5,0.989
4705,84.5,616.5,0.997
4706,100.5,620.5,0.997
4707,118.5,626.5,0.997
4708,132.5,624.5,0.984
4709,144.5,618.5,0.977
4710,152.5,614.5,0.986
4711,164.5,614.5,0.957
4712,176.5,616.5,0.992
4713,190.5,622.5,0.993
4714,198.5,620.5,0.991
4715,314.5,674.5,0.869
4716,312.5,674.5,0.951
4717,224.5,616.5,0.976
4718,230.5,622.5,0.998
4719,238.5,632.5,0.998
4720,246.5,630.5,0.979
4721,248.5,622.5,0.994
4722,254.5,616.5,0.984
4723,258.5,616.5,0.987
4724,266.5,622.5,0.988
4725,272.5,616.5,0.984
4726,272.5,612.5,0.994
4727,278.5,610.5,0.953
4728,284.5,614.5,0.988
4729,286.5,606.5,0.993
4730,288.5,606.5,0.98
4731,288.5,602.5,0.985
4732,290.5,600.5,0.987
4733,292.5,598.5,0.975
4734,294.5,592.5,0.975
4735,240.5,68.5,0.949
4736,314.5,674.5,0.898
4737,314.5,674.5,0.892
4738,314.5,674.5,0.946
4739,314.5,674.5,0.936
4740,334.5,584.5,0.996
4741,314.5,674.5,0.893
4742,314.5,674.5,0.895
4743,314.5,674.5,0.738
4744,314.5,674.5,0.812
4745,286.5,506.5,0.983
4746,290.5,514.5,0.947
4747,294.5,518.5,0.976
4748,302.5,522.5,0.992
4749,298.5,522.5,0.981
4750,300.5,524.5,0.973
4751,314.5,674.5,0.95
4752,314.5,674.5,0.941
4753,314.5,676.5,0.869
4754,314.5,674.5,0.879
4755,314.5,676.5,0.872
4756,314.5,674.5,0.754
4757,314.5,676.5,0.973
4758,314.5,674.5,0.967
4759,314.5,676.5,0.966
4760,314.5,676.5,0.971
4761,314.5,676.5,0.966
4762,314.5,674.5,0.965
4763,314.5,676.5,0.968
4764,314.5,674.5,0.908
4765,314.5,674.5,0.927
4766,314.5,676.5,0.92
4767,314.5,674.5,0.929
4768,314.5,674.5,0.921
4769,314.5,676.5,0.936
4770,314.5,676.5,0.935
4771,314.5,676.5,0.913
4772,314.5,676.5,0.946
4773,314.5,676.5,0.925
4774,312.5,676.5,0.91
4775,314.5,676.5,0.894
4776,314.5,676.5,0.893
4777,314.5,676.5,0.879
4778,314.5,676.5,0.917
4779,314.5,676.5,0.892
4780,314.5,676.5,0.89
4781,314.5,676.5,0.859
4782,314.5,676.5,0.87
4783,314.5,676.5,0.907
4784,314.5,676.5,0.882
4785,314.5,676.5,0.903
4786,314.5,676.5,0.841
4787,314.5,676.5,0.952
4788,314.5,676.5,0.898
4789,314.5,676.5,0.902
4790,416.5,360.5,0.989
4791,314.5,676.5,0.938
4792,314.5,674.5,0.927
4793,314.5,674.5,0.925
4794,516.5,228.5,0.995
4795,314.5,674.5,0.916
4796,556.5,202.5,0.99
4797,580.5,190.5,0.997
4798,604.5,184.5,0.993
4799,626.5,180.5,0.992
4800,642.5,180.5,0.997
4801,672.5,186.5,0.854
4802,690.5,196.5,0.991
4803,708.5,206.5,0.983
4804,728.5,222.5,0.983
4805,744.5,236.5,0.869
4806,762.5,256.5,0.9
4807,314.5,676.5,0.661
4808,792.5,302.5,0.801
4809,808.5,330.5,0.963
4810,314.5,676.5,0.717
4811,314.5,676.5,0.706
4812,314.5,674.5,0.748
4813,838.5,296.5,0.991
4814,844.5,276.5,0.994
4815,848.5,264.5,0.993
4816,852.5,250.5,0.984
4817,856.5,244.5,0.962
4818,314.5,676.5,0.773
4819,314.5,676.5,0.813
4820,320.5,586.5,0.996
4821,870.5,258.5,0.997
4822,870.5,272.5,0.998
4823,870.5,286.5,0.991
4824,314.5,676.5,0.726
4825,314.5,676.5,0.725
4826,314.5,676.5,0.747
4827,314.5,676.5,0.672
4828,314.5,676.5,0.601
4829,314.5,676.5,0.645
4830,314.5,676.5,0.65
4831,314.5,676.5,0.648
4832,314.5,676.5,0.651
4833,314.5,676.5,0.689
4834,314.5,676.5,0.635
4835,806.5,298.5,0.979
4836,780.5,312.5,0.908
4837,754.5,322.5,0.917
4838,314.5,676.5,0.786
4839,696.5,360.5,0.921
4840,674.5,376.5,0.993
4841,654.5,346.5,0.972
4842,314.5,676.5,0.72
4843,634.5,294.5,0.927
4844,314.5,676.5,0.748
4845,602.5,248.5,0.972
4846,592.5,234.5,0.967
4847,576.5,222.5,0.989
4848,564.5,212.5,0.994
4849,552.5,208.5,0.998
4850,542.5,204.5,0.994
4851,530.5,206.5,0.996
4852,520.5,208.5,0.999
4853,510.5,214.5,0.998
4854,500.5,222.5,0.998
4855,492.5,230.5,0.995
4856,484.5,246.5,0.996
4857,476.5,262.5,0.881
4858,468.5,276.5,0.844
4859,464.5,294.5,0.957
4860,458.5,278.5,0.856
4861,314.5,676.5,0.869
4862,268.5,390.5,0.972
4863,432.5,226.5,0.996
4864,422.5,212.5,0.989
4865,416.5,204.5,0.996
4866,410.5,198.5,0.997
4867,404.5,194.5,0.996
4868,398.5,192.5,0.984
4869,314.5,676.5,0.833
4870,314.5,676.5,0.789
4871,314.5,676.5,0.832
4872,314.5,676.5,0.748
4873,314.5,676.5,0.805
4874,314.5,676.5,0.85
4875,314.5,676.5,0.875
4876,314.5,674.5,0.769
4877,314.5,674.5,0.818
4878,314.5,674.5,0.799
4879,314.5,674.5,0.774
4880,314.5,674.5,0.773
4881,314.5,674.5,0.692
4882,314.5,674.5,0.761
4883,314.5,674.5,0.753
4884,314.5,674.5,0.785
4885,314.5,674.5,0.768
4886,314.5,674.5,0.777
4887,314.5,674.5,0.776
4888,314.5,674.5,0.743
4889,314.5,674.5,0.73
4890,314.5,674.5,0.751
4891,314.5,674.5,0.807
4892,314.5,674.5,0.76
4893,314.5,674.5,0.926
4894,314.5,674.5,0.899
4895,314.5,674.5,0.889
4896,314.5,674.5,0.882
4897,314.5,674.5,0.924
4898,314.5,674.5,0.933
4899,314.5,674.5,0.931
4900,314.5,674.5,0.938
4901,314.5,674.5,0.8
4902,314.5,674.5,0.863
4903,314.5,676.5,0.847
4904,314.5,674.5,0.841
4905,314.5,674.5,0.82
4906,314.5,674.5,0.797
4907,314.5,674.5,0.791
4908,1216.5,536.5,0.831
4909,1214.5,538.5,0.902
4910,314.5,674.5,0.737
4911,314.5,674.5,0.747
4912,1212.5,536.5,0.887
4913,1214.5,534.5,0.932
4914,1212.5,536.5,0.881
4915,1212.5,536.5,0.842
4916,314.5,674.5,0.745
4917,1214.5,534.5,0.756
4918,1212.5,538.5,0.819
4919,316.5,674.5,0.783
4920,314.5,676.5,0.879
4921,314.5,674.5,0.935
4922,314.5,674.5,0.914
4923,314.5,676.5,0.891
4924,314.5,676.5,0.896
4925,314.5,676.5,0.909
4926,314.5,674.5,0.929
4927,1128.5,476.5,0.841
4928,1214.5,536.5,0.787
4932,314.5,674.5,0.918
4933,316.5,674.5,0.61
4934,316.5,674.5,0.657
4935,316.5,674.5,0.667
4936,316.5,674.5,0.661
4938,678.5,266.5,0.947
4939,712.5,276.5,0.992
4940,742.5,282.5,0.965
4941,788.5,294.5,0.691
4942,824.5,308.5,0.997
4943,864.5,330.5,0.649
4944,906.5,352.5,0.989
4945,960.5,364.5,0.996
4946,998.5,354.5,0.998
4947,1032.5,350.5,0.968
4948,1060.5,346.5,0.98
4949,1094.5,342.5,0.967
4950,316.5,674.5,0.64
4951,316.5,674.5,0.603
4952,314.5,676.5,0.651
4956,788.5,230.5,0.935
4957,766.5,228.5,0.98
4958,722.5,226.5,0.974
4959,680.5,220.5,0.996
4960,628.5,226.5,0.995
4961,604.5,226.5,0.996
4962,570.5,234.5,0.994
4963,544.5,240.5,0.997
4964,314.5,676.5,0.869
4965,314.5,676.5,0.87
4966,456.5,232.5,0.978
4967,438.5,214.5,0.996
4968,416.5,202.5,0.993
4969,314.5,674.5,0.929
4970,392.5,180.5,0.987
4971,410.5,178.5,0.947
4972,436.5,178.5,0.998
4973,462.5,178.5,0.997
4974,486.5,180.5,0.998
4975,512.5,186.5,0.996
4976,536.5,190.5,0.998
4977,562.5,200.5,0.997
4978,588.5,212.5,0.995
4979,314.5,676.5,0.967
4980,638.5,238.5,0.985
4981,678.5,264.5,0.942
4982,692.5,278.5,0.994
4984,1164.5,570.5,0.909
4985,778.5,368.5,0.953
4986,808.5,358.5,0.991
4987,836.5,348.5,0.997
4988,864.5,342.5,0.999
4989,894.5,340.5,0.999
4990,918.5,338.5,0.998
4991,946.5,340.5,0.995
4992,980.5,348.5,0.99
4993,928.5,330.5,0.988
4994,864.5,314.5,0.587
4995,240.5,390.5,0.963
4996,768.5,292.5,0.985
4997,732.5,284.5,0.996
4998,674.5,280.5,0.518
5000,592.5,290.5,0.835
5001,574.5,294.5,0.997
5002,576.5,300.5,0.977
5003,578.5,314.5,0.996
5004,586.5,312.5,0.986
5005,590.5,308.5,0.998
5006,592.5,304.5,0.913
5007,600.5,302.5,0.922
5008,608.5,306.5,0.997
5009,612.5,308.5,0.994
5010,620.5,316.5,0.997
5011,624.5,326.5,0.991
5012,630.5,330.5,0.981
5013,636.5,322.5,0.995
5014,640.5,320.5,0.957
5015,646.5,320.5,0.99
5016,654.5,322.5,0.997
5017,660.5,328.5,0.997
5018,666.5,334.5,0.993
5019,672.5,344.5,0.997
5020,676.5,340.5,0.987
5021,682.5,338.5,0.988
5022,688.5,338.5,0.995
5023,694.5,338.5,0.993
5024,700.5,342.5,0.998
5025,706.5,348.5,0.996
5026,712.5,358.5,0.992
5027,718.5,356.5,0.992
5028,722.5,352.5,0.992
5029,728.5,350.5,0.993
5030,734.5,354.5,0.996
5031,740.5,358.5,0.997
5032,746.5,364.5,0.995
5033,752.5,374.5,0.996
5034,756.5,366.5,0.991
5035,762.5,364.5,0.994
5036,768.5,366.5,0.995
5037,774.5,370.5,0.994
5038,780.5,376.5,0.996
5039,784.5,386.5,0.994
5040,792.5,380.5,0.989
5041,798.5,380.5,0.995
5042,804.5,382.5,0.996
5043,810.5,386.5,0.994
5044,814.5,392.5,0.997
5045,818.5,400.5,0.993
5046,824.5,394.5,0.992
5047,832.5,394.5,0.991
5048,836.5,398.5,0.987
5049,842.5,404.5,0.991
5050,846.5,412.5,0.991
5051,852.5,410.5,0.988
5052,858.5,408.5,0.99
5053,866.5,412.5,0.946
5054,872.5,416.5,0.97
5055,872.5,426.5,0.899
5056,314.5,674.5,0.685
5057,314.5,674.5,0.681
5058,314.5,674.5,0.697
5059,314.5,674.5,0.677
5060,314.5,674.5,0.618
5061,314.5,674.5,0.713
5062,1022.5,218.5,0.867
5063,314.5,676.5,0.757
5064,314.5,676.5,0.768
5065,314.5,676.5,0.753
5066,314.5,676.5,0.714
5067,314.5,676.5,0.84
5068,314.5,676.5,0.834
5069,314.5,676.5,0.827
5070,314.5,676.5,0.826
5071,314.5,676.5,0.851
5072,314.5,676.5,0.791
5073,314.5,676.5,0.816
5074,314.5,676.5,0.771
5075,314.5,676.5,0.796
5076,374.5,100.5,0.941
5077,314.5,676.5,0.813
5078,314.5,676.5,0.812
5079,314.5,676.5,0.805
5080,314.5,676.5,0.818
5081,314.5,676.5,0.813
5082,314.5,676.5,0.836
5083,894.5,248.5,0.896
5084,888.5,246.5,0.842
5085,314.5,676.5,0.844
5086,314.5,676.5,0.834
5087,314.5,676.5,0.847
5088,314.5,676.5,0.856
5089,314.5,676.5,0.833
5090,314.5,676.5,0.845
5091,314.5,676.5,0.805
5092,314.5,676.5,0.818
5093,314.5,676.5,0.813
5094,314.5,676.5,0.811
5095,314.5,676.5,0.824
5096,314.5,676.5,0.807
5097,314.5,676.5,0.847
5098,314.5,676.5,0.785
5099,314.5,676.5,0.587
5100,220.5,616.5,0.787
5101,314.5,676.5,0.814
5102,312.5,676.5,0.916
5103,314.5,676.5,0.781
5104,312.5,676.5,0.853
5105,314.5,676.5,0.799
5106,314.5,676.5,0.744
5107,312.5,676.5,0.961
5108,312.5,676.5,0.912
5109,312.5,676.5,0.943
5110,312.5,676.5,0.92
5111,312.5,676.5,0.914
5112,312.5,676.5,0.915
5113,312.5,676.5,0.908
5114,312.5,676.5,0.922
5115,312.5,676.5,0.89
5116,312.5,676.5,0.92
5117,312.5,676.5,0.815
5118,314.5,676.5,0.872
5119,312.5,676.5,0.864
5120,312.5,676.5,0.854
5121,314.5,676.5,0.837
5122,312.5,676.5,0.848
5123,314.5,676.5,0.801
5124,312.5,676.5,0.734
5125,312.5,676.5,0.744
5126,312.5,676.5,0.782
5127,314.5,676.5,0.807
5128,312.5,676.5,0.814
5129,312.5,676.5,0.802
5130,976.5,388.5,0.99
5131,312.5,676.5,0.806
5132,312.5,676.5,0.81
5133,314.5,676.5,0.836
5134,312.5,676.5,0.792
5135,312.5,676.5,0.793
5136,312.5,676.5,0.808
5137,942.5,584.5,0.817
5138,312.5,676.5,0.822
5139,312.5,676.5,0.851
5140,312.5,676.5,0.836
5141,312.5,676.5,0.866
5142,312.5,676.5,0.863
5143,312.5,676.5,0.863
5144,738.5,284.5,0.995
5145,702.5,272.5,0.987
5146,314.5,676.5,0.838
5147,626.5,250.5,0.996
5148,602.5,248.5,0.987
5149,572.5,244.5,0.998
5150,544.5,244.5,0.995
5151,314.5,676.5,0.827
5152,314.5,676.5,0.832
5153,314.5,676.5,0.832
5154,456.5,224.5,0.985
5155,432.5,214.5,0.994
5156,414.5,208.5,0.99
5157,416.5,194.5,0.989
5158,428.5,172.5,0.992
5159,440.5,158.5,0.993
5160,454.5,142.5,0.997
5161,468.5,128.5,0.997
5162,482.5,116.5,0.996
5163,496.5,106.5,0.999
5164,512.5,98.5,0.999
5165,528.5,92.5,0.996
5166,542.5,90.5,0.998
5167,558.5,88.5,0.998
5168,576.5,90.5,0.997
5169,592.5,96.5,0.999
5170,606.5,104.5,0.998
5171,624.5,114.5,0.995
5172,640.5,124.5,0.975
5173,312.5,674.5,0.924
5174,678.5,164.5,0.986
5175,312.5,676.5,0.913
5176,312.5,676.5,0.934
5177,312.5,676.5,0.941
5178,312.5,676.5,0.794
5179,752.5,280.5,0.947
5180,768.5,322.5,0.984
5181,778.5,348.5,0.953
5182,800.5,390.5,0.996
5183,812.5,372.5,0.982
5184,824.5,350.5,0.991
5185,836.5,332.5,0.992
5186,848.5,320.5,0.919
5187,862.5,310.5,0.98
5188,312.5,676.5,0.854
5189,314.5,676.5,0.81
5190,312.5,676.5,0.858
5191,314.5,676.5,0.835
5192,314.5,676.5,0.852
5193,314.5,676.5,0.849
5194,312.5,676.5,0.877
5195,312.5,676.5,0.877
5196,312.5,676.5,0.847
5197,312.5,676.5,0.852
5198,312.5,674.5,0.833
5199,312.5,676.5,0.946
5200,312.5,674.5,0.954
5201,312.5,674.5,0.952
5202,312.5,676.5,0.958
5203,312.5,674.5,0.952
5204,312.5,674.5,0.956
5205,312.5,674.5,0.959
5206,312.5,676.5,0.958
5207,312.5,676.5,0.96
5208,312.5,676.5,0.957
5209,312.5,676.5,0.958
5210,312.5,676.5,0.957
5211,312.5,676.5,0.964
5212,312.5,676.5,0.963
5213,312.5,676.5,0.964
5214,312.5,676.5,0.957
5215,312.5,676.5,0.959
5216,312.5,676.5,0.959
5217,312.5,676.5,0.955
5218,312.5,676.5,0.953
5219,312.5,676.5,0.967
5220,314.5,674.5,0.938
5221,314.5,674.5,0.95
5222,314.5,674.5,0.918
5223,314.5,674.5,0.931
5224,314.5,674.5,0.929
5225,314.5,676.5,0.949
5226,314.5,674.5,0.933
5227,314.5,674.5,0.94
5228,312.5,676.5,0.955
5229,314.5,674.5,0.914
5230,312.5,676.5,0.906
5231,314.5,674.5,0.921
5232,992.5,392.5,0.994
5233,992.5,408.5,0.951
5234,314.5,674.5,0.924
5235,314.5,674.5,0.934
5236,314.5,676.5,0.939
5237,314.5,674.5,0.932
5238,314.5,674.5,0.917
5239,314.5,674.5,0.923
5240,314.5,674.5,0.931
5241,314.5,674.5,0.927
5242,314.5,674.5,0.923
5243,826.5,312.5,0.971
5244,314.5,674.5,0.893
5245,756.5,264.5,0.997
5246,736.5,254.5,0.948
5247,698.5,230.5,0.984
5248,678.5,220.5,0.996
5249,640.5,204.5,0.996
5250,620.5,196.5,0.996
5251,596.5,192.5,0.999
5252,572.5,188.5,0.998
5253,548.5,188.5,0.998
5254,530.5,188.5,0.998
5255,506.5,192.5,0.993
5256,488.5,194.5,0.993
5257,468.5,202.5,0.998
5258,452.5,212.5,0.996
5259,436.5,218.5,0.998
5260,314.5,674.5,0.757
5261,314.5,674.5,0.78
5262,394.5,196.5,0.993
5263,314.5,674.5,0.757
5264,444.5,188.5,0.996
5265,468.5,188.5,0.998
5266,494.5,190.5,0.996
5267,528.5,196.5,0.998
5268,552.5,202.5,0.994
5269,580.5,208.5,0.996
5270,610.5,220.5,0.994
5271,634.5,228.5,0.991
5272,674.5,246.5,0.981
5273,694.5,258.5,0.94
5274,724.5,278.5,0.993
5275,314.5,674.5,0.789
5276,778.5,320.5,0.985
5277,816.5,308.5,0.996
5278,838.5,306.5,0.998
5279,866.5,306.5,0.999
5280,892.5,306.5,0.999
5281,926.5,306.5,0.997
5282,952.5,310.5,0.943
5283,940.5,298.5,0.994
5284,938.5,376.5,0.993
5285,850.5,266.5,0.939
5286,784.5,246.5,0.994
5287,736.5,234.5,0.875
5288,694.5,228.5,0.922
5289,676.5,224.5,0.995
5290,628.5,220.5,0.986
5291,592.5,218.5,0.993
5292,558.5,220.5,0.994
5293,528.5,222.5,0.997
5294,500.5,226.5,0.998
5295,468.5,232.5,0.924
5296,264.5,220.5,0.547
5297,420.5,248.5,0.99
5298,398.5,230.5,0.986
5299,314.5,674.5,0.532
5300,364.5,206.5,0.987
5301,380.5,202.5,0.989
5302,410.5,200.5,0.996
5303,436.5,198.5,0.997
5304,464.5,200.5,0.999
5305,494.5,202.5,0.994
5306,524.5,210.5,0.998
5307,548.5,216.5,0.981
5308,580.5,228.5,0.979
5309,612.5,242.5,0.986
5310,634.5,250.5,0.981
5311,674.5,276.5,0.938
5312,704.5,294.5,0.986
5313,314.5,676.5,0.775
5314,314.5,676.5,0.794
5315,800.5,370.5,0.958
5316,834.5,360.5,0.996
5317,868.5,354.5,0.993
5318,904.5,348.5,0.998
5319,932.5,348.5,0.998
5320,974.5,348.5,0.839
5321,1000.5,356.5,0.966
5322,314.5,674.5,0.583
5323,1176.5,536.5,0.989
5324,314.5,674.5,0.688
5325,754.5,262.5,0.993
5326,314.5,674.5,0.65
5327,680.5,244.5,0.975
5328,314.5,676.5,0.738
5329,564.5,232.5,0.978
5330,536.5,232.5,0.993
5331,496.5,232.5,0.994
5332,454.5,234.5,0.961
5333,314.5,676.5,0.7
5334,384.5,250.5,0.998
5335,314.5,676.5,0.685
5336,314.5,676.5,0.673
5337,314.5,676.5,0.707
5339,312.5,674.5,0.927
5340,320.5,212.5,0.997
5341,350.5,212.5,0.999
5342,376.5,212.5,0.998
5343,404.5,218.5,0.999
5344,436.5,224.5,0.99
5345,314.5,674.5,0.713
5346,224.5,398.5,0.785
5347,314.5,674.5,0.751
5348,314.5,674.5,0.756
5349,314.5,674.5,0.625
5350,314.5,674.5,0.726
5351,668.5,338.5,0.978
5352,696.5,340.5,0.976
5353,728.5,330.5,0.759
5354,756.5,326.5,0.991
5355,788.5,324.5,0.992
5356,820.5,326.5,0.997
5357,852.5,330.5,0.999
5358,878.5,334.5,0.997
5359,314.5,674.5,0.532
5360,852.5,312.5,0.98
5361,810.5,298.5,0.945
5362,766.5,284.5,0.948
5363,742.5,278.5,0.979
5364,702.5,270.5,0.992
5365,678.5,266.5,0.997
5366,646.5,262.5,0.993
5367,620.5,264.5,0.992
5368,612.5,258.5,0.989
5369,610.5,252.5,0.991
5370,606.5,248.5,0.988
5371,604.5,248.5,0.992
5372,600.5,248.5,0.985
5373,598.5,254.5,0.957
5374,594.5,260.5,0.994
5375,596.5,268.5,0.99
5376,270.5,374.5,0.989
5377,588.5,260.5,0.997
5378,584.5,250.5,0.992
5379,582.5,244.5,0.995
5380,578.5,240.5,0.997
5381,576.5,234.5,0.99
5382,574.5,232.5,0.985
5383,572.5,236.5,0.993
5384,570.5,242.5,0.997
5385,568.5,248.5,0.995
5386,564.5,252.5,0.972
5387,562.5,244.5,0.997
5388,564.5,246.5,0.986
5389,560.5,238.5,0.997
5390,558.5,230.5,0.998
5391,554.5,226.5,0.997
5392,552.5,222.5,0.987
5393,548.5,222.5,0.959
5394,546.5,226.5,0.989
5395,544.5,230.5,0.997
5396,544.5,236.5,0.99
5397,542.5,234.5,0.99
5398,314.5,674.5,0.726
5399,314.5,674.5,0.507
5403,316.5,674.5,0.541
5405,316.5,674.5,0.785
5406,488.5,202.5,0.741
5407,316.5,674.5,0.864
5408,316.5,674.5,0.589
5409,1108.5,556.5,0.924
5410,1098.5,556.5,0.978
5411,1088.5,558.5,0.88
5412,1080.5,556.5,0.891
5413,316.5,674.5,0.757
5414,316.5,674.5,0.707
5415,316.5,674.5,0.819
5416,316.5,674.5,0.816
5417,316.5,674.5,0.801
5418,316.5,674.5,0.798
5419,316.5,674.5,0.762
5420,364.5,358.5,0.997
5421,388.5,56.5,0.971
5422,384.5,54.5,0.979
5423,314.5,674.5,0.945
5424,314.5,674.5,0.892
5425,314.5,674.5,0.878
5426,314.5,674.5,0.933
5427,314.5,674.5,0.847
5428,316.5,674.5,0.873
5429,314.5,674.5,0.897
5430,314.5,674.5,0.89
5431,316.5,674.5,0.801
5432,314.5,674.5,0.974
5433,314.5,674.5,0.966
5434,314.5,674.5,0.963
5435,314.5,674.5,0.965
5436,314.5,674.5,0.961
5437,314.5,674.5,0.971
5438,304.5,54.5,0.973
5439,304.5,52.5,0.989
5440,314.5,674.5,0.964
5441,314.5,674.5,0.965
5442,314.5,674.5,0.965
5443,314.5,674.5,0.973
5444,288.5,54.5,0.943
5445,288.5,54.5,0.974
5446,314.5,674.5,0.955
5447,314.5,674.5,0.956
5448,314.5,674.5,0.956
5449,314.5,674.5,0.958
5450,314.5,674.5,0.956
5451,314.5,674.5,0.956
5452,314.5,674.5,0.96
5453,314.5,674.5,0.958
5454,314.5,674.5,0.959
5455,314.5,674.5,0.963
5456,314.5,674.5,0.961
5457,314.5,674.5,0.96
5458,314.5,674.5,0.961
5459,314.5,674.5,0.966
5460,314.5,674.5,0.965
5461,314.5,674.5,0.972
5462,314.5,674.5,0.967
5463,314.5,674.5,0.967
5464,314.5,674.5,0.966
5465,314.5,674.5,0.966
5466,314.5,674.5,0.966
5467,314.5,674.5,0.965
5468,314.5,676.5,0.937
5473,220.5,386.5,0.552
5474,1218.5,554.5,0.535
5476,218.5,392.5,0.578
5478,338.5,168.5,0.706
5479,860.5,380.5,0.597
5480,226.5,392.5,0.933
5481,226.5,390.5,0.606
5482,846.5,330.5,0.699
5483,226.5,390.5,0.665
5484,480.5,582.5,0.602
5485,496.5,568.5,0.779
5486,296.5,166.5,0.658
5487,898.5,418.5,0.627
5497,332.5,172.5,0.945
5498,608.5,536.5,0.993
5499,382.5,218.5,0.993
5500,440.5,186.5,0.952
5501,432.5,280.5,0.96
5503,724.5,580.5,0.973
5504,466.5,218.5,0.996
5505,794.5,602.5,0.992
5506,490.5,184.5,0.996
5507,502.5,170.5,0.997
5508,514.5,162.5,0.996
5509,530.5,154.5,0.998
5510,544.5,150.5,0.999
5511,558.5,148.5,0.999
5512,570.5,150.5,0.999
5513,584.5,154.5,1.0
5514,596.5,160.5,0.999
5515,610.5,170.5,0.998
5516,624.5,182.5,0.994
5517,638.5,198.5,0.989
5518,646.5,210.5,0.993
5519,886.5,100.5,0.879
5520,674.5,254.5,0.819
5521,682.5,268.5,0.987
5522,692.5,298.5,0.971
5523,702.5,326.5,0.993
5524,884.5,100.5,0.846
5525,730.5,280.5,0.99
5526,740.5,268.5,0.994
5527,752.5,254.5,0.991
5528,762.5,242.5,0.998
5529,774.5,234.5,0.998
5530,786.5,228.5,0.999
5531,796.5,224.5,0.998
5532,808.5,224.5,0.988
5533,818.5,228.5,0.998
5534,826.5,234.5,0.996
5535,836.5,242.5,0.998
5536,846.5,250.5,0.997
5537,852.5,262.5,0.992
5538,860.5,276.5,0.992
5539,866.5,296.5,0.904
5540,874.5,314.5,0.996
5541,884.5,100.5,0.833
5542,884.5,100.5,0.921
5543,898.5,316.5,0.994
5544,910.5,298.5,0.957
5545,920.5,286.5,0.989
5546,932.5,274.5,0.991
5547,942.5,272.5,0.996
5548,950.5,266.5,0.998
5549,884.5,100.5,0.874
5550,884.5,100.5,0.773
5551,884.5,100.5,0.913
5552,884.5,100.5,0.882
5553,884.5,100.5,0.902
5554,884.5,100.5,0.803
5555,884.5,100.5,0.882
5556,884.5,100.5,0.884
5557,958.5,224.5,0.985
5558,884.5,100.5,0.883
5559,946.5,230.5,0.952
5560,946.5,228.5,0.958
5561,884.5,100.5,0.876
5562,884.5,100.5,0.882
5563,884.5,100.5,0.881
5564,884.5,100.5,0.889
5565,884.5,100.5,0.892
5566,884.5,100.5,0.892
5567,884.5,102.5,0.904
5568,884.5,100.5,0.894
5569,884.5,100.5,0.854
5570,884.5,100.5,0.823
5571,884.5,100.5,0.834
5572,958.5,30.5,0.727
5573,958.5,30.5,0.757
5574,958.5,30.5,0.83
5575,958.5,30.5,0.884
5576,958.5,30.5,0.881
5577,412.5,202.5,0.926
5578,958.5,30.5,0.857
5579,958.5,30.5,0.844
5581,958.5,30.5,0.818
5582,958.5,30.5,0.824
5583,958.5,30.5,0.791
5584,884.5,100.5,0.86
5585,884.5,100.5,0.844
5586,958.5,30.5,0.782
5587,884.5,100.5,0.825
5588,958.5,30.5,0.753
5589,884.5,100.5,0.777
5590,958.5,30.5,0.793
5591,884.5,100.5,0.769
5592,884.5,100.5,0.768
5593,958.5,30.5,0.944
5594,958.5,30.5,0.893
5595,958.5,30.5,0.914
5596,958.5,30.5,0.889
5597,958.5,30.5,0.889
5598,958.5,30.5,0.862
5599,958.5,30.5,0.892
5600,958.5,30.5,0.884
5601,958.5,30.5,0.834
5602,312.5,676.5,0.914
5603,958.5,28.5,0.89
5604,958.5,28.5,0.892
5605,958.5,30.5,0.872
5606,312.5,676.5,0.902
5607,312.5,676.5,0.886
5608,958.5,28.5,0.886
5609,312.5,676.5,0.914
5610,314.5,676.5,0.887
5611,314.5,676.5,0.873
5612,958.5,30.5,0.886
5613,314.5,676.5,0.937
5614,312.5,676.5,0.954
5615,312.5,676.5,0.957
5616,312.5,676.5,0.959
5617,312.5,676.5,0.958
5618,314.5,676.5,0.958
5619,312.5,676.5,0.951
5620,314.5,676.5,0.954
5621,314.5,676.5,0.947
5622,314.5,676.5,0.946
5623,314.5,676.5,0.949
5624,314.5,676.5,0.947
5625,314.5,676.5,0.946
5626,314.5,676.5,0.946
5627,314.5,676.5,0.944
5628,314.5,676.5,0.949
5629,842.5,302.5,0.975
5630,314.5,676.5,0.954
5631,312.5,676.5,0.958
5632,754.5,252.5,0.982
5633,728.5,242.5,0.992
5634,702.5,232.5,0.994
5635,682.5,226.5,0.999
5636,646.5,222.5,0.994
5637,628.5,222.5,0.997
5638,608.5,224.5,0.998
5639,590.5,226.5,0.999
5640,570.5,230.5,0.998
5641,552.5,236.5,0.997
5642,312.5,676.5,0.975
5643,520.5,232.5,0.996
5644,506.5,218.5,0.995
5645,492.5,208.5,0.995
5646,480.5,196.5,0.957
5647,468.5,190.5,0.903
5648,438.5,190.5,0.913
5649,452.5,186.5,0.998
5650,470.5,186.5,0.997
5651,484.5,188.5,0.991
5652,504.5,192.5,0.94
5653,520.5,200.5,0.998
5654,536.5,210.5,0.998
5655,552.5,220.5,0.996
5656,570.5,236.5,0.99
5657,584.5,248.5,0.994
5658,456.5,188.5,0.955
5659,622.5,292.5,0.984
5660,312.5,676.5,0.972
5661,656.5,342.5,0.996
5662,672.5,338.5,0.992
5663,690.5,336.5,0.993
5664,706.5,336.5,0.993
5665,724.5,340.5,0.993
5666,742.5,348.5,0.995
5667,760.5,358.5,0.992
5668,778.5,372.5,0.992
5669,314.5,676.5,0.952
5670,312.5,676.5,0.945
5671,312.5,676.5,0.944
5672,312.5,676.5,0.954
5673,504.5,586.5,0.967
5674,314.5,676.5,0.946
5675,312.5,676.5,0.947
5676,314.5,676.5,0.946
5677,312.5,676.5,0.951
5678,314.5,676.5,0.942
5679,314.5,676.5,0.95
5680,314.5,676.5,0.95
5681,314.5,676.5,0.95
5682,314.5,676.5,0.948
5683,348.5,242.5,0.986
5684,334.5,232.5,0.986
5685,314.5,676.5,0.95
5686,314.5,676.5,0.95
5687,314.5,676.5,0.95
5688,314.5,676.5,0.945
5689,412.5,206.5,0.989
5690,442.5,208.5,0.998
5691,476.5,212.5,0.998
5692,508.5,216.5,0.996
5693,954.5,694.5,0.976
5694,576.5,234.5,0.991
5695,602.5,244.5,0.992
5696,628.5,252.5,0.994
5697,670.5,276.5,0.984
5698,314.5,676.5,0.938
5699,312.5,676.5,0.911
5700,766.5,342.5,0.969
5701,504.5,586.5,0.939
5702,828.5,324.5,0.993
5703,860.5,314.5,0.995
5704,882.5,310.5,0.997
5705,916.5,306.5,0.997
5706,940.5,306.5,0.994
5707,884.5,100.5,0.708
5708,884.5,100.5,0.696
5709,884.5,100.5,0.727
5710,884.5,100.5,0.798
5711,504.5,586.5,0.704
5712,884.5,100.5,0.766
5713,700.5,232.5,0.882
5714,504.5,586.5,0.66
5715,884.5,100.5,0.679
5716,486.5,218.5,0.928
5717,430.5,220.5,0.997
5718,504.5,586.5,0.74
5719,342.5,238.5,0.917
5720,304.5,248.5,0.986
5721,504.5,586.5,0.723
5722,504.5,586.5,0.67
5723,172.5,222.5,0.957
5724,184.5,316.5,0.989
5725,166.5,332.5,0.996
5726,144.5,356.5,0.997
5727,126.5,364.5,0.997
5728,106.5,346.5,0.995
5729,314.5,676.5,0.65
5730,314.5,676.5,0.698
5731,314.5,676.5,0.754
5732,104.5,318.5,0.982
5733,112.5,314.5,0.97
5734,114.5,312.5,0.986
5735,884.5,100.5,0.617
5736,124.5,316.5,0.992
5737,132.5,326.5,0.992
5738,136.5,330.5,0.998
5739,144.5,338.5,0.999
5740,150.5,350.5,0.997
5741,158.5,362.5,0.996
5742,164.5,378.5,0.997
5743,174.5,394.5,0.992
5744,180.5,414.5,0.99
5745,302.5,382.5,0.697
5746,196.5,458.5,0.991
5747,274.5,396.5,0.978
5748,268.5,402.5,0.737
5749,256.5,406.5,0.987
5750,292.5,550.5,0.987
5751,290.5,542.5,0.988
5752,288.5,534.5,0.995
5753,284.5,522.5,0.991
5754,1154.5,454.5,0.992
5755,1156.5,460.5,0.986
5756,312.5,676.5,0.93
5757,312.5,676.5,0.928
5758,312.5,676.5,0.915
5759,312.5,676.5,0.904
5760,1140.5,378.5,0.967
5761,312.5,676.5,0.871
5762,158.5,438.5,0.996
5763,312.5,676.5,0.86
5764,142.5,450.5,0.988
5765,312.5,676.5,0.854
5766,144.5,464.5,0.886
5767,312.5,676.5,0.824
5768,312.5,676.5,0.709
5769,312.5,676.5,0.805
5770,312.5,676.5,0.739
5771,312.5,676.5,0.778
5772,956.5,496.5,0.978
5773,228.5,454.5,0.839
5774,312.5,676.5,0.865
5775,236.5,474.5,0.938
5776,312.5,676.5,0.827
5777,312.5,676.5,0.84
5778,312.5,676.5,0.91
5779,312.5,676.5,0.858
5780,958.5,28.5,0.917
5781,312.5,676.5,0.866
5782,272.5,498.5,0.997
5783,354.5,488.5,0.899
5784,312.5,676.5,0.857
5785,352.5,482.5,0.98
5786,312.5,676.5,0.863
5787,312.5,676.5,0.864
5788,312.5,676.5,0.877
5789,302.5,590.5,0.997
5790,304.5,590.5,0.943
5791,312.5,676.5,0.882
5792,312.5,676.5,0.895
5793,314.5,676.5,0.852
5794,312.5,676.5,0.788
5795,312.5,676.5,0.799
5796,312.5,676.5,0.857
5797,312.5,676.5,0.859
5798,312.5,676.5,0.851
5799,312.5,676.5,0.859
5800,312.5,676.5,0.856
5801,1148.5,404.5,0.971
5802,314.5,676.5,0.773
5803,314.5,676.5,0.779
5804,314.5,676.5,0.769
5805,314.5,676.5,0.764
5806,314.5,676.5,0.766
5807,314.5,676.5,0.761
5808,314.5,674.5,0.78
5809,314.5,674.5,0.712
5810,314.5,676.5,0.851
5811,312.5,676.5,0.861
5812,1204.5,264.5,0.893
5813,940.5,614.5,0.929
5814,300.5,282.5,0.983
5815,312.5,676.5,0.86
5816,1100.5,444.5,0.968
5817,1102.5,442.5,0.972
5818,1100.5,442.5,0.984
5819,312.5,676.5,0.822
5820,312.5,676.5,0.759
5821,312.5,676.5,0.877
5822,312.5,676.5,0.917
5823,312.5,676.5,0.923
5824,312.5,676.5,0.914
5825,312.5,676.5,0.907
5826,290.5,504.5,0.848
5827,312.5,676.5,0.989
5828,312.5,676.5,0.982
5829,312.5,676.5,0.983
5830,312.5,676.5,0.984
5831,312.5,676.5,0.983
5832,312.5,676.5,0.985
5833,312.5,676.5,0.985
5834,272.5,450.5,0.992
5835,270.5,440.5,0.994
5836,270.5,430.5,0.993
5837,270.5,420.5,0.995
5838,272.5,408.5,0.994
5839,274.5,400.5,0.989
5840,312.5,676.5,0.984
5841,312.5,676.5,0.984
5842,312.5,676.5,0.983
5843,312.5,676.5,0.985
5844,312.5,676.5,0.985
5845,312.5,674.5,0.985
5846,174.5,458.5,0.99
5847,312.5,674.5,0.985
5848,312.5,674.5,0.986
5849,312.5,674.5,0.985
5850,312.5,676.5,0.986
5851,312.5,674.5,0.986
5852,312.5,676.5,0.986
5853,312.5,676.5,0.984
5854,312.5,676.5,0.985
5855,312.5,674.5,0.984
5856,312.5,674.5,0.983
5857,312.5,674.5,0.982
5858,312.5,674.5,0.984
5859,1106.5,476.5,0.992
5860,312.5,676.5,0.985
5861,312.5,674.5,0.985
5862,312.5,676.5,0.985
5863,312.5,676.5,0.985
5864,312.5,676.5,0.985
5865,312.5,676.5,0.985
5866,312.5,676.5,0.985
5867,312.5,676.5,0.985
5868,312.5,674.5,0.985
5869,312.5,674.5,0.985
5870,312.5,676.5,0.986
5871,312.5,676.5,0.986
5872,312.5,676.5,0.986
5873,312.5,676.5,0.986
5874,312.5,676.5,0.986
5875,312.5,676.5,0.985
5876,312.5,674.5,0.984
5877,312.5,676.5,0.985
5878,312.5,674.5,0.983
5879,312.5,676.5,0.987
5880,312.5,676.5,0.985
5881,312.5,676.5,0.986
5882,312.5,676.5,0.977
5883,312.5,676.5,0.978
5884,312.5,676.5,0.974
5885,312.5,674.5,0.974
5886,312.5,676.5,0.96
5887,312.5,676.5,0.962
5888,312.5,676.5,0.961
5889,312.5,676.5,0.961
5890,312.5,676.5,0.972
5891,312.5,676.5,0.96
5892,312.5,674.5,0.957
5893,312.5,676.5,0.965
5894,312.5,676.5,0.948
5895,312.5,676.5,0.958
5896,312.5,676.5,0.961
5897,312.5,676.5,0.959
5898,312.5,676.5,0.948
5899,312.5,676.5,0.951
5900,312.5,676.5,0.981
5901,312.5,674.5,0.976
5902,312.5,674.5,0.978
5903,312.5,676.5,0.98
5904,312.5,676.5,0.978
5905,312.5,676.5,0.979
5906,312.5,676.5,0.978
5907,312.5,676.5,0.978
5908,312.5,676.5,0.982
5909,312.5,676.5,0.983
5910,312.5,676.5,0.982
5911,312.5,676.5,0.981
5912,312.5,676.5,0.979
5913,312.5,676.5,0.984
5914,312.5,676.5,0.985
5915,312.5,676.5,0.955
5916,312.5,676.5,0.96
5917,312.5,676.5,0.967
5918,312.5,676.5,0.966
5919,312.5,676.5,0.967
5920,312.5,676.5,0.97
5921,312.5,676.5,0.97
5922,312.5,676.5,0.97
5923,312.5,676.5,0.967
5924,312.5,676.5,0.96
5925,312.5,674.5,0.958
5926,312.5,674.5,0.957
5927,312.5,674.5,0.962
5928,312.5,674.5,0.961
5929,312.5,676.5,0.958
5930,312.5,674.5,0.966
5931,312.5,676.5,0.961
5932,312.5,676.5,0.958
5933,312.5,676.5,0.956
5934,312.5,676.5,0.966
5935,312.5,676.5,0.964
5936,312.5,676.5,0.966
5937,312.5,676.5,0.967
5938,312.5,676.5,0.969
5939,312.5,676.5,0.96
5940,312.5,674.5,0.968
5941,312.5,674.5,0.978
5942,312.5,674.5,0.978
5943,312.5,674.5,0.979
5944,312.5,674.5,0.981
5945,312.5,676.5,0.973
5946,312.5,676.5,0.967
5947,312.5,674.5,0.972
5948,312.5,676.5,0.952
5949,312.5,676.5,0.964
5950,312.5,676.5,0.958
5951,312.5,676.5,0.975
5952,312.5,676.5,0.978
5953,312.5,676.5,0.924
5954,312.5,676.5,0.942
5955,312.5,676.5,0.942
5956,312.5,676.5,0.934
5957,312.5,676.5,0.93
5958,312.5,676.5,0.938
5959,312.5,676.5,0.937
5960,312.5,676.5,0.938
5961,312.5,676.5,0.931
5962,312.5,676.5,0.938
5963,312.5,676.5,0.913
5964,312.5,676.5,0.946
5965,312.5,676.5,0.917
5966,312.5,676.5,0.938
5967,312.5,676.5,0.951
5968,312.5,674.5,0.948
5969,312.5,674.5,0.951
5970,312.5,674.5,0.956
5971,312.5,674.5,0.942
5972,1204.5,496.5,0.98
5973,1210.5,502.5,0.942
5974,312.5,674.5,0.923
5975,312.5,674.5,0.903
5976,312.5,674.5,0.921
5977,312.5,674.5,0.967
5978,312.5,674.5,0.952
5979,312.5,674.5,0.952
5980,312.5,674.5,0.955
5981,312.5,674.5,0.955
5982,312.5,674.5,0.954
5983,312.5,674.5,0.961
5984,312.5,674.5,0.953
5985,312.5,674.5,0.954
5986,312.5,674.5,0.95
5987,312.5,674.5,0.96
5988,312.5,674.5,0.96
5989,312.5,674.5,0.96
5990,312.5,674.5,0.96
5991,312.5,674.5,0.962
5992,312.5,674.5,0.961
5993,312.5,674.5,0.957
5994,312.5,674.5,0.961
5995,312.5,674.5,0.963
5996,312.5,674.5,0.965
5997,312.5,674.5,0.957
5998,312.5,674.5,0.963
5999,206.5,202.5,0.969
6000,1172.5,540.5,0.674
6001,1170.5,538.5,0.891
6002,314.5,676.5,0.748
6003,958.5,30.5,0.7
6004,1024.5,466.5,0.952
6005,1022.5,466.5,0.908
6006,314.5,676.5,0.678
6007,314.5,676.5,0.732
6008,314.5,676.5,0.743
6009,1048.5,678.5,0.971
6010,314.5,676.5,0.73
6011,314.5,676.5,0.524
6012,1184.5,536.5,0.895
6013,314.5,676.5,0.647
6014,314.5,676.5,0.665
6015,314.5,676.5,0.784
6016,314.5,676.5,0.631
6017,314.5,676.5,0.607
6018,618.5,294.5,0.909
6019,314.5,676.5,0.888
6020,314.5,676.5,0.739
6021,314.5,676.5,0.872
6022,314.5,674.5,0.651
6023,800.5,376.5,0.938
6024,832.5,404.5,0.895
6025,314.5,676.5,0.823
6026,908.5,392.5,0.993
6027,942.5,386.5,0.998
6028,976.5,382.5,0.996
6029,314.5,676.5,0.959
6030,922.5,332.5,0.993
6031,312.5,676.5,0.964
6032,834.5,296.5,0.988
6033,752.5,262.5,0.992
6034,312.5,676.5,0.961
6035,682.5,242.5,0.994
6036,1138.5,506.5,0.992
6037,588.5,228.5,0.993
6038,560.5,226.5,0.998
6039,528.5,228.5,0.999
6040,504.5,230.5,0.998
6041,314.5,674.5,0.938
6042,446.5,246.5,0.983
6043,222.5,396.5,0.994
6044,222.5,404.5,0.99
6045,314.5,676.5,0.951
6046,222.5,402.5,0.98
6047,314.5,674.5,0.926
6048,314.5,674.5,0.93
6049,352.5,186.5,0.957
6050,380.5,184.5,0.993
6051,408.5,184.5,0.996
6052,436.5,184.5,0.999
6053,464.5,186.5,0.999
6054,494.5,192.5,0.996
6055,532.5,202.5,0.998
6056,562.5,212.5,0.993
6057,314.5,674.5,0.95
6058,222.5,404.5,0.949
6059,222.5,402.5,0.975
6060,354.5,344.5,0.995
6061,314.5,676.5,0.956
6062,222.5,400.5,0.977
6063,314.5,676.5,0.934
6064,314.5,676.5,0.933
6065,314.5,676.5,0.909
6066,928.5,432.5,0.994
6067,974.5,440.5,0.996
6068,1022.5,456.5,0.995
6069,1070.5,472.5,0.995
6070,1116.5,488.5,0.995
6071,1162.5,516.5,0.975
6072,314.5,674.5,0.955
6073,314.5,674.5,0.954
6074,314.5,674.5,0.95
6075,314.5,674.5,0.969
6076,314.5,674.5,0.936
6077,314.5,674.5,0.954
6078,314.5,676.5,0.956
6079,222.5,400.5,0.976
6080,1134.5,644.5,0.979
6081,222.5,400.5,0.972
6082,1098.5,696.5,0.991
6083,222.5,400.5,0.982
6084,220.5,398.5,0.95
6085,222.5,400.5,0.961
6086,222.5,400.5,0.961
6087,220.5,400.5,0.96
6088,220.5,400.5,0.959
6089,220.5,400.5,0.96
6090,222.5,400.5,0.955
6091,220.5,400.5,0.958
6092,314.5,674.5,0.958
6093,314.5,674.5,0.955
6094,322.5,218.5,0.975
6095,336.5,218.5,0.981
6096,338.5,218.5,0.991
6097,352.5,218.5,0.957
6098,352.5,218.5,0.986
6099,222.5,400.5,0.974
6100,312.5,676.5,0.957
6101,312.5,676.5,0.94
6102,314.5,676.5,0.925
6103,314.5,674.5,0.946
6104,314.5,676.5,0.938
6105,314.5,674.5,0.942
6106,314.5,674.5,0.947
6107,314.5,674.5,0.949
6108,314.5,674.5,0.944
6109,314.5,676.5,0.95
6110,314.5,674.5,0.95
6111,314.5,674.5,0.952
6112,314.5,674.5,0.937
6113,314.5,674.5,0.97
6114,314.5,674.5,0.962
6115,314.5,674.5,0.96
6116,312.5,676.5,0.972
6117,314.5,674.5,0.97
6118,314.5,674.5,0.965
6119,1172.5,628.5,0.967
6120,312.5,676.5,0.98
6121,312.5,676.5,0.984
6122,312.5,676.5,0.971
6123,312.5,676.5,0.979
6124,1122.5,564.5,0.966
6125,312.5,676.5,0.964
6126,312.5,676.5,0.965
6127,312.5,676.5,0.965
6128,312.5,676.5,0.958
6129,312.5,676.5,0.974
6130,312.5,674.5,0.932
6131,312.5,676.5,0.972
6132,314.5,676.5,0.867
6133,314.5,676.5,0.849
6134,828.5,582.5,0.991
6135,812.5,592.5,0.989
6136,806.5,602.5,0.99
6137,312.5,676.5,0.939
6138,312.5,676.5,0.921
6139,784.5,634.5,0.986
6140,780.5,644.5,0.996
6141,770.5,652.5,0.976
6142,766.5,660.5,0.995
6143,760.5,664.5,0.979
6144,750.5,666.5,0.98
6145,312.5,676.5,0.974
6146,312.5,676.5,0.975
6147,314.5,674.5,0.969
6148,314.5,674.5,0.973
6149,312.5,676.5,0.974
6150,312.5,676.5,0.975
6151,312.5,676.5,0.973
6152,314.5,676.5,0.961
6153,314.5,676.5,0.964
6154,314.5,676.5,0.966
6155,314.5,676.5,0.966
6156,314.5,676.5,0.964
6157,314.5,676.5,0.964
6158,314.5,676.5,0.966
6159,314.5,676.5,0.961
6160,314.5,674.5,0.972
6161,312.5,676.5,0.976
6162,312.5,676.5,0.967
6163,312.5,676.5,0.968
6164,312.5,676.5,0.969
6165,312.5,676.5,0.977
6166,314.5,676.5,0.928
6167,314.5,676.5,0.946
6168,314.5,676.5,0.943
6169,314.5,676.5,0.943
6170,314.5,676.5,0.942
6171,314.5,676.5,0.942
6172,1074.5,388.5,0.991
6173,1086.5,386.5,0.992
6174,1090.5,380.5,0.948
6175,1100.5,378.5,0.957
6176,1102.5,376.5,0.989
6177,314.5,676.5,0.947
6178,1120.5,372.5,0.969
6179,568.5,220.5,0.986
6180,558.5,208.5,0.996
6181,544.5,198.5,0.996
6182,534.5,192.5,0.998
6183,526.5,190.5,0.995
6184,514.5,190.5,0.994
6185,506.5,194.5,0.997
6186,498.5,202.5,0.997
6187,492.5,212.5,0.999
6188,486.5,222.5,0.997
6189,478.5,234.5,0.993
6190,474.5,248.5,0.995
6191,314.5,676.5,0.96
6192,314.5,676.5,0.96
6193,314.5,676.5,0.959
6194,456.5,246.5,0.985
6195,314.5,676.5,0.962
6196,444.5,206.5,0.99
6197,440.5,192.5,0.996
6198,438.5,180.5,0.996
6199,434.5,172.5,0.997
6200,432.5,164.5,0.997
6201,428.5,158.5,0.995
6202,424.5,156.5,0.988
6203,422.5,158.5,0.987
6204,420.5,162.5,0.995
6205,420.5,166.5,0.997
6206,416.5,174.5,0.997
6207,418.5,184.5,0.997
6208,416.5,194.5,0.997
6209,414.5,204.5,0.996
6210,314.5,676.5,0.912
6211,314.5,676.5,0.916
6212,314.5,676.5,0.911
6213,314.5,676.5,0.931
6214,408.5,188.5,0.997
6215,402.5,184.5,0.989
6216,398.5,182.5,0.96
6217,314.5,676.5,0.929
6218,314.5,674.5,0.95
6219,314.5,674.5,0.951
6220,314.5,674.5,0.947
6221,314.5,676.5,0.945
6222,314.5,676.5,0.945
6223,314.5,674.5,0.943
6224,314.5,674.5,0.936
6225,314.5,676.5,0.949
6226,314.5,676.5,0.951
6227,314.5,676.5,0.951
6228,314.5,676.5,0.951
6229,312.5,676.5,0.948
6230,312.5,676.5,0.947
6231,312.5,676.5,0.947
6232,312.5,676.5,0.945
6233,312.5,676.5,0.945
6234,314.5,676.5,0.942
6235,312.5,676.5,0.952
6236,312.5,676.5,0.953
6237,312.5,676.5,0.945
6238,312.5,676.5,0.95
6239,312.5,676.5,0.944
6240,314.5,676.5,0.91
6241,314.5,676.5,0.924
6242,314.5,676.5,0.933
6243,312.5,676.5,0.889
6244,314.5,676.5,0.877
6245,314.5,676.5,0.773
6246,314.5,676.5,0.76
6247,314.5,676.5,0.773
6248,314.5,676.5,0.73
6250,312.5,676.5,0.842
6251,968.5,110.5,0.853
6252,312.5,674.5,0.924
6253,314.5,674.5,0.798
6254,314.5,676.5,0.76
6255,314.5,676.5,0.854
6256,314.5,676.5,0.857
6257,312.5,676.5,0.847
6258,312.5,676.5,0.877
6259,314.5,676.5,0.785
6260,314.5,676.5,0.833
6261,314.5,676.5,0.658
6262,314.5,676.5,0.581
6263,314.5,676.5,0.549
6264,314.5,676.5,0.561
6265,426.5,148.5,0.889
6266,1210.5,264.5,0.973
6267,314.5,674.5,0.524
6268,314.5,676.5,0.634
6269,314.5,674.5,0.622
6270,1194.5,404.5,0.94
6271,1200.5,440.5,0.814
6272,314.5,676.5,0.706
6273,314.5,674.5,0.59
6274,314.5,674.5,0.518
6275,314.5,674.5,0.588
6276,314.5,674.5,0.562
6277,314.5,674.5,0.574
6278,314.5,674.5,0.537
6279,314.5,674.5,0.504
6280,314.5,676.5,0.723
6281,314.5,676.5,0.722
6282,1186.5,650.5,0.971
6283,314.5,676.5,0.634
6284,314.5,676.5,0.638
6285,340.5,336.5,0.94
6286,334.5,340.5,0.869
6287,314.5,676.5,0.663
6288,314.5,676.5,0.683
6289,314.5,676.5,0.693
6290,298.5,344.5,0.996
6291,314.5,676.5,0.629
6292,314.5,676.5,0.59
6293,296.5,360.5,0.97
6294,314.5,676.5,0.592
6295,314.5,676.5,0.573
6296,314.5,676.5,0.583
6297,314.5,676.5,0.595
6298,312.5,676.5,0.556
6300,958.5,30.5,0.656
6301,1066.5,666.5,0.99
6302,504.5,586.5,0.614
6304,502.5,586.5,0.582
6305,502.5,586.5,0.567
6307,312.5,674.5,0.583
6308,502.5,586.5,0.524
6311,312.5,676.5,0.612
6312,312.5,676.5,0.679
6313,312.5,676.5,0.541
6314,312.5,676.5,0.569
6315,312.5,676.5,0.719
6317,312.5,676.5,0.526
6318,958.5,30.5,0.507
6329,1250.5,176.5,0.668
6330,1252.5,176.5,0.793
6333,502.5,586.5,0.517
6336,968.5,108.5,0.711
6338,312.5,676.5,0.584
6339,312.5,676.5,0.509
6340,312.5,676.5,0.675
6343,312.5,676.5,0.522
6344,504.5,586.5,0.525
6345,312.5,676.5,0.963
6346,312.5,676.5,0.953
6347,312.5,676.5,0.947
6348,312.5,676.5,0.944
6349,312.5,676.5,0.951
6350,312.5,676.5,0.953
6351,312.5,676.5,0.963
6352,312.5,676.5,0.9
6353,312.5,676.5,0.915
6354,312.5,676.5,0.912
6355,312.5,676.5,0.922
6356,312.5,676.5,0.91
6357,312.5,676.5,0.908
6358,314.5,676.5,0.889
6359,312.5,676.5,0.888
6360,314.5,676.5,0.75
6361,504.5,586.5,0.809
6362,504.5,586.5,0.852
6363,502.5,586.5,0.815
6364,346.5,220.5,0.815
6365,504.5,586.5,0.765
6366,798.5,360.5,0.913
6367,820.5,360.5,0.969
6368,862.5,342.5,0.994
6369,898.5,338.5,0.998
6370,930.5,332.5,0.998
6371,962.5,338.5,0.992
6372,1008.5,612.5,0.995
6373,312.5,676.5,0.9
6374,312.5,676.5,0.908
6375,884.5,266.5,0.981
6376,784.5,248.5,0.995
6377,734.5,234.5,0.94
6378,692.5,228.5,0.959
6379,312.5,676.5,0.928
6380,614.5,218.5,0.986
6381,584.5,218.5,0.989
6382,552.5,220.5,0.986
6383,522.5,226.5,0.997
6384,498.5,228.5,0.999
6385,312.5,676.5,0.9
6386,312.5,676.5,0.902
6387,312.5,676.5,0.896
6388,398.5,224.5,0.994
6389,312.5,676.5,0.916
6390,312.5,676.5,0.918
6391,370.5,186.5,0.978
6392,388.5,184.5,0.986
6393,416.5,180.5,0.998
6394,444.5,180.5,0.998
6395,466.5,182.5,0.999
6396,490.5,186.5,0.999
6397,526.5,196.5,0.998
6398,546.5,204.5,0.997
6399,574.5,214.5,0.995
6400,602.5,228.5,0.97
6401,628.5,244.5,0.991
6402,654.5,258.5,0.98
6403,168.5,360.5,0.996
6404,176.5,348.5,0.947
6405,186.5,342.5,0.987
6406,312.5,676.5,0.892
6407,808.5,384.5,0.989
6408,840.5,374.5,0.996
6409,868.5,368.5,0.997
6410,898.5,364.5,0.999
6411,928.5,364.5,0.997
6412,958.5,368.5,0.994
6413,986.5,372.5,0.904
6414,908.5,342.5,0.989
6415,858.5,326.5,0.983
6416,312.5,676.5,0.891
6417,312.5,676.5,0.888
6418,248.5,398.5,0.959
6419,238.5,398.5,0.984
6420,224.5,398.5,0.977
6421,312.5,676.5,0.922
6422,312.5,676.5,0.955
6423,208.5,404.5,0.979
6424,210.5,406.5,0.996
6425,208.5,404.5,0.991
6426,382.5,248.5,0.989
6427,364.5,230.5,0.996
6428,208.5,404.5,0.986
6429,208.5,404.5,0.981
6430,334.5,198.5,0.99
6431,364.5,196.5,0.993
6432,398.5,196.5,0.998
6433,424.5,198.5,0.998
6434,452.5,200.5,0.998
6435,492.5,210.5,0.998
6436,514.5,218.5,0.992
6437,552.5,232.5,0.985
6438,578.5,244.5,0.996
6439,608.5,258.5,0.991
6440,642.5,278.5,0.983
6441,208.5,404.5,0.979
6442,208.5,404.5,0.987
6443,208.5,402.5,0.971
6444,788.5,362.5,0.99
6445,816.5,358.5,0.997
6446,850.5,352.5,0.997
6447,884.5,348.5,0.998
6448,918.5,348.5,0.999
6449,956.5,352.5,0.993
6450,208.5,404.5,0.983
6451,208.5,404.5,0.989
6452,208.5,402.5,0.983
6453,206.5,400.5,0.959
6454,750.5,272.5,0.984
6455,206.5,394.5,0.96
6456,680.5,256.5,0.987
6457,624.5,248.5,0.991
6458,592.5,246.5,0.998
6459,566.5,244.5,0.997
6460,532.5,248.5,0.986
6461,312.5,676.5,0.94
6462,312.5,676.5,0.941
6463,312.5,676.5,0.945
6464,438.5,232.5,0.983
6465,424.5,216.5,0.996
6466,408.5,202.5,0.997
6467,312.5,676.5,0.952
6468,312.5,676.5,0.949
6469,312.5,676.5,0.953
6470,418.5,170.5,0.991
6471,444.5,170.5,0.998
6472,468.5,172.5,0.998
6473,494.5,174.5,0.998
6474,526.5,180.5,0.998
6475,552.5,186.5,0.993
6476,582.5,196.5,0.995
6477,610.5,208.5,0.993
6478,634.5,220.5,0.993
6479,678.5,244.5,0.986
6480,696.5,258.5,0.983
6481,728.5,278.5,0.998
6482,312.5,676.5,0.939
6483,312.5,676.5,0.935
6484,312.5,676.5,0.936
6485,312.5,676.5,0.923
6486,312.5,676.5,0.919
6487,920.5,488.5,0.993
6488,948.5,532.5,0.993
6489,978.5,580.5,0.992
6490,1006.5,630.5,0.991
6491,1040.5,690.5,0.985
6492,1186.5,632.5,0.962
6493,312.5,676.5,0.933
6494,312.5,676.5,0.936
6495,312.5,676.5,0.918
6496,1232.5,268.5,0.987
6497,312.5,676.5,0.91
6498,312.5,676.5,0.937
6499,312.5,676.5,0.886
6500,314.5,674.5,0.921
6501,314.5,674.5,0.957
6502,314.5,674.5,0.949
6503,312.5,674.5,0.954
6504,312.5,676.5,0.952
6505,312.5,674.5,0.952
6506,312.5,676.5,0.959
6507,314.5,674.5,0.959
6508,312.5,674.5,0.963
6509,314.5,674.5,0.955
6510,314.5,674.5,0.958
6511,314.5,674.5,0.946
6512,314.5,674.5,0.945
6513,314.5,674.5,0.951
6514,314.5,674.5,0.942
6515,314.5,674.5,0.941
6516,312.5,676.5,0.963
6517,312.5,676.5,0.96
6518,312.5,676.5,0.963
6519,312.5,676.5,0.964
6520,314.5,674.5,0.963
6521,312.5,676.5,0.968
6522,312.5,676.5,0.969
6523,312.5,676.5,0.974
6524,312.5,676.5,0.973
6525,312.5,676.5,0.974
6526,312.5,676.5,0.976
6527,312.5,676.5,0.967
6528,312.5,676.5,0.972
6529,312.5,676.5,0.974
6530,312.5,676.5,0.974
6531,312.5,676.5,0.974
6532,312.5,676.5,0.974
6533,312.5,676.5,0.974
6534,312.5,676.5,0.972
6535,210.5,374.5,0.984
6536,314.5,674.5,0.968
6537,312.5,676.5,0.97
6538,312.5,674.5,0.978
6539,312.5,676.5,0.967
6540,314.5,674.5,0.966
6541,312.5,674.5,0.974
6542,312.5,674.5,0.974
6543,314.5,674.5,0.977
6544,312.5,674.5,0.978
6545,312.5,674.5,0.977
6546,312.5,674.5,0.975
6547,312.5,674.5,0.978
6548,314.5,674.5,0.973
6549,314.5,674.5,0.96
6550,314.5,674.5,0.966
6551,314.5,674.5,0.964
6552,314.5,674.5,0.963
6553,312.5,674.5,0.973
6554,314.5,674.5,0.972
6555,314.5,674.5,0.972
6556,314.5,674.5,0.973
6557,314.5,674.5,0.972
6558,314.5,674.5,0.973
6559,314.5,674.5,0.974
6560,314.5,674.5,0.97
6561,312.5,674.5,0.979
6562,314.5,674.5,0.976
6563,312.5,674.5,0.98
6564,312.5,674.5,0.979
6565,314.5,674.5,0.975
6566,314.5,674.5,0.975
6567,312.5,674.5,0.977
6568,312.5,674.5,0.975
6569,312.5,674.5,0.976
6570,314.5,674.5,0.974
6571,314.5,674.5,0.974
6572,314.5,674.5,0.974
6573,314.5,674.5,0.975
6574,314.5,674.5,0.968
6575,314.5,674.5,0.947
6576,314.5,674.5,0.957
6577,314.5,674.5,0.954
6578,314.5,674.5,0.954
6579,314.5,674.5,0.949
6580,314.5,674.5,0.965
6581,752.5,604.5,0.99
6582,314.5,674.5,0.971
6583,314.5,674.5,0.97
6584,314.5,674.5,0.971
6585,314.5,674.5,0.97
6586,314.5,674.5,0.973
6587,314.5,674.5,0.962
6588,314.5,674.5,0.958
6589,314.5,674.5,0.958
6590,314.5,674.5,0.951
6591,314.5,674.5,0.955
6592,314.5,674.5,0.955
6593,314.5,674.5,0.951
6594,314.5,674.5,0.962
6595,314.5,674.5,0.954
6596,314.5,674.5,0.952
6597,314.5,674.5,0.969
6598,314.5,674.5,0.958
6599,314.5,674.5,0.966
6600,314.5,676.5,0.713
6601,314.5,674.5,0.744
6602,314.5,674.5,0.744
6603,314.5,674.5,0.696
6604,314.5,676.5,0.786
6605,314.5,676.5,0.777
6606,314.5,674.5,0.704
6607,314.5,674.5,0.753
6608,314.5,676.5,0.795
6609,314.5,674.5,0.758
6610,314.5,674.5,0.762
6611,314.5,676.5,0.716
6612,314.5,674.5,0.77
6613,314.5,674.5,0.789
6614,314.5,674.5,0.775
6615,314.5,674.5,0.753
6617,312.5,676.5,0.923
6620,314.5,676.5,0.696
6621,312.5,676.5,0.671
6622,476.5,592.5,0.888
6623,412.5,66.5,0.905
6624,480.5,588.5,0.969
6625,482.5,568.5,0.981
6626,490.5,562.5,0.591
6627,498.5,550.5,0.969
6628,516.5,536.5,0.919
6629,536.5,526.5,0.681
6630,550.5,524.5,0.996
6632,850.5,322.5,0.706
6633,844.5,314.5,0.936
6634,864.5,324.5,0.912
6639,396.5,142.5,0.99
6641,958.5,346.5,0.775
6647,842.5,616.5,0.587
6648,858.5,602.5,0.58
6649,872.5,588.5,0.945
6651,314.5,676.5,0.829
6652,314.5,676.5,0.852
6653,314.5,676.5,0.729
6654,314.5,676.5,0.819
6656,312.5,676.5,0.972
6657,314.5,676.5,0.882
6658,842.5,666.5,0.99
6659,1058.5,458.5,0.988
6660,314.5,676.5,0.583
6661,314.5,676.5,0.86
6667,314.5,676.5,0.563
6670,314.5,676.5,0.56
6672,314.5,676.5,0.588
6674,314.5,676.5,0.853
6675,314.5,676.5,0.71
6676,314.5,676.5,0.651
6677,314.5,676.5,0.681
6678,314.5,674.5,0.606
6679,314.5,676.5,0.653
6680,314.5,676.5,0.688
6681,314.5,676.5,0.682
6682,314.5,676.5,0.653
6683,314.5,676.5,0.651
6684,314.5,676.5,0.683
6685,314.5,676.5,0.668
6686,314.5,676.5,0.651
6687,314.5,676.5,0.508
6688,314.5,676.5,0.536
6689,314.5,676.5,0.515
6692,314.5,676.5,0.575
6693,314.5,676.5,0.579
6694,314.5,676.5,0.563
6695,314.5,676.5,0.54
6696,314.5,676.5,0.573
6697,314.5,676.5,0.522
6700,314.5,676.5,0.534
6701,314.5,676.5,0.545
6707,314.5,676.5,0.518
6708,314.5,676.5,0.523
6710,314.5,676.5,0.515
6718,314.5,676.5,0.626
6720,314.5,676.5,0.572
6721,314.5,676.5,0.638
6722,314.5,676.5,0.591
6723,314.5,676.5,0.604
6724,314.5,676.5,0.575
6725,314.5,676.5,0.788
6726,314.5,676.5,0.784
6727,314.5,676.5,0.938
6728,314.5,676.5,0.914
6729,314.5,676.5,0.912
6730,314.5,676.5,0.91
6731,314.5,676.5,0.921
6732,684.5,278.5,0.975
6733,314.5,676.5,0.928
6734,618.5,276.5,0.934
6735,314.5,676.5,0.92
6736,314.5,676.5,0.918
6737,314.5,676.5,0.922
6738,314.5,676.5,0.916
6739,314.5,676.5,0.925
6740,314.5,676.5,0.907
6741,314.5,676.5,0.904
6742,1180.5,414.5,0.952
6743,314.5,676.5,0.899
6744,278.5,390.5,0.973
6745,326.5,250.5,0.997
6746,314.5,676.5,0.919
6747,1152.5,596.5,0.941
6748,314.5,676.5,0.913
6749,366.5,230.5,0.98
6750,398.5,226.5,0.999
6751,428.5,226.5,0.998
6752,312.5,676.5,0.987
6753,494.5,228.5,0.999
6754,528.5,234.5,0.998
6755,560.5,242.5,0.998
6756,588.5,250.5,0.999
6757,312.5,676.5,0.987
6758,380.5,212.5,0.993
6759,314.5,676.5,0.965
6760,314.5,676.5,0.964
6761,312.5,676.5,0.984
6762,312.5,676.5,0.985
6763,818.5,386.5,0.99
6764,860.5,364.5,0.997
6765,890.5,356.5,0.997
6766,918.5,348.5,0.999
6767,312.5,676.5,0.981
6768,1082.5,492.5,0.991
6769,312.5,676.5,0.986
6770,312.5,676.5,0.987
6771,312.5,676.5,0.985
6772,272.5,394.5,0.988
6773,632.5,252.5,0.988
6774,604.5,250.5,0.992
6775,574.5,246.5,0.999
6776,312.5,676.5,0.985
6777,312.5,676.5,0.985
6778,312.5,676.5,0.984
6779,312.5,676.5,0.98
6780,312.5,676.5,0.985
6781,420.5,214.5,0.995
6782,314.5,676.5,0.98
6783,312.5,676.5,0.981
6784,314.5,676.5,0.98
6785,314.5,676.5,0.979
6786,432.5,172.5,0.996
6787,456.5,170.5,0.997
6788,478.5,170.5,0.997
6789,502.5,172.5,0.997
6790,530.5,176.5,0.999
6791,554.5,182.5,0.997
6792,582.5,192.5,0.993
6793,604.5,202.5,0.992
6794,312.5,676.5,0.981
6795,312.5,676.5,0.982
6796,688.5,254.5,0.983
6797,708.5,268.5,0.989
6798,314.5,676.5,0.978
6799,314.5,676.5,0.978
6800,312.5,676.5,0.976
6801,314.5,676.5,0.971
6802,852.5,404.5,0.996
6803,882.5,396.5,0.997
6804,908.5,392.5,0.996
6805,938.5,392.5,0.998
6806,968.5,392.5,0.996
6807,998.5,396.5,0.996
6808,1028.5,408.5,0.995
6809,312.5,676.5,0.982
6810,900.5,344.5,0.991
6811,312.5,676.5,0.982
6812,740.5,282.5,0.994
6813,688.5,266.5,0.998
6814,222.5,394.5,0.996
6815,208.5,396.5,0.986
6816,532.5,230.5,0.987
6817,498.5,226.5,0.998
6818,458.5,224.5,0.996
6819,428.5,228.5,0.999
6820,400.5,230.5,0.999
6821,376.5,234.5,0.998
6822,352.5,244.5,0.995
6823,336.5,250.5,0.993
6824,312.5,676.5,0.978
6825,312.5,676.5,0.978
6826,312.5,676.5,0.978
6827,312.5,676.5,0.979
6828,312.5,676.5,0.98
6829,314.5,674.5,0.977
6830,312.5,676.5,0.979
6831,312.5,676.5,0.979
6832,312.5,676.5,0.975
6833,312.5,676.5,0.976
6834,312.5,676.5,0.977
6835,312.5,676.5,0.977
6836,312.5,676.5,0.978
6837,312.5,676.5,0.977
6838,314.5,676.5,0.972
6839,314.5,676.5,0.972
6840,314.5,676.5,0.958
6841,312.5,676.5,0.971
6842,312.5,676.5,0.971
6843,314.5,676.5,0.922
6844,314.5,676.5,0.954
6845,314.5,676.5,0.947
6846,312.5,676.5,0.976
6847,314.5,676.5,0.965
6848,314.5,676.5,0.962
6849,98.5,386.5,0.986
6850,292.5,346.5,0.994
6851,292.5,342.5,0.995
6852,292.5,340.5,0.989
6853,298.5,340.5,0.996
6854,300.5,340.5,0.998
6855,302.5,344.5,0.998
6856,304.5,350.5,0.995
6857,306.5,356.5,0.998
6858,308.5,364.5,0.991
6859,308.5,362.5,0.961
6860,316.5,358.5,0.964
6861,314.5,676.5,0.93
6862,314.5,676.5,0.943
6863,314.5,676.5,0.944
6864,314.5,676.5,0.953
6865,314.5,676.5,0.944
6866,314.5,676.5,0.936
6867,314.5,676.5,0.944
6868,314.5,676.5,0.936
6869,314.5,676.5,0.954
6870,314.5,676.5,0.951
6871,314.5,676.5,0.954
6872,314.5,676.5,0.945
6873,314.5,676.5,0.947
6874,314.5,676.5,0.942
6875,314.5,676.5,0.945
6876,314.5,676.5,0.942
6877,362.5,598.5,0.985
6878,314.5,676.5,0.941
6879,1218.5,298.5,0.992
6880,314.5,676.5,0.941
6881,314.5,676.5,0.938
6882,314.5,676.5,0.937
6883,276.5,388.5,0.995
6884,1250.5,270.5,0.98
6885,314.5,676.5,0.938
6886,1216.5,260.5,0.979
6887,1242.5,264.5,0.994
6888,314.5,676.5,0.941
6889,314.5,676.5,0.946
6890,314.5,676.5,0.948
6891,314.5,676.5,0.942
6892,314.5,676.5,0.964
6893,314.5,676.5,0.934
6894,314.5,676.5,0.947
6895,314.5,676.5,0.955
6896,258.5,346.5,0.988
6897,314.5,676.5,0.952
6898,314.5,676.5,0.959
6899,314.5,676.5,0.924
6900,314.5,676.5,0.955
6901,314.5,676.5,0.938
6902,314.5,676.5,0.945
6903,314.5,676.5,0.962
6904,314.5,676.5,0.967
6905,314.5,676.5,0.961
6906,314.5,674.5,0.978
6907,314.5,674.5,0.968
6908,314.5,674.5,0.971
6909,314.5,674.5,0.975
6910,314.5,674.5,0.975
6911,314.5,674.5,0.976
6912,314.5,674.5,0.971
6913,314.5,674.5,0.971
6914,314.5,674.5,0.97
6915,314.5,674.5,0.97
6916,314.5,674.5,0.972
6917,314.5,674.5,0.972
6918,314.5,674.5,0.972
6919,314.5,674.5,0.969
6920,314.5,674.5,0.967
6921,314.5,674.5,0.967
6922,314.5,674.5,0.962
6923,314.5,674.5,0.964
6924,314.5,674.5,0.965
6925,314.5,674.5,0.965
6926,314.5,674.5,0.961
6927,314.5,676.5,0.95
6928,314.5,676.5,0.95
6929,314.5,676.5,0.955
6930,314.5,676.5,0.953
6931,314.5,674.5,0.952
6932,314.5,674.5,0.96
6933,314.5,676.5,0.959
6934,314.5,674.5,0.973
6935,314.5,674.5,0.972
6936,314.5,674.5,0.971
6937,314.5,674.5,0.969
6938,314.5,674.5,0.969
6939,314.5,674.5,0.969
6940,314.5,674.5,0.97
6941,314.5,676.5,0.962
6942,374.5,84.5,0.975
6943,314.5,676.5,0.966
6944,314.5,676.5,0.962
6945,314.5,676.5,0.963
6946,314.5,674.5,0.964
6947,314.5,676.5,0.961
6948,314.5,674.5,0.965
6949,314.5,674.5,0.965
6950,314.5,676.5,0.97
6951,314.5,676.5,0.97
6952,314.5,676.5,0.963
6953,314.5,676.5,0.965
6954,314.5,676.5,0.965
6955,314.5,676.5,0.964
6956,314.5,676.5,0.962
6957,314.5,676.5,0.962
6958,314.5,676.5,0.966
6959,314.5,676.5,0.952
6960,312.5,676.5,0.975
6961,468.5,172.5,0.995
6962,312.5,676.5,0.976
6963,502.5,158.5,0.993
6964,522.5,156.5,0.997
6965,538.5,156.5,0.998
6966,556.5,160.5,0.999
6967,574.5,164.5,0.999
6968,592.5,172.5,0.997
6969,610.5,182.5,0.996
6970,628.5,196.5,0.995
6971,642.5,208.5,0.989
6972,312.5,676.5,0.984
6973,312.5,676.5,0.984
6974,696.5,264.5,0.99
6975,972.5,638.5,0.986
6976,312.5,676.5,0.981
6977,312.5,676.5,0.977
6978,762.5,292.5,0.993
6979,770.5,284.5,0.996
6980,782.5,274.5,0.988
6981,312.5,676.5,0.981
6982,808.5,258.5,0.989
6983,822.5,254.5,0.993
6984,832.5,252.5,0.992
6985,846.5,256.5,0.996
6986,858.5,260.5,0.996
6987,868.5,270.5,0.997
6988,880.5,280.5,0.996
6989,890.5,292.5,0.988
6990,902.5,314.5,0.995
6991,314.5,674.5,0.959
6992,910.5,312.5,0.981
6993,912.5,292.5,0.94
6994,912.5,278.5,0.996
6995,912.5,264.5,0.998
6996,910.5,256.5,0.997
6997,910.5,248.5,0.989
6998,908.5,242.5,0.988
6999,904.5,242.5,0.992
7000,902.5,246.5,0.995
7001,898.5,252.5,0.995
7002,896.5,260.5,0.999
7003,890.5,274.5,0.995
7004,312.5,676.5,0.954
7005,312.5,676.5,0.949
7006,312.5,676.5,0.946
7007,312.5,676.5,0.956
7008,312.5,676.5,0.958
7009,312.5,676.5,0.952
7010,312.5,676.5,0.95
7011,856.5,396.5,0.965
7012,312.5,676.5,0.947
7013,312.5,676.5,0.952
7014,312.5,676.5,0.956
7015,312.5,676.5,0.932
7016,314.5,676.5,0.937
7017,314.5,676.5,0.936
7018,314.5,676.5,0.937
7019,314.5,676.5,0.947
7020,312.5,676.5,0.924
7021,312.5,676.5,0.943
7022,312.5,676.5,0.941
7023,312.5,676.5,0.916
7024,312.5,676.5,0.897
7025,312.5,676.5,0.914
7026,312.5,676.5,0.911
7027,312.5,676.5,0.915
7028,312.5,676.5,0.819
7029,312.5,676.5,0.819
7030,312.5,676.5,0.833
7031,312.5,676.5,0.768
7032,312.5,676.5,0.81
7033,312.5,676.5,0.838
7034,312.5,676.5,0.871
7035,312.5,676.5,0.868
7036,312.5,676.5,0.847
7037,312.5,676.5,0.867
7038,314.5,676.5,0.839
7039,314.5,676.5,0.807
7040,314.5,676.5,0.79
7041,314.5,676.5,0.766
7042,1010.5,632.5,0.937
7043,314.5,676.5,0.831
7044,314.5,676.5,0.801
7045,314.5,676.5,0.859
7046,312.5,676.5,0.876
7047,314.5,676.5,0.811
7048,314.5,676.5,0.871
7049,314.5,676.5,0.862
7050,314.5,676.5,0.781
7051,314.5,676.5,0.78
7052,314.5,676.5,0.821
7053,314.5,676.5,0.862
7054,314.5,676.5,0.862
7055,314.5,676.5,0.866
7056,314.5,676.5,0.85
7057,314.5,676.5,0.833
7058,314.5,676.5,0.85
7059,314.5,676.5,0.784
7060,768.5,292.5,0.996
7061,740.5,280.5,0.986
7062,704.5,266.5,0.988
7063,682.5,258.5,0.997
7064,642.5,248.5,0.986
7065,620.5,244.5,0.997
7066,596.5,242.5,0.999
7067,572.5,242.5,0.999
7068,554.5,242.5,0.997
7069,532.5,242.5,0.955
7070,314.5,676.5,0.807
7071,314.5,676.5,0.805
7072,476.5,226.5,0.954
7073,462.5,216.5,0.994
7074,314.5,676.5,0.787
7075,430.5,206.5,0.987
7076,448.5,202.5,0.992
7077,314.5,676.5,0.807
7078,504.5,202.5,0.986
7079,528.5,208.5,0.998
7080,554.5,214.5,0.994
7081,578.5,222.5,0.995
7082,604.5,234.5,0.987
7083,626.5,244.5,0.993
7084,652.5,258.5,0.976
7085,678.5,278.5,0.983
7086,444.5,186.5,0.925
7087,312.5,676.5,0.848
7088,1048.5,552.5,0.899
7089,788.5,324.5,0.995
7090,816.5,324.5,0.996
7091,844.5,326.5,0.997
7092,870.5,330.5,0.997
7093,896.5,338.5,0.998
7094,918.5,342.5,0.986
7095,862.5,314.5,0.995
7096,1070.5,474.5,0.959
7097,754.5,274.5,0.899
7098,312.5,676.5,0.83
7099,684.5,258.5,0.993
7100,628.5,246.5,0.969
7101,582.5,242.5,0.994
7102,552.5,240.5,0.997
7103,1038.5,450.5,0.97
7104,314.5,676.5,0.803
7105,314.5,676.5,0.848
7106,314.5,676.5,0.84
7107,314.5,676.5,0.84
7108,274.5,390.5,0.993
7109,192.5,238.5,0.911
7110,1216.5,212.5,0.93
7111,314.5,676.5,0.794
7112,1248.5,210.5,0.887
7113,314.5,676.5,0.804
7114,314.5,676.5,0.803
7115,314.5,676.5,0.848
7116,314.5,676.5,0.774
7117,380.5,188.5,0.992
7118,424.5,186.5,0.997
7119,464.5,186.5,0.998
7120,500.5,186.5,0.926
7121,564.5,192.5,0.991
7122,592.5,196.5,0.984
7123,634.5,202.5,0.996
7124,314.5,676.5,0.764
7125,314.5,676.5,0.868
7126,780.5,246.5,0.956
7127,314.5,676.5,0.825
7128,314.5,676.5,0.828
7129,314.5,676.5,0.853
7130,314.5,676.5,0.836
7131,314.5,676.5,0.804
7132,994.5,354.5,0.927
7133,314.5,676.5,0.844
7134,1044.5,392.5,0.974
7135,1082.5,426.5,0.998
7136,1112.5,456.5,0.996
7137,1146.5,488.5,0.995
7138,314.5,676.5,0.867
7139,314.5,676.5,0.784
7140,314.5,676.5,0.848
7141,1130.5,578.5,0.852
7142,1106.5,696.5,0.991
7143,314.5,676.5,0.855
7144,314.5,676.5,0.875
7145,314.5,676.5,0.847
7146,312.5,676.5,0.903
7147,312.5,676.5,0.909
7148,312.5,676.5,0.875
7149,312.5,676.5,0.893
7150,312.5,676.5,0.884
7151,312.5,676.5,0.861
7152,312.5,676.5,0.894
7153,312.5,676.5,0.873
7154,1120.5,696.5,0.934
7155,312.5,676.5,0.867
7156,312.5,676.5,0.833
7157,312.5,676.5,0.849
7158,312.5,676.5,0.892
7159,312.5,676.5,0.809
7160,312.5,676.5,0.812
7161,312.5,676.5,0.785
7162,1138.5,696.5,0.996
7163,1138.5,682.5,0.932
7164,314.5,676.5,0.767
7165,314.5,676.5,0.773
7166,314.5,676.5,0.769
7167,314.5,676.5,0.777
7168,314.5,676.5,0.794
7169,314.5,676.5,0.772
7170,1254.5,492.5,0.99
7171,314.5,676.5,0.76
7172,314.5,676.5,0.748
7173,314.5,676.5,0.737
7174,314.5,676.5,0.772
7175,314.5,676.5,0.724
7176,314.5,676.5,0.821
7177,314.5,676.5,0.851
7178,314.5,676.5,0.8
7179,314.5,676.5,0.794
7180,314.5,676.5,0.826
7181,314.5,676.5,0.772
7182,314.5,676.5,0.762
7183,314.5,676.5,0.766
7184,314.5,676.5,0.775
7185,314.5,676.5,0.775
7186,314.5,676.5,0.779
7187,314.5,676.5,0.766
7188,314.5,676.5,0.691
7189,314.5,676.5,0.807
7190,312.5,676.5,0.768
7191,314.5,676.5,0.868
7192,314.5,676.5,0.88
7193,314.5,676.5,0.857
7194,314.5,676.5,0.839
7195,314.5,676.5,0.854
7196,314.5,676.5,0.877
7197,314.5,676.5,0.831
7198,314.5,676.5,0.885
7199,312.5,676.5,0.911
7200,312.5,676.5,0.78
7201,312.5,676.5,0.768
7202,312.5,676.5,0.793
7203,312.5,676.5,0.836
7204,312.5,676.5,0.739
7205,312.5,676.5,0.89
7206,312.5,676.5,0.882
7207,312.5,676.5,0.81
7208,312.5,676.5,0.889
7209,312.5,676.5,0.9
7210,312.5,676.5,0.861
7211,312.5,676.5,0.917
7212,312.5,676.5,0.92
7213,312.5,676.5,0.911
7214,312.5,676.5,0.905
7215,312.5,676.5,0.918
7216,312.5,676.5,0.902
7217,312.5,676.5,0.907
7218,312.5,676.5,0.876
7219,314.5,676.5,0.867
7220,312.5,676.5,0.906
7221,412.5,136.5,0.794
7222,312.5,676.5,0.829
7223,312.5,676.5,0.833
7224,314.5,676.5,0.764
7225,314.5,676.5,0.774
7226,314.5,676.5,0.743
7227,314.5,676.5,0.741
7228,314.5,676.5,0.698
7229,314.5,676.5,0.722
7230,312.5,676.5,0.844
7231,312.5,676.5,0.87
7232,312.5,676.5,0.874
7233,312.5,676.5,0.834
7234,312.5,676.5,0.868
7235,314.5,676.5,0.868
7236,314.5,676.5,0.86
7237,314.5,676.5,0.858
7238,314.5,676.5,0.828
7239,312.5,676.5,0.896
7240,312.5,676.5,0.899
7241,312.5,676.5,0.902
7242,312.5,676.5,0.895
7243,312.5,676.5,0.891
7244,312.5,676.5,0.915
7245,312.5,676.5,0.905
7246,314.5,676.5,0.862
7247,314.5,676.5,0.828
7248,314.5,676.5,0.878
7249,314.5,676.5,0.765
7250,314.5,674.5,0.975
7251,314.5,676.5,0.922
7252,314.5,676.5,0.916
7253,314.5,676.5,0.901
7254,132.5,444.5,0.961
7255,112.5,434.5,0.951
7256,84.5,424.5,0.986
7257,62.5,420.5,0.991
7258,312.5,676.5,0.932
7259,312.5,676.5,0.956
7260,312.5,676.5,0.908
7261,312.5,676.5,0.906
7262,312.5,676.5,0.934
7263,312.5,676.5,0.937
7264,312.5,676.5,0.934
7265,312.5,676.5,0.93
7266,312.5,676.5,0.941
7267,312.5,676.5,0.944
7268,312.5,676.5,0.937
7269,312.5,676.5,0.941
7270,312.5,676.5,0.944
7271,312.5,676.5,0.944
7272,312.5,676.5,0.929
7273,312.5,676.5,0.957
7274,312.5,676.5,0.958
7275,312.5,676.5,0.912
7276,312.5,676.5,0.912
7277,314.5,676.5,0.869
7278,312.5,676.5,0.886
7279,312.5,676.5,0.894
7280,312.5,676.5,0.889
7281,312.5,676.5,0.91
7282,312.5,676.5,0.92
7283,312.5,676.5,0.897
7284,312.5,676.5,0.894
7285,312.5,676.5,0.902
7286,312.5,676.5,0.913
7287,312.5,676.5,0.917
7288,312.5,676.5,0.921
7289,312.5,676.5,0.93
7290,312.5,676.5,0.949
7291,312.5,676.5,0.931
7292,312.5,676.5,0.941
7293,312.5,676.5,0.945
7294,312.5,676.5,0.946
7295,312.5,676.5,0.945
7296,312.5,676.5,0.944
7297,312.5,676.5,0.943
7298,312.5,676.5,0.944
7299,312.5,676.5,0.952
7300,312.5,676.5,0.943
7301,312.5,676.5,0.943
7302,312.5,676.5,0.939
7303,954.5,268.5,0.957
7304,312.5,676.5,0.937
7305,868.5,306.5,0.969
7306,848.5,312.5,0.994
7307,798.5,340.5,0.982
7308,764.5,294.5,0.997
7309,312.5,676.5,0.974
7310,312.5,676.5,0.975
7311,312.5,676.5,0.976
7312,680.5,228.5,0.993
7313,648.5,212.5,0.965
7314,628.5,208.5,0.997
7315,608.5,202.5,0.998
7316,588.5,200.5,0.998
7317,570.5,200.5,0.999
7318,548.5,204.5,0.999
7319,530.5,210.5,0.999
7320,514.5,218.5,0.998
7321,500.5,226.5,0.998
7322,312.5,676.5,0.975
7323,312.5,676.5,0.972
7324,312.5,676.5,0.965
7325,312.5,676.5,0.976
7326,312.5,676.5,0.974
7327,416.5,230.5,0.999
7328,402.5,216.5,0.998
7329,388.5,204.5,0.996
7330,376.5,194.5,0.982
7331,312.5,676.5,0.972
7332,354.5,186.5,0.996
7333,312.5,676.5,0.968
7334,312.5,676.5,0.948
7335,312.5,676.5,0.95
7336,1096.5,168.5,0.987
7337,312.5,676.5,0.953
7338,312.5,676.5,0.956
7339,312.5,676.5,0.936
7340,312.5,676.5,0.955
7341,312.5,676.5,0.957
7342,312.5,676.5,0.959
7343,312.5,676.5,0.96
7344,312.5,676.5,0.964
7345,312.5,676.5,0.969
7346,312.5,676.5,0.958
7347,312.5,676.5,0.962
7348,312.5,676.5,0.964
7349,312.5,676.5,0.959
7350,312.5,676.5,0.958
7351,312.5,676.5,0.954
7352,312.5,676.5,0.963
7353,312.5,676.5,0.963
7354,658.5,506.5,0.964
7355,312.5,676.5,0.965
7356,312.5,676.5,0.952
7357,594.5,524.5,0.99
7358,312.5,676.5,0.962
7359,312.5,676.5,0.961
7360,312.5,676.5,0.968
7361,312.5,676.5,0.968
7362,312.5,676.5,0.971
7363,312.5,676.5,0.97
7364,312.5,676.5,0.97
7365,312.5,676.5,0.967
7366,312.5,676.5,0.964
7367,312.5,676.5,0.966
7368,312.5,676.5,0.965
7369,312.5,676.5,0.961
7370,312.5,676.5,0.966
7371,312.5,676.5,0.967
7372,312.5,676.5,0.968
7373,312.5,676.5,0.972
7374,312.5,676.5,0.972
7375,312.5,676.5,0.972
7376,312.5,676.5,0.97
7377,312.5,676.5,0.97
7378,312.5,676.5,0.969
7379,312.5,676.5,0.976
7380,312.5,676.5,0.933
7381,312.5,676.5,0.95
7382,312.5,676.5,0.953
7383,312.5,676.5,0.971
7384,312.5,676.5,0.966
7385,312.5,676.5,0.953
7386,312.5,676.5,0.873
7387,314.5,676.5,0.781
7388,314.5,678.5,0.706
7389,906.5,340.5,0.978
7395,304.5,376.5,0.728
7396,938.5,342.5,0.989
7397,566.5,520.5,0.923
7398,958.5,346.5,0.98
7399,626.5,516.5,0.996
7400,422.5,104.5,0.972
7401,670.5,546.5,0.989
7402,312.5,676.5,0.905
7403,454.5,168.5,0.989
7404,778.5,564.5,0.968
7405,800.5,566.5,0.993
7406,312.5,676.5,0.976
7407,312.5,676.5,0.964
7408,312.5,676.5,0.953
7409,312.5,676.5,0.985
7411,1200.5,8.5,0.953
7412,312.5,676.5,0.92
7413,312.5,676.5,0.877
7414,312.5,678.5,0.668
7415,312.5,676.5,0.891
7416,312.5,676.5,0.883
7417,312.5,676.5,0.527
7418,314.5,676.5,0.965
7419,312.5,676.5,0.969
7420,314.5,676.5,0.865
7421,312.5,676.5,0.949
7422,312.5,676.5,0.902
7423,312.5,676.5,0.911
7424,312.5,676.5,0.907
7425,1212.5,310.5,0.995
7426,312.5,676.5,0.917
7427,1218.5,296.5,0.985
7428,312.5,676.5,0.939
7429,312.5,676.5,0.943
7430,314.5,676.5,0.648
7431,314.5,676.5,0.887
7432,314.5,676.5,0.902
7433,314.5,676.5,0.901
7434,314.5,676.5,0.895
7435,314.5,676.5,0.89
7436,314.5,676.5,0.892
7437,314.5,676.5,0.897
7438,314.5,676.5,0.887
7439,314.5,676.5,0.828
7440,312.5,676.5,0.905
7441,312.5,676.5,0.935
7442,312.5,676.5,0.938
7443,312.5,674.5,0.938
7444,312.5,674.5,0.938
7445,312.5,674.5,0.935
7446,312.5,676.5,0.944
7447,312.5,676.5,0.95
7448,312.5,676.5,0.95
7449,1210.5,534.5,0.983
7450,312.5,676.5,0.929
7451,312.5,676.5,0.931
7452,1200.5,536.5,0.984
7453,312.5,676.5,0.803
7454,312.5,676.5,0.878
7455,1202.5,532.5,0.945
7456,312.5,676.5,0.928
7457,312.5,676.5,0.911
7458,312.5,676.5,0.918
7459,312.5,676.5,0.924
7460,312.5,676.5,0.925
7461,312.5,676.5,0.835
7462,312.5,676.5,0.975
7463,572.5,250.5,0.996
7464,610.5,252.5,0.991
7465,312.5,676.5,0.953
7466,692.5,258.5,0.997
7467,730.5,266.5,0.973
7468,754.5,274.5,0.993
7469,312.5,676.5,0.954
7470,312.5,676.5,0.947
7471,864.5,316.5,0.994
7472,908.5,344.5,0.994
7473,942.5,368.5,0.994
7474,986.5,358.5,0.972
7475,1014.5,354.5,0.982
7476,1044.5,350.5,0.941
7477,1072.5,346.5,0.998
7478,312.5,676.5,0.898
7479,312.5,676.5,0.928
7480,312.5,676.5,0.871
7481,1174.5,474.5,0.925
7482,312.5,676.5,0.87
7483,1258.5,396.5,0.994
7484,312.5,676.5,0.852
7485,312.5,676.5,0.839
7486,312.5,676.5,0.912
7487,312.5,676.5,0.906
7488,1214.5,246.5,0.994
7489,1218.5,242.5,0.921
7490,312.5,676.5,0.907
7491,312.5,676.5,0.911
7492,312.5,676.5,0.901
7493,312.5,676.5,0.903
7494,312.5,676.5,0.919
7495,312.5,676.5,0.845
7496,312.5,676.5,0.846
7497,314.5,676.5,0.841
7498,312.5,676.5,0.876
7499,886.5,102.5,0.839
7500,1132.5,532.5,0.911
7501,1134.5,530.5,0.864
7502,1134.5,526.5,0.84
7503,1134.5,528.5,0.811
7504,1134.5,528.5,0.937
7505,314.5,676.5,0.836
7506,314.5,676.5,0.807
7507,1134.5,530.5,0.932
7508,1136.5,524.5,0.912
7509,1136.5,524.5,0.845
7510,1136.5,526.5,0.748
7511,314.5,676.5,0.809
7512,314.5,676.5,0.768
7513,1136.5,524.5,0.934
7514,314.5,676.5,0.928
7515,1134.5,524.5,0.935
7516,314.5,676.5,0.932
7517,312.5,676.5,0.948
7518,1134.5,524.5,0.932
7519,1134.5,522.5,0.903
7520,1134.5,522.5,0.941
7521,1134.5,522.5,0.961
7522,1134.5,522.5,0.887
7523,1132.5,520.5,0.969
7524,1134.5,522.5,0.962
7525,314.5,676.5,0.952
7526,314.5,676.5,0.922
7527,314.5,676.5,0.944
7528,314.5,676.5,0.927
7529,314.5,674.5,0.927
7530,1042.5,460.5,0.963
7531,314.5,676.5,0.933
7532,1038.5,474.5,0.985
7533,1042.5,482.5,0.923
7534,1040.5,488.5,0.962
7535,314.5,676.5,0.93
7536,314.5,676.5,0.929
7537,312.5,676.5,0.937
7538,314.5,674.5,0.927
7539,312.5,676.5,0.946
7540,314.5,676.5,0.934
7541,312.5,676.5,0.964
7542,314.5,676.5,0.776
7543,314.5,676.5,0.888
7544,314.5,676.5,0.853
7545,314.5,676.5,0.864
7546,314.5,676.5,0.852
7547,314.5,676.5,0.845
7548,314.5,676.5,0.876
7549,314.5,676.5,0.884
7550,314.5,676.5,0.889
7551,314.5,676.5,0.885
7552,314.5,676.5,0.881
7553,314.5,676.5,0.852
7554,314.5,676.5,0.889
7555,314.5,676.5,0.847
7556,314.5,676.5,0.842
7557,314.5,676.5,0.829
7558,314.5,676.5,0.813
7559,1194.5,688.5,0.909
7560,314.5,676.5,0.742
7561,1194.5,684.5,0.971
7562,1196.5,690.5,0.841
7563,1198.5,696.5,0.715
7571,314.5,676.5,0.527
7572,314.5,676.5,0.769
7573,314.5,674.5,0.92
7574,314.5,674.5,0.913
7575,314.5,674.5,0.929
7576,314.5,676.5,0.845
7577,314.5,676.5,0.902
7578,314.5,674.5,0.908
7579,314.5,676.5,0.914
7580,314.5,674.5,0.915
7581,314.5,674.5,0.915
7582,314.5,674.5,0.923
7583,314.5,674.5,0.92
7584,314.5,674.5,0.911
7585,314.5,674.5,0.925
7586,314.5,674.5,0.923
7587,314.5,674.5,0.926
7588,314.5,674.5,0.907
7589,314.5,674.5,0.925
7590,314.5,674.5,0.946
7591,314.5,674.5,0.938
7592,314.5,674.5,0.947
7593,314.5,674.5,0.908
7594,314.5,674.5,0.913
7595,314.5,674.5,0.909
7596,314.5,674.5,0.888
7597,314.5,674.5,0.914
7598,314.5,674.5,0.903
7599,314.5,674.5,0.924
7600,314.5,674.5,0.936
7601,314.5,674.5,0.915
7602,314.5,674.5,0.911
7603,314.5,674.5,0.923
7604,314.5,674.5,0.919
7605,314.5,674.5,0.932
7606,314.5,674.5,0.924
7607,314.5,674.5,0.922
7608,314.5,674.5,0.921
7609,314.5,674.5,0.922
7610,314.5,674.5,0.917
7611,314.5,674.5,0.916
7612,314.5,674.5,0.915
7613,314.5,674.5,0.916
7614,314.5,674.5,0.913
7615,314.5,674.5,0.917
7616,314.5,674.5,0.916
7617,314.5,674.5,0.893
7618,314.5,674.5,0.918
7619,314.5,674.5,0.907
7620,314.5,674.5,0.908
7621,314.5,674.5,0.923
7622,314.5,674.5,0.939
7623,314.5,674.5,0.928
7624,314.5,674.5,0.934
7625,314.5,674.5,0.95
7626,314.5,674.5,0.941
7627,314.5,674.5,0.944
7628,314.5,674.5,0.949
7629,314.5,674.5,0.948
7630,314.5,674.5,0.947
7631,314.5,674.5,0.942
7632,314.5,674.5,0.939
7633,314.5,674.5,0.938
7634,314.5,674.5,0.948
7635,314.5,674.5,0.946
7636,314.5,674.5,0.926
7637,314.5,674.5,0.926
7638,314.5,674.5,0.927
7639,314.5,674.5,0.931
7640,314.5,674.5,0.927
7641,314.5,674.5,0.928
7642,314.5,676.5,0.924
7643,314.5,674.5,0.924
7644,314.5,676.5,0.928
7645,314.5,676.5,0.867
7646,314.5,674.5,0.91
7647,314.5,676.5,0.872
7648,314.5,674.5,0.933
7649,314.5,674.5,0.917
7650,314.5,674.5,0.909
7651,314.5,674.5,0.909
7652,314.5,674.5,0.917
7653,314.5,674.5,0.909
7654,314.5,674.5,0.909
7655,314.5,674.5,0.904
7656,314.5,676.5,0.919
7657,312.5,676.5,0.916
7658,312.5,676.5,0.903
7659,314.5,676.5,0.907
7660,312.5,676.5,0.909
7661,312.5,676.5,0.911
7662,312.5,676.5,0.903
7663,314.5,674.5,0.919
7664,314.5,674.5,0.917
7665,946.5,282.5,0.996
7666,314.5,674.5,0.915
7667,854.5,312.5,0.995
7668,314.5,674.5,0.913
7669,314.5,674.5,0.917
7670,744.5,280.5,0.994
7671,314.5,674.5,0.921
7672,312.5,674.5,0.929
7673,676.5,230.5,0.993
7674,642.5,212.5,0.998
7675,626.5,208.5,0.996
7676,604.5,202.5,0.998
7677,580.5,198.5,0.998
7678,560.5,198.5,0.999
7679,542.5,200.5,0.999
7680,524.5,206.5,0.996
7681,506.5,212.5,0.998
7682,492.5,220.5,0.996
7683,476.5,232.5,0.996
7684,460.5,246.5,0.901
7685,314.5,676.5,0.782
7686,920.5,202.5,0.816
7687,418.5,218.5,0.918
7688,408.5,204.5,0.842
7689,396.5,196.5,0.987
7690,386.5,186.5,0.982
7691,314.5,674.5,0.77
7692,314.5,676.5,0.729
7693,314.5,676.5,0.745
7694,314.5,676.5,0.765
7695,1252.5,142.5,0.881
7696,314.5,674.5,0.706
7697,314.5,676.5,0.721
7698,314.5,676.5,0.744
7699,314.5,676.5,0.737
7700,314.5,676.5,0.817
7701,366.5,184.5,0.886
7702,374.5,198.5,0.914
7703,314.5,674.5,0.94
7704,314.5,674.5,0.968
7705,314.5,674.5,0.967
7706,314.5,674.5,0.967
7707,314.5,674.5,0.966
7708,314.5,674.5,0.965
7709,314.5,674.5,0.967
7710,314.5,674.5,0.967
7711,314.5,674.5,0.968
7712,314.5,674.5,0.964
7713,314.5,674.5,0.961
7714,314.5,674.5,0.958
7715,314.5,674.5,0.954
7716,314.5,674.5,0.971
7717,314.5,674.5,0.961
7718,314.5,674.5,0.964
7719,314.5,674.5,0.962
7720,314.5,674.5,0.964
7721,314.5,674.5,0.973
7722,314.5,674.5,0.972
7723,314.5,674.5,0.967
7724,314.5,674.5,0.966
7725,314.5,674.5,0.974
7726,314.5,674.5,0.972
7727,314.5,674.5,0.977
7728,314.5,674.5,0.974
7729,314.5,674.5,0.972
7730,314.5,674.5,0.971
7731,314.5,674.5,0.977
7732,314.5,674.5,0.975
7733,314.5,674.5,0.975
7734,1154.5,438.5,0.991
7735,314.5,674.5,0.976
7736,314.5,674.5,0.976
7737,314.5,674.5,0.976
7738,314.5,674.5,0.973
7739,314.5,676.5,0.973
7740,314.5,676.5,0.984
7741,314.5,676.5,0.855
7742,314.5,676.5,0.937
7743,314.5,676.5,0.946
7744,314.5,676.5,0.95
7745,314.5,676.5,0.952
7746,314.5,674.5,0.94
7747,314.5,676.5,0.942
7748,314.5,676.5,0.967
7749,314.5,676.5,0.96
7750,314.5,676.5,0.735
7751,314.5,676.5,0.566
7752,314.5,676.5,0.64
7753,314.5,676.5,0.652
7754,314.5,676.5,0.66
7755,314.5,676.5,0.682
7756,314.5,676.5,0.595
7762,1036.5,494.5,0.771
7763,1036.5,494.5,0.944
7765,314.5,676.5,0.522
7767,314.5,676.5,0.535
7770,314.5,676.5,0.601
7771,314.5,676.5,0.624
7772,314.5,676.5,0.654
7773,314.5,676.5,0.53
7774,314.5,676.5,0.553
7775,314.5,676.5,0.596
7778,314.5,676.5,0.514
7779,314.5,676.5,0.513
7781,1218.5,552.5,0.846
7789,314.5,676.5,0.63
7791,1086.5,458.5,0.697
7792,1214.5,548.5,0.791
7793,1216.5,540.5,0.724
7794,336.5,246.5,0.912
7808,694.5,276.5,0.997
7809,730.5,284.5,0.996
7810,764.5,292.5,0.999
7811,798.5,306.5,0.99
7812,844.5,328.5,0.99
7813,872.5,346.5,0.991
7814,914.5,346.5,0.999
7815,946.5,334.5,0.993
7816,980.5,330.5,0.97
7817,1006.5,324.5,0.997
7818,1044.5,322.5,0.999
7819,1074.5,322.5,0.998
7820,1096.5,324.5,0.998
7822,302.5,386.5,0.992
7823,962.5,232.5,0.906
7824,912.5,210.5,0.991
7825,858.5,186.5,0.969
7826,796.5,168.5,0.996
7827,774.5,164.5,0.879
7828,698.5,146.5,0.832
7829,678.5,146.5,0.997
7830,614.5,146.5,0.997
7831,586.5,148.5,0.996
7832,550.5,154.5,0.993
7833,512.5,162.5,0.997
7834,482.5,172.5,0.998
7835,456.5,182.5,0.998
7836,430.5,196.5,0.994
7837,268.5,374.5,0.995
7838,264.5,360.5,0.989
7839,1138.5,552.5,0.957
7841,292.5,328.5,0.997
7842,298.5,320.5,0.922
7843,296.5,74.5,0.788
7844,308.5,86.5,0.988
7845,306.5,84.5,0.836
7846,308.5,82.5,0.598
7851,314.5,74.5,0.552
7852,344.5,68.5,0.937
7853,370.5,60.5,0.998
7854,398.5,58.5,0.999
7855,426.5,58.5,0.999
7856,456.5,60.5,0.999
7857,484.5,64.5,0.998
7858,514.5,72.5,0.999
7859,550.5,84.5,0.997
7860,576.5,92.5,0.998
7861,608.5,108.5,0.993
7862,642.5,130.5,0.89
7863,684.5,156.5,0.905
7864,884.5,102.5,0.526
7865,742.5,200.5,0.976
7866,776.5,230.5,0.902
7868,298.5,326.5,0.996
7869,892.5,352.5,0.988
7870,932.5,404.5,0.758
7871,290.5,328.5,0.911
7873,1006.5,512.5,0.933
7874,1038.5,564.5,0.994
7875,1062.5,604.5,0.928
7876,1088.5,650.5,0.991
7877,1122.5,696.5,0.992
7878,1144.5,682.5,0.998
7879,1168.5,668.5,0.996
7880,1188.5,658.5,0.995
7881,1212.5,650.5,0.995
7882,1232.5,648.5,0.986
7883,1254.5,646.5,0.989
7898,260.5,62.5,0.836
7904,254.5,58.5,0.692
7908,314.5,674.5,0.898
7909,314.5,674.5,0.799
7910,314.5,674.5,0.835
7911,314.5,676.5,0.865
7915,1044.5,696.5,0.64
7917,314.5,674.5,0.513
7918,1250.5,298.5,0.99
7919,1232.5,296.5,0.795
7922,1184.5,280.5,0.705
7928,462.5,122.5,0.744
7929,942.5,630.5,0.76
7932,878.5,606.5,0.851
7933,1038.5,358.5,0.975
7934,1024.5,358.5,0.988
7935,1048.5,634.5,0.685
7937,874.5,566.5,0.982
7940,696.5,556.5,0.549
7942,652.5,552.5,0.911
7946,314.5,676.5,0.526
7952,506.5,582.5,0.99
7953,506.5,588.5,0.937
7960,298.5,38.5,0.594
7981,440.5,164.5,0.993
7983,426.5,108.5,0.711
7986,398.5,152.5,0.98
7987,856.5,330.5,0.744
7988,962.5,346.5,0.512
7990,488.5,566.5,0.556
7991,494.5,554.5,0.99
7995,842.5,316.5,0.984
7996,436.5,56.5,0.785
8000,992.5,108.5,0.712
8005,962.5,346.5,0.963
8010,1194.5,86.5,0.677
8011,884.5,102.5,0.533
8014,1032.5,314.5,0.774
8016,404.5,136.5,0.953
8018,884.5,100.5,0.643
8022,1030.5,400.5,0.952
8023,1068.5,458.5,0.738
8024,884.5,100.5,0.617
8026,884.5,102.5,0.726
8029,884.5,102.5,0.574
8030,884.5,100.5,0.819
8033,886.5,100.5,0.772
8034,886.5,102.5,0.648
8035,886.5,104.5,0.887
8036,886.5,102.5,0.926
8037,886.5,102.5,0.789
8038,962.5,28.5,0.799
8039,880.5,104.5,0.878
8040,318.5,674.5,0.947
8041,888.5,102.5,0.915
8042,884.5,102.5,0.859
8043,886.5,100.5,0.553
8044,884.5,102.5,0.788
8045,886.5,100.5,0.905
8046,886.5,102.5,0.869
8047,444.5,106.5,0.898
8048,886.5,102.5,0.88
8049,886.5,102.5,0.816
8050,886.5,102.5,0.891
8051,886.5,100.5,0.791
8052,886.5,102.5,0.798
8053,886.5,100.5,0.757
8054,886.5,102.5,0.67
8055,886.5,102.5,0.751
8056,886.5,102.5,0.701
8057,886.5,100.5,0.676
8058,884.5,102.5,0.562
8059,886.5,102.5,0.653
8060,886.5,102.5,0.68
8061,886.5,102.5,0.681
8062,886.5,102.5,0.684
8063,886.5,102.5,0.682
8064,886.5,102.5,0.659
8065,884.5,100.5,0.665
8066,886.5,100.5,0.6
8067,886.5,102.5,0.557
8068,886.5,102.5,0.599
8069,884.5,100.5,0.56
8070,888.5,102.5,0.74
8071,886.5,102.5,0.638
8072,842.5,330.5,0.975
8073,886.5,102.5,0.568
8074,760.5,288.5,0.983
8075,714.5,266.5,0.99
8076,692.5,258.5,0.993
8077,642.5,242.5,0.998
8078,620.5,238.5,0.988
8079,592.5,232.5,0.998
8080,564.5,230.5,0.997
8081,540.5,230.5,0.998
8082,514.5,232.5,0.999
8083,492.5,232.5,0.974
8084,376.5,216.5,0.838
8085,450.5,216.5,0.995
8086,386.5,210.5,0.777
8087,414.5,198.5,0.993
8088,430.5,192.5,0.97
8089,452.5,188.5,0.991
8090,478.5,188.5,0.997
8091,500.5,188.5,0.996
8092,532.5,194.5,0.999
8093,550.5,198.5,0.99
8094,576.5,206.5,0.996
8095,604.5,218.5,0.989
8096,628.5,230.5,0.985
8097,648.5,240.5,0.979
8098,682.5,260.5,0.985
8099,704.5,278.5,0.997
8100,886.5,100.5,0.84
8101,756.5,328.5,0.978
8102,788.5,326.5,0.991
8103,816.5,320.5,0.984
8104,844.5,314.5,0.996
8105,868.5,316.5,0.995
8106,892.5,320.5,0.997
8107,924.5,326.5,0.996
8108,888.5,314.5,0.938
8109,1072.5,458.5,0.979
8110,884.5,100.5,0.595
8111,754.5,282.5,0.986
8112,694.5,272.5,0.993
8113,912.5,340.5,0.974
8114,1086.5,582.5,0.693
8115,922.5,342.5,0.913
8116,930.5,342.5,0.857
8117,888.5,102.5,0.781
8119,886.5,100.5,0.507
8122,338.5,246.5,0.99
8124,886.5,100.5,0.544
8126,886.5,100.5,0.518
8128,394.5,218.5,0.993
8129,420.5,220.5,0.998
8130,452.5,226.5,0.986
8131,488.5,232.5,0.953
8132,886.5,100.5,0.686
8133,886.5,100.5,0.721
8134,1106.5,646.5,0.991
8135,618.5,284.5,0.995
8136,886.5,100.5,0.586
8137,686.5,330.5,0.778
8138,718.5,354.5,0.907
8139,368.5,202.5,0.98
8140,794.5,390.5,0.995
8141,826.5,378.5,0.996
8142,858.5,372.5,0.998
8143,890.5,366.5,0.997
8144,920.5,364.5,0.997
8145,1180.5,552.5,0.964
8146,920.5,342.5,0.904
8147,850.5,322.5,0.933
8148,796.5,298.5,0.989
8149,744.5,284.5,0.985
8150,704.5,276.5,0.997
8151,666.5,270.5,0.895
8152,266.5,384.5,0.955
8153,588.5,266.5,0.984
8154,556.5,266.5,0.746
8155,1172.5,488.5,0.581
8159,438.5,232.5,0.978
8160,424.5,218.5,0.996
8161,408.5,204.5,0.988
8162,394.5,198.5,0.987
8163,378.5,190.5,0.992
8164,390.5,188.5,0.994
8165,412.5,188.5,0.987
8166,434.5,188.5,0.995
8167,458.5,192.5,0.993
8168,478.5,198.5,0.993
8169,504.5,208.5,0.998
8170,524.5,218.5,0.993
8171,548.5,232.5,0.991
8172,570.5,244.5,0.996
8173,592.5,264.5,0.951
8174,622.5,292.5,0.99
8175,314.5,676.5,0.822
8176,314.5,676.5,0.837
8177,314.5,676.5,0.848
8178,724.5,404.5,0.994
8179,752.5,400.5,0.997
8180,780.5,396.5,0.997
8181,804.5,396.5,0.998
8182,834.5,400.5,0.998
8183,862.5,406.5,0.997
8184,892.5,418.5,0.976
8185,850.5,392.5,0.927
8186,314.5,674.5,0.806
8187,314.5,676.5,0.809
8188,314.5,676.5,0.811
8189,314.5,674.5,0.802
8190,584.5,296.5,0.988
8191,314.5,676.5,0.852
8192,220.5,374.5,0.911
8193,314.5,676.5,0.871
8194,208.5,376.5,0.975
8195,208.5,376.5,0.996
8196,208.5,384.5,0.955
8197,314.5,676.5,0.865
8198,378.5,242.5,0.991
8199,364.5,228.5,0.994
8200,350.5,214.5,0.932
8201,314.5,676.5,0.859
8202,326.5,202.5,0.972
8203,352.5,202.5,0.974
8204,382.5,204.5,0.868
8205,424.5,212.5,0.996
8206,454.5,220.5,0.997
8207,492.5,230.5,0.991
8208,314.5,676.5,0.871
8209,314.5,674.5,0.846
8210,208.5,390.5,0.973
8211,208.5,388.5,0.97
8212,208.5,388.5,0.98
8213,208.5,388.5,0.976
8214,206.5,388.5,0.936
8215,206.5,388.5,0.957
8216,580.5,266.5,0.96
8217,574.5,264.5,0.995
8218,570.5,264.5,0.985
8219,564.5,266.5,0.99
8220,558.5,270.5,0.988
8221,208.5,388.5,0.971
8222,550.5,262.5,0.994
8223,544.5,258.5,0.996
8224,208.5,386.5,0.956
8225,532.5,250.5,0.983
8226,528.5,250.5,0.995
8227,208.5,386.5,0.98
8228,208.5,384.5,0.975
8229,514.5,252.5,0.949
8230,512.5,244.5,0.997
8231,222.5,384.5,0.982
8232,502.5,234.5,0.977
8233,496.5,234.5,0.996
8234,398.5,216.5,0.973
8235,400.5,214.5,0.988
8236,410.5,214.5,0.988
8237,482.5,232.5,0.991
8238,478.5,228.5,0.997
8239,476.5,226.5,0.978
8240,314.5,676.5,0.916
8241,314.5,676.5,0.912
8242,462.5,230.5,0.986
8243,314.5,676.5,0.897
8244,454.5,218.5,0.995
8245,314.5,676.5,0.888
8246,446.5,216.5,0.986
8247,438.5,214.5,0.983
8248,314.5,676.5,0.9
8249,436.5,204.5,0.99
8250,312.5,676.5,0.984
8251,420.5,198.5,0.981
8252,312.5,676.5,0.981
8253,312.5,676.5,0.983
8254,312.5,676.5,0.982
8255,312.5,676.5,0.981
8256,312.5,676.5,0.982
8257,312.5,676.5,0.982
8258,312.5,676.5,0.982
8259,312.5,676.5,0.983
8260,312.5,676.5,0.983
8261,312.5,676.5,0.983
8262,312.5,676.5,0.984
8263,312.5,676.5,0.984
8264,312.5,676.5,0.984
8265,312.5,676.5,0.984
8266,312.5,676.5,0.983
8267,312.5,676.5,0.986
8268,312.5,676.5,0.986
8269,312.5,676.5,0.986
8270,312.5,676.5,0.987
8271,312.5,676.5,0.984
8272,312.5,676.5,0.985
8273,312.5,676.5,0.985
8274,312.5,676.5,0.985
8275,312.5,676.5,0.984
8276,312.5,676.5,0.984
8277,312.5,676.5,0.984
8278,312.5,676.5,0.984
8279,312.5,676.5,0.981
8280,312.5,676.5,0.985
8281,312.5,676.5,0.984
8282,312.5,676.5,0.985
8283,312.5,676.5,0.984
8284,312.5,676.5,0.985
8285,312.5,676.5,0.984
8286,312.5,676.5,0.985
8287,312.5,676.5,0.985
8288,312.5,676.5,0.985
8290,876.5,332.5,0.553
8291,880.5,340.5,0.99
8296,376.5,88.5,0.99
8297,312.5,678.5,0.534
8298,376.5,90.5,0.99
8299,542.5,516.5,0.759
8300,460.5,92.5,0.658
8303,960.5,350.5,0.984
8304,670.5,522.5,0.997
8305,698.5,534.5,0.985
8306,734.5,546.5,0.779
8307,920.5,600.5,0.893
8308,792.5,554.5,0.886
8309,312.5,676.5,0.947
8310,510.5,136.5,0.755
8311,312.5,676.5,0.945
8312,970.5,538.5,0.987
8313,312.5,676.5,0.948
8315,314.5,676.5,0.526
8316,930.5,698.5,0.924
8317,312.5,676.5,0.968
8318,314.5,676.5,0.839
8319,312.5,676.5,0.911
8320,312.5,676.5,0.945
8321,312.5,676.5,0.951
8322,1186.5,636.5,0.99
8323,312.5,676.5,0.955
8324,154.5,186.5,0.977
8325,312.5,676.5,0.94
8326,312.5,676.5,0.951
8327,312.5,676.5,0.946
8328,312.5,676.5,0.921
8329,1212.5,568.5,0.986
8330,312.5,676.5,0.925
8331,312.5,676.5,0.937
8332,312.5,676.5,0.923
8333,312.5,676.5,0.929
8334,1196.5,490.5,0.961
8335,312.5,676.5,0.93
8336,312.5,676.5,0.93
8337,312.5,676.5,0.937
8338,312.5,676.5,0.944
8339,968.5,688.5,0.915
8340,312.5,676.5,0.914
8341,312.5,676.5,0.939
8342,314.5,676.5,0.924
8343,312.5,676.5,0.975
8344,1144.5,472.5,0.992
8345,312.5,676.5,0.963
8346,314.5,676.5,0.96
8347,312.5,676.5,0.968
8348,312.5,676.5,0.968
8349,312.5,676.5,0.963
8350,314.5,676.5,0.967
8351,312.5,676.5,0.964
8352,312.5,676.5,0.967
8353,312.5,676.5,0.964
8354,312.5,676.5,0.953
8355,312.5,676.5,0.964
8356,312.5,676.5,0.966
8357,312.5,676.5,0.966
8358,314.5,676.5,0.959
8359,232.5,200.5,0.964
8360,314.5,676.5,0.95
8361,314.5,676.5,0.953
8362,1026.5,426.5,0.987
8363,314.5,676.5,0.91
8364,314.5,676.5,0.922
8365,314.5,676.5,0.915
8366,314.5,676.5,0.95
8367,314.5,676.5,0.953
8368,314.5,676.5,0.948
8369,314.5,676.5,0.963
8370,314.5,676.5,0.89
8371,314.5,674.5,0.909
8372,584.5,266.5,0.913
8373,620.5,266.5,0.986
8374,648.5,268.5,0.982
8375,688.5,274.5,0.997
8376,716.5,280.5,0.998
8377,748.5,288.5,0.997
8378,314.5,674.5,0.951
8379,800.5,324.5,0.967
8380,840.5,314.5,0.995
8381,864.5,308.5,0.997
8382,888.5,302.5,0.987
8383,914.5,294.5,0.977
8384,940.5,294.5,0.996
8385,314.5,674.5,0.945
8386,1040.5,596.5,0.975
8387,314.5,674.5,0.942
8388,930.5,266.5,0.994
8389,314.5,674.5,0.944
8390,934.5,350.5,0.983
8391,786.5,226.5,0.995
8392,900.5,350.5,0.955
8393,718.5,216.5,0.954
8394,676.5,212.5,0.995
8395,630.5,218.5,0.985
8396,586.5,220.5,0.994
8397,552.5,228.5,0.996
8398,528.5,234.5,0.998
8399,314.5,674.5,0.948
8400,314.5,674.5,0.975
8401,314.5,674.5,0.976
8402,314.5,674.5,0.976
8403,312.5,676.5,0.974
8404,372.5,204.5,0.984
8405,312.5,676.5,0.967
8406,312.5,676.5,0.963
8407,312.5,676.5,0.957
8408,312.5,676.5,0.954
8409,312.5,676.5,0.956
8410,312.5,676.5,0.911
8411,388.5,170.5,0.993
8412,312.5,676.5,0.939
8413,458.5,170.5,0.997
8414,486.5,176.5,0.997
8415,528.5,184.5,0.999
8416,552.5,190.5,0.993
8417,592.5,202.5,0.993
8418,626.5,216.5,0.985
8419,1092.5,696.5,0.949
8420,312.5,676.5,0.9
8421,722.5,264.5,0.96
8422,752.5,282.5,0.99
8423,312.5,676.5,0.94
8424,314.5,676.5,0.596
8425,822.5,338.5,0.987
8426,870.5,316.5,0.997
8427,890.5,314.5,0.998
8428,926.5,304.5,0.997
8429,950.5,300.5,0.994
8430,998.5,298.5,0.995
8431,1016.5,300.5,0.991
8432,1048.5,302.5,0.898
8433,314.5,676.5,0.847
8434,314.5,676.5,0.853
8435,314.5,676.5,0.851
8436,314.5,676.5,0.852
8437,314.5,676.5,0.834
8438,1218.5,410.5,0.931
8439,1102.5,8.5,0.984
8440,314.5,676.5,0.826
8441,314.5,676.5,0.828
8442,314.5,676.5,0.837
8443,314.5,676.5,0.828
8444,314.5,676.5,0.841
8445,314.5,676.5,0.837
8446,314.5,676.5,0.855
8447,314.5,676.5,0.858
8448,314.5,676.5,0.859
8449,314.5,676.5,0.858
8450,314.5,676.5,0.894
8451,880.5,214.5,0.987
8452,314.5,676.5,0.656
8453,314.5,676.5,0.647
8454,816.5,346.5,0.988
8455,314.5,676.5,0.671
8456,774.5,426.5,0.978
8457,314.5,674.5,0.56
8458,768.5,346.5,0.972
8459,768.5,314.5,0.989
8460,314.5,676.5,0.912
8461,314.5,676.5,0.868
8462,314.5,676.5,0.808
8463,314.5,676.5,0.889
8464,750.5,170.5,0.972
8465,746.5,154.5,0.995
8466,742.5,140.5,0.996
8467,736.5,130.5,0.985
8468,1164.5,644.5,0.982
8469,312.5,676.5,0.977
8470,720.5,130.5,0.987
8471,712.5,138.5,0.996
8472,708.5,148.5,0.994
8473,704.5,162.5,0.997
8474,698.5,180.5,0.988
8475,314.5,676.5,0.957
8476,312.5,676.5,0.947
8477,314.5,676.5,0.958
8478,678.5,266.5,0.986
8479,312.5,676.5,0.969
8480,314.5,676.5,0.873
8481,314.5,676.5,0.903
8482,314.5,676.5,0.916
8483,314.5,676.5,0.913
8484,314.5,676.5,0.884
8485,632.5,390.5,0.983
8486,620.5,374.5,0.977
8487,606.5,362.5,0.994
8488,590.5,352.5,0.983
8489,574.5,346.5,0.955
8490,558.5,342.5,0.993
8491,314.5,676.5,0.936
8492,314.5,676.5,0.935
8493,314.5,676.5,0.937
8494,314.5,676.5,0.906
8495,484.5,388.5,0.984
8496,314.5,676.5,0.852
8497,312.5,676.5,0.948
8498,314.5,676.5,0.946
8499,314.5,676.5,0.949
8500,314.5,676.5,0.94
8501,314.5,676.5,0.977
8502,314.5,676.5,0.978
8503,314.5,676.5,0.972
8504,312.5,676.5,0.975
8505,366.5,660.5,0.999
8506,360.5,660.5,0.992
8507,350.5,662.5,0.995
8508,340.5,668.5,0.996
8509,334.5,676.5,0.995
8510,324.5,688.5,0.998
8511,318.5,696.5,0.998
8512,314.5,674.5,0.978
8513,314.5,676.5,0.87
8514,314.5,676.5,0.94
8515,314.5,674.5,0.925
8516,314.5,676.5,0.899
8517,314.5,674.5,0.912
8518,314.5,676.5,0.915
8519,314.5,676.5,0.952
8520,314.5,676.5,0.754
8521,314.5,676.5,0.717
8522,314.5,676.5,0.957
8523,314.5,676.5,0.791
8524,314.5,676.5,0.875
8525,314.5,674.5,0.916
8526,314.5,674.5,0.918
8527,314.5,674.5,0.917
8528,314.5,674.5,0.908
8529,314.5,674.5,0.902
8530,314.5,674.5,0.905
8531,314.5,674.5,0.916
8532,314.5,674.5,0.915
8533,314.5,674.5,0.916
8534,314.5,674.5,0.908
8535,314.5,674.5,0.905
8536,314.5,674.5,0.906
8537,314.5,674.5,0.915
8538,314.5,674.5,0.914
8539,314.5,674.5,0.915
8540,314.5,674.5,0.909
8541,314.5,674.5,0.911
8542,590.5,244.5,0.969
8543,314.5,674.5,0.92
8544,314.5,674.5,0.918
8545,314.5,676.5,0.902
8546,314.5,674.5,0.907
8547,314.5,676.5,0.905
8548,314.5,674.5,0.916
8549,314.5,676.5,0.906
8550,314.5,676.5,0.909
8551,490.5,232.5,0.943
8552,482.5,232.5,0.918
8553,314.5,676.5,0.901
8554,442.5,502.5,0.989
8555,314.5,676.5,0.914
8556,314.5,676.5,0.902
8557,314.5,676.5,0.92
8558,314.5,676.5,0.912
8559,314.5,676.5,0.913
8560,380.5,616.5,0.892
8561,448.5,236.5,0.661
8567,232.5,64.5,0.53
8581,490.5,582.5,0.862
8586,314.5,632.5,0.9
8587,316.5,622.5,0.944
8600,314.5,676.5,0.672
8601,314.5,676.5,0.711
8602,502.5,586.5,0.893
8603,502.5,586.5,0.835
8604,502.5,586.5,0.965
8605,502.5,586.5,0.935
8606,502.5,586.5,0.954
8607,502.5,586.5,0.92
8608,502.5,586.5,0.946
8609,502.5,586.5,0.935
8610,502.5,586.5,0.919
8611,502.5,586.5,0.943
8612,502.5,586.5,0.96
8613,500.5,586.5,0.791
8614,354.5,358.5,0.919
8615,966.5,344.5,0.969
8616,502.5,586.5,0.806
8617,500.5,586.5,0.771
8618,500.5,586.5,0.751
8619,502.5,586.5,0.756
8620,502.5,586.5,0.843
8621,500.5,586.5,0.727
8622,500.5,586.5,0.694
8623,500.5,586.5,0.618
8624,500.5,586.5,0.545
8625,500.5,586.5,0.631
8626,500.5,586.5,0.664
8627,500.5,586.5,0.533
8628,314.5,676.5,0.518
8629,500.5,586.5,0.508
8631,502.5,586.5,0.533
8632,502.5,586.5,0.597
8633,502.5,586.5,0.594
8634,502.5,586.5,0.593
8635,502.5,586.5,0.647
8636,500.5,586.5,0.586
8637,502.5,586.5,0.623
8638,502.5,586.5,0.575
8639,502.5,586.5,0.745
8641,314.5,676.5,0.945
8642,314.5,676.5,0.729
8643,430.5,132.5,0.981
8644,314.5,676.5,0.864
8645,314.5,676.5,0.808
8646,314.5,676.5,0.727
8647,314.5,676.5,0.661
8648,314.5,676.5,0.754
8649,314.5,676.5,0.729
8650,314.5,676.5,0.934
8651,314.5,676.5,0.89
8652,314.5,676.5,0.871
8653,314.5,676.5,0.874
8654,314.5,676.5,0.872
8655,314.5,674.5,0.904
8657,314.5,674.5,0.911
8658,314.5,676.5,0.887
8659,314.5,676.5,0.883
8660,314.5,676.5,0.881
8661,314.5,676.5,0.898
8662,862.5,324.5,0.982
8663,312.5,676.5,0.945
8664,314.5,676.5,0.511
8665,314.5,676.5,0.668
8666,314.5,676.5,0.668
8667,314.5,676.5,0.688
8668,314.5,676.5,0.69
8669,314.5,676.5,0.634
8670,314.5,676.5,0.661
8671,314.5,676.5,0.664
8672,314.5,676.5,0.665
8673,314.5,676.5,0.686
8674,700.5,278.5,0.994
8675,666.5,266.5,0.747
8676,620.5,250.5,0.994
8677,590.5,244.5,0.996
8678,556.5,238.5,0.996
8679,526.5,234.5,0.998
8680,492.5,234.5,0.996
8681,314.5,676.5,0.642
8682,314.5,676.5,0.688
8683,314.5,676.5,0.689
8684,314.5,676.5,0.692
8685,370.5,218.5,0.994
8686,370.5,204.5,0.998
8687,386.5,186.5,0.993
8688,400.5,172.5,0.997
8689,414.5,164.5,0.996
8690,428.5,154.5,0.997
8691,444.5,146.5,0.997
8692,460.5,140.5,0.996
8693,474.5,138.5,0.997
8694,490.5,138.5,0.998
8695,506.5,140.5,0.998
8696,524.5,144.5,0.998
8697,540.5,152.5,0.998
8698,558.5,162.5,0.998
8699,574.5,174.5,0.992
8700,592.5,188.5,0.988
8701,610.5,206.5,0.983
8703,640.5,242.5,0.994
8704,314.5,676.5,0.516
8706,698.5,328.5,0.976
8707,714.5,360.5,0.929
8708,734.5,394.5,0.994
8709,748.5,378.5,0.991
8710,760.5,362.5,0.992
8711,774.5,348.5,0.988
8712,788.5,340.5,0.981
8713,802.5,332.5,0.992
8714,816.5,330.5,0.992
8715,832.5,328.5,0.991
8716,846.5,332.5,0.99
8717,858.5,338.5,0.987
8718,314.5,676.5,0.731
8719,314.5,676.5,0.729
8720,314.5,676.5,0.707
8721,314.5,676.5,0.849
8722,208.5,386.5,0.985
8724,1212.5,568.5,0.826
8728,418.5,234.5,0.995
8729,402.5,218.5,0.998
8730,384.5,204.5,0.997
8731,370.5,196.5,0.993
8732,352.5,186.5,0.905
8733,314.5,676.5,0.63
8734,314.5,676.5,0.654
8735,314.5,676.5,0.679
8736,206.5,386.5,0.89
8737,314.5,676.5,0.662
8738,314.5,676.5,0.656
8739,314.5,676.5,0.711
8740,314.5,676.5,0.708
8741,314.5,676.5,0.68
8742,314.5,676.5,0.819
8743,314.5,676.5,0.812
8744,314.5,676.5,0.787
8745,314.5,676.5,0.819
8746,314.5,676.5,0.786
8747,314.5,676.5,0.759
8748,314.5,676.5,0.79
8749,886.5,100.5,0.708
8750,314.5,676.5,0.888
8751,314.5,674.5,0.927
8752,314.5,674.5,0.923
8753,314.5,674.5,0.933
8754,314.5,674.5,0.932
8755,314.5,674.5,0.936
8756,314.5,676.5,0.938
8757,314.5,674.5,0.936
8758,314.5,674.5,0.929
8759,314.5,676.5,0.942
8760,268.5,378.5,0.972
8761,314.5,674.5,0.951
8762,300.5,376.5,0.994
8763,314.5,674.5,0.954
8764,314.5,674.5,0.959
8765,1008.5,458.5,0.989
8766,314.5,676.5,0.951
8767,1008.5,412.5,0.995
8768,314.5,674.5,0.938
8769,314.5,676.5,0.944
8770,314.5,674.5,0.925
8771,314.5,676.5,0.898
8772,314.5,676.5,0.901
8773,314.5,676.5,0.894
8774,314.5,676.5,0.902
8775,314.5,676.5,0.826
8776,312.5,676.5,0.979
8777,312.5,676.5,0.955
8778,312.5,676.5,0.948
8779,312.5,676.5,0.969
8780,312.5,676.5,0.962
8781,428.5,190.5,0.966
8782,314.5,676.5,0.963
8783,446.5,186.5,0.962
8784,314.5,674.5,0.952
8785,314.5,674.5,0.954
8786,314.5,674.5,0.952
8787,352.5,354.5,0.987
8788,314.5,674.5,0.946
8789,312.5,676.5,0.978
8790,314.5,674.5,0.969
8791,314.5,674.5,0.965
8792,312.5,676.5,0.964
8793,314.5,674.5,0.958
8794,314.5,674.5,0.964
8795,314.5,674.5,0.948
8796,314.5,674.5,0.958
8797,314.5,674.5,0.96
8798,314.5,674.5,0.961
8799,314.5,674.5,0.961
8800,314.5,674.5,0.962
8801,598.5,546.5,0.985
8802,314.5,676.5,0.958
8803,314.5,674.5,0.962
8804,312.5,676.5,0.966
8805,312.5,676.5,0.971
8806,312.5,674.5,0.972
8807,312.5,676.5,0.964
8808,312.5,676.5,0.973
8809,312.5,674.5,0.969
8810,312.5,676.5,0.982
8811,312.5,676.5,0.979
8812,312.5,676.5,0.981
8813,312.5,676.5,0.981
8814,312.5,676.5,0.981
8815,312.5,676.5,0.981
8816,312.5,676.5,0.981
8817,312.5,676.5,0.981
8818,312.5,676.5,0.983
8819,312.5,676.5,0.95
8820,314.5,674.5,0.969
8821,314.5,676.5,0.848
8822,314.5,676.5,0.87
8823,314.5,676.5,0.903
8824,314.5,676.5,0.889
8825,314.5,676.5,0.845
8826,314.5,676.5,0.876
8827,314.5,676.5,0.883
8828,314.5,676.5,0.88
8829,1196.5,8.5,0.839
8836,354.5,140.5,0.815
8837,480.5,582.5,0.996
8845,466.5,116.5,0.958
8847,918.5,482.5,0.668
8849,472.5,106.5,0.932
8851,606.5,538.5,0.991
8856,714.5,598.5,0.98
8857,752.5,612.5,0.994
8859,990.5,408.5,0.697
8860,890.5,106.5,0.792
8863,284.5,118.5,0.993
8864,312.5,676.5,0.905
8865,310.5,676.5,0.867
8866,314.5,676.5,0.61
8867,312.5,676.5,0.951
8868,312.5,676.5,0.97
8869,312.5,676.5,0.981
8870,976.5,552.5,0.983
8871,314.5,676.5,0.879
8872,314.5,676.5,0.762
8874,980.5,536.5,0.678
8875,314.5,676.5,0.697
8876,312.5,676.5,0.703
8877,312.5,676.5,0.591
8878,312.5,676.5,0.895
8879,1032.5,586.5,0.834
8881,314.5,676.5,0.771
8882,314.5,676.5,0.785
8883,314.5,676.5,0.854
8884,314.5,676.5,0.737
8885,314.5,676.5,0.961
8886,312.5,676.5,0.941
8887,312.5,676.5,0.941
8888,312.5,676.5,0.939
8889,312.5,676.5,0.94
8890,942.5,266.5,0.977
8891,312.5,676.5,0.933
8892,312.5,676.5,0.943
8893,312.5,676.5,0.947
8894,312.5,676.5,0.947
8895,312.5,676.5,0.942
8896,312.5,676.5,0.946
8897,312.5,676.5,0.949
8898,312.5,676.5,0.947
8899,312.5,676.5,0.944
8900,312.5,676.5,0.953
8901,312.5,676.5,0.95
8902,312.5,676.5,0.957
8903,312.5,676.5,0.952
8904,314.5,676.5,0.934
8905,312.5,676.5,0.962
8906,312.5,676.5,0.964
8907,312.5,676.5,0.959
8908,312.5,676.5,0.953
8909,312.5,676.5,0.964
8910,312.5,676.5,0.961
8911,312.5,676.5,0.97
8912,312.5,676.5,0.934
8913,312.5,676.5,0.958
8914,312.5,676.5,0.942
8915,312.5,676.5,0.946
8916,312.5,676.5,0.945
8917,312.5,676.5,0.943
8918,312.5,676.5,0.95
8919,312.5,676.5,0.945
8920,312.5,676.5,0.943
8921,314.5,676.5,0.946
8922,312.5,676.5,0.951
8923,314.5,676.5,0.932
8924,1174.5,590.5,0.987
8925,312.5,676.5,0.955
8926,312.5,676.5,0.953
8927,312.5,676.5,0.953
8928,312.5,676.5,0.954
8929,312.5,676.5,0.951
8930,1086.5,516.5,0.979
8931,314.5,676.5,0.938
8932,312.5,676.5,0.959
8933,312.5,676.5,0.965
8934,314.5,676.5,0.932
8935,314.5,676.5,0.918
8936,314.5,676.5,0.93
8937,314.5,676.5,0.936
8938,312.5,676.5,0.943
8939,314.5,676.5,0.936
8940,1184.5,536.5,0.912
8941,1184.5,536.5,0.972
8942,1056.5,516.5,0.995
8943,314.5,676.5,0.895
8944,312.5,676.5,0.976
8945,312.5,676.5,0.935
8946,314.5,676.5,0.891
8947,314.5,676.5,0.895
8948,314.5,676.5,0.906
8949,312.5,676.5,0.919
8950,314.5,676.5,0.881
8951,312.5,676.5,0.895
8952,314.5,676.5,0.814
8953,314.5,676.5,0.839
8954,314.5,676.5,0.822
8955,314.5,676.5,0.871
8956,314.5,676.5,0.842
8957,314.5,676.5,0.858
8958,314.5,676.5,0.887
8959,314.5,676.5,0.783
8960,314.5,676.5,0.805
8961,314.5,676.5,0.831
8962,314.5,676.5,0.879
8963,1182.5,536.5,0.947
8964,314.5,676.5,0.855
8965,314.5,676.5,0.873
8966,314.5,676.5,0.875
8967,1178.5,534.5,0.93
8968,314.5,676.5,0.843
8969,314.5,676.5,0.839
8970,314.5,676.5,0.856
8971,314.5,676.5,0.871
8972,314.5,676.5,0.831
8973,314.5,676.5,0.887
8974,314.5,676.5,0.856
8975,314.5,676.5,0.884
8976,314.5,676.5,0.868
8977,314.5,676.5,0.876
8978,314.5,676.5,0.886
8979,314.5,676.5,0.871
8980,314.5,676.5,0.838
8981,314.5,676.5,0.894
8982,314.5,676.5,0.893
8983,1178.5,534.5,0.976
8984,314.5,676.5,0.885
8985,314.5,676.5,0.88
8986,1176.5,532.5,0.938
8987,314.5,674.5,0.575
8988,314.5,674.5,0.696
8989,314.5,676.5,0.716
8990,314.5,676.5,0.724
8991,314.5,674.5,0.622
8992,314.5,674.5,0.632
8993,314.5,676.5,0.589
8994,314.5,674.5,0.565
8995,314.5,676.5,0.646
8996,314.5,676.5,0.651
8997,314.5,676.5,0.683
8998,314.5,676.5,0.68
8999,314.5,674.5,0.568
9000,682.5,312.5,0.782
9001,314.5,676.5,0.801
9002,314.5,676.5,0.528
9003,780.5,372.5,0.97
9004,810.5,370.5,0.981
9005,840.5,358.5,0.994
9006,870.5,350.5,0.997
9007,898.5,346.5,0.999
9008,924.5,346.5,0.999
9009,314.5,676.5,0.747
9010,314.5,676.5,0.738
9011,882.5,308.5,0.99
9012,314.5,676.5,0.816
9013,272.5,388.5,0.993
9014,1144.5,508.5,0.989
9015,684.5,236.5,0.991
9016,638.5,228.5,0.998
9017,610.5,226.5,0.997
9018,580.5,226.5,0.998
9019,552.5,228.5,0.997
9020,528.5,230.5,0.999
9021,502.5,236.5,0.994
9022,1086.5,476.5,0.969
9023,1084.5,476.5,0.982
9024,442.5,220.5,0.996
9025,428.5,202.5,0.979
9026,314.5,676.5,0.814
9027,402.5,180.5,0.998
9028,418.5,174.5,0.939
9029,450.5,170.5,0.998
9030,472.5,170.5,0.993
9031,498.5,168.5,0.998
9032,526.5,170.5,0.998
9033,552.5,176.5,0.998
9034,576.5,182.5,0.997
9035,606.5,192.5,0.993
9036,632.5,204.5,0.98
9037,314.5,676.5,0.819
9038,686.5,232.5,0.957
9039,710.5,250.5,0.984
9040,736.5,266.5,0.961
9041,764.5,290.5,0.997
9042,1132.5,552.5,0.995
9043,820.5,352.5,0.99
9044,854.5,340.5,0.996
9045,884.5,328.5,0.997
9046,906.5,324.5,0.998
9047,936.5,322.5,0.994
9048,966.5,322.5,0.996
9049,992.5,324.5,0.995
9050,1008.5,324.5,0.984
9051,314.5,676.5,0.849
9052,910.5,270.5,0.886
9053,314.5,676.5,0.83
9054,314.5,676.5,0.832
9055,314.5,676.5,0.844
9056,640.5,244.5,0.992
9057,616.5,244.5,0.992
9058,578.5,246.5,0.999
9059,1100.5,470.5,0.955
9060,886.5,104.5,0.687
9061,314.5,676.5,0.619
9062,314.5,676.5,0.614
9063,314.5,676.5,0.744
9064,388.5,232.5,0.996
9065,368.5,218.5,0.985
9066,314.5,676.5,0.517
9067,334.5,200.5,0.998
9068,350.5,198.5,0.987
9069,382.5,198.5,0.998
9070,406.5,202.5,0.998
9071,432.5,204.5,0.998
9072,460.5,212.5,0.999
9073,488.5,220.5,0.996
9074,516.5,230.5,0.991
9075,544.5,242.5,0.996
9076,578.5,262.5,0.905
9077,314.5,676.5,0.747
9078,314.5,676.5,0.726
9079,124.5,392.5,0.957
9080,148.5,390.5,0.991
9081,732.5,378.5,0.989
9082,764.5,386.5,0.991
9083,800.5,378.5,0.998
9084,832.5,374.5,0.999
9085,864.5,374.5,0.999
9086,896.5,376.5,0.998
9087,314.5,676.5,0.826
9088,866.5,346.5,0.989
9089,800.5,314.5,0.99
9090,750.5,290.5,0.993
9091,706.5,276.5,0.995
9092,678.5,266.5,0.986
9093,626.5,252.5,0.973
9094,600.5,250.5,0.992
9095,574.5,248.5,0.999
9096,546.5,248.5,0.941
9097,524.5,248.5,0.986
9098,506.5,250.5,0.98
9099,356.5,202.5,0.968
9100,314.5,674.5,0.701
9101,360.5,200.5,0.916
9102,442.5,210.5,0.991
9103,430.5,196.5,0.987
9104,416.5,186.5,0.975
9105,432.5,184.5,0.993
9106,464.5,186.5,0.996
9107,488.5,188.5,0.965
9108,522.5,196.5,0.994
9109,544.5,202.5,0.997
9110,572.5,212.5,0.997
9111,602.5,226.5,0.981
9112,632.5,242.5,0.984
9113,654.5,256.5,0.986
9114,686.5,274.5,0.99
9115,420.5,188.5,0.908
9116,742.5,328.5,0.869
9117,406.5,190.5,0.897
9118,804.5,316.5,0.928
9119,840.5,312.5,0.996
9120,862.5,316.5,0.994
9121,892.5,322.5,0.997
9122,922.5,328.5,0.995
9123,952.5,340.5,0.979
9124,314.5,676.5,0.775
9125,888.5,314.5,0.894
9126,836.5,294.5,0.813
9127,790.5,282.5,0.99
9128,734.5,266.5,0.989
9129,696.5,260.5,0.988
9130,314.5,676.5,0.687
9131,614.5,250.5,0.974
9132,586.5,250.5,0.997
9133,546.5,252.5,0.821
9134,314.5,676.5,0.772
9135,314.5,676.5,0.756
9136,314.5,676.5,0.758
9137,314.5,676.5,0.688
9138,314.5,676.5,0.719
9139,314.5,676.5,0.656
9140,332.5,248.5,0.963
9141,314.5,676.5,0.838
9142,292.5,232.5,0.993
9143,314.5,676.5,0.762
9144,314.5,676.5,0.75
9145,314.5,676.5,0.733
9146,374.5,198.5,0.92
9147,414.5,192.5,0.997
9148,460.5,188.5,0.998
9149,492.5,188.5,0.997
9150,550.5,194.5,0.995
9151,590.5,196.5,0.993
9152,616.5,200.5,0.843
9153,680.5,212.5,0.99
9154,704.5,218.5,0.865
9155,314.5,676.5,0.774
9156,786.5,246.5,0.992
9157,828.5,262.5,0.983
9158,862.5,278.5,0.977
9159,900.5,296.5,0.981
9160,314.5,676.5,0.814
9161,982.5,352.5,0.915
9162,996.5,362.5,0.982
9163,1030.5,388.5,0.995
9164,1058.5,412.5,0.993
9165,1086.5,440.5,0.988
9166,314.5,676.5,0.8
9167,314.5,676.5,0.783
9168,314.5,676.5,0.762
9169,314.5,676.5,0.771
9170,314.5,676.5,0.755
9171,314.5,676.5,0.769
9172,314.5,676.5,0.763
9173,314.5,676.5,0.775
9174,314.5,676.5,0.752
9175,314.5,676.5,0.78
9176,314.5,676.5,0.763
9177,314.5,676.5,0.818
9178,314.5,676.5,0.828
9183,314.5,676.5,0.775
9184,314.5,676.5,0.707
9185,314.5,676.5,0.756
9186,1210.5,580.5,0.894
9187,1212.5,576.5,0.984
9188,1214.5,572.5,0.762
9189,314.5,676.5,0.791
9190,314.5,676.5,0.723
9191,314.5,676.5,0.791
9192,314.5,676.5,0.858
9193,314.5,676.5,0.724
9194,314.5,676.5,0.903
9197,218.5,388.5,0.988
9200,314.5,676.5,0.504
9202,1230.5,440.5,0.585
9204,314.5,676.5,0.539
9205,444.5,182.5,0.98
9206,314.5,676.5,0.654
9207,314.5,676.5,0.65
9208,354.5,344.5,0.895
9209,314.5,676.5,0.712
9210,314.5,676.5,0.56
9211,1204.5,512.5,0.952
9212,314.5,676.5,0.698
9213,1202.5,490.5,0.978
9214,314.5,676.5,0.698
9215,314.5,676.5,0.693
9216,314.5,676.5,0.665
9217,314.5,676.5,0.673
9218,1106.5,604.5,0.881
9219,234.5,420.5,0.956
9220,314.5,676.5,0.652
9221,206.5,432.5,0.976
9222,314.5,676.5,0.629
9223,314.5,676.5,0.589
9224,314.5,676.5,0.59
9225,314.5,676.5,0.576
9227,314.5,676.5,0.559
9228,314.5,676.5,0.514
9229,314.5,676.5,0.513
9230,314.5,676.5,0.504
9231,314.5,676.5,0.502
9232,314.5,676.5,0.577
9233,314.5,676.5,0.603
9234,314.5,676.5,0.591
9235,314.5,676.5,0.631
9236,314.5,676.5,0.622
9237,314.5,676.5,0.627
9239,314.5,676.5,0.88
9240,1214.5,426.5,0.847
9241,952.5,352.5,0.783
9242,314.5,676.5,0.72
9243,376.5,134.5,0.895
9244,944.5,392.5,0.939
9245,314.5,676.5,0.715
9246,314.5,676.5,0.763
9250,312.5,674.5,0.986
9251,312.5,676.5,0.984
9252,312.5,676.5,0.984
9253,312.5,676.5,0.983
9254,312.5,676.5,0.984
9255,312.5,674.5,0.984
9256,312.5,676.5,0.984
9257,312.5,676.5,0.984
9258,312.5,674.5,0.983
9259,312.5,674.5,0.984
9260,312.5,674.5,0.985
9261,312.5,674.5,0.984
9262,312.5,676.5,0.985
9263,312.5,676.5,0.985
9264,312.5,674.5,0.983
9265,312.5,676.5,0.983
9266,312.5,674.5,0.983
9267,312.5,674.5,0.983
9268,312.5,676.5,0.98
9269,312.5,676.5,0.981
9270,312.5,674.5,0.983
9271,312.5,676.5,0.983
9272,312.5,676.5,0.984
9273,162.5,456.5,0.985
9274,312.5,674.5,0.982
9275,312.5,674.5,0.982
9276,174.5,440.5,0.988
9277,176.5,438.5,0.992
9278,312.5,674.5,0.981
9279,312.5,674.5,0.981
9280,312.5,674.5,0.98
9281,312.5,676.5,0.983
9282,312.5,676.5,0.982
9283,312.5,676.5,0.981
9284,312.5,676.5,0.98
9285,312.5,676.5,0.981
9286,312.5,676.5,0.983
9287,312.5,676.5,0.982
9288,312.5,676.5,0.981
9289,312.5,676.5,0.982
9290,312.5,676.5,0.982
9291,312.5,676.5,0.98
9292,312.5,676.5,0.979
9293,312.5,676.5,0.984
9294,312.5,676.5,0.984
9295,312.5,676.5,0.985
9296,602.5,526.5,0.99
9297,312.5,676.5,0.967
9298,312.5,676.5,0.96
9299,312.5,674.5,0.973
9300,312.5,674.5,0.977
9301,310.5,674.5,0.985
9302,312.5,674.5,0.981
9303,310.5,676.5,0.983
9304,312.5,674.5,0.983
9305,312.5,674.5,0.981
9306,312.5,674.5,0.982
9307,312.5,676.5,0.981
9308,312.5,676.5,0.982
9309,312.5,676.5,0.983
9310,312.5,676.5,0.981
9311,312.5,674.5,0.983
9312,312.5,676.5,0.982
9313,312.5,676.5,0.981
9314,312.5,674.5,0.98
9315,312.5,676.5,0.976
9316,312.5,676.5,0.978
9317,312.5,676.5,0.978
9318,312.5,676.5,0.975
9319,312.5,676.5,0.975
9320,312.5,676.5,0.962
9321,1202.5,30.5,0.755
9322,312.5,676.5,0.724
9323,234.5,420.5,0.987
9324,236.5,410.5,0.995
9325,222.5,618.5,0.585
9326,310.5,676.5,0.814
9327,312.5,676.5,0.716
9328,260.5,380.5,0.941
9330,312.5,678.5,0.658
9341,158.5,188.5,0.789
9343,296.5,362.5,0.971
9345,304.5,354.5,0.83
9348,476.5,596.5,0.999
9349,472.5,602.5,0.998
9350,472.5,618.5,0.992
9351,344.5,344.5,0.99
9353,964.5,30.5,0.524
9354,886.5,100.5,0.585
9355,312.5,678.5,0.832
9356,922.5,332.5,0.942
9358,960.5,356.5,0.955
9365,964.5,346.5,0.541
9366,482.5,592.5,0.947
9367,476.5,596.5,0.992
9368,474.5,590.5,0.99
9369,474.5,586.5,0.997
9370,474.5,582.5,0.998
9371,476.5,578.5,0.998
9372,476.5,574.5,0.991
9373,476.5,572.5,0.986
9379,494.5,562.5,0.834
