frame,x_px,y_px,score
6,980.5,78.5,0.771
7,308.5,682.5,0.941
8,302.5,486.5,0.752
9,288.5,484.5,0.993
16,184.5,322.5,0.992
17,184.5,336.5,0.981
18,160.5,352.5,0.988
19,366.5,618.5,0.988
24,84.5,396.5,0.912
25,86.5,388.5,0.992
27,92.5,384.5,0.727
28,108.5,368.5,0.642
62,274.5,714.5,0.722
63,270.5,712.5,0.99
76,302.5,590.5,0.992
77,314.5,578.5,0.995
78,326.5,570.5,0.997
79,342.5,564.5,0.968
80,356.5,560.5,0.974
81,368.5,560.5,0.988
82,384.5,558.5,0.982
83,402.5,558.5,0.924
101,574.5,488.5,0.727
103,84.5,458.5,0.96
111,108.5,230.5,0.988
112,112.5,230.5,0.99
114,118.5,234.5,0.91
124,234.5,238.5,0.948
146,268.5,406.5,0.989
151,554.5,440.5,0.899
152,566.5,412.5,0.994
154,564.5,346.5,0.979
155,562.5,322.5,0.994
156,562.5,304.5,0.997
157,554.5,292.5,0.99
158,550.5,280.5,0.858
161,546.5,286.5,0.994
162,548.5,300.5,0.995
163,548.5,316.5,0.986
164,546.5,330.5,0.99
167,550.5,414.5,0.996
169,268.5,294.5,0.73
170,266.5,294.5,0.653
175,268.5,292.5,0.91
177,268.5,292.5,0.936
179,268.5,292.5,0.944
182,268.5,294.5,0.869
185,188.5,234.5,0.788
186,270.5,292.5,0.644
187,522.5,504.5,0.991
188,526.5,496.5,0.99
189,530.5,482.5,0.987
197,582.5,378.5,0.972
198,578.5,350.5,0.901
199,570.5,324.5,0.992
200,570.5,308.5,0.997
201,570.5,298.5,0.996
202,568.5,286.5,0.995
203,568.5,276.5,0.988
204,564.5,280.5,0.842
205,562.5,288.5,0.993
206,564.5,302.5,0.996
207,562.5,316.5,0.996
208,562.5,338.5,0.847
209,556.5,356.5,0.987
211,560.5,412.5,0.969
212,134.5,480.5,0.676
216,140.5,480.5,0.637
224,142.5,438.5,0.935
229,522.5,480.5,0.989
239,588.5,384.5,0.843
240,584.5,340.5,0.72
241,584.5,312.5,0.992
242,584.5,298.5,0.994
243,586.5,268.5,0.641
244,582.5,256.5,0.927
245,574.5,244.5,0.994
246,570.5,234.5,0.99
247,570.5,234.5,0.99
249,564.5,248.5,0.998
250,560.5,258.5,0.992
251,558.5,276.5,0.992
252,562.5,300.5,0.996
253,550.5,322.5,0.989
254,332.5,594.5,0.984
255,334.5,602.5,0.882
256,552.5,416.5,0.552
262,556.5,430.5,0.989
263,556.5,444.5,0.603
284,604.5,390.5,0.989
285,606.5,370.5,0.991
286,604.5,350.5,0.995
287,610.5,332.5,0.975
288,604.5,322.5,0.904
292,608.5,328.5,0.987
293,610.5,338.5,0.992
294,610.5,356.5,0.993
295,610.5,374.5,0.942
298,212.5,446.5,0.985
316,566.5,434.5,0.511
331,636.5,366.5,0.985
338,204.5,122.5,0.839
357,166.5,278.5,0.99
376,438.5,244.5,0.906
381,100.5,346.5,0.686
382,194.5,524.5,0.553
384,392.5,88.5,0.656
395,252.5,550.5,0.929
397,238.5,560.5,0.902
399,392.5,216.5,0.778
426,84.5,412.5,0.933
428,88.5,412.5,0.981
433,100.5,412.5,0.725
470,596.5,272.5,0.742
479,608.5,390.5,0.994
480,616.5,380.5,0.989
481,614.5,370.5,0.991
483,212.5,444.5,0.889
484,628.5,376.5,0.593
488,194.5,416.5,0.989
489,196.5,428.5,0.718
500,604.5,360.5,0.923
501,600.5,372.5,0.985
502,594.5,394.5,0.927
507,584.5,384.5,0.996
508,584.5,366.5,0.991
509,580.5,352.5,0.989
510,578.5,346.5,0.988
514,564.5,370.5,0.99
515,562.5,384.5,0.987
516,556.5,408.5,0.985
517,542.5,420.5,0.951
533,402.5,556.5,0.63
551,266.5,564.5,0.989
554,262.5,544.5,0.55
555,258.5,540.5,0.574
557,250.5,528.5,0.981
559,238.5,512.5,0.979
560,118.5,380.5,0.946
574,726.5,666.5,0.984
576,196.5,516.5,0.909
577,196.5,512.5,0.988
581,178.5,500.5,0.956
593,126.5,488.5,0.849
594,120.5,480.5,0.993
595,138.5,464.5,0.987
624,1130.5,448.5,0.9
627,1088.5,442.5,0.868
655,404.5,206.5,0.729
657,684.5,282.5,0.887
660,316.5,458.5,0.589
667,684.5,290.5,0.536
668,684.5,284.5,0.957
679,1000.5,360.5,0.992
692,814.5,338.5,0.986
693,766.5,338.5,0.992
694,730.5,292.5,0.985
695,692.5,274.5,0.997
696,652.5,258.5,0.997
697,624.5,246.5,0.996
698,594.5,240.5,0.998
699,558.5,234.5,0.996
700,534.5,230.5,0.99
701,500.5,232.5,0.987
702,474.5,234.5,0.994
703,452.5,240.5,0.996
704,430.5,246.5,0.996
705,412.5,252.5,0.992
706,394.5,246.5,0.99
707,368.5,226.5,0.988
708,354.5,216.5,0.991
710,370.5,198.5,0.994
711,386.5,190.5,0.994
712,412.5,184.5,0.993
713,436.5,178.5,0.994
714,452.5,178.5,0.996
715,482.5,178.5,0.998
716,500.5,180.5,0.993
717,528.5,186.5,0.997
718,550.5,192.5,0.992
719,578.5,204.5,0.994
720,604.5,216.5,0.994
721,624.5,228.5,0.998
722,644.5,242.5,0.998
723,676.5,268.5,0.997
724,690.5,282.5,0.996
725,716.5,306.5,0.997
726,742.5,336.5,0.996
727,770.5,354.5,0.998
728,786.5,342.5,0.999
729,814.5,324.5,0.999
730,842.5,314.5,0.999
731,860.5,312.5,0.996
732,882.5,308.5,0.996
733,900.5,308.5,0.99
734,926.5,308.5,0.99
735,886.5,290.5,0.985
736,826.5,276.5,0.966
737,884.5,346.5,0.994
738,884.5,362.5,0.996
739,652.5,242.5,0.996
740,608.5,238.5,0.997
741,562.5,232.5,0.996
742,526.5,230.5,0.996
743,492.5,230.5,0.992
744,460.5,234.5,0.994
745,426.5,236.5,0.989
746,402.5,240.5,0.993
747,378.5,248.5,0.953
749,336.5,206.5,0.929
750,356.5,206.5,0.947
751,382.5,198.5,0.99
752,404.5,194.5,0.994
753,436.5,192.5,0.997
754,458.5,192.5,0.995
755,482.5,196.5,0.99
756,512.5,202.5,0.994
757,544.5,208.5,0.994
758,570.5,218.5,0.99
759,596.5,230.5,0.996
760,624.5,244.5,0.998
761,650.5,258.5,0.996
762,682.5,280.5,0.993
763,702.5,294.5,0.992
764,738.5,324.5,0.995
765,764.5,348.5,0.997
766,790.5,384.5,0.991
767,820.5,374.5,0.995
768,850.5,368.5,0.999
769,880.5,364.5,0.998
770,910.5,364.5,0.996
771,942.5,368.5,0.998
772,970.5,372.5,0.992
773,910.5,352.5,0.989
774,818.5,326.5,0.992
775,796.5,324.5,0.798
776,714.5,306.5,0.987
777,638.5,298.5,0.914
778,588.5,294.5,0.992
782,412.5,300.5,0.994
784,346.5,270.5,0.926
785,316.5,254.5,0.955
786,288.5,238.5,0.992
789,308.5,194.5,0.51
790,322.5,186.5,0.992
791,348.5,176.5,0.996
792,370.5,166.5,0.993
793,402.5,160.5,0.997
794,430.5,156.5,0.997
795,458.5,156.5,0.995
796,482.5,156.5,0.996
797,510.5,160.5,0.997
798,540.5,166.5,0.994
799,566.5,174.5,0.991
800,594.5,184.5,0.996
801,624.5,196.5,0.997
802,644.5,208.5,0.997
803,678.5,228.5,0.998
804,700.5,244.5,0.996
805,730.5,266.5,0.993
806,752.5,286.5,0.998
807,756.5,298.5,0.921
808,790.5,328.5,0.993
809,824.5,306.5,0.997
810,836.5,300.5,0.996
811,862.5,282.5,0.994
812,880.5,270.5,0.998
813,900.5,264.5,0.997
814,918.5,260.5,0.997
815,938.5,256.5,0.994
816,958.5,256.5,0.997
817,1096.5,166.5,0.956
818,998.5,264.5,0.989
821,882.5,270.5,0.986
822,834.5,270.5,0.992
823,738.5,276.5,0.994
824,846.5,224.5,0.977
825,606.5,288.5,0.995
826,598.5,286.5,0.995
827,600.5,288.5,0.997
828,602.5,290.5,0.998
829,604.5,292.5,0.999
830,610.5,304.5,0.994
831,612.5,314.5,0.997
832,612.5,326.5,0.992
833,614.5,342.5,0.994
834,616.5,354.5,0.996
835,616.5,348.5,0.995
836,616.5,346.5,0.997
837,616.5,354.5,0.997
838,616.5,358.5,0.996
839,616.5,368.5,0.997
840,616.5,380.5,0.997
841,614.5,394.5,0.994
842,614.5,402.5,0.995
843,614.5,400.5,0.995
844,608.5,396.5,0.995
845,604.5,404.5,0.998
846,600.5,410.5,0.995
847,596.5,420.5,0.998
848,594.5,434.5,0.998
849,590.5,448.5,0.997
850,588.5,468.5,0.996
851,584.5,490.5,0.993
852,582.5,512.5,0.996
853,580.5,540.5,0.987
854,578.5,566.5,0.975
855,576.5,598.5,0.985
856,574.5,630.5,0.983
857,572.5,660.5,0.896
859,564.5,706.5,0.993
860,556.5,694.5,0.994
861,548.5,688.5,0.998
862,546.5,682.5,0.986
864,948.5,602.5,0.592
866,268.5,370.5,0.898
872,922.5,608.5,0.973
881,386.5,358.5,0.897
882,386.5,360.5,0.553
884,386.5,360.5,0.65
885,386.5,360.5,0.508
886,386.5,360.5,0.775
887,386.5,360.5,0.606
888,386.5,360.5,0.799
890,386.5,360.5,0.669
891,386.5,360.5,0.582
892,386.5,360.5,0.579
893,386.5,360.5,0.761
894,386.5,360.5,0.701
895,386.5,360.5,0.654
896,386.5,360.5,0.663
897,386.5,360.5,0.796
898,582.5,690.5,0.768
899,160.5,342.5,0.981
903,634.5,416.5,0.946
909,618.5,406.5,0.753
914,660.5,702.5,0.986
920,724.5,682.5,0.911
962,152.5,462.5,0.749
964,156.5,248.5,0.994
965,156.5,260.5,0.81
1002,1002.5,230.5,0.995
1003,1002.5,228.5,0.99
1015,754.5,292.5,0.997
1016,716.5,276.5,0.998
1017,678.5,262.5,0.995
1018,640.5,254.5,0.997
1019,606.5,244.5,0.998
1020,568.5,242.5,0.995
1021,540.5,240.5,0.994
1022,504.5,242.5,0.993
1023,478.5,246.5,0.997
1024,454.5,250.5,0.995
1025,426.5,260.5,0.995
1026,408.5,254.5,0.896
1027,382.5,236.5,0.991
1029,1086.5,172.5,0.959
1033,366.5,174.5,0.984
1034,386.5,164.5,0.99
1035,416.5,156.5,0.994
1036,444.5,150.5,0.991
1037,466.5,148.5,0.992
1038,494.5,146.5,0.998
1039,526.5,148.5,0.996
1040,558.5,152.5,0.996
1041,584.5,158.5,0.992
1042,616.5,168.5,0.993
1043,642.5,178.5,0.997
1044,676.5,194.5,0.997
1045,708.5,210.5,0.996
1046,738.5,230.5,0.998
1047,770.5,254.5,0.999
1048,804.5,282.5,0.99
1049,832.5,306.5,0.999
1050,868.5,338.5,0.997
1051,896.5,370.5,0.99
1052,932.5,412.5,0.998
1053,964.5,450.5,0.994
1054,994.5,490.5,0.997
1055,1030.5,536.5,0.995
1056,1056.5,580.5,0.995
1057,1086.5,634.5,0.987
1058,1118.5,682.5,0.989
1059,1140.5,714.5,0.984
1077,258.5,224.5,0.816
1096,1240.5,272.5,0.842
1100,966.5,488.5,0.664
1101,928.5,428.5,0.966
1102,898.5,384.5,0.993
1103,842.5,310.5,0.996
1104,806.5,272.5,0.963
1105,766.5,236.5,0.997
1106,730.5,204.5,0.998
1107,692.5,176.5,0.998
1108,660.5,156.5,0.993
1109,626.5,140.5,0.995
1110,596.5,130.5,0.992
1111,566.5,122.5,0.992
1112,542.5,120.5,0.996
1113,516.5,122.5,0.996
1114,494.5,124.5,0.995
1115,470.5,132.5,0.995
1116,454.5,142.5,0.994
1117,438.5,154.5,0.994
1118,422.5,168.5,0.996
1119,408.5,184.5,0.997
1120,394.5,202.5,0.998
1121,382.5,220.5,0.997
1122,370.5,242.5,0.99
1123,362.5,260.5,0.995
1124,538.5,544.5,0.983
1128,308.5,206.5,0.971
1129,316.5,184.5,0.989
1130,288.5,168.5,0.991
1131,280.5,158.5,0.994
1132,272.5,148.5,0.996
1133,266.5,140.5,0.946
1134,256.5,132.5,0.97
1136,250.5,156.5,0.986
1139,254.5,198.5,0.879
1140,256.5,208.5,0.963
1163,526.5,542.5,0.929
1171,732.5,614.5,0.567
1185,300.5,246.5,0.989
1187,288.5,250.5,0.989
1188,282.5,256.5,0.99
1191,274.5,266.5,0.631
1193,266.5,272.5,0.766
1195,1246.5,618.5,0.939
1196,1164.5,138.5,0.948
1199,1098.5,172.5,0.911
1206,524.5,602.5,0.655
1226,232.5,272.5,0.874
1229,242.5,224.5,0.988
1230,240.5,218.5,0.982
1231,282.5,258.5,0.985
1232,240.5,212.5,0.937
1234,242.5,220.5,0.994
1235,240.5,228.5,0.999
1236,252.5,242.5,0.996
1237,286.5,254.5,0.989
1238,336.5,268.5,0.987
1239,386.5,292.5,0.764
1240,414.5,292.5,0.989
1241,450.5,280.5,0.993
1242,484.5,270.5,0.994
1243,524.5,268.5,0.992
1244,560.5,268.5,0.998
1245,594.5,266.5,0.995
1246,634.5,272.5,0.998
1247,674.5,280.5,0.992
1248,700.5,286.5,0.995
1249,732.5,296.5,0.847
1250,756.5,302.5,0.952
1251,800.5,332.5,0.986
1252,828.5,336.5,0.998
1253,868.5,318.5,0.996
1254,894.5,314.5,0.998
1255,926.5,308.5,0.995
1256,950.5,308.5,0.996
1258,1008.5,314.5,0.954
1259,1000.5,308.5,0.945
1260,946.5,286.5,0.997
1261,898.5,270.5,0.999
1262,840.5,258.5,0.997
1263,786.5,248.5,0.996
1264,746.5,244.5,0.998
1265,700.5,244.5,0.998
1266,654.5,242.5,0.996
1267,618.5,250.5,0.992
1268,572.5,258.5,0.996
1269,546.5,264.5,0.996
1270,508.5,278.5,0.994
1271,476.5,264.5,0.997
1272,450.5,250.5,0.996
1273,426.5,236.5,0.996
1274,402.5,226.5,0.985
1275,372.5,212.5,0.995
1276,356.5,210.5,0.99
1278,386.5,200.5,0.603
1279,368.5,196.5,0.992
1280,386.5,194.5,0.99
1281,408.5,196.5,0.982
1282,434.5,200.5,0.993
1283,454.5,206.5,0.991
1284,480.5,216.5,0.997
1285,500.5,226.5,0.996
1286,526.5,240.5,0.993
1287,550.5,256.5,0.998
1288,574.5,274.5,0.998
1289,594.5,294.5,0.995
1290,620.5,320.5,0.996
1291,644.5,352.5,0.994
1292,668.5,380.5,0.993
1293,692.5,392.5,0.996
1294,718.5,378.5,0.992
1295,738.5,372.5,0.991
1296,762.5,366.5,0.995
1297,786.5,368.5,0.997
1298,812.5,370.5,0.994
1299,836.5,382.5,0.992
1300,802.5,364.5,0.988
1301,746.5,338.5,0.991
1302,862.5,376.5,0.992
1303,262.5,384.5,0.989
1304,560.5,276.5,0.994
1305,516.5,272.5,0.866
1306,488.5,266.5,0.996
1307,452.5,264.5,0.997
1308,426.5,266.5,0.992
1309,396.5,268.5,0.991
1310,376.5,272.5,0.997
1311,356.5,278.5,0.998
1312,338.5,284.5,0.995
1313,314.5,260.5,0.991
1314,296.5,240.5,0.996
1315,282.5,224.5,0.992
1316,270.5,208.5,0.707
1319,290.5,180.5,0.993
1320,314.5,180.5,0.985
1321,334.5,174.5,0.991
1322,362.5,174.5,0.993
1323,386.5,174.5,0.996
1324,416.5,178.5,0.997
1325,442.5,184.5,0.997
1326,468.5,190.5,0.995
1327,498.5,204.5,0.998
1328,526.5,214.5,0.996
1329,558.5,232.5,0.998
1330,586.5,250.5,0.992
1331,620.5,274.5,0.998
1332,654.5,302.5,0.979
1333,680.5,328.5,0.955
1334,712.5,356.5,0.989
1336,770.5,432.5,0.995
1337,800.5,420.5,0.995
1338,830.5,410.5,0.996
1339,862.5,402.5,0.998
1340,898.5,396.5,0.998
1341,926.5,396.5,0.998
1342,962.5,400.5,0.991
1343,890.5,370.5,0.986
1344,754.5,332.5,0.988
1345,750.5,324.5,0.995
1346,668.5,304.5,0.73
1348,498.5,266.5,0.989
1349,478.5,264.5,0.997
1350,430.5,260.5,0.995
1351,396.5,260.5,0.993
1352,370.5,260.5,0.996
1353,334.5,260.5,0.988
1354,320.5,262.5,0.993
1356,282.5,276.5,0.962
1357,268.5,280.5,0.992
1359,244.5,300.5,0.994
1360,240.5,308.5,0.996
1363,264.5,162.5,0.754
1364,214.5,302.5,0.969
1367,230.5,298.5,0.981
1368,238.5,300.5,0.942
1369,246.5,304.5,0.998
1370,252.5,308.5,0.996
1371,1160.5,466.5,0.987
1372,294.5,184.5,0.989
1373,294.5,190.5,0.99
1374,294.5,202.5,0.995
1375,290.5,210.5,0.988
1377,274.5,226.5,0.982
1378,268.5,236.5,0.968
1379,296.5,322.5,0.987
1392,250.5,144.5,0.981
1396,1108.5,376.5,0.526
1402,300.5,144.5,0.927
1403,306.5,150.5,0.97
1405,318.5,154.5,0.985
1406,324.5,156.5,0.969
1407,330.5,160.5,0.578
1408,332.5,168.5,0.969
1419,366.5,194.5,0.939
1421,366.5,184.5,0.99
1423,1142.5,344.5,0.985
1425,370.5,156.5,0.629
1431,362.5,122.5,0.867
1439,376.5,258.5,0.565
1449,404.5,224.5,0.976
1451,410.5,232.5,0.537
1515,1100.5,538.5,0.566
1598,408.5,194.5,0.944
1599,412.5,182.5,0.991
1600,414.5,170.5,0.997
1601,418.5,160.5,0.993
1602,418.5,146.5,0.986
1603,418.5,138.5,0.992
1604,418.5,128.5,0.994
1605,414.5,118.5,0.995
1606,412.5,112.5,0.988
1628,390.5,144.5,0.933
1629,388.5,152.5,0.987
1630,384.5,162.5,0.993
1631,382.5,170.5,0.876
1637,1164.5,234.5,0.935
1638,1164.5,234.5,0.943
1639,1164.5,234.5,0.987
1643,366.5,166.5,0.648
1646,356.5,166.5,0.9
1651,352.5,182.5,0.555
1655,358.5,186.5,0.98
1656,360.5,186.5,0.98
1657,364.5,186.5,0.627
1658,366.5,184.5,0.712
1659,366.5,184.5,0.985
1675,262.5,240.5,0.579
1685,300.5,234.5,0.744
1689,282.5,238.5,0.966
1691,276.5,240.5,0.99
1692,274.5,246.5,0.688
1693,268.5,252.5,0.989
1697,262.5,274.5,0.735
1729,250.5,274.5,0.988
1733,236.5,226.5,0.964
1734,236.5,218.5,0.997
1735,234.5,212.5,0.994
1736,230.5,206.5,0.994
1737,228.5,204.5,0.992
1738,230.5,202.5,0.994
1739,230.5,206.5,0.998
1740,228.5,212.5,0.997
1741,228.5,218.5,0.998
1742,230.5,226.5,0.986
1743,236.5,240.5,0.923
1744,266.5,252.5,0.992
1745,290.5,256.5,0.985
1746,306.5,242.5,0.993
1747,322.5,236.5,0.985
1748,332.5,226.5,0.978
1749,456.5,284.5,0.986
1750,490.5,276.5,0.987
1751,492.5,268.5,0.98
1752,558.5,274.5,0.998
1753,588.5,276.5,0.998
1754,622.5,284.5,0.997
1755,654.5,292.5,0.994
1756,686.5,300.5,0.996
1757,716.5,318.5,0.997
1758,748.5,330.5,0.994
1759,778.5,350.5,0.998
1760,804.5,342.5,0.996
1761,836.5,328.5,0.998
1762,874.5,322.5,0.999
1763,894.5,324.5,0.999
1764,916.5,324.5,0.993
1765,950.5,328.5,0.995
1766,964.5,328.5,0.995
1767,900.5,298.5,0.995
1768,854.5,276.5,0.993
1769,808.5,260.5,0.997
1770,764.5,248.5,0.997
1771,720.5,238.5,0.998
1772,682.5,232.5,0.997
1773,642.5,228.5,0.997
1774,608.5,228.5,0.998
1775,576.5,230.5,0.993
1776,546.5,234.5,0.991
1777,524.5,240.5,0.993
1778,498.5,244.5,0.996
1779,470.5,246.5,0.996
1780,448.5,232.5,0.996
1781,428.5,216.5,0.989
1782,404.5,204.5,0.988
1783,398.5,196.5,0.996
1784,416.5,186.5,0.993
1785,444.5,180.5,0.993
1786,466.5,174.5,0.997
1787,494.5,172.5,0.996
1788,518.5,172.5,0.992
1789,546.5,174.5,0.997
1790,572.5,178.5,0.991
1791,596.5,184.5,0.992
1792,628.5,194.5,0.996
1793,646.5,202.5,0.996
1794,680.5,216.5,0.995
1795,710.5,234.5,0.996
1796,738.5,254.5,0.998
1797,768.5,274.5,0.998
1798,796.5,296.5,0.997
1799,824.5,320.5,0.99
1800,844.5,340.5,0.995
1801,878.5,382.5,0.993
1802,912.5,372.5,0.993
1803,946.5,362.5,0.997
1804,978.5,354.5,0.992
1805,1010.5,348.5,0.988
1806,1042.5,346.5,0.99
1807,1074.5,346.5,0.996
1808,1106.5,348.5,0.991
1809,1072.5,326.5,0.995
1810,1000.5,302.5,0.874
1811,900.5,268.5,0.988
1812,844.5,254.5,0.998
1813,784.5,242.5,0.998
1814,732.5,232.5,0.995
1815,686.5,228.5,0.999
1816,628.5,224.5,0.999
1817,588.5,224.5,0.999
1818,544.5,226.5,0.998
1819,508.5,228.5,0.997
1820,476.5,236.5,0.991
1821,440.5,244.5,0.995
1822,418.5,250.5,0.567
1823,386.5,260.5,0.994
1824,352.5,230.5,0.991
1825,326.5,218.5,0.947
1826,316.5,204.5,0.997
1827,336.5,202.5,0.736
1828,364.5,192.5,0.997
1829,388.5,188.5,0.994
1830,418.5,186.5,0.998
1831,446.5,186.5,0.998
1832,480.5,188.5,0.997
1833,508.5,192.5,0.997
1834,544.5,200.5,0.995
1835,576.5,210.5,0.997
1836,610.5,224.5,0.998
1837,642.5,236.5,0.996
1838,682.5,258.5,0.997
1839,718.5,278.5,0.997
1840,750.5,300.5,0.995
1841,794.5,328.5,0.987
1842,826.5,356.5,0.997
1843,858.5,384.5,0.995
1844,898.5,426.5,0.995
1845,924.5,448.5,0.998
1846,974.5,498.5,0.993
1847,1004.5,536.5,0.997
1848,1036.5,572.5,0.998
1849,1070.5,616.5,0.995
1850,1104.5,664.5,0.988
1851,1134.5,694.5,0.988
1852,1162.5,686.5,0.997
1853,1184.5,678.5,0.991
1880,1224.5,714.5,0.729
1882,1216.5,712.5,0.993
1883,1208.5,714.5,0.968
1884,1206.5,712.5,0.539
1885,1204.5,712.5,0.988
1886,1200.5,710.5,0.908
1915,300.5,162.5,0.96
1916,300.5,152.5,0.99
1917,290.5,142.5,0.966
1918,284.5,128.5,0.994
1919,274.5,116.5,0.989
1920,268.5,110.5,0.993
1921,262.5,104.5,0.945
1942,658.5,448.5,0.947
1943,632.5,468.5,0.982
1944,610.5,488.5,0.977
1945,586.5,508.5,0.973
1946,566.5,518.5,0.983
1947,552.5,532.5,0.993
1948,534.5,544.5,0.989
1973,356.5,202.5,0.893
1980,844.5,650.5,0.721
1982,522.5,532.5,0.994
1983,542.5,524.5,0.844
1985,588.5,530.5,0.993
1988,84.5,572.5,0.577
1989,236.5,114.5,0.839
1990,238.5,118.5,0.961
1993,268.5,156.5,0.988
1994,270.5,172.5,0.992
1995,278.5,192.5,0.986
1998,84.5,572.5,0.52
2001,866.5,594.5,0.563
2003,760.5,338.5,0.736
2025,300.5,218.5,0.681
2050,824.5,310.5,0.997
2051,786.5,292.5,0.998
2052,746.5,276.5,0.999
2053,708.5,262.5,0.996
2054,676.5,256.5,0.998
2055,638.5,248.5,0.997
2056,616.5,246.5,0.988
2057,580.5,246.5,0.983
2058,558.5,250.5,0.995
2059,536.5,252.5,0.999
2060,508.5,246.5,0.99
2061,484.5,228.5,0.994
2062,470.5,220.5,0.995
2063,456.5,212.5,0.988
2064,436.5,204.5,0.992
2065,416.5,200.5,0.993
2066,410.5,202.5,0.994
2067,434.5,196.5,0.997
2068,458.5,192.5,0.992
2069,484.5,190.5,0.993
2070,514.5,190.5,0.996
2071,540.5,194.5,0.995
2072,568.5,198.5,0.989
2073,594.5,206.5,0.994
2074,624.5,214.5,0.996
2075,644.5,224.5,0.998
2076,676.5,242.5,0.996
2077,706.5,258.5,0.998
2078,732.5,276.5,0.997
2079,754.5,290.5,0.997
2080,784.5,326.5,0.997
2081,812.5,330.5,0.997
2082,848.5,316.5,0.999
2083,866.5,314.5,0.997
2084,894.5,312.5,0.998
2085,922.5,312.5,0.965
2086,908.5,302.5,0.986
2087,862.5,288.5,0.996
2088,818.5,274.5,0.997
2089,764.5,262.5,0.996
2090,720.5,258.5,0.998
2091,684.5,254.5,0.998
2092,638.5,254.5,0.998
2093,598.5,254.5,0.995
2094,558.5,258.5,0.997
2095,532.5,260.5,0.997
2096,490.5,270.5,0.995
2097,458.5,282.5,0.995
2098,434.5,292.5,0.993
2099,226.5,238.5,0.986
2100,374.5,274.5,0.995
2101,350.5,264.5,0.847
2102,326.5,250.5,0.984
2103,304.5,242.5,0.991
2106,304.5,226.5,0.978
2107,334.5,226.5,0.99
2108,366.5,228.5,0.993
2109,410.5,230.5,0.986
2110,444.5,238.5,0.992
2111,480.5,244.5,0.99
2112,528.5,258.5,0.992
2113,558.5,268.5,0.995
2114,602.5,288.5,0.993
2115,650.5,310.5,0.994
2116,698.5,332.5,0.994
2117,734.5,358.5,0.993
2118,776.5,388.5,0.873
2119,824.5,422.5,0.981
2120,884.5,448.5,0.996
2121,922.5,444.5,0.995
2122,970.5,442.5,0.997
2123,1016.5,446.5,0.998
2124,966.5,416.5,0.835
2125,932.5,410.5,0.992
2126,814.5,374.5,0.992
2127,740.5,360.5,0.99
2128,692.5,350.5,0.934
2129,330.5,228.5,0.993
2130,322.5,232.5,0.997
2131,312.5,234.5,0.988
2132,504.5,338.5,0.997
2133,522.5,346.5,0.993
2134,540.5,356.5,0.988
2135,554.5,370.5,0.985
2136,570.5,366.5,0.987
2137,586.5,366.5,0.996
2138,596.5,370.5,0.991
2139,614.5,372.5,0.994
2140,628.5,380.5,0.997
2141,644.5,392.5,0.998
2142,658.5,402.5,0.997
2143,672.5,394.5,0.996
2144,686.5,394.5,0.997
2145,698.5,400.5,0.998
2146,708.5,404.5,0.996
2147,722.5,412.5,0.997
2148,736.5,424.5,0.997
2149,748.5,420.5,0.995
2150,760.5,420.5,0.993
2151,772.5,422.5,0.992
2152,786.5,426.5,0.996
2153,800.5,434.5,0.996
2154,812.5,444.5,0.997
2155,826.5,444.5,0.996
2156,838.5,442.5,0.997
2157,852.5,446.5,0.997
2158,870.5,454.5,0.997
2159,882.5,460.5,0.998
2160,890.5,468.5,0.995
2161,904.5,484.5,0.995
2162,916.5,502.5,0.998
2164,928.5,534.5,0.992
2165,930.5,524.5,0.988
2178,1088.5,568.5,0.678
2182,1082.5,562.5,0.863
2190,88.5,356.5,0.923
2192,994.5,390.5,0.577
2199,938.5,354.5,0.992
2200,924.5,340.5,0.748
2203,936.5,298.5,0.832
2205,940.5,282.5,0.877
2223,32.5,290.5,0.972
2227,194.5,448.5,0.991
2228,196.5,456.5,0.981
2229,202.5,464.5,0.947
2238,248.5,158.5,0.811
2240,286.5,524.5,0.682
2243,294.5,220.5,0.953
2247,176.5,442.5,0.723
2255,324.5,516.5,0.957
2256,340.5,516.5,0.952
2261,458.5,554.5,0.591
2262,406.5,234.5,0.994
2269,996.5,222.5,0.987
2270,992.5,216.5,0.99
2271,990.5,216.5,0.978
2272,408.5,572.5,0.99
2292,660.5,712.5,0.979
2293,574.5,590.5,0.93
2295,538.5,266.5,0.604
2296,594.5,624.5,0.96
2297,400.5,632.5,0.55
2299,1132.5,448.5,0.986
2300,1098.5,454.5,0.984
2301,554.5,656.5,0.996
2302,560.5,672.5,0.991
2304,620.5,348.5,0.858
2305,624.5,362.5,0.904
2306,760.5,588.5,0.907
2307,630.5,380.5,0.991
2308,632.5,396.5,0.987
2309,404.5,640.5,0.791
2311,616.5,388.5,0.744
2313,1036.5,418.5,0.844
2314,636.5,478.5,0.968
2315,640.5,492.5,0.992
2316,648.5,510.5,0.984
2317,654.5,524.5,0.991
2318,1042.5,450.5,0.99
2360,90.5,450.5,0.507
2434,384.5,222.5,0.652
2436,372.5,232.5,0.87
2456,224.5,234.5,0.987
2464,1008.5,686.5,0.616
2506,796.5,302.5,0.997
2507,760.5,288.5,0.999
2508,718.5,272.5,0.999
2509,676.5,260.5,0.997
2510,634.5,250.5,0.997
2511,594.5,244.5,0.996
2512,560.5,242.5,0.997
2513,528.5,244.5,0.991
2514,500.5,244.5,0.995
2515,474.5,252.5,0.994
2516,446.5,260.5,0.995
2517,426.5,262.5,0.991
2518,398.5,246.5,0.995
2519,372.5,228.5,0.972
2520,358.5,220.5,0.99
2521,344.5,210.5,0.953
2522,348.5,202.5,0.943
2523,366.5,190.5,0.995
2524,388.5,182.5,0.992
2525,412.5,178.5,0.995
2526,434.5,174.5,0.995
2527,454.5,172.5,0.997
2528,478.5,174.5,0.997
2529,498.5,178.5,0.997
2530,528.5,184.5,0.997
2531,548.5,192.5,0.994
2532,572.5,202.5,0.993
2533,594.5,214.5,0.994
2534,618.5,228.5,0.996
2535,640.5,244.5,0.997
2536,674.5,270.5,0.992
2537,686.5,282.5,0.996
2538,704.5,304.5,0.996
2539,724.5,326.5,0.995
2540,746.5,304.5,0.996
2541,772.5,292.5,0.994
2542,788.5,284.5,0.995
2543,808.5,276.5,0.995
2544,828.5,272.5,0.996
2545,846.5,270.5,0.998
2546,840.5,258.5,0.995
2547,798.5,238.5,0.998
2548,756.5,220.5,0.999
2549,716.5,204.5,0.998
2550,680.5,192.5,0.996
2551,640.5,180.5,0.997
2552,608.5,176.5,0.997
2553,576.5,172.5,0.995
2554,542.5,172.5,0.994
2555,516.5,174.5,0.992
2556,492.5,176.5,0.996
2557,470.5,180.5,0.996
2558,448.5,188.5,0.997
2559,296.5,218.5,0.99
2560,406.5,206.5,0.993
2561,390.5,216.5,0.995
2562,370.5,228.5,0.987
2563,356.5,244.5,0.993
2585,332.5,332.5,0.99
2592,346.5,326.5,0.996
2594,354.5,338.5,0.656
2609,224.5,330.5,0.762
2613,1104.5,362.5,0.878
2634,1122.5,360.5,0.917
2650,904.5,124.5,0.956
2651,1146.5,208.5,0.933
2653,904.5,124.5,0.666
2657,954.5,316.5,0.529
2674,904.5,124.5,0.886
2701,292.5,248.5,0.991
2702,284.5,254.5,0.738
2703,278.5,258.5,0.987
2704,274.5,262.5,0.515
2706,264.5,272.5,0.995
2707,260.5,274.5,0.993
2729,244.5,228.5,0.987
2730,238.5,220.5,0.985
2731,234.5,212.5,0.996
2732,236.5,208.5,0.995
2733,232.5,206.5,0.998
2734,234.5,208.5,0.99
2735,232.5,212.5,0.994
2736,228.5,216.5,0.995
2737,230.5,228.5,0.997
2738,244.5,240.5,0.994
2739,290.5,254.5,0.99
2740,308.5,248.5,0.988
2741,320.5,242.5,0.981
2742,330.5,222.5,0.995
2743,460.5,276.5,0.994
2744,490.5,270.5,0.998
2745,538.5,264.5,0.996
2746,570.5,266.5,0.997
2747,600.5,266.5,0.99
2748,638.5,274.5,0.997
2749,682.5,282.5,0.996
2750,716.5,292.5,0.989
2751,748.5,302.5,0.947
2752,766.5,356.5,0.989
2753,820.5,342.5,0.997
2754,850.5,356.5,0.997
2755,890.5,338.5,0.998
2756,922.5,332.5,0.995
2757,956.5,328.5,0.99
2758,978.5,324.5,0.992
2759,1016.5,328.5,0.991
2760,1048.5,330.5,0.995
2763,1012.5,302.5,0.994
2764,944.5,274.5,0.996
2765,900.5,260.5,0.998
2766,848.5,246.5,0.999
2767,796.5,236.5,0.997
2768,752.5,230.5,0.997
2769,710.5,228.5,0.996
2770,672.5,228.5,0.994
2771,630.5,236.5,0.993
2772,600.5,242.5,0.994
2773,572.5,248.5,0.993
2774,542.5,258.5,0.997
2775,508.5,276.5,0.97
2776,482.5,264.5,0.996
2777,454.5,242.5,0.997
2778,436.5,228.5,0.994
2779,1094.5,164.5,0.591
2780,388.5,202.5,0.992
2781,364.5,194.5,0.988
2782,352.5,190.5,0.991
2783,332.5,186.5,0.994
2785,344.5,176.5,0.776
2786,364.5,166.5,0.605
2787,386.5,162.5,0.997
2789,434.5,160.5,0.995
2790,450.5,162.5,0.996
2791,476.5,168.5,0.989
2792,498.5,176.5,0.998
2793,524.5,186.5,0.994
2794,550.5,200.5,0.995
2795,574.5,216.5,0.996
2796,602.5,236.5,0.992
2797,624.5,256.5,0.995
2798,644.5,272.5,0.991
2799,678.5,304.5,0.996
2800,704.5,336.5,0.998
2801,728.5,368.5,0.994
2802,754.5,396.5,0.993
2803,782.5,382.5,0.994
2804,780.5,382.5,0.991
2805,802.5,368.5,0.998
2806,828.5,360.5,0.998
2807,852.5,352.5,0.998
2808,880.5,348.5,0.997
2809,904.5,348.5,0.994
2810,932.5,352.5,0.992
2811,862.5,324.5,0.842
2812,802.5,300.5,0.996
2813,738.5,280.5,0.998
2814,688.5,266.5,0.998
2815,628.5,254.5,0.997
2816,586.5,244.5,0.997
2817,544.5,240.5,0.998
2818,514.5,238.5,0.996
2819,478.5,238.5,0.996
2820,450.5,244.5,0.991
2821,428.5,246.5,0.997
2822,410.5,254.5,0.992
2823,390.5,258.5,0.989
2824,374.5,234.5,0.985
2825,356.5,212.5,0.983
2826,340.5,196.5,0.992
2827,330.5,178.5,0.989
2830,330.5,330.5,0.996
2831,406.5,152.5,0.889
2832,434.5,150.5,0.981
2833,464.5,152.5,0.989
2834,494.5,154.5,0.998
2835,528.5,158.5,0.998
2836,558.5,166.5,0.995
2837,588.5,176.5,0.996
2838,620.5,188.5,0.995
2839,642.5,196.5,0.997
2840,678.5,216.5,0.997
2841,710.5,236.5,0.996
2842,740.5,258.5,0.998
2843,766.5,276.5,0.998
2844,792.5,298.5,0.995
2845,830.5,308.5,0.999
2846,846.5,298.5,0.996
2847,882.5,284.5,0.998
2848,908.5,276.5,0.998
2849,936.5,270.5,0.998
2850,958.5,266.5,0.994
2851,996.5,266.5,0.999
2852,1026.5,270.5,0.996
2853,1044.5,274.5,0.989
2854,1074.5,284.5,0.994
2855,1096.5,292.5,0.996
2856,1122.5,308.5,0.995
2857,1146.5,328.5,0.995
2858,1112.5,312.5,0.985
2859,1056.5,288.5,0.995
2860,1000.5,270.5,0.995
2861,944.5,254.5,0.998
2862,898.5,244.5,0.999
2863,852.5,240.5,0.999
2864,802.5,236.5,0.999
2865,762.5,238.5,0.999
2866,722.5,240.5,0.996
2867,686.5,244.5,0.997
2868,646.5,258.5,0.995
2869,612.5,262.5,0.985
2870,586.5,264.5,0.994
2871,562.5,268.5,0.998
2872,538.5,278.5,0.988
2873,506.5,268.5,0.993
2874,484.5,258.5,0.998
2875,458.5,244.5,0.997
2876,432.5,240.5,0.991
2878,388.5,232.5,0.989
2881,394.5,216.5,0.99
2882,412.5,210.5,0.997
2883,448.5,196.5,0.927
2884,468.5,192.5,0.996
2885,496.5,186.5,0.998
2886,526.5,182.5,0.994
2887,554.5,180.5,0.992
2888,580.5,182.5,0.989
2889,612.5,186.5,0.994
2890,642.5,188.5,0.996
2891,674.5,196.5,0.995
2892,704.5,206.5,0.997
2893,732.5,218.5,0.996
2894,762.5,232.5,0.997
2895,786.5,244.5,0.997
2896,820.5,266.5,0.997
2897,848.5,286.5,0.998
2898,874.5,310.5,0.998
2899,896.5,324.5,0.997
2900,928.5,362.5,0.992
2901,970.5,350.5,0.993
2902,988.5,340.5,0.995
2903,1008.5,332.5,0.994
2904,1036.5,324.5,0.993
2905,1060.5,314.5,0.945
2906,1094.5,308.5,0.91
2907,1114.5,308.5,0.987
2908,1144.5,312.5,0.996
2909,1158.5,316.5,0.993
2910,1190.5,324.5,0.994
2911,1202.5,332.5,0.989
2912,1126.5,310.5,0.964
2913,1036.5,288.5,0.925
2914,942.5,270.5,0.995
2915,900.5,262.5,0.972
2916,830.5,260.5,0.994
2917,764.5,258.5,0.996
2918,706.5,260.5,0.997
2919,640.5,270.5,0.994
2920,610.5,274.5,0.998
2921,586.5,272.5,0.998
2922,578.5,270.5,0.998
2923,568.5,266.5,0.998
2924,556.5,268.5,0.997
2925,548.5,274.5,0.998
2926,540.5,278.5,0.998
2927,530.5,286.5,0.997
2928,524.5,296.5,0.997
2929,514.5,290.5,0.998
2930,504.5,284.5,0.998
2931,494.5,274.5,0.997
2932,486.5,270.5,0.999
2933,476.5,268.5,0.997
2934,466.5,270.5,0.998
2935,458.5,272.5,0.998
2936,450.5,278.5,0.998
2937,442.5,284.5,0.996
2938,436.5,294.5,0.996
2939,426.5,288.5,0.995
2940,392.5,242.5,0.989
2941,410.5,278.5,0.964
2944,382.5,272.5,0.982
2945,374.5,276.5,0.995
2946,366.5,282.5,0.993
2947,362.5,292.5,0.995
2948,308.5,268.5,0.821
2952,332.5,256.5,0.944
2955,300.5,280.5,0.799
2956,294.5,290.5,0.87
2961,298.5,284.5,0.995
2962,302.5,276.5,0.998
2963,306.5,270.5,0.995
2964,314.5,264.5,0.995
2965,322.5,260.5,0.99
2966,330.5,260.5,0.994
2967,338.5,262.5,0.994
2968,344.5,268.5,0.982
2969,860.5,402.5,0.937
2970,354.5,264.5,0.529
2971,356.5,262.5,0.943
2972,360.5,254.5,0.994
2974,366.5,254.5,0.989
2975,372.5,256.5,0.994
2976,376.5,260.5,0.996
2977,380.5,258.5,0.997
2978,384.5,250.5,0.992
2979,388.5,244.5,0.989
2980,388.5,244.5,0.994
2981,840.5,684.5,0.556
2982,382.5,240.5,0.59
2983,376.5,230.5,0.941
2986,356.5,216.5,0.992
2989,344.5,218.5,0.857
2990,344.5,224.5,0.886
3001,620.5,564.5,0.69
3002,602.5,560.5,0.986
3003,586.5,556.5,0.863
3006,260.5,384.5,0.979
3007,246.5,388.5,0.991
3008,226.5,390.5,0.982
3014,788.5,714.5,0.888
3015,290.5,242.5,0.645
3016,788.5,712.5,0.988
3017,274.5,252.5,0.801
3021,226.5,264.5,0.592
3034,480.5,582.5,0.987
3039,210.5,258.5,0.533
3046,260.5,226.5,0.715
3047,806.5,686.5,0.662
3048,264.5,226.5,0.869
3054,188.5,74.5,0.715
3057,650.5,568.5,0.84
3058,666.5,574.5,0.94
3060,270.5,398.5,0.782
3065,300.5,270.5,0.618
3066,844.5,640.5,0.903
3068,674.5,290.5,0.888
3079,990.5,644.5,0.946
3091,298.5,240.5,0.987
3093,230.5,242.5,0.991
3094,206.5,216.5,0.983
3095,268.5,258.5,0.964
3097,262.5,270.5,0.975
3123,298.5,272.5,0.624
3125,250.5,260.5,0.856
3126,250.5,246.5,0.979
3127,196.5,252.5,0.987
3128,240.5,224.5,0.992
3129,234.5,216.5,0.993
3130,232.5,208.5,0.989
3131,230.5,206.5,0.98
3132,232.5,202.5,0.566
3135,228.5,218.5,0.993
3136,230.5,230.5,0.996
3137,244.5,240.5,0.986
3138,274.5,250.5,0.73
3140,324.5,244.5,0.897
3141,336.5,228.5,0.987
3142,418.5,292.5,0.916
3143,450.5,288.5,0.997
3144,484.5,286.5,0.991
3145,506.5,290.5,0.991
3146,548.5,298.5,0.99
3147,576.5,306.5,0.995
3148,620.5,320.5,0.993
3149,652.5,334.5,0.994
3150,682.5,350.5,0.994
3151,718.5,376.5,0.992
3152,756.5,406.5,0.993
3153,784.5,414.5,0.993
3154,818.5,402.5,0.993
3155,852.5,396.5,0.995
3156,894.5,394.5,0.987
3157,914.5,396.5,0.993
3158,944.5,398.5,0.994
3159,880.5,360.5,0.991
3160,826.5,338.5,0.997
3161,792.5,324.5,0.981
3162,734.5,304.5,0.995
3163,688.5,290.5,0.998
3164,642.5,282.5,0.986
3165,616.5,282.5,0.996
3166,580.5,274.5,0.978
3167,550.5,284.5,0.996
3168,514.5,286.5,0.992
3169,498.5,292.5,0.994
3170,480.5,298.5,0.656
3171,458.5,284.5,0.995
3172,440.5,266.5,0.997
3173,424.5,250.5,0.995
3174,406.5,236.5,0.992
3175,392.5,226.5,0.995
3176,380.5,218.5,0.993
3177,362.5,214.5,0.873
3178,354.5,212.5,0.997
3179,370.5,208.5,0.994
3180,388.5,200.5,0.99
3181,410.5,196.5,0.992
3182,436.5,192.5,0.995
3183,462.5,192.5,0.997
3184,482.5,194.5,0.994
3185,518.5,202.5,0.994
3186,546.5,210.5,0.996
3187,572.5,222.5,0.991
3188,598.5,234.5,0.994
3189,624.5,248.5,0.995
3190,650.5,266.5,0.994
3191,682.5,286.5,0.997
3192,706.5,308.5,0.995
3193,740.5,344.5,0.993
3194,770.5,374.5,0.989
3195,800.5,406.5,0.992
3196,828.5,398.5,0.997
3197,856.5,386.5,0.994
3198,886.5,380.5,0.995
3199,910.5,376.5,0.991
3200,946.5,376.5,0.993
3201,978.5,380.5,0.991
3202,1010.5,384.5,0.997
3203,1036.5,392.5,0.992
3204,980.5,370.5,0.988
3205,896.5,340.5,0.992
3206,824.5,322.5,0.985
3207,104.5,486.5,0.984
3208,102.5,490.5,0.615
3209,618.5,276.5,0.997
3210,564.5,274.5,0.992
3211,538.5,268.5,0.986
3212,492.5,268.5,0.998
3213,460.5,272.5,0.997
3214,430.5,276.5,0.996
3215,410.5,280.5,0.989
3216,380.5,256.5,0.997
3217,358.5,238.5,0.993
3218,332.5,220.5,0.991
3219,324.5,210.5,0.988
3220,342.5,206.5,0.995
3221,382.5,198.5,0.996
3222,414.5,196.5,0.997
3223,444.5,196.5,0.994
3224,476.5,196.5,0.989
3225,512.5,200.5,0.996
3226,542.5,206.5,0.998
3227,574.5,212.5,0.997
3228,608.5,224.5,0.998
3229,640.5,234.5,0.997
3230,678.5,252.5,0.996
3231,710.5,266.5,0.995
3232,746.5,286.5,0.997
3233,750.5,340.5,0.989
3234,806.5,330.5,0.995
3235,838.5,348.5,0.997
3236,886.5,324.5,0.996
3237,908.5,320.5,1.0
3238,946.5,310.5,0.939
3239,942.5,314.5,0.983
3240,974.5,310.5,0.992
3241,1004.5,308.5,0.997
3242,1038.5,310.5,0.987
3243,1068.5,316.5,0.963
3244,1094.5,324.5,0.991
3246,1010.5,292.5,0.976
3247,894.5,264.5,0.996
3248,832.5,254.5,0.998
3249,770.5,244.5,0.994
3250,708.5,244.5,0.997
3251,654.5,242.5,0.991
3252,606.5,248.5,0.988
3253,562.5,254.5,0.991
3254,528.5,260.5,0.992
3255,482.5,266.5,0.993
3256,450.5,244.5,0.998
3257,418.5,226.5,0.996
3258,388.5,208.5,0.997
3259,362.5,198.5,0.989
3261,328.5,180.5,0.996
3262,338.5,168.5,0.994
3263,354.5,160.5,0.997
3264,366.5,154.5,0.997
3265,380.5,152.5,0.996
3266,392.5,150.5,0.994
3267,406.5,152.5,0.997
3268,422.5,156.5,0.998
3269,436.5,164.5,0.998
3270,450.5,174.5,0.998
3271,468.5,188.5,0.998
3272,486.5,206.5,0.996
3273,500.5,224.5,0.998
3274,522.5,248.5,0.988
3275,538.5,268.5,0.994
3276,554.5,298.5,0.995
3277,568.5,334.5,0.836
3279,618.5,424.5,0.985
3280,630.5,456.5,0.554
3281,646.5,496.5,0.748
3282,664.5,532.5,0.738
3283,248.5,192.5,0.683
3284,704.5,644.5,0.984
3289,1024.5,688.5,0.972
3314,806.5,688.5,0.951
3315,782.5,680.5,0.984
3316,762.5,656.5,0.926
3317,724.5,644.5,0.955
3318,698.5,628.5,0.87
3319,666.5,616.5,0.899
3320,640.5,606.5,0.749
3328,500.5,578.5,0.992
3344,244.5,386.5,0.92
3357,698.5,714.5,0.793
3359,840.5,378.5,0.769
3364,504.5,554.5,0.974
3371,638.5,282.5,0.691
3372,656.5,280.5,0.837
3380,88.5,534.5,0.555
3383,738.5,686.5,0.983
3391,864.5,258.5,0.973
3400,1100.5,478.5,0.971
3401,1074.5,476.5,0.595
3407,1042.5,448.5,0.989
3411,980.5,430.5,0.782
3437,682.5,284.5,0.922
3440,1018.5,246.5,0.994
3441,1014.5,244.5,0.985
3442,1018.5,248.5,0.996
3444,1020.5,258.5,0.988
3452,796.5,304.5,0.996
3453,764.5,288.5,0.997
3454,728.5,270.5,0.998
3455,692.5,256.5,0.998
3456,652.5,242.5,0.997
3457,626.5,236.5,0.995
3458,594.5,230.5,0.993
3459,562.5,228.5,0.991
3460,542.5,228.5,0.993
3461,514.5,230.5,0.985
3462,490.5,236.5,0.994
3463,470.5,242.5,0.996
3464,450.5,242.5,0.995
3465,430.5,222.5,0.991
3467,400.5,200.5,0.989
3468,416.5,196.5,0.989
3469,442.5,196.5,0.992
3470,470.5,196.5,0.988
3471,494.5,196.5,0.99
3472,526.5,204.5,0.992
3473,548.5,210.5,0.995
3474,578.5,220.5,0.996
3475,602.5,230.5,0.995
3476,630.5,244.5,0.997
3477,652.5,256.5,0.997
3478,682.5,276.5,0.996
3479,704.5,292.5,0.913
3480,738.5,322.5,0.996
3481,764.5,334.5,0.997
3482,794.5,322.5,0.996
3483,824.5,318.5,0.996
3484,852.5,316.5,0.995
3485,880.5,318.5,0.998
3486,902.5,320.5,0.997
3487,928.5,322.5,0.917
3488,866.5,304.5,0.998
3489,804.5,284.5,0.994
3490,746.5,268.5,0.997
3491,702.5,260.5,0.998
3492,650.5,256.5,0.996
3493,606.5,252.5,0.996
3494,574.5,252.5,0.994
3495,530.5,252.5,0.995
3496,492.5,260.5,0.997
3497,454.5,266.5,0.997
3498,426.5,274.5,0.993
3499,394.5,282.5,0.993
3500,374.5,272.5,0.987
3501,340.5,252.5,0.974
3502,316.5,238.5,0.99
3505,260.5,386.5,0.983
3506,336.5,214.5,0.986
3507,358.5,214.5,0.979
3508,398.5,218.5,0.997
3509,434.5,226.5,0.998
3510,462.5,230.5,0.996
3511,506.5,246.5,0.992
3512,540.5,256.5,0.995
3513,570.5,268.5,0.994
3514,612.5,294.5,0.973
3515,650.5,314.5,0.997
3516,686.5,338.5,0.995
3517,720.5,368.5,0.994
3518,762.5,386.5,0.987
3519,800.5,372.5,0.998
3520,832.5,368.5,0.999
3521,866.5,366.5,0.997
3522,904.5,366.5,0.993
3523,350.5,220.5,0.989
3524,884.5,338.5,0.986
3525,810.5,304.5,0.998
3526,756.5,286.5,0.999
3527,704.5,266.5,0.995
3528,672.5,256.5,0.997
3529,618.5,244.5,0.998
3530,578.5,238.5,0.998
3531,542.5,232.5,0.997
3532,510.5,232.5,0.987
3533,480.5,234.5,0.996
3534,454.5,236.5,0.995
3535,434.5,244.5,0.995
3536,416.5,250.5,0.65
3537,394.5,260.5,0.988
3538,384.5,248.5,0.994
3540,348.5,210.5,0.913
3541,338.5,194.5,0.993
3542,322.5,180.5,0.989
3547,346.5,340.5,0.991
3548,356.5,90.5,0.991
3549,374.5,76.5,0.97
3550,352.5,178.5,0.993
3551,360.5,178.5,0.99
3553,432.5,42.5,0.969
3554,446.5,42.5,0.786
3555,462.5,40.5,0.987
3556,478.5,44.5,0.977
3557,498.5,50.5,0.973
3558,516.5,56.5,0.988
3559,534.5,68.5,0.995
3560,546.5,78.5,0.997
3561,564.5,92.5,0.998
3562,580.5,110.5,0.999
3563,596.5,128.5,0.998
3564,616.5,152.5,0.997
3565,634.5,178.5,0.997
3566,644.5,196.5,0.997
3567,666.5,232.5,0.995
3568,676.5,256.5,0.997
3569,688.5,282.5,0.993
3570,702.5,322.5,0.994
3571,714.5,300.5,0.99
3572,726.5,278.5,0.994
3573,736.5,260.5,0.997
3574,746.5,242.5,0.998
3575,756.5,224.5,0.998
3576,766.5,210.5,0.997
3577,776.5,200.5,0.998
3578,784.5,192.5,0.996
3579,794.5,188.5,0.997
3580,802.5,186.5,0.995
3581,812.5,188.5,0.998
3582,820.5,192.5,0.998
3583,828.5,200.5,0.999
3584,834.5,208.5,0.999
3585,840.5,222.5,0.998
3586,846.5,236.5,0.998
3587,834.5,238.5,0.999
3588,802.5,224.5,0.997
3589,778.5,214.5,0.995
3590,744.5,206.5,0.982
3591,718.5,202.5,0.994
3592,688.5,202.5,0.996
3593,670.5,200.5,0.996
3594,640.5,206.5,0.995
3595,618.5,212.5,0.995
3596,594.5,220.5,0.994
3597,576.5,228.5,0.995
3598,558.5,240.5,0.994
3599,540.5,252.5,0.998
3600,522.5,266.5,0.997
3601,506.5,258.5,0.993
3602,492.5,238.5,0.996
3603,478.5,224.5,0.998
3604,468.5,210.5,0.995
3605,452.5,198.5,0.994
3607,428.5,184.5,0.991
3608,418.5,180.5,0.994
3609,406.5,180.5,0.994
3610,394.5,180.5,0.996
3611,384.5,186.5,0.976
3615,400.5,190.5,0.993
3616,430.5,184.5,0.984
3617,448.5,182.5,0.991
3618,470.5,182.5,0.967
3619,496.5,186.5,0.994
3620,530.5,190.5,0.996
3621,550.5,196.5,0.993
3622,580.5,206.5,0.994
3623,610.5,220.5,0.996
3624,638.5,232.5,0.995
3625,674.5,256.5,0.988
3626,690.5,270.5,0.996
3627,708.5,284.5,0.993
3628,738.5,312.5,0.995
3629,760.5,338.5,0.997
3630,788.5,322.5,0.979
3631,822.5,306.5,0.998
3632,838.5,302.5,0.995
3633,866.5,292.5,0.992
3634,894.5,290.5,0.997
3635,918.5,288.5,0.997
3636,944.5,292.5,0.993
3637,898.5,280.5,0.997
3638,834.5,268.5,0.996
3639,764.5,256.5,0.998
3640,702.5,250.5,0.981
3641,638.5,244.5,0.992
3642,590.5,244.5,0.997
3643,540.5,246.5,0.99
3644,488.5,252.5,0.993
3645,434.5,260.5,0.994
3646,398.5,264.5,0.981
3647,348.5,280.5,0.781
3651,196.5,246.5,0.983
3652,172.5,248.5,0.987
3653,156.5,256.5,0.971
3654,124.5,246.5,0.992
3655,34.5,308.5,0.986
3664,308.5,366.5,0.861
3666,260.5,390.5,0.961
3668,204.5,420.5,0.972
3670,142.5,434.5,0.675
3677,224.5,386.5,0.806
3678,1186.5,366.5,0.987
3704,1092.5,446.5,0.944
3730,1076.5,184.5,0.979
3742,822.5,614.5,0.688
3743,798.5,618.5,0.919
3748,674.5,580.5,0.911
3749,836.5,714.5,0.592
3750,618.5,566.5,0.981
3751,600.5,558.5,0.974
3795,668.5,570.5,0.762
3796,662.5,596.5,0.981
3797,688.5,618.5,0.988
3798,708.5,634.5,0.941
3800,948.5,712.5,0.866
3805,692.5,594.5,0.92
3806,668.5,578.5,0.502
3810,588.5,560.5,0.928
3811,572.5,558.5,0.884
3822,522.5,578.5,0.898
3823,540.5,560.5,0.803
3824,560.5,548.5,0.936
3829,682.5,560.5,0.929
3830,696.5,578.5,0.863
3831,720.5,594.5,0.991
3839,748.5,568.5,0.834
3845,636.5,560.5,0.984
3846,618.5,558.5,0.864
3848,588.5,558.5,0.666
3858,538.5,568.5,0.978
3859,552.5,552.5,0.967
3860,570.5,546.5,0.989
3863,638.5,558.5,0.957
3865,690.5,578.5,0.948
3867,746.5,612.5,0.768
3868,66.5,438.5,0.993
3869,80.5,440.5,0.91
3871,94.5,454.5,0.951
3881,860.5,672.5,0.807
3882,128.5,472.5,0.986
3883,218.5,186.5,0.992
3884,236.5,174.5,0.992
3885,258.5,158.5,0.996
3886,276.5,148.5,0.985
3887,306.5,140.5,0.995
3888,332.5,134.5,0.987
3889,354.5,134.5,0.993
3890,382.5,134.5,0.996
3891,410.5,140.5,0.995
3892,436.5,148.5,0.997
3893,464.5,158.5,0.998
3894,492.5,172.5,0.998
3895,522.5,190.5,0.994
3896,546.5,208.5,0.998
3897,570.5,228.5,0.997
3898,596.5,250.5,0.996
3899,620.5,274.5,0.997
3900,644.5,304.5,0.996
3901,670.5,336.5,0.995
3902,690.5,370.5,0.983
3903,712.5,352.5,0.997
3904,724.5,332.5,0.997
3905,742.5,308.5,0.998
3906,764.5,290.5,0.996
3907,778.5,278.5,0.996
3908,802.5,262.5,0.995
3909,818.5,256.5,0.996
3910,834.5,248.5,0.998
3911,852.5,250.5,0.996
3914,770.5,474.5,0.975
3915,1016.5,220.5,0.834
3920,258.5,378.5,0.994
3921,260.5,368.5,0.988
3922,266.5,362.5,0.939
3932,354.5,214.5,0.719
3971,768.5,292.5,0.998
3972,734.5,278.5,0.999
3973,690.5,262.5,0.998
3974,654.5,256.5,0.994
3975,624.5,248.5,0.996
3976,590.5,244.5,0.998
3977,556.5,244.5,0.994
3978,530.5,248.5,0.996
3979,506.5,250.5,0.997
3980,478.5,260.5,0.994
3981,452.5,260.5,0.997
3982,434.5,244.5,0.993
3983,414.5,236.5,0.959
3984,370.5,220.5,0.994
3985,370.5,214.5,0.998
3986,362.5,212.5,0.994
3987,382.5,202.5,0.994
3988,404.5,196.5,0.995
3989,430.5,190.5,0.997
3990,452.5,188.5,0.994
3991,480.5,186.5,0.996
3992,500.5,190.5,0.996
3993,532.5,194.5,0.997
3994,560.5,202.5,0.996
3995,584.5,212.5,0.994
3996,610.5,224.5,0.998
3997,642.5,240.5,0.998
3998,674.5,260.5,0.999
3999,692.5,274.5,0.995
4000,724.5,300.5,0.994
4001,748.5,320.5,0.995
4002,778.5,350.5,0.998
4003,810.5,384.5,0.993
4004,834.5,386.5,0.997
4005,866.5,372.5,0.996
4006,894.5,366.5,0.997
4007,926.5,362.5,0.993
4008,962.5,360.5,0.996
4009,888.5,336.5,0.989
4013,634.5,274.5,0.993
4014,616.5,276.5,0.987
4015,552.5,268.5,0.99
4016,504.5,266.5,0.993
4017,466.5,268.5,0.998
4018,436.5,272.5,0.997
4019,406.5,276.5,0.986
4020,376.5,282.5,0.992
4021,354.5,278.5,0.992
4022,324.5,252.5,0.993
4023,304.5,238.5,0.95
4024,290.5,226.5,0.995
4026,266.5,188.5,0.982
4030,340.5,192.5,0.996
4032,388.5,202.5,0.991
4033,406.5,208.5,0.994
4034,434.5,218.5,0.99
4035,464.5,232.5,0.997
4036,492.5,248.5,0.998
4037,518.5,262.5,0.996
4038,540.5,282.5,0.953
4039,572.5,308.5,0.997
4040,600.5,338.5,0.988
4041,628.5,370.5,0.983
4042,656.5,372.5,0.996
4043,674.5,358.5,0.99
4044,704.5,354.5,0.996
4045,726.5,350.5,0.998
4046,756.5,350.5,0.998
4047,782.5,352.5,0.998
4048,812.5,358.5,0.998
4049,834.5,368.5,0.983
4050,782.5,346.5,0.996
4051,738.5,326.5,0.982
4052,682.5,306.5,0.994
4053,638.5,298.5,0.99
4054,602.5,292.5,0.995
4055,574.5,292.5,0.996
4056,538.5,290.5,0.99
4057,506.5,290.5,0.991
4058,486.5,292.5,0.993
4059,460.5,288.5,0.997
4060,446.5,268.5,0.997
4061,426.5,248.5,0.994
4062,410.5,236.5,0.996
4063,396.5,222.5,0.995
4064,382.5,212.5,0.997
4065,372.5,208.5,0.993
4066,356.5,204.5,0.995
4067,366.5,200.5,0.993
4068,378.5,198.5,0.994
4069,396.5,202.5,0.993
4070,416.5,202.5,0.996
4071,438.5,206.5,0.995
4072,456.5,212.5,0.988
4073,482.5,224.5,0.998
4074,500.5,234.5,0.987
4075,528.5,250.5,0.996
4076,554.5,270.5,0.997
4077,578.5,294.5,0.998
4078,602.5,316.5,0.991
4081,652.5,378.5,0.993
4082,674.5,398.5,0.995
4083,704.5,392.5,0.995
4084,732.5,392.5,0.974
4085,754.5,390.5,0.99
4086,784.5,392.5,0.986
4087,814.5,402.5,0.985
4088,834.5,418.5,0.944
4090,754.5,360.5,0.957
4091,692.5,324.5,0.967
4092,650.5,310.5,0.993
4093,604.5,290.5,0.994
4094,562.5,274.5,0.992
4095,536.5,268.5,0.994
4096,502.5,262.5,0.996
4097,482.5,260.5,0.997
4098,462.5,262.5,0.998
4099,444.5,264.5,0.997
4100,426.5,270.5,0.984
4101,410.5,264.5,0.993
4102,394.5,244.5,0.998
4103,380.5,224.5,0.997
4104,370.5,208.5,0.996
4105,356.5,196.5,0.996
4107,394.5,190.5,0.997
4108,430.5,188.5,0.998
4109,460.5,190.5,0.997
4110,492.5,194.5,0.997
4111,528.5,202.5,0.996
4112,556.5,210.5,0.995
4113,590.5,224.5,0.997
4114,622.5,236.5,0.997
4115,644.5,248.5,0.996
4116,682.5,270.5,0.997
4117,706.5,290.5,0.992
4118,746.5,314.5,0.994
4119,764.5,318.5,0.993
4120,804.5,300.5,0.994
4121,830.5,296.5,0.997
4122,864.5,292.5,0.994
4123,896.5,292.5,0.997
4124,928.5,294.5,0.997
4125,952.5,300.5,0.997
4126,986.5,312.5,0.744
4127,1018.5,322.5,0.882
4128,1034.5,328.5,0.998
4129,938.5,290.5,0.993
4130,864.5,264.5,0.996
4131,788.5,242.5,0.998
4132,734.5,228.5,0.995
4133,684.5,222.5,0.998
4134,622.5,212.5,0.997
4135,574.5,212.5,0.998
4136,528.5,212.5,0.996
4137,488.5,218.5,0.994
4138,448.5,228.5,0.996
4139,264.5,226.5,0.855
4141,250.5,386.5,0.991
4142,330.5,216.5,0.924
4144,246.5,352.5,0.878
4157,1056.5,206.5,0.586
4158,364.5,192.5,0.966
4159,364.5,184.5,0.695
4161,512.5,34.5,0.989
4162,530.5,64.5,0.983
4163,542.5,84.5,0.997
4164,558.5,114.5,0.998
4165,580.5,152.5,0.997
4166,594.5,180.5,0.992
4167,610.5,212.5,0.995
4168,626.5,244.5,0.994
4169,640.5,246.5,0.995
4170,644.5,230.5,0.998
4171,648.5,202.5,0.997
4172,654.5,174.5,0.993
4173,658.5,152.5,0.995
4174,664.5,126.5,0.985
4175,670.5,108.5,0.997
4176,674.5,92.5,0.996
4177,678.5,80.5,0.996
4178,684.5,68.5,0.996
4179,688.5,60.5,0.996
4180,694.5,54.5,0.992
4181,698.5,52.5,0.994
4182,704.5,52.5,0.992
4183,708.5,56.5,0.996
4184,710.5,60.5,0.997
4185,714.5,68.5,0.996
4186,718.5,80.5,0.997
4187,722.5,92.5,0.997
4188,726.5,108.5,0.998
4189,730.5,126.5,0.997
4190,734.5,146.5,0.996
4191,736.5,168.5,0.969
4192,740.5,192.5,0.997
4193,742.5,216.5,0.987
4194,744.5,240.5,0.993
4195,748.5,260.5,0.948
4196,752.5,280.5,0.933
4197,754.5,258.5,0.991
4198,756.5,236.5,0.998
4199,758.5,216.5,0.995
4200,762.5,196.5,0.997
4201,764.5,180.5,0.996
4202,768.5,166.5,0.998
4203,770.5,156.5,0.995
4204,834.5,328.5,0.994
4205,818.5,322.5,0.992
4206,778.5,140.5,0.992
4207,780.5,142.5,0.991
4208,780.5,146.5,0.991
4209,782.5,150.5,0.997
4210,782.5,158.5,0.997
4211,784.5,166.5,0.998
4212,784.5,178.5,0.995
4213,786.5,196.5,0.997
4214,788.5,210.5,0.99
4215,782.5,198.5,0.995
4216,782.5,186.5,0.999
4217,780.5,170.5,0.998
4218,776.5,160.5,0.998
4219,774.5,150.5,0.995
4220,770.5,144.5,0.994
4221,766.5,142.5,0.993
4222,762.5,142.5,0.992
4223,314.5,326.5,0.996
4224,754.5,152.5,0.998
4225,750.5,160.5,0.998
4226,746.5,174.5,0.996
4227,740.5,190.5,0.999
4229,736.5,194.5,0.969
4231,766.5,176.5,0.728
4238,386.5,264.5,0.743
4256,748.5,276.5,0.993
4257,722.5,280.5,0.513
4258,686.5,292.5,0.997
4259,658.5,308.5,0.997
4260,630.5,322.5,0.996
4261,612.5,338.5,0.996
4262,592.5,318.5,0.995
4263,578.5,294.5,0.998
4264,558.5,264.5,0.997
4265,540.5,242.5,0.998
4266,530.5,228.5,0.997
4267,514.5,212.5,0.997
4268,500.5,202.5,0.997
4269,486.5,192.5,0.997
4270,474.5,188.5,0.997
4271,462.5,186.5,0.998
4272,452.5,188.5,0.999
4273,440.5,192.5,0.998
4274,432.5,196.5,0.997
4275,422.5,204.5,0.997
4276,414.5,214.5,0.997
4277,408.5,226.5,0.997
4278,402.5,240.5,0.996
4279,394.5,258.5,0.996
4280,388.5,246.5,0.985
4281,372.5,226.5,0.993
4282,368.5,212.5,0.991
4283,356.5,194.5,0.99
4284,348.5,176.5,0.937
4285,352.5,188.5,0.985
4286,348.5,200.5,0.986
4287,342.5,208.5,0.961
4288,338.5,210.5,0.618
4297,554.5,560.5,0.839
4300,770.5,710.5,0.591
4301,772.5,712.5,0.893
4319,28.5,490.5,0.688
4320,508.5,562.5,0.841
4323,30.5,490.5,0.752
4335,290.5,250.5,0.989
4336,282.5,256.5,0.992
4337,276.5,258.5,0.993
4338,270.5,262.5,0.996
4339,268.5,268.5,0.985
4341,264.5,274.5,0.987
4342,898.5,338.5,0.816
4343,262.5,272.5,0.9
4344,1044.5,154.5,0.989
4346,830.5,372.5,0.952
4347,678.5,286.5,0.986
4369,284.5,274.5,0.861
4370,234.5,272.5,0.735
4372,242.5,234.5,0.99
4373,238.5,228.5,0.989
4374,234.5,222.5,0.994
4375,234.5,214.5,0.996
4376,232.5,212.5,0.994
4377,230.5,212.5,0.985
4378,228.5,216.5,0.989
4379,226.5,220.5,0.995
4380,228.5,232.5,0.997
4381,250.5,242.5,0.998
4384,398.5,292.5,0.989
4385,440.5,286.5,0.993
4386,480.5,276.5,0.992
4387,532.5,272.5,0.982
4388,572.5,268.5,0.995
4389,622.5,274.5,0.996
4390,646.5,276.5,0.974
4391,696.5,286.5,0.996
4392,730.5,292.5,0.992
4394,822.5,322.5,0.995
4395,864.5,340.5,0.996
4396,890.5,358.5,0.996
4398,980.5,354.5,0.993
4399,1018.5,346.5,0.993
4400,1052.5,340.5,0.998
4401,1090.5,340.5,0.989
4402,1036.5,304.5,0.676
4403,952.5,252.5,0.982
4404,900.5,226.5,0.995
4405,834.5,196.5,0.981
4406,784.5,178.5,0.997
4407,738.5,162.5,0.997
4408,690.5,148.5,0.997
4409,644.5,142.5,0.997
4410,608.5,138.5,0.995
4411,574.5,136.5,0.996
4412,530.5,136.5,0.995
4413,496.5,142.5,0.995
4414,464.5,148.5,0.996
4415,442.5,154.5,0.988
4416,416.5,166.5,0.995
4417,392.5,178.5,0.998
4418,372.5,190.5,0.998
4419,348.5,206.5,0.994
4428,126.5,384.5,0.641
4492,282.5,230.5,0.962
4500,388.5,232.5,0.985
4501,248.5,332.5,0.8
4502,398.5,230.5,0.984
4503,402.5,230.5,0.988
4504,404.5,234.5,0.738
4518,1012.5,364.5,0.982
4611,266.5,240.5,0.961
4615,300.5,256.5,0.665
4617,286.5,262.5,0.55
4618,276.5,266.5,0.833
4621,260.5,274.5,0.727
4622,260.5,274.5,0.839
4633,1076.5,390.5,0.55
4654,248.5,236.5,0.986
4655,244.5,226.5,0.712
4656,240.5,216.5,0.993
4657,238.5,210.5,0.995
4659,236.5,204.5,0.957
4660,236.5,208.5,0.937
4661,236.5,210.5,0.99
4662,236.5,220.5,0.992
4663,240.5,228.5,0.98
4664,266.5,244.5,0.996
4665,292.5,242.5,0.952
4666,304.5,240.5,0.787
4667,394.5,286.5,0.964
4668,430.5,276.5,0.996
4669,466.5,268.5,0.995
4670,496.5,266.5,0.996
4671,546.5,266.5,0.997
4672,574.5,266.5,0.993
4673,622.5,276.5,0.998
4674,648.5,282.5,0.965
4675,690.5,292.5,0.998
4676,732.5,306.5,0.997
4677,762.5,324.5,0.997
4678,816.5,354.5,0.996
4679,842.5,372.5,0.994
4680,884.5,386.5,0.99
4681,908.5,380.5,0.992
4682,958.5,370.5,0.998
4683,988.5,368.5,0.998
4684,1024.5,368.5,0.998
4685,1054.5,370.5,0.979
4686,1026.5,356.5,0.988
4687,986.5,350.5,0.915
4688,906.5,338.5,0.994
4689,818.5,332.5,0.994
4690,768.5,330.5,0.996
4691,694.5,332.5,0.976
4694,466.5,380.5,0.992
4695,428.5,392.5,0.984
4696,364.5,416.5,0.981
4697,298.5,444.5,0.991
4698,234.5,476.5,0.989
4699,184.5,506.5,0.998
4700,130.5,538.5,0.993
4701,82.5,576.5,0.994
4702,56.5,604.5,0.991
4703,50.5,616.5,0.987
4704,68.5,616.5,0.994
4705,82.5,616.5,0.997
4706,98.5,622.5,0.996
4707,116.5,628.5,0.994
4708,132.5,626.5,0.994
4709,142.5,620.5,0.996
4710,152.5,616.5,0.994
4711,164.5,616.5,0.993
4712,176.5,616.5,0.996
4713,188.5,624.5,0.994
4714,198.5,620.5,0.991
4715,204.5,614.5,0.996
4716,1214.5,358.5,0.994
4717,222.5,618.5,0.998
4718,230.5,624.5,0.999
4719,238.5,630.5,0.997
4720,246.5,630.5,0.997
4721,248.5,624.5,0.996
4722,254.5,618.5,0.997
4723,260.5,618.5,0.996
4724,264.5,622.5,0.994
4725,270.5,618.5,0.997
4726,272.5,614.5,0.993
4727,278.5,614.5,0.955
4728,282.5,612.5,0.993
4729,286.5,608.5,0.994
4730,290.5,608.5,0.985
4731,288.5,604.5,0.995
4732,292.5,600.5,0.995
4733,294.5,598.5,0.995
4734,294.5,596.5,0.994
4735,218.5,506.5,0.963
4736,138.5,588.5,0.99
4737,294.5,590.5,0.994
4738,168.5,566.5,0.826
4740,102.5,456.5,0.746
4749,908.5,392.5,0.521
4755,220.5,458.5,0.814
4762,1020.5,226.5,0.855
4773,322.5,448.5,0.975
4774,276.5,448.5,0.963
4776,332.5,432.5,0.956
4780,194.5,410.5,0.611
4781,290.5,566.5,0.969
4782,294.5,578.5,0.99
4783,304.5,566.5,0.984
4785,338.5,534.5,0.747
4787,370.5,470.5,0.87
4788,390.5,422.5,0.984
4789,406.5,386.5,0.995
4790,418.5,354.5,0.935
4791,450.5,304.5,0.972
4792,466.5,278.5,0.995
4793,490.5,254.5,0.997
4794,514.5,230.5,0.996
4795,530.5,216.5,0.995
4796,552.5,202.5,0.99
4797,576.5,192.5,0.986
4798,598.5,186.5,0.982
4799,626.5,182.5,0.989
4800,642.5,182.5,0.995
4801,672.5,188.5,0.996
4802,688.5,196.5,0.996
4803,712.5,210.5,0.99
4804,730.5,224.5,0.989
4805,746.5,240.5,0.984
4806,762.5,258.5,0.995
4807,782.5,288.5,0.993
4808,792.5,302.5,0.997
4810,820.5,358.5,0.998
4811,828.5,334.5,0.997
4812,834.5,308.5,0.995
4813,836.5,294.5,0.996
4814,842.5,274.5,0.998
4815,846.5,262.5,0.997
4816,850.5,254.5,0.994
4817,854.5,246.5,0.993
4818,860.5,242.5,0.992
4819,864.5,248.5,0.992
4820,866.5,250.5,0.996
4821,870.5,258.5,0.996
4822,870.5,270.5,0.999
4823,872.5,286.5,0.998
4824,872.5,304.5,0.981
4835,808.5,300.5,0.992
4836,772.5,312.5,0.995
4837,754.5,322.5,0.999
4838,718.5,342.5,0.996
4839,694.5,360.5,0.991
4840,674.5,378.5,0.997
4841,658.5,348.5,0.984
4842,644.5,318.5,0.996
4843,630.5,290.5,0.996
4844,618.5,270.5,0.998
4845,602.5,250.5,0.997
4846,590.5,236.5,0.994
4847,576.5,224.5,0.996
4848,564.5,214.5,0.994
4849,552.5,208.5,0.996
4850,540.5,206.5,0.996
4851,528.5,206.5,0.995
4852,518.5,208.5,0.997
4853,510.5,214.5,0.996
4854,500.5,222.5,0.998
4855,492.5,232.5,0.998
4856,484.5,246.5,0.998
4857,474.5,260.5,0.998
4858,468.5,274.5,0.997
4859,464.5,290.5,0.996
4860,454.5,276.5,0.997
4862,438.5,240.5,0.997
4863,432.5,228.5,0.998
4864,422.5,214.5,0.994
4865,414.5,204.5,0.994
4866,408.5,198.5,0.995
4867,402.5,194.5,0.997
4868,394.5,194.5,0.997
4869,390.5,200.5,0.997
4870,386.5,198.5,0.998
4871,380.5,186.5,0.997
4872,364.5,176.5,0.636
4873,352.5,168.5,0.89
4875,332.5,180.5,0.944
4876,328.5,194.5,0.878
4877,322.5,204.5,0.778
4878,310.5,218.5,0.994
4879,302.5,224.5,0.967
4880,292.5,238.5,0.867
4882,278.5,250.5,0.516
4886,260.5,264.5,0.976
4888,252.5,272.5,0.688
4916,254.5,274.5,0.995
4917,250.5,268.5,0.966
4920,246.5,230.5,0.892
4922,238.5,216.5,0.997
4923,234.5,212.5,0.997
4924,234.5,210.5,0.976
4925,234.5,212.5,0.994
4926,234.5,216.5,0.994
4927,234.5,222.5,0.985
4928,238.5,232.5,0.998
4929,266.5,246.5,0.995
4930,288.5,256.5,0.985
4931,378.5,294.5,0.99
4932,410.5,284.5,0.992
4933,458.5,272.5,0.994
4934,488.5,266.5,0.996
4935,542.5,258.5,0.994
4936,576.5,260.5,0.632
4937,630.5,262.5,0.989
4938,672.5,270.5,0.994
4939,706.5,276.5,0.997
4940,752.5,288.5,0.999
4941,792.5,300.5,0.996
4942,824.5,310.5,0.997
4943,846.5,372.5,0.995
4944,906.5,354.5,0.954
4945,958.5,366.5,0.999
4946,990.5,356.5,0.997
4947,1024.5,348.5,0.993
4948,1060.5,342.5,0.995
4949,1098.5,342.5,0.99
4950,1094.5,326.5,0.973
4951,1028.5,298.5,0.714
4954,908.5,258.5,0.996
4955,852.5,242.5,0.998
4956,800.5,232.5,0.996
4957,756.5,226.5,0.999
4958,714.5,222.5,0.998
4959,674.5,222.5,0.998
4960,634.5,224.5,0.997
4961,594.5,228.5,0.996
4962,562.5,236.5,0.993
4963,542.5,242.5,0.993
4964,504.5,252.5,0.996
4965,484.5,258.5,0.998
4966,458.5,236.5,0.996
4967,438.5,218.5,0.99
4968,414.5,202.5,0.993
4969,396.5,192.5,0.985
4971,384.5,202.5,0.883
4972,434.5,178.5,0.994
4973,464.5,178.5,0.994
4974,484.5,180.5,0.996
4975,510.5,186.5,0.994
4976,534.5,192.5,0.992
4977,562.5,200.5,0.995
4978,590.5,212.5,0.995
4979,614.5,226.5,0.996
4980,642.5,242.5,0.998
4981,676.5,266.5,0.995
4982,692.5,280.5,0.996
4983,728.5,306.5,0.996
4984,748.5,328.5,0.99
4985,776.5,366.5,0.997
4986,802.5,356.5,0.996
4987,832.5,346.5,0.998
4988,862.5,340.5,0.999
4989,890.5,338.5,0.999
4990,912.5,340.5,0.996
4991,940.5,340.5,0.979
4992,980.5,348.5,0.985
4993,926.5,330.5,0.998
4994,868.5,316.5,0.997
4995,816.5,302.5,0.999
4996,766.5,292.5,0.998
4997,724.5,290.5,0.996
4998,678.5,284.5,0.993
4999,634.5,284.5,0.992
5000,596.5,292.5,0.991
5001,572.5,294.5,0.999
5002,574.5,304.5,0.997
5003,578.5,312.5,0.998
5004,586.5,312.5,0.998
5005,590.5,308.5,0.997
5006,596.5,304.5,0.997
5007,602.5,304.5,0.997
5008,608.5,304.5,0.994
5009,612.5,308.5,0.997
5010,620.5,316.5,0.998
5011,624.5,326.5,0.994
5012,632.5,328.5,0.994
5013,634.5,322.5,0.997
5014,644.5,320.5,0.998
5015,648.5,320.5,0.998
5016,654.5,322.5,0.996
5017,660.5,328.5,0.997
5018,666.5,334.5,0.998
5019,672.5,342.5,0.997
5020,676.5,340.5,0.997
5021,682.5,336.5,0.998
5022,690.5,336.5,0.997
5023,694.5,336.5,0.999
5024,698.5,342.5,0.998
5025,704.5,348.5,0.998
5026,710.5,356.5,0.996
5027,716.5,354.5,0.998
5028,722.5,350.5,0.999
5029,728.5,350.5,0.998
5030,734.5,352.5,0.999
5031,738.5,356.5,0.997
5032,746.5,364.5,0.998
5033,750.5,370.5,0.996
5034,754.5,366.5,0.999
5035,762.5,364.5,0.998
5036,768.5,364.5,0.999
5037,774.5,368.5,0.999
5038,778.5,374.5,0.999
5039,784.5,384.5,0.995
5040,790.5,382.5,0.998
5041,798.5,380.5,0.998
5042,802.5,382.5,0.998
5043,808.5,386.5,0.998
5044,812.5,392.5,0.998
5045,818.5,398.5,0.996
5046,824.5,394.5,0.998
5047,830.5,394.5,0.997
5048,836.5,398.5,0.998
5049,840.5,404.5,0.995
5050,846.5,412.5,0.997
5051,852.5,410.5,0.998
5052,858.5,408.5,0.997
5053,864.5,410.5,0.996
5054,870.5,416.5,0.998
5055,874.5,424.5,0.997
5056,884.5,422.5,0.661
5060,48.5,528.5,0.82
5074,74.5,514.5,0.555
5081,82.5,554.5,0.884
5129,980.5,376.5,0.888
5131,970.5,406.5,0.974
5137,1082.5,366.5,0.742
5142,818.5,332.5,0.989
5143,762.5,324.5,0.885
5144,742.5,288.5,0.999
5145,702.5,274.5,0.997
5146,672.5,262.5,0.995
5147,632.5,254.5,0.996
5148,602.5,248.5,0.992
5149,576.5,244.5,0.988
5150,538.5,246.5,0.994
5151,514.5,246.5,0.995
5152,494.5,250.5,0.997
5153,472.5,236.5,0.992
5154,456.5,228.5,0.995
5155,428.5,214.5,0.989
5156,416.5,208.5,0.997
5157,416.5,192.5,0.988
5158,428.5,176.5,0.976
5159,440.5,160.5,0.995
5160,456.5,144.5,0.998
5161,468.5,128.5,0.998
5162,482.5,116.5,0.991
5163,498.5,106.5,0.996
5164,510.5,100.5,0.995
5165,526.5,94.5,0.995
5166,542.5,90.5,0.998
5167,558.5,90.5,0.998
5168,574.5,92.5,0.998
5169,590.5,96.5,0.997
5170,606.5,104.5,0.997
5171,622.5,114.5,0.997
5172,638.5,126.5,0.998
5173,654.5,144.5,0.996
5174,674.5,164.5,0.998
5175,690.5,184.5,0.996
5176,706.5,208.5,0.997
5177,724.5,236.5,0.99
5178,738.5,260.5,0.993
5179,752.5,286.5,0.995
5180,768.5,324.5,0.993
5181,778.5,344.5,0.996
5182,800.5,386.5,0.995
5183,810.5,372.5,0.997
5184,824.5,352.5,0.999
5185,836.5,334.5,0.999
5186,850.5,320.5,0.997
5187,862.5,310.5,0.989
5188,874.5,300.5,0.995
5220,220.5,522.5,0.782
5226,220.5,522.5,0.666
5231,1000.5,374.5,0.662
5243,820.5,312.5,0.998
5244,798.5,296.5,0.997
5245,764.5,270.5,0.998
5246,734.5,250.5,0.998
5247,702.5,232.5,0.997
5248,676.5,220.5,0.997
5249,642.5,206.5,0.996
5250,620.5,198.5,0.993
5251,598.5,194.5,0.994
5252,574.5,188.5,0.992
5253,546.5,188.5,0.993
5254,530.5,190.5,0.996
5255,502.5,194.5,0.992
5256,486.5,196.5,0.989
5257,468.5,202.5,0.986
5258,452.5,212.5,0.985
5259,434.5,220.5,0.993
5260,424.5,228.5,0.988
5262,394.5,196.5,0.996
5263,894.5,640.5,0.986
5264,442.5,190.5,0.99
5265,468.5,190.5,0.994
5266,494.5,192.5,0.995
5267,528.5,196.5,0.993
5268,550.5,202.5,0.992
5269,578.5,210.5,0.997
5270,610.5,220.5,0.997
5271,638.5,230.5,0.996
5272,672.5,246.5,0.998
5273,694.5,260.5,0.998
5274,726.5,280.5,0.995
5275,740.5,292.5,0.996
5276,772.5,322.5,0.998
5277,816.5,310.5,0.998
5278,832.5,308.5,0.997
5279,866.5,306.5,0.997
5280,892.5,306.5,0.998
5281,928.5,306.5,0.998
5282,952.5,310.5,0.985
5283,946.5,302.5,0.997
5284,890.5,280.5,0.998
5285,836.5,262.5,0.998
5286,788.5,246.5,0.998
5287,746.5,238.5,0.998
5288,702.5,228.5,0.999
5289,672.5,224.5,0.999
5290,624.5,220.5,0.998
5291,588.5,220.5,0.996
5292,554.5,220.5,0.996
5293,524.5,224.5,0.998
5294,492.5,228.5,0.993
5295,466.5,234.5,0.997
5296,442.5,244.5,0.993
5297,422.5,248.5,0.988
5298,396.5,232.5,0.992
5299,378.5,222.5,0.988
5300,362.5,206.5,0.998
5301,382.5,204.5,0.992
5302,406.5,202.5,0.992
5303,434.5,198.5,0.993
5304,462.5,200.5,0.991
5305,492.5,204.5,0.992
5306,522.5,212.5,0.991
5307,550.5,220.5,0.993
5308,580.5,228.5,0.996
5309,612.5,244.5,0.998
5310,640.5,256.5,0.999
5311,676.5,276.5,0.994
5312,704.5,294.5,0.998
5313,732.5,310.5,0.995
5314,768.5,340.5,0.994
5315,798.5,364.5,0.997
5316,830.5,358.5,0.999
5317,866.5,354.5,0.997
5318,898.5,348.5,0.998
5319,930.5,348.5,0.996
5320,978.5,352.5,0.994
5321,1002.5,354.5,0.99
5322,964.5,332.5,0.99
5323,896.5,310.5,0.997
5324,836.5,290.5,0.992
5325,764.5,266.5,0.992
5326,712.5,254.5,0.995
5327,652.5,240.5,0.992
5328,612.5,238.5,0.999
5329,568.5,232.5,0.996
5330,528.5,232.5,0.994
5331,490.5,236.5,0.987
5332,452.5,238.5,0.994
5333,418.5,244.5,0.995
5334,386.5,252.5,0.991
5335,364.5,262.5,0.982
5336,336.5,258.5,0.995
5337,310.5,242.5,0.982
5338,282.5,220.5,0.99
5340,320.5,212.5,0.996
5341,348.5,212.5,0.994
5342,372.5,214.5,0.993
5343,404.5,220.5,0.993
5344,436.5,226.5,0.994
5345,462.5,232.5,0.993
5346,500.5,246.5,0.996
5347,538.5,258.5,0.996
5348,564.5,272.5,0.996
5349,598.5,290.5,0.995
5350,634.5,312.5,0.993
5351,664.5,336.5,0.995
5352,696.5,338.5,0.998
5353,722.5,328.5,0.997
5354,754.5,324.5,0.999
5355,786.5,324.5,0.997
5356,818.5,324.5,0.999
5357,850.5,328.5,0.998
5358,878.5,336.5,0.998
5359,906.5,342.5,0.958
5360,852.5,316.5,0.997
5361,816.5,302.5,0.999
5362,774.5,288.5,0.998
5363,736.5,276.5,0.999
5364,704.5,270.5,0.998
5365,676.5,266.5,0.996
5366,644.5,264.5,0.994
5367,618.5,264.5,0.998
5368,612.5,258.5,0.996
5369,610.5,254.5,0.993
5370,606.5,250.5,0.988
5371,604.5,250.5,0.991
5372,600.5,252.5,0.996
5373,598.5,256.5,0.996
5374,594.5,260.5,0.998
5375,594.5,266.5,0.997
5376,590.5,272.5,0.998
5377,586.5,260.5,0.999
5378,584.5,252.5,0.997
5379,582.5,244.5,0.996
5380,580.5,240.5,0.993
5381,578.5,236.5,0.933
5383,572.5,240.5,0.977
5384,568.5,242.5,0.996
5385,566.5,248.5,0.997
5386,564.5,254.5,0.998
5387,562.5,246.5,0.997
5388,562.5,248.5,0.998
5389,558.5,238.5,0.996
5390,556.5,230.5,0.995
5391,554.5,226.5,0.996
5392,550.5,226.5,0.991
5393,548.5,226.5,0.966
5394,546.5,228.5,0.993
5395,546.5,230.5,0.995
5396,544.5,236.5,0.992
5397,538.5,236.5,0.985
5398,538.5,228.5,0.996
5399,536.5,224.5,0.992
5402,522.5,208.5,0.992
5403,516.5,208.5,0.989
5405,496.5,200.5,0.991
5406,486.5,202.5,0.994
5407,476.5,200.5,0.996
5408,470.5,208.5,0.814
5411,436.5,214.5,0.577
5414,412.5,364.5,0.918
5422,1088.5,408.5,0.857
5425,1052.5,682.5,0.792
5435,890.5,640.5,0.801
5444,180.5,312.5,0.991
5445,174.5,314.5,0.968
5446,318.5,364.5,0.951
5450,90.5,554.5,0.76
5453,88.5,554.5,0.592
5467,274.5,356.5,0.738
5468,264.5,362.5,0.99
5470,170.5,218.5,0.504
5472,260.5,242.5,0.935
5473,490.5,578.5,0.988
5479,292.5,256.5,0.954
5481,300.5,238.5,0.799
5482,300.5,226.5,0.995
5483,300.5,214.5,0.991
5484,298.5,198.5,0.996
5485,298.5,184.5,0.997
5486,294.5,168.5,0.997
5487,290.5,156.5,0.996
5488,284.5,142.5,0.993
5489,276.5,124.5,0.993
5490,268.5,116.5,0.993
5491,262.5,110.5,0.991
5492,260.5,106.5,0.944
5493,268.5,112.5,0.734
5494,280.5,114.5,0.833
5495,84.5,564.5,0.924
5496,316.5,156.5,0.993
5497,332.5,172.5,0.978
5498,362.5,198.5,0.997
5499,386.5,224.5,0.992
5500,410.5,252.5,0.996
5501,432.5,280.5,0.997
5502,442.5,258.5,0.996
5503,452.5,242.5,0.996
5504,466.5,220.5,0.998
5505,478.5,198.5,0.995
5506,490.5,186.5,0.998
5507,502.5,172.5,0.998
5508,514.5,162.5,0.995
5509,528.5,154.5,0.998
5510,542.5,150.5,0.996
5511,556.5,148.5,0.995
5512,570.5,150.5,0.996
5513,582.5,154.5,0.999
5514,598.5,162.5,0.998
5515,610.5,170.5,0.997
5516,622.5,182.5,0.995
5517,636.5,196.5,0.995
5518,646.5,210.5,0.998
5519,660.5,230.5,0.993
5520,674.5,256.5,0.999
5521,680.5,270.5,0.994
5522,690.5,296.5,0.99
5523,702.5,324.5,0.998
5524,714.5,306.5,0.993
5525,728.5,282.5,0.995
5526,738.5,268.5,0.997
5527,750.5,254.5,0.997
5528,762.5,242.5,0.998
5529,772.5,234.5,0.998
5530,784.5,228.5,0.993
5531,796.5,224.5,0.997
5532,806.5,224.5,0.996
5533,818.5,228.5,0.997
5534,828.5,232.5,0.998
5535,836.5,240.5,0.999
5536,844.5,250.5,0.998
5537,852.5,262.5,0.995
5538,860.5,276.5,0.998
5539,866.5,296.5,0.996
5540,874.5,316.5,0.999
5541,874.5,328.5,0.997
5542,890.5,326.5,0.998
5543,898.5,316.5,0.999
5544,910.5,300.5,0.994
5545,922.5,286.5,0.999
5546,934.5,274.5,0.998
5547,942.5,272.5,0.998
5548,950.5,266.5,0.997
5556,308.5,614.5,0.547
5568,396.5,202.5,0.934
5571,1056.5,430.5,0.794
5581,392.5,218.5,0.957
5582,384.5,222.5,0.87
5599,332.5,254.5,0.772
5607,90.5,558.5,0.969
5609,84.5,558.5,0.944
5610,90.5,556.5,0.574
5611,90.5,558.5,0.922
5617,1030.5,242.5,0.988
5618,1034.5,244.5,0.993
5619,1038.5,246.5,0.992
5620,1040.5,250.5,0.642
5623,92.5,556.5,0.809
5629,848.5,308.5,0.996
5630,818.5,290.5,1.0
5631,784.5,266.5,0.999
5632,758.5,254.5,0.997
5633,728.5,242.5,0.996
5634,702.5,232.5,0.995
5635,678.5,226.5,0.997
5636,646.5,222.5,0.996
5637,630.5,222.5,0.996
5638,608.5,224.5,0.995
5639,588.5,226.5,0.996
5640,568.5,232.5,0.992
5641,550.5,238.5,0.994
5642,534.5,246.5,0.995
5643,520.5,234.5,0.993
5644,504.5,218.5,0.994
5645,490.5,208.5,0.996
5646,476.5,198.5,0.991
5647,466.5,192.5,0.988
5648,450.5,186.5,0.992
5649,454.5,186.5,0.995
5650,470.5,186.5,0.998
5651,484.5,188.5,0.992
5652,500.5,194.5,0.995
5653,518.5,200.5,0.995
5654,534.5,210.5,0.997
5655,552.5,222.5,0.995
5656,570.5,236.5,0.994
5657,584.5,252.5,0.996
5658,606.5,272.5,0.997
5659,618.5,290.5,0.996
5660,638.5,320.5,0.996
5661,658.5,338.5,0.995
5662,676.5,338.5,0.999
5663,690.5,334.5,0.999
5664,706.5,336.5,0.999
5665,722.5,340.5,0.997
5666,742.5,348.5,0.996
5667,762.5,358.5,0.997
5668,774.5,370.5,0.989
5669,736.5,352.5,0.987
5670,692.5,330.5,0.996
5671,650.5,310.5,0.996
5672,616.5,300.5,0.987
5673,580.5,292.5,0.995
5674,546.5,284.5,0.993
5675,324.5,218.5,0.994
5676,490.5,278.5,0.995
5677,466.5,280.5,0.996
5678,444.5,284.5,0.996
5679,424.5,290.5,0.997
5680,402.5,294.5,0.997
5681,384.5,276.5,0.992
5682,894.5,374.5,0.968
5683,346.5,244.5,0.992
5684,332.5,234.5,0.993
5688,380.5,214.5,0.678
5689,410.5,210.5,0.993
5690,442.5,210.5,0.995
5691,476.5,212.5,0.993
5692,506.5,214.5,0.995
5693,540.5,224.5,0.997
5694,572.5,234.5,0.996
5695,604.5,244.5,0.998
5696,638.5,260.5,0.997
5697,674.5,278.5,0.994
5698,698.5,288.5,0.997
5699,730.5,308.5,0.99
5700,766.5,340.5,0.996
5701,800.5,330.5,0.986
5702,824.5,322.5,0.998
5703,852.5,314.5,0.995
5704,880.5,310.5,0.997
5705,918.5,306.5,0.99
5706,944.5,306.5,0.994
5710,900.5,282.5,0.981
5711,816.5,258.5,0.984
5712,730.5,238.5,0.995
5713,686.5,230.5,0.992
5714,594.5,222.5,0.995
5715,532.5,216.5,0.952
5716,482.5,220.5,0.996
5717,428.5,224.5,0.998
5718,382.5,230.5,0.976
5719,336.5,242.5,0.994
5720,300.5,252.5,0.992
5724,184.5,318.5,0.991
5725,166.5,334.5,0.995
5726,148.5,354.5,0.852
5727,130.5,368.5,0.988
5728,102.5,350.5,0.965
5729,90.5,334.5,0.991
5730,98.5,328.5,0.995
5731,98.5,322.5,0.998
5732,104.5,318.5,0.993
5733,110.5,312.5,0.995
5734,114.5,312.5,0.998
5735,120.5,312.5,0.995
5736,122.5,318.5,0.996
5737,130.5,324.5,0.996
5738,136.5,330.5,0.999
5739,142.5,338.5,0.997
5740,148.5,350.5,0.998
5741,156.5,364.5,0.995
5742,164.5,380.5,0.997
5743,172.5,398.5,0.997
5744,180.5,418.5,0.996
5745,188.5,436.5,0.995
5746,196.5,462.5,0.995
5747,276.5,398.5,0.99
5748,266.5,406.5,0.92
5750,252.5,416.5,0.993
5751,292.5,544.5,0.993
5752,288.5,536.5,0.996
5753,284.5,522.5,0.998
5754,274.5,512.5,0.744
5756,204.5,524.5,0.989
5757,202.5,518.5,0.993
5758,200.5,514.5,0.994
5759,206.5,514.5,0.889
5760,184.5,418.5,0.968
5765,144.5,456.5,0.552
5770,242.5,430.5,0.973
5774,228.5,456.5,0.661
5779,130.5,202.5,0.992
5780,148.5,224.5,0.984
5781,142.5,224.5,0.928
5782,272.5,498.5,0.995
5783,154.5,256.5,0.959
5785,184.5,296.5,0.761
5789,304.5,592.5,0.987
5790,186.5,320.5,0.93
5791,190.5,330.5,0.877
5792,200.5,336.5,0.983
5793,204.5,344.5,0.996
5794,212.5,350.5,0.953
5796,222.5,364.5,0.987
5798,232.5,376.5,0.636
5799,234.5,382.5,0.931
5809,246.5,362.5,0.706
5810,320.5,496.5,0.993
5811,312.5,478.5,0.996
5812,302.5,460.5,0.997
5813,288.5,438.5,0.991
5816,280.5,522.5,0.83
5818,188.5,456.5,0.815
5819,202.5,468.5,0.683
5820,210.5,480.5,0.874
5821,282.5,522.5,0.988
5823,280.5,520.5,0.992
5824,280.5,516.5,0.983
5825,96.5,554.5,0.591
5827,292.5,496.5,0.994
5834,160.5,260.5,0.868
5835,270.5,440.5,0.994
5836,268.5,430.5,0.994
5837,270.5,420.5,0.99
5838,270.5,410.5,0.957
5839,270.5,402.5,0.939
5845,214.5,476.5,0.993
5847,178.5,446.5,0.775
5848,186.5,440.5,0.93
5849,196.5,430.5,0.988
5853,268.5,420.5,0.932
5859,228.5,414.5,0.992
5860,228.5,400.5,0.993
5861,230.5,386.5,0.987
5870,380.5,224.5,0.787
5871,386.5,222.5,0.969
5872,394.5,226.5,0.99
5873,400.5,228.5,0.984
5874,404.5,232.5,0.979
5875,994.5,290.5,0.987
5921,1094.5,168.5,0.566
5964,252.5,248.5,0.942
5966,302.5,246.5,0.987
5967,292.5,250.5,0.843
5968,284.5,256.5,0.993
5969,278.5,262.5,0.809
5970,270.5,262.5,0.99
5971,264.5,268.5,0.866
5972,264.5,270.5,0.727
5975,258.5,274.5,0.982
5997,254.5,272.5,0.987
6000,246.5,236.5,0.989
6001,246.5,224.5,0.996
6002,244.5,218.5,0.988
6003,246.5,216.5,0.689
6006,244.5,218.5,0.996
6007,246.5,224.5,0.991
6008,258.5,240.5,0.991
6009,284.5,252.5,0.993
6011,380.5,302.5,0.99
6012,410.5,294.5,0.995
6013,446.5,286.5,0.997
6014,474.5,284.5,0.996
6015,510.5,278.5,0.994
6016,546.5,282.5,0.995
6017,578.5,290.5,0.997
6018,616.5,292.5,0.995
6019,658.5,306.5,0.992
6020,688.5,310.5,0.991
6021,724.5,330.5,0.996
6022,766.5,354.5,0.997
6023,798.5,372.5,0.993
6024,832.5,400.5,0.988
6025,868.5,402.5,0.98
6026,904.5,390.5,0.99
6027,938.5,386.5,0.998
6028,976.5,384.5,0.996
6029,1004.5,380.5,0.994
6030,920.5,334.5,0.975
6031,870.5,310.5,0.997
6032,822.5,292.5,0.999
6033,756.5,264.5,0.997
6034,712.5,252.5,0.997
6035,674.5,242.5,0.998
6036,626.5,232.5,0.996
6037,590.5,228.5,0.998
6038,558.5,228.5,0.998
6039,526.5,228.5,0.996
6040,500.5,232.5,0.985
6041,470.5,236.5,0.996
6042,446.5,244.5,0.998
6043,426.5,256.5,0.991
6044,410.5,264.5,0.978
6045,390.5,248.5,0.989
6046,370.5,226.5,0.996
6047,356.5,210.5,0.997
6049,354.5,190.5,0.988
6050,378.5,186.5,0.985
6051,404.5,184.5,0.996
6052,432.5,186.5,0.998
6053,464.5,188.5,0.997
6054,492.5,192.5,0.997
6055,528.5,202.5,0.994
6056,562.5,212.5,0.997
6057,594.5,226.5,0.998
6058,628.5,240.5,0.997
6059,672.5,262.5,0.994
6060,354.5,342.5,0.994
6061,742.5,306.5,0.995
6062,766.5,324.5,0.997
6063,798.5,348.5,0.996
6064,842.5,384.5,0.992
6065,892.5,428.5,0.99
6066,926.5,434.5,0.995
6067,972.5,442.5,0.996
6068,1020.5,454.5,0.997
6069,1066.5,470.5,0.952
6070,1124.5,498.5,0.982
6071,1162.5,514.5,0.964
6073,1222.5,550.5,0.984
6074,1212.5,552.5,0.973
6076,324.5,202.5,0.991
6077,1156.5,330.5,0.987
6078,1162.5,606.5,0.858
6079,1144.5,626.5,0.993
6080,1132.5,648.5,0.996
6081,1112.5,674.5,0.999
6082,1100.5,692.5,0.872
6083,1082.5,714.5,0.75
6084,1122.5,384.5,0.908
6098,360.5,216.5,0.845
6100,382.5,218.5,0.508
6101,388.5,220.5,0.835
6105,1216.5,600.5,0.559
6113,272.5,388.5,0.916
6114,394.5,234.5,0.918
6131,910.5,424.5,0.577
6136,816.5,608.5,0.976
6138,792.5,626.5,0.971
6139,786.5,638.5,0.905
6150,778.5,650.5,0.96
6165,1122.5,712.5,0.969
6176,610.5,290.5,0.992
6177,594.5,260.5,0.984
6178,584.5,242.5,0.993
6179,568.5,222.5,0.996
6180,556.5,208.5,0.997
6181,544.5,198.5,0.995
6182,534.5,192.5,0.997
6183,524.5,192.5,0.997
6184,516.5,192.5,0.997
6185,506.5,196.5,0.996
6186,498.5,202.5,0.997
6187,492.5,212.5,0.998
6188,486.5,222.5,0.998
6189,480.5,232.5,0.998
6190,474.5,248.5,0.997
6191,470.5,266.5,0.998
6192,466.5,284.5,0.998
6193,458.5,268.5,0.998
6194,454.5,246.5,0.997
6195,450.5,230.5,0.995
6196,444.5,208.5,0.995
6197,440.5,194.5,0.998
6198,438.5,182.5,0.997
6199,434.5,172.5,0.995
6200,430.5,164.5,0.996
6201,428.5,160.5,0.996
6202,424.5,156.5,0.997
6203,422.5,160.5,0.989
6204,420.5,164.5,0.996
6205,418.5,166.5,0.996
6206,418.5,174.5,0.996
6207,418.5,182.5,0.996
6208,416.5,196.5,0.995
6209,414.5,206.5,0.989
6211,412.5,226.5,0.992
6213,402.5,234.5,0.994
6272,1244.5,450.5,0.56
6273,1244.5,478.5,0.687
6275,380.5,72.5,0.815
6285,342.5,334.5,0.994
6287,332.5,332.5,0.931
6301,84.5,260.5,0.955
6306,284.5,242.5,0.987
6307,280.5,246.5,0.775
6308,276.5,248.5,0.95
6309,274.5,250.5,0.994
6310,272.5,258.5,0.978
6311,272.5,258.5,0.993
6312,268.5,260.5,0.994
6313,272.5,262.5,0.856
6314,268.5,266.5,0.661
6315,264.5,272.5,0.985
6341,252.5,272.5,0.945
6342,248.5,264.5,0.94
6343,240.5,256.5,0.981
6344,242.5,240.5,0.998
6345,238.5,230.5,0.995
6346,234.5,226.5,0.995
6347,230.5,222.5,0.52
6349,228.5,226.5,0.554
6350,226.5,230.5,0.993
6351,228.5,236.5,0.983
6352,246.5,248.5,0.994
6353,270.5,258.5,0.785
6355,378.5,292.5,0.991
6356,410.5,284.5,0.993
6357,448.5,282.5,0.995
6358,490.5,276.5,0.992
6359,528.5,278.5,0.993
6360,562.5,280.5,0.989
6361,610.5,288.5,0.995
6362,640.5,292.5,0.994
6363,682.5,304.5,0.994
6364,716.5,316.5,0.994
6366,794.5,356.5,0.993
6367,820.5,356.5,0.997
6368,862.5,338.5,0.997
6369,894.5,338.5,0.999
6370,930.5,336.5,0.997
6371,958.5,338.5,0.998
6372,994.5,338.5,0.975
6373,946.5,316.5,0.998
6374,890.5,288.5,0.993
6375,836.5,266.5,0.999
6376,786.5,248.5,0.998
6377,742.5,238.5,0.998
6378,698.5,228.5,0.998
6379,656.5,222.5,0.998
6380,618.5,218.5,0.997
6381,586.5,218.5,0.993
6382,548.5,220.5,0.994
6383,518.5,226.5,0.992
6384,494.5,230.5,0.995
6385,462.5,240.5,0.995
6386,442.5,248.5,0.993
6387,418.5,246.5,0.996
6388,398.5,226.5,0.994
6389,374.5,210.5,0.993
6390,362.5,198.5,0.982
6391,370.5,190.5,0.995
6392,386.5,186.5,0.994
6393,414.5,182.5,0.99
6394,436.5,180.5,0.991
6395,464.5,182.5,0.994
6396,492.5,188.5,0.995
6397,518.5,196.5,0.98
6398,548.5,204.5,0.995
6399,576.5,216.5,0.996
6400,604.5,230.5,0.996
6401,630.5,244.5,0.996
6402,652.5,260.5,0.993
6403,688.5,286.5,0.997
6404,716.5,306.5,0.995
6405,748.5,336.5,0.995
6406,778.5,364.5,0.996
6407,806.5,384.5,0.993
6408,836.5,370.5,0.998
6409,866.5,366.5,0.998
6410,896.5,364.5,0.998
6411,930.5,364.5,0.994
6412,958.5,368.5,0.998
6413,984.5,370.5,0.993
6414,898.5,338.5,0.986
6415,804.5,310.5,0.982
6416,1188.5,570.5,0.988
6417,710.5,288.5,0.993
6418,248.5,398.5,0.989
6420,562.5,262.5,0.995
6421,318.5,216.5,0.99
6422,488.5,266.5,0.997
6423,458.5,270.5,0.998
6424,434.5,276.5,0.996
6425,410.5,276.5,0.988
6426,386.5,254.5,0.996
6427,364.5,230.5,0.989
6428,346.5,218.5,0.995
6429,322.5,204.5,0.985
6430,336.5,200.5,0.985
6431,366.5,198.5,0.993
6432,394.5,196.5,0.993
6433,422.5,198.5,0.991
6434,450.5,202.5,0.994
6435,482.5,210.5,0.996
6436,514.5,220.5,0.993
6437,550.5,232.5,0.995
6438,578.5,244.5,0.997
6439,612.5,262.5,0.994
6440,636.5,274.5,0.997
6441,682.5,304.5,0.995
6442,714.5,328.5,0.996
6443,746.5,354.5,0.993
6444,778.5,366.5,0.997
6445,818.5,356.5,0.999
6446,846.5,352.5,0.998
6447,882.5,348.5,0.998
6448,914.5,348.5,0.996
6449,962.5,352.5,0.993
6450,992.5,356.5,0.994
6451,926.5,332.5,0.992
6452,874.5,310.5,0.995
6453,816.5,292.5,0.999
6454,754.5,274.5,0.999
6455,710.5,260.5,0.996
6456,674.5,256.5,0.999
6457,624.5,250.5,0.997
6458,590.5,246.5,0.996
6459,560.5,248.5,0.99
6460,530.5,250.5,0.998
6461,504.5,254.5,0.995
6462,478.5,260.5,0.997
6463,458.5,252.5,0.993
6464,442.5,236.5,0.996
6465,426.5,220.5,0.992
6466,408.5,204.5,0.995
6467,394.5,192.5,0.989
6468,384.5,184.5,0.989
6469,394.5,180.5,0.991
6470,418.5,174.5,0.991
6471,436.5,174.5,0.993
6472,468.5,174.5,0.996
6473,496.5,176.5,0.997
6474,518.5,180.5,0.989
6475,546.5,186.5,0.994
6476,580.5,196.5,0.995
6477,610.5,208.5,0.997
6478,638.5,222.5,0.995
6479,674.5,242.5,0.999
6480,698.5,260.5,0.996
6481,732.5,284.5,0.995
6482,758.5,306.5,0.989
6483,792.5,340.5,0.997
6484,820.5,368.5,0.997
6485,850.5,402.5,0.977
6486,888.5,450.5,0.994
6487,920.5,490.5,0.998
6488,950.5,536.5,0.994
6489,980.5,584.5,0.994
6490,1008.5,634.5,0.992
6491,1042.5,688.5,0.988
6496,340.5,204.5,0.988
6497,332.5,208.5,0.918
6498,1072.5,468.5,0.974
6499,638.5,268.5,0.937
6501,296.5,232.5,0.927
6502,286.5,236.5,0.919
6546,1120.5,588.5,0.607
6547,1118.5,584.5,0.99
6566,1032.5,352.5,0.696
6567,1028.5,338.5,0.967
6582,726.5,600.5,0.529
6583,704.5,590.5,0.84
6584,680.5,576.5,0.642
6585,662.5,582.5,0.669
6588,874.5,714.5,0.968
6599,832.5,712.5,0.985
6617,84.5,570.5,0.666
6622,80.5,570.5,0.87
6625,84.5,566.5,0.545
6626,488.5,560.5,0.99
6628,84.5,572.5,0.963
6630,548.5,532.5,0.574
6631,570.5,536.5,0.927
6632,84.5,570.5,0.666
6638,312.5,162.5,0.717
6639,302.5,152.5,0.984
6640,84.5,572.5,0.526
6644,76.5,564.5,0.614
6647,830.5,624.5,0.688
6658,318.5,146.5,0.551
6661,336.5,188.5,0.877
6669,988.5,418.5,0.744
6680,894.5,342.5,0.795
6717,1016.5,256.5,0.645
6728,832.5,348.5,0.718
6729,778.5,356.5,0.993
6730,760.5,306.5,0.518
6731,724.5,292.5,0.99
6732,686.5,282.5,0.996
6733,642.5,276.5,0.994
6734,620.5,274.5,0.996
6735,574.5,274.5,0.994
6736,550.5,274.5,0.993
6738,486.5,288.5,0.986
6739,456.5,300.5,0.992
6740,432.5,290.5,0.995
6741,410.5,278.5,0.993
6742,386.5,266.5,0.995
6743,372.5,262.5,0.996
6744,276.5,392.5,0.992
6745,324.5,250.5,0.992
6746,306.5,248.5,0.776
6747,306.5,242.5,0.986
6748,330.5,240.5,0.995
6749,370.5,232.5,0.993
6750,400.5,228.5,0.996
6751,430.5,226.5,0.996
6752,460.5,228.5,0.997
6753,492.5,228.5,0.994
6754,528.5,236.5,0.992
6755,558.5,242.5,0.998
6756,590.5,252.5,0.996
6757,628.5,268.5,0.999
6758,652.5,278.5,0.985
6759,692.5,296.5,0.994
6760,722.5,318.5,0.993
6761,756.5,338.5,0.997
6762,786.5,360.5,0.993
6763,818.5,384.5,0.998
6764,850.5,366.5,0.996
6765,884.5,356.5,0.996
6766,914.5,348.5,0.997
6767,1102.5,482.5,0.993
6768,952.5,648.5,0.871
6769,852.5,304.5,0.996
6770,788.5,288.5,0.998
6771,736.5,274.5,0.996
6772,690.5,262.5,0.998
6773,642.5,256.5,0.999
6774,604.5,252.5,0.996
6775,574.5,250.5,0.993
6776,536.5,250.5,0.997
6777,508.5,248.5,0.997
6778,484.5,252.5,0.995
6779,458.5,252.5,0.995
6780,438.5,234.5,0.996
6781,420.5,216.5,0.977
6782,404.5,204.5,0.993
6783,382.5,188.5,0.993
6785,404.5,180.5,0.982
6786,426.5,174.5,0.994
6787,452.5,174.5,0.992
6788,478.5,172.5,0.996
6789,498.5,174.5,0.994
6790,530.5,178.5,0.997
6791,550.5,182.5,0.993
6792,580.5,194.5,0.994
6793,608.5,204.5,0.997
6794,636.5,218.5,0.995
6795,668.5,238.5,0.998
6796,690.5,256.5,0.999
6797,712.5,274.5,0.993
6798,744.5,304.5,0.996
6799,762.5,324.5,0.996
6800,786.5,352.5,0.997
6801,822.5,400.5,0.963
6802,848.5,404.5,0.994
6803,876.5,396.5,0.994
6804,906.5,392.5,0.996
6805,936.5,392.5,0.996
6806,966.5,394.5,0.99
6807,1000.5,402.5,0.98
6808,1026.5,406.5,0.996
6810,892.5,340.5,0.993
6811,800.5,306.5,0.987
6812,740.5,284.5,0.997
6813,688.5,268.5,0.997
6814,620.5,246.5,0.993
6815,576.5,240.5,0.998
6816,530.5,230.5,0.998
6817,492.5,228.5,0.997
6818,458.5,228.5,0.997
6819,432.5,228.5,0.997
6820,400.5,232.5,0.994
6821,372.5,236.5,0.988
6822,360.5,246.5,0.865
6823,336.5,256.5,0.811
6824,316.5,266.5,0.664
6828,282.5,130.5,0.659
6830,252.5,334.5,0.963
6831,242.5,320.5,0.504
6832,234.5,308.5,0.995
6834,218.5,284.5,0.932
6839,230.5,266.5,0.99
6840,234.5,272.5,0.989
6841,242.5,274.5,0.992
6842,248.5,284.5,0.994
6845,182.5,238.5,0.504
6846,210.5,158.5,0.954
6850,294.5,350.5,0.898
6852,120.5,366.5,0.987
6853,134.5,366.5,0.991
6854,304.5,342.5,0.676
6855,302.5,344.5,0.99
6856,306.5,350.5,0.991
6857,306.5,356.5,0.995
6858,310.5,366.5,0.986
6859,314.5,362.5,0.876
6860,316.5,360.5,0.99
6861,318.5,360.5,0.993
6862,320.5,364.5,0.99
6870,304.5,362.5,0.723
6874,292.5,332.5,0.856
6879,1210.5,304.5,0.984
6880,1178.5,304.5,0.984
6883,274.5,388.5,0.987
6884,1244.5,276.5,0.962
6885,324.5,378.5,0.955
6889,386.5,230.5,0.987
6890,390.5,230.5,0.987
6891,398.5,232.5,0.965
6897,260.5,348.5,0.527
6911,1174.5,290.5,0.699
6932,84.5,558.5,0.572
6935,84.5,556.5,0.991
6936,88.5,558.5,0.629
6938,86.5,556.5,0.576
6957,1134.5,398.5,0.87
6958,1130.5,398.5,0.827
6959,434.5,192.5,0.992
6960,446.5,178.5,0.983
6961,460.5,172.5,0.99
6962,486.5,166.5,0.991
6963,502.5,160.5,0.997
6964,518.5,158.5,0.997
6965,538.5,158.5,0.996
6966,554.5,160.5,0.996
6967,572.5,164.5,0.994
6968,590.5,172.5,0.995
6969,612.5,184.5,0.996
6970,628.5,196.5,0.996
6971,642.5,208.5,0.998
6972,668.5,230.5,0.997
6973,678.5,244.5,0.998
6974,696.5,266.5,0.994
6975,710.5,290.5,0.816
6976,730.5,320.5,0.993
6977,746.5,314.5,0.997
6978,762.5,292.5,0.996
6979,770.5,286.5,0.996
6980,782.5,274.5,0.998
6981,796.5,262.5,0.994
6982,808.5,258.5,0.998
6983,822.5,254.5,0.998
6984,832.5,254.5,0.997
6985,846.5,256.5,0.999
6986,856.5,260.5,0.996
6987,868.5,270.5,0.999
6988,878.5,278.5,0.998
6989,890.5,292.5,0.996
6990,902.5,314.5,0.999
6991,906.5,326.5,0.995
6992,912.5,312.5,0.997
6993,912.5,294.5,0.999
6994,910.5,276.5,0.998
6995,910.5,264.5,0.999
6996,908.5,256.5,0.998
6997,908.5,248.5,0.995
6998,906.5,242.5,0.996
6999,902.5,242.5,0.995
7000,900.5,246.5,0.995
7001,898.5,252.5,0.996
7002,896.5,260.5,0.998
7003,892.5,272.5,0.999
7004,890.5,284.5,0.998
7005,870.5,306.5,0.699
7006,874.5,294.5,0.991
7007,876.5,290.5,0.981
7008,880.5,290.5,0.925
7058,832.5,338.5,0.692
7060,768.5,292.5,0.998
7061,738.5,280.5,0.999
7062,706.5,268.5,0.995
7063,676.5,258.5,0.998
7064,642.5,248.5,0.996
7065,622.5,244.5,0.992
7066,592.5,244.5,0.993
7067,570.5,242.5,0.994
7068,552.5,244.5,0.996
7069,530.5,246.5,0.995
7070,508.5,250.5,0.996
7071,488.5,236.5,0.994
7072,472.5,228.5,0.991
7073,458.5,220.5,0.988
7074,442.5,212.5,0.991
7075,434.5,204.5,0.985
7076,448.5,202.5,0.991
7077,478.5,204.5,0.992
7078,500.5,206.5,0.993
7079,530.5,208.5,0.997
7080,554.5,214.5,0.987
7081,580.5,224.5,0.998
7082,608.5,236.5,0.993
7083,626.5,246.5,0.994
7084,652.5,260.5,0.994
7085,680.5,282.5,0.996
7086,706.5,304.5,0.996
7087,734.5,328.5,0.992
7088,756.5,330.5,0.996
7089,786.5,324.5,0.997
7090,814.5,322.5,0.998
7091,836.5,322.5,0.997
7092,870.5,330.5,0.997
7093,894.5,336.5,0.997
7094,912.5,336.5,0.983
7095,866.5,318.5,0.998
7096,818.5,300.5,0.999
7097,766.5,280.5,0.997
7098,716.5,266.5,0.995
7099,674.5,256.5,0.998
7100,624.5,246.5,0.996
7101,584.5,244.5,0.996
7102,544.5,242.5,0.996
7103,506.5,244.5,0.993
7104,476.5,246.5,0.996
7105,444.5,250.5,0.988
7106,404.5,260.5,0.993
7107,380.5,272.5,0.986
7108,350.5,282.5,0.991
7109,324.5,280.5,0.56
7110,300.5,264.5,0.991
7111,280.5,254.5,0.982
7112,244.5,232.5,0.992
7113,230.5,224.5,0.856
7114,266.5,210.5,0.837
7115,292.5,206.5,0.993
7116,334.5,198.5,0.989
7117,384.5,192.5,0.998
7118,422.5,190.5,0.998
7119,462.5,188.5,0.998
7120,508.5,190.5,0.999
7121,554.5,192.5,0.998
7122,594.5,196.5,0.997
7123,638.5,204.5,0.995
7124,686.5,214.5,0.998
7125,732.5,228.5,0.998
7126,774.5,242.5,0.998
7127,820.5,260.5,0.997
7128,820.5,262.5,0.995
7129,860.5,278.5,0.998
7130,900.5,300.5,0.996
7131,942.5,324.5,0.998
7132,980.5,350.5,0.997
7133,1018.5,374.5,0.999
7134,1056.5,404.5,0.998
7135,1086.5,430.5,0.998
7136,1118.5,460.5,0.999
7137,1150.5,492.5,0.996
7139,906.5,374.5,0.915
7174,306.5,112.5,0.859
7175,312.5,112.5,0.99
7181,314.5,206.5,0.964
7182,314.5,214.5,0.762
7253,144.5,462.5,0.516
7254,130.5,448.5,0.967
7255,114.5,436.5,0.94
7258,322.5,250.5,0.972
7263,376.5,202.5,0.518
7264,376.5,204.5,0.939
7265,366.5,204.5,0.993
7272,120.5,452.5,0.643
7281,316.5,202.5,0.503
7298,1250.5,212.5,0.995
7299,1188.5,220.5,0.981
7302,1036.5,250.5,0.966
7303,956.5,268.5,0.993
7304,922.5,282.5,0.998
7305,874.5,304.5,0.998
7306,848.5,314.5,0.999
7307,794.5,338.5,0.996
7308,764.5,296.5,1.0
7309,746.5,278.5,0.997
7310,722.5,260.5,0.999
7311,698.5,242.5,0.995
7312,676.5,228.5,0.999
7313,646.5,212.5,0.996
7314,630.5,208.5,0.995
7315,606.5,202.5,0.994
7316,588.5,200.5,0.995
7317,570.5,202.5,0.994
7318,548.5,206.5,0.995
7319,532.5,210.5,0.997
7320,514.5,218.5,0.994
7321,500.5,228.5,0.996
7322,482.5,242.5,0.996
7323,470.5,256.5,0.998
7324,456.5,272.5,0.993
7325,442.5,266.5,0.998
7326,428.5,244.5,0.998
7327,414.5,230.5,0.996
7328,402.5,218.5,0.995
7329,390.5,206.5,0.995
7330,372.5,196.5,0.995
7331,364.5,192.5,0.993
7332,354.5,188.5,0.997
7333,344.5,188.5,0.994
7334,332.5,188.5,0.993
7335,324.5,194.5,0.992
7336,316.5,200.5,0.997
7337,310.5,192.5,0.988
7338,302.5,184.5,0.995
7344,306.5,180.5,0.986
7345,318.5,184.5,0.988
7353,680.5,512.5,0.722
7354,650.5,520.5,0.554
7355,632.5,520.5,0.901
7356,612.5,524.5,0.968
7357,586.5,532.5,0.972
7384,560.5,568.5,0.776
7391,284.5,218.5,0.539
7395,524.5,544.5,0.897
7396,544.5,530.5,0.989
7397,614.5,528.5,0.994
7403,280.5,242.5,0.939
7404,748.5,556.5,0.986
7405,276.5,258.5,0.835
7406,226.5,248.5,0.745
7408,264.5,274.5,0.951
7423,1020.5,228.5,0.921
7432,1100.5,174.5,0.636
7442,302.5,272.5,0.611
7447,242.5,224.5,0.987
7448,242.5,212.5,0.994
7449,240.5,208.5,0.995
7450,238.5,200.5,0.997
7452,242.5,202.5,0.917
7454,236.5,210.5,0.991
7455,244.5,224.5,0.996
7456,268.5,238.5,0.993
7457,338.5,270.5,0.91
7458,306.5,240.5,0.958
7459,414.5,288.5,0.992
7460,450.5,274.5,0.996
7461,488.5,262.5,0.996
7462,528.5,258.5,0.995
7463,568.5,254.5,0.996
7464,604.5,252.5,0.997
7465,642.5,254.5,0.999
7466,686.5,258.5,0.999
7467,722.5,264.5,0.997
7468,758.5,276.5,0.998
7469,798.5,290.5,0.999
7470,834.5,306.5,0.998
7471,866.5,320.5,0.998
7472,898.5,334.5,0.979
7473,944.5,368.5,0.996
7474,978.5,360.5,0.993
7475,1010.5,354.5,0.994
7476,1044.5,348.5,0.991
7477,1072.5,344.5,0.997
7483,1258.5,396.5,0.987
7484,1272.5,408.5,0.738
7495,1224.5,242.5,0.674
7500,80.5,556.5,0.986
7546,1074.5,682.5,0.504
7661,1170.5,246.5,0.991
7662,1090.5,256.5,0.983
7663,1044.5,260.5,0.99
7664,994.5,270.5,0.998
7665,938.5,284.5,0.998
7666,884.5,302.5,0.998
7667,850.5,312.5,0.996
7668,790.5,336.5,0.993
7670,748.5,284.5,0.997
7671,722.5,262.5,0.999
7672,698.5,244.5,0.997
7673,674.5,228.5,0.999
7674,642.5,212.5,0.997
7675,628.5,208.5,0.996
7676,604.5,202.5,0.994
7677,582.5,200.5,0.99
7678,560.5,200.5,0.991
7679,542.5,200.5,0.995
7680,522.5,206.5,0.99
7681,506.5,212.5,0.993
7682,490.5,222.5,0.996
7683,476.5,232.5,0.996
7684,460.5,246.5,0.996
7685,444.5,252.5,0.991
7686,434.5,240.5,0.995
7687,420.5,222.5,0.997
7688,404.5,204.5,0.994
7689,396.5,196.5,0.995
7690,386.5,190.5,0.995
7691,378.5,186.5,0.988
7692,364.5,182.5,0.995
7693,362.5,174.5,0.995
7694,346.5,172.5,0.988
7699,346.5,170.5,0.883
7701,366.5,184.5,0.987
7702,378.5,200.5,0.992
7703,380.5,212.5,0.988
7704,388.5,226.5,0.987
7705,398.5,230.5,0.943
7719,1244.5,202.5,0.721
7741,678.5,290.5,0.627
7756,312.5,256.5,0.5
7757,300.5,256.5,0.989
7758,292.5,258.5,0.986
7759,284.5,260.5,0.994
7760,278.5,262.5,0.995
7761,268.5,264.5,0.995
7763,262.5,272.5,0.98
7785,260.5,274.5,0.918
7786,252.5,266.5,0.814
7788,248.5,236.5,0.871
7789,244.5,226.5,0.994
7790,240.5,216.5,0.997
7791,240.5,212.5,0.996
7792,240.5,208.5,0.992
7793,238.5,206.5,0.994
7794,236.5,210.5,0.992
7795,236.5,214.5,0.99
7796,236.5,218.5,0.992
7797,242.5,232.5,0.993
7798,268.5,246.5,0.993
7799,334.5,272.5,0.988
7801,410.5,298.5,0.995
7802,452.5,286.5,0.993
7803,494.5,276.5,0.997
7804,536.5,274.5,0.983
7805,572.5,268.5,0.995
7806,612.5,268.5,0.986
7807,642.5,272.5,0.997
7808,688.5,278.5,0.997
7809,732.5,288.5,0.999
7810,766.5,294.5,0.996
7811,794.5,306.5,0.993
7812,816.5,356.5,0.995
7813,870.5,344.5,0.994
7814,908.5,348.5,0.999
7815,946.5,336.5,0.998
7816,974.5,330.5,0.996
7817,1004.5,324.5,0.997
7818,1040.5,322.5,0.997
7819,1070.5,324.5,0.996
7820,1102.5,324.5,0.985
7822,1034.5,272.5,0.995
7823,978.5,246.5,0.987
7824,914.5,210.5,0.995
7825,864.5,192.5,0.997
7826,798.5,170.5,0.993
7827,756.5,160.5,0.999
7828,708.5,150.5,0.996
7829,670.5,146.5,0.993
7830,622.5,148.5,0.996
7831,580.5,148.5,0.992
7832,546.5,156.5,0.995
7833,510.5,162.5,0.998
7834,482.5,172.5,0.998
7835,450.5,186.5,0.997
7836,428.5,198.5,0.995
7837,402.5,214.5,0.997
7838,262.5,360.5,0.991
7839,266.5,350.5,0.99
7840,338.5,228.5,0.995
7841,296.5,328.5,0.992
7844,246.5,164.5,0.859
7852,342.5,72.5,0.653
7853,366.5,66.5,0.988
7854,398.5,64.5,0.895
7855,424.5,62.5,0.886
7856,452.5,62.5,0.956
7857,482.5,68.5,0.99
7858,514.5,72.5,0.997
7859,548.5,84.5,0.997
7860,580.5,96.5,0.999
7861,612.5,114.5,0.995
7862,644.5,130.5,0.997
7863,684.5,156.5,0.998
7864,714.5,180.5,0.995
7865,750.5,210.5,0.998
7866,782.5,238.5,0.999
7867,818.5,272.5,0.997
7868,850.5,308.5,0.999
7869,890.5,352.5,0.996
7870,930.5,402.5,0.997
7871,950.5,430.5,0.99
7872,980.5,472.5,0.995
7873,1010.5,520.5,0.995
7874,1040.5,568.5,0.997
7875,1068.5,616.5,0.993
7876,1092.5,658.5,0.988
7877,1122.5,696.5,0.989
7878,1142.5,682.5,0.994
7879,1166.5,668.5,0.997
7880,1186.5,658.5,0.995
7881,1208.5,652.5,0.984
7882,1230.5,646.5,0.989
7883,1252.5,644.5,0.994
7884,1270.5,646.5,0.991
7918,1244.5,304.5,0.664
7926,832.5,438.5,0.936
7927,902.5,380.5,0.569
7930,284.5,520.5,0.881
7934,830.5,600.5,0.966
7935,810.5,594.5,0.991
7936,784.5,586.5,0.958
7938,742.5,576.5,0.941
7939,718.5,570.5,0.719
7940,908.5,714.5,0.773
7941,672.5,560.5,0.979
7942,650.5,558.5,0.989
7943,632.5,552.5,0.972
7948,848.5,712.5,0.987
7951,786.5,714.5,0.713
7953,780.5,714.5,0.97
7959,826.5,714.5,0.83
7960,828.5,712.5,0.98
7961,828.5,712.5,0.992
7962,826.5,712.5,0.991
7964,822.5,712.5,0.986
7965,822.5,712.5,0.971
7966,820.5,712.5,0.985
7967,820.5,712.5,0.991
7968,818.5,712.5,0.992
7969,818.5,712.5,0.985
7970,818.5,712.5,0.992
7971,818.5,712.5,0.992
7973,820.5,714.5,0.729
7974,818.5,712.5,0.988
7975,820.5,712.5,0.991
7976,820.5,712.5,0.99
7977,820.5,712.5,0.99
7980,820.5,712.5,0.855
7981,822.5,712.5,0.9
7986,826.5,712.5,0.984
7987,828.5,712.5,0.669
7988,828.5,708.5,0.86
7990,490.5,564.5,0.99
7991,496.5,558.5,0.964
7992,506.5,546.5,0.992
7993,838.5,688.5,0.77
7997,84.5,570.5,0.715
8007,836.5,632.5,0.62
8009,374.5,134.5,0.895
8011,370.5,176.5,0.577
8012,362.5,192.5,0.622
8015,850.5,612.5,0.993
8021,682.5,292.5,0.986
8034,84.5,574.5,0.925
8040,334.5,238.5,0.985
8072,836.5,334.5,0.974
8074,758.5,290.5,0.998
8075,722.5,272.5,0.999
8076,686.5,258.5,0.998
8077,644.5,242.5,0.998
8078,624.5,238.5,0.997
8079,590.5,232.5,0.994
8080,562.5,230.5,0.989
8081,538.5,230.5,0.986
8082,512.5,234.5,0.989
8083,486.5,236.5,0.992
8084,468.5,232.5,0.994
8085,450.5,220.5,0.993
8087,414.5,198.5,0.996
8088,430.5,194.5,0.989
8089,452.5,192.5,0.992
8090,478.5,190.5,0.996
8091,498.5,190.5,0.996
8092,530.5,194.5,0.998
8093,552.5,200.5,0.99
8094,578.5,208.5,0.996
8095,608.5,220.5,0.993
8096,632.5,230.5,0.994
8097,648.5,242.5,0.999
8098,682.5,262.5,0.998
8099,700.5,276.5,0.995
8100,734.5,302.5,0.995
8101,754.5,328.5,0.997
8102,786.5,324.5,0.997
8103,812.5,320.5,0.996
8104,842.5,314.5,0.998
8105,866.5,316.5,0.995
8106,892.5,320.5,0.997
8107,914.5,324.5,0.993
8108,892.5,318.5,0.998
8109,836.5,302.5,0.998
8110,786.5,290.5,0.997
8111,738.5,278.5,0.998
8112,688.5,274.5,0.998
8113,638.5,272.5,0.998
8114,594.5,266.5,0.99
8115,558.5,272.5,0.992
8116,492.5,266.5,0.973
8117,490.5,282.5,0.991
8118,448.5,292.5,0.991
8119,414.5,286.5,0.997
8120,388.5,270.5,0.992
8121,366.5,260.5,0.991
8122,336.5,246.5,0.986
8123,306.5,240.5,0.992
8126,332.5,222.5,0.997
8127,358.5,222.5,0.988
8128,394.5,222.5,0.993
8129,424.5,224.5,0.992
8130,458.5,230.5,0.994
8131,482.5,234.5,0.992
8132,518.5,246.5,0.99
8133,554.5,258.5,0.99
8134,586.5,272.5,0.996
8135,620.5,286.5,0.997
8136,654.5,308.5,0.996
8137,690.5,334.5,0.997
8138,718.5,350.5,0.998
8139,754.5,384.5,0.988
8140,788.5,390.5,0.986
8141,820.5,378.5,0.996
8142,850.5,372.5,0.995
8143,886.5,366.5,0.995
8144,916.5,366.5,0.984
8145,956.5,370.5,0.991
8146,908.5,344.5,0.895
8147,850.5,320.5,0.993
8148,802.5,304.5,0.998
8149,752.5,290.5,0.998
8150,704.5,278.5,0.996
8151,654.5,272.5,0.991
8152,626.5,270.5,0.998
8153,586.5,266.5,0.996
8154,558.5,266.5,0.998
8155,534.5,266.5,0.976
8156,500.5,276.5,0.994
8157,474.5,270.5,0.996
8158,456.5,250.5,0.994
8159,442.5,236.5,0.997
8160,424.5,220.5,0.994
8161,404.5,206.5,0.996
8162,388.5,198.5,0.995
8163,380.5,192.5,0.996
8164,390.5,190.5,0.997
8165,408.5,190.5,0.994
8166,432.5,190.5,0.991
8167,454.5,194.5,0.995
8168,478.5,198.5,0.992
8169,502.5,210.5,0.997
8170,526.5,220.5,0.99
8171,548.5,234.5,0.993
8172,568.5,246.5,0.994
8173,594.5,266.5,0.997
8174,622.5,292.5,0.997
8175,644.5,316.5,0.994
8176,1164.5,416.5,0.993
8177,696.5,372.5,0.989
8178,724.5,404.5,0.997
8179,754.5,402.5,0.997
8180,778.5,398.5,0.99
8181,804.5,396.5,0.993
8182,834.5,402.5,0.997
8183,860.5,406.5,0.994
8184,892.5,420.5,0.983
8185,844.5,388.5,0.991
8186,776.5,356.5,0.992
8187,738.5,340.5,0.992
8188,674.5,316.5,0.986
8189,628.5,306.5,0.972
8190,584.5,296.5,0.995
8191,546.5,290.5,0.993
8192,510.5,284.5,0.991
8193,488.5,286.5,0.992
8194,460.5,290.5,0.995
8195,442.5,292.5,0.991
8196,416.5,286.5,0.995
8197,396.5,260.5,0.992
8198,378.5,244.5,0.996
8199,364.5,228.5,0.993
8200,348.5,216.5,0.997
8201,336.5,214.5,0.542
8202,326.5,204.5,0.996
8203,348.5,206.5,0.993
8204,386.5,210.5,0.99
8205,418.5,212.5,0.992
8206,460.5,224.5,0.997
8207,490.5,234.5,0.99
8208,526.5,246.5,0.992
8209,564.5,258.5,0.992
8211,612.5,288.5,0.937
8214,594.5,284.5,0.991
8215,586.5,270.5,0.998
8216,580.5,266.5,0.998
8217,574.5,262.5,0.998
8218,568.5,264.5,0.999
8219,562.5,266.5,0.999
8220,558.5,272.5,0.996
8221,554.5,272.5,0.996
8222,548.5,262.5,0.999
8223,542.5,258.5,0.999
8224,538.5,252.5,0.999
8225,534.5,250.5,0.999
8226,528.5,250.5,0.996
8227,524.5,252.5,0.998
8228,520.5,256.5,0.999
8229,514.5,252.5,0.998
8230,510.5,246.5,0.996
8231,506.5,242.5,0.994
8232,500.5,238.5,0.992
8233,494.5,234.5,0.989
8234,492.5,238.5,0.996
8235,490.5,244.5,0.997
8236,484.5,240.5,0.997
8237,480.5,232.5,0.989
8238,476.5,230.5,0.998
8239,470.5,228.5,0.995
8240,466.5,228.5,0.995
8241,466.5,230.5,0.995
8242,460.5,230.5,0.999
8243,458.5,226.5,0.998
8244,452.5,220.5,0.996
8245,824.5,688.5,0.773
8246,448.5,220.5,0.676
8247,442.5,216.5,0.986
8249,436.5,204.5,0.64
8250,432.5,198.5,0.991
8251,420.5,196.5,0.991
8252,414.5,200.5,0.989
8253,406.5,206.5,0.986
8257,406.5,250.5,0.546
8260,602.5,522.5,0.869
8261,582.5,530.5,0.988
8263,546.5,544.5,0.59
8266,502.5,578.5,0.984
8271,520.5,544.5,0.993
8282,844.5,630.5,0.861
8283,324.5,218.5,0.869
8287,850.5,632.5,0.989
8293,316.5,224.5,0.816
8294,86.5,572.5,0.964
8298,522.5,528.5,0.986
8299,542.5,518.5,0.855
8300,1010.5,712.5,0.991
8305,650.5,538.5,0.641
8311,682.5,284.5,0.957
8313,980.5,596.5,0.888
8316,972.5,534.5,0.646
8324,290.5,254.5,0.988
8325,284.5,258.5,0.981
8327,278.5,262.5,0.995
8329,270.5,264.5,0.941
8331,264.5,270.5,0.969
8332,264.5,268.5,0.91
8333,1084.5,168.5,0.964
8334,1228.5,586.5,0.89
8350,250.5,272.5,0.565
8353,242.5,226.5,0.99
8354,238.5,216.5,0.989
8355,234.5,208.5,0.993
8356,232.5,202.5,0.985
8357,234.5,198.5,0.996
8358,232.5,198.5,0.994
8359,234.5,200.5,0.995
8360,234.5,206.5,0.996
8361,232.5,210.5,0.999
8362,234.5,220.5,0.999
8363,244.5,236.5,0.996
8364,268.5,244.5,0.989
8365,288.5,256.5,0.985
8366,306.5,246.5,0.974
8367,314.5,238.5,0.977
8368,448.5,294.5,0.992
8369,482.5,284.5,0.992
8370,512.5,276.5,0.959
8371,548.5,272.5,0.995
8372,580.5,268.5,0.995
8373,622.5,270.5,0.997
8374,642.5,270.5,0.997
8375,686.5,276.5,0.998
8376,716.5,282.5,0.993
8377,746.5,292.5,0.997
8378,760.5,326.5,0.946
8379,802.5,324.5,0.996
8380,834.5,318.5,0.997
8381,858.5,310.5,0.997
8382,884.5,304.5,0.992
8383,912.5,296.5,0.993
8384,940.5,294.5,0.995
8385,956.5,294.5,0.996
8386,994.5,300.5,0.993
8388,938.5,272.5,0.999
8389,888.5,254.5,0.998
8390,838.5,240.5,0.999
8391,790.5,226.5,0.998
8392,746.5,220.5,0.996
8393,702.5,214.5,0.997
8394,672.5,212.5,0.995
8395,622.5,216.5,0.995
8396,586.5,222.5,0.998
8397,556.5,228.5,0.997
8398,526.5,236.5,0.991
8399,490.5,246.5,0.996
8400,466.5,260.5,0.994
8401,434.5,248.5,0.996
8402,418.5,236.5,0.995
8403,392.5,216.5,0.989
8404,370.5,204.5,0.996
8406,330.5,192.5,0.862
8410,348.5,174.5,0.989
8411,382.5,172.5,0.985
8412,412.5,170.5,0.988
8413,454.5,174.5,0.997
8414,484.5,178.5,0.997
8415,526.5,184.5,0.997
8416,556.5,192.5,0.997
8417,590.5,202.5,0.996
8418,626.5,216.5,0.996
8419,668.5,234.5,0.993
8420,692.5,248.5,0.998
8421,728.5,268.5,0.997
8422,760.5,290.5,0.996
8424,398.5,172.5,0.99
8425,818.5,338.5,0.999
8426,868.5,318.5,0.999
8427,890.5,312.5,0.997
8428,926.5,306.5,0.997
8429,952.5,300.5,0.995
8430,994.5,298.5,0.997
8431,1018.5,300.5,0.99
8432,1052.5,302.5,0.983
8433,1082.5,306.5,0.954
8434,1102.5,284.5,0.663
8435,1102.5,258.5,0.989
8449,924.5,128.5,0.676
8451,876.5,222.5,0.985
8452,854.5,262.5,0.994
8453,834.5,306.5,0.998
8454,812.5,346.5,0.996
8455,794.5,384.5,0.985
8456,774.5,430.5,0.993
8457,772.5,386.5,0.985
8458,770.5,348.5,0.998
8459,764.5,322.5,0.988
8460,764.5,280.5,0.947
8461,762.5,248.5,0.992
8462,760.5,222.5,0.996
8463,754.5,196.5,0.973
8464,750.5,174.5,0.996
8465,746.5,156.5,0.997
8466,742.5,142.5,0.997
8467,736.5,132.5,0.969
8468,730.5,128.5,0.988
8469,724.5,128.5,0.929
8470,716.5,130.5,0.993
8471,712.5,138.5,0.996
8472,708.5,148.5,0.995
8473,702.5,162.5,0.997
8474,696.5,180.5,0.996
8475,692.5,202.5,0.996
8476,686.5,224.5,0.998
8477,682.5,248.5,0.991
8478,678.5,268.5,0.993
8479,676.5,298.5,0.991
8480,670.5,330.5,0.924
8481,662.5,372.5,0.968
8482,660.5,400.5,0.996
8483,656.5,426.5,0.984
8484,642.5,406.5,0.992
8485,632.5,392.5,0.997
8486,620.5,372.5,0.987
8487,608.5,360.5,0.994
8489,572.5,342.5,0.832
8490,556.5,340.5,0.766
8491,544.5,342.5,0.843
8492,530.5,348.5,0.99
8493,512.5,352.5,0.928
8495,486.5,386.5,0.994
8496,468.5,408.5,0.995
8497,456.5,432.5,0.992
8498,442.5,460.5,0.99
8499,430.5,490.5,0.975
8500,416.5,526.5,0.983
8501,408.5,554.5,0.985
8502,394.5,596.5,0.982
8503,386.5,632.5,0.991
8505,366.5,662.5,0.99
8506,358.5,662.5,0.993
8507,350.5,662.5,0.996
8508,340.5,668.5,0.996
8509,332.5,676.5,0.995
8510,326.5,688.5,0.998
8511,320.5,696.5,0.995
8523,678.5,514.5,0.961
8537,194.5,504.5,0.981
8539,202.5,506.5,0.883
8540,202.5,514.5,0.995
8541,204.5,522.5,0.998
8542,204.5,538.5,0.985
8543,200.5,554.5,0.918
8548,566.5,502.5,0.962
8549,566.5,490.5,0.937
8553,452.5,484.5,0.978
8554,458.5,514.5,0.988
8556,484.5,510.5,0.995
8563,412.5,246.5,0.901
8574,344.5,298.5,0.993
8576,386.5,296.5,0.984
8577,388.5,296.5,0.661
8584,306.5,654.5,0.622
8589,326.5,600.5,0.827
8662,1010.5,248.5,0.689
8672,810.5,338.5,0.985
8673,748.5,322.5,0.665
8674,700.5,282.5,0.996
8675,658.5,264.5,0.996
8676,628.5,256.5,0.998
8677,590.5,244.5,0.998
8678,556.5,238.5,0.998
8679,524.5,236.5,0.989
8680,488.5,236.5,0.994
8681,464.5,236.5,0.996
8682,440.5,244.5,0.995
8683,414.5,246.5,0.995
8684,388.5,232.5,0.995
8685,364.5,216.5,0.99
8686,370.5,204.5,0.985
8687,386.5,190.5,0.995
8688,402.5,174.5,0.993
8689,414.5,164.5,0.987
8690,428.5,156.5,0.992
8691,442.5,148.5,0.991
8692,458.5,142.5,0.994
8693,474.5,140.5,0.996
8694,488.5,138.5,0.997
8695,506.5,140.5,0.997
8696,522.5,146.5,0.997
8697,540.5,152.5,0.997
8698,556.5,162.5,0.997
8699,576.5,176.5,0.994
8700,592.5,190.5,0.998
8701,610.5,208.5,0.998
8702,628.5,228.5,0.997
8703,640.5,244.5,0.989
8704,656.5,268.5,0.99
8705,680.5,298.5,0.996
8706,698.5,330.5,0.997
8707,714.5,360.5,0.99
8708,732.5,398.5,0.995
8709,746.5,378.5,0.992
8710,762.5,362.5,0.998
8711,774.5,350.5,0.999
8712,788.5,340.5,0.997
8713,802.5,334.5,0.996
8714,816.5,328.5,0.998
8715,830.5,326.5,0.998
8716,846.5,330.5,0.996
8717,858.5,336.5,0.998
8719,766.5,320.5,0.99
8720,706.5,306.5,0.985
8721,678.5,296.5,0.987
8722,606.5,292.5,0.994
8723,570.5,294.5,0.996
8725,502.5,294.5,0.968
8726,472.5,284.5,0.983
8727,448.5,260.5,0.996
8728,422.5,238.5,0.999
8729,402.5,220.5,0.997
8730,384.5,206.5,0.996
8731,370.5,196.5,0.996
8732,350.5,192.5,0.65
8738,224.5,394.5,0.975
8752,330.5,214.5,0.985
8753,324.5,220.5,0.877
8758,66.5,506.5,0.987
8761,76.5,500.5,0.989
8763,308.5,372.5,0.68
8764,322.5,368.5,0.943
8776,1152.5,192.5,0.968
8783,438.5,192.5,0.7
8792,820.5,590.5,0.577
8794,742.5,596.5,0.628
8799,632.5,556.5,0.601
8800,610.5,556.5,0.581
8801,590.5,556.5,0.662
8802,864.5,712.5,0.99
8803,864.5,714.5,0.743
8806,764.5,216.5,0.72
8816,100.5,490.5,0.871
8817,214.5,494.5,0.988
8818,212.5,494.5,0.971
8819,206.5,496.5,0.993
8820,686.5,112.5,0.862
8826,298.5,584.5,0.961
8827,294.5,580.5,0.989
8828,292.5,578.5,0.99
8836,400.5,186.5,0.501
8840,820.5,256.5,0.991
8842,824.5,240.5,0.818
8843,494.5,584.5,0.951
8844,858.5,684.5,0.857
8846,860.5,682.5,0.78
8854,660.5,590.5,0.966
8856,714.5,598.5,0.848
8857,754.5,612.5,0.932
8860,852.5,576.5,0.924
8874,956.5,690.5,0.899
8889,460.5,198.5,0.551
8892,442.5,198.5,0.988
8901,1048.5,232.5,0.836
8903,1242.5,620.5,0.945
8911,1070.5,346.5,0.877
8919,344.5,336.5,0.579
8941,284.5,262.5,0.75
8942,280.5,264.5,0.993
8945,266.5,272.5,0.99
8946,262.5,272.5,0.991
8968,1088.5,434.5,0.983
8977,242.5,228.5,0.988
8978,240.5,220.5,0.989
8979,238.5,212.5,0.995
8980,234.5,208.5,0.996
8981,230.5,202.5,0.99
8982,230.5,204.5,0.996
8983,230.5,202.5,0.996
8984,228.5,208.5,0.987
8985,228.5,212.5,0.991
8986,226.5,222.5,0.994
8987,236.5,234.5,0.992
8988,254.5,246.5,0.997
8989,316.5,272.5,0.97
8990,294.5,248.5,0.833
8991,306.5,238.5,0.99
8992,316.5,224.5,0.991
8993,442.5,284.5,0.993
8994,474.5,278.5,0.99
8995,506.5,276.5,0.994
8996,540.5,276.5,0.994
8997,574.5,280.5,0.99
8998,610.5,290.5,0.996
8999,640.5,292.5,0.99
9000,682.5,310.5,0.998
9001,710.5,324.5,0.995
9002,742.5,342.5,0.99
9003,776.5,364.5,0.997
9004,804.5,368.5,0.995
9005,834.5,356.5,0.998
9006,870.5,348.5,0.997
9007,896.5,344.5,0.999
9008,924.5,346.5,0.996
9010,916.5,324.5,0.998
9011,868.5,302.5,0.995
9012,812.5,274.5,0.995
9013,762.5,258.5,0.999
9014,720.5,244.5,0.999
9015,682.5,236.5,0.998
9016,642.5,228.5,0.997
9017,608.5,226.5,0.997
9018,578.5,226.5,0.996
9019,546.5,228.5,0.988
9020,528.5,232.5,0.993
9021,504.5,240.5,0.991
9022,484.5,244.5,0.995
9023,460.5,242.5,0.996
9024,442.5,222.5,0.994
9025,426.5,204.5,0.988
9026,404.5,190.5,0.992
9027,402.5,180.5,0.993
9028,418.5,178.5,0.994
9029,444.5,172.5,0.993
9030,470.5,170.5,0.993
9031,494.5,168.5,0.997
9032,526.5,172.5,0.994
9033,552.5,176.5,0.994
9034,578.5,184.5,0.995
9035,608.5,194.5,0.994
9036,634.5,204.5,0.993
9037,664.5,220.5,0.994
9038,686.5,234.5,0.998
9039,716.5,254.5,0.994
9040,742.5,274.5,0.995
9041,762.5,290.5,0.996
9042,770.5,348.5,0.976
9043,820.5,352.5,0.999
9044,850.5,338.5,0.997
9045,882.5,328.5,0.997
9046,902.5,324.5,0.998
9047,932.5,322.5,0.991
9048,964.5,322.5,0.996
9049,986.5,324.5,0.992
9051,914.5,290.5,0.987
9052,848.5,274.5,0.977
9053,798.5,262.5,0.994
9054,746.5,254.5,0.999
9055,696.5,246.5,0.99
9056,652.5,244.5,0.995
9057,608.5,244.5,0.998
9058,574.5,246.5,0.991
9059,534.5,250.5,0.996
9060,500.5,258.5,0.995
9061,468.5,266.5,0.994
9062,446.5,272.5,0.997
9063,416.5,252.5,0.993
9064,392.5,236.5,0.984
9065,370.5,222.5,0.993
9067,332.5,202.5,0.997
9068,348.5,200.5,0.989
9069,380.5,200.5,0.995
9070,402.5,202.5,0.997
9071,432.5,206.5,0.997
9072,456.5,212.5,0.993
9073,484.5,220.5,0.995
9074,518.5,232.5,0.988
9075,546.5,246.5,0.996
9076,576.5,260.5,0.993
9077,616.5,280.5,0.997
9078,640.5,304.5,0.996
9079,670.5,324.5,0.993
9080,700.5,346.5,0.993
9081,736.5,384.5,0.991
9082,762.5,386.5,0.995
9083,798.5,378.5,0.997
9084,832.5,372.5,0.998
9085,862.5,372.5,0.998
9086,894.5,374.5,0.998
9087,318.5,332.5,0.987
9088,856.5,340.5,0.992
9089,812.5,322.5,0.988
9090,754.5,296.5,0.998
9091,706.5,278.5,0.995
9092,674.5,268.5,0.993
9093,630.5,258.5,0.997
9094,596.5,252.5,0.992
9095,574.5,250.5,0.994
9096,546.5,250.5,0.994
9097,524.5,250.5,0.999
9098,504.5,252.5,0.998
9099,486.5,258.5,0.997
9100,468.5,246.5,0.996
9101,452.5,228.5,0.996
9102,438.5,210.5,0.986
9103,426.5,196.5,0.998
9104,418.5,186.5,0.997
9105,432.5,186.5,0.988
9106,458.5,188.5,0.997
9107,486.5,190.5,0.983
9108,516.5,196.5,0.988
9109,546.5,204.5,0.995
9110,574.5,214.5,0.995
9111,602.5,228.5,0.995
9112,632.5,244.5,0.996
9113,652.5,256.5,0.996
9114,682.5,276.5,0.995
9115,722.5,302.5,0.983
9116,740.5,324.5,0.997
9117,766.5,324.5,0.998
9118,776.5,352.5,0.991
9119,838.5,314.5,0.998
9120,862.5,318.5,0.998
9121,890.5,322.5,0.999
9122,922.5,330.5,0.995
9123,948.5,338.5,0.989
9124,932.5,332.5,0.997
9125,892.5,318.5,0.998
9126,836.5,298.5,0.998
9127,788.5,282.5,0.997
9128,738.5,268.5,0.998
9129,696.5,260.5,0.998
9130,652.5,256.5,0.99
9131,612.5,254.5,0.996
9132,574.5,254.5,0.994
9133,542.5,252.5,0.997
9134,500.5,260.5,0.994
9135,468.5,268.5,0.997
9136,446.5,276.5,0.997
9137,416.5,288.5,0.994
9138,388.5,280.5,0.99
9139,364.5,266.5,0.993
9140,334.5,250.5,0.992
9141,310.5,240.5,0.995
9142,290.5,232.5,0.994
9145,330.5,208.5,0.996
9146,370.5,200.5,0.995
9147,414.5,194.5,0.998
9148,452.5,190.5,0.998
9149,494.5,190.5,0.998
9150,540.5,192.5,0.997
9151,584.5,196.5,0.996
9152,626.5,204.5,0.996
9153,672.5,212.5,0.995
9154,710.5,222.5,0.997
9155,750.5,234.5,0.997
9156,788.5,246.5,0.998
9157,830.5,264.5,0.999
9158,866.5,280.5,0.998
9159,902.5,302.5,0.995
9160,940.5,324.5,0.997
9161,976.5,348.5,0.997
9162,1006.5,370.5,0.996
9163,1036.5,394.5,0.995
9164,1062.5,418.5,0.995
9165,1090.5,446.5,0.998
9166,1118.5,474.5,0.992
9167,1140.5,498.5,0.994
9168,1156.5,488.5,0.972
9175,1090.5,684.5,0.855
9208,352.5,344.5,0.984
9213,318.5,370.5,0.992
9216,278.5,398.5,0.987
9217,262.5,406.5,0.988
9218,248.5,416.5,0.99
9221,200.5,432.5,0.99
9233,1032.5,362.5,0.826
9240,960.5,354.5,0.654
9242,946.5,362.5,0.917
9244,932.5,398.5,0.993
9249,960.5,414.5,0.583
9252,918.5,446.5,0.569
9266,834.5,440.5,0.518
9268,814.5,440.5,0.624
9275,172.5,448.5,0.844
9282,738.5,488.5,0.635
9295,76.5,512.5,0.963
9296,600.5,528.5,0.968
9297,200.5,464.5,0.981
9298,216.5,456.5,0.989
9299,232.5,448.5,0.995
9300,246.5,438.5,0.989
9302,270.5,422.5,0.735
9307,164.5,448.5,0.974
9308,132.5,432.5,0.658
9309,146.5,424.5,0.951
9310,164.5,422.5,0.984
9311,178.5,418.5,0.995
9312,194.5,416.5,0.996
9313,210.5,416.5,0.941
9322,232.5,430.5,0.992
9324,236.5,414.5,0.979
9334,358.5,218.5,0.831
9348,476.5,596.5,0.992
9351,344.5,344.5,0.932
9371,478.5,574.5,0.891
9372,474.5,576.5,0.764
9373,480.5,568.5,0.5
9374,482.5,568.5,0.796
9375,484.5,566.5,0.514
9376,484.5,566.5,0.92
9377,484.5,564.5,0.982
9378,488.5,564.5,0.737
