track,frame,t_s,x_px,y_px
0,76,2.533,302.5,590.5
0,77,2.567,314.5,578.5
0,78,2.6,326.5,570.5
0,79,2.633,342.5,564.5
0,80,2.667,356.5,560.5
0,81,2.7,368.5,560.5
0,82,2.733,384.5,558.5
0,83,2.767,402.5,558.5
1,151,5.033,554.5,440.5
1,152,5.067,566.5,412.5
1,154,5.133,564.5,346.5
1,155,5.167,562.5,322.5
1,156,5.2,562.5,304.5
1,157,5.233,554.5,292.5
1,158,5.267,550.5,280.5
1,161,5.367,546.5,286.5
1,162,5.4,548.5,300.5
1,163,5.433,548.5,316.5
1,164,5.467,546.5,330.5
1,167,5.567,550.5,414.5
2,175,5.833,268.5,292.5
2,177,5.9,268.5,292.5
2,179,5.967,268.5,292.5
2,182,6.067,268.5,294.5
2,185,6.167,188.5,234.5
3,197,6.567,582.5,378.5
3,198,6.6,578.5,350.5
3,199,6.633,570.5,324.5
3,200,6.667,570.5,308.5
3,201,6.7,570.5,298.5
3,202,6.733,568.5,286.5
3,203,6.767,568.5,276.5
3,204,6.8,564.5,280.5
3,205,6.833,562.5,288.5
3,206,6.867,564.5,302.5
3,207,6.9,562.5,316.5
3,208,6.933,562.5,338.5
3,209,6.967,556.5,356.5
3,211,7.033,560.5,412.5
4,239,7.967,588.5,384.5
4,240,8.0,584.5,340.5
4,241,8.033,584.5,312.5
4,242,8.067,584.5,298.5
4,243,8.1,586.5,268.5
4,244,8.133,582.5,256.5
4,245,8.167,574.5,244.5
4,246,8.2,570.5,234.5
4,247,8.233,570.5,234.5
4,249,8.3,564.5,248.5
4,250,8.333,560.5,258.5
4,251,8.367,558.5,276.5
4,252,8.4,562.5,300.5
4,253,8.433,550.5,322.5
4,256,8.533,552.5,416.5
5,284,9.467,604.5,390.5
5,285,9.5,606.5,370.5
5,286,9.533,604.5,350.5
5,287,9.567,610.5,332.5
5,288,9.6,604.5,322.5
5,292,9.733,608.5,328.5
5,293,9.767,610.5,338.5
5,294,9.8,610.5,356.5
5,295,9.833,610.5,374.5
6,507,16.9,584.5,384.5
6,508,16.933,584.5,366.5
6,509,16.967,580.5,352.5
6,510,17.0,578.5,346.5
6,514,17.133,564.5,370.5
6,515,17.167,562.5,384.5
6,516,17.2,556.5,408.5
6,517,17.233,542.5,420.5
7,551,18.367,266.5,564.5
7,554,18.467,262.5,544.5
7,555,18.5,258.5,540.5
7,557,18.567,250.5,528.5
7,559,18.633,238.5,512.5
8,692,23.067,814.5,338.5
8,693,23.1,766.5,338.5
8,694,23.133,730.5,292.5
8,695,23.167,692.5,274.5
8,696,23.2,652.5,258.5
8,697,23.233,624.5,246.5
8,698,23.267,594.5,240.5
8,699,23.3,558.5,234.5
8,700,23.333,534.5,230.5
8,701,23.367,500.5,232.5
8,702,23.4,474.5,234.5
8,703,23.433,452.5,240.5
8,704,23.467,430.5,246.5
8,705,23.5,412.5,252.5
8,706,23.533,394.5,246.5
8,707,23.567,368.5,226.5
8,708,23.6,354.5,216.5
8,710,23.667,370.5,198.5
8,711,23.7,386.5,190.5
8,712,23.733,412.5,184.5
8,713,23.767,436.5,178.5
8,714,23.8,452.5,178.5
8,715,23.833,482.5,178.5
8,716,23.867,500.5,180.5
8,717,23.9,528.5,186.5
8,718,23.933,550.5,192.5
8,719,23.967,578.5,204.5
8,720,24.0,604.5,216.5
8,721,24.033,624.5,228.5
8,722,24.067,644.5,242.5
8,723,24.1,676.5,268.5
8,724,24.133,690.5,282.5
8,725,24.167,716.5,306.5
8,726,24.2,742.5,336.5
8,727,24.233,770.5,354.5
8,728,24.267,786.5,342.5
8,729,24.3,814.5,324.5
8,730,24.333,842.5,314.5
8,731,24.367,860.5,312.5
8,732,24.4,882.5,308.5
8,733,24.433,900.5,308.5
8,734,24.467,926.5,308.5
8,735,24.5,886.5,290.5
8,736,24.533,826.5,276.5
8,738,24.6,884.5,362.5
9,743,24.767,492.5,230.5
9,744,24.8,460.5,234.5
9,745,24.833,426.5,236.5
9,746,24.867,402.5,240.5
9,747,24.9,378.5,248.5
9,749,24.967,336.5,206.5
9,750,25.0,356.5,206.5
9,751,25.033,382.5,198.5
9,752,25.067,404.5,194.5
9,753,25.1,436.5,192.5
9,754,25.133,458.5,192.5
9,755,25.167,482.5,196.5
9,756,25.2,512.5,202.5
9,757,25.233,544.5,208.5
9,758,25.267,570.5,218.5
9,759,25.3,596.5,230.5
9,760,25.333,624.5,244.5
9,761,25.367,650.5,258.5
9,762,25.4,682.5,280.5
9,763,25.433,702.5,294.5
9,764,25.467,738.5,324.5
9,765,25.5,764.5,348.5
9,766,25.533,790.5,384.5
9,767,25.567,820.5,374.5
9,768,25.6,850.5,368.5
9,769,25.633,880.5,364.5
9,770,25.667,910.5,364.5
9,771,25.7,942.5,368.5
9,772,25.733,970.5,372.5
9,773,25.767,910.5,352.5
9,775,25.833,796.5,324.5
9,776,25.867,714.5,306.5
9,777,25.9,638.5,298.5
9,778,25.933,588.5,294.5
9,782,26.067,412.5,300.5
9,784,26.133,346.5,270.5
9,785,26.167,316.5,254.5
9,786,26.2,288.5,238.5
9,789,26.3,308.5,194.5
9,790,26.333,322.5,186.5
9,791,26.367,348.5,176.5
9,792,26.4,370.5,166.5
9,793,26.433,402.5,160.5
9,794,26.467,430.5,156.5
9,795,26.5,458.5,156.5
9,796,26.533,482.5,156.5
9,797,26.567,510.5,160.5
9,798,26.6,540.5,166.5
9,799,26.633,566.5,174.5
9,800,26.667,594.5,184.5
9,801,26.7,624.5,196.5
9,802,26.733,644.5,208.5
9,803,26.767,678.5,228.5
9,804,26.8,700.5,244.5
9,805,26.833,730.5,266.5
9,806,26.867,752.5,286.5
9,807,26.9,756.5,298.5
9,808,26.933,790.5,328.5
9,809,26.967,824.5,306.5
9,810,27.0,836.5,300.5
9,811,27.033,862.5,282.5
9,812,27.067,880.5,270.5
9,813,27.1,900.5,264.5
9,814,27.133,918.5,260.5
9,815,27.167,938.5,256.5
9,816,27.2,958.5,256.5
9,818,27.267,998.5,264.5
9,821,27.367,882.5,270.5
9,822,27.4,834.5,270.5
9,824,27.467,846.5,224.5
9,827,27.567,600.5,288.5
9,828,27.6,602.5,290.5
9,829,27.633,604.5,292.5
9,830,27.667,610.5,304.5
9,831,27.7,612.5,314.5
9,832,27.733,612.5,326.5
9,833,27.767,614.5,342.5
9,834,27.8,616.5,354.5
9,835,27.833,616.5,348.5
9,836,27.867,616.5,346.5
9,837,27.9,616.5,354.5
9,838,27.933,616.5,358.5
9,839,27.967,616.5,368.5
9,840,28.0,616.5,380.5
9,841,28.033,614.5,394.5
9,842,28.067,614.5,402.5
9,843,28.1,614.5,400.5
9,844,28.133,608.5,396.5
9,845,28.167,604.5,404.5
9,846,28.2,600.5,410.5
9,847,28.233,596.5,420.5
9,848,28.267,594.5,434.5
9,849,28.3,590.5,448.5
9,850,28.333,588.5,468.5
9,851,28.367,584.5,490.5
9,852,28.4,582.5,512.5
9,853,28.433,580.5,540.5
9,854,28.467,578.5,566.5
9,855,28.5,576.5,598.5
9,856,28.533,574.5,630.5
9,857,28.567,572.5,660.5
9,859,28.633,564.5,706.5
9,860,28.667,556.5,694.5
9,861,28.7,548.5,688.5
9,862,28.733,546.5,682.5
10,881,29.367,386.5,358.5
10,882,29.4,386.5,360.5
10,884,29.467,386.5,360.5
10,885,29.5,386.5,360.5
10,886,29.533,386.5,360.5
10,887,29.567,386.5,360.5
10,888,29.6,386.5,360.5
10,890,29.667,386.5,360.5
10,891,29.7,386.5,360.5
10,892,29.733,386.5,360.5
10,893,29.767,386.5,360.5
10,894,29.8,386.5,360.5
10,895,29.833,386.5,360.5
10,896,29.867,386.5,360.5
10,897,29.9,386.5,360.5
11,1015,33.833,754.5,292.5
11,1016,33.867,716.5,276.5
11,1017,33.9,678.5,262.5
11,1018,33.933,640.5,254.5
11,1019,33.967,606.5,244.5
11,1020,34.0,568.5,242.5
11,1021,34.033,540.5,240.5
11,1022,34.067,504.5,242.5
11,1023,34.1,478.5,246.5
11,1024,34.133,454.5,250.5
11,1025,34.167,426.5,260.5
11,1026,34.2,408.5,254.5
11,1027,34.233,382.5,236.5
12,1033,34.433,366.5,174.5
12,1034,34.467,386.5,164.5
12,1035,34.5,416.5,156.5
12,1036,34.533,444.5,150.5
12,1037,34.567,466.5,148.5
12,1038,34.6,494.5,146.5
12,1039,34.633,526.5,148.5
12,1040,34.667,558.5,152.5
12,1041,34.7,584.5,158.5
12,1042,34.733,616.5,168.5
12,1043,34.767,642.5,178.5
12,1044,34.8,676.5,194.5
12,1045,34.833,708.5,210.5
12,1046,34.867,738.5,230.5
12,1047,34.9,770.5,254.5
12,1048,34.933,804.5,282.5
12,1049,34.967,832.5,306.5
12,1050,35.0,868.5,338.5
12,1051,35.033,896.5,370.5
12,1052,35.067,932.5,412.5
12,1053,35.1,964.5,450.5
12,1054,35.133,994.5,490.5
12,1055,35.167,1030.5,536.5
12,1056,35.2,1056.5,580.5
12,1057,35.233,1086.5,634.5
12,1058,35.267,1118.5,682.5
12,1059,35.3,1140.5,714.5
13,1096,36.533,1240.5,272.5
13,1100,36.667,966.5,488.5
13,1101,36.7,928.5,428.5
13,1102,36.733,898.5,384.5
13,1104,36.8,806.5,272.5
13,1105,36.833,766.5,236.5
13,1106,36.867,730.5,204.5
13,1107,36.9,692.5,176.5
13,1108,36.933,660.5,156.5
13,1109,36.967,626.5,140.5
13,1110,37.0,596.5,130.5
13,1111,37.033,566.5,122.5
13,1112,37.067,542.5,120.5
13,1113,37.1,516.5,122.5
13,1114,37.133,494.5,124.5
13,1115,37.167,470.5,132.5
13,1116,37.2,454.5,142.5
13,1117,37.233,438.5,154.5
13,1118,37.267,422.5,168.5
13,1119,37.3,408.5,184.5
13,1120,37.333,394.5,202.5
13,1121,37.367,382.5,220.5
13,1122,37.4,370.5,242.5
13,1123,37.433,362.5,260.5
14,1128,37.6,308.5,206.5
14,1129,37.633,316.5,184.5
14,1130,37.667,288.5,168.5
14,1131,37.7,280.5,158.5
14,1132,37.733,272.5,148.5
14,1133,37.767,266.5,140.5
14,1134,37.8,256.5,132.5
14,1136,37.867,250.5,156.5
14,1139,37.967,254.5,198.5
14,1140,38.0,256.5,208.5
15,1185,39.5,300.5,246.5
15,1187,39.567,288.5,250.5
15,1188,39.6,282.5,256.5
15,1191,39.7,274.5,266.5
15,1193,39.767,266.5,272.5
16,1226,40.867,232.5,272.5
16,1229,40.967,242.5,224.5
16,1230,41.0,240.5,218.5
16,1231,41.033,282.5,258.5
16,1232,41.067,240.5,212.5
16,1234,41.133,242.5,220.5
16,1235,41.167,240.5,228.5
16,1236,41.2,252.5,242.5
16,1237,41.233,286.5,254.5
16,1238,41.267,336.5,268.5
16,1239,41.3,386.5,292.5
16,1240,41.333,414.5,292.5
16,1241,41.367,450.5,280.5
16,1242,41.4,484.5,270.5
16,1243,41.433,524.5,268.5
16,1244,41.467,560.5,268.5
16,1245,41.5,594.5,266.5
16,1246,41.533,634.5,272.5
16,1247,41.567,674.5,280.5
16,1248,41.6,700.5,286.5
16,1249,41.633,732.5,296.5
16,1250,41.667,756.5,302.5
16,1251,41.7,800.5,332.5
16,1252,41.733,828.5,336.5
16,1253,41.767,868.5,318.5
16,1254,41.8,894.5,314.5
16,1255,41.833,926.5,308.5
16,1256,41.867,950.5,308.5
16,1258,41.933,1008.5,314.5
16,1259,41.967,1000.5,308.5
16,1260,42.0,946.5,286.5
16,1261,42.033,898.5,270.5
16,1262,42.067,840.5,258.5
16,1263,42.1,786.5,248.5
16,1264,42.133,746.5,244.5
16,1265,42.167,700.5,244.5
16,1266,42.2,654.5,242.5
16,1267,42.233,618.5,250.5
16,1268,42.267,572.5,258.5
16,1269,42.3,546.5,264.5
16,1270,42.333,508.5,278.5
16,1271,42.367,476.5,264.5
16,1272,42.4,450.5,250.5
16,1273,42.433,426.5,236.5
16,1274,42.467,402.5,226.5
16,1275,42.5,372.5,212.5
16,1276,42.533,356.5,210.5
16,1278,42.6,386.5,200.5
16,1279,42.633,368.5,196.5
16,1280,42.667,386.5,194.5
16,1281,42.7,408.5,196.5
16,1282,42.733,434.5,200.5
16,1283,42.767,454.5,206.5
16,1284,42.8,480.5,216.5
16,1285,42.833,500.5,226.5
16,1286,42.867,526.5,240.5
16,1287,42.9,550.5,256.5
16,1288,42.933,574.5,274.5
16,1289,42.967,594.5,294.5
16,1290,43.0,620.5,320.5
16,1291,43.033,644.5,352.5
16,1292,43.067,668.5,380.5
16,1293,43.1,692.5,392.5
16,1294,43.133,718.5,378.5
16,1295,43.167,738.5,372.5
16,1296,43.2,762.5,366.5
16,1297,43.233,786.5,368.5
16,1298,43.267,812.5,370.5
16,1299,43.3,836.5,382.5
16,1300,43.333,802.5,364.5
16,1301,43.367,746.5,338.5
16,1304,43.467,560.5,276.5
16,1305,43.5,516.5,272.5
16,1306,43.533,488.5,266.5
16,1307,43.567,452.5,264.5
16,1308,43.6,426.5,266.5
16,1309,43.633,396.5,268.5
16,1310,43.667,376.5,272.5
16,1311,43.7,356.5,278.5
16,1312,43.733,338.5,284.5
16,1313,43.767,314.5,260.5
16,1314,43.8,296.5,240.5
16,1315,43.833,282.5,224.5
16,1316,43.867,270.5,208.5
16,1319,43.967,290.5,180.5
16,1320,44.0,314.5,180.5
16,1321,44.033,334.5,174.5
16,1322,44.067,362.5,174.5
16,1323,44.1,386.5,174.5
16,1324,44.133,416.5,178.5
16,1325,44.167,442.5,184.5
16,1326,44.2,468.5,190.5
16,1327,44.233,498.5,204.5
16,1328,44.267,526.5,214.5
16,1329,44.3,558.5,232.5
16,1330,44.333,586.5,250.5
16,1331,44.367,620.5,274.5
16,1332,44.4,654.5,302.5
16,1333,44.433,680.5,328.5
16,1334,44.467,712.5,356.5
16,1336,44.533,770.5,432.5
16,1337,44.567,800.5,420.5
16,1338,44.6,830.5,410.5
16,1339,44.633,862.5,402.5
16,1340,44.667,898.5,396.5
16,1341,44.7,926.5,396.5
16,1342,44.733,962.5,400.5
16,1343,44.767,890.5,370.5
16,1345,44.833,750.5,324.5
16,1346,44.867,668.5,304.5
16,1348,44.933,498.5,266.5
16,1349,44.967,478.5,264.5
16,1350,45.0,430.5,260.5
16,1351,45.033,396.5,260.5
16,1352,45.067,370.5,260.5
16,1353,45.1,334.5,260.5
16,1354,45.133,320.5,262.5
16,1356,45.2,282.5,276.5
16,1357,45.233,268.5,280.5
16,1359,45.3,244.5,300.5
16,1360,45.333,240.5,308.5
16,1363,45.433,264.5,162.5
16,1367,45.567,230.5,298.5
16,1368,45.6,238.5,300.5
16,1369,45.633,246.5,304.5
16,1370,45.667,252.5,308.5
16,1372,45.733,294.5,184.5
16,1373,45.767,294.5,190.5
16,1374,45.8,294.5,202.5
16,1375,45.833,290.5,210.5
16,1377,45.9,274.5,226.5
16,1378,45.933,268.5,236.5
17,1402,46.733,300.5,144.5
17,1403,46.767,306.5,150.5
17,1405,46.833,318.5,154.5
17,1406,46.867,324.5,156.5
17,1407,46.9,330.5,160.5
17,1408,46.933,332.5,168.5
18,1598,53.267,408.5,194.5
18,1599,53.3,412.5,182.5
18,1600,53.333,414.5,170.5
18,1601,53.367,418.5,160.5
18,1602,53.4,418.5,146.5
18,1603,53.433,418.5,138.5
18,1604,53.467,418.5,128.5
18,1605,53.5,414.5,118.5
18,1606,53.533,412.5,112.5
19,1651,55.033,352.5,182.5
19,1655,55.167,358.5,186.5
19,1656,55.2,360.5,186.5
19,1657,55.233,364.5,186.5
19,1658,55.267,366.5,184.5
19,1659,55.3,366.5,184.5
20,1685,56.167,300.5,234.5
20,1689,56.3,282.5,238.5
20,1691,56.367,276.5,240.5
20,1692,56.4,274.5,246.5
20,1693,56.433,268.5,252.5
20,1697,56.567,262.5,274.5
21,1729,57.633,250.5,274.5
21,1733,57.767,236.5,226.5
21,1734,57.8,236.5,218.5
21,1735,57.833,234.5,212.5
21,1736,57.867,230.5,206.5
21,1737,57.9,228.5,204.5
21,1738,57.933,230.5,202.5
21,1739,57.967,230.5,206.5
21,1740,58.0,228.5,212.5
21,1741,58.033,228.5,218.5
21,1742,58.067,230.5,226.5
21,1743,58.1,236.5,240.5
21,1744,58.133,266.5,252.5
21,1745,58.167,290.5,256.5
21,1746,58.2,306.5,242.5
21,1747,58.233,322.5,236.5
21,1748,58.267,332.5,226.5
21,1750,58.333,490.5,276.5
21,1751,58.367,492.5,268.5
21,1752,58.4,558.5,274.5
21,1753,58.433,588.5,276.5
21,1754,58.467,622.5,284.5
21,1755,58.5,654.5,292.5
21,1756,58.533,686.5,300.5
21,1757,58.567,716.5,318.5
21,1758,58.6,748.5,330.5
21,1759,58.633,778.5,350.5
21,1760,58.667,804.5,342.5
21,1761,58.7,836.5,328.5
21,1762,58.733,874.5,322.5
21,1763,58.767,894.5,324.5
21,1764,58.8,916.5,324.5
21,1765,58.833,950.5,328.5
21,1766,58.867,964.5,328.5
21,1767,58.9,900.5,298.5
21,1768,58.933,854.5,276.5
21,1769,58.967,808.5,260.5
21,1770,59.0,764.5,248.5
21,1771,59.033,720.5,238.5
21,1772,59.067,682.5,232.5
21,1773,59.1,642.5,228.5
21,1774,59.133,608.5,228.5
21,1775,59.167,576.5,230.5
21,1776,59.2,546.5,234.5
21,1777,59.233,524.5,240.5
21,1778,59.267,498.5,244.5
21,1779,59.3,470.5,246.5
21,1780,59.333,448.5,232.5
21,1781,59.367,428.5,216.5
21,1782,59.4,404.5,204.5
21,1783,59.433,398.5,196.5
21,1784,59.467,416.5,186.5
21,1785,59.5,444.5,180.5
21,1786,59.533,466.5,174.5
21,1787,59.567,494.5,172.5
21,1788,59.6,518.5,172.5
21,1789,59.633,546.5,174.5
21,1790,59.667,572.5,178.5
21,1791,59.7,596.5,184.5
21,1792,59.733,628.5,194.5
21,1793,59.767,646.5,202.5
21,1794,59.8,680.5,216.5
21,1795,59.833,710.5,234.5
21,1796,59.867,738.5,254.5
21,1797,59.9,768.5,274.5
21,1798,59.933,796.5,296.5
21,1799,59.967,824.5,320.5
21,1800,60.0,844.5,340.5
21,1801,60.033,878.5,382.5
21,1802,60.067,912.5,372.5
21,1803,60.1,946.5,362.5
21,1804,60.133,978.5,354.5
21,1805,60.167,1010.5,348.5
21,1806,60.2,1042.5,346.5
21,1807,60.233,1074.5,346.5
21,1808,60.267,1106.5,348.5
21,1809,60.3,1072.5,326.5
21,1810,60.333,1000.5,302.5
21,1812,60.4,844.5,254.5
21,1813,60.433,784.5,242.5
21,1814,60.467,732.5,232.5
21,1815,60.5,686.5,228.5
21,1816,60.533,628.5,224.5
21,1817,60.567,588.5,224.5
21,1818,60.6,544.5,226.5
21,1819,60.633,508.5,228.5
21,1820,60.667,476.5,236.5
21,1821,60.7,440.5,244.5
21,1822,60.733,418.5,250.5
21,1823,60.767,386.5,260.5
21,1824,60.8,352.5,230.5
21,1825,60.833,326.5,218.5
21,1826,60.867,316.5,204.5
21,1827,60.9,336.5,202.5
21,1828,60.933,364.5,192.5
21,1829,60.967,388.5,188.5
21,1830,61.0,418.5,186.5
21,1831,61.033,446.5,186.5
21,1832,61.067,480.5,188.5
21,1833,61.1,508.5,192.5
21,1834,61.133,544.5,200.5
21,1835,61.167,576.5,210.5
21,1836,61.2,610.5,224.5
21,1837,61.233,642.5,236.5
21,1838,61.267,682.5,258.5
21,1839,61.3,718.5,278.5
21,1840,61.333,750.5,300.5
21,1841,61.367,794.5,328.5
21,1842,61.4,826.5,356.5
21,1843,61.433,858.5,384.5
21,1844,61.467,898.5,426.5
21,1845,61.5,924.5,448.5
21,1846,61.533,974.5,498.5
21,1847,61.567,1004.5,536.5
21,1848,61.6,1036.5,572.5
21,1849,61.633,1070.5,616.5
21,1850,61.667,1104.5,664.5
21,1851,61.7,1134.5,694.5
21,1852,61.733,1162.5,686.5
21,1853,61.767,1184.5,678.5
22,1880,62.667,1224.5,714.5
22,1882,62.733,1216.5,712.5
22,1883,62.767,1208.5,714.5
22,1884,62.8,1206.5,712.5
22,1885,62.833,1204.5,712.5
22,1886,62.867,1200.5,710.5
23,1915,63.833,300.5,162.5
23,1916,63.867,300.5,152.5
23,1917,63.9,290.5,142.5
23,1918,63.933,284.5,128.5
23,1919,63.967,274.5,116.5
23,1920,64.0,268.5,110.5
23,1921,64.033,262.5,104.5
24,1942,64.733,658.5,448.5
24,1943,64.767,632.5,468.5
24,1944,64.8,610.5,488.5
24,1945,64.833,586.5,508.5
24,1946,64.867,566.5,518.5
24,1947,64.9,552.5,532.5
24,1948,64.933,534.5,544.5
25,2050,68.333,824.5,310.5
25,2051,68.367,786.5,292.5
25,2052,68.4,746.5,276.5
25,2053,68.433,708.5,262.5
25,2054,68.467,676.5,256.5
25,2055,68.5,638.5,248.5
25,2056,68.533,616.5,246.5
25,2057,68.567,580.5,246.5
25,2058,68.6,558.5,250.5
25,2059,68.633,536.5,252.5
25,2060,68.667,508.5,246.5
25,2061,68.7,484.5,228.5
25,2062,68.733,470.5,220.5
25,2063,68.767,456.5,212.5
25,2064,68.8,436.5,204.5
25,2065,68.833,416.5,200.5
25,2066,68.867,410.5,202.5
25,2067,68.9,434.5,196.5
25,2068,68.933,458.5,192.5
25,2069,68.967,484.5,190.5
25,2070,69.0,514.5,190.5
25,2071,69.033,540.5,194.5
25,2072,69.067,568.5,198.5
25,2073,69.1,594.5,206.5
25,2074,69.133,624.5,214.5
25,2075,69.167,644.5,224.5
25,2076,69.2,676.5,242.5
25,2077,69.233,706.5,258.5
25,2078,69.267,732.5,276.5
25,2079,69.3,754.5,290.5
25,2080,69.333,784.5,326.5
25,2081,69.367,812.5,330.5
25,2082,69.4,848.5,316.5
25,2083,69.433,866.5,314.5
25,2084,69.467,894.5,312.5
25,2085,69.5,922.5,312.5
25,2086,69.533,908.5,302.5
25,2087,69.567,862.5,288.5
25,2088,69.6,818.5,274.5
25,2089,69.633,764.5,262.5
25,2090,69.667,720.5,258.5
25,2091,69.7,684.5,254.5
25,2092,69.733,638.5,254.5
25,2093,69.767,598.5,254.5
25,2094,69.8,558.5,258.5
25,2095,69.833,532.5,260.5
25,2096,69.867,490.5,270.5
25,2097,69.9,458.5,282.5
25,2098,69.933,434.5,292.5
25,2100,70.0,374.5,274.5
25,2101,70.033,350.5,264.5
25,2102,70.067,326.5,250.5
25,2103,70.1,304.5,242.5
25,2106,70.2,304.5,226.5
25,2107,70.233,334.5,226.5
25,2108,70.267,366.5,228.5
25,2109,70.3,410.5,230.5
25,2110,70.333,444.5,238.5
25,2111,70.367,480.5,244.5
25,2112,70.4,528.5,258.5
25,2113,70.433,558.5,268.5
25,2114,70.467,602.5,288.5
25,2115,70.5,650.5,310.5
25,2116,70.533,698.5,332.5
25,2117,70.567,734.5,358.5
25,2118,70.6,776.5,388.5
25,2119,70.633,824.5,422.5
25,2120,70.667,884.5,448.5
25,2121,70.7,922.5,444.5
25,2122,70.733,970.5,442.5
25,2123,70.767,1016.5,446.5
25,2124,70.8,966.5,416.5
25,2125,70.833,932.5,410.5
25,2128,70.933,692.5,350.5
25,2132,71.067,504.5,338.5
25,2133,71.1,522.5,346.5
25,2134,71.133,540.5,356.5
25,2135,71.167,554.5,370.5
25,2136,71.2,570.5,366.5
25,2137,71.233,586.5,366.5
25,2138,71.267,596.5,370.5
25,2139,71.3,614.5,372.5
25,2140,71.333,628.5,380.5
25,2141,71.367,644.5,392.5
25,2142,71.4,658.5,402.5
25,2143,71.433,672.5,394.5
25,2144,71.467,686.5,394.5
25,2145,71.5,698.5,400.5
25,2146,71.533,708.5,404.5
25,2147,71.567,722.5,412.5
25,2148,71.6,736.5,424.5
25,2149,71.633,748.5,420.5
25,2150,71.667,760.5,420.5
25,2151,71.7,772.5,422.5
25,2152,71.733,786.5,426.5
25,2153,71.767,800.5,434.5
25,2154,71.8,812.5,444.5
25,2155,71.833,826.5,444.5
25,2156,71.867,838.5,442.5
25,2157,71.9,852.5,446.5
25,2158,71.933,870.5,454.5
25,2159,71.967,882.5,460.5
25,2160,72.0,890.5,468.5
25,2161,72.033,904.5,484.5
25,2162,72.067,916.5,502.5
25,2164,72.133,928.5,534.5
25,2165,72.167,930.5,524.5
26,2311,77.033,616.5,388.5
26,2314,77.133,636.5,478.5
26,2315,77.167,640.5,492.5
26,2316,77.2,648.5,510.5
26,2317,77.233,654.5,524.5
27,2506,83.533,796.5,302.5
27,2507,83.567,760.5,288.5
27,2508,83.6,718.5,272.5
27,2509,83.633,676.5,260.5
27,2510,83.667,634.5,250.5
27,2511,83.7,594.5,244.5
27,2512,83.733,560.5,242.5
27,2513,83.767,528.5,244.5
27,2514,83.8,500.5,244.5
27,2515,83.833,474.5,252.5
27,2516,83.867,446.5,260.5
27,2517,83.9,426.5,262.5
27,2518,83.933,398.5,246.5
27,2519,83.967,372.5,228.5
27,2520,84.0,358.5,220.5
27,2521,84.033,344.5,210.5
27,2522,84.067,348.5,202.5
27,2523,84.1,366.5,190.5
27,2524,84.133,388.5,182.5
27,2525,84.167,412.5,178.5
27,2526,84.2,434.5,174.5
27,2527,84.233,454.5,172.5
27,2528,84.267,478.5,174.5
27,2529,84.3,498.5,178.5
27,2530,84.333,528.5,184.5
27,2531,84.367,548.5,192.5
27,2532,84.4,572.5,202.5
27,2533,84.433,594.5,214.5
27,2534,84.467,618.5,228.5
27,2535,84.5,640.5,244.5
27,2536,84.533,674.5,270.5
27,2537,84.567,686.5,282.5
27,2538,84.6,704.5,304.5
27,2539,84.633,724.5,326.5
27,2540,84.667,746.5,304.5
27,2541,84.7,772.5,292.5
27,2542,84.733,788.5,284.5
27,2543,84.767,808.5,276.5
27,2544,84.8,828.5,272.5
27,2545,84.833,846.5,270.5
27,2546,84.867,840.5,258.5
27,2547,84.9,798.5,238.5
27,2548,84.933,756.5,220.5
27,2549,84.967,716.5,204.5
27,2550,85.0,680.5,192.5
27,2551,85.033,640.5,180.5
27,2552,85.067,608.5,176.5
27,2553,85.1,576.5,172.5
27,2554,85.133,542.5,172.5
27,2555,85.167,516.5,174.5
27,2556,85.2,492.5,176.5
27,2557,85.233,470.5,180.5
27,2558,85.267,448.5,188.5
27,2560,85.333,406.5,206.5
27,2561,85.367,390.5,216.5
27,2562,85.4,370.5,228.5
27,2563,85.433,356.5,244.5
28,2701,90.033,292.5,248.5
28,2702,90.067,284.5,254.5
28,2703,90.1,278.5,258.5
28,2704,90.133,274.5,262.5
28,2706,90.2,264.5,272.5
28,2707,90.233,260.5,274.5
29,2729,90.967,244.5,228.5
29,2730,91.0,238.5,220.5
29,2731,91.033,234.5,212.5
29,2732,91.067,236.5,208.5
29,2733,91.1,232.5,206.5
29,2734,91.133,234.5,208.5
29,2735,91.167,232.5,212.5
29,2736,91.2,228.5,216.5
29,2737,91.233,230.5,228.5
29,2738,91.267,244.5,240.5
29,2739,91.3,290.5,254.5
29,2740,91.333,308.5,248.5
29,2741,91.367,320.5,242.5
29,2742,91.4,330.5,222.5
29,2744,91.467,490.5,270.5
29,2745,91.5,538.5,264.5
29,2746,91.533,570.5,266.5
29,2747,91.567,600.5,266.5
29,2748,91.6,638.5,274.5
29,2749,91.633,682.5,282.5
29,2750,91.667,716.5,292.5
29,2751,91.7,748.5,302.5
29,2752,91.733,766.5,356.5
29,2753,91.767,820.5,342.5
29,2754,91.8,850.5,356.5
29,2755,91.833,890.5,338.5
29,2756,91.867,922.5,332.5
29,2757,91.9,956.5,328.5
29,2758,91.933,978.5,324.5
29,2759,91.967,1016.5,328.5
29,2760,92.0,1048.5,330.5
29,2763,92.1,1012.5,302.5
29,2764,92.133,944.5,274.5
29,2765,92.167,900.5,260.5
29,2766,92.2,848.5,246.5
29,2767,92.233,796.5,236.5
29,2768,92.267,752.5,230.5
29,2769,92.3,710.5,228.5
29,2770,92.333,672.5,228.5
29,2771,92.367,630.5,236.5
29,2772,92.4,600.5,242.5
29,2773,92.433,572.5,248.5
29,2774,92.467,542.5,258.5
29,2775,92.5,508.5,276.5
29,2776,92.533,482.5,264.5
29,2777,92.567,454.5,242.5
29,2778,92.6,436.5,228.5
29,2780,92.667,388.5,202.5
29,2781,92.7,364.5,194.5
29,2782,92.733,352.5,190.5
29,2783,92.767,332.5,186.5
29,2785,92.833,344.5,176.5
29,2786,92.867,364.5,166.5
29,2787,92.9,386.5,162.5
29,2789,92.967,434.5,160.5
29,2790,93.0,450.5,162.5
29,2791,93.033,476.5,168.5
29,2792,93.067,498.5,176.5
29,2793,93.1,524.5,186.5
29,2794,93.133,550.5,200.5
29,2795,93.167,574.5,216.5
29,2796,93.2,602.5,236.5
29,2797,93.233,624.5,256.5
29,2798,93.267,644.5,272.5
29,2799,93.3,678.5,304.5
29,2800,93.333,704.5,336.5
29,2801,93.367,728.5,368.5
29,2802,93.4,754.5,396.5
29,2803,93.433,782.5,382.5
29,2804,93.467,780.5,382.5
29,2805,93.5,802.5,368.5
29,2806,93.533,828.5,360.5
29,2807,93.567,852.5,352.5
29,2808,93.6,880.5,348.5
29,2809,93.633,904.5,348.5
29,2810,93.667,932.5,352.5
29,2811,93.7,862.5,324.5
29,2812,93.733,802.5,300.5
29,2813,93.767,738.5,280.5
29,2814,93.8,688.5,266.5
29,2815,93.833,628.5,254.5
29,2816,93.867,586.5,244.5
29,2817,93.9,544.5,240.5
29,2818,93.933,514.5,238.5
29,2819,93.967,478.5,238.5
29,2820,94.0,450.5,244.5
29,2821,94.033,428.5,246.5
29,2822,94.067,410.5,254.5
29,2823,94.1,390.5,258.5
29,2824,94.133,374.5,234.5
29,2825,94.167,356.5,212.5
29,2826,94.2,340.5,196.5
29,2827,94.233,330.5,178.5
29,2830,94.333,330.5,330.5
29,2833,94.433,464.5,152.5
29,2834,94.467,494.5,154.5
29,2835,94.5,528.5,158.5
29,2836,94.533,558.5,166.5
29,2837,94.567,588.5,176.5
29,2838,94.6,620.5,188.5
29,2839,94.633,642.5,196.5
29,2840,94.667,678.5,216.5
29,2841,94.7,710.5,236.5
29,2842,94.733,740.5,258.5
29,2843,94.767,766.5,276.5
29,2844,94.8,792.5,298.5
29,2845,94.833,830.5,308.5
29,2846,94.867,846.5,298.5
29,2847,94.9,882.5,284.5
29,2848,94.933,908.5,276.5
29,2849,94.967,936.5,270.5
29,2850,95.0,958.5,266.5
29,2851,95.033,996.5,266.5
29,2852,95.067,1026.5,270.5
29,2853,95.1,1044.5,274.5
29,2854,95.133,1074.5,284.5
29,2855,95.167,1096.5,292.5
29,2856,95.2,1122.5,308.5
29,2857,95.233,1146.5,328.5
29,2858,95.267,1112.5,312.5
29,2859,95.3,1056.5,288.5
29,2860,95.333,1000.5,270.5
29,2861,95.367,944.5,254.5
29,2862,95.4,898.5,244.5
29,2863,95.433,852.5,240.5
29,2864,95.467,802.5,236.5
29,2865,95.5,762.5,238.5
29,2866,95.533,722.5,240.5
29,2867,95.567,686.5,244.5
29,2868,95.6,646.5,258.5
29,2869,95.633,612.5,262.5
29,2870,95.667,586.5,264.5
29,2871,95.7,562.5,268.5
29,2872,95.733,538.5,278.5
29,2873,95.767,506.5,268.5
29,2874,95.8,484.5,258.5
29,2875,95.833,458.5,244.5
29,2876,95.867,432.5,240.5
29,2878,95.933,388.5,232.5
29,2881,96.033,394.5,216.5
29,2882,96.067,412.5,210.5
29,2883,96.1,448.5,196.5
29,2884,96.133,468.5,192.5
29,2885,96.167,496.5,186.5
29,2886,96.2,526.5,182.5
29,2887,96.233,554.5,180.5
29,2888,96.267,580.5,182.5
29,2889,96.3,612.5,186.5
29,2890,96.333,642.5,188.5
29,2891,96.367,674.5,196.5
29,2892,96.4,704.5,206.5
29,2893,96.433,732.5,218.5
29,2894,96.467,762.5,232.5
29,2895,96.5,786.5,244.5
29,2896,96.533,820.5,266.5
29,2897,96.567,848.5,286.5
29,2898,96.6,874.5,310.5
29,2899,96.633,896.5,324.5
29,2900,96.667,928.5,362.5
29,2901,96.7,970.5,350.5
29,2902,96.733,988.5,340.5
29,2903,96.767,1008.5,332.5
29,2904,96.8,1036.5,324.5
29,2905,96.833,1060.5,314.5
29,2906,96.867,1094.5,308.5
29,2907,96.9,1114.5,308.5
29,2908,96.933,1144.5,312.5
29,2909,96.967,1158.5,316.5
29,2910,97.0,1190.5,324.5
29,2911,97.033,1202.5,332.5
29,2912,97.067,1126.5,310.5
29,2915,97.167,900.5,262.5
29,2916,97.2,830.5,260.5
29,2917,97.233,764.5,258.5
29,2918,97.267,706.5,260.5
29,2919,97.3,640.5,270.5
29,2920,97.333,610.5,274.5
29,2921,97.367,586.5,272.5
29,2922,97.4,578.5,270.5
29,2923,97.433,568.5,266.5
29,2924,97.467,556.5,268.5
29,2925,97.5,548.5,274.5
29,2926,97.533,540.5,278.5
29,2927,97.567,530.5,286.5
29,2928,97.6,524.5,296.5
29,2929,97.633,514.5,290.5
29,2930,97.667,504.5,284.5
29,2931,97.7,494.5,274.5
29,2932,97.733,486.5,270.5
29,2933,97.767,476.5,268.5
29,2934,97.8,466.5,270.5
29,2935,97.833,458.5,272.5
29,2936,97.867,450.5,278.5
29,2937,97.9,442.5,284.5
29,2938,97.933,436.5,294.5
29,2939,97.967,426.5,288.5
29,2940,98.0,392.5,242.5
29,2941,98.033,410.5,278.5
29,2944,98.133,382.5,272.5
29,2945,98.167,374.5,276.5
29,2946,98.2,366.5,282.5
29,2947,98.233,362.5,292.5
29,2948,98.267,308.5,268.5
29,2952,98.4,332.5,256.5
29,2955,98.5,300.5,280.5
29,2956,98.533,294.5,290.5
30,2961,98.7,298.5,284.5
30,2962,98.733,302.5,276.5
30,2963,98.767,306.5,270.5
30,2964,98.8,314.5,264.5
30,2965,98.833,322.5,260.5
30,2966,98.867,330.5,260.5
30,2967,98.9,338.5,262.5
30,2968,98.933,344.5,268.5
30,2970,99.0,354.5,264.5
30,2971,99.033,356.5,262.5
30,2972,99.067,360.5,254.5
30,2974,99.133,366.5,254.5
30,2975,99.167,372.5,256.5
30,2976,99.2,376.5,260.5
30,2977,99.233,380.5,258.5
30,2978,99.267,384.5,250.5
30,2979,99.3,388.5,244.5
30,2980,99.333,388.5,244.5
30,2982,99.4,382.5,240.5
30,2983,99.433,376.5,230.5
30,2986,99.533,356.5,216.5
30,2989,99.633,344.5,218.5
30,2990,99.667,344.5,224.5
31,3091,103.033,298.5,240.5
31,3093,103.1,230.5,242.5
31,3094,103.133,206.5,216.5
31,3095,103.167,268.5,258.5
31,3097,103.233,262.5,270.5
32,3123,104.1,298.5,272.5
32,3125,104.167,250.5,260.5
32,3126,104.2,250.5,246.5
32,3127,104.233,196.5,252.5
32,3128,104.267,240.5,224.5
32,3129,104.3,234.5,216.5
32,3130,104.333,232.5,208.5
32,3131,104.367,230.5,206.5
32,3132,104.4,232.5,202.5
32,3135,104.5,228.5,218.5
32,3136,104.533,230.5,230.5
32,3137,104.567,244.5,240.5
32,3138,104.6,274.5,250.5
32,3140,104.667,324.5,244.5
32,3141,104.7,336.5,228.5
32,3143,104.767,450.5,288.5
32,3144,104.8,484.5,286.5
32,3145,104.833,506.5,290.5
32,3146,104.867,548.5,298.5
32,3147,104.9,576.5,306.5
32,3148,104.933,620.5,320.5
32,3149,104.967,652.5,334.5
32,3150,105.0,682.5,350.5
32,3151,105.033,718.5,376.5
32,3152,105.067,756.5,406.5
32,3153,105.1,784.5,414.5
32,3154,105.133,818.5,402.5
32,3155,105.167,852.5,396.5
32,3156,105.2,894.5,394.5
32,3157,105.233,914.5,396.5
32,3158,105.267,944.5,398.5
32,3159,105.3,880.5,360.5
32,3160,105.333,826.5,338.5
32,3161,105.367,792.5,324.5
32,3162,105.4,734.5,304.5
32,3163,105.433,688.5,290.5
32,3164,105.467,642.5,282.5
32,3165,105.5,616.5,282.5
32,3166,105.533,580.5,274.5
32,3167,105.567,550.5,284.5
32,3168,105.6,514.5,286.5
32,3169,105.633,498.5,292.5
32,3170,105.667,480.5,298.5
32,3171,105.7,458.5,284.5
32,3172,105.733,440.5,266.5
32,3173,105.767,424.5,250.5
32,3174,105.8,406.5,236.5
32,3175,105.833,392.5,226.5
32,3176,105.867,380.5,218.5
32,3177,105.9,362.5,214.5
32,3178,105.933,354.5,212.5
32,3179,105.967,370.5,208.5
32,3180,106.0,388.5,200.5
32,3181,106.033,410.5,196.5
32,3182,106.067,436.5,192.5
32,3183,106.1,462.5,192.5
32,3184,106.133,482.5,194.5
32,3185,106.167,518.5,202.5
32,3186,106.2,546.5,210.5
32,3187,106.233,572.5,222.5
32,3188,106.267,598.5,234.5
32,3189,106.3,624.5,248.5
32,3190,106.333,650.5,266.5
32,3191,106.367,682.5,286.5
32,3192,106.4,706.5,308.5
32,3193,106.433,740.5,344.5
32,3194,106.467,770.5,374.5
32,3195,106.5,800.5,406.5
32,3196,106.533,828.5,398.5
32,3197,106.567,856.5,386.5
32,3198,106.6,886.5,380.5
32,3199,106.633,910.5,376.5
32,3200,106.667,946.5,376.5
32,3201,106.7,978.5,380.5
32,3202,106.733,1010.5,384.5
32,3203,106.767,1036.5,392.5
32,3204,106.8,980.5,370.5
32,3205,106.833,896.5,340.5
32,3206,106.867,824.5,322.5
32,3209,106.967,618.5,276.5
32,3210,107.0,564.5,274.5
32,3211,107.033,538.5,268.5
32,3212,107.067,492.5,268.5
32,3213,107.1,460.5,272.5
32,3214,107.133,430.5,276.5
32,3215,107.167,410.5,280.5
32,3216,107.2,380.5,256.5
32,3217,107.233,358.5,238.5
32,3218,107.267,332.5,220.5
32,3219,107.3,324.5,210.5
32,3220,107.333,342.5,206.5
32,3221,107.367,382.5,198.5
32,3222,107.4,414.5,196.5
32,3223,107.433,444.5,196.5
32,3224,107.467,476.5,196.5
32,3225,107.5,512.5,200.5
32,3226,107.533,542.5,206.5
32,3227,107.567,574.5,212.5
32,3228,107.6,608.5,224.5
32,3229,107.633,640.5,234.5
32,3230,107.667,678.5,252.5
32,3231,107.7,710.5,266.5
32,3232,107.733,746.5,286.5
32,3233,107.767,750.5,340.5
32,3234,107.8,806.5,330.5
32,3235,107.833,838.5,348.5
32,3236,107.867,886.5,324.5
32,3237,107.9,908.5,320.5
32,3238,107.933,946.5,310.5
32,3239,107.967,942.5,314.5
32,3240,108.0,974.5,310.5
32,3241,108.033,1004.5,308.5
32,3242,108.067,1038.5,310.5
32,3243,108.1,1068.5,316.5
32,3244,108.133,1094.5,324.5
32,3246,108.2,1010.5,292.5
32,3249,108.3,770.5,244.5
32,3250,108.333,708.5,244.5
32,3251,108.367,654.5,242.5
32,3252,108.4,606.5,248.5
32,3253,108.433,562.5,254.5
32,3254,108.467,528.5,260.5
32,3255,108.5,482.5,266.5
32,3256,108.533,450.5,244.5
32,3257,108.567,418.5,226.5
32,3258,108.6,388.5,208.5
32,3259,108.633,362.5,198.5
32,3261,108.7,328.5,180.5
32,3262,108.733,338.5,168.5
32,3263,108.767,354.5,160.5
32,3264,108.8,366.5,154.5
32,3265,108.833,380.5,152.5
32,3266,108.867,392.5,150.5
32,3267,108.9,406.5,152.5
32,3268,108.933,422.5,156.5
32,3269,108.967,436.5,164.5
32,3270,109.0,450.5,174.5
32,3271,109.033,468.5,188.5
32,3272,109.067,486.5,206.5
32,3273,109.1,500.5,224.5
32,3274,109.133,522.5,248.5
32,3275,109.167,538.5,268.5
32,3276,109.2,554.5,298.5
32,3277,109.233,568.5,334.5
32,3279,109.3,618.5,424.5
32,3280,109.333,630.5,456.5
32,3281,109.367,646.5,496.5
32,3282,109.4,664.5,532.5
32,3284,109.467,704.5,644.5
33,3314,110.467,806.5,688.5
33,3315,110.5,782.5,680.5
33,3316,110.533,762.5,656.5
33,3317,110.567,724.5,644.5
33,3318,110.6,698.5,628.5
33,3319,110.633,666.5,616.5
33,3320,110.667,640.5,606.5
34,3452,115.067,796.5,304.5
34,3453,115.1,764.5,288.5
34,3454,115.133,728.5,270.5
34,3455,115.167,692.5,256.5
34,3456,115.2,652.5,242.5
34,3457,115.233,626.5,236.5
34,3458,115.267,594.5,230.5
34,3459,115.3,562.5,228.5
34,3460,115.333,542.5,228.5
34,3461,115.367,514.5,230.5
34,3462,115.4,490.5,236.5
34,3463,115.433,470.5,242.5
34,3464,115.467,450.5,242.5
34,3465,115.5,430.5,222.5
34,3467,115.567,400.5,200.5
34,3468,115.6,416.5,196.5
34,3469,115.633,442.5,196.5
34,3470,115.667,470.5,196.5
34,3471,115.7,494.5,196.5
34,3472,115.733,526.5,204.5
34,3473,115.767,548.5,210.5
34,3474,115.8,578.5,220.5
34,3475,115.833,602.5,230.5
34,3476,115.867,630.5,244.5
34,3477,115.9,652.5,256.5
34,3478,115.933,682.5,276.5
34,3479,115.967,704.5,292.5
34,3480,116.0,738.5,322.5
34,3481,116.033,764.5,334.5
34,3482,116.067,794.5,322.5
34,3483,116.1,824.5,318.5
34,3484,116.133,852.5,316.5
34,3485,116.167,880.5,318.5
34,3486,116.2,902.5,320.5
34,3487,116.233,928.5,322.5
34,3488,116.267,866.5,304.5
34,3489,116.3,804.5,284.5
34,3490,116.333,746.5,268.5
34,3491,116.367,702.5,260.5
34,3492,116.4,650.5,256.5
34,3493,116.433,606.5,252.5
34,3494,116.467,574.5,252.5
34,3495,116.5,530.5,252.5
34,3496,116.533,492.5,260.5
34,3497,116.567,454.5,266.5
34,3498,116.6,426.5,274.5
34,3499,116.633,394.5,282.5
34,3500,116.667,374.5,272.5
34,3501,116.7,340.5,252.5
34,3502,116.733,316.5,238.5
34,3505,116.833,260.5,386.5
34,3508,116.933,398.5,218.5
34,3509,116.967,434.5,226.5
34,3510,117.0,462.5,230.5
34,3511,117.033,506.5,246.5
34,3512,117.067,540.5,256.5
34,3513,117.1,570.5,268.5
34,3514,117.133,612.5,294.5
34,3515,117.167,650.5,314.5
34,3516,117.2,686.5,338.5
34,3517,117.233,720.5,368.5
34,3518,117.267,762.5,386.5
34,3519,117.3,800.5,372.5
34,3520,117.333,832.5,368.5
34,3521,117.367,866.5,366.5
34,3522,117.4,904.5,366.5
34,3524,117.467,884.5,338.5
34,3525,117.5,810.5,304.5
34,3526,117.533,756.5,286.5
34,3527,117.567,704.5,266.5
34,3528,117.6,672.5,256.5
34,3529,117.633,618.5,244.5
34,3530,117.667,578.5,238.5
34,3531,117.7,542.5,232.5
34,3532,117.733,510.5,232.5
34,3533,117.767,480.5,234.5
34,3534,117.8,454.5,236.5
34,3535,117.833,434.5,244.5
34,3536,117.867,416.5,250.5
34,3537,117.9,394.5,260.5
34,3538,117.933,384.5,248.5
34,3540,118.0,348.5,210.5
34,3541,118.033,338.5,194.5
34,3542,118.067,322.5,180.5
35,3547,118.233,346.5,340.5
35,3550,118.333,352.5,178.5
35,3551,118.367,360.5,178.5
35,3553,118.433,432.5,42.5
35,3554,118.467,446.5,42.5
35,3555,118.5,462.5,40.5
35,3556,118.533,478.5,44.5
35,3557,118.567,498.5,50.5
35,3558,118.6,516.5,56.5
35,3559,118.633,534.5,68.5
35,3560,118.667,546.5,78.5
35,3561,118.7,564.5,92.5
35,3562,118.733,580.5,110.5
35,3563,118.767,596.5,128.5
35,3564,118.8,616.5,152.5
35,3565,118.833,634.5,178.5
35,3566,118.867,644.5,196.5
35,3567,118.9,666.5,232.5
35,3568,118.933,676.5,256.5
35,3569,118.967,688.5,282.5
35,3570,119.0,702.5,322.5
35,3571,119.033,714.5,300.5
35,3572,119.067,726.5,278.5
35,3573,119.1,736.5,260.5
35,3574,119.133,746.5,242.5
35,3575,119.167,756.5,224.5
35,3576,119.2,766.5,210.5
35,3577,119.233,776.5,200.5
35,3578,119.267,784.5,192.5
35,3579,119.3,794.5,188.5
35,3580,119.333,802.5,186.5
35,3581,119.367,812.5,188.5
35,3582,119.4,820.5,192.5
35,3583,119.433,828.5,200.5
35,3584,119.467,834.5,208.5
35,3585,119.5,840.5,222.5
35,3586,119.533,846.5,236.5
35,3587,119.567,834.5,238.5
35,3588,119.6,802.5,224.5
35,3589,119.633,778.5,214.5
35,3590,119.667,744.5,206.5
35,3591,119.7,718.5,202.5
35,3592,119.733,688.5,202.5
35,3593,119.767,670.5,200.5
35,3594,119.8,640.5,206.5
35,3595,119.833,618.5,212.5
35,3596,119.867,594.5,220.5
35,3597,119.9,576.5,228.5
35,3598,119.933,558.5,240.5
35,3599,119.967,540.5,252.5
35,3600,120.0,522.5,266.5
35,3601,120.033,506.5,258.5
35,3602,120.067,492.5,238.5
35,3603,120.1,478.5,224.5
35,3604,120.133,468.5,210.5
35,3605,120.167,452.5,198.5
35,3607,120.233,428.5,184.5
35,3608,120.267,418.5,180.5
35,3609,120.3,406.5,180.5
35,3610,120.333,394.5,180.5
35,3611,120.367,384.5,186.5
35,3615,120.5,400.5,190.5
35,3616,120.533,430.5,184.5
35,3617,120.567,448.5,182.5
35,3618,120.6,470.5,182.5
35,3619,120.633,496.5,186.5
35,3620,120.667,530.5,190.5
35,3621,120.7,550.5,196.5
35,3622,120.733,580.5,206.5
35,3623,120.767,610.5,220.5
35,3624,120.8,638.5,232.5
35,3625,120.833,674.5,256.5
35,3626,120.867,690.5,270.5
35,3627,120.9,708.5,284.5
35,3628,120.933,738.5,312.5
35,3629,120.967,760.5,338.5
35,3630,121.0,788.5,322.5
35,3631,121.033,822.5,306.5
35,3632,121.067,838.5,302.5
35,3633,121.1,866.5,292.5
35,3634,121.133,894.5,290.5
35,3635,121.167,918.5,288.5
35,3636,121.2,944.5,292.5
35,3637,121.233,898.5,280.5
35,3638,121.267,834.5,268.5
35,3639,121.3,764.5,256.5
35,3640,121.333,702.5,250.5
35,3641,121.367,638.5,244.5
35,3642,121.4,590.5,244.5
35,3643,121.433,540.5,246.5
35,3644,121.467,488.5,252.5
35,3645,121.5,434.5,260.5
35,3646,121.533,398.5,264.5
35,3647,121.567,348.5,280.5
35,3651,121.7,196.5,246.5
35,3652,121.733,172.5,248.5
35,3653,121.767,156.5,256.5
35,3654,121.8,124.5,246.5
36,3858,128.6,538.5,568.5
36,3859,128.633,552.5,552.5
36,3860,128.667,570.5,546.5
36,3863,128.767,638.5,558.5
36,3865,128.833,690.5,578.5
36,3867,128.9,746.5,612.5
37,3886,129.533,276.5,148.5
37,3887,129.567,306.5,140.5
37,3888,129.6,332.5,134.5
37,3889,129.633,354.5,134.5
37,3890,129.667,382.5,134.5
37,3891,129.7,410.5,140.5
37,3892,129.733,436.5,148.5
37,3893,129.767,464.5,158.5
37,3894,129.8,492.5,172.5
37,3895,129.833,522.5,190.5
37,3896,129.867,546.5,208.5
37,3897,129.9,570.5,228.5
37,3898,129.933,596.5,250.5
37,3899,129.967,620.5,274.5
37,3900,130.0,644.5,304.5
37,3901,130.033,670.5,336.5
37,3902,130.067,690.5,370.5
37,3903,130.1,712.5,352.5
37,3904,130.133,724.5,332.5
37,3905,130.167,742.5,308.5
37,3906,130.2,764.5,290.5
37,3907,130.233,778.5,278.5
37,3908,130.267,802.5,262.5
37,3909,130.3,818.5,256.5
37,3910,130.333,834.5,248.5
37,3911,130.367,852.5,250.5
37,3914,130.467,770.5,474.5
38,3971,132.367,768.5,292.5
38,3972,132.4,734.5,278.5
38,3973,132.433,690.5,262.5
38,3974,132.467,654.5,256.5
38,3975,132.5,624.5,248.5
38,3976,132.533,590.5,244.5
38,3977,132.567,556.5,244.5
38,3978,132.6,530.5,248.5
38,3979,132.633,506.5,250.5
38,3980,132.667,478.5,260.5
38,3981,132.7,452.5,260.5
38,3982,132.733,434.5,244.5
38,3983,132.767,414.5,236.5
38,3984,132.8,370.5,220.5
38,3985,132.833,370.5,214.5
38,3986,132.867,362.5,212.5
38,3987,132.9,382.5,202.5
38,3988,132.933,404.5,196.5
38,3989,132.967,430.5,190.5
38,3990,133.0,452.5,188.5
38,3991,133.033,480.5,186.5
38,3992,133.067,500.5,190.5
38,3993,133.1,532.5,194.5
38,3994,133.133,560.5,202.5
38,3995,133.167,584.5,212.5
38,3996,133.2,610.5,224.5
38,3997,133.233,642.5,240.5
38,3998,133.267,674.5,260.5
38,3999,133.3,692.5,274.5
38,4000,133.333,724.5,300.5
38,4001,133.367,748.5,320.5
38,4002,133.4,778.5,350.5
38,4003,133.433,810.5,384.5
38,4004,133.467,834.5,386.5
38,4005,133.5,866.5,372.5
38,4006,133.533,894.5,366.5
38,4007,133.567,926.5,362.5
38,4008,133.6,962.5,360.5
38,4009,133.633,888.5,336.5
38,4013,133.767,634.5,274.5
38,4014,133.8,616.5,276.5
38,4015,133.833,552.5,268.5
38,4016,133.867,504.5,266.5
38,4017,133.9,466.5,268.5
38,4018,133.933,436.5,272.5
38,4019,133.967,406.5,276.5
38,4020,134.0,376.5,282.5
38,4021,134.033,354.5,278.5
38,4022,134.067,324.5,252.5
38,4023,134.1,304.5,238.5
38,4024,134.133,290.5,226.5
38,4026,134.2,266.5,188.5
38,4030,134.333,340.5,192.5
38,4032,134.4,388.5,202.5
38,4033,134.433,406.5,208.5
38,4034,134.467,434.5,218.5
38,4035,134.5,464.5,232.5
38,4036,134.533,492.5,248.5
38,4037,134.567,518.5,262.5
38,4038,134.6,540.5,282.5
38,4039,134.633,572.5,308.5
38,4040,134.667,600.5,338.5
38,4041,134.7,628.5,370.5
38,4042,134.733,656.5,372.5
38,4043,134.767,674.5,358.5
38,4044,134.8,704.5,354.5
38,4045,134.833,726.5,350.5
38,4046,134.867,756.5,350.5
38,4047,134.9,782.5,352.5
38,4048,134.933,812.5,358.5
38,4049,134.967,834.5,368.5
38,4050,135.0,782.5,346.5
38,4051,135.033,738.5,326.5
38,4052,135.067,682.5,306.5
38,4053,135.1,638.5,298.5
38,4054,135.133,602.5,292.5
38,4055,135.167,574.5,292.5
38,4056,135.2,538.5,290.5
38,4057,135.233,506.5,290.5
38,4058,135.267,486.5,292.5
38,4059,135.3,460.5,288.5
38,4060,135.333,446.5,268.5
38,4061,135.367,426.5,248.5
38,4062,135.4,410.5,236.5
38,4063,135.433,396.5,222.5
38,4064,135.467,382.5,212.5
38,4065,135.5,372.5,208.5
38,4066,135.533,356.5,204.5
38,4067,135.567,366.5,200.5
38,4068,135.6,378.5,198.5
38,4069,135.633,396.5,202.5
38,4070,135.667,416.5,202.5
38,4071,135.7,438.5,206.5
38,4072,135.733,456.5,212.5
38,4073,135.767,482.5,224.5
38,4074,135.8,500.5,234.5
38,4075,135.833,528.5,250.5
38,4076,135.867,554.5,270.5
38,4077,135.9,578.5,294.5
38,4078,135.933,602.5,316.5
38,4081,136.033,652.5,378.5
38,4082,136.067,674.5,398.5
38,4083,136.1,704.5,392.5
38,4084,136.133,732.5,392.5
38,4085,136.167,754.5,390.5
38,4086,136.2,784.5,392.5
38,4087,136.233,814.5,402.5
38,4088,136.267,834.5,418.5
38,4090,136.333,754.5,360.5
38,4091,136.367,692.5,324.5
38,4092,136.4,650.5,310.5
38,4093,136.433,604.5,290.5
38,4094,136.467,562.5,274.5
38,4095,136.5,536.5,268.5
38,4096,136.533,502.5,262.5
38,4097,136.567,482.5,260.5
38,4098,136.6,462.5,262.5
38,4099,136.633,444.5,264.5
38,4100,136.667,426.5,270.5
38,4101,136.7,410.5,264.5
38,4102,136.733,394.5,244.5
38,4103,136.767,380.5,224.5
38,4104,136.8,370.5,208.5
38,4105,136.833,356.5,196.5
38,4107,136.9,394.5,190.5
38,4108,136.933,430.5,188.5
38,4109,136.967,460.5,190.5
38,4110,137.0,492.5,194.5
38,4111,137.033,528.5,202.5
38,4112,137.067,556.5,210.5
38,4113,137.1,590.5,224.5
38,4114,137.133,622.5,236.5
38,4115,137.167,644.5,248.5
38,4116,137.2,682.5,270.5
38,4117,137.233,706.5,290.5
38,4118,137.267,746.5,314.5
38,4119,137.3,764.5,318.5
38,4120,137.333,804.5,300.5
38,4121,137.367,830.5,296.5
38,4122,137.4,864.5,292.5
38,4123,137.433,896.5,292.5
38,4124,137.467,928.5,294.5
38,4125,137.5,952.5,300.5
38,4126,137.533,986.5,312.5
38,4127,137.567,1018.5,322.5
38,4128,137.6,1034.5,328.5
38,4131,137.7,788.5,242.5
38,4132,137.733,734.5,228.5
38,4133,137.767,684.5,222.5
38,4134,137.8,622.5,212.5
38,4135,137.833,574.5,212.5
38,4136,137.867,528.5,212.5
38,4137,137.9,488.5,218.5
38,4138,137.933,448.5,228.5
38,4141,138.033,250.5,386.5
38,4144,138.133,246.5,352.5
39,4162,138.733,530.5,64.5
39,4163,138.767,542.5,84.5
39,4164,138.8,558.5,114.5
39,4165,138.833,580.5,152.5
39,4166,138.867,594.5,180.5
39,4167,138.9,610.5,212.5
39,4168,138.933,626.5,244.5
39,4169,138.967,640.5,246.5
39,4170,139.0,644.5,230.5
39,4171,139.033,648.5,202.5
39,4172,139.067,654.5,174.5
39,4173,139.1,658.5,152.5
39,4174,139.133,664.5,126.5
39,4175,139.167,670.5,108.5
39,4176,139.2,674.5,92.5
39,4177,139.233,678.5,80.5
39,4178,139.267,684.5,68.5
39,4179,139.3,688.5,60.5
39,4180,139.333,694.5,54.5
39,4181,139.367,698.5,52.5
39,4182,139.4,704.5,52.5
39,4183,139.433,708.5,56.5
39,4184,139.467,710.5,60.5
39,4185,139.5,714.5,68.5
39,4186,139.533,718.5,80.5
39,4187,139.567,722.5,92.5
39,4188,139.6,726.5,108.5
39,4189,139.633,730.5,126.5
39,4190,139.667,734.5,146.5
39,4191,139.7,736.5,168.5
39,4192,139.733,740.5,192.5
39,4193,139.767,742.5,216.5
39,4194,139.8,744.5,240.5
39,4195,139.833,748.5,260.5
39,4196,139.867,752.5,280.5
39,4197,139.9,754.5,258.5
39,4198,139.933,756.5,236.5
39,4199,139.967,758.5,216.5
39,4200,140.0,762.5,196.5
39,4201,140.033,764.5,180.5
39,4202,140.067,768.5,166.5
39,4203,140.1,770.5,156.5
39,4205,140.167,818.5,322.5
39,4208,140.267,780.5,146.5
39,4209,140.3,782.5,150.5
39,4210,140.333,782.5,158.5
39,4211,140.367,784.5,166.5
39,4212,140.4,784.5,178.5
39,4213,140.433,786.5,196.5
39,4214,140.467,788.5,210.5
39,4215,140.5,782.5,198.5
39,4216,140.533,782.5,186.5
39,4217,140.567,780.5,170.5
39,4218,140.6,776.5,160.5
39,4219,140.633,774.5,150.5
39,4220,140.667,770.5,144.5
39,4221,140.7,766.5,142.5
39,4222,140.733,762.5,142.5
39,4224,140.8,754.5,152.5
39,4225,140.833,750.5,160.5
39,4226,140.867,746.5,174.5
39,4227,140.9,740.5,190.5
39,4229,140.967,736.5,194.5
39,4231,141.033,766.5,176.5
40,4256,141.867,748.5,276.5
40,4257,141.9,722.5,280.5
40,4258,141.933,686.5,292.5
40,4259,141.967,658.5,308.5
40,4260,142.0,630.5,322.5
40,4261,142.033,612.5,338.5
40,4262,142.067,592.5,318.5
40,4263,142.1,578.5,294.5
40,4264,142.133,558.5,264.5
40,4265,142.167,540.5,242.5
40,4266,142.2,530.5,228.5
40,4267,142.233,514.5,212.5
40,4268,142.267,500.5,202.5
40,4269,142.3,486.5,192.5
40,4270,142.333,474.5,188.5
40,4271,142.367,462.5,186.5
40,4272,142.4,452.5,188.5
40,4273,142.433,440.5,192.5
40,4274,142.467,432.5,196.5
40,4275,142.5,422.5,204.5
40,4276,142.533,414.5,214.5
40,4277,142.567,408.5,226.5
40,4278,142.6,402.5,240.5
40,4279,142.633,394.5,258.5
40,4280,142.667,388.5,246.5
40,4281,142.7,372.5,226.5
40,4282,142.733,368.5,212.5
40,4283,142.767,356.5,194.5
40,4284,142.8,348.5,176.5
40,4285,142.833,352.5,188.5
40,4286,142.867,348.5,200.5
40,4287,142.9,342.5,208.5
40,4288,142.933,338.5,210.5
41,4335,144.5,290.5,250.5
41,4336,144.533,282.5,256.5
41,4337,144.567,276.5,258.5
41,4338,144.6,270.5,262.5
41,4339,144.633,268.5,268.5
41,4341,144.7,264.5,274.5
41,4343,144.767,262.5,272.5
42,4369,145.633,284.5,274.5
42,4370,145.667,234.5,272.5
42,4372,145.733,242.5,234.5
42,4373,145.767,238.5,228.5
42,4374,145.8,234.5,222.5
42,4375,145.833,234.5,214.5
42,4376,145.867,232.5,212.5
42,4377,145.9,230.5,212.5
42,4378,145.933,228.5,216.5
42,4379,145.967,226.5,220.5
42,4380,146.0,228.5,232.5
42,4381,146.033,250.5,242.5
42,4384,146.133,398.5,292.5
42,4385,146.167,440.5,286.5
42,4386,146.2,480.5,276.5
42,4387,146.233,532.5,272.5
42,4388,146.267,572.5,268.5
42,4389,146.3,622.5,274.5
42,4390,146.333,646.5,276.5
42,4391,146.367,696.5,286.5
42,4392,146.4,730.5,292.5
42,4394,146.467,822.5,322.5
42,4395,146.5,864.5,340.5
42,4396,146.533,890.5,358.5
42,4398,146.6,980.5,354.5
42,4399,146.633,1018.5,346.5
42,4400,146.667,1052.5,340.5
42,4401,146.7,1090.5,340.5
42,4402,146.733,1036.5,304.5
42,4404,146.8,900.5,226.5
42,4405,146.833,834.5,196.5
42,4406,146.867,784.5,178.5
42,4407,146.9,738.5,162.5
42,4408,146.933,690.5,148.5
42,4409,146.967,644.5,142.5
42,4410,147.0,608.5,138.5
42,4411,147.033,574.5,136.5
42,4412,147.067,530.5,136.5
42,4413,147.1,496.5,142.5
42,4414,147.133,464.5,148.5
42,4415,147.167,442.5,154.5
42,4416,147.2,416.5,166.5
42,4417,147.233,392.5,178.5
42,4418,147.267,372.5,190.5
42,4419,147.3,348.5,206.5
43,4611,153.7,266.5,240.5
43,4615,153.833,300.5,256.5
43,4617,153.9,286.5,262.5
43,4618,153.933,276.5,266.5
43,4621,154.033,260.5,274.5
43,4622,154.067,260.5,274.5
44,4654,155.133,248.5,236.5
44,4655,155.167,244.5,226.5
44,4656,155.2,240.5,216.5
44,4657,155.233,238.5,210.5
44,4659,155.3,236.5,204.5
44,4660,155.333,236.5,208.5
44,4661,155.367,236.5,210.5
44,4662,155.4,236.5,220.5
44,4663,155.433,240.5,228.5
44,4664,155.467,266.5,244.5
44,4665,155.5,292.5,242.5
44,4666,155.533,304.5,240.5
44,4668,155.6,430.5,276.5
44,4669,155.633,466.5,268.5
44,4670,155.667,496.5,266.5
44,4671,155.7,546.5,266.5
44,4672,155.733,574.5,266.5
44,4673,155.767,622.5,276.5
44,4674,155.8,648.5,282.5
44,4675,155.833,690.5,292.5
44,4676,155.867,732.5,306.5
44,4677,155.9,762.5,324.5
44,4678,155.933,816.5,354.5
44,4679,155.967,842.5,372.5
44,4680,156.0,884.5,386.5
44,4681,156.033,908.5,380.5
44,4682,156.067,958.5,370.5
44,4683,156.1,988.5,368.5
44,4684,156.133,1024.5,368.5
44,4685,156.167,1054.5,370.5
44,4686,156.2,1026.5,356.5
44,4687,156.233,986.5,350.5
44,4688,156.267,906.5,338.5
44,4689,156.3,818.5,332.5
44,4690,156.333,768.5,330.5
44,4691,156.367,694.5,332.5
44,4694,156.467,466.5,380.5
44,4695,156.5,428.5,392.5
44,4696,156.533,364.5,416.5
44,4697,156.567,298.5,444.5
44,4698,156.6,234.5,476.5
44,4699,156.633,184.5,506.5
44,4700,156.667,130.5,538.5
44,4701,156.7,82.5,576.5
44,4702,156.733,56.5,604.5
44,4703,156.767,50.5,616.5
44,4704,156.8,68.5,616.5
44,4705,156.833,82.5,616.5
44,4706,156.867,98.5,622.5
44,4707,156.9,116.5,628.5
44,4708,156.933,132.5,626.5
44,4709,156.967,142.5,620.5
44,4710,157.0,152.5,616.5
44,4711,157.033,164.5,616.5
44,4712,157.067,176.5,616.5
44,4713,157.1,188.5,624.5
44,4714,157.133,198.5,620.5
44,4715,157.167,204.5,614.5
44,4717,157.233,222.5,618.5
44,4718,157.267,230.5,624.5
44,4719,157.3,238.5,630.5
44,4720,157.333,246.5,630.5
44,4721,157.367,248.5,624.5
44,4722,157.4,254.5,618.5
44,4723,157.433,260.5,618.5
44,4724,157.467,264.5,622.5
44,4725,157.5,270.5,618.5
44,4726,157.533,272.5,614.5
44,4727,157.567,278.5,614.5
44,4728,157.6,282.5,612.5
44,4729,157.633,286.5,608.5
44,4730,157.667,290.5,608.5
44,4731,157.7,288.5,604.5
44,4732,157.733,292.5,600.5
44,4733,157.767,294.5,598.5
44,4734,157.8,294.5,596.5
44,4736,157.867,138.5,588.5
44,4738,157.933,168.5,566.5
44,4740,158.0,102.5,456.5
45,4773,159.1,322.5,448.5
45,4774,159.133,276.5,448.5
45,4776,159.2,332.5,432.5
45,4780,159.333,194.5,410.5
45,4783,159.433,304.5,566.5
45,4785,159.5,338.5,534.5
45,4787,159.567,370.5,470.5
45,4788,159.6,390.5,422.5
45,4789,159.633,406.5,386.5
45,4790,159.667,418.5,354.5
45,4791,159.7,450.5,304.5
45,4792,159.733,466.5,278.5
45,4793,159.767,490.5,254.5
45,4794,159.8,514.5,230.5
45,4795,159.833,530.5,216.5
45,4796,159.867,552.5,202.5
45,4797,159.9,576.5,192.5
45,4798,159.933,598.5,186.5
45,4799,159.967,626.5,182.5
45,4800,160.0,642.5,182.5
45,4801,160.033,672.5,188.5
45,4802,160.067,688.5,196.5
45,4803,160.1,712.5,210.5
45,4804,160.133,730.5,224.5
45,4805,160.167,746.5,240.5
45,4806,160.2,762.5,258.5
45,4807,160.233,782.5,288.5
45,4808,160.267,792.5,302.5
45,4810,160.333,820.5,358.5
45,4811,160.367,828.5,334.5
45,4812,160.4,834.5,308.5
45,4813,160.433,836.5,294.5
45,4814,160.467,842.5,274.5
45,4815,160.5,846.5,262.5
45,4816,160.533,850.5,254.5
45,4817,160.567,854.5,246.5
45,4818,160.6,860.5,242.5
45,4819,160.633,864.5,248.5
45,4820,160.667,866.5,250.5
45,4821,160.7,870.5,258.5
45,4822,160.733,870.5,270.5
45,4823,160.767,872.5,286.5
45,4824,160.8,872.5,304.5
46,4835,161.167,808.5,300.5
46,4836,161.2,772.5,312.5
46,4837,161.233,754.5,322.5
46,4838,161.267,718.5,342.5
46,4839,161.3,694.5,360.5
46,4840,161.333,674.5,378.5
46,4841,161.367,658.5,348.5
46,4842,161.4,644.5,318.5
46,4843,161.433,630.5,290.5
46,4844,161.467,618.5,270.5
46,4845,161.5,602.5,250.5
46,4846,161.533,590.5,236.5
46,4847,161.567,576.5,224.5
46,4848,161.6,564.5,214.5
46,4849,161.633,552.5,208.5
46,4850,161.667,540.5,206.5
46,4851,161.7,528.5,206.5
46,4852,161.733,518.5,208.5
46,4853,161.767,510.5,214.5
46,4854,161.8,500.5,222.5
46,4855,161.833,492.5,232.5
46,4856,161.867,484.5,246.5
46,4857,161.9,474.5,260.5
46,4858,161.933,468.5,274.5
46,4859,161.967,464.5,290.5
46,4860,162.0,454.5,276.5
46,4862,162.067,438.5,240.5
46,4863,162.1,432.5,228.5
46,4864,162.133,422.5,214.5
46,4865,162.167,414.5,204.5
46,4866,162.2,408.5,198.5
46,4867,162.233,402.5,194.5
46,4868,162.267,394.5,194.5
46,4869,162.3,390.5,200.5
46,4870,162.333,386.5,198.5
46,4871,162.367,380.5,186.5
46,4872,162.4,364.5,176.5
46,4873,162.433,352.5,168.5
46,4875,162.5,332.5,180.5
46,4876,162.533,328.5,194.5
46,4877,162.567,322.5,204.5
46,4878,162.6,310.5,218.5
46,4879,162.633,302.5,224.5
46,4880,162.667,292.5,238.5
46,4882,162.733,278.5,250.5
46,4886,162.867,260.5,264.5
46,4888,162.933,252.5,272.5
47,4916,163.867,254.5,274.5
47,4917,163.9,250.5,268.5
47,4920,164.0,246.5,230.5
47,4922,164.067,238.5,216.5
47,4923,164.1,234.5,212.5
47,4924,164.133,234.5,210.5
47,4925,164.167,234.5,212.5
47,4926,164.2,234.5,216.5
47,4927,164.233,234.5,222.5
47,4928,164.267,238.5,232.5
47,4929,164.3,266.5,246.5
47,4930,164.333,288.5,256.5
47,4932,164.4,410.5,284.5
47,4933,164.433,458.5,272.5
47,4934,164.467,488.5,266.5
47,4935,164.5,542.5,258.5
47,4936,164.533,576.5,260.5
47,4937,164.567,630.5,262.5
47,4938,164.6,672.5,270.5
47,4939,164.633,706.5,276.5
47,4940,164.667,752.5,288.5
47,4941,164.7,792.5,300.5
47,4942,164.733,824.5,310.5
47,4943,164.767,846.5,372.5
47,4944,164.8,906.5,354.5
47,4945,164.833,958.5,366.5
47,4946,164.867,990.5,356.5
47,4947,164.9,1024.5,348.5
47,4948,164.933,1060.5,342.5
47,4949,164.967,1098.5,342.5
47,4950,165.0,1094.5,326.5
47,4951,165.033,1028.5,298.5
47,4954,165.133,908.5,258.5
47,4955,165.167,852.5,242.5
47,4956,165.2,800.5,232.5
47,4957,165.233,756.5,226.5
47,4958,165.267,714.5,222.5
47,4959,165.3,674.5,222.5
47,4960,165.333,634.5,224.5
47,4961,165.367,594.5,228.5
47,4962,165.4,562.5,236.5
47,4963,165.433,542.5,242.5
47,4964,165.467,504.5,252.5
47,4965,165.5,484.5,258.5
47,4966,165.533,458.5,236.5
47,4967,165.567,438.5,218.5
47,4968,165.6,414.5,202.5
47,4969,165.633,396.5,192.5
47,4971,165.7,384.5,202.5
47,4972,165.733,434.5,178.5
47,4973,165.767,464.5,178.5
47,4974,165.8,484.5,180.5
47,4975,165.833,510.5,186.5
47,4976,165.867,534.5,192.5
47,4977,165.9,562.5,200.5
47,4978,165.933,590.5,212.5
47,4979,165.967,614.5,226.5
47,4980,166.0,642.5,242.5
47,4981,166.033,676.5,266.5
47,4982,166.067,692.5,280.5
47,4983,166.1,728.5,306.5
47,4984,166.133,748.5,328.5
47,4985,166.167,776.5,366.5
47,4986,166.2,802.5,356.5
47,4987,166.233,832.5,346.5
47,4988,166.267,862.5,340.5
47,4989,166.3,890.5,338.5
47,4990,166.333,912.5,340.5
47,4991,166.367,940.5,340.5
47,4992,166.4,980.5,348.5
47,4993,166.433,926.5,330.5
47,4994,166.467,868.5,316.5
47,4995,166.5,816.5,302.5
47,4996,166.533,766.5,292.5
47,4997,166.567,724.5,290.5
47,4998,166.6,678.5,284.5
47,4999,166.633,634.5,284.5
47,5000,166.667,596.5,292.5
47,5001,166.7,572.5,294.5
47,5002,166.733,574.5,304.5
47,5003,166.767,578.5,312.5
47,5004,166.8,586.5,312.5
47,5005,166.833,590.5,308.5
47,5006,166.867,596.5,304.5
47,5007,166.9,602.5,304.5
47,5008,166.933,608.5,304.5
47,5009,166.967,612.5,308.5
47,5010,167.0,620.5,316.5
47,5011,167.033,624.5,326.5
47,5012,167.067,632.5,328.5
47,5013,167.1,634.5,322.5
47,5014,167.133,644.5,320.5
47,5015,167.167,648.5,320.5
47,5016,167.2,654.5,322.5
47,5017,167.233,660.5,328.5
47,5018,167.267,666.5,334.5
47,5019,167.3,672.5,342.5
47,5020,167.333,676.5,340.5
47,5021,167.367,682.5,336.5
47,5022,167.4,690.5,336.5
47,5023,167.433,694.5,336.5
47,5024,167.467,698.5,342.5
47,5025,167.5,704.5,348.5
47,5026,167.533,710.5,356.5
47,5027,167.567,716.5,354.5
47,5028,167.6,722.5,350.5
47,5029,167.633,728.5,350.5
47,5030,167.667,734.5,352.5
47,5031,167.7,738.5,356.5
47,5032,167.733,746.5,364.5
47,5033,167.767,750.5,370.5
47,5034,167.8,754.5,366.5
47,5035,167.833,762.5,364.5
47,5036,167.867,768.5,364.5
47,5037,167.9,774.5,368.5
47,5038,167.933,778.5,374.5
47,5039,167.967,784.5,384.5
47,5040,168.0,790.5,382.5
47,5041,168.033,798.5,380.5
47,5042,168.067,802.5,382.5
47,5043,168.1,808.5,386.5
47,5044,168.133,812.5,392.5
47,5045,168.167,818.5,398.5
47,5046,168.2,824.5,394.5
47,5047,168.233,830.5,394.5
47,5048,168.267,836.5,398.5
47,5049,168.3,840.5,404.5
47,5050,168.333,846.5,412.5
47,5051,168.367,852.5,410.5
47,5052,168.4,858.5,408.5
47,5053,168.433,864.5,410.5
47,5054,168.467,870.5,416.5
47,5055,168.5,874.5,424.5
47,5056,168.533,884.5,422.5
48,5142,171.4,818.5,332.5
48,5143,171.433,762.5,324.5
48,5144,171.467,742.5,288.5
48,5145,171.5,702.5,274.5
48,5146,171.533,672.5,262.5
48,5147,171.567,632.5,254.5
48,5148,171.6,602.5,248.5
48,5149,171.633,576.5,244.5
48,5150,171.667,538.5,246.5
48,5151,171.7,514.5,246.5
48,5152,171.733,494.5,250.5
48,5153,171.767,472.5,236.5
48,5154,171.8,456.5,228.5
48,5155,171.833,428.5,214.5
48,5156,171.867,416.5,208.5
48,5157,171.9,416.5,192.5
48,5158,171.933,428.5,176.5
48,5159,171.967,440.5,160.5
48,5160,172.0,456.5,144.5
48,5161,172.033,468.5,128.5
48,5162,172.067,482.5,116.5
48,5163,172.1,498.5,106.5
48,5164,172.133,510.5,100.5
48,5165,172.167,526.5,94.5
48,5166,172.2,542.5,90.5
48,5167,172.233,558.5,90.5
48,5168,172.267,574.5,92.5
48,5169,172.3,590.5,96.5
48,5170,172.333,606.5,104.5
48,5171,172.367,622.5,114.5
48,5172,172.4,638.5,126.5
48,5173,172.433,654.5,144.5
48,5174,172.467,674.5,164.5
48,5175,172.5,690.5,184.5
48,5176,172.533,706.5,208.5
48,5177,172.567,724.5,236.5
48,5178,172.6,738.5,260.5
48,5179,172.633,752.5,286.5
48,5180,172.667,768.5,324.5
48,5181,172.7,778.5,344.5
48,5182,172.733,800.5,386.5
48,5183,172.767,810.5,372.5
48,5184,172.8,824.5,352.5
48,5185,172.833,836.5,334.5
48,5186,172.867,850.5,320.5
48,5187,172.9,862.5,310.5
48,5188,172.933,874.5,300.5
49,5243,174.767,820.5,312.5
49,5244,174.8,798.5,296.5
49,5245,174.833,764.5,270.5
49,5246,174.867,734.5,250.5
49,5247,174.9,702.5,232.5
49,5248,174.933,676.5,220.5
49,5249,174.967,642.5,206.5
49,5250,175.0,620.5,198.5
49,5251,175.033,598.5,194.5
49,5252,175.067,574.5,188.5
49,5253,175.1,546.5,188.5
49,5254,175.133,530.5,190.5
49,5255,175.167,502.5,194.5
49,5256,175.2,486.5,196.5
49,5257,175.233,468.5,202.5
49,5258,175.267,452.5,212.5
49,5259,175.3,434.5,220.5
49,5260,175.333,424.5,228.5
49,5262,175.4,394.5,196.5
49,5264,175.467,442.5,190.5
49,5265,175.5,468.5,190.5
49,5266,175.533,494.5,192.5
49,5267,175.567,528.5,196.5
49,5268,175.6,550.5,202.5
49,5269,175.633,578.5,210.5
49,5270,175.667,610.5,220.5
49,5271,175.7,638.5,230.5
49,5272,175.733,672.5,246.5
49,5273,175.767,694.5,260.5
49,5274,175.8,726.5,280.5
49,5275,175.833,740.5,292.5
49,5276,175.867,772.5,322.5
49,5277,175.9,816.5,310.5
49,5278,175.933,832.5,308.5
49,5279,175.967,866.5,306.5
49,5280,176.0,892.5,306.5
49,5281,176.033,928.5,306.5
49,5282,176.067,952.5,310.5
49,5283,176.1,946.5,302.5
49,5284,176.133,890.5,280.5
49,5285,176.167,836.5,262.5
49,5286,176.2,788.5,246.5
49,5287,176.233,746.5,238.5
49,5288,176.267,702.5,228.5
49,5289,176.3,672.5,224.5
49,5290,176.333,624.5,220.5
49,5291,176.367,588.5,220.5
49,5292,176.4,554.5,220.5
49,5293,176.433,524.5,224.5
49,5294,176.467,492.5,228.5
49,5295,176.5,466.5,234.5
49,5296,176.533,442.5,244.5
49,5297,176.567,422.5,248.5
49,5298,176.6,396.5,232.5
49,5299,176.633,378.5,222.5
49,5300,176.667,362.5,206.5
49,5301,176.7,382.5,204.5
49,5302,176.733,406.5,202.5
49,5303,176.767,434.5,198.5
49,5304,176.8,462.5,200.5
49,5305,176.833,492.5,204.5
49,5306,176.867,522.5,212.5
49,5307,176.9,550.5,220.5
49,5308,176.933,580.5,228.5
49,5309,176.967,612.5,244.5
49,5310,177.0,640.5,256.5
49,5311,177.033,676.5,276.5
49,5312,177.067,704.5,294.5
49,5313,177.1,732.5,310.5
49,5314,177.133,768.5,340.5
49,5315,177.167,798.5,364.5
49,5316,177.2,830.5,358.5
49,5317,177.233,866.5,354.5
49,5318,177.267,898.5,348.5
49,5319,177.3,930.5,348.5
49,5320,177.333,978.5,352.5
49,5321,177.367,1002.5,354.5
49,5322,177.4,964.5,332.5
49,5323,177.433,896.5,310.5
49,5324,177.467,836.5,290.5
49,5325,177.5,764.5,266.5
49,5326,177.533,712.5,254.5
49,5327,177.567,652.5,240.5
49,5328,177.6,612.5,238.5
49,5329,177.633,568.5,232.5
49,5330,177.667,528.5,232.5
49,5331,177.7,490.5,236.5
49,5332,177.733,452.5,238.5
49,5333,177.767,418.5,244.5
49,5334,177.8,386.5,252.5
49,5335,177.833,364.5,262.5
49,5336,177.867,336.5,258.5
49,5337,177.9,310.5,242.5
49,5338,177.933,282.5,220.5
49,5340,178.0,320.5,212.5
49,5341,178.033,348.5,212.5
49,5342,178.067,372.5,214.5
49,5343,178.1,404.5,220.5
49,5344,178.133,436.5,226.5
49,5345,178.167,462.5,232.5
49,5346,178.2,500.5,246.5
49,5347,178.233,538.5,258.5
49,5348,178.267,564.5,272.5
49,5349,178.3,598.5,290.5
49,5350,178.333,634.5,312.5
49,5351,178.367,664.5,336.5
49,5352,178.4,696.5,338.5
49,5353,178.433,722.5,328.5
49,5354,178.467,754.5,324.5
49,5355,178.5,786.5,324.5
49,5356,178.533,818.5,324.5
49,5357,178.567,850.5,328.5
49,5358,178.6,878.5,336.5
49,5359,178.633,906.5,342.5
49,5360,178.667,852.5,316.5
49,5361,178.7,816.5,302.5
49,5362,178.733,774.5,288.5
49,5363,178.767,736.5,276.5
49,5364,178.8,704.5,270.5
49,5365,178.833,676.5,266.5
49,5366,178.867,644.5,264.5
49,5367,178.9,618.5,264.5
49,5368,178.933,612.5,258.5
49,5369,178.967,610.5,254.5
49,5370,179.0,606.5,250.5
49,5371,179.033,604.5,250.5
49,5372,179.067,600.5,252.5
49,5373,179.1,598.5,256.5
49,5374,179.133,594.5,260.5
49,5375,179.167,594.5,266.5
49,5376,179.2,590.5,272.5
49,5377,179.233,586.5,260.5
49,5378,179.267,584.5,252.5
49,5379,179.3,582.5,244.5
49,5380,179.333,580.5,240.5
49,5381,179.367,578.5,236.5
49,5383,179.433,572.5,240.5
49,5384,179.467,568.5,242.5
49,5385,179.5,566.5,248.5
49,5386,179.533,564.5,254.5
49,5387,179.567,562.5,246.5
49,5388,179.6,562.5,248.5
49,5389,179.633,558.5,238.5
49,5390,179.667,556.5,230.5
49,5391,179.7,554.5,226.5
49,5392,179.733,550.5,226.5
49,5393,179.767,548.5,226.5
49,5394,179.8,546.5,228.5
49,5395,179.833,546.5,230.5
49,5396,179.867,544.5,236.5
49,5397,179.9,538.5,236.5
49,5398,179.933,538.5,228.5
49,5399,179.967,536.5,224.5
49,5402,180.067,522.5,208.5
49,5403,180.1,516.5,208.5
49,5405,180.167,496.5,200.5
49,5406,180.2,486.5,202.5
49,5407,180.233,476.5,200.5
49,5408,180.267,470.5,208.5
49,5411,180.367,436.5,214.5
49,5414,180.467,412.5,364.5
50,5479,182.633,292.5,256.5
50,5481,182.7,300.5,238.5
50,5482,182.733,300.5,226.5
50,5483,182.767,300.5,214.5
50,5484,182.8,298.5,198.5
50,5485,182.833,298.5,184.5
50,5486,182.867,294.5,168.5
50,5487,182.9,290.5,156.5
50,5488,182.933,284.5,142.5
50,5489,182.967,276.5,124.5
50,5490,183.0,268.5,116.5
50,5491,183.033,262.5,110.5
50,5492,183.067,260.5,106.5
50,5493,183.1,268.5,112.5
50,5494,183.133,280.5,114.5
50,5496,183.2,316.5,156.5
50,5497,183.233,332.5,172.5
50,5498,183.267,362.5,198.5
50,5499,183.3,386.5,224.5
50,5500,183.333,410.5,252.5
50,5501,183.367,432.5,280.5
50,5502,183.4,442.5,258.5
50,5503,183.433,452.5,242.5
50,5504,183.467,466.5,220.5
50,5505,183.5,478.5,198.5
50,5506,183.533,490.5,186.5
50,5507,183.567,502.5,172.5
50,5508,183.6,514.5,162.5
50,5509,183.633,528.5,154.5
50,5510,183.667,542.5,150.5
50,5511,183.7,556.5,148.5
50,5512,183.733,570.5,150.5
50,5513,183.767,582.5,154.5
50,5514,183.8,598.5,162.5
50,5515,183.833,610.5,170.5
50,5516,183.867,622.5,182.5
50,5517,183.9,636.5,196.5
50,5518,183.933,646.5,210.5
50,5519,183.967,660.5,230.5
50,5520,184.0,674.5,256.5
50,5521,184.033,680.5,270.5
50,5522,184.067,690.5,296.5
50,5523,184.1,702.5,324.5
50,5524,184.133,714.5,306.5
50,5525,184.167,728.5,282.5
50,5526,184.2,738.5,268.5
50,5527,184.233,750.5,254.5
50,5528,184.267,762.5,242.5
50,5529,184.3,772.5,234.5
50,5530,184.333,784.5,228.5
50,5531,184.367,796.5,224.5
50,5532,184.4,806.5,224.5
50,5533,184.433,818.5,228.5
50,5534,184.467,828.5,232.5
50,5535,184.5,836.5,240.5
50,5536,184.533,844.5,250.5
50,5537,184.567,852.5,262.5
50,5538,184.6,860.5,276.5
50,5539,184.633,866.5,296.5
50,5540,184.667,874.5,316.5
50,5541,184.7,874.5,328.5
50,5542,184.733,890.5,326.5
50,5543,184.767,898.5,316.5
50,5544,184.8,910.5,300.5
50,5545,184.833,922.5,286.5
50,5546,184.867,934.5,274.5
50,5547,184.9,942.5,272.5
50,5548,184.933,950.5,266.5
51,5629,187.633,848.5,308.5
51,5630,187.667,818.5,290.5
51,5631,187.7,784.5,266.5
51,5632,187.733,758.5,254.5
51,5633,187.767,728.5,242.5
51,5634,187.8,702.5,232.5
51,5635,187.833,678.5,226.5
51,5636,187.867,646.5,222.5
51,5637,187.9,630.5,222.5
51,5638,187.933,608.5,224.5
51,5639,187.967,588.5,226.5
51,5640,188.0,568.5,232.5
51,5641,188.033,550.5,238.5
51,5642,188.067,534.5,246.5
51,5643,188.1,520.5,234.5
51,5644,188.133,504.5,218.5
51,5645,188.167,490.5,208.5
51,5646,188.2,476.5,198.5
51,5647,188.233,466.5,192.5
51,5648,188.267,450.5,186.5
51,5649,188.3,454.5,186.5
51,5650,188.333,470.5,186.5
51,5651,188.367,484.5,188.5
51,5652,188.4,500.5,194.5
51,5653,188.433,518.5,200.5
51,5654,188.467,534.5,210.5
51,5655,188.5,552.5,222.5
51,5656,188.533,570.5,236.5
51,5657,188.567,584.5,252.5
51,5658,188.6,606.5,272.5
51,5659,188.633,618.5,290.5
51,5660,188.667,638.5,320.5
51,5661,188.7,658.5,338.5
51,5662,188.733,676.5,338.5
51,5663,188.767,690.5,334.5
51,5664,188.8,706.5,336.5
51,5665,188.833,722.5,340.5
51,5666,188.867,742.5,348.5
51,5667,188.9,762.5,358.5
51,5668,188.933,774.5,370.5
51,5669,188.967,736.5,352.5
51,5670,189.0,692.5,330.5
51,5671,189.033,650.5,310.5
51,5672,189.067,616.5,300.5
51,5673,189.1,580.5,292.5
51,5674,189.133,546.5,284.5
51,5676,189.2,490.5,278.5
51,5677,189.233,466.5,280.5
51,5678,189.267,444.5,284.5
51,5679,189.3,424.5,290.5
51,5680,189.333,402.5,294.5
51,5681,189.367,384.5,276.5
51,5683,189.433,346.5,244.5
51,5684,189.467,332.5,234.5
51,5688,189.6,380.5,214.5
51,5689,189.633,410.5,210.5
51,5690,189.667,442.5,210.5
51,5691,189.7,476.5,212.5
51,5692,189.733,506.5,214.5
51,5693,189.767,540.5,224.5
51,5694,189.8,572.5,234.5
51,5695,189.833,604.5,244.5
51,5696,189.867,638.5,260.5
51,5697,189.9,674.5,278.5
51,5698,189.933,698.5,288.5
51,5699,189.967,730.5,308.5
51,5700,190.0,766.5,340.5
51,5701,190.033,800.5,330.5
51,5702,190.067,824.5,322.5
51,5703,190.1,852.5,314.5
51,5704,190.133,880.5,310.5
51,5705,190.167,918.5,306.5
51,5706,190.2,944.5,306.5
51,5710,190.333,900.5,282.5
51,5711,190.367,816.5,258.5
51,5712,190.4,730.5,238.5
51,5713,190.433,686.5,230.5
51,5715,190.5,532.5,216.5
51,5716,190.533,482.5,220.5
51,5717,190.567,428.5,224.5
51,5718,190.6,382.5,230.5
51,5719,190.633,336.5,242.5
51,5720,190.667,300.5,252.5
51,5724,190.8,184.5,318.5
51,5725,190.833,166.5,334.5
51,5726,190.867,148.5,354.5
51,5727,190.9,130.5,368.5
51,5728,190.933,102.5,350.5
51,5729,190.967,90.5,334.5
51,5730,191.0,98.5,328.5
51,5731,191.033,98.5,322.5
51,5732,191.067,104.5,318.5
51,5733,191.1,110.5,312.5
51,5734,191.133,114.5,312.5
51,5735,191.167,120.5,312.5
51,5736,191.2,122.5,318.5
51,5737,191.233,130.5,324.5
51,5738,191.267,136.5,330.5
51,5739,191.3,142.5,338.5
51,5740,191.333,148.5,350.5
51,5741,191.367,156.5,364.5
51,5742,191.4,164.5,380.5
51,5743,191.433,172.5,398.5
51,5744,191.467,180.5,418.5
51,5745,191.5,188.5,436.5
51,5746,191.533,196.5,462.5
51,5748,191.6,266.5,406.5
51,5750,191.667,252.5,416.5
51,5752,191.733,288.5,536.5
51,5753,191.767,284.5,522.5
51,5754,191.8,274.5,512.5
51,5756,191.867,204.5,524.5
51,5757,191.9,202.5,518.5
51,5758,191.933,200.5,514.5
51,5759,191.967,206.5,514.5
52,5779,192.633,130.5,202.5
52,5780,192.667,148.5,224.5
52,5781,192.7,142.5,224.5
52,5783,192.767,154.5,256.5
52,5785,192.833,184.5,296.5
52,5789,192.967,304.5,592.5
52,5793,193.1,204.5,344.5
52,5794,193.133,212.5,350.5
52,5796,193.2,222.5,364.5
52,5798,193.267,232.5,376.5
52,5799,193.3,234.5,382.5
53,5809,193.633,246.5,362.5
53,5811,193.7,312.5,478.5
53,5812,193.733,302.5,460.5
53,5813,193.767,288.5,438.5
53,5816,193.867,280.5,522.5
53,5818,193.933,188.5,456.5
53,5819,193.967,202.5,468.5
53,5820,194.0,210.5,480.5
53,5821,194.033,282.5,522.5
53,5823,194.1,280.5,520.5
53,5824,194.133,280.5,516.5
53,5827,194.233,292.5,496.5
54,5845,194.833,214.5,476.5
54,5847,194.9,178.5,446.5
54,5848,194.933,186.5,440.5
54,5849,194.967,196.5,430.5
54,5853,195.1,268.5,420.5
55,5870,195.667,380.5,224.5
55,5871,195.7,386.5,222.5
55,5872,195.733,394.5,226.5
55,5873,195.767,400.5,228.5
55,5874,195.8,404.5,232.5
56,5964,198.8,252.5,248.5
56,5966,198.867,302.5,246.5
56,5967,198.9,292.5,250.5
56,5968,198.933,284.5,256.5
56,5969,198.967,278.5,262.5
56,5970,199.0,270.5,262.5
56,5971,199.033,264.5,268.5
56,5972,199.067,264.5,270.5
56,5975,199.167,258.5,274.5
57,5997,199.9,254.5,272.5
57,6000,200.0,246.5,236.5
57,6001,200.033,246.5,224.5
57,6002,200.067,244.5,218.5
57,6003,200.1,246.5,216.5
57,6006,200.2,244.5,218.5
57,6007,200.233,246.5,224.5
57,6008,200.267,258.5,240.5
57,6009,200.3,284.5,252.5
57,6011,200.367,380.5,302.5
57,6012,200.4,410.5,294.5
57,6013,200.433,446.5,286.5
57,6014,200.467,474.5,284.5
57,6015,200.5,510.5,278.5
57,6016,200.533,546.5,282.5
57,6017,200.567,578.5,290.5
57,6018,200.6,616.5,292.5
57,6019,200.633,658.5,306.5
57,6020,200.667,688.5,310.5
57,6021,200.7,724.5,330.5
57,6022,200.733,766.5,354.5
57,6023,200.767,798.5,372.5
57,6024,200.8,832.5,400.5
57,6025,200.833,868.5,402.5
57,6026,200.867,904.5,390.5
57,6027,200.9,938.5,386.5
57,6028,200.933,976.5,384.5
57,6029,200.967,1004.5,380.5
57,6031,201.033,870.5,310.5
57,6032,201.067,822.5,292.5
57,6033,201.1,756.5,264.5
57,6034,201.133,712.5,252.5
57,6035,201.167,674.5,242.5
57,6036,201.2,626.5,232.5
57,6037,201.233,590.5,228.5
57,6038,201.267,558.5,228.5
57,6039,201.3,526.5,228.5
57,6040,201.333,500.5,232.5
57,6041,201.367,470.5,236.5
57,6042,201.4,446.5,244.5
57,6043,201.433,426.5,256.5
57,6044,201.467,410.5,264.5
57,6045,201.5,390.5,248.5
57,6046,201.533,370.5,226.5
57,6047,201.567,356.5,210.5
57,6049,201.633,354.5,190.5
57,6050,201.667,378.5,186.5
57,6051,201.7,404.5,184.5
57,6052,201.733,432.5,186.5
57,6053,201.767,464.5,188.5
57,6054,201.8,492.5,192.5
57,6055,201.833,528.5,202.5
57,6056,201.867,562.5,212.5
57,6057,201.9,594.5,226.5
57,6058,201.933,628.5,240.5
57,6059,201.967,672.5,262.5
57,6061,202.033,742.5,306.5
57,6062,202.067,766.5,324.5
57,6063,202.1,798.5,348.5
57,6064,202.133,842.5,384.5
57,6065,202.167,892.5,428.5
57,6066,202.2,926.5,434.5
57,6067,202.233,972.5,442.5
57,6068,202.267,1020.5,454.5
57,6069,202.3,1066.5,470.5
57,6070,202.333,1124.5,498.5
57,6071,202.367,1162.5,514.5
57,6073,202.433,1222.5,550.5
57,6074,202.467,1212.5,552.5
57,6077,202.567,1156.5,330.5
57,6081,202.7,1112.5,674.5
57,6082,202.733,1100.5,692.5
57,6083,202.767,1082.5,714.5
58,6176,205.867,610.5,290.5
58,6177,205.9,594.5,260.5
58,6178,205.933,584.5,242.5
58,6179,205.967,568.5,222.5
58,6180,206.0,556.5,208.5
58,6181,206.033,544.5,198.5
58,6182,206.067,534.5,192.5
58,6183,206.1,524.5,192.5
58,6184,206.133,516.5,192.5
58,6185,206.167,506.5,196.5
58,6186,206.2,498.5,202.5
58,6187,206.233,492.5,212.5
58,6188,206.267,486.5,222.5
58,6189,206.3,480.5,232.5
58,6190,206.333,474.5,248.5
58,6191,206.367,470.5,266.5
58,6192,206.4,466.5,284.5
58,6193,206.433,458.5,268.5
58,6194,206.467,454.5,246.5
58,6195,206.5,450.5,230.5
58,6196,206.533,444.5,208.5
58,6197,206.567,440.5,194.5
58,6198,206.6,438.5,182.5
58,6199,206.633,434.5,172.5
58,6200,206.667,430.5,164.5
58,6201,206.7,428.5,160.5
58,6202,206.733,424.5,156.5
58,6203,206.767,422.5,160.5
58,6204,206.8,420.5,164.5
58,6205,206.833,418.5,166.5
58,6206,206.867,418.5,174.5
58,6207,206.9,418.5,182.5
58,6208,206.933,416.5,196.5
58,6209,206.967,414.5,206.5
58,6211,207.033,412.5,226.5
58,6213,207.1,402.5,234.5
59,6306,210.2,284.5,242.5
59,6307,210.233,280.5,246.5
59,6308,210.267,276.5,248.5
59,6309,210.3,274.5,250.5
59,6310,210.333,272.5,258.5
59,6311,210.367,272.5,258.5
59,6312,210.4,268.5,260.5
59,6313,210.433,272.5,262.5
59,6314,210.467,268.5,266.5
59,6315,210.5,264.5,272.5
60,6341,211.367,252.5,272.5
60,6342,211.4,248.5,264.5
60,6343,211.433,240.5,256.5
60,6344,211.467,242.5,240.5
60,6345,211.5,238.5,230.5
60,6346,211.533,234.5,226.5
60,6347,211.567,230.5,222.5
60,6349,211.633,228.5,226.5
60,6350,211.667,226.5,230.5
60,6351,211.7,228.5,236.5
60,6352,211.733,246.5,248.5
60,6353,211.767,270.5,258.5
60,6355,211.833,378.5,292.5
60,6356,211.867,410.5,284.5
60,6357,211.9,448.5,282.5
60,6358,211.933,490.5,276.5
60,6359,211.967,528.5,278.5
60,6360,212.0,562.5,280.5
60,6361,212.033,610.5,288.5
60,6362,212.067,640.5,292.5
60,6363,212.1,682.5,304.5
60,6364,212.133,716.5,316.5
60,6366,212.2,794.5,356.5
60,6367,212.233,820.5,356.5
60,6368,212.267,862.5,338.5
60,6369,212.3,894.5,338.5
60,6370,212.333,930.5,336.5
60,6371,212.367,958.5,338.5
60,6372,212.4,994.5,338.5
60,6373,212.433,946.5,316.5
60,6374,212.467,890.5,288.5
60,6375,212.5,836.5,266.5
60,6376,212.533,786.5,248.5
60,6377,212.567,742.5,238.5
60,6378,212.6,698.5,228.5
60,6379,212.633,656.5,222.5
60,6380,212.667,618.5,218.5
60,6381,212.7,586.5,218.5
60,6382,212.733,548.5,220.5
60,6383,212.767,518.5,226.5
60,6384,212.8,494.5,230.5
60,6385,212.833,462.5,240.5
60,6386,212.867,442.5,248.5
60,6387,212.9,418.5,246.5
60,6388,212.933,398.5,226.5
60,6389,212.967,374.5,210.5
60,6390,213.0,362.5,198.5
60,6391,213.033,370.5,190.5
60,6392,213.067,386.5,186.5
60,6393,213.1,414.5,182.5
60,6394,213.133,436.5,180.5
60,6395,213.167,464.5,182.5
60,6396,213.2,492.5,188.5
60,6397,213.233,518.5,196.5
60,6398,213.267,548.5,204.5
60,6399,213.3,576.5,216.5
60,6400,213.333,604.5,230.5
60,6401,213.367,630.5,244.5
60,6402,213.4,652.5,260.5
60,6403,213.433,688.5,286.5
60,6404,213.467,716.5,306.5
60,6405,213.5,748.5,336.5
60,6406,213.533,778.5,364.5
60,6407,213.567,806.5,384.5
60,6408,213.6,836.5,370.5
60,6409,213.633,866.5,366.5
60,6410,213.667,896.5,364.5
60,6411,213.7,930.5,364.5
60,6412,213.733,958.5,368.5
60,6413,213.767,984.5,370.5
60,6417,213.9,710.5,288.5
60,6420,214.0,562.5,262.5
60,6422,214.067,488.5,266.5
60,6423,214.1,458.5,270.5
60,6424,214.133,434.5,276.5
60,6425,214.167,410.5,276.5
60,6426,214.2,386.5,254.5
60,6427,214.233,364.5,230.5
60,6428,214.267,346.5,218.5
60,6429,214.3,322.5,204.5
60,6430,214.333,336.5,200.5
60,6431,214.367,366.5,198.5
60,6432,214.4,394.5,196.5
60,6433,214.433,422.5,198.5
60,6434,214.467,450.5,202.5
60,6435,214.5,482.5,210.5
60,6436,214.533,514.5,220.5
60,6437,214.567,550.5,232.5
60,6438,214.6,578.5,244.5
60,6439,214.633,612.5,262.5
60,6440,214.667,636.5,274.5
60,6441,214.7,682.5,304.5
60,6442,214.733,714.5,328.5
60,6443,214.767,746.5,354.5
60,6444,214.8,778.5,366.5
60,6445,214.833,818.5,356.5
60,6446,214.867,846.5,352.5
60,6447,214.9,882.5,348.5
60,6448,214.933,914.5,348.5
60,6449,214.967,962.5,352.5
60,6450,215.0,992.5,356.5
60,6451,215.033,926.5,332.5
60,6452,215.067,874.5,310.5
60,6453,215.1,816.5,292.5
60,6454,215.133,754.5,274.5
60,6455,215.167,710.5,260.5
60,6456,215.2,674.5,256.5
60,6457,215.233,624.5,250.5
60,6458,215.267,590.5,246.5
60,6459,215.3,560.5,248.5
60,6460,215.333,530.5,250.5
60,6461,215.367,504.5,254.5
60,6462,215.4,478.5,260.5
60,6463,215.433,458.5,252.5
60,6464,215.467,442.5,236.5
60,6465,215.5,426.5,220.5
60,6466,215.533,408.5,204.5
60,6467,215.567,394.5,192.5
60,6468,215.6,384.5,184.5
60,6469,215.633,394.5,180.5
60,6470,215.667,418.5,174.5
60,6471,215.7,436.5,174.5
60,6472,215.733,468.5,174.5
60,6473,215.767,496.5,176.5
60,6474,215.8,518.5,180.5
60,6475,215.833,546.5,186.5
60,6476,215.867,580.5,196.5
60,6477,215.9,610.5,208.5
60,6478,215.933,638.5,222.5
60,6479,215.967,674.5,242.5
60,6480,216.0,698.5,260.5
60,6481,216.033,732.5,284.5
60,6482,216.067,758.5,306.5
60,6483,216.1,792.5,340.5
60,6484,216.133,820.5,368.5
60,6485,216.167,850.5,402.5
60,6486,216.2,888.5,450.5
60,6487,216.233,920.5,490.5
60,6488,216.267,950.5,536.5
60,6489,216.3,980.5,584.5
60,6490,216.333,1008.5,634.5
60,6491,216.367,1042.5,688.5
61,6582,219.4,726.5,600.5
61,6583,219.433,704.5,590.5
61,6584,219.467,680.5,576.5
61,6585,219.5,662.5,582.5
61,6588,219.6,874.5,714.5
62,6728,224.267,832.5,348.5
62,6729,224.3,778.5,356.5
62,6730,224.333,760.5,306.5
62,6731,224.367,724.5,292.5
62,6732,224.4,686.5,282.5
62,6733,224.433,642.5,276.5
62,6734,224.467,620.5,274.5
62,6735,224.5,574.5,274.5
62,6736,224.533,550.5,274.5
62,6738,224.6,486.5,288.5
62,6739,224.633,456.5,300.5
62,6740,224.667,432.5,290.5
62,6741,224.7,410.5,278.5
62,6742,224.733,386.5,266.5
62,6743,224.767,372.5,262.5
62,6745,224.833,324.5,250.5
62,6746,224.867,306.5,248.5
62,6747,224.9,306.5,242.5
62,6748,224.933,330.5,240.5
62,6749,224.967,370.5,232.5
62,6750,225.0,400.5,228.5
62,6751,225.033,430.5,226.5
62,6752,225.067,460.5,228.5
62,6753,225.1,492.5,228.5
62,6754,225.133,528.5,236.5
62,6755,225.167,558.5,242.5
62,6756,225.2,590.5,252.5
62,6757,225.233,628.5,268.5
62,6758,225.267,652.5,278.5
62,6759,225.3,692.5,296.5
62,6760,225.333,722.5,318.5
62,6761,225.367,756.5,338.5
62,6762,225.4,786.5,360.5
62,6763,225.433,818.5,384.5
62,6764,225.467,850.5,366.5
62,6765,225.5,884.5,356.5
62,6766,225.533,914.5,348.5
62,6769,225.633,852.5,304.5
62,6770,225.667,788.5,288.5
62,6771,225.7,736.5,274.5
62,6772,225.733,690.5,262.5
62,6773,225.767,642.5,256.5
62,6774,225.8,604.5,252.5
62,6775,225.833,574.5,250.5
62,6776,225.867,536.5,250.5
62,6777,225.9,508.5,248.5
62,6778,225.933,484.5,252.5
62,6779,225.967,458.5,252.5
62,6780,226.0,438.5,234.5
62,6781,226.033,420.5,216.5
62,6782,226.067,404.5,204.5
62,6783,226.1,382.5,188.5
62,6785,226.167,404.5,180.5
62,6786,226.2,426.5,174.5
62,6787,226.233,452.5,174.5
62,6788,226.267,478.5,172.5
62,6789,226.3,498.5,174.5
62,6790,226.333,530.5,178.5
62,6791,226.367,550.5,182.5
62,6792,226.4,580.5,194.5
62,6793,226.433,608.5,204.5
62,6794,226.467,636.5,218.5
62,6795,226.5,668.5,238.5
62,6796,226.533,690.5,256.5
62,6797,226.567,712.5,274.5
62,6798,226.6,744.5,304.5
62,6799,226.633,762.5,324.5
62,6800,226.667,786.5,352.5
62,6801,226.7,822.5,400.5
62,6802,226.733,848.5,404.5
62,6803,226.767,876.5,396.5
62,6804,226.8,906.5,392.5
62,6805,226.833,936.5,392.5
62,6806,226.867,966.5,394.5
62,6807,226.9,1000.5,402.5
62,6808,226.933,1026.5,406.5
62,6810,227.0,892.5,340.5
62,6812,227.067,740.5,284.5
62,6813,227.1,688.5,268.5
62,6814,227.133,620.5,246.5
62,6815,227.167,576.5,240.5
62,6816,227.2,530.5,230.5
62,6817,227.233,492.5,228.5
62,6818,227.267,458.5,228.5
62,6819,227.3,432.5,228.5
62,6820,227.333,400.5,232.5
62,6821,227.367,372.5,236.5
62,6822,227.4,360.5,246.5
62,6823,227.433,336.5,256.5
62,6824,227.467,316.5,266.5
62,6828,227.6,282.5,130.5
62,6831,227.7,242.5,320.5
62,6832,227.733,234.5,308.5
62,6834,227.8,218.5,284.5
63,6839,227.967,230.5,266.5
63,6840,228.0,234.5,272.5
63,6841,228.033,242.5,274.5
63,6842,228.067,248.5,284.5
63,6845,228.167,182.5,238.5
63,6846,228.2,210.5,158.5
63,6850,228.333,294.5,350.5
63,6852,228.4,120.5,366.5
63,6853,228.433,134.5,366.5
63,6855,228.5,302.5,344.5
63,6856,228.533,306.5,350.5
63,6857,228.567,306.5,356.5
63,6858,228.6,310.5,366.5
63,6859,228.633,314.5,362.5
63,6860,228.667,316.5,360.5
63,6861,228.7,318.5,360.5
63,6862,228.733,320.5,364.5
64,6963,232.1,502.5,160.5
64,6964,232.133,518.5,158.5
64,6965,232.167,538.5,158.5
64,6966,232.2,554.5,160.5
64,6967,232.233,572.5,164.5
64,6968,232.267,590.5,172.5
64,6969,232.3,612.5,184.5
64,6970,232.333,628.5,196.5
64,6971,232.367,642.5,208.5
64,6972,232.4,668.5,230.5
64,6973,232.433,678.5,244.5
64,6974,232.467,696.5,266.5
64,6975,232.5,710.5,290.5
64,6976,232.533,730.5,320.5
64,6977,232.567,746.5,314.5
64,6978,232.6,762.5,292.5
64,6979,232.633,770.5,286.5
64,6980,232.667,782.5,274.5
64,6981,232.7,796.5,262.5
64,6982,232.733,808.5,258.5
64,6983,232.767,822.5,254.5
64,6984,232.8,832.5,254.5
64,6985,232.833,846.5,256.5
64,6986,232.867,856.5,260.5
64,6987,232.9,868.5,270.5
64,6988,232.933,878.5,278.5
64,6989,232.967,890.5,292.5
64,6990,233.0,902.5,314.5
64,6991,233.033,906.5,326.5
64,6992,233.067,912.5,312.5
64,6993,233.1,912.5,294.5
64,6994,233.133,910.5,276.5
64,6995,233.167,910.5,264.5
64,6996,233.2,908.5,256.5
64,6997,233.233,908.5,248.5
64,6998,233.267,906.5,242.5
64,6999,233.3,902.5,242.5
64,7000,233.333,900.5,246.5
64,7001,233.367,898.5,252.5
64,7002,233.4,896.5,260.5
64,7003,233.433,892.5,272.5
64,7004,233.467,890.5,284.5
64,7005,233.5,870.5,306.5
64,7006,233.533,874.5,294.5
64,7007,233.567,876.5,290.5
64,7008,233.6,880.5,290.5
65,7058,235.267,832.5,338.5
65,7060,235.333,768.5,292.5
65,7061,235.367,738.5,280.5
65,7062,235.4,706.5,268.5
65,7063,235.433,676.5,258.5
65,7064,235.467,642.5,248.5
65,7065,235.5,622.5,244.5
65,7066,235.533,592.5,244.5
65,7067,235.567,570.5,242.5
65,7068,235.6,552.5,244.5
65,7069,235.633,530.5,246.5
65,7070,235.667,508.5,250.5
65,7071,235.7,488.5,236.5
65,7072,235.733,472.5,228.5
65,7073,235.767,458.5,220.5
65,7074,235.8,442.5,212.5
65,7075,235.833,434.5,204.5
65,7076,235.867,448.5,202.5
65,7077,235.9,478.5,204.5
65,7078,235.933,500.5,206.5
65,7079,235.967,530.5,208.5
65,7080,236.0,554.5,214.5
65,7081,236.033,580.5,224.5
65,7082,236.067,608.5,236.5
65,7083,236.1,626.5,246.5
65,7084,236.133,652.5,260.5
65,7085,236.167,680.5,282.5
65,7086,236.2,706.5,304.5
65,7087,236.233,734.5,328.5
65,7088,236.267,756.5,330.5
65,7089,236.3,786.5,324.5
65,7090,236.333,814.5,322.5
65,7091,236.367,836.5,322.5
65,7092,236.4,870.5,330.5
65,7093,236.433,894.5,336.5
65,7094,236.467,912.5,336.5
65,7095,236.5,866.5,318.5
65,7096,236.533,818.5,300.5
65,7097,236.567,766.5,280.5
65,7098,236.6,716.5,266.5
65,7099,236.633,674.5,256.5
65,7100,236.667,624.5,246.5
65,7101,236.7,584.5,244.5
65,7102,236.733,544.5,242.5
65,7103,236.767,506.5,244.5
65,7104,236.8,476.5,246.5
65,7105,236.833,444.5,250.5
65,7106,236.867,404.5,260.5
65,7107,236.9,380.5,272.5
65,7108,236.933,350.5,282.5
65,7109,236.967,324.5,280.5
65,7110,237.0,300.5,264.5
65,7111,237.033,280.5,254.5
65,7112,237.067,244.5,232.5
65,7113,237.1,230.5,224.5
65,7114,237.133,266.5,210.5
65,7115,237.167,292.5,206.5
65,7116,237.2,334.5,198.5
65,7117,237.233,384.5,192.5
65,7118,237.267,422.5,190.5
65,7119,237.3,462.5,188.5
65,7120,237.333,508.5,190.5
65,7121,237.367,554.5,192.5
65,7122,237.4,594.5,196.5
65,7123,237.433,638.5,204.5
65,7124,237.467,686.5,214.5
65,7125,237.5,732.5,228.5
65,7126,237.533,774.5,242.5
65,7127,237.567,820.5,260.5
65,7128,237.6,820.5,262.5
65,7129,237.633,860.5,278.5
65,7130,237.667,900.5,300.5
65,7131,237.7,942.5,324.5
65,7132,237.733,980.5,350.5
65,7133,237.767,1018.5,374.5
65,7134,237.8,1056.5,404.5
65,7135,237.833,1086.5,430.5
65,7136,237.867,1118.5,460.5
65,7137,237.9,1150.5,492.5
66,7298,243.267,1250.5,212.5
66,7299,243.3,1188.5,220.5
66,7302,243.4,1036.5,250.5
66,7303,243.433,956.5,268.5
66,7304,243.467,922.5,282.5
66,7305,243.5,874.5,304.5
66,7306,243.533,848.5,314.5
66,7307,243.567,794.5,338.5
66,7308,243.6,764.5,296.5
66,7309,243.633,746.5,278.5
66,7310,243.667,722.5,260.5
66,7311,243.7,698.5,242.5
66,7312,243.733,676.5,228.5
66,7313,243.767,646.5,212.5
66,7314,243.8,630.5,208.5
66,7315,243.833,606.5,202.5
66,7316,243.867,588.5,200.5
66,7317,243.9,570.5,202.5
66,7318,243.933,548.5,206.5
66,7319,243.967,532.5,210.5
66,7320,244.0,514.5,218.5
66,7321,244.033,500.5,228.5
66,7322,244.067,482.5,242.5
66,7323,244.1,470.5,256.5
66,7324,244.133,456.5,272.5
66,7325,244.167,442.5,266.5
66,7326,244.2,428.5,244.5
66,7327,244.233,414.5,230.5
66,7328,244.267,402.5,218.5
66,7329,244.3,390.5,206.5
66,7330,244.333,372.5,196.5
66,7331,244.367,364.5,192.5
66,7332,244.4,354.5,188.5
66,7333,244.433,344.5,188.5
66,7334,244.467,332.5,188.5
66,7335,244.5,324.5,194.5
66,7336,244.533,316.5,200.5
66,7337,244.567,310.5,192.5
66,7338,244.6,302.5,184.5
67,7353,245.1,680.5,512.5
67,7354,245.133,650.5,520.5
67,7355,245.167,632.5,520.5
67,7356,245.2,612.5,524.5
67,7357,245.233,586.5,532.5
68,7447,248.233,242.5,224.5
68,7448,248.267,242.5,212.5
68,7449,248.3,240.5,208.5
68,7450,248.333,238.5,200.5
68,7452,248.4,242.5,202.5
68,7454,248.467,236.5,210.5
68,7455,248.5,244.5,224.5
68,7456,248.533,268.5,238.5
68,7457,248.567,338.5,270.5
68,7458,248.6,306.5,240.5
68,7460,248.667,450.5,274.5
68,7461,248.7,488.5,262.5
68,7462,248.733,528.5,258.5
68,7463,248.767,568.5,254.5
68,7464,248.8,604.5,252.5
68,7465,248.833,642.5,254.5
68,7466,248.867,686.5,258.5
68,7467,248.9,722.5,264.5
68,7468,248.933,758.5,276.5
68,7469,248.967,798.5,290.5
68,7470,249.0,834.5,306.5
68,7471,249.033,866.5,320.5
68,7472,249.067,898.5,334.5
68,7473,249.1,944.5,368.5
68,7474,249.133,978.5,360.5
68,7475,249.167,1010.5,354.5
68,7476,249.2,1044.5,348.5
68,7477,249.233,1072.5,344.5
69,7661,255.367,1170.5,246.5
69,7662,255.4,1090.5,256.5
69,7663,255.433,1044.5,260.5
69,7664,255.467,994.5,270.5
69,7665,255.5,938.5,284.5
69,7666,255.533,884.5,302.5
69,7667,255.567,850.5,312.5
69,7668,255.6,790.5,336.5
69,7670,255.667,748.5,284.5
69,7671,255.7,722.5,262.5
69,7672,255.733,698.5,244.5
69,7673,255.767,674.5,228.5
69,7674,255.8,642.5,212.5
69,7675,255.833,628.5,208.5
69,7676,255.867,604.5,202.5
69,7677,255.9,582.5,200.5
69,7678,255.933,560.5,200.5
69,7679,255.967,542.5,200.5
69,7680,256.0,522.5,206.5
69,7681,256.033,506.5,212.5
69,7682,256.067,490.5,222.5
69,7683,256.1,476.5,232.5
69,7684,256.133,460.5,246.5
69,7685,256.167,444.5,252.5
69,7686,256.2,434.5,240.5
69,7687,256.233,420.5,222.5
69,7688,256.267,404.5,204.5
69,7689,256.3,396.5,196.5
69,7690,256.333,386.5,190.5
69,7691,256.367,378.5,186.5
69,7692,256.4,364.5,182.5
69,7693,256.433,362.5,174.5
69,7694,256.467,346.5,172.5
70,7699,256.633,346.5,170.5
70,7701,256.7,366.5,184.5
70,7702,256.733,378.5,200.5
70,7703,256.767,380.5,212.5
70,7704,256.8,388.5,226.5
70,7705,256.833,398.5,230.5
71,7756,258.533,312.5,256.5
71,7757,258.567,300.5,256.5
71,7758,258.6,292.5,258.5
71,7759,258.633,284.5,260.5
71,7760,258.667,278.5,262.5
71,7761,258.7,268.5,264.5
71,7763,258.767,262.5,272.5
72,7785,259.5,260.5,274.5
72,7786,259.533,252.5,266.5
72,7788,259.6,248.5,236.5
72,7789,259.633,244.5,226.5
72,7790,259.667,240.5,216.5
72,7791,259.7,240.5,212.5
72,7792,259.733,240.5,208.5
72,7793,259.767,238.5,206.5
72,7794,259.8,236.5,210.5
72,7795,259.833,236.5,214.5
72,7796,259.867,236.5,218.5
72,7797,259.9,242.5,232.5
72,7798,259.933,268.5,246.5
72,7799,259.967,334.5,272.5
72,7801,260.033,410.5,298.5
72,7802,260.067,452.5,286.5
72,7803,260.1,494.5,276.5
72,7804,260.133,536.5,274.5
72,7805,260.167,572.5,268.5
72,7806,260.2,612.5,268.5
72,7807,260.233,642.5,272.5
72,7808,260.267,688.5,278.5
72,7809,260.3,732.5,288.5
72,7810,260.333,766.5,294.5
72,7811,260.367,794.5,306.5
72,7812,260.4,816.5,356.5
72,7813,260.433,870.5,344.5
72,7814,260.467,908.5,348.5
72,7815,260.5,946.5,336.5
72,7816,260.533,974.5,330.5
72,7817,260.567,1004.5,324.5
72,7818,260.6,1040.5,322.5
72,7819,260.633,1070.5,324.5
72,7820,260.667,1102.5,324.5
72,7822,260.733,1034.5,272.5
72,7823,260.767,978.5,246.5
72,7824,260.8,914.5,210.5
72,7825,260.833,864.5,192.5
72,7826,260.867,798.5,170.5
72,7827,260.9,756.5,160.5
72,7828,260.933,708.5,150.5
72,7829,260.967,670.5,146.5
72,7830,261.0,622.5,148.5
72,7831,261.033,580.5,148.5
72,7832,261.067,546.5,156.5
72,7833,261.1,510.5,162.5
72,7834,261.133,482.5,172.5
72,7835,261.167,450.5,186.5
72,7836,261.2,428.5,198.5
72,7837,261.233,402.5,214.5
72,7840,261.333,338.5,228.5
72,7844,261.467,246.5,164.5
73,7852,261.733,342.5,72.5
73,7853,261.767,366.5,66.5
73,7854,261.8,398.5,64.5
73,7855,261.833,424.5,62.5
73,7856,261.867,452.5,62.5
73,7857,261.9,482.5,68.5
73,7858,261.933,514.5,72.5
73,7859,261.967,548.5,84.5
73,7860,262.0,580.5,96.5
73,7861,262.033,612.5,114.5
73,7862,262.067,644.5,130.5
73,7863,262.1,684.5,156.5
73,7864,262.133,714.5,180.5
73,7865,262.167,750.5,210.5
73,7866,262.2,782.5,238.5
73,7867,262.233,818.5,272.5
73,7868,262.267,850.5,308.5
73,7869,262.3,890.5,352.5
73,7870,262.333,930.5,402.5
73,7871,262.367,950.5,430.5
73,7872,262.4,980.5,472.5
73,7873,262.433,1010.5,520.5
73,7874,262.467,1040.5,568.5
73,7875,262.5,1068.5,616.5
73,7876,262.533,1092.5,658.5
73,7877,262.567,1122.5,696.5
73,7878,262.6,1142.5,682.5
73,7879,262.633,1166.5,668.5
73,7880,262.667,1186.5,658.5
73,7881,262.7,1208.5,652.5
73,7882,262.733,1230.5,646.5
73,7883,262.767,1252.5,644.5
73,7884,262.8,1270.5,646.5
74,7934,264.467,830.5,600.5
74,7935,264.5,810.5,594.5
74,7936,264.533,784.5,586.5
74,7938,264.6,742.5,576.5
74,7939,264.633,718.5,570.5
74,7941,264.7,672.5,560.5
74,7942,264.733,650.5,558.5
74,7943,264.767,632.5,552.5
75,7959,265.3,826.5,714.5
75,7960,265.333,828.5,712.5
75,7961,265.367,828.5,712.5
75,7962,265.4,826.5,712.5
75,7964,265.467,822.5,712.5
75,7965,265.5,822.5,712.5
75,7966,265.533,820.5,712.5
75,7967,265.567,820.5,712.5
75,7968,265.6,818.5,712.5
75,7969,265.633,818.5,712.5
75,7970,265.667,818.5,712.5
75,7971,265.7,818.5,712.5
75,7973,265.767,820.5,714.5
75,7974,265.8,818.5,712.5
75,7975,265.833,820.5,712.5
75,7976,265.867,820.5,712.5
75,7977,265.9,820.5,712.5
75,7980,266.0,820.5,712.5
75,7981,266.033,822.5,712.5
76,8072,269.067,836.5,334.5
76,8074,269.133,758.5,290.5
76,8075,269.167,722.5,272.5
76,8076,269.2,686.5,258.5
76,8077,269.233,644.5,242.5
76,8078,269.267,624.5,238.5
76,8079,269.3,590.5,232.5
76,8080,269.333,562.5,230.5
76,8081,269.367,538.5,230.5
76,8082,269.4,512.5,234.5
76,8083,269.433,486.5,236.5
76,8084,269.467,468.5,232.5
76,8085,269.5,450.5,220.5
76,8087,269.567,414.5,198.5
76,8088,269.6,430.5,194.5
76,8089,269.633,452.5,192.5
76,8090,269.667,478.5,190.5
76,8091,269.7,498.5,190.5
76,8092,269.733,530.5,194.5
76,8093,269.767,552.5,200.5
76,8094,269.8,578.5,208.5
76,8095,269.833,608.5,220.5
76,8096,269.867,632.5,230.5
76,8097,269.9,648.5,242.5
76,8098,269.933,682.5,262.5
76,8099,269.967,700.5,276.5
76,8100,270.0,734.5,302.5
76,8101,270.033,754.5,328.5
76,8102,270.067,786.5,324.5
76,8103,270.1,812.5,320.5
76,8104,270.133,842.5,314.5
76,8105,270.167,866.5,316.5
76,8106,270.2,892.5,320.5
76,8107,270.233,914.5,324.5
76,8108,270.267,892.5,318.5
76,8109,270.3,836.5,302.5
76,8110,270.333,786.5,290.5
76,8111,270.367,738.5,278.5
76,8112,270.4,688.5,274.5
76,8113,270.433,638.5,272.5
76,8114,270.467,594.5,266.5
76,8115,270.5,558.5,272.5
76,8116,270.533,492.5,266.5
76,8117,270.567,490.5,282.5
76,8118,270.6,448.5,292.5
76,8119,270.633,414.5,286.5
76,8120,270.667,388.5,270.5
76,8121,270.7,366.5,260.5
76,8122,270.733,336.5,246.5
76,8123,270.767,306.5,240.5
76,8126,270.867,332.5,222.5
76,8127,270.9,358.5,222.5
76,8128,270.933,394.5,222.5
76,8129,270.967,424.5,224.5
76,8130,271.0,458.5,230.5
76,8131,271.033,482.5,234.5
76,8132,271.067,518.5,246.5
76,8133,271.1,554.5,258.5
76,8134,271.133,586.5,272.5
76,8135,271.167,620.5,286.5
76,8136,271.2,654.5,308.5
76,8137,271.233,690.5,334.5
76,8138,271.267,718.5,350.5
76,8139,271.3,754.5,384.5
76,8140,271.333,788.5,390.5
76,8141,271.367,820.5,378.5
76,8142,271.4,850.5,372.5
76,8143,271.433,886.5,366.5
76,8144,271.467,916.5,366.5
76,8145,271.5,956.5,370.5
76,8146,271.533,908.5,344.5
76,8147,271.567,850.5,320.5
76,8148,271.6,802.5,304.5
76,8149,271.633,752.5,290.5
76,8150,271.667,704.5,278.5
76,8151,271.7,654.5,272.5
76,8152,271.733,626.5,270.5
76,8153,271.767,586.5,266.5
76,8154,271.8,558.5,266.5
76,8155,271.833,534.5,266.5
76,8156,271.867,500.5,276.5
76,8157,271.9,474.5,270.5
76,8158,271.933,456.5,250.5
76,8159,271.967,442.5,236.5
76,8160,272.0,424.5,220.5
76,8161,272.033,404.5,206.5
76,8162,272.067,388.5,198.5
76,8163,272.1,380.5,192.5
76,8164,272.133,390.5,190.5
76,8165,272.167,408.5,190.5
76,8166,272.2,432.5,190.5
76,8167,272.233,454.5,194.5
76,8168,272.267,478.5,198.5
76,8169,272.3,502.5,210.5
76,8170,272.333,526.5,220.5
76,8171,272.367,548.5,234.5
76,8172,272.4,568.5,246.5
76,8173,272.433,594.5,266.5
76,8174,272.467,622.5,292.5
76,8175,272.5,644.5,316.5
76,8177,272.567,696.5,372.5
76,8178,272.6,724.5,404.5
76,8179,272.633,754.5,402.5
76,8180,272.667,778.5,398.5
76,8181,272.7,804.5,396.5
76,8182,272.733,834.5,402.5
76,8183,272.767,860.5,406.5
76,8184,272.8,892.5,420.5
76,8185,272.833,844.5,388.5
76,8186,272.867,776.5,356.5
76,8187,272.9,738.5,340.5
76,8188,272.933,674.5,316.5
76,8189,272.967,628.5,306.5
76,8190,273.0,584.5,296.5
76,8191,273.033,546.5,290.5
76,8192,273.067,510.5,284.5
76,8193,273.1,488.5,286.5
76,8194,273.133,460.5,290.5
76,8195,273.167,442.5,292.5
76,8196,273.2,416.5,286.5
76,8197,273.233,396.5,260.5
76,8198,273.267,378.5,244.5
76,8199,273.3,364.5,228.5
76,8200,273.333,348.5,216.5
76,8201,273.367,336.5,214.5
76,8202,273.4,326.5,204.5
76,8203,273.433,348.5,206.5
76,8204,273.467,386.5,210.5
76,8205,273.5,418.5,212.5
76,8206,273.533,460.5,224.5
76,8207,273.567,490.5,234.5
76,8208,273.6,526.5,246.5
76,8209,273.633,564.5,258.5
76,8211,273.7,612.5,288.5
76,8214,273.8,594.5,284.5
76,8215,273.833,586.5,270.5
76,8216,273.867,580.5,266.5
76,8217,273.9,574.5,262.5
76,8218,273.933,568.5,264.5
76,8219,273.967,562.5,266.5
76,8220,274.0,558.5,272.5
76,8221,274.033,554.5,272.5
76,8222,274.067,548.5,262.5
76,8223,274.1,542.5,258.5
76,8224,274.133,538.5,252.5
76,8225,274.167,534.5,250.5
76,8226,274.2,528.5,250.5
76,8227,274.233,524.5,252.5
76,8228,274.267,520.5,256.5
76,8229,274.3,514.5,252.5
76,8230,274.333,510.5,246.5
76,8231,274.367,506.5,242.5
76,8232,274.4,500.5,238.5
76,8233,274.433,494.5,234.5
76,8234,274.467,492.5,238.5
76,8235,274.5,490.5,244.5
76,8236,274.533,484.5,240.5
76,8237,274.567,480.5,232.5
76,8238,274.6,476.5,230.5
76,8239,274.633,470.5,228.5
76,8240,274.667,466.5,228.5
76,8241,274.7,466.5,230.5
76,8242,274.733,460.5,230.5
76,8243,274.767,458.5,226.5
76,8244,274.8,452.5,220.5
76,8246,274.867,448.5,220.5
76,8247,274.9,442.5,216.5
76,8249,274.967,436.5,204.5
76,8250,275.0,432.5,198.5
76,8251,275.033,420.5,196.5
76,8252,275.067,414.5,200.5
76,8253,275.1,406.5,206.5
76,8257,275.233,406.5,250.5
76,8261,275.367,582.5,530.5
76,8263,275.433,546.5,544.5
76,8266,275.533,502.5,578.5
77,8324,277.467,290.5,254.5
77,8325,277.5,284.5,258.5
77,8327,277.567,278.5,262.5
77,8329,277.633,270.5,264.5
77,8331,277.7,264.5,270.5
77,8332,277.733,264.5,268.5
78,8350,278.333,250.5,272.5
78,8353,278.433,242.5,226.5
78,8354,278.467,238.5,216.5
78,8355,278.5,234.5,208.5
78,8356,278.533,232.5,202.5
78,8357,278.567,234.5,198.5
78,8358,278.6,232.5,198.5
78,8359,278.633,234.5,200.5
78,8360,278.667,234.5,206.5
78,8361,278.7,232.5,210.5
78,8362,278.733,234.5,220.5
78,8363,278.767,244.5,236.5
78,8364,278.8,268.5,244.5
78,8365,278.833,288.5,256.5
78,8366,278.867,306.5,246.5
78,8367,278.9,314.5,238.5
78,8369,278.967,482.5,284.5
78,8370,279.0,512.5,276.5
78,8371,279.033,548.5,272.5
78,8372,279.067,580.5,268.5
78,8373,279.1,622.5,270.5
78,8374,279.133,642.5,270.5
78,8375,279.167,686.5,276.5
78,8376,279.2,716.5,282.5
78,8377,279.233,746.5,292.5
78,8378,279.267,760.5,326.5
78,8379,279.3,802.5,324.5
78,8380,279.333,834.5,318.5
78,8381,279.367,858.5,310.5
78,8382,279.4,884.5,304.5
78,8383,279.433,912.5,296.5
78,8384,279.467,940.5,294.5
78,8385,279.5,956.5,294.5
78,8386,279.533,994.5,300.5
78,8388,279.6,938.5,272.5
78,8389,279.633,888.5,254.5
78,8390,279.667,838.5,240.5
78,8391,279.7,790.5,226.5
78,8392,279.733,746.5,220.5
78,8393,279.767,702.5,214.5
78,8394,279.8,672.5,212.5
78,8395,279.833,622.5,216.5
78,8396,279.867,586.5,222.5
78,8397,279.9,556.5,228.5
78,8398,279.933,526.5,236.5
78,8399,279.967,490.5,246.5
78,8400,280.0,466.5,260.5
78,8401,280.033,434.5,248.5
78,8402,280.067,418.5,236.5
78,8403,280.1,392.5,216.5
78,8404,280.133,370.5,204.5
78,8406,280.2,330.5,192.5
78,8410,280.333,348.5,174.5
78,8411,280.367,382.5,172.5
78,8412,280.4,412.5,170.5
78,8413,280.433,454.5,174.5
78,8414,280.467,484.5,178.5
78,8415,280.5,526.5,184.5
78,8416,280.533,556.5,192.5
78,8417,280.567,590.5,202.5
78,8418,280.6,626.5,216.5
78,8419,280.633,668.5,234.5
78,8420,280.667,692.5,248.5
78,8421,280.7,728.5,268.5
78,8422,280.733,760.5,290.5
78,8425,280.833,818.5,338.5
78,8426,280.867,868.5,318.5
78,8427,280.9,890.5,312.5
78,8428,280.933,926.5,306.5
78,8429,280.967,952.5,300.5
78,8430,281.0,994.5,298.5
78,8431,281.033,1018.5,300.5
78,8432,281.067,1052.5,302.5
78,8433,281.1,1082.5,306.5
78,8434,281.133,1102.5,284.5
78,8435,281.167,1102.5,258.5
79,8449,281.633,924.5,128.5
79,8451,281.7,876.5,222.5
79,8452,281.733,854.5,262.5
79,8453,281.767,834.5,306.5
79,8454,281.8,812.5,346.5
79,8455,281.833,794.5,384.5
79,8456,281.867,774.5,430.5
79,8457,281.9,772.5,386.5
79,8458,281.933,770.5,348.5
79,8459,281.967,764.5,322.5
79,8460,282.0,764.5,280.5
79,8461,282.033,762.5,248.5
79,8462,282.067,760.5,222.5
79,8463,282.1,754.5,196.5
79,8464,282.133,750.5,174.5
79,8465,282.167,746.5,156.5
79,8466,282.2,742.5,142.5
79,8467,282.233,736.5,132.5
79,8468,282.267,730.5,128.5
79,8469,282.3,724.5,128.5
79,8470,282.333,716.5,130.5
79,8471,282.367,712.5,138.5
79,8472,282.4,708.5,148.5
79,8473,282.433,702.5,162.5
79,8474,282.467,696.5,180.5
79,8475,282.5,692.5,202.5
79,8476,282.533,686.5,224.5
79,8477,282.567,682.5,248.5
79,8478,282.6,678.5,268.5
79,8479,282.633,676.5,298.5
79,8480,282.667,670.5,330.5
79,8481,282.7,662.5,372.5
79,8482,282.733,660.5,400.5
79,8483,282.767,656.5,426.5
79,8484,282.8,642.5,406.5
79,8485,282.833,632.5,392.5
79,8486,282.867,620.5,372.5
79,8487,282.9,608.5,360.5
79,8489,282.967,572.5,342.5
79,8490,283.0,556.5,340.5
79,8491,283.033,544.5,342.5
79,8492,283.067,530.5,348.5
79,8493,283.1,512.5,352.5
79,8495,283.167,486.5,386.5
79,8496,283.2,468.5,408.5
79,8497,283.233,456.5,432.5
79,8498,283.267,442.5,460.5
79,8499,283.3,430.5,490.5
79,8500,283.333,416.5,526.5
79,8501,283.367,408.5,554.5
79,8502,283.4,394.5,596.5
79,8503,283.433,386.5,632.5
79,8505,283.5,366.5,662.5
79,8506,283.533,358.5,662.5
79,8507,283.567,350.5,662.5
79,8508,283.6,340.5,668.5
79,8509,283.633,332.5,676.5
79,8510,283.667,326.5,688.5
79,8511,283.7,320.5,696.5
80,8537,284.567,194.5,504.5
80,8539,284.633,202.5,506.5
80,8540,284.667,202.5,514.5
80,8541,284.7,204.5,522.5
80,8542,284.733,204.5,538.5
80,8543,284.767,200.5,554.5
81,8548,284.933,566.5,502.5
81,8549,284.967,566.5,490.5
81,8553,285.1,452.5,484.5
81,8554,285.133,458.5,514.5
81,8556,285.2,484.5,510.5
82,8672,289.067,810.5,338.5
82,8673,289.1,748.5,322.5
82,8674,289.133,700.5,282.5
82,8675,289.167,658.5,264.5
82,8676,289.2,628.5,256.5
82,8677,289.233,590.5,244.5
82,8678,289.267,556.5,238.5
82,8679,289.3,524.5,236.5
82,8680,289.333,488.5,236.5
82,8681,289.367,464.5,236.5
82,8682,289.4,440.5,244.5
82,8683,289.433,414.5,246.5
82,8684,289.467,388.5,232.5
82,8685,289.5,364.5,216.5
82,8686,289.533,370.5,204.5
82,8687,289.567,386.5,190.5
82,8688,289.6,402.5,174.5
82,8689,289.633,414.5,164.5
82,8690,289.667,428.5,156.5
82,8691,289.7,442.5,148.5
82,8692,289.733,458.5,142.5
82,8693,289.767,474.5,140.5
82,8694,289.8,488.5,138.5
82,8695,289.833,506.5,140.5
82,8696,289.867,522.5,146.5
82,8697,289.9,540.5,152.5
82,8698,289.933,556.5,162.5
82,8699,289.967,576.5,176.5
82,8700,290.0,592.5,190.5
82,8701,290.033,610.5,208.5
82,8702,290.067,628.5,228.5
82,8703,290.1,640.5,244.5
82,8704,290.133,656.5,268.5
82,8705,290.167,680.5,298.5
82,8706,290.2,698.5,330.5
82,8707,290.233,714.5,360.5
82,8708,290.267,732.5,398.5
82,8709,290.3,746.5,378.5
82,8710,290.333,762.5,362.5
82,8711,290.367,774.5,350.5
82,8712,290.4,788.5,340.5
82,8713,290.433,802.5,334.5
82,8714,290.467,816.5,328.5
82,8715,290.5,830.5,326.5
82,8716,290.533,846.5,330.5
82,8717,290.567,858.5,336.5
82,8719,290.633,766.5,320.5
82,8720,290.667,706.5,306.5
82,8721,290.7,678.5,296.5
82,8722,290.733,606.5,292.5
82,8723,290.767,570.5,294.5
82,8725,290.833,502.5,294.5
82,8726,290.867,472.5,284.5
82,8727,290.9,448.5,260.5
82,8728,290.933,422.5,238.5
82,8729,290.967,402.5,220.5
82,8730,291.0,384.5,206.5
82,8731,291.033,370.5,196.5
82,8732,291.067,350.5,192.5
83,8977,299.233,242.5,228.5
83,8978,299.267,240.5,220.5
83,8979,299.3,238.5,212.5
83,8980,299.333,234.5,208.5
83,8981,299.367,230.5,202.5
83,8982,299.4,230.5,204.5
83,8983,299.433,230.5,202.5
83,8984,299.467,228.5,208.5
83,8985,299.5,228.5,212.5
83,8986,299.533,226.5,222.5
83,8987,299.567,236.5,234.5
83,8988,299.6,254.5,246.5
83,8989,299.633,316.5,272.5
83,8990,299.667,294.5,248.5
83,8991,299.7,306.5,238.5
83,8992,299.733,316.5,224.5
83,8994,299.8,474.5,278.5
83,8995,299.833,506.5,276.5
83,8996,299.867,540.5,276.5
83,8997,299.9,574.5,280.5
83,8998,299.933,610.5,290.5
83,8999,299.967,640.5,292.5
83,9000,300.0,682.5,310.5
83,9001,300.033,710.5,324.5
83,9002,300.067,742.5,342.5
83,9003,300.1,776.5,364.5
83,9004,300.133,804.5,368.5
83,9005,300.167,834.5,356.5
83,9006,300.2,870.5,348.5
83,9007,300.233,896.5,344.5
83,9008,300.267,924.5,346.5
83,9010,300.333,916.5,324.5
83,9011,300.367,868.5,302.5
83,9012,300.4,812.5,274.5
83,9013,300.433,762.5,258.5
83,9014,300.467,720.5,244.5
83,9015,300.5,682.5,236.5
83,9016,300.533,642.5,228.5
83,9017,300.567,608.5,226.5
83,9018,300.6,578.5,226.5
83,9019,300.633,546.5,228.5
83,9020,300.667,528.5,232.5
83,9021,300.7,504.5,240.5
83,9022,300.733,484.5,244.5
83,9023,300.767,460.5,242.5
83,9024,300.8,442.5,222.5
83,9025,300.833,426.5,204.5
83,9026,300.867,404.5,190.5
83,9027,300.9,402.5,180.5
83,9028,300.933,418.5,178.5
83,9029,300.967,444.5,172.5
83,9030,301.0,470.5,170.5
83,9031,301.033,494.5,168.5
83,9032,301.067,526.5,172.5
83,9033,301.1,552.5,176.5
83,9034,301.133,578.5,184.5
83,9035,301.167,608.5,194.5
83,9036,301.2,634.5,204.5
83,9037,301.233,664.5,220.5
83,9038,301.267,686.5,234.5
83,9039,301.3,716.5,254.5
83,9040,301.333,742.5,274.5
83,9041,301.367,762.5,290.5
83,9042,301.4,770.5,348.5
83,9043,301.433,820.5,352.5
83,9044,301.467,850.5,338.5
83,9045,301.5,882.5,328.5
83,9046,301.533,902.5,324.5
83,9047,301.567,932.5,322.5
83,9048,301.6,964.5,322.5
83,9049,301.633,986.5,324.5
83,9051,301.7,914.5,290.5
83,9052,301.733,848.5,274.5
83,9053,301.767,798.5,262.5
83,9054,301.8,746.5,254.5
83,9055,301.833,696.5,246.5
83,9056,301.867,652.5,244.5
83,9057,301.9,608.5,244.5
83,9058,301.933,574.5,246.5
83,9059,301.967,534.5,250.5
83,9060,302.0,500.5,258.5
83,9061,302.033,468.5,266.5
83,9062,302.067,446.5,272.5
83,9063,302.1,416.5,252.5
83,9064,302.133,392.5,236.5
83,9065,302.167,370.5,222.5
83,9067,302.233,332.5,202.5
83,9068,302.267,348.5,200.5
83,9069,302.3,380.5,200.5
83,9070,302.333,402.5,202.5
83,9071,302.367,432.5,206.5
83,9072,302.4,456.5,212.5
83,9073,302.433,484.5,220.5
83,9074,302.467,518.5,232.5
83,9075,302.5,546.5,246.5
83,9076,302.533,576.5,260.5
83,9077,302.567,616.5,280.5
83,9078,302.6,640.5,304.5
83,9079,302.633,670.5,324.5
83,9080,302.667,700.5,346.5
83,9081,302.7,736.5,384.5
83,9082,302.733,762.5,386.5
83,9083,302.767,798.5,378.5
83,9084,302.8,832.5,372.5
83,9085,302.833,862.5,372.5
83,9086,302.867,894.5,374.5
83,9088,302.933,856.5,340.5
83,9089,302.967,812.5,322.5
83,9090,303.0,754.5,296.5
83,9091,303.033,706.5,278.5
83,9092,303.067,674.5,268.5
83,9093,303.1,630.5,258.5
83,9094,303.133,596.5,252.5
83,9095,303.167,574.5,250.5
83,9096,303.2,546.5,250.5
83,9097,303.233,524.5,250.5
83,9098,303.267,504.5,252.5
83,9099,303.3,486.5,258.5
83,9100,303.333,468.5,246.5
83,9101,303.367,452.5,228.5
83,9102,303.4,438.5,210.5
83,9103,303.433,426.5,196.5
83,9104,303.467,418.5,186.5
83,9105,303.5,432.5,186.5
83,9106,303.533,458.5,188.5
83,9107,303.567,486.5,190.5
83,9108,303.6,516.5,196.5
83,9109,303.633,546.5,204.5
83,9110,303.667,574.5,214.5
83,9111,303.7,602.5,228.5
83,9112,303.733,632.5,244.5
83,9113,303.767,652.5,256.5
83,9114,303.8,682.5,276.5
83,9115,303.833,722.5,302.5
83,9116,303.867,740.5,324.5
83,9117,303.9,766.5,324.5
83,9118,303.933,776.5,352.5
83,9119,303.967,838.5,314.5
83,9120,304.0,862.5,318.5
83,9121,304.033,890.5,322.5
83,9122,304.067,922.5,330.5
83,9123,304.1,948.5,338.5
83,9124,304.133,932.5,332.5
83,9125,304.167,892.5,318.5
83,9126,304.2,836.5,298.5
83,9127,304.233,788.5,282.5
83,9128,304.267,738.5,268.5
83,9129,304.3,696.5,260.5
83,9130,304.333,652.5,256.5
83,9131,304.367,612.5,254.5
83,9132,304.4,574.5,254.5
83,9133,304.433,542.5,252.5
83,9134,304.467,500.5,260.5
83,9135,304.5,468.5,268.5
83,9136,304.533,446.5,276.5
83,9137,304.567,416.5,288.5
83,9138,304.6,388.5,280.5
83,9139,304.633,364.5,266.5
83,9140,304.667,334.5,250.5
83,9141,304.7,310.5,240.5
83,9142,304.733,290.5,232.5
83,9145,304.833,330.5,208.5
83,9146,304.867,370.5,200.5
83,9147,304.9,414.5,194.5
83,9148,304.933,452.5,190.5
83,9149,304.967,494.5,190.5
83,9150,305.0,540.5,192.5
83,9151,305.033,584.5,196.5
83,9152,305.067,626.5,204.5
83,9153,305.1,672.5,212.5
83,9154,305.133,710.5,222.5
83,9155,305.167,750.5,234.5
83,9156,305.2,788.5,246.5
83,9157,305.233,830.5,264.5
83,9158,305.267,866.5,280.5
83,9159,305.3,902.5,302.5
83,9160,305.333,940.5,324.5
83,9161,305.367,976.5,348.5
83,9162,305.4,1006.5,370.5
83,9163,305.433,1036.5,394.5
83,9164,305.467,1062.5,418.5
83,9165,305.5,1090.5,446.5
83,9166,305.533,1118.5,474.5
83,9167,305.567,1140.5,498.5
83,9168,305.6,1156.5,488.5
84,9213,307.1,318.5,370.5
84,9216,307.2,278.5,398.5
84,9217,307.233,262.5,406.5
84,9218,307.267,248.5,416.5
84,9221,307.367,200.5,432.5
85,9295,309.833,76.5,512.5
85,9297,309.9,200.5,464.5
85,9298,309.933,216.5,456.5
85,9299,309.967,232.5,448.5
85,9300,310.0,246.5,438.5
85,9302,310.067,270.5,422.5
86,9307,310.233,164.5,448.5
86,9308,310.267,132.5,432.5
86,9309,310.3,146.5,424.5
86,9310,310.333,164.5,422.5
86,9311,310.367,178.5,418.5
86,9312,310.4,194.5,416.5
86,9313,310.433,210.5,416.5
87,9371,312.367,478.5,574.5
87,9372,312.4,474.5,576.5
87,9373,312.433,480.5,568.5
87,9374,312.467,482.5,568.5
87,9375,312.5,484.5,566.5
87,9376,312.533,484.5,566.5
87,9377,312.567,484.5,564.5
87,9378,312.6,488.5,564.5
