frame,x_px,y_px,score
6,534.5,604.5,0.672
64,668.5,514.5,0.655
79,846.5,360.5,0.554
120,1088.5,392.5,0.933
121,1090.5,400.5,0.985
122,924.5,488.5,0.711
124,772.5,344.5,0.841
134,1046.5,232.5,0.895
135,1050.5,232.5,0.504
138,1112.5,432.5,0.934
144,1150.5,394.5,0.951
146,1158.5,384.5,0.837
147,1166.5,378.5,0.993
148,1168.5,366.5,0.998
149,1172.5,358.5,0.995
165,1134.5,250.5,0.62
171,932.5,368.5,0.57
174,898.5,284.5,0.679
177,906.5,352.5,0.957
179,898.5,342.5,0.989
180,894.5,338.5,0.774
181,886.5,336.5,0.987
182,888.5,326.5,0.549
183,884.5,322.5,0.995
184,880.5,312.5,0.995
186,832.5,364.5,0.981
187,860.5,360.5,0.986
188,946.5,194.5,0.985
189,914.5,194.5,0.998
190,916.5,182.5,0.913
191,918.5,184.5,0.934
192,924.5,166.5,0.995
193,930.5,160.5,0.997
194,934.5,154.5,0.996
195,940.5,154.5,0.992
196,944.5,156.5,0.991
197,946.5,162.5,0.997
198,946.5,170.5,0.989
199,948.5,180.5,0.981
200,952.5,196.5,0.997
201,954.5,212.5,0.997
202,954.5,232.5,0.998
203,952.5,252.5,0.993
234,906.5,288.5,0.809
235,904.5,282.5,0.977
236,902.5,282.5,0.992
237,932.5,352.5,0.903
239,898.5,312.5,0.962
240,906.5,262.5,0.994
241,862.5,364.5,0.988
242,914.5,222.5,0.982
243,916.5,208.5,0.999
244,918.5,192.5,0.998
245,920.5,180.5,0.994
246,920.5,170.5,0.998
247,922.5,164.5,0.997
248,922.5,160.5,0.999
249,922.5,162.5,0.998
250,922.5,166.5,0.998
251,920.5,174.5,0.998
252,920.5,186.5,0.998
253,918.5,198.5,0.997
254,918.5,214.5,0.997
255,914.5,232.5,0.998
256,912.5,254.5,0.998
257,910.5,272.5,0.989
258,906.5,300.5,0.989
259,902.5,322.5,0.999
260,896.5,356.5,0.995
261,892.5,374.5,0.996
262,898.5,354.5,0.998
263,906.5,330.5,0.999
264,908.5,320.5,0.998
265,914.5,298.5,0.995
266,918.5,282.5,0.999
267,922.5,272.5,0.998
268,926.5,262.5,0.998
269,928.5,258.5,0.997
270,934.5,256.5,0.998
271,936.5,258.5,0.997
272,938.5,264.5,0.998
273,938.5,272.5,0.999
274,940.5,280.5,0.997
275,940.5,296.5,0.997
276,940.5,312.5,0.992
277,938.5,332.5,0.509
278,936.5,354.5,0.991
280,934.5,366.5,0.865
281,932.5,372.5,0.993
282,932.5,374.5,0.998
283,932.5,378.5,0.998
284,930.5,378.5,0.998
285,932.5,378.5,0.994
286,932.5,378.5,0.848
287,930.5,376.5,0.947
288,930.5,372.5,0.835
296,906.5,322.5,0.624
297,902.5,320.5,0.831
299,844.5,382.5,0.893
300,850.5,378.5,0.84
302,936.5,348.5,0.89
303,924.5,322.5,0.922
304,896.5,312.5,0.998
305,836.5,360.5,0.994
306,834.5,346.5,0.942
307,948.5,200.5,0.996
308,898.5,260.5,0.995
309,898.5,258.5,0.994
310,898.5,260.5,0.995
311,896.5,260.5,0.997
312,894.5,266.5,0.998
313,892.5,276.5,0.999
314,890.5,286.5,0.998
315,366.5,126.5,0.997
316,366.5,114.5,0.988
317,364.5,102.5,0.966
318,892.5,326.5,0.991
319,880.5,342.5,0.99
320,884.5,328.5,0.999
321,886.5,320.5,0.999
322,890.5,310.5,0.995
323,892.5,304.5,0.997
324,894.5,298.5,0.992
325,898.5,296.5,0.992
326,898.5,302.5,0.988
327,900.5,306.5,0.997
328,900.5,312.5,0.998
329,900.5,322.5,0.999
330,900.5,330.5,0.999
331,896.5,346.5,0.583
333,896.5,354.5,0.982
334,968.5,360.5,0.995
335,900.5,340.5,0.787
336,908.5,332.5,0.989
337,906.5,326.5,0.992
338,906.5,318.5,0.982
343,896.5,290.5,0.821
345,894.5,282.5,0.982
346,938.5,358.5,0.932
347,898.5,326.5,0.991
348,914.5,332.5,0.993
350,846.5,360.5,0.992
351,876.5,356.5,0.98
352,898.5,232.5,0.999
353,896.5,216.5,0.998
354,894.5,200.5,0.999
355,890.5,192.5,0.999
356,888.5,184.5,0.997
357,884.5,180.5,0.997
358,880.5,180.5,0.996
359,876.5,182.5,0.996
360,872.5,188.5,0.999
361,868.5,196.5,0.998
362,864.5,206.5,0.996
363,858.5,220.5,0.997
364,854.5,236.5,0.998
365,848.5,252.5,0.997
366,840.5,274.5,0.997
367,834.5,300.5,0.998
368,832.5,310.5,0.999
369,818.5,340.5,0.997
370,818.5,360.5,0.997
371,818.5,336.5,0.998
372,824.5,314.5,0.999
373,826.5,302.5,0.999
374,828.5,290.5,0.998
375,830.5,274.5,0.997
376,832.5,268.5,0.998
377,832.5,262.5,0.998
378,834.5,260.5,0.998
379,834.5,262.5,0.998
380,836.5,266.5,0.998
381,836.5,272.5,0.997
382,836.5,288.5,0.994
383,836.5,292.5,0.997
384,842.5,294.5,0.994
385,846.5,300.5,0.965
386,850.5,306.5,0.991
387,854.5,314.5,0.994
388,860.5,320.5,0.976
389,350.5,222.5,0.683
394,204.5,226.5,0.955
397,914.5,360.5,0.969
399,196.5,208.5,0.867
400,358.5,224.5,0.759
404,348.5,220.5,0.99
405,946.5,350.5,0.971
406,914.5,338.5,0.986
407,914.5,312.5,0.985
408,848.5,366.5,0.983
410,926.5,258.5,0.993
411,928.5,246.5,0.995
412,932.5,240.5,0.996
413,932.5,238.5,0.997
414,934.5,238.5,0.996
415,936.5,240.5,0.996
416,936.5,246.5,0.998
417,936.5,256.5,0.999
418,936.5,266.5,0.999
419,936.5,278.5,0.998
420,936.5,294.5,0.998
421,934.5,310.5,0.995
422,932.5,332.5,0.993
425,934.5,352.5,0.702
426,942.5,332.5,0.997
427,946.5,322.5,0.998
428,950.5,308.5,0.994
429,956.5,302.5,0.997
430,960.5,294.5,0.997
431,966.5,292.5,0.997
432,970.5,294.5,0.997
433,974.5,298.5,0.994
434,974.5,306.5,0.997
435,976.5,318.5,0.996
436,978.5,328.5,0.998
437,978.5,344.5,0.995
463,250.5,288.5,0.93
470,1192.5,214.5,0.975
475,948.5,272.5,0.99
476,944.5,274.5,0.99
477,940.5,274.5,0.988
479,934.5,286.5,0.994
480,932.5,286.5,0.985
481,934.5,286.5,0.98
483,928.5,280.5,0.972
484,924.5,286.5,0.688
485,938.5,328.5,0.992
486,910.5,324.5,0.989
487,890.5,308.5,0.999
488,870.5,290.5,0.997
489,848.5,274.5,0.998
490,828.5,262.5,0.998
491,804.5,254.5,0.995
492,786.5,248.5,0.998
493,770.5,244.5,0.993
494,752.5,244.5,0.991
495,242.5,232.5,0.996
496,716.5,250.5,0.995
497,698.5,258.5,0.998
498,686.5,264.5,0.997
499,302.5,230.5,0.988
500,654.5,272.5,0.994
501,650.5,260.5,0.996
502,650.5,252.5,0.992
503,652.5,244.5,0.994
504,656.5,244.5,0.992
505,658.5,242.5,0.994
506,660.5,244.5,0.993
507,664.5,246.5,0.993
508,668.5,256.5,0.991
509,946.5,356.5,0.995
510,948.5,352.5,0.982
511,678.5,288.5,0.992
512,674.5,296.5,0.999
513,678.5,284.5,0.994
514,676.5,278.5,0.99
515,676.5,272.5,0.993
516,674.5,268.5,0.991
517,966.5,364.5,0.989
518,674.5,268.5,0.988
519,964.5,360.5,0.995
520,674.5,278.5,0.997
521,962.5,356.5,0.992
522,674.5,294.5,0.998
523,670.5,306.5,0.995
524,670.5,294.5,0.997
525,668.5,290.5,0.995
526,668.5,282.5,0.99
527,666.5,280.5,0.995
529,662.5,280.5,0.995
530,660.5,284.5,0.995
531,660.5,288.5,0.997
532,658.5,296.5,0.996
533,658.5,308.5,0.998
534,656.5,300.5,0.995
535,654.5,292.5,0.998
536,654.5,288.5,0.995
537,650.5,284.5,0.997
538,650.5,284.5,0.996
539,650.5,288.5,0.997
540,646.5,294.5,0.996
541,644.5,302.5,0.998
542,644.5,310.5,0.998
543,642.5,302.5,0.997
544,642.5,294.5,0.998
545,642.5,292.5,0.997
546,642.5,292.5,0.997
547,638.5,292.5,0.999
548,638.5,292.5,0.998
549,634.5,300.5,0.996
550,636.5,312.5,0.999
551,634.5,310.5,0.998
552,634.5,302.5,0.997
553,634.5,296.5,0.999
554,634.5,298.5,0.998
555,632.5,296.5,0.997
556,630.5,298.5,0.998
557,630.5,308.5,0.997
558,630.5,314.5,0.998
559,628.5,308.5,0.997
560,626.5,302.5,0.997
561,626.5,298.5,0.998
562,626.5,300.5,0.99
563,626.5,302.5,0.995
564,626.5,310.5,0.997
565,626.5,316.5,0.99
566,626.5,312.5,0.99
567,624.5,304.5,0.994
569,622.5,304.5,0.876
570,620.5,308.5,0.722
571,620.5,314.5,0.986
572,620.5,318.5,0.993
573,614.5,320.5,0.935
581,640.5,328.5,0.635
582,632.5,322.5,0.77
584,634.5,324.5,0.997
585,640.5,328.5,0.996
586,644.5,330.5,0.998
587,650.5,332.5,0.994
588,656.5,336.5,0.991
589,662.5,338.5,0.995
590,666.5,340.5,0.997
591,672.5,342.5,0.996
592,678.5,344.5,0.998
593,684.5,346.5,0.998
594,690.5,348.5,0.996
595,694.5,352.5,0.998
596,700.5,354.5,0.998
597,706.5,358.5,0.997
598,712.5,360.5,0.998
599,718.5,360.5,0.998
600,724.5,366.5,0.998
601,730.5,366.5,0.998
602,736.5,370.5,0.994
603,740.5,372.5,0.995
604,746.5,374.5,0.996
605,754.5,376.5,0.992
615,382.5,216.5,0.982
616,372.5,218.5,0.988
653,924.5,324.5,0.535
654,902.5,328.5,0.996
655,826.5,314.5,0.997
656,788.5,294.5,0.999
657,746.5,276.5,0.999
658,706.5,260.5,0.999
659,678.5,252.5,0.996
660,636.5,242.5,0.997
661,604.5,236.5,0.995
662,572.5,234.5,0.996
663,542.5,234.5,0.994
664,518.5,238.5,0.986
665,496.5,244.5,0.994
666,474.5,248.5,0.996
667,450.5,252.5,0.996
668,432.5,236.5,0.997
669,412.5,224.5,0.994
670,396.5,212.5,0.992
671,380.5,202.5,0.988
672,390.5,196.5,0.994
673,406.5,192.5,0.999
674,432.5,188.5,0.994
675,462.5,182.5,0.996
676,494.5,180.5,0.995
677,526.5,186.5,0.993
678,548.5,190.5,0.994
679,580.5,198.5,0.994
680,610.5,210.5,0.998
681,642.5,224.5,0.997
682,676.5,242.5,0.998
683,704.5,260.5,0.997
684,736.5,282.5,0.997
685,766.5,308.5,0.992
686,796.5,336.5,0.994
687,828.5,370.5,0.995
688,862.5,388.5,0.995
689,896.5,372.5,0.998
690,926.5,366.5,0.996
691,962.5,360.5,0.999
692,978.5,352.5,0.991
693,932.5,316.5,0.994
694,888.5,284.5,0.997
695,844.5,260.5,0.999
696,810.5,242.5,0.998
697,770.5,226.5,0.997
698,738.5,216.5,0.997
699,704.5,208.5,0.996
700,674.5,204.5,0.995
701,640.5,200.5,0.996
702,612.5,204.5,0.994
703,590.5,206.5,0.995
704,566.5,212.5,0.99
705,542.5,220.5,0.994
706,524.5,230.5,0.991
707,504.5,244.5,0.997
708,488.5,252.5,0.998
709,470.5,266.5,0.998
710,452.5,266.5,0.997
711,438.5,244.5,0.998
712,426.5,230.5,0.997
713,410.5,210.5,0.996
714,398.5,198.5,0.997
715,388.5,188.5,0.996
716,376.5,180.5,0.995
717,364.5,174.5,0.995
718,354.5,172.5,0.993
719,346.5,170.5,0.994
720,370.5,170.5,0.963
721,406.5,174.5,0.996
722,442.5,176.5,0.994
723,476.5,180.5,0.997
724,510.5,190.5,0.998
725,548.5,202.5,0.996
726,588.5,218.5,0.997
727,626.5,234.5,0.997
728,658.5,252.5,0.98
729,696.5,274.5,0.994
730,744.5,306.5,0.989
731,770.5,332.5,0.993
732,812.5,326.5,0.995
733,848.5,314.5,0.997
734,878.5,308.5,0.998
735,918.5,306.5,0.982
736,952.5,302.5,0.995
737,996.5,302.5,0.998
738,1024.5,308.5,0.998
739,1060.5,316.5,0.988
740,1098.5,324.5,0.996
741,1134.5,340.5,0.996
742,1162.5,354.5,0.995
743,1106.5,314.5,0.984
744,1052.5,280.5,0.985
745,1002.5,254.5,0.999
746,946.5,228.5,0.997
747,898.5,212.5,0.995
748,854.5,198.5,0.994
749,802.5,188.5,0.996
750,768.5,184.5,0.997
751,730.5,182.5,0.997
752,690.5,182.5,0.996
753,658.5,188.5,0.993
754,622.5,194.5,0.997
755,592.5,202.5,0.996
756,564.5,212.5,0.993
757,538.5,224.5,0.999
758,522.5,234.5,0.992
759,492.5,252.5,0.997
760,470.5,264.5,0.997
761,450.5,244.5,0.998
762,436.5,226.5,0.999
763,418.5,208.5,0.998
764,404.5,194.5,0.998
765,388.5,182.5,0.996
766,376.5,172.5,0.995
767,358.5,166.5,0.989
768,348.5,162.5,0.987
770,414.5,172.5,0.997
771,450.5,180.5,0.996
772,484.5,192.5,0.994
773,526.5,210.5,0.998
774,566.5,228.5,0.998
775,604.5,248.5,0.998
776,634.5,268.5,0.998
777,676.5,294.5,0.997
778,710.5,326.5,0.992
779,750.5,348.5,0.997
780,778.5,340.5,0.995
781,818.5,330.5,0.997
782,850.5,328.5,0.998
783,894.5,328.5,0.999
784,928.5,334.5,0.998
785,964.5,340.5,0.994
786,1006.5,350.5,0.99
787,1034.5,360.5,0.975
788,1010.5,330.5,0.995
789,962.5,280.5,0.98
790,936.5,258.5,0.998
791,902.5,226.5,0.998
792,874.5,208.5,0.994
793,844.5,190.5,0.997
794,826.5,180.5,0.998
795,794.5,168.5,0.993
796,772.5,164.5,0.994
797,748.5,162.5,0.989
798,730.5,162.5,0.99
799,706.5,164.5,0.995
800,688.5,168.5,0.997
801,672.5,174.5,0.996
802,652.5,186.5,0.993
803,640.5,196.5,0.997
804,626.5,208.5,0.996
805,614.5,222.5,0.998
806,602.5,238.5,0.993
807,594.5,248.5,0.997
808,580.5,256.5,0.994
809,574.5,240.5,0.996
810,566.5,218.5,0.997
811,558.5,200.5,0.997
812,552.5,186.5,0.998
813,544.5,174.5,0.996
814,536.5,162.5,0.996
815,530.5,156.5,0.997
816,524.5,152.5,0.997
817,518.5,148.5,0.995
818,512.5,150.5,0.997
819,506.5,150.5,0.999
820,502.5,156.5,0.999
821,498.5,160.5,0.998
822,506.5,156.5,0.998
823,512.5,152.5,0.999
824,520.5,152.5,0.998
825,528.5,152.5,0.997
826,538.5,156.5,0.998
827,548.5,162.5,0.998
828,556.5,168.5,0.997
829,566.5,180.5,0.996
830,578.5,196.5,0.996
831,588.5,212.5,0.994
832,598.5,232.5,0.995
833,606.5,250.5,0.996
834,620.5,276.5,0.996
835,632.5,308.5,0.995
836,640.5,336.5,0.983
837,650.5,374.5,0.994
838,660.5,374.5,0.998
839,668.5,356.5,0.991
840,678.5,346.5,0.998
841,694.5,336.5,0.998
842,704.5,330.5,0.999
843,714.5,328.5,0.998
844,724.5,330.5,0.996
845,736.5,334.5,0.988
846,750.5,342.5,0.996
847,760.5,352.5,0.998
848,772.5,368.5,0.998
849,782.5,390.5,0.996
850,792.5,418.5,0.885
851,334.5,168.5,0.679
852,780.5,410.5,0.993
853,738.5,364.5,0.991
854,708.5,330.5,0.994
855,676.5,296.5,0.998
856,642.5,276.5,0.995
857,616.5,258.5,0.997
858,594.5,246.5,0.995
859,572.5,236.5,0.985
860,550.5,228.5,0.991
861,530.5,226.5,0.996
862,510.5,226.5,0.997
863,494.5,228.5,0.996
864,478.5,230.5,0.998
865,466.5,238.5,0.998
866,450.5,246.5,0.998
867,440.5,256.5,0.996
868,428.5,272.5,0.996
869,418.5,284.5,0.996
870,406.5,284.5,0.989
871,394.5,258.5,0.994
872,388.5,242.5,0.993
873,374.5,222.5,0.985
874,370.5,210.5,0.992
875,360.5,196.5,0.995
876,352.5,188.5,0.99
877,346.5,182.5,0.994
878,338.5,180.5,0.991
879,322.5,182.5,0.942
880,346.5,180.5,0.988
881,392.5,192.5,0.969
883,482.5,214.5,0.998
884,526.5,232.5,0.995
885,386.5,128.5,0.995
886,390.5,118.5,0.986
887,622.5,280.5,0.994
888,612.5,280.5,0.996
889,610.5,284.5,0.836
891,594.5,266.5,0.998
892,590.5,260.5,0.992
893,586.5,258.5,0.996
894,582.5,258.5,0.998
895,578.5,260.5,0.998
896,572.5,262.5,0.999
897,570.5,254.5,0.998
898,566.5,246.5,0.997
899,564.5,244.5,0.996
900,470.5,192.5,0.994
901,558.5,244.5,0.992
902,556.5,246.5,0.998
903,554.5,240.5,0.993
904,554.5,234.5,0.991
905,554.5,230.5,0.973
906,552.5,230.5,0.993
907,550.5,230.5,0.991
909,380.5,200.5,0.995
910,384.5,202.5,0.957
911,388.5,204.5,0.944
915,404.5,206.5,0.933
937,450.5,228.5,0.991
938,1078.5,184.5,0.805
939,454.5,232.5,0.979
940,458.5,232.5,0.93
955,766.5,252.5,0.98
958,536.5,562.5,0.987
962,500.5,578.5,0.989
964,460.5,216.5,0.823
980,450.5,190.5,0.984
995,568.5,194.5,0.937
998,550.5,172.5,0.988
999,546.5,162.5,0.935
1000,826.5,354.5,0.947
1001,530.5,140.5,0.915
1006,574.5,530.5,0.986
1007,594.5,524.5,0.962
1008,604.5,524.5,0.604
1010,568.5,250.5,0.983
1011,546.5,252.5,0.987
1015,466.5,194.5,0.507
1017,762.5,480.5,0.902
1019,196.5,646.5,0.834
1025,974.5,504.5,0.991
1027,982.5,488.5,0.995
1028,984.5,480.5,0.989
1030,430.5,196.5,0.926
1031,370.5,210.5,0.755
1040,346.5,128.5,0.991
1041,342.5,114.5,0.997
1042,340.5,100.5,0.994
1043,338.5,88.5,0.998
1044,338.5,80.5,0.998
1045,336.5,72.5,0.995
1046,334.5,70.5,0.995
1047,334.5,68.5,0.993
1048,332.5,68.5,0.987
1049,330.5,72.5,0.995
1050,330.5,78.5,0.995
1052,882.5,354.5,0.865
1053,332.5,108.5,0.987
1054,302.5,202.5,0.557
1061,938.5,386.5,0.987
1062,326.5,156.5,0.992
1063,328.5,166.5,0.905
1064,326.5,176.5,0.995
1065,330.5,186.5,0.987
1066,328.5,194.5,0.568
1067,326.5,206.5,0.987
1068,328.5,210.5,0.992
1069,324.5,218.5,0.99
1071,316.5,230.5,0.992
1072,310.5,236.5,0.991
1073,1038.5,360.5,0.991
1074,300.5,242.5,0.994
1075,296.5,248.5,0.995
1076,290.5,254.5,0.997
1077,292.5,252.5,0.989
1078,280.5,258.5,0.991
1079,280.5,258.5,0.997
1080,274.5,260.5,0.996
1081,272.5,260.5,0.995
1082,268.5,260.5,0.997
1083,268.5,264.5,0.994
1084,268.5,264.5,0.994
1085,266.5,268.5,0.995
1086,268.5,272.5,0.995
1087,268.5,274.5,0.79
1088,268.5,274.5,0.987
1089,264.5,270.5,0.995
1090,262.5,260.5,0.989
1091,258.5,248.5,0.993
1092,256.5,236.5,0.997
1093,254.5,218.5,0.99
1094,252.5,206.5,0.643
1095,246.5,196.5,0.997
1096,244.5,192.5,0.991
1097,242.5,186.5,0.994
1098,242.5,186.5,0.997
1099,242.5,184.5,0.996
1100,242.5,190.5,0.996
1101,242.5,196.5,0.997
1102,244.5,202.5,0.996
1103,246.5,218.5,0.995
1104,244.5,226.5,0.995
1105,250.5,240.5,0.998
1106,280.5,254.5,0.962
1108,382.5,260.5,0.994
1109,414.5,252.5,0.992
1110,444.5,246.5,0.995
1111,482.5,244.5,0.992
1112,520.5,244.5,0.991
1113,558.5,244.5,0.998
1114,594.5,250.5,0.997
1115,628.5,258.5,0.998
1116,658.5,264.5,0.995
1117,692.5,278.5,0.995
1118,726.5,292.5,0.993
1119,762.5,322.5,0.995
1120,786.5,324.5,0.998
1121,826.5,306.5,0.999
1122,850.5,298.5,0.994
1123,882.5,290.5,0.995
1124,914.5,288.5,0.997
1125,946.5,288.5,0.996
1126,944.5,288.5,0.996
1127,1018.5,306.5,0.982
1128,1016.5,306.5,0.99
1129,1050.5,318.5,0.925
1131,1038.5,312.5,0.993
1132,1004.5,292.5,0.996
1133,948.5,268.5,0.998
1134,908.5,252.5,0.999
1135,866.5,240.5,0.998
1136,828.5,228.5,0.999
1137,786.5,222.5,0.998
1138,748.5,218.5,0.997
1139,714.5,216.5,0.994
1140,678.5,216.5,0.992
1141,642.5,220.5,0.995
1142,618.5,226.5,0.997
1143,586.5,234.5,0.994
1144,562.5,242.5,0.996
1145,532.5,252.5,0.998
1146,498.5,266.5,0.993
1147,486.5,250.5,0.995
1148,466.5,234.5,0.997
1149,448.5,222.5,0.996
1150,428.5,210.5,0.994
1151,412.5,200.5,0.996
1152,338.5,202.5,0.994
1153,362.5,204.5,0.989
1154,430.5,196.5,0.992
1155,460.5,202.5,0.983
1156,494.5,212.5,0.998
1157,530.5,226.5,0.998
1158,562.5,242.5,0.999
1159,592.5,256.5,0.997
1160,628.5,274.5,0.998
1161,666.5,300.5,0.991
1162,698.5,326.5,0.995
1163,730.5,354.5,0.995
1164,764.5,354.5,0.997
1165,792.5,350.5,0.995
1166,828.5,352.5,0.998
1167,862.5,356.5,0.998
1168,894.5,362.5,0.998
1169,930.5,372.5,0.996
1170,968.5,388.5,0.995
1171,998.5,400.5,0.963
1172,962.5,364.5,0.993
1173,920.5,322.5,0.996
1174,874.5,276.5,0.997
1175,840.5,252.5,0.998
1176,804.5,226.5,0.998
1177,776.5,208.5,0.991
1178,746.5,192.5,0.992
1179,720.5,180.5,0.997
1180,692.5,172.5,0.993
1181,674.5,166.5,0.994
1182,646.5,164.5,0.996
1183,630.5,164.5,0.996
1184,612.5,168.5,0.996
1185,596.5,174.5,0.995
1186,582.5,180.5,0.996
1187,568.5,192.5,0.995
1188,558.5,200.5,0.997
1189,548.5,210.5,0.996
1190,538.5,226.5,0.997
1191,530.5,238.5,0.996
1192,518.5,242.5,0.993
1193,512.5,222.5,0.998
1194,506.5,204.5,0.998
1195,498.5,186.5,0.999
1196,490.5,170.5,0.999
1197,486.5,160.5,0.999
1198,480.5,148.5,0.995
1199,472.5,142.5,0.997
1200,468.5,136.5,0.998
1201,462.5,134.5,0.996
1202,458.5,134.5,0.996
1203,454.5,136.5,0.997
1204,478.5,138.5,0.874
1205,502.5,144.5,0.988
1206,538.5,156.5,0.993
1207,572.5,166.5,0.996
1208,604.5,180.5,0.997
1209,640.5,198.5,0.997
1210,674.5,220.5,0.998
1211,706.5,240.5,0.999
1212,740.5,268.5,0.998
1213,768.5,290.5,0.998
1214,810.5,328.5,0.98
1215,840.5,360.5,0.993
1216,880.5,398.5,0.992
1217,930.5,394.5,0.999
1218,960.5,396.5,0.998
1219,1002.5,400.5,0.994
1220,1040.5,404.5,0.998
1221,1076.5,410.5,0.994
1222,1026.5,370.5,0.99
1223,966.5,328.5,0.993
1224,1112.5,352.5,0.982
1225,852.5,252.5,0.998
1226,808.5,230.5,0.997
1227,764.5,212.5,0.996
1228,722.5,196.5,0.997
1229,684.5,186.5,0.997
1230,646.5,180.5,0.995
1231,620.5,178.5,0.992
1232,588.5,178.5,0.995
1233,556.5,182.5,0.995
1234,532.5,186.5,0.994
1235,512.5,194.5,0.995
1236,492.5,202.5,0.987
1237,474.5,216.5,0.995
1238,456.5,228.5,0.997
1239,444.5,238.5,0.997
1240,428.5,258.5,0.996
1241,418.5,272.5,0.996
1242,402.5,252.5,0.993
1243,388.5,230.5,0.995
1244,374.5,212.5,0.955
1246,352.5,178.5,0.989
1247,340.5,168.5,0.993
1248,330.5,160.5,0.99
1249,324.5,154.5,0.891
1250,312.5,150.5,0.993
1251,304.5,148.5,0.991
1252,296.5,150.5,0.993
1253,288.5,154.5,0.993
1254,282.5,160.5,0.991
1255,274.5,170.5,0.998
1256,294.5,170.5,0.982
1258,380.5,144.5,0.992
1259,482.5,228.5,0.994
1260,434.5,134.5,0.914
1261,618.5,280.5,0.99
1263,774.5,340.5,0.99
1264,826.5,338.5,0.996
1265,900.5,338.5,0.986
1266,990.5,344.5,0.989
1267,1030.5,350.5,0.993
1268,1106.5,364.5,0.995
1269,1184.5,382.5,0.991
1270,426.5,124.5,0.988
1271,1248.5,364.5,0.989
1272,390.5,128.5,0.994
1273,1172.5,288.5,0.998
1274,1134.5,256.5,0.994
1275,1094.5,226.5,0.996
1276,1056.5,202.5,0.995
1280,906.5,122.5,0.984
1281,896.5,148.5,0.981
1282,860.5,150.5,0.99
1283,834.5,152.5,0.99
1284,804.5,164.5,0.992
1285,780.5,172.5,0.994
1286,756.5,184.5,0.997
1287,732.5,196.5,0.998
1288,710.5,212.5,0.997
1289,686.5,228.5,0.996
1290,672.5,240.5,0.998
1291,650.5,260.5,0.995
1292,630.5,278.5,0.998
1293,612.5,306.5,0.726
1294,590.5,300.5,0.998
1295,580.5,276.5,0.997
1296,570.5,258.5,0.996
1297,558.5,240.5,0.997
1298,548.5,224.5,0.998
1299,536.5,210.5,0.998
1300,526.5,200.5,0.997
1301,516.5,194.5,0.996
1302,504.5,188.5,0.998
1303,494.5,188.5,0.998
1304,484.5,188.5,0.999
1305,476.5,192.5,0.998
1306,466.5,196.5,0.996
1307,456.5,208.5,0.995
1308,448.5,216.5,0.996
1309,442.5,232.5,0.998
1310,434.5,244.5,0.998
1311,428.5,262.5,0.998
1312,422.5,280.5,0.999
1313,414.5,300.5,0.997
1314,408.5,286.5,0.997
1315,402.5,272.5,0.989
1316,394.5,252.5,0.997
1317,386.5,240.5,0.998
1318,380.5,228.5,0.995
1319,372.5,220.5,0.996
1320,366.5,214.5,0.992
1321,362.5,212.5,0.995
1322,356.5,212.5,0.997
1323,350.5,214.5,0.995
1324,346.5,220.5,0.995
1325,342.5,228.5,0.995
1326,338.5,238.5,0.995
1327,336.5,248.5,0.996
1328,332.5,260.5,0.994
1329,330.5,276.5,0.993
1330,330.5,292.5,0.993
1331,324.5,292.5,0.698
1332,316.5,276.5,0.995
1333,312.5,266.5,0.995
1334,306.5,256.5,0.99
1335,300.5,244.5,0.994
1336,294.5,238.5,0.994
1337,290.5,234.5,0.989
1338,288.5,234.5,0.988
1339,284.5,234.5,0.994
1340,278.5,240.5,0.996
1341,276.5,246.5,0.995
1342,274.5,254.5,0.995
1343,276.5,236.5,0.983
1344,282.5,214.5,0.99
1345,286.5,196.5,0.963
1346,292.5,180.5,0.995
1347,296.5,166.5,0.997
1348,302.5,158.5,0.997
1349,308.5,150.5,0.995
1350,314.5,148.5,0.996
1351,320.5,148.5,0.996
1352,326.5,148.5,0.997
1353,332.5,152.5,0.998
1354,336.5,158.5,0.99
1355,328.5,152.5,0.991
1356,326.5,142.5,0.986
1357,316.5,136.5,0.988
1361,316.5,156.5,0.985
1362,320.5,166.5,0.994
1363,328.5,178.5,0.989
1364,336.5,186.5,0.993
1366,358.5,204.5,0.665
1369,906.5,288.5,0.99
1370,390.5,214.5,0.519
1371,396.5,216.5,0.921
1373,280.5,386.5,0.893
1376,896.5,324.5,0.989
1377,898.5,324.5,0.991
1384,916.5,326.5,0.979
1385,406.5,224.5,0.623
1390,856.5,386.5,0.742
1391,896.5,310.5,0.931
1394,872.5,316.5,0.991
1395,878.5,316.5,0.982
1397,1178.5,496.5,0.566
1398,1186.5,488.5,0.886
1399,1194.5,480.5,0.736
1401,1204.5,456.5,0.991
1402,882.5,276.5,0.958
1403,932.5,250.5,0.724
1416,866.5,284.5,0.835
1431,404.5,220.5,0.994
1432,398.5,222.5,0.985
1433,396.5,216.5,0.964
1434,392.5,212.5,0.991
1435,392.5,208.5,0.986
1436,390.5,202.5,0.992
1437,390.5,194.5,0.99
1438,390.5,186.5,0.996
1439,390.5,178.5,0.988
1440,392.5,162.5,0.988
1441,392.5,146.5,0.994
1442,392.5,132.5,0.988
1443,392.5,120.5,0.994
1444,388.5,108.5,0.992
1445,384.5,96.5,0.989
1446,380.5,86.5,0.982
1459,366.5,98.5,0.923
1460,366.5,112.5,0.973
1461,366.5,124.5,0.996
1462,366.5,138.5,0.998
1463,366.5,150.5,0.997
1464,366.5,162.5,0.995
1465,366.5,168.5,0.997
1466,364.5,176.5,0.97
1470,362.5,176.5,0.978
1475,366.5,170.5,0.592
1476,308.5,190.5,0.989
1477,364.5,172.5,0.987
1478,364.5,170.5,0.932
1480,364.5,172.5,0.933
1481,364.5,172.5,0.985
1486,330.5,192.5,0.98
1495,1152.5,200.5,0.921
1503,368.5,176.5,0.957
1504,368.5,176.5,0.687
1508,368.5,176.5,0.53
1509,368.5,176.5,0.941
1521,366.5,174.5,0.622
1522,364.5,174.5,0.633
1526,74.5,212.5,0.754
1528,364.5,176.5,0.627
1530,364.5,176.5,0.864
1531,364.5,176.5,0.889
1532,364.5,176.5,0.967
1534,366.5,178.5,0.659
1535,364.5,178.5,0.845
1537,364.5,176.5,0.975
1539,364.5,176.5,0.928
1541,358.5,176.5,0.79
1542,360.5,178.5,0.954
1550,362.5,176.5,0.527
1551,306.5,198.5,0.654
1557,364.5,176.5,0.959
1558,364.5,176.5,0.955
1559,364.5,176.5,0.989
1560,362.5,176.5,0.994
1561,362.5,174.5,0.993
1562,366.5,170.5,0.992
1563,368.5,168.5,0.99
1564,372.5,164.5,0.993
1565,376.5,158.5,0.993
1566,378.5,150.5,0.996
1567,380.5,142.5,0.989
1568,382.5,132.5,0.991
1569,386.5,128.5,0.992
1573,950.5,364.5,0.992
1575,388.5,144.5,0.573
1576,386.5,152.5,0.98
1577,382.5,154.5,0.908
1578,378.5,160.5,0.993
1582,366.5,176.5,0.993
1583,362.5,178.5,0.997
1584,360.5,178.5,0.996
1585,362.5,176.5,0.997
1586,362.5,174.5,0.99
1587,366.5,174.5,0.989
1588,1042.5,232.5,0.988
1589,1044.5,234.5,0.91
1601,376.5,180.5,0.991
1602,374.5,178.5,0.983
1603,376.5,178.5,0.99
1604,374.5,178.5,0.988
1606,374.5,174.5,0.989
1607,374.5,168.5,0.992
1609,368.5,160.5,0.703
1610,338.5,194.5,0.933
1611,364.5,158.5,0.947
1612,362.5,164.5,0.997
1613,362.5,168.5,0.996
1614,358.5,156.5,0.99
1615,358.5,138.5,0.997
1616,356.5,122.5,0.997
1617,354.5,102.5,0.995
1618,352.5,88.5,0.995
1619,352.5,82.5,0.665
1620,348.5,70.5,0.991
1625,348.5,68.5,0.988
1626,348.5,72.5,0.997
1627,346.5,80.5,0.997
1628,348.5,90.5,0.997
1629,350.5,102.5,0.997
1630,352.5,118.5,0.988
1631,354.5,132.5,0.992
1637,936.5,398.5,0.813
1646,350.5,192.5,0.713
1647,352.5,192.5,0.977
1659,348.5,186.5,0.892
1661,276.5,218.5,0.987
1662,72.5,234.5,0.812
1669,402.5,212.5,0.87
1676,330.5,220.5,0.983
1681,344.5,336.5,0.649
1682,348.5,338.5,0.99
1688,298.5,250.5,0.735
1689,292.5,254.5,0.938
1690,292.5,254.5,0.652
1691,286.5,256.5,0.991
1693,280.5,258.5,0.994
1694,280.5,258.5,0.939
1695,280.5,260.5,0.991
1696,276.5,260.5,0.991
1697,274.5,260.5,0.991
1698,272.5,260.5,0.995
1699,270.5,260.5,0.996
1700,270.5,260.5,0.994
1701,268.5,260.5,0.994
1702,268.5,260.5,0.991
1703,266.5,260.5,0.993
1704,266.5,260.5,0.994
1705,266.5,260.5,0.995
1706,266.5,262.5,0.993
1707,266.5,262.5,0.995
1708,266.5,262.5,0.989
1709,266.5,266.5,0.993
1710,268.5,266.5,0.991
1711,268.5,270.5,0.994
1712,272.5,272.5,0.994
1713,274.5,272.5,0.991
1714,274.5,272.5,0.993
1715,270.5,264.5,0.994
1716,266.5,256.5,0.995
1717,262.5,242.5,0.996
1718,258.5,226.5,0.981
1719,250.5,204.5,0.99
1720,246.5,196.5,0.995
1721,242.5,184.5,0.994
1722,242.5,174.5,0.994
1723,238.5,166.5,0.996
1724,236.5,164.5,0.994
1725,234.5,164.5,0.996
1726,234.5,166.5,0.993
1727,232.5,168.5,0.994
1728,230.5,174.5,0.997
1729,232.5,182.5,0.993
1730,232.5,194.5,0.996
1731,234.5,206.5,0.993
1732,232.5,228.5,0.538
1733,240.5,232.5,0.841
1736,366.5,284.5,0.992
1737,412.5,276.5,0.994
1738,452.5,276.5,0.992
1739,496.5,276.5,0.993
1740,554.5,276.5,0.996
1741,602.5,284.5,0.996
1742,638.5,290.5,0.994
1743,684.5,298.5,0.997
1744,722.5,308.5,0.992
1745,776.5,340.5,0.992
1746,814.5,346.5,0.997
1747,862.5,338.5,0.993
1748,910.5,334.5,0.995
1749,946.5,334.5,0.999
1750,988.5,338.5,0.997
1751,1026.5,342.5,0.997
1752,1066.5,352.5,0.998
1753,1040.5,332.5,0.997
1754,1002.5,308.5,0.996
1755,942.5,274.5,0.998
1756,910.5,260.5,0.999
1757,866.5,242.5,0.999
1758,830.5,230.5,0.998
1759,794.5,224.5,0.998
1760,758.5,220.5,0.994
1761,724.5,218.5,0.994
1762,692.5,220.5,0.995
1763,674.5,222.5,0.997
1764,642.5,228.5,0.996
1765,614.5,238.5,0.988
1766,590.5,246.5,0.992
1767,564.5,262.5,0.998
1768,546.5,260.5,0.998
1769,530.5,246.5,0.995
1770,512.5,228.5,0.996
1771,494.5,214.5,0.996
1772,476.5,200.5,0.995
1773,462.5,196.5,0.993
1774,446.5,188.5,0.995
1775,432.5,186.5,0.996
1776,418.5,186.5,0.999
1777,402.5,188.5,0.998
1778,390.5,190.5,0.996
1779,384.5,194.5,0.991
1780,376.5,184.5,0.994
1781,368.5,182.5,0.992
1782,358.5,180.5,0.994
1783,348.5,182.5,0.99
1784,342.5,188.5,0.991
1785,336.5,196.5,0.541
1800,310.5,238.5,0.992
1804,292.5,248.5,0.96
1805,290.5,248.5,0.994
1806,284.5,252.5,0.998
1807,282.5,252.5,0.996
1808,278.5,256.5,0.997
1809,274.5,256.5,0.997
1810,272.5,256.5,0.996
1811,270.5,258.5,0.997
1812,268.5,258.5,0.997
1813,268.5,260.5,0.996
1814,268.5,260.5,0.997
1815,268.5,262.5,0.997
1816,270.5,266.5,0.997
1817,270.5,270.5,0.995
1818,270.5,268.5,0.995
1819,268.5,262.5,0.996
1820,264.5,256.5,0.997
1821,260.5,242.5,0.994
1823,250.5,210.5,0.992
1824,246.5,198.5,0.995
1825,244.5,190.5,0.993
1826,240.5,180.5,0.995
1827,238.5,176.5,0.992
1828,236.5,174.5,0.992
1829,236.5,174.5,0.954
1830,234.5,176.5,0.998
1831,232.5,182.5,0.995
1832,230.5,190.5,0.993
1833,222.5,208.5,0.994
1835,238.5,224.5,0.932
1837,312.5,266.5,0.651
1839,382.5,276.5,0.996
1840,416.5,270.5,0.989
1841,450.5,264.5,0.997
1842,482.5,262.5,0.997
1843,512.5,262.5,0.926
1844,556.5,268.5,0.998
1845,604.5,278.5,0.997
1846,628.5,288.5,0.997
1847,668.5,304.5,0.997
1848,702.5,320.5,0.996
1849,732.5,338.5,0.995
1850,778.5,368.5,0.996
1851,810.5,366.5,0.995
1852,840.5,356.5,0.995
1853,878.5,348.5,0.995
1854,908.5,346.5,0.998
1855,942.5,348.5,0.99
1856,980.5,352.5,0.994
1857,1008.5,356.5,0.987
1858,1016.5,346.5,0.992
1859,980.5,324.5,0.998
1860,930.5,286.5,0.998
1861,884.5,258.5,0.999
1862,846.5,240.5,0.997
1863,802.5,220.5,0.996
1864,770.5,208.5,0.995
1865,734.5,198.5,0.998
1866,702.5,192.5,0.996
1867,672.5,188.5,0.997
1868,636.5,186.5,0.996
1869,598.5,188.5,0.989
1870,572.5,194.5,0.996
1871,544.5,198.5,0.994
1872,516.5,210.5,0.995
1873,492.5,220.5,0.996
1874,470.5,230.5,0.994
1875,448.5,244.5,0.998
1876,426.5,262.5,0.998
1877,408.5,280.5,0.996
1878,392.5,296.5,0.993
1879,372.5,294.5,0.994
1880,356.5,272.5,0.995
1881,342.5,254.5,0.989
1882,330.5,236.5,0.98
1883,312.5,220.5,0.968
1884,300.5,210.5,0.995
1885,286.5,200.5,0.988
1886,274.5,196.5,0.702
1887,264.5,192.5,0.985
1888,254.5,194.5,0.963
1889,242.5,192.5,0.994
1890,234.5,196.5,0.98
1892,290.5,182.5,0.99
1893,314.5,178.5,0.983
1897,700.5,324.5,0.993
1898,772.5,356.5,0.991
1899,836.5,338.5,0.992
1900,926.5,326.5,0.994
1901,978.5,324.5,0.994
1903,1148.5,322.5,0.993
1904,1190.5,324.5,0.978
1905,1236.5,320.5,0.99
1906,1190.5,288.5,0.963
1907,1094.5,226.5,0.992
1908,1058.5,208.5,0.994
1909,348.5,142.5,0.864
1912,850.5,132.5,0.992
1913,806.5,130.5,0.997
1914,776.5,126.5,0.998
1915,736.5,126.5,0.997
1916,700.5,130.5,0.997
1917,674.5,132.5,0.991
1918,638.5,142.5,0.996
1919,604.5,152.5,0.995
1920,576.5,164.5,0.996
1921,554.5,174.5,0.996
1922,532.5,186.5,0.997
1923,506.5,206.5,0.996
1924,488.5,220.5,0.996
1925,468.5,236.5,0.995
1926,450.5,228.5,0.988
1927,434.5,206.5,0.995
1928,420.5,186.5,0.998
1929,406.5,170.5,0.993
1930,390.5,154.5,0.988
1931,342.5,128.5,0.988
1932,372.5,132.5,0.988
1933,390.5,130.5,0.997
1935,414.5,128.5,0.996
1936,446.5,124.5,0.995
1937,474.5,126.5,0.991
1938,498.5,126.5,0.992
1939,526.5,132.5,0.995
1940,550.5,140.5,0.994
1941,578.5,150.5,0.994
1942,608.5,164.5,0.997
1943,634.5,180.5,0.996
1944,668.5,202.5,0.998
1945,688.5,220.5,0.999
1946,714.5,244.5,0.994
1947,736.5,268.5,0.996
1948,756.5,290.5,0.998
1949,776.5,322.5,0.731
1950,808.5,358.5,0.993
1951,832.5,344.5,0.998
1952,854.5,334.5,0.999
1953,882.5,320.5,0.998
1954,898.5,314.5,0.996
1955,930.5,306.5,0.996
1956,952.5,304.5,0.994
1957,974.5,304.5,0.889
1958,1000.5,308.5,0.997
1959,1020.5,314.5,0.978
1960,1042.5,320.5,0.986
1961,1004.5,288.5,0.993
1962,948.5,240.5,0.996
1963,906.5,210.5,0.997
1964,866.5,184.5,0.995
1965,828.5,160.5,0.97
1966,794.5,144.5,0.993
1967,762.5,132.5,0.996
1968,730.5,124.5,0.994
1969,704.5,118.5,0.99
1970,676.5,114.5,0.996
1971,644.5,116.5,0.993
1972,624.5,120.5,0.995
1973,598.5,126.5,0.991
1974,580.5,134.5,0.993
1975,564.5,144.5,0.997
1976,546.5,154.5,0.997
1977,530.5,168.5,0.996
1978,514.5,182.5,0.996
1979,504.5,196.5,0.995
1980,490.5,214.5,0.996
1981,482.5,228.5,0.997
1982,468.5,242.5,0.996
1983,458.5,220.5,0.995
1984,448.5,196.5,0.997
1985,436.5,180.5,0.998
1986,428.5,164.5,0.996
1987,418.5,148.5,0.994
1988,412.5,140.5,0.998
1989,402.5,130.5,0.996
1990,394.5,124.5,0.997
1991,386.5,120.5,0.997
1992,380.5,118.5,0.996
1993,372.5,116.5,0.996
1994,368.5,122.5,0.956
1995,398.5,132.5,0.985
1996,434.5,134.5,0.99
1997,476.5,142.5,0.995
1998,520.5,154.5,0.995
1999,560.5,164.5,0.996
2000,604.5,182.5,0.997
2001,638.5,196.5,0.997
2002,686.5,220.5,0.998
2003,728.5,244.5,0.999
2004,770.5,270.5,0.997
2005,812.5,298.5,0.999
2006,864.5,338.5,0.995
2007,894.5,362.5,0.991
2008,932.5,398.5,0.995
2009,990.5,450.5,0.992
2010,1034.5,500.5,0.991
2011,1074.5,546.5,0.989
2012,1118.5,600.5,0.988
2020,332.5,172.5,0.992
2022,308.5,188.5,0.992
2023,298.5,192.5,0.993
2024,282.5,198.5,0.987
2025,272.5,204.5,0.966
2026,250.5,210.5,0.988
2027,234.5,210.5,0.639
2056,1090.5,448.5,0.973
2064,300.5,322.5,0.99
2065,312.5,324.5,0.994
2066,324.5,326.5,0.988
2073,404.5,212.5,0.576
2074,400.5,212.5,0.555
2075,398.5,212.5,0.987
2076,396.5,210.5,0.991
2077,1232.5,484.5,0.976
2078,388.5,216.5,0.697
2081,376.5,206.5,0.564
2093,1184.5,410.5,0.987
2107,1134.5,314.5,0.602
2122,894.5,490.5,0.816
2129,820.5,328.5,0.816
2134,198.5,200.5,0.644
2135,198.5,194.5,0.694
2153,360.5,144.5,0.987
2154,378.5,146.5,0.992
2155,418.5,138.5,0.802
2156,446.5,138.5,0.984
2157,438.5,130.5,0.575
2158,728.5,458.5,0.99
2176,386.5,156.5,0.961
2177,370.5,174.5,0.989
2178,354.5,190.5,0.99
2179,518.5,544.5,0.992
2180,322.5,218.5,0.99
2181,96.5,238.5,0.6
2195,390.5,226.5,0.987
2197,388.5,224.5,0.866
2203,1114.5,440.5,0.956
2218,1098.5,394.5,0.991
2219,1102.5,390.5,0.985
2220,340.5,170.5,0.742
2223,354.5,160.5,0.956
2257,954.5,324.5,0.998
2260,938.5,272.5,0.994
2261,936.5,270.5,0.989
2262,932.5,264.5,0.988
2263,928.5,270.5,0.881
2265,956.5,198.5,0.998
2266,954.5,198.5,0.999
2267,950.5,200.5,0.999
2268,946.5,206.5,0.998
2269,942.5,212.5,0.996
2270,936.5,222.5,0.998
2271,930.5,234.5,0.999
2272,926.5,246.5,0.993
2273,466.5,118.5,0.744
2279,920.5,280.5,0.887
2281,1076.5,182.5,0.735
2282,1074.5,184.5,0.985
2283,1076.5,184.5,0.967
2284,920.5,284.5,0.77
2287,400.5,128.5,0.533
2316,418.5,156.5,0.971
2317,436.5,136.5,0.982
2318,464.5,110.5,0.615
2334,370.5,146.5,0.89
2335,360.5,162.5,0.635
2336,336.5,178.5,0.75
2337,322.5,192.5,0.992
2339,1100.5,230.5,0.903
2346,1108.5,290.5,0.574
2347,1106.5,302.5,0.979
2348,1104.5,312.5,0.959
2349,1096.5,324.5,0.992
2361,940.5,280.5,0.983
2362,942.5,276.5,0.779
2371,944.5,270.5,0.969
2372,940.5,274.5,0.994
2373,936.5,276.5,0.985
2374,934.5,280.5,0.985
2375,934.5,284.5,0.979
2376,932.5,262.5,0.976
2378,920.5,272.5,0.992
2380,928.5,308.5,0.995
2381,878.5,318.5,0.998
2382,828.5,338.5,0.997
2383,802.5,330.5,0.99
2384,762.5,298.5,0.992
2385,738.5,288.5,0.997
2386,706.5,276.5,0.996
2387,680.5,264.5,0.992
2388,648.5,258.5,0.997
2389,624.5,252.5,0.995
2390,596.5,250.5,0.993
2391,576.5,250.5,0.996
2392,548.5,250.5,0.998
2393,528.5,256.5,0.996
2394,506.5,262.5,0.997
2395,486.5,274.5,0.997
2396,468.5,276.5,0.992
2397,456.5,266.5,0.998
2398,440.5,248.5,0.998
2399,426.5,238.5,0.998
2400,412.5,230.5,0.996
2401,398.5,226.5,0.996
2402,386.5,220.5,0.998
2403,350.5,218.5,0.991
2404,410.5,218.5,0.997
2405,434.5,222.5,0.997
2406,468.5,224.5,0.996
2407,492.5,230.5,0.992
2408,518.5,242.5,0.993
2409,546.5,250.5,0.998
2410,574.5,264.5,0.996
2411,602.5,286.5,0.996
2412,626.5,302.5,0.994
2413,656.5,328.5,0.996
2414,682.5,354.5,0.997
2415,712.5,386.5,0.995
2416,738.5,388.5,0.992
2417,768.5,386.5,0.994
2418,794.5,384.5,0.994
2419,818.5,380.5,0.997
2420,786.5,346.5,0.995
2421,758.5,324.5,0.997
2422,730.5,298.5,0.995
2423,696.5,278.5,0.987
2424,676.5,268.5,0.996
2425,648.5,256.5,0.996
2426,626.5,246.5,0.992
2427,604.5,242.5,0.995
2428,584.5,240.5,0.995
2429,566.5,240.5,0.998
2430,552.5,242.5,0.996
2431,538.5,248.5,0.999
2432,522.5,256.5,0.998
2433,510.5,262.5,0.998
2434,498.5,268.5,0.997
2435,492.5,248.5,0.997
2436,482.5,230.5,0.998
2437,476.5,216.5,0.997
2438,468.5,204.5,0.997
2439,462.5,194.5,0.997
2440,456.5,188.5,0.999
2441,450.5,182.5,0.999
2442,416.5,180.5,0.988
2443,466.5,182.5,0.998
2444,948.5,468.5,0.991
2445,524.5,186.5,0.993
2446,550.5,192.5,0.993
2447,578.5,198.5,0.996
2448,606.5,210.5,0.996
2449,638.5,226.5,0.994
2450,672.5,244.5,0.998
2451,694.5,260.5,0.997
2452,726.5,280.5,0.996
2453,752.5,302.5,0.99
2454,774.5,334.5,0.992
2455,814.5,346.5,0.997
2456,842.5,336.5,0.997
2457,878.5,328.5,0.998
2458,900.5,324.5,0.997
2459,936.5,322.5,0.995
2460,898.5,294.5,0.994
2461,848.5,266.5,0.998
2462,798.5,242.5,0.998
2463,760.5,226.5,0.998
2464,718.5,212.5,0.997
2465,680.5,200.5,0.996
2466,640.5,192.5,0.996
2467,602.5,188.5,0.995
2468,570.5,188.5,0.994
2469,538.5,188.5,0.992
2470,504.5,192.5,0.99
2471,476.5,196.5,0.995
2472,444.5,204.5,0.996
2473,418.5,214.5,0.993
2474,392.5,228.5,0.995
2475,372.5,240.5,0.997
2476,348.5,258.5,0.994
2477,332.5,268.5,0.828
2478,306.5,270.5,0.978
2479,282.5,244.5,0.994
2480,266.5,234.5,0.99
2481,246.5,220.5,0.917
2482,232.5,210.5,0.987
2483,204.5,200.5,0.991
2484,194.5,198.5,0.941
2485,172.5,190.5,0.994
2486,158.5,190.5,0.996
2487,144.5,192.5,0.996
2488,130.5,196.5,0.989
2489,122.5,202.5,0.999
2490,164.5,186.5,0.996
2491,226.5,160.5,0.994
2492,360.5,246.5,0.979
2493,450.5,272.5,0.989
2495,562.5,292.5,0.943
2496,260.5,100.5,0.805
2497,554.5,300.5,0.99
2498,548.5,302.5,0.992
2499,548.5,290.5,0.998
2500,546.5,280.5,0.997
2501,546.5,270.5,0.997
2502,544.5,262.5,0.997
2503,540.5,258.5,0.998
2504,538.5,258.5,0.998
2505,538.5,258.5,0.998
2506,538.5,248.5,0.995
2507,538.5,242.5,0.997
2508,540.5,240.5,0.995
2509,540.5,236.5,0.988
2510,218.5,160.5,0.987
2511,222.5,174.5,0.986
2512,540.5,242.5,0.991
2513,216.5,198.5,0.696
2527,358.5,196.5,0.99
2535,380.5,350.5,0.907
2549,474.5,170.5,0.848
2551,488.5,164.5,0.989
2553,504.5,154.5,0.987
2554,512.5,146.5,0.99
2559,564.5,92.5,0.607
2564,732.5,272.5,0.899
2578,500.5,578.5,0.995
2579,502.5,584.5,0.624
2592,696.5,98.5,0.754
2593,696.5,98.5,0.964
2594,700.5,104.5,0.734
2595,704.5,114.5,0.984
2596,606.5,186.5,0.588
2597,706.5,128.5,0.989
2599,702.5,234.5,0.991
2600,608.5,200.5,0.667
2601,708.5,248.5,0.977
2617,698.5,144.5,0.819
2619,690.5,122.5,0.943
2620,686.5,112.5,0.922
2622,580.5,530.5,0.825
2623,594.5,520.5,0.972
2624,614.5,514.5,0.969
2625,630.5,508.5,0.989
2626,650.5,500.5,0.984
2627,672.5,494.5,0.688
2630,914.5,520.5,0.954
2637,646.5,198.5,0.988
2638,638.5,200.5,0.749
2650,524.5,164.5,0.72
2652,1010.5,500.5,0.874
2654,1022.5,490.5,0.988
2655,1026.5,480.5,0.987
2666,434.5,190.5,0.991
2668,422.5,192.5,0.985
2670,416.5,194.5,0.518
2671,388.5,200.5,0.571
2672,406.5,200.5,0.962
2673,404.5,202.5,0.996
2674,406.5,202.5,0.997
2675,394.5,204.5,0.995
2677,382.5,206.5,0.975
2678,380.5,202.5,0.989
2679,374.5,196.5,0.991
2680,372.5,188.5,0.552
2681,368.5,180.5,0.61
2685,402.5,178.5,0.923
2686,416.5,190.5,0.996
2687,432.5,210.5,0.91
2688,446.5,228.5,0.994
2689,460.5,248.5,0.988
2690,478.5,260.5,0.997
2691,490.5,250.5,0.999
2692,502.5,240.5,0.997
2693,516.5,230.5,0.994
2694,528.5,226.5,0.996
2695,542.5,224.5,0.997
2696,556.5,224.5,0.997
2697,570.5,226.5,0.997
2698,584.5,230.5,0.995
2699,598.5,238.5,0.996
2700,614.5,250.5,0.998
2701,630.5,266.5,0.995
2702,636.5,274.5,0.998
2703,654.5,292.5,0.997
2704,668.5,312.5,0.995
2705,678.5,338.5,0.998
2706,692.5,334.5,0.998
2707,706.5,324.5,0.998
2708,718.5,310.5,0.997
2709,730.5,306.5,0.999
2710,740.5,304.5,0.999
2711,752.5,304.5,0.997
2712,764.5,306.5,0.996
2713,776.5,312.5,0.997
2714,788.5,322.5,0.998
2715,798.5,332.5,0.997
2716,810.5,346.5,0.998
2717,818.5,362.5,0.999
2718,826.5,380.5,0.998
2719,836.5,402.5,0.997
2720,850.5,396.5,0.991
2721,864.5,386.5,0.996
2722,878.5,378.5,0.996
2723,892.5,374.5,0.996
2724,906.5,376.5,0.994
2725,916.5,376.5,0.995
2726,932.5,386.5,0.998
2727,942.5,390.5,0.996
2728,954.5,400.5,0.972
2729,962.5,412.5,0.983
2731,968.5,418.5,0.962
2732,206.5,354.5,0.762
2741,930.5,424.5,0.981
2742,912.5,398.5,0.98
2743,914.5,380.5,0.962
2748,932.5,270.5,0.997
2749,936.5,258.5,0.996
2750,942.5,246.5,0.997
2751,948.5,240.5,0.998
2752,952.5,240.5,0.997
2753,956.5,242.5,0.987
2754,958.5,250.5,0.995
2755,956.5,262.5,0.995
2756,956.5,274.5,0.992
2757,956.5,290.5,0.988
2758,960.5,320.5,0.993
2759,926.5,444.5,0.996
2760,958.5,366.5,0.991
2761,956.5,402.5,0.984
2764,842.5,416.5,0.995
2765,784.5,410.5,0.984
2766,738.5,410.5,0.991
2767,704.5,384.5,0.991
2768,666.5,352.5,0.971
2769,632.5,322.5,0.994
2770,604.5,302.5,0.996
2771,578.5,290.5,0.997
2772,552.5,274.5,0.995
2773,526.5,262.5,0.989
2774,502.5,260.5,0.997
2775,482.5,258.5,0.997
2776,462.5,260.5,0.996
2777,442.5,262.5,0.996
2778,426.5,266.5,0.991
2779,404.5,274.5,0.991
2780,392.5,262.5,0.995
2781,378.5,248.5,0.992
2782,360.5,232.5,0.993
2783,344.5,224.5,0.978
2786,356.5,208.5,0.998
2787,394.5,206.5,0.992
2788,422.5,204.5,0.996
2789,458.5,204.5,0.996
2790,494.5,210.5,0.999
2791,526.5,214.5,0.996
2792,558.5,226.5,0.998
2793,594.5,238.5,0.998
2794,622.5,250.5,0.997
2795,652.5,266.5,0.993
2796,686.5,284.5,0.997
2797,718.5,308.5,0.996
2798,748.5,328.5,0.997
2799,770.5,340.5,0.99
2800,822.5,308.5,0.996
2801,844.5,308.5,0.999
2802,874.5,306.5,0.997
2803,912.5,306.5,0.986
2804,902.5,306.5,0.989
2805,938.5,308.5,0.986
2806,968.5,318.5,0.995
2807,986.5,324.5,0.997
2808,940.5,294.5,0.998
2809,894.5,272.5,0.999
2810,852.5,258.5,0.999
2811,816.5,244.5,0.999
2812,778.5,236.5,0.998
2813,744.5,230.5,0.995
2814,706.5,228.5,0.987
2815,676.5,228.5,0.993
2816,644.5,230.5,0.994
2817,622.5,236.5,0.995
2818,602.5,242.5,0.996
2819,582.5,248.5,0.995
2820,558.5,252.5,0.996
2821,544.5,236.5,0.998
2822,524.5,216.5,0.997
2823,512.5,206.5,0.996
2824,496.5,194.5,0.994
2825,480.5,184.5,0.997
2826,470.5,180.5,0.997
2827,456.5,174.5,0.998
2828,448.5,172.5,0.993
2829,472.5,174.5,0.997
2830,494.5,170.5,0.997
2831,526.5,170.5,0.991
2832,546.5,172.5,0.991
2833,578.5,178.5,0.995
2834,598.5,184.5,0.991
2835,628.5,196.5,0.995
2836,644.5,204.5,0.997
2837,676.5,222.5,0.996
2838,706.5,242.5,0.998
2839,730.5,260.5,0.998
2840,756.5,284.5,0.996
2841,772.5,300.5,0.991
2842,806.5,338.5,0.994
2843,828.5,352.5,0.998
2844,858.5,338.5,0.998
2845,892.5,330.5,0.998
2846,910.5,326.5,0.996
2847,944.5,326.5,0.993
2848,972.5,330.5,0.991
2849,996.5,336.5,0.986
2850,1028.5,348.5,0.985
2851,1002.5,328.5,0.946
2852,948.5,294.5,0.991
2853,910.5,276.5,0.999
2854,868.5,258.5,0.999
2855,830.5,246.5,0.999
2856,790.5,238.5,0.998
2857,754.5,232.5,0.998
2858,722.5,228.5,0.995
2859,688.5,230.5,0.995
2860,668.5,232.5,0.995
2861,632.5,240.5,0.996
2862,602.5,248.5,0.996
2863,576.5,258.5,0.994
2864,556.5,266.5,0.998
2865,536.5,278.5,0.996
2866,510.5,276.5,0.993
2867,490.5,256.5,0.997
2868,472.5,240.5,0.995
2869,456.5,228.5,0.997
2870,434.5,214.5,0.989
2871,422.5,208.5,0.988
2872,402.5,200.5,0.999
2875,402.5,192.5,0.994
2876,434.5,188.5,0.994
2877,466.5,188.5,0.997
2878,496.5,188.5,0.998
2879,532.5,192.5,0.998
2880,562.5,198.5,0.994
2881,594.5,206.5,0.997
2882,628.5,216.5,0.996
2883,670.5,232.5,0.998
2884,696.5,246.5,0.997
2885,724.5,262.5,0.997
2886,758.5,284.5,0.996
2887,780.5,298.5,0.997
2888,816.5,324.5,0.989
2889,848.5,358.5,0.996
2890,888.5,346.5,0.996
2891,912.5,338.5,0.997
2892,942.5,332.5,0.995
2893,976.5,326.5,0.994
2894,1006.5,324.5,0.996
2895,1040.5,324.5,0.994
2896,1074.5,328.5,0.995
2897,1092.5,328.5,0.998
2898,1034.5,288.5,0.996
2899,986.5,260.5,0.987
2900,936.5,232.5,0.997
2901,890.5,212.5,0.997
2902,844.5,196.5,0.996
2903,794.5,180.5,0.992
2904,756.5,174.5,0.998
2905,716.5,170.5,0.995
2906,680.5,168.5,0.984
2907,638.5,170.5,0.997
2908,602.5,174.5,0.996
2909,572.5,180.5,0.998
2910,538.5,192.5,0.999
2911,508.5,204.5,0.995
2912,480.5,216.5,0.997
2913,450.5,236.5,0.997
2914,1110.5,174.5,0.997
2915,404.5,270.5,0.995
2916,378.5,292.5,0.994
2917,354.5,294.5,0.994
2918,332.5,274.5,0.996
2919,188.5,214.5,0.99
2920,292.5,240.5,0.998
2921,272.5,226.5,0.994
2922,252.5,216.5,0.542
2923,228.5,204.5,0.967
2924,212.5,198.5,0.987
2925,194.5,196.5,0.987
2930,116.5,220.5,0.988
2932,92.5,242.5,0.99
2933,140.5,228.5,0.988
2934,186.5,210.5,0.988
2935,224.5,198.5,0.891
2936,276.5,192.5,0.935
2937,316.5,182.5,0.997
2938,366.5,182.5,0.998
2939,412.5,184.5,0.998
2940,456.5,190.5,0.998
2941,496.5,194.5,0.994
2942,544.5,208.5,0.998
2943,588.5,222.5,0.998
2944,628.5,238.5,0.997
2945,674.5,258.5,0.999
2946,704.5,276.5,0.995
2947,734.5,294.5,0.938
2948,770.5,324.5,0.994
2949,794.5,344.5,0.995
2950,854.5,316.5,0.996
2951,882.5,306.5,0.999
2952,926.5,286.5,0.999
2953,954.5,278.5,0.996
2954,1000.5,268.5,0.999
2955,1042.5,264.5,0.995
2957,1044.5,240.5,0.992
2961,874.5,148.5,0.983
2962,842.5,140.5,0.995
2963,804.5,134.5,0.996
2964,780.5,132.5,0.997
2965,750.5,132.5,0.996
2966,714.5,134.5,0.993
2967,684.5,138.5,0.996
2968,656.5,148.5,0.681
2969,630.5,156.5,0.996
2970,608.5,166.5,0.995
2971,586.5,180.5,0.997
2972,566.5,194.5,0.995
2973,546.5,208.5,0.998
2974,524.5,228.5,0.997
2975,506.5,248.5,0.997
2976,490.5,262.5,0.997
2977,478.5,244.5,0.992
2978,466.5,224.5,0.998
2979,456.5,202.5,0.991
2980,444.5,184.5,0.998
2981,438.5,172.5,0.998
2982,426.5,158.5,0.997
2983,418.5,148.5,0.994
2984,410.5,142.5,0.998
2985,402.5,136.5,0.996
2986,394.5,136.5,0.998
2987,386.5,134.5,0.995
2988,380.5,138.5,0.716
2989,412.5,140.5,0.993
2990,436.5,140.5,0.988
2991,468.5,148.5,0.992
2992,498.5,160.5,0.998
2993,528.5,174.5,0.998
2994,558.5,190.5,0.998
2995,588.5,210.5,0.993
2996,616.5,230.5,0.997
2997,640.5,252.5,0.996
2998,682.5,290.5,0.994
2999,700.5,314.5,0.97
3000,730.5,352.5,0.993
3001,754.5,362.5,0.997
3002,782.5,346.5,0.999
3003,818.5,338.5,0.999
3004,844.5,334.5,0.998
3005,874.5,330.5,0.998
3006,902.5,330.5,0.997
3007,932.5,334.5,0.996
3008,964.5,342.5,0.99
3009,994.5,354.5,0.989
3010,1030.5,368.5,0.997
3011,1000.5,340.5,0.979
3012,948.5,284.5,0.993
3013,916.5,258.5,0.999
3014,878.5,226.5,0.998
3015,842.5,202.5,0.992
3016,798.5,174.5,0.986
3017,772.5,162.5,0.995
3018,744.5,150.5,0.994
3019,710.5,142.5,0.983
3020,686.5,138.5,0.995
3021,654.5,136.5,0.79
3022,632.5,138.5,0.993
3023,606.5,142.5,0.987
3024,586.5,150.5,0.996
3025,568.5,158.5,0.996
3026,548.5,170.5,0.997
3027,532.5,180.5,0.995
3028,514.5,196.5,0.988
3029,502.5,210.5,0.998
3030,488.5,226.5,0.996
3031,472.5,246.5,0.997
3032,462.5,262.5,0.999
3033,450.5,270.5,0.996
3034,436.5,242.5,0.998
3035,426.5,222.5,0.997
3036,416.5,202.5,0.998
3037,406.5,186.5,0.998
3038,396.5,170.5,0.997
3039,386.5,160.5,0.997
3040,376.5,150.5,0.995
3041,370.5,144.5,0.997
3042,360.5,140.5,0.998
3043,350.5,138.5,0.998
3044,348.5,148.5,0.994
3045,378.5,156.5,0.935
3046,426.5,154.5,0.988
3047,464.5,158.5,0.996
3048,506.5,170.5,0.997
3049,548.5,182.5,0.997
3050,592.5,196.5,0.998
3051,634.5,214.5,0.998
3052,676.5,236.5,0.998
3053,716.5,258.5,0.999
3054,754.5,280.5,0.998
3055,784.5,300.5,0.996
3056,834.5,342.5,0.994
3057,880.5,358.5,0.993
3058,914.5,348.5,0.995
3059,962.5,342.5,0.954
3060,996.5,340.5,0.993
3061,1038.5,340.5,0.998
3062,1080.5,342.5,0.995
3063,1122.5,350.5,0.996
3064,1162.5,356.5,0.995
3065,1202.5,370.5,0.996
3066,1244.5,386.5,0.997
3068,1226.5,364.5,0.994
3069,1154.5,320.5,0.992
3070,1092.5,286.5,0.994
3071,1042.5,262.5,0.994
3072,958.5,228.5,0.991
3073,916.5,212.5,0.994
3074,864.5,198.5,0.994
3075,818.5,190.5,0.999
3076,776.5,186.5,0.996
3077,736.5,184.5,0.997
3078,698.5,186.5,0.996
3079,670.5,188.5,0.996
3080,638.5,194.5,0.997
3081,606.5,204.5,0.996
3082,586.5,212.5,0.993
3083,558.5,226.5,0.996
3084,544.5,234.5,0.997
3085,522.5,250.5,0.998
3086,504.5,262.5,0.998
3087,490.5,242.5,0.99
3088,474.5,220.5,0.998
3089,456.5,198.5,0.997
3090,442.5,182.5,0.997
3091,428.5,168.5,0.997
3092,418.5,160.5,0.993
3093,404.5,152.5,0.996
3094,392.5,148.5,0.997
3095,394.5,144.5,0.819
3096,426.5,142.5,0.994
3097,462.5,142.5,0.997
3098,494.5,140.5,0.998
3099,532.5,146.5,0.997
3100,572.5,150.5,0.995
3101,606.5,158.5,0.998
3102,640.5,168.5,0.996
3103,684.5,182.5,0.998
3104,718.5,198.5,0.998
3105,754.5,214.5,0.999
3106,794.5,234.5,0.999
3107,828.5,256.5,0.999
3108,866.5,280.5,0.998
3109,906.5,310.5,0.998
3110,932.5,332.5,0.997
3111,974.5,338.5,0.997
3112,1006.5,326.5,0.998
3113,1042.5,314.5,0.981
3114,1088.5,304.5,0.995
3115,1116.5,298.5,0.996
3116,1158.5,298.5,0.995
3117,1194.5,300.5,0.986
3118,1232.5,304.5,0.984
3119,1260.5,308.5,0.95
3123,1272.5,314.5,0.838
3124,1214.5,292.5,0.988
3125,1154.5,270.5,0.982
3126,1074.5,254.5,0.982
3127,1038.5,244.5,0.993
3128,952.5,230.5,0.991
3129,900.5,228.5,0.996
3130,846.5,230.5,0.995
3131,794.5,236.5,0.996
3132,752.5,242.5,0.999
3133,706.5,254.5,0.998
3134,676.5,260.5,0.993
3135,630.5,276.5,0.997
3136,596.5,294.5,0.99
3137,590.5,308.5,0.995
3138,594.5,310.5,0.998
3139,598.5,310.5,0.997
3140,600.5,312.5,0.997
3141,602.5,316.5,0.997
3142,606.5,324.5,0.991
3143,608.5,324.5,0.997
3144,610.5,326.5,0.997
3145,612.5,328.5,0.997
3146,614.5,336.5,0.995
3147,614.5,340.5,0.987
3148,614.5,340.5,0.994
3149,616.5,344.5,0.996
3150,616.5,350.5,0.994
3151,616.5,352.5,0.988
3152,616.5,354.5,0.995
3153,616.5,356.5,0.996
3154,614.5,362.5,0.998
3155,614.5,364.5,0.998
3156,612.5,362.5,0.998
3157,610.5,368.5,0.994
3158,610.5,372.5,0.991
3159,604.5,372.5,0.997
3160,602.5,374.5,0.997
3161,598.5,376.5,0.997
3162,598.5,380.5,0.995
3163,594.5,380.5,0.997
3164,594.5,384.5,0.99
3165,588.5,386.5,0.998
3166,588.5,390.5,0.998
3167,586.5,392.5,0.998
3168,584.5,392.5,0.999
3169,580.5,394.5,0.999
3170,578.5,394.5,0.995
3171,580.5,398.5,0.985
3173,570.5,404.5,0.998
3174,568.5,412.5,0.998
3175,566.5,418.5,0.996
3176,564.5,432.5,0.997
3177,562.5,444.5,0.997
3178,560.5,460.5,0.996
3179,558.5,482.5,0.991
3180,558.5,502.5,0.961
3181,556.5,524.5,0.993
3182,556.5,544.5,0.99
3183,554.5,572.5,0.995
3184,554.5,590.5,0.995
3185,554.5,608.5,0.58
3187,550.5,584.5,0.997
3188,548.5,576.5,0.995
3189,546.5,572.5,0.99
3190,544.5,568.5,0.993
3191,542.5,570.5,0.991
3192,544.5,576.5,0.991
3193,542.5,580.5,0.996
3194,546.5,586.5,0.776
3198,746.5,250.5,0.703
3201,312.5,248.5,0.982
3203,594.5,260.5,0.984
3204,580.5,270.5,0.96
3209,404.5,212.5,0.833
3216,390.5,204.5,0.752
3218,378.5,188.5,0.991
3219,378.5,178.5,0.8
3223,360.5,130.5,0.685
3238,482.5,280.5,0.991
3240,482.5,254.5,0.99
3241,474.5,232.5,0.999
3242,474.5,220.5,0.998
3243,472.5,210.5,0.996
3244,470.5,202.5,0.998
3245,468.5,198.5,0.997
3246,466.5,196.5,0.997
3247,464.5,196.5,0.997
3248,464.5,200.5,0.996
3249,464.5,208.5,0.997
3250,462.5,216.5,0.998
3251,462.5,226.5,0.998
3252,462.5,238.5,0.998
3253,462.5,252.5,0.996
3254,462.5,266.5,0.998
3255,462.5,280.5,0.997
3256,460.5,262.5,0.998
3257,458.5,242.5,0.998
3258,456.5,226.5,0.996
3259,454.5,212.5,0.995
3260,454.5,200.5,0.996
3261,454.5,192.5,0.998
3262,452.5,184.5,0.997
3263,450.5,180.5,0.995
3264,450.5,178.5,0.996
3265,448.5,178.5,0.996
3266,448.5,182.5,0.998
3267,450.5,188.5,0.998
3268,450.5,196.5,0.997
3269,450.5,204.5,0.996
3270,448.5,206.5,0.986
3274,442.5,224.5,0.878
3280,396.5,240.5,0.853
3281,1022.5,226.5,0.954
3282,1022.5,228.5,0.988
3283,348.5,334.5,0.944
3285,348.5,254.5,0.896
3287,332.5,252.5,0.888
3291,298.5,254.5,0.985
3292,294.5,254.5,0.99
3293,290.5,256.5,0.985
3294,286.5,256.5,0.995
3295,282.5,256.5,0.995
3296,278.5,256.5,0.996
3297,278.5,258.5,0.996
3298,278.5,258.5,0.995
3299,276.5,262.5,0.995
3300,276.5,264.5,0.993
3301,278.5,268.5,0.996
3302,278.5,270.5,0.995
3303,278.5,270.5,0.994
3304,276.5,262.5,0.994
3305,272.5,252.5,0.989
3306,268.5,238.5,0.992
3307,264.5,220.5,0.996
3308,262.5,204.5,0.998
3309,258.5,192.5,0.996
3310,254.5,182.5,0.99
3312,314.5,240.5,0.976
3314,248.5,168.5,0.996
3315,250.5,172.5,0.995
3316,248.5,178.5,0.996
3317,250.5,184.5,0.994
3318,250.5,194.5,0.997
3319,236.5,216.5,0.995
3320,252.5,220.5,0.994
3321,252.5,228.5,0.966
3324,386.5,262.5,0.986
3325,428.5,250.5,0.99
3326,460.5,244.5,0.993
3327,490.5,242.5,0.996
3328,530.5,238.5,0.994
3329,564.5,238.5,0.999
3330,604.5,242.5,0.997
3331,638.5,244.5,0.993
3332,676.5,258.5,0.998
3333,706.5,268.5,0.996
3334,738.5,282.5,0.998
3335,764.5,292.5,0.997
3336,800.5,322.5,0.996
3337,836.5,310.5,0.995
3338,858.5,304.5,0.999
3339,894.5,290.5,0.998
3340,922.5,284.5,0.997
3341,948.5,280.5,0.996
3342,1102.5,366.5,0.989
3343,1094.5,352.5,0.994
3344,1042.5,286.5,0.997
3345,1060.5,288.5,0.998
3346,1042.5,264.5,0.995
3347,1024.5,244.5,0.993
3348,972.5,200.5,0.862
3350,1084.5,216.5,0.987
3352,858.5,124.5,0.994
3353,834.5,114.5,0.998
3354,802.5,106.5,0.998
3355,778.5,100.5,0.987
3356,752.5,100.5,0.993
3357,730.5,102.5,0.992
3358,702.5,106.5,0.995
3359,678.5,112.5,0.997
3360,652.5,122.5,0.993
3361,632.5,132.5,0.998
3362,612.5,144.5,0.996
3363,594.5,156.5,0.997
3364,574.5,174.5,0.997
3365,554.5,192.5,0.998
3366,538.5,210.5,0.998
3367,526.5,228.5,0.996
3368,510.5,248.5,0.58
3369,498.5,224.5,0.998
3370,486.5,200.5,0.994
3371,476.5,184.5,0.997
3372,466.5,170.5,0.998
3373,456.5,154.5,0.997
3374,446.5,144.5,0.995
3375,438.5,136.5,0.996
3376,426.5,130.5,0.997
3377,418.5,124.5,0.987
3378,438.5,128.5,0.846
3380,508.5,146.5,0.994
3381,542.5,160.5,0.997
3382,578.5,176.5,0.997
3383,614.5,194.5,0.997
3384,642.5,210.5,0.998
3385,686.5,240.5,0.999
3386,718.5,266.5,0.995
3387,742.5,288.5,0.997
3388,794.5,340.5,0.983
3389,816.5,364.5,0.997
3390,862.5,340.5,0.998
3391,894.5,336.5,0.999
3392,926.5,330.5,0.997
3393,964.5,328.5,0.993
3394,1002.5,330.5,0.996
3395,1038.5,332.5,0.985
3396,1074.5,340.5,0.997
3397,1116.5,354.5,0.993
3398,1140.5,358.5,0.988
3399,1096.5,324.5,0.996
3400,1050.5,288.5,0.997
3401,1000.5,256.5,0.999
3402,956.5,230.5,0.996
3403,912.5,212.5,0.997
3404,876.5,202.5,0.995
3405,830.5,190.5,0.997
3406,796.5,186.5,0.997
3407,766.5,184.5,0.996
3408,736.5,186.5,0.996
3409,702.5,188.5,0.993
3410,678.5,194.5,0.995
3411,646.5,204.5,0.992
3412,632.5,210.5,0.997
3413,606.5,224.5,0.996
3414,586.5,236.5,0.995
3415,572.5,246.5,0.995
3416,552.5,262.5,0.998
3417,534.5,278.5,0.995
3418,516.5,256.5,0.995
3419,498.5,232.5,0.996
3420,488.5,218.5,0.996
3421,474.5,202.5,0.994
3422,458.5,188.5,0.995
3423,446.5,180.5,0.997
3424,432.5,174.5,0.992
3425,420.5,168.5,0.994
3427,416.5,164.5,0.995
3428,428.5,164.5,0.995
3429,452.5,164.5,0.996
3430,470.5,168.5,0.993
3431,494.5,172.5,0.996
3432,522.5,182.5,0.995
3433,542.5,192.5,0.993
3434,562.5,204.5,0.995
3435,590.5,222.5,0.996
3436,612.5,240.5,0.997
3437,636.5,260.5,0.996
3438,656.5,282.5,0.952
3439,682.5,306.5,0.996
3440,704.5,332.5,0.995
3441,724.5,356.5,0.993
3442,752.5,340.5,0.996
3443,770.5,330.5,0.998
3444,792.5,324.5,0.998
3445,814.5,316.5,0.998
3446,838.5,314.5,0.997
3447,858.5,314.5,0.995
3448,882.5,320.5,0.998
3449,898.5,324.5,0.998
3450,924.5,336.5,0.994
3451,944.5,350.5,0.994
3452,964.5,368.5,0.998
3453,986.5,386.5,0.995
3454,1002.5,404.5,0.946
3455,942.5,362.5,0.987
3456,890.5,326.5,0.997
3457,852.5,308.5,0.998
3458,814.5,290.5,0.999
3459,774.5,274.5,0.999
3460,740.5,262.5,0.997
3461,708.5,256.5,0.996
3462,676.5,252.5,0.992
3463,646.5,254.5,0.991
3464,622.5,256.5,0.996
3465,594.5,260.5,0.989
3466,572.5,266.5,0.998
3467,554.5,278.5,0.998
3468,532.5,292.5,0.994
3469,514.5,304.5,0.997
3470,500.5,288.5,0.996
3471,486.5,268.5,0.999
3472,474.5,250.5,0.998
3473,462.5,234.5,0.998
3474,452.5,224.5,0.998
3475,440.5,212.5,0.991
3476,430.5,204.5,0.995
3477,422.5,200.5,0.998
3478,412.5,200.5,0.999
3479,1020.5,228.5,0.855
3480,430.5,190.5,0.997
3481,448.5,186.5,0.996
3482,476.5,180.5,0.996
3483,500.5,176.5,0.995
3484,534.5,176.5,0.996
3485,560.5,180.5,0.996
3486,586.5,184.5,0.994
3487,616.5,192.5,0.991
3488,640.5,200.5,0.996
3489,672.5,216.5,0.998
3490,696.5,230.5,0.997
3491,724.5,248.5,0.995
3492,752.5,270.5,0.999
3493,776.5,292.5,0.996
3494,808.5,320.5,0.991
3495,818.5,348.5,0.997
3496,846.5,346.5,0.981
3497,882.5,322.5,0.998
3498,896.5,314.5,0.992
3503,830.5,260.5,0.987
3504,770.5,256.5,0.991
3505,684.5,252.5,0.987
3506,586.5,252.5,0.99
3507,478.5,260.5,0.989
3508,910.5,420.5,0.988
3509,292.5,162.5,0.99
3510,892.5,434.5,0.885
3511,888.5,438.5,0.99
3512,204.5,224.5,0.922
3513,164.5,208.5,0.994
3514,886.5,448.5,0.989
3515,96.5,194.5,0.981
3516,68.5,190.5,0.99
3517,884.5,480.5,0.978
3518,16.5,186.5,0.987
3519,26.5,186.5,0.993
3520,34.5,190.5,0.995
3521,40.5,194.5,0.991
3522,48.5,200.5,0.993
3523,58.5,212.5,0.993
3524,66.5,224.5,0.998
3525,76.5,236.5,0.997
3526,86.5,254.5,0.997
3527,98.5,274.5,0.995
3528,108.5,294.5,0.998
3529,122.5,322.5,0.992
3530,132.5,350.5,0.996
3531,148.5,382.5,0.981
3532,162.5,418.5,0.983
3533,176.5,450.5,0.987
3534,188.5,484.5,0.982
3535,206.5,520.5,0.99
3540,956.5,600.5,0.978
3545,370.5,600.5,0.998
3546,380.5,606.5,0.997
3547,392.5,610.5,0.997
3548,406.5,618.5,0.998
3554,352.5,228.5,0.989
3556,360.5,232.5,0.62
3557,362.5,228.5,0.963
3566,552.5,642.5,0.69
3567,556.5,642.5,0.994
3568,562.5,644.5,0.99
3569,570.5,644.5,0.992
3570,576.5,644.5,0.994
3571,582.5,644.5,0.993
3572,590.5,644.5,0.994
3573,596.5,644.5,0.995
3574,602.5,644.5,0.994
3575,606.5,646.5,0.992
3576,614.5,648.5,0.991
3577,620.5,646.5,0.993
3578,626.5,648.5,0.98
3579,630.5,648.5,0.99
3580,636.5,648.5,0.989
3581,642.5,648.5,0.996
3582,646.5,648.5,0.996
3583,652.5,648.5,0.996
3584,656.5,650.5,0.994
3585,662.5,650.5,0.996
3586,666.5,648.5,0.997
3587,668.5,646.5,0.998
3588,670.5,646.5,0.998
3589,672.5,646.5,0.996
3591,262.5,210.5,0.99
3592,664.5,626.5,0.834
3593,234.5,206.5,0.989
3594,652.5,600.5,0.845
3595,628.5,574.5,0.636
3597,244.5,196.5,0.992
3601,546.5,328.5,0.99
3602,552.5,282.5,0.735
3603,570.5,214.5,0.924
3604,582.5,168.5,0.954
3606,602.5,88.5,0.96
3607,612.5,54.5,0.985
3608,626.5,14.5,0.698
3610,298.5,216.5,0.966
3615,690.5,220.5,0.959
3617,702.5,680.5,0.85
3619,674.5,414.5,0.79
3620,578.5,138.5,0.73
3622,778.5,266.5,0.994
3623,734.5,32.5,0.998
3624,790.5,238.5,0.992
3625,744.5,82.5,0.993
3626,748.5,112.5,0.907
3627,752.5,140.5,0.901
3630,754.5,166.5,0.985
3631,710.5,196.5,0.99
3632,680.5,196.5,0.992
3633,646.5,198.5,0.994
3634,624.5,202.5,0.995
3635,602.5,210.5,0.995
3636,576.5,220.5,0.995
3637,556.5,230.5,0.996
3638,540.5,242.5,0.996
3639,516.5,260.5,0.997
3640,498.5,276.5,0.994
3641,482.5,262.5,0.999
3642,466.5,242.5,0.998
3643,448.5,228.5,0.997
3644,432.5,212.5,0.995
3645,414.5,202.5,0.996
3646,404.5,196.5,0.996
3647,390.5,190.5,0.995
3648,374.5,188.5,0.993
3649,346.5,202.5,0.987
3650,348.5,192.5,0.99
3651,340.5,204.5,0.995
3652,328.5,204.5,0.994
3653,318.5,198.5,0.991
3654,314.5,190.5,0.996
3655,608.5,248.5,0.992
3657,562.5,254.5,0.593
3658,548.5,252.5,0.987
3660,292.5,192.5,0.87
3666,302.5,184.5,0.963
3672,698.5,712.5,0.532
3675,298.5,182.5,0.871
3676,288.5,168.5,0.982
3677,292.5,174.5,0.983
3678,286.5,160.5,0.944
3679,278.5,144.5,0.831
3699,300.5,162.5,0.667
3700,306.5,176.5,0.596
3701,316.5,186.5,0.951
3702,322.5,198.5,0.727
3703,332.5,208.5,0.981
3704,338.5,216.5,0.944
3715,568.5,516.5,0.766
3717,610.5,502.5,0.956
3718,628.5,500.5,0.813
3720,344.5,228.5,0.848
3721,338.5,230.5,0.874
3722,334.5,230.5,0.996
3723,332.5,232.5,0.99
3724,328.5,234.5,0.994
3725,754.5,470.5,0.985
3726,316.5,238.5,0.986
3727,310.5,242.5,0.978
3729,298.5,242.5,0.993
3730,292.5,244.5,0.988
3731,292.5,246.5,0.995
3732,286.5,246.5,0.997
3733,284.5,248.5,0.995
3734,282.5,250.5,0.996
3735,278.5,252.5,0.997
3736,276.5,252.5,0.997
3737,274.5,254.5,0.998
3738,274.5,256.5,0.998
3739,272.5,256.5,0.997
3740,272.5,260.5,0.998
3741,274.5,262.5,0.998
3742,274.5,268.5,0.995
3743,274.5,270.5,0.994
3744,276.5,272.5,0.957
3745,276.5,272.5,0.975
3746,274.5,264.5,0.981
3747,268.5,256.5,0.993
3748,266.5,242.5,0.983
3749,262.5,226.5,0.993
3750,258.5,208.5,0.993
3751,252.5,192.5,0.996
3752,250.5,180.5,0.993
3753,246.5,174.5,0.994
3754,246.5,166.5,0.997
3755,244.5,160.5,0.999
3756,244.5,160.5,0.992
3757,242.5,158.5,0.996
3758,242.5,162.5,0.995
3759,242.5,168.5,0.998
3760,242.5,176.5,0.998
3761,242.5,186.5,0.994
3762,250.5,202.5,0.994
3763,238.5,222.5,0.996
3764,250.5,232.5,0.986
3765,324.5,248.5,0.805
3767,384.5,286.5,0.741
3768,434.5,276.5,0.993
3769,468.5,266.5,0.997
3770,500.5,260.5,0.982
3771,548.5,258.5,0.99
3772,584.5,262.5,0.746
3773,636.5,270.5,0.997
3774,676.5,278.5,0.995
3775,700.5,284.5,0.988
3776,746.5,298.5,0.99
3777,784.5,316.5,0.789
3778,816.5,328.5,0.98
3779,856.5,358.5,0.996
3780,894.5,356.5,0.997
3781,930.5,344.5,0.968
3782,972.5,338.5,0.986
3783,1000.5,336.5,0.994
3784,1020.5,330.5,0.971
3785,984.5,306.5,0.944
3786,938.5,276.5,0.999
3787,898.5,258.5,0.999
3788,860.5,242.5,0.998
3789,826.5,228.5,0.998
3790,786.5,220.5,0.997
3791,754.5,214.5,0.996
3792,722.5,212.5,0.995
3793,686.5,212.5,0.993
3794,670.5,214.5,0.992
3795,632.5,220.5,0.991
3796,604.5,228.5,0.997
3797,580.5,238.5,0.992
3798,562.5,246.5,0.994
3799,538.5,258.5,0.998
3800,516.5,274.5,0.993
3801,494.5,266.5,0.996
3802,494.5,266.5,0.991
3803,446.5,216.5,0.992
3804,448.5,218.5,0.993
3805,434.5,206.5,0.996
3806,354.5,202.5,0.996
3807,378.5,204.5,0.982
3808,464.5,204.5,0.858
3809,508.5,214.5,0.996
3810,548.5,228.5,0.998
3811,594.5,246.5,0.999
3812,636.5,266.5,0.998
3813,684.5,286.5,0.995
3814,714.5,306.5,0.996
3815,764.5,344.5,0.997
3816,808.5,378.5,0.521
3817,852.5,400.5,0.994
3818,902.5,396.5,0.996
3819,938.5,402.5,0.997
3820,992.5,408.5,0.994
3821,1010.5,386.5,0.946
3822,980.5,364.5,0.983
3823,924.5,310.5,0.991
3824,868.5,266.5,0.997
3825,830.5,240.5,0.999
3826,786.5,210.5,0.998
3827,748.5,190.5,0.998
3828,712.5,170.5,0.997
3829,676.5,158.5,0.993
3830,642.5,146.5,0.997
3831,612.5,140.5,0.993
3832,582.5,136.5,0.992
3833,558.5,138.5,0.997
3834,530.5,140.5,0.995
3835,510.5,146.5,0.995
3836,492.5,152.5,0.996
3837,474.5,164.5,0.997
3838,458.5,176.5,0.997
3839,442.5,188.5,0.997
3840,430.5,200.5,0.997
3841,418.5,216.5,0.998
3842,406.5,234.5,0.997
3843,396.5,256.5,0.988
3844,386.5,256.5,0.994
3845,378.5,236.5,0.997
3846,366.5,214.5,0.998
3847,358.5,194.5,0.998
3848,350.5,178.5,0.996
3849,344.5,164.5,0.994
3850,334.5,152.5,0.996
3851,326.5,142.5,0.997
3852,322.5,138.5,0.998
3853,316.5,132.5,0.996
3856,394.5,166.5,0.988
3857,430.5,184.5,0.998
3858,472.5,204.5,0.993
3859,508.5,228.5,0.995
3864,592.5,292.5,0.991
3867,572.5,282.5,0.984
3868,566.5,284.5,0.998
3869,562.5,278.5,0.998
3870,556.5,276.5,0.999
3871,552.5,272.5,0.999
3872,546.5,272.5,0.992
3873,540.5,272.5,0.99
3874,536.5,266.5,0.999
3875,530.5,262.5,0.998
3876,524.5,258.5,0.997
3877,518.5,260.5,0.997
3878,514.5,258.5,0.998
3879,508.5,254.5,0.997
3880,506.5,252.5,0.996
3881,500.5,252.5,0.997
3882,496.5,248.5,0.996
3883,492.5,244.5,0.994
3884,488.5,244.5,0.994
3885,482.5,244.5,0.995
3886,478.5,242.5,0.994
3887,474.5,234.5,0.996
3888,470.5,236.5,0.995
3889,466.5,236.5,0.987
3890,464.5,232.5,0.996
3891,460.5,230.5,0.989
3892,456.5,230.5,0.997
3893,450.5,226.5,0.996
3894,448.5,228.5,0.983
3895,450.5,228.5,0.93
3896,434.5,222.5,0.994
3897,412.5,218.5,0.985
3898,378.5,212.5,0.997
3899,348.5,194.5,0.994
3900,324.5,180.5,0.986
3901,308.5,166.5,0.962
3906,294.5,160.5,0.993
3907,298.5,166.5,0.991
3908,304.5,178.5,0.993
3909,310.5,190.5,0.995
3910,318.5,200.5,0.993
3911,330.5,218.5,0.995
3912,340.5,222.5,0.991
3920,434.5,200.5,0.591
3922,438.5,194.5,0.969
3926,434.5,194.5,0.678
3927,426.5,198.5,0.994
3928,420.5,204.5,0.995
3929,412.5,208.5,0.899
3930,406.5,208.5,0.99
3931,394.5,212.5,0.661
3932,384.5,216.5,0.909
3933,372.5,218.5,0.95
3949,370.5,218.5,0.987
3950,366.5,216.5,0.989
3951,364.5,216.5,0.991
3952,358.5,218.5,0.993
3953,356.5,218.5,0.994
3954,348.5,218.5,0.984
3958,614.5,544.5,0.982
3966,360.5,218.5,0.941
3969,362.5,200.5,0.994
3970,360.5,192.5,0.975
3971,360.5,176.5,0.995
3972,360.5,156.5,0.997
3973,360.5,140.5,0.994
3974,356.5,120.5,0.988
3976,354.5,90.5,0.931
3978,358.5,82.5,0.642
3979,356.5,80.5,0.868
3980,970.5,538.5,0.502
3981,364.5,84.5,0.892
3982,366.5,94.5,0.988
3984,398.5,122.5,0.979
3986,434.5,154.5,0.996
3987,458.5,178.5,0.995
3988,478.5,198.5,0.989
3989,500.5,226.5,0.998
3990,520.5,250.5,0.997
3991,538.5,234.5,0.996
3992,550.5,218.5,0.997
3993,562.5,202.5,0.996
3994,574.5,190.5,0.996
3995,590.5,178.5,0.997
3996,604.5,170.5,0.995
3997,618.5,164.5,0.997
3998,632.5,160.5,0.998
3999,644.5,160.5,0.998
4000,660.5,162.5,0.995
4001,676.5,166.5,0.998
4002,690.5,174.5,0.997
4003,704.5,184.5,0.997
4004,718.5,196.5,0.995
4005,732.5,214.5,0.993
4006,744.5,228.5,0.993
4007,760.5,252.5,0.995
4008,766.5,266.5,0.996
4009,780.5,292.5,0.993
4010,784.5,320.5,0.99
4011,810.5,304.5,0.997
4012,820.5,294.5,0.999
4013,838.5,276.5,0.996
4014,850.5,266.5,0.997
4015,866.5,258.5,0.999
4016,880.5,252.5,0.997
4017,896.5,248.5,0.997
4018,912.5,246.5,0.998
4019,866.5,384.5,0.747
4022,920.5,268.5,0.995
4023,924.5,280.5,0.992
4024,926.5,296.5,0.986
4029,962.5,328.5,0.995
4030,970.5,324.5,0.993
4031,1100.5,368.5,0.986
4032,1106.5,360.5,0.958
4035,174.5,362.5,0.952
4038,1190.5,244.5,0.619
4054,892.5,318.5,0.997
4055,848.5,330.5,0.984
4056,814.5,302.5,0.998
4057,784.5,284.5,0.998
4058,752.5,262.5,0.999
4059,726.5,248.5,0.996
4060,694.5,236.5,0.994
4061,674.5,228.5,0.998
4062,640.5,220.5,0.995
4063,620.5,216.5,0.992
4064,596.5,216.5,0.989
4065,574.5,218.5,0.991
4066,556.5,224.5,0.994
4067,542.5,228.5,0.994
4068,528.5,234.5,0.993
4069,508.5,234.5,0.997
4070,498.5,222.5,0.997
4071,486.5,208.5,0.994
4072,472.5,196.5,0.995
4073,458.5,186.5,0.988
4074,454.5,182.5,0.997
4075,466.5,176.5,0.995
4076,480.5,172.5,0.994
4077,498.5,170.5,0.997
4078,512.5,170.5,0.995
4079,530.5,172.5,0.995
4080,546.5,178.5,0.997
4081,562.5,186.5,0.996
4082,578.5,196.5,0.996
4083,596.5,210.5,0.996
4084,614.5,228.5,0.996
4085,628.5,246.5,0.994
4086,642.5,266.5,0.998
4087,662.5,292.5,0.966
4088,678.5,320.5,0.995
4089,694.5,352.5,0.991
4090,352.5,170.5,0.995
4091,724.5,348.5,0.997
4092,738.5,340.5,0.997
4093,756.5,336.5,0.999
4094,770.5,334.5,0.996
4095,786.5,336.5,0.996
4096,802.5,340.5,0.994
4097,814.5,346.5,0.997
4098,826.5,352.5,0.995
4099,782.5,304.5,0.574
4100,754.5,270.5,0.996
4101,714.5,230.5,0.993
4102,682.5,198.5,0.997
4103,642.5,166.5,0.996
4104,618.5,150.5,0.998
4105,590.5,134.5,0.996
4106,568.5,122.5,0.994
4107,546.5,114.5,0.997
4108,522.5,108.5,0.992
4109,502.5,108.5,0.992
4110,488.5,108.5,0.997
4111,472.5,114.5,0.996
4112,474.5,114.5,0.996
4113,458.5,120.5,0.995
4114,446.5,128.5,0.996
4115,434.5,138.5,0.995
4116,426.5,148.5,0.994
4117,418.5,164.5,0.995
4118,410.5,178.5,0.999
4119,402.5,194.5,0.998
4120,396.5,206.5,0.991
4121,392.5,228.5,0.995
4127,306.5,202.5,0.788
4128,1210.5,386.5,0.99
4129,1212.5,382.5,0.91
4137,340.5,228.5,0.801
4156,350.5,126.5,0.975
4158,378.5,136.5,0.982
4159,378.5,146.5,0.99
4160,402.5,158.5,0.984
4161,428.5,174.5,0.997
4162,448.5,194.5,0.998
4163,466.5,218.5,0.998
4164,478.5,234.5,0.995
4165,494.5,258.5,0.997
4166,514.5,260.5,0.998
4167,530.5,250.5,0.999
4168,546.5,242.5,0.997
4169,560.5,238.5,0.993
4170,576.5,234.5,0.993
4171,592.5,234.5,0.994
4172,610.5,236.5,0.994
4173,628.5,242.5,0.999
4174,642.5,248.5,0.994
4175,658.5,258.5,0.995
4176,676.5,272.5,0.996
4177,690.5,286.5,0.996
4178,712.5,306.5,0.994
4179,722.5,326.5,0.994
4180,740.5,354.5,0.992
4181,760.5,362.5,0.996
4182,774.5,350.5,0.999
4183,788.5,340.5,0.997
4184,806.5,334.5,0.998
4185,820.5,330.5,0.997
4186,834.5,330.5,0.998
4187,850.5,334.5,0.998
4188,864.5,338.5,0.997
4189,880.5,350.5,0.995
4190,892.5,360.5,0.998
4191,908.5,378.5,0.996
4193,924.5,402.5,0.998
4194,926.5,404.5,0.999
4195,930.5,404.5,0.996
4196,932.5,406.5,0.998
4197,940.5,412.5,0.994
4198,946.5,416.5,0.996
4199,952.5,424.5,0.991
4200,958.5,432.5,0.993
4201,966.5,438.5,0.989
4202,974.5,448.5,0.812
4203,980.5,456.5,0.989
4204,988.5,464.5,0.592
4205,994.5,468.5,0.935
4206,1000.5,476.5,0.979
4207,1004.5,480.5,0.621
4208,1010.5,486.5,0.994
4209,1014.5,490.5,0.994
4210,1016.5,494.5,0.988
4211,1016.5,494.5,0.974
4212,1018.5,498.5,0.996
4213,1020.5,500.5,0.998
4214,1018.5,502.5,0.993
4215,1018.5,506.5,0.995
4216,1014.5,508.5,0.989
4217,1014.5,512.5,0.991
4218,1012.5,514.5,0.992
4219,1008.5,516.5,0.995
4220,1006.5,518.5,0.993
4221,1000.5,520.5,0.99
4223,990.5,520.5,0.986
4224,984.5,520.5,0.989
4226,268.5,346.5,0.546
4228,404.5,228.5,0.553
4230,924.5,462.5,0.94
4231,898.5,410.5,0.858
4237,920.5,286.5,0.834
4238,928.5,276.5,0.987
4239,930.5,270.5,0.998
4240,934.5,262.5,0.995
4241,940.5,260.5,0.997
4242,944.5,262.5,0.997
4243,946.5,274.5,0.998
4244,948.5,282.5,0.996
4245,950.5,298.5,0.995
4246,950.5,316.5,0.995
4247,950.5,332.5,0.985
4248,946.5,358.5,0.997
4249,916.5,478.5,0.99
4250,952.5,420.5,0.984
4252,882.5,426.5,0.882
4253,834.5,416.5,0.991
4254,794.5,406.5,0.985
4255,750.5,404.5,0.996
4256,718.5,396.5,0.992
4257,684.5,358.5,0.991
4258,658.5,336.5,0.995
4259,628.5,314.5,0.995
4260,606.5,300.5,0.994
4261,584.5,292.5,0.995
4262,560.5,280.5,0.997
4263,542.5,276.5,0.995
4264,518.5,276.5,0.984
4265,504.5,276.5,0.996
4266,490.5,278.5,0.998
4267,470.5,284.5,0.995
4268,454.5,274.5,0.997
4269,440.5,258.5,0.997
4270,426.5,244.5,0.998
4271,412.5,238.5,0.996
4272,402.5,232.5,0.96
4273,388.5,228.5,0.993
4274,406.5,222.5,0.626
4275,430.5,220.5,0.987
4276,458.5,218.5,0.99
4277,488.5,218.5,0.994
4278,514.5,220.5,0.987
4279,546.5,226.5,0.998
4280,576.5,236.5,0.995
4281,606.5,246.5,0.997
4282,636.5,260.5,0.996
4283,650.5,270.5,0.961
4284,690.5,290.5,0.996
4285,716.5,310.5,0.995
4286,750.5,340.5,0.994
4287,780.5,358.5,0.998
4288,802.5,346.5,0.997
4289,832.5,338.5,0.999
4290,858.5,338.5,0.998
4291,884.5,338.5,0.998
4292,902.5,326.5,0.997
4293,874.5,310.5,0.997
4294,828.5,278.5,0.994
4295,782.5,256.5,0.998
4296,748.5,242.5,0.997
4297,708.5,226.5,0.997
4298,674.5,218.5,0.997
4299,642.5,210.5,0.996
4300,610.5,206.5,0.997
4301,578.5,204.5,0.994
4302,548.5,206.5,0.993
4303,526.5,210.5,0.997
4304,502.5,212.5,0.993
4305,478.5,220.5,0.995
4306,456.5,232.5,0.996
4307,438.5,240.5,0.998
4308,420.5,248.5,0.998
4309,398.5,264.5,0.989
4310,380.5,248.5,0.997
4311,364.5,228.5,0.998
4312,348.5,214.5,0.992
4313,332.5,202.5,0.995
4314,328.5,194.5,0.994
4315,354.5,190.5,0.996
4316,384.5,190.5,0.996
4317,416.5,190.5,0.998
4318,446.5,192.5,0.998
4319,478.5,196.5,0.997
4320,514.5,206.5,0.997
4321,544.5,214.5,0.996
4322,578.5,228.5,0.999
4323,610.5,242.5,0.998
4324,642.5,258.5,0.999
4325,680.5,282.5,0.993
4326,702.5,298.5,0.996
4327,730.5,316.5,0.974
4328,768.5,344.5,0.998
4329,800.5,334.5,0.991
4330,828.5,326.5,0.999
4331,864.5,320.5,0.998
4332,890.5,320.5,0.998
4333,922.5,320.5,0.992
4334,914.5,302.5,0.984
4335,870.5,274.5,0.999
4336,830.5,250.5,0.999
4337,792.5,232.5,0.999
4338,754.5,216.5,0.998
4339,720.5,206.5,0.997
4340,684.5,196.5,0.998
4341,650.5,188.5,0.996
4342,624.5,186.5,0.995
4343,936.5,248.5,0.995
4344,572.5,188.5,0.991
4345,548.5,194.5,0.992
4346,530.5,196.5,0.993
4347,506.5,206.5,0.993
4348,490.5,212.5,0.993
4349,470.5,226.5,0.998
4350,456.5,236.5,0.994
4351,436.5,244.5,0.997
4352,424.5,228.5,0.996
4353,404.5,206.5,0.995
4354,394.5,192.5,0.993
4355,382.5,180.5,0.992
4356,370.5,170.5,0.987
4357,114.5,176.5,0.558
4359,454.5,190.5,0.991
4360,492.5,202.5,0.997
4361,528.5,218.5,0.994
4362,564.5,236.5,0.997
4363,594.5,252.5,0.995
4364,632.5,274.5,0.998
4365,674.5,304.5,0.996
4366,714.5,330.5,0.997
4367,752.5,326.5,0.997
4368,778.5,326.5,0.995
4369,828.5,330.5,0.997
4370,866.5,338.5,0.996
4371,902.5,342.5,0.997
4372,958.5,358.5,0.994
4373,988.5,372.5,0.995
4374,984.5,358.5,0.979
4375,938.5,320.5,0.993
4376,896.5,284.5,0.997
4377,854.5,254.5,0.998
4378,818.5,230.5,0.997
4379,782.5,212.5,0.998
4380,748.5,196.5,0.997
4381,716.5,182.5,0.997
4382,686.5,172.5,0.995
4383,660.5,170.5,0.978
4384,636.5,164.5,0.989
4385,608.5,166.5,0.991
4386,586.5,168.5,0.993
4387,564.5,172.5,0.99
4388,546.5,180.5,0.996
4389,532.5,186.5,0.997
4390,514.5,198.5,0.969
4391,502.5,210.5,0.998
4392,488.5,222.5,0.996
4393,476.5,234.5,0.996
4394,462.5,246.5,0.995
4395,456.5,234.5,0.995
4396,440.5,210.5,0.994
4397,436.5,194.5,0.999
4398,424.5,180.5,0.996
4399,412.5,166.5,0.988
4400,406.5,156.5,0.997
4401,396.5,148.5,0.996
4402,390.5,144.5,0.996
4403,408.5,146.5,0.995
4404,428.5,150.5,0.984
4405,456.5,156.5,0.991
4406,480.5,164.5,0.995
4407,506.5,174.5,0.997
4408,532.5,188.5,0.996
4409,564.5,208.5,0.998
4410,592.5,228.5,0.998
4411,618.5,248.5,0.995
4412,638.5,268.5,0.999
4413,672.5,300.5,0.992
4414,702.5,334.5,0.992
4415,724.5,354.5,0.997
4416,754.5,344.5,0.998
4417,780.5,340.5,0.997
4418,808.5,336.5,0.997
4419,836.5,334.5,0.999
4420,868.5,338.5,0.998
4421,898.5,344.5,0.998
4422,926.5,354.5,0.995
4423,958.5,370.5,0.998
4424,988.5,382.5,0.978
4425,924.5,328.5,0.993
4426,868.5,286.5,0.755
4427,822.5,254.5,0.998
4428,780.5,228.5,0.998
4429,738.5,206.5,0.998
4430,702.5,190.5,0.998
4431,674.5,178.5,0.999
4432,634.5,168.5,0.994
4433,602.5,164.5,0.992
4434,574.5,160.5,0.993
4435,548.5,162.5,0.991
4436,526.5,164.5,0.995
4437,502.5,170.5,0.995
4438,486.5,178.5,0.998
4439,466.5,186.5,0.998
4440,450.5,196.5,0.997
4441,438.5,210.5,0.996
4442,424.5,224.5,0.997
4443,410.5,238.5,0.997
4444,400.5,236.5,0.997
4445,386.5,210.5,0.998
4446,378.5,192.5,0.996
4447,364.5,172.5,0.993
4448,356.5,162.5,0.786
4449,346.5,148.5,0.992
4450,338.5,136.5,0.99
4452,394.5,146.5,0.51
4453,434.5,150.5,0.995
4454,476.5,162.5,0.996
4455,524.5,176.5,0.997
4456,562.5,190.5,0.997
4457,606.5,206.5,0.997
4458,644.5,222.5,0.998
4459,686.5,244.5,0.998
4460,732.5,268.5,0.999
4461,770.5,292.5,0.997
4462,820.5,308.5,0.996
4463,852.5,304.5,0.999
4464,896.5,300.5,0.997
4465,940.5,296.5,0.996
4466,996.5,300.5,0.997
4467,1022.5,306.5,0.997
4468,1068.5,310.5,0.975
4469,1108.5,322.5,0.994
4470,1152.5,334.5,0.997
4472,1144.5,324.5,0.997
4473,1096.5,302.5,0.924
4474,998.5,266.5,0.993
4475,956.5,254.5,0.994
4476,906.5,242.5,0.998
4477,850.5,234.5,0.997
4478,802.5,228.5,0.995
4479,764.5,228.5,0.999
4480,720.5,232.5,0.997
4481,682.5,236.5,0.999
4482,640.5,244.5,0.997
4483,612.5,252.5,0.99
4484,578.5,264.5,0.997
4485,554.5,276.5,0.997
4486,538.5,262.5,0.991
4487,504.5,238.5,0.992
4488,484.5,224.5,0.999
4489,466.5,210.5,0.995
4490,444.5,196.5,0.996
4491,422.5,190.5,0.996
4492,408.5,186.5,0.994
4493,390.5,182.5,0.992
4494,374.5,180.5,0.988
4495,380.5,174.5,0.996
4496,396.5,160.5,0.994
4497,418.5,148.5,0.996
4498,446.5,138.5,0.996
4499,466.5,130.5,0.992
4500,494.5,128.5,0.991
4501,516.5,126.5,0.992
4502,544.5,128.5,0.992
4503,564.5,132.5,0.995
4504,594.5,140.5,0.994
4505,620.5,150.5,0.996
4506,644.5,162.5,0.998
4507,674.5,182.5,0.998
4508,696.5,198.5,0.998
4509,724.5,224.5,0.998
4510,746.5,246.5,0.992
4511,768.5,274.5,0.996
4512,788.5,296.5,0.997
4513,812.5,330.5,0.991
4514,836.5,368.5,0.998
4515,854.5,354.5,0.995
4516,890.5,328.5,0.998
4517,902.5,320.5,0.998
4518,930.5,304.5,0.998
4519,948.5,294.5,0.996
4520,976.5,288.5,0.686
4521,998.5,280.5,0.997
4522,1026.5,280.5,0.99
4523,1042.5,282.5,0.986
4524,1066.5,290.5,0.991
4525,1086.5,298.5,0.991
4526,1108.5,312.5,0.991
4527,1122.5,326.5,0.989
4530,766.5,256.5,0.997
4531,654.5,236.5,0.991
4532,564.5,228.5,0.986
4533,498.5,222.5,0.995
4534,434.5,222.5,0.997
4535,376.5,222.5,0.998
4536,324.5,226.5,0.996
4537,284.5,232.5,0.989
4538,236.5,248.5,0.856
4539,210.5,252.5,0.987
4540,180.5,266.5,0.954
4541,164.5,282.5,0.757
4542,138.5,296.5,0.525
4543,166.5,320.5,0.987
4544,178.5,336.5,0.994
4545,196.5,358.5,0.991
4546,216.5,386.5,0.956
4548,228.5,386.5,0.98
4549,236.5,386.5,0.993
4550,246.5,390.5,0.996
4551,254.5,394.5,0.994
4552,266.5,404.5,0.995
4553,276.5,414.5,0.998
4554,286.5,426.5,0.998
4555,300.5,440.5,0.999
4556,310.5,460.5,0.998
4557,326.5,480.5,0.998
4558,336.5,486.5,0.996
4559,346.5,492.5,0.996
4560,358.5,500.5,0.997
4561,368.5,510.5,0.996
4562,380.5,522.5,0.997
4563,390.5,536.5,0.997
4564,402.5,548.5,0.996
4565,414.5,554.5,0.998
4566,428.5,564.5,0.994
4567,440.5,576.5,0.998
4568,452.5,588.5,0.994
4570,1086.5,526.5,0.985
4571,1072.5,520.5,0.993
4574,368.5,216.5,0.525
4575,550.5,674.5,0.998
4576,568.5,688.5,0.997
4577,582.5,702.5,0.993
4578,600.5,714.5,0.993
4605,1006.5,712.5,0.988
4606,1014.5,682.5,0.994
4607,1016.5,642.5,0.991
4608,1018.5,606.5,0.985
4609,1016.5,576.5,0.993
4610,1018.5,552.5,0.996
4611,1018.5,532.5,0.984
4612,1014.5,518.5,0.989
4613,1006.5,508.5,0.991
4614,1006.5,502.5,0.996
4615,996.5,502.5,0.992
4616,990.5,510.5,0.995
4617,1132.5,606.5,0.973
4629,1144.5,350.5,0.512
4643,1024.5,352.5,0.955
4644,1012.5,338.5,0.766
4648,852.5,302.5,0.901
4649,816.5,308.5,0.997
4650,778.5,318.5,0.997
4651,746.5,326.5,0.998
4652,708.5,342.5,0.997
4653,690.5,360.5,0.991
4654,658.5,378.5,0.997
4655,638.5,388.5,0.995
4656,624.5,354.5,0.98
4657,610.5,324.5,0.99
4658,594.5,294.5,0.993
4659,580.5,264.5,0.988
4660,564.5,242.5,0.998
4661,554.5,226.5,0.996
4662,542.5,214.5,0.996
4663,532.5,206.5,0.997
4664,520.5,198.5,0.995
4665,510.5,196.5,0.995
4666,502.5,194.5,0.997
4667,492.5,198.5,0.996
4668,484.5,202.5,0.999
4669,478.5,210.5,0.998
4670,470.5,218.5,0.998
4671,466.5,228.5,0.998
4672,458.5,242.5,0.998
4673,454.5,260.5,0.996
4674,446.5,266.5,0.996
4675,442.5,248.5,0.997
4676,436.5,234.5,0.998
4677,428.5,214.5,0.994
4678,422.5,200.5,0.997
4679,418.5,188.5,0.994
4680,410.5,178.5,0.991
4682,404.5,170.5,0.851
4683,404.5,188.5,0.985
4684,400.5,202.5,0.988
4685,398.5,210.5,0.855
4691,366.5,228.5,0.99
4694,352.5,342.5,0.862
4695,356.5,338.5,0.765
4696,328.5,246.5,0.982
4697,318.5,246.5,0.991
4698,312.5,246.5,0.993
4700,300.5,250.5,0.991
4701,292.5,254.5,0.993
4702,288.5,256.5,0.996
4703,284.5,258.5,0.996
4704,282.5,262.5,0.997
4705,282.5,264.5,0.996
4706,280.5,268.5,0.996
4707,280.5,272.5,0.996
4708,282.5,272.5,0.991
4709,278.5,272.5,0.996
4710,276.5,264.5,0.985
4711,270.5,250.5,0.991
4712,264.5,236.5,0.996
4713,262.5,222.5,0.996
4714,254.5,204.5,0.614
4716,250.5,184.5,0.989
4718,244.5,172.5,0.994
4719,240.5,170.5,0.992
4720,238.5,170.5,0.998
4721,236.5,176.5,0.998
4722,236.5,180.5,0.998
4723,234.5,188.5,0.993
4724,234.5,198.5,0.997
4725,234.5,210.5,0.996
4726,234.5,226.5,0.998
4727,252.5,242.5,0.996
4728,316.5,268.5,0.998
4729,366.5,272.5,0.992
4730,402.5,260.5,0.985
4731,446.5,256.5,0.996
4732,490.5,250.5,0.993
4733,532.5,248.5,0.995
4734,574.5,250.5,0.992
4735,612.5,256.5,0.999
4736,656.5,260.5,0.992
4737,700.5,274.5,0.998
4738,746.5,288.5,0.999
4739,772.5,296.5,0.998
4740,826.5,322.5,0.993
4741,854.5,342.5,0.993
4742,900.5,356.5,0.997
4743,948.5,338.5,0.991
4744,976.5,334.5,0.997
4745,1010.5,328.5,0.994
4746,1044.5,326.5,0.967
4747,1026.5,300.5,0.987
4748,996.5,272.5,0.999
4749,954.5,244.5,0.997
4750,922.5,226.5,0.998
4751,886.5,208.5,0.996
4752,854.5,196.5,0.99
4753,822.5,188.5,0.996
4754,788.5,180.5,0.991
4755,756.5,180.5,0.995
4756,730.5,180.5,0.991
4757,694.5,182.5,0.993
4758,672.5,186.5,0.996
4759,638.5,198.5,0.996
4760,614.5,208.5,0.994
4761,588.5,222.5,0.998
4762,566.5,236.5,0.993
4763,546.5,250.5,0.998
4764,522.5,270.5,0.992
4765,504.5,288.5,0.987
4766,488.5,300.5,0.976
4767,472.5,280.5,0.993
4768,456.5,258.5,0.998
4769,440.5,240.5,0.999
4770,426.5,228.5,0.997
4771,412.5,214.5,0.992
4772,400.5,208.5,0.974
4773,382.5,200.5,0.992
4774,374.5,198.5,0.993
4775,360.5,196.5,0.993
4776,348.5,198.5,0.996
4777,338.5,204.5,0.993
4779,336.5,214.5,0.995
4780,386.5,206.5,0.992
4781,430.5,202.5,0.992
4782,470.5,198.5,0.995
4783,522.5,206.5,0.999
4784,564.5,210.5,0.997
4785,612.5,222.5,0.998
4786,652.5,230.5,0.991
4787,700.5,248.5,0.996
4788,740.5,266.5,0.998
4789,784.5,290.5,0.998
4790,818.5,308.5,0.998
4791,834.5,372.5,0.992
4792,894.5,366.5,0.997
4793,934.5,352.5,0.985
4794,988.5,334.5,0.998
4795,1022.5,326.5,0.997
4796,1066.5,318.5,0.989
4797,1108.5,308.5,0.996
4798,1152.5,306.5,0.999
4799,1186.5,306.5,0.997
4800,1228.5,308.5,0.905
4801,1176.5,276.5,0.997
4802,1092.5,226.5,0.994
4803,1060.5,216.5,0.988
4807,840.5,146.5,0.994
4808,794.5,140.5,0.997
4809,752.5,138.5,0.997
4810,710.5,140.5,0.995
4811,676.5,142.5,0.995
4812,636.5,150.5,0.997
4813,602.5,160.5,0.998
4814,572.5,170.5,0.997
4815,540.5,184.5,0.998
4816,516.5,196.5,0.994
4817,492.5,214.5,0.997
4818,466.5,230.5,0.998
4819,450.5,246.5,0.998
4820,432.5,256.5,0.989
4821,410.5,228.5,0.998
4822,398.5,210.5,0.997
4823,380.5,188.5,0.992
4824,366.5,170.5,0.99
4825,354.5,160.5,0.988
4826,342.5,146.5,0.899
4827,330.5,140.5,0.994
4828,318.5,132.5,0.981
4829,306.5,130.5,0.986
4830,294.5,132.5,0.991
4831,306.5,318.5,0.66
4835,432.5,158.5,0.99
4836,464.5,170.5,0.995
4837,514.5,188.5,0.995
4838,564.5,212.5,0.998
4839,612.5,236.5,0.996
4840,652.5,260.5,0.993
4842,742.5,324.5,0.991
4843,806.5,340.5,0.987
4844,820.5,378.5,0.986
4845,910.5,324.5,0.999
4846,962.5,322.5,0.997
4847,1026.5,322.5,0.985
4848,1076.5,324.5,0.994
4849,1140.5,332.5,0.991
4850,1190.5,340.5,0.979
4851,1246.5,356.5,0.995
4854,1258.5,306.5,0.919
4855,1220.5,270.5,0.993
4856,1172.5,232.5,0.995
4857,1126.5,194.5,0.996
4861,952.5,120.5,0.556
4863,854.5,94.5,0.996
4864,814.5,92.5,0.995
4865,780.5,94.5,0.997
4866,748.5,98.5,0.998
4867,716.5,106.5,0.995
4868,684.5,116.5,0.998
4869,650.5,130.5,0.998
4870,628.5,142.5,0.991
4871,602.5,158.5,0.998
4872,582.5,174.5,0.995
4873,560.5,192.5,0.997
4874,538.5,212.5,0.998
4875,522.5,230.5,0.993
4876,502.5,252.5,0.997
4877,484.5,272.5,0.998
4878,474.5,254.5,0.993
4879,460.5,228.5,0.995
4880,450.5,210.5,0.993
4881,438.5,188.5,0.992
4882,426.5,170.5,0.998
4883,414.5,154.5,0.997
4884,406.5,144.5,0.997
4885,396.5,136.5,0.996
4886,386.5,130.5,0.991
4887,378.5,126.5,0.994
4888,368.5,126.5,0.991
4889,358.5,126.5,0.995
4890,354.5,132.5,0.989
4891,344.5,138.5,0.997
4892,340.5,146.5,0.995
4894,378.5,126.5,0.776
4895,434.5,158.5,0.996
4896,476.5,164.5,0.985
4897,508.5,178.5,0.996
4898,544.5,192.5,0.998
4899,578.5,208.5,0.998
4900,618.5,230.5,0.998
4901,644.5,244.5,0.997
4902,680.5,270.5,0.996
4903,724.5,306.5,0.988
4904,752.5,336.5,0.996
4905,768.5,350.5,0.995
4906,830.5,308.5,0.998
4907,868.5,302.5,0.997
4908,910.5,292.5,0.998
4909,946.5,290.5,0.995
4910,994.5,290.5,0.992
4911,1036.5,292.5,0.996
4912,1074.5,300.5,0.997
4913,1114.5,310.5,0.996
4914,1152.5,324.5,0.998
4915,1192.5,344.5,0.995
4916,1226.5,364.5,0.988
4917,1238.5,360.5,0.987
4918,1208.5,326.5,0.994
4919,1168.5,288.5,0.995
4920,1134.5,258.5,0.995
4921,1082.5,216.5,0.992
4922,1052.5,192.5,0.999
4925,924.5,130.5,0.986
4926,896.5,122.5,0.995
4927,850.5,116.5,0.986
4928,830.5,116.5,0.989
4929,796.5,114.5,0.997
4930,762.5,118.5,0.997
4931,732.5,124.5,0.996
4932,706.5,134.5,0.995
4933,682.5,144.5,0.998
4934,660.5,156.5,0.801
4935,638.5,170.5,0.998
4936,616.5,186.5,0.994
4937,596.5,204.5,0.995
4938,578.5,222.5,0.996
4939,564.5,236.5,0.995
4940,542.5,258.5,0.997
4941,530.5,246.5,0.995
4942,518.5,224.5,0.996
4943,510.5,206.5,0.998
4944,496.5,186.5,0.998
4945,484.5,170.5,0.998
4946,474.5,156.5,0.997
4947,462.5,146.5,0.995
4948,452.5,140.5,0.997
4949,442.5,132.5,0.996
4950,434.5,132.5,0.998
4952,494.5,176.5,0.997
4953,530.5,206.5,0.997
4954,558.5,232.5,0.995
4955,580.5,252.5,0.995
4956,620.5,300.5,0.979
4958,688.5,384.5,0.995
4959,718.5,382.5,0.994
4960,754.5,382.5,0.995
4961,794.5,388.5,0.99
4962,830.5,398.5,0.994
4963,866.5,408.5,0.982
4964,922.5,436.5,0.994
4965,954.5,452.5,0.994
4966,1002.5,482.5,0.993
4967,938.5,396.5,0.846
4968,898.5,346.5,0.99
4969,868.5,316.5,0.986
4970,870.5,318.5,0.99
4971,814.5,260.5,0.995
4972,772.5,226.5,0.999
4973,734.5,196.5,0.996
4974,702.5,172.5,0.997
4975,674.5,158.5,0.997
4976,642.5,142.5,0.996
4977,618.5,136.5,0.991
4978,592.5,134.5,0.991
4979,572.5,134.5,0.992
4980,556.5,138.5,0.996
4981,538.5,146.5,0.997
4982,526.5,154.5,0.998
4983,510.5,168.5,0.996
4984,498.5,182.5,0.998
4985,486.5,198.5,0.997
4986,478.5,218.5,0.997
4987,474.5,232.5,0.999
4988,466.5,252.5,0.993
4989,458.5,270.5,0.997
4990,450.5,282.5,0.998
4991,446.5,258.5,0.967
4992,442.5,234.5,0.998
4993,434.5,210.5,0.996
4994,426.5,186.5,0.999
4995,422.5,170.5,0.997
4996,418.5,154.5,0.997
4997,412.5,142.5,0.998
4998,410.5,132.5,0.996
4999,406.5,126.5,0.997
5000,402.5,120.5,0.998
5001,404.5,120.5,0.994
5003,422.5,126.5,0.992
5004,450.5,132.5,0.994
5005,444.5,134.5,0.991
5006,508.5,150.5,0.998
5007,538.5,166.5,0.995
5008,568.5,182.5,0.997
5009,596.5,202.5,0.997
5010,626.5,224.5,0.999
5011,648.5,242.5,0.997
5012,676.5,270.5,0.997
5013,708.5,306.5,0.988
5014,744.5,346.5,0.989
5015,768.5,370.5,0.995
5016,798.5,358.5,0.997
5017,826.5,348.5,0.997
5018,852.5,340.5,0.998
5019,884.5,336.5,0.999
5020,912.5,332.5,0.996
5021,946.5,334.5,0.997
5022,978.5,340.5,0.987
5023,1010.5,350.5,0.991
5024,1040.5,362.5,0.985
5025,1062.5,370.5,0.994
5026,1018.5,332.5,0.993
5027,948.5,274.5,0.993
5028,912.5,250.5,0.995
5029,866.5,220.5,0.993
5030,826.5,196.5,0.996
5031,784.5,180.5,0.996
5032,750.5,168.5,0.998
5033,714.5,160.5,0.995
5034,678.5,156.5,0.994
5035,642.5,154.5,0.997
5036,620.5,156.5,0.995
5037,592.5,162.5,0.993
5038,572.5,168.5,0.994
5039,546.5,180.5,0.994
5040,530.5,188.5,0.997
5041,508.5,204.5,0.993
5042,490.5,218.5,0.996
5043,476.5,232.5,0.998
5044,460.5,248.5,0.997
5045,448.5,266.5,0.998
5046,434.5,252.5,0.995
5047,422.5,230.5,0.997
5048,408.5,208.5,0.998
5049,398.5,192.5,0.999
5050,386.5,176.5,0.998
5051,378.5,164.5,0.994
5052,366.5,154.5,0.992
5053,358.5,146.5,0.995
5054,352.5,140.5,0.978
5055,370.5,144.5,0.766
5056,400.5,148.5,0.99
5057,436.5,156.5,0.996
5058,476.5,166.5,0.996
5059,506.5,176.5,0.998
5060,546.5,192.5,0.998
5061,588.5,210.5,0.997
5062,626.5,230.5,0.998
5063,674.5,258.5,0.998
5064,698.5,274.5,0.994
5065,740.5,300.5,0.953
5066,778.5,330.5,0.994
5067,828.5,368.5,0.997
5068,860.5,366.5,0.992
5069,908.5,350.5,0.998
5070,962.5,338.5,0.988
5071,994.5,336.5,0.995
5072,1034.5,332.5,0.99
5073,1048.5,320.5,0.854
5074,1002.5,290.5,0.998
5075,946.5,256.5,0.999
5076,908.5,238.5,0.998
5077,862.5,220.5,0.996
5078,828.5,208.5,0.997
5079,786.5,198.5,0.997
5080,750.5,194.5,0.998
5081,716.5,190.5,0.997
5082,682.5,192.5,0.997
5083,648.5,196.5,0.995
5084,622.5,200.5,0.994
5085,594.5,210.5,0.984
5086,574.5,218.5,0.995
5087,550.5,228.5,0.992
5088,530.5,240.5,0.994
5089,502.5,258.5,0.998
5090,490.5,270.5,0.994
5091,468.5,266.5,0.996
5092,456.5,244.5,0.998
5093,438.5,224.5,0.997
5094,422.5,206.5,0.996
5095,412.5,196.5,0.996
5096,398.5,184.5,0.998
5097,388.5,178.5,0.996
5098,376.5,172.5,0.998
5099,400.5,172.5,0.958
5100,430.5,176.5,0.998
5101,464.5,182.5,0.998
5102,494.5,188.5,0.997
5103,532.5,202.5,0.996
5104,570.5,216.5,0.996
5105,604.5,234.5,0.997
5106,634.5,252.5,0.995
5107,674.5,278.5,0.995
5108,692.5,290.5,0.993
5109,726.5,328.5,0.989
5110,754.5,340.5,0.995
5111,786.5,322.5,0.998
5112,828.5,308.5,0.996
5113,844.5,308.5,0.998
5114,878.5,306.5,0.998
5115,914.5,304.5,0.994
5116,934.5,304.5,0.983
5117,896.5,278.5,0.998
5118,860.5,260.5,0.999
5119,824.5,244.5,0.998
5120,786.5,228.5,0.999
5121,754.5,222.5,0.995
5122,724.5,214.5,0.995
5123,690.5,212.5,0.993
5124,672.5,210.5,0.996
5125,640.5,212.5,0.997
5126,610.5,216.5,0.995
5127,586.5,224.5,0.997
5128,566.5,230.5,0.992
5129,550.5,238.5,0.996
5130,530.5,250.5,0.998
5131,510.5,262.5,0.997
5132,494.5,254.5,0.995
5133,476.5,232.5,0.998
5134,466.5,222.5,0.997
5135,450.5,204.5,0.994
5136,438.5,194.5,0.997
5137,426.5,186.5,0.998
5138,418.5,182.5,0.998
5139,436.5,184.5,0.993
5140,468.5,194.5,0.995
5141,492.5,202.5,0.996
5142,516.5,214.5,0.994
5143,546.5,230.5,0.997
5144,568.5,246.5,0.995
5145,596.5,266.5,0.997
5146,620.5,288.5,0.997
5147,648.5,320.5,0.997
5148,676.5,352.5,0.993
5149,706.5,386.5,0.997
5150,732.5,386.5,0.99
5151,756.5,382.5,0.992
5152,788.5,386.5,0.997
5153,818.5,390.5,0.995
5154,818.5,374.5,0.978
5155,756.5,340.5,0.998
5156,714.5,316.5,0.99
5157,682.5,290.5,0.995
5158,632.5,268.5,0.998
5159,592.5,250.5,0.997
5160,562.5,240.5,0.998
5161,536.5,234.5,0.992
5162,510.5,228.5,0.988
5163,484.5,226.5,0.997
5164,462.5,228.5,0.995
5165,446.5,230.5,0.996
5166,430.5,234.5,0.993
5167,418.5,240.5,0.997
5168,404.5,248.5,0.996
5169,390.5,242.5,0.994
5170,378.5,220.5,0.993
5173,406.5,192.5,0.988
5174,444.5,194.5,0.996
5175,478.5,196.5,0.997
5176,516.5,202.5,0.994
5177,554.5,208.5,0.997
5178,592.5,216.5,0.996
5179,632.5,228.5,0.996
5180,674.5,242.5,0.999
5181,710.5,256.5,0.999
5182,750.5,274.5,0.998
5183,792.5,294.5,0.998
5184,822.5,308.5,0.996
5185,926.5,396.5,0.989
5186,908.5,364.5,0.986
5187,964.5,360.5,0.992
5188,990.5,356.5,0.989
5189,978.5,328.5,0.995
5190,922.5,292.5,0.996
5191,866.5,260.5,0.998
5192,824.5,240.5,0.999
5193,778.5,220.5,0.999
5194,734.5,204.5,0.997
5195,694.5,190.5,0.997
5196,652.5,180.5,0.995
5197,620.5,176.5,0.996
5198,586.5,174.5,0.996
5199,554.5,174.5,0.994
5200,528.5,176.5,0.997
5201,496.5,180.5,0.996
5202,468.5,188.5,0.995
5203,446.5,194.5,0.996
5204,424.5,204.5,0.993
5205,402.5,218.5,0.996
5206,384.5,228.5,0.991
5207,364.5,250.5,0.994
5210,928.5,264.5,0.589
5212,296.5,328.5,0.995
5213,940.5,284.5,0.87
5214,270.5,330.5,0.993
5215,260.5,318.5,0.984
5216,250.5,308.5,0.997
5217,240.5,300.5,0.992
5228,218.5,306.5,0.944
5229,226.5,316.5,0.984
5230,226.5,324.5,0.995
5231,232.5,332.5,0.995
5232,232.5,326.5,0.887
5233,230.5,322.5,0.909
5234,246.5,208.5,0.653
5255,920.5,384.5,0.968
5257,924.5,344.5,0.852
5258,934.5,330.5,0.887
5277,252.5,274.5,0.991
5279,256.5,262.5,0.883
5283,254.5,240.5,0.943
5294,294.5,332.5,0.992
5295,306.5,330.5,0.977
5297,334.5,330.5,0.993
5307,396.5,200.5,0.883
5322,936.5,368.5,0.829
5361,380.5,224.5,0.628
5362,374.5,226.5,0.729
5363,1004.5,440.5,0.91
5364,362.5,228.5,0.918
5365,354.5,232.5,0.995
5366,348.5,232.5,0.989
5367,340.5,236.5,0.993
5368,334.5,238.5,0.996
5369,326.5,240.5,0.995
5370,320.5,242.5,0.994
5371,314.5,244.5,0.993
5372,310.5,248.5,0.996
5373,306.5,252.5,0.995
5374,300.5,254.5,0.997
5375,296.5,258.5,0.995
5376,294.5,260.5,0.998
5377,292.5,262.5,0.996
5378,290.5,268.5,0.996
5379,290.5,270.5,0.995
5381,286.5,270.5,0.995
5382,282.5,262.5,0.992
5383,278.5,250.5,0.991
5384,270.5,238.5,0.997
5385,268.5,220.5,0.956
5386,274.5,244.5,0.99
5387,258.5,202.5,0.991
5388,256.5,196.5,0.993
5389,250.5,190.5,0.998
5390,246.5,190.5,0.987
5391,246.5,186.5,0.998
5392,244.5,192.5,0.998
5393,242.5,196.5,0.99
5394,242.5,208.5,0.998
5395,242.5,212.5,0.99
5396,244.5,226.5,0.998
5397,254.5,244.5,0.998
5398,312.5,276.5,0.957
5400,356.5,284.5,0.971
5401,386.5,276.5,0.988
5402,418.5,274.5,0.992
5403,450.5,270.5,0.998
5404,482.5,274.5,0.99
5405,482.5,274.5,0.99
5406,346.5,336.5,0.992
5407,550.5,290.5,0.995
5408,580.5,300.5,0.996
5409,618.5,316.5,0.985
5410,652.5,332.5,0.993
5411,682.5,352.5,0.995
5412,716.5,378.5,0.99
5413,752.5,404.5,0.996
5414,782.5,396.5,0.997
5415,816.5,386.5,0.998
5416,848.5,384.5,0.999
5417,880.5,386.5,0.998
5418,898.5,380.5,0.966
5419,858.5,354.5,0.995
5420,826.5,334.5,0.997
5421,786.5,316.5,0.982
5422,746.5,300.5,0.997
5423,716.5,292.5,0.992
5424,684.5,282.5,0.996
5425,644.5,276.5,0.991
5426,624.5,276.5,0.997
5427,600.5,280.5,0.994
5428,564.5,284.5,0.995
5429,548.5,290.5,0.996
5430,526.5,300.5,0.991
5432,490.5,304.5,0.932
5433,474.5,288.5,0.994
5434,462.5,272.5,0.999
5435,446.5,258.5,0.997
5436,434.5,244.5,0.999
5437,422.5,236.5,0.998
5438,410.5,232.5,0.997
5439,398.5,228.5,0.995
5440,388.5,228.5,0.997
5442,410.5,224.5,0.999
5443,436.5,220.5,0.992
5444,470.5,220.5,0.989
5445,496.5,220.5,0.997
5446,528.5,224.5,0.997
5447,556.5,228.5,0.996
5448,586.5,238.5,0.993
5449,614.5,248.5,0.994
5450,644.5,262.5,0.995
5451,678.5,280.5,0.994
5452,698.5,292.5,0.996
5453,724.5,308.5,0.988
5454,754.5,336.5,0.997
5455,780.5,324.5,0.993
5456,804.5,314.5,0.996
5457,830.5,308.5,0.998
5458,852.5,304.5,0.994
5459,882.5,298.5,0.99
5460,870.5,278.5,0.996
5461,842.5,260.5,0.999
5462,802.5,236.5,0.998
5463,766.5,216.5,0.997
5464,734.5,200.5,0.998
5465,704.5,190.5,0.997
5466,676.5,180.5,0.998
5467,642.5,172.5,0.996
5468,612.5,172.5,0.994
5469,590.5,170.5,0.993
5470,564.5,172.5,0.988
5471,542.5,178.5,0.996
5472,528.5,180.5,0.993
5473,502.5,192.5,0.996
5474,486.5,198.5,0.992
5475,472.5,210.5,0.997
5476,452.5,226.5,0.994
5477,438.5,228.5,0.995
5478,422.5,204.5,0.994
5479,410.5,188.5,0.997
5480,398.5,174.5,0.993
5481,388.5,164.5,0.989
5482,378.5,156.5,0.996
5483,368.5,148.5,0.99
5484,356.5,142.5,0.997
5485,348.5,140.5,0.995
5486,338.5,142.5,0.996
5489,328.5,146.5,0.894
5495,320.5,164.5,0.988
5511,1226.5,250.5,0.961
5522,296.5,226.5,0.984
5523,306.5,224.5,0.991
5524,314.5,224.5,0.992
5525,322.5,218.5,0.992
5526,328.5,212.5,0.991
5527,336.5,208.5,0.978
5528,342.5,198.5,0.991
5529,350.5,194.5,0.644
5531,348.5,188.5,0.99
5535,382.5,178.5,0.955
5536,356.5,190.5,0.908
5539,660.5,696.5,0.794
5541,640.5,714.5,0.988
5543,414.5,122.5,0.926
5544,414.5,110.5,0.553
5546,412.5,92.5,0.94
5549,746.5,456.5,0.689
5553,508.5,580.5,0.828
5580,424.5,84.5,0.972
5581,426.5,88.5,0.515
5582,426.5,92.5,0.848
5583,430.5,100.5,0.886
5584,430.5,114.5,0.985
5585,430.5,124.5,0.996
5586,432.5,136.5,0.997
5587,430.5,150.5,0.994
5588,430.5,164.5,0.99
5589,428.5,178.5,0.994
5590,428.5,190.5,0.987
5591,426.5,198.5,0.994
5595,196.5,650.5,0.899
5596,540.5,548.5,0.964
5597,578.5,548.5,0.974
5598,416.5,194.5,0.861
5599,412.5,184.5,0.996
5600,408.5,176.5,0.995
5601,408.5,162.5,0.988
5602,404.5,150.5,0.989
5603,402.5,138.5,0.986
5604,398.5,122.5,0.994
5609,422.5,112.5,0.994
5610,432.5,126.5,0.994
5611,446.5,144.5,0.995
5612,462.5,164.5,0.985
5613,468.5,180.5,0.997
5614,1118.5,600.5,0.994
5615,506.5,234.5,0.997
5616,522.5,262.5,0.996
5617,538.5,252.5,0.999
5618,550.5,238.5,0.997
5619,560.5,228.5,0.996
5620,574.5,216.5,0.996
5621,586.5,210.5,0.996
5622,598.5,204.5,0.998
5623,612.5,202.5,0.998
5624,626.5,202.5,0.997
5625,640.5,204.5,0.997
5626,652.5,210.5,0.993
5627,670.5,220.5,0.999
5628,684.5,232.5,0.997
5629,696.5,244.5,0.996
5630,712.5,264.5,0.992
5631,726.5,282.5,0.994
5632,740.5,306.5,0.993
5633,748.5,328.5,0.995
5634,764.5,358.5,0.997
5635,776.5,380.5,0.993
5636,790.5,362.5,0.998
5637,804.5,348.5,0.998
5638,818.5,338.5,0.998
5639,830.5,330.5,0.997
5640,844.5,326.5,0.997
5641,858.5,326.5,0.996
5642,870.5,328.5,0.997
5643,882.5,332.5,0.996
5644,896.5,340.5,0.993
5645,902.5,352.5,0.724
5652,322.5,208.5,0.964
5653,322.5,216.5,0.979
5655,338.5,222.5,0.991
5661,340.5,212.5,0.761
5680,950.5,276.5,0.984
5686,942.5,274.5,0.983
5687,938.5,272.5,0.99
5688,934.5,274.5,0.555
5689,930.5,280.5,0.994
5690,932.5,276.5,0.916
5691,938.5,272.5,0.989
5692,876.5,368.5,0.985
5693,1072.5,286.5,0.984
5694,914.5,268.5,0.964
5696,878.5,306.5,0.982
5697,850.5,310.5,0.996
5698,798.5,326.5,0.997
5699,762.5,318.5,0.988
5700,724.5,288.5,0.997
5701,696.5,276.5,0.996
5702,674.5,266.5,0.997
5703,640.5,256.5,0.999
5704,610.5,250.5,0.996
5705,896.5,320.5,0.995
5706,558.5,246.5,0.993
5707,532.5,246.5,0.994
5708,512.5,250.5,0.998
5709,488.5,258.5,0.998
5710,470.5,264.5,0.996
5711,450.5,254.5,0.997
5712,438.5,242.5,0.998
5713,426.5,232.5,0.993
5714,408.5,222.5,0.995
5715,402.5,216.5,0.994
5716,366.5,206.5,0.987
5717,416.5,212.5,0.989
5718,430.5,210.5,0.996
5719,458.5,216.5,0.991
5720,482.5,222.5,0.997
5721,502.5,228.5,0.988
5722,532.5,242.5,0.996
5723,554.5,252.5,0.997
5724,578.5,266.5,0.998
5725,608.5,288.5,0.997
5726,632.5,308.5,0.995
5727,654.5,330.5,0.995
5728,684.5,362.5,0.989
5729,706.5,372.5,0.997
5730,734.5,366.5,0.994
5731,756.5,364.5,0.997
5732,786.5,364.5,0.997
5733,816.5,370.5,0.994
5734,784.5,344.5,0.995
5735,754.5,324.5,0.996
5736,728.5,306.5,0.958
5737,676.5,284.5,0.993
5738,638.5,268.5,0.997
5739,610.5,258.5,0.998
5740,580.5,250.5,0.994
5741,548.5,244.5,0.993
5742,524.5,244.5,0.993
5743,500.5,244.5,0.995
5744,476.5,246.5,0.998
5745,454.5,254.5,0.995
5746,436.5,260.5,0.997
5747,420.5,268.5,0.998
5748,402.5,280.5,0.998
5749,386.5,294.5,0.997
5750,370.5,282.5,0.991
5751,358.5,262.5,0.994
5752,346.5,246.5,0.997
5753,332.5,230.5,0.999
5754,322.5,220.5,0.997
5755,310.5,210.5,0.995
5756,302.5,204.5,0.994
5757,292.5,200.5,0.995
5759,324.5,198.5,0.671
5760,354.5,198.5,0.993
5761,382.5,198.5,0.993
5762,412.5,202.5,0.998
5763,442.5,210.5,0.998
5764,480.5,222.5,0.998
5765,512.5,232.5,0.988
5766,548.5,250.5,0.998
5767,580.5,264.5,0.99
5768,620.5,288.5,0.998
5769,652.5,312.5,0.995
5770,686.5,338.5,0.998
5771,716.5,368.5,0.995
5772,752.5,360.5,0.996
5773,786.5,348.5,0.997
5774,818.5,340.5,0.999
5775,850.5,338.5,0.998
5776,890.5,338.5,0.998
5777,918.5,334.5,0.994
5778,890.5,316.5,0.997
5779,842.5,292.5,0.999
5780,798.5,272.5,0.994
5781,754.5,256.5,0.999
5782,716.5,244.5,0.997
5783,678.5,236.5,0.996
5784,642.5,228.5,0.996
5785,610.5,228.5,0.988
5786,588.5,228.5,0.988
5787,558.5,234.5,0.993
5788,540.5,238.5,0.99
5789,514.5,246.5,0.996
5790,498.5,256.5,0.997
5791,476.5,266.5,0.997
5792,460.5,248.5,0.998
5793,448.5,232.5,0.997
5794,434.5,214.5,0.992
5795,424.5,200.5,0.998
5796,412.5,188.5,0.998
5797,400.5,182.5,0.994
5798,384.5,174.5,0.757
5799,390.5,176.5,0.994
5800,438.5,178.5,0.992
5801,486.5,182.5,0.995
5802,530.5,192.5,0.997
5803,572.5,204.5,0.995
5804,618.5,218.5,0.997
5805,666.5,236.5,0.988
5806,706.5,256.5,0.998
5807,748.5,278.5,0.998
5808,782.5,296.5,0.996
5809,836.5,336.5,0.993
5810,888.5,378.5,0.81
5811,916.5,380.5,0.631
5812,972.5,376.5,0.995
5813,1018.5,374.5,0.996
5814,1062.5,380.5,0.98
5815,1052.5,350.5,0.952
5816,1010.5,322.5,0.997
5817,940.5,274.5,0.998
5818,902.5,256.5,0.999
5819,854.5,228.5,0.997
5820,810.5,212.5,0.997
5821,770.5,196.5,0.998
5822,732.5,186.5,0.997
5823,698.5,180.5,0.996
5824,672.5,176.5,0.995
5825,630.5,174.5,0.994
5826,602.5,176.5,0.995
5827,574.5,180.5,0.995
5828,550.5,186.5,0.995
5829,532.5,192.5,0.995
5830,512.5,200.5,0.997
5831,492.5,212.5,0.995
5832,474.5,226.5,0.997
5833,458.5,236.5,0.997
5834,444.5,246.5,0.998
5835,428.5,228.5,0.997
5836,418.5,212.5,0.995
5837,404.5,194.5,0.998
5838,388.5,180.5,0.994
5839,380.5,166.5,0.993
5840,370.5,160.5,0.994
5841,362.5,150.5,0.991
5842,360.5,146.5,0.991
5843,352.5,146.5,0.99
5844,382.5,152.5,0.987
5845,426.5,166.5,0.991
5846,470.5,182.5,0.995
5847,510.5,200.5,0.997
5848,546.5,218.5,0.996
5849,588.5,242.5,0.998
5850,628.5,268.5,0.996
5853,734.5,334.5,0.996
5854,768.5,326.5,0.998
5855,812.5,324.5,0.998
5856,846.5,326.5,0.994
5857,894.5,334.5,0.997
5858,928.5,340.5,0.991
5859,980.5,356.5,0.987
5860,1018.5,370.5,0.998
5861,1058.5,388.5,0.997
5862,1102.5,414.5,0.998
5863,1088.5,396.5,0.993
5864,1044.5,366.5,0.994
5865,988.5,328.5,0.993
5866,936.5,292.5,0.987
5867,870.5,258.5,0.998
5868,826.5,238.5,0.999
5869,778.5,220.5,0.998
5870,734.5,206.5,0.997
5871,688.5,194.5,0.996
5872,650.5,188.5,0.995
5873,618.5,186.5,0.995
5874,578.5,188.5,0.995
5875,548.5,190.5,0.99
5876,528.5,196.5,0.996
5877,490.5,206.5,0.996
5878,470.5,214.5,0.992
5879,446.5,228.5,0.998
5880,426.5,242.5,0.997
5881,406.5,258.5,0.996
5882,394.5,272.5,0.994
5883,376.5,290.5,0.994
5884,358.5,274.5,0.994
5885,348.5,256.5,0.994
5886,330.5,232.5,0.998
5887,316.5,214.5,0.995
5888,300.5,198.5,0.995
5889,292.5,194.5,0.674
5891,270.5,176.5,0.9
5892,260.5,168.5,0.994
5893,248.5,168.5,0.996
5895,236.5,174.5,0.996
5896,290.5,180.5,0.995
5897,320.5,158.5,0.949
5898,348.5,150.5,0.575
5899,466.5,246.5,0.984
5900,494.5,266.5,0.994
5901,576.5,304.5,0.994
5905,852.5,394.5,0.991
5906,932.5,396.5,0.991
5907,1024.5,406.5,0.986
5908,1056.5,408.5,0.992
5909,1150.5,422.5,0.984
5910,1220.5,424.5,0.987
5911,1150.5,346.5,0.924
5912,1076.5,274.5,0.977
5915,904.5,124.5,0.995
5916,830.5,78.5,0.994
5917,774.5,46.5,0.99
5918,728.5,18.5,0.995
5930,316.5,18.5,0.987
5931,300.5,38.5,0.648
5933,264.5,82.5,0.989
5934,254.5,104.5,0.996
5935,246.5,126.5,0.993
5936,234.5,152.5,0.996
5937,228.5,178.5,0.986
5938,218.5,204.5,0.99
5939,212.5,232.5,0.972
5940,210.5,254.5,0.987
5941,208.5,278.5,0.98
5942,200.5,304.5,0.926
5943,200.5,330.5,0.995
5945,200.5,382.5,0.888
5947,186.5,354.5,0.996
5948,180.5,338.5,0.995
5949,174.5,324.5,0.997
5950,170.5,314.5,0.997
5951,164.5,302.5,0.996
5952,160.5,296.5,0.984
5954,276.5,244.5,0.989
5957,194.5,368.5,0.997
5963,178.5,264.5,0.988
5964,178.5,254.5,0.99
5965,176.5,244.5,0.987
5966,174.5,240.5,0.516
5967,174.5,232.5,0.997
5968,174.5,228.5,0.99
5969,174.5,230.5,0.987
5970,174.5,230.5,0.989
5971,178.5,236.5,0.826
5972,182.5,244.5,0.994
5977,160.5,182.5,0.982
5978,164.5,164.5,0.75
5990,324.5,170.5,0.989
5991,348.5,184.5,0.995
5992,368.5,198.5,0.917
5993,386.5,224.5,0.989
5994,412.5,248.5,0.993
5995,434.5,274.5,0.994
5996,452.5,290.5,0.997
5997,478.5,276.5,0.996
5998,494.5,268.5,0.998
5999,514.5,260.5,0.997
6000,538.5,258.5,0.998
6001,560.5,258.5,0.995
6002,578.5,258.5,0.994
6003,602.5,262.5,0.988
6004,630.5,272.5,0.999
6005,642.5,272.5,0.985
6006,678.5,292.5,0.998
6007,700.5,308.5,0.997
6008,720.5,332.5,0.998
6009,748.5,354.5,0.998
6010,770.5,384.5,0.996
6011,794.5,416.5,0.994
6012,818.5,404.5,0.996
6013,838.5,392.5,0.995
6014,866.5,384.5,0.998
6015,886.5,378.5,0.992
6016,908.5,374.5,0.993
6017,932.5,376.5,0.991
6018,962.5,380.5,0.991
6019,986.5,388.5,0.987
6053,412.5,212.5,0.987
6075,930.5,416.5,0.999
6076,930.5,392.5,0.891
6080,932.5,292.5,0.989
6081,934.5,280.5,0.996
6082,932.5,270.5,0.995
6083,934.5,262.5,0.995
6084,936.5,262.5,0.995
6085,934.5,264.5,0.99
6086,934.5,272.5,0.997
6087,934.5,280.5,0.995
6088,932.5,294.5,0.996
6089,928.5,310.5,0.994
6090,924.5,330.5,0.997
6091,920.5,352.5,0.996
6092,918.5,378.5,0.991
6093,914.5,402.5,0.995
6096,778.5,436.5,0.982
6097,726.5,408.5,0.869
6099,638.5,334.5,0.993
6100,602.5,310.5,0.983
6101,572.5,292.5,0.998
6102,534.5,274.5,0.992
6103,498.5,262.5,0.997
6104,476.5,260.5,0.996
6105,450.5,256.5,0.994
6106,424.5,256.5,0.993
6107,400.5,260.5,0.993
6108,382.5,262.5,0.996
6109,362.5,272.5,0.994
6110,342.5,272.5,0.996
6111,326.5,258.5,0.999
6112,308.5,240.5,0.997
6113,296.5,228.5,0.994
6114,276.5,216.5,0.996
6115,240.5,206.5,0.925
6116,322.5,196.5,0.995
6117,354.5,186.5,0.996
6118,398.5,180.5,0.996
6119,430.5,178.5,0.998
6120,470.5,176.5,0.998
6121,506.5,178.5,0.998
6122,546.5,184.5,0.997
6123,586.5,192.5,0.997
6124,624.5,204.5,0.996
6125,666.5,216.5,0.994
6126,700.5,232.5,0.998
6127,736.5,250.5,0.998
6128,770.5,268.5,0.997
6129,810.5,294.5,0.999
6130,830.5,308.5,0.999
6131,876.5,340.5,0.998
6132,908.5,324.5,0.999
6133,942.5,314.5,0.995
6134,970.5,306.5,0.794
6135,1004.5,294.5,0.997
6136,1042.5,290.5,0.996
6137,1074.5,288.5,0.997
6138,1098.5,288.5,0.992
6142,1092.5,226.5,0.995
6143,1054.5,202.5,0.99
6145,882.5,98.5,0.984
6146,1206.5,136.5,0.992
6147,738.5,30.5,0.991
6148,1236.5,120.5,0.996
6151,1260.5,208.5,0.637
6159,142.5,44.5,0.988
6161,82.5,84.5,0.986
6162,58.5,112.5,0.992
6163,34.5,136.5,0.662
6170,218.5,216.5,0.782
6172,1236.5,274.5,0.802
6173,206.5,216.5,0.58
6174,204.5,214.5,0.785
6176,1160.5,322.5,0.636
6192,242.5,362.5,0.944
6193,220.5,376.5,0.792
6195,162.5,402.5,0.621
6196,126.5,420.5,0.986
6197,98.5,438.5,0.55
6240,1138.5,134.5,0.808
6242,1130.5,136.5,0.984
6243,1128.5,136.5,0.812
6260,28.5,226.5,0.99
6261,48.5,208.5,0.988
6267,82.5,440.5,0.993
6268,108.5,432.5,0.992
6269,144.5,410.5,0.975
6270,170.5,408.5,0.943
6274,272.5,374.5,0.947
6276,290.5,156.5,0.881
6277,308.5,170.5,0.99
6278,306.5,164.5,0.99
6279,344.5,180.5,0.989
6280,376.5,204.5,0.99
6281,400.5,226.5,0.998
6282,426.5,246.5,0.998
6283,456.5,274.5,0.996
6284,484.5,296.5,0.993
6285,500.5,276.5,0.997
6286,522.5,260.5,0.998
6287,542.5,246.5,0.997
6288,558.5,236.5,0.993
6289,580.5,228.5,0.995
6290,598.5,222.5,0.989
6291,622.5,218.5,0.993
6292,640.5,218.5,0.996
6293,668.5,222.5,0.993
6294,686.5,228.5,0.996
6295,706.5,236.5,0.994
6296,728.5,250.5,0.995
6297,746.5,262.5,0.996
6298,768.5,280.5,0.99
6299,780.5,294.5,0.995
6300,802.5,322.5,0.997
6301,814.5,338.5,0.998
6302,834.5,366.5,0.998
6303,850.5,352.5,0.996
6304,868.5,334.5,0.998
6305,892.5,322.5,0.999
6306,910.5,312.5,0.997
6307,938.5,330.5,0.809
6308,948.5,302.5,0.84
6309,940.5,286.5,0.992
6310,956.5,230.5,0.853
6311,960.5,208.5,0.996
6313,968.5,158.5,0.898
6314,974.5,138.5,0.979
6315,976.5,126.5,0.991
6316,978.5,118.5,0.995
6318,984.5,106.5,0.994
6320,982.5,116.5,0.996
6321,980.5,126.5,0.995
6322,934.5,406.5,0.983
6323,978.5,152.5,0.991
6325,934.5,386.5,0.982
6326,968.5,224.5,0.964
6327,962.5,248.5,0.992
6328,956.5,278.5,0.992
6329,954.5,312.5,0.998
6330,950.5,334.5,0.984
6342,1098.5,174.5,0.928
6362,1192.5,570.5,0.848
6376,374.5,202.5,0.664
6378,360.5,180.5,0.992
6379,358.5,162.5,0.984
6380,356.5,146.5,0.948
6381,354.5,130.5,0.834
6382,1048.5,234.5,0.988
6383,340.5,98.5,0.958
6392,348.5,338.5,0.762
6393,916.5,482.5,0.527
6395,868.5,384.5,0.985
6396,826.5,344.5,0.997
6397,794.5,306.5,0.995
6398,772.5,286.5,0.998
6399,744.5,258.5,0.996
6400,718.5,238.5,0.998
6401,692.5,220.5,0.997
6402,672.5,208.5,0.997
6403,642.5,198.5,0.996
6404,618.5,194.5,0.992
6405,598.5,194.5,0.99
6406,578.5,196.5,0.994
6407,562.5,200.5,0.996
6408,544.5,208.5,0.996
6409,528.5,218.5,0.994
6410,516.5,228.5,0.996
6411,500.5,244.5,0.998
6412,488.5,260.5,0.998
6413,476.5,276.5,0.997
6414,466.5,294.5,0.998
6415,454.5,272.5,0.999
6416,444.5,248.5,0.998
6417,436.5,232.5,0.997
6418,426.5,212.5,0.996
6419,418.5,198.5,0.995
6420,410.5,186.5,0.997
6421,404.5,178.5,0.968
6422,394.5,170.5,0.995
6423,386.5,160.5,0.605
6424,380.5,164.5,0.991
6425,382.5,180.5,0.987
6426,380.5,194.5,0.996
6427,380.5,202.5,0.969
6428,374.5,210.5,0.76
6430,370.5,218.5,0.857
6432,356.5,222.5,0.904
6438,346.5,336.5,0.536
6440,314.5,248.5,0.915
6442,298.5,252.5,0.992
6443,294.5,254.5,0.991
6444,292.5,256.5,0.997
6445,290.5,256.5,0.996
6446,286.5,258.5,0.997
6447,284.5,260.5,0.997
6448,284.5,262.5,0.993
6449,284.5,264.5,0.992
6450,284.5,268.5,0.994
6451,282.5,270.5,0.994
6452,286.5,272.5,0.989
6453,282.5,270.5,0.988
6454,284.5,264.5,0.993
6455,280.5,254.5,0.996
6456,276.5,240.5,0.995
6457,280.5,224.5,0.794
6458,266.5,206.5,0.996
6459,264.5,196.5,0.996
6460,260.5,186.5,0.989
6461,258.5,178.5,0.996
6462,258.5,176.5,0.988
6463,254.5,176.5,0.99
6464,254.5,176.5,0.992
6465,250.5,178.5,0.993
6466,252.5,182.5,0.997
6468,250.5,208.5,0.988
6469,254.5,212.5,0.99
6471,324.5,258.5,0.954
6472,356.5,274.5,0.716
6473,398.5,276.5,0.995
6474,434.5,264.5,0.996
6475,470.5,258.5,0.995
6476,508.5,252.5,0.998
6477,542.5,252.5,0.998
6478,582.5,256.5,0.995
6479,618.5,260.5,0.995
6480,650.5,268.5,0.991
6481,692.5,278.5,0.995
6482,730.5,292.5,0.988
6483,760.5,306.5,0.975
6484,800.5,326.5,0.99
6485,836.5,356.5,0.997
6486,876.5,354.5,0.994
6487,908.5,342.5,0.998
6488,938.5,334.5,0.999
6489,970.5,330.5,0.995
6491,938.5,288.5,0.998
6492,898.5,260.5,0.999
6493,862.5,242.5,0.998
6494,828.5,224.5,0.998
6495,794.5,210.5,0.997
6496,762.5,200.5,0.997
6497,732.5,194.5,0.994
6498,702.5,188.5,0.996
6499,674.5,188.5,0.994
6500,642.5,188.5,0.995
6501,620.5,194.5,0.996
6502,594.5,198.5,0.992
6503,574.5,206.5,0.994
6504,554.5,214.5,0.992
6505,534.5,226.5,0.998
6506,516.5,234.5,0.994
6507,494.5,248.5,0.996
6508,480.5,262.5,0.998
6509,466.5,244.5,0.998
6510,450.5,226.5,0.997
6511,436.5,210.5,0.997
6512,426.5,198.5,0.997
6513,412.5,186.5,0.997
6514,400.5,180.5,0.994
6515,390.5,170.5,0.993
6516,388.5,172.5,0.984
6517,422.5,178.5,0.833
6518,490.5,212.5,0.996
6519,530.5,232.5,0.998
6520,562.5,248.5,0.997
6521,620.5,276.5,0.997
6522,644.5,290.5,0.994
6523,680.5,306.5,0.997
6524,710.5,326.5,0.995
6525,750.5,342.5,0.996
6526,770.5,342.5,0.998
6527,814.5,338.5,0.998
6528,842.5,342.5,0.998
6529,878.5,352.5,0.997
6530,906.5,360.5,0.993
6531,942.5,378.5,0.993
6532,974.5,396.5,0.997
6533,1006.5,416.5,0.998
6534,1040.5,440.5,0.996
6535,1048.5,440.5,0.994
6536,980.5,370.5,0.994
6537,934.5,328.5,0.998
6538,890.5,288.5,0.988
6539,848.5,256.5,0.999
6540,806.5,226.5,0.998
6541,770.5,202.5,0.998
6542,736.5,180.5,0.998
6543,704.5,164.5,0.998
6544,676.5,154.5,0.996
6545,644.5,144.5,0.995
6546,622.5,138.5,0.993
6547,596.5,136.5,0.991
6548,576.5,134.5,0.993
6549,556.5,136.5,0.997
6550,540.5,142.5,0.995
6551,522.5,148.5,0.996
6552,508.5,154.5,0.997
6553,492.5,164.5,0.994
6554,484.5,174.5,0.998
6555,468.5,186.5,0.999
6556,462.5,198.5,0.998
6557,454.5,212.5,0.993
6567,346.5,202.5,0.966
6569,354.5,216.5,0.531
6581,390.5,274.5,0.513
6599,1212.5,458.5,0.878
6601,1218.5,472.5,0.899
6644,950.5,480.5,0.939
6645,944.5,490.5,0.795
6647,946.5,498.5,0.988
6682,1070.5,456.5,0.98
6683,1072.5,454.5,0.956
6687,1012.5,466.5,0.602
6692,1054.5,494.5,0.994
6698,360.5,228.5,0.975
6699,354.5,230.5,0.99
6700,348.5,232.5,0.996
6701,338.5,236.5,0.994
6702,342.5,236.5,0.99
6703,336.5,236.5,0.995
6704,330.5,238.5,0.996
6705,324.5,240.5,0.994
6706,318.5,242.5,0.996
6707,312.5,244.5,0.996
6708,306.5,244.5,0.997
6709,302.5,246.5,0.998
6710,296.5,246.5,0.997
6711,292.5,248.5,0.999
6712,290.5,248.5,0.998
6713,286.5,248.5,0.998
6714,282.5,250.5,0.996
6715,280.5,252.5,0.997
6716,278.5,254.5,0.997
6717,278.5,256.5,0.996
6718,276.5,258.5,0.996
6719,276.5,262.5,0.995
6720,278.5,264.5,0.996
6721,278.5,266.5,0.994
6722,278.5,268.5,0.998
6723,278.5,266.5,0.992
6724,276.5,258.5,0.992
6725,272.5,248.5,0.996
6726,266.5,236.5,0.992
6727,262.5,222.5,0.989
6728,260.5,210.5,0.994
6729,258.5,204.5,0.993
6730,254.5,196.5,0.995
6731,254.5,194.5,0.996
6732,252.5,196.5,0.997
6733,252.5,196.5,0.998
6734,250.5,200.5,0.997
6735,250.5,210.5,0.989
6736,252.5,218.5,0.988
6737,252.5,222.5,0.99
6740,352.5,278.5,0.959
6741,388.5,272.5,0.988
6742,420.5,264.5,0.994
6743,450.5,262.5,0.995
6744,486.5,260.5,0.996
6745,522.5,264.5,0.989
6746,556.5,268.5,0.997
6747,604.5,282.5,0.993
6748,626.5,288.5,0.997
6749,662.5,304.5,0.997
6750,702.5,324.5,0.996
6751,734.5,344.5,0.992
6752,766.5,364.5,0.996
6753,802.5,382.5,0.996
6754,834.5,370.5,0.999
6755,866.5,362.5,0.997
6756,898.5,356.5,0.996
6757,928.5,356.5,0.992
6758,926.5,334.5,0.995
6759,892.5,312.5,0.998
6760,858.5,290.5,0.996
6761,820.5,266.5,0.998
6762,784.5,250.5,0.998
6763,752.5,238.5,0.998
6764,720.5,226.5,0.996
6765,690.5,220.5,0.995
6766,668.5,216.5,0.995
6767,634.5,214.5,0.986
6768,606.5,218.5,0.993
6769,576.5,220.5,0.988
6770,556.5,226.5,0.995
6771,532.5,234.5,0.993
6772,512.5,244.5,0.995
6773,488.5,258.5,0.997
6774,468.5,268.5,0.999
6775,456.5,284.5,0.999
6776,434.5,280.5,0.998
6777,420.5,260.5,0.998
6778,406.5,242.5,0.998
6779,392.5,228.5,0.995
6780,378.5,214.5,0.993
6781,364.5,204.5,0.997
6782,354.5,200.5,0.992
6783,370.5,200.5,0.981
6784,400.5,196.5,0.995
6785,434.5,196.5,0.993
6786,472.5,200.5,0.99
6787,510.5,208.5,0.998
6788,546.5,216.5,0.994
6789,578.5,228.5,0.998
6790,618.5,242.5,0.997
6791,652.5,258.5,0.997
6792,686.5,274.5,0.997
6793,728.5,296.5,0.986
6794,762.5,322.5,0.997
6795,788.5,344.5,0.995
6796,826.5,354.5,0.995
6797,862.5,338.5,0.998
6798,896.5,336.5,0.999
6799,928.5,330.5,0.996
6800,964.5,330.5,0.996
6801,998.5,330.5,0.995
6802,1036.5,336.5,0.995
6803,1068.5,342.5,0.984
6804,1044.5,316.5,0.95
6805,1006.5,286.5,0.997
6806,954.5,250.5,0.996
6807,914.5,226.5,0.998
6808,876.5,208.5,0.998
6809,834.5,192.5,0.997
6810,794.5,178.5,0.996
6811,766.5,172.5,0.997
6812,734.5,168.5,0.996
6813,702.5,166.5,0.992
6814,678.5,168.5,0.989
6815,644.5,172.5,0.998
6816,626.5,178.5,0.995
6817,606.5,186.5,0.995
6818,586.5,194.5,0.996
6819,566.5,208.5,0.996
6820,550.5,220.5,0.996
6821,536.5,232.5,0.996
6822,514.5,236.5,0.997
6823,506.5,220.5,0.993
6824,492.5,198.5,0.995
6825,482.5,184.5,0.994
6826,472.5,170.5,0.997
6827,458.5,158.5,0.996
6828,448.5,148.5,0.996
6829,442.5,142.5,0.998
6830,430.5,146.5,0.98
6831,464.5,152.5,0.838
6832,504.5,160.5,0.996
6833,546.5,178.5,0.998
6834,584.5,194.5,0.997
6835,620.5,212.5,0.997
6836,666.5,240.5,0.981
6837,692.5,260.5,0.998
6838,722.5,284.5,0.996
6840,802.5,360.5,0.995
6841,842.5,354.5,0.995
6842,882.5,354.5,0.998
6843,924.5,354.5,0.997
6844,972.5,360.5,0.997
6845,1008.5,368.5,0.997
6846,1052.5,380.5,0.997
6847,1096.5,394.5,0.994
6848,1058.5,356.5,0.988
6849,1016.5,322.5,0.92
6850,948.5,272.5,0.996
6851,906.5,244.5,0.998
6852,862.5,218.5,0.994
6853,826.5,200.5,0.994
6854,784.5,182.5,0.996
6855,748.5,172.5,0.997
6856,716.5,164.5,0.994
6857,680.5,158.5,0.992
6858,646.5,156.5,0.996
6859,622.5,156.5,0.995
6860,598.5,162.5,0.991
6861,574.5,166.5,0.995
6862,552.5,174.5,0.992
6863,534.5,182.5,0.996
6864,518.5,192.5,0.995
6865,502.5,206.5,0.997
6866,486.5,220.5,0.998
6867,470.5,234.5,0.996
6868,460.5,246.5,0.997
6869,448.5,258.5,0.996
6870,434.5,236.5,0.997
6871,422.5,212.5,0.996
6872,412.5,194.5,0.997
6873,402.5,180.5,0.998
6874,392.5,168.5,0.994
6875,378.5,156.5,0.997
6876,374.5,150.5,0.994
6877,364.5,144.5,0.989
6878,388.5,152.5,0.984
6879,422.5,170.5,0.948
6880,478.5,192.5,0.998
6881,518.5,212.5,0.998
6882,558.5,234.5,0.998
6883,588.5,254.5,0.995
6884,628.5,276.5,0.997
6885,670.5,310.5,0.98
6886,710.5,344.5,0.95
6887,768.5,374.5,0.99
6888,818.5,372.5,0.993
6889,854.5,380.5,0.997
6890,890.5,384.5,0.978
6891,958.5,402.5,0.996
6892,1012.5,420.5,0.994
6893,1058.5,438.5,0.996
6894,1124.5,468.5,0.996
6895,1086.5,430.5,0.992
6896,1004.5,376.5,0.986
6897,930.5,330.5,0.983
6898,890.5,308.5,0.997
6899,832.5,274.5,0.989
6900,780.5,256.5,0.997
6901,738.5,240.5,0.999
6902,700.5,230.5,0.998
6903,672.5,224.5,0.998
6904,630.5,220.5,0.994
6905,596.5,222.5,0.991
6906,574.5,226.5,0.997
6907,550.5,230.5,0.988
6908,532.5,236.5,0.994
6909,512.5,246.5,0.997
6910,498.5,258.5,0.998
6911,484.5,268.5,0.996
6912,466.5,262.5,0.997
6913,458.5,242.5,0.997
6914,446.5,222.5,0.996
6915,438.5,202.5,0.998
6916,426.5,186.5,0.999
6917,418.5,174.5,0.998
6918,408.5,164.5,0.995
6919,400.5,156.5,0.998
6921,402.5,150.5,0.993
6922,418.5,148.5,0.997
6923,448.5,142.5,0.997
6924,470.5,142.5,0.989
6925,498.5,146.5,0.998
6926,524.5,150.5,0.994
6927,548.5,158.5,0.995
6928,576.5,168.5,0.997
6929,602.5,182.5,0.997
6930,634.5,200.5,0.996
6931,652.5,212.5,0.995
6932,684.5,240.5,0.998
6933,710.5,262.5,0.995
6934,736.5,288.5,0.996
6935,764.5,320.5,0.991
6936,790.5,352.5,0.994
6937,818.5,380.5,0.998
6938,848.5,358.5,0.998
6939,878.5,346.5,0.997
6940,900.5,338.5,0.998
6941,928.5,330.5,0.994
6942,962.5,326.5,0.99
6943,992.5,328.5,0.994
6944,1022.5,330.5,0.996
6945,1056.5,338.5,0.953
6946,1072.5,340.5,0.874
6947,1010.5,306.5,0.992
6948,956.5,276.5,0.993
6949,916.5,260.5,0.998
6950,866.5,242.5,0.997
6951,818.5,228.5,0.996
6952,772.5,220.5,0.997
6953,732.5,214.5,0.997
6954,688.5,212.5,0.998
6955,652.5,214.5,0.991
6956,616.5,222.5,0.994
6957,584.5,228.5,0.991
6958,550.5,238.5,0.992
6959,518.5,250.5,0.998
6960,494.5,266.5,0.999
6961,468.5,282.5,0.994
6962,446.5,300.5,0.717
6963,362.5,346.5,0.99
6964,410.5,326.5,0.993
6965,388.5,302.5,0.995
6966,374.5,280.5,0.995
6967,360.5,258.5,0.996
6968,342.5,238.5,0.996
6970,316.5,210.5,0.995
6971,302.5,202.5,0.99
6972,292.5,196.5,0.992
6973,278.5,192.5,0.995
6974,268.5,192.5,0.997
6975,260.5,194.5,0.99
6977,242.5,204.5,0.996
6978,264.5,202.5,0.98
6979,282.5,194.5,0.995
6980,332.5,190.5,0.99
6981,362.5,190.5,0.996
6982,400.5,192.5,0.992
6983,436.5,196.5,0.993
6984,476.5,206.5,0.998
6985,512.5,220.5,0.997
6986,554.5,238.5,0.998
6987,582.5,254.5,0.996
6988,628.5,278.5,0.995
6989,666.5,304.5,0.992
6990,698.5,330.5,0.996
6991,738.5,368.5,0.986
6992,766.5,400.5,0.982
6993,804.5,426.5,0.984
6994,850.5,404.5,0.996
6995,896.5,384.5,0.997
6996,932.5,378.5,0.993
6997,898.5,324.5,0.996
6998,866.5,298.5,0.985
6999,826.5,260.5,0.998
7000,788.5,230.5,0.998
7001,756.5,210.5,0.997
7002,730.5,192.5,0.995
7003,696.5,174.5,0.99
7004,674.5,164.5,0.996
7005,646.5,156.5,0.996
7006,630.5,156.5,0.998
7007,610.5,156.5,0.997
7008,594.5,158.5,0.996
7009,582.5,162.5,0.998
7010,566.5,168.5,0.997
7011,556.5,176.5,0.997
7012,544.5,186.5,0.998
7013,534.5,198.5,0.996
7014,526.5,210.5,0.996
7015,520.5,224.5,0.997
7016,512.5,232.5,0.989
7017,506.5,210.5,0.999
7018,504.5,190.5,0.997
7019,498.5,170.5,0.998
7020,494.5,154.5,0.997
7021,490.5,144.5,0.998
7022,488.5,132.5,0.995
7023,486.5,126.5,0.997
7024,484.5,120.5,0.997
7025,482.5,116.5,0.997
7026,480.5,118.5,0.688
7027,496.5,122.5,0.998
7028,510.5,128.5,0.994
7029,542.5,140.5,0.998
7030,564.5,154.5,0.995
7031,588.5,168.5,0.995
7032,612.5,188.5,0.997
7033,634.5,208.5,0.995
7034,654.5,226.5,0.996
7035,680.5,256.5,0.993
7036,700.5,282.5,0.996
7037,442.5,148.5,0.986
7038,752.5,322.5,0.998
7039,778.5,314.5,0.992
7040,814.5,308.5,0.998
7041,830.5,308.5,0.995
7042,864.5,312.5,0.996
7043,892.5,318.5,0.992
7044,922.5,328.5,0.995
7045,944.5,336.5,0.991
7046,938.5,326.5,0.995
7047,898.5,300.5,0.991
7048,854.5,274.5,0.998
7049,816.5,256.5,0.999
7050,774.5,238.5,0.998
7051,736.5,224.5,0.997
7052,700.5,216.5,0.996
7053,674.5,212.5,0.997
7054,636.5,210.5,0.993
7055,606.5,210.5,0.994
7056,574.5,214.5,0.993
7057,544.5,222.5,0.991
7058,526.5,228.5,0.989
7059,494.5,244.5,0.995
7060,474.5,252.5,0.995
7061,452.5,266.5,0.999
7062,436.5,278.5,0.997
7063,416.5,290.5,0.993
7064,394.5,268.5,0.995
7065,378.5,252.5,0.995
7066,362.5,234.5,0.994
7067,340.5,220.5,0.993
7068,328.5,210.5,0.992
7069,312.5,200.5,0.994
7070,296.5,194.5,0.994
7071,282.5,192.5,0.67
7072,208.5,210.5,0.621
7073,258.5,194.5,0.995
7074,240.5,196.5,0.989
7075,246.5,204.5,0.982
7077,322.5,180.5,0.995
7078,452.5,238.5,0.967
7080,602.5,278.5,0.524
7081,626.5,278.5,0.972
7082,682.5,290.5,0.995
7083,708.5,308.5,0.987
7084,766.5,324.5,0.995
7085,816.5,338.5,0.998
7086,880.5,322.5,0.999
7087,922.5,322.5,0.999
7088,972.5,324.5,0.998
7089,1014.5,330.5,0.997
7090,1058.5,336.5,0.997
7091,1102.5,348.5,0.995
7092,1142.5,362.5,0.997
7093,1182.5,378.5,0.995
7094,1216.5,398.5,0.995
7096,1168.5,350.5,0.986
7097,1130.5,322.5,0.989
7098,1066.5,276.5,0.997
7099,1028.5,254.5,0.997
7100,966.5,220.5,0.993
7101,938.5,210.5,0.998
7102,900.5,196.5,0.996
7103,864.5,184.5,0.997
7104,832.5,178.5,0.995
7105,796.5,172.5,0.996
7106,770.5,172.5,0.993
7107,748.5,172.5,0.995
7108,726.5,174.5,0.993
7109,696.5,180.5,0.994
7110,676.5,184.5,0.994
7112,634.5,202.5,0.994
7113,616.5,210.5,0.991
7114,598.5,222.5,0.99
7115,584.5,232.5,0.994
7122,334.5,168.5,0.991
7123,342.5,160.5,0.551
7124,508.5,212.5,0.99
7130,414.5,142.5,0.544
7153,492.5,172.5,0.686
7169,526.5,184.5,0.803
7170,540.5,184.5,0.616
7171,540.5,188.5,0.944
7172,550.5,200.5,0.527
7193,564.5,206.5,0.979
7194,566.5,190.5,0.993
7195,570.5,174.5,0.993
7196,572.5,158.5,0.992
7197,574.5,144.5,0.945
7198,580.5,134.5,0.795
7199,582.5,114.5,0.992
7200,586.5,102.5,0.995
7201,592.5,90.5,0.997
7202,596.5,84.5,0.995
7203,598.5,78.5,0.995
7204,604.5,74.5,0.987
7205,610.5,72.5,0.993
7206,614.5,72.5,0.992
7207,620.5,76.5,0.995
7208,624.5,82.5,0.996
7209,628.5,88.5,0.998
7210,634.5,100.5,0.997
7211,638.5,114.5,0.998
7212,644.5,130.5,0.998
7213,648.5,150.5,0.998
7214,652.5,172.5,0.997
7215,660.5,200.5,0.994
7216,666.5,226.5,0.998
7217,672.5,252.5,0.992
7218,674.5,284.5,0.986
7219,678.5,314.5,0.992
7220,684.5,342.5,0.998
7221,690.5,326.5,0.998
7222,694.5,306.5,0.998
7223,696.5,290.5,0.996
7224,702.5,276.5,0.995
7225,706.5,268.5,0.993
7226,710.5,260.5,0.994
7227,714.5,256.5,0.989
7228,720.5,256.5,0.988
7229,724.5,258.5,0.993
7230,728.5,264.5,0.998
7231,730.5,272.5,0.997
7232,732.5,280.5,0.993
7233,738.5,298.5,0.996
7234,744.5,320.5,0.995
7235,746.5,340.5,0.994
7258,1020.5,228.5,0.657
7277,432.5,214.5,0.864
7291,358.5,346.5,0.992
7294,390.5,210.5,0.976
7297,392.5,220.5,0.727
7298,286.5,248.5,0.952
7300,302.5,330.5,0.965
7305,340.5,222.5,0.985
7307,324.5,216.5,0.993
7308,316.5,214.5,0.509
7318,926.5,456.5,0.687
7319,922.5,436.5,0.744
7320,912.5,412.5,0.986
7325,920.5,286.5,0.958
7326,920.5,276.5,0.996
7327,924.5,268.5,0.996
7328,926.5,262.5,0.996
7329,928.5,260.5,0.992
7330,934.5,266.5,0.993
7331,932.5,272.5,0.998
7332,934.5,284.5,0.996
7333,868.5,380.5,0.983
7334,932.5,318.5,0.992
7335,930.5,338.5,0.985
7336,928.5,362.5,0.993
7337,926.5,388.5,0.981
7338,926.5,412.5,0.991
7339,878.5,426.5,0.737
7340,842.5,420.5,0.984
7341,784.5,420.5,0.987
7342,750.5,412.5,0.997
7343,722.5,368.5,0.986
7344,692.5,336.5,0.998
7345,666.5,308.5,0.997
7346,642.5,290.5,0.997
7347,622.5,274.5,0.998
7348,594.5,258.5,0.995
7349,576.5,250.5,0.996
7350,558.5,244.5,0.995
7351,538.5,244.5,0.995
7352,522.5,244.5,0.996
7353,506.5,246.5,0.998
7354,492.5,250.5,0.998
7355,474.5,258.5,0.996
7356,464.5,264.5,0.999
7357,450.5,244.5,0.998
7358,440.5,228.5,0.996
7359,430.5,216.5,0.996
7360,418.5,204.5,0.996
7361,412.5,196.5,0.994
7362,428.5,194.5,0.999
7363,462.5,188.5,0.998
7364,494.5,184.5,0.997
7365,528.5,184.5,0.996
7366,558.5,186.5,0.997
7367,594.5,190.5,0.997
7368,626.5,196.5,0.996
7369,670.5,208.5,0.998
7370,694.5,218.5,0.997
7371,730.5,232.5,0.998
7372,764.5,250.5,0.999
7373,798.5,270.5,0.995
7374,832.5,294.5,0.999
7375,864.5,316.5,0.999
7376,896.5,344.5,0.993
7377,932.5,360.5,0.993
7378,976.5,348.5,0.993
7379,1004.5,340.5,0.997
7380,1036.5,334.5,0.997
7381,1070.5,330.5,0.988
7382,1096.5,326.5,0.942
7383,1056.5,296.5,0.992
7384,1010.5,270.5,0.997
7385,954.5,244.5,0.995
7386,908.5,226.5,0.998
7387,864.5,212.5,0.997
7388,828.5,206.5,0.998
7389,786.5,200.5,0.998
7390,750.5,198.5,0.997
7391,716.5,200.5,0.995
7392,682.5,204.5,0.997
7393,650.5,212.5,0.995
7394,626.5,220.5,0.995
7395,604.5,228.5,0.997
7396,580.5,240.5,0.997
7397,562.5,252.5,0.998
7398,540.5,258.5,0.996
7399,518.5,236.5,0.995
7400,504.5,218.5,0.994
7401,490.5,204.5,0.994
7402,470.5,190.5,0.998
7403,458.5,180.5,0.995
7404,442.5,174.5,0.995
7405,430.5,166.5,0.995
7406,420.5,166.5,0.995
7407,438.5,172.5,0.996
7408,464.5,182.5,0.994
7409,498.5,200.5,0.994
7410,530.5,216.5,0.995
7411,560.5,238.5,0.998
7412,588.5,258.5,0.668
7413,620.5,282.5,0.997
7414,652.5,316.5,0.989
7415,688.5,346.5,0.894
7416,384.5,186.5,0.964
7417,764.5,420.5,0.992
7418,798.5,422.5,0.995
7419,840.5,436.5,0.856
7420,884.5,444.5,0.996
7421,922.5,460.5,0.997
7422,966.5,480.5,0.997
7424,884.5,376.5,0.989
7425,842.5,338.5,0.991
7426,788.5,292.5,0.998
7427,740.5,254.5,0.998
7428,698.5,224.5,0.999
7429,658.5,196.5,0.996
7430,622.5,178.5,0.995
7431,590.5,166.5,0.997
7432,564.5,158.5,0.993
7433,534.5,150.5,0.992
7434,510.5,150.5,0.992
7435,494.5,152.5,0.995
7436,474.5,156.5,0.987
7437,456.5,164.5,0.997
7438,444.5,170.5,0.996
7439,430.5,182.5,0.998
7440,420.5,194.5,0.998
7441,410.5,210.5,0.998
7442,402.5,224.5,0.998
7443,394.5,242.5,0.999
7444,388.5,256.5,0.998
7445,378.5,234.5,0.992
7446,370.5,212.5,0.997
7447,360.5,192.5,0.994
7448,354.5,174.5,0.997
7449,346.5,156.5,0.996
7450,340.5,146.5,0.994
7451,334.5,136.5,0.998
7452,330.5,128.5,0.998
7453,326.5,122.5,0.987
7455,356.5,118.5,0.987
7456,386.5,118.5,0.994
7457,416.5,120.5,0.996
7458,446.5,122.5,0.997
7459,476.5,130.5,0.998
7460,510.5,140.5,0.998
7461,544.5,152.5,0.996
7462,576.5,164.5,0.996
7463,612.5,182.5,0.997
7464,642.5,200.5,0.996
7465,684.5,226.5,0.998
7466,716.5,250.5,0.998
7467,752.5,278.5,0.998
7468,778.5,298.5,0.998
7469,824.5,342.5,0.994
7470,850.5,368.5,0.997
7471,896.5,344.5,0.998
7472,930.5,332.5,0.994
7473,960.5,324.5,0.997
7474,1004.5,312.5,0.993
7475,1036.5,308.5,0.996
7476,1074.5,304.5,0.992
7477,1106.5,304.5,0.998
7478,1148.5,310.5,0.997
7479,1170.5,316.5,0.983
7480,1204.5,324.5,0.993
7482,1164.5,340.5,0.939
7483,1052.5,332.5,0.99
7484,1098.5,174.5,0.774
7485,908.5,328.5,0.997
7487,1170.5,304.5,0.99
7488,670.5,302.5,0.99
7489,622.5,278.5,0.997
7490,580.5,260.5,0.824
7491,532.5,242.5,0.996
7492,496.5,228.5,0.996
7493,462.5,222.5,0.998
7494,430.5,214.5,0.996
7495,398.5,212.5,0.998
7496,366.5,212.5,0.996
7497,338.5,216.5,0.995
7498,318.5,220.5,0.996
7499,172.5,212.5,0.988
7501,244.5,244.5,0.915
7502,240.5,256.5,0.994
7503,232.5,260.5,0.969
7505,220.5,250.5,0.998
7506,210.5,248.5,0.993
7507,198.5,244.5,0.992
7508,186.5,244.5,0.992
7509,174.5,244.5,0.914
7510,164.5,252.5,0.63
7513,138.5,258.5,0.986
7514,130.5,266.5,0.994
7515,120.5,280.5,0.733
7519,100.5,330.5,0.892
7520,96.5,344.5,0.99
7521,92.5,364.5,0.993
7522,88.5,382.5,0.991
7523,82.5,376.5,0.993
7524,72.5,372.5,0.992
7525,66.5,368.5,0.991
7526,60.5,368.5,0.992
7527,52.5,370.5,0.984
7528,48.5,372.5,0.99
7529,42.5,374.5,0.996
7530,38.5,382.5,0.996
7531,36.5,388.5,0.994
7536,308.5,184.5,0.967
7551,302.5,224.5,0.886
7554,322.5,224.5,0.664
7555,306.5,324.5,0.938
7559,378.5,208.5,0.955
7563,358.5,186.5,0.987
7568,354.5,206.5,0.965
7570,356.5,210.5,0.88
7572,344.5,218.5,0.741
7580,348.5,334.5,0.768
7589,568.5,234.5,0.992
7590,558.5,234.5,0.524
7607,552.5,650.5,0.987
7638,358.5,366.5,0.854
7642,414.5,624.5,0.638
7653,166.5,184.5,0.993
7654,160.5,184.5,0.995
7655,154.5,184.5,0.994
7656,146.5,186.5,0.988
7657,140.5,188.5,0.834
7664,178.5,378.5,0.566
7667,84.5,196.5,0.788
7668,76.5,196.5,0.749
7669,68.5,196.5,0.964
7670,66.5,198.5,0.966
7671,80.5,390.5,0.871
7672,376.5,604.5,0.818
7673,368.5,608.5,0.936
7681,170.5,392.5,0.96
7682,158.5,394.5,0.988
7684,84.5,312.5,0.989
