track,frame,t_s,x_px,y_px
0,144,4.8,1150.5,394.5
0,146,4.867,1158.5,384.5
0,147,4.9,1166.5,378.5
0,148,4.933,1168.5,366.5
0,149,4.967,1172.5,358.5
1,171,5.7,932.5,368.5
1,174,5.8,898.5,284.5
1,177,5.9,906.5,352.5
1,179,5.967,898.5,342.5
1,180,6.0,894.5,338.5
1,181,6.033,886.5,336.5
1,182,6.067,888.5,326.5
1,183,6.1,884.5,322.5
1,184,6.133,880.5,312.5
1,186,6.2,832.5,364.5
1,187,6.233,860.5,360.5
1,189,6.3,914.5,194.5
1,190,6.333,916.5,182.5
1,191,6.367,918.5,184.5
1,192,6.4,924.5,166.5
1,193,6.433,930.5,160.5
1,194,6.467,934.5,154.5
1,195,6.5,940.5,154.5
1,196,6.533,944.5,156.5
1,197,6.567,946.5,162.5
1,198,6.6,946.5,170.5
1,199,6.633,948.5,180.5
1,200,6.667,952.5,196.5
1,201,6.7,954.5,212.5
1,202,6.733,954.5,232.5
1,203,6.767,952.5,252.5
2,234,7.8,906.5,288.5
2,235,7.833,904.5,282.5
2,236,7.867,902.5,282.5
2,237,7.9,932.5,352.5
2,239,7.967,898.5,312.5
2,240,8.0,906.5,262.5
2,242,8.067,914.5,222.5
2,243,8.1,916.5,208.5
2,244,8.133,918.5,192.5
2,245,8.167,920.5,180.5
2,246,8.2,920.5,170.5
2,247,8.233,922.5,164.5
2,248,8.267,922.5,160.5
2,249,8.3,922.5,162.5
2,250,8.333,922.5,166.5
2,251,8.367,920.5,174.5
2,252,8.4,920.5,186.5
2,253,8.433,918.5,198.5
2,254,8.467,918.5,214.5
2,255,8.5,914.5,232.5
2,256,8.533,912.5,254.5
2,257,8.567,910.5,272.5
2,258,8.6,906.5,300.5
2,259,8.633,902.5,322.5
2,260,8.667,896.5,356.5
2,261,8.7,892.5,374.5
2,262,8.733,898.5,354.5
2,263,8.767,906.5,330.5
2,264,8.8,908.5,320.5
2,265,8.833,914.5,298.5
2,266,8.867,918.5,282.5
2,267,8.9,922.5,272.5
2,268,8.933,926.5,262.5
2,269,8.967,928.5,258.5
2,270,9.0,934.5,256.5
2,271,9.033,936.5,258.5
2,272,9.067,938.5,264.5
2,273,9.1,938.5,272.5
2,274,9.133,940.5,280.5
2,275,9.167,940.5,296.5
2,276,9.2,940.5,312.5
2,277,9.233,938.5,332.5
2,278,9.267,936.5,354.5
2,280,9.333,934.5,366.5
2,281,9.367,932.5,372.5
2,282,9.4,932.5,374.5
2,283,9.433,932.5,378.5
2,284,9.467,930.5,378.5
2,285,9.5,932.5,378.5
2,286,9.533,932.5,378.5
2,287,9.567,930.5,376.5
2,288,9.6,930.5,372.5
3,296,9.867,906.5,322.5
3,297,9.9,902.5,320.5
3,299,9.967,844.5,382.5
3,300,10.0,850.5,378.5
3,302,10.067,936.5,348.5
3,303,10.1,924.5,322.5
3,304,10.133,896.5,312.5
3,305,10.167,836.5,360.5
3,306,10.2,834.5,346.5
3,308,10.267,898.5,260.5
3,309,10.3,898.5,258.5
3,310,10.333,898.5,260.5
3,311,10.367,896.5,260.5
3,312,10.4,894.5,266.5
3,313,10.433,892.5,276.5
3,314,10.467,890.5,286.5
3,318,10.6,892.5,326.5
3,319,10.633,880.5,342.5
3,320,10.667,884.5,328.5
3,321,10.7,886.5,320.5
3,322,10.733,890.5,310.5
3,323,10.767,892.5,304.5
3,324,10.8,894.5,298.5
3,325,10.833,898.5,296.5
3,326,10.867,898.5,302.5
3,327,10.9,900.5,306.5
3,328,10.933,900.5,312.5
3,329,10.967,900.5,322.5
3,330,11.0,900.5,330.5
3,331,11.033,896.5,346.5
3,333,11.1,896.5,354.5
3,334,11.133,968.5,360.5
3,335,11.167,900.5,340.5
3,336,11.2,908.5,332.5
3,337,11.233,906.5,326.5
3,338,11.267,906.5,318.5
4,343,11.433,896.5,290.5
4,345,11.5,894.5,282.5
4,346,11.533,938.5,358.5
4,347,11.567,898.5,326.5
4,348,11.6,914.5,332.5
4,350,11.667,846.5,360.5
4,351,11.7,876.5,356.5
4,353,11.767,896.5,216.5
4,354,11.8,894.5,200.5
4,355,11.833,890.5,192.5
4,356,11.867,888.5,184.5
4,357,11.9,884.5,180.5
4,358,11.933,880.5,180.5
4,359,11.967,876.5,182.5
4,360,12.0,872.5,188.5
4,361,12.033,868.5,196.5
4,362,12.067,864.5,206.5
4,363,12.1,858.5,220.5
4,364,12.133,854.5,236.5
4,365,12.167,848.5,252.5
4,366,12.2,840.5,274.5
4,367,12.233,834.5,300.5
4,368,12.267,832.5,310.5
4,369,12.3,818.5,340.5
4,370,12.333,818.5,360.5
4,371,12.367,818.5,336.5
4,372,12.4,824.5,314.5
4,373,12.433,826.5,302.5
4,374,12.467,828.5,290.5
4,375,12.5,830.5,274.5
4,376,12.533,832.5,268.5
4,377,12.567,832.5,262.5
4,378,12.6,834.5,260.5
4,379,12.633,834.5,262.5
4,380,12.667,836.5,266.5
4,381,12.7,836.5,272.5
4,382,12.733,836.5,288.5
4,383,12.767,836.5,292.5
4,384,12.8,842.5,294.5
4,385,12.833,846.5,300.5
4,386,12.867,850.5,306.5
4,387,12.9,854.5,314.5
4,388,12.933,860.5,320.5
5,410,13.667,926.5,258.5
5,411,13.7,928.5,246.5
5,412,13.733,932.5,240.5
5,413,13.767,932.5,238.5
5,414,13.8,934.5,238.5
5,415,13.833,936.5,240.5
5,416,13.867,936.5,246.5
5,417,13.9,936.5,256.5
5,418,13.933,936.5,266.5
5,419,13.967,936.5,278.5
5,420,14.0,936.5,294.5
5,421,14.033,934.5,310.5
5,422,14.067,932.5,332.5
5,425,14.167,934.5,352.5
5,426,14.2,942.5,332.5
5,427,14.233,946.5,322.5
5,428,14.267,950.5,308.5
5,429,14.3,956.5,302.5
5,430,14.333,960.5,294.5
5,431,14.367,966.5,292.5
5,432,14.4,970.5,294.5
5,433,14.433,974.5,298.5
5,434,14.467,974.5,306.5
5,435,14.5,976.5,318.5
5,436,14.533,978.5,328.5
5,437,14.567,978.5,344.5
6,475,15.833,948.5,272.5
6,476,15.867,944.5,274.5
6,477,15.9,940.5,274.5
6,479,15.967,934.5,286.5
6,480,16.0,932.5,286.5
6,481,16.033,934.5,286.5
6,483,16.1,928.5,280.5
6,484,16.133,924.5,286.5
6,485,16.167,938.5,328.5
6,486,16.2,910.5,324.5
6,487,16.233,890.5,308.5
6,488,16.267,870.5,290.5
6,489,16.3,848.5,274.5
6,490,16.333,828.5,262.5
6,491,16.367,804.5,254.5
6,492,16.4,786.5,248.5
6,493,16.433,770.5,244.5
6,494,16.467,752.5,244.5
6,496,16.533,716.5,250.5
6,497,16.567,698.5,258.5
6,498,16.6,686.5,264.5
6,500,16.667,654.5,272.5
6,501,16.7,650.5,260.5
6,502,16.733,650.5,252.5
6,503,16.767,652.5,244.5
6,504,16.8,656.5,244.5
6,505,16.833,658.5,242.5
6,506,16.867,660.5,244.5
6,507,16.9,664.5,246.5
6,508,16.933,668.5,256.5
6,511,17.033,678.5,288.5
6,512,17.067,674.5,296.5
6,513,17.1,678.5,284.5
6,514,17.133,676.5,278.5
6,515,17.167,676.5,272.5
6,516,17.2,674.5,268.5
6,518,17.267,674.5,268.5
6,520,17.333,674.5,278.5
6,522,17.4,674.5,294.5
6,523,17.433,670.5,306.5
6,524,17.467,670.5,294.5
6,525,17.5,668.5,290.5
6,526,17.533,668.5,282.5
6,527,17.567,666.5,280.5
6,529,17.633,662.5,280.5
6,530,17.667,660.5,284.5
6,531,17.7,660.5,288.5
6,532,17.733,658.5,296.5
6,533,17.767,658.5,308.5
6,534,17.8,656.5,300.5
6,535,17.833,654.5,292.5
6,536,17.867,654.5,288.5
6,537,17.9,650.5,284.5
6,538,17.933,650.5,284.5
6,539,17.967,650.5,288.5
6,540,18.0,646.5,294.5
6,541,18.033,644.5,302.5
6,542,18.067,644.5,310.5
6,543,18.1,642.5,302.5
6,544,18.133,642.5,294.5
6,545,18.167,642.5,292.5
6,546,18.2,642.5,292.5
6,547,18.233,638.5,292.5
6,548,18.267,638.5,292.5
6,549,18.3,634.5,300.5
6,550,18.333,636.5,312.5
6,551,18.367,634.5,310.5
6,552,18.4,634.5,302.5
6,553,18.433,634.5,296.5
6,554,18.467,634.5,298.5
6,555,18.5,632.5,296.5
6,556,18.533,630.5,298.5
6,557,18.567,630.5,308.5
6,558,18.6,630.5,314.5
6,559,18.633,628.5,308.5
6,560,18.667,626.5,302.5
6,561,18.7,626.5,298.5
6,562,18.733,626.5,300.5
6,563,18.767,626.5,302.5
6,564,18.8,626.5,310.5
6,565,18.833,626.5,316.5
6,566,18.867,626.5,312.5
6,567,18.9,624.5,304.5
6,569,18.967,622.5,304.5
6,570,19.0,620.5,308.5
6,571,19.033,620.5,314.5
6,572,19.067,620.5,318.5
6,573,19.1,614.5,320.5
7,581,19.367,640.5,328.5
7,582,19.4,632.5,322.5
7,584,19.467,634.5,324.5
7,585,19.5,640.5,328.5
7,586,19.533,644.5,330.5
7,587,19.567,650.5,332.5
7,588,19.6,656.5,336.5
7,589,19.633,662.5,338.5
7,590,19.667,666.5,340.5
7,591,19.7,672.5,342.5
7,592,19.733,678.5,344.5
7,593,19.767,684.5,346.5
7,594,19.8,690.5,348.5
7,595,19.833,694.5,352.5
7,596,19.867,700.5,354.5
7,597,19.9,706.5,358.5
7,598,19.933,712.5,360.5
7,599,19.967,718.5,360.5
7,600,20.0,724.5,366.5
7,601,20.033,730.5,366.5
7,602,20.067,736.5,370.5
7,603,20.1,740.5,372.5
7,604,20.133,746.5,374.5
7,605,20.167,754.5,376.5
8,653,21.767,924.5,324.5
8,654,21.8,902.5,328.5
8,655,21.833,826.5,314.5
8,656,21.867,788.5,294.5
8,657,21.9,746.5,276.5
8,658,21.933,706.5,260.5
8,659,21.967,678.5,252.5
8,660,22.0,636.5,242.5
8,661,22.033,604.5,236.5
8,662,22.067,572.5,234.5
8,663,22.1,542.5,234.5
8,664,22.133,518.5,238.5
8,665,22.167,496.5,244.5
8,666,22.2,474.5,248.5
8,667,22.233,450.5,252.5
8,668,22.267,432.5,236.5
8,669,22.3,412.5,224.5
8,670,22.333,396.5,212.5
8,671,22.367,380.5,202.5
8,672,22.4,390.5,196.5
8,673,22.433,406.5,192.5
8,674,22.467,432.5,188.5
8,675,22.5,462.5,182.5
8,676,22.533,494.5,180.5
8,677,22.567,526.5,186.5
8,678,22.6,548.5,190.5
8,679,22.633,580.5,198.5
8,680,22.667,610.5,210.5
8,681,22.7,642.5,224.5
8,682,22.733,676.5,242.5
8,683,22.767,704.5,260.5
8,684,22.8,736.5,282.5
8,685,22.833,766.5,308.5
8,686,22.867,796.5,336.5
8,687,22.9,828.5,370.5
8,688,22.933,862.5,388.5
8,689,22.967,896.5,372.5
8,690,23.0,926.5,366.5
8,691,23.033,962.5,360.5
8,692,23.067,978.5,352.5
8,693,23.1,932.5,316.5
8,694,23.133,888.5,284.5
8,695,23.167,844.5,260.5
8,696,23.2,810.5,242.5
8,697,23.233,770.5,226.5
8,698,23.267,738.5,216.5
8,699,23.3,704.5,208.5
8,700,23.333,674.5,204.5
8,701,23.367,640.5,200.5
8,702,23.4,612.5,204.5
8,703,23.433,590.5,206.5
8,704,23.467,566.5,212.5
8,705,23.5,542.5,220.5
8,706,23.533,524.5,230.5
8,707,23.567,504.5,244.5
8,708,23.6,488.5,252.5
8,709,23.633,470.5,266.5
8,710,23.667,452.5,266.5
8,711,23.7,438.5,244.5
8,712,23.733,426.5,230.5
8,713,23.767,410.5,210.5
8,714,23.8,398.5,198.5
8,715,23.833,388.5,188.5
8,716,23.867,376.5,180.5
8,717,23.9,364.5,174.5
8,718,23.933,354.5,172.5
8,719,23.967,346.5,170.5
8,720,24.0,370.5,170.5
8,721,24.033,406.5,174.5
8,722,24.067,442.5,176.5
8,723,24.1,476.5,180.5
8,724,24.133,510.5,190.5
8,725,24.167,548.5,202.5
8,726,24.2,588.5,218.5
8,727,24.233,626.5,234.5
8,728,24.267,658.5,252.5
8,729,24.3,696.5,274.5
8,730,24.333,744.5,306.5
8,731,24.367,770.5,332.5
8,732,24.4,812.5,326.5
8,733,24.433,848.5,314.5
8,734,24.467,878.5,308.5
8,735,24.5,918.5,306.5
8,736,24.533,952.5,302.5
8,737,24.567,996.5,302.5
8,738,24.6,1024.5,308.5
8,739,24.633,1060.5,316.5
8,740,24.667,1098.5,324.5
8,741,24.7,1134.5,340.5
8,742,24.733,1162.5,354.5
8,743,24.767,1106.5,314.5
8,744,24.8,1052.5,280.5
8,745,24.833,1002.5,254.5
8,746,24.867,946.5,228.5
8,747,24.9,898.5,212.5
8,748,24.933,854.5,198.5
8,749,24.967,802.5,188.5
8,750,25.0,768.5,184.5
8,751,25.033,730.5,182.5
8,752,25.067,690.5,182.5
8,753,25.1,658.5,188.5
8,754,25.133,622.5,194.5
8,755,25.167,592.5,202.5
8,756,25.2,564.5,212.5
8,757,25.233,538.5,224.5
8,758,25.267,522.5,234.5
8,759,25.3,492.5,252.5
8,760,25.333,470.5,264.5
8,761,25.367,450.5,244.5
8,762,25.4,436.5,226.5
8,763,25.433,418.5,208.5
8,764,25.467,404.5,194.5
8,765,25.5,388.5,182.5
8,766,25.533,376.5,172.5
8,767,25.567,358.5,166.5
8,768,25.6,348.5,162.5
8,770,25.667,414.5,172.5
8,771,25.7,450.5,180.5
8,772,25.733,484.5,192.5
8,773,25.767,526.5,210.5
8,774,25.8,566.5,228.5
8,775,25.833,604.5,248.5
8,776,25.867,634.5,268.5
8,777,25.9,676.5,294.5
8,778,25.933,710.5,326.5
8,779,25.967,750.5,348.5
8,780,26.0,778.5,340.5
8,781,26.033,818.5,330.5
8,782,26.067,850.5,328.5
8,783,26.1,894.5,328.5
8,784,26.133,928.5,334.5
8,785,26.167,964.5,340.5
8,786,26.2,1006.5,350.5
8,787,26.233,1034.5,360.5
8,788,26.267,1010.5,330.5
8,789,26.3,962.5,280.5
8,790,26.333,936.5,258.5
8,791,26.367,902.5,226.5
8,792,26.4,874.5,208.5
8,793,26.433,844.5,190.5
8,794,26.467,826.5,180.5
8,795,26.5,794.5,168.5
8,796,26.533,772.5,164.5
8,797,26.567,748.5,162.5
8,798,26.6,730.5,162.5
8,799,26.633,706.5,164.5
8,800,26.667,688.5,168.5
8,801,26.7,672.5,174.5
8,802,26.733,652.5,186.5
8,803,26.767,640.5,196.5
8,804,26.8,626.5,208.5
8,805,26.833,614.5,222.5
8,806,26.867,602.5,238.5
8,807,26.9,594.5,248.5
8,808,26.933,580.5,256.5
8,809,26.967,574.5,240.5
8,810,27.0,566.5,218.5
8,811,27.033,558.5,200.5
8,812,27.067,552.5,186.5
8,813,27.1,544.5,174.5
8,814,27.133,536.5,162.5
8,815,27.167,530.5,156.5
8,816,27.2,524.5,152.5
8,817,27.233,518.5,148.5
8,818,27.267,512.5,150.5
8,819,27.3,506.5,150.5
8,820,27.333,502.5,156.5
8,821,27.367,498.5,160.5
8,822,27.4,506.5,156.5
8,823,27.433,512.5,152.5
8,824,27.467,520.5,152.5
8,825,27.5,528.5,152.5
8,826,27.533,538.5,156.5
8,827,27.567,548.5,162.5
8,828,27.6,556.5,168.5
8,829,27.633,566.5,180.5
8,830,27.667,578.5,196.5
8,831,27.7,588.5,212.5
8,832,27.733,598.5,232.5
8,833,27.767,606.5,250.5
8,834,27.8,620.5,276.5
8,835,27.833,632.5,308.5
8,836,27.867,640.5,336.5
8,837,27.9,650.5,374.5
8,838,27.933,660.5,374.5
8,839,27.967,668.5,356.5
8,840,28.0,678.5,346.5
8,841,28.033,694.5,336.5
8,842,28.067,704.5,330.5
8,843,28.1,714.5,328.5
8,844,28.133,724.5,330.5
8,845,28.167,736.5,334.5
8,846,28.2,750.5,342.5
8,847,28.233,760.5,352.5
8,848,28.267,772.5,368.5
8,849,28.3,782.5,390.5
8,850,28.333,792.5,418.5
8,852,28.4,780.5,410.5
8,853,28.433,738.5,364.5
8,854,28.467,708.5,330.5
8,855,28.5,676.5,296.5
8,856,28.533,642.5,276.5
8,857,28.567,616.5,258.5
8,858,28.6,594.5,246.5
8,859,28.633,572.5,236.5
8,860,28.667,550.5,228.5
8,861,28.7,530.5,226.5
8,862,28.733,510.5,226.5
8,863,28.767,494.5,228.5
8,864,28.8,478.5,230.5
8,865,28.833,466.5,238.5
8,866,28.867,450.5,246.5
8,867,28.9,440.5,256.5
8,868,28.933,428.5,272.5
8,869,28.967,418.5,284.5
8,870,29.0,406.5,284.5
8,871,29.033,394.5,258.5
8,872,29.067,388.5,242.5
8,873,29.1,374.5,222.5
8,874,29.133,370.5,210.5
8,875,29.167,360.5,196.5
8,876,29.2,352.5,188.5
8,877,29.233,346.5,182.5
8,878,29.267,338.5,180.5
8,879,29.3,322.5,182.5
8,880,29.333,346.5,180.5
8,881,29.367,392.5,192.5
8,883,29.433,482.5,214.5
8,884,29.467,526.5,232.5
8,886,29.533,390.5,118.5
9,891,29.7,594.5,266.5
9,892,29.733,590.5,260.5
9,893,29.767,586.5,258.5
9,894,29.8,582.5,258.5
9,895,29.833,578.5,260.5
9,896,29.867,572.5,262.5
9,897,29.9,570.5,254.5
9,898,29.933,566.5,246.5
9,899,29.967,564.5,244.5
9,901,30.033,558.5,244.5
9,902,30.067,556.5,246.5
9,903,30.1,554.5,240.5
9,904,30.133,554.5,234.5
9,905,30.167,554.5,230.5
9,906,30.2,552.5,230.5
9,907,30.233,550.5,230.5
9,909,30.3,380.5,200.5
9,910,30.333,384.5,202.5
9,911,30.367,388.5,204.5
9,915,30.5,404.5,206.5
10,1040,34.667,346.5,128.5
10,1041,34.7,342.5,114.5
10,1042,34.733,340.5,100.5
10,1043,34.767,338.5,88.5
10,1044,34.8,338.5,80.5
10,1045,34.833,336.5,72.5
10,1046,34.867,334.5,70.5
10,1047,34.9,334.5,68.5
10,1048,34.933,332.5,68.5
10,1049,34.967,330.5,72.5
10,1050,35.0,330.5,78.5
10,1053,35.1,332.5,108.5
11,1066,35.533,328.5,194.5
11,1067,35.567,326.5,206.5
11,1068,35.6,328.5,210.5
11,1069,35.633,324.5,218.5
11,1071,35.7,316.5,230.5
11,1072,35.733,310.5,236.5
11,1074,35.8,300.5,242.5
11,1075,35.833,296.5,248.5
11,1076,35.867,290.5,254.5
11,1077,35.9,292.5,252.5
11,1078,35.933,280.5,258.5
11,1079,35.967,280.5,258.5
11,1080,36.0,274.5,260.5
11,1081,36.033,272.5,260.5
11,1082,36.067,268.5,260.5
11,1083,36.1,268.5,264.5
11,1084,36.133,268.5,264.5
11,1085,36.167,266.5,268.5
11,1086,36.2,268.5,272.5
11,1087,36.233,268.5,274.5
11,1088,36.267,268.5,274.5
11,1089,36.3,264.5,270.5
11,1090,36.333,262.5,260.5
11,1091,36.367,258.5,248.5
11,1092,36.4,256.5,236.5
11,1093,36.433,254.5,218.5
11,1094,36.467,252.5,206.5
11,1095,36.5,246.5,196.5
11,1096,36.533,244.5,192.5
11,1097,36.567,242.5,186.5
11,1098,36.6,242.5,186.5
11,1099,36.633,242.5,184.5
11,1100,36.667,242.5,190.5
11,1101,36.7,242.5,196.5
11,1102,36.733,244.5,202.5
11,1103,36.767,246.5,218.5
11,1104,36.8,244.5,226.5
11,1105,36.833,250.5,240.5
11,1106,36.867,280.5,254.5
11,1108,36.933,382.5,260.5
11,1109,36.967,414.5,252.5
11,1110,37.0,444.5,246.5
11,1111,37.033,482.5,244.5
11,1112,37.067,520.5,244.5
11,1113,37.1,558.5,244.5
11,1114,37.133,594.5,250.5
11,1115,37.167,628.5,258.5
11,1116,37.2,658.5,264.5
11,1117,37.233,692.5,278.5
11,1118,37.267,726.5,292.5
11,1119,37.3,762.5,322.5
11,1120,37.333,786.5,324.5
11,1121,37.367,826.5,306.5
11,1122,37.4,850.5,298.5
11,1123,37.433,882.5,290.5
11,1124,37.467,914.5,288.5
11,1125,37.5,946.5,288.5
11,1126,37.533,944.5,288.5
11,1127,37.567,1018.5,306.5
11,1128,37.6,1016.5,306.5
11,1129,37.633,1050.5,318.5
11,1131,37.7,1038.5,312.5
11,1132,37.733,1004.5,292.5
11,1133,37.767,948.5,268.5
11,1134,37.8,908.5,252.5
11,1135,37.833,866.5,240.5
11,1136,37.867,828.5,228.5
11,1137,37.9,786.5,222.5
11,1138,37.933,748.5,218.5
11,1139,37.967,714.5,216.5
11,1140,38.0,678.5,216.5
11,1141,38.033,642.5,220.5
11,1142,38.067,618.5,226.5
11,1143,38.1,586.5,234.5
11,1144,38.133,562.5,242.5
11,1145,38.167,532.5,252.5
11,1146,38.2,498.5,266.5
11,1147,38.233,486.5,250.5
11,1148,38.267,466.5,234.5
11,1149,38.3,448.5,222.5
11,1150,38.333,428.5,210.5
11,1151,38.367,412.5,200.5
11,1152,38.4,338.5,202.5
11,1153,38.433,362.5,204.5
11,1154,38.467,430.5,196.5
11,1155,38.5,460.5,202.5
11,1156,38.533,494.5,212.5
11,1157,38.567,530.5,226.5
11,1158,38.6,562.5,242.5
11,1159,38.633,592.5,256.5
11,1160,38.667,628.5,274.5
11,1161,38.7,666.5,300.5
11,1162,38.733,698.5,326.5
11,1163,38.767,730.5,354.5
11,1164,38.8,764.5,354.5
11,1165,38.833,792.5,350.5
11,1166,38.867,828.5,352.5
11,1167,38.9,862.5,356.5
11,1168,38.933,894.5,362.5
11,1169,38.967,930.5,372.5
11,1170,39.0,968.5,388.5
11,1171,39.033,998.5,400.5
11,1172,39.067,962.5,364.5
11,1173,39.1,920.5,322.5
11,1174,39.133,874.5,276.5
11,1175,39.167,840.5,252.5
11,1176,39.2,804.5,226.5
11,1177,39.233,776.5,208.5
11,1178,39.267,746.5,192.5
11,1179,39.3,720.5,180.5
11,1180,39.333,692.5,172.5
11,1181,39.367,674.5,166.5
11,1182,39.4,646.5,164.5
11,1183,39.433,630.5,164.5
11,1184,39.467,612.5,168.5
11,1185,39.5,596.5,174.5
11,1186,39.533,582.5,180.5
11,1187,39.567,568.5,192.5
11,1188,39.6,558.5,200.5
11,1189,39.633,548.5,210.5
11,1190,39.667,538.5,226.5
11,1191,39.7,530.5,238.5
11,1192,39.733,518.5,242.5
11,1193,39.767,512.5,222.5
11,1194,39.8,506.5,204.5
11,1195,39.833,498.5,186.5
11,1196,39.867,490.5,170.5
11,1197,39.9,486.5,160.5
11,1198,39.933,480.5,148.5
11,1199,39.967,472.5,142.5
11,1200,40.0,468.5,136.5
11,1201,40.033,462.5,134.5
11,1202,40.067,458.5,134.5
11,1203,40.1,454.5,136.5
11,1204,40.133,478.5,138.5
11,1205,40.167,502.5,144.5
11,1206,40.2,538.5,156.5
11,1207,40.233,572.5,166.5
11,1208,40.267,604.5,180.5
11,1209,40.3,640.5,198.5
11,1210,40.333,674.5,220.5
11,1211,40.367,706.5,240.5
11,1212,40.4,740.5,268.5
11,1213,40.433,768.5,290.5
11,1214,40.467,810.5,328.5
11,1215,40.5,840.5,360.5
11,1216,40.533,880.5,398.5
11,1217,40.567,930.5,394.5
11,1218,40.6,960.5,396.5
11,1219,40.633,1002.5,400.5
11,1220,40.667,1040.5,404.5
11,1221,40.7,1076.5,410.5
11,1222,40.733,1026.5,370.5
11,1223,40.767,966.5,328.5
11,1225,40.833,852.5,252.5
11,1226,40.867,808.5,230.5
11,1227,40.9,764.5,212.5
11,1228,40.933,722.5,196.5
11,1229,40.967,684.5,186.5
11,1230,41.0,646.5,180.5
11,1231,41.033,620.5,178.5
11,1232,41.067,588.5,178.5
11,1233,41.1,556.5,182.5
11,1234,41.133,532.5,186.5
11,1235,41.167,512.5,194.5
11,1236,41.2,492.5,202.5
11,1237,41.233,474.5,216.5
11,1238,41.267,456.5,228.5
11,1239,41.3,444.5,238.5
11,1240,41.333,428.5,258.5
11,1241,41.367,418.5,272.5
11,1242,41.4,402.5,252.5
11,1243,41.433,388.5,230.5
11,1244,41.467,374.5,212.5
11,1246,41.533,352.5,178.5
11,1247,41.567,340.5,168.5
11,1248,41.6,330.5,160.5
11,1249,41.633,324.5,154.5
11,1250,41.667,312.5,150.5
11,1251,41.7,304.5,148.5
11,1252,41.733,296.5,150.5
11,1253,41.767,288.5,154.5
11,1254,41.8,282.5,160.5
11,1255,41.833,274.5,170.5
11,1256,41.867,294.5,170.5
11,1258,41.933,380.5,144.5
11,1260,42.0,434.5,134.5
12,1265,42.167,900.5,338.5
12,1267,42.233,1030.5,350.5
12,1268,42.267,1106.5,364.5
12,1269,42.3,1184.5,382.5
12,1271,42.367,1248.5,364.5
12,1273,42.433,1172.5,288.5
12,1274,42.467,1134.5,256.5
12,1275,42.5,1094.5,226.5
12,1276,42.533,1056.5,202.5
12,1280,42.667,906.5,122.5
12,1281,42.7,896.5,148.5
12,1282,42.733,860.5,150.5
12,1283,42.767,834.5,152.5
12,1284,42.8,804.5,164.5
12,1285,42.833,780.5,172.5
12,1286,42.867,756.5,184.5
12,1287,42.9,732.5,196.5
12,1288,42.933,710.5,212.5
12,1289,42.967,686.5,228.5
12,1290,43.0,672.5,240.5
12,1291,43.033,650.5,260.5
12,1292,43.067,630.5,278.5
12,1293,43.1,612.5,306.5
12,1294,43.133,590.5,300.5
12,1295,43.167,580.5,276.5
12,1296,43.2,570.5,258.5
12,1297,43.233,558.5,240.5
12,1298,43.267,548.5,224.5
12,1299,43.3,536.5,210.5
12,1300,43.333,526.5,200.5
12,1301,43.367,516.5,194.5
12,1302,43.4,504.5,188.5
12,1303,43.433,494.5,188.5
12,1304,43.467,484.5,188.5
12,1305,43.5,476.5,192.5
12,1306,43.533,466.5,196.5
12,1307,43.567,456.5,208.5
12,1308,43.6,448.5,216.5
12,1309,43.633,442.5,232.5
12,1310,43.667,434.5,244.5
12,1311,43.7,428.5,262.5
12,1312,43.733,422.5,280.5
12,1313,43.767,414.5,300.5
12,1314,43.8,408.5,286.5
12,1315,43.833,402.5,272.5
12,1316,43.867,394.5,252.5
12,1317,43.9,386.5,240.5
12,1318,43.933,380.5,228.5
12,1319,43.967,372.5,220.5
12,1320,44.0,366.5,214.5
12,1321,44.033,362.5,212.5
12,1322,44.067,356.5,212.5
12,1323,44.1,350.5,214.5
12,1324,44.133,346.5,220.5
12,1325,44.167,342.5,228.5
12,1326,44.2,338.5,238.5
12,1327,44.233,336.5,248.5
12,1328,44.267,332.5,260.5
12,1329,44.3,330.5,276.5
12,1330,44.333,330.5,292.5
12,1331,44.367,324.5,292.5
12,1332,44.4,316.5,276.5
12,1333,44.433,312.5,266.5
12,1334,44.467,306.5,256.5
12,1335,44.5,300.5,244.5
12,1336,44.533,294.5,238.5
12,1337,44.567,290.5,234.5
12,1338,44.6,288.5,234.5
12,1339,44.633,284.5,234.5
12,1340,44.667,278.5,240.5
12,1341,44.7,276.5,246.5
12,1342,44.733,274.5,254.5
12,1343,44.767,276.5,236.5
12,1344,44.8,282.5,214.5
12,1345,44.833,286.5,196.5
12,1346,44.867,292.5,180.5
12,1347,44.9,296.5,166.5
12,1348,44.933,302.5,158.5
12,1349,44.967,308.5,150.5
12,1350,45.0,314.5,148.5
12,1351,45.033,320.5,148.5
12,1352,45.067,326.5,148.5
12,1353,45.1,332.5,152.5
12,1354,45.133,336.5,158.5
12,1355,45.167,328.5,152.5
12,1356,45.2,326.5,142.5
12,1357,45.233,316.5,136.5
12,1361,45.367,316.5,156.5
12,1362,45.4,320.5,166.5
12,1363,45.433,328.5,178.5
12,1364,45.467,336.5,186.5
12,1366,45.533,358.5,204.5
12,1370,45.667,390.5,214.5
12,1371,45.7,396.5,216.5
13,1390,46.333,856.5,386.5
13,1391,46.367,896.5,310.5
13,1394,46.467,872.5,316.5
13,1395,46.5,878.5,316.5
13,1399,46.633,1194.5,480.5
13,1401,46.7,1204.5,456.5
14,1431,47.7,404.5,220.5
14,1432,47.733,398.5,222.5
14,1433,47.767,396.5,216.5
14,1434,47.8,392.5,212.5
14,1435,47.833,392.5,208.5
14,1436,47.867,390.5,202.5
14,1437,47.9,390.5,194.5
14,1438,47.933,390.5,186.5
14,1439,47.967,390.5,178.5
14,1440,48.0,392.5,162.5
14,1441,48.033,392.5,146.5
14,1442,48.067,392.5,132.5
14,1443,48.1,392.5,120.5
14,1444,48.133,388.5,108.5
14,1445,48.167,384.5,96.5
14,1446,48.2,380.5,86.5
15,1459,48.633,366.5,98.5
15,1460,48.667,366.5,112.5
15,1461,48.7,366.5,124.5
15,1462,48.733,366.5,138.5
15,1463,48.767,366.5,150.5
15,1464,48.8,366.5,162.5
15,1465,48.833,366.5,168.5
15,1466,48.867,364.5,176.5
15,1470,49.0,362.5,176.5
16,1475,49.167,366.5,170.5
16,1476,49.2,308.5,190.5
16,1477,49.233,364.5,172.5
16,1478,49.267,364.5,170.5
16,1480,49.333,364.5,172.5
16,1481,49.367,364.5,172.5
17,1521,50.7,366.5,174.5
17,1522,50.733,364.5,174.5
17,1526,50.867,74.5,212.5
17,1530,51.0,364.5,176.5
17,1531,51.033,364.5,176.5
17,1532,51.067,364.5,176.5
17,1534,51.133,366.5,178.5
17,1535,51.167,364.5,178.5
17,1537,51.233,364.5,176.5
17,1539,51.3,364.5,176.5
17,1541,51.367,358.5,176.5
17,1542,51.4,360.5,178.5
18,1557,51.9,364.5,176.5
18,1558,51.933,364.5,176.5
18,1559,51.967,364.5,176.5
18,1560,52.0,362.5,176.5
18,1561,52.033,362.5,174.5
18,1562,52.067,366.5,170.5
18,1563,52.1,368.5,168.5
18,1564,52.133,372.5,164.5
18,1565,52.167,376.5,158.5
18,1566,52.2,378.5,150.5
18,1567,52.233,380.5,142.5
18,1568,52.267,382.5,132.5
18,1569,52.3,386.5,128.5
19,1575,52.5,388.5,144.5
19,1576,52.533,386.5,152.5
19,1577,52.567,382.5,154.5
19,1578,52.6,378.5,160.5
19,1582,52.733,366.5,176.5
19,1583,52.767,362.5,178.5
19,1584,52.8,360.5,178.5
19,1585,52.833,362.5,176.5
19,1586,52.867,362.5,174.5
19,1587,52.9,366.5,174.5
20,1601,53.367,376.5,180.5
20,1602,53.4,374.5,178.5
20,1603,53.433,376.5,178.5
20,1604,53.467,374.5,178.5
20,1606,53.533,374.5,174.5
20,1607,53.567,374.5,168.5
20,1609,53.633,368.5,160.5
20,1610,53.667,338.5,194.5
20,1611,53.7,364.5,158.5
20,1612,53.733,362.5,164.5
20,1613,53.767,362.5,168.5
20,1614,53.8,358.5,156.5
20,1615,53.833,358.5,138.5
20,1616,53.867,356.5,122.5
20,1617,53.9,354.5,102.5
20,1618,53.933,352.5,88.5
20,1619,53.967,352.5,82.5
20,1620,54.0,348.5,70.5
21,1625,54.167,348.5,68.5
21,1626,54.2,348.5,72.5
21,1627,54.233,346.5,80.5
21,1628,54.267,348.5,90.5
21,1629,54.3,350.5,102.5
21,1630,54.333,352.5,118.5
21,1631,54.367,354.5,132.5
22,1688,56.267,298.5,250.5
22,1689,56.3,292.5,254.5
22,1690,56.333,292.5,254.5
22,1691,56.367,286.5,256.5
22,1693,56.433,280.5,258.5
22,1694,56.467,280.5,258.5
22,1695,56.5,280.5,260.5
22,1696,56.533,276.5,260.5
22,1697,56.567,274.5,260.5
22,1698,56.6,272.5,260.5
22,1699,56.633,270.5,260.5
22,1700,56.667,270.5,260.5
22,1701,56.7,268.5,260.5
22,1702,56.733,268.5,260.5
22,1703,56.767,266.5,260.5
22,1704,56.8,266.5,260.5
22,1705,56.833,266.5,260.5
22,1706,56.867,266.5,262.5
22,1707,56.9,266.5,262.5
22,1708,56.933,266.5,262.5
22,1709,56.967,266.5,266.5
22,1710,57.0,268.5,266.5
22,1711,57.033,268.5,270.5
22,1712,57.067,272.5,272.5
22,1713,57.1,274.5,272.5
22,1714,57.133,274.5,272.5
22,1715,57.167,270.5,264.5
22,1716,57.2,266.5,256.5
22,1717,57.233,262.5,242.5
22,1718,57.267,258.5,226.5
22,1719,57.3,250.5,204.5
22,1720,57.333,246.5,196.5
22,1721,57.367,242.5,184.5
22,1722,57.4,242.5,174.5
22,1723,57.433,238.5,166.5
22,1724,57.467,236.5,164.5
22,1725,57.5,234.5,164.5
22,1726,57.533,234.5,166.5
22,1727,57.567,232.5,168.5
22,1728,57.6,230.5,174.5
22,1729,57.633,232.5,182.5
22,1730,57.667,232.5,194.5
22,1731,57.7,234.5,206.5
22,1732,57.733,232.5,228.5
22,1733,57.767,240.5,232.5
22,1736,57.867,366.5,284.5
22,1737,57.9,412.5,276.5
22,1738,57.933,452.5,276.5
22,1739,57.967,496.5,276.5
22,1740,58.0,554.5,276.5
22,1741,58.033,602.5,284.5
22,1742,58.067,638.5,290.5
22,1743,58.1,684.5,298.5
22,1744,58.133,722.5,308.5
22,1745,58.167,776.5,340.5
22,1746,58.2,814.5,346.5
22,1747,58.233,862.5,338.5
22,1748,58.267,910.5,334.5
22,1749,58.3,946.5,334.5
22,1750,58.333,988.5,338.5
22,1751,58.367,1026.5,342.5
22,1752,58.4,1066.5,352.5
22,1753,58.433,1040.5,332.5
22,1754,58.467,1002.5,308.5
22,1755,58.5,942.5,274.5
22,1756,58.533,910.5,260.5
22,1757,58.567,866.5,242.5
22,1758,58.6,830.5,230.5
22,1759,58.633,794.5,224.5
22,1760,58.667,758.5,220.5
22,1761,58.7,724.5,218.5
22,1762,58.733,692.5,220.5
22,1763,58.767,674.5,222.5
22,1764,58.8,642.5,228.5
22,1765,58.833,614.5,238.5
22,1766,58.867,590.5,246.5
22,1767,58.9,564.5,262.5
22,1768,58.933,546.5,260.5
22,1769,58.967,530.5,246.5
22,1770,59.0,512.5,228.5
22,1771,59.033,494.5,214.5
22,1772,59.067,476.5,200.5
22,1773,59.1,462.5,196.5
22,1774,59.133,446.5,188.5
22,1775,59.167,432.5,186.5
22,1776,59.2,418.5,186.5
22,1777,59.233,402.5,188.5
22,1778,59.267,390.5,190.5
22,1779,59.3,384.5,194.5
22,1780,59.333,376.5,184.5
22,1781,59.367,368.5,182.5
22,1782,59.4,358.5,180.5
22,1783,59.433,348.5,182.5
22,1784,59.467,342.5,188.5
22,1785,59.5,336.5,196.5
23,1800,60.0,310.5,238.5
23,1804,60.133,292.5,248.5
23,1805,60.167,290.5,248.5
23,1806,60.2,284.5,252.5
23,1807,60.233,282.5,252.5
23,1808,60.267,278.5,256.5
23,1809,60.3,274.5,256.5
23,1810,60.333,272.5,256.5
23,1811,60.367,270.5,258.5
23,1812,60.4,268.5,258.5
23,1813,60.433,268.5,260.5
23,1814,60.467,268.5,260.5
23,1815,60.5,268.5,262.5
23,1816,60.533,270.5,266.5
23,1817,60.567,270.5,270.5
23,1818,60.6,270.5,268.5
23,1819,60.633,268.5,262.5
23,1820,60.667,264.5,256.5
23,1821,60.7,260.5,242.5
23,1823,60.767,250.5,210.5
23,1824,60.8,246.5,198.5
23,1825,60.833,244.5,190.5
23,1826,60.867,240.5,180.5
23,1827,60.9,238.5,176.5
23,1828,60.933,236.5,174.5
23,1829,60.967,236.5,174.5
23,1830,61.0,234.5,176.5
23,1831,61.033,232.5,182.5
23,1832,61.067,230.5,190.5
23,1833,61.1,222.5,208.5
23,1835,61.167,238.5,224.5
23,1837,61.233,312.5,266.5
23,1839,61.3,382.5,276.5
23,1840,61.333,416.5,270.5
23,1841,61.367,450.5,264.5
23,1842,61.4,482.5,262.5
23,1843,61.433,512.5,262.5
23,1844,61.467,556.5,268.5
23,1845,61.5,604.5,278.5
23,1846,61.533,628.5,288.5
23,1847,61.567,668.5,304.5
23,1848,61.6,702.5,320.5
23,1849,61.633,732.5,338.5
23,1850,61.667,778.5,368.5
23,1851,61.7,810.5,366.5
23,1852,61.733,840.5,356.5
23,1853,61.767,878.5,348.5
23,1854,61.8,908.5,346.5
23,1855,61.833,942.5,348.5
23,1856,61.867,980.5,352.5
23,1857,61.9,1008.5,356.5
23,1858,61.933,1016.5,346.5
23,1859,61.967,980.5,324.5
23,1860,62.0,930.5,286.5
23,1861,62.033,884.5,258.5
23,1862,62.067,846.5,240.5
23,1863,62.1,802.5,220.5
23,1864,62.133,770.5,208.5
23,1865,62.167,734.5,198.5
23,1866,62.2,702.5,192.5
23,1867,62.233,672.5,188.5
23,1868,62.267,636.5,186.5
23,1869,62.3,598.5,188.5
23,1870,62.333,572.5,194.5
23,1871,62.367,544.5,198.5
23,1872,62.4,516.5,210.5
23,1873,62.433,492.5,220.5
23,1874,62.467,470.5,230.5
23,1875,62.5,448.5,244.5
23,1876,62.533,426.5,262.5
23,1877,62.567,408.5,280.5
23,1878,62.6,392.5,296.5
23,1879,62.633,372.5,294.5
23,1880,62.667,356.5,272.5
23,1881,62.7,342.5,254.5
23,1882,62.733,330.5,236.5
23,1883,62.767,312.5,220.5
23,1884,62.8,300.5,210.5
23,1885,62.833,286.5,200.5
23,1886,62.867,274.5,196.5
23,1887,62.9,264.5,192.5
23,1888,62.933,254.5,194.5
23,1889,62.967,242.5,192.5
23,1890,63.0,234.5,196.5
23,1892,63.067,290.5,182.5
23,1893,63.1,314.5,178.5
24,1898,63.267,772.5,356.5
24,1899,63.3,836.5,338.5
24,1901,63.367,978.5,324.5
24,1903,63.433,1148.5,322.5
24,1904,63.467,1190.5,324.5
24,1905,63.5,1236.5,320.5
24,1906,63.533,1190.5,288.5
24,1908,63.6,1058.5,208.5
24,1912,63.733,850.5,132.5
24,1913,63.767,806.5,130.5
24,1914,63.8,776.5,126.5
24,1915,63.833,736.5,126.5
24,1916,63.867,700.5,130.5
24,1917,63.9,674.5,132.5
24,1918,63.933,638.5,142.5
24,1919,63.967,604.5,152.5
24,1920,64.0,576.5,164.5
24,1921,64.033,554.5,174.5
24,1922,64.067,532.5,186.5
24,1923,64.1,506.5,206.5
24,1924,64.133,488.5,220.5
24,1925,64.167,468.5,236.5
24,1926,64.2,450.5,228.5
24,1927,64.233,434.5,206.5
24,1928,64.267,420.5,186.5
24,1929,64.3,406.5,170.5
24,1930,64.333,390.5,154.5
24,1931,64.367,342.5,128.5
24,1932,64.4,372.5,132.5
24,1933,64.433,390.5,130.5
24,1935,64.5,414.5,128.5
24,1936,64.533,446.5,124.5
24,1937,64.567,474.5,126.5
24,1938,64.6,498.5,126.5
24,1939,64.633,526.5,132.5
24,1940,64.667,550.5,140.5
24,1941,64.7,578.5,150.5
24,1942,64.733,608.5,164.5
24,1943,64.767,634.5,180.5
24,1944,64.8,668.5,202.5
24,1945,64.833,688.5,220.5
24,1946,64.867,714.5,244.5
24,1947,64.9,736.5,268.5
24,1948,64.933,756.5,290.5
24,1949,64.967,776.5,322.5
24,1950,65.0,808.5,358.5
24,1951,65.033,832.5,344.5
24,1952,65.067,854.5,334.5
24,1953,65.1,882.5,320.5
24,1954,65.133,898.5,314.5
24,1955,65.167,930.5,306.5
24,1956,65.2,952.5,304.5
24,1957,65.233,974.5,304.5
24,1958,65.267,1000.5,308.5
24,1959,65.3,1020.5,314.5
24,1960,65.333,1042.5,320.5
24,1961,65.367,1004.5,288.5
24,1962,65.4,948.5,240.5
24,1963,65.433,906.5,210.5
24,1964,65.467,866.5,184.5
24,1965,65.5,828.5,160.5
24,1966,65.533,794.5,144.5
24,1967,65.567,762.5,132.5
24,1968,65.6,730.5,124.5
24,1969,65.633,704.5,118.5
24,1970,65.667,676.5,114.5
24,1971,65.7,644.5,116.5
24,1972,65.733,624.5,120.5
24,1973,65.767,598.5,126.5
24,1974,65.8,580.5,134.5
24,1975,65.833,564.5,144.5
24,1976,65.867,546.5,154.5
24,1977,65.9,530.5,168.5
24,1978,65.933,514.5,182.5
24,1979,65.967,504.5,196.5
24,1980,66.0,490.5,214.5
24,1981,66.033,482.5,228.5
24,1982,66.067,468.5,242.5
24,1983,66.1,458.5,220.5
24,1984,66.133,448.5,196.5
24,1985,66.167,436.5,180.5
24,1986,66.2,428.5,164.5
24,1987,66.233,418.5,148.5
24,1988,66.267,412.5,140.5
24,1989,66.3,402.5,130.5
24,1990,66.333,394.5,124.5
24,1991,66.367,386.5,120.5
24,1992,66.4,380.5,118.5
24,1993,66.433,372.5,116.5
24,1994,66.467,368.5,122.5
24,1995,66.5,398.5,132.5
24,1996,66.533,434.5,134.5
24,1997,66.567,476.5,142.5
24,1998,66.6,520.5,154.5
24,1999,66.633,560.5,164.5
24,2000,66.667,604.5,182.5
24,2001,66.7,638.5,196.5
24,2002,66.733,686.5,220.5
24,2003,66.767,728.5,244.5
24,2004,66.8,770.5,270.5
24,2005,66.833,812.5,298.5
24,2006,66.867,864.5,338.5
24,2007,66.9,894.5,362.5
24,2008,66.933,932.5,398.5
24,2009,66.967,990.5,450.5
24,2010,67.0,1034.5,500.5
24,2011,67.033,1074.5,546.5
24,2012,67.067,1118.5,600.5
25,2020,67.333,332.5,172.5
25,2022,67.4,308.5,188.5
25,2023,67.433,298.5,192.5
25,2024,67.467,282.5,198.5
25,2025,67.5,272.5,204.5
25,2026,67.533,250.5,210.5
25,2027,67.567,234.5,210.5
26,2073,69.1,404.5,212.5
26,2074,69.133,400.5,212.5
26,2075,69.167,398.5,212.5
26,2076,69.2,396.5,210.5
26,2078,69.267,388.5,216.5
26,2081,69.367,376.5,206.5
27,2153,71.767,360.5,144.5
27,2154,71.8,378.5,146.5
27,2155,71.833,418.5,138.5
27,2156,71.867,446.5,138.5
27,2157,71.9,438.5,130.5
28,2257,75.233,954.5,324.5
28,2260,75.333,938.5,272.5
28,2261,75.367,936.5,270.5
28,2262,75.4,932.5,264.5
28,2263,75.433,928.5,270.5
28,2265,75.5,956.5,198.5
28,2266,75.533,954.5,198.5
28,2267,75.567,950.5,200.5
28,2268,75.6,946.5,206.5
28,2269,75.633,942.5,212.5
28,2270,75.667,936.5,222.5
28,2271,75.7,930.5,234.5
28,2272,75.733,926.5,246.5
29,2371,79.033,944.5,270.5
29,2372,79.067,940.5,274.5
29,2373,79.1,936.5,276.5
29,2374,79.133,934.5,280.5
29,2375,79.167,934.5,284.5
29,2376,79.2,932.5,262.5
29,2378,79.267,920.5,272.5
29,2380,79.333,928.5,308.5
29,2381,79.367,878.5,318.5
29,2382,79.4,828.5,338.5
29,2383,79.433,802.5,330.5
29,2384,79.467,762.5,298.5
29,2385,79.5,738.5,288.5
29,2386,79.533,706.5,276.5
29,2387,79.567,680.5,264.5
29,2388,79.6,648.5,258.5
29,2389,79.633,624.5,252.5
29,2390,79.667,596.5,250.5
29,2391,79.7,576.5,250.5
29,2392,79.733,548.5,250.5
29,2393,79.767,528.5,256.5
29,2394,79.8,506.5,262.5
29,2395,79.833,486.5,274.5
29,2396,79.867,468.5,276.5
29,2397,79.9,456.5,266.5
29,2398,79.933,440.5,248.5
29,2399,79.967,426.5,238.5
29,2400,80.0,412.5,230.5
29,2401,80.033,398.5,226.5
29,2402,80.067,386.5,220.5
29,2403,80.1,350.5,218.5
29,2404,80.133,410.5,218.5
29,2405,80.167,434.5,222.5
29,2406,80.2,468.5,224.5
29,2407,80.233,492.5,230.5
29,2408,80.267,518.5,242.5
29,2409,80.3,546.5,250.5
29,2410,80.333,574.5,264.5
29,2411,80.367,602.5,286.5
29,2412,80.4,626.5,302.5
29,2413,80.433,656.5,328.5
29,2414,80.467,682.5,354.5
29,2415,80.5,712.5,386.5
29,2416,80.533,738.5,388.5
29,2417,80.567,768.5,386.5
29,2418,80.6,794.5,384.5
29,2419,80.633,818.5,380.5
29,2420,80.667,786.5,346.5
29,2421,80.7,758.5,324.5
29,2422,80.733,730.5,298.5
29,2423,80.767,696.5,278.5
29,2424,80.8,676.5,268.5
29,2425,80.833,648.5,256.5
29,2426,80.867,626.5,246.5
29,2427,80.9,604.5,242.5
29,2428,80.933,584.5,240.5
29,2429,80.967,566.5,240.5
29,2430,81.0,552.5,242.5
29,2431,81.033,538.5,248.5
29,2432,81.067,522.5,256.5
29,2433,81.1,510.5,262.5
29,2434,81.133,498.5,268.5
29,2435,81.167,492.5,248.5
29,2436,81.2,482.5,230.5
29,2437,81.233,476.5,216.5
29,2438,81.267,468.5,204.5
29,2439,81.3,462.5,194.5
29,2440,81.333,456.5,188.5
29,2441,81.367,450.5,182.5
29,2442,81.4,416.5,180.5
29,2443,81.433,466.5,182.5
29,2445,81.5,524.5,186.5
29,2446,81.533,550.5,192.5
29,2447,81.567,578.5,198.5
29,2448,81.6,606.5,210.5
29,2449,81.633,638.5,226.5
29,2450,81.667,672.5,244.5
29,2451,81.7,694.5,260.5
29,2452,81.733,726.5,280.5
29,2453,81.767,752.5,302.5
29,2454,81.8,774.5,334.5
29,2455,81.833,814.5,346.5
29,2456,81.867,842.5,336.5
29,2457,81.9,878.5,328.5
29,2458,81.933,900.5,324.5
29,2459,81.967,936.5,322.5
29,2460,82.0,898.5,294.5
29,2461,82.033,848.5,266.5
29,2462,82.067,798.5,242.5
29,2463,82.1,760.5,226.5
29,2464,82.133,718.5,212.5
29,2465,82.167,680.5,200.5
29,2466,82.2,640.5,192.5
29,2467,82.233,602.5,188.5
29,2468,82.267,570.5,188.5
29,2469,82.3,538.5,188.5
29,2470,82.333,504.5,192.5
29,2471,82.367,476.5,196.5
29,2472,82.4,444.5,204.5
29,2473,82.433,418.5,214.5
29,2474,82.467,392.5,228.5
29,2475,82.5,372.5,240.5
29,2476,82.533,348.5,258.5
29,2477,82.567,332.5,268.5
29,2478,82.6,306.5,270.5
29,2479,82.633,282.5,244.5
29,2480,82.667,266.5,234.5
29,2481,82.7,246.5,220.5
29,2482,82.733,232.5,210.5
29,2483,82.767,204.5,200.5
29,2484,82.8,194.5,198.5
29,2485,82.833,172.5,190.5
29,2486,82.867,158.5,190.5
29,2487,82.9,144.5,192.5
29,2488,82.933,130.5,196.5
29,2489,82.967,122.5,202.5
29,2490,83.0,164.5,186.5
29,2491,83.033,226.5,160.5
30,2496,83.2,260.5,100.5
30,2500,83.333,546.5,280.5
30,2501,83.367,546.5,270.5
30,2502,83.4,544.5,262.5
30,2503,83.433,540.5,258.5
30,2504,83.467,538.5,258.5
30,2505,83.5,538.5,258.5
30,2506,83.533,538.5,248.5
30,2507,83.567,538.5,242.5
30,2508,83.6,540.5,240.5
30,2509,83.633,540.5,236.5
30,2512,83.733,540.5,242.5
31,2592,86.4,696.5,98.5
31,2593,86.433,696.5,98.5
31,2594,86.467,700.5,104.5
31,2595,86.5,704.5,114.5
31,2597,86.567,706.5,128.5
31,2599,86.633,702.5,234.5
31,2601,86.7,708.5,248.5
32,2666,88.867,434.5,190.5
32,2668,88.933,422.5,192.5
32,2670,89.0,416.5,194.5
32,2671,89.033,388.5,200.5
32,2672,89.067,406.5,200.5
32,2673,89.1,404.5,202.5
32,2674,89.133,406.5,202.5
32,2675,89.167,394.5,204.5
32,2677,89.233,382.5,206.5
32,2678,89.267,380.5,202.5
32,2679,89.3,374.5,196.5
32,2680,89.333,372.5,188.5
32,2681,89.367,368.5,180.5
32,2685,89.5,402.5,178.5
32,2686,89.533,416.5,190.5
32,2687,89.567,432.5,210.5
32,2688,89.6,446.5,228.5
32,2689,89.633,460.5,248.5
32,2690,89.667,478.5,260.5
32,2691,89.7,490.5,250.5
32,2692,89.733,502.5,240.5
32,2693,89.767,516.5,230.5
32,2694,89.8,528.5,226.5
32,2695,89.833,542.5,224.5
32,2696,89.867,556.5,224.5
32,2697,89.9,570.5,226.5
32,2698,89.933,584.5,230.5
32,2699,89.967,598.5,238.5
32,2700,90.0,614.5,250.5
32,2701,90.033,630.5,266.5
32,2702,90.067,636.5,274.5
32,2703,90.1,654.5,292.5
32,2704,90.133,668.5,312.5
32,2705,90.167,678.5,338.5
32,2706,90.2,692.5,334.5
32,2707,90.233,706.5,324.5
32,2708,90.267,718.5,310.5
32,2709,90.3,730.5,306.5
32,2710,90.333,740.5,304.5
32,2711,90.367,752.5,304.5
32,2712,90.4,764.5,306.5
32,2713,90.433,776.5,312.5
32,2714,90.467,788.5,322.5
32,2715,90.5,798.5,332.5
32,2716,90.533,810.5,346.5
32,2717,90.567,818.5,362.5
32,2718,90.6,826.5,380.5
32,2719,90.633,836.5,402.5
32,2720,90.667,850.5,396.5
32,2721,90.7,864.5,386.5
32,2722,90.733,878.5,378.5
32,2723,90.767,892.5,374.5
32,2724,90.8,906.5,376.5
32,2725,90.833,916.5,376.5
32,2726,90.867,932.5,386.5
32,2727,90.9,942.5,390.5
32,2728,90.933,954.5,400.5
32,2729,90.967,962.5,412.5
32,2731,91.033,968.5,418.5
33,2748,91.6,932.5,270.5
33,2749,91.633,936.5,258.5
33,2750,91.667,942.5,246.5
33,2751,91.7,948.5,240.5
33,2752,91.733,952.5,240.5
33,2753,91.767,956.5,242.5
33,2754,91.8,958.5,250.5
33,2755,91.833,956.5,262.5
33,2756,91.867,956.5,274.5
33,2757,91.9,956.5,290.5
33,2758,91.933,960.5,320.5
33,2760,92.0,958.5,366.5
33,2761,92.033,956.5,402.5
33,2764,92.133,842.5,416.5
33,2765,92.167,784.5,410.5
33,2766,92.2,738.5,410.5
33,2767,92.233,704.5,384.5
33,2768,92.267,666.5,352.5
33,2769,92.3,632.5,322.5
33,2770,92.333,604.5,302.5
33,2771,92.367,578.5,290.5
33,2772,92.4,552.5,274.5
33,2773,92.433,526.5,262.5
33,2774,92.467,502.5,260.5
33,2775,92.5,482.5,258.5
33,2776,92.533,462.5,260.5
33,2777,92.567,442.5,262.5
33,2778,92.6,426.5,266.5
33,2779,92.633,404.5,274.5
33,2780,92.667,392.5,262.5
33,2781,92.7,378.5,248.5
33,2782,92.733,360.5,232.5
33,2783,92.767,344.5,224.5
33,2786,92.867,356.5,208.5
33,2787,92.9,394.5,206.5
33,2788,92.933,422.5,204.5
33,2789,92.967,458.5,204.5
33,2790,93.0,494.5,210.5
33,2791,93.033,526.5,214.5
33,2792,93.067,558.5,226.5
33,2793,93.1,594.5,238.5
33,2794,93.133,622.5,250.5
33,2795,93.167,652.5,266.5
33,2796,93.2,686.5,284.5
33,2797,93.233,718.5,308.5
33,2798,93.267,748.5,328.5
33,2799,93.3,770.5,340.5
33,2800,93.333,822.5,308.5
33,2801,93.367,844.5,308.5
33,2802,93.4,874.5,306.5
33,2803,93.433,912.5,306.5
33,2804,93.467,902.5,306.5
33,2805,93.5,938.5,308.5
33,2806,93.533,968.5,318.5
33,2807,93.567,986.5,324.5
33,2808,93.6,940.5,294.5
33,2809,93.633,894.5,272.5
33,2810,93.667,852.5,258.5
33,2811,93.7,816.5,244.5
33,2812,93.733,778.5,236.5
33,2813,93.767,744.5,230.5
33,2814,93.8,706.5,228.5
33,2815,93.833,676.5,228.5
33,2816,93.867,644.5,230.5
33,2817,93.9,622.5,236.5
33,2818,93.933,602.5,242.5
33,2819,93.967,582.5,248.5
33,2820,94.0,558.5,252.5
33,2821,94.033,544.5,236.5
33,2822,94.067,524.5,216.5
33,2823,94.1,512.5,206.5
33,2824,94.133,496.5,194.5
33,2825,94.167,480.5,184.5
33,2826,94.2,470.5,180.5
33,2827,94.233,456.5,174.5
33,2828,94.267,448.5,172.5
33,2829,94.3,472.5,174.5
33,2830,94.333,494.5,170.5
33,2831,94.367,526.5,170.5
33,2832,94.4,546.5,172.5
33,2833,94.433,578.5,178.5
33,2834,94.467,598.5,184.5
33,2835,94.5,628.5,196.5
33,2836,94.533,644.5,204.5
33,2837,94.567,676.5,222.5
33,2838,94.6,706.5,242.5
33,2839,94.633,730.5,260.5
33,2840,94.667,756.5,284.5
33,2841,94.7,772.5,300.5
33,2842,94.733,806.5,338.5
33,2843,94.767,828.5,352.5
33,2844,94.8,858.5,338.5
33,2845,94.833,892.5,330.5
33,2846,94.867,910.5,326.5
33,2847,94.9,944.5,326.5
33,2848,94.933,972.5,330.5
33,2849,94.967,996.5,336.5
33,2850,95.0,1028.5,348.5
33,2851,95.033,1002.5,328.5
33,2852,95.067,948.5,294.5
33,2853,95.1,910.5,276.5
33,2854,95.133,868.5,258.5
33,2855,95.167,830.5,246.5
33,2856,95.2,790.5,238.5
33,2857,95.233,754.5,232.5
33,2858,95.267,722.5,228.5
33,2859,95.3,688.5,230.5
33,2860,95.333,668.5,232.5
33,2861,95.367,632.5,240.5
33,2862,95.4,602.5,248.5
33,2863,95.433,576.5,258.5
33,2864,95.467,556.5,266.5
33,2865,95.5,536.5,278.5
33,2866,95.533,510.5,276.5
33,2867,95.567,490.5,256.5
33,2868,95.6,472.5,240.5
33,2869,95.633,456.5,228.5
33,2870,95.667,434.5,214.5
33,2871,95.7,422.5,208.5
33,2872,95.733,402.5,200.5
33,2875,95.833,402.5,192.5
33,2876,95.867,434.5,188.5
33,2877,95.9,466.5,188.5
33,2878,95.933,496.5,188.5
33,2879,95.967,532.5,192.5
33,2880,96.0,562.5,198.5
33,2881,96.033,594.5,206.5
33,2882,96.067,628.5,216.5
33,2883,96.1,670.5,232.5
33,2884,96.133,696.5,246.5
33,2885,96.167,724.5,262.5
33,2886,96.2,758.5,284.5
33,2887,96.233,780.5,298.5
33,2888,96.267,816.5,324.5
33,2889,96.3,848.5,358.5
33,2890,96.333,888.5,346.5
33,2891,96.367,912.5,338.5
33,2892,96.4,942.5,332.5
33,2893,96.433,976.5,326.5
33,2894,96.467,1006.5,324.5
33,2895,96.5,1040.5,324.5
33,2896,96.533,1074.5,328.5
33,2897,96.567,1092.5,328.5
33,2898,96.6,1034.5,288.5
33,2899,96.633,986.5,260.5
33,2900,96.667,936.5,232.5
33,2901,96.7,890.5,212.5
33,2902,96.733,844.5,196.5
33,2903,96.767,794.5,180.5
33,2904,96.8,756.5,174.5
33,2905,96.833,716.5,170.5
33,2906,96.867,680.5,168.5
33,2907,96.9,638.5,170.5
33,2908,96.933,602.5,174.5
33,2909,96.967,572.5,180.5
33,2910,97.0,538.5,192.5
33,2911,97.033,508.5,204.5
33,2912,97.067,480.5,216.5
33,2913,97.1,450.5,236.5
33,2915,97.167,404.5,270.5
33,2916,97.2,378.5,292.5
33,2917,97.233,354.5,294.5
33,2918,97.267,332.5,274.5
33,2920,97.333,292.5,240.5
33,2921,97.367,272.5,226.5
33,2922,97.4,252.5,216.5
33,2923,97.433,228.5,204.5
33,2924,97.467,212.5,198.5
33,2925,97.5,194.5,196.5
34,2930,97.667,116.5,220.5
34,2932,97.733,92.5,242.5
34,2933,97.767,140.5,228.5
34,2934,97.8,186.5,210.5
34,2935,97.833,224.5,198.5
34,2936,97.867,276.5,192.5
34,2937,97.9,316.5,182.5
34,2938,97.933,366.5,182.5
34,2939,97.967,412.5,184.5
34,2940,98.0,456.5,190.5
34,2941,98.033,496.5,194.5
34,2942,98.067,544.5,208.5
34,2943,98.1,588.5,222.5
34,2944,98.133,628.5,238.5
34,2945,98.167,674.5,258.5
34,2946,98.2,704.5,276.5
34,2947,98.233,734.5,294.5
34,2948,98.267,770.5,324.5
34,2949,98.3,794.5,344.5
34,2950,98.333,854.5,316.5
34,2951,98.367,882.5,306.5
34,2952,98.4,926.5,286.5
34,2953,98.433,954.5,278.5
34,2954,98.467,1000.5,268.5
34,2955,98.5,1042.5,264.5
34,2957,98.567,1044.5,240.5
34,2961,98.7,874.5,148.5
34,2962,98.733,842.5,140.5
34,2963,98.767,804.5,134.5
34,2964,98.8,780.5,132.5
34,2965,98.833,750.5,132.5
34,2966,98.867,714.5,134.5
34,2967,98.9,684.5,138.5
34,2968,98.933,656.5,148.5
34,2969,98.967,630.5,156.5
34,2970,99.0,608.5,166.5
34,2971,99.033,586.5,180.5
34,2972,99.067,566.5,194.5
34,2973,99.1,546.5,208.5
34,2974,99.133,524.5,228.5
34,2975,99.167,506.5,248.5
34,2976,99.2,490.5,262.5
34,2977,99.233,478.5,244.5
34,2978,99.267,466.5,224.5
34,2979,99.3,456.5,202.5
34,2980,99.333,444.5,184.5
34,2981,99.367,438.5,172.5
34,2982,99.4,426.5,158.5
34,2983,99.433,418.5,148.5
34,2984,99.467,410.5,142.5
34,2985,99.5,402.5,136.5
34,2986,99.533,394.5,136.5
34,2987,99.567,386.5,134.5
34,2988,99.6,380.5,138.5
34,2989,99.633,412.5,140.5
34,2990,99.667,436.5,140.5
34,2991,99.7,468.5,148.5
34,2992,99.733,498.5,160.5
34,2993,99.767,528.5,174.5
34,2994,99.8,558.5,190.5
34,2995,99.833,588.5,210.5
34,2996,99.867,616.5,230.5
34,2997,99.9,640.5,252.5
34,2998,99.933,682.5,290.5
34,2999,99.967,700.5,314.5
34,3000,100.0,730.5,352.5
34,3001,100.033,754.5,362.5
34,3002,100.067,782.5,346.5
34,3003,100.1,818.5,338.5
34,3004,100.133,844.5,334.5
34,3005,100.167,874.5,330.5
34,3006,100.2,902.5,330.5
34,3007,100.233,932.5,334.5
34,3008,100.267,964.5,342.5
34,3009,100.3,994.5,354.5
34,3010,100.333,1030.5,368.5
34,3011,100.367,1000.5,340.5
34,3012,100.4,948.5,284.5
34,3013,100.433,916.5,258.5
34,3014,100.467,878.5,226.5
34,3015,100.5,842.5,202.5
34,3016,100.533,798.5,174.5
34,3017,100.567,772.5,162.5
34,3018,100.6,744.5,150.5
34,3019,100.633,710.5,142.5
34,3020,100.667,686.5,138.5
34,3021,100.7,654.5,136.5
34,3022,100.733,632.5,138.5
34,3023,100.767,606.5,142.5
34,3024,100.8,586.5,150.5
34,3025,100.833,568.5,158.5
34,3026,100.867,548.5,170.5
34,3027,100.9,532.5,180.5
34,3028,100.933,514.5,196.5
34,3029,100.967,502.5,210.5
34,3030,101.0,488.5,226.5
34,3031,101.033,472.5,246.5
34,3032,101.067,462.5,262.5
34,3033,101.1,450.5,270.5
34,3034,101.133,436.5,242.5
34,3035,101.167,426.5,222.5
34,3036,101.2,416.5,202.5
34,3037,101.233,406.5,186.5
34,3038,101.267,396.5,170.5
34,3039,101.3,386.5,160.5
34,3040,101.333,376.5,150.5
34,3041,101.367,370.5,144.5
34,3042,101.4,360.5,140.5
34,3043,101.433,350.5,138.5
34,3044,101.467,348.5,148.5
34,3045,101.5,378.5,156.5
34,3046,101.533,426.5,154.5
34,3047,101.567,464.5,158.5
34,3048,101.6,506.5,170.5
34,3049,101.633,548.5,182.5
34,3050,101.667,592.5,196.5
34,3051,101.7,634.5,214.5
34,3052,101.733,676.5,236.5
34,3053,101.767,716.5,258.5
34,3054,101.8,754.5,280.5
34,3055,101.833,784.5,300.5
34,3056,101.867,834.5,342.5
34,3057,101.9,880.5,358.5
34,3058,101.933,914.5,348.5
34,3059,101.967,962.5,342.5
34,3060,102.0,996.5,340.5
34,3061,102.033,1038.5,340.5
34,3062,102.067,1080.5,342.5
34,3063,102.1,1122.5,350.5
34,3064,102.133,1162.5,356.5
34,3065,102.167,1202.5,370.5
34,3066,102.2,1244.5,386.5
34,3068,102.267,1226.5,364.5
34,3069,102.3,1154.5,320.5
34,3070,102.333,1092.5,286.5
34,3071,102.367,1042.5,262.5
34,3073,102.433,916.5,212.5
34,3074,102.467,864.5,198.5
34,3075,102.5,818.5,190.5
34,3076,102.533,776.5,186.5
34,3077,102.567,736.5,184.5
34,3078,102.6,698.5,186.5
34,3079,102.633,670.5,188.5
34,3080,102.667,638.5,194.5
34,3081,102.7,606.5,204.5
34,3082,102.733,586.5,212.5
34,3083,102.767,558.5,226.5
34,3084,102.8,544.5,234.5
34,3085,102.833,522.5,250.5
34,3086,102.867,504.5,262.5
34,3087,102.9,490.5,242.5
34,3088,102.933,474.5,220.5
34,3089,102.967,456.5,198.5
34,3090,103.0,442.5,182.5
34,3091,103.033,428.5,168.5
34,3092,103.067,418.5,160.5
34,3093,103.1,404.5,152.5
34,3094,103.133,392.5,148.5
34,3095,103.167,394.5,144.5
34,3096,103.2,426.5,142.5
34,3097,103.233,462.5,142.5
34,3098,103.267,494.5,140.5
34,3099,103.3,532.5,146.5
34,3100,103.333,572.5,150.5
34,3101,103.367,606.5,158.5
34,3102,103.4,640.5,168.5
34,3103,103.433,684.5,182.5
34,3104,103.467,718.5,198.5
34,3105,103.5,754.5,214.5
34,3106,103.533,794.5,234.5
34,3107,103.567,828.5,256.5
34,3108,103.6,866.5,280.5
34,3109,103.633,906.5,310.5
34,3110,103.667,932.5,332.5
34,3111,103.7,974.5,338.5
34,3112,103.733,1006.5,326.5
34,3113,103.767,1042.5,314.5
34,3114,103.8,1088.5,304.5
34,3115,103.833,1116.5,298.5
34,3116,103.867,1158.5,298.5
34,3117,103.9,1194.5,300.5
34,3118,103.933,1232.5,304.5
34,3119,103.967,1260.5,308.5
34,3123,104.1,1272.5,314.5
34,3124,104.133,1214.5,292.5
34,3125,104.167,1154.5,270.5
34,3126,104.2,1074.5,254.5
34,3127,104.233,1038.5,244.5
34,3128,104.267,952.5,230.5
34,3129,104.3,900.5,228.5
34,3130,104.333,846.5,230.5
34,3131,104.367,794.5,236.5
34,3132,104.4,752.5,242.5
34,3133,104.433,706.5,254.5
34,3134,104.467,676.5,260.5
34,3135,104.5,630.5,276.5
34,3136,104.533,596.5,294.5
34,3137,104.567,590.5,308.5
34,3138,104.6,594.5,310.5
34,3139,104.633,598.5,310.5
34,3140,104.667,600.5,312.5
34,3141,104.7,602.5,316.5
34,3142,104.733,606.5,324.5
34,3143,104.767,608.5,324.5
34,3144,104.8,610.5,326.5
34,3145,104.833,612.5,328.5
34,3146,104.867,614.5,336.5
34,3147,104.9,614.5,340.5
34,3148,104.933,614.5,340.5
34,3149,104.967,616.5,344.5
34,3150,105.0,616.5,350.5
34,3151,105.033,616.5,352.5
34,3152,105.067,616.5,354.5
34,3153,105.1,616.5,356.5
34,3154,105.133,614.5,362.5
34,3155,105.167,614.5,364.5
34,3156,105.2,612.5,362.5
34,3157,105.233,610.5,368.5
34,3158,105.267,610.5,372.5
34,3159,105.3,604.5,372.5
34,3160,105.333,602.5,374.5
34,3161,105.367,598.5,376.5
34,3162,105.4,598.5,380.5
34,3163,105.433,594.5,380.5
34,3164,105.467,594.5,384.5
34,3165,105.5,588.5,386.5
34,3166,105.533,588.5,390.5
34,3167,105.567,586.5,392.5
34,3168,105.6,584.5,392.5
34,3169,105.633,580.5,394.5
34,3170,105.667,578.5,394.5
34,3171,105.7,580.5,398.5
34,3173,105.767,570.5,404.5
34,3174,105.8,568.5,412.5
34,3175,105.833,566.5,418.5
34,3176,105.867,564.5,432.5
34,3177,105.9,562.5,444.5
34,3178,105.933,560.5,460.5
34,3179,105.967,558.5,482.5
34,3180,106.0,558.5,502.5
34,3181,106.033,556.5,524.5
34,3182,106.067,556.5,544.5
34,3183,106.1,554.5,572.5
34,3184,106.133,554.5,590.5
34,3185,106.167,554.5,608.5
34,3187,106.233,550.5,584.5
34,3188,106.267,548.5,576.5
34,3189,106.3,546.5,572.5
34,3190,106.333,544.5,568.5
34,3191,106.367,542.5,570.5
34,3192,106.4,544.5,576.5
34,3193,106.433,542.5,580.5
34,3194,106.467,546.5,586.5
35,3238,107.933,482.5,280.5
35,3240,108.0,482.5,254.5
35,3241,108.033,474.5,232.5
35,3242,108.067,474.5,220.5
35,3243,108.1,472.5,210.5
35,3244,108.133,470.5,202.5
35,3245,108.167,468.5,198.5
35,3246,108.2,466.5,196.5
35,3247,108.233,464.5,196.5
35,3248,108.267,464.5,200.5
35,3249,108.3,464.5,208.5
35,3250,108.333,462.5,216.5
35,3251,108.367,462.5,226.5
35,3252,108.4,462.5,238.5
35,3253,108.433,462.5,252.5
35,3254,108.467,462.5,266.5
35,3255,108.5,462.5,280.5
35,3256,108.533,460.5,262.5
35,3257,108.567,458.5,242.5
35,3258,108.6,456.5,226.5
35,3259,108.633,454.5,212.5
35,3260,108.667,454.5,200.5
35,3261,108.7,454.5,192.5
35,3262,108.733,452.5,184.5
35,3263,108.767,450.5,180.5
35,3264,108.8,450.5,178.5
35,3265,108.833,448.5,178.5
35,3266,108.867,448.5,182.5
35,3267,108.9,450.5,188.5
35,3268,108.933,450.5,196.5
35,3269,108.967,450.5,204.5
35,3270,109.0,448.5,206.5
35,3274,109.133,442.5,224.5
36,3280,109.333,396.5,240.5
36,3283,109.433,348.5,334.5
36,3285,109.5,348.5,254.5
36,3287,109.567,332.5,252.5
36,3291,109.7,298.5,254.5
36,3292,109.733,294.5,254.5
36,3293,109.767,290.5,256.5
36,3294,109.8,286.5,256.5
36,3295,109.833,282.5,256.5
36,3296,109.867,278.5,256.5
36,3297,109.9,278.5,258.5
36,3298,109.933,278.5,258.5
36,3299,109.967,276.5,262.5
36,3300,110.0,276.5,264.5
36,3301,110.033,278.5,268.5
36,3302,110.067,278.5,270.5
36,3303,110.1,278.5,270.5
36,3304,110.133,276.5,262.5
36,3305,110.167,272.5,252.5
36,3306,110.2,268.5,238.5
36,3307,110.233,264.5,220.5
36,3308,110.267,262.5,204.5
36,3309,110.3,258.5,192.5
36,3310,110.333,254.5,182.5
36,3312,110.4,314.5,240.5
36,3314,110.467,248.5,168.5
36,3315,110.5,250.5,172.5
36,3316,110.533,248.5,178.5
36,3317,110.567,250.5,184.5
36,3318,110.6,250.5,194.5
36,3319,110.633,236.5,216.5
36,3320,110.667,252.5,220.5
36,3321,110.7,252.5,228.5
36,3324,110.8,386.5,262.5
36,3325,110.833,428.5,250.5
36,3326,110.867,460.5,244.5
36,3327,110.9,490.5,242.5
36,3328,110.933,530.5,238.5
36,3329,110.967,564.5,238.5
36,3330,111.0,604.5,242.5
36,3331,111.033,638.5,244.5
36,3332,111.067,676.5,258.5
36,3333,111.1,706.5,268.5
36,3334,111.133,738.5,282.5
36,3335,111.167,764.5,292.5
36,3336,111.2,800.5,322.5
36,3337,111.233,836.5,310.5
36,3338,111.267,858.5,304.5
36,3339,111.3,894.5,290.5
36,3340,111.333,922.5,284.5
36,3341,111.367,948.5,280.5
36,3343,111.433,1094.5,352.5
36,3344,111.467,1042.5,286.5
36,3345,111.5,1060.5,288.5
36,3346,111.533,1042.5,264.5
36,3347,111.567,1024.5,244.5
36,3348,111.6,972.5,200.5
36,3350,111.667,1084.5,216.5
36,3354,111.8,802.5,106.5
36,3355,111.833,778.5,100.5
36,3356,111.867,752.5,100.5
36,3357,111.9,730.5,102.5
36,3358,111.933,702.5,106.5
36,3359,111.967,678.5,112.5
36,3360,112.0,652.5,122.5
36,3361,112.033,632.5,132.5
36,3362,112.067,612.5,144.5
36,3363,112.1,594.5,156.5
36,3364,112.133,574.5,174.5
36,3365,112.167,554.5,192.5
36,3366,112.2,538.5,210.5
36,3367,112.233,526.5,228.5
36,3368,112.267,510.5,248.5
36,3369,112.3,498.5,224.5
36,3370,112.333,486.5,200.5
36,3371,112.367,476.5,184.5
36,3372,112.4,466.5,170.5
36,3373,112.433,456.5,154.5
36,3374,112.467,446.5,144.5
36,3375,112.5,438.5,136.5
36,3376,112.533,426.5,130.5
36,3377,112.567,418.5,124.5
36,3378,112.6,438.5,128.5
36,3380,112.667,508.5,146.5
36,3381,112.7,542.5,160.5
36,3382,112.733,578.5,176.5
36,3383,112.767,614.5,194.5
36,3384,112.8,642.5,210.5
36,3385,112.833,686.5,240.5
36,3386,112.867,718.5,266.5
36,3387,112.9,742.5,288.5
36,3388,112.933,794.5,340.5
36,3389,112.967,816.5,364.5
36,3390,113.0,862.5,340.5
36,3391,113.033,894.5,336.5
36,3392,113.067,926.5,330.5
36,3393,113.1,964.5,328.5
36,3394,113.133,1002.5,330.5
36,3395,113.167,1038.5,332.5
36,3396,113.2,1074.5,340.5
36,3397,113.233,1116.5,354.5
36,3398,113.267,1140.5,358.5
36,3399,113.3,1096.5,324.5
36,3400,113.333,1050.5,288.5
36,3401,113.367,1000.5,256.5
36,3402,113.4,956.5,230.5
36,3403,113.433,912.5,212.5
36,3404,113.467,876.5,202.5
36,3405,113.5,830.5,190.5
36,3406,113.533,796.5,186.5
36,3407,113.567,766.5,184.5
36,3408,113.6,736.5,186.5
36,3409,113.633,702.5,188.5
36,3410,113.667,678.5,194.5
36,3411,113.7,646.5,204.5
36,3412,113.733,632.5,210.5
36,3413,113.767,606.5,224.5
36,3414,113.8,586.5,236.5
36,3415,113.833,572.5,246.5
36,3416,113.867,552.5,262.5
36,3417,113.9,534.5,278.5
36,3418,113.933,516.5,256.5
36,3419,113.967,498.5,232.5
36,3420,114.0,488.5,218.5
36,3421,114.033,474.5,202.5
36,3422,114.067,458.5,188.5
36,3423,114.1,446.5,180.5
36,3424,114.133,432.5,174.5
36,3425,114.167,420.5,168.5
36,3427,114.233,416.5,164.5
36,3428,114.267,428.5,164.5
36,3429,114.3,452.5,164.5
36,3430,114.333,470.5,168.5
36,3431,114.367,494.5,172.5
36,3432,114.4,522.5,182.5
36,3433,114.433,542.5,192.5
36,3434,114.467,562.5,204.5
36,3435,114.5,590.5,222.5
36,3436,114.533,612.5,240.5
36,3437,114.567,636.5,260.5
36,3438,114.6,656.5,282.5
36,3439,114.633,682.5,306.5
36,3440,114.667,704.5,332.5
36,3441,114.7,724.5,356.5
36,3442,114.733,752.5,340.5
36,3443,114.767,770.5,330.5
36,3444,114.8,792.5,324.5
36,3445,114.833,814.5,316.5
36,3446,114.867,838.5,314.5
36,3447,114.9,858.5,314.5
36,3448,114.933,882.5,320.5
36,3449,114.967,898.5,324.5
36,3450,115.0,924.5,336.5
36,3451,115.033,944.5,350.5
36,3452,115.067,964.5,368.5
36,3453,115.1,986.5,386.5
36,3454,115.133,1002.5,404.5
36,3455,115.167,942.5,362.5
36,3456,115.2,890.5,326.5
36,3457,115.233,852.5,308.5
36,3458,115.267,814.5,290.5
36,3459,115.3,774.5,274.5
36,3460,115.333,740.5,262.5
36,3461,115.367,708.5,256.5
36,3462,115.4,676.5,252.5
36,3463,115.433,646.5,254.5
36,3464,115.467,622.5,256.5
36,3465,115.5,594.5,260.5
36,3466,115.533,572.5,266.5
36,3467,115.567,554.5,278.5
36,3468,115.6,532.5,292.5
36,3469,115.633,514.5,304.5
36,3470,115.667,500.5,288.5
36,3471,115.7,486.5,268.5
36,3472,115.733,474.5,250.5
36,3473,115.767,462.5,234.5
36,3474,115.8,452.5,224.5
36,3475,115.833,440.5,212.5
36,3476,115.867,430.5,204.5
36,3477,115.9,422.5,200.5
36,3478,115.933,412.5,200.5
36,3480,116.0,430.5,190.5
36,3481,116.033,448.5,186.5
36,3482,116.067,476.5,180.5
36,3483,116.1,500.5,176.5
36,3484,116.133,534.5,176.5
36,3485,116.167,560.5,180.5
36,3486,116.2,586.5,184.5
36,3487,116.233,616.5,192.5
36,3488,116.267,640.5,200.5
36,3489,116.3,672.5,216.5
36,3490,116.333,696.5,230.5
36,3491,116.367,724.5,248.5
36,3492,116.4,752.5,270.5
36,3493,116.433,776.5,292.5
36,3494,116.467,808.5,320.5
36,3495,116.5,818.5,348.5
36,3496,116.533,846.5,346.5
36,3497,116.567,882.5,322.5
36,3498,116.6,896.5,314.5
37,3522,117.4,48.5,200.5
37,3523,117.433,58.5,212.5
37,3524,117.467,66.5,224.5
37,3525,117.5,76.5,236.5
37,3526,117.533,86.5,254.5
37,3527,117.567,98.5,274.5
37,3528,117.6,108.5,294.5
37,3529,117.633,122.5,322.5
37,3530,117.667,132.5,350.5
37,3531,117.7,148.5,382.5
37,3532,117.733,162.5,418.5
37,3533,117.767,176.5,450.5
37,3534,117.8,188.5,484.5
37,3535,117.833,206.5,520.5
38,3566,118.867,552.5,642.5
38,3567,118.9,556.5,642.5
38,3568,118.933,562.5,644.5
38,3569,118.967,570.5,644.5
38,3570,119.0,576.5,644.5
38,3571,119.033,582.5,644.5
38,3572,119.067,590.5,644.5
38,3573,119.1,596.5,644.5
38,3574,119.133,602.5,644.5
38,3575,119.167,606.5,646.5
38,3576,119.2,614.5,648.5
38,3577,119.233,620.5,646.5
38,3578,119.267,626.5,648.5
38,3579,119.3,630.5,648.5
38,3580,119.333,636.5,648.5
38,3581,119.367,642.5,648.5
38,3582,119.4,646.5,648.5
38,3583,119.433,652.5,648.5
38,3584,119.467,656.5,650.5
38,3585,119.5,662.5,650.5
38,3586,119.533,666.5,648.5
38,3587,119.567,668.5,646.5
38,3588,119.6,670.5,646.5
38,3589,119.633,672.5,646.5
38,3592,119.733,664.5,626.5
38,3594,119.8,652.5,600.5
38,3595,119.833,628.5,574.5
39,3601,120.033,546.5,328.5
39,3602,120.067,552.5,282.5
39,3603,120.1,570.5,214.5
39,3604,120.133,582.5,168.5
39,3606,120.2,602.5,88.5
39,3607,120.233,612.5,54.5
39,3608,120.267,626.5,14.5
40,3615,120.5,690.5,220.5
40,3619,120.633,674.5,414.5
40,3622,120.733,778.5,266.5
40,3624,120.8,790.5,238.5
40,3626,120.867,748.5,112.5
40,3627,120.9,752.5,140.5
40,3630,121.0,754.5,166.5
40,3631,121.033,710.5,196.5
40,3632,121.067,680.5,196.5
40,3633,121.1,646.5,198.5
40,3634,121.133,624.5,202.5
40,3635,121.167,602.5,210.5
40,3636,121.2,576.5,220.5
40,3637,121.233,556.5,230.5
40,3638,121.267,540.5,242.5
40,3639,121.3,516.5,260.5
40,3640,121.333,498.5,276.5
40,3641,121.367,482.5,262.5
40,3642,121.4,466.5,242.5
40,3643,121.433,448.5,228.5
40,3644,121.467,432.5,212.5
40,3645,121.5,414.5,202.5
40,3646,121.533,404.5,196.5
40,3647,121.567,390.5,190.5
40,3648,121.6,374.5,188.5
40,3649,121.633,346.5,202.5
40,3650,121.667,348.5,192.5
40,3651,121.7,340.5,204.5
40,3652,121.733,328.5,204.5
40,3653,121.767,318.5,198.5
40,3654,121.8,314.5,190.5
40,3657,121.9,562.5,254.5
40,3658,121.933,548.5,252.5
41,3699,123.3,300.5,162.5
41,3700,123.333,306.5,176.5
41,3701,123.367,316.5,186.5
41,3702,123.4,322.5,198.5
41,3703,123.433,332.5,208.5
41,3704,123.467,338.5,216.5
42,3723,124.1,332.5,232.5
42,3724,124.133,328.5,234.5
42,3726,124.2,316.5,238.5
42,3727,124.233,310.5,242.5
42,3729,124.3,298.5,242.5
42,3730,124.333,292.5,244.5
42,3731,124.367,292.5,246.5
42,3732,124.4,286.5,246.5
42,3733,124.433,284.5,248.5
42,3734,124.467,282.5,250.5
42,3735,124.5,278.5,252.5
42,3736,124.533,276.5,252.5
42,3737,124.567,274.5,254.5
42,3738,124.6,274.5,256.5
42,3739,124.633,272.5,256.5
42,3740,124.667,272.5,260.5
42,3741,124.7,274.5,262.5
42,3742,124.733,274.5,268.5
42,3743,124.767,274.5,270.5
42,3744,124.8,276.5,272.5
42,3745,124.833,276.5,272.5
42,3746,124.867,274.5,264.5
42,3747,124.9,268.5,256.5
42,3748,124.933,266.5,242.5
42,3749,124.967,262.5,226.5
42,3750,125.0,258.5,208.5
42,3751,125.033,252.5,192.5
42,3752,125.067,250.5,180.5
42,3753,125.1,246.5,174.5
42,3754,125.133,246.5,166.5
42,3755,125.167,244.5,160.5
42,3756,125.2,244.5,160.5
42,3757,125.233,242.5,158.5
42,3758,125.267,242.5,162.5
42,3759,125.3,242.5,168.5
42,3760,125.333,242.5,176.5
42,3761,125.367,242.5,186.5
42,3762,125.4,250.5,202.5
42,3763,125.433,238.5,222.5
42,3764,125.467,250.5,232.5
42,3765,125.5,324.5,248.5
42,3767,125.567,384.5,286.5
42,3768,125.6,434.5,276.5
42,3769,125.633,468.5,266.5
42,3770,125.667,500.5,260.5
42,3771,125.7,548.5,258.5
42,3772,125.733,584.5,262.5
42,3773,125.767,636.5,270.5
42,3774,125.8,676.5,278.5
42,3775,125.833,700.5,284.5
42,3776,125.867,746.5,298.5
42,3777,125.9,784.5,316.5
42,3778,125.933,816.5,328.5
42,3779,125.967,856.5,358.5
42,3780,126.0,894.5,356.5
42,3781,126.033,930.5,344.5
42,3782,126.067,972.5,338.5
42,3783,126.1,1000.5,336.5
42,3784,126.133,1020.5,330.5
42,3785,126.167,984.5,306.5
42,3786,126.2,938.5,276.5
42,3787,126.233,898.5,258.5
42,3788,126.267,860.5,242.5
42,3789,126.3,826.5,228.5
42,3790,126.333,786.5,220.5
42,3791,126.367,754.5,214.5
42,3792,126.4,722.5,212.5
42,3793,126.433,686.5,212.5
42,3794,126.467,670.5,214.5
42,3795,126.5,632.5,220.5
42,3796,126.533,604.5,228.5
42,3797,126.567,580.5,238.5
42,3798,126.6,562.5,246.5
42,3799,126.633,538.5,258.5
42,3800,126.667,516.5,274.5
42,3801,126.7,494.5,266.5
42,3802,126.733,494.5,266.5
42,3803,126.767,446.5,216.5
42,3804,126.8,448.5,218.5
42,3805,126.833,434.5,206.5
42,3806,126.867,354.5,202.5
42,3807,126.9,378.5,204.5
42,3808,126.933,464.5,204.5
42,3809,126.967,508.5,214.5
42,3810,127.0,548.5,228.5
42,3811,127.033,594.5,246.5
42,3812,127.067,636.5,266.5
42,3813,127.1,684.5,286.5
42,3814,127.133,714.5,306.5
42,3815,127.167,764.5,344.5
42,3816,127.2,808.5,378.5
42,3817,127.233,852.5,400.5
42,3818,127.267,902.5,396.5
42,3819,127.3,938.5,402.5
42,3820,127.333,992.5,408.5
42,3821,127.367,1010.5,386.5
42,3822,127.4,980.5,364.5
42,3823,127.433,924.5,310.5
42,3824,127.467,868.5,266.5
42,3825,127.5,830.5,240.5
42,3826,127.533,786.5,210.5
42,3827,127.567,748.5,190.5
42,3828,127.6,712.5,170.5
42,3829,127.633,676.5,158.5
42,3830,127.667,642.5,146.5
42,3831,127.7,612.5,140.5
42,3832,127.733,582.5,136.5
42,3833,127.767,558.5,138.5
42,3834,127.8,530.5,140.5
42,3835,127.833,510.5,146.5
42,3836,127.867,492.5,152.5
42,3837,127.9,474.5,164.5
42,3838,127.933,458.5,176.5
42,3839,127.967,442.5,188.5
42,3840,128.0,430.5,200.5
42,3841,128.033,418.5,216.5
42,3842,128.067,406.5,234.5
42,3843,128.1,396.5,256.5
42,3844,128.133,386.5,256.5
42,3845,128.167,378.5,236.5
42,3846,128.2,366.5,214.5
42,3847,128.233,358.5,194.5
42,3848,128.267,350.5,178.5
42,3849,128.3,344.5,164.5
42,3850,128.333,334.5,152.5
42,3851,128.367,326.5,142.5
42,3852,128.4,322.5,138.5
42,3853,128.433,316.5,132.5
42,3856,128.533,394.5,166.5
42,3857,128.567,430.5,184.5
42,3858,128.6,472.5,204.5
42,3859,128.633,508.5,228.5
43,3864,128.8,592.5,292.5
43,3867,128.9,572.5,282.5
43,3868,128.933,566.5,284.5
43,3869,128.967,562.5,278.5
43,3870,129.0,556.5,276.5
43,3871,129.033,552.5,272.5
43,3872,129.067,546.5,272.5
43,3873,129.1,540.5,272.5
43,3874,129.133,536.5,266.5
43,3875,129.167,530.5,262.5
43,3876,129.2,524.5,258.5
43,3877,129.233,518.5,260.5
43,3878,129.267,514.5,258.5
43,3879,129.3,508.5,254.5
43,3880,129.333,506.5,252.5
43,3881,129.367,500.5,252.5
43,3882,129.4,496.5,248.5
43,3883,129.433,492.5,244.5
43,3884,129.467,488.5,244.5
43,3885,129.5,482.5,244.5
43,3886,129.533,478.5,242.5
43,3887,129.567,474.5,234.5
43,3888,129.6,470.5,236.5
43,3889,129.633,466.5,236.5
43,3890,129.667,464.5,232.5
43,3891,129.7,460.5,230.5
43,3892,129.733,456.5,230.5
43,3893,129.767,450.5,226.5
43,3894,129.8,448.5,228.5
43,3895,129.833,450.5,228.5
43,3896,129.867,434.5,222.5
43,3897,129.9,412.5,218.5
43,3898,129.933,378.5,212.5
43,3899,129.967,348.5,194.5
43,3900,130.0,324.5,180.5
43,3901,130.033,308.5,166.5
44,3906,130.2,294.5,160.5
44,3907,130.233,298.5,166.5
44,3908,130.267,304.5,178.5
44,3909,130.3,310.5,190.5
44,3910,130.333,318.5,200.5
44,3911,130.367,330.5,218.5
44,3912,130.4,340.5,222.5
45,3920,130.667,434.5,200.5
45,3922,130.733,438.5,194.5
45,3926,130.867,434.5,194.5
45,3927,130.9,426.5,198.5
45,3928,130.933,420.5,204.5
45,3929,130.967,412.5,208.5
45,3930,131.0,406.5,208.5
45,3931,131.033,394.5,212.5
45,3932,131.067,384.5,216.5
45,3933,131.1,372.5,218.5
46,3949,131.633,370.5,218.5
46,3950,131.667,366.5,216.5
46,3951,131.7,364.5,216.5
46,3952,131.733,358.5,218.5
46,3953,131.767,356.5,218.5
46,3954,131.8,348.5,218.5
47,3966,132.2,360.5,218.5
47,3969,132.3,362.5,200.5
47,3970,132.333,360.5,192.5
47,3971,132.367,360.5,176.5
47,3972,132.4,360.5,156.5
47,3973,132.433,360.5,140.5
47,3974,132.467,356.5,120.5
47,3976,132.533,354.5,90.5
47,3978,132.6,358.5,82.5
47,3979,132.633,356.5,80.5
47,3981,132.7,364.5,84.5
47,3982,132.733,366.5,94.5
47,3984,132.8,398.5,122.5
47,3986,132.867,434.5,154.5
47,3987,132.9,458.5,178.5
47,3988,132.933,478.5,198.5
47,3989,132.967,500.5,226.5
47,3990,133.0,520.5,250.5
47,3991,133.033,538.5,234.5
47,3992,133.067,550.5,218.5
47,3993,133.1,562.5,202.5
47,3994,133.133,574.5,190.5
47,3995,133.167,590.5,178.5
47,3996,133.2,604.5,170.5
47,3997,133.233,618.5,164.5
47,3998,133.267,632.5,160.5
47,3999,133.3,644.5,160.5
47,4000,133.333,660.5,162.5
47,4001,133.367,676.5,166.5
47,4002,133.4,690.5,174.5
47,4003,133.433,704.5,184.5
47,4004,133.467,718.5,196.5
47,4005,133.5,732.5,214.5
47,4006,133.533,744.5,228.5
47,4007,133.567,760.5,252.5
47,4008,133.6,766.5,266.5
47,4009,133.633,780.5,292.5
47,4010,133.667,784.5,320.5
47,4011,133.7,810.5,304.5
47,4012,133.733,820.5,294.5
47,4013,133.767,838.5,276.5
47,4014,133.8,850.5,266.5
47,4015,133.833,866.5,258.5
47,4016,133.867,880.5,252.5
47,4017,133.9,896.5,248.5
47,4018,133.933,912.5,246.5
47,4022,134.067,920.5,268.5
47,4023,134.1,924.5,280.5
47,4024,134.133,926.5,296.5
48,4054,135.133,892.5,318.5
48,4055,135.167,848.5,330.5
48,4056,135.2,814.5,302.5
48,4057,135.233,784.5,284.5
48,4058,135.267,752.5,262.5
48,4059,135.3,726.5,248.5
48,4060,135.333,694.5,236.5
48,4061,135.367,674.5,228.5
48,4062,135.4,640.5,220.5
48,4063,135.433,620.5,216.5
48,4064,135.467,596.5,216.5
48,4065,135.5,574.5,218.5
48,4066,135.533,556.5,224.5
48,4067,135.567,542.5,228.5
48,4068,135.6,528.5,234.5
48,4069,135.633,508.5,234.5
48,4070,135.667,498.5,222.5
48,4071,135.7,486.5,208.5
48,4072,135.733,472.5,196.5
48,4073,135.767,458.5,186.5
48,4074,135.8,454.5,182.5
48,4075,135.833,466.5,176.5
48,4076,135.867,480.5,172.5
48,4077,135.9,498.5,170.5
48,4078,135.933,512.5,170.5
48,4079,135.967,530.5,172.5
48,4080,136.0,546.5,178.5
48,4081,136.033,562.5,186.5
48,4082,136.067,578.5,196.5
48,4083,136.1,596.5,210.5
48,4084,136.133,614.5,228.5
48,4085,136.167,628.5,246.5
48,4086,136.2,642.5,266.5
48,4087,136.233,662.5,292.5
48,4088,136.267,678.5,320.5
48,4089,136.3,694.5,352.5
48,4091,136.367,724.5,348.5
48,4092,136.4,738.5,340.5
48,4093,136.433,756.5,336.5
48,4094,136.467,770.5,334.5
48,4095,136.5,786.5,336.5
48,4096,136.533,802.5,340.5
48,4097,136.567,814.5,346.5
48,4098,136.6,826.5,352.5
48,4099,136.633,782.5,304.5
48,4100,136.667,754.5,270.5
48,4101,136.7,714.5,230.5
48,4102,136.733,682.5,198.5
48,4103,136.767,642.5,166.5
48,4104,136.8,618.5,150.5
48,4105,136.833,590.5,134.5
48,4106,136.867,568.5,122.5
48,4107,136.9,546.5,114.5
48,4108,136.933,522.5,108.5
48,4109,136.967,502.5,108.5
48,4110,137.0,488.5,108.5
48,4111,137.033,472.5,114.5
48,4112,137.067,474.5,114.5
48,4113,137.1,458.5,120.5
48,4114,137.133,446.5,128.5
48,4115,137.167,434.5,138.5
48,4116,137.2,426.5,148.5
48,4117,137.233,418.5,164.5
48,4118,137.267,410.5,178.5
48,4119,137.3,402.5,194.5
48,4120,137.333,396.5,206.5
48,4121,137.367,392.5,228.5
49,4156,138.533,350.5,126.5
49,4158,138.6,378.5,136.5
49,4159,138.633,378.5,146.5
49,4160,138.667,402.5,158.5
49,4161,138.7,428.5,174.5
49,4162,138.733,448.5,194.5
49,4163,138.767,466.5,218.5
49,4164,138.8,478.5,234.5
49,4165,138.833,494.5,258.5
49,4166,138.867,514.5,260.5
49,4167,138.9,530.5,250.5
49,4168,138.933,546.5,242.5
49,4169,138.967,560.5,238.5
49,4170,139.0,576.5,234.5
49,4171,139.033,592.5,234.5
49,4172,139.067,610.5,236.5
49,4173,139.1,628.5,242.5
49,4174,139.133,642.5,248.5
49,4175,139.167,658.5,258.5
49,4176,139.2,676.5,272.5
49,4177,139.233,690.5,286.5
49,4178,139.267,712.5,306.5
49,4179,139.3,722.5,326.5
49,4180,139.333,740.5,354.5
49,4181,139.367,760.5,362.5
49,4182,139.4,774.5,350.5
49,4183,139.433,788.5,340.5
49,4184,139.467,806.5,334.5
49,4185,139.5,820.5,330.5
49,4186,139.533,834.5,330.5
49,4187,139.567,850.5,334.5
49,4188,139.6,864.5,338.5
49,4189,139.633,880.5,350.5
49,4190,139.667,892.5,360.5
49,4191,139.7,908.5,378.5
49,4193,139.767,924.5,402.5
49,4194,139.8,926.5,404.5
49,4195,139.833,930.5,404.5
49,4196,139.867,932.5,406.5
49,4197,139.9,940.5,412.5
49,4198,139.933,946.5,416.5
49,4199,139.967,952.5,424.5
49,4200,140.0,958.5,432.5
49,4201,140.033,966.5,438.5
49,4202,140.067,974.5,448.5
49,4203,140.1,980.5,456.5
49,4204,140.133,988.5,464.5
49,4205,140.167,994.5,468.5
49,4206,140.2,1000.5,476.5
49,4207,140.233,1004.5,480.5
49,4208,140.267,1010.5,486.5
49,4209,140.3,1014.5,490.5
49,4210,140.333,1016.5,494.5
49,4211,140.367,1016.5,494.5
49,4212,140.4,1018.5,498.5
49,4213,140.433,1020.5,500.5
49,4214,140.467,1018.5,502.5
49,4215,140.5,1018.5,506.5
49,4216,140.533,1014.5,508.5
49,4217,140.567,1014.5,512.5
49,4218,140.6,1012.5,514.5
49,4219,140.633,1008.5,516.5
49,4220,140.667,1006.5,518.5
49,4221,140.7,1000.5,520.5
49,4223,140.767,990.5,520.5
49,4224,140.8,984.5,520.5
50,4237,141.233,920.5,286.5
50,4238,141.267,928.5,276.5
50,4239,141.3,930.5,270.5
50,4240,141.333,934.5,262.5
50,4241,141.367,940.5,260.5
50,4242,141.4,944.5,262.5
50,4243,141.433,946.5,274.5
50,4244,141.467,948.5,282.5
50,4245,141.5,950.5,298.5
50,4246,141.533,950.5,316.5
50,4247,141.567,950.5,332.5
50,4248,141.6,946.5,358.5
50,4250,141.667,952.5,420.5
50,4252,141.733,882.5,426.5
50,4253,141.767,834.5,416.5
50,4254,141.8,794.5,406.5
50,4255,141.833,750.5,404.5
50,4256,141.867,718.5,396.5
50,4257,141.9,684.5,358.5
50,4258,141.933,658.5,336.5
50,4259,141.967,628.5,314.5
50,4260,142.0,606.5,300.5
50,4261,142.033,584.5,292.5
50,4262,142.067,560.5,280.5
50,4263,142.1,542.5,276.5
50,4264,142.133,518.5,276.5
50,4265,142.167,504.5,276.5
50,4266,142.2,490.5,278.5
50,4267,142.233,470.5,284.5
50,4268,142.267,454.5,274.5
50,4269,142.3,440.5,258.5
50,4270,142.333,426.5,244.5
50,4271,142.367,412.5,238.5
50,4272,142.4,402.5,232.5
50,4273,142.433,388.5,228.5
50,4274,142.467,406.5,222.5
50,4275,142.5,430.5,220.5
50,4276,142.533,458.5,218.5
50,4277,142.567,488.5,218.5
50,4278,142.6,514.5,220.5
50,4279,142.633,546.5,226.5
50,4280,142.667,576.5,236.5
50,4281,142.7,606.5,246.5
50,4282,142.733,636.5,260.5
50,4283,142.767,650.5,270.5
50,4284,142.8,690.5,290.5
50,4285,142.833,716.5,310.5
50,4286,142.867,750.5,340.5
50,4287,142.9,780.5,358.5
50,4288,142.933,802.5,346.5
50,4289,142.967,832.5,338.5
50,4290,143.0,858.5,338.5
50,4291,143.033,884.5,338.5
50,4292,143.067,902.5,326.5
50,4293,143.1,874.5,310.5
50,4294,143.133,828.5,278.5
50,4295,143.167,782.5,256.5
50,4296,143.2,748.5,242.5
50,4297,143.233,708.5,226.5
50,4298,143.267,674.5,218.5
50,4299,143.3,642.5,210.5
50,4300,143.333,610.5,206.5
50,4301,143.367,578.5,204.5
50,4302,143.4,548.5,206.5
50,4303,143.433,526.5,210.5
50,4304,143.467,502.5,212.5
50,4305,143.5,478.5,220.5
50,4306,143.533,456.5,232.5
50,4307,143.567,438.5,240.5
50,4308,143.6,420.5,248.5
50,4309,143.633,398.5,264.5
50,4310,143.667,380.5,248.5
50,4311,143.7,364.5,228.5
50,4312,143.733,348.5,214.5
50,4313,143.767,332.5,202.5
50,4314,143.8,328.5,194.5
50,4315,143.833,354.5,190.5
50,4316,143.867,384.5,190.5
50,4317,143.9,416.5,190.5
50,4318,143.933,446.5,192.5
50,4319,143.967,478.5,196.5
50,4320,144.0,514.5,206.5
50,4321,144.033,544.5,214.5
50,4322,144.067,578.5,228.5
50,4323,144.1,610.5,242.5
50,4324,144.133,642.5,258.5
50,4325,144.167,680.5,282.5
50,4326,144.2,702.5,298.5
50,4327,144.233,730.5,316.5
50,4328,144.267,768.5,344.5
50,4329,144.3,800.5,334.5
50,4330,144.333,828.5,326.5
50,4331,144.367,864.5,320.5
50,4332,144.4,890.5,320.5
50,4333,144.433,922.5,320.5
50,4334,144.467,914.5,302.5
50,4335,144.5,870.5,274.5
50,4336,144.533,830.5,250.5
50,4337,144.567,792.5,232.5
50,4338,144.6,754.5,216.5
50,4339,144.633,720.5,206.5
50,4340,144.667,684.5,196.5
50,4341,144.7,650.5,188.5
50,4342,144.733,624.5,186.5
50,4344,144.8,572.5,188.5
50,4345,144.833,548.5,194.5
50,4346,144.867,530.5,196.5
50,4347,144.9,506.5,206.5
50,4348,144.933,490.5,212.5
50,4349,144.967,470.5,226.5
50,4350,145.0,456.5,236.5
50,4351,145.033,436.5,244.5
50,4352,145.067,424.5,228.5
50,4353,145.1,404.5,206.5
50,4354,145.133,394.5,192.5
50,4355,145.167,382.5,180.5
50,4356,145.2,370.5,170.5
50,4359,145.3,454.5,190.5
50,4360,145.333,492.5,202.5
50,4361,145.367,528.5,218.5
50,4362,145.4,564.5,236.5
50,4363,145.433,594.5,252.5
50,4364,145.467,632.5,274.5
50,4365,145.5,674.5,304.5
50,4366,145.533,714.5,330.5
50,4367,145.567,752.5,326.5
50,4368,145.6,778.5,326.5
50,4369,145.633,828.5,330.5
50,4370,145.667,866.5,338.5
50,4371,145.7,902.5,342.5
50,4372,145.733,958.5,358.5
50,4373,145.767,988.5,372.5
50,4374,145.8,984.5,358.5
50,4375,145.833,938.5,320.5
50,4376,145.867,896.5,284.5
50,4377,145.9,854.5,254.5
50,4378,145.933,818.5,230.5
50,4379,145.967,782.5,212.5
50,4380,146.0,748.5,196.5
50,4381,146.033,716.5,182.5
50,4382,146.067,686.5,172.5
50,4383,146.1,660.5,170.5
50,4384,146.133,636.5,164.5
50,4385,146.167,608.5,166.5
50,4386,146.2,586.5,168.5
50,4387,146.233,564.5,172.5
50,4388,146.267,546.5,180.5
50,4389,146.3,532.5,186.5
50,4390,146.333,514.5,198.5
50,4391,146.367,502.5,210.5
50,4392,146.4,488.5,222.5
50,4393,146.433,476.5,234.5
50,4394,146.467,462.5,246.5
50,4395,146.5,456.5,234.5
50,4396,146.533,440.5,210.5
50,4397,146.567,436.5,194.5
50,4398,146.6,424.5,180.5
50,4399,146.633,412.5,166.5
50,4400,146.667,406.5,156.5
50,4401,146.7,396.5,148.5
50,4402,146.733,390.5,144.5
50,4403,146.767,408.5,146.5
50,4404,146.8,428.5,150.5
50,4405,146.833,456.5,156.5
50,4406,146.867,480.5,164.5
50,4407,146.9,506.5,174.5
50,4408,146.933,532.5,188.5
50,4409,146.967,564.5,208.5
50,4410,147.0,592.5,228.5
50,4411,147.033,618.5,248.5
50,4412,147.067,638.5,268.5
50,4413,147.1,672.5,300.5
50,4414,147.133,702.5,334.5
50,4415,147.167,724.5,354.5
50,4416,147.2,754.5,344.5
50,4417,147.233,780.5,340.5
50,4418,147.267,808.5,336.5
50,4419,147.3,836.5,334.5
50,4420,147.333,868.5,338.5
50,4421,147.367,898.5,344.5
50,4422,147.4,926.5,354.5
50,4423,147.433,958.5,370.5
50,4424,147.467,988.5,382.5
50,4425,147.5,924.5,328.5
50,4426,147.533,868.5,286.5
50,4427,147.567,822.5,254.5
50,4428,147.6,780.5,228.5
50,4429,147.633,738.5,206.5
50,4430,147.667,702.5,190.5
50,4431,147.7,674.5,178.5
50,4432,147.733,634.5,168.5
50,4433,147.767,602.5,164.5
50,4434,147.8,574.5,160.5
50,4435,147.833,548.5,162.5
50,4436,147.867,526.5,164.5
50,4437,147.9,502.5,170.5
50,4438,147.933,486.5,178.5
50,4439,147.967,466.5,186.5
50,4440,148.0,450.5,196.5
50,4441,148.033,438.5,210.5
50,4442,148.067,424.5,224.5
50,4443,148.1,410.5,238.5
50,4444,148.133,400.5,236.5
50,4445,148.167,386.5,210.5
50,4446,148.2,378.5,192.5
50,4447,148.233,364.5,172.5
50,4448,148.267,356.5,162.5
50,4449,148.3,346.5,148.5
50,4450,148.333,338.5,136.5
50,4452,148.4,394.5,146.5
50,4453,148.433,434.5,150.5
50,4454,148.467,476.5,162.5
50,4455,148.5,524.5,176.5
50,4456,148.533,562.5,190.5
50,4457,148.567,606.5,206.5
50,4458,148.6,644.5,222.5
50,4459,148.633,686.5,244.5
50,4460,148.667,732.5,268.5
50,4461,148.7,770.5,292.5
50,4462,148.733,820.5,308.5
50,4463,148.767,852.5,304.5
50,4464,148.8,896.5,300.5
50,4465,148.833,940.5,296.5
50,4466,148.867,996.5,300.5
50,4467,148.9,1022.5,306.5
50,4468,148.933,1068.5,310.5
50,4469,148.967,1108.5,322.5
50,4470,149.0,1152.5,334.5
50,4472,149.067,1144.5,324.5
50,4473,149.1,1096.5,302.5
50,4475,149.167,956.5,254.5
50,4476,149.2,906.5,242.5
50,4477,149.233,850.5,234.5
50,4478,149.267,802.5,228.5
50,4479,149.3,764.5,228.5
50,4480,149.333,720.5,232.5
50,4481,149.367,682.5,236.5
50,4482,149.4,640.5,244.5
50,4483,149.433,612.5,252.5
50,4484,149.467,578.5,264.5
50,4485,149.5,554.5,276.5
50,4486,149.533,538.5,262.5
50,4487,149.567,504.5,238.5
50,4488,149.6,484.5,224.5
50,4489,149.633,466.5,210.5
50,4490,149.667,444.5,196.5
50,4491,149.7,422.5,190.5
50,4492,149.733,408.5,186.5
50,4493,149.767,390.5,182.5
50,4494,149.8,374.5,180.5
50,4495,149.833,380.5,174.5
50,4496,149.867,396.5,160.5
50,4497,149.9,418.5,148.5
50,4498,149.933,446.5,138.5
50,4499,149.967,466.5,130.5
50,4500,150.0,494.5,128.5
50,4501,150.033,516.5,126.5
50,4502,150.067,544.5,128.5
50,4503,150.1,564.5,132.5
50,4504,150.133,594.5,140.5
50,4505,150.167,620.5,150.5
50,4506,150.2,644.5,162.5
50,4507,150.233,674.5,182.5
50,4508,150.267,696.5,198.5
50,4509,150.3,724.5,224.5
50,4510,150.333,746.5,246.5
50,4511,150.367,768.5,274.5
50,4512,150.4,788.5,296.5
50,4513,150.433,812.5,330.5
50,4514,150.467,836.5,368.5
50,4515,150.5,854.5,354.5
50,4516,150.533,890.5,328.5
50,4517,150.567,902.5,320.5
50,4518,150.6,930.5,304.5
50,4519,150.633,948.5,294.5
50,4520,150.667,976.5,288.5
50,4521,150.7,998.5,280.5
50,4522,150.733,1026.5,280.5
50,4523,150.767,1042.5,282.5
50,4524,150.8,1066.5,290.5
50,4525,150.833,1086.5,298.5
50,4526,150.867,1108.5,312.5
50,4527,150.9,1122.5,326.5
51,4532,151.067,564.5,228.5
51,4533,151.1,498.5,222.5
51,4534,151.133,434.5,222.5
51,4535,151.167,376.5,222.5
51,4536,151.2,324.5,226.5
51,4537,151.233,284.5,232.5
51,4538,151.267,236.5,248.5
51,4539,151.3,210.5,252.5
51,4540,151.333,180.5,266.5
51,4541,151.367,164.5,282.5
51,4542,151.4,138.5,296.5
51,4543,151.433,166.5,320.5
51,4544,151.467,178.5,336.5
51,4545,151.5,196.5,358.5
51,4546,151.533,216.5,386.5
51,4548,151.6,228.5,386.5
51,4549,151.633,236.5,386.5
51,4550,151.667,246.5,390.5
51,4551,151.7,254.5,394.5
51,4552,151.733,266.5,404.5
51,4553,151.767,276.5,414.5
51,4554,151.8,286.5,426.5
51,4555,151.833,300.5,440.5
51,4556,151.867,310.5,460.5
51,4557,151.9,326.5,480.5
51,4558,151.933,336.5,486.5
51,4559,151.967,346.5,492.5
51,4560,152.0,358.5,500.5
51,4561,152.033,368.5,510.5
51,4562,152.067,380.5,522.5
51,4563,152.1,390.5,536.5
51,4564,152.133,402.5,548.5
51,4565,152.167,414.5,554.5
51,4566,152.2,428.5,564.5
51,4567,152.233,440.5,576.5
51,4568,152.267,452.5,588.5
52,4605,153.5,1006.5,712.5
52,4606,153.533,1014.5,682.5
52,4607,153.567,1016.5,642.5
52,4608,153.6,1018.5,606.5
52,4609,153.633,1016.5,576.5
52,4610,153.667,1018.5,552.5
52,4611,153.7,1018.5,532.5
52,4612,153.733,1014.5,518.5
52,4613,153.767,1006.5,508.5
52,4614,153.8,1006.5,502.5
52,4615,153.833,996.5,502.5
52,4616,153.867,990.5,510.5
53,4643,154.767,1024.5,352.5
53,4644,154.8,1012.5,338.5
53,4648,154.933,852.5,302.5
53,4649,154.967,816.5,308.5
53,4650,155.0,778.5,318.5
53,4651,155.033,746.5,326.5
53,4652,155.067,708.5,342.5
53,4653,155.1,690.5,360.5
53,4654,155.133,658.5,378.5
53,4655,155.167,638.5,388.5
53,4656,155.2,624.5,354.5
53,4657,155.233,610.5,324.5
53,4658,155.267,594.5,294.5
53,4659,155.3,580.5,264.5
53,4660,155.333,564.5,242.5
53,4661,155.367,554.5,226.5
53,4662,155.4,542.5,214.5
53,4663,155.433,532.5,206.5
53,4664,155.467,520.5,198.5
53,4665,155.5,510.5,196.5
53,4666,155.533,502.5,194.5
53,4667,155.567,492.5,198.5
53,4668,155.6,484.5,202.5
53,4669,155.633,478.5,210.5
53,4670,155.667,470.5,218.5
53,4671,155.7,466.5,228.5
53,4672,155.733,458.5,242.5
53,4673,155.767,454.5,260.5
53,4674,155.8,446.5,266.5
53,4675,155.833,442.5,248.5
53,4676,155.867,436.5,234.5
53,4677,155.9,428.5,214.5
53,4678,155.933,422.5,200.5
53,4679,155.967,418.5,188.5
53,4680,156.0,410.5,178.5
53,4682,156.067,404.5,170.5
53,4683,156.1,404.5,188.5
53,4684,156.133,400.5,202.5
53,4685,156.167,398.5,210.5
54,4691,156.367,366.5,228.5
54,4694,156.467,352.5,342.5
54,4695,156.5,356.5,338.5
54,4697,156.567,318.5,246.5
54,4698,156.6,312.5,246.5
54,4700,156.667,300.5,250.5
54,4701,156.7,292.5,254.5
54,4702,156.733,288.5,256.5
54,4703,156.767,284.5,258.5
54,4704,156.8,282.5,262.5
54,4705,156.833,282.5,264.5
54,4706,156.867,280.5,268.5
54,4707,156.9,280.5,272.5
54,4708,156.933,282.5,272.5
54,4709,156.967,278.5,272.5
54,4710,157.0,276.5,264.5
54,4711,157.033,270.5,250.5
54,4712,157.067,264.5,236.5
54,4713,157.1,262.5,222.5
54,4714,157.133,254.5,204.5
54,4716,157.2,250.5,184.5
54,4718,157.267,244.5,172.5
54,4719,157.3,240.5,170.5
54,4720,157.333,238.5,170.5
54,4721,157.367,236.5,176.5
54,4722,157.4,236.5,180.5
54,4723,157.433,234.5,188.5
54,4724,157.467,234.5,198.5
54,4725,157.5,234.5,210.5
54,4726,157.533,234.5,226.5
54,4727,157.567,252.5,242.5
54,4728,157.6,316.5,268.5
54,4729,157.633,366.5,272.5
54,4730,157.667,402.5,260.5
54,4731,157.7,446.5,256.5
54,4732,157.733,490.5,250.5
54,4733,157.767,532.5,248.5
54,4734,157.8,574.5,250.5
54,4735,157.833,612.5,256.5
54,4736,157.867,656.5,260.5
54,4737,157.9,700.5,274.5
54,4738,157.933,746.5,288.5
54,4739,157.967,772.5,296.5
54,4740,158.0,826.5,322.5
54,4741,158.033,854.5,342.5
54,4742,158.067,900.5,356.5
54,4743,158.1,948.5,338.5
54,4744,158.133,976.5,334.5
54,4745,158.167,1010.5,328.5
54,4746,158.2,1044.5,326.5
54,4747,158.233,1026.5,300.5
54,4748,158.267,996.5,272.5
54,4749,158.3,954.5,244.5
54,4750,158.333,922.5,226.5
54,4751,158.367,886.5,208.5
54,4752,158.4,854.5,196.5
54,4753,158.433,822.5,188.5
54,4754,158.467,788.5,180.5
54,4755,158.5,756.5,180.5
54,4756,158.533,730.5,180.5
54,4757,158.567,694.5,182.5
54,4758,158.6,672.5,186.5
54,4759,158.633,638.5,198.5
54,4760,158.667,614.5,208.5
54,4761,158.7,588.5,222.5
54,4762,158.733,566.5,236.5
54,4763,158.767,546.5,250.5
54,4764,158.8,522.5,270.5
54,4765,158.833,504.5,288.5
54,4766,158.867,488.5,300.5
54,4767,158.9,472.5,280.5
54,4768,158.933,456.5,258.5
54,4769,158.967,440.5,240.5
54,4770,159.0,426.5,228.5
54,4771,159.033,412.5,214.5
54,4772,159.067,400.5,208.5
54,4773,159.1,382.5,200.5
54,4774,159.133,374.5,198.5
54,4775,159.167,360.5,196.5
54,4776,159.2,348.5,198.5
54,4777,159.233,338.5,204.5
54,4779,159.3,336.5,214.5
54,4780,159.333,386.5,206.5
54,4781,159.367,430.5,202.5
54,4782,159.4,470.5,198.5
54,4783,159.433,522.5,206.5
54,4784,159.467,564.5,210.5
54,4785,159.5,612.5,222.5
54,4786,159.533,652.5,230.5
54,4787,159.567,700.5,248.5
54,4788,159.6,740.5,266.5
54,4789,159.633,784.5,290.5
54,4790,159.667,818.5,308.5
54,4791,159.7,834.5,372.5
54,4792,159.733,894.5,366.5
54,4793,159.767,934.5,352.5
54,4794,159.8,988.5,334.5
54,4795,159.833,1022.5,326.5
54,4796,159.867,1066.5,318.5
54,4797,159.9,1108.5,308.5
54,4798,159.933,1152.5,306.5
54,4799,159.967,1186.5,306.5
54,4800,160.0,1228.5,308.5
54,4801,160.033,1176.5,276.5
54,4803,160.1,1060.5,216.5
54,4807,160.233,840.5,146.5
54,4808,160.267,794.5,140.5
54,4809,160.3,752.5,138.5
54,4810,160.333,710.5,140.5
54,4811,160.367,676.5,142.5
54,4812,160.4,636.5,150.5
54,4813,160.433,602.5,160.5
54,4814,160.467,572.5,170.5
54,4815,160.5,540.5,184.5
54,4816,160.533,516.5,196.5
54,4817,160.567,492.5,214.5
54,4818,160.6,466.5,230.5
54,4819,160.633,450.5,246.5
54,4820,160.667,432.5,256.5
54,4821,160.7,410.5,228.5
54,4822,160.733,398.5,210.5
54,4823,160.767,380.5,188.5
54,4824,160.8,366.5,170.5
54,4825,160.833,354.5,160.5
54,4826,160.867,342.5,146.5
54,4827,160.9,330.5,140.5
54,4828,160.933,318.5,132.5
54,4829,160.967,306.5,130.5
54,4830,161.0,294.5,132.5
55,4835,161.167,432.5,158.5
55,4836,161.2,464.5,170.5
55,4837,161.233,514.5,188.5
55,4838,161.267,564.5,212.5
55,4839,161.3,612.5,236.5
55,4840,161.333,652.5,260.5
55,4842,161.4,742.5,324.5
55,4843,161.433,806.5,340.5
55,4844,161.467,820.5,378.5
55,4846,161.533,962.5,322.5
55,4847,161.567,1026.5,322.5
55,4848,161.6,1076.5,324.5
55,4849,161.633,1140.5,332.5
55,4850,161.667,1190.5,340.5
55,4851,161.7,1246.5,356.5
55,4854,161.8,1258.5,306.5
55,4855,161.833,1220.5,270.5
55,4856,161.867,1172.5,232.5
55,4857,161.9,1126.5,194.5
55,4861,162.033,952.5,120.5
55,4863,162.1,854.5,94.5
55,4864,162.133,814.5,92.5
55,4865,162.167,780.5,94.5
55,4866,162.2,748.5,98.5
55,4867,162.233,716.5,106.5
55,4868,162.267,684.5,116.5
55,4869,162.3,650.5,130.5
55,4870,162.333,628.5,142.5
55,4871,162.367,602.5,158.5
55,4872,162.4,582.5,174.5
55,4873,162.433,560.5,192.5
55,4874,162.467,538.5,212.5
55,4875,162.5,522.5,230.5
55,4876,162.533,502.5,252.5
55,4877,162.567,484.5,272.5
55,4878,162.6,474.5,254.5
55,4879,162.633,460.5,228.5
55,4880,162.667,450.5,210.5
55,4881,162.7,438.5,188.5
55,4882,162.733,426.5,170.5
55,4883,162.767,414.5,154.5
55,4884,162.8,406.5,144.5
55,4885,162.833,396.5,136.5
55,4886,162.867,386.5,130.5
55,4887,162.9,378.5,126.5
55,4888,162.933,368.5,126.5
55,4889,162.967,358.5,126.5
55,4890,163.0,354.5,132.5
55,4891,163.033,344.5,138.5
55,4892,163.067,340.5,146.5
55,4894,163.133,378.5,126.5
55,4895,163.167,434.5,158.5
55,4896,163.2,476.5,164.5
55,4897,163.233,508.5,178.5
55,4898,163.267,544.5,192.5
55,4899,163.3,578.5,208.5
55,4900,163.333,618.5,230.5
55,4901,163.367,644.5,244.5
55,4902,163.4,680.5,270.5
55,4903,163.433,724.5,306.5
55,4904,163.467,752.5,336.5
55,4905,163.5,768.5,350.5
55,4906,163.533,830.5,308.5
55,4907,163.567,868.5,302.5
55,4908,163.6,910.5,292.5
55,4909,163.633,946.5,290.5
55,4910,163.667,994.5,290.5
55,4911,163.7,1036.5,292.5
55,4912,163.733,1074.5,300.5
55,4913,163.767,1114.5,310.5
55,4914,163.8,1152.5,324.5
55,4915,163.833,1192.5,344.5
55,4916,163.867,1226.5,364.5
55,4917,163.9,1238.5,360.5
55,4918,163.933,1208.5,326.5
55,4919,163.967,1168.5,288.5
55,4920,164.0,1134.5,258.5
55,4921,164.033,1082.5,216.5
55,4922,164.067,1052.5,192.5
55,4925,164.167,924.5,130.5
55,4926,164.2,896.5,122.5
55,4927,164.233,850.5,116.5
55,4928,164.267,830.5,116.5
55,4929,164.3,796.5,114.5
55,4930,164.333,762.5,118.5
55,4931,164.367,732.5,124.5
55,4932,164.4,706.5,134.5
55,4933,164.433,682.5,144.5
55,4934,164.467,660.5,156.5
55,4935,164.5,638.5,170.5
55,4936,164.533,616.5,186.5
55,4937,164.567,596.5,204.5
55,4938,164.6,578.5,222.5
55,4939,164.633,564.5,236.5
55,4940,164.667,542.5,258.5
55,4941,164.7,530.5,246.5
55,4942,164.733,518.5,224.5
55,4943,164.767,510.5,206.5
55,4944,164.8,496.5,186.5
55,4945,164.833,484.5,170.5
55,4946,164.867,474.5,156.5
55,4947,164.9,462.5,146.5
55,4948,164.933,452.5,140.5
55,4949,164.967,442.5,132.5
55,4950,165.0,434.5,132.5
55,4952,165.067,494.5,176.5
55,4953,165.1,530.5,206.5
55,4954,165.133,558.5,232.5
55,4955,165.167,580.5,252.5
55,4956,165.2,620.5,300.5
55,4958,165.267,688.5,384.5
55,4959,165.3,718.5,382.5
55,4960,165.333,754.5,382.5
55,4961,165.367,794.5,388.5
55,4962,165.4,830.5,398.5
55,4963,165.433,866.5,408.5
55,4964,165.467,922.5,436.5
55,4965,165.5,954.5,452.5
55,4966,165.533,1002.5,482.5
55,4968,165.6,898.5,346.5
55,4969,165.633,868.5,316.5
55,4970,165.667,870.5,318.5
55,4971,165.7,814.5,260.5
55,4972,165.733,772.5,226.5
55,4973,165.767,734.5,196.5
55,4974,165.8,702.5,172.5
55,4975,165.833,674.5,158.5
55,4976,165.867,642.5,142.5
55,4977,165.9,618.5,136.5
55,4978,165.933,592.5,134.5
55,4979,165.967,572.5,134.5
55,4980,166.0,556.5,138.5
55,4981,166.033,538.5,146.5
55,4982,166.067,526.5,154.5
55,4983,166.1,510.5,168.5
55,4984,166.133,498.5,182.5
55,4985,166.167,486.5,198.5
55,4986,166.2,478.5,218.5
55,4987,166.233,474.5,232.5
55,4988,166.267,466.5,252.5
55,4989,166.3,458.5,270.5
55,4990,166.333,450.5,282.5
55,4991,166.367,446.5,258.5
55,4992,166.4,442.5,234.5
55,4993,166.433,434.5,210.5
55,4994,166.467,426.5,186.5
55,4995,166.5,422.5,170.5
55,4996,166.533,418.5,154.5
55,4997,166.567,412.5,142.5
55,4998,166.6,410.5,132.5
55,4999,166.633,406.5,126.5
55,5000,166.667,402.5,120.5
55,5001,166.7,404.5,120.5
55,5003,166.767,422.5,126.5
55,5004,166.8,450.5,132.5
55,5005,166.833,444.5,134.5
55,5006,166.867,508.5,150.5
55,5007,166.9,538.5,166.5
55,5008,166.933,568.5,182.5
55,5009,166.967,596.5,202.5
55,5010,167.0,626.5,224.5
55,5011,167.033,648.5,242.5
55,5012,167.067,676.5,270.5
55,5013,167.1,708.5,306.5
55,5014,167.133,744.5,346.5
55,5015,167.167,768.5,370.5
55,5016,167.2,798.5,358.5
55,5017,167.233,826.5,348.5
55,5018,167.267,852.5,340.5
55,5019,167.3,884.5,336.5
55,5020,167.333,912.5,332.5
55,5021,167.367,946.5,334.5
55,5022,167.4,978.5,340.5
55,5023,167.433,1010.5,350.5
55,5024,167.467,1040.5,362.5
55,5025,167.5,1062.5,370.5
55,5026,167.533,1018.5,332.5
55,5028,167.6,912.5,250.5
55,5029,167.633,866.5,220.5
55,5030,167.667,826.5,196.5
55,5031,167.7,784.5,180.5
55,5032,167.733,750.5,168.5
55,5033,167.767,714.5,160.5
55,5034,167.8,678.5,156.5
55,5035,167.833,642.5,154.5
55,5036,167.867,620.5,156.5
55,5037,167.9,592.5,162.5
55,5038,167.933,572.5,168.5
55,5039,167.967,546.5,180.5
55,5040,168.0,530.5,188.5
55,5041,168.033,508.5,204.5
55,5042,168.067,490.5,218.5
55,5043,168.1,476.5,232.5
55,5044,168.133,460.5,248.5
55,5045,168.167,448.5,266.5
55,5046,168.2,434.5,252.5
55,5047,168.233,422.5,230.5
55,5048,168.267,408.5,208.5
55,5049,168.3,398.5,192.5
55,5050,168.333,386.5,176.5
55,5051,168.367,378.5,164.5
55,5052,168.4,366.5,154.5
55,5053,168.433,358.5,146.5
55,5054,168.467,352.5,140.5
55,5055,168.5,370.5,144.5
55,5056,168.533,400.5,148.5
55,5057,168.567,436.5,156.5
55,5058,168.6,476.5,166.5
55,5059,168.633,506.5,176.5
55,5060,168.667,546.5,192.5
55,5061,168.7,588.5,210.5
55,5062,168.733,626.5,230.5
55,5063,168.767,674.5,258.5
55,5064,168.8,698.5,274.5
55,5065,168.833,740.5,300.5
55,5066,168.867,778.5,330.5
55,5067,168.9,828.5,368.5
55,5068,168.933,860.5,366.5
55,5069,168.967,908.5,350.5
55,5070,169.0,962.5,338.5
55,5071,169.033,994.5,336.5
55,5072,169.067,1034.5,332.5
55,5073,169.1,1048.5,320.5
55,5074,169.133,1002.5,290.5
55,5075,169.167,946.5,256.5
55,5076,169.2,908.5,238.5
55,5077,169.233,862.5,220.5
55,5078,169.267,828.5,208.5
55,5079,169.3,786.5,198.5
55,5080,169.333,750.5,194.5
55,5081,169.367,716.5,190.5
55,5082,169.4,682.5,192.5
55,5083,169.433,648.5,196.5
55,5084,169.467,622.5,200.5
55,5085,169.5,594.5,210.5
55,5086,169.533,574.5,218.5
55,5087,169.567,550.5,228.5
55,5088,169.6,530.5,240.5
55,5089,169.633,502.5,258.5
55,5090,169.667,490.5,270.5
55,5091,169.7,468.5,266.5
55,5092,169.733,456.5,244.5
55,5093,169.767,438.5,224.5
55,5094,169.8,422.5,206.5
55,5095,169.833,412.5,196.5
55,5096,169.867,398.5,184.5
55,5097,169.9,388.5,178.5
55,5098,169.933,376.5,172.5
55,5099,169.967,400.5,172.5
55,5100,170.0,430.5,176.5
55,5101,170.033,464.5,182.5
55,5102,170.067,494.5,188.5
55,5103,170.1,532.5,202.5
55,5104,170.133,570.5,216.5
55,5105,170.167,604.5,234.5
55,5106,170.2,634.5,252.5
55,5107,170.233,674.5,278.5
55,5108,170.267,692.5,290.5
55,5109,170.3,726.5,328.5
55,5110,170.333,754.5,340.5
55,5111,170.367,786.5,322.5
55,5112,170.4,828.5,308.5
55,5113,170.433,844.5,308.5
55,5114,170.467,878.5,306.5
55,5115,170.5,914.5,304.5
55,5116,170.533,934.5,304.5
55,5117,170.567,896.5,278.5
55,5118,170.6,860.5,260.5
55,5119,170.633,824.5,244.5
55,5120,170.667,786.5,228.5
55,5121,170.7,754.5,222.5
55,5122,170.733,724.5,214.5
55,5123,170.767,690.5,212.5
55,5124,170.8,672.5,210.5
55,5125,170.833,640.5,212.5
55,5126,170.867,610.5,216.5
55,5127,170.9,586.5,224.5
55,5128,170.933,566.5,230.5
55,5129,170.967,550.5,238.5
55,5130,171.0,530.5,250.5
55,5131,171.033,510.5,262.5
55,5132,171.067,494.5,254.5
55,5133,171.1,476.5,232.5
55,5134,171.133,466.5,222.5
55,5135,171.167,450.5,204.5
55,5136,171.2,438.5,194.5
55,5137,171.233,426.5,186.5
55,5138,171.267,418.5,182.5
55,5139,171.3,436.5,184.5
55,5140,171.333,468.5,194.5
55,5141,171.367,492.5,202.5
55,5142,171.4,516.5,214.5
55,5143,171.433,546.5,230.5
55,5144,171.467,568.5,246.5
55,5145,171.5,596.5,266.5
55,5146,171.533,620.5,288.5
55,5147,171.567,648.5,320.5
55,5148,171.6,676.5,352.5
55,5149,171.633,706.5,386.5
55,5150,171.667,732.5,386.5
55,5151,171.7,756.5,382.5
55,5152,171.733,788.5,386.5
55,5153,171.767,818.5,390.5
55,5154,171.8,818.5,374.5
55,5155,171.833,756.5,340.5
55,5156,171.867,714.5,316.5
55,5157,171.9,682.5,290.5
55,5158,171.933,632.5,268.5
55,5159,171.967,592.5,250.5
55,5160,172.0,562.5,240.5
55,5161,172.033,536.5,234.5
55,5162,172.067,510.5,228.5
55,5163,172.1,484.5,226.5
55,5164,172.133,462.5,228.5
55,5165,172.167,446.5,230.5
55,5166,172.2,430.5,234.5
55,5167,172.233,418.5,240.5
55,5168,172.267,404.5,248.5
55,5169,172.3,390.5,242.5
55,5170,172.333,378.5,220.5
55,5173,172.433,406.5,192.5
55,5174,172.467,444.5,194.5
55,5175,172.5,478.5,196.5
55,5176,172.533,516.5,202.5
55,5177,172.567,554.5,208.5
55,5178,172.6,592.5,216.5
55,5179,172.633,632.5,228.5
55,5180,172.667,674.5,242.5
55,5181,172.7,710.5,256.5
55,5182,172.733,750.5,274.5
55,5183,172.767,792.5,294.5
55,5184,172.8,822.5,308.5
55,5186,172.867,908.5,364.5
55,5187,172.9,964.5,360.5
55,5188,172.933,990.5,356.5
55,5189,172.967,978.5,328.5
55,5190,173.0,922.5,292.5
55,5191,173.033,866.5,260.5
55,5192,173.067,824.5,240.5
55,5193,173.1,778.5,220.5
55,5194,173.133,734.5,204.5
55,5195,173.167,694.5,190.5
55,5196,173.2,652.5,180.5
55,5197,173.233,620.5,176.5
55,5198,173.267,586.5,174.5
55,5199,173.3,554.5,174.5
55,5200,173.333,528.5,176.5
55,5201,173.367,496.5,180.5
55,5202,173.4,468.5,188.5
55,5203,173.433,446.5,194.5
55,5204,173.467,424.5,204.5
55,5205,173.5,402.5,218.5
55,5206,173.533,384.5,228.5
55,5207,173.567,364.5,250.5
56,5212,173.733,296.5,328.5
56,5214,173.8,270.5,330.5
56,5215,173.833,260.5,318.5
56,5216,173.867,250.5,308.5
56,5217,173.9,240.5,300.5
57,5228,174.267,218.5,306.5
57,5229,174.3,226.5,316.5
57,5230,174.333,226.5,324.5
57,5231,174.367,232.5,332.5
57,5232,174.4,232.5,326.5
57,5233,174.433,230.5,322.5
58,5361,178.7,380.5,224.5
58,5362,178.733,374.5,226.5
58,5364,178.8,362.5,228.5
58,5365,178.833,354.5,232.5
58,5366,178.867,348.5,232.5
58,5367,178.9,340.5,236.5
58,5368,178.933,334.5,238.5
58,5369,178.967,326.5,240.5
58,5370,179.0,320.5,242.5
58,5371,179.033,314.5,244.5
58,5372,179.067,310.5,248.5
58,5373,179.1,306.5,252.5
58,5374,179.133,300.5,254.5
58,5375,179.167,296.5,258.5
58,5376,179.2,294.5,260.5
58,5377,179.233,292.5,262.5
58,5378,179.267,290.5,268.5
58,5379,179.3,290.5,270.5
58,5381,179.367,286.5,270.5
58,5382,179.4,282.5,262.5
58,5383,179.433,278.5,250.5
58,5384,179.467,270.5,238.5
58,5385,179.5,268.5,220.5
58,5386,179.533,274.5,244.5
58,5387,179.567,258.5,202.5
58,5388,179.6,256.5,196.5
58,5389,179.633,250.5,190.5
58,5390,179.667,246.5,190.5
58,5391,179.7,246.5,186.5
58,5392,179.733,244.5,192.5
58,5393,179.767,242.5,196.5
58,5394,179.8,242.5,208.5
58,5395,179.833,242.5,212.5
58,5396,179.867,244.5,226.5
58,5397,179.9,254.5,244.5
58,5398,179.933,312.5,276.5
58,5400,180.0,356.5,284.5
58,5401,180.033,386.5,276.5
58,5402,180.067,418.5,274.5
58,5403,180.1,450.5,270.5
58,5404,180.133,482.5,274.5
58,5405,180.167,482.5,274.5
58,5407,180.233,550.5,290.5
58,5408,180.267,580.5,300.5
58,5409,180.3,618.5,316.5
58,5410,180.333,652.5,332.5
58,5411,180.367,682.5,352.5
58,5412,180.4,716.5,378.5
58,5413,180.433,752.5,404.5
58,5414,180.467,782.5,396.5
58,5415,180.5,816.5,386.5
58,5416,180.533,848.5,384.5
58,5417,180.567,880.5,386.5
58,5418,180.6,898.5,380.5
58,5419,180.633,858.5,354.5
58,5420,180.667,826.5,334.5
58,5421,180.7,786.5,316.5
58,5422,180.733,746.5,300.5
58,5423,180.767,716.5,292.5
58,5424,180.8,684.5,282.5
58,5425,180.833,644.5,276.5
58,5426,180.867,624.5,276.5
58,5427,180.9,600.5,280.5
58,5428,180.933,564.5,284.5
58,5429,180.967,548.5,290.5
58,5430,181.0,526.5,300.5
58,5432,181.067,490.5,304.5
58,5433,181.1,474.5,288.5
58,5434,181.133,462.5,272.5
58,5435,181.167,446.5,258.5
58,5436,181.2,434.5,244.5
58,5437,181.233,422.5,236.5
58,5438,181.267,410.5,232.5
58,5439,181.3,398.5,228.5
58,5440,181.333,388.5,228.5
58,5442,181.4,410.5,224.5
58,5443,181.433,436.5,220.5
58,5444,181.467,470.5,220.5
58,5445,181.5,496.5,220.5
58,5446,181.533,528.5,224.5
58,5447,181.567,556.5,228.5
58,5448,181.6,586.5,238.5
58,5449,181.633,614.5,248.5
58,5450,181.667,644.5,262.5
58,5451,181.7,678.5,280.5
58,5452,181.733,698.5,292.5
58,5453,181.767,724.5,308.5
58,5454,181.8,754.5,336.5
58,5455,181.833,780.5,324.5
58,5456,181.867,804.5,314.5
58,5457,181.9,830.5,308.5
58,5458,181.933,852.5,304.5
58,5459,181.967,882.5,298.5
58,5460,182.0,870.5,278.5
58,5461,182.033,842.5,260.5
58,5462,182.067,802.5,236.5
58,5463,182.1,766.5,216.5
58,5464,182.133,734.5,200.5
58,5465,182.167,704.5,190.5
58,5466,182.2,676.5,180.5
58,5467,182.233,642.5,172.5
58,5468,182.267,612.5,172.5
58,5469,182.3,590.5,170.5
58,5470,182.333,564.5,172.5
58,5471,182.367,542.5,178.5
58,5472,182.4,528.5,180.5
58,5473,182.433,502.5,192.5
58,5474,182.467,486.5,198.5
58,5475,182.5,472.5,210.5
58,5476,182.533,452.5,226.5
58,5477,182.567,438.5,228.5
58,5478,182.6,422.5,204.5
58,5479,182.633,410.5,188.5
58,5480,182.667,398.5,174.5
58,5481,182.7,388.5,164.5
58,5482,182.733,378.5,156.5
58,5483,182.767,368.5,148.5
58,5484,182.8,356.5,142.5
58,5485,182.833,348.5,140.5
58,5486,182.867,338.5,142.5
58,5489,182.967,328.5,146.5
59,5522,184.067,296.5,226.5
59,5523,184.1,306.5,224.5
59,5524,184.133,314.5,224.5
59,5525,184.167,322.5,218.5
59,5526,184.2,328.5,212.5
59,5527,184.233,336.5,208.5
59,5528,184.267,342.5,198.5
59,5529,184.3,350.5,194.5
59,5531,184.367,348.5,188.5
59,5535,184.5,382.5,178.5
59,5536,184.533,356.5,190.5
60,5580,186.0,424.5,84.5
60,5581,186.033,426.5,88.5
60,5582,186.067,426.5,92.5
60,5583,186.1,430.5,100.5
60,5584,186.133,430.5,114.5
60,5585,186.167,430.5,124.5
60,5586,186.2,432.5,136.5
60,5587,186.233,430.5,150.5
60,5588,186.267,430.5,164.5
60,5589,186.3,428.5,178.5
60,5590,186.333,428.5,190.5
60,5591,186.367,426.5,198.5
61,5609,186.967,422.5,112.5
61,5610,187.0,432.5,126.5
61,5611,187.033,446.5,144.5
61,5612,187.067,462.5,164.5
61,5613,187.1,468.5,180.5
61,5615,187.167,506.5,234.5
61,5616,187.2,522.5,262.5
61,5617,187.233,538.5,252.5
61,5618,187.267,550.5,238.5
61,5619,187.3,560.5,228.5
61,5620,187.333,574.5,216.5
61,5621,187.367,586.5,210.5
61,5622,187.4,598.5,204.5
61,5623,187.433,612.5,202.5
61,5624,187.467,626.5,202.5
61,5625,187.5,640.5,204.5
61,5626,187.533,652.5,210.5
61,5627,187.567,670.5,220.5
61,5628,187.6,684.5,232.5
61,5629,187.633,696.5,244.5
61,5630,187.667,712.5,264.5
61,5631,187.7,726.5,282.5
61,5632,187.733,740.5,306.5
61,5633,187.767,748.5,328.5
61,5634,187.8,764.5,358.5
61,5635,187.833,776.5,380.5
61,5636,187.867,790.5,362.5
61,5637,187.9,804.5,348.5
61,5638,187.933,818.5,338.5
61,5639,187.967,830.5,330.5
61,5640,188.0,844.5,326.5
61,5641,188.033,858.5,326.5
61,5642,188.067,870.5,328.5
61,5643,188.1,882.5,332.5
61,5644,188.133,896.5,340.5
61,5645,188.167,902.5,352.5
62,5686,189.533,942.5,274.5
62,5687,189.567,938.5,272.5
62,5688,189.6,934.5,274.5
62,5689,189.633,930.5,280.5
62,5690,189.667,932.5,276.5
62,5691,189.7,938.5,272.5
62,5693,189.767,1072.5,286.5
62,5696,189.867,878.5,306.5
62,5697,189.9,850.5,310.5
62,5698,189.933,798.5,326.5
62,5699,189.967,762.5,318.5
62,5700,190.0,724.5,288.5
62,5701,190.033,696.5,276.5
62,5702,190.067,674.5,266.5
62,5703,190.1,640.5,256.5
62,5704,190.133,610.5,250.5
62,5706,190.2,558.5,246.5
62,5707,190.233,532.5,246.5
62,5708,190.267,512.5,250.5
62,5709,190.3,488.5,258.5
62,5710,190.333,470.5,264.5
62,5711,190.367,450.5,254.5
62,5712,190.4,438.5,242.5
62,5713,190.433,426.5,232.5
62,5714,190.467,408.5,222.5
62,5715,190.5,402.5,216.5
62,5716,190.533,366.5,206.5
62,5717,190.567,416.5,212.5
62,5718,190.6,430.5,210.5
62,5719,190.633,458.5,216.5
62,5720,190.667,482.5,222.5
62,5721,190.7,502.5,228.5
62,5722,190.733,532.5,242.5
62,5723,190.767,554.5,252.5
62,5724,190.8,578.5,266.5
62,5725,190.833,608.5,288.5
62,5726,190.867,632.5,308.5
62,5727,190.9,654.5,330.5
62,5728,190.933,684.5,362.5
62,5729,190.967,706.5,372.5
62,5730,191.0,734.5,366.5
62,5731,191.033,756.5,364.5
62,5732,191.067,786.5,364.5
62,5733,191.1,816.5,370.5
62,5734,191.133,784.5,344.5
62,5735,191.167,754.5,324.5
62,5736,191.2,728.5,306.5
62,5737,191.233,676.5,284.5
62,5738,191.267,638.5,268.5
62,5739,191.3,610.5,258.5
62,5740,191.333,580.5,250.5
62,5741,191.367,548.5,244.5
62,5742,191.4,524.5,244.5
62,5743,191.433,500.5,244.5
62,5744,191.467,476.5,246.5
62,5745,191.5,454.5,254.5
62,5746,191.533,436.5,260.5
62,5747,191.567,420.5,268.5
62,5748,191.6,402.5,280.5
62,5749,191.633,386.5,294.5
62,5750,191.667,370.5,282.5
62,5751,191.7,358.5,262.5
62,5752,191.733,346.5,246.5
62,5753,191.767,332.5,230.5
62,5754,191.8,322.5,220.5
62,5755,191.833,310.5,210.5
62,5756,191.867,302.5,204.5
62,5757,191.9,292.5,200.5
62,5759,191.967,324.5,198.5
62,5760,192.0,354.5,198.5
62,5761,192.033,382.5,198.5
62,5762,192.067,412.5,202.5
62,5763,192.1,442.5,210.5
62,5764,192.133,480.5,222.5
62,5765,192.167,512.5,232.5
62,5766,192.2,548.5,250.5
62,5767,192.233,580.5,264.5
62,5768,192.267,620.5,288.5
62,5769,192.3,652.5,312.5
62,5770,192.333,686.5,338.5
62,5771,192.367,716.5,368.5
62,5772,192.4,752.5,360.5
62,5773,192.433,786.5,348.5
62,5774,192.467,818.5,340.5
62,5775,192.5,850.5,338.5
62,5776,192.533,890.5,338.5
62,5777,192.567,918.5,334.5
62,5778,192.6,890.5,316.5
62,5779,192.633,842.5,292.5
62,5780,192.667,798.5,272.5
62,5781,192.7,754.5,256.5
62,5782,192.733,716.5,244.5
62,5783,192.767,678.5,236.5
62,5784,192.8,642.5,228.5
62,5785,192.833,610.5,228.5
62,5786,192.867,588.5,228.5
62,5787,192.9,558.5,234.5
62,5788,192.933,540.5,238.5
62,5789,192.967,514.5,246.5
62,5790,193.0,498.5,256.5
62,5791,193.033,476.5,266.5
62,5792,193.067,460.5,248.5
62,5793,193.1,448.5,232.5
62,5794,193.133,434.5,214.5
62,5795,193.167,424.5,200.5
62,5796,193.2,412.5,188.5
62,5797,193.233,400.5,182.5
62,5798,193.267,384.5,174.5
62,5799,193.3,390.5,176.5
62,5800,193.333,438.5,178.5
62,5801,193.367,486.5,182.5
62,5802,193.4,530.5,192.5
62,5803,193.433,572.5,204.5
62,5804,193.467,618.5,218.5
62,5805,193.5,666.5,236.5
62,5806,193.533,706.5,256.5
62,5807,193.567,748.5,278.5
62,5808,193.6,782.5,296.5
62,5809,193.633,836.5,336.5
62,5810,193.667,888.5,378.5
62,5811,193.7,916.5,380.5
62,5812,193.733,972.5,376.5
62,5813,193.767,1018.5,374.5
62,5814,193.8,1062.5,380.5
62,5815,193.833,1052.5,350.5
62,5816,193.867,1010.5,322.5
62,5817,193.9,940.5,274.5
62,5818,193.933,902.5,256.5
62,5819,193.967,854.5,228.5
62,5820,194.0,810.5,212.5
62,5821,194.033,770.5,196.5
62,5822,194.067,732.5,186.5
62,5823,194.1,698.5,180.5
62,5824,194.133,672.5,176.5
62,5825,194.167,630.5,174.5
62,5826,194.2,602.5,176.5
62,5827,194.233,574.5,180.5
62,5828,194.267,550.5,186.5
62,5829,194.3,532.5,192.5
62,5830,194.333,512.5,200.5
62,5831,194.367,492.5,212.5
62,5832,194.4,474.5,226.5
62,5833,194.433,458.5,236.5
62,5834,194.467,444.5,246.5
62,5835,194.5,428.5,228.5
62,5836,194.533,418.5,212.5
62,5837,194.567,404.5,194.5
62,5838,194.6,388.5,180.5
62,5839,194.633,380.5,166.5
62,5840,194.667,370.5,160.5
62,5841,194.7,362.5,150.5
62,5842,194.733,360.5,146.5
62,5843,194.767,352.5,146.5
62,5844,194.8,382.5,152.5
62,5845,194.833,426.5,166.5
62,5846,194.867,470.5,182.5
62,5847,194.9,510.5,200.5
62,5848,194.933,546.5,218.5
62,5849,194.967,588.5,242.5
62,5850,195.0,628.5,268.5
62,5853,195.1,734.5,334.5
62,5854,195.133,768.5,326.5
62,5855,195.167,812.5,324.5
62,5856,195.2,846.5,326.5
62,5857,195.233,894.5,334.5
62,5858,195.267,928.5,340.5
62,5859,195.3,980.5,356.5
62,5860,195.333,1018.5,370.5
62,5861,195.367,1058.5,388.5
62,5862,195.4,1102.5,414.5
62,5863,195.433,1088.5,396.5
62,5864,195.467,1044.5,366.5
62,5865,195.5,988.5,328.5
62,5866,195.533,936.5,292.5
62,5867,195.567,870.5,258.5
62,5868,195.6,826.5,238.5
62,5869,195.633,778.5,220.5
62,5870,195.667,734.5,206.5
62,5871,195.7,688.5,194.5
62,5872,195.733,650.5,188.5
62,5873,195.767,618.5,186.5
62,5874,195.8,578.5,188.5
62,5875,195.833,548.5,190.5
62,5876,195.867,528.5,196.5
62,5877,195.9,490.5,206.5
62,5878,195.933,470.5,214.5
62,5879,195.967,446.5,228.5
62,5880,196.0,426.5,242.5
62,5881,196.033,406.5,258.5
62,5882,196.067,394.5,272.5
62,5883,196.1,376.5,290.5
62,5884,196.133,358.5,274.5
62,5885,196.167,348.5,256.5
62,5886,196.2,330.5,232.5
62,5887,196.233,316.5,214.5
62,5888,196.267,300.5,198.5
62,5889,196.3,292.5,194.5
62,5891,196.367,270.5,176.5
62,5892,196.4,260.5,168.5
62,5893,196.433,248.5,168.5
62,5895,196.5,236.5,174.5
62,5896,196.533,290.5,180.5
62,5897,196.567,320.5,158.5
62,5898,196.6,348.5,150.5
63,5930,197.667,316.5,18.5
63,5931,197.7,300.5,38.5
63,5933,197.767,264.5,82.5
63,5934,197.8,254.5,104.5
63,5935,197.833,246.5,126.5
63,5936,197.867,234.5,152.5
63,5937,197.9,228.5,178.5
63,5938,197.933,218.5,204.5
63,5939,197.967,212.5,232.5
63,5940,198.0,210.5,254.5
63,5941,198.033,208.5,278.5
63,5942,198.067,200.5,304.5
63,5943,198.1,200.5,330.5
63,5945,198.167,200.5,382.5
63,5947,198.233,186.5,354.5
63,5948,198.267,180.5,338.5
63,5949,198.3,174.5,324.5
63,5950,198.333,170.5,314.5
63,5951,198.367,164.5,302.5
63,5952,198.4,160.5,296.5
63,5954,198.467,276.5,244.5
63,5957,198.567,194.5,368.5
64,5963,198.767,178.5,264.5
64,5964,198.8,178.5,254.5
64,5965,198.833,176.5,244.5
64,5966,198.867,174.5,240.5
64,5967,198.9,174.5,232.5
64,5968,198.933,174.5,228.5
64,5969,198.967,174.5,230.5
64,5970,199.0,174.5,230.5
64,5971,199.033,178.5,236.5
64,5972,199.067,182.5,244.5
65,5990,199.667,324.5,170.5
65,5991,199.7,348.5,184.5
65,5992,199.733,368.5,198.5
65,5993,199.767,386.5,224.5
65,5994,199.8,412.5,248.5
65,5995,199.833,434.5,274.5
65,5996,199.867,452.5,290.5
65,5997,199.9,478.5,276.5
65,5998,199.933,494.5,268.5
65,5999,199.967,514.5,260.5
65,6000,200.0,538.5,258.5
65,6001,200.033,560.5,258.5
65,6002,200.067,578.5,258.5
65,6003,200.1,602.5,262.5
65,6004,200.133,630.5,272.5
65,6005,200.167,642.5,272.5
65,6006,200.2,678.5,292.5
65,6007,200.233,700.5,308.5
65,6008,200.267,720.5,332.5
65,6009,200.3,748.5,354.5
65,6010,200.333,770.5,384.5
65,6011,200.367,794.5,416.5
65,6012,200.4,818.5,404.5
65,6013,200.433,838.5,392.5
65,6014,200.467,866.5,384.5
65,6015,200.5,886.5,378.5
65,6016,200.533,908.5,374.5
65,6017,200.567,932.5,376.5
65,6018,200.6,962.5,380.5
65,6019,200.633,986.5,388.5
66,6075,202.5,930.5,416.5
66,6076,202.533,930.5,392.5
66,6080,202.667,932.5,292.5
66,6081,202.7,934.5,280.5
66,6082,202.733,932.5,270.5
66,6083,202.767,934.5,262.5
66,6084,202.8,936.5,262.5
66,6085,202.833,934.5,264.5
66,6086,202.867,934.5,272.5
66,6087,202.9,934.5,280.5
66,6088,202.933,932.5,294.5
66,6089,202.967,928.5,310.5
66,6090,203.0,924.5,330.5
66,6091,203.033,920.5,352.5
66,6092,203.067,918.5,378.5
66,6093,203.1,914.5,402.5
66,6096,203.2,778.5,436.5
66,6097,203.233,726.5,408.5
66,6099,203.3,638.5,334.5
66,6100,203.333,602.5,310.5
66,6101,203.367,572.5,292.5
66,6102,203.4,534.5,274.5
66,6103,203.433,498.5,262.5
66,6104,203.467,476.5,260.5
66,6105,203.5,450.5,256.5
66,6106,203.533,424.5,256.5
66,6107,203.567,400.5,260.5
66,6108,203.6,382.5,262.5
66,6109,203.633,362.5,272.5
66,6110,203.667,342.5,272.5
66,6111,203.7,326.5,258.5
66,6112,203.733,308.5,240.5
66,6113,203.767,296.5,228.5
66,6114,203.8,276.5,216.5
66,6115,203.833,240.5,206.5
66,6116,203.867,322.5,196.5
66,6117,203.9,354.5,186.5
66,6118,203.933,398.5,180.5
66,6119,203.967,430.5,178.5
66,6120,204.0,470.5,176.5
66,6121,204.033,506.5,178.5
66,6122,204.067,546.5,184.5
66,6123,204.1,586.5,192.5
66,6124,204.133,624.5,204.5
66,6125,204.167,666.5,216.5
66,6126,204.2,700.5,232.5
66,6127,204.233,736.5,250.5
66,6128,204.267,770.5,268.5
66,6129,204.3,810.5,294.5
66,6130,204.333,830.5,308.5
66,6131,204.367,876.5,340.5
66,6132,204.4,908.5,324.5
66,6133,204.433,942.5,314.5
66,6134,204.467,970.5,306.5
66,6135,204.5,1004.5,294.5
66,6136,204.533,1042.5,290.5
66,6137,204.567,1074.5,288.5
66,6138,204.6,1098.5,288.5
66,6142,204.733,1092.5,226.5
66,6143,204.767,1054.5,202.5
66,6146,204.867,1206.5,136.5
66,6148,204.933,1236.5,120.5
66,6151,205.033,1260.5,208.5
67,6192,206.4,242.5,362.5
67,6193,206.433,220.5,376.5
67,6195,206.5,162.5,402.5
67,6196,206.533,126.5,420.5
67,6197,206.567,98.5,438.5
68,6267,208.9,82.5,440.5
68,6268,208.933,108.5,432.5
68,6269,208.967,144.5,410.5
68,6270,209.0,170.5,408.5
68,6274,209.133,272.5,374.5
68,6277,209.233,308.5,170.5
68,6278,209.267,306.5,164.5
68,6279,209.3,344.5,180.5
68,6280,209.333,376.5,204.5
68,6281,209.367,400.5,226.5
68,6282,209.4,426.5,246.5
68,6283,209.433,456.5,274.5
68,6284,209.467,484.5,296.5
68,6285,209.5,500.5,276.5
68,6286,209.533,522.5,260.5
68,6287,209.567,542.5,246.5
68,6288,209.6,558.5,236.5
68,6289,209.633,580.5,228.5
68,6290,209.667,598.5,222.5
68,6291,209.7,622.5,218.5
68,6292,209.733,640.5,218.5
68,6293,209.767,668.5,222.5
68,6294,209.8,686.5,228.5
68,6295,209.833,706.5,236.5
68,6296,209.867,728.5,250.5
68,6297,209.9,746.5,262.5
68,6298,209.933,768.5,280.5
68,6299,209.967,780.5,294.5
68,6300,210.0,802.5,322.5
68,6301,210.033,814.5,338.5
68,6302,210.067,834.5,366.5
68,6303,210.1,850.5,352.5
68,6304,210.133,868.5,334.5
68,6305,210.167,892.5,322.5
68,6306,210.2,910.5,312.5
68,6307,210.233,938.5,330.5
68,6308,210.267,948.5,302.5
68,6309,210.3,940.5,286.5
68,6310,210.333,956.5,230.5
68,6311,210.367,960.5,208.5
68,6313,210.433,968.5,158.5
68,6314,210.467,974.5,138.5
68,6315,210.5,976.5,126.5
68,6316,210.533,978.5,118.5
68,6318,210.6,984.5,106.5
68,6320,210.667,982.5,116.5
68,6321,210.7,980.5,126.5
68,6323,210.767,978.5,152.5
68,6326,210.867,968.5,224.5
68,6327,210.9,962.5,248.5
68,6328,210.933,956.5,278.5
68,6329,210.967,954.5,312.5
68,6330,211.0,950.5,334.5
69,6376,212.533,374.5,202.5
69,6378,212.6,360.5,180.5
69,6379,212.633,358.5,162.5
69,6380,212.667,356.5,146.5
69,6381,212.7,354.5,130.5
69,6383,212.767,340.5,98.5
70,6397,213.233,794.5,306.5
70,6398,213.267,772.5,286.5
70,6399,213.3,744.5,258.5
70,6400,213.333,718.5,238.5
70,6401,213.367,692.5,220.5
70,6402,213.4,672.5,208.5
70,6403,213.433,642.5,198.5
70,6404,213.467,618.5,194.5
70,6405,213.5,598.5,194.5
70,6406,213.533,578.5,196.5
70,6407,213.567,562.5,200.5
70,6408,213.6,544.5,208.5
70,6409,213.633,528.5,218.5
70,6410,213.667,516.5,228.5
70,6411,213.7,500.5,244.5
70,6412,213.733,488.5,260.5
70,6413,213.767,476.5,276.5
70,6414,213.8,466.5,294.5
70,6415,213.833,454.5,272.5
70,6416,213.867,444.5,248.5
70,6417,213.9,436.5,232.5
70,6418,213.933,426.5,212.5
70,6419,213.967,418.5,198.5
70,6420,214.0,410.5,186.5
70,6421,214.033,404.5,178.5
70,6422,214.067,394.5,170.5
70,6423,214.1,386.5,160.5
70,6424,214.133,380.5,164.5
70,6425,214.167,382.5,180.5
70,6426,214.2,380.5,194.5
70,6427,214.233,380.5,202.5
70,6428,214.267,374.5,210.5
70,6430,214.333,370.5,218.5
70,6432,214.4,356.5,222.5
71,6438,214.6,346.5,336.5
71,6440,214.667,314.5,248.5
71,6442,214.733,298.5,252.5
71,6443,214.767,294.5,254.5
71,6444,214.8,292.5,256.5
71,6445,214.833,290.5,256.5
71,6446,214.867,286.5,258.5
71,6447,214.9,284.5,260.5
71,6448,214.933,284.5,262.5
71,6449,214.967,284.5,264.5
71,6450,215.0,284.5,268.5
71,6451,215.033,282.5,270.5
71,6452,215.067,286.5,272.5
71,6453,215.1,282.5,270.5
71,6454,215.133,284.5,264.5
71,6455,215.167,280.5,254.5
71,6456,215.2,276.5,240.5
71,6457,215.233,280.5,224.5
71,6458,215.267,266.5,206.5
71,6459,215.3,264.5,196.5
71,6460,215.333,260.5,186.5
71,6461,215.367,258.5,178.5
71,6462,215.4,258.5,176.5
71,6463,215.433,254.5,176.5
71,6464,215.467,254.5,176.5
71,6465,215.5,250.5,178.5
71,6466,215.533,252.5,182.5
71,6468,215.6,250.5,208.5
71,6469,215.633,254.5,212.5
71,6471,215.7,324.5,258.5
71,6472,215.733,356.5,274.5
71,6473,215.767,398.5,276.5
71,6474,215.8,434.5,264.5
71,6475,215.833,470.5,258.5
71,6476,215.867,508.5,252.5
71,6477,215.9,542.5,252.5
71,6478,215.933,582.5,256.5
71,6479,215.967,618.5,260.5
71,6480,216.0,650.5,268.5
71,6481,216.033,692.5,278.5
71,6482,216.067,730.5,292.5
71,6483,216.1,760.5,306.5
71,6484,216.133,800.5,326.5
71,6485,216.167,836.5,356.5
71,6486,216.2,876.5,354.5
71,6487,216.233,908.5,342.5
71,6488,216.267,938.5,334.5
71,6489,216.3,970.5,330.5
71,6491,216.367,938.5,288.5
71,6492,216.4,898.5,260.5
71,6493,216.433,862.5,242.5
71,6494,216.467,828.5,224.5
71,6495,216.5,794.5,210.5
71,6496,216.533,762.5,200.5
71,6497,216.567,732.5,194.5
71,6498,216.6,702.5,188.5
71,6499,216.633,674.5,188.5
71,6500,216.667,642.5,188.5
71,6501,216.7,620.5,194.5
71,6502,216.733,594.5,198.5
71,6503,216.767,574.5,206.5
71,6504,216.8,554.5,214.5
71,6505,216.833,534.5,226.5
71,6506,216.867,516.5,234.5
71,6507,216.9,494.5,248.5
71,6508,216.933,480.5,262.5
71,6509,216.967,466.5,244.5
71,6510,217.0,450.5,226.5
71,6511,217.033,436.5,210.5
71,6512,217.067,426.5,198.5
71,6513,217.1,412.5,186.5
71,6514,217.133,400.5,180.5
71,6515,217.167,390.5,170.5
71,6516,217.2,388.5,172.5
71,6517,217.233,422.5,178.5
71,6518,217.267,490.5,212.5
71,6519,217.3,530.5,232.5
71,6520,217.333,562.5,248.5
71,6521,217.367,620.5,276.5
71,6522,217.4,644.5,290.5
71,6523,217.433,680.5,306.5
71,6524,217.467,710.5,326.5
71,6525,217.5,750.5,342.5
71,6526,217.533,770.5,342.5
71,6527,217.567,814.5,338.5
71,6528,217.6,842.5,342.5
71,6529,217.633,878.5,352.5
71,6530,217.667,906.5,360.5
71,6531,217.7,942.5,378.5
71,6532,217.733,974.5,396.5
71,6533,217.767,1006.5,416.5
71,6534,217.8,1040.5,440.5
71,6535,217.833,1048.5,440.5
71,6537,217.9,934.5,328.5
71,6538,217.933,890.5,288.5
71,6539,217.967,848.5,256.5
71,6540,218.0,806.5,226.5
71,6541,218.033,770.5,202.5
71,6542,218.067,736.5,180.5
71,6543,218.1,704.5,164.5
71,6544,218.133,676.5,154.5
71,6545,218.167,644.5,144.5
71,6546,218.2,622.5,138.5
71,6547,218.233,596.5,136.5
71,6548,218.267,576.5,134.5
71,6549,218.3,556.5,136.5
71,6550,218.333,540.5,142.5
71,6551,218.367,522.5,148.5
71,6552,218.4,508.5,154.5
71,6553,218.433,492.5,164.5
71,6554,218.467,484.5,174.5
71,6555,218.5,468.5,186.5
71,6556,218.533,462.5,198.5
71,6557,218.567,454.5,212.5
72,6698,223.267,360.5,228.5
72,6699,223.3,354.5,230.5
72,6700,223.333,348.5,232.5
72,6701,223.367,338.5,236.5
72,6702,223.4,342.5,236.5
72,6703,223.433,336.5,236.5
72,6704,223.467,330.5,238.5
72,6705,223.5,324.5,240.5
72,6706,223.533,318.5,242.5
72,6707,223.567,312.5,244.5
72,6708,223.6,306.5,244.5
72,6709,223.633,302.5,246.5
72,6710,223.667,296.5,246.5
72,6711,223.7,292.5,248.5
72,6712,223.733,290.5,248.5
72,6713,223.767,286.5,248.5
72,6714,223.8,282.5,250.5
72,6715,223.833,280.5,252.5
72,6716,223.867,278.5,254.5
72,6717,223.9,278.5,256.5
72,6718,223.933,276.5,258.5
72,6719,223.967,276.5,262.5
72,6720,224.0,278.5,264.5
72,6721,224.033,278.5,266.5
72,6722,224.067,278.5,268.5
72,6723,224.1,278.5,266.5
72,6724,224.133,276.5,258.5
72,6725,224.167,272.5,248.5
72,6726,224.2,266.5,236.5
72,6727,224.233,262.5,222.5
72,6728,224.267,260.5,210.5
72,6729,224.3,258.5,204.5
72,6730,224.333,254.5,196.5
72,6731,224.367,254.5,194.5
72,6732,224.4,252.5,196.5
72,6733,224.433,252.5,196.5
72,6734,224.467,250.5,200.5
72,6735,224.5,250.5,210.5
72,6736,224.533,252.5,218.5
72,6737,224.567,252.5,222.5
72,6740,224.667,352.5,278.5
72,6741,224.7,388.5,272.5
72,6742,224.733,420.5,264.5
72,6743,224.767,450.5,262.5
72,6744,224.8,486.5,260.5
72,6745,224.833,522.5,264.5
72,6746,224.867,556.5,268.5
72,6747,224.9,604.5,282.5
72,6748,224.933,626.5,288.5
72,6749,224.967,662.5,304.5
72,6750,225.0,702.5,324.5
72,6751,225.033,734.5,344.5
72,6752,225.067,766.5,364.5
72,6753,225.1,802.5,382.5
72,6754,225.133,834.5,370.5
72,6755,225.167,866.5,362.5
72,6756,225.2,898.5,356.5
72,6757,225.233,928.5,356.5
72,6758,225.267,926.5,334.5
72,6759,225.3,892.5,312.5
72,6760,225.333,858.5,290.5
72,6761,225.367,820.5,266.5
72,6762,225.4,784.5,250.5
72,6763,225.433,752.5,238.5
72,6764,225.467,720.5,226.5
72,6765,225.5,690.5,220.5
72,6766,225.533,668.5,216.5
72,6767,225.567,634.5,214.5
72,6768,225.6,606.5,218.5
72,6769,225.633,576.5,220.5
72,6770,225.667,556.5,226.5
72,6771,225.7,532.5,234.5
72,6772,225.733,512.5,244.5
72,6773,225.767,488.5,258.5
72,6774,225.8,468.5,268.5
72,6775,225.833,456.5,284.5
72,6776,225.867,434.5,280.5
72,6777,225.9,420.5,260.5
72,6778,225.933,406.5,242.5
72,6779,225.967,392.5,228.5
72,6780,226.0,378.5,214.5
72,6781,226.033,364.5,204.5
72,6782,226.067,354.5,200.5
72,6783,226.1,370.5,200.5
72,6784,226.133,400.5,196.5
72,6785,226.167,434.5,196.5
72,6786,226.2,472.5,200.5
72,6787,226.233,510.5,208.5
72,6788,226.267,546.5,216.5
72,6789,226.3,578.5,228.5
72,6790,226.333,618.5,242.5
72,6791,226.367,652.5,258.5
72,6792,226.4,686.5,274.5
72,6793,226.433,728.5,296.5
72,6794,226.467,762.5,322.5
72,6795,226.5,788.5,344.5
72,6796,226.533,826.5,354.5
72,6797,226.567,862.5,338.5
72,6798,226.6,896.5,336.5
72,6799,226.633,928.5,330.5
72,6800,226.667,964.5,330.5
72,6801,226.7,998.5,330.5
72,6802,226.733,1036.5,336.5
72,6803,226.767,1068.5,342.5
72,6804,226.8,1044.5,316.5
72,6805,226.833,1006.5,286.5
72,6806,226.867,954.5,250.5
72,6807,226.9,914.5,226.5
72,6808,226.933,876.5,208.5
72,6809,226.967,834.5,192.5
72,6810,227.0,794.5,178.5
72,6811,227.033,766.5,172.5
72,6812,227.067,734.5,168.5
72,6813,227.1,702.5,166.5
72,6814,227.133,678.5,168.5
72,6815,227.167,644.5,172.5
72,6816,227.2,626.5,178.5
72,6817,227.233,606.5,186.5
72,6818,227.267,586.5,194.5
72,6819,227.3,566.5,208.5
72,6820,227.333,550.5,220.5
72,6821,227.367,536.5,232.5
72,6822,227.4,514.5,236.5
72,6823,227.433,506.5,220.5
72,6824,227.467,492.5,198.5
72,6825,227.5,482.5,184.5
72,6826,227.533,472.5,170.5
72,6827,227.567,458.5,158.5
72,6828,227.6,448.5,148.5
72,6829,227.633,442.5,142.5
72,6830,227.667,430.5,146.5
72,6831,227.7,464.5,152.5
72,6832,227.733,504.5,160.5
72,6833,227.767,546.5,178.5
72,6834,227.8,584.5,194.5
72,6835,227.833,620.5,212.5
72,6836,227.867,666.5,240.5
72,6837,227.9,692.5,260.5
72,6838,227.933,722.5,284.5
72,6840,228.0,802.5,360.5
72,6841,228.033,842.5,354.5
72,6842,228.067,882.5,354.5
72,6843,228.1,924.5,354.5
72,6844,228.133,972.5,360.5
72,6845,228.167,1008.5,368.5
72,6846,228.2,1052.5,380.5
72,6847,228.233,1096.5,394.5
72,6848,228.267,1058.5,356.5
72,6849,228.3,1016.5,322.5
72,6850,228.333,948.5,272.5
72,6851,228.367,906.5,244.5
72,6852,228.4,862.5,218.5
72,6853,228.433,826.5,200.5
72,6854,228.467,784.5,182.5
72,6855,228.5,748.5,172.5
72,6856,228.533,716.5,164.5
72,6857,228.567,680.5,158.5
72,6858,228.6,646.5,156.5
72,6859,228.633,622.5,156.5
72,6860,228.667,598.5,162.5
72,6861,228.7,574.5,166.5
72,6862,228.733,552.5,174.5
72,6863,228.767,534.5,182.5
72,6864,228.8,518.5,192.5
72,6865,228.833,502.5,206.5
72,6866,228.867,486.5,220.5
72,6867,228.9,470.5,234.5
72,6868,228.933,460.5,246.5
72,6869,228.967,448.5,258.5
72,6870,229.0,434.5,236.5
72,6871,229.033,422.5,212.5
72,6872,229.067,412.5,194.5
72,6873,229.1,402.5,180.5
72,6874,229.133,392.5,168.5
72,6875,229.167,378.5,156.5
72,6876,229.2,374.5,150.5
72,6877,229.233,364.5,144.5
72,6878,229.267,388.5,152.5
72,6879,229.3,422.5,170.5
72,6880,229.333,478.5,192.5
72,6881,229.367,518.5,212.5
72,6882,229.4,558.5,234.5
72,6883,229.433,588.5,254.5
72,6884,229.467,628.5,276.5
72,6885,229.5,670.5,310.5
72,6886,229.533,710.5,344.5
72,6887,229.567,768.5,374.5
72,6888,229.6,818.5,372.5
72,6889,229.633,854.5,380.5
72,6890,229.667,890.5,384.5
72,6891,229.7,958.5,402.5
72,6892,229.733,1012.5,420.5
72,6893,229.767,1058.5,438.5
72,6894,229.8,1124.5,468.5
72,6895,229.833,1086.5,430.5
72,6898,229.933,890.5,308.5
72,6899,229.967,832.5,274.5
72,6900,230.0,780.5,256.5
72,6901,230.033,738.5,240.5
72,6902,230.067,700.5,230.5
72,6903,230.1,672.5,224.5
72,6904,230.133,630.5,220.5
72,6905,230.167,596.5,222.5
72,6906,230.2,574.5,226.5
72,6907,230.233,550.5,230.5
72,6908,230.267,532.5,236.5
72,6909,230.3,512.5,246.5
72,6910,230.333,498.5,258.5
72,6911,230.367,484.5,268.5
72,6912,230.4,466.5,262.5
72,6913,230.433,458.5,242.5
72,6914,230.467,446.5,222.5
72,6915,230.5,438.5,202.5
72,6916,230.533,426.5,186.5
72,6917,230.567,418.5,174.5
72,6918,230.6,408.5,164.5
72,6919,230.633,400.5,156.5
72,6921,230.7,402.5,150.5
72,6922,230.733,418.5,148.5
72,6923,230.767,448.5,142.5
72,6924,230.8,470.5,142.5
72,6925,230.833,498.5,146.5
72,6926,230.867,524.5,150.5
72,6927,230.9,548.5,158.5
72,6928,230.933,576.5,168.5
72,6929,230.967,602.5,182.5
72,6930,231.0,634.5,200.5
72,6931,231.033,652.5,212.5
72,6932,231.067,684.5,240.5
72,6933,231.1,710.5,262.5
72,6934,231.133,736.5,288.5
72,6935,231.167,764.5,320.5
72,6936,231.2,790.5,352.5
72,6937,231.233,818.5,380.5
72,6938,231.267,848.5,358.5
72,6939,231.3,878.5,346.5
72,6940,231.333,900.5,338.5
72,6941,231.367,928.5,330.5
72,6942,231.4,962.5,326.5
72,6943,231.433,992.5,328.5
72,6944,231.467,1022.5,330.5
72,6945,231.5,1056.5,338.5
72,6946,231.533,1072.5,340.5
72,6947,231.567,1010.5,306.5
72,6948,231.6,956.5,276.5
72,6949,231.633,916.5,260.5
72,6950,231.667,866.5,242.5
72,6951,231.7,818.5,228.5
72,6952,231.733,772.5,220.5
72,6953,231.767,732.5,214.5
72,6954,231.8,688.5,212.5
72,6955,231.833,652.5,214.5
72,6956,231.867,616.5,222.5
72,6957,231.9,584.5,228.5
72,6958,231.933,550.5,238.5
72,6959,231.967,518.5,250.5
72,6960,232.0,494.5,266.5
72,6961,232.033,468.5,282.5
72,6962,232.067,446.5,300.5
72,6964,232.133,410.5,326.5
72,6965,232.167,388.5,302.5
72,6966,232.2,374.5,280.5
72,6967,232.233,360.5,258.5
72,6968,232.267,342.5,238.5
72,6970,232.333,316.5,210.5
72,6971,232.367,302.5,202.5
72,6972,232.4,292.5,196.5
72,6973,232.433,278.5,192.5
72,6974,232.467,268.5,192.5
72,6975,232.5,260.5,194.5
72,6977,232.567,242.5,204.5
72,6978,232.6,264.5,202.5
72,6979,232.633,282.5,194.5
72,6980,232.667,332.5,190.5
72,6981,232.7,362.5,190.5
72,6982,232.733,400.5,192.5
72,6983,232.767,436.5,196.5
72,6984,232.8,476.5,206.5
72,6985,232.833,512.5,220.5
72,6986,232.867,554.5,238.5
72,6987,232.9,582.5,254.5
72,6988,232.933,628.5,278.5
72,6989,232.967,666.5,304.5
72,6990,233.0,698.5,330.5
72,6991,233.033,738.5,368.5
72,6992,233.067,766.5,400.5
72,6993,233.1,804.5,426.5
72,6994,233.133,850.5,404.5
72,6995,233.167,896.5,384.5
72,6996,233.2,932.5,378.5
72,6997,233.233,898.5,324.5
72,6998,233.267,866.5,298.5
72,6999,233.3,826.5,260.5
72,7000,233.333,788.5,230.5
72,7001,233.367,756.5,210.5
72,7002,233.4,730.5,192.5
72,7003,233.433,696.5,174.5
72,7004,233.467,674.5,164.5
72,7005,233.5,646.5,156.5
72,7006,233.533,630.5,156.5
72,7007,233.567,610.5,156.5
72,7008,233.6,594.5,158.5
72,7009,233.633,582.5,162.5
72,7010,233.667,566.5,168.5
72,7011,233.7,556.5,176.5
72,7012,233.733,544.5,186.5
72,7013,233.767,534.5,198.5
72,7014,233.8,526.5,210.5
72,7015,233.833,520.5,224.5
72,7016,233.867,512.5,232.5
72,7017,233.9,506.5,210.5
72,7018,233.933,504.5,190.5
72,7019,233.967,498.5,170.5
72,7020,234.0,494.5,154.5
72,7021,234.033,490.5,144.5
72,7022,234.067,488.5,132.5
72,7023,234.1,486.5,126.5
72,7024,234.133,484.5,120.5
72,7025,234.167,482.5,116.5
72,7026,234.2,480.5,118.5
72,7027,234.233,496.5,122.5
72,7028,234.267,510.5,128.5
72,7029,234.3,542.5,140.5
72,7030,234.333,564.5,154.5
72,7031,234.367,588.5,168.5
72,7032,234.4,612.5,188.5
72,7033,234.433,634.5,208.5
72,7034,234.467,654.5,226.5
72,7035,234.5,680.5,256.5
72,7036,234.533,700.5,282.5
72,7038,234.6,752.5,322.5
72,7039,234.633,778.5,314.5
72,7040,234.667,814.5,308.5
72,7041,234.7,830.5,308.5
72,7042,234.733,864.5,312.5
72,7043,234.767,892.5,318.5
72,7044,234.8,922.5,328.5
72,7045,234.833,944.5,336.5
72,7046,234.867,938.5,326.5
72,7047,234.9,898.5,300.5
72,7048,234.933,854.5,274.5
72,7049,234.967,816.5,256.5
72,7050,235.0,774.5,238.5
72,7051,235.033,736.5,224.5
72,7052,235.067,700.5,216.5
72,7053,235.1,674.5,212.5
72,7054,235.133,636.5,210.5
72,7055,235.167,606.5,210.5
72,7056,235.2,574.5,214.5
72,7057,235.233,544.5,222.5
72,7058,235.267,526.5,228.5
72,7059,235.3,494.5,244.5
72,7060,235.333,474.5,252.5
72,7061,235.367,452.5,266.5
72,7062,235.4,436.5,278.5
72,7063,235.433,416.5,290.5
72,7064,235.467,394.5,268.5
72,7065,235.5,378.5,252.5
72,7066,235.533,362.5,234.5
72,7067,235.567,340.5,220.5
72,7068,235.6,328.5,210.5
72,7069,235.633,312.5,200.5
72,7070,235.667,296.5,194.5
72,7071,235.7,282.5,192.5
72,7072,235.733,208.5,210.5
72,7073,235.767,258.5,194.5
72,7074,235.8,240.5,196.5
72,7075,235.833,246.5,204.5
72,7077,235.9,322.5,180.5
72,7081,236.033,626.5,278.5
72,7082,236.067,682.5,290.5
72,7083,236.1,708.5,308.5
72,7084,236.133,766.5,324.5
72,7085,236.167,816.5,338.5
72,7086,236.2,880.5,322.5
72,7087,236.233,922.5,322.5
72,7088,236.267,972.5,324.5
72,7089,236.3,1014.5,330.5
72,7090,236.333,1058.5,336.5
72,7091,236.367,1102.5,348.5
72,7092,236.4,1142.5,362.5
72,7093,236.433,1182.5,378.5
72,7094,236.467,1216.5,398.5
72,7096,236.533,1168.5,350.5
72,7097,236.567,1130.5,322.5
72,7098,236.6,1066.5,276.5
72,7099,236.633,1028.5,254.5
72,7100,236.667,966.5,220.5
72,7101,236.7,938.5,210.5
72,7102,236.733,900.5,196.5
72,7103,236.767,864.5,184.5
72,7104,236.8,832.5,178.5
72,7105,236.833,796.5,172.5
72,7106,236.867,770.5,172.5
72,7107,236.9,748.5,172.5
72,7108,236.933,726.5,174.5
72,7109,236.967,696.5,180.5
72,7110,237.0,676.5,184.5
72,7112,237.067,634.5,202.5
72,7113,237.1,616.5,210.5
72,7114,237.133,598.5,222.5
72,7115,237.167,584.5,232.5
73,7193,239.767,564.5,206.5
73,7194,239.8,566.5,190.5
73,7195,239.833,570.5,174.5
73,7196,239.867,572.5,158.5
73,7197,239.9,574.5,144.5
73,7198,239.933,580.5,134.5
73,7199,239.967,582.5,114.5
73,7200,240.0,586.5,102.5
73,7201,240.033,592.5,90.5
73,7202,240.067,596.5,84.5
73,7203,240.1,598.5,78.5
73,7204,240.133,604.5,74.5
73,7205,240.167,610.5,72.5
73,7206,240.2,614.5,72.5
73,7207,240.233,620.5,76.5
73,7208,240.267,624.5,82.5
73,7209,240.3,628.5,88.5
73,7210,240.333,634.5,100.5
73,7211,240.367,638.5,114.5
73,7212,240.4,644.5,130.5
73,7213,240.433,648.5,150.5
73,7214,240.467,652.5,172.5
73,7215,240.5,660.5,200.5
73,7216,240.533,666.5,226.5
73,7217,240.567,672.5,252.5
73,7218,240.6,674.5,284.5
73,7219,240.633,678.5,314.5
73,7220,240.667,684.5,342.5
73,7221,240.7,690.5,326.5
73,7222,240.733,694.5,306.5
73,7223,240.767,696.5,290.5
73,7224,240.8,702.5,276.5
73,7225,240.833,706.5,268.5
73,7226,240.867,710.5,260.5
73,7227,240.9,714.5,256.5
73,7228,240.933,720.5,256.5
73,7229,240.967,724.5,258.5
73,7230,241.0,728.5,264.5
73,7231,241.033,730.5,272.5
73,7232,241.067,732.5,280.5
73,7233,241.1,738.5,298.5
73,7234,241.133,744.5,320.5
73,7235,241.167,746.5,340.5
74,7325,244.167,920.5,286.5
74,7326,244.2,920.5,276.5
74,7327,244.233,924.5,268.5
74,7328,244.267,926.5,262.5
74,7329,244.3,928.5,260.5
74,7330,244.333,934.5,266.5
74,7331,244.367,932.5,272.5
74,7332,244.4,934.5,284.5
74,7334,244.467,932.5,318.5
74,7335,244.5,930.5,338.5
74,7336,244.533,928.5,362.5
74,7337,244.567,926.5,388.5
74,7338,244.6,926.5,412.5
74,7339,244.633,878.5,426.5
74,7340,244.667,842.5,420.5
74,7341,244.7,784.5,420.5
74,7342,244.733,750.5,412.5
74,7343,244.767,722.5,368.5
74,7344,244.8,692.5,336.5
74,7345,244.833,666.5,308.5
74,7346,244.867,642.5,290.5
74,7347,244.9,622.5,274.5
74,7348,244.933,594.5,258.5
74,7349,244.967,576.5,250.5
74,7350,245.0,558.5,244.5
74,7351,245.033,538.5,244.5
74,7352,245.067,522.5,244.5
74,7353,245.1,506.5,246.5
74,7354,245.133,492.5,250.5
74,7355,245.167,474.5,258.5
74,7356,245.2,464.5,264.5
74,7357,245.233,450.5,244.5
74,7358,245.267,440.5,228.5
74,7359,245.3,430.5,216.5
74,7360,245.333,418.5,204.5
74,7361,245.367,412.5,196.5
74,7362,245.4,428.5,194.5
74,7363,245.433,462.5,188.5
74,7364,245.467,494.5,184.5
74,7365,245.5,528.5,184.5
74,7366,245.533,558.5,186.5
74,7367,245.567,594.5,190.5
74,7368,245.6,626.5,196.5
74,7369,245.633,670.5,208.5
74,7370,245.667,694.5,218.5
74,7371,245.7,730.5,232.5
74,7372,245.733,764.5,250.5
74,7373,245.767,798.5,270.5
74,7374,245.8,832.5,294.5
74,7375,245.833,864.5,316.5
74,7376,245.867,896.5,344.5
74,7377,245.9,932.5,360.5
74,7378,245.933,976.5,348.5
74,7379,245.967,1004.5,340.5
74,7380,246.0,1036.5,334.5
74,7381,246.033,1070.5,330.5
74,7382,246.067,1096.5,326.5
74,7383,246.1,1056.5,296.5
74,7384,246.133,1010.5,270.5
74,7385,246.167,954.5,244.5
74,7386,246.2,908.5,226.5
74,7387,246.233,864.5,212.5
74,7388,246.267,828.5,206.5
74,7389,246.3,786.5,200.5
74,7390,246.333,750.5,198.5
74,7391,246.367,716.5,200.5
74,7392,246.4,682.5,204.5
74,7393,246.433,650.5,212.5
74,7394,246.467,626.5,220.5
74,7395,246.5,604.5,228.5
74,7396,246.533,580.5,240.5
74,7397,246.567,562.5,252.5
74,7398,246.6,540.5,258.5
74,7399,246.633,518.5,236.5
74,7400,246.667,504.5,218.5
74,7401,246.7,490.5,204.5
74,7402,246.733,470.5,190.5
74,7403,246.767,458.5,180.5
74,7404,246.8,442.5,174.5
74,7405,246.833,430.5,166.5
74,7406,246.867,420.5,166.5
74,7407,246.9,438.5,172.5
74,7408,246.933,464.5,182.5
74,7409,246.967,498.5,200.5
74,7410,247.0,530.5,216.5
74,7411,247.033,560.5,238.5
74,7412,247.067,588.5,258.5
74,7413,247.1,620.5,282.5
74,7414,247.133,652.5,316.5
74,7415,247.167,688.5,346.5
74,7417,247.233,764.5,420.5
74,7418,247.267,798.5,422.5
74,7419,247.3,840.5,436.5
74,7420,247.333,884.5,444.5
74,7421,247.367,922.5,460.5
74,7422,247.4,966.5,480.5
74,7424,247.467,884.5,376.5
74,7425,247.5,842.5,338.5
74,7426,247.533,788.5,292.5
74,7427,247.567,740.5,254.5
74,7428,247.6,698.5,224.5
74,7429,247.633,658.5,196.5
74,7430,247.667,622.5,178.5
74,7431,247.7,590.5,166.5
74,7432,247.733,564.5,158.5
74,7433,247.767,534.5,150.5
74,7434,247.8,510.5,150.5
74,7435,247.833,494.5,152.5
74,7436,247.867,474.5,156.5
74,7437,247.9,456.5,164.5
74,7438,247.933,444.5,170.5
74,7439,247.967,430.5,182.5
74,7440,248.0,420.5,194.5
74,7441,248.033,410.5,210.5
74,7442,248.067,402.5,224.5
74,7443,248.1,394.5,242.5
74,7444,248.133,388.5,256.5
74,7445,248.167,378.5,234.5
74,7446,248.2,370.5,212.5
74,7447,248.233,360.5,192.5
74,7448,248.267,354.5,174.5
74,7449,248.3,346.5,156.5
74,7450,248.333,340.5,146.5
74,7451,248.367,334.5,136.5
74,7452,248.4,330.5,128.5
74,7453,248.433,326.5,122.5
74,7455,248.5,356.5,118.5
74,7456,248.533,386.5,118.5
74,7457,248.567,416.5,120.5
74,7458,248.6,446.5,122.5
74,7459,248.633,476.5,130.5
74,7460,248.667,510.5,140.5
74,7461,248.7,544.5,152.5
74,7462,248.733,576.5,164.5
74,7463,248.767,612.5,182.5
74,7464,248.8,642.5,200.5
74,7465,248.833,684.5,226.5
74,7466,248.867,716.5,250.5
74,7467,248.9,752.5,278.5
74,7468,248.933,778.5,298.5
74,7469,248.967,824.5,342.5
74,7470,249.0,850.5,368.5
74,7471,249.033,896.5,344.5
74,7472,249.067,930.5,332.5
74,7473,249.1,960.5,324.5
74,7474,249.133,1004.5,312.5
74,7475,249.167,1036.5,308.5
74,7476,249.2,1074.5,304.5
74,7477,249.233,1106.5,304.5
74,7478,249.267,1148.5,310.5
74,7479,249.3,1170.5,316.5
74,7480,249.333,1204.5,324.5
74,7482,249.4,1164.5,340.5
74,7484,249.467,1098.5,174.5
74,7487,249.567,1170.5,304.5
75,7492,249.733,496.5,228.5
75,7493,249.767,462.5,222.5
75,7494,249.8,430.5,214.5
75,7495,249.833,398.5,212.5
75,7496,249.867,366.5,212.5
75,7497,249.9,338.5,216.5
75,7498,249.933,318.5,220.5
75,7501,250.033,244.5,244.5
75,7502,250.067,240.5,256.5
75,7503,250.1,232.5,260.5
75,7505,250.167,220.5,250.5
75,7506,250.2,210.5,248.5
75,7507,250.233,198.5,244.5
75,7508,250.267,186.5,244.5
75,7509,250.3,174.5,244.5
75,7510,250.333,164.5,252.5
75,7513,250.433,138.5,258.5
75,7514,250.467,130.5,266.5
75,7515,250.5,120.5,280.5
75,7519,250.633,100.5,330.5
75,7520,250.667,96.5,344.5
75,7521,250.7,92.5,364.5
75,7522,250.733,88.5,382.5
75,7523,250.767,82.5,376.5
75,7524,250.8,72.5,372.5
75,7525,250.833,66.5,368.5
75,7526,250.867,60.5,368.5
75,7527,250.9,52.5,370.5
75,7528,250.933,48.5,372.5
75,7529,250.967,42.5,374.5
75,7530,251.0,38.5,382.5
75,7531,251.033,36.5,388.5
76,7653,255.1,166.5,184.5
76,7654,255.133,160.5,184.5
76,7655,255.167,154.5,184.5
76,7656,255.2,146.5,186.5
76,7657,255.233,140.5,188.5
77,7664,255.467,178.5,378.5
77,7667,255.567,84.5,196.5
77,7668,255.6,76.5,196.5
77,7669,255.633,68.5,196.5
77,7670,255.667,66.5,198.5
