frame,x_px,y_px,score
7,586.5,406.5,0.989
9,628.5,424.5,0.992
10,186.5,314.5,0.985
11,826.5,336.5,0.975
27,348.5,116.5,0.989
28,164.5,532.5,0.731
29,354.5,120.5,0.618
31,258.5,298.5,0.634
103,468.5,682.5,0.651
116,188.5,168.5,0.861
119,382.5,590.5,0.939
134,258.5,294.5,0.936
138,540.5,440.5,0.534
139,896.5,346.5,0.793
153,608.5,634.5,0.929
171,132.5,138.5,0.923
179,820.5,330.5,0.771
183,402.5,300.5,0.883
188,708.5,602.5,0.72
223,760.5,260.5,0.609
226,256.5,174.5,0.962
227,878.5,328.5,0.977
229,142.5,538.5,0.986
230,284.5,92.5,0.989
231,280.5,86.5,0.923
232,250.5,164.5,0.981
236,912.5,272.5,0.533
237,940.5,274.5,0.826
239,264.5,224.5,0.77
240,828.5,262.5,0.992
241,826.5,256.5,0.991
242,826.5,248.5,0.988
243,824.5,246.5,0.989
244,822.5,250.5,0.996
245,822.5,258.5,0.998
246,820.5,266.5,0.995
247,818.5,278.5,0.994
248,814.5,296.5,0.996
249,814.5,312.5,0.999
250,810.5,330.5,0.997
251,804.5,348.5,0.994
252,804.5,376.5,0.988
253,798.5,404.5,0.987
254,796.5,434.5,0.961
255,788.5,426.5,0.983
256,788.5,406.5,0.989
257,788.5,384.5,0.984
258,778.5,362.5,0.994
259,774.5,346.5,0.997
260,802.5,450.5,0.997
264,744.5,314.5,0.899
266,736.5,334.5,0.995
267,728.5,346.5,0.995
268,722.5,354.5,0.979
301,968.5,384.5,0.979
303,972.5,374.5,0.989
304,976.5,372.5,0.985
311,942.5,330.5,0.989
312,932.5,332.5,0.994
313,932.5,338.5,0.989
314,924.5,346.5,0.991
315,962.5,362.5,0.883
316,956.5,364.5,0.889
317,914.5,354.5,0.812
318,260.5,184.5,0.935
319,268.5,192.5,0.954
320,268.5,208.5,0.983
324,166.5,206.5,0.641
326,906.5,390.5,0.993
327,902.5,394.5,0.967
328,898.5,394.5,0.807
329,956.5,352.5,0.624
337,850.5,364.5,0.553
338,198.5,278.5,0.797
339,182.5,280.5,0.561
343,864.5,222.5,0.995
344,862.5,202.5,0.997
345,862.5,192.5,0.998
346,860.5,180.5,0.996
347,860.5,176.5,0.996
348,858.5,170.5,0.999
349,854.5,172.5,0.998
350,852.5,176.5,0.996
351,850.5,184.5,0.998
352,846.5,194.5,0.998
353,844.5,206.5,0.998
354,840.5,220.5,0.998
355,836.5,238.5,0.999
356,834.5,254.5,0.994
357,828.5,278.5,0.986
358,824.5,300.5,0.998
359,820.5,318.5,0.998
360,814.5,340.5,0.998
361,820.5,328.5,0.998
362,828.5,306.5,0.998
363,836.5,290.5,0.998
364,842.5,270.5,0.998
365,850.5,254.5,0.997
366,856.5,242.5,0.998
367,862.5,232.5,0.998
368,868.5,228.5,0.998
369,874.5,222.5,0.996
370,878.5,224.5,0.997
371,884.5,226.5,0.998
372,888.5,232.5,0.999
373,892.5,240.5,1.0
374,894.5,248.5,0.999
375,898.5,262.5,0.998
376,900.5,276.5,0.994
377,902.5,296.5,0.992
378,904.5,318.5,0.999
379,902.5,330.5,0.999
380,904.5,354.5,0.999
381,914.5,330.5,0.999
382,918.5,320.5,0.997
383,926.5,300.5,0.995
384,932.5,288.5,0.998
385,936.5,276.5,0.997
386,940.5,272.5,0.997
387,946.5,266.5,0.996
388,950.5,264.5,0.997
389,954.5,266.5,0.997
390,956.5,272.5,0.997
391,958.5,276.5,0.998
392,960.5,284.5,0.997
393,960.5,296.5,0.999
394,964.5,312.5,0.979
396,968.5,282.5,0.981
397,972.5,258.5,0.996
398,978.5,238.5,0.992
399,980.5,218.5,0.997
400,984.5,204.5,0.998
401,986.5,190.5,0.993
402,988.5,180.5,0.996
403,992.5,176.5,0.994
404,992.5,170.5,0.994
405,992.5,172.5,0.991
406,932.5,334.5,0.996
407,990.5,184.5,0.993
408,936.5,348.5,0.995
409,936.5,352.5,0.99
410,982.5,228.5,0.927
411,980.5,246.5,0.808
414,968.5,322.5,0.999
415,966.5,336.5,0.995
416,954.5,344.5,0.766
417,954.5,324.5,0.996
418,950.5,302.5,0.997
419,948.5,286.5,0.993
420,940.5,272.5,0.999
421,934.5,260.5,0.998
422,926.5,254.5,0.997
423,920.5,248.5,0.998
424,910.5,248.5,0.998
425,902.5,250.5,0.999
426,896.5,256.5,0.999
427,886.5,264.5,0.997
428,878.5,274.5,0.997
429,870.5,284.5,0.978
430,872.5,256.5,0.989
434,964.5,368.5,0.866
436,962.5,360.5,0.988
458,962.5,410.5,0.98
460,958.5,408.5,0.996
461,954.5,408.5,0.99
462,954.5,408.5,0.993
463,950.5,408.5,0.994
464,946.5,406.5,0.991
465,942.5,406.5,0.995
466,942.5,406.5,0.995
467,940.5,404.5,0.995
468,938.5,406.5,0.992
469,936.5,406.5,0.994
470,934.5,406.5,0.994
471,932.5,406.5,0.994
472,930.5,408.5,0.996
473,930.5,408.5,0.989
474,928.5,408.5,0.99
475,866.5,324.5,0.944
476,924.5,410.5,0.55
480,924.5,408.5,0.992
481,882.5,340.5,0.859
482,920.5,408.5,0.994
483,918.5,410.5,0.996
484,916.5,410.5,0.995
485,912.5,408.5,0.996
486,908.5,406.5,0.988
493,970.5,322.5,0.977
498,856.5,248.5,0.958
499,744.5,298.5,0.57
512,852.5,354.5,0.977
513,850.5,346.5,0.948
514,850.5,338.5,0.993
515,850.5,328.5,0.99
516,850.5,326.5,0.902
517,852.5,322.5,0.758
520,854.5,324.5,0.982
522,842.5,330.5,0.939
523,836.5,338.5,0.988
524,838.5,352.5,0.994
525,834.5,364.5,0.996
526,836.5,380.5,0.993
528,852.5,376.5,0.887
531,788.5,470.5,0.91
533,836.5,334.5,0.859
534,834.5,326.5,0.998
535,832.5,322.5,0.994
536,828.5,330.5,0.981
538,838.5,300.5,0.814
542,840.5,200.5,0.981
543,842.5,180.5,0.993
544,840.5,158.5,0.993
545,840.5,146.5,0.996
546,840.5,138.5,0.996
547,840.5,132.5,0.996
548,838.5,130.5,0.998
549,834.5,132.5,0.996
550,832.5,138.5,0.995
551,830.5,148.5,0.996
552,828.5,160.5,0.997
553,824.5,172.5,0.982
554,824.5,194.5,0.996
555,820.5,212.5,0.996
556,816.5,234.5,0.997
557,810.5,256.5,0.982
558,806.5,288.5,0.996
559,802.5,304.5,0.997
560,794.5,338.5,0.997
561,790.5,356.5,0.995
562,790.5,374.5,0.994
563,798.5,344.5,0.997
564,806.5,324.5,0.996
565,814.5,302.5,0.995
566,822.5,286.5,0.993
567,828.5,270.5,0.996
568,836.5,258.5,0.998
569,842.5,248.5,0.998
570,850.5,242.5,0.996
571,856.5,240.5,0.998
572,862.5,242.5,0.998
573,868.5,248.5,0.997
574,874.5,254.5,0.997
575,876.5,262.5,0.996
576,882.5,278.5,0.995
577,884.5,294.5,0.989
578,888.5,316.5,0.997
579,890.5,330.5,0.999
582,16.5,204.5,0.799
597,918.5,296.5,0.986
599,916.5,288.5,0.911
600,908.5,286.5,0.991
601,904.5,290.5,0.993
602,898.5,296.5,0.986
603,886.5,308.5,0.759
604,880.5,318.5,0.996
605,868.5,332.5,0.992
607,866.5,366.5,0.992
609,934.5,392.5,0.872
619,820.5,334.5,0.712
623,854.5,186.5,0.972
625,848.5,132.5,0.828
626,848.5,122.5,0.726
627,852.5,108.5,0.988
628,852.5,98.5,0.997
629,850.5,90.5,0.996
630,848.5,88.5,0.997
631,846.5,88.5,0.995
632,840.5,96.5,0.996
633,838.5,102.5,0.996
634,834.5,112.5,0.994
635,836.5,114.5,0.997
636,832.5,128.5,0.995
637,824.5,144.5,0.987
638,820.5,164.5,0.956
639,818.5,198.5,0.991
640,812.5,222.5,0.997
641,808.5,244.5,0.997
642,802.5,274.5,0.993
643,796.5,298.5,0.991
644,788.5,330.5,0.997
645,782.5,366.5,0.994
646,780.5,392.5,0.996
647,786.5,366.5,0.998
648,788.5,342.5,0.997
649,796.5,318.5,0.99
650,806.5,298.5,0.997
651,812.5,278.5,0.993
652,818.5,262.5,0.995
653,824.5,248.5,0.998
654,930.5,394.5,0.998
655,838.5,234.5,0.998
656,844.5,232.5,0.998
657,848.5,232.5,0.997
658,854.5,240.5,0.999
659,858.5,248.5,0.998
660,862.5,258.5,0.995
661,866.5,274.5,0.995
662,868.5,290.5,0.993
663,870.5,314.5,0.996
664,872.5,330.5,0.995
666,292.5,192.5,0.712
668,920.5,280.5,0.618
673,272.5,184.5,0.975
678,922.5,382.5,0.949
680,914.5,382.5,0.528
681,922.5,408.5,0.991
682,922.5,420.5,0.987
683,922.5,432.5,0.992
688,416.5,154.5,0.663
691,416.5,154.5,0.72
692,414.5,154.5,0.703
693,414.5,154.5,0.527
695,414.5,152.5,0.58
696,414.5,152.5,0.681
704,406.5,160.5,0.988
705,404.5,166.5,0.987
706,400.5,172.5,0.987
707,398.5,180.5,0.99
708,394.5,188.5,0.987
709,392.5,198.5,0.812
721,1240.5,194.5,0.878
723,306.5,178.5,0.986
735,1132.5,250.5,0.619
753,90.5,472.5,0.982
768,872.5,286.5,0.935
785,1052.5,232.5,0.753
794,1024.5,424.5,0.652
797,288.5,204.5,0.988
798,288.5,202.5,0.935
799,288.5,202.5,0.983
801,484.5,264.5,0.695
804,944.5,286.5,0.957
805,938.5,314.5,0.902
809,924.5,394.5,0.873
810,380.5,208.5,0.991
811,370.5,196.5,0.834
812,362.5,178.5,0.982
814,988.5,382.5,0.556
815,348.5,126.5,0.727
817,342.5,96.5,0.988
821,938.5,384.5,0.667
823,908.5,406.5,0.986
824,902.5,400.5,0.808
826,896.5,392.5,0.959
827,890.5,386.5,0.645
828,886.5,390.5,0.995
829,884.5,394.5,0.992
830,884.5,396.5,0.99
831,886.5,398.5,0.988
832,886.5,404.5,0.99
833,364.5,176.5,0.99
834,864.5,380.5,0.99
838,892.5,408.5,0.964
839,886.5,408.5,0.977
842,376.5,202.5,0.799
843,366.5,200.5,0.936
844,364.5,190.5,0.99
845,366.5,172.5,0.994
847,366.5,138.5,0.883
848,366.5,124.5,0.98
849,364.5,110.5,0.99
850,362.5,98.5,0.984
851,364.5,86.5,0.991
862,836.5,382.5,0.997
863,838.5,370.5,0.997
864,842.5,360.5,0.997
865,846.5,356.5,0.998
866,850.5,352.5,0.997
867,852.5,350.5,0.999
868,854.5,354.5,0.999
869,856.5,360.5,0.999
870,856.5,368.5,0.999
872,858.5,392.5,0.999
873,858.5,398.5,0.997
874,858.5,400.5,0.999
875,860.5,400.5,0.998
876,862.5,402.5,0.993
877,866.5,400.5,0.996
878,866.5,398.5,0.994
879,872.5,392.5,0.994
880,872.5,386.5,0.998
881,870.5,382.5,0.998
882,870.5,374.5,0.997
883,870.5,370.5,0.996
885,870.5,354.5,0.994
887,866.5,340.5,0.997
888,864.5,334.5,0.997
889,844.5,354.5,0.904
890,298.5,194.5,0.955
892,300.5,180.5,0.996
893,876.5,226.5,0.993
894,878.5,204.5,0.989
895,874.5,190.5,0.995
896,872.5,178.5,0.992
897,872.5,168.5,0.994
898,868.5,162.5,0.996
899,866.5,158.5,0.997
900,862.5,162.5,0.994
901,860.5,168.5,0.995
902,854.5,178.5,0.993
903,852.5,188.5,0.995
904,848.5,204.5,0.996
905,844.5,224.5,0.997
906,838.5,244.5,0.998
907,834.5,266.5,0.997
908,828.5,296.5,0.997
909,822.5,314.5,0.999
910,814.5,340.5,0.998
911,808.5,370.5,0.996
912,802.5,402.5,0.996
913,804.5,382.5,0.994
914,814.5,362.5,0.998
915,820.5,338.5,0.998
916,824.5,322.5,0.997
917,834.5,308.5,0.997
918,840.5,296.5,0.994
919,844.5,288.5,0.998
920,850.5,282.5,0.996
921,856.5,280.5,0.997
922,860.5,280.5,0.999
923,864.5,288.5,0.997
924,866.5,292.5,0.992
926,912.5,266.5,0.995
927,302.5,192.5,0.826
940,350.5,186.5,0.993
941,346.5,178.5,0.991
943,332.5,154.5,0.973
944,326.5,134.5,0.878
945,316.5,116.5,0.555
946,1048.5,384.5,0.627
960,992.5,332.5,0.891
964,984.5,352.5,0.749
965,972.5,354.5,0.716
978,314.5,130.5,0.97
979,322.5,144.5,0.991
980,328.5,158.5,0.987
981,332.5,174.5,0.989
982,334.5,186.5,0.933
983,332.5,200.5,0.953
989,970.5,520.5,0.754
990,738.5,296.5,0.626
993,928.5,460.5,0.947
994,922.5,438.5,0.565
995,916.5,412.5,0.831
1000,178.5,210.5,0.985
1001,928.5,260.5,0.994
1002,928.5,248.5,0.997
1003,930.5,240.5,0.997
1004,932.5,236.5,0.994
1005,932.5,236.5,0.994
1006,932.5,244.5,0.992
1007,930.5,252.5,0.993
1008,928.5,266.5,0.989
1009,926.5,278.5,0.996
1011,920.5,324.5,0.991
1012,918.5,348.5,0.998
1013,918.5,376.5,0.983
1014,906.5,400.5,0.784
1016,834.5,422.5,0.929
1017,786.5,408.5,0.99
1018,748.5,404.5,0.993
1019,706.5,398.5,0.994
1020,668.5,354.5,0.992
1021,638.5,320.5,0.995
1022,614.5,300.5,0.989
1023,590.5,282.5,0.995
1024,564.5,264.5,0.997
1025,542.5,252.5,0.997
1026,522.5,246.5,0.995
1027,502.5,242.5,0.997
1028,484.5,238.5,0.995
1029,466.5,240.5,0.997
1030,450.5,242.5,0.998
1031,434.5,244.5,0.997
1032,420.5,246.5,0.997
1033,402.5,230.5,0.993
1034,392.5,216.5,0.992
1035,378.5,204.5,0.997
1036,366.5,198.5,0.996
1038,400.5,188.5,0.991
1039,434.5,186.5,0.991
1040,474.5,184.5,0.992
1041,506.5,190.5,0.996
1042,540.5,194.5,0.996
1043,576.5,202.5,0.996
1044,608.5,210.5,0.993
1045,640.5,222.5,0.994
1046,680.5,238.5,0.997
1047,712.5,254.5,0.996
1048,742.5,272.5,0.995
1049,772.5,290.5,0.997
1050,1112.5,442.5,0.945
1054,910.5,416.5,0.986
1055,942.5,446.5,0.993
1056,970.5,462.5,0.99
1057,994.5,450.5,0.997
1058,1010.5,438.5,0.994
1059,1030.5,434.5,0.996
1060,1050.5,426.5,0.987
1061,1068.5,422.5,0.982
1070,368.5,170.5,0.982
1073,368.5,168.5,0.986
1074,342.5,160.5,0.928
1079,344.5,148.5,0.819
1111,400.5,102.5,0.943
1115,328.5,114.5,0.836
1126,228.5,284.5,0.793
1127,384.5,162.5,0.58
1129,384.5,162.5,0.718
1131,378.5,162.5,0.871
1133,378.5,164.5,0.864
1134,378.5,166.5,0.964
1136,376.5,170.5,0.982
1137,376.5,176.5,0.993
1138,372.5,180.5,0.925
1139,370.5,188.5,0.949
1141,296.5,178.5,0.973
1142,320.5,194.5,0.503
1143,322.5,202.5,0.881
1171,366.5,172.5,0.986
1172,368.5,168.5,0.97
1173,370.5,166.5,0.789
1174,370.5,160.5,0.677
1225,864.5,344.5,0.532
1274,1192.5,572.5,0.87
1275,1186.5,576.5,0.71
1286,1232.5,346.5,0.922
1307,972.5,362.5,0.941
1309,1232.5,350.5,0.746
1323,906.5,324.5,0.974
1324,890.5,320.5,0.875
1326,874.5,306.5,0.984
1331,296.5,168.5,0.546
1332,308.5,180.5,0.933
1333,298.5,194.5,0.816
1352,254.5,168.5,0.687
1354,246.5,154.5,0.967
1355,242.5,148.5,0.98
1356,238.5,134.5,0.993
1357,234.5,128.5,0.989
1358,854.5,272.5,0.998
1359,860.5,264.5,0.998
1360,864.5,260.5,0.996
1361,868.5,262.5,0.995
1362,870.5,266.5,0.998
1363,874.5,276.5,0.997
1364,874.5,286.5,0.996
1365,878.5,300.5,0.982
1366,878.5,316.5,0.997
1367,878.5,338.5,0.998
1368,876.5,352.5,0.966
1369,238.5,148.5,0.952
1370,800.5,366.5,0.997
1371,766.5,364.5,0.996
1372,722.5,370.5,0.997
1373,688.5,374.5,0.997
1374,654.5,380.5,0.995
1375,628.5,354.5,0.997
1376,604.5,328.5,0.994
1377,578.5,306.5,0.997
1378,558.5,290.5,0.997
1379,536.5,276.5,0.992
1380,516.5,268.5,0.993
1381,496.5,262.5,0.998
1382,480.5,260.5,0.995
1383,462.5,260.5,0.997
1384,446.5,260.5,0.995
1385,432.5,264.5,0.996
1386,420.5,272.5,0.997
1387,408.5,280.5,0.998
1388,396.5,282.5,0.998
1389,380.5,262.5,0.998
1390,368.5,250.5,0.993
1391,358.5,236.5,0.988
1392,344.5,228.5,0.995
1393,340.5,220.5,0.997
1394,310.5,206.5,0.517
1396,400.5,198.5,0.98
1397,420.5,194.5,0.992
1398,444.5,194.5,0.992
1399,466.5,194.5,0.993
1400,490.5,198.5,0.992
1401,518.5,206.5,0.99
1402,546.5,216.5,0.994
1403,572.5,228.5,0.996
1404,596.5,244.5,0.996
1405,618.5,258.5,0.998
1406,642.5,276.5,0.993
1407,672.5,302.5,0.997
1408,702.5,332.5,0.997
1409,720.5,354.5,0.993
1410,746.5,386.5,0.994
1411,770.5,370.5,0.998
1412,790.5,358.5,0.997
1413,814.5,346.5,0.997
1414,834.5,338.5,0.998
1415,854.5,336.5,0.997
1417,810.5,300.5,0.988
1418,762.5,276.5,0.999
1419,718.5,258.5,0.999
1420,678.5,244.5,0.994
1421,1024.5,216.5,0.996
1422,1024.5,216.5,0.996
1423,558.5,224.5,0.997
1424,526.5,224.5,0.997
1425,492.5,226.5,0.998
1426,464.5,230.5,0.993
1427,438.5,238.5,0.994
1428,414.5,244.5,0.997
1429,390.5,258.5,0.997
1430,372.5,266.5,0.998
1431,354.5,280.5,0.998
1432,332.5,282.5,0.988
1433,314.5,262.5,0.993
1434,296.5,242.5,0.993
1435,284.5,228.5,0.988
1436,266.5,212.5,0.995
1437,254.5,204.5,0.99
1438,238.5,196.5,0.989
1439,228.5,190.5,0.993
1440,214.5,188.5,0.998
1441,202.5,188.5,0.997
1442,196.5,192.5,0.996
1444,266.5,176.5,0.993
1445,322.5,176.5,0.987
1446,362.5,176.5,0.994
1447,414.5,178.5,0.998
1448,464.5,184.5,0.997
1449,514.5,196.5,0.994
1450,564.5,212.5,0.995
1451,616.5,232.5,0.992
1452,680.5,260.5,0.996
1453,720.5,280.5,0.997
1454,1236.5,348.5,0.918
1455,812.5,334.5,0.99
1456,864.5,376.5,0.922
1457,926.5,430.5,0.992
1458,962.5,464.5,0.995
1459,1002.5,504.5,0.995
1460,1038.5,548.5,0.99
1461,1082.5,606.5,0.91
1462,1102.5,642.5,0.989
1463,1148.5,672.5,0.929
1465,302.5,92.5,0.991
1466,296.5,108.5,0.905
1467,286.5,126.5,0.903
1468,284.5,138.5,0.967
1469,282.5,158.5,0.919
1470,276.5,172.5,0.977
1475,1238.5,554.5,0.986
1480,1240.5,644.5,0.98
1481,1238.5,658.5,0.993
1496,246.5,180.5,0.987
1499,246.5,176.5,0.99
1503,336.5,152.5,0.949
1506,350.5,138.5,0.574
1508,358.5,122.5,0.989
1509,360.5,114.5,0.989
1510,364.5,108.5,0.99
1511,362.5,110.5,0.988
1512,366.5,104.5,0.989
1513,368.5,100.5,0.99
1514,370.5,96.5,0.965
1515,370.5,96.5,0.679
1516,370.5,90.5,0.69
1517,368.5,88.5,0.986
1519,368.5,90.5,0.724
1521,364.5,90.5,0.56
1523,360.5,98.5,0.98
1524,360.5,104.5,0.966
1525,356.5,110.5,0.986
1526,356.5,116.5,0.988
1527,354.5,124.5,0.993
1528,352.5,134.5,0.995
1538,100.5,472.5,0.843
1563,262.5,144.5,0.945
1588,1210.5,248.5,0.867
1589,1210.5,236.5,0.984
1590,1216.5,218.5,0.996
1591,1222.5,206.5,0.984
1592,1226.5,194.5,0.992
1593,1226.5,186.5,0.709
1594,1232.5,184.5,0.955
1596,1228.5,194.5,0.989
1597,1226.5,200.5,0.995
1598,1224.5,210.5,0.997
1599,1222.5,226.5,0.993
1600,1216.5,244.5,0.989
1601,1212.5,264.5,0.972
1604,1106.5,276.5,0.991
1605,1054.5,274.5,0.995
1606,1002.5,276.5,0.996
1607,954.5,282.5,0.989
1608,910.5,290.5,0.998
1609,860.5,304.5,0.999
1610,836.5,308.5,0.992
1611,786.5,326.5,0.998
1612,764.5,314.5,0.995
1613,740.5,288.5,0.999
1614,722.5,270.5,0.998
1615,704.5,252.5,0.997
1616,680.5,236.5,0.995
1617,668.5,228.5,0.995
1618,642.5,218.5,0.996
1619,626.5,212.5,0.992
1620,612.5,212.5,0.992
1621,596.5,212.5,0.993
1622,580.5,214.5,0.994
1623,566.5,220.5,0.997
1624,552.5,228.5,0.996
1625,542.5,236.5,0.995
1626,532.5,246.5,0.996
1627,518.5,258.5,0.998
1628,506.5,240.5,0.99
1629,496.5,226.5,0.997
1630,486.5,212.5,0.996
1631,476.5,202.5,0.996
1632,468.5,192.5,0.995
1633,454.5,188.5,0.999
1634,468.5,184.5,0.995
1635,482.5,182.5,0.996
1636,512.5,186.5,0.995
1637,542.5,190.5,0.993
1638,564.5,196.5,0.989
1639,592.5,204.5,0.994
1640,618.5,214.5,0.991
1641,642.5,226.5,0.997
1642,676.5,248.5,0.995
1643,702.5,266.5,0.995
1644,726.5,284.5,0.994
1645,756.5,312.5,0.997
1646,786.5,340.5,0.996
1647,812.5,348.5,0.997
1648,840.5,338.5,0.998
1649,866.5,330.5,0.999
1650,892.5,324.5,0.995
1651,926.5,324.5,0.991
1652,948.5,324.5,0.98
1653,978.5,326.5,0.993
1654,944.5,294.5,0.996
1655,898.5,254.5,0.998
1656,860.5,224.5,0.997
1657,826.5,200.5,0.996
1658,786.5,178.5,0.997
1659,750.5,160.5,0.997
1660,718.5,148.5,0.997
1661,684.5,138.5,0.995
1662,650.5,132.5,0.994
1663,620.5,130.5,0.996
1664,590.5,130.5,0.993
1665,558.5,134.5,0.992
1666,534.5,142.5,0.994
1667,508.5,150.5,0.993
1668,490.5,160.5,0.995
1669,466.5,172.5,0.994
1670,448.5,186.5,0.998
1671,428.5,202.5,0.996
1672,408.5,224.5,0.997
1673,390.5,242.5,0.998
1674,374.5,264.5,0.997
1675,358.5,278.5,0.996
1676,340.5,258.5,0.998
1677,328.5,238.5,0.997
1678,314.5,218.5,0.998
1679,300.5,202.5,0.994
1680,286.5,186.5,0.991
1681,272.5,176.5,0.994
1682,260.5,168.5,0.991
1683,248.5,162.5,0.995
1684,236.5,158.5,0.992
1685,224.5,156.5,0.994
1686,212.5,158.5,0.998
1687,204.5,164.5,0.996
1688,194.5,168.5,0.999
1689,186.5,178.5,0.999
1690,178.5,188.5,0.998
1691,178.5,200.5,0.948
1693,248.5,190.5,0.986
1694,300.5,190.5,0.998
1695,354.5,190.5,0.997
1696,396.5,194.5,0.998
1697,444.5,202.5,0.996
1698,494.5,212.5,0.997
1699,540.5,228.5,0.998
1700,582.5,244.5,0.998
1701,612.5,258.5,0.995
1702,680.5,292.5,0.992
1703,704.5,304.5,0.993
1704,748.5,334.5,0.996
1705,776.5,322.5,0.997
1706,826.5,306.5,0.997
1707,862.5,290.5,0.998
1708,896.5,284.5,0.997
1709,940.5,276.5,0.997
1710,968.5,274.5,0.99
1711,1002.5,274.5,0.997
1712,1046.5,276.5,0.992
1713,1080.5,284.5,0.982
1714,1114.5,294.5,0.997
1715,1150.5,308.5,0.997
1716,1172.5,324.5,0.993
1717,1172.5,312.5,0.993
1718,1140.5,292.5,0.997
1719,1096.5,260.5,0.997
1724,844.5,146.5,0.996
1725,800.5,138.5,0.996
1726,770.5,136.5,0.997
1727,734.5,134.5,0.997
1728,698.5,136.5,0.993
1729,670.5,140.5,0.994
1730,636.5,146.5,0.997
1731,602.5,158.5,0.994
1732,574.5,168.5,0.996
1733,550.5,180.5,0.995
1734,526.5,194.5,0.998
1735,500.5,210.5,0.999
1736,480.5,228.5,0.997
1737,462.5,244.5,0.996
1738,442.5,234.5,0.998
1739,428.5,212.5,0.996
1740,414.5,192.5,0.996
1741,404.5,178.5,0.998
1742,388.5,162.5,0.994
1743,376.5,150.5,0.992
1744,364.5,140.5,0.996
1745,354.5,136.5,0.997
1746,344.5,132.5,0.993
1747,330.5,134.5,0.995
1749,380.5,140.5,0.927
1750,416.5,148.5,0.987
1751,456.5,162.5,0.996
1752,492.5,178.5,0.998
1753,538.5,198.5,0.995
1754,574.5,220.5,0.997
1755,610.5,242.5,0.998
1756,640.5,264.5,0.996
1757,684.5,298.5,0.996
1758,720.5,316.5,0.996
1759,750.5,304.5,0.998
1760,794.5,296.5,0.986
1761,830.5,292.5,0.998
1762,866.5,290.5,0.998
1763,906.5,290.5,0.992
1764,942.5,294.5,0.998
1765,978.5,302.5,0.993
1766,1016.5,314.5,0.993
1767,1052.5,332.5,0.996
1768,1034.5,310.5,0.862
1769,992.5,288.5,0.605
1770,938.5,250.5,0.996
1771,892.5,226.5,0.997
1772,846.5,204.5,0.992
1773,798.5,184.5,0.997
1774,768.5,174.5,0.997
1775,734.5,166.5,0.997
1776,700.5,160.5,0.993
1777,670.5,156.5,0.995
1778,636.5,156.5,0.995
1779,606.5,158.5,0.996
1780,582.5,162.5,0.993
1781,558.5,168.5,0.992
1782,534.5,174.5,0.993
1783,510.5,186.5,0.996
1784,486.5,196.5,0.987
1785,474.5,208.5,0.996
1786,454.5,222.5,0.996
1787,440.5,236.5,0.995
1788,422.5,240.5,0.993
1789,408.5,216.5,0.993
1790,392.5,198.5,0.99
1791,380.5,182.5,0.997
1792,368.5,170.5,0.992
1793,356.5,160.5,0.994
1794,346.5,152.5,0.993
1798,418.5,168.5,0.995
1799,460.5,182.5,0.997
1800,508.5,206.5,0.996
1801,546.5,226.5,0.998
1802,586.5,250.5,0.994
1803,626.5,274.5,0.996
1804,292.5,222.5,0.675
1805,728.5,352.5,0.997
1806,770.5,346.5,0.997
1807,824.5,340.5,0.998
1808,864.5,340.5,0.996
1809,906.5,342.5,0.995
1810,976.5,356.5,0.996
1811,1024.5,368.5,0.992
1812,976.5,334.5,0.991
1813,932.5,306.5,0.979
1814,862.5,270.5,0.995
1815,812.5,248.5,0.995
1816,764.5,230.5,0.996
1817,720.5,218.5,0.997
1818,680.5,210.5,0.997
1819,640.5,204.5,0.995
1820,606.5,202.5,0.996
1821,572.5,204.5,0.994
1822,544.5,208.5,0.994
1823,516.5,212.5,0.987
1824,494.5,220.5,0.995
1825,470.5,230.5,0.994
1826,452.5,240.5,0.997
1827,434.5,252.5,0.997
1828,418.5,268.5,0.996
1829,398.5,258.5,0.997
1830,382.5,236.5,0.996
1831,366.5,216.5,0.996
1832,356.5,202.5,0.997
1833,342.5,188.5,0.989
1834,332.5,178.5,0.996
1835,322.5,170.5,0.994
1836,310.5,164.5,0.986
1837,712.5,328.5,0.798
1840,392.5,174.5,0.992
1841,428.5,182.5,0.997
1842,462.5,192.5,0.998
1843,498.5,206.5,0.997
1844,540.5,224.5,0.996
1845,576.5,240.5,0.999
1846,602.5,256.5,0.993
1847,634.5,272.5,0.995
1848,682.5,302.5,0.997
1849,718.5,326.5,0.997
1850,754.5,316.5,0.997
1851,794.5,312.5,0.995
1852,828.5,306.5,0.999
1853,862.5,304.5,0.998
1854,900.5,302.5,0.99
1855,942.5,306.5,0.997
1856,974.5,308.5,0.989
1857,1008.5,322.5,0.996
1858,1044.5,334.5,0.995
1860,1046.5,324.5,0.995
1861,1006.5,300.5,0.993
1862,932.5,258.5,0.998
1863,884.5,234.5,0.998
1864,834.5,212.5,0.996
1865,782.5,196.5,0.998
1866,738.5,184.5,0.997
1867,692.5,176.5,0.997
1868,648.5,170.5,0.994
1869,610.5,170.5,0.996
1870,572.5,172.5,0.995
1871,536.5,174.5,0.995
1872,498.5,180.5,0.994
1873,468.5,188.5,0.991
1874,444.5,198.5,0.995
1875,414.5,212.5,0.998
1876,388.5,226.5,0.998
1877,366.5,242.5,0.997
1878,342.5,258.5,0.997
1879,322.5,276.5,0.993
1880,300.5,258.5,0.989
1881,280.5,236.5,0.992
1882,262.5,216.5,0.994
1883,238.5,196.5,0.93
1884,228.5,190.5,0.992
1885,210.5,184.5,0.593
1886,196.5,174.5,0.985
1887,180.5,170.5,0.996
1888,162.5,170.5,0.997
1889,160.5,168.5,0.995
1892,254.5,122.5,0.993
1893,380.5,188.5,0.998
1894,432.5,198.5,0.997
1895,482.5,216.5,0.994
1896,544.5,242.5,0.995
1897,618.5,274.5,0.993
1898,666.5,294.5,0.983
1899,714.5,326.5,0.993
1900,754.5,330.5,0.993
1901,802.5,322.5,0.986
1902,848.5,306.5,0.998
1903,902.5,290.5,0.991
1904,954.5,286.5,0.995
1905,1012.5,282.5,0.996
1906,1060.5,284.5,0.995
1907,1110.5,288.5,0.999
1908,1166.5,292.5,0.998
1909,1210.5,304.5,0.997
1910,1240.5,312.5,0.999
1911,1170.5,280.5,0.996
1912,1104.5,256.5,0.978
1914,974.5,218.5,0.963
1915,924.5,210.5,0.993
1916,872.5,202.5,0.992
1917,828.5,200.5,0.994
1918,778.5,200.5,0.997
1919,732.5,206.5,0.998
1920,698.5,210.5,0.996
1921,656.5,220.5,0.995
1922,622.5,228.5,0.998
1923,590.5,242.5,0.998
1924,570.5,252.5,0.994
1925,546.5,264.5,0.997
1926,514.5,262.5,0.997
1927,498.5,244.5,0.997
1928,474.5,222.5,0.997
1929,454.5,204.5,0.993
1930,438.5,194.5,0.998
1931,420.5,184.5,0.995
1932,404.5,176.5,0.994
1933,390.5,172.5,0.993
1934,394.5,172.5,0.989
1935,370.5,176.5,0.972
1936,424.5,182.5,0.99
1937,466.5,196.5,0.996
1938,508.5,214.5,0.994
1939,554.5,236.5,0.998
1940,592.5,256.5,0.992
1941,628.5,274.5,0.996
1942,324.5,218.5,0.995
1943,318.5,220.5,0.993
1944,784.5,364.5,0.997
1945,838.5,358.5,0.993
1946,874.5,362.5,0.995
1947,958.5,372.5,0.997
1948,996.5,382.5,0.996
1949,1058.5,396.5,0.995
1950,1108.5,412.5,0.993
1951,1098.5,394.5,0.991
1952,1022.5,354.5,0.88
1953,962.5,328.5,0.963
1954,882.5,284.5,0.988
1955,820.5,264.5,0.983
1956,766.5,252.5,0.996
1957,714.5,240.5,0.999
1958,670.5,232.5,0.991
1959,620.5,228.5,0.996
1960,574.5,228.5,0.998
1961,530.5,228.5,0.995
1962,492.5,236.5,0.996
1963,460.5,242.5,0.997
1964,430.5,252.5,0.996
1965,400.5,264.5,0.997
1966,372.5,276.5,0.997
1967,348.5,292.5,0.995
1968,330.5,292.5,0.993
1969,300.5,264.5,0.993
1970,282.5,246.5,0.994
1971,260.5,228.5,0.997
1972,242.5,214.5,0.995
1973,224.5,204.5,0.995
1974,206.5,196.5,0.99
1975,188.5,192.5,0.916
1976,178.5,190.5,0.994
1977,158.5,190.5,0.997
1978,150.5,194.5,0.998
1979,144.5,196.5,0.997
1980,210.5,182.5,0.634
1982,300.5,166.5,0.97
1983,348.5,164.5,0.997
1984,404.5,164.5,0.997
1985,462.5,172.5,0.997
1986,516.5,180.5,0.991
1987,576.5,196.5,0.992
1988,634.5,214.5,0.99
1989,690.5,238.5,0.997
1990,748.5,264.5,0.997
1991,802.5,296.5,0.996
1992,872.5,338.5,0.99
1993,908.5,362.5,0.994
1994,960.5,402.5,0.992
1995,1010.5,446.5,0.995
1996,1052.5,488.5,0.993
1997,1098.5,536.5,0.994
1998,1134.5,584.5,0.992
1999,1166.5,626.5,0.994
2000,1196.5,670.5,0.992
2001,224.5,168.5,0.991
2002,218.5,188.5,0.988
2003,212.5,204.5,0.828
2008,1244.5,530.5,0.99
2009,1198.5,502.5,0.997
2010,1166.5,486.5,0.998
2011,1134.5,472.5,0.998
2012,1104.5,464.5,0.998
2013,1072.5,454.5,0.995
2014,1040.5,450.5,0.993
2015,1020.5,448.5,0.992
2016,994.5,448.5,0.995
2017,964.5,450.5,0.994
2018,944.5,452.5,0.99
2019,928.5,466.5,0.99
2020,924.5,488.5,0.994
2021,920.5,514.5,0.692
2022,916.5,542.5,0.992
2023,922.5,546.5,0.995
2024,936.5,548.5,0.995
2025,946.5,552.5,0.997
2026,958.5,560.5,0.997
2027,970.5,570.5,0.995
2028,980.5,582.5,0.995
2029,990.5,596.5,0.994
2030,1000.5,612.5,0.995
2031,1010.5,634.5,0.996
2032,1020.5,648.5,0.995
2033,1038.5,658.5,0.99
2034,1052.5,664.5,0.996
2035,1066.5,676.5,0.994
2036,1080.5,690.5,0.997
2037,1094.5,710.5,0.995
2038,1102.5,714.5,0.992
2054,342.5,192.5,0.911
2067,354.5,216.5,0.96
2081,1246.5,510.5,0.986
2082,366.5,218.5,0.986
2085,356.5,218.5,0.7
2094,352.5,218.5,0.988
2095,356.5,220.5,0.812
2096,356.5,218.5,0.664
2097,358.5,220.5,0.983
2099,358.5,210.5,0.987
2100,358.5,198.5,0.985
2101,356.5,194.5,0.89
2102,356.5,194.5,0.64
2103,356.5,194.5,0.979
2104,356.5,194.5,0.945
2105,356.5,194.5,0.949
2118,1114.5,568.5,0.588
2126,1074.5,460.5,0.99
2127,1244.5,224.5,0.523
2139,1094.5,176.5,0.987
2142,1234.5,348.5,0.989
2145,1104.5,176.5,0.91
2147,476.5,264.5,0.717
2159,898.5,334.5,0.953
2163,896.5,278.5,0.672
2164,898.5,260.5,0.991
2165,904.5,250.5,0.996
2166,906.5,242.5,0.998
2167,910.5,240.5,0.998
2168,914.5,240.5,0.997
2169,914.5,250.5,0.994
2170,918.5,258.5,0.995
2171,916.5,270.5,0.994
2172,916.5,288.5,0.99
2173,914.5,310.5,0.765
2174,916.5,332.5,0.994
2175,914.5,356.5,0.998
2177,906.5,418.5,0.983
2179,862.5,442.5,0.572
2180,778.5,408.5,0.921
2181,936.5,400.5,0.837
2182,692.5,386.5,0.995
2183,652.5,346.5,0.988
2184,622.5,318.5,0.994
2185,588.5,298.5,0.993
2186,558.5,274.5,0.995
2187,540.5,260.5,0.999
2188,516.5,248.5,0.998
2189,498.5,240.5,0.996
2190,480.5,234.5,0.998
2191,462.5,230.5,0.998
2192,446.5,230.5,0.998
2193,432.5,232.5,0.997
2194,420.5,238.5,0.997
2195,402.5,224.5,0.997
2196,338.5,216.5,0.996
2197,380.5,200.5,0.891
2198,396.5,196.5,0.973
2199,430.5,188.5,0.991
2200,460.5,188.5,0.997
2201,494.5,188.5,0.998
2202,528.5,190.5,0.998
2203,558.5,194.5,0.996
2204,594.5,202.5,0.995
2205,1234.5,348.5,0.995
2206,670.5,226.5,0.998
2207,698.5,240.5,0.996
2208,732.5,258.5,0.997
2209,762.5,276.5,0.998
2210,798.5,298.5,0.996
2211,830.5,308.5,0.995
2212,860.5,300.5,0.997
2213,896.5,292.5,0.995
2214,928.5,290.5,0.996
2215,960.5,288.5,0.997
2216,998.5,290.5,0.989
2217,1026.5,292.5,0.99
2218,1060.5,302.5,0.988
2219,1098.5,316.5,0.987
2220,1122.5,328.5,0.933
2221,1140.5,336.5,0.842
2227,1226.5,230.5,0.736
2228,1232.5,226.5,0.997
2229,1234.5,212.5,0.993
2230,1240.5,204.5,0.983
2231,1242.5,196.5,0.993
2235,1250.5,210.5,0.873
2236,1250.5,220.5,0.91
2241,476.5,260.5,0.92
2242,1206.5,242.5,0.995
2243,1192.5,242.5,0.998
2244,1178.5,244.5,0.998
2245,1166.5,248.5,0.988
2246,1140.5,260.5,0.99
2248,1108.5,284.5,0.993
2249,1088.5,302.5,0.984
2250,1062.5,328.5,0.954
2251,1042.5,356.5,0.996
2252,1024.5,382.5,0.997
2253,1002.5,412.5,0.85
2254,980.5,442.5,0.984
2255,958.5,476.5,0.99
2256,938.5,514.5,0.993
2257,914.5,558.5,0.991
2258,894.5,596.5,0.993
2259,874.5,634.5,0.988
2260,858.5,680.5,0.996
2261,838.5,712.5,0.995
2263,238.5,254.5,0.749
2264,812.5,712.5,0.998
2265,806.5,702.5,0.994
2266,798.5,692.5,0.994
2267,792.5,684.5,0.986
2268,784.5,680.5,0.995
2269,776.5,678.5,0.995
2270,766.5,680.5,0.871
2294,350.5,154.5,0.963
2297,376.5,188.5,0.907
2300,394.5,204.5,0.9
2303,402.5,194.5,0.987
2305,388.5,196.5,0.772
2306,384.5,202.5,0.985
2309,888.5,334.5,0.651
2317,928.5,428.5,0.975
2318,900.5,396.5,0.982
2323,932.5,288.5,0.997
2324,936.5,276.5,0.996
2325,938.5,270.5,0.988
2326,344.5,218.5,0.708
2327,942.5,270.5,0.992
2328,942.5,276.5,0.994
2329,944.5,288.5,0.994
2330,942.5,300.5,0.975
2331,940.5,318.5,0.945
2332,920.5,464.5,0.976
2333,936.5,356.5,0.989
2334,932.5,390.5,0.998
2335,932.5,414.5,0.999
2336,928.5,438.5,0.97
2337,918.5,384.5,0.933
2338,810.5,420.5,0.984
2339,766.5,420.5,0.989
2340,712.5,416.5,0.984
2341,670.5,382.5,0.992
2342,640.5,354.5,0.992
2343,612.5,336.5,0.994
2344,580.5,316.5,0.994
2345,554.5,306.5,0.996
2346,520.5,292.5,0.988
2347,498.5,286.5,0.997
2348,476.5,284.5,0.994
2349,452.5,286.5,0.999
2350,434.5,290.5,0.995
2351,418.5,296.5,0.998
2352,396.5,292.5,0.997
2353,384.5,276.5,0.996
2354,366.5,262.5,0.998
2355,350.5,252.5,0.978
2356,336.5,244.5,0.989
2357,322.5,240.5,0.995
2358,308.5,238.5,0.996
2360,340.5,220.5,0.994
2361,378.5,206.5,0.985
2362,406.5,196.5,0.987
2363,436.5,188.5,0.996
2364,466.5,184.5,0.996
2365,498.5,182.5,0.994
2366,534.5,184.5,0.991
2367,564.5,188.5,0.993
2368,600.5,198.5,0.818
2369,594.5,194.5,0.988
2370,634.5,204.5,0.996
2371,672.5,218.5,0.996
2372,700.5,230.5,0.995
2373,730.5,246.5,0.998
2374,762.5,264.5,0.996
2375,798.5,292.5,0.979
2376,816.5,306.5,0.996
2377,850.5,336.5,0.995
2378,878.5,354.5,0.999
2379,906.5,336.5,0.998
2380,1126.5,252.5,0.994
2381,958.5,310.5,0.994
2383,922.5,270.5,0.994
2384,864.5,252.5,0.998
2385,798.5,232.5,0.996
2386,742.5,222.5,0.996
2387,692.5,212.5,0.997
2388,642.5,208.5,0.995
2389,602.5,208.5,0.996
2390,560.5,210.5,0.994
2391,526.5,210.5,0.996
2392,492.5,218.5,0.993
2393,458.5,228.5,0.995
2394,428.5,236.5,0.993
2395,402.5,246.5,0.991
2396,380.5,244.5,0.991
2397,354.5,222.5,0.997
2398,338.5,208.5,0.989
2399,310.5,188.5,0.995
2400,286.5,176.5,0.999
2401,232.5,192.5,0.865
2408,402.5,92.5,0.978
2409,428.5,90.5,0.98
2410,452.5,92.5,0.988
2411,484.5,98.5,0.996
2412,512.5,104.5,0.996
2413,542.5,118.5,0.997
2414,574.5,134.5,0.998
2415,606.5,154.5,0.997
2416,638.5,180.5,0.997
2417,670.5,208.5,0.999
2418,696.5,234.5,0.993
2419,724.5,264.5,0.994
2420,746.5,298.5,0.994
2421,776.5,324.5,0.993
2422,804.5,372.5,0.988
2423,830.5,414.5,0.994
2424,864.5,398.5,0.997
2425,902.5,372.5,0.99
2427,896.5,322.5,0.997
2428,852.5,292.5,0.983
2429,796.5,264.5,0.993
2430,750.5,244.5,0.998
2431,710.5,228.5,0.997
2432,674.5,216.5,0.996
2433,638.5,206.5,0.996
2434,608.5,200.5,0.994
2435,576.5,196.5,0.99
2436,550.5,196.5,0.98
2437,530.5,198.5,0.983
2438,510.5,202.5,0.993
2439,490.5,208.5,0.994
2440,474.5,214.5,0.986
2441,458.5,224.5,0.996
2442,444.5,234.5,0.998
2443,432.5,242.5,0.997
2444,420.5,226.5,0.997
2445,406.5,204.5,0.997
2446,396.5,186.5,0.993
2447,390.5,178.5,0.987
2448,382.5,164.5,0.995
2449,374.5,156.5,0.997
2451,406.5,160.5,0.98
2452,430.5,166.5,0.995
2453,452.5,176.5,0.996
2454,476.5,188.5,0.994
2455,498.5,200.5,0.995
2456,526.5,220.5,0.995
2457,550.5,240.5,0.994
2458,572.5,256.5,0.989
2459,594.5,278.5,0.992
2460,618.5,290.5,0.996
2461,638.5,310.5,0.997
2462,654.5,326.5,0.997
2463,674.5,334.5,0.996
2464,688.5,330.5,0.997
2465,706.5,328.5,0.997
2466,724.5,330.5,0.996
2467,742.5,336.5,0.997
2468,762.5,342.5,0.998
2469,778.5,354.5,0.999
2470,794.5,368.5,0.997
2471,812.5,382.5,0.997
2472,830.5,404.5,0.995
2473,850.5,402.5,0.995
2474,870.5,398.5,0.997
2475,884.5,398.5,0.987
2476,910.5,408.5,0.989
2477,930.5,416.5,0.999
2478,954.5,426.5,0.983
2479,970.5,440.5,0.991
2480,988.5,456.5,0.992
2481,1000.5,470.5,0.994
2482,996.5,436.5,0.951
2483,1234.5,348.5,0.991
2484,982.5,350.5,0.916
2485,976.5,330.5,0.995
2486,968.5,306.5,0.99
2487,962.5,290.5,0.998
2488,956.5,276.5,0.995
2489,950.5,270.5,0.998
2490,942.5,264.5,0.998
2491,934.5,262.5,0.997
2492,930.5,264.5,0.998
2493,924.5,268.5,0.998
2494,918.5,272.5,0.998
2495,914.5,278.5,0.998
2496,906.5,288.5,0.998
2497,902.5,300.5,0.997
2498,894.5,316.5,0.998
2499,890.5,324.5,1.0
2509,888.5,324.5,0.999
2510,884.5,318.5,0.998
2511,882.5,312.5,0.997
2512,878.5,312.5,0.994
2513,874.5,314.5,0.998
2514,868.5,316.5,0.999
2515,866.5,320.5,0.998
2546,954.5,368.5,0.908
2556,896.5,344.5,0.858
2557,868.5,342.5,0.98
2558,912.5,396.5,0.987
2559,876.5,344.5,0.992
2569,772.5,344.5,0.646
2570,1074.5,198.5,0.991
2571,784.5,346.5,0.953
2572,824.5,324.5,0.805
2581,894.5,98.5,0.952
2582,888.5,102.5,0.929
2583,398.5,218.5,0.665
2590,442.5,230.5,0.622
2593,878.5,352.5,0.984
2595,478.5,260.5,0.976
2602,520.5,188.5,0.597
2604,432.5,202.5,0.633
2607,754.5,232.5,0.687
2609,436.5,202.5,0.959
2610,428.5,200.5,0.947
2611,428.5,204.5,0.971
2612,754.5,220.5,0.988
2614,754.5,208.5,0.981
2615,404.5,204.5,0.973
2616,758.5,192.5,0.989
2618,766.5,174.5,0.993
2619,768.5,168.5,0.95
2630,978.5,420.5,0.961
2631,826.5,224.5,0.986
2633,854.5,230.5,0.771
2634,882.5,242.5,0.959
2635,860.5,262.5,0.983
2639,816.5,358.5,0.986
2640,828.5,338.5,0.964
2642,266.5,176.5,0.691
2646,268.5,154.5,0.99
2647,924.5,254.5,0.93
2648,928.5,248.5,0.972
2649,926.5,242.5,0.912
2650,254.5,168.5,0.98
2651,254.5,170.5,0.709
2652,1106.5,170.5,0.752
2658,882.5,338.5,0.934
2659,886.5,338.5,0.983
2660,890.5,350.5,0.984
2662,952.5,316.5,0.959
2670,1042.5,162.5,0.988
2671,274.5,220.5,0.99
2673,988.5,368.5,0.955
2675,1032.5,178.5,0.987
2676,254.5,218.5,0.705
2677,252.5,216.5,0.984
2679,248.5,208.5,0.794
2680,246.5,204.5,0.976
2687,254.5,200.5,0.766
2688,252.5,200.5,0.988
2689,1032.5,194.5,0.986
2690,346.5,204.5,0.995
2691,1122.5,334.5,0.777
2695,1136.5,248.5,0.866
2696,1020.5,228.5,0.991
2717,922.5,476.5,0.987
2718,910.5,452.5,0.681
2719,900.5,424.5,0.985
2725,916.5,270.5,0.996
2726,920.5,260.5,0.995
2727,922.5,252.5,0.995
2728,924.5,246.5,0.995
2729,924.5,246.5,0.996
2730,924.5,254.5,0.996
2731,924.5,260.5,0.995
2732,924.5,274.5,0.996
2733,920.5,286.5,0.996
2734,916.5,304.5,0.926
2735,916.5,328.5,0.995
2736,916.5,352.5,0.998
2737,912.5,374.5,0.985
2740,830.5,422.5,0.994
2741,778.5,418.5,0.989
2742,734.5,418.5,0.994
2743,698.5,376.5,0.99
2744,668.5,346.5,0.996
2745,638.5,316.5,0.998
2746,608.5,292.5,0.988
2747,588.5,278.5,0.997
2748,562.5,266.5,0.997
2749,542.5,258.5,0.997
2750,522.5,252.5,0.997
2751,506.5,250.5,0.998
2752,488.5,252.5,0.996
2753,468.5,254.5,0.996
2754,454.5,260.5,0.996
2755,438.5,268.5,0.997
2756,426.5,252.5,0.997
2757,416.5,238.5,0.997
2758,404.5,224.5,0.998
2759,394.5,214.5,0.996
2760,384.5,204.5,0.995
2762,412.5,186.5,0.995
2763,448.5,176.5,0.999
2764,478.5,170.5,0.997
2765,510.5,166.5,0.996
2766,542.5,164.5,0.99
2767,576.5,164.5,0.994
2768,620.5,168.5,0.994
2769,650.5,172.5,0.996
2770,686.5,180.5,0.997
2771,722.5,194.5,0.998
2772,762.5,210.5,0.996
2773,794.5,224.5,0.996
2774,834.5,246.5,0.998
2775,872.5,270.5,0.997
2776,906.5,290.5,0.993
2777,944.5,324.5,0.998
2778,982.5,360.5,0.996
2779,1002.5,378.5,0.997
2781,298.5,176.5,0.857
2783,284.5,186.5,0.99
2784,1176.5,600.5,0.887
2785,1234.5,348.5,0.991
2786,1228.5,694.5,0.991
2787,1256.5,692.5,0.972
2799,1272.5,632.5,0.957
2800,1248.5,634.5,0.988
2801,1228.5,644.5,0.995
2802,1206.5,650.5,0.993
2803,1182.5,660.5,0.976
2804,1188.5,658.5,0.98
2805,1172.5,668.5,0.994
2815,1134.5,646.5,0.991
2816,1134.5,640.5,0.991
2817,1134.5,636.5,0.996
2818,1130.5,632.5,0.997
2819,1124.5,634.5,0.998
2820,1120.5,636.5,0.997
2821,1116.5,636.5,0.993
2822,1112.5,632.5,0.996
2823,1110.5,632.5,0.994
2857,1234.5,348.5,0.993
2858,1232.5,350.5,0.971
2872,262.5,176.5,0.945
2874,252.5,186.5,0.756
2876,258.5,206.5,0.994
2883,710.5,328.5,0.675
2889,914.5,348.5,0.625
2891,826.5,320.5,0.997
2892,814.5,298.5,0.996
2893,772.5,240.5,0.99
2894,752.5,210.5,0.997
2895,728.5,176.5,0.989
2896,706.5,150.5,0.997
2897,682.5,128.5,0.995
2898,660.5,110.5,0.992
2899,642.5,98.5,0.997
2900,620.5,88.5,0.994
2901,596.5,82.5,0.994
2902,580.5,82.5,0.997
2903,562.5,84.5,0.995
2904,544.5,90.5,0.997
2905,532.5,98.5,0.997
2906,516.5,108.5,0.996
2907,502.5,122.5,0.995
2908,490.5,138.5,0.995
2909,480.5,154.5,0.997
2910,468.5,174.5,0.999
2911,458.5,196.5,0.998
2912,450.5,218.5,0.997
2913,440.5,242.5,0.998
2914,434.5,266.5,0.998
2915,426.5,286.5,0.999
2916,418.5,262.5,0.992
2917,408.5,236.5,0.996
2918,400.5,212.5,0.995
2919,392.5,188.5,0.995
2920,384.5,170.5,0.995
2921,378.5,154.5,0.997
2922,372.5,140.5,0.997
2923,364.5,132.5,0.994
2924,358.5,124.5,0.997
2925,352.5,120.5,0.992
2926,346.5,116.5,0.994
2927,342.5,118.5,0.991
2928,338.5,122.5,0.993
2929,334.5,128.5,0.996
2930,330.5,134.5,0.997
2931,328.5,144.5,0.996
2932,326.5,156.5,0.996
2933,322.5,168.5,0.996
2934,324.5,184.5,0.873
2936,320.5,172.5,0.99
2937,318.5,154.5,0.995
2938,320.5,136.5,0.995
2939,318.5,126.5,0.994
2940,320.5,114.5,0.992
2941,322.5,106.5,0.989
2942,322.5,100.5,0.993
2943,322.5,96.5,0.988
2945,700.5,262.5,0.771
2946,330.5,100.5,0.994
2947,332.5,108.5,0.991
2948,334.5,114.5,0.994
2949,338.5,124.5,0.993
2950,340.5,134.5,0.997
2951,344.5,148.5,0.996
2952,346.5,158.5,0.998
2953,344.5,144.5,0.995
2954,344.5,132.5,0.994
2955,340.5,120.5,0.995
2956,340.5,114.5,0.986
2957,338.5,110.5,0.989
2958,338.5,106.5,0.972
2961,374.5,202.5,0.942
2962,336.5,116.5,0.994
2963,338.5,124.5,0.991
2964,338.5,134.5,0.996
2965,340.5,146.5,0.994
2966,340.5,162.5,0.997
2969,342.5,158.5,0.997
2970,342.5,138.5,0.997
2971,344.5,124.5,0.997
2972,346.5,114.5,0.941
2973,346.5,114.5,0.983
2974,350.5,90.5,0.994
2977,356.5,88.5,0.993
2978,358.5,92.5,0.994
2979,360.5,96.5,0.996
2980,364.5,102.5,0.997
2981,366.5,112.5,0.997
2982,370.5,120.5,0.996
2983,374.5,136.5,0.998
2984,378.5,152.5,0.997
2985,380.5,166.5,0.994
2986,382.5,166.5,0.986
2987,380.5,150.5,0.996
2988,380.5,134.5,0.997
2989,380.5,120.5,0.998
2990,378.5,108.5,0.997
2991,376.5,98.5,0.997
2992,376.5,92.5,0.997
2993,376.5,88.5,0.993
2994,376.5,88.5,0.993
2995,376.5,88.5,0.99
2996,378.5,90.5,0.995
2997,378.5,96.5,0.997
2998,378.5,104.5,0.997
2999,378.5,112.5,0.996
3000,382.5,124.5,0.996
3001,384.5,136.5,0.998
3002,386.5,152.5,0.999
3003,388.5,170.5,0.997
3004,390.5,182.5,0.514
3005,390.5,156.5,0.995
3006,388.5,134.5,0.989
3007,388.5,114.5,0.995
3008,390.5,98.5,0.995
3009,388.5,84.5,0.995
3010,388.5,72.5,0.995
3011,390.5,64.5,0.993
3012,390.5,56.5,0.992
3013,392.5,52.5,0.983
3014,392.5,52.5,0.975
3015,394.5,50.5,0.99
3016,398.5,54.5,0.988
3017,400.5,60.5,0.989
3018,400.5,68.5,0.992
3019,404.5,76.5,0.997
3020,406.5,90.5,0.997
3021,408.5,102.5,0.996
3022,412.5,116.5,0.994
3023,412.5,132.5,0.994
3026,410.5,126.5,0.991
3027,404.5,120.5,0.808
3028,400.5,122.5,0.988
3029,394.5,116.5,0.99
3030,386.5,126.5,0.987
3031,384.5,134.5,0.851
3032,378.5,142.5,0.99
3033,374.5,154.5,0.995
3034,372.5,166.5,0.991
3035,368.5,180.5,0.993
3036,366.5,192.5,0.993
3037,360.5,202.5,0.995
3038,358.5,210.5,0.982
3058,506.5,546.5,0.913
3059,514.5,536.5,0.986
3069,692.5,208.5,0.647
3084,494.5,258.5,0.987
3085,978.5,536.5,0.985
3090,906.5,332.5,0.63
3094,870.5,338.5,0.764
3095,884.5,334.5,0.982
3097,874.5,334.5,0.942
3098,288.5,194.5,0.827
3100,260.5,212.5,0.949
3101,906.5,318.5,0.986
3103,332.5,242.5,0.528
3104,330.5,242.5,0.986
3109,314.5,244.5,0.996
3110,314.5,244.5,0.995
3111,310.5,244.5,0.996
3112,308.5,244.5,0.996
3113,308.5,246.5,0.992
3114,306.5,246.5,0.996
3115,306.5,246.5,0.992
3116,304.5,248.5,0.993
3117,212.5,180.5,0.808
3118,302.5,248.5,0.995
3119,288.5,260.5,0.878
3123,306.5,254.5,0.99
3124,302.5,256.5,0.992
3127,280.5,258.5,0.85
3129,298.5,262.5,0.989
3130,298.5,264.5,0.959
3131,296.5,264.5,0.99
3132,292.5,264.5,0.997
3133,290.5,262.5,0.993
3134,286.5,262.5,0.995
3135,286.5,262.5,0.994
3136,284.5,262.5,0.995
3137,282.5,262.5,0.995
3138,282.5,262.5,0.988
3139,280.5,264.5,0.992
3140,280.5,264.5,0.992
3141,280.5,264.5,0.993
3142,280.5,264.5,0.997
3143,282.5,264.5,0.994
3144,282.5,264.5,0.992
3145,280.5,264.5,0.993
3146,280.5,264.5,0.991
3147,280.5,266.5,0.995
3148,280.5,268.5,0.993
3149,278.5,268.5,0.996
3150,278.5,268.5,0.995
3151,276.5,268.5,0.996
3152,276.5,268.5,0.992
3153,276.5,268.5,0.996
3154,276.5,266.5,0.992
3155,276.5,266.5,0.995
3156,276.5,264.5,0.995
3157,276.5,264.5,0.997
3158,278.5,264.5,0.998
3159,278.5,266.5,0.997
3160,278.5,268.5,0.997
3161,278.5,270.5,0.997
3162,282.5,272.5,0.987
3163,282.5,272.5,0.998
3164,280.5,270.5,0.996
3165,280.5,264.5,0.993
3166,276.5,258.5,0.989
3167,274.5,242.5,0.983
3168,264.5,224.5,0.991
3171,250.5,172.5,0.995
3172,248.5,160.5,0.994
3173,244.5,152.5,0.996
3174,242.5,146.5,0.994
3175,240.5,142.5,0.994
3176,240.5,142.5,0.989
3177,238.5,144.5,0.995
3178,238.5,148.5,0.996
3179,238.5,152.5,0.996
3180,236.5,162.5,0.996
3181,238.5,172.5,0.998
3182,238.5,184.5,0.998
3183,238.5,198.5,0.994
3184,242.5,216.5,0.999
3185,258.5,232.5,0.997
3188,368.5,276.5,0.959
3189,394.5,264.5,0.994
3190,422.5,254.5,0.993
3191,446.5,246.5,0.996
3192,480.5,244.5,0.995
3193,510.5,242.5,0.996
3194,538.5,244.5,0.997
3195,574.5,248.5,0.996
3196,600.5,256.5,0.992
3197,630.5,268.5,0.997
3198,656.5,278.5,0.968
3199,690.5,292.5,0.998
3200,714.5,308.5,0.997
3201,742.5,332.5,0.994
3202,766.5,354.5,0.997
3203,802.5,356.5,0.998
3204,834.5,342.5,0.999
3205,874.5,338.5,0.999
3206,906.5,336.5,0.999
3207,940.5,332.5,0.998
3208,976.5,336.5,0.997
3209,1008.5,340.5,0.992
3210,1042.5,350.5,0.993
3211,1074.5,360.5,0.993
3212,1098.5,372.5,0.975
3213,1122.5,384.5,0.729
3216,1122.5,372.5,0.996
3217,1080.5,334.5,0.995
3218,1028.5,290.5,0.997
3219,978.5,254.5,0.995
3220,932.5,226.5,0.997
3221,890.5,202.5,0.996
3222,850.5,184.5,0.997
3223,802.5,168.5,0.991
3224,778.5,164.5,0.996
3225,742.5,158.5,0.994
3226,706.5,154.5,0.995
3227,678.5,154.5,0.994
3228,646.5,158.5,0.996
3229,622.5,164.5,0.997
3230,598.5,172.5,0.993
3231,572.5,182.5,0.995
3232,552.5,194.5,0.997
3233,534.5,206.5,0.994
3234,516.5,216.5,0.991
3235,500.5,234.5,0.995
3237,482.5,242.5,0.996
3238,466.5,224.5,0.998
3239,452.5,198.5,0.997
3240,442.5,182.5,0.995
3241,428.5,168.5,0.997
3242,418.5,158.5,0.996
3243,406.5,148.5,0.992
3244,396.5,144.5,0.996
3245,388.5,140.5,0.997
3246,372.5,140.5,0.994
3247,398.5,148.5,0.904
3248,434.5,156.5,0.99
3249,472.5,168.5,0.994
3250,508.5,184.5,0.997
3251,546.5,204.5,0.995
3252,586.5,228.5,0.998
3253,622.5,250.5,0.995
3254,650.5,268.5,0.998
3255,698.5,304.5,0.991
3256,748.5,350.5,0.997
3257,782.5,352.5,0.999
3258,828.5,342.5,0.998
3259,868.5,344.5,0.996
3260,906.5,344.5,0.997
3261,970.5,354.5,0.987
3262,1002.5,362.5,0.993
3263,1052.5,376.5,0.995
3264,1098.5,394.5,0.995
3265,1110.5,388.5,0.986
3266,1062.5,350.5,0.928
3267,1006.5,308.5,0.984
3268,944.5,270.5,0.997
3269,896.5,242.5,0.997
3270,846.5,218.5,0.99
3271,796.5,200.5,0.996
3272,766.5,192.5,0.995
3273,726.5,182.5,0.993
3274,686.5,178.5,0.995
3275,662.5,180.5,0.967
3276,626.5,180.5,0.992
3277,598.5,186.5,0.993
3278,572.5,194.5,0.994
3279,550.5,202.5,0.992
3280,530.5,212.5,0.993
3281,510.5,226.5,0.998
3282,492.5,240.5,0.996
3283,476.5,250.5,0.995
3284,460.5,268.5,0.997
3285,446.5,246.5,0.997
3286,434.5,226.5,0.997
3287,420.5,204.5,0.998
3288,410.5,188.5,0.997
3289,396.5,172.5,0.996
3290,388.5,162.5,0.998
3291,380.5,154.5,0.997
3292,370.5,148.5,0.995
3293,360.5,146.5,0.997
3294,352.5,146.5,0.994
3296,376.5,160.5,0.924
3297,412.5,166.5,0.995
3298,448.5,180.5,0.998
3299,486.5,196.5,0.994
3300,524.5,216.5,0.996
3301,562.5,238.5,0.998
3302,590.5,254.5,0.992
3303,632.5,276.5,0.994
3304,680.5,312.5,0.986
3305,718.5,332.5,0.996
3306,764.5,322.5,0.997
3307,804.5,316.5,0.995
3308,844.5,312.5,0.997
3309,882.5,312.5,0.999
3310,928.5,314.5,0.991
3311,970.5,322.5,0.998
3312,1010.5,330.5,0.997
3313,1054.5,340.5,0.996
3314,1094.5,356.5,0.996
3315,1134.5,374.5,0.998
3316,1166.5,390.5,0.997
3317,1170.5,398.5,0.904
3318,1170.5,406.5,0.978
3319,1168.5,420.5,0.994
3320,1166.5,434.5,0.997
3321,1164.5,448.5,0.997
3322,1162.5,464.5,0.998
3323,1158.5,480.5,0.994
3326,288.5,184.5,0.951
3327,1158.5,482.5,0.997
3328,1162.5,462.5,0.998
3329,1164.5,448.5,0.997
3330,1166.5,434.5,0.995
3331,1168.5,420.5,0.988
3332,1168.5,410.5,0.996
3333,496.5,260.5,0.99
3334,1168.5,400.5,0.998
3335,1166.5,400.5,0.989
3336,1164.5,398.5,0.989
3337,1160.5,400.5,0.993
3338,1156.5,404.5,0.996
3339,1154.5,412.5,0.996
3340,1150.5,418.5,0.996
3341,1148.5,428.5,0.995
3342,1142.5,434.5,0.996
3343,1146.5,418.5,0.997
3344,1148.5,406.5,0.997
3345,1148.5,398.5,0.994
3346,1150.5,390.5,0.995
3347,1150.5,388.5,0.995
3348,1150.5,388.5,0.984
3349,1148.5,388.5,0.622
3350,1148.5,388.5,0.993
3351,1146.5,390.5,0.996
3352,1146.5,386.5,0.995
3353,1148.5,380.5,0.995
3354,1150.5,376.5,0.993
3355,1150.5,374.5,0.986
3356,1150.5,374.5,0.917
3357,1148.5,372.5,0.994
3358,1148.5,368.5,0.861
3359,1150.5,368.5,0.954
3360,1150.5,368.5,0.716
3361,1150.5,358.5,0.99
3362,1150.5,358.5,0.99
3363,1152.5,356.5,0.99
3365,396.5,234.5,0.655
3366,398.5,232.5,0.783
3407,392.5,234.5,0.968
3411,390.5,260.5,0.92
3426,490.5,264.5,0.546
3428,394.5,204.5,0.986
3429,392.5,190.5,0.558
3430,392.5,186.5,0.996
3431,388.5,174.5,0.997
3432,388.5,162.5,0.997
3433,382.5,152.5,0.998
3434,378.5,140.5,0.996
3435,372.5,124.5,0.995
3436,366.5,110.5,0.978
3437,360.5,96.5,0.982
3472,284.5,186.5,0.968
3509,1164.5,200.5,0.975
3511,1100.5,132.5,0.99
3516,964.5,50.5,0.508
3517,944.5,44.5,0.992
3518,918.5,36.5,0.992
3519,884.5,36.5,0.988
3520,864.5,40.5,0.986
3521,838.5,46.5,0.973
3522,810.5,52.5,0.996
3523,786.5,64.5,0.992
3524,762.5,78.5,0.996
3525,740.5,92.5,0.995
3526,714.5,112.5,0.998
3527,694.5,130.5,0.997
3528,676.5,148.5,0.996
3529,654.5,170.5,0.993
3530,636.5,196.5,0.998
3531,618.5,224.5,0.994
3532,604.5,244.5,0.994
3533,586.5,264.5,0.997
3534,576.5,242.5,0.996
3535,564.5,222.5,0.996
3536,550.5,196.5,0.996
3537,536.5,178.5,0.997
3538,524.5,160.5,0.997
3539,510.5,148.5,0.995
3540,498.5,138.5,0.997
3541,488.5,130.5,0.997
3542,476.5,124.5,0.997
3543,462.5,120.5,0.998
3544,452.5,122.5,0.999
3545,442.5,124.5,0.997
3546,434.5,128.5,0.998
3547,420.5,134.5,0.993
3548,412.5,144.5,0.998
3549,404.5,154.5,0.997
3550,394.5,170.5,0.996
3551,388.5,186.5,0.996
3552,378.5,190.5,0.998
3553,372.5,184.5,0.998
3554,366.5,180.5,0.997
3555,360.5,180.5,0.995
3556,354.5,182.5,0.998
3557,348.5,188.5,0.94
3558,340.5,196.5,0.988
3559,336.5,204.5,0.88
3560,330.5,216.5,0.994
3561,328.5,230.5,0.991
3562,324.5,246.5,0.991
3563,322.5,266.5,0.994
3565,312.5,278.5,0.99
3566,304.5,266.5,0.991
3567,296.5,254.5,0.998
3568,290.5,244.5,0.998
3569,284.5,240.5,0.997
3570,278.5,236.5,0.994
3571,270.5,234.5,0.992
3572,266.5,234.5,0.995
3573,260.5,240.5,0.996
3574,256.5,244.5,0.996
3575,252.5,252.5,0.994
3576,248.5,260.5,0.992
3577,246.5,242.5,0.995
3578,246.5,216.5,0.994
3579,246.5,192.5,0.995
3580,248.5,170.5,0.994
3581,250.5,154.5,0.989
3582,252.5,138.5,0.995
3583,254.5,128.5,0.993
3584,254.5,118.5,0.992
3585,258.5,112.5,0.943
3587,268.5,110.5,0.903
3588,270.5,114.5,0.995
3589,276.5,120.5,0.997
3590,280.5,128.5,0.997
3591,284.5,136.5,0.998
3592,290.5,150.5,0.996
3593,296.5,164.5,0.994
3594,298.5,174.5,0.995
3595,296.5,168.5,0.995
3596,296.5,166.5,0.67
3599,998.5,634.5,0.5
3601,296.5,202.5,0.997
3602,294.5,212.5,0.995
3603,292.5,226.5,0.944
3610,292.5,248.5,0.988
3611,290.5,246.5,0.996
3612,286.5,246.5,0.996
3613,284.5,248.5,0.996
3614,284.5,248.5,0.995
3615,282.5,250.5,0.996
3616,278.5,252.5,0.994
3617,278.5,252.5,0.996
3618,276.5,252.5,0.996
3619,276.5,252.5,0.998
3620,276.5,252.5,0.996
3621,278.5,256.5,0.998
3622,280.5,260.5,0.996
3623,280.5,262.5,0.995
3624,282.5,264.5,0.995
3625,284.5,268.5,0.997
3626,284.5,270.5,0.995
3627,284.5,268.5,0.997
3628,284.5,264.5,0.991
3629,280.5,252.5,0.983
3630,210.5,180.5,0.991
3631,208.5,196.5,0.786
3632,266.5,208.5,0.999
3633,262.5,196.5,0.993
3634,260.5,190.5,0.998
3635,256.5,182.5,0.997
3636,256.5,180.5,0.997
3637,254.5,180.5,0.998
3638,252.5,182.5,0.998
3639,252.5,184.5,0.998
3640,250.5,192.5,0.999
3641,254.5,204.5,0.993
3642,280.5,218.5,0.996
3643,312.5,240.5,0.992
3644,320.5,222.5,0.869
3645,384.5,296.5,0.995
3646,410.5,288.5,0.997
3647,434.5,274.5,0.995
3648,464.5,262.5,0.997
3649,488.5,258.5,0.996
3650,516.5,252.5,0.997
3651,544.5,252.5,0.998
3652,572.5,254.5,0.997
3653,596.5,258.5,0.995
3654,632.5,268.5,0.997
3655,1234.5,346.5,0.992
3656,686.5,288.5,0.991
3657,716.5,304.5,0.996
3658,740.5,322.5,0.998
3659,768.5,346.5,0.998
3660,794.5,368.5,0.998
3661,820.5,396.5,0.993
3662,852.5,382.5,0.997
3663,894.5,370.5,0.996
3664,926.5,360.5,0.993
3665,958.5,358.5,0.997
3666,992.5,360.5,0.994
3667,1012.5,358.5,0.982
3668,962.5,320.5,0.996
3669,920.5,290.5,0.995
3670,866.5,258.5,0.998
3671,828.5,242.5,0.999
3672,784.5,224.5,0.997
3673,744.5,212.5,0.994
3674,750.5,214.5,0.995
3675,706.5,204.5,0.995
3676,672.5,198.5,0.994
3677,638.5,196.5,0.996
3678,604.5,196.5,0.995
3679,572.5,202.5,0.993
3680,542.5,208.5,0.996
3681,514.5,214.5,0.988
3682,490.5,226.5,0.995
3683,466.5,238.5,0.997
3684,444.5,250.5,0.996
3685,424.5,266.5,0.998
3686,402.5,284.5,0.999
3687,384.5,302.5,0.994
3688,364.5,284.5,0.992
3689,348.5,264.5,0.992
3690,332.5,246.5,0.995
3691,318.5,230.5,0.993
3692,302.5,216.5,0.996
3693,290.5,206.5,0.995
3694,278.5,202.5,0.992
3695,266.5,196.5,0.994
3696,254.5,194.5,0.993
3697,244.5,194.5,0.995
3698,234.5,196.5,0.996
3699,220.5,202.5,0.999
3700,218.5,210.5,0.992
3701,274.5,204.5,0.995
3702,330.5,210.5,0.563
3703,392.5,210.5,0.991
3704,448.5,216.5,0.991
3705,510.5,228.5,0.994
3706,562.5,240.5,0.998
3707,616.5,258.5,0.993
3708,698.5,288.5,0.988
3710,802.5,336.5,0.991
3711,852.5,356.5,0.994
3712,886.5,354.5,0.985
3713,956.5,332.5,0.997
3714,1006.5,324.5,0.994
3715,1058.5,316.5,0.985
3716,1112.5,308.5,0.991
3717,1126.5,292.5,0.991
3718,1190.5,712.5,0.994
3719,1048.5,242.5,0.985
3720,1194.5,708.5,0.991
3723,844.5,150.5,0.986
3724,812.5,146.5,0.996
3725,780.5,142.5,0.997
3726,740.5,140.5,0.994
3727,706.5,140.5,0.993
3728,678.5,142.5,0.996
3729,642.5,148.5,0.994
3730,612.5,156.5,0.994
3731,586.5,166.5,0.995
3732,564.5,178.5,0.993
3733,540.5,190.5,0.997
3734,514.5,204.5,0.997
3735,492.5,222.5,0.997
3736,476.5,236.5,0.997
3737,458.5,254.5,0.995
3738,436.5,254.5,0.996
3739,424.5,232.5,0.997
3740,408.5,210.5,0.982
3742,386.5,180.5,0.99
3743,370.5,164.5,0.997
3744,368.5,156.5,0.802
3745,348.5,148.5,0.995
3746,340.5,146.5,0.996
3747,330.5,144.5,0.998
3748,322.5,140.5,0.997
3749,310.5,146.5,0.997
3750,300.5,160.5,0.829
3751,302.5,152.5,0.807
3754,396.5,158.5,0.984
3755,422.5,164.5,0.988
3756,454.5,174.5,0.995
3757,488.5,184.5,0.993
3758,522.5,204.5,0.993
3759,558.5,224.5,0.996
3760,588.5,246.5,0.997
3761,622.5,270.5,0.997
3762,652.5,296.5,0.942
3763,688.5,334.5,0.995
3764,718.5,360.5,0.994
3765,752.5,356.5,0.998
3766,794.5,340.5,0.996
3767,830.5,340.5,0.999
3768,866.5,338.5,0.999
3769,904.5,340.5,0.998
3770,956.5,352.5,0.979
3771,990.5,356.5,0.997
3772,1034.5,370.5,0.989
3773,1010.5,340.5,0.548
3774,956.5,294.5,0.993
3775,906.5,260.5,0.998
3776,856.5,226.5,0.994
3777,802.5,192.5,0.995
3778,758.5,172.5,0.997
3779,718.5,152.5,0.996
3780,678.5,138.5,0.997
3781,640.5,126.5,0.997
3782,606.5,118.5,0.997
3783,572.5,114.5,0.998
3784,542.5,114.5,0.997
3785,510.5,116.5,0.994
3786,484.5,120.5,0.989
3787,460.5,128.5,0.995
3788,442.5,136.5,0.991
3789,420.5,146.5,0.995
3790,404.5,158.5,0.994
3791,386.5,172.5,0.991
3792,372.5,188.5,0.994
3793,358.5,204.5,0.995
3794,344.5,222.5,0.997
3795,332.5,240.5,0.997
3796,324.5,260.5,0.992
3797,306.5,242.5,0.958
3798,302.5,224.5,0.994
3799,288.5,200.5,0.997
3800,280.5,184.5,0.993
3801,270.5,166.5,0.996
3802,262.5,154.5,0.995
3803,254.5,144.5,0.997
3804,248.5,138.5,0.995
3805,242.5,132.5,0.995
3806,236.5,130.5,0.996
3807,230.5,130.5,0.996
3808,226.5,130.5,0.985
3809,238.5,132.5,0.963
3812,352.5,160.5,0.989
3813,384.5,178.5,0.996
3814,426.5,196.5,0.998
3815,462.5,216.5,0.996
3816,502.5,244.5,0.996
3817,538.5,262.5,0.992
3818,576.5,296.5,0.985
3819,604.5,286.5,0.794
3820,596.5,268.5,0.996
3821,590.5,260.5,0.994
3822,584.5,250.5,0.997
3823,578.5,244.5,0.997
3824,572.5,244.5,0.995
3825,566.5,242.5,0.992
3826,562.5,244.5,0.996
3827,292.5,82.5,0.994
3828,550.5,252.5,0.999
3829,546.5,260.5,0.999
3830,540.5,268.5,0.995
3831,538.5,272.5,0.993
3832,536.5,260.5,0.997
3833,534.5,250.5,0.998
3834,530.5,242.5,0.996
3835,530.5,236.5,0.992
3836,528.5,232.5,0.994
3837,524.5,232.5,0.982
3838,524.5,232.5,0.977
3839,522.5,236.5,0.994
3840,522.5,242.5,0.998
3841,520.5,248.5,0.998
3842,520.5,256.5,0.999
3843,518.5,260.5,0.998
3844,520.5,250.5,0.998
3845,520.5,244.5,0.997
3846,522.5,238.5,0.996
3847,524.5,234.5,0.993
3848,526.5,232.5,0.989
3849,528.5,236.5,0.986
3850,530.5,238.5,0.99
3851,530.5,242.5,0.996
3852,532.5,248.5,0.998
3853,532.5,258.5,0.998
3854,538.5,258.5,0.998
3855,540.5,252.5,0.997
3856,544.5,246.5,0.996
3857,548.5,244.5,0.995
3858,1234.5,348.5,0.995
3859,556.5,244.5,0.995
3860,560.5,246.5,0.996
3861,566.5,252.5,0.998
3862,570.5,258.5,0.998
3863,572.5,266.5,0.998
3864,576.5,262.5,0.996
3865,580.5,258.5,0.997
3866,586.5,254.5,0.995
3867,590.5,252.5,0.993
3868,596.5,252.5,0.993
3869,600.5,256.5,0.995
3870,604.5,260.5,0.995
3872,616.5,276.5,0.993
3873,618.5,274.5,0.996
3876,630.5,264.5,0.905
3877,632.5,264.5,0.855
3878,636.5,264.5,0.993
3879,634.5,266.5,0.991
3880,632.5,272.5,0.996
3881,630.5,276.5,0.996
3882,632.5,274.5,0.977
3883,628.5,270.5,0.988
3888,628.5,274.5,0.985
3889,628.5,272.5,0.994
3891,628.5,268.5,0.975
3897,628.5,268.5,0.992
3904,92.5,476.5,0.902
3906,616.5,274.5,0.734
3909,872.5,340.5,0.503
3910,552.5,240.5,0.988
3911,542.5,230.5,0.982
3912,534.5,220.5,0.994
3913,532.5,208.5,0.997
3914,532.5,198.5,0.993
3915,532.5,190.5,0.996
3916,532.5,184.5,0.99
3921,530.5,186.5,0.871
3923,530.5,194.5,0.994
3944,752.5,298.5,0.563
3951,314.5,250.5,0.569
3953,450.5,194.5,0.553
3954,446.5,192.5,0.989
3955,436.5,196.5,0.964
3957,428.5,200.5,0.989
3958,418.5,204.5,0.785
3959,416.5,206.5,0.986
3960,412.5,204.5,0.981
3962,400.5,206.5,0.986
3963,396.5,200.5,0.992
3964,386.5,196.5,0.993
3966,72.5,476.5,0.92
3967,362.5,164.5,0.987
3968,358.5,156.5,0.993
3969,352.5,148.5,0.998
3970,346.5,146.5,1.0
3971,340.5,144.5,0.999
3972,336.5,144.5,0.998
3973,330.5,148.5,0.998
3974,324.5,154.5,0.997
3975,322.5,158.5,0.998
3976,318.5,166.5,0.996
3977,314.5,178.5,0.998
3978,320.5,194.5,0.993
3981,396.5,260.5,0.99
3982,412.5,250.5,0.987
3983,430.5,244.5,0.994
3984,450.5,238.5,0.989
3985,466.5,232.5,0.996
3986,486.5,228.5,0.987
3987,510.5,228.5,0.994
3988,532.5,230.5,0.991
3989,550.5,236.5,0.989
3990,574.5,244.5,0.996
3991,592.5,252.5,0.995
3992,618.5,266.5,0.996
3993,634.5,276.5,0.997
3994,658.5,298.5,0.995
3995,676.5,318.5,0.997
3996,704.5,326.5,0.997
3997,726.5,316.5,0.996
3998,750.5,308.5,0.998
3999,770.5,306.5,0.996
4000,806.5,310.5,0.996
4001,828.5,310.5,0.997
4002,850.5,316.5,0.993
4003,874.5,322.5,0.996
4004,896.5,336.5,0.978
4007,968.5,390.5,0.612
4008,1002.5,416.5,0.936
4010,1012.5,370.5,0.999
4011,1018.5,352.5,0.999
4012,1022.5,332.5,0.997
4014,1032.5,300.5,0.994
4015,1036.5,290.5,0.998
4016,1042.5,284.5,0.993
4017,1044.5,280.5,0.987
4018,1048.5,280.5,0.995
4019,1048.5,284.5,0.996
4020,1048.5,290.5,0.997
4021,1048.5,300.5,0.998
4022,1046.5,314.5,0.998
4023,1046.5,330.5,0.999
4024,1044.5,348.5,0.999
4025,1040.5,368.5,0.931
4026,1046.5,362.5,0.997
4027,1048.5,350.5,0.992
4028,1054.5,336.5,0.998
4029,1058.5,328.5,0.974
4030,1064.5,324.5,0.943
4032,1072.5,326.5,0.867
4033,1070.5,328.5,0.996
4034,1070.5,336.5,0.999
4035,1070.5,344.5,0.999
4043,288.5,222.5,0.775
4044,284.5,220.5,0.607
4045,274.5,218.5,0.923
4049,1240.5,150.5,0.525
4051,118.5,234.5,0.942
4052,122.5,238.5,0.687
4064,1078.5,186.5,0.577
4066,170.5,228.5,0.616
4067,1076.5,186.5,0.987
4068,1076.5,186.5,0.916
4070,1076.5,186.5,0.974
4071,1076.5,186.5,0.964
4072,1076.5,186.5,0.972
4073,1076.5,186.5,0.934
4074,1078.5,186.5,0.748
4075,1076.5,186.5,0.993
4076,1076.5,186.5,0.988
4077,1076.5,186.5,0.988
4078,1076.5,186.5,0.991
4079,1078.5,188.5,0.76
4102,1090.5,330.5,0.991
4103,1088.5,336.5,0.647
4108,948.5,318.5,0.985
4111,938.5,324.5,0.994
4115,892.5,344.5,0.938
4116,874.5,340.5,0.997
4117,842.5,326.5,0.997
4118,818.5,312.5,0.998
4119,796.5,302.5,0.99
4120,772.5,294.5,0.99
4121,750.5,292.5,0.995
4122,724.5,292.5,0.996
4123,702.5,292.5,0.997
4124,684.5,296.5,0.998
4125,662.5,302.5,0.995
4126,642.5,310.5,0.998
4127,622.5,298.5,0.992
4128,602.5,290.5,0.993
4129,592.5,280.5,0.996
4130,590.5,278.5,0.995
4131,592.5,276.5,0.998
4132,596.5,276.5,0.997
4133,598.5,282.5,0.997
4134,600.5,288.5,0.997
4135,602.5,292.5,0.997
4136,928.5,398.5,0.996
4137,610.5,320.5,0.995
4138,610.5,322.5,0.996
4139,606.5,312.5,0.996
4140,606.5,308.5,0.997
4141,602.5,304.5,0.997
4142,602.5,304.5,0.998
4143,602.5,308.5,0.997
4144,600.5,312.5,0.997
4145,598.5,322.5,0.996
4146,598.5,332.5,0.996
4147,596.5,344.5,0.997
4148,592.5,338.5,0.996
4149,588.5,332.5,0.996
4150,584.5,328.5,0.998
4151,580.5,326.5,0.998
4152,574.5,326.5,0.997
4153,570.5,332.5,0.997
4154,566.5,338.5,0.996
4155,562.5,348.5,0.996
4156,556.5,354.5,0.993
4157,554.5,348.5,0.997
4158,550.5,344.5,0.996
4159,548.5,340.5,0.996
4160,542.5,340.5,0.997
4161,538.5,344.5,0.997
4162,534.5,350.5,0.997
4163,530.5,358.5,0.993
4164,524.5,364.5,0.989
4165,524.5,356.5,0.996
4166,520.5,354.5,0.997
4167,518.5,352.5,0.995
4168,512.5,352.5,0.996
4169,508.5,356.5,0.998
4170,504.5,364.5,0.997
4171,504.5,376.5,0.995
4172,496.5,380.5,0.996
4173,488.5,386.5,0.998
4174,480.5,394.5,0.998
4175,474.5,404.5,0.996
4176,468.5,418.5,0.997
4177,460.5,436.5,0.996
4178,454.5,454.5,0.993
4179,448.5,474.5,0.997
4180,442.5,496.5,0.994
4181,438.5,520.5,0.99
4182,434.5,546.5,0.991
4184,426.5,596.5,0.993
4185,420.5,586.5,0.997
4186,414.5,576.5,0.996
4187,410.5,566.5,0.996
4188,406.5,562.5,0.995
4189,402.5,558.5,0.993
4190,398.5,560.5,0.982
4191,394.5,560.5,0.993
4192,390.5,566.5,0.993
4193,388.5,572.5,0.996
4194,384.5,582.5,0.997
4195,382.5,594.5,0.997
4196,382.5,606.5,0.996
4199,416.5,260.5,0.983
4200,438.5,258.5,0.833
4201,370.5,268.5,0.969
4202,354.5,276.5,0.985
4204,520.5,280.5,0.873
4205,616.5,652.5,0.983
4206,596.5,650.5,0.776
4217,392.5,224.5,0.538
4218,386.5,224.5,0.885
4238,250.5,384.5,0.73
4240,330.5,574.5,0.938
4243,234.5,310.5,0.902
4247,260.5,256.5,0.804
4248,274.5,242.5,0.988
4249,278.5,230.5,0.984
4254,342.5,202.5,0.502
4256,364.5,210.5,0.638
4270,574.5,238.5,0.985
4274,250.5,174.5,0.615
4275,656.5,250.5,0.959
4279,264.5,164.5,0.875
4280,746.5,264.5,0.94
4287,674.5,714.5,0.926
4288,704.5,714.5,0.894
4295,1070.5,462.5,0.99
4297,1090.5,446.5,0.98
4298,1106.5,442.5,0.575
4299,1114.5,440.5,0.932
4310,260.5,208.5,0.914
4312,1030.5,384.5,0.728
4317,350.5,216.5,0.937
4322,518.5,188.5,0.755
4324,362.5,208.5,0.926
4326,360.5,208.5,0.558
4327,360.5,206.5,0.982
4328,358.5,206.5,0.893
4329,356.5,206.5,0.988
4330,352.5,204.5,0.988
4331,350.5,206.5,0.628
4340,1082.5,276.5,0.995
4344,178.5,302.5,0.891
4355,1106.5,272.5,0.638
4356,1072.5,284.5,0.539
4358,918.5,280.5,0.735
4361,850.5,308.5,0.992
4362,798.5,326.5,0.998
4363,768.5,314.5,0.997
4364,738.5,296.5,0.998
4365,712.5,278.5,0.994
4366,686.5,268.5,0.994
4367,652.5,256.5,0.996
4368,626.5,250.5,0.993
4369,608.5,244.5,0.991
4370,582.5,244.5,0.991
4371,560.5,244.5,0.992
4372,542.5,246.5,0.99
4373,522.5,250.5,0.998
4374,504.5,256.5,0.998
4375,486.5,264.5,0.997
4376,474.5,250.5,0.995
4377,458.5,236.5,0.998
4378,448.5,228.5,0.995
4379,438.5,220.5,0.996
4380,872.5,318.5,0.897
4381,446.5,218.5,0.989
4382,470.5,224.5,0.995
4383,492.5,232.5,0.991
4384,510.5,242.5,0.997
4385,534.5,250.5,0.996
4386,554.5,264.5,0.996
4387,572.5,280.5,0.996
4388,594.5,298.5,0.994
4389,618.5,320.5,0.997
4390,642.5,346.5,0.996
4391,668.5,354.5,0.992
4392,694.5,354.5,0.994
4393,714.5,356.5,0.99
4394,734.5,360.5,0.995
4395,762.5,370.5,0.996
4397,752.5,362.5,0.938
4398,724.5,326.5,0.995
4399,698.5,306.5,0.996
4400,672.5,294.5,0.995
4401,640.5,280.5,0.992
4402,618.5,274.5,0.997
4403,592.5,264.5,0.994
4404,574.5,262.5,0.998
4405,556.5,262.5,0.997
4406,538.5,266.5,0.993
4407,520.5,272.5,0.996
4408,506.5,278.5,0.994
4409,492.5,288.5,0.992
4410,478.5,280.5,0.997
4411,470.5,262.5,0.995
4412,458.5,246.5,0.998
4413,450.5,232.5,0.997
4414,440.5,222.5,0.997
4415,432.5,214.5,0.994
4416,426.5,210.5,0.997
4417,418.5,206.5,0.996
4419,454.5,202.5,0.966
4420,478.5,202.5,0.993
4421,506.5,206.5,0.992
4422,532.5,210.5,0.991
4423,562.5,216.5,0.991
4424,592.5,228.5,0.996
4425,620.5,240.5,0.992
4426,642.5,252.5,0.994
4427,680.5,274.5,0.98
4428,696.5,286.5,0.994
4429,730.5,312.5,0.995
4430,756.5,338.5,0.997
4431,780.5,328.5,0.998
4432,804.5,322.5,0.999
4433,834.5,312.5,0.995
4434,862.5,308.5,0.988
4435,878.5,308.5,0.986
4436,910.5,308.5,0.98
4437,890.5,288.5,0.99
4438,852.5,270.5,0.998
4439,798.5,244.5,0.998
4440,754.5,226.5,0.998
4441,710.5,210.5,0.997
4442,670.5,198.5,0.998
4443,624.5,190.5,0.996
4444,586.5,182.5,0.995
4445,542.5,178.5,0.996
4446,510.5,178.5,0.997
4447,478.5,180.5,0.998
4448,446.5,186.5,0.998
4449,416.5,194.5,0.998
4450,386.5,202.5,0.994
4451,368.5,212.5,0.996
4452,336.5,228.5,0.992
4453,318.5,238.5,0.994
4454,294.5,256.5,0.997
4455,278.5,268.5,0.993
4456,1020.5,230.5,0.954
4457,234.5,308.5,0.996
4458,224.5,326.5,0.994
4459,210.5,344.5,0.99
4460,198.5,362.5,0.995
4461,182.5,382.5,0.987
4462,170.5,374.5,0.995
4463,158.5,360.5,0.993
4464,142.5,346.5,0.996
4465,130.5,338.5,0.997
4466,120.5,330.5,0.997
4467,110.5,324.5,0.995
4468,100.5,320.5,0.998
4469,92.5,316.5,0.996
4470,82.5,316.5,0.998
4471,74.5,320.5,0.998
4472,68.5,326.5,0.997
4473,62.5,332.5,0.992
4474,58.5,340.5,0.992
4475,58.5,350.5,0.994
4476,66.5,364.5,0.994
4477,68.5,376.5,0.993
4478,68.5,384.5,0.668
4479,66.5,380.5,0.991
4480,62.5,374.5,0.993
4481,58.5,374.5,0.987
4482,892.5,470.5,0.981
4483,56.5,378.5,0.525
4484,54.5,384.5,0.987
4485,54.5,388.5,0.992
4486,54.5,396.5,0.995
4487,50.5,396.5,0.987
4488,72.5,460.5,0.696
4500,880.5,456.5,0.966
4510,1066.5,438.5,0.964
4513,80.5,384.5,0.708
4532,82.5,368.5,0.99
4534,100.5,348.5,0.99
4535,110.5,336.5,0.988
4536,122.5,328.5,0.988
4537,130.5,316.5,0.99
4538,142.5,306.5,0.994
4539,152.5,292.5,0.569
4542,184.5,266.5,0.913
4547,1032.5,424.5,0.506
4568,328.5,330.5,0.784
4582,1018.5,226.5,0.992
4583,1020.5,228.5,0.987
4584,1020.5,230.5,0.595
4589,1020.5,228.5,0.969
4590,1020.5,228.5,0.935
4591,1020.5,226.5,0.941
4594,1138.5,246.5,0.97
4628,728.5,350.5,0.615
4635,296.5,220.5,0.81
4637,270.5,194.5,0.981
4638,370.5,216.5,0.987
4644,1018.5,228.5,0.991
4645,250.5,190.5,0.984
4646,274.5,202.5,0.966
4647,348.5,232.5,0.932
4649,336.5,240.5,0.62
4651,330.5,244.5,0.534
4652,326.5,244.5,0.988
4653,324.5,248.5,0.985
4655,314.5,252.5,0.99
4656,310.5,256.5,0.985
4657,306.5,256.5,0.705
4658,300.5,258.5,0.979
4659,298.5,260.5,0.995
4660,294.5,260.5,0.993
4661,288.5,260.5,0.994
4662,284.5,262.5,0.994
4663,282.5,266.5,0.992
4664,280.5,268.5,0.995
4665,278.5,270.5,0.993
4666,274.5,270.5,0.997
4667,274.5,272.5,0.997
4668,274.5,274.5,0.993
4669,274.5,274.5,0.991
4670,272.5,278.5,0.997
4671,274.5,276.5,0.997
4672,274.5,272.5,0.996
4673,1018.5,228.5,0.991
4674,1018.5,228.5,0.989
4675,266.5,234.5,0.996
4676,260.5,218.5,0.996
4677,258.5,210.5,0.998
4678,258.5,200.5,0.996
4679,256.5,196.5,0.998
4680,256.5,194.5,0.995
4681,256.5,196.5,0.997
4682,254.5,198.5,0.998
4683,256.5,202.5,0.997
4684,258.5,212.5,0.996
4685,262.5,226.5,0.993
4686,316.5,222.5,0.908
4688,400.5,236.5,0.991
4689,448.5,244.5,0.993
4690,494.5,254.5,0.993
4691,550.5,274.5,0.992
4693,588.5,294.5,0.987
4695,594.5,290.5,0.99
4697,594.5,270.5,0.997
4698,596.5,264.5,0.996
4699,596.5,262.5,0.994
4700,596.5,260.5,0.992
4701,598.5,262.5,0.991
4702,598.5,266.5,0.996
4704,342.5,620.5,0.906
4705,602.5,262.5,0.996
4706,602.5,256.5,0.994
4707,604.5,248.5,0.988
4708,606.5,246.5,0.993
4709,608.5,246.5,0.99
4710,610.5,248.5,0.988
4711,610.5,254.5,0.956
4712,610.5,258.5,0.995
4713,610.5,248.5,0.994
4714,610.5,242.5,0.994
4715,612.5,238.5,0.955
4716,612.5,234.5,0.99
4717,612.5,232.5,0.962
4719,614.5,238.5,0.855
4720,614.5,242.5,0.996
4721,614.5,248.5,0.997
4722,614.5,256.5,0.996
4730,324.5,336.5,0.952
4731,338.5,330.5,0.99
4750,882.5,334.5,0.57
4778,692.5,478.5,0.615
4788,522.5,126.5,0.843
4790,514.5,106.5,0.503
4791,510.5,90.5,0.991
4792,506.5,80.5,0.962
4793,510.5,206.5,0.981
4795,506.5,190.5,0.985
4796,506.5,186.5,0.907
4799,492.5,176.5,0.981
4802,402.5,244.5,0.833
4808,462.5,112.5,0.953
4813,376.5,104.5,0.697
4822,598.5,456.5,0.535
4834,906.5,372.5,0.974
4848,354.5,178.5,0.99
4849,348.5,190.5,0.992
4851,332.5,212.5,0.991
4852,326.5,220.5,0.993
4853,322.5,226.5,0.997
4854,318.5,230.5,0.995
4855,316.5,236.5,0.961
4856,308.5,240.5,0.997
4857,302.5,244.5,0.997
4858,298.5,248.5,0.995
4859,290.5,252.5,0.997
4860,286.5,252.5,0.993
4861,284.5,254.5,0.996
4862,280.5,256.5,0.997
4863,276.5,256.5,0.996
4864,272.5,256.5,0.996
4865,270.5,256.5,0.996
4866,266.5,256.5,0.993
4867,264.5,256.5,0.992
4868,266.5,256.5,0.985
4869,262.5,258.5,0.992
4870,262.5,260.5,0.994
4871,264.5,262.5,0.994
4872,266.5,260.5,0.986
4873,266.5,262.5,0.99
4874,266.5,264.5,0.993
4875,268.5,264.5,0.991
4876,266.5,264.5,0.987
4877,266.5,264.5,0.989
4878,266.5,264.5,0.987
4879,268.5,264.5,0.989
4880,266.5,264.5,0.991
4881,266.5,264.5,0.989
4882,266.5,262.5,0.982
4883,266.5,262.5,0.983
4884,266.5,260.5,0.981
4885,266.5,262.5,0.994
4886,266.5,262.5,0.99
4887,266.5,262.5,0.991
4888,266.5,262.5,0.988
4889,266.5,262.5,0.994
4890,268.5,264.5,0.994
4891,270.5,268.5,0.996
4892,268.5,270.5,0.997
4893,268.5,264.5,0.995
4894,264.5,258.5,0.99
4895,260.5,244.5,0.996
4896,258.5,234.5,0.995
4897,256.5,224.5,0.997
4898,256.5,212.5,0.999
4899,252.5,208.5,0.998
4900,250.5,202.5,0.999
4901,250.5,198.5,0.998
4902,250.5,200.5,0.997
4903,252.5,204.5,0.996
4904,250.5,210.5,0.998
4905,254.5,216.5,0.998
4906,250.5,226.5,0.998
4907,252.5,238.5,0.995
4908,266.5,252.5,0.995
4909,316.5,272.5,0.984
4910,342.5,272.5,0.986
4911,384.5,258.5,0.993
4912,418.5,252.5,0.989
4913,452.5,246.5,0.995
4914,492.5,246.5,0.997
4915,526.5,250.5,0.997
4916,562.5,254.5,0.991
4918,630.5,272.5,0.997
4919,340.5,330.5,0.987
4920,700.5,296.5,0.994
4921,736.5,316.5,0.995
4922,766.5,322.5,0.999
4923,792.5,318.5,0.992
4924,828.5,308.5,0.997
4925,854.5,306.5,0.995
4926,886.5,302.5,0.978
4927,920.5,304.5,0.988
4928,940.5,308.5,0.998
4929,906.5,286.5,0.997
4930,866.5,272.5,0.998
4931,832.5,260.5,0.999
4932,796.5,250.5,0.997
4933,766.5,244.5,0.997
4934,732.5,242.5,0.996
4935,700.5,242.5,0.997
4936,676.5,242.5,0.998
4937,640.5,246.5,0.994
4938,612.5,254.5,0.987
4939,586.5,262.5,0.986
4940,570.5,270.5,0.998
4941,546.5,278.5,0.997
4942,528.5,258.5,0.996
4943,508.5,244.5,0.996
4944,490.5,230.5,0.996
4945,474.5,222.5,0.995
4946,460.5,216.5,0.993
4947,1234.5,348.5,0.992
4948,428.5,212.5,0.996
4950,460.5,206.5,0.998
4951,494.5,206.5,0.998
4952,528.5,208.5,0.996
4953,558.5,212.5,0.995
4954,592.5,220.5,0.996
4955,626.5,228.5,0.996
4956,660.5,240.5,0.996
4957,692.5,256.5,0.997
4958,726.5,274.5,0.998
4959,760.5,292.5,0.996
4960,792.5,316.5,0.866
4961,824.5,338.5,0.998
4962,858.5,368.5,0.998
4963,894.5,368.5,0.996
4964,926.5,356.5,0.994
4966,908.5,324.5,0.99
4967,860.5,298.5,0.981
4968,810.5,274.5,0.996
4969,764.5,258.5,0.998
4970,722.5,244.5,0.998
4971,684.5,234.5,0.997
4972,640.5,226.5,0.997
4973,610.5,224.5,0.997
4974,578.5,222.5,0.997
4975,546.5,224.5,0.996
4976,516.5,226.5,0.989
4977,492.5,230.5,0.992
4978,466.5,238.5,0.994
4979,438.5,246.5,0.997
4980,418.5,258.5,0.995
4981,398.5,264.5,0.994
4982,398.5,264.5,0.995
4983,372.5,254.5,0.998
4984,350.5,234.5,0.993
4985,338.5,224.5,0.997
4986,316.5,216.5,0.885
4988,336.5,204.5,0.96
4989,376.5,202.5,0.988
4990,410.5,204.5,0.997
4991,444.5,206.5,0.997
4992,480.5,212.5,0.997
4993,516.5,224.5,0.996
4994,554.5,236.5,0.997
4995,588.5,246.5,0.995
4996,624.5,266.5,0.998
4997,668.5,292.5,0.626
4998,694.5,304.5,0.995
4999,728.5,324.5,0.996
5000,762.5,318.5,0.998
5001,792.5,314.5,0.996
5002,828.5,306.5,0.997
5003,854.5,306.5,0.996
5004,892.5,306.5,0.987
5005,926.5,308.5,0.994
5006,954.5,314.5,0.997
5007,942.5,310.5,0.994
5008,926.5,308.5,0.988
5009,910.5,310.5,0.986
5010,896.5,314.5,0.995
5011,884.5,320.5,0.998
5012,870.5,314.5,0.998
5013,868.5,300.5,0.982
5014,860.5,280.5,0.996
5015,854.5,270.5,0.998
5016,846.5,260.5,0.997
5017,842.5,254.5,0.998
5018,834.5,250.5,0.998
5019,830.5,250.5,0.996
5020,822.5,250.5,0.998
5021,818.5,254.5,0.997
5022,812.5,258.5,0.998
5023,806.5,266.5,0.999
5024,800.5,274.5,0.997
5025,796.5,288.5,0.997
5026,790.5,296.5,0.997
5027,1234.5,348.5,0.539
5028,1234.5,348.5,0.796
5033,1234.5,348.5,0.925
5034,1234.5,348.5,0.617
5038,334.5,330.5,0.815
5039,1234.5,348.5,0.903
5040,1234.5,348.5,0.98
5041,1234.5,348.5,0.952
5042,1234.5,348.5,0.974
5043,1234.5,348.5,0.87
5044,1234.5,348.5,0.705
5045,346.5,266.5,0.841
5046,1234.5,348.5,0.599
5047,1234.5,348.5,0.859
5048,1082.5,428.5,0.986
5049,1234.5,348.5,0.836
5050,1234.5,348.5,0.516
5069,346.5,330.5,0.588
5154,416.5,204.5,0.7
5155,408.5,208.5,0.933
5157,400.5,194.5,0.933
5158,396.5,188.5,0.817
5161,376.5,168.5,0.599
5169,382.5,146.5,0.882
5170,394.5,162.5,0.975
5171,410.5,180.5,0.993
5172,424.5,198.5,0.797
5174,458.5,248.5,0.992
5175,474.5,254.5,0.996
5176,486.5,236.5,0.995
5177,498.5,226.5,0.997
5178,510.5,216.5,0.995
5179,522.5,210.5,0.995
5180,536.5,206.5,0.996
5181,550.5,204.5,0.998
5182,564.5,204.5,0.998
5183,578.5,208.5,0.997
5184,592.5,214.5,0.995
5185,608.5,224.5,0.997
5186,622.5,236.5,0.992
5187,634.5,246.5,0.996
5188,650.5,264.5,0.992
5189,666.5,288.5,0.959
5190,676.5,306.5,0.997
5191,690.5,332.5,0.997
5192,704.5,344.5,0.999
5193,718.5,328.5,0.997
5194,730.5,322.5,0.998
5195,746.5,312.5,0.998
5196,758.5,306.5,0.997
5197,772.5,306.5,0.994
5198,922.5,404.5,0.994
5199,914.5,400.5,0.998
5200,812.5,316.5,0.998
5201,826.5,326.5,0.999
5202,838.5,338.5,0.999
5203,850.5,356.5,0.997
5204,858.5,372.5,0.954
5205,884.5,406.5,0.99
5206,884.5,404.5,0.998
5207,890.5,400.5,0.998
5210,382.5,346.5,0.961
5234,892.5,440.5,0.888
5240,892.5,284.5,0.956
5241,896.5,272.5,0.998
5242,898.5,260.5,0.994
5243,900.5,254.5,0.998
5244,902.5,250.5,0.997
5245,902.5,254.5,0.998
5246,902.5,260.5,0.994
5247,902.5,270.5,0.995
5248,902.5,282.5,0.996
5249,900.5,300.5,0.988
5250,898.5,322.5,0.998
5251,896.5,336.5,0.998
5252,894.5,362.5,0.997
5256,802.5,426.5,0.63
5257,766.5,422.5,0.995
5258,730.5,420.5,0.987
5259,688.5,378.5,0.57
5260,660.5,348.5,0.997
5261,636.5,326.5,0.997
5262,610.5,310.5,0.994
5263,584.5,298.5,0.992
5264,558.5,284.5,0.994
5265,540.5,278.5,0.994
5266,518.5,276.5,0.993
5267,502.5,276.5,0.995
5268,484.5,276.5,0.996
5269,466.5,282.5,0.996
5270,450.5,286.5,0.999
5271,436.5,270.5,0.998
5272,420.5,252.5,0.998
5273,410.5,244.5,0.996
5274,396.5,232.5,0.997
5275,384.5,228.5,0.993
5276,374.5,224.5,0.987
5277,398.5,218.5,0.985
5278,430.5,212.5,0.994
5279,462.5,212.5,0.991
5280,494.5,212.5,0.994
5281,524.5,218.5,0.991
5282,556.5,226.5,0.997
5283,590.5,236.5,0.996
5284,622.5,246.5,0.996
5285,650.5,260.5,0.991
5286,684.5,278.5,0.992
5287,718.5,298.5,0.997
5288,746.5,318.5,0.998
5289,782.5,342.5,0.998
5290,810.5,336.5,0.998
5291,834.5,326.5,0.999
5292,876.5,322.5,0.998
5293,896.5,322.5,0.997
5294,930.5,322.5,0.997
5295,888.5,288.5,0.985
5296,850.5,268.5,0.998
5297,804.5,244.5,0.997
5298,766.5,228.5,0.998
5299,728.5,214.5,0.997
5300,690.5,204.5,0.997
5301,652.5,194.5,0.995
5302,622.5,190.5,0.997
5303,590.5,188.5,0.995
5304,560.5,188.5,0.992
5305,536.5,192.5,0.99
5306,920.5,238.5,0.994
5307,484.5,202.5,0.989
5308,462.5,212.5,0.993
5309,442.5,224.5,0.997
5310,422.5,236.5,0.997
5311,410.5,246.5,0.992
5312,386.5,242.5,0.991
5313,372.5,224.5,0.997
5314,356.5,206.5,0.996
5315,338.5,192.5,0.997
5316,324.5,180.5,0.981
5317,1234.5,348.5,0.995
5318,300.5,166.5,0.992
5319,292.5,164.5,0.997
5321,350.5,164.5,0.985
5322,388.5,172.5,0.987
5323,428.5,180.5,0.997
5324,460.5,190.5,0.998
5325,498.5,206.5,0.997
5326,542.5,226.5,0.996
5327,578.5,244.5,0.998
5328,622.5,270.5,0.997
5329,662.5,294.5,0.989
5330,702.5,326.5,0.993
5331,732.5,348.5,0.997
5332,332.5,186.5,0.792
5333,830.5,402.5,0.988
5334,866.5,396.5,0.996
5335,930.5,396.5,0.992
5336,942.5,396.5,0.985
5337,896.5,354.5,0.986
5338,828.5,314.5,0.998
5339,788.5,292.5,0.998
5340,738.5,268.5,0.999
5341,700.5,250.5,0.998
5342,664.5,238.5,0.995
5343,624.5,226.5,0.997
5344,592.5,220.5,0.994
5345,560.5,214.5,0.988
5346,530.5,212.5,0.984
5347,508.5,216.5,0.99
5348,484.5,220.5,0.989
5349,466.5,228.5,0.996
5350,448.5,232.5,0.998
5351,428.5,246.5,0.998
5352,412.5,258.5,0.995
5353,400.5,266.5,0.997
5354,388.5,256.5,0.996
5355,374.5,230.5,0.984
5356,362.5,214.5,0.997
5357,350.5,198.5,0.997
5358,342.5,186.5,0.996
5359,332.5,180.5,0.992
5361,368.5,176.5,0.977
5362,406.5,174.5,0.995
5363,444.5,178.5,0.998
5364,480.5,184.5,0.998
5365,522.5,194.5,0.993
5366,562.5,206.5,0.997
5367,604.5,220.5,0.996
5368,638.5,230.5,0.994
5369,686.5,254.5,0.998
5370,722.5,272.5,0.998
5371,762.5,292.5,0.996
5372,808.5,322.5,0.993
5373,836.5,338.5,0.997
5374,886.5,322.5,0.996
5375,924.5,310.5,0.994
5376,960.5,306.5,0.994
5377,1002.5,300.5,0.993
5378,1038.5,298.5,0.991
5379,1072.5,300.5,0.991
5380,1074.5,284.5,0.982
5381,1036.5,262.5,0.996
5382,998.5,238.5,0.993
5383,956.5,220.5,0.994
5384,922.5,208.5,0.993
5385,882.5,196.5,0.995
5386,846.5,190.5,0.996
5387,812.5,190.5,0.994
5388,778.5,190.5,0.997
5389,746.5,194.5,0.996
5390,710.5,202.5,0.995
5391,682.5,210.5,0.999
5392,652.5,222.5,0.995
5393,626.5,236.5,0.993
5394,606.5,250.5,0.994
5395,578.5,268.5,0.998
5396,556.5,282.5,0.993
5397,534.5,310.5,0.991
5398,510.5,300.5,0.993
5399,494.5,280.5,0.997
5400,496.5,284.5,0.991
5401,476.5,264.5,0.999
5402,460.5,248.5,0.998
5403,442.5,236.5,0.995
5404,424.5,226.5,0.996
5405,406.5,218.5,0.992
5406,390.5,216.5,0.993
5407,376.5,214.5,0.992
5408,362.5,216.5,0.995
5409,350.5,218.5,0.992
5410,338.5,226.5,0.988
5411,322.5,234.5,0.998
5412,316.5,240.5,0.996
5413,338.5,226.5,0.995
5414,372.5,206.5,0.998
5415,398.5,194.5,0.998
5416,426.5,184.5,0.992
5417,450.5,178.5,0.996
5418,480.5,174.5,0.997
5419,502.5,174.5,0.995
5420,532.5,176.5,0.994
5421,560.5,180.5,0.995
5422,586.5,188.5,0.988
5423,610.5,198.5,0.995
5424,630.5,208.5,0.989
5425,652.5,222.5,0.997
5426,678.5,240.5,0.995
5427,704.5,258.5,0.988
5428,722.5,278.5,0.993
5429,738.5,298.5,0.996
5430,758.5,284.5,0.997
5431,772.5,266.5,0.997
5432,788.5,252.5,0.998
5433,806.5,236.5,0.996
5434,822.5,226.5,0.998
5435,834.5,218.5,0.996
5436,850.5,214.5,0.994
5437,866.5,212.5,0.994
5438,880.5,210.5,0.995
5439,892.5,212.5,0.993
5440,906.5,218.5,0.996
5441,918.5,226.5,0.998
5442,928.5,236.5,0.995
5443,916.5,232.5,0.988
5444,884.5,210.5,0.998
5445,844.5,188.5,0.998
5446,794.5,164.5,0.997
5447,762.5,152.5,0.998
5448,722.5,140.5,0.996
5449,684.5,130.5,0.997
5450,642.5,124.5,0.997
5451,606.5,122.5,0.996
5452,572.5,124.5,0.998
5453,542.5,126.5,0.997
5454,510.5,134.5,0.995
5455,478.5,142.5,0.997
5456,448.5,152.5,0.996
5457,418.5,166.5,0.996
5458,392.5,184.5,0.994
5459,370.5,198.5,0.997
5460,348.5,220.5,0.995
5461,326.5,240.5,0.996
5462,304.5,264.5,0.996
5463,286.5,248.5,0.998
5464,264.5,226.5,0.992
5465,246.5,208.5,0.996
5466,224.5,190.5,0.996
5467,210.5,180.5,0.992
5468,192.5,168.5,0.988
5469,172.5,160.5,0.99
5470,160.5,156.5,0.991
5471,122.5,176.5,0.967
5472,160.5,146.5,0.992
5473,130.5,150.5,0.986
5476,218.5,114.5,0.995
5477,282.5,160.5,0.981
5478,320.5,166.5,0.98
5479,368.5,182.5,0.998
5480,416.5,204.5,0.998
5481,458.5,226.5,0.996
5482,506.5,250.5,0.997
5483,554.5,280.5,0.99
5484,608.5,326.5,0.988
5488,810.5,524.5,0.989
5489,844.5,570.5,0.981
5490,890.5,622.5,0.989
5491,932.5,684.5,0.995
5492,954.5,714.5,0.994
5500,184.5,130.5,0.723
5502,182.5,172.5,0.981
5503,1188.5,678.5,0.992
5504,1142.5,646.5,0.987
5505,1100.5,624.5,0.991
5506,1054.5,598.5,0.997
5507,1020.5,584.5,0.998
5508,978.5,572.5,0.994
5509,944.5,564.5,0.997
5510,912.5,560.5,0.996
5511,880.5,556.5,0.992
5512,850.5,556.5,0.987
5513,830.5,560.5,0.993
5514,794.5,568.5,0.939
5515,780.5,570.5,0.993
5516,758.5,578.5,0.994
5517,738.5,584.5,0.994
5518,730.5,568.5,0.998
5519,724.5,552.5,0.996
5520,718.5,536.5,0.995
5521,712.5,524.5,0.996
5522,706.5,514.5,0.996
5523,700.5,508.5,0.993
5524,694.5,504.5,0.993
5525,688.5,504.5,0.969
5526,684.5,504.5,0.991
5527,678.5,508.5,0.992
5528,672.5,514.5,0.991
5529,668.5,520.5,0.993
5530,662.5,520.5,0.995
5531,660.5,514.5,0.991
5532,658.5,508.5,0.991
5533,656.5,506.5,0.965
5535,1096.5,176.5,0.956
5536,648.5,514.5,0.98
5537,648.5,506.5,0.851
5539,1234.5,348.5,0.994
5540,642.5,502.5,0.988
5541,642.5,500.5,0.982
5542,642.5,500.5,0.86
5543,642.5,498.5,0.824
5545,636.5,496.5,0.759
5546,638.5,490.5,0.811
5547,634.5,488.5,0.956
5549,628.5,488.5,0.601
5550,626.5,484.5,0.988
5551,626.5,480.5,0.987
5552,626.5,480.5,0.844
5553,624.5,480.5,0.728
5554,624.5,478.5,0.978
5555,624.5,478.5,0.818
5556,622.5,474.5,0.982
5557,622.5,472.5,0.984
5558,620.5,472.5,0.98
5559,620.5,472.5,0.806
5560,618.5,470.5,0.991
5561,620.5,468.5,0.965
5563,188.5,202.5,0.629
5580,616.5,276.5,0.619
5594,140.5,256.5,0.774
5596,140.5,258.5,0.985
5601,120.5,146.5,0.51
5604,116.5,170.5,0.833
5606,114.5,186.5,0.972
5608,114.5,202.5,0.956
5611,700.5,568.5,0.977
5634,154.5,326.5,0.73
5638,150.5,304.5,0.979
5639,150.5,300.5,0.502
5661,308.5,326.5,0.943
5663,306.5,314.5,0.983
5683,292.5,220.5,0.656
5687,694.5,348.5,0.503
5688,874.5,340.5,0.964
5698,778.5,360.5,0.937
5706,544.5,188.5,0.987
5707,542.5,188.5,0.986
5730,816.5,320.5,0.518
5738,558.5,460.5,0.98
5742,632.5,72.5,0.988
5744,552.5,516.5,0.736
5745,550.5,512.5,0.511
5746,552.5,512.5,0.986
5749,578.5,442.5,0.957
5750,892.5,334.5,0.94
5754,548.5,500.5,0.976
5756,530.5,582.5,0.991
5757,474.5,352.5,0.677
5758,528.5,572.5,0.682
5761,548.5,474.5,0.703
5764,480.5,140.5,0.697
5765,482.5,138.5,0.563
5768,468.5,138.5,0.826
5770,464.5,136.5,0.849
5771,498.5,240.5,0.987
5774,548.5,226.5,0.909
5785,354.5,164.5,0.983
5791,1168.5,456.5,0.764
5795,754.5,714.5,0.79
5797,1038.5,438.5,0.857
5798,1054.5,438.5,0.8
5799,290.5,172.5,0.987
5800,288.5,174.5,0.991
5814,1022.5,416.5,0.987
5816,1020.5,402.5,0.781
5818,1078.5,368.5,0.755
5820,258.5,194.5,0.978
5822,260.5,202.5,0.989
5823,260.5,210.5,0.896
5858,954.5,256.5,0.966
5859,956.5,254.5,0.981
5860,948.5,272.5,0.612
5863,300.5,234.5,0.924
5865,934.5,256.5,0.984
5866,924.5,256.5,0.747
5868,896.5,302.5,0.994
5869,846.5,308.5,0.998
5870,802.5,316.5,0.985
5871,752.5,320.5,0.997
5872,712.5,300.5,0.995
5873,682.5,288.5,0.985
5874,640.5,272.5,0.997
5875,608.5,260.5,0.993
5876,580.5,254.5,0.996
5877,556.5,250.5,0.997
5878,528.5,246.5,0.994
5879,504.5,248.5,0.997
5880,482.5,250.5,0.996
5881,460.5,254.5,0.994
5882,440.5,260.5,0.996
5883,422.5,258.5,0.998
5884,408.5,244.5,0.995
5885,292.5,228.5,0.984
5886,374.5,222.5,0.996
5887,364.5,216.5,0.996
5888,384.5,210.5,0.744
5889,414.5,206.5,0.995
5890,448.5,202.5,0.997
5891,480.5,202.5,0.995
5892,516.5,206.5,0.997
5893,552.5,210.5,0.991
5894,588.5,216.5,0.995
5895,622.5,224.5,0.998
5896,656.5,236.5,0.994
5897,690.5,248.5,0.997
5898,730.5,266.5,0.998
5899,766.5,284.5,0.998
5900,800.5,302.5,0.985
5901,828.5,318.5,0.996
5902,874.5,354.5,0.994
5903,904.5,350.5,0.992
5904,946.5,338.5,0.98
5905,978.5,336.5,0.985
5906,942.5,304.5,0.997
5907,898.5,272.5,0.999
5908,864.5,252.5,0.998
5909,826.5,230.5,0.999
5910,794.5,216.5,0.997
5911,760.5,204.5,0.995
5912,732.5,196.5,0.995
5913,698.5,190.5,0.994
5914,672.5,188.5,0.995
5915,638.5,188.5,0.994
5916,612.5,190.5,0.991
5917,590.5,196.5,0.995
5918,568.5,202.5,0.991
5919,546.5,210.5,0.996
5920,522.5,224.5,0.996
5921,506.5,234.5,0.993
5922,490.5,246.5,0.997
5923,470.5,258.5,0.997
5924,452.5,240.5,0.998
5925,436.5,222.5,0.997
5926,422.5,206.5,0.997
5927,410.5,196.5,0.991
5928,396.5,184.5,0.998
5929,386.5,180.5,0.991
5930,370.5,174.5,0.961
5932,436.5,178.5,0.748
5933,478.5,180.5,0.998
5934,522.5,190.5,0.995
5935,564.5,202.5,0.994
5936,608.5,214.5,0.996
5937,644.5,228.5,0.997
5938,690.5,250.5,0.997
5939,732.5,272.5,0.998
5940,768.5,292.5,0.996
5941,814.5,322.5,0.998
5942,860.5,312.5,0.995
5943,890.5,308.5,0.997
5944,932.5,302.5,0.994
5945,962.5,298.5,0.99
5946,1010.5,302.5,0.995
5947,1052.5,306.5,0.995
5948,1090.5,312.5,0.993
5949,1132.5,324.5,0.998
5950,1166.5,336.5,0.995
5951,1206.5,354.5,0.993
5953,1194.5,324.5,0.977
5954,1144.5,286.5,0.967
5955,1258.5,276.5,0.861
5958,916.5,128.5,0.58
5959,878.5,118.5,0.993
5960,832.5,106.5,0.997
5961,792.5,98.5,0.997
5962,752.5,90.5,0.996
5963,716.5,86.5,0.995
5964,686.5,86.5,0.992
5965,650.5,90.5,0.995
5966,622.5,94.5,0.996
5967,592.5,102.5,0.993
5968,570.5,112.5,0.997
5969,546.5,122.5,0.994
5970,530.5,132.5,0.994
5971,510.5,148.5,0.995
5972,496.5,160.5,0.997
5973,482.5,178.5,0.997
5974,466.5,194.5,0.995
5975,454.5,214.5,0.988
5976,436.5,202.5,0.993
5977,426.5,180.5,0.989
5978,414.5,164.5,0.993
5979,404.5,146.5,0.997
5980,392.5,130.5,0.995
5981,380.5,116.5,0.993
5982,370.5,106.5,0.996
5983,364.5,98.5,0.996
5984,354.5,92.5,0.996
5985,344.5,92.5,0.993
5986,336.5,88.5,0.995
5987,330.5,88.5,0.991
5988,322.5,90.5,0.998
5989,1254.5,272.5,0.677
5991,358.5,80.5,0.56
5992,396.5,72.5,0.753
5993,418.5,68.5,0.985
5994,446.5,70.5,0.991
5995,476.5,70.5,0.99
5996,504.5,74.5,0.886
5997,530.5,82.5,0.994
5998,556.5,90.5,0.993
5999,584.5,102.5,0.99
6000,610.5,116.5,0.992
6001,636.5,132.5,0.996
6002,660.5,150.5,0.99
6003,686.5,174.5,0.998
6004,708.5,196.5,0.996
6005,730.5,220.5,0.993
6006,750.5,246.5,0.993
6007,768.5,270.5,0.995
6008,786.5,296.5,0.989
6018,964.5,342.5,0.994
6019,982.5,344.5,0.996
6020,1000.5,346.5,0.998
6021,1016.5,352.5,0.996
6022,1030.5,358.5,0.994
6023,1046.5,368.5,0.998
6024,1058.5,378.5,0.995
6025,1070.5,388.5,0.994
6026,1082.5,402.5,0.994
6027,1096.5,420.5,0.99
6028,300.5,220.5,0.992
6029,310.5,214.5,0.985
6030,1148.5,424.5,0.986
6031,1164.5,422.5,0.993
6032,1182.5,422.5,0.993
6033,1200.5,424.5,0.994
6034,1214.5,428.5,0.986
6035,1234.5,434.5,0.996
6036,1244.5,440.5,0.995
6037,1260.5,452.5,0.991
6038,1272.5,466.5,0.986
6043,348.5,202.5,0.881
6044,336.5,206.5,0.577
6056,420.5,188.5,0.903
6057,422.5,186.5,0.988
6062,424.5,192.5,0.912
6065,426.5,198.5,0.946
6066,422.5,194.5,0.791
6067,422.5,192.5,0.966
6068,420.5,192.5,0.959
6092,408.5,174.5,0.99
6096,404.5,170.5,0.981
6097,416.5,176.5,0.838
6098,406.5,194.5,0.981
6117,168.5,88.5,0.604
6137,390.5,184.5,0.99
6138,1124.5,190.5,0.937
6148,880.5,284.5,0.996
6149,844.5,290.5,0.994
6150,804.5,298.5,0.984
6151,766.5,306.5,0.994
6152,744.5,314.5,0.997
6153,718.5,326.5,0.998
6154,692.5,346.5,0.998
6155,666.5,354.5,0.997
6156,650.5,330.5,0.997
6157,634.5,306.5,0.996
6158,616.5,284.5,0.993
6159,600.5,266.5,0.989
6160,586.5,254.5,0.996
6161,572.5,244.5,0.994
6162,560.5,238.5,0.994
6163,546.5,234.5,0.993
6164,534.5,232.5,0.996
6165,520.5,234.5,0.995
6166,512.5,240.5,0.995
6167,500.5,244.5,0.997
6168,490.5,250.5,0.998
6169,482.5,260.5,0.998
6170,470.5,276.5,0.997
6171,460.5,290.5,0.998
6172,452.5,282.5,0.998
6173,444.5,264.5,0.999
6174,434.5,250.5,0.999
6175,424.5,238.5,0.998
6176,418.5,228.5,0.994
6177,410.5,222.5,0.996
6178,402.5,218.5,0.995
6179,396.5,216.5,0.996
6180,388.5,216.5,0.997
6181,382.5,220.5,0.992
6182,376.5,226.5,0.995
6183,372.5,232.5,0.995
6184,366.5,242.5,0.994
6185,364.5,254.5,0.995
6186,356.5,258.5,0.985
6187,350.5,242.5,0.994
6188,344.5,230.5,0.993
6189,338.5,218.5,0.996
6190,330.5,212.5,0.996
6191,324.5,206.5,0.998
6192,318.5,204.5,0.998
6193,314.5,202.5,0.996
6194,308.5,204.5,0.998
6195,306.5,206.5,0.992
6196,302.5,202.5,0.994
6197,300.5,190.5,0.994
6198,298.5,170.5,0.997
6199,298.5,152.5,0.996
6200,296.5,140.5,0.996
6201,296.5,130.5,0.994
6202,294.5,118.5,0.995
6203,298.5,114.5,0.993
6204,298.5,108.5,0.994
6205,298.5,106.5,0.994
6206,300.5,108.5,0.994
6207,300.5,108.5,0.997
6208,304.5,116.5,0.996
6209,306.5,120.5,0.996
6210,308.5,130.5,0.997
6211,310.5,142.5,0.995
6212,314.5,154.5,0.997
6213,308.5,108.5,0.993
6214,318.5,158.5,0.998
6215,316.5,154.5,0.998
6216,316.5,140.5,0.992
6217,318.5,130.5,0.995
6218,318.5,122.5,0.997
6219,322.5,116.5,0.996
6220,322.5,112.5,0.995
6221,322.5,108.5,0.998
6222,326.5,110.5,0.997
6223,326.5,112.5,0.995
6224,330.5,116.5,0.993
6225,332.5,122.5,0.994
6226,332.5,132.5,0.963
6227,338.5,142.5,0.997
6228,340.5,148.5,0.793
6229,340.5,146.5,0.961
6230,338.5,138.5,0.997
6231,338.5,130.5,0.99
6232,338.5,124.5,0.989
6233,338.5,120.5,0.989
6234,338.5,118.5,0.992
6235,338.5,118.5,0.992
6236,338.5,120.5,0.994
6237,338.5,126.5,0.995
6238,340.5,132.5,0.996
6239,340.5,140.5,0.997
6240,344.5,150.5,0.992
6241,340.5,152.5,0.985
6254,352.5,168.5,0.993
6255,362.5,186.5,0.941
6256,374.5,200.5,0.821
6263,432.5,202.5,0.99
6264,432.5,200.5,0.987
6265,806.5,660.5,0.99
6266,434.5,198.5,0.942
6267,430.5,196.5,0.959
6268,430.5,198.5,0.991
6269,710.5,712.5,0.991
6270,704.5,706.5,0.988
6271,698.5,698.5,0.995
6272,694.5,682.5,0.995
6274,692.5,638.5,0.987
6276,248.5,202.5,0.783
6278,254.5,210.5,0.976
6279,808.5,508.5,0.962
6290,274.5,208.5,0.935
6292,286.5,222.5,0.898
6296,1116.5,298.5,0.94
6297,344.5,236.5,0.932
6298,886.5,334.5,0.792
6299,330.5,240.5,0.988
6300,1236.5,350.5,0.986
6301,1234.5,348.5,0.995
6303,316.5,246.5,0.986
6304,316.5,248.5,0.943
6305,310.5,250.5,0.992
6306,306.5,250.5,0.988
6307,302.5,252.5,0.99
6308,300.5,254.5,0.959
6309,1234.5,348.5,0.995
6310,1232.5,348.5,0.985
6313,896.5,342.5,0.701
6314,856.5,378.5,0.605
6317,278.5,264.5,0.984
6322,268.5,262.5,0.995
6323,268.5,262.5,0.989
6324,268.5,266.5,0.991
6325,268.5,270.5,0.997
6326,268.5,272.5,0.999
6327,270.5,274.5,0.997
6328,270.5,274.5,0.996
6329,270.5,274.5,0.994
6330,268.5,266.5,0.991
6331,260.5,224.5,0.976
6334,246.5,208.5,0.987
6335,244.5,196.5,0.996
6336,242.5,186.5,0.998
6337,240.5,178.5,0.998
6338,238.5,176.5,0.989
6340,234.5,172.5,0.993
6341,236.5,176.5,0.997
6342,234.5,180.5,0.998
6343,236.5,188.5,0.995
6344,228.5,194.5,0.716
6345,234.5,208.5,0.982
6347,268.5,242.5,0.977
6348,328.5,272.5,0.988
6350,422.5,246.5,0.984
6351,446.5,240.5,0.998
6352,482.5,228.5,0.995
6353,522.5,218.5,0.993
6354,560.5,210.5,0.995
6355,596.5,206.5,0.996
6356,634.5,204.5,0.996
6357,672.5,204.5,0.996
6358,704.5,206.5,0.997
6359,738.5,210.5,0.997
6360,776.5,214.5,0.995
6361,810.5,224.5,0.994
6362,842.5,232.5,0.994
6363,876.5,246.5,0.998
6364,910.5,262.5,0.997
6365,936.5,274.5,0.996
6366,962.5,290.5,0.996
6367,1000.5,316.5,0.995
6368,1026.5,336.5,0.998
6369,1048.5,356.5,0.991
6391,1200.5,372.5,0.993
6392,1162.5,348.5,0.995
6393,1138.5,338.5,0.998
6394,1100.5,324.5,0.998
6395,1076.5,320.5,0.994
6396,1042.5,312.5,0.987
6397,1008.5,308.5,0.992
6398,228.5,172.5,0.992
6399,956.5,310.5,0.982
6400,926.5,316.5,0.99
6401,894.5,324.5,0.995
6425,280.5,232.5,0.923
6429,136.5,316.5,0.951
6430,538.5,404.5,0.989
6431,530.5,408.5,0.989
6432,522.5,410.5,0.992
6434,500.5,404.5,0.992
6435,492.5,404.5,0.994
6438,466.5,408.5,0.9
6443,422.5,396.5,0.991
6444,414.5,396.5,0.988
6445,406.5,396.5,0.988
6446,398.5,394.5,0.993
6447,390.5,394.5,0.99
6448,386.5,394.5,0.667
6450,394.5,390.5,0.993
6451,398.5,390.5,0.987
6452,282.5,250.5,0.989
6454,264.5,252.5,0.755
6457,148.5,538.5,0.742
6462,1234.5,350.5,0.871
6464,308.5,218.5,0.895
6469,188.5,238.5,0.865
6470,432.5,364.5,0.678
6472,278.5,220.5,0.892
6484,310.5,264.5,0.754
6487,894.5,330.5,0.743
6488,886.5,330.5,0.946
6489,874.5,328.5,0.971
6496,628.5,272.5,0.797
6497,622.5,274.5,0.978
6498,616.5,274.5,0.761
6500,888.5,336.5,0.51
6503,304.5,330.5,0.987
6504,306.5,328.5,0.991
6505,306.5,328.5,0.99
6513,308.5,328.5,0.915
6521,918.5,350.5,0.629
6527,876.5,334.5,0.618
6528,884.5,332.5,0.863
6534,310.5,328.5,0.993
6535,312.5,328.5,0.981
6536,312.5,324.5,0.966
6537,882.5,342.5,0.925
6538,326.5,206.5,0.988
6539,322.5,194.5,0.95
6540,318.5,186.5,0.99
6545,298.5,138.5,0.934
6546,294.5,126.5,0.759
6547,296.5,262.5,0.973
6548,286.5,110.5,0.99
6549,286.5,104.5,0.996
6550,284.5,96.5,0.982
6551,282.5,90.5,0.587
6552,282.5,84.5,0.82
6553,280.5,78.5,0.982
6554,280.5,74.5,0.908
6563,274.5,214.5,0.928
6571,870.5,338.5,0.644
6572,360.5,526.5,0.855
6573,298.5,260.5,0.998
6574,294.5,260.5,0.994
6575,290.5,260.5,0.993
6576,288.5,260.5,0.996
6577,284.5,262.5,0.993
6578,280.5,262.5,0.996
6579,278.5,262.5,0.997
6580,276.5,262.5,0.995
6581,274.5,260.5,0.975
6582,270.5,262.5,0.996
6583,270.5,262.5,0.991
6584,268.5,262.5,0.992
6585,270.5,260.5,0.979
6587,266.5,264.5,0.987
6589,266.5,266.5,0.861
6590,266.5,270.5,0.994
6591,268.5,272.5,0.996
6592,268.5,270.5,0.997
6593,266.5,264.5,0.996
6594,262.5,254.5,0.997
6595,260.5,240.5,0.997
6596,256.5,226.5,0.995
6597,252.5,210.5,0.996
6598,250.5,200.5,0.998
6599,246.5,194.5,0.999
6600,246.5,190.5,0.998
6601,244.5,184.5,0.996
6602,244.5,182.5,0.996
6603,244.5,186.5,0.992
6604,246.5,192.5,0.998
6605,244.5,198.5,0.995
6606,246.5,208.5,0.997
6607,248.5,220.5,0.997
6608,262.5,234.5,0.694
6609,280.5,248.5,0.941
6611,356.5,278.5,0.992
6612,386.5,272.5,0.997
6613,414.5,268.5,0.995
6614,444.5,266.5,0.996
6615,474.5,268.5,0.996
6616,498.5,270.5,0.995
6617,536.5,276.5,0.99
6618,570.5,290.5,0.995
6619,592.5,296.5,0.989
6620,634.5,316.5,0.997
6621,660.5,332.5,0.995
6622,694.5,352.5,0.997
6623,728.5,384.5,0.988
6624,754.5,378.5,0.993
6625,786.5,368.5,0.999
6626,814.5,366.5,0.998
6627,838.5,364.5,0.988
6629,836.5,362.5,0.992
6630,744.5,294.5,0.996
6631,708.5,276.5,0.997
6632,676.5,260.5,0.995
6633,640.5,246.5,0.993
6634,608.5,238.5,0.997
6635,576.5,232.5,0.994
6636,548.5,228.5,0.989
6637,528.5,228.5,0.99
6638,496.5,230.5,0.987
6639,478.5,234.5,0.994
6640,456.5,240.5,0.998
6641,434.5,246.5,0.997
6642,418.5,256.5,0.996
6643,400.5,264.5,0.998
6644,382.5,268.5,0.998
6645,368.5,252.5,0.996
6646,350.5,234.5,0.991
6647,340.5,222.5,0.998
6648,326.5,210.5,0.995
6649,314.5,200.5,0.999
6651,384.5,204.5,0.995
6652,432.5,210.5,0.994
6653,482.5,220.5,0.997
6654,532.5,232.5,0.996
6655,582.5,248.5,0.998
6656,622.5,260.5,0.996
6657,652.5,262.5,0.994
6658,684.5,266.5,0.992
6659,712.5,274.5,0.995
6660,734.5,282.5,0.996
6661,758.5,292.5,0.996
6662,786.5,302.5,0.998
6663,802.5,296.5,0.994
6664,820.5,290.5,0.993
6665,848.5,284.5,0.986
6666,866.5,284.5,0.988
6667,886.5,286.5,0.994
6668,908.5,290.5,0.994
6669,926.5,294.5,0.988
6670,946.5,306.5,0.997
6671,966.5,320.5,0.996
6672,980.5,332.5,0.995
6673,996.5,348.5,0.996
6674,1012.5,368.5,0.997
6675,1022.5,384.5,0.981
6676,988.5,394.5,0.988
6677,946.5,402.5,0.968
6678,910.5,416.5,0.997
6689,270.5,218.5,0.528
6699,330.5,218.5,0.965
6701,348.5,222.5,0.571
6702,362.5,222.5,0.97
6704,376.5,224.5,0.972
6757,412.5,244.5,0.565
6758,1136.5,446.5,0.727
6759,1146.5,444.5,0.96
6763,376.5,224.5,0.901
6764,374.5,224.5,0.505
6768,324.5,222.5,0.703
6769,342.5,330.5,0.892
6774,1234.5,348.5,0.989
6775,1096.5,174.5,0.595
6792,948.5,414.5,0.606
6805,824.5,338.5,0.886
6807,1026.5,220.5,0.983
6810,1022.5,224.5,0.989
6811,1022.5,224.5,0.991
6812,1020.5,226.5,0.99
6813,1020.5,226.5,0.994
6814,1020.5,228.5,0.921
6815,1022.5,228.5,0.945
6831,384.5,208.5,0.622
6858,488.5,190.5,0.845
6859,488.5,190.5,0.718
6860,488.5,186.5,0.951
6861,488.5,186.5,0.989
6862,490.5,186.5,0.939
6863,490.5,186.5,0.982
6864,492.5,186.5,0.772
6865,490.5,186.5,0.923
6868,488.5,188.5,0.753
6869,490.5,190.5,0.698
6871,486.5,188.5,0.912
6872,478.5,190.5,0.769
6875,418.5,74.5,0.725
6898,1020.5,228.5,0.896
6926,1020.5,228.5,0.994
6978,974.5,360.5,0.562
6979,964.5,362.5,0.603
7008,878.5,342.5,0.969
7024,924.5,362.5,0.949
7025,932.5,390.5,0.987
7026,952.5,410.5,0.974
7027,964.5,432.5,0.84
7028,980.5,446.5,0.946
7029,996.5,458.5,0.873
7030,1014.5,468.5,0.962
7055,876.5,338.5,0.983
7058,880.5,338.5,0.902
7073,914.5,394.5,0.986
7097,906.5,394.5,0.995
7101,494.5,250.5,0.851
7104,918.5,268.5,0.806
7110,916.5,286.5,0.973
7115,914.5,378.5,0.991
7149,936.5,272.5,0.697
7191,908.5,282.5,0.932
7225,950.5,358.5,0.962
7226,948.5,352.5,0.763
7246,926.5,394.5,0.982
7247,892.5,342.5,0.864
7260,952.5,304.5,0.856
7262,960.5,346.5,0.96
7264,926.5,370.5,0.55
7287,934.5,374.5,0.508
7332,996.5,474.5,0.526
7361,1022.5,224.5,0.687
7362,1018.5,226.5,0.994
7365,68.5,462.5,0.908
7397,76.5,460.5,0.987
7410,588.5,632.5,0.623
7479,320.5,236.5,0.757
7480,316.5,236.5,0.696
7498,252.5,232.5,0.853
7502,220.5,210.5,0.707
7508,190.5,198.5,0.947
7509,186.5,194.5,0.562
7510,282.5,406.5,0.988
7516,216.5,218.5,0.925
7550,176.5,230.5,0.987
7558,168.5,248.5,0.973
7603,280.5,558.5,0.797
7609,280.5,564.5,0.572
7648,206.5,292.5,0.531
7714,214.5,292.5,0.714
7715,214.5,292.5,0.602
7859,772.5,328.5,0.574
8043,1128.5,456.5,0.826
8100,708.5,328.5,0.715
8136,214.5,294.5,0.514
8199,760.5,476.5,0.561
8202,846.5,318.5,0.561
8204,764.5,444.5,0.989
8206,816.5,530.5,0.919
8208,812.5,322.5,0.616
8214,212.5,294.5,0.559
8216,886.5,288.5,0.67
8220,828.5,288.5,0.914
8228,1094.5,352.5,0.804
8239,216.5,290.5,0.547
8246,1044.5,230.5,0.949
8247,1046.5,234.5,0.995
8248,1050.5,234.5,0.882
8255,906.5,286.5,0.821
8256,948.5,382.5,0.996
8257,900.5,278.5,0.968
8258,900.5,282.5,0.72
8267,950.5,350.5,0.965
8269,984.5,356.5,0.535
8270,992.5,344.5,0.985
8276,956.5,254.5,0.962
8281,138.5,150.5,0.991
8282,262.5,246.5,0.82
8298,1136.5,244.5,0.878
8303,198.5,462.5,0.988
8304,202.5,456.5,0.731
8305,1076.5,184.5,0.908
8307,842.5,466.5,0.863
8309,232.5,428.5,0.739
8318,1090.5,282.5,0.982
8337,1076.5,188.5,0.991
8338,1076.5,188.5,0.99
8339,1076.5,188.5,0.991
8340,1076.5,188.5,0.992
8341,1078.5,190.5,0.669
8343,98.5,472.5,0.92
8354,882.5,340.5,0.846
8359,1184.5,232.5,0.988
8360,1076.5,190.5,0.989
8361,1192.5,202.5,0.992
8362,1196.5,186.5,0.993
8363,1196.5,172.5,0.991
8364,1194.5,160.5,0.973
8365,1190.5,152.5,0.993
8366,316.5,336.5,0.61
8371,1124.5,240.5,0.895
8375,1114.5,178.5,0.974
8379,902.5,326.5,0.994
8380,894.5,326.5,0.986
8381,888.5,322.5,0.992
8382,882.5,320.5,0.98
8384,420.5,194.5,0.926
8385,422.5,200.5,0.969
8403,428.5,212.5,0.792
8404,422.5,202.5,0.991
8405,420.5,186.5,0.666
8406,414.5,172.5,0.995
8410,430.5,168.5,0.96
8411,442.5,182.5,0.992
8412,450.5,196.5,0.99
8413,466.5,224.5,0.992
8414,480.5,248.5,0.996
8415,490.5,238.5,0.996
8416,498.5,224.5,0.997
8417,506.5,212.5,0.996
8418,514.5,204.5,0.997
8419,524.5,198.5,0.995
8420,534.5,194.5,0.995
8421,542.5,194.5,0.996
8422,552.5,194.5,0.996
8423,562.5,198.5,0.996
8424,574.5,206.5,0.996
8425,584.5,214.5,0.994
8426,594.5,226.5,0.996
8427,604.5,240.5,0.995
8428,614.5,256.5,0.995
8429,624.5,274.5,0.991
8430,634.5,296.5,0.997
8431,642.5,320.5,0.998
8432,654.5,318.5,0.998
8433,664.5,306.5,0.998
8434,674.5,296.5,0.998
8435,684.5,290.5,0.997
8436,694.5,284.5,0.995
8437,708.5,284.5,0.996
8438,720.5,284.5,0.995
8439,1106.5,172.5,0.995
8440,730.5,288.5,0.997
8441,740.5,296.5,0.997
8442,750.5,304.5,0.998
8443,760.5,318.5,0.998
8444,770.5,330.5,0.998
8445,778.5,348.5,0.998
8446,788.5,370.5,0.997
8447,796.5,390.5,0.992
8448,810.5,392.5,0.992
8449,824.5,378.5,0.996
8450,836.5,370.5,0.998
8451,852.5,368.5,0.998
8452,864.5,366.5,0.995
8453,876.5,366.5,0.992
8454,894.5,374.5,0.995
8455,904.5,382.5,0.998
8456,910.5,394.5,0.994
8457,914.5,400.5,0.881
8461,344.5,140.5,0.972
8462,342.5,122.5,0.979
8464,1234.5,348.5,0.989
8469,1080.5,410.5,0.955
8470,1098.5,174.5,0.978
8471,1250.5,182.5,0.899
8497,1234.5,348.5,0.994
8498,1234.5,348.5,0.849
8501,342.5,330.5,0.953
8503,1092.5,174.5,0.67
8507,124.5,232.5,0.5
8514,136.5,232.5,0.96
8525,906.5,416.5,0.925
8530,916.5,292.5,0.73
8531,916.5,282.5,0.997
8532,920.5,272.5,0.998
8533,920.5,266.5,0.995
8534,924.5,264.5,0.962
8535,922.5,268.5,0.978
8536,924.5,274.5,0.996
8537,922.5,286.5,0.996
8538,924.5,298.5,0.98
8539,918.5,318.5,0.969
8540,916.5,334.5,0.997
8541,916.5,360.5,0.997
8542,910.5,380.5,0.839
8543,902.5,416.5,0.955
8545,852.5,442.5,0.971
8546,804.5,436.5,0.992
8547,760.5,408.5,0.979
8548,730.5,366.5,0.992
8549,698.5,326.5,0.992
8550,670.5,302.5,0.997
8551,634.5,274.5,0.997
8552,612.5,262.5,0.996
8553,594.5,254.5,0.995
8554,574.5,246.5,0.994
8555,552.5,242.5,0.995
8556,534.5,240.5,0.996
8557,518.5,242.5,0.996
8558,504.5,246.5,0.996
8559,490.5,250.5,0.997
8560,476.5,256.5,0.994
8561,464.5,238.5,0.995
8562,452.5,222.5,0.998
8563,442.5,208.5,0.994
8564,432.5,196.5,0.991
8565,444.5,188.5,0.994
8566,480.5,182.5,0.998
8567,510.5,180.5,0.997
8568,546.5,180.5,0.993
8569,588.5,180.5,0.994
8570,622.5,184.5,0.995
8571,658.5,192.5,0.997
8572,696.5,202.5,0.996
8573,734.5,214.5,0.998
8574,770.5,230.5,0.998
8575,812.5,250.5,0.998
8576,850.5,272.5,0.999
8577,892.5,300.5,0.989
8578,928.5,328.5,0.997
8579,974.5,366.5,0.998
8584,1162.5,584.5,0.996
8585,1194.5,634.5,0.989
8586,1226.5,686.5,0.986
8587,316.5,172.5,0.931
8589,1234.5,348.5,0.995
8590,1234.5,348.5,0.99
8592,330.5,144.5,0.99
8593,322.5,136.5,0.992
8594,318.5,128.5,0.994
8595,312.5,120.5,0.801
8596,1272.5,674.5,0.988
8597,1246.5,666.5,0.995
8598,1218.5,660.5,0.994
8599,1196.5,660.5,0.984
8600,1168.5,660.5,0.996
8601,1146.5,662.5,0.966
8605,1058.5,666.5,0.991
8606,1044.5,660.5,0.989
8607,1034.5,658.5,0.997
8608,1022.5,656.5,0.997
8609,1018.5,648.5,0.997
8610,1012.5,640.5,0.999
8611,1008.5,638.5,0.991
8622,296.5,176.5,0.889
8624,204.5,218.5,0.536
8626,174.5,242.5,0.977
8628,340.5,216.5,0.99
8631,340.5,206.5,0.514
8632,178.5,232.5,0.973
8634,202.5,242.5,0.665
8640,200.5,244.5,0.842
8654,304.5,188.5,0.99
8655,302.5,176.5,0.992
8656,300.5,170.5,0.997
8657,296.5,158.5,0.996
8658,292.5,142.5,0.995
8659,288.5,124.5,0.997
8660,284.5,110.5,0.995
8661,284.5,96.5,0.991
8662,284.5,88.5,0.989
8667,734.5,278.5,0.972
8668,712.5,254.5,0.99
8669,682.5,226.5,0.998
8670,658.5,206.5,0.998
8671,636.5,186.5,0.997
8672,612.5,174.5,0.994
8673,594.5,164.5,0.996
8674,574.5,156.5,0.994
8675,556.5,154.5,0.996
8676,538.5,154.5,0.996
8677,524.5,156.5,0.995
8678,506.5,162.5,0.998
8679,494.5,168.5,0.997
8680,480.5,178.5,0.998
8681,466.5,188.5,0.997
8682,454.5,200.5,0.995
8683,444.5,216.5,0.996
8684,434.5,230.5,0.998
8685,424.5,248.5,0.998
8686,416.5,262.5,0.997
8687,404.5,270.5,0.996
8688,396.5,250.5,0.998
8689,386.5,228.5,0.997
8690,378.5,210.5,0.998
8691,372.5,196.5,0.998
8692,364.5,184.5,0.997
8693,356.5,172.5,0.999
8694,350.5,166.5,0.997
8695,344.5,162.5,0.998
8696,338.5,158.5,0.997
8697,332.5,160.5,0.996
8698,326.5,162.5,0.996
8699,322.5,166.5,0.993
8700,318.5,176.5,0.968
8701,314.5,182.5,0.959
8702,312.5,192.5,0.988
8703,308.5,204.5,0.992
8704,306.5,216.5,0.998
8705,304.5,206.5,0.994
8706,304.5,192.5,0.995
8707,302.5,182.5,0.997
8708,302.5,172.5,0.997
8709,302.5,166.5,0.995
8710,302.5,160.5,0.992
8711,302.5,160.5,0.773
8714,306.5,162.5,0.993
8715,306.5,166.5,0.996
8716,310.5,174.5,0.995
8717,314.5,186.5,0.996
8718,316.5,198.5,0.998
8719,318.5,208.5,0.994
8720,322.5,220.5,0.989
8721,316.5,198.5,0.995
8722,314.5,180.5,0.997
8723,308.5,162.5,0.996
8724,306.5,148.5,0.996
8725,302.5,134.5,0.995
8726,298.5,124.5,0.995
8727,296.5,116.5,0.993
8728,256.5,238.5,0.939
8729,290.5,108.5,0.991
8730,288.5,112.5,0.659
8732,286.5,114.5,0.992
8733,286.5,120.5,0.995
8734,286.5,128.5,0.997
8735,286.5,136.5,0.997
8736,286.5,148.5,0.996
8737,286.5,168.5,0.99
8744,828.5,324.5,0.653
8746,896.5,334.5,0.944
8747,278.5,160.5,0.622
8748,278.5,176.5,0.993
8749,288.5,184.5,0.863
8750,892.5,106.5,0.788
8751,894.5,104.5,0.92
8752,892.5,104.5,0.928
8753,894.5,104.5,0.981
8754,442.5,260.5,0.777
8756,892.5,104.5,0.946
8757,892.5,104.5,0.843
8758,892.5,104.5,0.937
8760,300.5,160.5,0.941
8762,278.5,174.5,0.784
8763,892.5,104.5,0.923
8764,274.5,104.5,0.984
8765,270.5,96.5,0.988
8766,266.5,88.5,0.997
8767,266.5,84.5,0.993
8768,262.5,80.5,0.995
8769,260.5,80.5,0.992
8770,256.5,84.5,0.996
8771,258.5,86.5,0.997
8772,258.5,96.5,0.998
8773,256.5,104.5,0.998
8774,254.5,116.5,0.995
8775,264.5,136.5,0.974
8776,278.5,144.5,0.987
8777,892.5,104.5,0.916
8778,280.5,128.5,0.99
8779,292.5,126.5,0.998
8780,308.5,126.5,0.997
8781,322.5,130.5,0.968
8782,336.5,130.5,0.992
8783,350.5,136.5,0.994
8784,362.5,144.5,0.998
8785,378.5,156.5,0.995
8786,398.5,172.5,0.994
8787,412.5,168.5,0.988
8788,410.5,160.5,0.944
8789,410.5,152.5,0.914
8790,406.5,140.5,0.995
8791,400.5,136.5,0.996
8792,398.5,138.5,0.989
8793,892.5,104.5,0.891
8794,892.5,104.5,0.908
8795,892.5,104.5,0.913
8796,380.5,164.5,0.952
8797,374.5,176.5,0.994
8798,370.5,186.5,0.987
8799,892.5,104.5,0.864
8800,892.5,104.5,0.899
8801,892.5,104.5,0.901
8802,892.5,104.5,0.834
8803,892.5,104.5,0.87
8804,892.5,104.5,0.867
8805,892.5,104.5,0.879
8806,892.5,104.5,0.861
8807,892.5,104.5,0.874
8808,892.5,104.5,0.826
8809,530.5,542.5,0.875
8810,892.5,104.5,0.865
8811,892.5,104.5,0.85
8812,892.5,104.5,0.861
8813,892.5,104.5,0.69
8814,892.5,104.5,0.853
8815,892.5,104.5,0.821
8816,892.5,104.5,0.835
8817,892.5,104.5,0.837
8818,892.5,104.5,0.802
8820,892.5,104.5,0.951
8821,892.5,104.5,0.972
8822,892.5,104.5,0.928
8823,892.5,104.5,0.885
8824,250.5,210.5,0.981
8825,892.5,104.5,0.85
8826,214.5,194.5,0.986
8827,892.5,104.5,0.779
8828,892.5,104.5,0.961
8829,1018.5,572.5,0.976
8830,892.5,104.5,0.734
8831,1038.5,558.5,0.99
8832,892.5,104.5,0.877
8833,222.5,208.5,0.895
8834,240.5,222.5,0.984
8835,268.5,232.5,0.952
8836,892.5,104.5,0.872
8837,892.5,104.5,0.829
8838,892.5,104.5,0.875
8839,892.5,104.5,0.98
8840,1052.5,506.5,0.971
8841,892.5,104.5,0.939
8842,892.5,104.5,0.873
8847,308.5,240.5,0.979
8848,302.5,240.5,0.985
8849,296.5,244.5,0.887
8850,292.5,246.5,0.995
8851,286.5,248.5,0.992
8852,284.5,250.5,0.996
8853,280.5,252.5,0.996
8854,278.5,256.5,0.993
8855,278.5,256.5,0.976
8856,274.5,258.5,0.994
8857,270.5,260.5,0.99
8858,270.5,260.5,0.993
8859,268.5,262.5,0.995
8860,268.5,264.5,0.989
8861,268.5,266.5,0.994
8862,268.5,266.5,0.991
8863,266.5,266.5,0.734
8864,894.5,104.5,0.929
8865,266.5,266.5,0.981
8866,266.5,266.5,0.762
8867,818.5,330.5,0.592
8868,266.5,266.5,0.863
8869,1026.5,228.5,0.991
8870,828.5,330.5,0.591
8871,266.5,268.5,0.989
8873,264.5,270.5,0.697
8874,264.5,268.5,0.897
8875,264.5,268.5,0.977
8877,264.5,270.5,0.987
8878,266.5,272.5,0.996
8879,268.5,272.5,0.995
8880,266.5,270.5,0.997
8881,262.5,262.5,0.997
8882,256.5,248.5,0.996
8883,252.5,238.5,0.994
8884,250.5,222.5,0.989
8885,246.5,212.5,0.995
8886,244.5,206.5,0.997
8887,240.5,198.5,0.999
8888,236.5,194.5,0.998
8889,234.5,194.5,0.997
8890,234.5,196.5,0.997
8891,234.5,200.5,0.997
8892,234.5,208.5,0.998
8893,232.5,214.5,0.995
8894,230.5,230.5,0.998
8895,248.5,244.5,0.976
8896,970.5,360.5,0.99
8897,318.5,276.5,0.987
8898,350.5,272.5,0.993
8899,386.5,262.5,0.997
8900,416.5,260.5,0.995
8901,450.5,256.5,0.996
8902,482.5,256.5,0.998
8903,514.5,258.5,0.997
8904,554.5,264.5,0.997
8905,580.5,270.5,0.996
8906,614.5,284.5,0.994
8907,646.5,294.5,0.986
8908,676.5,308.5,0.997
8909,708.5,328.5,0.997
8910,738.5,322.5,0.997
8911,766.5,314.5,0.998
8912,796.5,314.5,0.996
8913,820.5,308.5,0.992
8914,850.5,310.5,0.992
8915,880.5,314.5,0.991
8916,1024.5,228.5,0.99
8917,822.5,268.5,0.999
8918,786.5,246.5,0.998
8919,750.5,228.5,0.999
8920,720.5,214.5,0.997
8921,690.5,204.5,0.995
8922,670.5,198.5,0.994
8923,632.5,190.5,0.994
8924,608.5,188.5,0.991
8925,580.5,190.5,0.992
8926,558.5,192.5,0.994
8927,536.5,196.5,0.994
8928,512.5,202.5,0.992
8929,494.5,210.5,0.996
8930,478.5,220.5,0.997
8931,456.5,234.5,0.994
8932,442.5,244.5,0.995
8933,426.5,232.5,0.997
8934,412.5,212.5,0.996
8935,396.5,198.5,0.997
8936,388.5,186.5,0.995
8937,372.5,178.5,0.995
8938,364.5,170.5,0.996
8939,350.5,166.5,0.99
8940,764.5,344.5,0.561
8942,416.5,172.5,0.995
8943,450.5,180.5,0.994
8944,490.5,194.5,0.991
8945,526.5,210.5,0.996
8946,564.5,228.5,0.998
8947,604.5,250.5,0.997
8948,634.5,270.5,0.998
8949,674.5,298.5,0.996
8950,708.5,326.5,0.993
8951,746.5,330.5,0.995
8952,784.5,324.5,0.998
8953,816.5,322.5,0.999
8954,858.5,324.5,0.997
8955,892.5,324.5,0.999
8956,928.5,332.5,0.999
8957,944.5,330.5,0.997
8958,908.5,312.5,0.998
8959,866.5,290.5,0.997
8960,830.5,274.5,0.997
8961,798.5,266.5,0.998
8962,766.5,260.5,0.998
8963,734.5,256.5,0.997
8964,706.5,256.5,0.996
8965,678.5,258.5,0.994
8966,654.5,260.5,0.99
8967,626.5,268.5,0.992
8968,610.5,274.5,0.997
8969,596.5,286.5,0.996
8970,596.5,294.5,0.997
8971,604.5,304.5,0.991
8972,608.5,296.5,0.993
8973,614.5,292.5,0.996
8974,618.5,290.5,0.997
8975,624.5,290.5,0.995
8976,630.5,294.5,0.997
8977,634.5,300.5,0.997
8978,638.5,306.5,0.997
8979,642.5,318.5,0.998
8980,650.5,314.5,0.998
8981,654.5,308.5,0.998
8982,660.5,308.5,0.998
8983,666.5,308.5,0.998
8984,672.5,310.5,0.997
8985,676.5,316.5,0.998
8986,680.5,322.5,0.997
8987,686.5,330.5,0.995
8988,692.5,326.5,0.997
8989,698.5,324.5,0.997
8990,704.5,322.5,0.996
8991,708.5,322.5,0.998
8992,714.5,326.5,0.998
8993,718.5,330.5,0.997
8994,722.5,340.5,0.998
8995,730.5,342.5,0.998
8996,736.5,336.5,0.997
8997,742.5,334.5,0.999
8998,746.5,334.5,0.998
8999,754.5,338.5,0.998
9000,758.5,344.5,0.998
9001,762.5,352.5,0.999
9002,770.5,348.5,0.998
9003,776.5,344.5,0.999
9004,780.5,342.5,0.999
9005,786.5,346.5,0.999
9006,792.5,352.5,0.999
9007,796.5,360.5,0.999
9008,802.5,358.5,0.998
9009,810.5,356.5,0.998
9010,816.5,354.5,0.998
9011,822.5,356.5,0.998
9012,826.5,360.5,0.999
9013,832.5,368.5,0.998
9014,838.5,364.5,0.999
9015,842.5,360.5,0.999
9016,850.5,360.5,0.998
9017,854.5,364.5,0.999
9018,858.5,370.5,0.999
9019,866.5,372.5,0.998
9020,870.5,368.5,0.999
9021,878.5,368.5,0.998
9022,882.5,370.5,0.997
9023,886.5,374.5,0.996
9029,874.5,386.5,0.861
9030,908.5,346.5,0.872
9035,380.5,226.5,0.612
9036,376.5,228.5,0.784
9045,916.5,402.5,0.947
9046,964.5,350.5,0.933
9047,188.5,450.5,0.929
9048,852.5,306.5,0.999
9049,822.5,262.5,0.99
9050,800.5,236.5,0.996
9051,776.5,210.5,0.995
9052,754.5,190.5,0.998
9053,730.5,170.5,0.996
9054,706.5,156.5,0.995
9055,686.5,146.5,0.993
9056,666.5,140.5,0.987
9057,642.5,138.5,0.996
9058,622.5,138.5,0.996
9059,602.5,142.5,0.992
9060,584.5,150.5,0.995
9061,568.5,160.5,0.997
9062,552.5,172.5,0.996
9063,538.5,186.5,0.995
9064,522.5,204.5,0.993
9065,510.5,222.5,0.996
9066,498.5,242.5,0.997
9067,488.5,262.5,0.997
9068,476.5,282.5,0.995
9069,466.5,304.5,0.995
9070,454.5,276.5,0.996
9071,442.5,252.5,0.998
9072,434.5,234.5,0.998
9073,422.5,212.5,0.995
9074,412.5,198.5,0.997
9075,402.5,184.5,0.998
9076,394.5,174.5,0.997
9077,382.5,164.5,0.996
9078,376.5,160.5,0.996
9079,368.5,160.5,0.995
9080,360.5,160.5,0.994
9081,352.5,164.5,0.994
9082,348.5,168.5,0.994
9083,340.5,176.5,0.997
9084,336.5,186.5,0.99
9085,326.5,198.5,0.959
9086,322.5,190.5,0.689
9088,312.5,188.5,0.989
9089,308.5,194.5,0.958
9090,308.5,196.5,0.989
9093,318.5,218.5,0.958
9096,1234.5,350.5,0.665
9097,1234.5,348.5,0.95
9098,1234.5,348.5,0.872
9099,284.5,252.5,0.997
9100,282.5,254.5,0.994
9101,1234.5,348.5,0.996
9102,276.5,256.5,0.992
9103,276.5,258.5,0.989
9104,276.5,260.5,0.994
9105,276.5,262.5,0.994
9106,276.5,264.5,0.991
9107,276.5,266.5,0.993
9108,276.5,270.5,0.993
9109,276.5,264.5,0.992
9110,272.5,258.5,0.903
9111,266.5,240.5,0.996
9112,264.5,226.5,0.996
9113,260.5,208.5,0.985
9114,258.5,192.5,0.993
9115,254.5,180.5,0.997
9116,254.5,172.5,0.997
9117,254.5,164.5,0.999
9118,252.5,160.5,0.999
9119,250.5,160.5,0.997
9120,250.5,160.5,0.998
9121,252.5,164.5,0.997
9122,252.5,168.5,0.998
9123,252.5,176.5,0.998
9126,260.5,212.5,0.956
9127,282.5,228.5,0.996
9128,336.5,268.5,0.991
9129,338.5,278.5,0.991
9130,356.5,272.5,0.986
9131,382.5,262.5,0.996
9132,404.5,256.5,0.994
9133,430.5,254.5,0.995
9134,454.5,254.5,0.994
9135,480.5,256.5,0.996
9136,502.5,260.5,0.998
9137,532.5,270.5,0.993
9138,554.5,278.5,0.996
9139,584.5,296.5,0.996
9140,610.5,314.5,0.988
9141,634.5,330.5,0.994
9142,664.5,354.5,0.992
9143,686.5,384.5,0.996
9144,714.5,378.5,0.992
9145,738.5,368.5,0.998
9146,756.5,360.5,0.997
9147,780.5,356.5,0.997
9148,806.5,354.5,0.995
9149,822.5,352.5,0.934
9151,754.5,304.5,0.992
9152,718.5,284.5,0.994
9153,688.5,270.5,0.995
9154,654.5,258.5,0.992
9155,626.5,248.5,0.994
9156,594.5,242.5,0.995
9157,570.5,240.5,0.988
9158,546.5,240.5,0.993
9159,524.5,244.5,0.993
9160,506.5,246.5,0.996
9161,488.5,252.5,0.996
9162,468.5,262.5,0.997
9163,454.5,274.5,0.998
9164,438.5,284.5,0.997
9165,426.5,266.5,0.997
9166,412.5,244.5,0.998
9167,398.5,230.5,0.997
9168,386.5,216.5,0.997
9169,374.5,204.5,0.995
9170,366.5,198.5,0.995
9171,356.5,194.5,0.995
9172,386.5,196.5,0.992
9173,434.5,196.5,0.997
9174,476.5,204.5,0.993
9175,526.5,214.5,0.994
9176,570.5,226.5,0.998
9177,618.5,240.5,0.998
9178,670.5,258.5,0.997
9179,706.5,272.5,0.999
9180,750.5,292.5,0.997
9181,808.5,324.5,0.992
9182,834.5,332.5,0.996
9183,894.5,322.5,0.999
9184,932.5,314.5,0.994
9185,978.5,308.5,0.991
9186,1020.5,308.5,0.997
9187,1060.5,310.5,0.885
9188,1050.5,284.5,0.993
9189,1018.5,258.5,0.994
9190,962.5,218.5,0.987
9191,924.5,194.5,0.997
9192,872.5,164.5,0.881
9193,830.5,144.5,0.997
9194,796.5,134.5,0.996
9195,758.5,124.5,0.995
9196,718.5,116.5,0.996
9197,682.5,114.5,0.997
9198,650.5,112.5,0.992
9199,620.5,114.5,0.997
9200,590.5,120.5,0.996
9201,560.5,126.5,0.994
9202,528.5,138.5,0.993
9203,510.5,150.5,0.994
9204,482.5,164.5,0.997
9205,460.5,180.5,0.998
9206,438.5,196.5,0.996
9207,420.5,212.5,0.993
9208,402.5,234.5,0.998
9209,386.5,254.5,0.993
9210,370.5,238.5,0.995
9211,352.5,214.5,0.994
9212,338.5,194.5,0.996
9213,324.5,178.5,0.995
9214,308.5,164.5,0.992
9215,292.5,152.5,0.993
9216,282.5,144.5,0.997
9217,270.5,138.5,0.997
9218,258.5,136.5,0.992
9219,244.5,134.5,0.995
9222,348.5,158.5,0.989
9223,396.5,172.5,0.996
9224,444.5,186.5,0.991
9225,494.5,206.5,0.992
9226,546.5,226.5,0.998
9227,594.5,246.5,0.998
9228,640.5,268.5,0.997
9229,692.5,292.5,0.97
9230,758.5,326.5,0.993
9231,800.5,356.5,0.996
9232,846.5,356.5,0.998
9233,898.5,354.5,0.997
9234,976.5,352.5,0.988
9235,1012.5,354.5,0.989
9236,1066.5,356.5,0.99
9237,1122.5,366.5,0.993
9238,1178.5,376.5,0.989
9239,1228.5,382.5,0.98
9241,1240.5,392.5,0.578
9242,1182.5,364.5,0.986
9243,1120.5,340.5,0.988
9244,1060.5,324.5,0.978
9245,1010.5,318.5,0.993
9246,946.5,308.5,0.995
9247,892.5,308.5,0.996
9248,848.5,308.5,0.997
9249,800.5,326.5,0.98
9250,762.5,322.5,0.996
9251,718.5,330.5,0.996
9252,674.5,346.5,0.997
9253,640.5,366.5,0.995
9254,602.5,368.5,0.998
9255,576.5,342.5,0.996
9256,550.5,320.5,0.997
9257,530.5,310.5,0.995
9258,502.5,292.5,0.994
9259,478.5,282.5,0.996
9260,452.5,274.5,0.991
9261,428.5,270.5,0.993
9262,402.5,268.5,0.993
9263,384.5,268.5,0.995
9264,364.5,274.5,0.994
9265,346.5,280.5,0.997
9266,326.5,290.5,0.998
9267,314.5,298.5,0.994
9268,298.5,316.5,0.999
9269,286.5,330.5,0.995
9270,272.5,348.5,0.997
9271,262.5,368.5,0.993
9272,252.5,386.5,0.991
9273,244.5,408.5,0.995
9274,234.5,432.5,0.988
9275,230.5,456.5,0.975
9276,214.5,456.5,0.994
9277,198.5,440.5,0.995
9278,182.5,426.5,0.995
9279,166.5,412.5,0.995
9280,148.5,400.5,0.986
9281,132.5,394.5,0.995
9282,118.5,388.5,0.994
9283,106.5,384.5,0.995
9287,68.5,350.5,0.552
9291,42.5,248.5,0.992
9292,34.5,232.5,0.987
9293,32.5,218.5,0.993
9294,28.5,206.5,0.996
9295,26.5,196.5,0.995
9296,24.5,188.5,0.997
9297,24.5,184.5,0.994
9298,22.5,180.5,0.993
9299,24.5,184.5,0.998
9300,24.5,186.5,0.998
9301,24.5,190.5,0.998
9302,34.5,180.5,0.984
9303,42.5,164.5,0.988
9304,58.5,144.5,0.993
9305,76.5,120.5,0.99
9306,78.5,122.5,0.989
9307,88.5,108.5,0.983
9308,102.5,98.5,0.994
9309,122.5,88.5,0.975
9310,136.5,84.5,0.976
9311,150.5,78.5,0.974
9312,174.5,76.5,0.969
9313,192.5,78.5,0.992
9314,204.5,84.5,0.986
9316,298.5,322.5,0.985
9317,258.5,114.5,0.77
9318,274.5,128.5,0.873
9319,288.5,132.5,0.977
9320,296.5,122.5,0.993
9321,306.5,112.5,0.991
9322,262.5,182.5,0.606
9323,324.5,90.5,0.995
9327,352.5,88.5,0.641
9329,362.5,108.5,0.943
9330,362.5,114.5,0.987
9331,368.5,130.5,0.994
9332,374.5,146.5,0.856
9333,378.5,158.5,0.989
9334,386.5,168.5,0.99
9335,392.5,178.5,0.997
9336,396.5,188.5,0.987
9337,406.5,194.5,0.991
9340,386.5,74.5,0.86
9359,476.5,258.5,0.983
9365,1076.5,198.5,0.525
9378,72.5,460.5,0.815
9383,1234.5,348.5,0.925
9384,422.5,188.5,0.988
9385,422.5,178.5,0.99
9386,1234.5,348.5,0.969
9388,1234.5,348.5,0.922
9389,446.5,200.5,0.988
9390,1234.5,348.5,0.731
9391,478.5,242.5,0.99
9392,494.5,228.5,0.995
9393,510.5,216.5,0.99
9394,524.5,210.5,0.995
9395,538.5,206.5,0.991
9396,556.5,202.5,0.994
9397,572.5,200.5,0.996
9398,590.5,202.5,0.995
9399,608.5,208.5,0.993
9400,626.5,216.5,0.994
9401,642.5,226.5,0.997
9402,650.5,236.5,0.986
9403,678.5,256.5,0.998
9404,696.5,276.5,0.988
9405,708.5,292.5,0.882
9406,726.5,316.5,0.993
9407,740.5,336.5,0.997
9408,762.5,324.5,0.998
9409,778.5,314.5,0.997
9410,800.5,304.5,0.995
9411,814.5,298.5,0.995
9412,830.5,296.5,0.991
9413,852.5,292.5,0.988
9414,868.5,294.5,0.986
9415,886.5,298.5,0.981
9416,972.5,420.5,0.985
9417,922.5,322.5,0.991
9418,938.5,332.5,0.994
9419,954.5,350.5,0.87
9420,968.5,370.5,0.994
9421,978.5,358.5,0.914
9422,980.5,334.5,0.999
9423,984.5,312.5,0.981
9424,984.5,290.5,0.989
9425,988.5,274.5,0.989
9426,994.5,262.5,0.995
9427,994.5,254.5,0.996
9428,994.5,250.5,0.988
9429,994.5,244.5,0.991
9430,992.5,248.5,0.856
9431,992.5,252.5,0.994
9432,992.5,260.5,0.994
9433,1234.5,348.5,0.995
9434,982.5,418.5,0.991
9435,972.5,406.5,0.994
9436,978.5,330.5,0.996
9437,972.5,352.5,0.997
9438,964.5,372.5,0.996
9439,960.5,372.5,0.998
9440,964.5,370.5,0.966
9441,966.5,364.5,0.833
9446,1234.5,348.5,0.993
9447,1234.5,348.5,0.966
9448,1234.5,350.5,0.703
9460,924.5,466.5,0.919
9461,908.5,444.5,0.652
9462,904.5,416.5,0.672
9468,916.5,286.5,0.989
9469,918.5,280.5,0.997
9470,922.5,274.5,0.998
9471,926.5,274.5,0.998
9472,930.5,276.5,0.996
9473,932.5,286.5,0.993
9474,932.5,296.5,0.987
9475,932.5,310.5,0.985
9476,932.5,330.5,0.991
9477,930.5,348.5,0.997
9478,912.5,474.5,0.991
9479,930.5,404.5,0.995
9480,928.5,426.5,0.998
9481,892.5,442.5,0.994
9482,886.5,418.5,0.802
9483,778.5,406.5,0.98
9484,730.5,392.5,0.985
9485,686.5,388.5,0.992
9486,642.5,372.5,0.992
9487,604.5,338.5,0.993
9488,574.5,316.5,0.997
9489,544.5,298.5,0.998
9490,516.5,284.5,0.991
9491,496.5,272.5,0.997
9492,470.5,266.5,0.996
9493,452.5,260.5,0.997
9494,434.5,260.5,0.993
9495,416.5,260.5,0.993
9496,398.5,262.5,0.997
9497,384.5,266.5,0.997
9498,932.5,484.5,0.993
9499,354.5,242.5,0.982
9500,338.5,230.5,0.992
9501,326.5,222.5,0.996
9502,336.5,216.5,0.994
9503,364.5,206.5,0.998
9504,398.5,200.5,0.995
9505,418.5,198.5,0.992
9506,450.5,198.5,0.995
9507,480.5,202.5,0.993
9508,508.5,208.5,0.997
9509,542.5,218.5,0.995
9510,574.5,228.5,0.999
9511,606.5,244.5,0.997
9512,638.5,262.5,0.998
9513,1234.5,348.5,0.992
9514,698.5,296.5,0.996
9515,728.5,320.5,0.996
9516,758.5,348.5,0.997
9517,792.5,382.5,0.996
9518,824.5,386.5,0.994
9519,852.5,374.5,0.998
9520,886.5,370.5,0.995
9521,916.5,366.5,0.992
9522,958.5,366.5,0.997
9523,986.5,370.5,0.995
9524,1016.5,376.5,0.989
9525,1048.5,386.5,0.984
9526,1076.5,386.5,0.934
9527,1100.5,374.5,0.981
9528,1118.5,370.5,0.998
9533,1074.5,438.5,0.56
9538,1108.5,384.5,0.998
9539,272.5,198.5,0.891
9540,274.5,192.5,0.985
9541,272.5,186.5,0.984
9542,1048.5,418.5,0.988
9543,1038.5,436.5,0.982
9544,1022.5,450.5,0.982
9545,1006.5,468.5,0.99
9546,992.5,486.5,0.996
9547,980.5,510.5,0.995
9548,966.5,532.5,0.996
9549,1236.5,350.5,0.985
9550,942.5,582.5,0.975
9551,934.5,586.5,0.996
9552,934.5,566.5,0.997
9553,932.5,546.5,0.998
9554,930.5,532.5,0.996
9555,926.5,520.5,0.996
9556,924.5,510.5,0.987
9557,918.5,504.5,0.986
9560,906.5,596.5,0.986
9561,914.5,572.5,0.994
9562,920.5,556.5,0.993
9563,924.5,538.5,0.99
9564,928.5,526.5,0.995
9565,932.5,514.5,0.997
9566,934.5,506.5,0.998
9567,938.5,502.5,0.996
9568,940.5,500.5,0.997
9569,942.5,500.5,0.997
9570,944.5,504.5,0.997
9571,944.5,514.5,0.998
9572,944.5,522.5,0.998
9573,942.5,532.5,0.996
9574,946.5,504.5,0.995
9582,1012.5,416.5,0.986
9583,1018.5,426.5,0.988
9584,1022.5,438.5,0.991
9585,1028.5,450.5,0.978
9600,876.5,340.5,0.914
9605,918.5,424.5,0.721
9607,938.5,390.5,0.988
9612,902.5,308.5,0.628
9613,906.5,294.5,0.989
9614,910.5,288.5,0.997
9615,912.5,280.5,0.998
9616,914.5,280.5,0.994
9617,916.5,286.5,0.995
9618,914.5,294.5,0.988
9619,916.5,306.5,0.991
9620,914.5,324.5,0.995
9621,914.5,338.5,0.997
9622,912.5,356.5,0.998
9623,908.5,378.5,0.958
9624,900.5,402.5,0.662
9626,868.5,454.5,0.742
9627,818.5,438.5,0.986
9628,772.5,436.5,0.989
9629,738.5,404.5,0.981
9630,706.5,370.5,0.991
9631,676.5,336.5,0.995
9632,650.5,310.5,0.996
9633,626.5,290.5,0.995
9634,604.5,278.5,0.996
9635,578.5,266.5,0.997
9636,558.5,258.5,0.996
9637,540.5,256.5,0.995
9638,522.5,252.5,0.995
9639,506.5,258.5,0.998
9640,492.5,260.5,0.997
9641,478.5,264.5,0.997
9642,464.5,246.5,0.997
9643,454.5,234.5,0.997
9644,442.5,220.5,0.996
9645,430.5,210.5,0.994
9646,420.5,204.5,0.998
9647,416.5,198.5,0.986
9648,432.5,190.5,0.995
9649,462.5,184.5,0.99
9650,484.5,180.5,0.991
9651,510.5,180.5,0.993
9652,540.5,184.5,0.992
9653,566.5,190.5,0.994
9654,592.5,198.5,0.994
9655,616.5,206.5,0.989
9656,640.5,218.5,0.997
9657,674.5,240.5,0.999
9658,702.5,258.5,0.995
9659,730.5,280.5,0.992
9660,754.5,304.5,0.992
9661,780.5,330.5,0.997
9662,810.5,362.5,0.996
9663,834.5,358.5,0.998
9664,862.5,346.5,0.997
9665,886.5,338.5,0.999
9666,910.5,332.5,0.996
9667,940.5,330.5,0.995
9668,966.5,330.5,0.988
9669,994.5,332.5,0.986
9670,1016.5,336.5,0.997
9676,1040.5,330.5,0.924
9677,1004.5,302.5,0.995
9678,942.5,258.5,0.995
9679,892.5,228.5,0.996
9680,844.5,204.5,0.99
9681,794.5,184.5,0.996
9682,762.5,176.5,0.996
9683,722.5,168.5,0.996
9684,686.5,164.5,0.997
9685,652.5,164.5,0.995
9686,622.5,166.5,0.993
9687,596.5,172.5,0.988
9688,572.5,180.5,0.996
9689,550.5,190.5,0.992
9690,530.5,200.5,0.996
9691,510.5,214.5,0.993
9692,492.5,232.5,0.995
9693,476.5,246.5,0.997
9694,460.5,264.5,0.998
9695,442.5,244.5,0.998
9696,430.5,224.5,0.997
9697,416.5,204.5,0.997
9698,402.5,186.5,0.997
9699,390.5,172.5,0.996
9700,374.5,160.5,0.994
9701,366.5,152.5,0.997
9702,356.5,146.5,0.996
9703,342.5,140.5,0.997
9705,404.5,172.5,0.979
9706,448.5,192.5,0.989
9707,502.5,220.5,0.99
9708,548.5,246.5,0.991
9712,594.5,284.5,0.986
9714,588.5,290.5,0.887
9715,578.5,274.5,0.998
9716,574.5,266.5,0.996
9717,570.5,262.5,0.999
9718,566.5,262.5,0.998
9719,560.5,260.5,0.999
9720,556.5,264.5,0.998
9721,554.5,270.5,0.998
9722,550.5,264.5,0.998
9723,546.5,258.5,0.998
9724,540.5,250.5,0.998
9725,540.5,248.5,0.992
9726,536.5,248.5,0.998
9727,530.5,248.5,0.997
9728,528.5,252.5,0.997
9729,530.5,252.5,0.997
9730,524.5,252.5,0.995
9731,522.5,244.5,0.998
9732,518.5,242.5,0.996
9733,516.5,238.5,0.992
9734,512.5,238.5,0.912
9735,508.5,238.5,0.99
9736,506.5,242.5,0.996
9737,502.5,240.5,0.995
9738,500.5,232.5,0.996
9739,498.5,228.5,0.996
9740,494.5,228.5,0.992
9741,492.5,226.5,0.68
9742,490.5,230.5,0.994
9743,486.5,230.5,0.996
9744,482.5,224.5,0.997
9745,482.5,220.5,0.997
9746,476.5,224.5,0.979
9747,464.5,224.5,0.993
9748,444.5,222.5,0.994
9750,398.5,226.5,0.937
9751,370.5,218.5,0.985
9752,346.5,210.5,0.984
9753,1234.5,348.5,0.994
9755,310.5,178.5,0.703
9764,332.5,194.5,0.987
9766,346.5,208.5,0.994
9767,72.5,456.5,0.917
9771,270.5,234.5,0.705
9772,258.5,226.5,0.697
9773,252.5,228.5,0.986
9778,268.5,236.5,0.684
9780,360.5,200.5,0.747
9781,270.5,234.5,0.98
9783,324.5,250.5,0.883
9786,262.5,226.5,0.9
9787,264.5,228.5,0.989
9788,334.5,172.5,0.624
9789,74.5,472.5,0.576
9790,882.5,334.5,0.952
9792,882.5,336.5,0.628
9793,266.5,228.5,0.991
9794,260.5,230.5,0.945
9800,276.5,228.5,0.831
9810,302.5,202.5,0.965
9814,878.5,334.5,0.958
9815,396.5,150.5,0.988
9816,412.5,168.5,0.989
9817,422.5,192.5,0.99
9818,432.5,200.5,0.994
9819,450.5,220.5,0.996
9820,468.5,244.5,0.995
9821,488.5,268.5,0.997
9822,498.5,252.5,0.998
9823,506.5,242.5,0.996
9824,518.5,226.5,0.998
9825,528.5,216.5,0.996
9826,538.5,208.5,0.995
9827,550.5,202.5,0.998
9828,562.5,200.5,0.993
9829,574.5,200.5,0.994
9830,584.5,202.5,0.998
9831,598.5,208.5,0.997
9832,608.5,214.5,0.994
9833,620.5,226.5,0.996
9834,632.5,240.5,0.997
9835,640.5,252.5,0.993
9836,650.5,268.5,0.996
9837,666.5,292.5,0.994
9838,674.5,314.5,0.991
9839,684.5,338.5,0.996
9840,698.5,330.5,0.998
9841,708.5,322.5,0.997
9842,718.5,306.5,0.997
9843,726.5,298.5,0.996
9844,740.5,292.5,0.997
9845,752.5,288.5,0.997
9846,762.5,288.5,0.997
9847,774.5,292.5,0.998
9848,786.5,296.5,0.997
9849,796.5,304.5,0.997
9850,806.5,316.5,0.997
9851,814.5,330.5,0.998
9852,826.5,348.5,0.997
9853,824.5,346.5,0.997
9854,938.5,294.5,0.989
9855,850.5,418.5,0.964
9856,862.5,406.5,0.992
9857,878.5,392.5,0.991
9858,890.5,384.5,0.996
9859,680.5,326.5,0.658
9870,884.5,340.5,0.955
9891,68.5,612.5,0.562
9894,1132.5,298.5,0.838
9904,950.5,298.5,0.985
9905,878.5,322.5,0.999
9906,852.5,306.5,0.998
9907,810.5,278.5,0.996
9908,778.5,262.5,0.998
9909,744.5,248.5,0.995
9910,710.5,236.5,0.992
9911,680.5,228.5,0.994
9912,648.5,224.5,0.995
9913,630.5,224.5,0.995
9914,604.5,224.5,0.989
9915,584.5,226.5,0.994
9916,560.5,232.5,0.993
9917,542.5,240.5,0.994
9918,524.5,250.5,0.999
9919,506.5,236.5,0.995
9920,488.5,220.5,0.993
9921,474.5,208.5,0.99
9922,458.5,198.5,0.995
9923,448.5,190.5,0.99
9924,438.5,186.5,0.995
9925,454.5,178.5,0.999
9926,468.5,170.5,0.994
9927,488.5,164.5,0.992
9928,504.5,162.5,0.995
9929,524.5,162.5,0.994
9930,544.5,166.5,0.993
9931,562.5,172.5,0.993
9932,582.5,180.5,0.996
9933,602.5,192.5,0.993
9934,622.5,208.5,0.993
9935,642.5,226.5,0.997
9936,372.5,184.5,0.991
9937,362.5,186.5,0.99
9938,350.5,186.5,0.99
9939,722.5,330.5,0.995
9940,746.5,364.5,0.993
9941,762.5,406.5,0.975
9942,786.5,428.5,0.997
9943,808.5,414.5,0.992
9944,834.5,400.5,0.99
9945,850.5,388.5,0.995
9946,894.5,336.5,0.984
9947,818.5,328.5,0.99
9948,1232.5,350.5,0.91
9949,764.5,272.5,0.998
9950,730.5,246.5,0.998
9951,698.5,224.5,0.996
9952,672.5,208.5,0.999
9953,640.5,194.5,0.996
9954,612.5,186.5,0.994
9955,592.5,180.5,0.991
9956,570.5,180.5,0.991
9957,550.5,180.5,0.994
9958,532.5,186.5,0.996
9959,518.5,192.5,0.996
9960,506.5,202.5,0.996
9961,492.5,210.5,0.996
9962,484.5,224.5,0.997
9963,474.5,234.5,0.998
9964,468.5,250.5,0.995
9965,456.5,254.5,0.994
9966,446.5,232.5,0.994
9967,438.5,208.5,0.996
9968,434.5,192.5,0.997
9969,426.5,178.5,0.998
9970,418.5,166.5,0.996
9971,414.5,156.5,0.997
9972,406.5,148.5,0.993
9973,404.5,142.5,0.992
9975,426.5,160.5,0.876
9976,460.5,174.5,0.997
9977,492.5,194.5,0.997
9978,526.5,216.5,0.995
9979,560.5,242.5,0.998
9980,610.5,278.5,0.991
9981,356.5,188.5,0.992
9982,662.5,328.5,0.656
9983,714.5,390.5,0.984
9984,750.5,390.5,0.989
9985,794.5,388.5,0.993
9986,844.5,396.5,0.994
9988,932.5,418.5,0.996
9989,994.5,436.5,0.995
9990,1042.5,454.5,0.991
9992,994.5,408.5,0.993
9993,908.5,354.5,0.998
9994,878.5,338.5,0.998
9995,1102.5,352.5,0.993
9996,766.5,290.5,0.998
9997,730.5,276.5,0.997
9998,688.5,268.5,0.997
9999,652.5,262.5,0.981
10000,626.5,262.5,0.99
10001,594.5,262.5,0.99
10002,574.5,266.5,0.997
10003,552.5,274.5,0.997
10004,532.5,282.5,0.993
10005,516.5,296.5,0.991
10006,498.5,284.5,0.995
10007,486.5,264.5,0.998
10008,474.5,240.5,0.996
10009,460.5,224.5,0.999
10010,450.5,210.5,0.997
10011,438.5,198.5,0.995
10012,430.5,190.5,0.998
10013,422.5,186.5,0.998
10014,412.5,182.5,0.998
10015,406.5,184.5,0.994
10016,414.5,180.5,0.994
10017,432.5,174.5,0.988
10018,450.5,170.5,0.995
10019,468.5,170.5,0.994
10020,490.5,170.5,0.994
10021,514.5,174.5,0.988
10022,534.5,180.5,0.994
10023,558.5,188.5,0.992
10024,582.5,200.5,0.992
10025,606.5,214.5,0.991
10026,632.5,232.5,0.992
10027,646.5,244.5,0.993
10028,678.5,276.5,0.94
10029,698.5,294.5,0.996
10030,720.5,320.5,0.995
10031,740.5,342.5,0.992
10032,756.5,328.5,0.995
10033,780.5,312.5,0.996
10034,802.5,300.5,0.994
10035,818.5,294.5,0.994
10036,838.5,286.5,0.99
10037,860.5,282.5,0.99
10038,878.5,280.5,0.996
10039,1234.5,348.5,0.994
10040,916.5,290.5,0.992
10041,932.5,298.5,0.99
10042,946.5,308.5,0.992
10043,964.5,326.5,0.996
10044,978.5,342.5,0.996
10045,954.5,328.5,0.971
10046,922.5,310.5,0.964
10047,856.5,270.5,0.998
10048,804.5,244.5,0.997
10049,760.5,226.5,0.998
10050,716.5,210.5,0.998
10051,674.5,198.5,0.997
10052,634.5,190.5,0.995
10053,594.5,186.5,0.997
10054,560.5,186.5,0.996
10055,526.5,186.5,0.996
10056,492.5,190.5,0.998
10057,464.5,196.5,0.995
10058,436.5,206.5,0.991
10059,414.5,216.5,0.994
10060,390.5,228.5,0.982
10061,370.5,242.5,0.997
10062,344.5,264.5,0.994
10063,330.5,264.5,0.996
10064,306.5,238.5,0.999
10065,290.5,220.5,0.993
10066,272.5,206.5,0.98
10067,262.5,192.5,0.993
10068,242.5,184.5,0.504
10069,222.5,172.5,0.995
10070,212.5,168.5,0.994
10071,200.5,166.5,0.991
10072,204.5,154.5,0.959
10073,1128.5,408.5,0.697
10074,342.5,170.5,0.571
10075,298.5,150.5,0.874
10076,338.5,150.5,0.978
10077,380.5,150.5,0.977
10078,416.5,154.5,0.996
10079,458.5,164.5,0.997
10080,494.5,174.5,0.998
10081,538.5,190.5,0.996
10082,574.5,206.5,0.996
10083,618.5,228.5,0.996
10084,648.5,244.5,0.997
10085,688.5,272.5,0.992
10086,730.5,302.5,0.993
10087,756.5,322.5,0.998
10088,814.5,310.5,0.995
10089,842.5,300.5,0.996
10090,890.5,286.5,0.999
10091,940.5,276.5,0.996
10092,972.5,274.5,0.994
10093,1026.5,270.5,0.999
10094,1066.5,272.5,0.997
10095,1108.5,276.5,0.998
10096,230.5,162.5,0.99
10097,1188.5,292.5,0.997
10098,1228.5,308.5,0.997
10099,1258.5,320.5,0.983
10101,1262.5,302.5,0.986
10102,1228.5,266.5,0.995
10103,1176.5,220.5,0.998
10104,1114.5,170.5,0.998
10109,872.5,68.5,0.869
10110,830.5,56.5,0.989
10111,782.5,52.5,0.996
10112,738.5,52.5,0.992
10113,702.5,56.5,0.992
10114,656.5,62.5,0.991
10115,620.5,72.5,0.995
10116,586.5,84.5,0.995
10117,544.5,102.5,0.997
10118,514.5,118.5,0.997
10119,484.5,138.5,0.995
10120,454.5,162.5,0.997
10121,430.5,184.5,0.998
10122,404.5,210.5,0.999
10123,380.5,238.5,0.996
10124,360.5,264.5,0.989
10126,326.5,318.5,0.879
10128,234.5,338.5,0.995
10129,200.5,350.5,0.991
10130,162.5,366.5,0.996
10131,126.5,384.5,0.998
10132,92.5,404.5,0.998
10133,64.5,424.5,0.998
10134,68.5,432.5,0.993
10135,72.5,436.5,0.993
10136,80.5,436.5,0.995
10137,88.5,438.5,0.996
10138,96.5,444.5,0.996
10139,104.5,448.5,0.997
10140,114.5,450.5,0.994
10141,122.5,454.5,0.995
10142,130.5,460.5,0.996
10143,140.5,466.5,0.997
10144,150.5,478.5,0.997
10145,160.5,490.5,0.996
10146,172.5,504.5,0.998
10147,182.5,522.5,0.965
10153,220.5,544.5,0.978
10154,226.5,540.5,0.994
10155,230.5,538.5,0.995
10156,236.5,542.5,0.996
10157,240.5,544.5,0.995
10158,246.5,550.5,0.996
10159,252.5,558.5,0.994
10160,114.5,188.5,0.691
10167,292.5,584.5,0.994
10168,298.5,588.5,0.996
10174,1234.5,348.5,0.99
10181,916.5,708.5,0.993
10184,954.5,318.5,0.974
10185,1234.5,348.5,0.994
10190,1082.5,332.5,0.984
10197,890.5,394.5,0.623
10199,184.5,238.5,0.986
10200,186.5,226.5,0.937
10201,178.5,218.5,0.632
10210,762.5,474.5,0.975
10214,108.5,256.5,0.859
10216,102.5,274.5,0.989
10217,712.5,350.5,0.93
10224,666.5,414.5,0.894
10233,192.5,400.5,0.952
10234,198.5,400.5,0.989
10246,636.5,630.5,0.993
10247,178.5,200.5,0.712
10248,626.5,622.5,0.993
10249,620.5,618.5,0.987
10250,616.5,616.5,0.985
10251,612.5,608.5,0.994
10252,610.5,608.5,0.547
10253,240.5,216.5,0.986
10255,604.5,592.5,0.959
10257,246.5,410.5,0.556
10263,886.5,334.5,0.832
10268,190.5,216.5,0.818
10276,740.5,298.5,0.824
10277,222.5,206.5,0.845
10278,228.5,208.5,0.945
10279,236.5,202.5,0.868
10286,728.5,548.5,0.94
10287,724.5,544.5,0.956
10288,724.5,548.5,0.506
10290,722.5,540.5,0.623
10291,300.5,126.5,0.972
10292,300.5,112.5,0.964
10311,254.5,166.5,0.898
10324,718.5,582.5,0.781
10328,322.5,124.5,0.568
10333,342.5,170.5,0.991
10335,716.5,572.5,0.886
10336,716.5,572.5,0.83
10338,716.5,568.5,0.707
10405,1016.5,542.5,0.502
10406,1020.5,540.5,0.726
10407,674.5,228.5,0.997
10408,648.5,210.5,0.994
10409,632.5,204.5,0.996
10410,612.5,198.5,0.992
10411,596.5,196.5,0.994
10412,580.5,198.5,0.992
10413,568.5,202.5,0.997
10414,554.5,210.5,0.996
10415,544.5,216.5,0.997
10416,532.5,228.5,0.996
10417,522.5,242.5,0.995
10418,514.5,252.5,0.998
10419,502.5,272.5,0.998
10420,498.5,286.5,0.997
10421,488.5,270.5,0.997
10422,482.5,246.5,0.995
10423,474.5,228.5,0.997
10424,470.5,208.5,0.997
10425,464.5,194.5,0.997
10426,460.5,184.5,0.998
10427,454.5,176.5,0.998
10428,450.5,168.5,0.997
10429,446.5,166.5,0.999
10430,440.5,164.5,0.997
10431,434.5,166.5,0.997
10432,434.5,170.5,0.997
10433,430.5,176.5,0.997
10434,426.5,184.5,0.997
10435,426.5,188.5,0.994
10436,422.5,182.5,0.991
10437,414.5,180.5,0.979
10438,414.5,176.5,0.981
10439,410.5,176.5,0.996
10440,402.5,178.5,0.99
10441,398.5,182.5,0.989
10442,394.5,186.5,0.99
10443,388.5,194.5,0.993
10444,382.5,200.5,0.993
10445,376.5,208.5,0.601
10451,334.5,230.5,0.959
10452,324.5,232.5,0.996
10453,316.5,232.5,0.988
10454,310.5,238.5,0.991
10455,300.5,242.5,0.996
10456,292.5,244.5,0.995
10457,286.5,246.5,0.995
10458,282.5,252.5,0.998
10459,276.5,252.5,0.995
10460,274.5,254.5,0.996
10461,274.5,254.5,0.995
10462,270.5,256.5,0.994
10463,268.5,256.5,0.993
10464,266.5,258.5,0.992
10465,268.5,260.5,0.99
10466,268.5,260.5,0.992
10467,270.5,262.5,0.989
10468,270.5,268.5,0.99
10469,272.5,270.5,0.991
10470,272.5,274.5,0.989
10471,272.5,272.5,0.992
10472,270.5,270.5,0.993
10473,266.5,262.5,0.996
10474,262.5,250.5,0.984
10475,252.5,236.5,0.992
10476,248.5,224.5,0.993
10477,244.5,212.5,0.995
10478,242.5,200.5,0.997
10479,238.5,192.5,0.996
10480,236.5,188.5,0.999
10481,230.5,186.5,0.998
10482,230.5,188.5,0.997
10483,226.5,192.5,0.999
10484,226.5,194.5,0.999
10485,228.5,202.5,0.998
10486,226.5,212.5,0.997
10487,226.5,226.5,0.999
10488,234.5,242.5,0.992
10490,266.5,234.5,0.72
10491,336.5,278.5,0.783
10492,372.5,264.5,0.994
10493,394.5,258.5,0.997
10494,430.5,252.5,0.996
10495,458.5,248.5,0.996
10496,490.5,248.5,0.997
10497,518.5,252.5,0.997
10498,552.5,256.5,0.993
10499,572.5,260.5,0.994
10500,614.5,276.5,0.997
10501,640.5,290.5,0.992
10502,668.5,302.5,0.997
10503,698.5,324.5,0.995
10504,722.5,332.5,0.997
10505,744.5,320.5,0.998
10506,766.5,308.5,0.997
10507,798.5,306.5,0.995
10508,818.5,302.5,0.994
10509,838.5,304.5,0.981
10510,866.5,306.5,0.996
10511,882.5,308.5,0.994
10512,906.5,316.5,0.999
10513,868.5,288.5,0.996
10514,832.5,266.5,0.999
10515,794.5,246.5,0.998
10516,764.5,232.5,0.998
10517,728.5,218.5,0.997
10518,696.5,210.5,0.994
10519,670.5,202.5,0.997
10520,636.5,196.5,0.991
10521,604.5,196.5,0.993
10522,574.5,196.5,0.988
10523,552.5,200.5,0.988
10524,526.5,204.5,0.992
10525,500.5,212.5,0.996
10526,478.5,222.5,0.994
10527,460.5,232.5,0.997
10528,438.5,244.5,0.997
10529,424.5,256.5,0.995
10530,402.5,260.5,0.996
10531,386.5,240.5,0.996
10532,372.5,224.5,0.998
10533,356.5,210.5,0.998
10534,342.5,198.5,0.993
10535,328.5,190.5,0.989
10536,316.5,184.5,0.991
10538,384.5,190.5,0.995
10539,432.5,196.5,0.997
10540,474.5,206.5,0.996
10541,526.5,220.5,0.993
10542,570.5,232.5,0.996
10543,618.5,248.5,0.996
10544,654.5,260.5,0.992
10545,704.5,284.5,0.992
10546,308.5,206.5,0.928
10547,800.5,324.5,0.997
10548,862.5,318.5,0.997
10549,892.5,318.5,0.999
10550,940.5,314.5,0.995
10551,996.5,318.5,0.997
10552,1036.5,322.5,0.996
10553,1082.5,326.5,0.993
10554,1132.5,340.5,0.995
10555,1172.5,352.5,0.997
10556,1214.5,366.5,0.983
10558,1186.5,332.5,0.989
10559,1122.5,292.5,0.987
10560,1060.5,258.5,0.996
10561,1034.5,244.5,0.99
10562,958.5,214.5,0.99
10563,908.5,196.5,0.996
10564,854.5,182.5,0.994
10565,796.5,174.5,0.996
10566,768.5,174.5,0.997
10567,728.5,172.5,0.996
10568,688.5,176.5,0.997
10569,652.5,180.5,0.996
10570,620.5,188.5,0.995
10571,588.5,198.5,0.996
10572,562.5,208.5,0.995
10573,540.5,220.5,0.995
10574,518.5,236.5,0.993
10575,494.5,250.5,0.998
10576,476.5,242.5,0.993
10577,458.5,220.5,0.992
10578,440.5,198.5,0.997
10579,420.5,182.5,0.994
10580,412.5,170.5,0.995
10581,394.5,158.5,0.991
10582,380.5,152.5,0.995
10583,370.5,148.5,0.954
10586,434.5,138.5,0.991
10587,462.5,138.5,0.996
10588,494.5,144.5,0.997
10589,526.5,154.5,0.996
10590,558.5,166.5,0.995
10591,588.5,180.5,0.995
10592,618.5,198.5,0.995
10593,648.5,218.5,0.995
10594,682.5,246.5,0.997
10595,714.5,276.5,0.982
10596,750.5,316.5,0.994
10597,778.5,346.5,0.998
10598,800.5,380.5,0.991
10599,842.5,438.5,0.985
10600,868.5,426.5,0.848
10601,898.5,416.5,0.993
10602,930.5,410.5,0.997
10603,960.5,404.5,0.993
10604,996.5,404.5,0.826
10605,994.5,402.5,0.992
10606,1026.5,404.5,0.992
10607,1058.5,408.5,0.992
10608,986.5,332.5,0.977
10609,932.5,280.5,0.988
10610,882.5,240.5,0.995
10611,832.5,204.5,0.987
10612,782.5,172.5,0.996
10613,746.5,150.5,0.997
10614,712.5,132.5,0.995
10615,678.5,120.5,0.993
10616,646.5,112.5,0.992
10617,622.5,108.5,0.991
10618,598.5,108.5,0.991
10619,576.5,110.5,0.99
10620,560.5,116.5,0.997
10621,544.5,122.5,0.997
10622,528.5,130.5,0.998
10623,516.5,140.5,0.997
10624,504.5,152.5,0.994
10625,494.5,166.5,0.996
10626,484.5,180.5,0.998
10627,476.5,196.5,0.996
10628,468.5,214.5,0.995
10629,462.5,230.5,0.997
10630,452.5,222.5,0.998
10631,448.5,198.5,0.998
10632,442.5,178.5,0.998
10633,436.5,160.5,0.998
10634,428.5,144.5,0.996
10635,426.5,132.5,0.996
10636,418.5,120.5,0.998
10637,416.5,114.5,0.997
10638,412.5,106.5,0.997
10639,406.5,104.5,0.997
10640,406.5,104.5,0.995
10641,402.5,102.5,0.995
10642,396.5,106.5,0.51
10644,426.5,128.5,0.586
10645,456.5,136.5,0.908
10646,482.5,150.5,0.994
10647,512.5,170.5,0.994
10648,546.5,192.5,0.998
10649,578.5,214.5,0.997
10650,616.5,244.5,0.997
10651,642.5,266.5,0.997
10652,682.5,302.5,0.983
10654,756.5,368.5,0.833
10655,814.5,408.5,0.991
10656,852.5,412.5,0.967
10657,928.5,422.5,0.995
10658,970.5,428.5,0.993
10659,1026.5,442.5,0.995
10660,1076.5,458.5,0.987
10662,898.5,338.5,0.997
10663,838.5,312.5,0.996
10664,762.5,274.5,0.993
10665,708.5,252.5,0.996
10666,658.5,230.5,0.989
10667,604.5,220.5,0.991
10668,554.5,208.5,0.996
10669,510.5,204.5,0.998
10670,470.5,202.5,0.996
10671,432.5,204.5,0.997
10672,398.5,210.5,0.999
10673,368.5,218.5,0.997
10674,344.5,226.5,0.993
10675,314.5,242.5,0.995
10676,292.5,254.5,0.983
10677,268.5,270.5,0.983
10678,252.5,288.5,0.998
10679,238.5,304.5,0.997
10680,228.5,74.5,0.922
10682,198.5,366.5,0.992
10683,186.5,388.5,0.682
10684,178.5,408.5,0.991
10685,168.5,418.5,0.993
10686,154.5,396.5,0.994
10687,144.5,380.5,0.995
10688,134.5,366.5,0.993
10689,124.5,354.5,0.954
10690,116.5,344.5,0.996
10691,106.5,334.5,0.996
10692,100.5,332.5,0.998
10693,92.5,330.5,0.973
10694,84.5,324.5,0.993
10695,80.5,326.5,0.994
10697,68.5,300.5,0.99
10699,58.5,270.5,0.991
10700,52.5,258.5,0.994
10701,48.5,248.5,0.994
10702,42.5,242.5,0.995
10703,40.5,238.5,0.998
10704,38.5,234.5,0.998
10705,36.5,234.5,0.997
10706,34.5,238.5,0.996
10707,34.5,242.5,0.996
10708,34.5,248.5,0.997
10709,34.5,258.5,0.996
10710,36.5,272.5,0.998
10711,38.5,284.5,0.99
10712,38.5,258.5,0.995
10713,40.5,216.5,0.995
10714,38.5,168.5,0.948
10715,42.5,130.5,0.989
10716,128.5,122.5,0.996
10717,132.5,110.5,0.991
10718,138.5,96.5,0.96
10719,142.5,88.5,0.994
10720,146.5,78.5,0.99
10731,210.5,32.5,0.835
10735,274.5,14.5,0.956
10737,312.5,80.5,0.953
10738,324.5,112.5,0.995
10739,338.5,142.5,0.989
10740,1234.5,348.5,0.995
10741,370.5,218.5,0.991
10742,380.5,252.5,0.994
10743,394.5,284.5,0.994
10746,420.5,276.5,0.967
10747,420.5,246.5,0.998
10748,424.5,216.5,0.996
10749,428.5,192.5,0.998
10750,432.5,168.5,0.995
10751,438.5,146.5,0.996
10752,442.5,128.5,0.998
10753,450.5,114.5,0.998
10754,456.5,102.5,0.996
10755,464.5,94.5,0.998
10756,470.5,90.5,0.999
10757,478.5,88.5,0.998
10758,486.5,92.5,0.999
10759,492.5,98.5,0.999
10760,498.5,106.5,0.998
10761,506.5,116.5,0.997
10762,514.5,132.5,0.997
10763,522.5,148.5,0.998
10764,528.5,168.5,0.995
10765,536.5,190.5,0.998
10766,542.5,214.5,0.989
10767,548.5,238.5,0.996
10768,554.5,264.5,0.993
10769,562.5,300.5,0.998
10770,566.5,322.5,0.99
10771,564.5,354.5,0.994
10772,578.5,330.5,0.997
10773,582.5,302.5,0.996
10774,586.5,280.5,0.995
10775,596.5,256.5,0.994
10776,602.5,242.5,0.997
10777,608.5,226.5,0.995
10778,614.5,214.5,0.994
10779,622.5,206.5,0.991
10780,628.5,200.5,0.994
10781,634.5,198.5,0.994
10782,642.5,200.5,0.995
10783,646.5,202.5,0.998
10784,652.5,208.5,0.997
10785,660.5,220.5,0.993
10786,666.5,232.5,0.995
10787,672.5,244.5,0.994
10788,676.5,264.5,0.994
10789,682.5,282.5,0.993
10790,682.5,300.5,0.997
10791,688.5,326.5,0.995
10792,690.5,350.5,0.996
10793,698.5,364.5,0.993
10794,704.5,340.5,0.998
10795,710.5,318.5,0.997
10796,714.5,300.5,0.997
10797,722.5,286.5,0.995
10798,728.5,276.5,0.996
10799,734.5,266.5,0.997
10800,740.5,262.5,0.996
10801,748.5,260.5,0.996
10802,754.5,260.5,0.996
10803,758.5,264.5,0.999
10804,738.5,244.5,0.995
10805,718.5,224.5,0.998
10806,690.5,196.5,0.997
10807,670.5,180.5,0.997
10808,642.5,162.5,0.998
10809,618.5,150.5,0.992
10810,598.5,144.5,0.994
10811,574.5,138.5,0.995
10812,556.5,138.5,0.996
10813,536.5,140.5,0.994
10814,520.5,144.5,0.996
10815,500.5,152.5,0.995
10816,486.5,162.5,0.997
10817,470.5,174.5,0.997
10818,454.5,188.5,0.989
10819,444.5,202.5,0.991
10820,432.5,220.5,0.997
10821,422.5,238.5,0.999
10822,410.5,258.5,0.994
10823,402.5,276.5,0.996
10824,388.5,258.5,0.998
10825,380.5,230.5,0.993
10826,372.5,218.5,0.996
10827,362.5,198.5,0.997
10828,352.5,182.5,0.997
10829,344.5,170.5,0.997
10830,336.5,162.5,0.994
10831,328.5,154.5,0.995
10832,322.5,150.5,0.991
10833,314.5,148.5,0.993
10834,308.5,148.5,0.992
10835,302.5,152.5,0.996
10836,298.5,158.5,0.994
10837,292.5,164.5,0.994
10838,290.5,174.5,0.996
10839,286.5,186.5,0.996
10840,282.5,198.5,0.994
10841,282.5,214.5,0.995
10842,278.5,232.5,0.997
10843,274.5,250.5,0.997
10849,274.5,366.5,0.969
10850,268.5,346.5,0.996
10851,262.5,330.5,0.991
10852,260.5,320.5,0.888
10853,252.5,308.5,0.996
10854,1234.5,348.5,0.988
10855,242.5,292.5,0.995
10859,284.5,278.5,0.929
10861,226.5,298.5,0.99
10862,228.5,306.5,0.92
10863,234.5,314.5,0.99
10864,240.5,328.5,0.969
10865,264.5,310.5,0.984
10866,250.5,354.5,0.686
10898,298.5,314.5,0.672
10901,228.5,120.5,0.805
10914,300.5,250.5,0.567
10916,298.5,256.5,0.986
10918,1234.5,348.5,0.992
10919,1232.5,348.5,0.992
10920,284.5,256.5,0.991
10921,282.5,258.5,0.995
10922,1094.5,174.5,0.996
10923,276.5,256.5,0.993
10924,276.5,256.5,0.993
10925,276.5,256.5,0.994
10926,274.5,256.5,0.992
10927,276.5,256.5,0.993
10928,276.5,256.5,0.994
10929,276.5,256.5,0.995
10930,276.5,256.5,0.993
10931,276.5,256.5,0.993
10932,276.5,258.5,0.991
10933,276.5,260.5,0.994
10934,278.5,262.5,0.989
10935,280.5,264.5,0.994
10936,280.5,268.5,0.991
10937,278.5,266.5,0.996
10938,274.5,258.5,0.998
10939,268.5,248.5,0.996
10940,264.5,238.5,0.996
10941,260.5,224.5,0.993
10943,250.5,198.5,0.997
10944,246.5,192.5,0.999
10945,242.5,188.5,0.998
10946,240.5,184.5,0.999
10947,236.5,184.5,0.997
10948,236.5,188.5,0.997
10949,234.5,194.5,0.999
10950,234.5,202.5,0.998
10951,228.5,210.5,0.996
10952,234.5,224.5,0.994
10953,248.5,238.5,0.86
10954,320.5,252.5,0.523
10955,330.5,274.5,0.991
10956,354.5,274.5,0.994
10957,388.5,266.5,0.994
10958,422.5,262.5,0.993
10959,446.5,260.5,0.99
10960,484.5,260.5,0.995
10961,522.5,260.5,0.994
10962,552.5,266.5,0.997
10963,576.5,272.5,0.998
10964,612.5,284.5,0.992
10965,644.5,294.5,0.992
10966,674.5,308.5,0.998
10967,704.5,326.5,0.998
10968,734.5,320.5,0.998
10969,756.5,312.5,0.997
10970,786.5,310.5,0.995
10971,814.5,308.5,0.994
10972,842.5,310.5,0.99
10973,872.5,318.5,0.997
10974,854.5,298.5,0.99
10975,818.5,272.5,0.999
10976,780.5,248.5,0.999
10977,746.5,230.5,0.998
10978,716.5,216.5,0.998
10979,682.5,204.5,0.995
10980,648.5,194.5,0.995
10981,628.5,190.5,0.994
10982,594.5,186.5,0.993
10983,874.5,262.5,0.996
10984,882.5,264.5,0.996
10985,528.5,190.5,0.993
10986,500.5,196.5,0.989
10987,480.5,202.5,0.988
10988,464.5,212.5,0.988
10989,446.5,226.5,0.997
10990,428.5,238.5,0.997
10991,416.5,234.5,0.998
10992,396.5,210.5,0.994
10993,382.5,196.5,0.994
10994,368.5,184.5,0.993
10995,358.5,176.5,0.994
10996,346.5,168.5,0.995
10997,334.5,164.5,0.994
10999,350.5,164.5,0.635
11000,382.5,170.5,0.992
11001,412.5,180.5,0.994
11002,436.5,188.5,0.996
11003,466.5,202.5,0.995
11004,500.5,222.5,0.997
11005,530.5,242.5,0.996
11006,562.5,262.5,0.996
11007,594.5,288.5,0.992
11008,626.5,320.5,0.997
11009,658.5,336.5,0.998
11010,690.5,328.5,0.998
11011,718.5,326.5,0.998
11012,750.5,326.5,0.997
11013,786.5,330.5,0.996
11014,824.5,338.5,0.999
11015,858.5,352.5,0.996
11016,892.5,364.5,0.997
11017,930.5,394.5,0.999
11018,914.5,366.5,0.943
11019,886.5,346.5,0.997
11020,842.5,312.5,0.994
11021,802.5,290.5,0.998
11022,764.5,264.5,0.998
11023,730.5,248.5,0.997
11024,694.5,234.5,0.992
11025,672.5,226.5,0.997
11026,636.5,218.5,0.992
11027,608.5,214.5,0.98
11028,584.5,214.5,0.969
11029,558.5,218.5,0.992
11030,538.5,224.5,0.993
11031,522.5,228.5,0.987
11032,502.5,240.5,0.994
11033,490.5,248.5,0.998
11034,472.5,262.5,0.997
11035,458.5,276.5,0.997
11036,442.5,270.5,0.989
11037,446.5,272.5,0.995
11038,434.5,252.5,0.998
11039,424.5,234.5,0.997
11040,412.5,214.5,0.996
11041,404.5,202.5,0.998
11042,394.5,190.5,0.998
11043,386.5,180.5,0.998
11044,378.5,176.5,0.999
11045,372.5,172.5,0.998
11046,366.5,170.5,0.999
11047,364.5,174.5,0.933
11048,382.5,174.5,0.989
11049,404.5,170.5,0.984
11050,430.5,172.5,0.994
11051,460.5,176.5,0.991
11052,484.5,182.5,0.992
11053,510.5,190.5,0.994
11054,542.5,204.5,0.994
11055,570.5,218.5,0.991
11056,594.5,232.5,0.996
11057,618.5,248.5,0.99
11058,642.5,268.5,0.994
11059,676.5,294.5,0.996
11060,702.5,322.5,0.996
11061,726.5,310.5,0.998
11062,746.5,302.5,0.998
11063,772.5,292.5,0.989
11064,792.5,288.5,0.994
11065,816.5,280.5,0.969
11066,846.5,280.5,0.989
11067,864.5,282.5,0.987
11068,886.5,286.5,0.994
11069,914.5,294.5,0.987
11070,940.5,310.5,0.995
11071,908.5,284.5,0.994
11072,872.5,262.5,0.997
11073,832.5,240.5,0.998
11074,790.5,220.5,0.998
11075,754.5,204.5,0.997
11076,718.5,192.5,0.996
11077,682.5,182.5,0.996
11078,644.5,176.5,0.996
11079,612.5,174.5,0.994
11080,584.5,174.5,0.994
11081,556.5,176.5,0.994
11082,526.5,180.5,0.992
11083,500.5,188.5,0.99
11084,480.5,194.5,0.995
11085,460.5,204.5,0.981
11086,436.5,218.5,0.991
11087,418.5,232.5,0.996
11088,400.5,248.5,0.993
11089,382.5,254.5,0.998
11090,364.5,228.5,0.997
11091,350.5,212.5,0.995
11092,338.5,198.5,0.996
11093,322.5,184.5,0.993
11094,310.5,174.5,0.992
11095,298.5,168.5,0.992
11096,286.5,166.5,0.991
11097,1094.5,390.5,0.681
11098,336.5,166.5,0.857
11099,386.5,170.5,0.995
11100,430.5,178.5,0.992
11101,482.5,190.5,0.995
11102,532.5,206.5,0.994
11103,582.5,222.5,0.997
11104,628.5,238.5,0.996
11105,686.5,262.5,0.997
11106,724.5,280.5,0.997
11107,764.5,302.5,0.936
11108,828.5,336.5,0.989
11109,886.5,370.5,0.99
11110,958.5,362.5,0.998
11111,996.5,366.5,0.998
11112,1046.5,364.5,0.991
11113,1100.5,362.5,0.965
11114,250.5,174.5,0.988
11115,1002.5,278.5,0.989
11116,956.5,242.5,0.998
11117,908.5,210.5,0.993
11118,864.5,186.5,0.993
11119,828.5,162.5,0.992
11120,790.5,148.5,0.997
11121,754.5,136.5,0.996
11122,722.5,128.5,0.995
11123,686.5,124.5,0.995
11124,656.5,122.5,0.993
11125,624.5,122.5,0.994
11126,596.5,124.5,0.991
11127,576.5,130.5,0.995
11128,550.5,136.5,0.995
11129,526.5,148.5,0.996
11130,506.5,156.5,0.986
11131,486.5,170.5,0.995
11132,466.5,182.5,0.997
11133,452.5,194.5,0.998
11134,432.5,212.5,0.995
11135,418.5,230.5,0.996
11136,406.5,242.5,0.997
11137,388.5,222.5,0.997
11138,376.5,202.5,0.996
11139,364.5,184.5,0.996
11140,354.5,170.5,0.995
11141,340.5,158.5,0.99
11142,332.5,148.5,0.992
11143,322.5,140.5,0.993
11144,314.5,136.5,0.991
11145,300.5,134.5,0.883
11146,1194.5,546.5,0.601
11147,336.5,134.5,0.987
11148,292.5,148.5,0.981
11149,402.5,148.5,0.993
11150,436.5,154.5,0.993
11151,474.5,166.5,0.996
11152,508.5,182.5,0.998
11153,542.5,198.5,0.997
11154,578.5,216.5,0.995
11155,612.5,236.5,0.997
11156,648.5,260.5,0.994
11157,690.5,288.5,0.988
11158,730.5,306.5,0.985
11159,764.5,344.5,0.99
11160,796.5,342.5,0.996
11161,828.5,338.5,0.999
11162,864.5,330.5,0.998
11163,906.5,324.5,0.996
11164,942.5,322.5,0.999
11165,976.5,324.5,0.996
11166,1014.5,324.5,0.802
11167,946.5,292.5,0.992
11168,894.5,268.5,0.997
11169,848.5,254.5,0.997
11170,800.5,240.5,0.998
11171,756.5,228.5,0.996
11172,716.5,222.5,0.998
11173,674.5,218.5,0.997
11174,636.5,218.5,0.996
11175,600.5,220.5,0.992
11176,564.5,226.5,0.994
11177,532.5,230.5,0.986
11178,502.5,242.5,0.995
11179,476.5,246.5,0.996
11180,448.5,260.5,0.996
11181,420.5,276.5,0.996
11182,394.5,292.5,0.994
11183,376.5,290.5,0.996
11184,354.5,270.5,0.995
11185,332.5,250.5,0.99
11186,306.5,234.5,0.985
11187,294.5,224.5,0.988
11189,252.5,208.5,0.748
11190,238.5,206.5,0.987
11193,304.5,188.5,0.898
11194,332.5,184.5,0.992
11195,366.5,182.5,0.996
11196,398.5,186.5,0.997
11197,432.5,190.5,0.998
11198,464.5,196.5,0.998
11199,498.5,210.5,0.998
11200,534.5,226.5,0.996
11201,568.5,242.5,0.994
11202,594.5,256.5,0.995
11203,626.5,274.5,0.998
11204,668.5,300.5,0.995
11205,698.5,326.5,0.995
11206,722.5,348.5,0.997
11207,754.5,326.5,0.998
11208,778.5,314.5,0.996
11209,806.5,302.5,0.99
11210,828.5,296.5,0.991
11211,852.5,290.5,0.987
11212,874.5,286.5,0.991
11213,826.5,260.5,0.998
11214,796.5,244.5,0.998
11215,762.5,230.5,0.998
11216,724.5,218.5,0.996
11217,694.5,210.5,0.993
11218,670.5,204.5,0.994
11219,636.5,202.5,0.995
11220,608.5,204.5,0.992
11221,586.5,206.5,0.992
11222,568.5,210.5,0.992
11223,544.5,218.5,0.994
11224,530.5,226.5,0.998
11225,512.5,236.5,0.996
11226,494.5,248.5,0.998
11227,480.5,250.5,0.995
11228,466.5,228.5,0.997
11229,454.5,208.5,0.996
11230,444.5,194.5,0.996
11231,434.5,182.5,0.997
11232,426.5,172.5,0.996
11233,418.5,166.5,0.996
11234,408.5,162.5,0.991
11236,442.5,162.5,0.991
11237,468.5,168.5,0.993
11238,498.5,176.5,0.996
11239,528.5,186.5,0.996
11240,556.5,196.5,0.994
11241,586.5,212.5,0.993
11242,618.5,230.5,0.994
11243,642.5,246.5,0.996
11244,680.5,276.5,0.989
11245,702.5,290.5,0.995
11246,732.5,318.5,0.998
11247,768.5,342.5,0.999
11248,794.5,336.5,0.997
11249,826.5,328.5,0.999
11250,860.5,328.5,0.998
11251,892.5,326.5,0.998
11252,924.5,330.5,0.997
11253,950.5,336.5,0.996
11254,946.5,322.5,0.989
11255,894.5,286.5,0.996
11256,852.5,262.5,0.998
11257,814.5,244.5,0.998
11258,778.5,228.5,0.997
11259,738.5,214.5,0.998
11260,706.5,206.5,0.996
11261,674.5,198.5,0.995
11262,642.5,196.5,0.994
11263,610.5,196.5,0.986
11264,588.5,200.5,0.992
11265,562.5,204.5,0.991
11266,542.5,210.5,0.995
11267,520.5,218.5,0.989
11268,500.5,230.5,0.992
11269,480.5,242.5,0.993
11270,464.5,250.5,0.996
11271,450.5,236.5,0.996
11272,430.5,214.5,0.995
11273,420.5,202.5,0.996
11274,406.5,188.5,0.995
11275,392.5,180.5,0.995
11276,378.5,170.5,0.994
11278,402.5,170.5,0.993
11279,430.5,172.5,0.995
11280,462.5,178.5,0.998
11281,492.5,186.5,0.998
11282,526.5,198.5,0.995
11283,560.5,212.5,0.997
11284,592.5,228.5,0.998
11285,624.5,246.5,0.997
11286,652.5,262.5,0.991
11287,696.5,290.5,0.989
11288,730.5,320.5,0.997
11289,766.5,342.5,0.999
11290,802.5,338.5,0.998
11291,832.5,330.5,0.999
11292,870.5,328.5,0.998
11293,904.5,324.5,0.996
11294,942.5,326.5,0.998
11295,978.5,332.5,0.993
11297,922.5,282.5,0.997
11298,880.5,256.5,0.998
11299,830.5,228.5,0.997
11300,792.5,210.5,0.998
11301,754.5,196.5,0.998
11302,718.5,184.5,0.996
11303,682.5,176.5,0.996
11304,642.5,170.5,0.993
11305,620.5,170.5,0.989
11306,586.5,170.5,0.989
11307,554.5,174.5,0.996
11308,532.5,178.5,0.994
11309,502.5,186.5,0.99
11310,480.5,194.5,0.996
11311,458.5,208.5,0.993
11312,436.5,220.5,0.987
11313,418.5,234.5,0.996
11314,400.5,248.5,0.997
11315,382.5,264.5,0.997
11316,364.5,246.5,0.997
11317,352.5,230.5,0.99
11318,334.5,212.5,0.947
11319,320.5,196.5,0.993
11320,304.5,184.5,0.994
11321,292.5,176.5,0.991
11322,276.5,170.5,0.992
11323,266.5,164.5,0.989
11324,254.5,164.5,0.995
11325,242.5,164.5,0.994
11326,226.5,168.5,0.993
11327,218.5,176.5,0.998
11328,216.5,180.5,0.995
11329,236.5,164.5,0.839
11331,170.5,536.5,0.963
11332,350.5,190.5,0.994
11333,384.5,196.5,0.996
11334,424.5,210.5,0.994
11335,462.5,228.5,0.996
11336,506.5,248.5,0.998
11337,538.5,264.5,0.996
11338,578.5,294.5,0.99
11339,612.5,320.5,0.995
11340,652.5,342.5,0.996
11341,690.5,328.5,0.993
11342,720.5,322.5,0.997
11343,754.5,316.5,0.998
11344,790.5,314.5,0.988
11345,830.5,320.5,0.998
11346,874.5,326.5,0.998
11347,906.5,330.5,0.999
11348,948.5,346.5,0.988
11349,988.5,360.5,0.994
11350,1026.5,380.5,0.997
11351,1060.5,400.5,0.995
11352,1098.5,426.5,0.995
11353,1128.5,450.5,0.989
11354,1090.5,412.5,0.996
11355,1032.5,366.5,0.995
11356,984.5,330.5,0.997
11357,940.5,296.5,0.995
11358,890.5,264.5,0.997
11359,850.5,244.5,0.998
11360,812.5,226.5,0.997
11361,778.5,212.5,0.996
11362,740.5,200.5,0.996
11363,708.5,194.5,0.995
11364,676.5,188.5,0.992
11365,644.5,188.5,0.995
11366,622.5,188.5,0.992
11367,598.5,192.5,0.987
11368,574.5,198.5,0.993
11369,552.5,204.5,0.99
11370,534.5,212.5,0.992
11371,514.5,224.5,0.997
11372,496.5,238.5,0.992
11373,482.5,246.5,0.997
11374,462.5,250.5,0.996
11375,452.5,234.5,0.995
11376,438.5,212.5,0.996
11377,426.5,196.5,0.995
11378,414.5,186.5,0.998
11379,406.5,176.5,0.993
11380,394.5,166.5,0.993
11381,380.5,162.5,0.974
11382,448.5,176.5,0.991
11383,490.5,188.5,0.995
11384,528.5,198.5,0.995
11385,562.5,212.5,0.996
11386,604.5,230.5,0.996
11387,634.5,244.5,0.996
11388,676.5,270.5,0.991
11389,706.5,286.5,0.992
11390,746.5,306.5,0.999
11391,786.5,302.5,0.982
11392,818.5,296.5,0.997
11393,862.5,292.5,0.996
11394,896.5,292.5,0.996
11395,936.5,296.5,0.994
11396,970.5,302.5,0.989
11397,1010.5,312.5,0.993
11398,1050.5,326.5,0.996
11399,1084.5,340.5,0.997
11400,1118.5,356.5,0.997
11401,1156.5,380.5,0.989
11402,1152.5,374.5,0.989
11403,1090.5,332.5,0.674
11404,1042.5,304.5,0.987
11405,978.5,268.5,0.99
11406,930.5,246.5,0.997
11407,880.5,228.5,0.996
11408,830.5,212.5,0.996
11409,776.5,200.5,0.996
11410,732.5,194.5,0.998
11411,686.5,192.5,0.997
11412,640.5,192.5,0.997
11413,604.5,194.5,0.995
11414,562.5,200.5,0.991
11415,530.5,210.5,0.997
11416,498.5,220.5,0.994
11417,464.5,234.5,0.998
11418,436.5,246.5,0.997
11419,414.5,262.5,0.996
11420,392.5,282.5,0.998
11421,358.5,276.5,0.994
11422,340.5,258.5,0.997
11423,318.5,238.5,0.997
11424,298.5,224.5,0.905
11425,278.5,210.5,0.841
11426,258.5,196.5,0.989
11427,244.5,194.5,0.995
11428,224.5,192.5,0.954
11429,208.5,186.5,0.985
11430,194.5,188.5,0.995
11431,206.5,186.5,0.997
11432,170.5,194.5,0.995
11433,188.5,172.5,0.862
11434,266.5,172.5,0.931
11435,296.5,170.5,0.984
11436,356.5,166.5,0.967
11437,404.5,164.5,0.996
11438,452.5,172.5,0.998
11439,504.5,180.5,0.995
11440,548.5,192.5,0.997
11441,602.5,210.5,0.992
11442,656.5,228.5,0.993
11443,702.5,254.5,0.997
11444,744.5,278.5,0.998
11445,776.5,300.5,0.991
11446,836.5,338.5,0.992
11447,884.5,378.5,0.985
11449,982.5,364.5,0.996
11450,1028.5,352.5,0.997
11451,1078.5,340.5,0.992
11452,1130.5,332.5,0.996
11453,1176.5,328.5,0.985
11454,1232.5,326.5,0.988
11456,296.5,92.5,0.753
11458,286.5,110.5,0.72
11459,1200.5,238.5,0.911
11462,266.5,146.5,0.989
11464,862.5,104.5,0.822
11465,802.5,94.5,0.996
11466,752.5,88.5,0.992
11467,704.5,88.5,0.993
11468,658.5,90.5,0.994
11469,620.5,96.5,0.998
11470,578.5,104.5,0.994
11471,542.5,114.5,0.997
11472,546.5,114.5,0.99
11473,512.5,128.5,0.998
11474,482.5,142.5,0.995
11475,460.5,158.5,0.997
11476,434.5,176.5,0.998
11477,412.5,198.5,0.996
11478,388.5,218.5,0.995
11479,376.5,234.5,0.966
11480,358.5,252.5,0.983
11481,332.5,220.5,0.999
11482,318.5,192.5,0.998
11483,302.5,170.5,0.997
11484,286.5,152.5,0.907
11485,272.5,138.5,0.681
11486,258.5,118.5,0.984
11487,244.5,110.5,0.986
11488,234.5,104.5,0.989
11490,228.5,98.5,0.893
11493,378.5,26.5,0.98
11495,504.5,130.5,0.99
11496,564.5,150.5,0.99
11497,612.5,172.5,0.993
11498,682.5,206.5,0.997
11499,738.5,238.5,0.995
11500,780.5,262.5,0.993
11501,840.5,306.5,0.995
11502,892.5,344.5,0.995
11503,956.5,400.5,0.985
11504,1002.5,442.5,0.996
11505,1042.5,486.5,0.994
11506,1094.5,546.5,0.989
11507,1138.5,602.5,0.995
11508,1170.5,648.5,0.995
11509,1224.5,670.5,0.991
11511,400.5,70.5,0.899
11512,394.5,78.5,0.988
11515,1196.5,518.5,0.994
11516,1154.5,486.5,0.997
11517,1114.5,462.5,0.998
11518,1068.5,438.5,0.997
11519,1038.5,422.5,0.998
11520,1000.5,406.5,0.992
11521,966.5,394.5,0.985
11530,714.5,474.5,0.918
11531,688.5,496.5,0.512
11532,668.5,504.5,0.995
11533,656.5,494.5,0.993
11534,646.5,484.5,0.992
11535,634.5,476.5,0.995
11536,622.5,470.5,0.995
11537,612.5,468.5,0.992
11538,600.5,468.5,0.992
11539,590.5,470.5,0.993
11540,580.5,474.5,0.996
11541,570.5,480.5,0.993
11542,560.5,488.5,0.995
11543,550.5,500.5,0.994
11544,542.5,510.5,0.991
11545,534.5,516.5,0.994
11546,530.5,510.5,0.993
11547,530.5,506.5,0.923
11548,524.5,504.5,0.994
11549,520.5,506.5,0.99
11551,522.5,510.5,0.994
11552,522.5,514.5,0.993
11553,524.5,518.5,0.995
11554,522.5,516.5,0.996
11555,1096.5,174.5,0.918
11558,506.5,518.5,0.997
11559,504.5,518.5,0.995
11560,502.5,518.5,0.992
11561,500.5,518.5,0.993
11562,498.5,518.5,0.995
11563,494.5,518.5,0.994
11564,494.5,518.5,0.993
11565,496.5,520.5,0.992
11566,498.5,520.5,0.988
11567,496.5,520.5,0.989
11568,496.5,520.5,0.99
11569,496.5,522.5,0.986
11570,496.5,524.5,0.984
11571,496.5,522.5,0.981
11572,496.5,524.5,0.947
11573,498.5,522.5,0.948
11574,496.5,524.5,0.984
11575,496.5,524.5,0.951
11576,496.5,524.5,0.868
11577,496.5,524.5,0.952
11578,498.5,524.5,0.959
11579,496.5,526.5,0.827
11580,496.5,526.5,0.699
11581,496.5,526.5,0.848
11582,496.5,524.5,0.982
11583,496.5,526.5,0.913
11584,496.5,526.5,0.974
11585,496.5,524.5,0.984
11587,494.5,524.5,0.993
11588,496.5,526.5,0.98
11589,496.5,526.5,0.92
11590,496.5,524.5,0.988
11591,496.5,526.5,0.969
11592,608.5,282.5,0.789
11593,496.5,526.5,0.973
11601,496.5,526.5,0.681
11602,494.5,526.5,0.722
11604,496.5,526.5,0.977
11605,272.5,112.5,0.962
11606,268.5,128.5,0.925
11607,496.5,526.5,0.834
11608,494.5,526.5,0.887
11609,494.5,526.5,0.77
11610,288.5,176.5,0.994
11611,494.5,526.5,0.971
11612,496.5,526.5,0.929
11613,300.5,206.5,0.978
11614,496.5,526.5,0.976
11615,496.5,526.5,0.929
11616,496.5,526.5,0.868
11617,496.5,526.5,0.906
11618,496.5,526.5,0.918
11619,496.5,526.5,0.89
11620,496.5,526.5,0.928
11621,496.5,526.5,0.897
11622,498.5,526.5,0.692
11623,350.5,234.5,0.87
11624,498.5,524.5,0.892
11625,498.5,526.5,0.607
11626,498.5,524.5,0.588
11627,498.5,526.5,0.746
11629,498.5,524.5,0.925
11630,498.5,524.5,0.641
11631,498.5,524.5,0.84
11632,498.5,524.5,0.922
11633,498.5,524.5,0.929
11634,498.5,524.5,0.925
11635,498.5,524.5,0.862
11636,498.5,524.5,0.828
11637,496.5,524.5,0.986
11638,496.5,524.5,0.99
11639,496.5,524.5,0.992
11642,496.5,524.5,0.59
11643,496.5,524.5,0.976
11644,496.5,524.5,0.956
11645,496.5,524.5,0.983
11646,496.5,524.5,0.991
11647,496.5,522.5,0.901
11649,606.5,428.5,0.894
11651,604.5,416.5,0.69
11652,502.5,510.5,0.641
11655,274.5,238.5,0.992
11657,496.5,526.5,0.711
11658,496.5,524.5,0.976
11659,496.5,524.5,0.976
11660,276.5,222.5,0.997
11661,496.5,524.5,0.986
11662,496.5,526.5,0.944
11664,542.5,634.5,0.965
11672,496.5,528.5,0.655
11675,496.5,526.5,0.854
11679,468.5,266.5,0.645
11687,484.5,290.5,0.919
11697,474.5,540.5,0.993
11698,468.5,546.5,0.976
11700,464.5,554.5,0.503
11701,712.5,632.5,0.989
11703,456.5,556.5,0.991
11704,494.5,290.5,0.809
11705,722.5,640.5,0.988
11707,346.5,232.5,0.949
11708,342.5,222.5,0.992
11709,342.5,208.5,0.983
11710,340.5,192.5,0.944
11711,330.5,182.5,0.982
11714,508.5,296.5,0.916
11722,414.5,288.5,0.882
11723,436.5,274.5,0.954
11725,452.5,236.5,0.83
11726,496.5,186.5,0.83
11727,510.5,230.5,0.956
11728,538.5,358.5,0.987
11730,548.5,210.5,0.981
11731,586.5,656.5,0.978
11732,548.5,626.5,0.992
11773,296.5,190.5,0.992
11782,288.5,346.5,0.575
11798,922.5,468.5,0.979
11806,904.5,260.5,0.996
11807,908.5,246.5,0.996
11808,910.5,238.5,0.998
11809,912.5,232.5,0.997
11810,916.5,236.5,0.997
11811,918.5,240.5,0.997
11812,916.5,252.5,0.99
11813,914.5,266.5,0.996
11814,914.5,280.5,0.996
11815,912.5,292.5,0.979
11816,908.5,324.5,0.993
11817,908.5,346.5,0.996
11818,904.5,366.5,0.983
11819,916.5,470.5,0.715
11821,846.5,440.5,0.813
11822,802.5,424.5,0.991
11823,934.5,412.5,0.99
11824,932.5,406.5,0.981
11825,700.5,348.5,0.998
11826,672.5,320.5,0.997
11827,652.5,294.5,0.991
11828,628.5,274.5,0.997
11829,604.5,258.5,0.991
11830,588.5,248.5,0.994
11831,570.5,242.5,0.995
11832,550.5,236.5,0.993
11833,536.5,236.5,0.996
11834,520.5,238.5,0.995
11835,508.5,242.5,0.996
11836,496.5,246.5,0.998
11837,482.5,254.5,0.996
11838,472.5,242.5,0.993
11839,462.5,226.5,0.995
11840,454.5,210.5,0.994
11841,442.5,198.5,0.997
11842,438.5,192.5,0.995
11843,460.5,190.5,0.996
11844,492.5,188.5,0.989
11845,514.5,190.5,0.989
11846,546.5,196.5,0.99
11847,576.5,204.5,0.995
11848,602.5,212.5,0.99
11849,628.5,224.5,0.997
11850,648.5,234.5,0.995
11851,684.5,258.5,0.997
11852,712.5,276.5,0.995
11853,740.5,300.5,0.996
11854,764.5,322.5,0.997
11855,796.5,346.5,0.998
11856,824.5,338.5,0.999
11857,852.5,334.5,0.998
11858,882.5,332.5,0.999
11859,908.5,330.5,0.997
11860,942.5,334.5,0.998
11861,972.5,342.5,0.993
11862,978.5,334.5,0.99
11863,944.5,310.5,0.993
11864,890.5,274.5,0.998
11865,850.5,254.5,0.999
11866,810.5,234.5,0.997
11867,770.5,218.5,0.998
11868,736.5,206.5,0.998
11869,702.5,198.5,0.997
11870,674.5,192.5,0.998
11871,638.5,190.5,0.996
11872,606.5,192.5,0.994
11873,584.5,196.5,0.987
11874,558.5,200.5,0.994
11875,534.5,208.5,0.994
11876,512.5,216.5,0.994
11877,494.5,228.5,0.996
11878,474.5,244.5,0.998
11879,460.5,254.5,0.996
11880,442.5,256.5,0.992
11881,432.5,240.5,0.998
11882,418.5,216.5,0.996
11883,404.5,202.5,0.998
11884,394.5,188.5,0.996
11885,382.5,178.5,0.995
11886,372.5,170.5,0.997
11887,362.5,164.5,0.992
11889,418.5,178.5,0.988
11890,456.5,188.5,0.995
11891,492.5,200.5,0.997
11892,526.5,216.5,0.996
11893,558.5,234.5,0.998
11894,590.5,252.5,0.997
11895,626.5,274.5,0.998
11896,666.5,304.5,0.994
11897,702.5,332.5,0.997
11898,724.5,332.5,0.996
11899,764.5,322.5,0.999
11900,802.5,322.5,0.998
11901,834.5,322.5,0.998
11902,872.5,322.5,0.998
11903,906.5,326.5,0.997
11904,940.5,334.5,0.998
11905,980.5,352.5,0.994
11906,1016.5,368.5,0.991
11907,1012.5,368.5,0.99
11908,1040.5,380.5,0.995
11909,982.5,332.5,0.989
11910,938.5,296.5,0.992
11911,888.5,262.5,0.998
11912,846.5,238.5,0.998
11913,810.5,218.5,0.997
11914,770.5,202.5,0.998
11915,738.5,190.5,0.997
11916,704.5,180.5,0.996
11917,676.5,176.5,0.997
11918,644.5,174.5,0.995
11919,620.5,176.5,0.994
11920,596.5,180.5,0.992
11921,574.5,186.5,0.995
11922,552.5,194.5,0.995
11923,534.5,202.5,0.996
11924,516.5,212.5,0.995
11925,500.5,226.5,0.997
11926,486.5,238.5,0.992
11927,472.5,236.5,0.996
11928,458.5,212.5,0.994
11929,446.5,196.5,0.997
11930,434.5,180.5,0.996
11931,424.5,168.5,0.993
11932,414.5,156.5,0.993
11935,476.5,154.5,0.983
11936,500.5,162.5,0.995
11937,538.5,172.5,0.993
11938,570.5,182.5,0.994
11939,604.5,198.5,0.996
11940,636.5,216.5,0.996
11941,674.5,240.5,0.999
11942,700.5,262.5,0.995
11943,736.5,290.5,0.994
11944,380.5,170.5,0.991
11945,812.5,360.5,0.989
11946,842.5,362.5,0.997
11947,878.5,354.5,0.998
11948,908.5,346.5,0.998
11949,944.5,346.5,0.992
11950,336.5,184.5,0.994
11951,978.5,328.5,0.99
11952,928.5,292.5,0.981
11953,868.5,254.5,0.998
11954,822.5,228.5,0.998
11955,776.5,204.5,0.998
11956,736.5,190.5,0.997
11957,698.5,176.5,0.997
11958,668.5,166.5,0.996
11959,628.5,160.5,0.997
11960,594.5,158.5,0.993
11961,564.5,158.5,0.992
11962,540.5,158.5,0.995
11963,508.5,164.5,0.987
11964,494.5,168.5,0.997
11965,474.5,176.5,0.994
11966,452.5,186.5,0.995
11967,438.5,194.5,0.997
11968,420.5,206.5,0.997
11969,404.5,218.5,0.994
11970,388.5,236.5,0.988
11971,372.5,224.5,0.996
11972,362.5,206.5,0.997
11973,346.5,186.5,0.987
11974,338.5,174.5,0.996
11975,326.5,162.5,0.993
11976,316.5,152.5,0.994
11977,306.5,148.5,0.99
11979,332.5,144.5,0.655
11980,366.5,146.5,0.995
11981,400.5,148.5,0.996
11982,434.5,158.5,0.992
11983,476.5,168.5,0.998
11984,510.5,180.5,0.997
11985,546.5,192.5,0.997
11986,588.5,210.5,0.996
11987,626.5,226.5,0.997
11988,676.5,254.5,0.996
11989,706.5,272.5,0.999
11990,744.5,296.5,0.995
11991,788.5,326.5,0.993
11992,816.5,342.5,0.997
11993,874.5,334.5,0.843
11994,908.5,324.5,0.999
11995,952.5,322.5,0.992
11996,992.5,320.5,0.999
11997,1036.5,320.5,0.996
11998,1074.5,324.5,0.907
11999,1028.5,290.5,0.999
12000,978.5,260.5,0.992
12001,938.5,238.5,0.996
12002,896.5,220.5,0.994
12003,858.5,206.5,0.995
12004,818.5,196.5,0.993
12005,780.5,188.5,0.998
12006,744.5,186.5,0.994
12007,706.5,184.5,0.994
12008,674.5,186.5,0.996
12009,642.5,190.5,0.995
12010,608.5,198.5,0.99
12011,582.5,208.5,0.991
12012,556.5,218.5,0.995
12013,530.5,230.5,0.992
12014,506.5,248.5,0.997
12015,480.5,262.5,0.999
12016,464.5,278.5,0.998
12017,436.5,288.5,0.999
12018,420.5,268.5,0.998
12019,404.5,252.5,0.997
12020,384.5,232.5,0.993
12021,366.5,220.5,0.995
12022,350.5,210.5,0.993
12023,334.5,202.5,0.989
12024,318.5,196.5,0.723
12025,304.5,194.5,0.994
12026,290.5,196.5,0.994
12027,274.5,198.5,0.988
12028,260.5,204.5,0.997
12029,244.5,212.5,0.996
12030,242.5,218.5,0.996
12032,322.5,72.5,0.853
12033,326.5,200.5,0.823
12034,356.5,198.5,0.972
12035,384.5,202.5,0.992
12036,412.5,204.5,0.997
12037,440.5,212.5,0.99
12038,466.5,222.5,0.995
12039,494.5,234.5,0.997
12040,522.5,248.5,0.999
12041,552.5,264.5,0.998
12042,570.5,278.5,0.986
12043,586.5,304.5,0.988
12044,586.5,302.5,0.992
12045,588.5,294.5,0.991
12046,596.5,286.5,0.987
12047,596.5,282.5,0.974
12051,602.5,284.5,0.983
12053,322.5,136.5,0.988
12054,324.5,146.5,0.981
12055,610.5,260.5,0.994
12056,332.5,162.5,0.987
12057,334.5,168.5,0.992
12058,336.5,178.5,0.991
12060,632.5,258.5,0.865
12063,646.5,260.5,0.993
12064,650.5,262.5,0.997
12070,934.5,396.5,0.909
12074,932.5,372.5,0.978
12080,886.5,712.5,0.991
12091,448.5,188.5,0.691
12093,464.5,188.5,0.915
12096,552.5,204.5,0.923
12105,654.5,188.5,0.708
12119,610.5,162.5,0.898
12120,808.5,326.5,0.965
12124,624.5,182.5,0.983
12125,698.5,156.5,0.985
12128,738.5,294.5,0.989
12148,730.5,128.5,0.969
12149,724.5,118.5,0.956
12150,720.5,110.5,0.691
12152,712.5,92.5,0.963
12153,704.5,88.5,0.967
12156,688.5,74.5,0.581
12160,646.5,154.5,0.985
12161,644.5,152.5,0.992
12162,638.5,152.5,0.989
12163,636.5,152.5,0.989
12164,628.5,152.5,0.986
12165,622.5,152.5,0.979
12166,618.5,150.5,0.911
12167,610.5,152.5,0.613
12169,596.5,150.5,0.594
12172,580.5,148.5,0.927
12174,568.5,146.5,0.803
12175,564.5,142.5,0.972
12177,554.5,140.5,0.99
12178,546.5,140.5,0.81
12180,536.5,140.5,0.604
12181,530.5,140.5,0.98
12186,932.5,288.5,0.961
12187,930.5,282.5,0.723
12189,874.5,286.5,0.69
12192,478.5,166.5,0.988
12230,344.5,332.5,0.7
12234,328.5,232.5,0.968
12235,322.5,240.5,0.986
12236,316.5,244.5,0.899
12238,308.5,256.5,0.985
12242,282.5,262.5,0.985
12243,276.5,262.5,0.992
12244,274.5,262.5,0.96
12245,268.5,264.5,0.939
12246,266.5,266.5,0.878
12247,262.5,266.5,0.993
12248,260.5,266.5,0.928
12250,410.5,172.5,0.506
12255,258.5,272.5,0.993
12256,262.5,272.5,0.995
12257,262.5,276.5,0.994
12258,264.5,276.5,0.987
12259,266.5,274.5,0.998
12260,262.5,266.5,0.994
12262,248.5,238.5,0.993
12263,244.5,224.5,0.993
12264,238.5,202.5,0.994
12265,234.5,192.5,0.997
12266,230.5,180.5,0.997
12267,228.5,174.5,0.999
12268,226.5,168.5,0.999
12269,222.5,166.5,0.999
12270,220.5,166.5,0.998
12271,218.5,168.5,0.999
12272,218.5,174.5,0.999
12273,218.5,182.5,0.996
12274,218.5,190.5,0.997
12275,218.5,200.5,0.998
12276,210.5,212.5,0.998
12277,230.5,226.5,0.986
12278,276.5,260.5,0.622
12279,318.5,274.5,0.981
12280,338.5,262.5,0.959
12281,380.5,240.5,0.994
12282,410.5,228.5,0.981
12283,432.5,222.5,0.995
12284,466.5,216.5,0.994
12285,496.5,212.5,0.993
12286,530.5,212.5,0.991
12287,562.5,218.5,0.991
12288,594.5,224.5,0.998
12289,624.5,232.5,0.992
12290,646.5,242.5,0.998
12291,682.5,258.5,0.996
12292,712.5,276.5,0.993
12293,736.5,292.5,0.996
12294,762.5,312.5,0.997
12295,786.5,322.5,0.999
12296,814.5,306.5,0.997
12297,830.5,294.5,0.995
12298,854.5,282.5,0.984
12299,878.5,274.5,0.998
12300,902.5,268.5,0.995
12301,920.5,268.5,0.999
12302,870.5,244.5,0.997
12303,826.5,228.5,0.998
12304,780.5,214.5,0.998
12305,736.5,206.5,0.997
12306,690.5,198.5,0.996
12307,652.5,196.5,0.995
12308,612.5,196.5,0.988
12309,574.5,198.5,0.992
12310,542.5,202.5,0.995
12311,510.5,208.5,0.998
12312,478.5,218.5,0.996
12313,452.5,230.5,0.996
12314,422.5,244.5,0.995
12315,400.5,258.5,0.995
12316,378.5,266.5,0.996
12317,356.5,248.5,0.996
12318,338.5,230.5,0.995
12319,316.5,214.5,0.994
12320,300.5,202.5,0.984
12321,282.5,194.5,0.985
12322,266.5,186.5,0.965
12323,250.5,182.5,0.994
12324,286.5,168.5,0.534
12325,318.5,150.5,0.992
12326,356.5,140.5,0.986
12327,400.5,130.5,0.995
12328,436.5,124.5,0.995
12329,478.5,118.5,0.997
12330,524.5,116.5,0.997
12331,560.5,118.5,0.996
12332,598.5,122.5,0.994
12333,636.5,130.5,0.997
12334,682.5,140.5,0.996
12335,720.5,152.5,0.996
12336,754.5,166.5,0.998
12337,792.5,182.5,0.996
12338,832.5,206.5,0.997
12339,864.5,226.5,0.996
12340,898.5,250.5,0.997
12341,928.5,274.5,0.999
12342,960.5,302.5,0.983
12343,992.5,338.5,0.998
12344,1020.5,370.5,0.995
12345,1044.5,400.5,0.992
12348,1090.5,468.5,0.98
12351,220.5,210.5,0.977
12353,198.5,232.5,0.883
12355,148.5,522.5,0.984
12390,1246.5,174.5,0.995
12391,1236.5,188.5,0.995
12392,1218.5,208.5,0.994
12410,1234.5,348.5,0.99
12412,1092.5,176.5,0.988
12416,962.5,332.5,0.625
12417,944.5,328.5,0.598
12431,926.5,712.5,0.988
12432,914.5,710.5,0.989
12433,906.5,714.5,0.989
12435,324.5,218.5,0.981
12439,334.5,218.5,0.957
12441,268.5,162.5,0.596
12443,338.5,214.5,0.985
12444,338.5,212.5,0.518
12445,336.5,212.5,0.973
12446,336.5,212.5,0.931
12447,970.5,460.5,0.801
12448,336.5,218.5,0.954
12456,226.5,286.5,0.681
12463,748.5,256.5,0.648
12464,738.5,256.5,0.819
12466,292.5,334.5,0.939
12467,700.5,236.5,0.985
12468,688.5,234.5,0.988
12470,296.5,326.5,0.984
12480,612.5,280.5,0.986
12552,418.5,148.5,0.854
12558,414.5,152.5,0.511
