track,frame,t_s,x_px,y_px
0,237,7.9,940.5,274.5
0,240,8.0,828.5,262.5
0,241,8.033,826.5,256.5
0,242,8.067,826.5,248.5
0,243,8.1,824.5,246.5
0,244,8.133,822.5,250.5
0,245,8.167,822.5,258.5
0,246,8.2,820.5,266.5
0,247,8.233,818.5,278.5
0,248,8.267,814.5,296.5
0,249,8.3,814.5,312.5
0,250,8.333,810.5,330.5
0,251,8.367,804.5,348.5
0,252,8.4,804.5,376.5
0,253,8.433,798.5,404.5
0,254,8.467,796.5,434.5
0,255,8.5,788.5,426.5
0,256,8.533,788.5,406.5
0,257,8.567,788.5,384.5
0,258,8.6,778.5,362.5
0,259,8.633,774.5,346.5
1,311,10.367,942.5,330.5
1,312,10.4,932.5,332.5
1,313,10.433,932.5,338.5
1,314,10.467,924.5,346.5
1,315,10.5,962.5,362.5
1,316,10.533,956.5,364.5
1,317,10.567,914.5,354.5
2,343,11.433,864.5,222.5
2,344,11.467,862.5,202.5
2,345,11.5,862.5,192.5
2,346,11.533,860.5,180.5
2,347,11.567,860.5,176.5
2,348,11.6,858.5,170.5
2,349,11.633,854.5,172.5
2,350,11.667,852.5,176.5
2,351,11.7,850.5,184.5
2,352,11.733,846.5,194.5
2,353,11.767,844.5,206.5
2,354,11.8,840.5,220.5
2,355,11.833,836.5,238.5
2,356,11.867,834.5,254.5
2,357,11.9,828.5,278.5
2,358,11.933,824.5,300.5
2,359,11.967,820.5,318.5
2,360,12.0,814.5,340.5
2,361,12.033,820.5,328.5
2,362,12.067,828.5,306.5
2,363,12.1,836.5,290.5
2,364,12.133,842.5,270.5
2,365,12.167,850.5,254.5
2,366,12.2,856.5,242.5
2,367,12.233,862.5,232.5
2,368,12.267,868.5,228.5
2,369,12.3,874.5,222.5
2,370,12.333,878.5,224.5
2,371,12.367,884.5,226.5
2,372,12.4,888.5,232.5
2,373,12.433,892.5,240.5
2,374,12.467,894.5,248.5
2,375,12.5,898.5,262.5
2,376,12.533,900.5,276.5
2,377,12.567,902.5,296.5
2,378,12.6,904.5,318.5
2,379,12.633,902.5,330.5
2,380,12.667,904.5,354.5
2,381,12.7,914.5,330.5
2,382,12.733,918.5,320.5
2,383,12.767,926.5,300.5
2,384,12.8,932.5,288.5
2,385,12.833,936.5,276.5
2,386,12.867,940.5,272.5
2,387,12.9,946.5,266.5
2,388,12.933,950.5,264.5
2,389,12.967,954.5,266.5
2,390,13.0,956.5,272.5
2,391,13.033,958.5,276.5
2,392,13.067,960.5,284.5
2,393,13.1,960.5,296.5
2,394,13.133,964.5,312.5
2,396,13.2,968.5,282.5
2,397,13.233,972.5,258.5
2,398,13.267,978.5,238.5
2,399,13.3,980.5,218.5
2,400,13.333,984.5,204.5
2,401,13.367,986.5,190.5
2,402,13.4,988.5,180.5
2,403,13.433,992.5,176.5
2,404,13.467,992.5,170.5
2,405,13.5,992.5,172.5
2,407,13.567,990.5,184.5
2,409,13.633,936.5,352.5
2,411,13.7,980.5,246.5
2,414,13.8,968.5,322.5
2,415,13.833,966.5,336.5
2,416,13.867,954.5,344.5
2,417,13.9,954.5,324.5
2,418,13.933,950.5,302.5
2,419,13.967,948.5,286.5
2,420,14.0,940.5,272.5
2,421,14.033,934.5,260.5
2,422,14.067,926.5,254.5
2,423,14.1,920.5,248.5
2,424,14.133,910.5,248.5
2,425,14.167,902.5,250.5
2,426,14.2,896.5,256.5
2,427,14.233,886.5,264.5
2,428,14.267,878.5,274.5
2,429,14.3,870.5,284.5
2,430,14.333,872.5,256.5
2,434,14.467,964.5,368.5
2,436,14.533,962.5,360.5
3,458,15.267,962.5,410.5
3,460,15.333,958.5,408.5
3,461,15.367,954.5,408.5
3,462,15.4,954.5,408.5
3,463,15.433,950.5,408.5
3,464,15.467,946.5,406.5
3,465,15.5,942.5,406.5
3,466,15.533,942.5,406.5
3,467,15.567,940.5,404.5
3,468,15.6,938.5,406.5
3,469,15.633,936.5,406.5
3,470,15.667,934.5,406.5
3,471,15.7,932.5,406.5
3,472,15.733,930.5,408.5
3,473,15.767,930.5,408.5
3,474,15.8,928.5,408.5
3,476,15.867,924.5,410.5
3,480,16.0,924.5,408.5
3,481,16.033,882.5,340.5
3,482,16.067,920.5,408.5
3,483,16.1,918.5,410.5
3,484,16.133,916.5,410.5
3,485,16.167,912.5,408.5
3,486,16.2,908.5,406.5
4,512,17.067,852.5,354.5
4,513,17.1,850.5,346.5
4,514,17.133,850.5,338.5
4,515,17.167,850.5,328.5
4,516,17.2,850.5,326.5
4,517,17.233,852.5,322.5
4,520,17.333,854.5,324.5
4,522,17.4,842.5,330.5
4,523,17.433,836.5,338.5
4,524,17.467,838.5,352.5
4,525,17.5,834.5,364.5
4,526,17.533,836.5,380.5
4,528,17.6,852.5,376.5
4,531,17.7,788.5,470.5
4,533,17.767,836.5,334.5
4,534,17.8,834.5,326.5
4,535,17.833,832.5,322.5
4,536,17.867,828.5,330.5
4,538,17.933,838.5,300.5
4,542,18.067,840.5,200.5
4,543,18.1,842.5,180.5
4,544,18.133,840.5,158.5
4,545,18.167,840.5,146.5
4,546,18.2,840.5,138.5
4,547,18.233,840.5,132.5
4,548,18.267,838.5,130.5
4,549,18.3,834.5,132.5
4,550,18.333,832.5,138.5
4,551,18.367,830.5,148.5
4,552,18.4,828.5,160.5
4,553,18.433,824.5,172.5
4,554,18.467,824.5,194.5
4,555,18.5,820.5,212.5
4,556,18.533,816.5,234.5
4,557,18.567,810.5,256.5
4,558,18.6,806.5,288.5
4,559,18.633,802.5,304.5
4,560,18.667,794.5,338.5
4,561,18.7,790.5,356.5
4,562,18.733,790.5,374.5
4,563,18.767,798.5,344.5
4,564,18.8,806.5,324.5
4,565,18.833,814.5,302.5
4,566,18.867,822.5,286.5
4,567,18.9,828.5,270.5
4,568,18.933,836.5,258.5
4,569,18.967,842.5,248.5
4,570,19.0,850.5,242.5
4,571,19.033,856.5,240.5
4,572,19.067,862.5,242.5
4,573,19.1,868.5,248.5
4,574,19.133,874.5,254.5
4,575,19.167,876.5,262.5
4,576,19.2,882.5,278.5
4,577,19.233,884.5,294.5
4,578,19.267,888.5,316.5
4,579,19.3,890.5,330.5
5,597,19.9,918.5,296.5
5,599,19.967,916.5,288.5
5,600,20.0,908.5,286.5
5,601,20.033,904.5,290.5
5,602,20.067,898.5,296.5
5,603,20.1,886.5,308.5
5,604,20.133,880.5,318.5
5,605,20.167,868.5,332.5
5,607,20.233,866.5,366.5
5,609,20.3,934.5,392.5
6,619,20.633,820.5,334.5
6,623,20.767,854.5,186.5
6,625,20.833,848.5,132.5
6,626,20.867,848.5,122.5
6,627,20.9,852.5,108.5
6,628,20.933,852.5,98.5
6,629,20.967,850.5,90.5
6,630,21.0,848.5,88.5
6,631,21.033,846.5,88.5
6,632,21.067,840.5,96.5
6,633,21.1,838.5,102.5
6,634,21.133,834.5,112.5
6,635,21.167,836.5,114.5
6,636,21.2,832.5,128.5
6,637,21.233,824.5,144.5
6,638,21.267,820.5,164.5
6,639,21.3,818.5,198.5
6,640,21.333,812.5,222.5
6,641,21.367,808.5,244.5
6,642,21.4,802.5,274.5
6,643,21.433,796.5,298.5
6,644,21.467,788.5,330.5
6,645,21.5,782.5,366.5
6,646,21.533,780.5,392.5
6,647,21.567,786.5,366.5
6,648,21.6,788.5,342.5
6,649,21.633,796.5,318.5
6,650,21.667,806.5,298.5
6,651,21.7,812.5,278.5
6,652,21.733,818.5,262.5
6,653,21.767,824.5,248.5
6,655,21.833,838.5,234.5
6,656,21.867,844.5,232.5
6,657,21.9,848.5,232.5
6,658,21.933,854.5,240.5
6,659,21.967,858.5,248.5
6,660,22.0,862.5,258.5
6,661,22.033,866.5,274.5
6,662,22.067,868.5,290.5
6,663,22.1,870.5,314.5
6,664,22.133,872.5,330.5
6,668,22.267,920.5,280.5
7,678,22.6,922.5,382.5
7,680,22.667,914.5,382.5
7,681,22.7,922.5,408.5
7,682,22.733,922.5,420.5
7,683,22.767,922.5,432.5
8,688,22.933,416.5,154.5
8,691,23.033,416.5,154.5
8,692,23.067,414.5,154.5
8,693,23.1,414.5,154.5
8,695,23.167,414.5,152.5
8,696,23.2,414.5,152.5
9,704,23.467,406.5,160.5
9,705,23.5,404.5,166.5
9,706,23.533,400.5,172.5
9,707,23.567,398.5,180.5
9,708,23.6,394.5,188.5
9,709,23.633,392.5,198.5
10,821,27.367,938.5,384.5
10,823,27.433,908.5,406.5
10,824,27.467,902.5,400.5
10,826,27.533,896.5,392.5
10,827,27.567,890.5,386.5
10,828,27.6,886.5,390.5
10,829,27.633,884.5,394.5
10,830,27.667,884.5,396.5
10,831,27.7,886.5,398.5
10,832,27.733,886.5,404.5
10,834,27.8,864.5,380.5
10,838,27.933,892.5,408.5
10,839,27.967,886.5,408.5
11,844,28.133,364.5,190.5
11,845,28.167,366.5,172.5
11,847,28.233,366.5,138.5
11,848,28.267,366.5,124.5
11,849,28.3,364.5,110.5
11,850,28.333,362.5,98.5
11,851,28.367,364.5,86.5
12,862,28.733,836.5,382.5
12,863,28.767,838.5,370.5
12,864,28.8,842.5,360.5
12,865,28.833,846.5,356.5
12,866,28.867,850.5,352.5
12,867,28.9,852.5,350.5
12,868,28.933,854.5,354.5
12,869,28.967,856.5,360.5
12,870,29.0,856.5,368.5
12,872,29.067,858.5,392.5
12,873,29.1,858.5,398.5
12,874,29.133,858.5,400.5
12,875,29.167,860.5,400.5
12,876,29.2,862.5,402.5
12,877,29.233,866.5,400.5
12,878,29.267,866.5,398.5
12,879,29.3,872.5,392.5
12,880,29.333,872.5,386.5
12,881,29.367,870.5,382.5
12,882,29.4,870.5,374.5
12,883,29.433,870.5,370.5
12,885,29.5,870.5,354.5
12,887,29.567,866.5,340.5
12,888,29.6,864.5,334.5
12,889,29.633,844.5,354.5
12,893,29.767,876.5,226.5
12,894,29.8,878.5,204.5
12,895,29.833,874.5,190.5
12,896,29.867,872.5,178.5
12,897,29.9,872.5,168.5
12,898,29.933,868.5,162.5
12,899,29.967,866.5,158.5
12,900,30.0,862.5,162.5
12,901,30.033,860.5,168.5
12,902,30.067,854.5,178.5
12,903,30.1,852.5,188.5
12,904,30.133,848.5,204.5
12,905,30.167,844.5,224.5
12,906,30.2,838.5,244.5
12,907,30.233,834.5,266.5
12,908,30.267,828.5,296.5
12,909,30.3,822.5,314.5
12,910,30.333,814.5,340.5
12,911,30.367,808.5,370.5
12,912,30.4,802.5,402.5
12,913,30.433,804.5,382.5
12,914,30.467,814.5,362.5
12,915,30.5,820.5,338.5
12,916,30.533,824.5,322.5
12,917,30.567,834.5,308.5
12,918,30.6,840.5,296.5
12,919,30.633,844.5,288.5
12,920,30.667,850.5,282.5
12,921,30.7,856.5,280.5
12,922,30.733,860.5,280.5
12,923,30.767,864.5,288.5
12,924,30.8,866.5,292.5
12,926,30.867,912.5,266.5
13,940,31.333,350.5,186.5
13,941,31.367,346.5,178.5
13,943,31.433,332.5,154.5
13,944,31.467,326.5,134.5
13,945,31.5,316.5,116.5
14,978,32.6,314.5,130.5
14,979,32.633,322.5,144.5
14,980,32.667,328.5,158.5
14,981,32.7,332.5,174.5
14,982,32.733,334.5,186.5
14,983,32.767,332.5,200.5
15,1005,33.5,932.5,236.5
15,1006,33.533,932.5,244.5
15,1007,33.567,930.5,252.5
15,1008,33.6,928.5,266.5
15,1009,33.633,926.5,278.5
15,1011,33.7,920.5,324.5
15,1012,33.733,918.5,348.5
15,1013,33.767,918.5,376.5
15,1014,33.8,906.5,400.5
15,1016,33.867,834.5,422.5
15,1017,33.9,786.5,408.5
15,1018,33.933,748.5,404.5
15,1019,33.967,706.5,398.5
15,1020,34.0,668.5,354.5
15,1021,34.033,638.5,320.5
15,1022,34.067,614.5,300.5
15,1023,34.1,590.5,282.5
15,1024,34.133,564.5,264.5
15,1025,34.167,542.5,252.5
15,1026,34.2,522.5,246.5
15,1027,34.233,502.5,242.5
15,1028,34.267,484.5,238.5
15,1029,34.3,466.5,240.5
15,1030,34.333,450.5,242.5
15,1031,34.367,434.5,244.5
15,1032,34.4,420.5,246.5
15,1033,34.433,402.5,230.5
15,1034,34.467,392.5,216.5
15,1035,34.5,378.5,204.5
15,1036,34.533,366.5,198.5
15,1038,34.6,400.5,188.5
15,1039,34.633,434.5,186.5
15,1040,34.667,474.5,184.5
15,1041,34.7,506.5,190.5
15,1042,34.733,540.5,194.5
15,1043,34.767,576.5,202.5
15,1044,34.8,608.5,210.5
15,1045,34.833,640.5,222.5
15,1046,34.867,680.5,238.5
15,1047,34.9,712.5,254.5
15,1048,34.933,742.5,272.5
15,1049,34.967,772.5,290.5
16,1054,35.133,910.5,416.5
16,1055,35.167,942.5,446.5
16,1056,35.2,970.5,462.5
16,1057,35.233,994.5,450.5
16,1058,35.267,1010.5,438.5
16,1059,35.3,1030.5,434.5
16,1060,35.333,1050.5,426.5
16,1061,35.367,1068.5,422.5
17,1126,37.533,228.5,284.5
17,1129,37.633,384.5,162.5
17,1131,37.7,378.5,162.5
17,1133,37.767,378.5,164.5
17,1134,37.8,378.5,166.5
17,1136,37.867,376.5,170.5
17,1137,37.9,376.5,176.5
17,1138,37.933,372.5,180.5
17,1139,37.967,370.5,188.5
17,1141,38.033,296.5,178.5
17,1142,38.067,320.5,194.5
17,1143,38.1,322.5,202.5
18,1352,45.067,254.5,168.5
18,1354,45.133,246.5,154.5
18,1355,45.167,242.5,148.5
18,1356,45.2,238.5,134.5
18,1357,45.233,234.5,128.5
19,1362,45.4,870.5,266.5
19,1363,45.433,874.5,276.5
19,1364,45.467,874.5,286.5
19,1365,45.5,878.5,300.5
19,1366,45.533,878.5,316.5
19,1367,45.567,878.5,338.5
19,1368,45.6,876.5,352.5
19,1370,45.667,800.5,366.5
19,1371,45.7,766.5,364.5
19,1372,45.733,722.5,370.5
19,1373,45.767,688.5,374.5
19,1374,45.8,654.5,380.5
19,1375,45.833,628.5,354.5
19,1376,45.867,604.5,328.5
19,1377,45.9,578.5,306.5
19,1378,45.933,558.5,290.5
19,1379,45.967,536.5,276.5
19,1380,46.0,516.5,268.5
19,1381,46.033,496.5,262.5
19,1382,46.067,480.5,260.5
19,1383,46.1,462.5,260.5
19,1384,46.133,446.5,260.5
19,1385,46.167,432.5,264.5
19,1386,46.2,420.5,272.5
19,1387,46.233,408.5,280.5
19,1388,46.267,396.5,282.5
19,1389,46.3,380.5,262.5
19,1390,46.333,368.5,250.5
19,1391,46.367,358.5,236.5
19,1392,46.4,344.5,228.5
19,1393,46.433,340.5,220.5
19,1394,46.467,310.5,206.5
19,1396,46.533,400.5,198.5
19,1397,46.567,420.5,194.5
19,1398,46.6,444.5,194.5
19,1399,46.633,466.5,194.5
19,1400,46.667,490.5,198.5
19,1401,46.7,518.5,206.5
19,1402,46.733,546.5,216.5
19,1403,46.767,572.5,228.5
19,1404,46.8,596.5,244.5
19,1405,46.833,618.5,258.5
19,1406,46.867,642.5,276.5
19,1407,46.9,672.5,302.5
19,1408,46.933,702.5,332.5
19,1409,46.967,720.5,354.5
19,1410,47.0,746.5,386.5
19,1411,47.033,770.5,370.5
19,1412,47.067,790.5,358.5
19,1413,47.1,814.5,346.5
19,1414,47.133,834.5,338.5
19,1415,47.167,854.5,336.5
19,1417,47.233,810.5,300.5
19,1418,47.267,762.5,276.5
19,1419,47.3,718.5,258.5
19,1420,47.333,678.5,244.5
19,1423,47.433,558.5,224.5
19,1424,47.467,526.5,224.5
19,1425,47.5,492.5,226.5
19,1426,47.533,464.5,230.5
19,1427,47.567,438.5,238.5
19,1428,47.6,414.5,244.5
19,1429,47.633,390.5,258.5
19,1430,47.667,372.5,266.5
19,1431,47.7,354.5,280.5
19,1432,47.733,332.5,282.5
19,1433,47.767,314.5,262.5
19,1434,47.8,296.5,242.5
19,1435,47.833,284.5,228.5
19,1436,47.867,266.5,212.5
19,1437,47.9,254.5,204.5
19,1438,47.933,238.5,196.5
19,1439,47.967,228.5,190.5
19,1440,48.0,214.5,188.5
19,1441,48.033,202.5,188.5
19,1442,48.067,196.5,192.5
19,1444,48.133,266.5,176.5
19,1445,48.167,322.5,176.5
19,1446,48.2,362.5,176.5
19,1447,48.233,414.5,178.5
19,1448,48.267,464.5,184.5
19,1449,48.3,514.5,196.5
19,1450,48.333,564.5,212.5
19,1451,48.367,616.5,232.5
19,1452,48.4,680.5,260.5
19,1453,48.433,720.5,280.5
19,1455,48.5,812.5,334.5
19,1456,48.533,864.5,376.5
19,1457,48.567,926.5,430.5
19,1458,48.6,962.5,464.5
19,1459,48.633,1002.5,504.5
19,1460,48.667,1038.5,548.5
19,1461,48.7,1082.5,606.5
19,1462,48.733,1102.5,642.5
19,1463,48.767,1148.5,672.5
20,1496,49.867,246.5,180.5
20,1499,49.967,246.5,176.5
20,1503,50.1,336.5,152.5
20,1506,50.2,350.5,138.5
20,1508,50.267,358.5,122.5
20,1509,50.3,360.5,114.5
20,1510,50.333,364.5,108.5
20,1511,50.367,362.5,110.5
20,1512,50.4,366.5,104.5
20,1513,50.433,368.5,100.5
20,1514,50.467,370.5,96.5
20,1515,50.5,370.5,96.5
20,1516,50.533,370.5,90.5
20,1517,50.567,368.5,88.5
20,1519,50.633,368.5,90.5
20,1521,50.7,364.5,90.5
20,1523,50.767,360.5,98.5
20,1524,50.8,360.5,104.5
20,1525,50.833,356.5,110.5
20,1526,50.867,356.5,116.5
20,1527,50.9,354.5,124.5
20,1528,50.933,352.5,134.5
21,1588,52.933,1210.5,248.5
21,1589,52.967,1210.5,236.5
21,1590,53.0,1216.5,218.5
21,1591,53.033,1222.5,206.5
21,1592,53.067,1226.5,194.5
21,1593,53.1,1226.5,186.5
21,1594,53.133,1232.5,184.5
21,1596,53.2,1228.5,194.5
21,1597,53.233,1226.5,200.5
21,1598,53.267,1224.5,210.5
21,1599,53.3,1222.5,226.5
21,1600,53.333,1216.5,244.5
21,1601,53.367,1212.5,264.5
21,1604,53.467,1106.5,276.5
21,1605,53.5,1054.5,274.5
21,1606,53.533,1002.5,276.5
21,1607,53.567,954.5,282.5
21,1608,53.6,910.5,290.5
21,1609,53.633,860.5,304.5
21,1610,53.667,836.5,308.5
21,1611,53.7,786.5,326.5
21,1612,53.733,764.5,314.5
21,1613,53.767,740.5,288.5
21,1614,53.8,722.5,270.5
21,1615,53.833,704.5,252.5
21,1616,53.867,680.5,236.5
21,1617,53.9,668.5,228.5
21,1618,53.933,642.5,218.5
21,1619,53.967,626.5,212.5
21,1620,54.0,612.5,212.5
21,1621,54.033,596.5,212.5
21,1622,54.067,580.5,214.5
21,1623,54.1,566.5,220.5
21,1624,54.133,552.5,228.5
21,1625,54.167,542.5,236.5
21,1626,54.2,532.5,246.5
21,1627,54.233,518.5,258.5
21,1628,54.267,506.5,240.5
21,1629,54.3,496.5,226.5
21,1630,54.333,486.5,212.5
21,1631,54.367,476.5,202.5
21,1632,54.4,468.5,192.5
21,1633,54.433,454.5,188.5
21,1634,54.467,468.5,184.5
21,1635,54.5,482.5,182.5
21,1636,54.533,512.5,186.5
21,1637,54.567,542.5,190.5
21,1638,54.6,564.5,196.5
21,1639,54.633,592.5,204.5
21,1640,54.667,618.5,214.5
21,1641,54.7,642.5,226.5
21,1642,54.733,676.5,248.5
21,1643,54.767,702.5,266.5
21,1644,54.8,726.5,284.5
21,1645,54.833,756.5,312.5
21,1646,54.867,786.5,340.5
21,1647,54.9,812.5,348.5
21,1648,54.933,840.5,338.5
21,1649,54.967,866.5,330.5
21,1650,55.0,892.5,324.5
21,1651,55.033,926.5,324.5
21,1652,55.067,948.5,324.5
21,1653,55.1,978.5,326.5
21,1654,55.133,944.5,294.5
21,1655,55.167,898.5,254.5
21,1656,55.2,860.5,224.5
21,1657,55.233,826.5,200.5
21,1658,55.267,786.5,178.5
21,1659,55.3,750.5,160.5
21,1660,55.333,718.5,148.5
21,1661,55.367,684.5,138.5
21,1662,55.4,650.5,132.5
21,1663,55.433,620.5,130.5
21,1664,55.467,590.5,130.5
21,1665,55.5,558.5,134.5
21,1666,55.533,534.5,142.5
21,1667,55.567,508.5,150.5
21,1668,55.6,490.5,160.5
21,1669,55.633,466.5,172.5
21,1670,55.667,448.5,186.5
21,1671,55.7,428.5,202.5
21,1672,55.733,408.5,224.5
21,1673,55.767,390.5,242.5
21,1674,55.8,374.5,264.5
21,1675,55.833,358.5,278.5
21,1676,55.867,340.5,258.5
21,1677,55.9,328.5,238.5
21,1678,55.933,314.5,218.5
21,1679,55.967,300.5,202.5
21,1680,56.0,286.5,186.5
21,1681,56.033,272.5,176.5
21,1682,56.067,260.5,168.5
21,1683,56.1,248.5,162.5
21,1684,56.133,236.5,158.5
21,1685,56.167,224.5,156.5
21,1686,56.2,212.5,158.5
21,1687,56.233,204.5,164.5
21,1688,56.267,194.5,168.5
21,1689,56.3,186.5,178.5
21,1690,56.333,178.5,188.5
21,1691,56.367,178.5,200.5
21,1693,56.433,248.5,190.5
21,1694,56.467,300.5,190.5
21,1695,56.5,354.5,190.5
21,1696,56.533,396.5,194.5
21,1697,56.567,444.5,202.5
21,1698,56.6,494.5,212.5
21,1699,56.633,540.5,228.5
21,1700,56.667,582.5,244.5
21,1701,56.7,612.5,258.5
21,1702,56.733,680.5,292.5
21,1703,56.767,704.5,304.5
21,1704,56.8,748.5,334.5
21,1705,56.833,776.5,322.5
21,1706,56.867,826.5,306.5
21,1707,56.9,862.5,290.5
21,1708,56.933,896.5,284.5
21,1709,56.967,940.5,276.5
21,1710,57.0,968.5,274.5
21,1711,57.033,1002.5,274.5
21,1712,57.067,1046.5,276.5
21,1713,57.1,1080.5,284.5
21,1714,57.133,1114.5,294.5
21,1715,57.167,1150.5,308.5
21,1716,57.2,1172.5,324.5
21,1717,57.233,1172.5,312.5
21,1718,57.267,1140.5,292.5
21,1719,57.3,1096.5,260.5
22,1724,57.467,844.5,146.5
22,1725,57.5,800.5,138.5
22,1726,57.533,770.5,136.5
22,1727,57.567,734.5,134.5
22,1728,57.6,698.5,136.5
22,1729,57.633,670.5,140.5
22,1730,57.667,636.5,146.5
22,1731,57.7,602.5,158.5
22,1732,57.733,574.5,168.5
22,1733,57.767,550.5,180.5
22,1734,57.8,526.5,194.5
22,1735,57.833,500.5,210.5
22,1736,57.867,480.5,228.5
22,1737,57.9,462.5,244.5
22,1738,57.933,442.5,234.5
22,1739,57.967,428.5,212.5
22,1740,58.0,414.5,192.5
22,1741,58.033,404.5,178.5
22,1742,58.067,388.5,162.5
22,1743,58.1,376.5,150.5
22,1744,58.133,364.5,140.5
22,1745,58.167,354.5,136.5
22,1746,58.2,344.5,132.5
22,1747,58.233,330.5,134.5
22,1749,58.3,380.5,140.5
22,1750,58.333,416.5,148.5
22,1751,58.367,456.5,162.5
22,1752,58.4,492.5,178.5
22,1753,58.433,538.5,198.5
22,1754,58.467,574.5,220.5
22,1755,58.5,610.5,242.5
22,1756,58.533,640.5,264.5
22,1757,58.567,684.5,298.5
22,1758,58.6,720.5,316.5
22,1759,58.633,750.5,304.5
22,1760,58.667,794.5,296.5
22,1761,58.7,830.5,292.5
22,1762,58.733,866.5,290.5
22,1763,58.767,906.5,290.5
22,1764,58.8,942.5,294.5
22,1765,58.833,978.5,302.5
22,1766,58.867,1016.5,314.5
22,1767,58.9,1052.5,332.5
22,1768,58.933,1034.5,310.5
22,1769,58.967,992.5,288.5
22,1770,59.0,938.5,250.5
22,1771,59.033,892.5,226.5
22,1772,59.067,846.5,204.5
22,1773,59.1,798.5,184.5
22,1774,59.133,768.5,174.5
22,1775,59.167,734.5,166.5
22,1776,59.2,700.5,160.5
22,1777,59.233,670.5,156.5
22,1778,59.267,636.5,156.5
22,1779,59.3,606.5,158.5
22,1780,59.333,582.5,162.5
22,1781,59.367,558.5,168.5
22,1782,59.4,534.5,174.5
22,1783,59.433,510.5,186.5
22,1784,59.467,486.5,196.5
22,1785,59.5,474.5,208.5
22,1786,59.533,454.5,222.5
22,1787,59.567,440.5,236.5
22,1788,59.6,422.5,240.5
22,1789,59.633,408.5,216.5
22,1790,59.667,392.5,198.5
22,1791,59.7,380.5,182.5
22,1792,59.733,368.5,170.5
22,1793,59.767,356.5,160.5
22,1794,59.8,346.5,152.5
22,1798,59.933,418.5,168.5
22,1799,59.967,460.5,182.5
22,1800,60.0,508.5,206.5
22,1801,60.033,546.5,226.5
22,1802,60.067,586.5,250.5
22,1803,60.1,626.5,274.5
22,1805,60.167,728.5,352.5
22,1806,60.2,770.5,346.5
22,1807,60.233,824.5,340.5
22,1808,60.267,864.5,340.5
22,1809,60.3,906.5,342.5
22,1810,60.333,976.5,356.5
22,1811,60.367,1024.5,368.5
22,1812,60.4,976.5,334.5
22,1813,60.433,932.5,306.5
22,1814,60.467,862.5,270.5
22,1815,60.5,812.5,248.5
22,1816,60.533,764.5,230.5
22,1817,60.567,720.5,218.5
22,1818,60.6,680.5,210.5
22,1819,60.633,640.5,204.5
22,1820,60.667,606.5,202.5
22,1821,60.7,572.5,204.5
22,1822,60.733,544.5,208.5
22,1823,60.767,516.5,212.5
22,1824,60.8,494.5,220.5
22,1825,60.833,470.5,230.5
22,1826,60.867,452.5,240.5
22,1827,60.9,434.5,252.5
22,1828,60.933,418.5,268.5
22,1829,60.967,398.5,258.5
22,1830,61.0,382.5,236.5
22,1831,61.033,366.5,216.5
22,1832,61.067,356.5,202.5
22,1833,61.1,342.5,188.5
22,1834,61.133,332.5,178.5
22,1835,61.167,322.5,170.5
22,1836,61.2,310.5,164.5
22,1840,61.333,392.5,174.5
22,1841,61.367,428.5,182.5
22,1842,61.4,462.5,192.5
22,1843,61.433,498.5,206.5
22,1844,61.467,540.5,224.5
22,1845,61.5,576.5,240.5
22,1846,61.533,602.5,256.5
22,1847,61.567,634.5,272.5
22,1848,61.6,682.5,302.5
22,1849,61.633,718.5,326.5
22,1850,61.667,754.5,316.5
22,1851,61.7,794.5,312.5
22,1852,61.733,828.5,306.5
22,1853,61.767,862.5,304.5
22,1854,61.8,900.5,302.5
22,1855,61.833,942.5,306.5
22,1856,61.867,974.5,308.5
22,1857,61.9,1008.5,322.5
22,1858,61.933,1044.5,334.5
22,1860,62.0,1046.5,324.5
22,1861,62.033,1006.5,300.5
22,1862,62.067,932.5,258.5
22,1863,62.1,884.5,234.5
22,1864,62.133,834.5,212.5
22,1865,62.167,782.5,196.5
22,1866,62.2,738.5,184.5
22,1867,62.233,692.5,176.5
22,1868,62.267,648.5,170.5
22,1869,62.3,610.5,170.5
22,1870,62.333,572.5,172.5
22,1871,62.367,536.5,174.5
22,1872,62.4,498.5,180.5
22,1873,62.433,468.5,188.5
22,1874,62.467,444.5,198.5
22,1875,62.5,414.5,212.5
22,1876,62.533,388.5,226.5
22,1877,62.567,366.5,242.5
22,1878,62.6,342.5,258.5
22,1879,62.633,322.5,276.5
22,1880,62.667,300.5,258.5
22,1881,62.7,280.5,236.5
22,1882,62.733,262.5,216.5
22,1883,62.767,238.5,196.5
22,1884,62.8,228.5,190.5
22,1885,62.833,210.5,184.5
22,1886,62.867,196.5,174.5
22,1887,62.9,180.5,170.5
22,1888,62.933,162.5,170.5
22,1889,62.967,160.5,168.5
22,1892,63.067,254.5,122.5
22,1895,63.167,482.5,216.5
22,1896,63.2,544.5,242.5
22,1897,63.233,618.5,274.5
22,1898,63.267,666.5,294.5
22,1899,63.3,714.5,326.5
22,1900,63.333,754.5,330.5
22,1901,63.367,802.5,322.5
22,1902,63.4,848.5,306.5
22,1903,63.433,902.5,290.5
22,1904,63.467,954.5,286.5
22,1905,63.5,1012.5,282.5
22,1906,63.533,1060.5,284.5
22,1907,63.567,1110.5,288.5
22,1908,63.6,1166.5,292.5
22,1909,63.633,1210.5,304.5
22,1910,63.667,1240.5,312.5
22,1911,63.7,1170.5,280.5
22,1912,63.733,1104.5,256.5
22,1914,63.8,974.5,218.5
22,1915,63.833,924.5,210.5
22,1916,63.867,872.5,202.5
22,1917,63.9,828.5,200.5
22,1918,63.933,778.5,200.5
22,1919,63.967,732.5,206.5
22,1920,64.0,698.5,210.5
22,1921,64.033,656.5,220.5
22,1922,64.067,622.5,228.5
22,1923,64.1,590.5,242.5
22,1924,64.133,570.5,252.5
22,1925,64.167,546.5,264.5
22,1926,64.2,514.5,262.5
22,1927,64.233,498.5,244.5
22,1928,64.267,474.5,222.5
22,1929,64.3,454.5,204.5
22,1930,64.333,438.5,194.5
22,1931,64.367,420.5,184.5
22,1932,64.4,404.5,176.5
22,1933,64.433,390.5,172.5
22,1934,64.467,394.5,172.5
22,1935,64.5,370.5,176.5
22,1936,64.533,424.5,182.5
22,1937,64.567,466.5,196.5
22,1938,64.6,508.5,214.5
22,1939,64.633,554.5,236.5
22,1940,64.667,592.5,256.5
22,1941,64.7,628.5,274.5
22,1944,64.8,784.5,364.5
22,1945,64.833,838.5,358.5
22,1946,64.867,874.5,362.5
22,1947,64.9,958.5,372.5
22,1948,64.933,996.5,382.5
22,1949,64.967,1058.5,396.5
22,1950,65.0,1108.5,412.5
22,1951,65.033,1098.5,394.5
22,1952,65.067,1022.5,354.5
22,1953,65.1,962.5,328.5
22,1955,65.167,820.5,264.5
22,1956,65.2,766.5,252.5
22,1957,65.233,714.5,240.5
22,1958,65.267,670.5,232.5
22,1959,65.3,620.5,228.5
22,1960,65.333,574.5,228.5
22,1961,65.367,530.5,228.5
22,1962,65.4,492.5,236.5
22,1963,65.433,460.5,242.5
22,1964,65.467,430.5,252.5
22,1965,65.5,400.5,264.5
22,1966,65.533,372.5,276.5
22,1967,65.567,348.5,292.5
22,1968,65.6,330.5,292.5
22,1969,65.633,300.5,264.5
22,1970,65.667,282.5,246.5
22,1971,65.7,260.5,228.5
22,1972,65.733,242.5,214.5
22,1973,65.767,224.5,204.5
22,1974,65.8,206.5,196.5
22,1975,65.833,188.5,192.5
22,1976,65.867,178.5,190.5
22,1977,65.9,158.5,190.5
22,1978,65.933,150.5,194.5
22,1979,65.967,144.5,196.5
22,1980,66.0,210.5,182.5
22,1982,66.067,300.5,166.5
22,1983,66.1,348.5,164.5
22,1984,66.133,404.5,164.5
22,1985,66.167,462.5,172.5
22,1986,66.2,516.5,180.5
22,1987,66.233,576.5,196.5
22,1988,66.267,634.5,214.5
22,1989,66.3,690.5,238.5
22,1990,66.333,748.5,264.5
22,1991,66.367,802.5,296.5
22,1992,66.4,872.5,338.5
22,1993,66.433,908.5,362.5
22,1994,66.467,960.5,402.5
22,1995,66.5,1010.5,446.5
22,1996,66.533,1052.5,488.5
22,1997,66.567,1098.5,536.5
22,1998,66.6,1134.5,584.5
22,1999,66.633,1166.5,626.5
22,2000,66.667,1196.5,670.5
23,2008,66.933,1244.5,530.5
23,2009,66.967,1198.5,502.5
23,2010,67.0,1166.5,486.5
23,2011,67.033,1134.5,472.5
23,2012,67.067,1104.5,464.5
23,2013,67.1,1072.5,454.5
23,2014,67.133,1040.5,450.5
23,2015,67.167,1020.5,448.5
23,2016,67.2,994.5,448.5
23,2017,67.233,964.5,450.5
23,2018,67.267,944.5,452.5
23,2019,67.3,928.5,466.5
23,2020,67.333,924.5,488.5
23,2021,67.367,920.5,514.5
23,2022,67.4,916.5,542.5
23,2023,67.433,922.5,546.5
23,2024,67.467,936.5,548.5
23,2025,67.5,946.5,552.5
23,2026,67.533,958.5,560.5
23,2027,67.567,970.5,570.5
23,2028,67.6,980.5,582.5
23,2029,67.633,990.5,596.5
23,2030,67.667,1000.5,612.5
23,2031,67.7,1010.5,634.5
23,2032,67.733,1020.5,648.5
23,2033,67.767,1038.5,658.5
23,2034,67.8,1052.5,664.5
23,2035,67.833,1066.5,676.5
23,2036,67.867,1080.5,690.5
23,2037,67.9,1094.5,710.5
23,2038,67.933,1102.5,714.5
24,2094,69.8,352.5,218.5
24,2095,69.833,356.5,220.5
24,2096,69.867,356.5,218.5
24,2097,69.9,358.5,220.5
24,2099,69.967,358.5,210.5
24,2100,70.0,358.5,198.5
24,2101,70.033,356.5,194.5
24,2102,70.067,356.5,194.5
24,2103,70.1,356.5,194.5
24,2104,70.133,356.5,194.5
24,2105,70.167,356.5,194.5
25,2159,71.967,898.5,334.5
25,2163,72.1,896.5,278.5
25,2164,72.133,898.5,260.5
25,2165,72.167,904.5,250.5
25,2166,72.2,906.5,242.5
25,2167,72.233,910.5,240.5
25,2168,72.267,914.5,240.5
25,2169,72.3,914.5,250.5
25,2170,72.333,918.5,258.5
25,2171,72.367,916.5,270.5
25,2172,72.4,916.5,288.5
25,2173,72.433,914.5,310.5
25,2174,72.467,916.5,332.5
25,2175,72.5,914.5,356.5
25,2177,72.567,906.5,418.5
25,2179,72.633,862.5,442.5
25,2181,72.7,936.5,400.5
26,2186,72.867,558.5,274.5
26,2187,72.9,540.5,260.5
26,2188,72.933,516.5,248.5
26,2189,72.967,498.5,240.5
26,2190,73.0,480.5,234.5
26,2191,73.033,462.5,230.5
26,2192,73.067,446.5,230.5
26,2193,73.1,432.5,232.5
26,2194,73.133,420.5,238.5
26,2195,73.167,402.5,224.5
26,2196,73.2,338.5,216.5
26,2197,73.233,380.5,200.5
26,2198,73.267,396.5,196.5
26,2199,73.3,430.5,188.5
26,2200,73.333,460.5,188.5
26,2201,73.367,494.5,188.5
26,2202,73.4,528.5,190.5
26,2203,73.433,558.5,194.5
26,2204,73.467,594.5,202.5
26,2206,73.533,670.5,226.5
26,2207,73.567,698.5,240.5
26,2208,73.6,732.5,258.5
26,2209,73.633,762.5,276.5
26,2210,73.667,798.5,298.5
26,2211,73.7,830.5,308.5
26,2212,73.733,860.5,300.5
26,2213,73.767,896.5,292.5
26,2214,73.8,928.5,290.5
26,2215,73.833,960.5,288.5
26,2216,73.867,998.5,290.5
26,2217,73.9,1026.5,292.5
26,2218,73.933,1060.5,302.5
26,2219,73.967,1098.5,316.5
26,2220,74.0,1122.5,328.5
26,2221,74.033,1140.5,336.5
27,2227,74.233,1226.5,230.5
27,2228,74.267,1232.5,226.5
27,2229,74.3,1234.5,212.5
27,2230,74.333,1240.5,204.5
27,2231,74.367,1242.5,196.5
27,2235,74.5,1250.5,210.5
27,2236,74.533,1250.5,220.5
28,2246,74.867,1140.5,260.5
28,2248,74.933,1108.5,284.5
28,2249,74.967,1088.5,302.5
28,2250,75.0,1062.5,328.5
28,2251,75.033,1042.5,356.5
28,2252,75.067,1024.5,382.5
28,2253,75.1,1002.5,412.5
28,2254,75.133,980.5,442.5
28,2255,75.167,958.5,476.5
28,2256,75.2,938.5,514.5
28,2257,75.233,914.5,558.5
28,2258,75.267,894.5,596.5
28,2259,75.3,874.5,634.5
28,2260,75.333,858.5,680.5
28,2261,75.367,838.5,712.5
28,2264,75.467,812.5,712.5
28,2265,75.5,806.5,702.5
28,2266,75.533,798.5,692.5
28,2267,75.567,792.5,684.5
28,2268,75.6,784.5,680.5
28,2269,75.633,776.5,678.5
28,2270,75.667,766.5,680.5
29,2294,76.467,350.5,154.5
29,2297,76.567,376.5,188.5
29,2300,76.667,394.5,204.5
29,2303,76.767,402.5,194.5
29,2305,76.833,388.5,196.5
29,2306,76.867,384.5,202.5
30,2323,77.433,932.5,288.5
30,2324,77.467,936.5,276.5
30,2325,77.5,938.5,270.5
30,2327,77.567,942.5,270.5
30,2328,77.6,942.5,276.5
30,2329,77.633,944.5,288.5
30,2330,77.667,942.5,300.5
30,2331,77.7,940.5,318.5
30,2333,77.767,936.5,356.5
30,2334,77.8,932.5,390.5
30,2335,77.833,932.5,414.5
30,2336,77.867,928.5,438.5
30,2337,77.9,918.5,384.5
30,2339,77.967,766.5,420.5
30,2340,78.0,712.5,416.5
30,2341,78.033,670.5,382.5
30,2342,78.067,640.5,354.5
30,2343,78.1,612.5,336.5
30,2344,78.133,580.5,316.5
30,2345,78.167,554.5,306.5
30,2346,78.2,520.5,292.5
30,2347,78.233,498.5,286.5
30,2348,78.267,476.5,284.5
30,2349,78.3,452.5,286.5
30,2350,78.333,434.5,290.5
30,2351,78.367,418.5,296.5
30,2352,78.4,396.5,292.5
30,2353,78.433,384.5,276.5
30,2354,78.467,366.5,262.5
30,2355,78.5,350.5,252.5
30,2356,78.533,336.5,244.5
30,2357,78.567,322.5,240.5
30,2358,78.6,308.5,238.5
30,2360,78.667,340.5,220.5
30,2361,78.7,378.5,206.5
30,2362,78.733,406.5,196.5
30,2363,78.767,436.5,188.5
30,2364,78.8,466.5,184.5
30,2365,78.833,498.5,182.5
30,2366,78.867,534.5,184.5
30,2367,78.9,564.5,188.5
30,2368,78.933,600.5,198.5
30,2369,78.967,594.5,194.5
30,2370,79.0,634.5,204.5
30,2371,79.033,672.5,218.5
30,2372,79.067,700.5,230.5
30,2373,79.1,730.5,246.5
30,2374,79.133,762.5,264.5
30,2375,79.167,798.5,292.5
30,2376,79.2,816.5,306.5
30,2377,79.233,850.5,336.5
30,2378,79.267,878.5,354.5
30,2379,79.3,906.5,336.5
30,2381,79.367,958.5,310.5
30,2383,79.433,922.5,270.5
30,2384,79.467,864.5,252.5
30,2385,79.5,798.5,232.5
30,2386,79.533,742.5,222.5
30,2387,79.567,692.5,212.5
30,2388,79.6,642.5,208.5
30,2389,79.633,602.5,208.5
30,2390,79.667,560.5,210.5
30,2391,79.7,526.5,210.5
30,2392,79.733,492.5,218.5
30,2393,79.767,458.5,228.5
30,2394,79.8,428.5,236.5
30,2395,79.833,402.5,246.5
30,2396,79.867,380.5,244.5
30,2397,79.9,354.5,222.5
30,2398,79.933,338.5,208.5
30,2399,79.967,310.5,188.5
30,2400,80.0,286.5,176.5
30,2401,80.033,232.5,192.5
31,2408,80.267,402.5,92.5
31,2409,80.3,428.5,90.5
31,2410,80.333,452.5,92.5
31,2411,80.367,484.5,98.5
31,2412,80.4,512.5,104.5
31,2413,80.433,542.5,118.5
31,2414,80.467,574.5,134.5
31,2415,80.5,606.5,154.5
31,2416,80.533,638.5,180.5
31,2417,80.567,670.5,208.5
31,2418,80.6,696.5,234.5
31,2419,80.633,724.5,264.5
31,2420,80.667,746.5,298.5
31,2421,80.7,776.5,324.5
31,2422,80.733,804.5,372.5
31,2423,80.767,830.5,414.5
31,2424,80.8,864.5,398.5
31,2425,80.833,902.5,372.5
31,2427,80.9,896.5,322.5
31,2428,80.933,852.5,292.5
31,2429,80.967,796.5,264.5
31,2430,81.0,750.5,244.5
31,2431,81.033,710.5,228.5
31,2432,81.067,674.5,216.5
31,2433,81.1,638.5,206.5
31,2434,81.133,608.5,200.5
31,2435,81.167,576.5,196.5
31,2436,81.2,550.5,196.5
31,2437,81.233,530.5,198.5
31,2438,81.267,510.5,202.5
31,2439,81.3,490.5,208.5
31,2440,81.333,474.5,214.5
31,2441,81.367,458.5,224.5
31,2442,81.4,444.5,234.5
31,2443,81.433,432.5,242.5
31,2444,81.467,420.5,226.5
31,2445,81.5,406.5,204.5
31,2446,81.533,396.5,186.5
31,2447,81.567,390.5,178.5
31,2448,81.6,382.5,164.5
31,2449,81.633,374.5,156.5
31,2451,81.7,406.5,160.5
31,2452,81.733,430.5,166.5
31,2453,81.767,452.5,176.5
31,2454,81.8,476.5,188.5
31,2455,81.833,498.5,200.5
31,2456,81.867,526.5,220.5
31,2457,81.9,550.5,240.5
31,2458,81.933,572.5,256.5
31,2459,81.967,594.5,278.5
31,2460,82.0,618.5,290.5
31,2461,82.033,638.5,310.5
31,2462,82.067,654.5,326.5
31,2463,82.1,674.5,334.5
31,2464,82.133,688.5,330.5
31,2465,82.167,706.5,328.5
31,2466,82.2,724.5,330.5
31,2467,82.233,742.5,336.5
31,2468,82.267,762.5,342.5
31,2469,82.3,778.5,354.5
31,2470,82.333,794.5,368.5
31,2471,82.367,812.5,382.5
31,2472,82.4,830.5,404.5
31,2473,82.433,850.5,402.5
31,2474,82.467,870.5,398.5
31,2475,82.5,884.5,398.5
31,2476,82.533,910.5,408.5
31,2477,82.567,930.5,416.5
31,2478,82.6,954.5,426.5
31,2479,82.633,970.5,440.5
31,2480,82.667,988.5,456.5
31,2481,82.7,1000.5,470.5
31,2482,82.733,996.5,436.5
31,2484,82.8,982.5,350.5
31,2485,82.833,976.5,330.5
31,2486,82.867,968.5,306.5
31,2487,82.9,962.5,290.5
31,2488,82.933,956.5,276.5
31,2489,82.967,950.5,270.5
31,2490,83.0,942.5,264.5
31,2491,83.033,934.5,262.5
31,2492,83.067,930.5,264.5
31,2493,83.1,924.5,268.5
31,2494,83.133,918.5,272.5
31,2495,83.167,914.5,278.5
31,2496,83.2,906.5,288.5
31,2497,83.233,902.5,300.5
31,2498,83.267,894.5,316.5
31,2499,83.3,890.5,324.5
32,2509,83.633,888.5,324.5
32,2510,83.667,884.5,318.5
32,2511,83.7,882.5,312.5
32,2512,83.733,878.5,312.5
32,2513,83.767,874.5,314.5
32,2514,83.8,868.5,316.5
32,2515,83.833,866.5,320.5
33,2630,87.667,978.5,420.5
33,2633,87.767,854.5,230.5
33,2634,87.8,882.5,242.5
33,2635,87.833,860.5,262.5
33,2639,87.967,816.5,358.5
33,2640,88.0,828.5,338.5
34,2725,90.833,916.5,270.5
34,2726,90.867,920.5,260.5
34,2727,90.9,922.5,252.5
34,2728,90.933,924.5,246.5
34,2729,90.967,924.5,246.5
34,2730,91.0,924.5,254.5
34,2731,91.033,924.5,260.5
34,2732,91.067,924.5,274.5
34,2733,91.1,920.5,286.5
34,2734,91.133,916.5,304.5
34,2735,91.167,916.5,328.5
34,2736,91.2,916.5,352.5
34,2737,91.233,912.5,374.5
34,2740,91.333,830.5,422.5
34,2741,91.367,778.5,418.5
34,2742,91.4,734.5,418.5
34,2743,91.433,698.5,376.5
34,2744,91.467,668.5,346.5
34,2745,91.5,638.5,316.5
34,2746,91.533,608.5,292.5
34,2747,91.567,588.5,278.5
34,2748,91.6,562.5,266.5
34,2749,91.633,542.5,258.5
34,2750,91.667,522.5,252.5
34,2751,91.7,506.5,250.5
34,2752,91.733,488.5,252.5
34,2753,91.767,468.5,254.5
34,2754,91.8,454.5,260.5
34,2755,91.833,438.5,268.5
34,2756,91.867,426.5,252.5
34,2757,91.9,416.5,238.5
34,2758,91.933,404.5,224.5
34,2759,91.967,394.5,214.5
34,2760,92.0,384.5,204.5
34,2762,92.067,412.5,186.5
34,2763,92.1,448.5,176.5
34,2764,92.133,478.5,170.5
34,2765,92.167,510.5,166.5
34,2766,92.2,542.5,164.5
34,2767,92.233,576.5,164.5
34,2768,92.267,620.5,168.5
34,2769,92.3,650.5,172.5
34,2770,92.333,686.5,180.5
34,2771,92.367,722.5,194.5
34,2772,92.4,762.5,210.5
34,2773,92.433,794.5,224.5
34,2774,92.467,834.5,246.5
34,2775,92.5,872.5,270.5
34,2776,92.533,906.5,290.5
34,2777,92.567,944.5,324.5
34,2778,92.6,982.5,360.5
34,2779,92.633,1002.5,378.5
35,2799,93.3,1272.5,632.5
35,2800,93.333,1248.5,634.5
35,2801,93.367,1228.5,644.5
35,2802,93.4,1206.5,650.5
35,2803,93.433,1182.5,660.5
35,2804,93.467,1188.5,658.5
35,2805,93.5,1172.5,668.5
36,2815,93.833,1134.5,646.5
36,2816,93.867,1134.5,640.5
36,2817,93.9,1134.5,636.5
36,2818,93.933,1130.5,632.5
36,2819,93.967,1124.5,634.5
36,2820,94.0,1120.5,636.5
36,2821,94.033,1116.5,636.5
36,2822,94.067,1112.5,632.5
36,2823,94.1,1110.5,632.5
37,2889,96.3,914.5,348.5
37,2891,96.367,826.5,320.5
37,2892,96.4,814.5,298.5
37,2893,96.433,772.5,240.5
37,2894,96.467,752.5,210.5
37,2895,96.5,728.5,176.5
37,2896,96.533,706.5,150.5
37,2897,96.567,682.5,128.5
37,2898,96.6,660.5,110.5
37,2899,96.633,642.5,98.5
37,2900,96.667,620.5,88.5
37,2901,96.7,596.5,82.5
37,2902,96.733,580.5,82.5
37,2903,96.767,562.5,84.5
37,2904,96.8,544.5,90.5
37,2905,96.833,532.5,98.5
37,2906,96.867,516.5,108.5
37,2907,96.9,502.5,122.5
37,2908,96.933,490.5,138.5
37,2909,96.967,480.5,154.5
37,2910,97.0,468.5,174.5
37,2911,97.033,458.5,196.5
37,2912,97.067,450.5,218.5
37,2913,97.1,440.5,242.5
37,2914,97.133,434.5,266.5
37,2915,97.167,426.5,286.5
37,2916,97.2,418.5,262.5
37,2917,97.233,408.5,236.5
37,2918,97.267,400.5,212.5
37,2919,97.3,392.5,188.5
37,2920,97.333,384.5,170.5
37,2921,97.367,378.5,154.5
37,2922,97.4,372.5,140.5
37,2923,97.433,364.5,132.5
37,2924,97.467,358.5,124.5
37,2925,97.5,352.5,120.5
37,2926,97.533,346.5,116.5
37,2927,97.567,342.5,118.5
37,2928,97.6,338.5,122.5
37,2929,97.633,334.5,128.5
37,2930,97.667,330.5,134.5
37,2931,97.7,328.5,144.5
37,2932,97.733,326.5,156.5
37,2933,97.767,322.5,168.5
37,2934,97.8,324.5,184.5
37,2936,97.867,320.5,172.5
37,2937,97.9,318.5,154.5
37,2938,97.933,320.5,136.5
37,2939,97.967,318.5,126.5
37,2940,98.0,320.5,114.5
37,2941,98.033,322.5,106.5
37,2942,98.067,322.5,100.5
37,2943,98.1,322.5,96.5
37,2946,98.2,330.5,100.5
37,2947,98.233,332.5,108.5
37,2948,98.267,334.5,114.5
37,2949,98.3,338.5,124.5
37,2950,98.333,340.5,134.5
37,2951,98.367,344.5,148.5
37,2952,98.4,346.5,158.5
37,2953,98.433,344.5,144.5
37,2954,98.467,344.5,132.5
37,2955,98.5,340.5,120.5
37,2956,98.533,340.5,114.5
37,2957,98.567,338.5,110.5
37,2958,98.6,338.5,106.5
37,2961,98.7,374.5,202.5
37,2963,98.767,338.5,124.5
37,2964,98.8,338.5,134.5
37,2965,98.833,340.5,146.5
37,2966,98.867,340.5,162.5
37,2969,98.967,342.5,158.5
37,2970,99.0,342.5,138.5
37,2971,99.033,344.5,124.5
37,2972,99.067,346.5,114.5
37,2973,99.1,346.5,114.5
37,2974,99.133,350.5,90.5
37,2977,99.233,356.5,88.5
37,2978,99.267,358.5,92.5
37,2979,99.3,360.5,96.5
37,2980,99.333,364.5,102.5
37,2981,99.367,366.5,112.5
37,2982,99.4,370.5,120.5
37,2983,99.433,374.5,136.5
37,2984,99.467,378.5,152.5
37,2985,99.5,380.5,166.5
37,2986,99.533,382.5,166.5
37,2987,99.567,380.5,150.5
37,2988,99.6,380.5,134.5
37,2989,99.633,380.5,120.5
37,2990,99.667,378.5,108.5
37,2991,99.7,376.5,98.5
37,2992,99.733,376.5,92.5
37,2993,99.767,376.5,88.5
37,2994,99.8,376.5,88.5
37,2995,99.833,376.5,88.5
37,2996,99.867,378.5,90.5
37,2997,99.9,378.5,96.5
37,2998,99.933,378.5,104.5
37,2999,99.967,378.5,112.5
37,3000,100.0,382.5,124.5
37,3001,100.033,384.5,136.5
37,3002,100.067,386.5,152.5
37,3003,100.1,388.5,170.5
37,3004,100.133,390.5,182.5
37,3005,100.167,390.5,156.5
37,3006,100.2,388.5,134.5
37,3007,100.233,388.5,114.5
37,3008,100.267,390.5,98.5
37,3009,100.3,388.5,84.5
37,3010,100.333,388.5,72.5
37,3011,100.367,390.5,64.5
37,3012,100.4,390.5,56.5
37,3013,100.433,392.5,52.5
37,3014,100.467,392.5,52.5
37,3015,100.5,394.5,50.5
37,3016,100.533,398.5,54.5
37,3017,100.567,400.5,60.5
37,3018,100.6,400.5,68.5
37,3019,100.633,404.5,76.5
37,3020,100.667,406.5,90.5
37,3021,100.7,408.5,102.5
37,3022,100.733,412.5,116.5
37,3023,100.767,412.5,132.5
37,3026,100.867,410.5,126.5
37,3027,100.9,404.5,120.5
37,3028,100.933,400.5,122.5
37,3029,100.967,394.5,116.5
37,3030,101.0,386.5,126.5
37,3031,101.033,384.5,134.5
37,3032,101.067,378.5,142.5
37,3033,101.1,374.5,154.5
37,3034,101.133,372.5,166.5
37,3035,101.167,368.5,180.5
37,3036,101.2,366.5,192.5
37,3037,101.233,360.5,202.5
37,3038,101.267,358.5,210.5
38,3090,103.0,906.5,332.5
38,3094,103.133,870.5,338.5
38,3095,103.167,884.5,334.5
38,3097,103.233,874.5,334.5
38,3101,103.367,906.5,318.5
39,3109,103.633,314.5,244.5
39,3110,103.667,314.5,244.5
39,3111,103.7,310.5,244.5
39,3112,103.733,308.5,244.5
39,3113,103.767,308.5,246.5
39,3114,103.8,306.5,246.5
39,3115,103.833,306.5,246.5
39,3116,103.867,304.5,248.5
39,3118,103.933,302.5,248.5
39,3119,103.967,288.5,260.5
39,3123,104.1,306.5,254.5
39,3124,104.133,302.5,256.5
39,3127,104.233,280.5,258.5
39,3129,104.3,298.5,262.5
39,3130,104.333,298.5,264.5
39,3131,104.367,296.5,264.5
39,3132,104.4,292.5,264.5
39,3133,104.433,290.5,262.5
39,3134,104.467,286.5,262.5
39,3135,104.5,286.5,262.5
39,3136,104.533,284.5,262.5
39,3137,104.567,282.5,262.5
39,3138,104.6,282.5,262.5
39,3139,104.633,280.5,264.5
39,3140,104.667,280.5,264.5
39,3141,104.7,280.5,264.5
39,3142,104.733,280.5,264.5
39,3143,104.767,282.5,264.5
39,3144,104.8,282.5,264.5
39,3145,104.833,280.5,264.5
39,3146,104.867,280.5,264.5
39,3147,104.9,280.5,266.5
39,3148,104.933,280.5,268.5
39,3149,104.967,278.5,268.5
39,3150,105.0,278.5,268.5
39,3151,105.033,276.5,268.5
39,3152,105.067,276.5,268.5
39,3153,105.1,276.5,268.5
39,3154,105.133,276.5,266.5
39,3155,105.167,276.5,266.5
39,3156,105.2,276.5,264.5
39,3157,105.233,276.5,264.5
39,3158,105.267,278.5,264.5
39,3159,105.3,278.5,266.5
39,3160,105.333,278.5,268.5
39,3161,105.367,278.5,270.5
39,3162,105.4,282.5,272.5
39,3163,105.433,282.5,272.5
39,3164,105.467,280.5,270.5
39,3165,105.5,280.5,264.5
39,3166,105.533,276.5,258.5
39,3167,105.567,274.5,242.5
39,3168,105.6,264.5,224.5
39,3171,105.7,250.5,172.5
39,3172,105.733,248.5,160.5
39,3173,105.767,244.5,152.5
39,3174,105.8,242.5,146.5
39,3175,105.833,240.5,142.5
39,3176,105.867,240.5,142.5
39,3177,105.9,238.5,144.5
39,3178,105.933,238.5,148.5
39,3179,105.967,238.5,152.5
39,3180,106.0,236.5,162.5
39,3181,106.033,238.5,172.5
39,3182,106.067,238.5,184.5
39,3183,106.1,238.5,198.5
39,3184,106.133,242.5,216.5
39,3185,106.167,258.5,232.5
39,3188,106.267,368.5,276.5
39,3189,106.3,394.5,264.5
39,3190,106.333,422.5,254.5
39,3191,106.367,446.5,246.5
39,3192,106.4,480.5,244.5
39,3193,106.433,510.5,242.5
39,3194,106.467,538.5,244.5
39,3195,106.5,574.5,248.5
39,3196,106.533,600.5,256.5
39,3197,106.567,630.5,268.5
39,3198,106.6,656.5,278.5
39,3199,106.633,690.5,292.5
39,3200,106.667,714.5,308.5
39,3201,106.7,742.5,332.5
39,3202,106.733,766.5,354.5
39,3203,106.767,802.5,356.5
39,3204,106.8,834.5,342.5
39,3205,106.833,874.5,338.5
39,3206,106.867,906.5,336.5
39,3207,106.9,940.5,332.5
39,3208,106.933,976.5,336.5
39,3209,106.967,1008.5,340.5
39,3210,107.0,1042.5,350.5
39,3211,107.033,1074.5,360.5
39,3212,107.067,1098.5,372.5
39,3213,107.1,1122.5,384.5
39,3216,107.2,1122.5,372.5
39,3217,107.233,1080.5,334.5
39,3218,107.267,1028.5,290.5
39,3219,107.3,978.5,254.5
39,3220,107.333,932.5,226.5
39,3221,107.367,890.5,202.5
39,3222,107.4,850.5,184.5
39,3223,107.433,802.5,168.5
39,3224,107.467,778.5,164.5
39,3225,107.5,742.5,158.5
39,3226,107.533,706.5,154.5
39,3227,107.567,678.5,154.5
39,3228,107.6,646.5,158.5
39,3229,107.633,622.5,164.5
39,3230,107.667,598.5,172.5
39,3231,107.7,572.5,182.5
39,3232,107.733,552.5,194.5
39,3233,107.767,534.5,206.5
39,3234,107.8,516.5,216.5
39,3235,107.833,500.5,234.5
39,3237,107.9,482.5,242.5
39,3238,107.933,466.5,224.5
39,3239,107.967,452.5,198.5
39,3240,108.0,442.5,182.5
39,3241,108.033,428.5,168.5
39,3242,108.067,418.5,158.5
39,3243,108.1,406.5,148.5
39,3244,108.133,396.5,144.5
39,3245,108.167,388.5,140.5
39,3246,108.2,372.5,140.5
39,3247,108.233,398.5,148.5
39,3248,108.267,434.5,156.5
39,3249,108.3,472.5,168.5
39,3250,108.333,508.5,184.5
39,3251,108.367,546.5,204.5
39,3252,108.4,586.5,228.5
39,3253,108.433,622.5,250.5
39,3254,108.467,650.5,268.5
39,3255,108.5,698.5,304.5
39,3256,108.533,748.5,350.5
39,3257,108.567,782.5,352.5
39,3258,108.6,828.5,342.5
39,3259,108.633,868.5,344.5
39,3260,108.667,906.5,344.5
39,3261,108.7,970.5,354.5
39,3262,108.733,1002.5,362.5
39,3263,108.767,1052.5,376.5
39,3264,108.8,1098.5,394.5
39,3265,108.833,1110.5,388.5
39,3266,108.867,1062.5,350.5
39,3267,108.9,1006.5,308.5
39,3268,108.933,944.5,270.5
39,3269,108.967,896.5,242.5
39,3270,109.0,846.5,218.5
39,3271,109.033,796.5,200.5
39,3272,109.067,766.5,192.5
39,3273,109.1,726.5,182.5
39,3274,109.133,686.5,178.5
39,3275,109.167,662.5,180.5
39,3276,109.2,626.5,180.5
39,3277,109.233,598.5,186.5
39,3278,109.267,572.5,194.5
39,3279,109.3,550.5,202.5
39,3280,109.333,530.5,212.5
39,3281,109.367,510.5,226.5
39,3282,109.4,492.5,240.5
39,3283,109.433,476.5,250.5
39,3284,109.467,460.5,268.5
39,3285,109.5,446.5,246.5
39,3286,109.533,434.5,226.5
39,3287,109.567,420.5,204.5
39,3288,109.6,410.5,188.5
39,3289,109.633,396.5,172.5
39,3290,109.667,388.5,162.5
39,3291,109.7,380.5,154.5
39,3292,109.733,370.5,148.5
39,3293,109.767,360.5,146.5
39,3294,109.8,352.5,146.5
39,3296,109.867,376.5,160.5
39,3297,109.9,412.5,166.5
39,3298,109.933,448.5,180.5
39,3299,109.967,486.5,196.5
39,3300,110.0,524.5,216.5
39,3301,110.033,562.5,238.5
39,3302,110.067,590.5,254.5
39,3303,110.1,632.5,276.5
39,3304,110.133,680.5,312.5
39,3305,110.167,718.5,332.5
39,3306,110.2,764.5,322.5
39,3307,110.233,804.5,316.5
39,3308,110.267,844.5,312.5
39,3309,110.3,882.5,312.5
39,3310,110.333,928.5,314.5
39,3311,110.367,970.5,322.5
39,3312,110.4,1010.5,330.5
39,3313,110.433,1054.5,340.5
39,3314,110.467,1094.5,356.5
39,3315,110.5,1134.5,374.5
39,3316,110.533,1166.5,390.5
39,3317,110.567,1170.5,398.5
39,3318,110.6,1170.5,406.5
39,3319,110.633,1168.5,420.5
39,3320,110.667,1166.5,434.5
39,3321,110.7,1164.5,448.5
39,3322,110.733,1162.5,464.5
39,3323,110.767,1158.5,480.5
39,3327,110.9,1158.5,482.5
39,3328,110.933,1162.5,462.5
39,3329,110.967,1164.5,448.5
39,3330,111.0,1166.5,434.5
39,3331,111.033,1168.5,420.5
39,3332,111.067,1168.5,410.5
39,3334,111.133,1168.5,400.5
39,3335,111.167,1166.5,400.5
39,3336,111.2,1164.5,398.5
39,3337,111.233,1160.5,400.5
39,3338,111.267,1156.5,404.5
39,3339,111.3,1154.5,412.5
39,3340,111.333,1150.5,418.5
39,3341,111.367,1148.5,428.5
39,3342,111.4,1142.5,434.5
39,3343,111.433,1146.5,418.5
39,3344,111.467,1148.5,406.5
39,3345,111.5,1148.5,398.5
39,3346,111.533,1150.5,390.5
39,3347,111.567,1150.5,388.5
39,3348,111.6,1150.5,388.5
39,3349,111.633,1148.5,388.5
39,3350,111.667,1148.5,388.5
39,3351,111.7,1146.5,390.5
39,3352,111.733,1146.5,386.5
39,3353,111.767,1148.5,380.5
39,3354,111.8,1150.5,376.5
39,3355,111.833,1150.5,374.5
39,3356,111.867,1150.5,374.5
39,3357,111.9,1148.5,372.5
39,3358,111.933,1148.5,368.5
39,3359,111.967,1150.5,368.5
39,3360,112.0,1150.5,368.5
39,3361,112.033,1150.5,358.5
39,3362,112.067,1150.5,358.5
39,3363,112.1,1152.5,356.5
40,3426,114.2,490.5,264.5
40,3428,114.267,394.5,204.5
40,3429,114.3,392.5,190.5
40,3430,114.333,392.5,186.5
40,3431,114.367,388.5,174.5
40,3432,114.4,388.5,162.5
40,3433,114.433,382.5,152.5
40,3434,114.467,378.5,140.5
40,3435,114.5,372.5,124.5
40,3436,114.533,366.5,110.5
40,3437,114.567,360.5,96.5
41,3516,117.2,964.5,50.5
41,3517,117.233,944.5,44.5
41,3518,117.267,918.5,36.5
41,3519,117.3,884.5,36.5
41,3520,117.333,864.5,40.5
41,3521,117.367,838.5,46.5
41,3522,117.4,810.5,52.5
41,3523,117.433,786.5,64.5
41,3524,117.467,762.5,78.5
41,3525,117.5,740.5,92.5
41,3526,117.533,714.5,112.5
41,3527,117.567,694.5,130.5
41,3528,117.6,676.5,148.5
41,3529,117.633,654.5,170.5
41,3530,117.667,636.5,196.5
41,3531,117.7,618.5,224.5
41,3532,117.733,604.5,244.5
41,3533,117.767,586.5,264.5
41,3534,117.8,576.5,242.5
41,3535,117.833,564.5,222.5
41,3536,117.867,550.5,196.5
41,3537,117.9,536.5,178.5
41,3538,117.933,524.5,160.5
41,3539,117.967,510.5,148.5
41,3540,118.0,498.5,138.5
41,3541,118.033,488.5,130.5
41,3542,118.067,476.5,124.5
41,3543,118.1,462.5,120.5
41,3544,118.133,452.5,122.5
41,3545,118.167,442.5,124.5
41,3546,118.2,434.5,128.5
41,3547,118.233,420.5,134.5
41,3548,118.267,412.5,144.5
41,3549,118.3,404.5,154.5
41,3550,118.333,394.5,170.5
41,3551,118.367,388.5,186.5
41,3552,118.4,378.5,190.5
41,3553,118.433,372.5,184.5
41,3554,118.467,366.5,180.5
41,3555,118.5,360.5,180.5
41,3556,118.533,354.5,182.5
41,3557,118.567,348.5,188.5
41,3558,118.6,340.5,196.5
41,3559,118.633,336.5,204.5
41,3560,118.667,330.5,216.5
41,3561,118.7,328.5,230.5
41,3562,118.733,324.5,246.5
41,3563,118.767,322.5,266.5
41,3565,118.833,312.5,278.5
41,3566,118.867,304.5,266.5
41,3567,118.9,296.5,254.5
41,3568,118.933,290.5,244.5
41,3569,118.967,284.5,240.5
41,3570,119.0,278.5,236.5
41,3571,119.033,270.5,234.5
41,3572,119.067,266.5,234.5
41,3573,119.1,260.5,240.5
41,3574,119.133,256.5,244.5
41,3575,119.167,252.5,252.5
41,3576,119.2,248.5,260.5
41,3577,119.233,246.5,242.5
41,3578,119.267,246.5,216.5
41,3579,119.3,246.5,192.5
41,3580,119.333,248.5,170.5
41,3581,119.367,250.5,154.5
41,3582,119.4,252.5,138.5
41,3583,119.433,254.5,128.5
41,3584,119.467,254.5,118.5
41,3585,119.5,258.5,112.5
41,3587,119.567,268.5,110.5
41,3588,119.6,270.5,114.5
41,3589,119.633,276.5,120.5
41,3590,119.667,280.5,128.5
41,3591,119.7,284.5,136.5
41,3592,119.733,290.5,150.5
41,3593,119.767,296.5,164.5
41,3594,119.8,298.5,174.5
41,3595,119.833,296.5,168.5
41,3596,119.867,296.5,166.5
42,3610,120.333,292.5,248.5
42,3611,120.367,290.5,246.5
42,3612,120.4,286.5,246.5
42,3613,120.433,284.5,248.5
42,3614,120.467,284.5,248.5
42,3615,120.5,282.5,250.5
42,3616,120.533,278.5,252.5
42,3617,120.567,278.5,252.5
42,3618,120.6,276.5,252.5
42,3619,120.633,276.5,252.5
42,3620,120.667,276.5,252.5
42,3621,120.7,278.5,256.5
42,3622,120.733,280.5,260.5
42,3623,120.767,280.5,262.5
42,3624,120.8,282.5,264.5
42,3625,120.833,284.5,268.5
42,3626,120.867,284.5,270.5
42,3627,120.9,284.5,268.5
42,3628,120.933,284.5,264.5
42,3629,120.967,280.5,252.5
42,3631,121.033,208.5,196.5
42,3632,121.067,266.5,208.5
42,3633,121.1,262.5,196.5
42,3634,121.133,260.5,190.5
42,3635,121.167,256.5,182.5
42,3636,121.2,256.5,180.5
42,3637,121.233,254.5,180.5
42,3638,121.267,252.5,182.5
42,3639,121.3,252.5,184.5
42,3640,121.333,250.5,192.5
42,3641,121.367,254.5,204.5
42,3642,121.4,280.5,218.5
42,3643,121.433,312.5,240.5
42,3644,121.467,320.5,222.5
42,3646,121.533,410.5,288.5
42,3647,121.567,434.5,274.5
42,3648,121.6,464.5,262.5
42,3649,121.633,488.5,258.5
42,3650,121.667,516.5,252.5
42,3651,121.7,544.5,252.5
42,3652,121.733,572.5,254.5
42,3653,121.767,596.5,258.5
42,3654,121.8,632.5,268.5
42,3656,121.867,686.5,288.5
42,3657,121.9,716.5,304.5
42,3658,121.933,740.5,322.5
42,3659,121.967,768.5,346.5
42,3660,122.0,794.5,368.5
42,3661,122.033,820.5,396.5
42,3662,122.067,852.5,382.5
42,3663,122.1,894.5,370.5
42,3664,122.133,926.5,360.5
42,3665,122.167,958.5,358.5
42,3666,122.2,992.5,360.5
42,3667,122.233,1012.5,358.5
42,3668,122.267,962.5,320.5
42,3669,122.3,920.5,290.5
42,3670,122.333,866.5,258.5
42,3671,122.367,828.5,242.5
42,3672,122.4,784.5,224.5
42,3673,122.433,744.5,212.5
42,3674,122.467,750.5,214.5
42,3675,122.5,706.5,204.5
42,3676,122.533,672.5,198.5
42,3677,122.567,638.5,196.5
42,3678,122.6,604.5,196.5
42,3679,122.633,572.5,202.5
42,3680,122.667,542.5,208.5
42,3681,122.7,514.5,214.5
42,3682,122.733,490.5,226.5
42,3683,122.767,466.5,238.5
42,3684,122.8,444.5,250.5
42,3685,122.833,424.5,266.5
42,3686,122.867,402.5,284.5
42,3687,122.9,384.5,302.5
42,3688,122.933,364.5,284.5
42,3689,122.967,348.5,264.5
42,3690,123.0,332.5,246.5
42,3691,123.033,318.5,230.5
42,3692,123.067,302.5,216.5
42,3693,123.1,290.5,206.5
42,3694,123.133,278.5,202.5
42,3695,123.167,266.5,196.5
42,3696,123.2,254.5,194.5
42,3697,123.233,244.5,194.5
42,3698,123.267,234.5,196.5
42,3699,123.3,220.5,202.5
42,3700,123.333,218.5,210.5
42,3701,123.367,274.5,204.5
42,3702,123.4,330.5,210.5
42,3703,123.433,392.5,210.5
42,3704,123.467,448.5,216.5
42,3705,123.5,510.5,228.5
42,3706,123.533,562.5,240.5
42,3707,123.567,616.5,258.5
42,3708,123.6,698.5,288.5
42,3710,123.667,802.5,336.5
42,3711,123.7,852.5,356.5
42,3712,123.733,886.5,354.5
42,3713,123.767,956.5,332.5
42,3714,123.8,1006.5,324.5
42,3715,123.833,1058.5,316.5
42,3716,123.867,1112.5,308.5
42,3717,123.9,1126.5,292.5
42,3719,123.967,1048.5,242.5
42,3723,124.1,844.5,150.5
42,3724,124.133,812.5,146.5
42,3725,124.167,780.5,142.5
42,3726,124.2,740.5,140.5
42,3727,124.233,706.5,140.5
42,3728,124.267,678.5,142.5
42,3729,124.3,642.5,148.5
42,3730,124.333,612.5,156.5
42,3731,124.367,586.5,166.5
42,3732,124.4,564.5,178.5
42,3733,124.433,540.5,190.5
42,3734,124.467,514.5,204.5
42,3735,124.5,492.5,222.5
42,3736,124.533,476.5,236.5
42,3737,124.567,458.5,254.5
42,3738,124.6,436.5,254.5
42,3739,124.633,424.5,232.5
42,3740,124.667,408.5,210.5
42,3742,124.733,386.5,180.5
42,3743,124.767,370.5,164.5
42,3744,124.8,368.5,156.5
42,3745,124.833,348.5,148.5
42,3746,124.867,340.5,146.5
42,3747,124.9,330.5,144.5
42,3748,124.933,322.5,140.5
42,3749,124.967,310.5,146.5
42,3750,125.0,300.5,160.5
42,3751,125.033,302.5,152.5
42,3754,125.133,396.5,158.5
42,3755,125.167,422.5,164.5
42,3756,125.2,454.5,174.5
42,3757,125.233,488.5,184.5
42,3758,125.267,522.5,204.5
42,3759,125.3,558.5,224.5
42,3760,125.333,588.5,246.5
42,3761,125.367,622.5,270.5
42,3762,125.4,652.5,296.5
42,3763,125.433,688.5,334.5
42,3764,125.467,718.5,360.5
42,3765,125.5,752.5,356.5
42,3766,125.533,794.5,340.5
42,3767,125.567,830.5,340.5
42,3768,125.6,866.5,338.5
42,3769,125.633,904.5,340.5
42,3770,125.667,956.5,352.5
42,3771,125.7,990.5,356.5
42,3772,125.733,1034.5,370.5
42,3773,125.767,1010.5,340.5
42,3774,125.8,956.5,294.5
42,3775,125.833,906.5,260.5
42,3776,125.867,856.5,226.5
42,3777,125.9,802.5,192.5
42,3778,125.933,758.5,172.5
42,3779,125.967,718.5,152.5
42,3780,126.0,678.5,138.5
42,3781,126.033,640.5,126.5
42,3782,126.067,606.5,118.5
42,3783,126.1,572.5,114.5
42,3784,126.133,542.5,114.5
42,3785,126.167,510.5,116.5
42,3786,126.2,484.5,120.5
42,3787,126.233,460.5,128.5
42,3788,126.267,442.5,136.5
42,3789,126.3,420.5,146.5
42,3790,126.333,404.5,158.5
42,3791,126.367,386.5,172.5
42,3792,126.4,372.5,188.5
42,3793,126.433,358.5,204.5
42,3794,126.467,344.5,222.5
42,3795,126.5,332.5,240.5
42,3796,126.533,324.5,260.5
42,3797,126.567,306.5,242.5
42,3798,126.6,302.5,224.5
42,3799,126.633,288.5,200.5
42,3800,126.667,280.5,184.5
42,3801,126.7,270.5,166.5
42,3802,126.733,262.5,154.5
42,3803,126.767,254.5,144.5
42,3804,126.8,248.5,138.5
42,3805,126.833,242.5,132.5
42,3806,126.867,236.5,130.5
42,3807,126.9,230.5,130.5
42,3808,126.933,226.5,130.5
42,3809,126.967,238.5,132.5
42,3812,127.067,352.5,160.5
42,3813,127.1,384.5,178.5
42,3814,127.133,426.5,196.5
42,3815,127.167,462.5,216.5
42,3816,127.2,502.5,244.5
42,3817,127.233,538.5,262.5
42,3818,127.267,576.5,296.5
42,3819,127.3,604.5,286.5
42,3820,127.333,596.5,268.5
42,3821,127.367,590.5,260.5
42,3822,127.4,584.5,250.5
42,3823,127.433,578.5,244.5
42,3824,127.467,572.5,244.5
42,3825,127.5,566.5,242.5
42,3826,127.533,562.5,244.5
42,3828,127.6,550.5,252.5
42,3829,127.633,546.5,260.5
42,3830,127.667,540.5,268.5
42,3831,127.7,538.5,272.5
42,3832,127.733,536.5,260.5
42,3833,127.767,534.5,250.5
42,3834,127.8,530.5,242.5
42,3835,127.833,530.5,236.5
42,3836,127.867,528.5,232.5
42,3837,127.9,524.5,232.5
42,3838,127.933,524.5,232.5
42,3839,127.967,522.5,236.5
42,3840,128.0,522.5,242.5
42,3841,128.033,520.5,248.5
42,3842,128.067,520.5,256.5
42,3843,128.1,518.5,260.5
42,3844,128.133,520.5,250.5
42,3845,128.167,520.5,244.5
42,3846,128.2,522.5,238.5
42,3847,128.233,524.5,234.5
42,3848,128.267,526.5,232.5
42,3849,128.3,528.5,236.5
42,3850,128.333,530.5,238.5
42,3851,128.367,530.5,242.5
42,3852,128.4,532.5,248.5
42,3853,128.433,532.5,258.5
42,3854,128.467,538.5,258.5
42,3855,128.5,540.5,252.5
42,3856,128.533,544.5,246.5
42,3857,128.567,548.5,244.5
42,3859,128.633,556.5,244.5
42,3860,128.667,560.5,246.5
42,3861,128.7,566.5,252.5
42,3862,128.733,570.5,258.5
42,3863,128.767,572.5,266.5
42,3864,128.8,576.5,262.5
42,3865,128.833,580.5,258.5
42,3866,128.867,586.5,254.5
42,3867,128.9,590.5,252.5
42,3868,128.933,596.5,252.5
42,3869,128.967,600.5,256.5
42,3870,129.0,604.5,260.5
42,3872,129.067,616.5,276.5
42,3873,129.1,618.5,274.5
42,3876,129.2,630.5,264.5
42,3877,129.233,632.5,264.5
42,3878,129.267,636.5,264.5
42,3879,129.3,634.5,266.5
42,3880,129.333,632.5,272.5
42,3881,129.367,630.5,276.5
42,3882,129.4,632.5,274.5
42,3883,129.433,628.5,270.5
43,3951,131.7,314.5,250.5
43,3953,131.767,450.5,194.5
43,3954,131.8,446.5,192.5
43,3955,131.833,436.5,196.5
43,3957,131.9,428.5,200.5
43,3958,131.933,418.5,204.5
43,3959,131.967,416.5,206.5
43,3960,132.0,412.5,204.5
43,3962,132.067,400.5,206.5
43,3963,132.1,396.5,200.5
43,3964,132.133,386.5,196.5
43,3967,132.233,362.5,164.5
43,3968,132.267,358.5,156.5
43,3969,132.3,352.5,148.5
43,3970,132.333,346.5,146.5
43,3971,132.367,340.5,144.5
43,3972,132.4,336.5,144.5
43,3973,132.433,330.5,148.5
43,3974,132.467,324.5,154.5
43,3975,132.5,322.5,158.5
43,3976,132.533,318.5,166.5
43,3977,132.567,314.5,178.5
43,3978,132.6,320.5,194.5
43,3981,132.7,396.5,260.5
43,3982,132.733,412.5,250.5
43,3983,132.767,430.5,244.5
43,3984,132.8,450.5,238.5
43,3985,132.833,466.5,232.5
43,3986,132.867,486.5,228.5
43,3987,132.9,510.5,228.5
43,3988,132.933,532.5,230.5
43,3989,132.967,550.5,236.5
43,3990,133.0,574.5,244.5
43,3991,133.033,592.5,252.5
43,3992,133.067,618.5,266.5
43,3993,133.1,634.5,276.5
43,3994,133.133,658.5,298.5
43,3995,133.167,676.5,318.5
43,3996,133.2,704.5,326.5
43,3997,133.233,726.5,316.5
43,3998,133.267,750.5,308.5
43,3999,133.3,770.5,306.5
43,4000,133.333,806.5,310.5
43,4001,133.367,828.5,310.5
43,4002,133.4,850.5,316.5
43,4003,133.433,874.5,322.5
43,4004,133.467,896.5,336.5
43,4007,133.567,968.5,390.5
43,4008,133.6,1002.5,416.5
43,4010,133.667,1012.5,370.5
43,4011,133.7,1018.5,352.5
43,4012,133.733,1022.5,332.5
43,4014,133.8,1032.5,300.5
43,4015,133.833,1036.5,290.5
43,4016,133.867,1042.5,284.5
43,4017,133.9,1044.5,280.5
43,4018,133.933,1048.5,280.5
43,4019,133.967,1048.5,284.5
43,4020,134.0,1048.5,290.5
43,4021,134.033,1048.5,300.5
43,4022,134.067,1046.5,314.5
43,4023,134.1,1046.5,330.5
43,4024,134.133,1044.5,348.5
43,4025,134.167,1040.5,368.5
43,4026,134.2,1046.5,362.5
43,4027,134.233,1048.5,350.5
43,4028,134.267,1054.5,336.5
43,4029,134.3,1058.5,328.5
43,4030,134.333,1064.5,324.5
43,4032,134.4,1072.5,326.5
43,4033,134.433,1070.5,328.5
43,4034,134.467,1070.5,336.5
43,4035,134.5,1070.5,344.5
44,4064,135.467,1078.5,186.5
44,4067,135.567,1076.5,186.5
44,4068,135.6,1076.5,186.5
44,4070,135.667,1076.5,186.5
44,4071,135.7,1076.5,186.5
44,4072,135.733,1076.5,186.5
44,4073,135.767,1076.5,186.5
44,4074,135.8,1078.5,186.5
44,4075,135.833,1076.5,186.5
44,4076,135.867,1076.5,186.5
44,4077,135.9,1076.5,186.5
44,4078,135.933,1076.5,186.5
44,4079,135.967,1078.5,188.5
45,4108,136.933,948.5,318.5
45,4111,137.033,938.5,324.5
45,4115,137.167,892.5,344.5
45,4116,137.2,874.5,340.5
45,4117,137.233,842.5,326.5
45,4118,137.267,818.5,312.5
45,4119,137.3,796.5,302.5
45,4120,137.333,772.5,294.5
45,4121,137.367,750.5,292.5
45,4122,137.4,724.5,292.5
45,4123,137.433,702.5,292.5
45,4124,137.467,684.5,296.5
45,4125,137.5,662.5,302.5
45,4126,137.533,642.5,310.5
45,4127,137.567,622.5,298.5
45,4128,137.6,602.5,290.5
45,4129,137.633,592.5,280.5
45,4130,137.667,590.5,278.5
45,4131,137.7,592.5,276.5
45,4132,137.733,596.5,276.5
45,4133,137.767,598.5,282.5
45,4134,137.8,600.5,288.5
45,4135,137.833,602.5,292.5
45,4137,137.9,610.5,320.5
45,4138,137.933,610.5,322.5
45,4139,137.967,606.5,312.5
45,4140,138.0,606.5,308.5
45,4141,138.033,602.5,304.5
45,4142,138.067,602.5,304.5
45,4143,138.1,602.5,308.5
45,4144,138.133,600.5,312.5
45,4145,138.167,598.5,322.5
45,4146,138.2,598.5,332.5
45,4147,138.233,596.5,344.5
45,4148,138.267,592.5,338.5
45,4149,138.3,588.5,332.5
45,4150,138.333,584.5,328.5
45,4151,138.367,580.5,326.5
45,4152,138.4,574.5,326.5
45,4153,138.433,570.5,332.5
45,4154,138.467,566.5,338.5
45,4155,138.5,562.5,348.5
45,4156,138.533,556.5,354.5
45,4157,138.567,554.5,348.5
45,4158,138.6,550.5,344.5
45,4159,138.633,548.5,340.5
45,4160,138.667,542.5,340.5
45,4161,138.7,538.5,344.5
45,4162,138.733,534.5,350.5
45,4163,138.767,530.5,358.5
45,4164,138.8,524.5,364.5
45,4165,138.833,524.5,356.5
45,4166,138.867,520.5,354.5
45,4167,138.9,518.5,352.5
45,4168,138.933,512.5,352.5
45,4169,138.967,508.5,356.5
45,4170,139.0,504.5,364.5
45,4171,139.033,504.5,376.5
45,4172,139.067,496.5,380.5
45,4173,139.1,488.5,386.5
45,4174,139.133,480.5,394.5
45,4175,139.167,474.5,404.5
45,4176,139.2,468.5,418.5
45,4177,139.233,460.5,436.5
45,4178,139.267,454.5,454.5
45,4179,139.3,448.5,474.5
45,4180,139.333,442.5,496.5
45,4181,139.367,438.5,520.5
45,4182,139.4,434.5,546.5
45,4184,139.467,426.5,596.5
45,4185,139.5,420.5,586.5
45,4186,139.533,414.5,576.5
45,4187,139.567,410.5,566.5
45,4188,139.6,406.5,562.5
45,4189,139.633,402.5,558.5
45,4190,139.667,398.5,560.5
45,4191,139.7,394.5,560.5
45,4192,139.733,390.5,566.5
45,4193,139.767,388.5,572.5
45,4194,139.8,384.5,582.5
45,4195,139.833,382.5,594.5
45,4196,139.867,382.5,606.5
45,4200,140.0,438.5,258.5
45,4201,140.033,370.5,268.5
45,4202,140.067,354.5,276.5
45,4204,140.133,520.5,280.5
46,4322,144.067,518.5,188.5
46,4324,144.133,362.5,208.5
46,4326,144.2,360.5,208.5
46,4327,144.233,360.5,206.5
46,4328,144.267,358.5,206.5
46,4329,144.3,356.5,206.5
46,4330,144.333,352.5,204.5
46,4331,144.367,350.5,206.5
47,4355,145.167,1106.5,272.5
47,4356,145.2,1072.5,284.5
47,4358,145.267,918.5,280.5
47,4361,145.367,850.5,308.5
47,4362,145.4,798.5,326.5
47,4363,145.433,768.5,314.5
47,4364,145.467,738.5,296.5
47,4365,145.5,712.5,278.5
47,4366,145.533,686.5,268.5
47,4367,145.567,652.5,256.5
47,4368,145.6,626.5,250.5
47,4369,145.633,608.5,244.5
47,4370,145.667,582.5,244.5
47,4371,145.7,560.5,244.5
47,4372,145.733,542.5,246.5
47,4373,145.767,522.5,250.5
47,4374,145.8,504.5,256.5
47,4375,145.833,486.5,264.5
47,4376,145.867,474.5,250.5
47,4377,145.9,458.5,236.5
47,4378,145.933,448.5,228.5
47,4379,145.967,438.5,220.5
47,4381,146.033,446.5,218.5
47,4382,146.067,470.5,224.5
47,4383,146.1,492.5,232.5
47,4384,146.133,510.5,242.5
47,4385,146.167,534.5,250.5
47,4386,146.2,554.5,264.5
47,4387,146.233,572.5,280.5
47,4388,146.267,594.5,298.5
47,4389,146.3,618.5,320.5
47,4390,146.333,642.5,346.5
47,4391,146.367,668.5,354.5
47,4392,146.4,694.5,354.5
47,4393,146.433,714.5,356.5
47,4394,146.467,734.5,360.5
47,4395,146.5,762.5,370.5
47,4397,146.567,752.5,362.5
47,4398,146.6,724.5,326.5
47,4399,146.633,698.5,306.5
47,4400,146.667,672.5,294.5
47,4401,146.7,640.5,280.5
47,4402,146.733,618.5,274.5
47,4403,146.767,592.5,264.5
47,4404,146.8,574.5,262.5
47,4405,146.833,556.5,262.5
47,4406,146.867,538.5,266.5
47,4407,146.9,520.5,272.5
47,4408,146.933,506.5,278.5
47,4409,146.967,492.5,288.5
47,4410,147.0,478.5,280.5
47,4411,147.033,470.5,262.5
47,4412,147.067,458.5,246.5
47,4413,147.1,450.5,232.5
47,4414,147.133,440.5,222.5
47,4415,147.167,432.5,214.5
47,4416,147.2,426.5,210.5
47,4417,147.233,418.5,206.5
47,4419,147.3,454.5,202.5
47,4420,147.333,478.5,202.5
47,4421,147.367,506.5,206.5
47,4422,147.4,532.5,210.5
47,4423,147.433,562.5,216.5
47,4424,147.467,592.5,228.5
47,4425,147.5,620.5,240.5
47,4426,147.533,642.5,252.5
47,4427,147.567,680.5,274.5
47,4428,147.6,696.5,286.5
47,4429,147.633,730.5,312.5
47,4430,147.667,756.5,338.5
47,4431,147.7,780.5,328.5
47,4432,147.733,804.5,322.5
47,4433,147.767,834.5,312.5
47,4434,147.8,862.5,308.5
47,4435,147.833,878.5,308.5
47,4436,147.867,910.5,308.5
47,4437,147.9,890.5,288.5
47,4438,147.933,852.5,270.5
47,4439,147.967,798.5,244.5
47,4440,148.0,754.5,226.5
47,4441,148.033,710.5,210.5
47,4442,148.067,670.5,198.5
47,4443,148.1,624.5,190.5
47,4444,148.133,586.5,182.5
47,4445,148.167,542.5,178.5
47,4446,148.2,510.5,178.5
47,4447,148.233,478.5,180.5
47,4448,148.267,446.5,186.5
47,4449,148.3,416.5,194.5
47,4450,148.333,386.5,202.5
47,4451,148.367,368.5,212.5
47,4452,148.4,336.5,228.5
47,4453,148.433,318.5,238.5
47,4454,148.467,294.5,256.5
47,4455,148.5,278.5,268.5
47,4457,148.567,234.5,308.5
47,4458,148.6,224.5,326.5
47,4459,148.633,210.5,344.5
47,4460,148.667,198.5,362.5
47,4461,148.7,182.5,382.5
47,4462,148.733,170.5,374.5
47,4463,148.767,158.5,360.5
47,4464,148.8,142.5,346.5
47,4465,148.833,130.5,338.5
47,4466,148.867,120.5,330.5
47,4467,148.9,110.5,324.5
47,4468,148.933,100.5,320.5
47,4469,148.967,92.5,316.5
47,4470,149.0,82.5,316.5
47,4471,149.033,74.5,320.5
47,4472,149.067,68.5,326.5
47,4473,149.1,62.5,332.5
47,4474,149.133,58.5,340.5
47,4475,149.167,58.5,350.5
47,4476,149.2,66.5,364.5
47,4477,149.233,68.5,376.5
47,4478,149.267,68.5,384.5
47,4479,149.3,66.5,380.5
47,4480,149.333,62.5,374.5
47,4481,149.367,58.5,374.5
47,4483,149.433,56.5,378.5
47,4484,149.467,54.5,384.5
47,4485,149.5,54.5,388.5
47,4486,149.533,54.5,396.5
47,4487,149.567,50.5,396.5
47,4488,149.6,72.5,460.5
48,4532,151.067,82.5,368.5
48,4534,151.133,100.5,348.5
48,4535,151.167,110.5,336.5
48,4536,151.2,122.5,328.5
48,4537,151.233,130.5,316.5
48,4538,151.267,142.5,306.5
48,4539,151.3,152.5,292.5
48,4542,151.4,184.5,266.5
49,4649,154.967,336.5,240.5
49,4651,155.033,330.5,244.5
49,4652,155.067,326.5,244.5
49,4653,155.1,324.5,248.5
49,4655,155.167,314.5,252.5
49,4656,155.2,310.5,256.5
49,4657,155.233,306.5,256.5
49,4658,155.267,300.5,258.5
49,4659,155.3,298.5,260.5
49,4660,155.333,294.5,260.5
49,4661,155.367,288.5,260.5
49,4662,155.4,284.5,262.5
49,4663,155.433,282.5,266.5
49,4664,155.467,280.5,268.5
49,4665,155.5,278.5,270.5
49,4666,155.533,274.5,270.5
49,4667,155.567,274.5,272.5
49,4668,155.6,274.5,274.5
49,4669,155.633,274.5,274.5
49,4670,155.667,272.5,278.5
49,4671,155.7,274.5,276.5
49,4672,155.733,274.5,272.5
49,4675,155.833,266.5,234.5
49,4676,155.867,260.5,218.5
49,4677,155.9,258.5,210.5
49,4678,155.933,258.5,200.5
49,4679,155.967,256.5,196.5
49,4680,156.0,256.5,194.5
49,4681,156.033,256.5,196.5
49,4682,156.067,254.5,198.5
49,4683,156.1,256.5,202.5
49,4684,156.133,258.5,212.5
49,4685,156.167,262.5,226.5
49,4686,156.2,316.5,222.5
49,4688,156.267,400.5,236.5
49,4689,156.3,448.5,244.5
49,4690,156.333,494.5,254.5
49,4691,156.367,550.5,274.5
49,4693,156.433,588.5,294.5
49,4695,156.5,594.5,290.5
49,4697,156.567,594.5,270.5
49,4698,156.6,596.5,264.5
49,4699,156.633,596.5,262.5
49,4700,156.667,596.5,260.5
49,4701,156.7,598.5,262.5
49,4702,156.733,598.5,266.5
49,4705,156.833,602.5,262.5
49,4706,156.867,602.5,256.5
49,4707,156.9,604.5,248.5
49,4708,156.933,606.5,246.5
49,4709,156.967,608.5,246.5
49,4710,157.0,610.5,248.5
49,4711,157.033,610.5,254.5
49,4712,157.067,610.5,258.5
49,4713,157.1,610.5,248.5
49,4714,157.133,610.5,242.5
49,4715,157.167,612.5,238.5
49,4716,157.2,612.5,234.5
49,4717,157.233,612.5,232.5
49,4719,157.3,614.5,238.5
49,4720,157.333,614.5,242.5
49,4721,157.367,614.5,248.5
49,4722,157.4,614.5,256.5
50,4788,159.6,522.5,126.5
50,4790,159.667,514.5,106.5
50,4791,159.7,510.5,90.5
50,4792,159.733,506.5,80.5
50,4795,159.833,506.5,190.5
50,4796,159.867,506.5,186.5
50,4799,159.967,492.5,176.5
50,4802,160.067,402.5,244.5
51,4848,161.6,354.5,178.5
51,4849,161.633,348.5,190.5
51,4851,161.7,332.5,212.5
51,4852,161.733,326.5,220.5
51,4853,161.767,322.5,226.5
51,4854,161.8,318.5,230.5
51,4855,161.833,316.5,236.5
51,4856,161.867,308.5,240.5
51,4857,161.9,302.5,244.5
51,4858,161.933,298.5,248.5
51,4859,161.967,290.5,252.5
51,4860,162.0,286.5,252.5
51,4861,162.033,284.5,254.5
51,4862,162.067,280.5,256.5
51,4863,162.1,276.5,256.5
51,4864,162.133,272.5,256.5
51,4865,162.167,270.5,256.5
51,4866,162.2,266.5,256.5
51,4867,162.233,264.5,256.5
51,4868,162.267,266.5,256.5
51,4869,162.3,262.5,258.5
51,4870,162.333,262.5,260.5
51,4871,162.367,264.5,262.5
51,4872,162.4,266.5,260.5
51,4873,162.433,266.5,262.5
51,4874,162.467,266.5,264.5
51,4875,162.5,268.5,264.5
51,4876,162.533,266.5,264.5
51,4877,162.567,266.5,264.5
51,4878,162.6,266.5,264.5
51,4879,162.633,268.5,264.5
51,4880,162.667,266.5,264.5
51,4881,162.7,266.5,264.5
51,4882,162.733,266.5,262.5
51,4883,162.767,266.5,262.5
51,4884,162.8,266.5,260.5
51,4885,162.833,266.5,262.5
51,4886,162.867,266.5,262.5
51,4887,162.9,266.5,262.5
51,4888,162.933,266.5,262.5
51,4889,162.967,266.5,262.5
51,4890,163.0,268.5,264.5
51,4891,163.033,270.5,268.5
51,4892,163.067,268.5,270.5
51,4893,163.1,268.5,264.5
51,4894,163.133,264.5,258.5
51,4895,163.167,260.5,244.5
51,4896,163.2,258.5,234.5
51,4897,163.233,256.5,224.5
51,4898,163.267,256.5,212.5
51,4899,163.3,252.5,208.5
51,4900,163.333,250.5,202.5
51,4901,163.367,250.5,198.5
51,4902,163.4,250.5,200.5
51,4903,163.433,252.5,204.5
51,4904,163.467,250.5,210.5
51,4905,163.5,254.5,216.5
51,4906,163.533,250.5,226.5
51,4907,163.567,252.5,238.5
51,4908,163.6,266.5,252.5
51,4909,163.633,316.5,272.5
51,4910,163.667,342.5,272.5
51,4911,163.7,384.5,258.5
51,4912,163.733,418.5,252.5
51,4913,163.767,452.5,246.5
51,4914,163.8,492.5,246.5
51,4915,163.833,526.5,250.5
51,4916,163.867,562.5,254.5
51,4918,163.933,630.5,272.5
51,4920,164.0,700.5,296.5
51,4921,164.033,736.5,316.5
51,4922,164.067,766.5,322.5
51,4923,164.1,792.5,318.5
51,4924,164.133,828.5,308.5
51,4925,164.167,854.5,306.5
51,4926,164.2,886.5,302.5
51,4927,164.233,920.5,304.5
51,4928,164.267,940.5,308.5
51,4929,164.3,906.5,286.5
51,4930,164.333,866.5,272.5
51,4931,164.367,832.5,260.5
51,4932,164.4,796.5,250.5
51,4933,164.433,766.5,244.5
51,4934,164.467,732.5,242.5
51,4935,164.5,700.5,242.5
51,4936,164.533,676.5,242.5
51,4937,164.567,640.5,246.5
51,4938,164.6,612.5,254.5
51,4939,164.633,586.5,262.5
51,4940,164.667,570.5,270.5
51,4941,164.7,546.5,278.5
51,4942,164.733,528.5,258.5
51,4943,164.767,508.5,244.5
51,4944,164.8,490.5,230.5
51,4945,164.833,474.5,222.5
51,4946,164.867,460.5,216.5
51,4948,164.933,428.5,212.5
51,4950,165.0,460.5,206.5
51,4951,165.033,494.5,206.5
51,4952,165.067,528.5,208.5
51,4953,165.1,558.5,212.5
51,4954,165.133,592.5,220.5
51,4955,165.167,626.5,228.5
51,4956,165.2,660.5,240.5
51,4957,165.233,692.5,256.5
51,4958,165.267,726.5,274.5
51,4959,165.3,760.5,292.5
51,4960,165.333,792.5,316.5
51,4961,165.367,824.5,338.5
51,4962,165.4,858.5,368.5
51,4963,165.433,894.5,368.5
51,4964,165.467,926.5,356.5
51,4966,165.533,908.5,324.5
51,4967,165.567,860.5,298.5
51,4968,165.6,810.5,274.5
51,4969,165.633,764.5,258.5
51,4970,165.667,722.5,244.5
51,4971,165.7,684.5,234.5
51,4972,165.733,640.5,226.5
51,4973,165.767,610.5,224.5
51,4974,165.8,578.5,222.5
51,4975,165.833,546.5,224.5
51,4976,165.867,516.5,226.5
51,4977,165.9,492.5,230.5
51,4978,165.933,466.5,238.5
51,4979,165.967,438.5,246.5
51,4980,166.0,418.5,258.5
51,4981,166.033,398.5,264.5
51,4982,166.067,398.5,264.5
51,4983,166.1,372.5,254.5
51,4984,166.133,350.5,234.5
51,4985,166.167,338.5,224.5
51,4986,166.2,316.5,216.5
51,4988,166.267,336.5,204.5
51,4989,166.3,376.5,202.5
51,4990,166.333,410.5,204.5
51,4991,166.367,444.5,206.5
51,4992,166.4,480.5,212.5
51,4993,166.433,516.5,224.5
51,4994,166.467,554.5,236.5
51,4995,166.5,588.5,246.5
51,4996,166.533,624.5,266.5
51,4997,166.567,668.5,292.5
51,4998,166.6,694.5,304.5
51,4999,166.633,728.5,324.5
51,5000,166.667,762.5,318.5
51,5001,166.7,792.5,314.5
51,5002,166.733,828.5,306.5
51,5003,166.767,854.5,306.5
51,5004,166.8,892.5,306.5
51,5005,166.833,926.5,308.5
51,5006,166.867,954.5,314.5
51,5007,166.9,942.5,310.5
51,5008,166.933,926.5,308.5
51,5009,166.967,910.5,310.5
51,5010,167.0,896.5,314.5
51,5011,167.033,884.5,320.5
51,5012,167.067,870.5,314.5
51,5013,167.1,868.5,300.5
51,5014,167.133,860.5,280.5
51,5015,167.167,854.5,270.5
51,5016,167.2,846.5,260.5
51,5017,167.233,842.5,254.5
51,5018,167.267,834.5,250.5
51,5019,167.3,830.5,250.5
51,5020,167.333,822.5,250.5
51,5021,167.367,818.5,254.5
51,5022,167.4,812.5,258.5
51,5023,167.433,806.5,266.5
51,5024,167.467,800.5,274.5
51,5025,167.5,796.5,288.5
51,5026,167.533,790.5,296.5
52,5039,167.967,1234.5,348.5
52,5040,168.0,1234.5,348.5
52,5041,168.033,1234.5,348.5
52,5042,168.067,1234.5,348.5
52,5043,168.1,1234.5,348.5
52,5044,168.133,1234.5,348.5
52,5046,168.2,1234.5,348.5
52,5047,168.233,1234.5,348.5
52,5049,168.3,1234.5,348.5
52,5050,168.333,1234.5,348.5
53,5154,171.8,416.5,204.5
53,5155,171.833,408.5,208.5
53,5157,171.9,400.5,194.5
53,5158,171.933,396.5,188.5
53,5161,172.033,376.5,168.5
54,5169,172.3,382.5,146.5
54,5170,172.333,394.5,162.5
54,5171,172.367,410.5,180.5
54,5172,172.4,424.5,198.5
54,5174,172.467,458.5,248.5
54,5175,172.5,474.5,254.5
54,5176,172.533,486.5,236.5
54,5177,172.567,498.5,226.5
54,5178,172.6,510.5,216.5
54,5179,172.633,522.5,210.5
54,5180,172.667,536.5,206.5
54,5181,172.7,550.5,204.5
54,5182,172.733,564.5,204.5
54,5183,172.767,578.5,208.5
54,5184,172.8,592.5,214.5
54,5185,172.833,608.5,224.5
54,5186,172.867,622.5,236.5
54,5187,172.9,634.5,246.5
54,5188,172.933,650.5,264.5
54,5189,172.967,666.5,288.5
54,5190,173.0,676.5,306.5
54,5191,173.033,690.5,332.5
54,5192,173.067,704.5,344.5
54,5193,173.1,718.5,328.5
54,5194,173.133,730.5,322.5
54,5195,173.167,746.5,312.5
54,5196,173.2,758.5,306.5
54,5197,173.233,772.5,306.5
54,5199,173.3,914.5,400.5
54,5201,173.367,826.5,326.5
54,5202,173.4,838.5,338.5
54,5203,173.433,850.5,356.5
54,5204,173.467,858.5,372.5
54,5205,173.5,884.5,406.5
54,5206,173.533,884.5,404.5
54,5207,173.567,890.5,400.5
55,5240,174.667,892.5,284.5
55,5241,174.7,896.5,272.5
55,5242,174.733,898.5,260.5
55,5243,174.767,900.5,254.5
55,5244,174.8,902.5,250.5
55,5245,174.833,902.5,254.5
55,5246,174.867,902.5,260.5
55,5247,174.9,902.5,270.5
55,5248,174.933,902.5,282.5
55,5249,174.967,900.5,300.5
55,5250,175.0,898.5,322.5
55,5251,175.033,896.5,336.5
55,5252,175.067,894.5,362.5
55,5256,175.2,802.5,426.5
55,5257,175.233,766.5,422.5
55,5258,175.267,730.5,420.5
55,5259,175.3,688.5,378.5
55,5260,175.333,660.5,348.5
55,5261,175.367,636.5,326.5
55,5262,175.4,610.5,310.5
55,5263,175.433,584.5,298.5
55,5264,175.467,558.5,284.5
55,5265,175.5,540.5,278.5
55,5266,175.533,518.5,276.5
55,5267,175.567,502.5,276.5
55,5268,175.6,484.5,276.5
55,5269,175.633,466.5,282.5
55,5270,175.667,450.5,286.5
55,5271,175.7,436.5,270.5
55,5272,175.733,420.5,252.5
55,5273,175.767,410.5,244.5
55,5274,175.8,396.5,232.5
55,5275,175.833,384.5,228.5
55,5276,175.867,374.5,224.5
55,5277,175.9,398.5,218.5
55,5278,175.933,430.5,212.5
55,5279,175.967,462.5,212.5
55,5280,176.0,494.5,212.5
55,5281,176.033,524.5,218.5
55,5282,176.067,556.5,226.5
55,5283,176.1,590.5,236.5
55,5284,176.133,622.5,246.5
55,5285,176.167,650.5,260.5
55,5286,176.2,684.5,278.5
55,5287,176.233,718.5,298.5
55,5288,176.267,746.5,318.5
55,5289,176.3,782.5,342.5
55,5290,176.333,810.5,336.5
55,5291,176.367,834.5,326.5
55,5292,176.4,876.5,322.5
55,5293,176.433,896.5,322.5
55,5294,176.467,930.5,322.5
55,5295,176.5,888.5,288.5
55,5296,176.533,850.5,268.5
55,5297,176.567,804.5,244.5
55,5298,176.6,766.5,228.5
55,5299,176.633,728.5,214.5
55,5300,176.667,690.5,204.5
55,5301,176.7,652.5,194.5
55,5302,176.733,622.5,190.5
55,5303,176.767,590.5,188.5
55,5304,176.8,560.5,188.5
55,5305,176.833,536.5,192.5
55,5307,176.9,484.5,202.5
55,5308,176.933,462.5,212.5
55,5309,176.967,442.5,224.5
55,5310,177.0,422.5,236.5
55,5311,177.033,410.5,246.5
55,5312,177.067,386.5,242.5
55,5313,177.1,372.5,224.5
55,5314,177.133,356.5,206.5
55,5315,177.167,338.5,192.5
55,5316,177.2,324.5,180.5
55,5318,177.267,300.5,166.5
55,5319,177.3,292.5,164.5
55,5321,177.367,350.5,164.5
55,5322,177.4,388.5,172.5
55,5323,177.433,428.5,180.5
55,5324,177.467,460.5,190.5
55,5325,177.5,498.5,206.5
55,5326,177.533,542.5,226.5
55,5327,177.567,578.5,244.5
55,5328,177.6,622.5,270.5
55,5329,177.633,662.5,294.5
55,5330,177.667,702.5,326.5
55,5331,177.7,732.5,348.5
55,5333,177.767,830.5,402.5
55,5334,177.8,866.5,396.5
55,5335,177.833,930.5,396.5
55,5336,177.867,942.5,396.5
55,5337,177.9,896.5,354.5
55,5338,177.933,828.5,314.5
55,5339,177.967,788.5,292.5
55,5340,178.0,738.5,268.5
55,5341,178.033,700.5,250.5
55,5342,178.067,664.5,238.5
55,5343,178.1,624.5,226.5
55,5344,178.133,592.5,220.5
55,5345,178.167,560.5,214.5
55,5346,178.2,530.5,212.5
55,5347,178.233,508.5,216.5
55,5348,178.267,484.5,220.5
55,5349,178.3,466.5,228.5
55,5350,178.333,448.5,232.5
55,5351,178.367,428.5,246.5
55,5352,178.4,412.5,258.5
55,5353,178.433,400.5,266.5
55,5354,178.467,388.5,256.5
55,5355,178.5,374.5,230.5
55,5356,178.533,362.5,214.5
55,5357,178.567,350.5,198.5
55,5358,178.6,342.5,186.5
55,5359,178.633,332.5,180.5
55,5361,178.7,368.5,176.5
55,5362,178.733,406.5,174.5
55,5363,178.767,444.5,178.5
55,5364,178.8,480.5,184.5
55,5365,178.833,522.5,194.5
55,5366,178.867,562.5,206.5
55,5367,178.9,604.5,220.5
55,5368,178.933,638.5,230.5
55,5369,178.967,686.5,254.5
55,5370,179.0,722.5,272.5
55,5371,179.033,762.5,292.5
55,5372,179.067,808.5,322.5
55,5373,179.1,836.5,338.5
55,5374,179.133,886.5,322.5
55,5375,179.167,924.5,310.5
55,5376,179.2,960.5,306.5
55,5377,179.233,1002.5,300.5
55,5378,179.267,1038.5,298.5
55,5379,179.3,1072.5,300.5
55,5380,179.333,1074.5,284.5
55,5381,179.367,1036.5,262.5
55,5382,179.4,998.5,238.5
55,5383,179.433,956.5,220.5
55,5384,179.467,922.5,208.5
55,5385,179.5,882.5,196.5
55,5386,179.533,846.5,190.5
55,5387,179.567,812.5,190.5
55,5388,179.6,778.5,190.5
55,5389,179.633,746.5,194.5
55,5390,179.667,710.5,202.5
55,5391,179.7,682.5,210.5
55,5392,179.733,652.5,222.5
55,5393,179.767,626.5,236.5
55,5394,179.8,606.5,250.5
55,5395,179.833,578.5,268.5
55,5396,179.867,556.5,282.5
55,5397,179.9,534.5,310.5
55,5398,179.933,510.5,300.5
55,5399,179.967,494.5,280.5
55,5400,180.0,496.5,284.5
55,5401,180.033,476.5,264.5
55,5402,180.067,460.5,248.5
55,5403,180.1,442.5,236.5
55,5404,180.133,424.5,226.5
55,5405,180.167,406.5,218.5
55,5406,180.2,390.5,216.5
55,5407,180.233,376.5,214.5
55,5408,180.267,362.5,216.5
55,5409,180.3,350.5,218.5
55,5410,180.333,338.5,226.5
55,5411,180.367,322.5,234.5
55,5412,180.4,316.5,240.5
55,5413,180.433,338.5,226.5
55,5414,180.467,372.5,206.5
55,5415,180.5,398.5,194.5
55,5416,180.533,426.5,184.5
55,5417,180.567,450.5,178.5
55,5418,180.6,480.5,174.5
55,5419,180.633,502.5,174.5
55,5420,180.667,532.5,176.5
55,5421,180.7,560.5,180.5
55,5422,180.733,586.5,188.5
55,5423,180.767,610.5,198.5
55,5424,180.8,630.5,208.5
55,5425,180.833,652.5,222.5
55,5426,180.867,678.5,240.5
55,5427,180.9,704.5,258.5
55,5428,180.933,722.5,278.5
55,5429,180.967,738.5,298.5
55,5430,181.0,758.5,284.5
55,5431,181.033,772.5,266.5
55,5432,181.067,788.5,252.5
55,5433,181.1,806.5,236.5
55,5434,181.133,822.5,226.5
55,5435,181.167,834.5,218.5
55,5436,181.2,850.5,214.5
55,5437,181.233,866.5,212.5
55,5438,181.267,880.5,210.5
55,5439,181.3,892.5,212.5
55,5440,181.333,906.5,218.5
55,5441,181.367,918.5,226.5
55,5442,181.4,928.5,236.5
55,5443,181.433,916.5,232.5
55,5444,181.467,884.5,210.5
55,5445,181.5,844.5,188.5
55,5446,181.533,794.5,164.5
55,5447,181.567,762.5,152.5
55,5448,181.6,722.5,140.5
55,5449,181.633,684.5,130.5
55,5450,181.667,642.5,124.5
55,5451,181.7,606.5,122.5
55,5452,181.733,572.5,124.5
55,5453,181.767,542.5,126.5
55,5454,181.8,510.5,134.5
55,5455,181.833,478.5,142.5
55,5456,181.867,448.5,152.5
55,5457,181.9,418.5,166.5
55,5458,181.933,392.5,184.5
55,5459,181.967,370.5,198.5
55,5460,182.0,348.5,220.5
55,5461,182.033,326.5,240.5
55,5462,182.067,304.5,264.5
55,5463,182.1,286.5,248.5
55,5464,182.133,264.5,226.5
55,5465,182.167,246.5,208.5
55,5466,182.2,224.5,190.5
55,5467,182.233,210.5,180.5
55,5468,182.267,192.5,168.5
55,5469,182.3,172.5,160.5
55,5470,182.333,160.5,156.5
55,5471,182.367,122.5,176.5
55,5472,182.4,160.5,146.5
55,5473,182.433,130.5,150.5
55,5476,182.533,218.5,114.5
55,5477,182.567,282.5,160.5
55,5478,182.6,320.5,166.5
55,5479,182.633,368.5,182.5
55,5480,182.667,416.5,204.5
55,5481,182.7,458.5,226.5
55,5482,182.733,506.5,250.5
55,5483,182.767,554.5,280.5
55,5484,182.8,608.5,326.5
55,5488,182.933,810.5,524.5
55,5489,182.967,844.5,570.5
55,5490,183.0,890.5,622.5
55,5491,183.033,932.5,684.5
55,5492,183.067,954.5,714.5
56,5507,183.567,1020.5,584.5
56,5508,183.6,978.5,572.5
56,5509,183.633,944.5,564.5
56,5510,183.667,912.5,560.5
56,5511,183.7,880.5,556.5
56,5512,183.733,850.5,556.5
56,5513,183.767,830.5,560.5
56,5514,183.8,794.5,568.5
56,5515,183.833,780.5,570.5
56,5516,183.867,758.5,578.5
56,5517,183.9,738.5,584.5
56,5518,183.933,730.5,568.5
56,5519,183.967,724.5,552.5
56,5520,184.0,718.5,536.5
56,5521,184.033,712.5,524.5
56,5522,184.067,706.5,514.5
56,5523,184.1,700.5,508.5
56,5524,184.133,694.5,504.5
56,5525,184.167,688.5,504.5
56,5526,184.2,684.5,504.5
56,5527,184.233,678.5,508.5
56,5528,184.267,672.5,514.5
56,5529,184.3,668.5,520.5
56,5530,184.333,662.5,520.5
56,5531,184.367,660.5,514.5
56,5532,184.4,658.5,508.5
56,5533,184.433,656.5,506.5
56,5536,184.533,648.5,514.5
56,5537,184.567,648.5,506.5
56,5540,184.667,642.5,502.5
56,5541,184.7,642.5,500.5
56,5542,184.733,642.5,500.5
56,5543,184.767,642.5,498.5
56,5545,184.833,636.5,496.5
56,5546,184.867,638.5,490.5
56,5547,184.9,634.5,488.5
56,5549,184.967,628.5,488.5
56,5550,185.0,626.5,484.5
56,5551,185.033,626.5,480.5
56,5552,185.067,626.5,480.5
56,5553,185.1,624.5,480.5
56,5554,185.133,624.5,478.5
56,5555,185.167,624.5,478.5
56,5556,185.2,622.5,474.5
56,5557,185.233,622.5,472.5
56,5558,185.267,620.5,472.5
56,5559,185.3,620.5,472.5
56,5560,185.333,618.5,470.5
56,5561,185.367,620.5,468.5
57,5754,191.8,548.5,500.5
57,5756,191.867,530.5,582.5
57,5758,191.933,528.5,572.5
57,5761,192.033,548.5,474.5
57,5765,192.167,482.5,138.5
57,5768,192.267,468.5,138.5
57,5770,192.333,464.5,136.5
57,5774,192.467,548.5,226.5
58,5865,195.5,934.5,256.5
58,5866,195.533,924.5,256.5
58,5868,195.6,896.5,302.5
58,5869,195.633,846.5,308.5
58,5870,195.667,802.5,316.5
58,5871,195.7,752.5,320.5
58,5872,195.733,712.5,300.5
58,5873,195.767,682.5,288.5
58,5874,195.8,640.5,272.5
58,5875,195.833,608.5,260.5
58,5876,195.867,580.5,254.5
58,5877,195.9,556.5,250.5
58,5878,195.933,528.5,246.5
58,5879,195.967,504.5,248.5
58,5880,196.0,482.5,250.5
58,5881,196.033,460.5,254.5
58,5882,196.067,440.5,260.5
58,5883,196.1,422.5,258.5
58,5884,196.133,408.5,244.5
58,5886,196.2,374.5,222.5
58,5887,196.233,364.5,216.5
58,5888,196.267,384.5,210.5
58,5889,196.3,414.5,206.5
58,5890,196.333,448.5,202.5
58,5891,196.367,480.5,202.5
58,5892,196.4,516.5,206.5
58,5893,196.433,552.5,210.5
58,5894,196.467,588.5,216.5
58,5895,196.5,622.5,224.5
58,5896,196.533,656.5,236.5
58,5897,196.567,690.5,248.5
58,5898,196.6,730.5,266.5
58,5899,196.633,766.5,284.5
58,5900,196.667,800.5,302.5
58,5901,196.7,828.5,318.5
58,5902,196.733,874.5,354.5
58,5903,196.767,904.5,350.5
58,5904,196.8,946.5,338.5
58,5905,196.833,978.5,336.5
58,5906,196.867,942.5,304.5
58,5907,196.9,898.5,272.5
58,5908,196.933,864.5,252.5
58,5909,196.967,826.5,230.5
58,5910,197.0,794.5,216.5
58,5911,197.033,760.5,204.5
58,5912,197.067,732.5,196.5
58,5913,197.1,698.5,190.5
58,5914,197.133,672.5,188.5
58,5915,197.167,638.5,188.5
58,5916,197.2,612.5,190.5
58,5917,197.233,590.5,196.5
58,5918,197.267,568.5,202.5
58,5919,197.3,546.5,210.5
58,5920,197.333,522.5,224.5
58,5921,197.367,506.5,234.5
58,5922,197.4,490.5,246.5
58,5923,197.433,470.5,258.5
58,5924,197.467,452.5,240.5
58,5925,197.5,436.5,222.5
58,5926,197.533,422.5,206.5
58,5927,197.567,410.5,196.5
58,5928,197.6,396.5,184.5
58,5929,197.633,386.5,180.5
58,5930,197.667,370.5,174.5
58,5932,197.733,436.5,178.5
58,5933,197.767,478.5,180.5
58,5934,197.8,522.5,190.5
58,5935,197.833,564.5,202.5
58,5936,197.867,608.5,214.5
58,5937,197.9,644.5,228.5
58,5938,197.933,690.5,250.5
58,5939,197.967,732.5,272.5
58,5940,198.0,768.5,292.5
58,5941,198.033,814.5,322.5
58,5942,198.067,860.5,312.5
58,5943,198.1,890.5,308.5
58,5944,198.133,932.5,302.5
58,5945,198.167,962.5,298.5
58,5946,198.2,1010.5,302.5
58,5947,198.233,1052.5,306.5
58,5948,198.267,1090.5,312.5
58,5949,198.3,1132.5,324.5
58,5950,198.333,1166.5,336.5
58,5951,198.367,1206.5,354.5
58,5953,198.433,1194.5,324.5
58,5954,198.467,1144.5,286.5
58,5958,198.6,916.5,128.5
58,5959,198.633,878.5,118.5
58,5960,198.667,832.5,106.5
58,5961,198.7,792.5,98.5
58,5962,198.733,752.5,90.5
58,5963,198.767,716.5,86.5
58,5964,198.8,686.5,86.5
58,5965,198.833,650.5,90.5
58,5966,198.867,622.5,94.5
58,5967,198.9,592.5,102.5
58,5968,198.933,570.5,112.5
58,5969,198.967,546.5,122.5
58,5970,199.0,530.5,132.5
58,5971,199.033,510.5,148.5
58,5972,199.067,496.5,160.5
58,5973,199.1,482.5,178.5
58,5974,199.133,466.5,194.5
58,5975,199.167,454.5,214.5
58,5976,199.2,436.5,202.5
58,5977,199.233,426.5,180.5
58,5978,199.267,414.5,164.5
58,5979,199.3,404.5,146.5
58,5980,199.333,392.5,130.5
58,5981,199.367,380.5,116.5
58,5982,199.4,370.5,106.5
58,5983,199.433,364.5,98.5
58,5984,199.467,354.5,92.5
58,5985,199.5,344.5,92.5
58,5986,199.533,336.5,88.5
58,5987,199.567,330.5,88.5
58,5988,199.6,322.5,90.5
58,5991,199.7,358.5,80.5
58,5992,199.733,396.5,72.5
58,5993,199.767,418.5,68.5
58,5994,199.8,446.5,70.5
58,5995,199.833,476.5,70.5
58,5996,199.867,504.5,74.5
58,5997,199.9,530.5,82.5
58,5998,199.933,556.5,90.5
58,5999,199.967,584.5,102.5
58,6000,200.0,610.5,116.5
58,6001,200.033,636.5,132.5
58,6002,200.067,660.5,150.5
58,6003,200.1,686.5,174.5
58,6004,200.133,708.5,196.5
58,6005,200.167,730.5,220.5
58,6006,200.2,750.5,246.5
58,6007,200.233,768.5,270.5
58,6008,200.267,786.5,296.5
59,6018,200.6,964.5,342.5
59,6019,200.633,982.5,344.5
59,6020,200.667,1000.5,346.5
59,6021,200.7,1016.5,352.5
59,6022,200.733,1030.5,358.5
59,6023,200.767,1046.5,368.5
59,6024,200.8,1058.5,378.5
59,6025,200.833,1070.5,388.5
59,6026,200.867,1082.5,402.5
59,6027,200.9,1096.5,420.5
59,6030,201.0,1148.5,424.5
59,6031,201.033,1164.5,422.5
59,6032,201.067,1182.5,422.5
59,6033,201.1,1200.5,424.5
59,6034,201.133,1214.5,428.5
59,6035,201.167,1234.5,434.5
59,6036,201.2,1244.5,440.5
59,6037,201.233,1260.5,452.5
59,6038,201.267,1272.5,466.5
60,6062,202.067,424.5,192.5
60,6065,202.167,426.5,198.5
60,6066,202.2,422.5,194.5
60,6067,202.233,422.5,192.5
60,6068,202.267,420.5,192.5
61,6148,204.933,880.5,284.5
61,6149,204.967,844.5,290.5
61,6150,205.0,804.5,298.5
61,6151,205.033,766.5,306.5
61,6152,205.067,744.5,314.5
61,6153,205.1,718.5,326.5
61,6154,205.133,692.5,346.5
61,6155,205.167,666.5,354.5
61,6156,205.2,650.5,330.5
61,6157,205.233,634.5,306.5
61,6158,205.267,616.5,284.5
61,6159,205.3,600.5,266.5
61,6160,205.333,586.5,254.5
61,6161,205.367,572.5,244.5
61,6162,205.4,560.5,238.5
61,6163,205.433,546.5,234.5
61,6164,205.467,534.5,232.5
61,6165,205.5,520.5,234.5
61,6166,205.533,512.5,240.5
61,6167,205.567,500.5,244.5
61,6168,205.6,490.5,250.5
61,6169,205.633,482.5,260.5
61,6170,205.667,470.5,276.5
61,6171,205.7,460.5,290.5
61,6172,205.733,452.5,282.5
61,6173,205.767,444.5,264.5
61,6174,205.8,434.5,250.5
61,6175,205.833,424.5,238.5
61,6176,205.867,418.5,228.5
61,6177,205.9,410.5,222.5
61,6178,205.933,402.5,218.5
61,6179,205.967,396.5,216.5
61,6180,206.0,388.5,216.5
61,6181,206.033,382.5,220.5
61,6182,206.067,376.5,226.5
61,6183,206.1,372.5,232.5
61,6184,206.133,366.5,242.5
61,6185,206.167,364.5,254.5
61,6186,206.2,356.5,258.5
61,6187,206.233,350.5,242.5
61,6188,206.267,344.5,230.5
61,6189,206.3,338.5,218.5
61,6190,206.333,330.5,212.5
61,6191,206.367,324.5,206.5
61,6192,206.4,318.5,204.5
61,6193,206.433,314.5,202.5
61,6194,206.467,308.5,204.5
61,6195,206.5,306.5,206.5
61,6196,206.533,302.5,202.5
61,6197,206.567,300.5,190.5
61,6198,206.6,298.5,170.5
61,6199,206.633,298.5,152.5
61,6200,206.667,296.5,140.5
61,6201,206.7,296.5,130.5
61,6202,206.733,294.5,118.5
61,6203,206.767,298.5,114.5
61,6204,206.8,298.5,108.5
61,6205,206.833,298.5,106.5
61,6206,206.867,300.5,108.5
61,6207,206.9,300.5,108.5
61,6208,206.933,304.5,116.5
61,6209,206.967,306.5,120.5
61,6210,207.0,308.5,130.5
61,6211,207.033,310.5,142.5
61,6212,207.067,314.5,154.5
61,6213,207.1,308.5,108.5
61,6214,207.133,318.5,158.5
61,6215,207.167,316.5,154.5
61,6216,207.2,316.5,140.5
61,6217,207.233,318.5,130.5
61,6218,207.267,318.5,122.5
61,6219,207.3,322.5,116.5
61,6220,207.333,322.5,112.5
61,6221,207.367,322.5,108.5
61,6222,207.4,326.5,110.5
61,6223,207.433,326.5,112.5
61,6224,207.467,330.5,116.5
61,6225,207.5,332.5,122.5
61,6226,207.533,332.5,132.5
61,6227,207.567,338.5,142.5
61,6228,207.6,340.5,148.5
61,6229,207.633,340.5,146.5
61,6230,207.667,338.5,138.5
61,6231,207.7,338.5,130.5
61,6232,207.733,338.5,124.5
61,6233,207.767,338.5,120.5
61,6234,207.8,338.5,118.5
61,6235,207.833,338.5,118.5
61,6236,207.867,338.5,120.5
61,6237,207.9,338.5,126.5
61,6238,207.933,340.5,132.5
61,6239,207.967,340.5,140.5
61,6240,208.0,344.5,150.5
61,6241,208.033,340.5,152.5
62,6263,208.767,432.5,202.5
62,6264,208.8,432.5,200.5
62,6266,208.867,434.5,198.5
62,6267,208.9,430.5,196.5
62,6268,208.933,430.5,198.5
63,6297,209.9,344.5,236.5
63,6299,209.967,330.5,240.5
63,6303,210.1,316.5,246.5
63,6304,210.133,316.5,248.5
63,6305,210.167,310.5,250.5
63,6306,210.2,306.5,250.5
63,6307,210.233,302.5,252.5
63,6308,210.267,300.5,254.5
64,6322,210.733,268.5,262.5
64,6323,210.767,268.5,262.5
64,6324,210.8,268.5,266.5
64,6325,210.833,268.5,270.5
64,6326,210.867,268.5,272.5
64,6327,210.9,270.5,274.5
64,6328,210.933,270.5,274.5
64,6329,210.967,270.5,274.5
64,6330,211.0,268.5,266.5
64,6331,211.033,260.5,224.5
64,6334,211.133,246.5,208.5
64,6335,211.167,244.5,196.5
64,6336,211.2,242.5,186.5
64,6337,211.233,240.5,178.5
64,6338,211.267,238.5,176.5
64,6340,211.333,234.5,172.5
64,6341,211.367,236.5,176.5
64,6342,211.4,234.5,180.5
64,6343,211.433,236.5,188.5
64,6344,211.467,228.5,194.5
64,6345,211.5,234.5,208.5
64,6347,211.567,268.5,242.5
64,6348,211.6,328.5,272.5
64,6350,211.667,422.5,246.5
64,6351,211.7,446.5,240.5
64,6352,211.733,482.5,228.5
64,6353,211.767,522.5,218.5
64,6354,211.8,560.5,210.5
64,6355,211.833,596.5,206.5
64,6356,211.867,634.5,204.5
64,6357,211.9,672.5,204.5
64,6358,211.933,704.5,206.5
64,6359,211.967,738.5,210.5
64,6360,212.0,776.5,214.5
64,6361,212.033,810.5,224.5
64,6362,212.067,842.5,232.5
64,6363,212.1,876.5,246.5
64,6364,212.133,910.5,262.5
64,6365,212.167,936.5,274.5
64,6366,212.2,962.5,290.5
64,6367,212.233,1000.5,316.5
64,6368,212.267,1026.5,336.5
64,6369,212.3,1048.5,356.5
65,6391,213.033,1200.5,372.5
65,6392,213.067,1162.5,348.5
65,6393,213.1,1138.5,338.5
65,6394,213.133,1100.5,324.5
65,6395,213.167,1076.5,320.5
65,6396,213.2,1042.5,312.5
65,6397,213.233,1008.5,308.5
65,6399,213.3,956.5,310.5
65,6400,213.333,926.5,316.5
65,6401,213.367,894.5,324.5
66,6443,214.767,422.5,396.5
66,6444,214.8,414.5,396.5
66,6445,214.833,406.5,396.5
66,6446,214.867,398.5,394.5
66,6447,214.9,390.5,394.5
66,6448,214.933,386.5,394.5
66,6450,215.0,394.5,390.5
66,6451,215.033,398.5,390.5
66,6454,215.133,264.5,252.5
67,6534,217.8,310.5,328.5
67,6535,217.833,312.5,328.5
67,6536,217.867,312.5,324.5
67,6538,217.933,326.5,206.5
67,6539,217.967,322.5,194.5
67,6540,218.0,318.5,186.5
68,6545,218.167,298.5,138.5
68,6546,218.2,294.5,126.5
68,6548,218.267,286.5,110.5
68,6549,218.3,286.5,104.5
68,6550,218.333,284.5,96.5
68,6551,218.367,282.5,90.5
68,6552,218.4,282.5,84.5
68,6553,218.433,280.5,78.5
68,6554,218.467,280.5,74.5
69,6576,219.2,288.5,260.5
69,6577,219.233,284.5,262.5
69,6578,219.267,280.5,262.5
69,6579,219.3,278.5,262.5
69,6580,219.333,276.5,262.5
69,6581,219.367,274.5,260.5
69,6582,219.4,270.5,262.5
69,6583,219.433,270.5,262.5
69,6584,219.467,268.5,262.5
69,6585,219.5,270.5,260.5
69,6587,219.567,266.5,264.5
69,6589,219.633,266.5,266.5
69,6590,219.667,266.5,270.5
69,6591,219.7,268.5,272.5
69,6592,219.733,268.5,270.5
69,6593,219.767,266.5,264.5
69,6594,219.8,262.5,254.5
69,6595,219.833,260.5,240.5
69,6596,219.867,256.5,226.5
69,6597,219.9,252.5,210.5
69,6598,219.933,250.5,200.5
69,6599,219.967,246.5,194.5
69,6600,220.0,246.5,190.5
69,6601,220.033,244.5,184.5
69,6602,220.067,244.5,182.5
69,6603,220.1,244.5,186.5
69,6604,220.133,246.5,192.5
69,6605,220.167,244.5,198.5
69,6606,220.2,246.5,208.5
69,6607,220.233,248.5,220.5
69,6608,220.267,262.5,234.5
69,6609,220.3,280.5,248.5
69,6611,220.367,356.5,278.5
69,6612,220.4,386.5,272.5
69,6613,220.433,414.5,268.5
69,6614,220.467,444.5,266.5
69,6615,220.5,474.5,268.5
69,6616,220.533,498.5,270.5
69,6617,220.567,536.5,276.5
69,6618,220.6,570.5,290.5
69,6619,220.633,592.5,296.5
69,6620,220.667,634.5,316.5
69,6621,220.7,660.5,332.5
69,6622,220.733,694.5,352.5
69,6623,220.767,728.5,384.5
69,6624,220.8,754.5,378.5
69,6625,220.833,786.5,368.5
69,6626,220.867,814.5,366.5
69,6627,220.9,838.5,364.5
69,6629,220.967,836.5,362.5
69,6631,221.033,708.5,276.5
69,6632,221.067,676.5,260.5
69,6633,221.1,640.5,246.5
69,6634,221.133,608.5,238.5
69,6635,221.167,576.5,232.5
69,6636,221.2,548.5,228.5
69,6637,221.233,528.5,228.5
69,6638,221.267,496.5,230.5
69,6639,221.3,478.5,234.5
69,6640,221.333,456.5,240.5
69,6641,221.367,434.5,246.5
69,6642,221.4,418.5,256.5
69,6643,221.433,400.5,264.5
69,6644,221.467,382.5,268.5
69,6645,221.5,368.5,252.5
69,6646,221.533,350.5,234.5
69,6647,221.567,340.5,222.5
69,6648,221.6,326.5,210.5
69,6649,221.633,314.5,200.5
69,6651,221.7,384.5,204.5
69,6652,221.733,432.5,210.5
69,6653,221.767,482.5,220.5
69,6654,221.8,532.5,232.5
69,6655,221.833,582.5,248.5
69,6656,221.867,622.5,260.5
69,6657,221.9,652.5,262.5
69,6658,221.933,684.5,266.5
69,6659,221.967,712.5,274.5
69,6660,222.0,734.5,282.5
69,6661,222.033,758.5,292.5
69,6662,222.067,786.5,302.5
69,6663,222.1,802.5,296.5
69,6664,222.133,820.5,290.5
69,6665,222.167,848.5,284.5
69,6666,222.2,866.5,284.5
69,6667,222.233,886.5,286.5
69,6668,222.267,908.5,290.5
69,6669,222.3,926.5,294.5
69,6670,222.333,946.5,306.5
69,6671,222.367,966.5,320.5
69,6672,222.4,980.5,332.5
69,6673,222.433,996.5,348.5
69,6674,222.467,1012.5,368.5
69,6675,222.5,1022.5,384.5
69,6676,222.533,988.5,394.5
69,6677,222.567,946.5,402.5
69,6678,222.6,910.5,416.5
70,6810,227.0,1022.5,224.5
70,6811,227.033,1022.5,224.5
70,6812,227.067,1020.5,226.5
70,6813,227.1,1020.5,226.5
70,6814,227.133,1020.5,228.5
70,6815,227.167,1022.5,228.5
71,6858,228.6,488.5,190.5
71,6859,228.633,488.5,190.5
71,6860,228.667,488.5,186.5
71,6861,228.7,488.5,186.5
71,6862,228.733,490.5,186.5
71,6863,228.767,490.5,186.5
71,6864,228.8,492.5,186.5
71,6865,228.833,490.5,186.5
71,6868,228.933,488.5,188.5
71,6869,228.967,490.5,190.5
71,6871,229.033,486.5,188.5
71,6872,229.067,478.5,190.5
71,6875,229.167,418.5,74.5
72,7024,234.133,924.5,362.5
72,7025,234.167,932.5,390.5
72,7026,234.2,952.5,410.5
72,7027,234.233,964.5,432.5
72,7028,234.267,980.5,446.5
72,7029,234.3,996.5,458.5
72,7030,234.333,1014.5,468.5
73,8337,277.9,1076.5,188.5
73,8338,277.933,1076.5,188.5
73,8339,277.967,1076.5,188.5
73,8340,278.0,1076.5,188.5
73,8341,278.033,1078.5,190.5
74,8359,278.633,1184.5,232.5
74,8361,278.7,1192.5,202.5
74,8362,278.733,1196.5,186.5
74,8363,278.767,1196.5,172.5
74,8364,278.8,1194.5,160.5
74,8365,278.833,1190.5,152.5
75,8371,279.033,1124.5,240.5
75,8375,279.167,1114.5,178.5
75,8379,279.3,902.5,326.5
75,8380,279.333,894.5,326.5
75,8381,279.367,888.5,322.5
75,8382,279.4,882.5,320.5
76,8403,280.1,428.5,212.5
76,8404,280.133,422.5,202.5
76,8405,280.167,420.5,186.5
76,8406,280.2,414.5,172.5
76,8410,280.333,430.5,168.5
76,8411,280.367,442.5,182.5
76,8412,280.4,450.5,196.5
76,8413,280.433,466.5,224.5
76,8414,280.467,480.5,248.5
76,8415,280.5,490.5,238.5
76,8416,280.533,498.5,224.5
76,8417,280.567,506.5,212.5
76,8418,280.6,514.5,204.5
76,8419,280.633,524.5,198.5
76,8420,280.667,534.5,194.5
76,8421,280.7,542.5,194.5
76,8422,280.733,552.5,194.5
76,8423,280.767,562.5,198.5
76,8424,280.8,574.5,206.5
76,8425,280.833,584.5,214.5
76,8426,280.867,594.5,226.5
76,8427,280.9,604.5,240.5
76,8428,280.933,614.5,256.5
76,8429,280.967,624.5,274.5
76,8430,281.0,634.5,296.5
76,8431,281.033,642.5,320.5
76,8432,281.067,654.5,318.5
76,8433,281.1,664.5,306.5
76,8434,281.133,674.5,296.5
76,8435,281.167,684.5,290.5
76,8436,281.2,694.5,284.5
76,8437,281.233,708.5,284.5
76,8438,281.267,720.5,284.5
76,8440,281.333,730.5,288.5
76,8441,281.367,740.5,296.5
76,8442,281.4,750.5,304.5
76,8443,281.433,760.5,318.5
76,8444,281.467,770.5,330.5
76,8445,281.5,778.5,348.5
76,8446,281.533,788.5,370.5
76,8447,281.567,796.5,390.5
76,8448,281.6,810.5,392.5
76,8449,281.633,824.5,378.5
76,8450,281.667,836.5,370.5
76,8451,281.7,852.5,368.5
76,8452,281.733,864.5,366.5
76,8453,281.767,876.5,366.5
76,8454,281.8,894.5,374.5
76,8455,281.833,904.5,382.5
76,8456,281.867,910.5,394.5
76,8457,281.9,914.5,400.5
77,8530,284.333,916.5,292.5
77,8531,284.367,916.5,282.5
77,8532,284.4,920.5,272.5
77,8533,284.433,920.5,266.5
77,8534,284.467,924.5,264.5
77,8535,284.5,922.5,268.5
77,8536,284.533,924.5,274.5
77,8537,284.567,922.5,286.5
77,8538,284.6,924.5,298.5
77,8539,284.633,918.5,318.5
77,8540,284.667,916.5,334.5
77,8541,284.7,916.5,360.5
77,8542,284.733,910.5,380.5
77,8543,284.767,902.5,416.5
77,8545,284.833,852.5,442.5
77,8546,284.867,804.5,436.5
77,8547,284.9,760.5,408.5
77,8548,284.933,730.5,366.5
77,8549,284.967,698.5,326.5
77,8550,285.0,670.5,302.5
77,8551,285.033,634.5,274.5
77,8552,285.067,612.5,262.5
77,8553,285.1,594.5,254.5
77,8554,285.133,574.5,246.5
77,8555,285.167,552.5,242.5
77,8556,285.2,534.5,240.5
77,8557,285.233,518.5,242.5
77,8558,285.267,504.5,246.5
77,8559,285.3,490.5,250.5
77,8560,285.333,476.5,256.5
77,8561,285.367,464.5,238.5
77,8562,285.4,452.5,222.5
77,8563,285.433,442.5,208.5
77,8564,285.467,432.5,196.5
77,8565,285.5,444.5,188.5
77,8566,285.533,480.5,182.5
77,8567,285.567,510.5,180.5
77,8568,285.6,546.5,180.5
77,8569,285.633,588.5,180.5
77,8570,285.667,622.5,184.5
77,8571,285.7,658.5,192.5
77,8572,285.733,696.5,202.5
77,8573,285.767,734.5,214.5
77,8574,285.8,770.5,230.5
77,8575,285.833,812.5,250.5
77,8576,285.867,850.5,272.5
77,8577,285.9,892.5,300.5
77,8578,285.933,928.5,328.5
77,8579,285.967,974.5,366.5
78,8600,286.667,1168.5,660.5
78,8601,286.7,1146.5,662.5
78,8605,286.833,1058.5,666.5
78,8606,286.867,1044.5,660.5
78,8607,286.9,1034.5,658.5
78,8608,286.933,1022.5,656.5
78,8609,286.967,1018.5,648.5
78,8610,287.0,1012.5,640.5
78,8611,287.033,1008.5,638.5
79,8622,287.4,296.5,176.5
79,8624,287.467,204.5,218.5
79,8626,287.533,174.5,242.5
79,8628,287.6,340.5,216.5
79,8631,287.7,340.5,206.5
79,8634,287.8,202.5,242.5
80,8654,288.467,304.5,188.5
80,8655,288.5,302.5,176.5
80,8656,288.533,300.5,170.5
80,8657,288.567,296.5,158.5
80,8658,288.6,292.5,142.5
80,8659,288.633,288.5,124.5
80,8660,288.667,284.5,110.5
80,8661,288.7,284.5,96.5
80,8662,288.733,284.5,88.5
81,8667,288.9,734.5,278.5
81,8668,288.933,712.5,254.5
81,8669,288.967,682.5,226.5
81,8670,289.0,658.5,206.5
81,8671,289.033,636.5,186.5
81,8672,289.067,612.5,174.5
81,8673,289.1,594.5,164.5
81,8674,289.133,574.5,156.5
81,8675,289.167,556.5,154.5
81,8676,289.2,538.5,154.5
81,8677,289.233,524.5,156.5
81,8678,289.267,506.5,162.5
81,8679,289.3,494.5,168.5
81,8680,289.333,480.5,178.5
81,8681,289.367,466.5,188.5
81,8682,289.4,454.5,200.5
81,8683,289.433,444.5,216.5
81,8684,289.467,434.5,230.5
81,8685,289.5,424.5,248.5
81,8686,289.533,416.5,262.5
81,8687,289.567,404.5,270.5
81,8688,289.6,396.5,250.5
81,8689,289.633,386.5,228.5
81,8690,289.667,378.5,210.5
81,8691,289.7,372.5,196.5
81,8692,289.733,364.5,184.5
81,8693,289.767,356.5,172.5
81,8694,289.8,350.5,166.5
81,8695,289.833,344.5,162.5
81,8696,289.867,338.5,158.5
81,8697,289.9,332.5,160.5
81,8698,289.933,326.5,162.5
81,8699,289.967,322.5,166.5
81,8700,290.0,318.5,176.5
81,8701,290.033,314.5,182.5
81,8702,290.067,312.5,192.5
81,8703,290.1,308.5,204.5
81,8704,290.133,306.5,216.5
81,8705,290.167,304.5,206.5
81,8706,290.2,304.5,192.5
81,8707,290.233,302.5,182.5
81,8708,290.267,302.5,172.5
81,8709,290.3,302.5,166.5
81,8710,290.333,302.5,160.5
81,8711,290.367,302.5,160.5
81,8714,290.467,306.5,162.5
81,8715,290.5,306.5,166.5
81,8716,290.533,310.5,174.5
81,8717,290.567,314.5,186.5
81,8718,290.6,316.5,198.5
81,8719,290.633,318.5,208.5
81,8720,290.667,322.5,220.5
81,8721,290.7,316.5,198.5
81,8722,290.733,314.5,180.5
81,8723,290.767,308.5,162.5
81,8724,290.8,306.5,148.5
81,8725,290.833,302.5,134.5
81,8726,290.867,298.5,124.5
81,8727,290.9,296.5,116.5
81,8729,290.967,290.5,108.5
81,8730,291.0,288.5,112.5
81,8732,291.067,286.5,114.5
81,8733,291.1,286.5,120.5
81,8734,291.133,286.5,128.5
81,8735,291.167,286.5,136.5
81,8736,291.2,286.5,148.5
81,8737,291.233,286.5,168.5
82,8744,291.467,828.5,324.5
82,8746,291.533,896.5,334.5
82,8750,291.667,892.5,106.5
82,8751,291.7,894.5,104.5
82,8752,291.733,892.5,104.5
82,8753,291.767,894.5,104.5
82,8756,291.867,892.5,104.5
82,8757,291.9,892.5,104.5
82,8758,291.933,892.5,104.5
83,8768,292.267,262.5,80.5
83,8769,292.3,260.5,80.5
83,8770,292.333,256.5,84.5
83,8771,292.367,258.5,86.5
83,8772,292.4,258.5,96.5
83,8773,292.433,256.5,104.5
83,8774,292.467,254.5,116.5
83,8775,292.5,264.5,136.5
83,8776,292.533,278.5,144.5
83,8778,292.6,280.5,128.5
83,8779,292.633,292.5,126.5
83,8780,292.667,308.5,126.5
83,8781,292.7,322.5,130.5
83,8782,292.733,336.5,130.5
83,8783,292.767,350.5,136.5
83,8784,292.8,362.5,144.5
83,8785,292.833,378.5,156.5
83,8786,292.867,398.5,172.5
83,8787,292.9,412.5,168.5
83,8788,292.933,410.5,160.5
83,8789,292.967,410.5,152.5
83,8790,293.0,406.5,140.5
83,8791,293.033,400.5,136.5
83,8792,293.067,398.5,138.5
83,8796,293.2,380.5,164.5
83,8797,293.233,374.5,176.5
83,8798,293.267,370.5,186.5
84,8803,293.433,892.5,104.5
84,8804,293.467,892.5,104.5
84,8805,293.5,892.5,104.5
84,8806,293.533,892.5,104.5
84,8807,293.567,892.5,104.5
84,8808,293.6,892.5,104.5
84,8810,293.667,892.5,104.5
84,8811,293.7,892.5,104.5
84,8812,293.733,892.5,104.5
84,8813,293.767,892.5,104.5
84,8814,293.8,892.5,104.5
84,8815,293.833,892.5,104.5
84,8816,293.867,892.5,104.5
84,8817,293.9,892.5,104.5
84,8818,293.933,892.5,104.5
84,8820,294.0,892.5,104.5
84,8821,294.033,892.5,104.5
84,8822,294.067,892.5,104.5
84,8823,294.1,892.5,104.5
84,8825,294.167,892.5,104.5
84,8827,294.233,892.5,104.5
84,8828,294.267,892.5,104.5
84,8830,294.333,892.5,104.5
84,8832,294.4,892.5,104.5
84,8836,294.533,892.5,104.5
84,8837,294.567,892.5,104.5
84,8838,294.6,892.5,104.5
84,8839,294.633,892.5,104.5
84,8841,294.7,892.5,104.5
84,8842,294.733,892.5,104.5
85,8847,294.9,308.5,240.5
85,8848,294.933,302.5,240.5
85,8849,294.967,296.5,244.5
85,8850,295.0,292.5,246.5
85,8851,295.033,286.5,248.5
85,8852,295.067,284.5,250.5
85,8853,295.1,280.5,252.5
85,8854,295.133,278.5,256.5
85,8855,295.167,278.5,256.5
85,8856,295.2,274.5,258.5
85,8857,295.233,270.5,260.5
85,8858,295.267,270.5,260.5
85,8859,295.3,268.5,262.5
85,8860,295.333,268.5,264.5
85,8861,295.367,268.5,266.5
85,8862,295.4,268.5,266.5
85,8863,295.433,266.5,266.5
85,8865,295.5,266.5,266.5
85,8866,295.533,266.5,266.5
85,8868,295.6,266.5,266.5
85,8871,295.7,266.5,268.5
85,8873,295.767,264.5,270.5
85,8874,295.8,264.5,268.5
85,8875,295.833,264.5,268.5
85,8877,295.9,264.5,270.5
85,8878,295.933,266.5,272.5
85,8879,295.967,268.5,272.5
85,8880,296.0,266.5,270.5
85,8881,296.033,262.5,262.5
85,8882,296.067,256.5,248.5
85,8883,296.1,252.5,238.5
85,8884,296.133,250.5,222.5
85,8885,296.167,246.5,212.5
85,8886,296.2,244.5,206.5
85,8887,296.233,240.5,198.5
85,8888,296.267,236.5,194.5
85,8889,296.3,234.5,194.5
85,8890,296.333,234.5,196.5
85,8891,296.367,234.5,200.5
85,8892,296.4,234.5,208.5
85,8893,296.433,232.5,214.5
85,8894,296.467,230.5,230.5
85,8895,296.5,248.5,244.5
85,8897,296.567,318.5,276.5
85,8898,296.6,350.5,272.5
85,8899,296.633,386.5,262.5
85,8900,296.667,416.5,260.5
85,8901,296.7,450.5,256.5
85,8902,296.733,482.5,256.5
85,8903,296.767,514.5,258.5
85,8904,296.8,554.5,264.5
85,8905,296.833,580.5,270.5
85,8906,296.867,614.5,284.5
85,8907,296.9,646.5,294.5
85,8908,296.933,676.5,308.5
85,8909,296.967,708.5,328.5
85,8910,297.0,738.5,322.5
85,8911,297.033,766.5,314.5
85,8912,297.067,796.5,314.5
85,8913,297.1,820.5,308.5
85,8914,297.133,850.5,310.5
85,8915,297.167,880.5,314.5
85,8917,297.233,822.5,268.5
85,8918,297.267,786.5,246.5
85,8919,297.3,750.5,228.5
85,8920,297.333,720.5,214.5
85,8921,297.367,690.5,204.5
85,8922,297.4,670.5,198.5
85,8923,297.433,632.5,190.5
85,8924,297.467,608.5,188.5
85,8925,297.5,580.5,190.5
85,8926,297.533,558.5,192.5
85,8927,297.567,536.5,196.5
85,8928,297.6,512.5,202.5
85,8929,297.633,494.5,210.5
85,8930,297.667,478.5,220.5
85,8931,297.7,456.5,234.5
85,8932,297.733,442.5,244.5
85,8933,297.767,426.5,232.5
85,8934,297.8,412.5,212.5
85,8935,297.833,396.5,198.5
85,8936,297.867,388.5,186.5
85,8937,297.9,372.5,178.5
85,8938,297.933,364.5,170.5
85,8939,297.967,350.5,166.5
85,8942,298.067,416.5,172.5
85,8943,298.1,450.5,180.5
85,8944,298.133,490.5,194.5
85,8945,298.167,526.5,210.5
85,8946,298.2,564.5,228.5
85,8947,298.233,604.5,250.5
85,8948,298.267,634.5,270.5
85,8949,298.3,674.5,298.5
85,8950,298.333,708.5,326.5
85,8951,298.367,746.5,330.5
85,8952,298.4,784.5,324.5
85,8953,298.433,816.5,322.5
85,8954,298.467,858.5,324.5
85,8955,298.5,892.5,324.5
85,8956,298.533,928.5,332.5
85,8957,298.567,944.5,330.5
85,8958,298.6,908.5,312.5
85,8959,298.633,866.5,290.5
85,8960,298.667,830.5,274.5
85,8961,298.7,798.5,266.5
85,8962,298.733,766.5,260.5
85,8963,298.767,734.5,256.5
85,8964,298.8,706.5,256.5
85,8965,298.833,678.5,258.5
85,8966,298.867,654.5,260.5
85,8967,298.9,626.5,268.5
85,8968,298.933,610.5,274.5
85,8969,298.967,596.5,286.5
85,8970,299.0,596.5,294.5
85,8971,299.033,604.5,304.5
85,8972,299.067,608.5,296.5
85,8973,299.1,614.5,292.5
85,8974,299.133,618.5,290.5
85,8975,299.167,624.5,290.5
85,8976,299.2,630.5,294.5
85,8977,299.233,634.5,300.5
85,8978,299.267,638.5,306.5
85,8979,299.3,642.5,318.5
85,8980,299.333,650.5,314.5
85,8981,299.367,654.5,308.5
85,8982,299.4,660.5,308.5
85,8983,299.433,666.5,308.5
85,8984,299.467,672.5,310.5
85,8985,299.5,676.5,316.5
85,8986,299.533,680.5,322.5
85,8987,299.567,686.5,330.5
85,8988,299.6,692.5,326.5
85,8989,299.633,698.5,324.5
85,8990,299.667,704.5,322.5
85,8991,299.7,708.5,322.5
85,8992,299.733,714.5,326.5
85,8993,299.767,718.5,330.5
85,8994,299.8,722.5,340.5
85,8995,299.833,730.5,342.5
85,8996,299.867,736.5,336.5
85,8997,299.9,742.5,334.5
85,8998,299.933,746.5,334.5
85,8999,299.967,754.5,338.5
85,9000,300.0,758.5,344.5
85,9001,300.033,762.5,352.5
85,9002,300.067,770.5,348.5
85,9003,300.1,776.5,344.5
85,9004,300.133,780.5,342.5
85,9005,300.167,786.5,346.5
85,9006,300.2,792.5,352.5
85,9007,300.233,796.5,360.5
85,9008,300.267,802.5,358.5
85,9009,300.3,810.5,356.5
85,9010,300.333,816.5,354.5
85,9011,300.367,822.5,356.5
85,9012,300.4,826.5,360.5
85,9013,300.433,832.5,368.5
85,9014,300.467,838.5,364.5
85,9015,300.5,842.5,360.5
85,9016,300.533,850.5,360.5
85,9017,300.567,854.5,364.5
85,9018,300.6,858.5,370.5
85,9019,300.633,866.5,372.5
85,9020,300.667,870.5,368.5
85,9021,300.7,878.5,368.5
85,9022,300.733,882.5,370.5
85,9023,300.767,886.5,374.5
86,9045,301.5,916.5,402.5
86,9046,301.533,964.5,350.5
86,9048,301.6,852.5,306.5
86,9049,301.633,822.5,262.5
86,9050,301.667,800.5,236.5
86,9051,301.7,776.5,210.5
86,9052,301.733,754.5,190.5
86,9053,301.767,730.5,170.5
86,9054,301.8,706.5,156.5
86,9055,301.833,686.5,146.5
86,9056,301.867,666.5,140.5
86,9057,301.9,642.5,138.5
86,9058,301.933,622.5,138.5
86,9059,301.967,602.5,142.5
86,9060,302.0,584.5,150.5
86,9061,302.033,568.5,160.5
86,9062,302.067,552.5,172.5
86,9063,302.1,538.5,186.5
86,9064,302.133,522.5,204.5
86,9065,302.167,510.5,222.5
86,9066,302.2,498.5,242.5
86,9067,302.233,488.5,262.5
86,9068,302.267,476.5,282.5
86,9069,302.3,466.5,304.5
86,9070,302.333,454.5,276.5
86,9071,302.367,442.5,252.5
86,9072,302.4,434.5,234.5
86,9073,302.433,422.5,212.5
86,9074,302.467,412.5,198.5
86,9075,302.5,402.5,184.5
86,9076,302.533,394.5,174.5
86,9077,302.567,382.5,164.5
86,9078,302.6,376.5,160.5
86,9079,302.633,368.5,160.5
86,9080,302.667,360.5,160.5
86,9081,302.7,352.5,164.5
86,9082,302.733,348.5,168.5
86,9083,302.767,340.5,176.5
86,9084,302.8,336.5,186.5
86,9085,302.833,326.5,198.5
86,9086,302.867,322.5,190.5
86,9088,302.933,312.5,188.5
86,9089,302.967,308.5,194.5
86,9090,303.0,308.5,196.5
86,9093,303.1,318.5,218.5
87,9106,303.533,276.5,264.5
87,9107,303.567,276.5,266.5
87,9108,303.6,276.5,270.5
87,9109,303.633,276.5,264.5
87,9110,303.667,272.5,258.5
87,9111,303.7,266.5,240.5
87,9112,303.733,264.5,226.5
87,9113,303.767,260.5,208.5
87,9114,303.8,258.5,192.5
87,9115,303.833,254.5,180.5
87,9116,303.867,254.5,172.5
87,9117,303.9,254.5,164.5
87,9118,303.933,252.5,160.5
87,9119,303.967,250.5,160.5
87,9120,304.0,250.5,160.5
87,9121,304.033,252.5,164.5
87,9122,304.067,252.5,168.5
87,9123,304.1,252.5,176.5
87,9126,304.2,260.5,212.5
87,9127,304.233,282.5,228.5
87,9128,304.267,336.5,268.5
87,9129,304.3,338.5,278.5
87,9130,304.333,356.5,272.5
87,9131,304.367,382.5,262.5
87,9132,304.4,404.5,256.5
87,9133,304.433,430.5,254.5
87,9134,304.467,454.5,254.5
87,9135,304.5,480.5,256.5
87,9136,304.533,502.5,260.5
87,9137,304.567,532.5,270.5
87,9138,304.6,554.5,278.5
87,9139,304.633,584.5,296.5
87,9140,304.667,610.5,314.5
87,9141,304.7,634.5,330.5
87,9142,304.733,664.5,354.5
87,9143,304.767,686.5,384.5
87,9144,304.8,714.5,378.5
87,9145,304.833,738.5,368.5
87,9146,304.867,756.5,360.5
87,9147,304.9,780.5,356.5
87,9148,304.933,806.5,354.5
87,9149,304.967,822.5,352.5
87,9151,305.033,754.5,304.5
87,9152,305.067,718.5,284.5
87,9153,305.1,688.5,270.5
87,9154,305.133,654.5,258.5
87,9155,305.167,626.5,248.5
87,9156,305.2,594.5,242.5
87,9157,305.233,570.5,240.5
87,9158,305.267,546.5,240.5
87,9159,305.3,524.5,244.5
87,9160,305.333,506.5,246.5
87,9161,305.367,488.5,252.5
87,9162,305.4,468.5,262.5
87,9163,305.433,454.5,274.5
87,9164,305.467,438.5,284.5
87,9165,305.5,426.5,266.5
87,9166,305.533,412.5,244.5
87,9167,305.567,398.5,230.5
87,9168,305.6,386.5,216.5
87,9169,305.633,374.5,204.5
87,9170,305.667,366.5,198.5
87,9171,305.7,356.5,194.5
87,9172,305.733,386.5,196.5
87,9173,305.767,434.5,196.5
87,9174,305.8,476.5,204.5
87,9175,305.833,526.5,214.5
87,9176,305.867,570.5,226.5
87,9177,305.9,618.5,240.5
87,9178,305.933,670.5,258.5
87,9179,305.967,706.5,272.5
87,9180,306.0,750.5,292.5
87,9181,306.033,808.5,324.5
87,9182,306.067,834.5,332.5
87,9183,306.1,894.5,322.5
87,9184,306.133,932.5,314.5
87,9185,306.167,978.5,308.5
87,9186,306.2,1020.5,308.5
87,9187,306.233,1060.5,310.5
87,9188,306.267,1050.5,284.5
87,9189,306.3,1018.5,258.5
87,9190,306.333,962.5,218.5
87,9191,306.367,924.5,194.5
87,9192,306.4,872.5,164.5
87,9193,306.433,830.5,144.5
87,9194,306.467,796.5,134.5
87,9195,306.5,758.5,124.5
87,9196,306.533,718.5,116.5
87,9197,306.567,682.5,114.5
87,9198,306.6,650.5,112.5
87,9199,306.633,620.5,114.5
87,9200,306.667,590.5,120.5
87,9201,306.7,560.5,126.5
87,9202,306.733,528.5,138.5
87,9203,306.767,510.5,150.5
87,9204,306.8,482.5,164.5
87,9205,306.833,460.5,180.5
87,9206,306.867,438.5,196.5
87,9207,306.9,420.5,212.5
87,9208,306.933,402.5,234.5
87,9209,306.967,386.5,254.5
87,9210,307.0,370.5,238.5
87,9211,307.033,352.5,214.5
87,9212,307.067,338.5,194.5
87,9213,307.1,324.5,178.5
87,9214,307.133,308.5,164.5
87,9215,307.167,292.5,152.5
87,9216,307.2,282.5,144.5
87,9217,307.233,270.5,138.5
87,9218,307.267,258.5,136.5
87,9219,307.3,244.5,134.5
87,9222,307.4,348.5,158.5
87,9223,307.433,396.5,172.5
87,9224,307.467,444.5,186.5
87,9225,307.5,494.5,206.5
87,9226,307.533,546.5,226.5
87,9227,307.567,594.5,246.5
87,9228,307.6,640.5,268.5
87,9229,307.633,692.5,292.5
87,9230,307.667,758.5,326.5
87,9231,307.7,800.5,356.5
87,9232,307.733,846.5,356.5
87,9233,307.767,898.5,354.5
87,9234,307.8,976.5,352.5
87,9235,307.833,1012.5,354.5
87,9236,307.867,1066.5,356.5
87,9237,307.9,1122.5,366.5
87,9238,307.933,1178.5,376.5
87,9239,307.967,1228.5,382.5
87,9241,308.033,1240.5,392.5
87,9242,308.067,1182.5,364.5
87,9243,308.1,1120.5,340.5
87,9244,308.133,1060.5,324.5
87,9245,308.167,1010.5,318.5
87,9246,308.2,946.5,308.5
87,9247,308.233,892.5,308.5
87,9248,308.267,848.5,308.5
87,9249,308.3,800.5,326.5
87,9250,308.333,762.5,322.5
87,9251,308.367,718.5,330.5
87,9252,308.4,674.5,346.5
87,9253,308.433,640.5,366.5
87,9254,308.467,602.5,368.5
87,9255,308.5,576.5,342.5
87,9256,308.533,550.5,320.5
87,9257,308.567,530.5,310.5
87,9258,308.6,502.5,292.5
87,9259,308.633,478.5,282.5
87,9260,308.667,452.5,274.5
87,9261,308.7,428.5,270.5
87,9262,308.733,402.5,268.5
87,9263,308.767,384.5,268.5
87,9264,308.8,364.5,274.5
87,9265,308.833,346.5,280.5
87,9266,308.867,326.5,290.5
87,9267,308.9,314.5,298.5
87,9268,308.933,298.5,316.5
87,9269,308.967,286.5,330.5
87,9270,309.0,272.5,348.5
87,9271,309.033,262.5,368.5
87,9272,309.067,252.5,386.5
87,9273,309.1,244.5,408.5
87,9274,309.133,234.5,432.5
87,9275,309.167,230.5,456.5
87,9276,309.2,214.5,456.5
87,9277,309.233,198.5,440.5
87,9278,309.267,182.5,426.5
87,9279,309.3,166.5,412.5
87,9280,309.333,148.5,400.5
87,9281,309.367,132.5,394.5
87,9282,309.4,118.5,388.5
87,9283,309.433,106.5,384.5
87,9287,309.567,68.5,350.5
87,9291,309.7,42.5,248.5
87,9292,309.733,34.5,232.5
87,9293,309.767,32.5,218.5
87,9294,309.8,28.5,206.5
87,9295,309.833,26.5,196.5
87,9296,309.867,24.5,188.5
87,9297,309.9,24.5,184.5
87,9298,309.933,22.5,180.5
87,9299,309.967,24.5,184.5
87,9300,310.0,24.5,186.5
87,9301,310.033,24.5,190.5
87,9302,310.067,34.5,180.5
87,9303,310.1,42.5,164.5
87,9304,310.133,58.5,144.5
87,9305,310.167,76.5,120.5
87,9306,310.2,78.5,122.5
87,9307,310.233,88.5,108.5
87,9308,310.267,102.5,98.5
87,9309,310.3,122.5,88.5
87,9310,310.333,136.5,84.5
87,9311,310.367,150.5,78.5
87,9312,310.4,174.5,76.5
87,9313,310.433,192.5,78.5
87,9314,310.467,204.5,84.5
87,9317,310.567,258.5,114.5
87,9318,310.6,274.5,128.5
87,9319,310.633,288.5,132.5
87,9320,310.667,296.5,122.5
87,9321,310.7,306.5,112.5
87,9322,310.733,262.5,182.5
88,9327,310.9,352.5,88.5
88,9329,310.967,362.5,108.5
88,9330,311.0,362.5,114.5
88,9331,311.033,368.5,130.5
88,9332,311.067,374.5,146.5
88,9333,311.1,378.5,158.5
88,9334,311.133,386.5,168.5
88,9335,311.167,392.5,178.5
88,9336,311.2,396.5,188.5
88,9337,311.233,406.5,194.5
88,9340,311.333,386.5,74.5
89,9395,313.167,538.5,206.5
89,9396,313.2,556.5,202.5
89,9397,313.233,572.5,200.5
89,9398,313.267,590.5,202.5
89,9399,313.3,608.5,208.5
89,9400,313.333,626.5,216.5
89,9401,313.367,642.5,226.5
89,9402,313.4,650.5,236.5
89,9403,313.433,678.5,256.5
89,9404,313.467,696.5,276.5
89,9405,313.5,708.5,292.5
89,9406,313.533,726.5,316.5
89,9407,313.567,740.5,336.5
89,9408,313.6,762.5,324.5
89,9409,313.633,778.5,314.5
89,9410,313.667,800.5,304.5
89,9411,313.7,814.5,298.5
89,9412,313.733,830.5,296.5
89,9413,313.767,852.5,292.5
89,9414,313.8,868.5,294.5
89,9415,313.833,886.5,298.5
89,9417,313.9,922.5,322.5
89,9418,313.933,938.5,332.5
89,9419,313.967,954.5,350.5
89,9420,314.0,968.5,370.5
89,9421,314.033,978.5,358.5
89,9422,314.067,980.5,334.5
89,9423,314.1,984.5,312.5
89,9424,314.133,984.5,290.5
89,9425,314.167,988.5,274.5
89,9426,314.2,994.5,262.5
89,9427,314.233,994.5,254.5
89,9428,314.267,994.5,250.5
89,9429,314.3,994.5,244.5
89,9430,314.333,992.5,248.5
89,9431,314.367,992.5,252.5
89,9432,314.4,992.5,260.5
89,9434,314.467,982.5,418.5
89,9435,314.5,972.5,406.5
89,9436,314.533,978.5,330.5
89,9437,314.567,972.5,352.5
89,9438,314.6,964.5,372.5
89,9439,314.633,960.5,372.5
89,9440,314.667,964.5,370.5
89,9441,314.7,966.5,364.5
90,9468,315.6,916.5,286.5
90,9469,315.633,918.5,280.5
90,9470,315.667,922.5,274.5
90,9471,315.7,926.5,274.5
90,9472,315.733,930.5,276.5
90,9473,315.767,932.5,286.5
90,9474,315.8,932.5,296.5
90,9475,315.833,932.5,310.5
90,9476,315.867,932.5,330.5
90,9477,315.9,930.5,348.5
90,9479,315.967,930.5,404.5
90,9480,316.0,928.5,426.5
90,9481,316.033,892.5,442.5
90,9482,316.067,886.5,418.5
90,9484,316.133,730.5,392.5
90,9485,316.167,686.5,388.5
90,9486,316.2,642.5,372.5
90,9487,316.233,604.5,338.5
90,9488,316.267,574.5,316.5
90,9489,316.3,544.5,298.5
90,9490,316.333,516.5,284.5
90,9491,316.367,496.5,272.5
90,9492,316.4,470.5,266.5
90,9493,316.433,452.5,260.5
90,9494,316.467,434.5,260.5
90,9495,316.5,416.5,260.5
90,9496,316.533,398.5,262.5
90,9497,316.567,384.5,266.5
90,9499,316.633,354.5,242.5
90,9500,316.667,338.5,230.5
90,9501,316.7,326.5,222.5
90,9502,316.733,336.5,216.5
90,9503,316.767,364.5,206.5
90,9504,316.8,398.5,200.5
90,9505,316.833,418.5,198.5
90,9506,316.867,450.5,198.5
90,9507,316.9,480.5,202.5
90,9508,316.933,508.5,208.5
90,9509,316.967,542.5,218.5
90,9510,317.0,574.5,228.5
90,9511,317.033,606.5,244.5
90,9512,317.067,638.5,262.5
90,9514,317.133,698.5,296.5
90,9515,317.167,728.5,320.5
90,9516,317.2,758.5,348.5
90,9517,317.233,792.5,382.5
90,9518,317.267,824.5,386.5
90,9519,317.3,852.5,374.5
90,9520,317.333,886.5,370.5
90,9521,317.367,916.5,366.5
90,9522,317.4,958.5,366.5
90,9523,317.433,986.5,370.5
90,9524,317.467,1016.5,376.5
90,9525,317.5,1048.5,386.5
90,9526,317.533,1076.5,386.5
90,9527,317.567,1100.5,374.5
90,9528,317.6,1118.5,370.5
91,9538,317.933,1108.5,384.5
91,9542,318.067,1048.5,418.5
91,9543,318.1,1038.5,436.5
91,9544,318.133,1022.5,450.5
91,9545,318.167,1006.5,468.5
91,9546,318.2,992.5,486.5
91,9547,318.233,980.5,510.5
91,9548,318.267,966.5,532.5
91,9550,318.333,942.5,582.5
91,9551,318.367,934.5,586.5
91,9552,318.4,934.5,566.5
91,9553,318.433,932.5,546.5
91,9554,318.467,930.5,532.5
91,9555,318.5,926.5,520.5
91,9556,318.533,924.5,510.5
91,9557,318.567,918.5,504.5
91,9560,318.667,906.5,596.5
91,9561,318.7,914.5,572.5
91,9562,318.733,920.5,556.5
91,9563,318.767,924.5,538.5
91,9564,318.8,928.5,526.5
91,9565,318.833,932.5,514.5
91,9566,318.867,934.5,506.5
91,9567,318.9,938.5,502.5
91,9568,318.933,940.5,500.5
91,9569,318.967,942.5,500.5
91,9570,319.0,944.5,504.5
91,9571,319.033,944.5,514.5
91,9572,319.067,944.5,522.5
91,9573,319.1,942.5,532.5
91,9574,319.133,946.5,504.5
92,9612,320.4,902.5,308.5
92,9613,320.433,906.5,294.5
92,9614,320.467,910.5,288.5
92,9615,320.5,912.5,280.5
92,9616,320.533,914.5,280.5
92,9617,320.567,916.5,286.5
92,9618,320.6,914.5,294.5
92,9619,320.633,916.5,306.5
92,9620,320.667,914.5,324.5
92,9621,320.7,914.5,338.5
92,9622,320.733,912.5,356.5
92,9623,320.767,908.5,378.5
92,9624,320.8,900.5,402.5
92,9626,320.867,868.5,454.5
92,9627,320.9,818.5,438.5
92,9628,320.933,772.5,436.5
92,9629,320.967,738.5,404.5
92,9630,321.0,706.5,370.5
92,9631,321.033,676.5,336.5
92,9632,321.067,650.5,310.5
92,9633,321.1,626.5,290.5
92,9634,321.133,604.5,278.5
92,9635,321.167,578.5,266.5
92,9636,321.2,558.5,258.5
92,9637,321.233,540.5,256.5
92,9638,321.267,522.5,252.5
92,9639,321.3,506.5,258.5
92,9640,321.333,492.5,260.5
92,9641,321.367,478.5,264.5
92,9642,321.4,464.5,246.5
92,9643,321.433,454.5,234.5
92,9644,321.467,442.5,220.5
92,9645,321.5,430.5,210.5
92,9646,321.533,420.5,204.5
92,9647,321.567,416.5,198.5
92,9648,321.6,432.5,190.5
92,9649,321.633,462.5,184.5
92,9650,321.667,484.5,180.5
92,9651,321.7,510.5,180.5
92,9652,321.733,540.5,184.5
92,9653,321.767,566.5,190.5
92,9654,321.8,592.5,198.5
92,9655,321.833,616.5,206.5
92,9656,321.867,640.5,218.5
92,9657,321.9,674.5,240.5
92,9658,321.933,702.5,258.5
92,9659,321.967,730.5,280.5
92,9660,322.0,754.5,304.5
92,9661,322.033,780.5,330.5
92,9662,322.067,810.5,362.5
92,9663,322.1,834.5,358.5
92,9664,322.133,862.5,346.5
92,9665,322.167,886.5,338.5
92,9666,322.2,910.5,332.5
92,9667,322.233,940.5,330.5
92,9668,322.267,966.5,330.5
92,9669,322.3,994.5,332.5
92,9670,322.333,1016.5,336.5
93,9676,322.533,1040.5,330.5
93,9677,322.567,1004.5,302.5
93,9678,322.6,942.5,258.5
93,9679,322.633,892.5,228.5
93,9680,322.667,844.5,204.5
93,9681,322.7,794.5,184.5
93,9682,322.733,762.5,176.5
93,9683,322.767,722.5,168.5
93,9684,322.8,686.5,164.5
93,9685,322.833,652.5,164.5
93,9686,322.867,622.5,166.5
93,9687,322.9,596.5,172.5
93,9688,322.933,572.5,180.5
93,9689,322.967,550.5,190.5
93,9690,323.0,530.5,200.5
93,9691,323.033,510.5,214.5
93,9692,323.067,492.5,232.5
93,9693,323.1,476.5,246.5
93,9694,323.133,460.5,264.5
93,9695,323.167,442.5,244.5
93,9696,323.2,430.5,224.5
93,9697,323.233,416.5,204.5
93,9698,323.267,402.5,186.5
93,9699,323.3,390.5,172.5
93,9700,323.333,374.5,160.5
93,9701,323.367,366.5,152.5
93,9702,323.4,356.5,146.5
93,9703,323.433,342.5,140.5
93,9705,323.5,404.5,172.5
93,9706,323.533,448.5,192.5
93,9707,323.567,502.5,220.5
93,9708,323.6,548.5,246.5
93,9712,323.733,594.5,284.5
93,9714,323.8,588.5,290.5
93,9715,323.833,578.5,274.5
93,9716,323.867,574.5,266.5
93,9717,323.9,570.5,262.5
93,9718,323.933,566.5,262.5
93,9719,323.967,560.5,260.5
93,9720,324.0,556.5,264.5
93,9721,324.033,554.5,270.5
93,9722,324.067,550.5,264.5
93,9723,324.1,546.5,258.5
93,9724,324.133,540.5,250.5
93,9725,324.167,540.5,248.5
93,9726,324.2,536.5,248.5
93,9727,324.233,530.5,248.5
93,9728,324.267,528.5,252.5
93,9729,324.3,530.5,252.5
93,9730,324.333,524.5,252.5
93,9731,324.367,522.5,244.5
93,9732,324.4,518.5,242.5
93,9733,324.433,516.5,238.5
93,9734,324.467,512.5,238.5
93,9735,324.5,508.5,238.5
93,9736,324.533,506.5,242.5
93,9737,324.567,502.5,240.5
93,9738,324.6,500.5,232.5
93,9739,324.633,498.5,228.5
93,9740,324.667,494.5,228.5
93,9741,324.7,492.5,226.5
93,9742,324.733,490.5,230.5
93,9743,324.767,486.5,230.5
93,9744,324.8,482.5,224.5
93,9745,324.833,482.5,220.5
93,9746,324.867,476.5,224.5
93,9747,324.9,464.5,224.5
93,9748,324.933,444.5,222.5
93,9750,325.0,398.5,226.5
93,9751,325.033,370.5,218.5
93,9752,325.067,346.5,210.5
93,9755,325.167,310.5,178.5
94,9778,325.933,268.5,236.5
94,9780,326.0,360.5,200.5
94,9783,326.1,324.5,250.5
94,9786,326.2,262.5,226.5
94,9787,326.233,264.5,228.5
94,9788,326.267,334.5,172.5
95,9815,327.167,396.5,150.5
95,9816,327.2,412.5,168.5
95,9817,327.233,422.5,192.5
95,9818,327.267,432.5,200.5
95,9819,327.3,450.5,220.5
95,9820,327.333,468.5,244.5
95,9821,327.367,488.5,268.5
95,9822,327.4,498.5,252.5
95,9823,327.433,506.5,242.5
95,9824,327.467,518.5,226.5
95,9825,327.5,528.5,216.5
95,9826,327.533,538.5,208.5
95,9827,327.567,550.5,202.5
95,9828,327.6,562.5,200.5
95,9829,327.633,574.5,200.5
95,9830,327.667,584.5,202.5
95,9831,327.7,598.5,208.5
95,9832,327.733,608.5,214.5
95,9833,327.767,620.5,226.5
95,9834,327.8,632.5,240.5
95,9835,327.833,640.5,252.5
95,9836,327.867,650.5,268.5
95,9837,327.9,666.5,292.5
95,9838,327.933,674.5,314.5
95,9839,327.967,684.5,338.5
95,9840,328.0,698.5,330.5
95,9841,328.033,708.5,322.5
95,9842,328.067,718.5,306.5
95,9843,328.1,726.5,298.5
95,9844,328.133,740.5,292.5
95,9845,328.167,752.5,288.5
95,9846,328.2,762.5,288.5
95,9847,328.233,774.5,292.5
95,9848,328.267,786.5,296.5
95,9849,328.3,796.5,304.5
95,9850,328.333,806.5,316.5
95,9851,328.367,814.5,330.5
95,9852,328.4,826.5,348.5
95,9853,328.433,824.5,346.5
95,9855,328.5,850.5,418.5
95,9856,328.533,862.5,406.5
95,9857,328.567,878.5,392.5
95,9858,328.6,890.5,384.5
96,9904,330.133,950.5,298.5
96,9905,330.167,878.5,322.5
96,9906,330.2,852.5,306.5
96,9907,330.233,810.5,278.5
96,9908,330.267,778.5,262.5
96,9909,330.3,744.5,248.5
96,9910,330.333,710.5,236.5
96,9911,330.367,680.5,228.5
96,9912,330.4,648.5,224.5
96,9913,330.433,630.5,224.5
96,9914,330.467,604.5,224.5
96,9915,330.5,584.5,226.5
96,9916,330.533,560.5,232.5
96,9917,330.567,542.5,240.5
96,9918,330.6,524.5,250.5
96,9919,330.633,506.5,236.5
96,9920,330.667,488.5,220.5
96,9921,330.7,474.5,208.5
96,9922,330.733,458.5,198.5
96,9923,330.767,448.5,190.5
96,9924,330.8,438.5,186.5
96,9925,330.833,454.5,178.5
96,9926,330.867,468.5,170.5
96,9927,330.9,488.5,164.5
96,9928,330.933,504.5,162.5
96,9929,330.967,524.5,162.5
96,9930,331.0,544.5,166.5
96,9931,331.033,562.5,172.5
96,9932,331.067,582.5,180.5
96,9933,331.1,602.5,192.5
96,9934,331.133,622.5,208.5
96,9935,331.167,642.5,226.5
96,9939,331.3,722.5,330.5
96,9940,331.333,746.5,364.5
96,9941,331.367,762.5,406.5
96,9942,331.4,786.5,428.5
96,9943,331.433,808.5,414.5
96,9944,331.467,834.5,400.5
96,9945,331.5,850.5,388.5
96,9946,331.533,894.5,336.5
96,9947,331.567,818.5,328.5
96,9949,331.633,764.5,272.5
96,9950,331.667,730.5,246.5
96,9951,331.7,698.5,224.5
96,9952,331.733,672.5,208.5
96,9953,331.767,640.5,194.5
96,9954,331.8,612.5,186.5
96,9955,331.833,592.5,180.5
96,9956,331.867,570.5,180.5
96,9957,331.9,550.5,180.5
96,9958,331.933,532.5,186.5
96,9959,331.967,518.5,192.5
96,9960,332.0,506.5,202.5
96,9961,332.033,492.5,210.5
96,9962,332.067,484.5,224.5
96,9963,332.1,474.5,234.5
96,9964,332.133,468.5,250.5
96,9965,332.167,456.5,254.5
96,9966,332.2,446.5,232.5
96,9967,332.233,438.5,208.5
96,9968,332.267,434.5,192.5
96,9969,332.3,426.5,178.5
96,9970,332.333,418.5,166.5
96,9971,332.367,414.5,156.5
96,9972,332.4,406.5,148.5
96,9973,332.433,404.5,142.5
96,9975,332.5,426.5,160.5
96,9976,332.533,460.5,174.5
96,9977,332.567,492.5,194.5
96,9978,332.6,526.5,216.5
96,9979,332.633,560.5,242.5
96,9980,332.667,610.5,278.5
96,9982,332.733,662.5,328.5
96,9983,332.767,714.5,390.5
96,9984,332.8,750.5,390.5
96,9985,332.833,794.5,388.5
96,9986,332.867,844.5,396.5
96,9988,332.933,932.5,418.5
96,9989,332.967,994.5,436.5
96,9990,333.0,1042.5,454.5
96,9992,333.067,994.5,408.5
96,9994,333.133,878.5,338.5
96,9996,333.2,766.5,290.5
96,9997,333.233,730.5,276.5
96,9998,333.267,688.5,268.5
96,9999,333.3,652.5,262.5
96,10000,333.333,626.5,262.5
96,10001,333.367,594.5,262.5
96,10002,333.4,574.5,266.5
96,10003,333.433,552.5,274.5
96,10004,333.467,532.5,282.5
96,10005,333.5,516.5,296.5
96,10006,333.533,498.5,284.5
96,10007,333.567,486.5,264.5
96,10008,333.6,474.5,240.5
96,10009,333.633,460.5,224.5
96,10010,333.667,450.5,210.5
96,10011,333.7,438.5,198.5
96,10012,333.733,430.5,190.5
96,10013,333.767,422.5,186.5
96,10014,333.8,412.5,182.5
96,10015,333.833,406.5,184.5
96,10016,333.867,414.5,180.5
96,10017,333.9,432.5,174.5
96,10018,333.933,450.5,170.5
96,10019,333.967,468.5,170.5
96,10020,334.0,490.5,170.5
96,10021,334.033,514.5,174.5
96,10022,334.067,534.5,180.5
96,10023,334.1,558.5,188.5
96,10024,334.133,582.5,200.5
96,10025,334.167,606.5,214.5
96,10026,334.2,632.5,232.5
96,10027,334.233,646.5,244.5
96,10028,334.267,678.5,276.5
96,10029,334.3,698.5,294.5
96,10030,334.333,720.5,320.5
96,10031,334.367,740.5,342.5
96,10032,334.4,756.5,328.5
96,10033,334.433,780.5,312.5
96,10034,334.467,802.5,300.5
96,10035,334.5,818.5,294.5
96,10036,334.533,838.5,286.5
96,10037,334.567,860.5,282.5
96,10038,334.6,878.5,280.5
96,10040,334.667,916.5,290.5
96,10041,334.7,932.5,298.5
96,10042,334.733,946.5,308.5
96,10043,334.767,964.5,326.5
96,10044,334.8,978.5,342.5
96,10045,334.833,954.5,328.5
96,10046,334.867,922.5,310.5
96,10047,334.9,856.5,270.5
96,10048,334.933,804.5,244.5
96,10049,334.967,760.5,226.5
96,10050,335.0,716.5,210.5
96,10051,335.033,674.5,198.5
96,10052,335.067,634.5,190.5
96,10053,335.1,594.5,186.5
96,10054,335.133,560.5,186.5
96,10055,335.167,526.5,186.5
96,10056,335.2,492.5,190.5
96,10057,335.233,464.5,196.5
96,10058,335.267,436.5,206.5
96,10059,335.3,414.5,216.5
96,10060,335.333,390.5,228.5
96,10061,335.367,370.5,242.5
96,10062,335.4,344.5,264.5
96,10063,335.433,330.5,264.5
96,10064,335.467,306.5,238.5
96,10065,335.5,290.5,220.5
96,10066,335.533,272.5,206.5
96,10067,335.567,262.5,192.5
96,10068,335.6,242.5,184.5
96,10069,335.633,222.5,172.5
96,10070,335.667,212.5,168.5
96,10071,335.7,200.5,166.5
96,10072,335.733,204.5,154.5
96,10074,335.8,342.5,170.5
96,10075,335.833,298.5,150.5
96,10076,335.867,338.5,150.5
96,10077,335.9,380.5,150.5
96,10078,335.933,416.5,154.5
96,10079,335.967,458.5,164.5
96,10080,336.0,494.5,174.5
96,10081,336.033,538.5,190.5
96,10082,336.067,574.5,206.5
96,10083,336.1,618.5,228.5
96,10084,336.133,648.5,244.5
96,10085,336.167,688.5,272.5
96,10086,336.2,730.5,302.5
96,10087,336.233,756.5,322.5
96,10088,336.267,814.5,310.5
96,10089,336.3,842.5,300.5
96,10090,336.333,890.5,286.5
96,10091,336.367,940.5,276.5
96,10092,336.4,972.5,274.5
96,10093,336.433,1026.5,270.5
96,10094,336.467,1066.5,272.5
96,10095,336.5,1108.5,276.5
96,10097,336.567,1188.5,292.5
96,10098,336.6,1228.5,308.5
96,10099,336.633,1258.5,320.5
96,10101,336.7,1262.5,302.5
96,10102,336.733,1228.5,266.5
96,10103,336.767,1176.5,220.5
96,10104,336.8,1114.5,170.5
97,10109,336.967,872.5,68.5
97,10110,337.0,830.5,56.5
97,10111,337.033,782.5,52.5
97,10112,337.067,738.5,52.5
97,10113,337.1,702.5,56.5
97,10114,337.133,656.5,62.5
97,10115,337.167,620.5,72.5
97,10116,337.2,586.5,84.5
97,10117,337.233,544.5,102.5
97,10118,337.267,514.5,118.5
97,10119,337.3,484.5,138.5
97,10120,337.333,454.5,162.5
97,10121,337.367,430.5,184.5
97,10122,337.4,404.5,210.5
97,10123,337.433,380.5,238.5
97,10124,337.467,360.5,264.5
97,10126,337.533,326.5,318.5
97,10128,337.6,234.5,338.5
97,10129,337.633,200.5,350.5
97,10130,337.667,162.5,366.5
97,10131,337.7,126.5,384.5
97,10132,337.733,92.5,404.5
97,10133,337.767,64.5,424.5
97,10134,337.8,68.5,432.5
97,10135,337.833,72.5,436.5
97,10136,337.867,80.5,436.5
97,10137,337.9,88.5,438.5
97,10138,337.933,96.5,444.5
97,10139,337.967,104.5,448.5
97,10140,338.0,114.5,450.5
97,10141,338.033,122.5,454.5
97,10142,338.067,130.5,460.5
97,10143,338.1,140.5,466.5
97,10144,338.133,150.5,478.5
97,10145,338.167,160.5,490.5
97,10146,338.2,172.5,504.5
97,10147,338.233,182.5,522.5
98,10153,338.433,220.5,544.5
98,10154,338.467,226.5,540.5
98,10155,338.5,230.5,538.5
98,10156,338.533,236.5,542.5
98,10157,338.567,240.5,544.5
98,10158,338.6,246.5,550.5
98,10159,338.633,252.5,558.5
99,10246,341.533,636.5,630.5
99,10248,341.6,626.5,622.5
99,10249,341.633,620.5,618.5
99,10250,341.667,616.5,616.5
99,10251,341.7,612.5,608.5
99,10252,341.733,610.5,608.5
99,10255,341.833,604.5,592.5
100,10411,347.033,596.5,196.5
100,10412,347.067,580.5,198.5
100,10413,347.1,568.5,202.5
100,10414,347.133,554.5,210.5
100,10415,347.167,544.5,216.5
100,10416,347.2,532.5,228.5
100,10417,347.233,522.5,242.5
100,10418,347.267,514.5,252.5
100,10419,347.3,502.5,272.5
100,10420,347.333,498.5,286.5
100,10421,347.367,488.5,270.5
100,10422,347.4,482.5,246.5
100,10423,347.433,474.5,228.5
100,10424,347.467,470.5,208.5
100,10425,347.5,464.5,194.5
100,10426,347.533,460.5,184.5
100,10427,347.567,454.5,176.5
100,10428,347.6,450.5,168.5
100,10429,347.633,446.5,166.5
100,10430,347.667,440.5,164.5
100,10431,347.7,434.5,166.5
100,10432,347.733,434.5,170.5
100,10433,347.767,430.5,176.5
100,10434,347.8,426.5,184.5
100,10435,347.833,426.5,188.5
100,10436,347.867,422.5,182.5
100,10437,347.9,414.5,180.5
100,10438,347.933,414.5,176.5
100,10439,347.967,410.5,176.5
100,10440,348.0,402.5,178.5
100,10441,348.033,398.5,182.5
100,10442,348.067,394.5,186.5
100,10443,348.1,388.5,194.5
100,10444,348.133,382.5,200.5
100,10445,348.167,376.5,208.5
101,10451,348.367,334.5,230.5
101,10452,348.4,324.5,232.5
101,10453,348.433,316.5,232.5
101,10454,348.467,310.5,238.5
101,10455,348.5,300.5,242.5
101,10456,348.533,292.5,244.5
101,10457,348.567,286.5,246.5
101,10458,348.6,282.5,252.5
101,10459,348.633,276.5,252.5
101,10460,348.667,274.5,254.5
101,10461,348.7,274.5,254.5
101,10462,348.733,270.5,256.5
101,10463,348.767,268.5,256.5
101,10464,348.8,266.5,258.5
101,10465,348.833,268.5,260.5
101,10466,348.867,268.5,260.5
101,10467,348.9,270.5,262.5
101,10468,348.933,270.5,268.5
101,10469,348.967,272.5,270.5
101,10470,349.0,272.5,274.5
101,10471,349.033,272.5,272.5
101,10472,349.067,270.5,270.5
101,10473,349.1,266.5,262.5
101,10474,349.133,262.5,250.5
101,10475,349.167,252.5,236.5
101,10476,349.2,248.5,224.5
101,10477,349.233,244.5,212.5
101,10478,349.267,242.5,200.5
101,10479,349.3,238.5,192.5
101,10480,349.333,236.5,188.5
101,10481,349.367,230.5,186.5
101,10482,349.4,230.5,188.5
101,10483,349.433,226.5,192.5
101,10484,349.467,226.5,194.5
101,10485,349.5,228.5,202.5
101,10486,349.533,226.5,212.5
101,10487,349.567,226.5,226.5
101,10488,349.6,234.5,242.5
101,10490,349.667,266.5,234.5
101,10491,349.7,336.5,278.5
101,10492,349.733,372.5,264.5
101,10493,349.767,394.5,258.5
101,10494,349.8,430.5,252.5
101,10495,349.833,458.5,248.5
101,10496,349.867,490.5,248.5
101,10497,349.9,518.5,252.5
101,10498,349.933,552.5,256.5
101,10499,349.967,572.5,260.5
101,10500,350.0,614.5,276.5
101,10501,350.033,640.5,290.5
101,10502,350.067,668.5,302.5
101,10503,350.1,698.5,324.5
101,10504,350.133,722.5,332.5
101,10505,350.167,744.5,320.5
101,10506,350.2,766.5,308.5
101,10507,350.233,798.5,306.5
101,10508,350.267,818.5,302.5
101,10509,350.3,838.5,304.5
101,10510,350.333,866.5,306.5
101,10511,350.367,882.5,308.5
101,10512,350.4,906.5,316.5
101,10513,350.433,868.5,288.5
101,10514,350.467,832.5,266.5
101,10515,350.5,794.5,246.5
101,10516,350.533,764.5,232.5
101,10517,350.567,728.5,218.5
101,10518,350.6,696.5,210.5
101,10519,350.633,670.5,202.5
101,10520,350.667,636.5,196.5
101,10521,350.7,604.5,196.5
101,10522,350.733,574.5,196.5
101,10523,350.767,552.5,200.5
101,10524,350.8,526.5,204.5
101,10525,350.833,500.5,212.5
101,10526,350.867,478.5,222.5
101,10527,350.9,460.5,232.5
101,10528,350.933,438.5,244.5
101,10529,350.967,424.5,256.5
101,10530,351.0,402.5,260.5
101,10531,351.033,386.5,240.5
101,10532,351.067,372.5,224.5
101,10533,351.1,356.5,210.5
101,10534,351.133,342.5,198.5
101,10535,351.167,328.5,190.5
101,10536,351.2,316.5,184.5
101,10538,351.267,384.5,190.5
101,10539,351.3,432.5,196.5
101,10540,351.333,474.5,206.5
101,10541,351.367,526.5,220.5
101,10542,351.4,570.5,232.5
101,10543,351.433,618.5,248.5
101,10544,351.467,654.5,260.5
101,10545,351.5,704.5,284.5
101,10547,351.567,800.5,324.5
101,10548,351.6,862.5,318.5
101,10549,351.633,892.5,318.5
101,10550,351.667,940.5,314.5
101,10551,351.7,996.5,318.5
101,10552,351.733,1036.5,322.5
101,10553,351.767,1082.5,326.5
101,10554,351.8,1132.5,340.5
101,10555,351.833,1172.5,352.5
101,10556,351.867,1214.5,366.5
101,10558,351.933,1186.5,332.5
101,10559,351.967,1122.5,292.5
101,10560,352.0,1060.5,258.5
101,10561,352.033,1034.5,244.5
101,10562,352.067,958.5,214.5
101,10563,352.1,908.5,196.5
101,10564,352.133,854.5,182.5
101,10565,352.167,796.5,174.5
101,10566,352.2,768.5,174.5
101,10567,352.233,728.5,172.5
101,10568,352.267,688.5,176.5
101,10569,352.3,652.5,180.5
101,10570,352.333,620.5,188.5
101,10571,352.367,588.5,198.5
101,10572,352.4,562.5,208.5
101,10573,352.433,540.5,220.5
101,10574,352.467,518.5,236.5
101,10575,352.5,494.5,250.5
101,10576,352.533,476.5,242.5
101,10577,352.567,458.5,220.5
101,10578,352.6,440.5,198.5
101,10579,352.633,420.5,182.5
101,10580,352.667,412.5,170.5
101,10581,352.7,394.5,158.5
101,10582,352.733,380.5,152.5
101,10583,352.767,370.5,148.5
101,10586,352.867,434.5,138.5
101,10587,352.9,462.5,138.5
101,10588,352.933,494.5,144.5
101,10589,352.967,526.5,154.5
101,10590,353.0,558.5,166.5
101,10591,353.033,588.5,180.5
101,10592,353.067,618.5,198.5
101,10593,353.1,648.5,218.5
101,10594,353.133,682.5,246.5
101,10595,353.167,714.5,276.5
101,10596,353.2,750.5,316.5
101,10597,353.233,778.5,346.5
101,10598,353.267,800.5,380.5
101,10599,353.3,842.5,438.5
101,10600,353.333,868.5,426.5
101,10601,353.367,898.5,416.5
101,10602,353.4,930.5,410.5
101,10603,353.433,960.5,404.5
101,10604,353.467,996.5,404.5
101,10605,353.5,994.5,402.5
101,10606,353.533,1026.5,404.5
101,10607,353.567,1058.5,408.5
101,10609,353.633,932.5,280.5
101,10610,353.667,882.5,240.5
101,10611,353.7,832.5,204.5
101,10612,353.733,782.5,172.5
101,10613,353.767,746.5,150.5
101,10614,353.8,712.5,132.5
101,10615,353.833,678.5,120.5
101,10616,353.867,646.5,112.5
101,10617,353.9,622.5,108.5
101,10618,353.933,598.5,108.5
101,10619,353.967,576.5,110.5
101,10620,354.0,560.5,116.5
101,10621,354.033,544.5,122.5
101,10622,354.067,528.5,130.5
101,10623,354.1,516.5,140.5
101,10624,354.133,504.5,152.5
101,10625,354.167,494.5,166.5
101,10626,354.2,484.5,180.5
101,10627,354.233,476.5,196.5
101,10628,354.267,468.5,214.5
101,10629,354.3,462.5,230.5
101,10630,354.333,452.5,222.5
101,10631,354.367,448.5,198.5
101,10632,354.4,442.5,178.5
101,10633,354.433,436.5,160.5
101,10634,354.467,428.5,144.5
101,10635,354.5,426.5,132.5
101,10636,354.533,418.5,120.5
101,10637,354.567,416.5,114.5
101,10638,354.6,412.5,106.5
101,10639,354.633,406.5,104.5
101,10640,354.667,406.5,104.5
101,10641,354.7,402.5,102.5
101,10642,354.733,396.5,106.5
101,10644,354.8,426.5,128.5
101,10645,354.833,456.5,136.5
101,10646,354.867,482.5,150.5
101,10647,354.9,512.5,170.5
101,10648,354.933,546.5,192.5
101,10649,354.967,578.5,214.5
101,10650,355.0,616.5,244.5
101,10651,355.033,642.5,266.5
101,10652,355.067,682.5,302.5
101,10654,355.133,756.5,368.5
101,10655,355.167,814.5,408.5
101,10656,355.2,852.5,412.5
101,10657,355.233,928.5,422.5
101,10658,355.267,970.5,428.5
101,10659,355.3,1026.5,442.5
101,10660,355.333,1076.5,458.5
102,10665,355.5,708.5,252.5
102,10666,355.533,658.5,230.5
102,10667,355.567,604.5,220.5
102,10668,355.6,554.5,208.5
102,10669,355.633,510.5,204.5
102,10670,355.667,470.5,202.5
102,10671,355.7,432.5,204.5
102,10672,355.733,398.5,210.5
102,10673,355.767,368.5,218.5
102,10674,355.8,344.5,226.5
102,10675,355.833,314.5,242.5
102,10676,355.867,292.5,254.5
102,10677,355.9,268.5,270.5
102,10678,355.933,252.5,288.5
102,10679,355.967,238.5,304.5
102,10682,356.067,198.5,366.5
102,10683,356.1,186.5,388.5
102,10684,356.133,178.5,408.5
102,10685,356.167,168.5,418.5
102,10686,356.2,154.5,396.5
102,10687,356.233,144.5,380.5
102,10688,356.267,134.5,366.5
102,10689,356.3,124.5,354.5
102,10690,356.333,116.5,344.5
102,10691,356.367,106.5,334.5
102,10692,356.4,100.5,332.5
102,10693,356.433,92.5,330.5
102,10694,356.467,84.5,324.5
102,10695,356.5,80.5,326.5
102,10697,356.567,68.5,300.5
102,10699,356.633,58.5,270.5
102,10700,356.667,52.5,258.5
102,10701,356.7,48.5,248.5
102,10702,356.733,42.5,242.5
102,10703,356.767,40.5,238.5
102,10704,356.8,38.5,234.5
102,10705,356.833,36.5,234.5
102,10706,356.867,34.5,238.5
102,10707,356.9,34.5,242.5
102,10708,356.933,34.5,248.5
102,10709,356.967,34.5,258.5
102,10710,357.0,36.5,272.5
102,10711,357.033,38.5,284.5
102,10712,357.067,38.5,258.5
102,10713,357.1,40.5,216.5
102,10714,357.133,38.5,168.5
102,10715,357.167,42.5,130.5
102,10716,357.2,128.5,122.5
102,10717,357.233,132.5,110.5
102,10718,357.267,138.5,96.5
102,10719,357.3,142.5,88.5
102,10720,357.333,146.5,78.5
103,10731,357.7,210.5,32.5
103,10735,357.833,274.5,14.5
103,10737,357.9,312.5,80.5
103,10738,357.933,324.5,112.5
103,10739,357.967,338.5,142.5
103,10741,358.033,370.5,218.5
103,10742,358.067,380.5,252.5
103,10743,358.1,394.5,284.5
103,10746,358.2,420.5,276.5
103,10747,358.233,420.5,246.5
103,10748,358.267,424.5,216.5
103,10749,358.3,428.5,192.5
103,10750,358.333,432.5,168.5
103,10751,358.367,438.5,146.5
103,10752,358.4,442.5,128.5
103,10753,358.433,450.5,114.5
103,10754,358.467,456.5,102.5
103,10755,358.5,464.5,94.5
103,10756,358.533,470.5,90.5
103,10757,358.567,478.5,88.5
103,10758,358.6,486.5,92.5
103,10759,358.633,492.5,98.5
103,10760,358.667,498.5,106.5
103,10761,358.7,506.5,116.5
103,10762,358.733,514.5,132.5
103,10763,358.767,522.5,148.5
103,10764,358.8,528.5,168.5
103,10765,358.833,536.5,190.5
103,10766,358.867,542.5,214.5
103,10767,358.9,548.5,238.5
103,10768,358.933,554.5,264.5
103,10769,358.967,562.5,300.5
103,10770,359.0,566.5,322.5
103,10771,359.033,564.5,354.5
103,10772,359.067,578.5,330.5
103,10773,359.1,582.5,302.5
103,10774,359.133,586.5,280.5
103,10775,359.167,596.5,256.5
103,10776,359.2,602.5,242.5
103,10777,359.233,608.5,226.5
103,10778,359.267,614.5,214.5
103,10779,359.3,622.5,206.5
103,10780,359.333,628.5,200.5
103,10781,359.367,634.5,198.5
103,10782,359.4,642.5,200.5
103,10783,359.433,646.5,202.5
103,10784,359.467,652.5,208.5
103,10785,359.5,660.5,220.5
103,10786,359.533,666.5,232.5
103,10787,359.567,672.5,244.5
103,10788,359.6,676.5,264.5
103,10789,359.633,682.5,282.5
103,10790,359.667,682.5,300.5
103,10791,359.7,688.5,326.5
103,10792,359.733,690.5,350.5
103,10793,359.767,698.5,364.5
103,10794,359.8,704.5,340.5
103,10795,359.833,710.5,318.5
103,10796,359.867,714.5,300.5
103,10797,359.9,722.5,286.5
103,10798,359.933,728.5,276.5
103,10799,359.967,734.5,266.5
103,10800,360.0,740.5,262.5
103,10801,360.033,748.5,260.5
103,10802,360.067,754.5,260.5
103,10803,360.1,758.5,264.5
103,10804,360.133,738.5,244.5
103,10805,360.167,718.5,224.5
103,10806,360.2,690.5,196.5
103,10807,360.233,670.5,180.5
103,10808,360.267,642.5,162.5
103,10809,360.3,618.5,150.5
103,10810,360.333,598.5,144.5
103,10811,360.367,574.5,138.5
103,10812,360.4,556.5,138.5
103,10813,360.433,536.5,140.5
103,10814,360.467,520.5,144.5
103,10815,360.5,500.5,152.5
103,10816,360.533,486.5,162.5
103,10817,360.567,470.5,174.5
103,10818,360.6,454.5,188.5
103,10819,360.633,444.5,202.5
103,10820,360.667,432.5,220.5
103,10821,360.7,422.5,238.5
103,10822,360.733,410.5,258.5
103,10823,360.767,402.5,276.5
103,10824,360.8,388.5,258.5
103,10825,360.833,380.5,230.5
103,10826,360.867,372.5,218.5
103,10827,360.9,362.5,198.5
103,10828,360.933,352.5,182.5
103,10829,360.967,344.5,170.5
103,10830,361.0,336.5,162.5
103,10831,361.033,328.5,154.5
103,10832,361.067,322.5,150.5
103,10833,361.1,314.5,148.5
103,10834,361.133,308.5,148.5
103,10835,361.167,302.5,152.5
103,10836,361.2,298.5,158.5
103,10837,361.233,292.5,164.5
103,10838,361.267,290.5,174.5
103,10839,361.3,286.5,186.5
103,10840,361.333,282.5,198.5
103,10841,361.367,282.5,214.5
103,10842,361.4,278.5,232.5
103,10843,361.433,274.5,250.5
104,10849,361.633,274.5,366.5
104,10850,361.667,268.5,346.5
104,10851,361.7,262.5,330.5
104,10852,361.733,260.5,320.5
104,10853,361.767,252.5,308.5
104,10855,361.833,242.5,292.5
104,10859,361.967,284.5,278.5
104,10861,362.033,226.5,298.5
104,10862,362.067,228.5,306.5
104,10863,362.1,234.5,314.5
104,10864,362.133,240.5,328.5
104,10865,362.167,264.5,310.5
104,10866,362.2,250.5,354.5
105,10914,363.8,300.5,250.5
105,10916,363.867,298.5,256.5
105,10920,364.0,284.5,256.5
105,10921,364.033,282.5,258.5
105,10923,364.1,276.5,256.5
105,10924,364.133,276.5,256.5
105,10925,364.167,276.5,256.5
105,10926,364.2,274.5,256.5
105,10927,364.233,276.5,256.5
105,10928,364.267,276.5,256.5
105,10929,364.3,276.5,256.5
105,10930,364.333,276.5,256.5
105,10931,364.367,276.5,256.5
105,10932,364.4,276.5,258.5
105,10933,364.433,276.5,260.5
105,10934,364.467,278.5,262.5
105,10935,364.5,280.5,264.5
105,10936,364.533,280.5,268.5
105,10937,364.567,278.5,266.5
105,10938,364.6,274.5,258.5
105,10939,364.633,268.5,248.5
105,10940,364.667,264.5,238.5
105,10941,364.7,260.5,224.5
105,10943,364.767,250.5,198.5
105,10944,364.8,246.5,192.5
105,10945,364.833,242.5,188.5
105,10946,364.867,240.5,184.5
105,10947,364.9,236.5,184.5
105,10948,364.933,236.5,188.5
105,10949,364.967,234.5,194.5
105,10950,365.0,234.5,202.5
105,10951,365.033,228.5,210.5
105,10952,365.067,234.5,224.5
105,10953,365.1,248.5,238.5
105,10954,365.133,320.5,252.5
105,10955,365.167,330.5,274.5
105,10956,365.2,354.5,274.5
105,10957,365.233,388.5,266.5
105,10958,365.267,422.5,262.5
105,10959,365.3,446.5,260.5
105,10960,365.333,484.5,260.5
105,10961,365.367,522.5,260.5
105,10962,365.4,552.5,266.5
105,10963,365.433,576.5,272.5
105,10964,365.467,612.5,284.5
105,10965,365.5,644.5,294.5
105,10966,365.533,674.5,308.5
105,10967,365.567,704.5,326.5
105,10968,365.6,734.5,320.5
105,10969,365.633,756.5,312.5
105,10970,365.667,786.5,310.5
105,10971,365.7,814.5,308.5
105,10972,365.733,842.5,310.5
105,10973,365.767,872.5,318.5
105,10974,365.8,854.5,298.5
105,10975,365.833,818.5,272.5
105,10976,365.867,780.5,248.5
105,10977,365.9,746.5,230.5
105,10978,365.933,716.5,216.5
105,10979,365.967,682.5,204.5
105,10980,366.0,648.5,194.5
105,10981,366.033,628.5,190.5
105,10982,366.067,594.5,186.5
105,10985,366.167,528.5,190.5
105,10986,366.2,500.5,196.5
105,10987,366.233,480.5,202.5
105,10988,366.267,464.5,212.5
105,10989,366.3,446.5,226.5
105,10990,366.333,428.5,238.5
105,10991,366.367,416.5,234.5
105,10992,366.4,396.5,210.5
105,10993,366.433,382.5,196.5
105,10994,366.467,368.5,184.5
105,10995,366.5,358.5,176.5
105,10996,366.533,346.5,168.5
105,10997,366.567,334.5,164.5
105,10999,366.633,350.5,164.5
105,11000,366.667,382.5,170.5
105,11001,366.7,412.5,180.5
105,11002,366.733,436.5,188.5
105,11003,366.767,466.5,202.5
105,11004,366.8,500.5,222.5
105,11005,366.833,530.5,242.5
105,11006,366.867,562.5,262.5
105,11007,366.9,594.5,288.5
105,11008,366.933,626.5,320.5
105,11009,366.967,658.5,336.5
105,11010,367.0,690.5,328.5
105,11011,367.033,718.5,326.5
105,11012,367.067,750.5,326.5
105,11013,367.1,786.5,330.5
105,11014,367.133,824.5,338.5
105,11015,367.167,858.5,352.5
105,11016,367.2,892.5,364.5
105,11017,367.233,930.5,394.5
105,11018,367.267,914.5,366.5
105,11019,367.3,886.5,346.5
105,11020,367.333,842.5,312.5
105,11021,367.367,802.5,290.5
105,11022,367.4,764.5,264.5
105,11023,367.433,730.5,248.5
105,11024,367.467,694.5,234.5
105,11025,367.5,672.5,226.5
105,11026,367.533,636.5,218.5
105,11027,367.567,608.5,214.5
105,11028,367.6,584.5,214.5
105,11029,367.633,558.5,218.5
105,11030,367.667,538.5,224.5
105,11031,367.7,522.5,228.5
105,11032,367.733,502.5,240.5
105,11033,367.767,490.5,248.5
105,11034,367.8,472.5,262.5
105,11035,367.833,458.5,276.5
105,11036,367.867,442.5,270.5
105,11037,367.9,446.5,272.5
105,11038,367.933,434.5,252.5
105,11039,367.967,424.5,234.5
105,11040,368.0,412.5,214.5
105,11041,368.033,404.5,202.5
105,11042,368.067,394.5,190.5
105,11043,368.1,386.5,180.5
105,11044,368.133,378.5,176.5
105,11045,368.167,372.5,172.5
105,11046,368.2,366.5,170.5
105,11047,368.233,364.5,174.5
105,11048,368.267,382.5,174.5
105,11049,368.3,404.5,170.5
105,11050,368.333,430.5,172.5
105,11051,368.367,460.5,176.5
105,11052,368.4,484.5,182.5
105,11053,368.433,510.5,190.5
105,11054,368.467,542.5,204.5
105,11055,368.5,570.5,218.5
105,11056,368.533,594.5,232.5
105,11057,368.567,618.5,248.5
105,11058,368.6,642.5,268.5
105,11059,368.633,676.5,294.5
105,11060,368.667,702.5,322.5
105,11061,368.7,726.5,310.5
105,11062,368.733,746.5,302.5
105,11063,368.767,772.5,292.5
105,11064,368.8,792.5,288.5
105,11065,368.833,816.5,280.5
105,11066,368.867,846.5,280.5
105,11067,368.9,864.5,282.5
105,11068,368.933,886.5,286.5
105,11069,368.967,914.5,294.5
105,11070,369.0,940.5,310.5
105,11071,369.033,908.5,284.5
105,11072,369.067,872.5,262.5
105,11073,369.1,832.5,240.5
105,11074,369.133,790.5,220.5
105,11075,369.167,754.5,204.5
105,11076,369.2,718.5,192.5
105,11077,369.233,682.5,182.5
105,11078,369.267,644.5,176.5
105,11079,369.3,612.5,174.5
105,11080,369.333,584.5,174.5
105,11081,369.367,556.5,176.5
105,11082,369.4,526.5,180.5
105,11083,369.433,500.5,188.5
105,11084,369.467,480.5,194.5
105,11085,369.5,460.5,204.5
105,11086,369.533,436.5,218.5
105,11087,369.567,418.5,232.5
105,11088,369.6,400.5,248.5
105,11089,369.633,382.5,254.5
105,11090,369.667,364.5,228.5
105,11091,369.7,350.5,212.5
105,11092,369.733,338.5,198.5
105,11093,369.767,322.5,184.5
105,11094,369.8,310.5,174.5
105,11095,369.833,298.5,168.5
105,11096,369.867,286.5,166.5
105,11098,369.933,336.5,166.5
105,11099,369.967,386.5,170.5
105,11100,370.0,430.5,178.5
105,11101,370.033,482.5,190.5
105,11102,370.067,532.5,206.5
105,11103,370.1,582.5,222.5
105,11104,370.133,628.5,238.5
105,11105,370.167,686.5,262.5
105,11106,370.2,724.5,280.5
105,11107,370.233,764.5,302.5
105,11108,370.267,828.5,336.5
105,11109,370.3,886.5,370.5
105,11110,370.333,958.5,362.5
105,11111,370.367,996.5,366.5
105,11112,370.4,1046.5,364.5
105,11113,370.433,1100.5,362.5
105,11115,370.5,1002.5,278.5
105,11116,370.533,956.5,242.5
105,11117,370.567,908.5,210.5
105,11118,370.6,864.5,186.5
105,11119,370.633,828.5,162.5
105,11120,370.667,790.5,148.5
105,11121,370.7,754.5,136.5
105,11122,370.733,722.5,128.5
105,11123,370.767,686.5,124.5
105,11124,370.8,656.5,122.5
105,11125,370.833,624.5,122.5
105,11126,370.867,596.5,124.5
105,11127,370.9,576.5,130.5
105,11128,370.933,550.5,136.5
105,11129,370.967,526.5,148.5
105,11130,371.0,506.5,156.5
105,11131,371.033,486.5,170.5
105,11132,371.067,466.5,182.5
105,11133,371.1,452.5,194.5
105,11134,371.133,432.5,212.5
105,11135,371.167,418.5,230.5
105,11136,371.2,406.5,242.5
105,11137,371.233,388.5,222.5
105,11138,371.267,376.5,202.5
105,11139,371.3,364.5,184.5
105,11140,371.333,354.5,170.5
105,11141,371.367,340.5,158.5
105,11142,371.4,332.5,148.5
105,11143,371.433,322.5,140.5
105,11144,371.467,314.5,136.5
105,11145,371.5,300.5,134.5
105,11147,371.567,336.5,134.5
105,11148,371.6,292.5,148.5
105,11150,371.667,436.5,154.5
105,11151,371.7,474.5,166.5
105,11152,371.733,508.5,182.5
105,11153,371.767,542.5,198.5
105,11154,371.8,578.5,216.5
105,11155,371.833,612.5,236.5
105,11156,371.867,648.5,260.5
105,11157,371.9,690.5,288.5
105,11158,371.933,730.5,306.5
105,11159,371.967,764.5,344.5
105,11160,372.0,796.5,342.5
105,11161,372.033,828.5,338.5
105,11162,372.067,864.5,330.5
105,11163,372.1,906.5,324.5
105,11164,372.133,942.5,322.5
105,11165,372.167,976.5,324.5
105,11166,372.2,1014.5,324.5
105,11167,372.233,946.5,292.5
105,11168,372.267,894.5,268.5
105,11169,372.3,848.5,254.5
105,11170,372.333,800.5,240.5
105,11171,372.367,756.5,228.5
105,11172,372.4,716.5,222.5
105,11173,372.433,674.5,218.5
105,11174,372.467,636.5,218.5
105,11175,372.5,600.5,220.5
105,11176,372.533,564.5,226.5
105,11177,372.567,532.5,230.5
105,11178,372.6,502.5,242.5
105,11179,372.633,476.5,246.5
105,11180,372.667,448.5,260.5
105,11181,372.7,420.5,276.5
105,11182,372.733,394.5,292.5
105,11183,372.767,376.5,290.5
105,11184,372.8,354.5,270.5
105,11185,372.833,332.5,250.5
105,11186,372.867,306.5,234.5
105,11187,372.9,294.5,224.5
105,11189,372.967,252.5,208.5
105,11190,373.0,238.5,206.5
105,11193,373.1,304.5,188.5
105,11194,373.133,332.5,184.5
105,11195,373.167,366.5,182.5
105,11196,373.2,398.5,186.5
105,11197,373.233,432.5,190.5
105,11198,373.267,464.5,196.5
105,11199,373.3,498.5,210.5
105,11200,373.333,534.5,226.5
105,11201,373.367,568.5,242.5
105,11202,373.4,594.5,256.5
105,11203,373.433,626.5,274.5
105,11204,373.467,668.5,300.5
105,11205,373.5,698.5,326.5
105,11206,373.533,722.5,348.5
105,11207,373.567,754.5,326.5
105,11208,373.6,778.5,314.5
105,11209,373.633,806.5,302.5
105,11210,373.667,828.5,296.5
105,11211,373.7,852.5,290.5
105,11212,373.733,874.5,286.5
105,11213,373.767,826.5,260.5
105,11214,373.8,796.5,244.5
105,11215,373.833,762.5,230.5
105,11216,373.867,724.5,218.5
105,11217,373.9,694.5,210.5
105,11218,373.933,670.5,204.5
105,11219,373.967,636.5,202.5
105,11220,374.0,608.5,204.5
105,11221,374.033,586.5,206.5
105,11222,374.067,568.5,210.5
105,11223,374.1,544.5,218.5
105,11224,374.133,530.5,226.5
105,11225,374.167,512.5,236.5
105,11226,374.2,494.5,248.5
105,11227,374.233,480.5,250.5
105,11228,374.267,466.5,228.5
105,11229,374.3,454.5,208.5
105,11230,374.333,444.5,194.5
105,11231,374.367,434.5,182.5
105,11232,374.4,426.5,172.5
105,11233,374.433,418.5,166.5
105,11234,374.467,408.5,162.5
105,11236,374.533,442.5,162.5
105,11237,374.567,468.5,168.5
105,11238,374.6,498.5,176.5
105,11239,374.633,528.5,186.5
105,11240,374.667,556.5,196.5
105,11241,374.7,586.5,212.5
105,11242,374.733,618.5,230.5
105,11243,374.767,642.5,246.5
105,11244,374.8,680.5,276.5
105,11245,374.833,702.5,290.5
105,11246,374.867,732.5,318.5
105,11247,374.9,768.5,342.5
105,11248,374.933,794.5,336.5
105,11249,374.967,826.5,328.5
105,11250,375.0,860.5,328.5
105,11251,375.033,892.5,326.5
105,11252,375.067,924.5,330.5
105,11253,375.1,950.5,336.5
105,11254,375.133,946.5,322.5
105,11255,375.167,894.5,286.5
105,11256,375.2,852.5,262.5
105,11257,375.233,814.5,244.5
105,11258,375.267,778.5,228.5
105,11259,375.3,738.5,214.5
105,11260,375.333,706.5,206.5
105,11261,375.367,674.5,198.5
105,11262,375.4,642.5,196.5
105,11263,375.433,610.5,196.5
105,11264,375.467,588.5,200.5
105,11265,375.5,562.5,204.5
105,11266,375.533,542.5,210.5
105,11267,375.567,520.5,218.5
105,11268,375.6,500.5,230.5
105,11269,375.633,480.5,242.5
105,11270,375.667,464.5,250.5
105,11271,375.7,450.5,236.5
105,11272,375.733,430.5,214.5
105,11273,375.767,420.5,202.5
105,11274,375.8,406.5,188.5
105,11275,375.833,392.5,180.5
105,11276,375.867,378.5,170.5
105,11278,375.933,402.5,170.5
105,11279,375.967,430.5,172.5
105,11280,376.0,462.5,178.5
105,11281,376.033,492.5,186.5
105,11282,376.067,526.5,198.5
105,11283,376.1,560.5,212.5
105,11284,376.133,592.5,228.5
105,11285,376.167,624.5,246.5
105,11286,376.2,652.5,262.5
105,11287,376.233,696.5,290.5
105,11288,376.267,730.5,320.5
105,11289,376.3,766.5,342.5
105,11290,376.333,802.5,338.5
105,11291,376.367,832.5,330.5
105,11292,376.4,870.5,328.5
105,11293,376.433,904.5,324.5
105,11294,376.467,942.5,326.5
105,11295,376.5,978.5,332.5
105,11297,376.567,922.5,282.5
105,11298,376.6,880.5,256.5
105,11299,376.633,830.5,228.5
105,11300,376.667,792.5,210.5
105,11301,376.7,754.5,196.5
105,11302,376.733,718.5,184.5
105,11303,376.767,682.5,176.5
105,11304,376.8,642.5,170.5
105,11305,376.833,620.5,170.5
105,11306,376.867,586.5,170.5
105,11307,376.9,554.5,174.5
105,11308,376.933,532.5,178.5
105,11309,376.967,502.5,186.5
105,11310,377.0,480.5,194.5
105,11311,377.033,458.5,208.5
105,11312,377.067,436.5,220.5
105,11313,377.1,418.5,234.5
105,11314,377.133,400.5,248.5
105,11315,377.167,382.5,264.5
105,11316,377.2,364.5,246.5
105,11317,377.233,352.5,230.5
105,11318,377.267,334.5,212.5
105,11319,377.3,320.5,196.5
105,11320,377.333,304.5,184.5
105,11321,377.367,292.5,176.5
105,11322,377.4,276.5,170.5
105,11323,377.433,266.5,164.5
105,11324,377.467,254.5,164.5
105,11325,377.5,242.5,164.5
105,11326,377.533,226.5,168.5
105,11327,377.567,218.5,176.5
105,11328,377.6,216.5,180.5
105,11329,377.633,236.5,164.5
105,11332,377.733,350.5,190.5
105,11333,377.767,384.5,196.5
105,11334,377.8,424.5,210.5
105,11335,377.833,462.5,228.5
105,11336,377.867,506.5,248.5
105,11337,377.9,538.5,264.5
105,11338,377.933,578.5,294.5
105,11339,377.967,612.5,320.5
105,11340,378.0,652.5,342.5
105,11341,378.033,690.5,328.5
105,11342,378.067,720.5,322.5
105,11343,378.1,754.5,316.5
105,11344,378.133,790.5,314.5
105,11345,378.167,830.5,320.5
105,11346,378.2,874.5,326.5
105,11347,378.233,906.5,330.5
105,11348,378.267,948.5,346.5
105,11349,378.3,988.5,360.5
105,11350,378.333,1026.5,380.5
105,11351,378.367,1060.5,400.5
105,11352,378.4,1098.5,426.5
105,11353,378.433,1128.5,450.5
105,11354,378.467,1090.5,412.5
105,11355,378.5,1032.5,366.5
105,11356,378.533,984.5,330.5
105,11357,378.567,940.5,296.5
105,11358,378.6,890.5,264.5
105,11359,378.633,850.5,244.5
105,11360,378.667,812.5,226.5
105,11361,378.7,778.5,212.5
105,11362,378.733,740.5,200.5
105,11363,378.767,708.5,194.5
105,11364,378.8,676.5,188.5
105,11365,378.833,644.5,188.5
105,11366,378.867,622.5,188.5
105,11367,378.9,598.5,192.5
105,11368,378.933,574.5,198.5
105,11369,378.967,552.5,204.5
105,11370,379.0,534.5,212.5
105,11371,379.033,514.5,224.5
105,11372,379.067,496.5,238.5
105,11373,379.1,482.5,246.5
105,11374,379.133,462.5,250.5
105,11375,379.167,452.5,234.5
105,11376,379.2,438.5,212.5
105,11377,379.233,426.5,196.5
105,11378,379.267,414.5,186.5
105,11379,379.3,406.5,176.5
105,11380,379.333,394.5,166.5
105,11381,379.367,380.5,162.5
105,11382,379.4,448.5,176.5
105,11383,379.433,490.5,188.5
105,11384,379.467,528.5,198.5
105,11385,379.5,562.5,212.5
105,11386,379.533,604.5,230.5
105,11387,379.567,634.5,244.5
105,11388,379.6,676.5,270.5
105,11389,379.633,706.5,286.5
105,11390,379.667,746.5,306.5
105,11391,379.7,786.5,302.5
105,11392,379.733,818.5,296.5
105,11393,379.767,862.5,292.5
105,11394,379.8,896.5,292.5
105,11395,379.833,936.5,296.5
105,11396,379.867,970.5,302.5
105,11397,379.9,1010.5,312.5
105,11398,379.933,1050.5,326.5
105,11399,379.967,1084.5,340.5
105,11400,380.0,1118.5,356.5
105,11401,380.033,1156.5,380.5
105,11402,380.067,1152.5,374.5
105,11403,380.1,1090.5,332.5
105,11404,380.133,1042.5,304.5
105,11405,380.167,978.5,268.5
105,11406,380.2,930.5,246.5
105,11407,380.233,880.5,228.5
105,11408,380.267,830.5,212.5
105,11409,380.3,776.5,200.5
105,11410,380.333,732.5,194.5
105,11411,380.367,686.5,192.5
105,11412,380.4,640.5,192.5
105,11413,380.433,604.5,194.5
105,11414,380.467,562.5,200.5
105,11415,380.5,530.5,210.5
105,11416,380.533,498.5,220.5
105,11417,380.567,464.5,234.5
105,11418,380.6,436.5,246.5
105,11419,380.633,414.5,262.5
105,11420,380.667,392.5,282.5
105,11421,380.7,358.5,276.5
105,11422,380.733,340.5,258.5
105,11423,380.767,318.5,238.5
105,11424,380.8,298.5,224.5
105,11425,380.833,278.5,210.5
105,11426,380.867,258.5,196.5
105,11427,380.9,244.5,194.5
105,11428,380.933,224.5,192.5
105,11429,380.967,208.5,186.5
105,11430,381.0,194.5,188.5
105,11431,381.033,206.5,186.5
105,11432,381.067,170.5,194.5
105,11433,381.1,188.5,172.5
105,11434,381.133,266.5,172.5
105,11435,381.167,296.5,170.5
105,11436,381.2,356.5,166.5
105,11437,381.233,404.5,164.5
105,11438,381.267,452.5,172.5
105,11439,381.3,504.5,180.5
105,11440,381.333,548.5,192.5
105,11441,381.367,602.5,210.5
105,11442,381.4,656.5,228.5
105,11443,381.433,702.5,254.5
105,11444,381.467,744.5,278.5
105,11445,381.5,776.5,300.5
105,11446,381.533,836.5,338.5
105,11447,381.567,884.5,378.5
105,11449,381.633,982.5,364.5
105,11450,381.667,1028.5,352.5
105,11451,381.7,1078.5,340.5
105,11452,381.733,1130.5,332.5
105,11453,381.767,1176.5,328.5
105,11454,381.8,1232.5,326.5
106,11464,382.133,862.5,104.5
106,11465,382.167,802.5,94.5
106,11466,382.2,752.5,88.5
106,11467,382.233,704.5,88.5
106,11468,382.267,658.5,90.5
106,11469,382.3,620.5,96.5
106,11470,382.333,578.5,104.5
106,11471,382.367,542.5,114.5
106,11472,382.4,546.5,114.5
106,11473,382.433,512.5,128.5
106,11474,382.467,482.5,142.5
106,11475,382.5,460.5,158.5
106,11476,382.533,434.5,176.5
106,11477,382.567,412.5,198.5
106,11478,382.6,388.5,218.5
106,11479,382.633,376.5,234.5
106,11480,382.667,358.5,252.5
106,11481,382.7,332.5,220.5
106,11482,382.733,318.5,192.5
106,11483,382.767,302.5,170.5
106,11484,382.8,286.5,152.5
106,11485,382.833,272.5,138.5
106,11486,382.867,258.5,118.5
106,11487,382.9,244.5,110.5
106,11488,382.933,234.5,104.5
106,11490,383.0,228.5,98.5
106,11493,383.1,378.5,26.5
106,11495,383.167,504.5,130.5
106,11496,383.2,564.5,150.5
106,11497,383.233,612.5,172.5
106,11498,383.267,682.5,206.5
106,11499,383.3,738.5,238.5
106,11500,383.333,780.5,262.5
106,11501,383.367,840.5,306.5
106,11502,383.4,892.5,344.5
106,11503,383.433,956.5,400.5
106,11504,383.467,1002.5,442.5
106,11505,383.5,1042.5,486.5
106,11506,383.533,1094.5,546.5
106,11507,383.567,1138.5,602.5
106,11508,383.6,1170.5,648.5
106,11509,383.633,1224.5,670.5
107,11515,383.833,1196.5,518.5
107,11516,383.867,1154.5,486.5
107,11517,383.9,1114.5,462.5
107,11518,383.933,1068.5,438.5
107,11519,383.967,1038.5,422.5
107,11520,384.0,1000.5,406.5
107,11521,384.033,966.5,394.5
108,11530,384.333,714.5,474.5
108,11531,384.367,688.5,496.5
108,11532,384.4,668.5,504.5
108,11533,384.433,656.5,494.5
108,11534,384.467,646.5,484.5
108,11535,384.5,634.5,476.5
108,11536,384.533,622.5,470.5
108,11537,384.567,612.5,468.5
108,11538,384.6,600.5,468.5
108,11539,384.633,590.5,470.5
108,11540,384.667,580.5,474.5
108,11541,384.7,570.5,480.5
108,11542,384.733,560.5,488.5
108,11543,384.767,550.5,500.5
108,11544,384.8,542.5,510.5
108,11545,384.833,534.5,516.5
108,11546,384.867,530.5,510.5
108,11547,384.9,530.5,506.5
108,11548,384.933,524.5,504.5
108,11549,384.967,520.5,506.5
108,11551,385.033,522.5,510.5
108,11552,385.067,522.5,514.5
108,11553,385.1,524.5,518.5
108,11554,385.133,522.5,516.5
108,11558,385.267,506.5,518.5
108,11559,385.3,504.5,518.5
108,11560,385.333,502.5,518.5
108,11561,385.367,500.5,518.5
108,11562,385.4,498.5,518.5
108,11563,385.433,494.5,518.5
108,11564,385.467,494.5,518.5
108,11565,385.5,496.5,520.5
108,11566,385.533,498.5,520.5
108,11567,385.567,496.5,520.5
108,11568,385.6,496.5,520.5
108,11569,385.633,496.5,522.5
108,11570,385.667,496.5,524.5
108,11571,385.7,496.5,522.5
108,11572,385.733,496.5,524.5
108,11573,385.767,498.5,522.5
108,11574,385.8,496.5,524.5
108,11575,385.833,496.5,524.5
108,11576,385.867,496.5,524.5
108,11577,385.9,496.5,524.5
108,11578,385.933,498.5,524.5
108,11579,385.967,496.5,526.5
108,11580,386.0,496.5,526.5
108,11581,386.033,496.5,526.5
108,11582,386.067,496.5,524.5
108,11583,386.1,496.5,526.5
108,11584,386.133,496.5,526.5
108,11585,386.167,496.5,524.5
108,11587,386.233,494.5,524.5
108,11588,386.267,496.5,526.5
108,11589,386.3,496.5,526.5
108,11590,386.333,496.5,524.5
108,11591,386.367,496.5,526.5
108,11593,386.433,496.5,526.5
109,11601,386.7,496.5,526.5
109,11602,386.733,494.5,526.5
109,11604,386.8,496.5,526.5
109,11607,386.9,496.5,526.5
109,11608,386.933,494.5,526.5
109,11609,386.967,494.5,526.5
109,11611,387.033,494.5,526.5
109,11612,387.067,496.5,526.5
109,11614,387.133,496.5,526.5
109,11615,387.167,496.5,526.5
109,11616,387.2,496.5,526.5
109,11617,387.233,496.5,526.5
109,11618,387.267,496.5,526.5
109,11619,387.3,496.5,526.5
109,11620,387.333,496.5,526.5
109,11621,387.367,496.5,526.5
109,11622,387.4,498.5,526.5
109,11624,387.467,498.5,524.5
109,11625,387.5,498.5,526.5
109,11626,387.533,498.5,524.5
109,11627,387.567,498.5,526.5
109,11629,387.633,498.5,524.5
109,11630,387.667,498.5,524.5
109,11631,387.7,498.5,524.5
109,11632,387.733,498.5,524.5
109,11633,387.767,498.5,524.5
109,11634,387.8,498.5,524.5
109,11635,387.833,498.5,524.5
109,11636,387.867,498.5,524.5
109,11637,387.9,496.5,524.5
109,11638,387.933,496.5,524.5
109,11639,387.967,496.5,524.5
109,11642,388.067,496.5,524.5
109,11643,388.1,496.5,524.5
109,11644,388.133,496.5,524.5
109,11645,388.167,496.5,524.5
109,11646,388.2,496.5,524.5
109,11647,388.233,496.5,522.5
109,11649,388.3,606.5,428.5
109,11651,388.367,604.5,416.5
110,11657,388.567,496.5,526.5
110,11658,388.6,496.5,524.5
110,11659,388.633,496.5,524.5
110,11661,388.7,496.5,524.5
110,11662,388.733,496.5,526.5
110,11664,388.8,542.5,634.5
111,11697,389.9,474.5,540.5
111,11698,389.933,468.5,546.5
111,11700,390.0,464.5,554.5
111,11703,390.1,456.5,556.5
111,11707,390.233,346.5,232.5
111,11708,390.267,342.5,222.5
111,11709,390.3,342.5,208.5
111,11710,390.333,340.5,192.5
111,11711,390.367,330.5,182.5
111,11714,390.467,508.5,296.5
112,11722,390.733,414.5,288.5
112,11723,390.767,436.5,274.5
112,11725,390.833,452.5,236.5
112,11726,390.867,496.5,186.5
112,11727,390.9,510.5,230.5
112,11730,391.0,548.5,210.5
113,11806,393.533,904.5,260.5
113,11807,393.567,908.5,246.5
113,11808,393.6,910.5,238.5
113,11809,393.633,912.5,232.5
113,11810,393.667,916.5,236.5
113,11811,393.7,918.5,240.5
113,11812,393.733,916.5,252.5
113,11813,393.767,914.5,266.5
113,11814,393.8,914.5,280.5
113,11815,393.833,912.5,292.5
113,11816,393.867,908.5,324.5
113,11817,393.9,908.5,346.5
113,11818,393.933,904.5,366.5
113,11821,394.033,846.5,440.5
113,11822,394.067,802.5,424.5
113,11824,394.133,932.5,406.5
113,11828,394.267,628.5,274.5
113,11829,394.3,604.5,258.5
113,11830,394.333,588.5,248.5
113,11831,394.367,570.5,242.5
113,11832,394.4,550.5,236.5
113,11833,394.433,536.5,236.5
113,11834,394.467,520.5,238.5
113,11835,394.5,508.5,242.5
113,11836,394.533,496.5,246.5
113,11837,394.567,482.5,254.5
113,11838,394.6,472.5,242.5
113,11839,394.633,462.5,226.5
113,11840,394.667,454.5,210.5
113,11841,394.7,442.5,198.5
113,11842,394.733,438.5,192.5
113,11843,394.767,460.5,190.5
113,11844,394.8,492.5,188.5
113,11845,394.833,514.5,190.5
113,11846,394.867,546.5,196.5
113,11847,394.9,576.5,204.5
113,11848,394.933,602.5,212.5
113,11849,394.967,628.5,224.5
113,11850,395.0,648.5,234.5
113,11851,395.033,684.5,258.5
113,11852,395.067,712.5,276.5
113,11853,395.1,740.5,300.5
113,11854,395.133,764.5,322.5
113,11855,395.167,796.5,346.5
113,11856,395.2,824.5,338.5
113,11857,395.233,852.5,334.5
113,11858,395.267,882.5,332.5
113,11859,395.3,908.5,330.5
113,11860,395.333,942.5,334.5
113,11861,395.367,972.5,342.5
113,11862,395.4,978.5,334.5
113,11863,395.433,944.5,310.5
113,11864,395.467,890.5,274.5
113,11865,395.5,850.5,254.5
113,11866,395.533,810.5,234.5
113,11867,395.567,770.5,218.5
113,11868,395.6,736.5,206.5
113,11869,395.633,702.5,198.5
113,11870,395.667,674.5,192.5
113,11871,395.7,638.5,190.5
113,11872,395.733,606.5,192.5
113,11873,395.767,584.5,196.5
113,11874,395.8,558.5,200.5
113,11875,395.833,534.5,208.5
113,11876,395.867,512.5,216.5
113,11877,395.9,494.5,228.5
113,11878,395.933,474.5,244.5
113,11879,395.967,460.5,254.5
113,11880,396.0,442.5,256.5
113,11881,396.033,432.5,240.5
113,11882,396.067,418.5,216.5
113,11883,396.1,404.5,202.5
113,11884,396.133,394.5,188.5
113,11885,396.167,382.5,178.5
113,11886,396.2,372.5,170.5
113,11887,396.233,362.5,164.5
113,11889,396.3,418.5,178.5
113,11890,396.333,456.5,188.5
113,11891,396.367,492.5,200.5
113,11892,396.4,526.5,216.5
113,11893,396.433,558.5,234.5
113,11894,396.467,590.5,252.5
113,11895,396.5,626.5,274.5
113,11896,396.533,666.5,304.5
113,11897,396.567,702.5,332.5
113,11898,396.6,724.5,332.5
113,11899,396.633,764.5,322.5
113,11900,396.667,802.5,322.5
113,11901,396.7,834.5,322.5
113,11902,396.733,872.5,322.5
113,11903,396.767,906.5,326.5
113,11904,396.8,940.5,334.5
113,11905,396.833,980.5,352.5
113,11906,396.867,1016.5,368.5
113,11907,396.9,1012.5,368.5
113,11908,396.933,1040.5,380.5
113,11909,396.967,982.5,332.5
113,11910,397.0,938.5,296.5
113,11911,397.033,888.5,262.5
113,11912,397.067,846.5,238.5
113,11913,397.1,810.5,218.5
113,11914,397.133,770.5,202.5
113,11915,397.167,738.5,190.5
113,11916,397.2,704.5,180.5
113,11917,397.233,676.5,176.5
113,11918,397.267,644.5,174.5
113,11919,397.3,620.5,176.5
113,11920,397.333,596.5,180.5
113,11921,397.367,574.5,186.5
113,11922,397.4,552.5,194.5
113,11923,397.433,534.5,202.5
113,11924,397.467,516.5,212.5
113,11925,397.5,500.5,226.5
113,11926,397.533,486.5,238.5
113,11927,397.567,472.5,236.5
113,11928,397.6,458.5,212.5
113,11929,397.633,446.5,196.5
113,11930,397.667,434.5,180.5
113,11931,397.7,424.5,168.5
113,11932,397.733,414.5,156.5
113,11935,397.833,476.5,154.5
113,11936,397.867,500.5,162.5
113,11937,397.9,538.5,172.5
113,11938,397.933,570.5,182.5
113,11939,397.967,604.5,198.5
113,11940,398.0,636.5,216.5
113,11941,398.033,674.5,240.5
113,11942,398.067,700.5,262.5
113,11943,398.1,736.5,290.5
113,11945,398.167,812.5,360.5
113,11946,398.2,842.5,362.5
113,11947,398.233,878.5,354.5
113,11948,398.267,908.5,346.5
113,11949,398.3,944.5,346.5
113,11951,398.367,978.5,328.5
113,11952,398.4,928.5,292.5
113,11953,398.433,868.5,254.5
113,11954,398.467,822.5,228.5
113,11955,398.5,776.5,204.5
113,11956,398.533,736.5,190.5
113,11957,398.567,698.5,176.5
113,11958,398.6,668.5,166.5
113,11959,398.633,628.5,160.5
113,11960,398.667,594.5,158.5
113,11961,398.7,564.5,158.5
113,11962,398.733,540.5,158.5
113,11963,398.767,508.5,164.5
113,11964,398.8,494.5,168.5
113,11965,398.833,474.5,176.5
113,11966,398.867,452.5,186.5
113,11967,398.9,438.5,194.5
113,11968,398.933,420.5,206.5
113,11969,398.967,404.5,218.5
113,11970,399.0,388.5,236.5
113,11971,399.033,372.5,224.5
113,11972,399.067,362.5,206.5
113,11973,399.1,346.5,186.5
113,11974,399.133,338.5,174.5
113,11975,399.167,326.5,162.5
113,11976,399.2,316.5,152.5
113,11977,399.233,306.5,148.5
113,11979,399.3,332.5,144.5
113,11980,399.333,366.5,146.5
113,11981,399.367,400.5,148.5
113,11982,399.4,434.5,158.5
113,11983,399.433,476.5,168.5
113,11984,399.467,510.5,180.5
113,11985,399.5,546.5,192.5
113,11986,399.533,588.5,210.5
113,11987,399.567,626.5,226.5
113,11988,399.6,676.5,254.5
113,11989,399.633,706.5,272.5
113,11990,399.667,744.5,296.5
113,11991,399.7,788.5,326.5
113,11992,399.733,816.5,342.5
113,11993,399.767,874.5,334.5
113,11994,399.8,908.5,324.5
113,11995,399.833,952.5,322.5
113,11996,399.867,992.5,320.5
113,11997,399.9,1036.5,320.5
113,11998,399.933,1074.5,324.5
113,11999,399.967,1028.5,290.5
113,12000,400.0,978.5,260.5
113,12001,400.033,938.5,238.5
113,12002,400.067,896.5,220.5
113,12003,400.1,858.5,206.5
113,12004,400.133,818.5,196.5
113,12005,400.167,780.5,188.5
113,12006,400.2,744.5,186.5
113,12007,400.233,706.5,184.5
113,12008,400.267,674.5,186.5
113,12009,400.3,642.5,190.5
113,12010,400.333,608.5,198.5
113,12011,400.367,582.5,208.5
113,12012,400.4,556.5,218.5
113,12013,400.433,530.5,230.5
113,12014,400.467,506.5,248.5
113,12015,400.5,480.5,262.5
113,12016,400.533,464.5,278.5
113,12017,400.567,436.5,288.5
113,12018,400.6,420.5,268.5
113,12019,400.633,404.5,252.5
113,12020,400.667,384.5,232.5
113,12021,400.7,366.5,220.5
113,12022,400.733,350.5,210.5
113,12023,400.767,334.5,202.5
113,12024,400.8,318.5,196.5
113,12025,400.833,304.5,194.5
113,12026,400.867,290.5,196.5
113,12027,400.9,274.5,198.5
113,12028,400.933,260.5,204.5
113,12029,400.967,244.5,212.5
113,12030,401.0,242.5,218.5
113,12032,401.067,322.5,72.5
113,12034,401.133,356.5,198.5
113,12035,401.167,384.5,202.5
113,12036,401.2,412.5,204.5
113,12037,401.233,440.5,212.5
113,12038,401.267,466.5,222.5
113,12039,401.3,494.5,234.5
113,12040,401.333,522.5,248.5
113,12041,401.367,552.5,264.5
113,12042,401.4,570.5,278.5
113,12043,401.433,586.5,304.5
113,12044,401.467,586.5,302.5
113,12045,401.5,588.5,294.5
113,12046,401.533,596.5,286.5
113,12047,401.567,596.5,282.5
113,12051,401.7,602.5,284.5
113,12055,401.833,610.5,260.5
114,12148,404.933,730.5,128.5
114,12149,404.967,724.5,118.5
114,12150,405.0,720.5,110.5
114,12152,405.067,712.5,92.5
114,12153,405.1,704.5,88.5
114,12156,405.2,688.5,74.5
114,12160,405.333,646.5,154.5
114,12161,405.367,644.5,152.5
114,12162,405.4,638.5,152.5
114,12163,405.433,636.5,152.5
114,12164,405.467,628.5,152.5
114,12165,405.5,622.5,152.5
114,12166,405.533,618.5,150.5
114,12167,405.567,610.5,152.5
114,12169,405.633,596.5,150.5
114,12172,405.733,580.5,148.5
114,12174,405.8,568.5,146.5
114,12175,405.833,564.5,142.5
114,12177,405.9,554.5,140.5
114,12178,405.933,546.5,140.5
114,12180,406.0,536.5,140.5
114,12181,406.033,530.5,140.5
115,12230,407.667,344.5,332.5
115,12234,407.8,328.5,232.5
115,12235,407.833,322.5,240.5
115,12236,407.867,316.5,244.5
115,12238,407.933,308.5,256.5
115,12242,408.067,282.5,262.5
115,12243,408.1,276.5,262.5
115,12244,408.133,274.5,262.5
115,12245,408.167,268.5,264.5
115,12246,408.2,266.5,266.5
115,12247,408.233,262.5,266.5
115,12248,408.267,260.5,266.5
115,12250,408.333,410.5,172.5
116,12255,408.5,258.5,272.5
116,12256,408.533,262.5,272.5
116,12257,408.567,262.5,276.5
116,12258,408.6,264.5,276.5
116,12259,408.633,266.5,274.5
116,12260,408.667,262.5,266.5
116,12262,408.733,248.5,238.5
116,12263,408.767,244.5,224.5
116,12264,408.8,238.5,202.5
116,12265,408.833,234.5,192.5
116,12266,408.867,230.5,180.5
116,12267,408.9,228.5,174.5
116,12268,408.933,226.5,168.5
116,12269,408.967,222.5,166.5
116,12270,409.0,220.5,166.5
116,12271,409.033,218.5,168.5
116,12272,409.067,218.5,174.5
116,12273,409.1,218.5,182.5
116,12274,409.133,218.5,190.5
116,12275,409.167,218.5,200.5
116,12276,409.2,210.5,212.5
116,12277,409.233,230.5,226.5
116,12278,409.267,276.5,260.5
116,12279,409.3,318.5,274.5
116,12280,409.333,338.5,262.5
116,12281,409.367,380.5,240.5
116,12282,409.4,410.5,228.5
116,12283,409.433,432.5,222.5
116,12284,409.467,466.5,216.5
116,12285,409.5,496.5,212.5
116,12286,409.533,530.5,212.5
116,12287,409.567,562.5,218.5
116,12288,409.6,594.5,224.5
116,12289,409.633,624.5,232.5
116,12290,409.667,646.5,242.5
116,12291,409.7,682.5,258.5
116,12292,409.733,712.5,276.5
116,12293,409.767,736.5,292.5
116,12294,409.8,762.5,312.5
116,12295,409.833,786.5,322.5
116,12296,409.867,814.5,306.5
116,12297,409.9,830.5,294.5
116,12298,409.933,854.5,282.5
116,12299,409.967,878.5,274.5
116,12300,410.0,902.5,268.5
116,12301,410.033,920.5,268.5
116,12302,410.067,870.5,244.5
116,12303,410.1,826.5,228.5
116,12304,410.133,780.5,214.5
116,12305,410.167,736.5,206.5
116,12306,410.2,690.5,198.5
116,12307,410.233,652.5,196.5
116,12308,410.267,612.5,196.5
116,12309,410.3,574.5,198.5
116,12310,410.333,542.5,202.5
116,12311,410.367,510.5,208.5
116,12312,410.4,478.5,218.5
116,12313,410.433,452.5,230.5
116,12314,410.467,422.5,244.5
116,12315,410.5,400.5,258.5
116,12316,410.533,378.5,266.5
116,12317,410.567,356.5,248.5
116,12318,410.6,338.5,230.5
116,12319,410.633,316.5,214.5
116,12320,410.667,300.5,202.5
116,12321,410.7,282.5,194.5
116,12322,410.733,266.5,186.5
116,12323,410.767,250.5,182.5
116,12324,410.8,286.5,168.5
116,12325,410.833,318.5,150.5
116,12326,410.867,356.5,140.5
116,12327,410.9,400.5,130.5
116,12328,410.933,436.5,124.5
116,12329,410.967,478.5,118.5
116,12330,411.0,524.5,116.5
116,12331,411.033,560.5,118.5
116,12332,411.067,598.5,122.5
116,12333,411.1,636.5,130.5
116,12334,411.133,682.5,140.5
116,12335,411.167,720.5,152.5
116,12336,411.2,754.5,166.5
116,12337,411.233,792.5,182.5
116,12338,411.267,832.5,206.5
116,12339,411.3,864.5,226.5
116,12340,411.333,898.5,250.5
116,12341,411.367,928.5,274.5
116,12342,411.4,960.5,302.5
116,12343,411.433,992.5,338.5
116,12344,411.467,1020.5,370.5
116,12345,411.5,1044.5,400.5
116,12348,411.6,1090.5,468.5
117,12439,414.633,334.5,218.5
117,12441,414.7,268.5,162.5
117,12443,414.767,338.5,214.5
117,12444,414.8,338.5,212.5
117,12445,414.833,336.5,212.5
117,12446,414.867,336.5,212.5
117,12448,414.933,336.5,218.5
