frame,x_px,y_px,score
0,140.5,474.5,0.644
1,140.5,474.5,0.649
2,140.5,474.5,0.631
3,140.5,474.5,0.655
4,140.5,474.5,0.587
5,140.5,474.5,0.697
6,204.5,178.5,0.932
7,98.5,294.5,0.958
8,300.5,484.5,0.853
9,288.5,486.5,0.954
10,80.5,290.5,0.938
11,78.5,292.5,0.89
12,138.5,476.5,0.848
13,140.5,474.5,0.916
14,140.5,474.5,0.683
15,138.5,474.5,0.914
16,134.5,472.5,0.963
17,128.5,470.5,0.965
18,164.5,356.5,0.862
19,248.5,356.5,0.559
25,86.5,386.5,0.931
36,398.5,366.5,0.513
54,86.5,452.5,0.803
71,30.5,276.5,0.673
72,34.5,274.5,0.796
75,464.5,366.5,0.699
76,134.5,468.5,0.958
77,62.5,266.5,0.774
78,328.5,574.5,0.832
79,340.5,566.5,0.817
80,354.5,564.5,0.551
81,370.5,562.5,0.821
82,386.5,560.5,0.759
97,968.5,352.5,0.503
103,88.5,464.5,0.773
104,100.5,466.5,0.507
107,138.5,458.5,0.655
108,148.5,456.5,0.644
110,102.5,234.5,0.504
111,106.5,234.5,0.799
112,112.5,234.5,0.881
113,1106.5,198.5,0.6
116,1108.5,196.5,0.653
120,1110.5,196.5,0.835
121,1108.5,196.5,0.628
122,1108.5,196.5,0.571
123,1108.5,196.5,0.562
124,1108.5,196.5,0.735
125,1106.5,196.5,0.561
126,1110.5,196.5,0.719
127,1106.5,196.5,0.697
128,1110.5,196.5,0.526
129,1108.5,196.5,0.654
130,1108.5,196.5,0.733
131,1108.5,196.5,0.595
133,1080.5,130.5,0.801
134,1110.5,196.5,0.573
135,1108.5,196.5,0.501
136,1108.5,196.5,0.63
137,1108.5,196.5,0.688
138,1108.5,196.5,0.628
139,1108.5,196.5,0.7
140,1108.5,196.5,0.684
141,1108.5,196.5,0.641
142,1108.5,196.5,0.76
143,1108.5,196.5,0.702
144,1108.5,196.5,0.643
145,1108.5,196.5,0.748
146,270.5,412.5,0.933
147,1108.5,196.5,0.708
148,1108.5,196.5,0.681
149,1108.5,196.5,0.655
150,1108.5,196.5,0.709
151,552.5,442.5,0.83
152,566.5,410.5,0.966
153,568.5,372.5,0.919
154,560.5,348.5,0.975
155,564.5,326.5,0.987
156,562.5,306.5,0.97
157,558.5,294.5,0.986
158,552.5,280.5,0.975
159,550.5,274.5,0.954
160,550.5,278.5,0.987
161,550.5,286.5,0.99
162,552.5,300.5,0.997
163,550.5,314.5,0.978
164,552.5,336.5,0.967
165,550.5,358.5,0.928
166,552.5,386.5,0.874
167,550.5,416.5,0.995
168,550.5,432.5,0.737
169,1108.5,196.5,0.752
170,1108.5,196.5,0.681
171,1108.5,196.5,0.712
172,1108.5,196.5,0.725
173,1108.5,196.5,0.717
174,1108.5,196.5,0.725
175,1108.5,196.5,0.71
176,1108.5,196.5,0.717
177,1108.5,196.5,0.725
178,1108.5,196.5,0.721
179,1108.5,196.5,0.737
180,1110.5,194.5,0.762
181,1108.5,196.5,0.701
182,1108.5,196.5,0.685
183,1108.5,196.5,0.696
184,1110.5,196.5,0.728
185,1108.5,196.5,0.679
186,1108.5,196.5,0.727
187,524.5,506.5,0.977
188,528.5,496.5,0.949
189,530.5,482.5,0.803
190,128.5,480.5,0.817
191,122.5,478.5,0.906
192,116.5,478.5,0.912
193,106.5,476.5,0.938
194,106.5,482.5,0.939
195,104.5,484.5,0.97
196,86.5,476.5,0.651
197,582.5,378.5,0.937
198,578.5,354.5,0.959
199,578.5,328.5,0.979
200,572.5,310.5,0.987
201,572.5,298.5,0.988
202,572.5,288.5,0.983
203,568.5,276.5,0.99
204,566.5,280.5,0.982
205,566.5,292.5,0.991
206,566.5,304.5,0.972
207,564.5,316.5,0.984
208,566.5,342.5,0.957
209,562.5,360.5,0.978
210,126.5,488.5,0.964
211,562.5,410.5,0.971
212,134.5,484.5,0.937
213,1108.5,196.5,0.668
214,1108.5,196.5,0.702
215,1110.5,194.5,0.709
216,142.5,484.5,0.746
217,1110.5,196.5,0.605
218,1110.5,196.5,0.761
219,1108.5,196.5,0.621
220,1110.5,194.5,0.766
221,1110.5,196.5,0.706
222,1110.5,196.5,0.701
223,1110.5,194.5,0.69
224,1108.5,196.5,0.645
225,1110.5,194.5,0.747
226,510.5,538.5,0.781
227,516.5,518.5,0.929
228,522.5,500.5,0.956
229,524.5,478.5,0.963
230,1110.5,196.5,0.716
231,1110.5,194.5,0.74
232,1110.5,194.5,0.725
233,1110.5,194.5,0.729
234,1110.5,194.5,0.731
235,1110.5,194.5,0.745
236,1108.5,196.5,0.69
237,1110.5,196.5,0.724
238,1110.5,196.5,0.732
239,592.5,384.5,0.841
240,590.5,348.5,0.801
241,590.5,320.5,0.979
242,586.5,298.5,0.995
243,586.5,276.5,0.947
244,578.5,260.5,0.985
245,576.5,248.5,0.98
246,574.5,238.5,0.848
247,1108.5,196.5,0.698
248,570.5,244.5,0.805
249,566.5,252.5,0.967
250,562.5,260.5,0.988
251,560.5,278.5,0.985
252,562.5,302.5,0.973
253,560.5,330.5,0.908
254,334.5,598.5,0.959
255,556.5,392.5,0.944
256,558.5,418.5,0.956
257,1108.5,196.5,0.626
258,1108.5,196.5,0.671
259,1108.5,196.5,0.663
260,1108.5,196.5,0.671
261,1108.5,196.5,0.648
262,560.5,432.5,0.896
263,1108.5,196.5,0.626
264,1108.5,196.5,0.669
265,1108.5,196.5,0.645
266,1108.5,196.5,0.634
267,1108.5,196.5,0.639
268,1108.5,196.5,0.668
269,1108.5,196.5,0.642
270,1108.5,196.5,0.661
271,1108.5,196.5,0.565
272,1108.5,196.5,0.755
273,1108.5,196.5,0.692
274,1108.5,196.5,0.69
275,1108.5,196.5,0.679
276,1108.5,196.5,0.692
277,1108.5,196.5,0.69
278,1108.5,196.5,0.703
279,1108.5,196.5,0.689
280,1108.5,196.5,0.655
281,1108.5,196.5,0.765
282,1108.5,196.5,0.701
283,1108.5,196.5,0.725
284,610.5,392.5,0.942
285,610.5,372.5,0.956
286,612.5,352.5,0.982
287,610.5,334.5,0.975
288,606.5,322.5,0.952
289,1108.5,196.5,0.693
290,606.5,314.5,0.878
291,608.5,322.5,0.88
292,610.5,332.5,0.974
293,610.5,344.5,0.976
294,612.5,362.5,0.981
295,610.5,380.5,0.95
296,1108.5,196.5,0.668
297,1108.5,196.5,0.681
298,490.5,190.5,0.683
299,1108.5,196.5,0.622
300,1110.5,194.5,0.782
301,1108.5,196.5,0.708
302,1108.5,196.5,0.686
303,1108.5,196.5,0.713
304,1108.5,196.5,0.662
305,1108.5,196.5,0.709
306,1108.5,196.5,0.677
307,1108.5,196.5,0.703
308,1108.5,196.5,0.731
309,1108.5,196.5,0.678
310,1108.5,196.5,0.715
311,1108.5,196.5,0.684
312,1108.5,196.5,0.659
313,1108.5,196.5,0.676
314,1108.5,196.5,0.68
315,1108.5,196.5,0.732
316,1108.5,196.5,0.669
317,1108.5,196.5,0.707
318,1108.5,196.5,0.691
319,1108.5,196.5,0.68
320,1108.5,196.5,0.706
321,1108.5,196.5,0.697
322,1108.5,196.5,0.693
323,1108.5,196.5,0.699
324,1108.5,196.5,0.702
325,1108.5,196.5,0.721
326,1108.5,196.5,0.702
327,1108.5,196.5,0.71
328,1108.5,196.5,0.72
329,1108.5,196.5,0.7
330,1108.5,196.5,0.702
331,638.5,368.5,0.94
332,1108.5,196.5,0.739
333,1108.5,196.5,0.653
334,1108.5,196.5,0.697
335,1108.5,196.5,0.703
336,1108.5,196.5,0.683
337,1108.5,196.5,0.688
338,1108.5,196.5,0.657
339,1108.5,196.5,0.67
340,1108.5,196.5,0.672
341,1108.5,196.5,0.675
342,256.5,196.5,0.7
343,1108.5,196.5,0.683
344,1108.5,196.5,0.681
345,1108.5,196.5,0.681
346,1108.5,196.5,0.682
347,1108.5,196.5,0.668
348,1108.5,196.5,0.684
349,1108.5,196.5,0.684
350,1108.5,196.5,0.67
351,1108.5,196.5,0.683
352,1108.5,196.5,0.684
353,1108.5,196.5,0.664
354,1108.5,196.5,0.682
355,1108.5,196.5,0.675
356,1108.5,196.5,0.677
357,168.5,280.5,0.75
358,1108.5,196.5,0.638
359,40.5,348.5,0.797
360,1110.5,194.5,0.668
361,1108.5,196.5,0.725
362,1108.5,196.5,0.619
363,1110.5,194.5,0.586
364,1108.5,196.5,0.748
365,1108.5,196.5,0.688
366,1108.5,196.5,0.675
367,1108.5,196.5,0.682
368,1108.5,196.5,0.691
369,1108.5,196.5,0.682
370,1108.5,196.5,0.682
371,1108.5,196.5,0.689
372,1108.5,196.5,0.694
373,1108.5,196.5,0.683
374,1108.5,196.5,0.683
375,140.5,288.5,0.735
376,1108.5,196.5,0.691
377,1108.5,196.5,0.668
378,1108.5,196.5,0.698
379,1108.5,196.5,0.69
380,1108.5,196.5,0.696
381,136.5,120.5,0.904
382,1108.5,196.5,0.774
383,152.5,346.5,0.823
384,1108.5,196.5,0.711
385,136.5,362.5,0.845
386,1108.5,196.5,0.717
387,1108.5,196.5,0.701
388,1108.5,196.5,0.701
389,1108.5,196.5,0.695
390,1108.5,196.5,0.696
391,1108.5,196.5,0.703
392,1108.5,196.5,0.701
393,1108.5,196.5,0.696
394,1108.5,196.5,0.717
395,1108.5,196.5,0.702
396,1108.5,196.5,0.71
397,1108.5,196.5,0.709
398,108.5,388.5,0.795
399,1108.5,196.5,0.718
400,1108.5,196.5,0.718
401,1108.5,196.5,0.696
402,1108.5,196.5,0.721
403,1108.5,196.5,0.733
404,1108.5,196.5,0.751
405,1108.5,196.5,0.709
406,1108.5,196.5,0.707
407,1108.5,196.5,0.724
408,1108.5,196.5,0.709
409,1108.5,196.5,0.718
410,1108.5,196.5,0.707
411,1108.5,196.5,0.724
412,1108.5,196.5,0.717
413,1108.5,196.5,0.712
414,1108.5,196.5,0.711
415,1108.5,196.5,0.718
416,1108.5,196.5,0.701
417,1108.5,196.5,0.718
418,1108.5,196.5,0.7
419,1108.5,196.5,0.748
420,1108.5,196.5,0.665
421,1108.5,196.5,0.752
422,80.5,178.5,0.813
423,1108.5,196.5,0.691
424,1108.5,196.5,0.73
425,1108.5,196.5,0.701
426,1108.5,196.5,0.786
427,1108.5,196.5,0.701
428,88.5,410.5,0.919
429,1108.5,196.5,0.687
430,1108.5,196.5,0.702
431,1108.5,196.5,0.695
432,1108.5,196.5,0.674
433,1108.5,196.5,0.701
434,1108.5,196.5,0.706
435,1108.5,196.5,0.706
436,1108.5,196.5,0.705
437,1108.5,196.5,0.71
438,1108.5,196.5,0.699
439,1108.5,196.5,0.689
440,1108.5,196.5,0.645
441,1108.5,196.5,0.829
442,1108.5,196.5,0.715
443,1108.5,196.5,0.718
444,1108.5,196.5,0.716
445,1108.5,196.5,0.738
446,1108.5,196.5,0.731
447,1108.5,196.5,0.731
448,1108.5,196.5,0.729
449,1108.5,196.5,0.733
450,1108.5,196.5,0.733
451,1108.5,196.5,0.733
452,1108.5,196.5,0.733
453,1108.5,196.5,0.732
454,1108.5,196.5,0.735
455,1108.5,196.5,0.734
456,1108.5,196.5,0.729
457,1108.5,196.5,0.731
458,1108.5,196.5,0.735
459,1108.5,196.5,0.727
460,1108.5,196.5,0.73
461,1108.5,196.5,0.753
462,1108.5,196.5,0.732
463,1108.5,196.5,0.71
464,1108.5,196.5,0.581
465,1108.5,196.5,0.635
466,1110.5,196.5,0.843
467,1108.5,196.5,0.733
468,1108.5,196.5,0.736
469,1108.5,196.5,0.736
470,1108.5,196.5,0.73
471,1108.5,196.5,0.737
472,1108.5,196.5,0.728
473,1108.5,196.5,0.735
474,1108.5,196.5,0.736
475,1108.5,196.5,0.735
476,1108.5,196.5,0.733
477,1108.5,196.5,0.735
478,1108.5,196.5,0.754
479,610.5,390.5,0.983
480,614.5,382.5,0.979
481,614.5,372.5,0.972
482,626.5,368.5,0.945
483,1108.5,196.5,0.711
484,630.5,376.5,0.901
485,1108.5,196.5,0.704
486,1108.5,196.5,0.714
487,1108.5,196.5,0.71
488,1108.5,196.5,0.699
489,1108.5,196.5,0.724
490,1108.5,196.5,0.708
491,1108.5,196.5,0.705
492,1108.5,196.5,0.692
493,1108.5,196.5,0.719
494,1108.5,196.5,0.713
495,1108.5,196.5,0.715
496,1108.5,196.5,0.714
497,612.5,328.5,0.947
498,610.5,338.5,0.926
499,612.5,354.5,0.75
500,612.5,366.5,0.957
501,602.5,372.5,0.937
502,598.5,394.5,0.948
503,1108.5,196.5,0.698
504,1108.5,196.5,0.699
505,1108.5,196.5,0.706
506,1108.5,196.5,0.678
507,588.5,388.5,0.968
508,584.5,370.5,0.957
509,580.5,356.5,0.881
510,578.5,346.5,0.774
511,1108.5,196.5,0.738
512,1108.5,196.5,0.706
513,564.5,356.5,0.911
514,568.5,372.5,0.976
515,566.5,386.5,0.972
516,560.5,406.5,0.972
517,544.5,422.5,0.769
518,1108.5,196.5,0.708
519,1108.5,196.5,0.718
520,1108.5,196.5,0.713
521,1108.5,196.5,0.695
522,1108.5,196.5,0.707
523,1108.5,196.5,0.674
524,1108.5,196.5,0.812
525,1108.5,196.5,0.682
526,1108.5,196.5,0.674
527,1108.5,196.5,0.722
528,1108.5,196.5,0.711
529,1108.5,196.5,0.71
530,1108.5,196.5,0.707
531,1108.5,196.5,0.713
532,1108.5,196.5,0.711
533,1108.5,196.5,0.709
534,1108.5,196.5,0.706
535,1108.5,196.5,0.718
536,1108.5,196.5,0.714
537,1108.5,196.5,0.716
538,1108.5,196.5,0.738
539,1108.5,196.5,0.76
540,1108.5,196.5,0.63
541,1108.5,196.5,0.78
542,1108.5,196.5,0.662
543,1108.5,196.5,0.74
544,1108.5,196.5,0.712
545,50.5,164.5,0.683
546,1108.5,196.5,0.602
547,1108.5,196.5,0.757
548,1108.5,196.5,0.694
549,1108.5,196.5,0.76
550,1108.5,196.5,0.667
551,260.5,564.5,0.966
552,1108.5,196.5,0.712
553,1108.5,196.5,0.65
554,1108.5,196.5,0.782
555,1108.5,196.5,0.724
556,1108.5,196.5,0.739
557,1108.5,196.5,0.724
558,1108.5,196.5,0.737
559,114.5,390.5,0.815
560,1108.5,196.5,0.564
561,1108.5,196.5,0.705
562,1108.5,196.5,0.698
563,1108.5,196.5,0.712
564,1108.5,196.5,0.697
565,1108.5,196.5,0.712
566,1108.5,196.5,0.711
567,1108.5,196.5,0.707
568,1108.5,196.5,0.701
569,1108.5,196.5,0.693
570,1108.5,196.5,0.736
571,1108.5,196.5,0.703
572,1108.5,196.5,0.71
573,1108.5,196.5,0.709
574,1108.5,196.5,0.708
575,1108.5,196.5,0.711
576,196.5,520.5,0.787
577,204.5,514.5,0.822
578,930.5,340.5,0.797
579,942.5,346.5,0.814
580,1108.5,196.5,0.716
581,966.5,356.5,0.84
582,1108.5,196.5,0.717
583,966.5,352.5,0.746
584,1108.5,196.5,0.708
585,1108.5,196.5,0.723
586,1108.5,196.5,0.703
587,1108.5,196.5,0.718
588,1108.5,196.5,0.725
589,1108.5,196.5,0.7
590,1108.5,196.5,0.706
591,1108.5,196.5,0.736
592,1108.5,196.5,0.522
593,1108.5,196.5,0.778
594,118.5,480.5,0.875
595,128.5,468.5,0.897
596,1108.5,196.5,0.733
597,1108.5,196.5,0.719
598,1108.5,196.5,0.73
599,1108.5,196.5,0.711
600,1022.5,642.5,0.812
601,1108.5,196.5,0.728
602,1108.5,196.5,0.723
603,1108.5,196.5,0.722
604,1108.5,196.5,0.725
605,1108.5,196.5,0.724
606,1108.5,196.5,0.725
607,1108.5,196.5,0.724
608,1108.5,196.5,0.725
609,1108.5,196.5,0.712
610,1110.5,196.5,0.674
611,1108.5,196.5,0.715
613,1108.5,196.5,0.765
617,1060.5,240.5,0.612
624,1132.5,462.5,0.838
625,1100.5,454.5,0.626
627,1098.5,440.5,0.921
628,176.5,188.5,0.502
629,1110.5,424.5,0.613
636,1090.5,410.5,0.885
637,1086.5,416.5,0.756
649,1050.5,234.5,0.743
650,954.5,114.5,0.603
652,954.5,114.5,0.779
653,952.5,116.5,0.724
654,952.5,114.5,0.528
655,950.5,114.5,0.721
664,298.5,212.5,0.558
679,1000.5,362.5,0.849
692,830.5,332.5,0.97
693,770.5,340.5,0.881
694,734.5,294.5,0.652
695,698.5,278.5,0.994
696,654.5,258.5,0.983
697,626.5,248.5,0.991
698,594.5,242.5,0.993
699,560.5,234.5,0.976
700,534.5,232.5,0.985
701,506.5,234.5,0.958
702,476.5,236.5,0.985
703,456.5,240.5,0.986
704,432.5,246.5,0.986
705,414.5,254.5,0.974
706,394.5,246.5,0.988
707,374.5,230.5,0.985
708,358.5,216.5,0.972
709,1062.5,196.5,0.887
710,370.5,196.5,0.995
711,390.5,190.5,0.978
712,412.5,184.5,0.989
713,436.5,178.5,0.993
714,458.5,178.5,0.996
715,482.5,178.5,0.993
716,504.5,180.5,0.993
717,528.5,186.5,0.983
718,552.5,194.5,0.979
719,578.5,204.5,0.971
720,598.5,214.5,0.97
721,628.5,232.5,0.992
722,644.5,242.5,0.995
723,676.5,268.5,0.994
724,696.5,288.5,0.961
725,724.5,312.5,0.963
726,748.5,342.5,0.979
727,770.5,356.5,0.993
728,786.5,344.5,0.996
729,814.5,326.5,0.997
730,842.5,318.5,0.989
731,860.5,312.5,0.984
732,882.5,308.5,0.99
733,904.5,308.5,0.991
734,928.5,308.5,0.994
735,900.5,298.5,0.765
736,820.5,276.5,0.968
737,758.5,262.5,0.985
738,708.5,254.5,0.967
739,674.5,246.5,0.986
740,608.5,238.5,0.982
741,568.5,234.5,0.964
742,528.5,232.5,0.99
743,496.5,230.5,0.986
744,458.5,234.5,0.993
745,426.5,236.5,0.995
746,402.5,242.5,0.982
747,378.5,246.5,0.977
748,360.5,228.5,0.965
749,344.5,210.5,0.832
750,360.5,206.5,0.969
751,386.5,198.5,0.981
752,408.5,196.5,0.988
753,438.5,194.5,0.991
754,462.5,194.5,0.993
755,486.5,196.5,0.992
756,514.5,202.5,0.98
757,544.5,210.5,0.99
758,568.5,218.5,0.961
759,596.5,230.5,0.99
760,628.5,246.5,0.994
761,652.5,260.5,0.991
762,678.5,278.5,0.992
763,704.5,296.5,0.891
764,742.5,328.5,0.986
765,766.5,352.5,0.988
766,794.5,388.5,0.958
767,824.5,374.5,0.968
768,852.5,372.5,0.997
769,884.5,368.5,0.995
770,914.5,366.5,0.99
771,946.5,370.5,0.977
772,974.5,372.5,0.978
773,902.5,348.5,0.897
774,820.5,328.5,0.96
775,792.5,324.5,0.918
776,718.5,312.5,0.837
777,646.5,300.5,0.939
778,586.5,296.5,0.982
780,502.5,294.5,0.971
781,278.5,568.5,0.697
782,416.5,300.5,0.971
783,278.5,568.5,0.645
784,346.5,270.5,0.906
785,322.5,256.5,0.975
786,294.5,242.5,0.748
789,302.5,198.5,0.663
790,328.5,186.5,0.957
791,352.5,178.5,0.989
792,374.5,168.5,0.98
793,406.5,162.5,0.992
794,432.5,158.5,0.995
795,458.5,156.5,0.996
796,484.5,158.5,0.995
797,514.5,162.5,0.995
798,542.5,166.5,0.993
799,568.5,174.5,0.958
800,594.5,182.5,0.982
801,626.5,198.5,0.991
802,642.5,206.5,0.993
803,678.5,228.5,0.996
804,706.5,248.5,0.99
805,734.5,270.5,0.989
806,756.5,290.5,0.994
807,776.5,314.5,0.953
808,794.5,332.5,0.987
809,824.5,308.5,0.999
810,836.5,300.5,0.995
811,860.5,284.5,0.995
812,882.5,274.5,0.994
813,902.5,264.5,0.993
814,920.5,258.5,0.997
815,940.5,258.5,0.99
816,960.5,258.5,0.997
817,1106.5,176.5,0.742
818,998.5,264.5,0.92
819,278.5,568.5,0.683
820,278.5,568.5,0.689
821,884.5,274.5,0.881
822,786.5,274.5,0.946
823,748.5,276.5,0.954
824,262.5,426.5,0.831
825,606.5,288.5,0.974
826,598.5,284.5,0.964
827,600.5,290.5,0.996
828,602.5,290.5,0.995
829,606.5,294.5,0.995
830,610.5,304.5,0.998
831,612.5,314.5,1.0
832,614.5,328.5,0.997
833,616.5,344.5,0.998
834,618.5,354.5,0.995
835,618.5,348.5,0.985
836,616.5,348.5,0.997
837,616.5,352.5,0.998
838,618.5,360.5,0.999
839,616.5,370.5,0.998
840,616.5,380.5,0.998
841,616.5,394.5,0.996
842,618.5,404.5,0.995
843,616.5,400.5,0.955
844,608.5,398.5,0.987
845,606.5,404.5,0.994
846,600.5,412.5,0.989
847,598.5,422.5,0.999
848,594.5,434.5,0.997
849,592.5,450.5,0.989
850,588.5,468.5,0.936
851,584.5,490.5,0.879
852,278.5,566.5,0.67
853,278.5,566.5,0.726
854,278.5,568.5,0.678
855,278.5,568.5,0.711
856,278.5,568.5,0.741
857,278.5,568.5,0.687
858,278.5,568.5,0.723
859,566.5,704.5,0.877
860,558.5,694.5,0.914
861,550.5,688.5,0.883
862,158.5,180.5,0.817
863,278.5,568.5,0.736
864,278.5,568.5,0.716
865,158.5,180.5,0.741
866,266.5,372.5,0.921
867,276.5,372.5,0.818
868,158.5,180.5,0.799
869,922.5,564.5,0.768
870,278.5,568.5,0.696
871,278.5,568.5,0.701
872,278.5,568.5,0.702
873,278.5,568.5,0.686
874,278.5,568.5,0.662
875,278.5,568.5,0.73
876,156.5,182.5,0.755
877,278.5,568.5,0.673
878,278.5,568.5,0.662
879,278.5,568.5,0.652
880,278.5,568.5,0.712
881,278.5,568.5,0.681
882,278.5,568.5,0.703
883,278.5,568.5,0.649
884,980.5,328.5,0.747
885,152.5,182.5,0.721
886,150.5,182.5,0.789
887,150.5,182.5,0.804
888,152.5,182.5,0.671
889,150.5,182.5,0.697
890,150.5,182.5,0.78
891,278.5,568.5,0.694
892,150.5,182.5,0.801
893,150.5,182.5,0.774
894,150.5,182.5,0.79
895,150.5,182.5,0.883
896,278.5,566.5,0.637
897,150.5,182.5,0.666
898,150.5,182.5,0.738
901,148.5,184.5,0.776
903,148.5,184.5,0.786
905,146.5,184.5,0.695
906,146.5,186.5,0.63
914,664.5,702.5,0.944
915,154.5,224.5,0.558
916,756.5,600.5,0.527
918,820.5,594.5,0.725
919,832.5,588.5,0.618
921,866.5,584.5,0.712
939,538.5,76.5,0.817
944,132.5,212.5,0.812
946,942.5,544.5,0.732
949,114.5,458.5,0.675
950,856.5,426.5,0.829
952,856.5,420.5,0.906
961,140.5,452.5,0.943
962,154.5,462.5,0.914
963,174.5,466.5,0.834
964,194.5,472.5,0.918
965,172.5,408.5,0.824
966,168.5,418.5,0.614
969,118.5,492.5,0.813
970,122.5,516.5,0.93
971,118.5,530.5,0.923
972,116.5,548.5,0.939
983,86.5,508.5,0.605
988,84.5,516.5,0.687
993,982.5,368.5,0.615
997,1046.5,234.5,0.743
1001,1058.5,194.5,0.811
1002,1002.5,230.5,0.953
1003,1004.5,230.5,0.937
1014,810.5,326.5,0.918
1015,754.5,292.5,0.992
1016,718.5,278.5,0.988
1017,682.5,266.5,0.989
1018,646.5,258.5,0.984
1019,602.5,244.5,0.993
1020,570.5,242.5,0.973
1021,542.5,242.5,0.986
1022,506.5,244.5,0.977
1023,478.5,246.5,0.999
1024,456.5,252.5,0.997
1025,430.5,262.5,0.997
1026,408.5,254.5,0.851
1027,388.5,242.5,0.95
1028,362.5,224.5,0.755
1029,340.5,216.5,0.734
1034,886.5,628.5,0.849
1035,416.5,156.5,0.991
1036,444.5,152.5,0.987
1037,472.5,148.5,0.993
1038,498.5,148.5,0.995
1039,528.5,148.5,0.997
1040,558.5,152.5,0.982
1041,586.5,160.5,0.978
1042,610.5,164.5,0.979
1043,642.5,178.5,0.993
1044,680.5,196.5,0.991
1045,710.5,212.5,0.986
1046,738.5,230.5,0.98
1047,772.5,256.5,0.995
1048,808.5,284.5,0.972
1049,834.5,306.5,0.997
1050,870.5,342.5,0.994
1051,898.5,374.5,0.972
1052,932.5,412.5,0.998
1053,982.5,466.5,0.915
1054,996.5,492.5,0.955
1055,1040.5,550.5,0.955
1056,1058.5,582.5,0.964
1057,1088.5,632.5,0.847
1058,1122.5,684.5,0.813
1059,346.5,204.5,0.829
1060,342.5,210.5,0.845
1061,1194.5,404.5,0.803
1062,342.5,216.5,0.558
1065,1184.5,436.5,0.629
1069,1174.5,464.5,0.73
1070,1240.5,648.5,0.697
1085,286.5,236.5,0.51
1101,932.5,428.5,0.923
1102,898.5,382.5,0.967
1103,852.5,324.5,0.977
1104,804.5,274.5,0.94
1105,768.5,236.5,0.985
1106,730.5,204.5,0.984
1107,698.5,180.5,0.991
1108,660.5,156.5,0.96
1109,626.5,140.5,0.979
1110,598.5,130.5,0.986
1111,568.5,124.5,0.974
1112,544.5,120.5,0.992
1113,518.5,122.5,0.99
1114,498.5,126.5,0.989
1115,474.5,132.5,0.998
1116,458.5,144.5,0.987
1117,440.5,154.5,0.99
1118,422.5,170.5,0.997
1119,408.5,186.5,0.995
1120,394.5,204.5,0.991
1121,382.5,222.5,0.985
1122,372.5,240.5,0.976
1123,360.5,262.5,0.978
1124,350.5,288.5,0.863
1126,328.5,250.5,0.914
1128,308.5,204.5,0.833
1129,300.5,188.5,0.696
1131,280.5,158.5,0.966
1132,272.5,148.5,0.995
1134,256.5,136.5,0.564
1136,250.5,158.5,0.939
1156,958.5,356.5,0.697
1157,266.5,378.5,0.6
1158,494.5,610.5,0.72
1160,498.5,600.5,0.524
1167,638.5,550.5,0.939
1168,666.5,564.5,0.837
1169,678.5,598.5,0.871
1170,708.5,602.5,0.829
1173,844.5,254.5,0.747
1174,888.5,626.5,0.524
1175,888.5,284.5,0.759
1181,916.5,502.5,0.948
1184,310.5,250.5,0.702
1185,302.5,250.5,0.961
1186,296.5,250.5,0.907
1187,288.5,250.5,0.971
1188,284.5,256.5,0.81
1189,278.5,260.5,0.967
1190,276.5,264.5,0.858
1191,272.5,266.5,0.965
1192,270.5,270.5,0.624
1193,266.5,274.5,0.89
1194,1072.5,212.5,0.916
1195,262.5,276.5,0.941
1196,260.5,276.5,0.791
1197,262.5,276.5,0.52
1198,1102.5,218.5,0.563
1199,1110.5,214.5,0.707
1212,1146.5,468.5,0.635
1213,1148.5,466.5,0.845
1214,1148.5,464.5,0.788
1224,266.5,274.5,0.609
1225,258.5,270.5,0.888
1227,250.5,246.5,0.92
1228,244.5,234.5,0.844
1229,244.5,224.5,0.955
1231,240.5,212.5,0.544
1232,240.5,212.5,0.941
1233,242.5,216.5,0.721
1234,244.5,222.5,0.932
1235,242.5,228.5,0.995
1236,254.5,244.5,0.937
1237,282.5,256.5,0.878
1239,326.5,216.5,0.877
1240,414.5,292.5,0.958
1241,458.5,278.5,0.969
1242,490.5,274.5,0.986
1243,524.5,268.5,0.996
1244,556.5,266.5,0.997
1245,594.5,266.5,0.987
1246,634.5,272.5,0.962
1247,672.5,280.5,0.985
1248,706.5,290.5,0.95
1249,738.5,298.5,0.504
1250,768.5,312.5,0.941
1251,798.5,338.5,0.973
1252,830.5,336.5,0.995
1253,868.5,320.5,0.995
1254,892.5,314.5,0.991
1255,924.5,310.5,0.997
1256,950.5,308.5,0.999
1257,984.5,310.5,0.923
1258,1010.5,314.5,0.843
1259,1002.5,304.5,0.663
1260,950.5,290.5,0.99
1261,902.5,274.5,0.996
1262,844.5,260.5,0.982
1263,790.5,250.5,0.976
1264,742.5,244.5,0.989
1265,694.5,244.5,0.992
1266,648.5,244.5,0.995
1267,620.5,250.5,0.938
1268,586.5,258.5,0.974
1269,542.5,266.5,0.993
1270,512.5,280.5,0.998
1271,476.5,266.5,0.982
1272,454.5,252.5,0.992
1273,426.5,236.5,0.991
1274,400.5,226.5,0.968
1275,372.5,214.5,0.98
1276,356.5,210.5,0.938
1277,1100.5,168.5,0.713
1278,1158.5,178.5,0.723
1279,370.5,196.5,0.99
1280,390.5,196.5,0.963
1281,412.5,196.5,0.984
1282,434.5,200.5,0.989
1283,454.5,206.5,0.994
1284,482.5,216.5,0.998
1285,504.5,228.5,0.992
1286,532.5,244.5,0.972
1287,552.5,258.5,0.987
1288,578.5,274.5,0.99
1289,596.5,296.5,0.992
1290,626.5,324.5,0.978
1291,650.5,354.5,0.973
1292,668.5,380.5,0.984
1293,694.5,392.5,0.996
1294,718.5,382.5,0.987
1295,740.5,374.5,0.987
1296,766.5,372.5,0.974
1297,790.5,370.5,0.988
1298,812.5,372.5,0.99
1299,838.5,384.5,0.936
1300,788.5,356.5,0.893
1301,752.5,342.5,0.943
1302,674.5,308.5,0.876
1303,620.5,294.5,0.905
1304,566.5,278.5,0.969
1305,528.5,274.5,0.981
1306,490.5,268.5,0.988
1307,454.5,264.5,0.994
1308,426.5,266.5,0.995
1309,398.5,268.5,0.996
1310,376.5,274.5,0.996
1311,360.5,280.5,0.998
1312,340.5,288.5,0.989
1313,320.5,266.5,0.969
1314,304.5,244.5,0.974
1315,284.5,224.5,0.947
1316,272.5,212.5,0.977
1317,222.5,380.5,0.75
1319,290.5,182.5,0.875
1320,314.5,178.5,0.94
1321,334.5,176.5,0.964
1322,360.5,174.5,0.964
1323,388.5,174.5,0.994
1324,418.5,178.5,0.989
1325,446.5,184.5,0.99
1326,470.5,192.5,0.992
1327,498.5,204.5,0.996
1328,530.5,218.5,0.997
1329,562.5,236.5,0.988
1330,584.5,250.5,0.968
1331,618.5,274.5,0.983
1332,650.5,302.5,0.966
1333,680.5,328.5,0.971
1335,1146.5,418.5,0.767
1336,774.5,436.5,0.977
1337,798.5,422.5,0.978
1338,832.5,412.5,0.99
1339,862.5,406.5,0.997
1340,898.5,398.5,0.992
1341,928.5,396.5,0.994
1342,954.5,400.5,0.972
1343,884.5,370.5,0.935
1344,842.5,356.5,0.964
1345,754.5,328.5,0.968
1347,296.5,228.5,0.676
1348,528.5,276.5,0.981
1349,478.5,266.5,0.992
1350,436.5,262.5,0.997
1351,402.5,260.5,0.997
1352,364.5,258.5,0.972
1353,338.5,260.5,0.986
1354,320.5,264.5,0.992
1355,298.5,270.5,0.967
1356,278.5,274.5,0.609
1357,270.5,282.5,0.953
1358,1144.5,548.5,0.921
1359,246.5,300.5,0.972
1360,240.5,308.5,0.997
1361,258.5,202.5,0.711
1362,262.5,184.5,0.553
1363,266.5,164.5,0.73
1365,1142.5,580.5,0.958
1369,246.5,304.5,0.992
1370,254.5,308.5,0.986
1371,298.5,180.5,0.719
1374,294.5,202.5,0.611
1375,292.5,214.5,0.667
1376,288.5,224.5,0.585
1377,278.5,230.5,0.933
1378,276.5,242.5,0.87
1379,298.5,324.5,0.925
1386,320.5,232.5,0.55
1389,1162.5,524.5,0.731
1390,1108.5,476.5,0.576
1391,200.5,228.5,0.614
1392,252.5,142.5,0.742
1393,252.5,146.5,0.836
1394,1190.5,538.5,0.545
1395,1188.5,538.5,0.736
1396,1102.5,366.5,0.939
1399,242.5,256.5,0.696
1401,1098.5,354.5,0.951
1403,304.5,150.5,0.68
1404,280.5,248.5,0.829
1405,318.5,154.5,0.82
1406,322.5,158.5,0.52
1408,336.5,170.5,0.727
1409,340.5,174.5,0.644
1423,1148.5,348.5,0.811
1424,1132.5,372.5,0.867
1425,1084.5,376.5,0.89
1427,1148.5,448.5,0.698
1435,312.5,226.5,0.596
1451,410.5,232.5,0.797
1453,414.5,234.5,0.738
1455,1142.5,360.5,0.577
1483,1172.5,538.5,0.566
1499,852.5,360.5,0.552
1524,1148.5,344.5,0.906
1545,1008.5,654.5,0.827
1584,1158.5,328.5,0.58
1589,1210.5,328.5,0.756
1594,396.5,236.5,0.545
1595,394.5,228.5,0.747
1596,398.5,218.5,0.949
1597,406.5,208.5,0.89
1598,408.5,196.5,0.986
1599,412.5,186.5,0.985
1600,416.5,172.5,0.991
1601,418.5,162.5,0.951
1602,420.5,148.5,0.872
1603,418.5,140.5,0.841
1604,418.5,128.5,0.915
1629,390.5,154.5,0.55
1630,384.5,162.5,0.952
1637,1112.5,634.5,0.546
1646,358.5,164.5,0.764
1670,318.5,268.5,0.675
1671,1166.5,468.5,0.891
1672,278.5,266.5,0.82
1673,362.5,218.5,0.607
1674,354.5,218.5,0.599
1681,318.5,228.5,0.742
1682,312.5,230.5,0.889
1683,312.5,234.5,0.708
1684,306.5,234.5,0.654
1685,302.5,234.5,0.939
1686,300.5,236.5,0.575
1688,292.5,236.5,0.779
1689,288.5,238.5,0.949
1690,284.5,240.5,0.862
1691,280.5,242.5,0.975
1692,274.5,248.5,0.972
1693,270.5,250.5,0.976
1695,262.5,262.5,0.956
1696,262.5,268.5,0.74
1697,262.5,274.5,0.975
1698,262.5,276.5,0.909
1699,312.5,388.5,0.517
1700,312.5,388.5,0.52
1701,312.5,388.5,0.53
1702,312.5,388.5,0.517
1703,312.5,388.5,0.531
1704,312.5,388.5,0.542
1705,312.5,388.5,0.57
1706,312.5,388.5,0.541
1707,310.5,388.5,0.617
1708,312.5,388.5,0.583
1709,312.5,388.5,0.585
1710,312.5,388.5,0.578
1711,312.5,388.5,0.627
1712,312.5,388.5,0.615
1713,312.5,388.5,0.591
1714,312.5,388.5,0.601
1715,312.5,388.5,0.61
1716,312.5,388.5,0.583
1717,312.5,388.5,0.573
1718,312.5,388.5,0.592
1719,312.5,388.5,0.589
1720,312.5,388.5,0.603
1721,312.5,388.5,0.601
1722,312.5,388.5,0.596
1723,312.5,388.5,0.593
1724,312.5,388.5,0.597
1725,312.5,388.5,0.547
1726,312.5,388.5,0.594
1727,312.5,388.5,0.589
1728,312.5,388.5,0.561
1729,252.5,276.5,0.944
1730,312.5,388.5,0.642
1731,312.5,388.5,0.627
1732,312.5,388.5,0.613
1733,238.5,228.5,0.986
1734,238.5,218.5,0.988
1735,232.5,212.5,0.985
1736,230.5,206.5,0.942
1737,230.5,202.5,0.967
1738,230.5,202.5,0.965
1739,230.5,208.5,0.983
1740,228.5,212.5,0.994
1741,228.5,218.5,0.978
1742,228.5,228.5,0.976
1743,236.5,242.5,0.959
1744,266.5,256.5,0.988
1745,306.5,270.5,0.846
1746,308.5,240.5,0.92
1747,398.5,302.5,0.959
1748,426.5,292.5,0.986
1749,458.5,284.5,0.988
1750,490.5,280.5,0.994
1751,522.5,276.5,0.997
1752,554.5,276.5,0.997
1753,590.5,278.5,0.991
1754,618.5,284.5,0.988
1755,652.5,292.5,0.994
1756,686.5,300.5,0.987
1757,722.5,322.5,0.993
1758,748.5,334.5,0.981
1759,786.5,350.5,0.994
1760,808.5,344.5,0.993
1761,840.5,330.5,0.997
1762,874.5,324.5,0.996
1763,896.5,324.5,0.998
1764,922.5,324.5,0.997
1765,950.5,328.5,0.975
1766,966.5,330.5,0.997
1767,902.5,300.5,0.986
1768,856.5,280.5,0.995
1769,810.5,264.5,0.997
1770,760.5,248.5,0.986
1771,720.5,240.5,0.982
1772,682.5,232.5,0.987
1773,638.5,228.5,0.999
1774,606.5,228.5,0.997
1775,576.5,230.5,0.987
1776,552.5,234.5,0.941
1777,526.5,242.5,0.96
1778,498.5,246.5,0.994
1779,472.5,250.5,0.991
1780,450.5,232.5,0.982
1781,432.5,220.5,0.981
1782,410.5,204.5,0.977
1783,400.5,196.5,0.978
1784,418.5,188.5,0.973
1785,444.5,182.5,0.993
1786,468.5,174.5,0.994
1787,494.5,172.5,0.995
1788,518.5,172.5,0.99
1789,546.5,174.5,0.989
1790,572.5,178.5,0.968
1791,596.5,184.5,0.937
1792,630.5,196.5,0.991
1793,646.5,202.5,0.985
1794,682.5,218.5,0.99
1795,708.5,232.5,0.979
1796,742.5,256.5,0.996
1797,774.5,278.5,0.999
1798,802.5,300.5,0.99
1799,828.5,326.5,0.978
1800,854.5,350.5,0.973
1801,886.5,388.5,0.981
1802,916.5,376.5,0.982
1803,948.5,364.5,0.978
1804,980.5,356.5,0.977
1805,1014.5,348.5,0.94
1806,1044.5,346.5,0.956
1807,1074.5,346.5,0.981
1808,1106.5,350.5,0.957
1809,1070.5,328.5,0.973
1810,1014.5,306.5,0.968
1811,948.5,284.5,0.938
1812,850.5,258.5,0.986
1813,790.5,244.5,0.992
1814,730.5,234.5,0.951
1815,684.5,228.5,0.995
1816,632.5,226.5,0.986
1817,586.5,226.5,0.971
1818,554.5,226.5,0.974
1819,510.5,228.5,0.996
1820,476.5,236.5,0.976
1821,440.5,244.5,0.998
1822,418.5,250.5,0.906
1823,390.5,260.5,0.974
1824,358.5,234.5,0.99
1825,342.5,220.5,0.927
1826,320.5,206.5,0.951
1827,336.5,198.5,0.946
1828,364.5,192.5,0.98
1829,392.5,190.5,0.988
1830,420.5,188.5,0.992
1831,450.5,188.5,0.991
1832,480.5,190.5,0.996
1833,514.5,196.5,0.993
1834,542.5,200.5,0.983
1835,578.5,212.5,0.975
1836,616.5,228.5,0.989
1837,642.5,238.5,0.984
1838,686.5,260.5,0.997
1839,720.5,280.5,0.99
1840,758.5,308.5,0.951
1841,792.5,328.5,0.945
1842,828.5,360.5,0.992
1843,856.5,380.5,0.992
1844,894.5,424.5,0.871
1845,926.5,450.5,0.993
1846,980.5,504.5,0.987
1847,1014.5,544.5,0.979
1848,1046.5,582.5,0.987
1849,1070.5,616.5,0.975
1850,1096.5,652.5,0.968
1851,1136.5,696.5,0.956
1852,1162.5,690.5,0.991
1853,1186.5,680.5,0.964
1857,296.5,234.5,0.522
1858,288.5,236.5,0.536
1866,1238.5,650.5,0.741
1882,1216.5,712.5,0.754
1888,1198.5,704.5,0.603
1910,1070.5,532.5,0.674
1911,1056.5,504.5,0.556
1916,298.5,154.5,0.631
1917,290.5,144.5,0.844
1918,284.5,130.5,0.639
1919,276.5,120.5,0.877
1920,270.5,110.5,0.945
1921,262.5,106.5,0.93
1922,1178.5,568.5,0.902
1923,1152.5,578.5,0.695
1924,216.5,396.5,0.524
1925,216.5,396.5,0.549
1927,216.5,396.5,0.555
1930,976.5,588.5,0.692
1931,216.5,396.5,0.523
1934,216.5,396.5,0.524
1936,216.5,396.5,0.505
1937,216.5,396.5,0.503
1942,666.5,452.5,0.99
1943,640.5,470.5,0.989
1944,618.5,494.5,0.972
1945,594.5,506.5,0.968
1946,572.5,520.5,0.958
1947,556.5,532.5,0.853
1966,492.5,596.5,0.643
1967,490.5,596.5,0.515
1968,892.5,380.5,0.826
1975,482.5,600.5,0.812
1976,482.5,598.5,0.525
1977,726.5,300.5,0.723
1978,482.5,592.5,0.523
1979,484.5,580.5,0.916
1980,214.5,394.5,0.558
1982,524.5,532.5,0.908
1983,752.5,296.5,0.733
1984,216.5,394.5,0.769
1985,584.5,532.5,0.809
1986,602.5,540.5,0.823
1987,216.5,394.5,0.753
1988,216.5,394.5,0.56
1989,684.5,550.5,0.928
1990,706.5,550.5,0.858
1991,216.5,394.5,0.584
1993,266.5,156.5,0.914
1994,272.5,172.5,0.975
1995,278.5,192.5,0.904
1997,868.5,600.5,0.782
1998,298.5,234.5,0.562
1999,214.5,394.5,0.737
2001,216.5,394.5,0.595
2002,216.5,394.5,0.502
2012,218.5,394.5,0.575
2013,216.5,394.5,0.823
2014,224.5,392.5,0.937
2015,236.5,390.5,0.863
2016,248.5,388.5,0.975
2017,256.5,388.5,0.937
2018,262.5,388.5,0.91
2038,992.5,390.5,0.915
2050,820.5,310.5,0.994
2051,784.5,292.5,0.99
2052,748.5,278.5,0.997
2053,708.5,264.5,0.986
2054,680.5,258.5,0.996
2055,636.5,248.5,0.988
2056,614.5,246.5,0.971
2057,582.5,248.5,0.946
2058,562.5,250.5,0.971
2059,536.5,252.5,0.994
2060,512.5,246.5,0.964
2061,486.5,230.5,0.989
2062,472.5,222.5,0.995
2063,456.5,212.5,0.993
2064,438.5,204.5,0.989
2065,420.5,202.5,0.936
2066,414.5,202.5,0.889
2067,434.5,196.5,0.995
2068,460.5,192.5,0.958
2069,488.5,190.5,0.989
2070,516.5,192.5,0.981
2071,540.5,194.5,0.971
2072,566.5,198.5,0.948
2073,596.5,206.5,0.957
2074,626.5,216.5,0.99
2075,644.5,224.5,0.996
2076,682.5,244.5,0.997
2077,710.5,260.5,0.999
2078,738.5,280.5,0.992
2079,756.5,292.5,0.994
2080,788.5,326.5,0.986
2081,814.5,328.5,0.992
2082,850.5,318.5,0.996
2083,870.5,314.5,0.966
2084,896.5,314.5,0.986
2085,924.5,316.5,0.973
2086,910.5,304.5,0.966
2087,862.5,290.5,0.992
2088,816.5,276.5,0.995
2089,762.5,264.5,0.99
2090,728.5,260.5,0.993
2091,682.5,254.5,0.998
2092,638.5,256.5,0.995
2093,602.5,256.5,0.98
2094,556.5,260.5,0.992
2095,528.5,262.5,0.993
2096,492.5,272.5,0.984
2097,462.5,282.5,0.99
2098,436.5,292.5,0.991
2099,1104.5,172.5,0.922
2100,376.5,276.5,0.976
2101,348.5,260.5,0.941
2102,326.5,250.5,0.987
2103,304.5,242.5,0.973
2104,278.5,252.5,0.671
2107,334.5,228.5,0.984
2108,370.5,228.5,0.991
2109,410.5,232.5,0.994
2110,444.5,236.5,0.992
2111,476.5,244.5,0.993
2112,526.5,258.5,0.982
2113,554.5,266.5,0.971
2114,602.5,288.5,0.972
2115,654.5,314.5,0.976
2116,696.5,332.5,0.973
2117,740.5,362.5,0.978
2118,784.5,390.5,0.82
2119,826.5,422.5,0.805
2120,884.5,450.5,0.996
2121,922.5,444.5,0.998
2122,970.5,444.5,0.991
2123,1016.5,444.5,0.997
2125,888.5,394.5,0.963
2126,820.5,378.5,0.985
2127,760.5,362.5,0.947
2128,684.5,348.5,0.89
2129,620.5,340.5,0.969
2130,326.5,234.5,0.995
2131,314.5,234.5,0.982
2132,506.5,338.5,0.995
2133,524.5,348.5,0.995
2134,540.5,358.5,0.983
2135,556.5,370.5,0.991
2136,570.5,368.5,0.997
2137,586.5,366.5,0.998
2138,600.5,372.5,0.99
2139,616.5,374.5,0.999
2140,630.5,380.5,0.997
2141,646.5,394.5,0.998
2142,660.5,404.5,0.995
2143,674.5,396.5,0.993
2144,688.5,396.5,0.997
2145,698.5,400.5,0.998
2146,712.5,406.5,0.998
2147,724.5,414.5,0.998
2148,736.5,426.5,0.996
2149,750.5,424.5,0.99
2150,762.5,422.5,0.997
2151,774.5,424.5,0.998
2152,788.5,426.5,0.998
2153,802.5,436.5,0.999
2154,814.5,446.5,0.972
2155,826.5,446.5,0.993
2156,840.5,444.5,0.998
2157,854.5,444.5,0.987
2158,870.5,454.5,0.997
2159,882.5,460.5,0.999
2160,892.5,470.5,0.974
2161,906.5,484.5,0.991
2162,916.5,502.5,0.998
2163,926.5,520.5,0.968
2164,930.5,536.5,0.952
2165,930.5,524.5,0.966
2167,406.5,228.5,0.609
2168,408.5,228.5,0.504
2169,408.5,230.5,0.594
2170,994.5,514.5,0.582
2171,1014.5,522.5,0.784
2172,1028.5,532.5,0.793
2173,1042.5,542.5,0.811
2174,1056.5,550.5,0.948
2176,1078.5,564.5,0.878
2177,1094.5,216.5,0.55
2178,1090.5,568.5,0.709
2179,1092.5,570.5,0.944
2181,1152.5,196.5,0.729
2184,1064.5,554.5,0.506
2192,996.5,394.5,0.956
2194,968.5,358.5,0.658
2197,36.5,508.5,0.866
2199,938.5,356.5,0.993
2200,936.5,344.5,0.994
2201,944.5,332.5,0.841
2203,934.5,296.5,0.95
2204,1156.5,140.5,0.725
2205,1060.5,198.5,0.895
2207,1138.5,132.5,0.84
2211,60.5,468.5,0.773
2213,16.5,172.5,0.623
2221,1026.5,230.5,0.591
2223,106.5,452.5,0.958
2227,196.5,450.5,0.771
2228,196.5,456.5,0.514
2230,204.5,474.5,0.735
2231,204.5,474.5,0.528
2234,206.5,474.5,0.58
2235,206.5,476.5,0.529
2237,136.5,468.5,0.624
2239,214.5,496.5,0.794
2240,220.5,504.5,0.833
2242,206.5,476.5,0.7
2243,210.5,476.5,0.551
2246,262.5,392.5,0.766
2247,266.5,392.5,0.857
2248,184.5,436.5,0.787
2255,326.5,518.5,0.941
2256,344.5,512.5,0.69
2257,384.5,534.5,0.94
2258,394.5,520.5,0.882
2261,292.5,538.5,0.677
2263,454.5,582.5,0.793
2265,410.5,234.5,0.739
2269,996.5,222.5,0.972
2270,994.5,216.5,0.983
2271,992.5,216.5,0.981
2272,430.5,602.5,0.961
2273,434.5,604.5,0.613
2277,458.5,588.5,0.853
2289,582.5,644.5,0.526
2292,368.5,584.5,0.535
2293,508.5,484.5,0.587
2298,502.5,590.5,0.524
2299,1132.5,456.5,0.504
2300,1100.5,458.5,0.937
2301,554.5,652.5,0.938
2306,930.5,434.5,0.688
2307,802.5,488.5,0.818
2309,406.5,642.5,0.822
2310,864.5,424.5,0.622
2312,1034.5,420.5,0.641
2314,86.5,476.5,0.936
2316,648.5,510.5,0.538
2317,1082.5,446.5,0.969
2318,1044.5,462.5,0.521
2339,858.5,406.5,0.57
2345,1046.5,234.5,0.512
2347,1048.5,234.5,0.848
2417,870.5,420.5,0.81
2419,854.5,444.5,0.892
2421,880.5,420.5,0.563
2434,386.5,232.5,0.583
2436,374.5,234.5,0.669
2447,1070.5,186.5,0.751
2457,230.5,244.5,0.823
2458,228.5,240.5,0.702
2461,322.5,242.5,0.727
2471,264.5,392.5,0.566
2472,266.5,388.5,0.747
2473,272.5,388.5,0.831
2477,344.5,236.5,0.688
2490,278.5,248.5,0.768
2494,872.5,346.5,0.61
2499,1130.5,342.5,0.57
2500,604.5,310.5,0.608
2505,834.5,324.5,0.682
2506,808.5,310.5,0.99
2507,762.5,290.5,0.997
2508,720.5,274.5,0.991
2509,684.5,262.5,0.997
2510,634.5,250.5,0.97
2511,598.5,244.5,0.984
2512,562.5,244.5,0.988
2513,534.5,244.5,0.972
2514,502.5,246.5,0.994
2515,474.5,252.5,0.998
2516,446.5,260.5,0.995
2517,426.5,264.5,0.989
2518,402.5,248.5,0.977
2519,376.5,230.5,0.949
2520,360.5,220.5,0.971
2521,346.5,212.5,0.772
2522,354.5,206.5,0.602
2523,368.5,192.5,0.97
2524,390.5,184.5,0.987
2525,412.5,178.5,0.977
2526,434.5,174.5,0.988
2527,456.5,174.5,0.994
2528,480.5,176.5,0.987
2529,500.5,178.5,0.995
2530,528.5,186.5,0.984
2531,548.5,192.5,0.985
2532,572.5,202.5,0.97
2533,594.5,214.5,0.985
2534,624.5,232.5,0.987
2535,640.5,244.5,0.993
2536,674.5,274.5,0.982
2537,688.5,284.5,0.929
2538,708.5,306.5,0.991
2539,728.5,326.5,0.986
2540,750.5,308.5,0.982
2541,772.5,292.5,0.995
2542,790.5,286.5,0.996
2543,808.5,276.5,0.998
2544,828.5,274.5,0.99
2545,848.5,272.5,0.986
2546,840.5,258.5,0.972
2547,804.5,242.5,0.991
2548,758.5,222.5,0.995
2549,714.5,204.5,0.978
2550,682.5,194.5,0.991
2551,636.5,180.5,0.997
2552,610.5,178.5,0.981
2553,574.5,172.5,0.988
2554,542.5,172.5,0.974
2555,520.5,174.5,0.986
2556,494.5,178.5,0.992
2557,470.5,180.5,0.995
2558,448.5,188.5,0.991
2559,426.5,196.5,0.987
2560,410.5,206.5,0.987
2561,390.5,218.5,0.988
2562,374.5,230.5,0.969
2563,358.5,244.5,0.975
2567,250.5,402.5,0.671
2568,252.5,400.5,0.705
2569,1100.5,170.5,0.895
2570,1108.5,172.5,0.954
2576,260.5,390.5,0.755
2581,308.5,360.5,0.817
2582,318.5,354.5,0.742
2585,332.5,332.5,0.559
2592,346.5,326.5,0.819
2595,342.5,328.5,0.526
2603,1106.5,326.5,0.827
2607,1126.5,306.5,0.644
2610,240.5,324.5,0.644
2612,1106.5,340.5,0.982
2613,1110.5,364.5,0.936
2634,1122.5,356.5,0.866
2639,1048.5,632.5,0.664
2641,1074.5,456.5,0.691
2644,1050.5,634.5,0.539
2648,964.5,354.5,0.603
2651,1148.5,210.5,0.784
2657,962.5,326.5,0.911
2668,1064.5,182.5,0.527
2676,1016.5,272.5,0.712
2685,1070.5,208.5,0.843
2689,1096.5,218.5,0.506
2690,1104.5,216.5,0.937
2693,354.5,234.5,0.524
2694,350.5,236.5,0.948
2698,320.5,244.5,0.774
2699,312.5,248.5,0.975
2700,304.5,250.5,0.991
2701,294.5,250.5,0.972
2702,290.5,256.5,0.78
2703,280.5,260.5,0.979
2704,274.5,264.5,0.992
2705,272.5,268.5,0.938
2706,264.5,272.5,0.976
2707,262.5,276.5,0.993
2708,258.5,278.5,0.835
2726,262.5,268.5,0.876
2727,234.5,272.5,0.783
2728,194.5,204.5,0.82
2729,242.5,226.5,0.814
2731,234.5,210.5,0.781
2732,236.5,206.5,0.804
2733,234.5,206.5,0.969
2734,234.5,208.5,0.801
2735,232.5,212.5,0.988
2736,230.5,218.5,0.881
2737,228.5,228.5,0.979
2738,252.5,244.5,0.92
2739,282.5,252.5,0.906
2740,312.5,252.5,0.742
2741,324.5,240.5,0.924
2742,332.5,222.5,0.971
2743,460.5,278.5,0.994
2744,498.5,270.5,0.993
2745,536.5,266.5,0.993
2746,570.5,266.5,0.992
2747,602.5,268.5,0.98
2748,646.5,276.5,0.974
2749,680.5,282.5,0.971
2750,718.5,292.5,0.876
2751,754.5,308.5,0.891
2752,762.5,356.5,0.947
2753,824.5,344.5,0.99
2754,854.5,358.5,0.993
2755,890.5,342.5,0.988
2756,928.5,332.5,0.994
2757,954.5,328.5,0.975
2758,984.5,326.5,0.99
2759,1016.5,328.5,0.963
2760,1046.5,330.5,0.976
2763,1016.5,306.5,0.991
2764,950.5,276.5,0.996
2765,902.5,260.5,0.996
2766,850.5,248.5,0.993
2767,794.5,236.5,0.982
2768,748.5,230.5,0.963
2769,712.5,230.5,0.989
2770,678.5,230.5,0.981
2771,634.5,236.5,0.987
2772,604.5,242.5,0.98
2773,572.5,252.5,0.937
2774,540.5,260.5,0.994
2775,508.5,278.5,0.99
2776,482.5,264.5,0.958
2777,458.5,244.5,0.992
2778,438.5,230.5,0.984
2779,410.5,214.5,0.934
2780,388.5,202.5,0.951
2781,370.5,198.5,0.947
2782,348.5,190.5,0.933
2783,1060.5,328.5,0.943
2785,348.5,172.5,0.941
2787,390.5,162.5,0.887
2789,434.5,162.5,0.983
2790,452.5,162.5,0.995
2791,476.5,168.5,0.985
2792,500.5,176.5,0.994
2793,526.5,188.5,0.984
2794,548.5,200.5,0.983
2795,576.5,218.5,0.979
2796,606.5,240.5,0.988
2797,632.5,264.5,0.996
2798,656.5,284.5,0.915
2799,684.5,312.5,0.985
2800,708.5,340.5,0.992
2801,730.5,368.5,0.876
2802,758.5,398.5,0.975
2803,778.5,386.5,0.981
2804,778.5,386.5,0.963
2805,804.5,370.5,0.991
2806,828.5,362.5,0.998
2807,854.5,354.5,0.995
2808,882.5,348.5,0.993
2809,906.5,350.5,0.992
2810,936.5,354.5,0.958
2811,936.5,376.5,0.964
2812,806.5,302.5,0.982
2813,742.5,282.5,0.988
2814,688.5,268.5,0.981
2815,632.5,256.5,0.976
2816,586.5,244.5,0.994
2817,546.5,242.5,0.987
2818,514.5,240.5,0.983
2819,478.5,240.5,0.983
2820,452.5,244.5,0.996
2821,430.5,248.5,0.992
2822,412.5,256.5,0.968
2823,394.5,260.5,0.94
2824,374.5,234.5,0.973
2825,362.5,216.5,0.91
2826,342.5,198.5,0.801
2827,304.5,346.5,0.921
2828,310.5,338.5,0.952
2829,320.5,334.5,0.821
2830,332.5,330.5,0.961
2831,406.5,152.5,0.88
2832,440.5,152.5,0.929
2833,470.5,152.5,0.983
2834,496.5,154.5,0.994
2835,530.5,160.5,0.993
2836,558.5,166.5,0.993
2837,592.5,178.5,0.986
2838,626.5,192.5,0.974
2839,642.5,196.5,0.995
2840,678.5,216.5,0.989
2841,712.5,238.5,0.98
2842,744.5,260.5,0.996
2843,774.5,282.5,0.997
2844,794.5,300.5,0.994
2845,832.5,308.5,0.995
2846,850.5,298.5,0.995
2847,882.5,286.5,0.996
2848,908.5,278.5,0.992
2849,938.5,272.5,0.996
2850,960.5,268.5,0.996
2851,998.5,268.5,1.0
2852,1018.5,270.5,0.989
2853,1048.5,276.5,0.986
2854,1076.5,286.5,0.987
2855,1096.5,294.5,0.974
2856,1124.5,310.5,0.984
2857,1150.5,330.5,0.988
2858,1128.5,324.5,0.953
2859,1060.5,292.5,0.982
2860,1010.5,274.5,0.983
2861,948.5,258.5,0.997
2862,898.5,246.5,0.996
2863,856.5,242.5,0.994
2864,808.5,238.5,0.994
2865,762.5,238.5,0.99
2866,726.5,242.5,0.967
2867,684.5,246.5,0.996
2868,650.5,258.5,0.986
2869,622.5,268.5,0.971
2870,586.5,266.5,0.983
2871,564.5,268.5,0.984
2872,536.5,280.5,0.993
2873,514.5,274.5,0.989
2874,486.5,258.5,0.995
2875,458.5,246.5,0.996
2876,440.5,242.5,0.938
2877,414.5,238.5,0.878
2878,390.5,234.5,0.922
2880,296.5,340.5,0.857
2881,394.5,218.5,0.943
2882,412.5,210.5,0.972
2883,444.5,200.5,0.972
2884,470.5,192.5,0.99
2885,498.5,186.5,0.993
2886,528.5,182.5,0.994
2887,554.5,180.5,0.992
2888,582.5,180.5,0.981
2889,614.5,184.5,0.934
2890,642.5,190.5,0.993
2891,676.5,198.5,0.996
2892,706.5,208.5,0.991
2893,730.5,218.5,0.978
2894,758.5,230.5,0.987
2895,786.5,244.5,0.994
2896,820.5,268.5,0.995
2897,850.5,290.5,0.998
2898,880.5,312.5,0.995
2899,898.5,326.5,0.998
2900,934.5,366.5,0.916
2901,966.5,354.5,0.987
2902,988.5,340.5,0.982
2903,1010.5,332.5,0.983
2904,1040.5,322.5,0.984
2905,1064.5,316.5,0.948
2906,1092.5,310.5,0.937
2907,1114.5,310.5,0.994
2908,1144.5,314.5,0.965
2909,1164.5,318.5,0.979
2910,1188.5,324.5,0.997
2911,1204.5,332.5,0.991
2912,1186.5,294.5,0.976
2914,950.5,276.5,0.979
2915,1112.5,208.5,0.982
2916,824.5,262.5,0.959
2917,1096.5,170.5,0.997
2918,712.5,262.5,0.988
2919,650.5,270.5,0.984
2920,606.5,276.5,0.994
2921,584.5,270.5,0.819
2922,580.5,268.5,0.995
2923,566.5,266.5,0.997
2924,560.5,268.5,0.994
2925,550.5,274.5,0.998
2926,540.5,280.5,0.999
2927,532.5,286.5,0.995
2928,526.5,298.5,0.997
2929,516.5,292.5,0.999
2930,504.5,284.5,1.0
2931,496.5,276.5,0.999
2932,488.5,272.5,0.998
2933,478.5,268.5,0.997
2934,468.5,270.5,0.996
2935,460.5,274.5,0.999
2936,452.5,278.5,0.999
2937,444.5,286.5,0.988
2938,438.5,296.5,0.998
2939,428.5,288.5,0.979
2940,418.5,282.5,0.983
2941,408.5,276.5,0.989
2942,400.5,272.5,0.89
2943,392.5,272.5,0.93
2944,382.5,272.5,0.987
2945,374.5,278.5,0.995
2946,368.5,284.5,0.997
2947,362.5,294.5,0.996
2951,330.5,274.5,0.566
2952,332.5,254.5,0.938
2953,326.5,250.5,0.914
2954,308.5,276.5,0.973
2955,298.5,282.5,0.995
2956,294.5,290.5,0.98
2957,288.5,284.5,0.561
2958,278.5,274.5,0.944
2961,298.5,284.5,0.971
2962,304.5,276.5,0.997
2963,308.5,270.5,0.99
2964,314.5,264.5,0.993
2965,322.5,260.5,0.984
2966,330.5,260.5,0.983
2967,338.5,264.5,0.977
2968,878.5,392.5,0.943
2969,396.5,222.5,0.971
2970,400.5,232.5,0.947
2971,358.5,258.5,0.942
2972,360.5,254.5,0.961
2973,366.5,250.5,0.965
2974,368.5,252.5,0.992
2975,374.5,256.5,0.991
2976,376.5,262.5,0.993
2977,380.5,258.5,0.991
2978,384.5,252.5,0.997
2979,386.5,248.5,0.989
2980,390.5,246.5,0.982
2982,382.5,238.5,0.958
2983,374.5,234.5,0.981
2984,380.5,222.5,0.674
2985,368.5,220.5,0.546
2986,358.5,216.5,0.762
2988,348.5,216.5,0.544
2989,344.5,218.5,0.645
2990,346.5,226.5,0.82
2995,762.5,614.5,0.762
2996,740.5,606.5,0.796
2997,708.5,588.5,0.561
2998,690.5,592.5,0.797
2999,666.5,584.5,0.856
3000,354.5,372.5,0.758
3001,340.5,378.5,0.773
3002,324.5,380.5,0.674
3005,274.5,384.5,0.551
3006,262.5,388.5,0.934
3007,246.5,388.5,0.99
3008,228.5,390.5,0.982
3009,210.5,392.5,0.966
3010,194.5,392.5,0.975
3011,178.5,394.5,0.949
3012,166.5,396.5,0.959
3013,160.5,400.5,0.861
3014,158.5,402.5,0.522
3015,296.5,242.5,0.599
3016,292.5,248.5,0.891
3017,282.5,252.5,0.895
3018,132.5,86.5,0.593
3019,260.5,260.5,0.767
3020,246.5,264.5,0.952
3021,228.5,264.5,0.955
3022,212.5,266.5,0.928
3023,158.5,404.5,0.613
3024,172.5,258.5,0.626
3025,154.5,250.5,0.568
3026,160.5,404.5,0.633
3027,160.5,404.5,0.601
3029,158.5,404.5,0.837
3030,158.5,404.5,0.749
3031,158.5,404.5,0.682
3032,812.5,330.5,0.595
3033,158.5,402.5,0.955
3034,482.5,580.5,0.937
3035,160.5,402.5,0.779
3037,160.5,404.5,0.834
3039,208.5,260.5,0.955
3040,230.5,258.5,0.882
3041,240.5,248.5,0.865
3042,264.5,254.5,0.77
3043,160.5,402.5,0.762
3044,158.5,402.5,0.879
3045,160.5,402.5,0.676
3046,160.5,404.5,0.826
3047,160.5,404.5,0.85
3048,162.5,404.5,0.84
3049,160.5,402.5,0.734
3050,160.5,402.5,0.774
3052,154.5,402.5,0.913
3053,162.5,402.5,0.961
3054,172.5,400.5,0.924
3055,186.5,400.5,0.845
3056,204.5,400.5,0.893
3057,654.5,564.5,0.866
3058,668.5,572.5,0.621
3059,258.5,396.5,0.537
3060,276.5,398.5,0.788
3064,834.5,668.5,0.791
3065,836.5,658.5,0.741
3066,850.5,644.5,0.966
3074,844.5,362.5,0.559
3078,1004.5,520.5,0.55
3082,302.5,396.5,0.724
3083,302.5,396.5,0.686
3084,302.5,396.5,0.699
3085,344.5,236.5,0.735
3086,338.5,234.5,0.871
3087,330.5,236.5,0.801
3088,324.5,238.5,0.853
3089,320.5,238.5,0.956
3090,310.5,238.5,0.879
3091,300.5,240.5,0.946
3092,290.5,244.5,0.959
3093,282.5,252.5,0.96
3094,280.5,258.5,0.935
3095,270.5,264.5,0.968
3096,266.5,268.5,0.619
3097,262.5,272.5,0.575
3099,1084.5,168.5,0.582
3100,1092.5,168.5,0.908
3101,1100.5,168.5,0.849
3102,1102.5,218.5,0.626
3111,1134.5,474.5,0.646
3123,300.5,274.5,0.564
3124,268.5,270.5,0.824
3125,252.5,260.5,0.695
3126,248.5,248.5,0.972
3127,226.5,264.5,0.834
3128,240.5,222.5,0.97
3129,234.5,216.5,0.943
3130,232.5,208.5,0.78
3131,284.5,260.5,0.51
3133,230.5,208.5,0.797
3135,230.5,220.5,0.983
3136,230.5,230.5,0.997
3137,246.5,244.5,0.916
3138,278.5,244.5,0.702
3139,304.5,254.5,0.681
3140,326.5,246.5,0.907
3141,340.5,230.5,0.978
3142,416.5,294.5,0.996
3143,452.5,288.5,0.985
3144,484.5,288.5,0.962
3145,514.5,292.5,0.992
3146,550.5,298.5,0.99
3147,580.5,308.5,0.988
3148,622.5,322.5,0.985
3149,654.5,336.5,0.991
3150,690.5,354.5,0.97
3151,724.5,380.5,0.934
3152,760.5,412.5,0.525
3153,788.5,414.5,0.978
3154,820.5,404.5,0.959
3155,856.5,398.5,0.991
3156,890.5,396.5,0.994
3157,914.5,396.5,0.954
3158,944.5,398.5,0.977
3159,872.5,360.5,0.978
3160,828.5,338.5,0.988
3161,772.5,316.5,0.979
3162,734.5,306.5,0.979
3163,688.5,292.5,0.989
3164,650.5,284.5,0.98
3165,614.5,282.5,0.992
3166,582.5,276.5,0.87
3167,548.5,284.5,0.997
3168,522.5,288.5,0.991
3169,500.5,294.5,0.989
3170,480.5,302.5,0.952
3171,456.5,282.5,0.986
3172,438.5,266.5,0.994
3173,426.5,252.5,0.997
3174,408.5,236.5,0.991
3175,394.5,226.5,0.986
3176,382.5,220.5,0.961
3177,370.5,214.5,0.921
3178,358.5,212.5,0.992
3179,370.5,208.5,0.973
3180,392.5,202.5,0.969
3181,414.5,196.5,0.993
3182,438.5,194.5,0.987
3183,466.5,194.5,0.99
3184,488.5,196.5,0.998
3185,518.5,202.5,0.983
3186,546.5,210.5,0.992
3187,574.5,224.5,0.979
3188,600.5,234.5,0.984
3189,628.5,250.5,0.982
3190,650.5,266.5,0.974
3191,688.5,292.5,0.926
3192,710.5,310.5,0.973
3193,744.5,344.5,0.985
3194,1236.5,568.5,0.73
3195,1196.5,418.5,0.924
3196,830.5,400.5,0.993
3197,858.5,388.5,0.992
3198,888.5,380.5,0.998
3199,918.5,378.5,0.979
3200,946.5,376.5,0.976
3201,982.5,382.5,0.984
3202,1012.5,388.5,0.975
3203,1038.5,394.5,0.97
3204,986.5,374.5,0.711
3205,852.5,330.5,0.952
3206,820.5,324.5,0.954
3207,250.5,396.5,0.913
3209,614.5,276.5,0.989
3210,568.5,274.5,0.972
3211,532.5,270.5,0.983
3212,498.5,270.5,0.991
3213,460.5,274.5,0.992
3214,428.5,276.5,0.997
3215,408.5,280.5,0.918
3216,384.5,258.5,0.989
3217,358.5,238.5,0.992
3218,342.5,226.5,0.951
3219,326.5,212.5,0.933
3220,348.5,204.5,0.954
3221,380.5,200.5,0.99
3222,414.5,198.5,0.997
3223,446.5,196.5,0.997
3224,478.5,198.5,0.994
3225,512.5,202.5,0.983
3226,544.5,208.5,0.986
3227,574.5,214.5,0.99
3228,610.5,226.5,0.993
3229,640.5,236.5,0.992
3230,678.5,252.5,0.992
3231,708.5,266.5,0.986
3232,752.5,292.5,0.992
3233,750.5,342.5,0.948
3234,808.5,330.5,0.981
3235,842.5,352.5,0.985
3236,886.5,326.5,0.997
3237,910.5,322.5,0.999
3238,944.5,314.5,0.971
3239,942.5,316.5,0.948
3240,972.5,312.5,0.988
3241,1006.5,308.5,0.999
3242,1036.5,310.5,0.98
3243,1068.5,316.5,0.969
3244,1098.5,324.5,0.945
3246,1008.5,294.5,0.965
3247,900.5,268.5,0.971
3248,852.5,258.5,0.975
3249,758.5,246.5,0.956
3250,706.5,244.5,0.979
3251,646.5,244.5,0.99
3252,612.5,248.5,0.907
3253,576.5,256.5,0.953
3254,522.5,262.5,0.985
3255,488.5,272.5,0.923
3256,454.5,248.5,0.99
3257,426.5,228.5,0.988
3258,396.5,212.5,0.993
3259,364.5,198.5,0.983
3260,338.5,188.5,0.949
3261,328.5,180.5,0.985
3262,342.5,170.5,0.994
3263,354.5,162.5,0.988
3264,368.5,156.5,0.991
3265,380.5,152.5,0.992
3266,392.5,152.5,0.993
3267,408.5,154.5,0.997
3268,422.5,156.5,0.995
3269,438.5,164.5,0.998
3270,452.5,174.5,0.991
3271,468.5,188.5,0.989
3272,486.5,206.5,0.996
3273,502.5,224.5,0.995
3274,522.5,250.5,0.962
3275,538.5,270.5,0.981
3276,558.5,306.5,0.966
3277,574.5,336.5,0.931
3279,620.5,426.5,0.971
3280,628.5,450.5,0.911
3281,658.5,514.5,0.86
3282,678.5,564.5,0.931
3283,698.5,616.5,0.661
3286,1118.5,658.5,0.615
3294,222.5,396.5,0.829
3295,222.5,396.5,0.758
3296,222.5,394.5,0.716
3298,224.5,392.5,0.633
3312,88.5,540.5,0.635
3314,228.5,396.5,0.54
3315,780.5,672.5,0.8
3316,752.5,652.5,0.959
3317,724.5,638.5,0.951
3318,696.5,622.5,0.901
3319,666.5,612.5,0.95
3320,638.5,600.5,0.895
3321,618.5,584.5,0.621
3322,592.5,586.5,0.633
3328,502.5,578.5,0.943
3329,242.5,260.5,0.553
3330,254.5,252.5,0.657
3331,504.5,594.5,0.673
3332,298.5,252.5,0.749
3333,302.5,244.5,0.526
3340,226.5,392.5,0.776
3341,228.5,390.5,0.839
3343,238.5,388.5,0.934
3344,244.5,386.5,0.976
3345,252.5,386.5,0.835
3346,256.5,386.5,0.833
3349,40.5,428.5,0.779
3352,264.5,388.5,0.669
3357,568.5,376.5,0.706
3359,78.5,538.5,0.661
3362,488.5,580.5,0.823
3368,548.5,584.5,0.503
3371,224.5,608.5,0.502
3372,224.5,608.5,0.522
3376,224.5,610.5,0.63
3379,664.5,280.5,0.51
3380,224.5,612.5,0.609
3382,222.5,612.5,0.742
3383,222.5,612.5,0.536
3384,222.5,612.5,0.729
3385,768.5,624.5,0.804
3386,222.5,614.5,0.746
3388,214.5,630.5,0.819
3389,1102.5,178.5,0.98
3390,214.5,632.5,0.687
3391,798.5,314.5,0.941
3393,226.5,610.5,0.701
3394,1102.5,500.5,0.922
3397,224.5,612.5,0.582
3401,1078.5,476.5,0.52
3402,824.5,454.5,0.528
3405,224.5,610.5,0.592
3407,1052.5,446.5,0.936
3411,978.5,432.5,0.647
3412,264.5,388.5,0.588
3414,264.5,388.5,0.726
3415,264.5,388.5,0.562
3416,264.5,388.5,0.624
3417,264.5,388.5,0.51
3418,1010.5,352.5,0.581
3434,262.5,388.5,0.505
3436,262.5,388.5,0.536
3437,262.5,388.5,0.598
3438,1014.5,250.5,0.923
3439,264.5,388.5,0.725
3440,1018.5,246.5,0.984
3441,1016.5,246.5,0.985
3442,1020.5,250.5,0.991
3443,1020.5,252.5,0.538
3445,264.5,388.5,0.535
3446,264.5,388.5,0.543
3447,264.5,388.5,0.509
3450,264.5,388.5,0.506
3452,798.5,308.5,0.971
3453,768.5,290.5,0.997
3454,732.5,274.5,0.995
3455,696.5,258.5,0.997
3456,668.5,248.5,0.962
3457,626.5,236.5,0.987
3458,594.5,230.5,0.987
3459,566.5,228.5,0.992
3460,540.5,228.5,0.996
3461,514.5,232.5,0.981
3462,492.5,238.5,0.968
3463,472.5,244.5,0.995
3464,456.5,244.5,0.976
3465,438.5,228.5,0.987
3466,416.5,212.5,0.963
3467,404.5,200.5,0.926
3468,420.5,196.5,0.983
3469,440.5,196.5,0.988
3470,470.5,196.5,0.995
3471,494.5,198.5,0.992
3472,524.5,204.5,0.972
3473,548.5,210.5,0.974
3474,578.5,220.5,0.978
3475,602.5,230.5,0.986
3476,630.5,244.5,0.993
3477,654.5,258.5,0.992
3478,682.5,278.5,0.994
3479,708.5,294.5,0.837
3480,740.5,324.5,0.97
3481,768.5,336.5,0.983
3482,794.5,324.5,0.996
3483,826.5,322.5,0.97
3484,854.5,316.5,0.997
3485,880.5,318.5,0.994
3486,904.5,322.5,0.974
3487,930.5,324.5,0.998
3488,866.5,304.5,0.988
3489,804.5,284.5,0.989
3490,752.5,272.5,0.994
3491,696.5,260.5,0.991
3492,654.5,256.5,0.968
3493,610.5,252.5,0.963
3494,576.5,254.5,0.978
3495,526.5,252.5,0.976
3496,492.5,260.5,0.995
3497,458.5,266.5,0.999
3498,426.5,276.5,0.996
3499,396.5,282.5,0.989
3500,374.5,274.5,0.786
3501,342.5,252.5,0.972
3502,316.5,238.5,0.973
3503,296.5,232.5,0.907
3504,262.5,388.5,0.921
3505,262.5,386.5,0.924
3506,338.5,216.5,0.967
3507,364.5,216.5,0.99
3508,400.5,220.5,0.994
3509,434.5,226.5,0.997
3510,464.5,232.5,0.988
3511,506.5,244.5,0.985
3512,544.5,260.5,0.981
3513,574.5,268.5,0.974
3514,616.5,300.5,0.941
3515,652.5,316.5,0.985
3516,692.5,340.5,0.97
3517,720.5,368.5,0.952
3518,764.5,388.5,0.896
3519,800.5,374.5,0.995
3520,832.5,372.5,0.998
3521,870.5,370.5,0.99
3522,908.5,370.5,0.976
3523,948.5,374.5,0.981
3524,876.5,336.5,0.948
3525,808.5,304.5,0.992
3526,760.5,288.5,0.997
3527,708.5,270.5,0.991
3528,656.5,254.5,0.99
3529,618.5,244.5,0.992
3530,580.5,238.5,0.984
3531,542.5,232.5,0.981
3532,514.5,232.5,0.99
3533,484.5,236.5,0.981
3534,456.5,236.5,0.996
3535,438.5,244.5,0.997
3536,418.5,252.5,0.965
3537,398.5,262.5,0.987
3538,386.5,248.5,0.978
3539,370.5,228.5,0.929
3540,356.5,212.5,0.945
3541,436.5,130.5,0.946
3542,326.5,184.5,0.974
3543,418.5,88.5,0.582
3547,346.5,340.5,0.965
3548,358.5,92.5,0.929
3549,372.5,76.5,0.939
3550,352.5,180.5,0.986
3551,360.5,180.5,0.976
3552,368.5,176.5,0.667
3553,432.5,44.5,0.883
3554,448.5,42.5,0.949
3555,464.5,42.5,0.954
3556,482.5,44.5,0.908
3557,500.5,48.5,0.956
3558,516.5,56.5,0.95
3559,534.5,68.5,0.994
3560,548.5,78.5,0.99
3561,564.5,90.5,0.996
3562,582.5,110.5,0.995
3563,598.5,130.5,0.983
3564,616.5,152.5,0.984
3565,636.5,180.5,0.986
3566,646.5,196.5,0.979
3567,668.5,234.5,0.931
3568,678.5,260.5,0.973
3569,692.5,288.5,0.943
3570,706.5,324.5,0.983
3571,714.5,302.5,0.938
3572,728.5,278.5,0.986
3573,736.5,262.5,0.989
3574,746.5,242.5,0.912
3575,758.5,224.5,0.95
3576,766.5,210.5,0.987
3577,776.5,200.5,0.989
3578,786.5,192.5,0.986
3579,794.5,188.5,0.802
3580,802.5,186.5,0.952
3581,814.5,188.5,0.982
3582,822.5,192.5,0.989
3583,828.5,200.5,0.996
3584,834.5,210.5,0.999
3585,842.5,224.5,0.992
3586,848.5,238.5,0.988
3587,834.5,238.5,0.982
3588,808.5,228.5,0.996
3589,774.5,214.5,0.981
3590,746.5,208.5,0.979
3591,718.5,202.5,0.971
3592,690.5,202.5,0.973
3593,670.5,202.5,0.981
3594,640.5,206.5,0.992
3595,618.5,212.5,0.989
3596,596.5,220.5,0.961
3597,576.5,230.5,0.982
3598,558.5,242.5,0.985
3599,542.5,256.5,0.976
3600,524.5,268.5,0.995
3601,508.5,260.5,0.962
3602,496.5,244.5,0.984
3603,482.5,226.5,0.997
3604,468.5,212.5,0.998
3605,454.5,200.5,0.987
3606,442.5,192.5,0.837
3607,430.5,184.5,0.945
3608,418.5,180.5,0.978
3609,406.5,180.5,0.97
3610,396.5,182.5,0.975
3614,380.5,196.5,0.777
3615,402.5,190.5,0.857
3616,430.5,186.5,0.927
3617,402.5,212.5,0.992
3618,414.5,212.5,0.988
3619,498.5,186.5,0.978
3620,530.5,192.5,0.988
3621,554.5,196.5,0.989
3622,580.5,206.5,0.973
3623,610.5,220.5,0.986
3624,638.5,234.5,0.993
3625,672.5,256.5,0.94
3626,690.5,270.5,0.991
3627,718.5,292.5,0.952
3628,742.5,316.5,0.976
3629,764.5,340.5,0.99
3630,790.5,326.5,0.966
3631,824.5,306.5,0.999
3632,842.5,304.5,0.997
3633,868.5,292.5,0.996
3634,894.5,292.5,0.996
3635,920.5,290.5,0.996
3636,944.5,292.5,0.997
3637,902.5,282.5,0.959
3638,840.5,270.5,0.983
3639,760.5,258.5,0.967
3640,696.5,250.5,0.926
3641,636.5,244.5,0.975
3642,592.5,246.5,0.97
3643,542.5,246.5,0.841
3644,490.5,250.5,0.993
3645,434.5,260.5,0.996
3646,400.5,264.5,0.965
3647,358.5,276.5,0.978
3650,254.5,370.5,0.511
3651,1072.5,214.5,0.82
3652,140.5,292.5,0.968
3653,1110.5,188.5,0.96
3654,124.5,250.5,0.929
3655,34.5,308.5,0.977
3657,238.5,390.5,0.645
3660,1254.5,138.5,0.828
3665,284.5,388.5,0.675
3666,260.5,396.5,0.949
3667,236.5,406.5,0.971
3668,202.5,420.5,0.988
3669,172.5,428.5,0.96
3670,140.5,436.5,0.976
3671,114.5,436.5,0.941
3672,94.5,444.5,0.958
3673,86.5,452.5,0.844
3675,96.5,458.5,0.501
3676,232.5,390.5,0.934
3677,224.5,390.5,0.833
3678,1194.5,370.5,0.985
3682,1188.5,358.5,0.924
3683,1194.5,374.5,0.841
3704,1116.5,458.5,0.983
3710,1060.5,436.5,0.513
3725,1110.5,172.5,0.76
3726,998.5,600.5,0.61
3731,1116.5,226.5,0.848
3742,822.5,616.5,0.904
3743,804.5,620.5,0.946
3744,772.5,602.5,0.865
3745,748.5,598.5,0.826
3746,722.5,590.5,0.937
3747,698.5,590.5,0.938
3748,672.5,572.5,0.924
3749,650.5,578.5,0.894
3750,622.5,564.5,0.866
3751,890.5,636.5,0.92
3754,534.5,582.5,0.658
3786,480.5,596.5,0.816
3795,642.5,578.5,0.788
3796,666.5,596.5,0.906
3797,692.5,614.5,0.962
3798,712.5,632.5,0.931
3805,692.5,592.5,0.96
3806,666.5,580.5,0.887
3807,646.5,570.5,0.843
3820,700.5,450.5,0.628
3821,518.5,586.5,0.934
3822,30.5,486.5,0.505
3823,30.5,488.5,0.661
3824,30.5,488.5,0.813
3825,672.5,314.5,0.755
3826,604.5,550.5,0.734
3827,800.5,308.5,0.635
3828,648.5,580.5,0.756
3829,674.5,564.5,0.842
3830,698.5,574.5,0.929
3831,720.5,588.5,0.823
3834,806.5,642.5,0.811
3839,746.5,566.5,0.842
3842,694.5,570.5,0.742
3843,674.5,568.5,0.709
3844,656.5,564.5,0.652
3846,618.5,564.5,0.798
3847,604.5,568.5,0.651
3848,592.5,572.5,0.807
3858,540.5,570.5,0.507
3859,560.5,570.5,0.796
3860,570.5,548.5,0.703
3862,620.5,550.5,0.736
3863,642.5,556.5,0.954
3864,658.5,564.5,0.935
3865,690.5,578.5,0.906
3868,68.5,438.5,0.961
3869,80.5,440.5,0.675
3872,784.5,258.5,0.652
3877,836.5,644.5,0.608
3878,98.5,282.5,0.6
3879,124.5,270.5,0.916
3880,128.5,242.5,0.979
3881,148.5,226.5,0.975
3882,190.5,210.5,0.917
3883,216.5,190.5,0.936
3884,236.5,176.5,0.977
3885,260.5,160.5,0.973
3886,282.5,150.5,0.98
3887,306.5,140.5,0.987
3888,334.5,136.5,0.969
3889,358.5,134.5,0.979
3890,386.5,136.5,0.994
3891,412.5,140.5,0.988
3892,440.5,148.5,0.993
3893,468.5,160.5,0.99
3894,496.5,176.5,0.995
3895,524.5,192.5,0.978
3896,550.5,210.5,0.99
3897,578.5,232.5,0.988
3898,596.5,250.5,0.977
3899,620.5,276.5,0.974
3900,652.5,310.5,0.978
3901,674.5,340.5,0.977
3902,690.5,372.5,0.893
3903,710.5,358.5,0.971
3904,726.5,332.5,0.985
3905,744.5,310.5,0.995
3906,766.5,290.5,0.993
3907,780.5,280.5,0.995
3908,802.5,266.5,0.995
3909,820.5,258.5,0.996
3910,836.5,250.5,0.99
3911,1022.5,222.5,0.958
3912,1022.5,222.5,0.939
3913,1022.5,222.5,0.954
3914,1022.5,220.5,0.966
3915,1020.5,218.5,0.982
3916,1022.5,218.5,0.628
3919,258.5,390.5,0.838
3920,260.5,380.5,0.864
3921,262.5,370.5,0.777
3931,884.5,418.5,0.912
3932,1050.5,234.5,0.913
3945,154.5,260.5,0.502
3956,336.5,234.5,0.806
3957,996.5,392.5,0.853
3958,990.5,408.5,0.854
3962,1092.5,386.5,0.957
3963,1078.5,360.5,0.759
3969,842.5,332.5,0.704
3970,804.5,314.5,0.668
3971,766.5,292.5,0.994
3972,736.5,280.5,0.992
3973,694.5,266.5,0.989
3974,656.5,256.5,0.977
3975,624.5,248.5,0.97
3976,590.5,244.5,0.996
3977,560.5,246.5,0.996
3978,534.5,250.5,0.96
3979,506.5,250.5,0.996
3980,478.5,260.5,0.996
3981,456.5,262.5,0.99
3982,438.5,246.5,0.981
3983,418.5,236.5,0.985
3984,392.5,224.5,0.978
3985,374.5,216.5,0.991
3986,364.5,212.5,0.985
3987,384.5,204.5,0.983
3988,406.5,196.5,0.992
3989,432.5,190.5,0.991
3990,456.5,188.5,0.986
3991,480.5,188.5,0.994
3992,504.5,190.5,0.993
3993,534.5,196.5,0.988
3994,560.5,202.5,0.97
3995,586.5,212.5,0.961
3996,614.5,226.5,0.989
3997,642.5,242.5,0.996
3998,676.5,262.5,0.996
3999,692.5,274.5,0.983
4000,726.5,302.5,0.941
4001,752.5,324.5,0.961
4002,786.5,356.5,0.989
4003,814.5,394.5,0.946
4004,838.5,388.5,0.989
4005,866.5,376.5,0.993
4006,896.5,372.5,0.995
4007,926.5,364.5,0.982
4008,962.5,364.5,0.955
4009,896.5,340.5,0.919
4010,840.5,324.5,0.808
4011,788.5,314.5,0.955
4012,1034.5,366.5,0.647
4013,632.5,276.5,0.659
4014,612.5,276.5,0.947
4015,548.5,266.5,0.973
4016,508.5,266.5,0.99
4017,466.5,268.5,0.994
4018,440.5,272.5,0.979
4019,408.5,276.5,0.989
4020,380.5,284.5,0.992
4021,358.5,282.5,0.882
4022,326.5,252.5,0.982
4023,308.5,240.5,0.97
4024,294.5,228.5,0.934
4025,270.5,214.5,0.749
4026,252.5,366.5,0.547
4027,270.5,196.5,0.819
4030,340.5,192.5,0.94
4031,362.5,196.5,0.825
4032,390.5,202.5,0.987
4033,414.5,210.5,0.995
4034,436.5,220.5,0.994
4035,466.5,234.5,0.99
4036,492.5,248.5,0.997
4037,520.5,264.5,0.988
4038,538.5,284.5,0.958
4039,580.5,316.5,0.978
4040,606.5,342.5,0.964
4041,628.5,370.5,0.858
4042,654.5,374.5,0.993
4043,678.5,362.5,0.987
4044,702.5,356.5,0.995
4045,730.5,354.5,0.99
4046,760.5,350.5,0.988
4047,786.5,356.5,0.997
4048,814.5,362.5,0.995
4049,838.5,372.5,0.954
4050,788.5,350.5,0.948
4051,730.5,326.5,0.956
4052,686.5,312.5,0.978
4053,640.5,300.5,0.971
4054,600.5,294.5,0.997
4055,574.5,294.5,0.999
4056,540.5,292.5,0.989
4057,512.5,292.5,0.998
4058,488.5,294.5,0.995
4059,466.5,292.5,0.98
4060,448.5,270.5,0.978
4061,424.5,250.5,0.987
4062,412.5,238.5,0.992
4063,398.5,224.5,0.975
4064,384.5,214.5,0.986
4065,374.5,210.5,0.982
4066,358.5,204.5,0.944
4067,368.5,200.5,0.944
4068,380.5,200.5,0.975
4069,400.5,202.5,0.971
4070,420.5,204.5,0.993
4071,442.5,208.5,0.994
4072,458.5,212.5,0.992
4073,484.5,226.5,0.997
4074,504.5,236.5,0.951
4075,530.5,252.5,0.966
4076,556.5,270.5,0.984
4077,582.5,296.5,0.997
4078,602.5,316.5,0.985
4080,256.5,378.5,0.871
4081,662.5,386.5,0.939
4082,676.5,402.5,0.99
4083,704.5,394.5,0.985
4084,734.5,394.5,0.962
4085,758.5,394.5,0.949
4086,788.5,396.5,0.963
4087,818.5,404.5,0.959
4088,846.5,418.5,0.909
4089,806.5,388.5,0.922
4090,758.5,358.5,0.829
4091,690.5,326.5,0.938
4092,656.5,314.5,0.966
4093,604.5,290.5,0.973
4094,568.5,274.5,0.987
4095,534.5,268.5,0.997
4096,508.5,264.5,0.994
4097,482.5,260.5,0.996
4098,462.5,264.5,0.996
4099,444.5,266.5,0.994
4100,428.5,270.5,0.988
4101,410.5,266.5,0.979
4102,396.5,244.5,0.995
4103,386.5,228.5,0.986
4104,372.5,210.5,0.958
4105,360.5,198.5,0.975
4106,370.5,190.5,0.881
4107,400.5,188.5,0.965
4108,432.5,188.5,0.993
4109,462.5,190.5,0.994
4110,494.5,196.5,0.995
4111,530.5,204.5,0.979
4112,560.5,212.5,0.99
4113,592.5,226.5,0.979
4114,626.5,240.5,0.991
4115,644.5,248.5,0.993
4116,686.5,274.5,0.995
4117,710.5,292.5,0.911
4118,744.5,316.5,0.952
4119,768.5,316.5,0.966
4120,808.5,302.5,0.993
4121,834.5,298.5,0.977
4122,864.5,292.5,0.998
4123,896.5,292.5,0.999
4124,930.5,296.5,0.998
4125,952.5,300.5,0.999
4126,992.5,312.5,0.868
4127,1018.5,322.5,0.95
4128,1032.5,328.5,0.984
4129,938.5,292.5,0.981
4130,868.5,268.5,0.958
4131,790.5,242.5,0.982
4132,730.5,228.5,0.959
4133,678.5,220.5,0.991
4134,622.5,214.5,0.951
4135,570.5,212.5,0.973
4136,536.5,214.5,0.984
4137,494.5,218.5,0.968
4138,448.5,228.5,0.987
4139,416.5,238.5,0.866
4140,406.5,182.5,0.919
4141,250.5,388.5,0.946
4144,246.5,356.5,0.905
4145,296.5,274.5,0.744
4153,1032.5,280.5,0.596
4157,1064.5,204.5,0.88
4161,516.5,36.5,0.805
4162,536.5,68.5,0.98
4163,550.5,92.5,0.984
4164,562.5,116.5,0.968
4165,582.5,152.5,0.977
4166,596.5,180.5,0.899
4167,614.5,216.5,0.961
4168,628.5,246.5,0.852
4169,642.5,246.5,0.965
4170,644.5,232.5,0.956
4173,660.5,152.5,0.939
4174,666.5,124.5,0.862
4175,670.5,108.5,0.983
4176,674.5,94.5,0.974
4177,678.5,80.5,0.995
4178,684.5,68.5,0.987
4179,688.5,60.5,0.967
4180,694.5,54.5,0.962
4181,698.5,50.5,0.932
4182,704.5,50.5,0.972
4183,708.5,54.5,0.96
4184,712.5,60.5,0.974
4185,716.5,68.5,0.981
4186,720.5,80.5,0.988
4187,724.5,92.5,0.912
4188,728.5,108.5,0.896
4189,732.5,126.5,0.825
4190,736.5,146.5,0.56
4193,1032.5,232.5,0.616
4196,752.5,278.5,0.768
4198,758.5,234.5,0.659
4199,760.5,214.5,0.925
4200,762.5,196.5,0.881
4201,766.5,180.5,0.92
4202,768.5,168.5,0.969
4203,862.5,340.5,0.936
4204,774.5,148.5,0.964
4205,826.5,324.5,0.942
4206,818.5,324.5,0.923
4207,782.5,142.5,0.933
4208,782.5,144.5,0.951
4209,782.5,150.5,0.975
4210,784.5,158.5,0.988
4211,784.5,168.5,0.992
4212,786.5,180.5,0.99
4213,786.5,194.5,0.977
4214,786.5,212.5,0.992
4215,784.5,198.5,0.921
4216,782.5,186.5,0.983
4217,780.5,172.5,0.953
4218,778.5,160.5,0.98
4219,774.5,150.5,0.96
4220,772.5,144.5,0.882
4221,768.5,142.5,0.912
4222,764.5,142.5,0.823
4223,758.5,144.5,0.957
4224,754.5,152.5,0.984
4225,752.5,162.5,0.991
4226,746.5,176.5,0.967
4227,742.5,192.5,0.951
4228,848.5,338.5,0.674
4231,768.5,174.5,0.524
4232,872.5,346.5,0.533
4234,882.5,358.5,0.518
4239,882.5,240.5,0.832
4250,30.5,492.5,0.601
4252,30.5,492.5,0.523
4253,858.5,258.5,0.626
4256,748.5,276.5,0.971
4257,30.5,492.5,0.835
4258,686.5,294.5,0.968
4259,660.5,310.5,0.994
4260,634.5,324.5,0.997
4261,614.5,340.5,0.978
4262,596.5,322.5,0.991
4263,582.5,298.5,0.998
4264,562.5,268.5,0.986
4265,546.5,244.5,0.989
4266,532.5,228.5,0.996
4267,516.5,214.5,0.997
4268,502.5,202.5,0.987
4269,488.5,194.5,0.996
4270,476.5,190.5,0.978
4271,464.5,186.5,0.995
4272,452.5,188.5,0.997
4273,442.5,192.5,0.997
4274,432.5,198.5,0.998
4275,424.5,206.5,0.998
4276,414.5,216.5,0.998
4277,408.5,226.5,0.999
4278,402.5,240.5,0.989
4279,396.5,258.5,0.968
4280,388.5,244.5,0.985
4281,378.5,228.5,0.972
4282,372.5,214.5,0.991
4283,362.5,200.5,0.975
4284,356.5,182.5,0.869
4285,358.5,192.5,0.866
4286,354.5,202.5,0.921
4287,344.5,210.5,0.888
4288,30.5,492.5,0.647
4289,320.5,226.5,0.66
4290,30.5,492.5,0.616
4291,30.5,492.5,0.584
4297,32.5,492.5,0.735
4299,362.5,370.5,0.917
4302,224.5,608.5,0.599
4305,224.5,608.5,0.502
4307,824.5,330.5,0.516
4308,224.5,608.5,0.563
4309,224.5,608.5,0.514
4310,224.5,608.5,0.738
4311,224.5,608.5,0.566
4312,30.5,492.5,0.746
4313,32.5,492.5,0.543
4314,268.5,388.5,0.589
4315,224.5,608.5,0.554
4316,272.5,388.5,0.65
4317,224.5,608.5,0.603
4318,224.5,608.5,0.59
4319,32.5,492.5,0.768
4320,32.5,490.5,0.757
4321,224.5,608.5,0.728
4322,224.5,608.5,0.572
4323,224.5,608.5,0.753
4324,224.5,608.5,0.616
4325,32.5,492.5,0.775
4326,30.5,490.5,0.897
4327,676.5,280.5,0.648
4328,684.5,280.5,0.891
4329,690.5,598.5,0.902
4330,224.5,612.5,0.768
4331,224.5,610.5,0.889
4332,822.5,250.5,0.684
4333,302.5,250.5,0.956
4334,908.5,596.5,0.875
4335,292.5,250.5,0.965
4336,282.5,256.5,0.945
4337,280.5,258.5,0.987
4338,272.5,264.5,0.996
4339,272.5,266.5,0.981
4340,266.5,272.5,0.941
4341,264.5,274.5,0.952
4342,264.5,278.5,0.962
4343,266.5,276.5,0.894
4344,978.5,252.5,0.943
4345,30.5,492.5,0.625
4346,262.5,278.5,0.719
4347,30.5,492.5,0.555
4353,30.5,494.5,0.586
4354,30.5,492.5,0.502
4361,976.5,390.5,0.768
4369,252.5,274.5,0.867
4370,230.5,280.5,0.572
4371,226.5,270.5,0.775
4372,242.5,234.5,0.963
4373,238.5,226.5,0.907
4374,238.5,220.5,0.944
4375,232.5,214.5,0.795
4376,232.5,210.5,0.917
4377,230.5,212.5,0.979
4378,230.5,216.5,0.981
4379,228.5,222.5,0.943
4380,228.5,230.5,0.996
4381,252.5,244.5,0.983
4382,290.5,260.5,0.733
4383,356.5,292.5,0.745
4384,402.5,292.5,0.804
4385,446.5,284.5,0.927
4386,486.5,278.5,0.992
4387,524.5,276.5,0.98
4388,572.5,268.5,0.989
4389,620.5,276.5,0.981
4390,658.5,280.5,0.961
4391,696.5,286.5,0.972
4392,732.5,294.5,0.9
4393,786.5,314.5,0.962
4394,820.5,324.5,0.979
4395,864.5,344.5,0.991
4396,896.5,368.5,0.979
4398,980.5,356.5,0.963
4399,1020.5,346.5,0.954
4400,1052.5,342.5,0.994
4401,1090.5,340.5,0.999
4402,1030.5,298.5,0.88
4403,960.5,258.5,0.971
4404,902.5,228.5,0.99
4405,848.5,204.5,0.995
4406,790.5,180.5,0.997
4407,742.5,164.5,0.993
4408,692.5,150.5,0.993
4409,644.5,142.5,0.989
4410,610.5,140.5,0.977
4411,572.5,136.5,0.982
4412,534.5,136.5,0.985
4413,500.5,142.5,0.996
4414,468.5,148.5,0.996
4415,442.5,156.5,0.985
4416,416.5,166.5,0.988
4417,394.5,178.5,0.987
4418,372.5,192.5,0.98
4419,346.5,210.5,0.971
4420,334.5,222.5,0.934
4421,324.5,240.5,0.764
4422,296.5,384.5,0.704
4423,274.5,388.5,0.854
4424,176.5,312.5,0.545
4439,248.5,266.5,0.9
4447,152.5,364.5,0.689
4451,176.5,314.5,0.669
4459,136.5,400.5,0.689
4460,134.5,390.5,0.674
4461,1060.5,352.5,0.909
4462,1070.5,342.5,0.967
4464,150.5,370.5,0.695
4466,1056.5,338.5,0.988
4470,246.5,330.5,0.523
4472,1038.5,356.5,0.868
4496,198.5,336.5,0.53
4498,372.5,234.5,0.506
4500,388.5,232.5,0.986
4501,394.5,232.5,0.958
4502,400.5,232.5,0.976
4503,404.5,232.5,0.978
4504,408.5,232.5,0.912
4505,412.5,234.5,0.791
4514,1050.5,328.5,0.884
4515,1060.5,330.5,0.803
4524,1148.5,524.5,0.618
4527,1088.5,566.5,0.709
4538,1192.5,132.5,0.513
4541,1134.5,620.5,0.595
4559,502.5,588.5,0.506
4562,1016.5,650.5,0.65
4607,380.5,228.5,0.699
4608,374.5,234.5,0.979
4609,368.5,234.5,0.939
4610,358.5,240.5,0.695
4611,342.5,244.5,0.942
4612,332.5,250.5,0.881
4613,322.5,252.5,0.954
4614,318.5,256.5,0.874
4615,302.5,260.5,0.827
4616,292.5,266.5,0.813
4617,286.5,266.5,0.983
4618,276.5,268.5,0.972
4619,270.5,270.5,0.887
4620,264.5,272.5,0.571
4621,262.5,274.5,0.637
4622,260.5,276.5,0.84
4625,258.5,280.5,0.54
4627,1144.5,596.5,0.751
4641,1062.5,466.5,0.678
4652,256.5,266.5,0.781
4653,252.5,252.5,0.814
4654,246.5,236.5,0.973
4655,244.5,224.5,0.94
4656,252.5,232.5,0.512
4657,238.5,210.5,0.961
4659,236.5,204.5,0.791
4660,236.5,208.5,0.91
4661,238.5,212.5,0.982
4662,236.5,220.5,0.977
4663,238.5,230.5,0.977
4664,270.5,248.5,0.955
4666,366.5,294.5,0.967
4667,398.5,284.5,0.983
4668,430.5,276.5,0.996
4669,468.5,268.5,0.992
4670,502.5,268.5,0.983
4671,542.5,266.5,0.996
4672,574.5,266.5,0.986
4673,620.5,276.5,0.997
4674,654.5,284.5,0.959
4675,692.5,294.5,0.99
4676,738.5,312.5,0.976
4677,768.5,328.5,0.977
4678,818.5,356.5,0.992
4679,842.5,374.5,0.977
4680,890.5,390.5,0.984
4681,918.5,382.5,0.977
4682,956.5,374.5,0.995
4683,990.5,370.5,0.988
4684,1024.5,368.5,0.984
4685,1054.5,370.5,0.844
4686,1024.5,358.5,0.933
4687,986.5,354.5,0.919
4688,900.5,340.5,0.973
4689,810.5,330.5,0.978
4690,776.5,334.5,0.975
4691,338.5,220.5,0.903
4692,332.5,222.5,0.746
4694,472.5,380.5,0.99
4695,430.5,392.5,0.848
4696,372.5,416.5,0.743
4697,276.5,452.5,0.864
4698,248.5,470.5,0.955
4699,188.5,504.5,0.958
4700,138.5,534.5,0.936
4701,90.5,570.5,0.939
4702,58.5,604.5,0.987
4703,52.5,616.5,0.986
4704,70.5,616.5,0.99
4705,84.5,618.5,0.99
4706,100.5,622.5,0.996
4707,118.5,628.5,0.992
4708,132.5,628.5,0.973
4709,142.5,622.5,0.948
4710,152.5,616.5,0.957
4711,166.5,616.5,0.942
4712,178.5,618.5,0.964
4713,190.5,626.5,0.955
4714,1184.5,376.5,0.892
4715,206.5,618.5,0.885
4716,212.5,618.5,0.912
4717,222.5,620.5,0.72
4718,230.5,624.5,0.992
4719,238.5,632.5,0.987
4720,246.5,632.5,0.968
4721,248.5,624.5,0.961
4722,254.5,620.5,0.948
4723,262.5,620.5,0.735
4724,266.5,624.5,0.943
4725,272.5,620.5,0.902
4726,274.5,614.5,0.944
4727,278.5,614.5,0.924
4728,284.5,616.5,0.874
4729,286.5,608.5,0.944
4730,288.5,608.5,0.923
4731,290.5,606.5,0.89
4732,294.5,602.5,0.596
4733,294.5,600.5,0.858
4734,296.5,596.5,0.942
4735,26.5,474.5,0.859
4736,34.5,470.5,0.947
4737,296.5,590.5,0.939
4738,48.5,464.5,0.665
4746,288.5,514.5,0.866
4747,296.5,522.5,0.696
4748,304.5,522.5,0.57
4749,908.5,400.5,0.632
4750,946.5,404.5,0.954
4751,318.5,532.5,0.787
4752,904.5,348.5,0.655
4755,898.5,342.5,0.81
4758,876.5,380.5,0.843
4760,1026.5,228.5,0.598
4761,1022.5,230.5,0.935
4762,1020.5,232.5,0.928
4763,270.5,390.5,0.878
4768,254.5,396.5,0.711
4769,1014.5,294.5,0.539
4774,280.5,454.5,0.614
4780,288.5,572.5,0.899
4782,296.5,580.5,0.995
4783,306.5,568.5,0.994
4784,318.5,556.5,0.958
4785,334.5,536.5,0.961
4786,350.5,512.5,0.829
4787,372.5,458.5,0.805
4789,256.5,396.5,0.906
4791,448.5,312.5,0.951
4792,470.5,278.5,0.989
4793,490.5,256.5,0.991
4794,514.5,234.5,0.983
4795,532.5,218.5,0.978
4796,554.5,204.5,0.979
4797,578.5,194.5,0.965
4798,604.5,184.5,0.947
4799,626.5,182.5,0.985
4800,644.5,182.5,0.987
4801,672.5,188.5,0.978
4802,690.5,196.5,0.988
4803,710.5,210.5,0.978
4804,732.5,226.5,0.949
4805,750.5,244.5,0.964
4806,764.5,260.5,0.976
4807,786.5,290.5,0.994
4808,794.5,308.5,0.958
4809,256.5,396.5,0.721
4810,822.5,360.5,0.997
4811,828.5,336.5,0.951
4812,834.5,312.5,0.988
4813,838.5,296.5,0.997
4814,842.5,276.5,0.994
4815,848.5,266.5,0.996
4816,852.5,256.5,0.953
4817,856.5,248.5,0.931
4818,862.5,244.5,0.824
4819,864.5,246.5,0.973
4820,866.5,252.5,0.959
4821,870.5,260.5,0.99
4822,870.5,274.5,0.993
4823,872.5,286.5,0.993
4824,872.5,306.5,0.976
4825,872.5,294.5,0.923
4826,256.5,396.5,0.685
4827,256.5,396.5,0.671
4828,256.5,396.5,0.688
4829,256.5,396.5,0.712
4830,256.5,396.5,0.711
4831,256.5,396.5,0.714
4832,256.5,396.5,0.709
4833,256.5,396.5,0.707
4834,256.5,396.5,0.705
4835,808.5,298.5,0.975
4836,778.5,312.5,0.99
4837,754.5,324.5,0.99
4838,718.5,342.5,0.967
4839,696.5,362.5,0.971
4840,678.5,380.5,0.988
4841,658.5,346.5,0.983
4842,646.5,322.5,0.974
4843,634.5,298.5,0.991
4844,620.5,274.5,0.989
4845,604.5,254.5,0.968
4846,592.5,238.5,0.971
4847,578.5,224.5,0.986
4848,564.5,214.5,0.971
4849,552.5,208.5,0.977
4850,542.5,206.5,0.964
4851,530.5,208.5,0.981
4852,520.5,210.5,0.992
4853,510.5,216.5,0.992
4854,500.5,224.5,0.997
4855,492.5,234.5,0.974
4856,484.5,248.5,0.999
4857,476.5,260.5,0.996
4858,470.5,276.5,0.996
4859,466.5,294.5,0.998
4860,456.5,280.5,0.996
4861,450.5,260.5,0.952
4862,440.5,242.5,0.99
4863,432.5,228.5,0.998
4864,424.5,216.5,0.998
4865,416.5,206.5,0.994
4866,410.5,200.5,0.985
4867,404.5,194.5,0.996
4868,398.5,194.5,0.985
4869,390.5,196.5,0.985
4870,384.5,200.5,0.979
4871,378.5,188.5,0.966
4875,336.5,184.5,0.866
4876,332.5,196.5,0.953
4877,326.5,208.5,0.907
4878,310.5,218.5,0.985
4879,302.5,228.5,0.506
4880,292.5,236.5,0.906
4882,280.5,250.5,0.777
4884,270.5,260.5,0.81
4885,264.5,264.5,0.753
4886,260.5,268.5,0.936
4887,258.5,272.5,0.684
4888,256.5,276.5,0.888
4890,256.5,276.5,0.744
4892,260.5,278.5,0.758
4894,260.5,280.5,0.511
4916,254.5,276.5,0.963
4917,254.5,268.5,0.929
4918,250.5,256.5,0.816
4919,246.5,242.5,0.925
4920,244.5,230.5,0.957
4923,236.5,212.5,0.967
4924,234.5,210.5,0.893
4925,234.5,212.5,0.971
4926,234.5,218.5,0.974
4927,230.5,220.5,0.863
4928,238.5,234.5,0.991
4929,266.5,248.5,0.975
4931,376.5,296.5,0.982
4932,412.5,286.5,0.975
4933,454.5,276.5,0.994
4934,490.5,266.5,0.986
4935,540.5,260.5,0.991
4936,582.5,262.5,0.953
4937,622.5,264.5,0.922
4938,676.5,270.5,0.993
4939,710.5,276.5,0.979
4940,754.5,288.5,0.993
4941,794.5,302.5,0.992
4942,834.5,320.5,0.99
4943,844.5,374.5,0.942
4944,902.5,348.5,0.941
4945,960.5,366.5,0.986
4946,994.5,356.5,0.98
4947,1024.5,350.5,0.952
4948,1062.5,344.5,0.965
4949,1094.5,340.5,0.987
4950,1098.5,328.5,0.986
4951,1026.5,298.5,0.895
4952,966.5,276.5,0.941
4953,968.5,278.5,0.861
4954,912.5,260.5,0.992
4955,854.5,244.5,0.988
4956,798.5,232.5,0.987
4957,758.5,226.5,0.985
4958,712.5,224.5,0.979
4959,678.5,222.5,0.994
4960,634.5,226.5,0.985
4961,600.5,228.5,0.98
4962,572.5,234.5,0.953
4963,542.5,242.5,0.978
4964,506.5,252.5,0.992
4965,484.5,258.5,0.99
4966,458.5,238.5,0.989
4967,438.5,218.5,0.991
4968,418.5,206.5,0.985
4970,398.5,184.5,0.842
4971,410.5,180.5,0.961
4972,434.5,180.5,0.983
4973,464.5,180.5,0.994
4974,486.5,180.5,0.995
4975,510.5,186.5,0.981
4976,536.5,192.5,0.989
4977,562.5,200.5,0.987
4978,592.5,214.5,0.987
4979,618.5,228.5,0.99
4980,644.5,244.5,0.998
4981,678.5,266.5,0.994
4982,692.5,282.5,0.992
4983,730.5,310.5,0.963
4984,754.5,340.5,0.98
4985,778.5,368.5,0.985
4986,804.5,360.5,0.991
4987,834.5,350.5,0.99
4988,862.5,342.5,0.996
4989,892.5,340.5,0.995
4990,918.5,340.5,0.994
4991,946.5,340.5,0.985
4992,980.5,348.5,0.981
4993,934.5,332.5,0.981
4994,872.5,316.5,0.987
4995,822.5,306.5,0.998
4996,766.5,292.5,0.988
4997,726.5,290.5,0.963
4998,674.5,284.5,0.955
4999,642.5,286.5,0.94
5000,594.5,294.5,0.992
5001,574.5,296.5,0.999
5002,574.5,304.5,0.989
5003,580.5,314.5,0.997
5004,586.5,314.5,0.996
5005,592.5,308.5,1.0
5006,596.5,304.5,0.997
5007,602.5,304.5,0.996
5008,608.5,306.5,0.999
5009,614.5,310.5,1.0
5010,620.5,316.5,0.999
5011,624.5,328.5,0.996
5012,632.5,330.5,0.998
5013,636.5,322.5,0.999
5014,646.5,320.5,0.998
5015,648.5,320.5,0.999
5016,656.5,322.5,1.0
5017,662.5,328.5,1.0
5018,666.5,336.5,0.999
5019,672.5,346.5,0.997
5020,678.5,340.5,0.999
5021,684.5,336.5,0.996
5022,690.5,336.5,0.997
5023,696.5,336.5,0.999
5024,700.5,344.5,0.999
5025,706.5,348.5,0.998
5026,712.5,358.5,0.999
5027,718.5,354.5,0.998
5028,724.5,350.5,0.999
5029,730.5,350.5,0.998
5030,736.5,352.5,0.999
5031,742.5,358.5,1.0
5032,746.5,366.5,0.999
5033,750.5,372.5,0.995
5034,756.5,364.5,0.998
5035,764.5,364.5,0.999
5036,768.5,364.5,0.998
5037,774.5,370.5,1.0
5038,780.5,376.5,0.998
5039,784.5,384.5,0.994
5040,792.5,382.5,0.998
5041,798.5,380.5,0.999
5042,804.5,382.5,0.997
5043,808.5,386.5,0.999
5044,814.5,394.5,0.996
5045,818.5,400.5,0.986
5046,824.5,394.5,0.998
5047,832.5,394.5,0.999
5048,836.5,400.5,0.995
5049,840.5,406.5,0.998
5050,846.5,412.5,0.989
5051,852.5,408.5,0.999
5052,860.5,408.5,0.997
5053,864.5,412.5,0.995
5054,870.5,416.5,0.993
5055,874.5,426.5,0.951
5056,884.5,422.5,0.907
5058,46.5,526.5,0.911
5059,876.5,404.5,0.616
5060,882.5,388.5,0.739
5061,902.5,376.5,0.54
5062,1020.5,218.5,0.931
5064,966.5,614.5,0.767
5065,32.5,426.5,0.569
5081,304.5,394.5,0.693
5101,858.5,460.5,0.823
5110,62.5,516.5,0.568
5126,286.5,236.5,0.508
5127,286.5,236.5,0.765
5128,288.5,236.5,0.569
5129,980.5,378.5,0.604
5130,976.5,394.5,0.698
5131,970.5,410.5,0.865
5140,60.5,516.5,0.566
5142,822.5,330.5,0.948
5143,776.5,326.5,0.856
5144,746.5,292.5,0.994
5145,706.5,276.5,0.989
5146,656.5,258.5,0.98
5147,632.5,254.5,0.981
5148,604.5,248.5,0.957
5149,572.5,244.5,0.994
5150,544.5,246.5,0.985
5151,516.5,248.5,0.983
5152,496.5,250.5,0.993
5153,476.5,242.5,0.921
5154,456.5,228.5,0.992
5155,434.5,218.5,0.987
5156,418.5,208.5,0.985
5157,418.5,194.5,0.782
5158,428.5,178.5,0.849
5159,442.5,162.5,0.972
5160,456.5,146.5,0.996
5161,468.5,130.5,0.992
5162,482.5,118.5,0.997
5163,498.5,108.5,0.996
5164,512.5,100.5,0.995
5165,528.5,96.5,0.989
5166,544.5,92.5,0.994
5167,560.5,90.5,0.99
5168,576.5,92.5,0.99
5169,592.5,98.5,0.994
5170,608.5,106.5,0.987
5171,626.5,116.5,0.996
5172,642.5,128.5,0.99
5173,658.5,144.5,0.873
5174,676.5,164.5,0.998
5175,692.5,184.5,0.986
5176,710.5,212.5,0.976
5177,726.5,236.5,0.914
5178,742.5,266.5,0.973
5179,754.5,286.5,0.945
5180,772.5,326.5,0.991
5181,778.5,346.5,0.99
5182,800.5,388.5,0.992
5183,810.5,374.5,0.99
5184,826.5,356.5,0.996
5185,838.5,336.5,0.997
5186,850.5,324.5,0.993
5187,864.5,312.5,0.991
5188,872.5,302.5,0.981
5200,58.5,516.5,0.608
5203,58.5,516.5,0.558
5204,964.5,498.5,0.601
5205,60.5,516.5,0.533
5206,60.5,516.5,0.513
5208,58.5,516.5,0.552
5210,58.5,516.5,0.543
5218,58.5,516.5,0.517
5232,994.5,392.5,0.855
5234,60.5,516.5,0.561
5235,986.5,420.5,0.834
5238,60.5,516.5,0.537
5239,60.5,516.5,0.565
5243,822.5,316.5,0.965
5244,802.5,298.5,0.996
5245,770.5,276.5,0.999
5246,738.5,254.5,0.994
5247,702.5,232.5,0.992
5248,676.5,220.5,0.992
5249,642.5,206.5,0.996
5250,622.5,198.5,0.991
5251,598.5,194.5,0.962
5252,574.5,190.5,0.983
5253,546.5,188.5,0.985
5254,530.5,190.5,0.992
5255,506.5,194.5,0.99
5256,488.5,198.5,0.993
5257,470.5,204.5,0.994
5258,454.5,212.5,0.991
5259,438.5,220.5,0.994
5260,424.5,228.5,0.98
5261,410.5,216.5,0.796
5262,882.5,634.5,0.918
5263,900.5,644.5,0.833
5264,444.5,192.5,0.969
5265,470.5,192.5,0.988
5266,496.5,194.5,0.992
5267,526.5,196.5,0.993
5268,550.5,202.5,0.91
5269,580.5,210.5,0.981
5270,610.5,220.5,0.986
5271,640.5,232.5,0.995
5272,672.5,248.5,0.998
5273,694.5,260.5,0.995
5274,726.5,280.5,0.988
5275,742.5,292.5,0.952
5276,776.5,322.5,0.996
5277,818.5,310.5,0.995
5278,836.5,308.5,0.995
5279,866.5,306.5,0.986
5280,892.5,306.5,0.998
5281,928.5,308.5,0.998
5282,950.5,312.5,0.983
5283,942.5,300.5,0.997
5284,890.5,282.5,0.995
5285,840.5,264.5,0.989
5286,788.5,248.5,0.994
5287,744.5,238.5,0.978
5288,698.5,228.5,0.981
5289,674.5,226.5,0.996
5290,626.5,220.5,0.968
5291,590.5,220.5,0.94
5292,556.5,220.5,0.992
5293,526.5,224.5,0.994
5294,498.5,228.5,0.996
5295,470.5,236.5,0.986
5296,442.5,244.5,0.996
5297,424.5,250.5,0.986
5298,402.5,236.5,0.964
5299,382.5,222.5,0.982
5300,366.5,208.5,0.97
5301,380.5,204.5,0.977
5302,410.5,202.5,0.969
5303,436.5,200.5,0.986
5304,466.5,202.5,0.992
5305,494.5,206.5,0.995
5306,524.5,212.5,0.99
5307,550.5,220.5,0.964
5308,582.5,230.5,0.982
5309,614.5,244.5,0.986
5310,646.5,260.5,0.999
5311,678.5,278.5,0.99
5312,708.5,296.5,0.992
5313,734.5,316.5,0.969
5314,772.5,344.5,0.982
5315,802.5,368.5,0.984
5316,830.5,362.5,0.996
5317,864.5,356.5,0.99
5318,902.5,352.5,0.989
5319,936.5,352.5,0.985
5320,976.5,354.5,0.983
5321,1002.5,356.5,0.977
5322,968.5,336.5,0.864
5323,896.5,310.5,0.987
5324,840.5,290.5,0.977
5325,762.5,266.5,0.984
5326,716.5,256.5,0.98
5327,674.5,246.5,0.984
5328,614.5,238.5,0.992
5329,570.5,234.5,0.965
5330,528.5,232.5,0.94
5331,492.5,238.5,0.946
5332,456.5,238.5,0.995
5333,418.5,244.5,0.993
5334,388.5,252.5,0.988
5335,364.5,260.5,0.964
5336,340.5,262.5,0.976
5337,312.5,242.5,0.975
5338,294.5,228.5,0.924
5339,294.5,216.5,0.777
5340,320.5,214.5,0.988
5341,350.5,214.5,0.995
5342,378.5,216.5,0.991
5343,406.5,220.5,0.997
5344,442.5,228.5,0.99
5345,464.5,234.5,0.968
5346,500.5,246.5,0.99
5347,538.5,260.5,0.979
5348,568.5,274.5,0.988
5349,598.5,292.5,0.995
5350,634.5,314.5,0.981
5351,668.5,338.5,0.994
5352,698.5,340.5,0.997
5353,726.5,330.5,0.992
5354,756.5,326.5,0.994
5355,786.5,324.5,0.995
5356,820.5,326.5,0.998
5357,852.5,330.5,0.996
5358,884.5,340.5,0.986
5359,926.5,360.5,0.976
5360,860.5,322.5,0.986
5361,820.5,306.5,0.997
5362,776.5,290.5,0.998
5363,738.5,278.5,0.984
5364,706.5,272.5,0.99
5365,676.5,266.5,0.994
5366,646.5,266.5,0.99
5367,620.5,266.5,0.98
5368,612.5,258.5,0.995
5369,610.5,254.5,0.913
5370,608.5,250.5,0.927
5371,604.5,250.5,0.897
5372,600.5,252.5,0.936
5373,598.5,256.5,0.982
5374,596.5,262.5,0.988
5375,594.5,266.5,0.996
5376,590.5,272.5,0.994
5377,588.5,264.5,0.992
5378,586.5,254.5,0.967
5379,582.5,246.5,0.973
5380,580.5,240.5,0.962
5381,576.5,236.5,0.825
5382,574.5,236.5,0.952
5383,572.5,238.5,0.947
5384,568.5,242.5,0.99
5385,566.5,248.5,0.966
5386,566.5,258.5,0.977
5387,562.5,246.5,0.982
5388,564.5,250.5,0.952
5389,560.5,240.5,0.988
5390,558.5,232.5,0.972
5391,554.5,226.5,0.98
5392,552.5,224.5,0.97
5393,548.5,224.5,0.974
5394,548.5,226.5,0.989
5395,546.5,232.5,0.944
5396,544.5,238.5,0.947
5397,540.5,236.5,0.928
5398,538.5,228.5,0.944
5399,536.5,226.5,0.727
5403,1062.5,446.5,0.962
5404,508.5,208.5,0.821
5405,498.5,202.5,0.979
5406,488.5,204.5,0.972
5407,478.5,202.5,0.975
5408,472.5,208.5,0.968
5409,402.5,210.5,0.727
5411,438.5,216.5,0.921
5413,418.5,212.5,0.882
5414,412.5,210.5,0.823
5415,406.5,208.5,0.64
5420,1152.5,190.5,0.604
5422,352.5,354.5,0.663
5423,1106.5,186.5,0.937
5430,1048.5,236.5,0.869
5433,858.5,524.5,0.954
5434,938.5,658.5,0.942
5437,820.5,626.5,0.914
5438,786.5,606.5,0.958
5439,754.5,596.5,0.972
5440,724.5,588.5,0.964
5441,698.5,580.5,0.949
5442,670.5,570.5,0.947
5443,644.5,558.5,0.816
5444,346.5,362.5,0.723
5445,332.5,364.5,0.857
5446,320.5,366.5,0.888
5447,562.5,544.5,0.513
5453,504.5,598.5,0.914
5457,310.5,246.5,0.915
5458,304.5,248.5,0.659
5460,286.5,244.5,0.569
5467,274.5,358.5,0.926
5468,264.5,364.5,0.833
5469,254.5,370.5,0.713
5470,250.5,374.5,0.773
5472,244.5,378.5,0.93
5473,222.5,388.5,0.948
5474,226.5,388.5,0.948
5476,216.5,394.5,0.868
5477,484.5,586.5,0.871
5478,286.5,256.5,0.943
5479,290.5,252.5,0.979
5480,294.5,248.5,0.989
5481,300.5,240.5,0.958
5482,302.5,228.5,0.985
5483,300.5,214.5,0.992
5484,300.5,200.5,0.995
5485,298.5,184.5,0.988
5486,296.5,170.5,0.984
5487,292.5,154.5,0.93
5489,224.5,408.5,0.663
5491,502.5,610.5,0.968
5492,260.5,106.5,0.951
5493,270.5,110.5,0.519
5494,278.5,114.5,0.844
5495,530.5,580.5,0.877
5496,320.5,156.5,0.95
5497,320.5,182.5,0.945
5498,364.5,198.5,0.947
5499,388.5,224.5,0.956
5500,410.5,252.5,0.924
5501,434.5,280.5,0.996
5502,444.5,258.5,0.957
5503,456.5,242.5,0.988
5504,466.5,220.5,0.994
5505,478.5,202.5,0.992
5506,490.5,186.5,0.997
5507,502.5,172.5,0.991
5508,516.5,164.5,0.989
5509,528.5,156.5,0.988
5510,544.5,152.5,0.986
5511,556.5,150.5,0.981
5512,570.5,150.5,0.983
5513,584.5,154.5,0.984
5514,598.5,162.5,0.985
5515,610.5,170.5,0.98
5516,626.5,184.5,0.994
5517,638.5,198.5,0.98
5518,646.5,210.5,0.996
5519,662.5,232.5,0.964
5520,676.5,258.5,0.99
5521,682.5,272.5,0.967
5522,694.5,300.5,0.979
5523,704.5,326.5,0.998
5524,714.5,308.5,0.951
5525,728.5,284.5,0.989
5526,738.5,270.5,0.988
5527,750.5,256.5,0.976
5528,762.5,244.5,0.984
5529,774.5,234.5,0.985
5530,786.5,228.5,0.989
5531,796.5,224.5,0.987
5532,808.5,224.5,0.969
5533,818.5,226.5,0.997
5534,828.5,234.5,0.984
5535,836.5,242.5,0.994
5536,846.5,252.5,0.994
5537,852.5,262.5,0.996
5538,862.5,278.5,0.994
5539,868.5,296.5,0.997
5540,874.5,316.5,0.996
5541,870.5,346.5,0.855
5542,892.5,332.5,0.989
5543,898.5,318.5,0.999
5544,910.5,302.5,0.991
5545,922.5,290.5,0.997
5546,934.5,276.5,0.993
5547,944.5,272.5,0.994
5548,950.5,266.5,0.986
5559,906.5,402.5,0.84
5562,912.5,320.5,0.632
5571,1048.5,234.5,0.967
5572,1076.5,420.5,0.518
5574,298.5,384.5,0.743
5599,328.5,252.5,0.614
5606,54.5,516.5,0.825
5617,1032.5,244.5,0.983
5618,1034.5,244.5,0.977
5619,1038.5,248.5,0.981
5628,832.5,326.5,0.809
5629,850.5,310.5,0.999
5630,822.5,292.5,0.999
5631,788.5,272.5,0.997
5632,758.5,254.5,0.989
5633,728.5,242.5,0.985
5634,702.5,234.5,0.983
5635,680.5,228.5,0.998
5636,648.5,224.5,0.989
5637,630.5,224.5,0.981
5638,610.5,224.5,0.977
5639,590.5,226.5,0.986
5640,570.5,232.5,0.974
5641,552.5,238.5,0.986
5642,536.5,246.5,0.958
5643,520.5,234.5,0.986
5644,506.5,220.5,0.985
5645,492.5,208.5,0.993
5646,480.5,200.5,0.98
5647,468.5,194.5,0.969
5648,902.5,626.5,0.974
5649,456.5,186.5,0.919
5650,472.5,186.5,0.991
5651,486.5,190.5,0.982
5652,502.5,194.5,0.995
5653,518.5,202.5,0.987
5654,534.5,210.5,0.993
5655,554.5,224.5,0.989
5656,574.5,240.5,0.981
5657,584.5,252.5,0.986
5658,608.5,276.5,0.981
5659,626.5,298.5,0.977
5660,642.5,324.5,0.989
5661,658.5,340.5,0.997
5662,676.5,338.5,0.999
5663,692.5,336.5,0.999
5664,708.5,336.5,0.998
5665,726.5,342.5,1.0
5666,742.5,348.5,0.998
5667,760.5,358.5,0.993
5668,778.5,372.5,0.985
5669,734.5,348.5,0.942
5670,694.5,332.5,0.987
5671,654.5,314.5,0.988
5672,614.5,302.5,0.988
5673,582.5,294.5,0.988
5674,546.5,284.5,0.993
5675,518.5,282.5,0.999
5676,492.5,280.5,0.993
5677,468.5,280.5,0.997
5678,448.5,284.5,0.994
5679,426.5,290.5,0.994
5680,406.5,296.5,0.997
5681,388.5,278.5,0.979
5682,272.5,388.5,0.789
5683,346.5,244.5,0.969
5684,334.5,236.5,0.97
5685,318.5,376.5,0.767
5686,342.5,372.5,0.927
5687,340.5,214.5,0.865
5688,380.5,212.5,0.963
5689,410.5,210.5,0.986
5690,442.5,210.5,0.996
5691,476.5,212.5,0.996
5692,506.5,216.5,0.988
5693,542.5,226.5,0.993
5694,574.5,234.5,0.984
5695,608.5,246.5,0.987
5696,642.5,262.5,0.998
5697,674.5,278.5,0.983
5698,704.5,294.5,0.975
5699,736.5,318.5,0.952
5700,770.5,344.5,0.99
5701,800.5,332.5,0.959
5702,822.5,324.5,0.988
5703,858.5,314.5,0.982
5704,882.5,310.5,0.99
5705,916.5,308.5,0.997
5706,942.5,308.5,0.995
5707,972.5,312.5,0.857
5708,994.5,312.5,0.968
5709,338.5,218.5,0.552
5710,904.5,284.5,0.937
5711,326.5,220.5,0.919
5712,730.5,240.5,0.942
5713,682.5,232.5,0.95
5714,584.5,222.5,0.912
5715,294.5,226.5,0.935
5716,472.5,220.5,0.981
5717,432.5,224.5,0.992
5718,380.5,232.5,0.98
5719,332.5,244.5,0.967
5720,302.5,254.5,0.976
5721,268.5,268.5,0.974
5724,186.5,318.5,0.925
5725,166.5,336.5,0.966
5726,146.5,356.5,0.664
5727,130.5,368.5,0.853
5728,102.5,348.5,0.85
5729,92.5,336.5,0.514
5730,98.5,328.5,0.95
5731,100.5,322.5,0.989
5732,106.5,318.5,0.935
5733,110.5,314.5,0.957
5734,116.5,312.5,0.992
5735,120.5,314.5,0.971
5736,124.5,318.5,0.986
5737,132.5,324.5,0.977
5738,136.5,330.5,0.997
5739,144.5,338.5,0.998
5740,150.5,352.5,0.995
5741,158.5,366.5,0.943
5742,178.5,278.5,0.948
5743,174.5,400.5,0.946
5744,182.5,420.5,0.958
5745,190.5,438.5,0.69
5746,200.5,466.5,0.709
5747,278.5,398.5,0.898
5748,266.5,404.5,0.962
5749,258.5,408.5,0.974
5750,254.5,418.5,0.947
5751,292.5,544.5,0.936
5752,290.5,536.5,0.918
5753,286.5,524.5,0.942
5754,256.5,426.5,0.913
5755,256.5,426.5,0.873
5756,204.5,524.5,0.836
5757,202.5,518.5,0.677
5758,202.5,514.5,0.932
5759,198.5,406.5,0.926
5760,184.5,418.5,0.92
5761,170.5,430.5,0.928
5762,156.5,438.5,0.776
5764,142.5,450.5,0.795
5769,254.5,426.5,0.84
5770,244.5,432.5,0.599
5771,238.5,438.5,0.87
5773,228.5,454.5,0.693
5777,246.5,484.5,0.677
5781,96.5,344.5,0.83
5782,274.5,498.5,0.988
5789,304.5,592.5,0.853
5791,118.5,438.5,0.613
5793,1020.5,224.5,0.891
5796,1110.5,248.5,0.954
5797,130.5,466.5,0.798
5799,1060.5,192.5,0.83
5804,290.5,550.5,0.596
5808,340.5,532.5,0.895
5809,336.5,516.5,0.732
5810,320.5,496.5,0.864
5811,312.5,478.5,0.909
5812,302.5,460.5,0.922
5813,284.5,522.5,0.5
5814,282.5,522.5,0.822
5815,282.5,522.5,0.592
5816,282.5,522.5,0.855
5817,282.5,522.5,0.786
5818,196.5,468.5,0.893
5819,206.5,476.5,0.893
5820,210.5,482.5,0.859
5821,282.5,522.5,0.915
5822,280.5,520.5,0.864
5823,280.5,520.5,0.946
5824,280.5,516.5,0.93
5825,212.5,488.5,0.845
5826,212.5,486.5,0.837
5827,212.5,486.5,0.93
5828,204.5,358.5,0.732
5829,204.5,340.5,0.798
5830,272.5,300.5,0.747
5833,54.5,516.5,0.626
5836,270.5,432.5,0.864
5837,270.5,422.5,0.896
5838,272.5,412.5,0.9
5839,272.5,402.5,0.938
5840,268.5,396.5,0.698
5841,52.5,514.5,0.594
5843,214.5,486.5,0.706
5844,214.5,482.5,0.913
5845,216.5,476.5,0.926
5846,224.5,468.5,0.884
5847,1064.5,200.5,0.728
5848,1074.5,216.5,0.898
5849,202.5,432.5,0.68
5853,56.5,516.5,0.616
5855,58.5,516.5,0.529
5856,100.5,220.5,0.503
5858,230.5,420.5,0.922
5859,1108.5,482.5,0.855
5860,232.5,402.5,0.537
5863,56.5,516.5,0.57
5871,984.5,308.5,0.983
5872,394.5,226.5,0.854
5873,402.5,228.5,0.876
5874,406.5,230.5,0.96
5875,998.5,292.5,0.941
5876,412.5,232.5,0.625
5877,58.5,516.5,0.674
5879,56.5,516.5,0.523
5880,54.5,516.5,0.572
5882,412.5,232.5,0.939
5883,56.5,516.5,0.576
5884,408.5,232.5,0.825
5885,406.5,232.5,0.771
5886,404.5,234.5,0.913
5887,402.5,234.5,0.792
5888,56.5,516.5,0.701
5890,54.5,516.5,0.564
5895,358.5,202.5,0.51
5919,50.5,516.5,0.896
5920,1096.5,168.5,0.669
5921,1100.5,168.5,0.943
5927,50.5,516.5,0.741
5928,50.5,516.5,0.705
5950,314.5,388.5,0.596
5954,316.5,74.5,0.52
5960,368.5,240.5,0.547
5961,360.5,242.5,0.92
5962,350.5,242.5,0.925
5963,336.5,242.5,0.945
5964,326.5,246.5,0.872
5965,312.5,250.5,0.969
5966,304.5,248.5,0.976
5967,294.5,252.5,0.927
5968,286.5,256.5,0.927
5969,278.5,264.5,0.972
5970,272.5,266.5,0.97
5971,264.5,270.5,0.929
5972,262.5,272.5,0.902
5973,262.5,274.5,0.793
5974,260.5,276.5,0.908
5975,260.5,276.5,0.965
5976,1116.5,200.5,0.859
5977,260.5,276.5,0.88
5978,312.5,388.5,0.604
5979,260.5,278.5,0.805
5980,312.5,388.5,0.661
5981,312.5,390.5,0.533
5982,262.5,280.5,0.696
5983,312.5,390.5,0.557
5984,312.5,390.5,0.602
5985,312.5,390.5,0.749
5986,312.5,390.5,0.708
5987,312.5,390.5,0.603
5988,312.5,390.5,0.571
5989,312.5,390.5,0.637
5990,312.5,390.5,0.616
5991,312.5,390.5,0.71
5992,312.5,390.5,0.706
5993,312.5,390.5,0.633
5994,312.5,390.5,0.684
5995,312.5,390.5,0.679
5996,258.5,280.5,0.791
5997,256.5,272.5,0.902
5998,262.5,258.5,0.839
5999,252.5,248.5,0.924
6000,248.5,236.5,0.966
6001,246.5,224.5,0.961
6002,244.5,218.5,0.701
6003,246.5,214.5,0.957
6004,246.5,212.5,0.969
6005,246.5,216.5,0.961
6006,246.5,220.5,0.959
6007,242.5,228.5,0.961
6008,258.5,242.5,0.956
6009,284.5,254.5,0.825
6010,312.5,390.5,0.541
6011,380.5,302.5,0.963
6012,410.5,296.5,0.987
6013,450.5,288.5,0.966
6014,478.5,284.5,0.997
6015,514.5,280.5,0.997
6016,546.5,282.5,0.993
6017,582.5,290.5,0.989
6018,618.5,296.5,0.994
6019,656.5,308.5,0.951
6020,690.5,314.5,0.942
6021,738.5,340.5,0.987
6022,772.5,356.5,0.986
6023,802.5,374.5,0.977
6024,836.5,404.5,0.952
6025,870.5,406.5,0.952
6026,906.5,392.5,0.979
6027,940.5,388.5,0.999
6028,976.5,386.5,0.99
6029,1004.5,380.5,0.984
6030,938.5,344.5,0.961
6031,874.5,312.5,0.994
6032,822.5,290.5,0.994
6033,756.5,266.5,0.996
6034,714.5,254.5,0.987
6035,680.5,244.5,0.995
6036,630.5,234.5,0.98
6037,588.5,228.5,0.996
6038,558.5,228.5,0.998
6039,526.5,228.5,0.997
6040,500.5,234.5,0.969
6041,474.5,240.5,0.986
6042,446.5,246.5,0.998
6043,426.5,258.5,0.986
6044,408.5,266.5,0.988
6045,392.5,250.5,0.969
6046,376.5,228.5,0.972
6047,358.5,210.5,0.961
6048,172.5,198.5,0.765
6049,354.5,188.5,0.97
6050,380.5,188.5,0.922
6051,408.5,186.5,0.987
6052,434.5,186.5,0.987
6053,464.5,190.5,0.996
6054,496.5,196.5,0.996
6055,532.5,204.5,0.986
6056,562.5,212.5,0.985
6057,596.5,226.5,0.988
6058,630.5,242.5,0.995
6059,656.5,252.5,0.984
6060,696.5,280.5,0.983
6061,1184.5,394.5,0.986
6062,772.5,330.5,0.979
6063,806.5,356.5,0.99
6064,842.5,382.5,0.856
6065,874.5,412.5,0.939
6066,926.5,434.5,0.993
6067,974.5,444.5,0.979
6068,1026.5,458.5,0.992
6069,1072.5,476.5,0.893
6070,1122.5,494.5,0.955
6071,226.5,404.5,0.655
6072,226.5,404.5,0.558
6073,226.5,404.5,0.545
6074,226.5,404.5,0.599
6075,226.5,404.5,0.644
6076,1190.5,578.5,0.914
6077,1176.5,590.5,0.946
6078,1164.5,608.5,0.977
6079,1146.5,628.5,0.993
6080,1132.5,646.5,0.985
6081,1114.5,676.5,0.99
6082,1100.5,694.5,0.87
6083,226.5,404.5,0.754
6085,226.5,402.5,0.65
6086,226.5,402.5,0.617
6087,226.5,402.5,0.581
6088,226.5,402.5,0.616
6089,226.5,402.5,0.601
6090,226.5,404.5,0.538
6091,226.5,404.5,0.708
6092,226.5,404.5,0.679
6093,226.5,404.5,0.683
6094,226.5,404.5,0.673
6095,226.5,404.5,0.666
6096,226.5,404.5,0.681
6097,226.5,404.5,0.658
6098,226.5,404.5,0.612
6099,226.5,404.5,0.522
6100,226.5,404.5,0.605
6101,226.5,404.5,0.603
6102,226.5,404.5,0.606
6103,226.5,404.5,0.787
6104,228.5,404.5,0.883
6107,226.5,400.5,0.653
6110,244.5,394.5,0.646
6111,252.5,394.5,0.914
6112,262.5,392.5,0.937
6113,272.5,388.5,0.975
6114,396.5,234.5,0.712
6117,1118.5,338.5,0.554
6128,950.5,396.5,0.592
6132,886.5,440.5,0.504
6134,832.5,584.5,0.772
6139,786.5,638.5,0.534
6140,778.5,644.5,0.516
6155,760.5,580.5,0.606
6156,770.5,566.5,0.798
6157,776.5,548.5,0.657
6163,948.5,362.5,0.579
6171,704.5,540.5,0.901
6172,702.5,506.5,0.856
6173,676.5,448.5,0.702
6175,1046.5,236.5,0.913
6176,616.5,300.5,0.943
6177,594.5,266.5,0.955
6178,582.5,242.5,0.975
6179,570.5,224.5,0.974
6180,558.5,210.5,0.971
6181,546.5,200.5,0.979
6182,534.5,192.5,0.969
6183,526.5,192.5,0.981
6184,516.5,192.5,0.979
6185,506.5,196.5,0.993
6186,498.5,202.5,0.99
6187,492.5,212.5,0.998
6188,486.5,224.5,0.994
6189,480.5,236.5,0.971
6190,474.5,250.5,0.997
6191,470.5,264.5,0.993
6192,468.5,284.5,0.99
6193,460.5,270.5,0.983
6194,456.5,248.5,0.997
6195,452.5,232.5,0.993
6196,446.5,210.5,0.985
6197,440.5,194.5,0.993
6198,438.5,184.5,0.997
6199,434.5,172.5,0.989
6200,432.5,166.5,0.996
6201,428.5,160.5,0.992
6202,426.5,156.5,0.989
6203,422.5,160.5,0.985
6204,422.5,162.5,0.998
6205,420.5,168.5,0.997
6206,418.5,174.5,0.988
6207,418.5,184.5,0.997
6208,418.5,196.5,0.998
6209,416.5,208.5,0.976
6210,416.5,220.5,0.919
6211,414.5,228.5,0.985
6213,404.5,234.5,0.98
6225,1102.5,482.5,0.666
6229,1198.5,328.5,0.721
6239,310.5,272.5,0.928
6242,1202.5,388.5,0.99
6247,1184.5,352.5,0.919
6250,1154.5,340.5,0.913
6265,430.5,154.5,0.776
6269,138.5,110.5,0.514
6273,398.5,86.5,0.796
6275,382.5,72.5,0.726
6276,374.5,70.5,0.512
6285,344.5,336.5,0.843
6289,312.5,340.5,0.832
6290,320.5,74.5,0.803
6292,312.5,80.5,0.68
6295,350.5,238.5,0.929
6296,344.5,248.5,0.835
6297,336.5,248.5,0.93
6301,310.5,250.5,0.887
6302,304.5,250.5,0.958
6303,302.5,248.5,0.883
6304,296.5,246.5,0.739
6305,294.5,246.5,0.865
6306,288.5,244.5,0.942
6307,284.5,248.5,0.958
6308,280.5,250.5,0.963
6309,276.5,250.5,0.946
6310,274.5,256.5,0.96
6311,272.5,256.5,0.986
6312,270.5,264.5,0.989
6313,270.5,266.5,0.98
6314,266.5,270.5,0.974
6315,264.5,274.5,0.977
6316,262.5,276.5,0.882
6317,264.5,276.5,0.82
6341,266.5,268.5,0.923
6342,254.5,264.5,0.939
6343,246.5,254.5,0.944
6344,242.5,240.5,0.969
6345,238.5,232.5,0.905
6346,234.5,228.5,0.941
6348,294.5,256.5,0.762
6349,230.5,226.5,0.949
6350,228.5,232.5,0.985
6351,228.5,238.5,0.988
6352,244.5,248.5,0.965
6353,282.5,264.5,0.805
6355,380.5,294.5,0.99
6356,418.5,286.5,0.938
6357,456.5,282.5,0.974
6358,492.5,280.5,0.983
6359,530.5,280.5,0.993
6360,568.5,284.5,0.981
6361,602.5,286.5,0.966
6362,642.5,294.5,0.983
6363,686.5,308.5,0.98
6364,724.5,322.5,0.986
6366,798.5,358.5,0.993
6367,824.5,360.5,0.983
6368,860.5,342.5,0.991
6369,894.5,340.5,0.991
6370,934.5,336.5,0.997
6371,960.5,338.5,0.977
6372,994.5,342.5,0.995
6373,946.5,316.5,0.996
6374,894.5,290.5,0.993
6375,838.5,268.5,0.996
6376,786.5,250.5,0.995
6377,744.5,240.5,0.982
6378,696.5,228.5,0.984
6379,648.5,220.5,0.99
6380,620.5,218.5,0.915
6381,588.5,218.5,0.931
6382,550.5,220.5,0.979
6383,524.5,226.5,0.972
6384,496.5,230.5,0.988
6385,462.5,242.5,0.995
6386,442.5,250.5,0.986
6387,422.5,248.5,0.978
6388,402.5,228.5,0.989
6389,382.5,212.5,0.981
6390,362.5,196.5,0.951
6391,372.5,190.5,0.983
6392,388.5,186.5,0.979
6393,418.5,182.5,0.987
6394,442.5,182.5,0.994
6395,466.5,184.5,0.991
6396,492.5,188.5,0.993
6397,522.5,196.5,0.991
6398,548.5,206.5,0.975
6399,576.5,216.5,0.991
6400,608.5,232.5,0.992
6401,630.5,244.5,0.99
6402,654.5,260.5,0.987
6403,692.5,290.5,0.988
6404,716.5,310.5,0.953
6405,758.5,344.5,0.981
6406,776.5,362.5,0.965
6407,810.5,386.5,0.971
6408,838.5,374.5,0.995
6409,868.5,370.5,0.995
6410,898.5,366.5,0.995
6411,930.5,364.5,0.984
6412,960.5,372.5,0.965
6413,984.5,372.5,0.981
6414,904.5,342.5,0.93
6415,856.5,328.5,0.939
6416,758.5,298.5,0.955
6417,706.5,286.5,0.96
6418,250.5,400.5,0.957
6419,238.5,400.5,0.936
6420,566.5,264.5,0.988
6421,526.5,266.5,0.99
6422,492.5,266.5,0.992
6423,462.5,272.5,0.995
6424,438.5,278.5,0.996
6425,412.5,278.5,0.844
6426,388.5,254.5,0.975
6427,366.5,234.5,0.986
6428,346.5,220.5,0.98
6429,326.5,204.5,0.94
6430,336.5,198.5,0.943
6431,366.5,198.5,0.988
6432,398.5,198.5,0.995
6433,424.5,200.5,0.984
6434,454.5,204.5,0.994
6435,488.5,212.5,0.997
6436,514.5,220.5,0.975
6437,550.5,232.5,0.974
6438,578.5,244.5,0.99
6439,612.5,262.5,0.972
6440,646.5,282.5,0.976
6441,688.5,308.5,0.982
6442,714.5,330.5,0.981
6443,750.5,358.5,0.938
6444,788.5,362.5,0.991
6445,814.5,360.5,0.998
6446,848.5,356.5,0.995
6447,882.5,348.5,0.995
6448,920.5,350.5,0.986
6449,960.5,356.5,0.972
6450,992.5,358.5,0.99
6451,936.5,334.5,0.972
6452,874.5,312.5,0.987
6453,816.5,292.5,0.994
6454,758.5,276.5,0.996
6455,712.5,264.5,0.996
6456,676.5,258.5,0.996
6457,624.5,250.5,0.938
6458,590.5,248.5,0.987
6459,564.5,250.5,0.985
6460,530.5,250.5,0.993
6461,506.5,252.5,0.99
6462,480.5,262.5,0.994
6463,458.5,254.5,0.958
6464,440.5,236.5,0.993
6465,426.5,220.5,0.992
6466,410.5,204.5,0.992
6467,398.5,194.5,0.885
6468,384.5,184.5,0.932
6469,394.5,178.5,0.875
6470,416.5,176.5,0.978
6471,442.5,174.5,0.992
6472,468.5,174.5,0.994
6473,498.5,178.5,0.993
6474,522.5,180.5,0.995
6475,552.5,188.5,0.94
6476,580.5,196.5,0.977
6477,612.5,210.5,0.994
6478,642.5,226.5,0.993
6479,678.5,244.5,0.999
6480,700.5,262.5,0.992
6481,736.5,292.5,0.98
6482,762.5,312.5,0.925
6483,794.5,344.5,0.989
6484,822.5,370.5,0.982
6485,852.5,406.5,0.957
6486,888.5,450.5,0.933
6487,920.5,490.5,0.999
6488,950.5,536.5,0.963
6489,982.5,586.5,0.967
6490,1012.5,636.5,0.941
6491,206.5,400.5,0.504
6495,206.5,400.5,0.518
6496,1236.5,272.5,0.886
6497,338.5,210.5,0.888
6498,332.5,216.5,0.951
6499,326.5,222.5,0.58
6502,294.5,244.5,0.951
6503,282.5,248.5,0.936
6504,206.5,400.5,0.593
6507,234.5,272.5,0.565
6508,552.5,92.5,0.501
6534,206.5,402.5,0.633
6536,200.5,398.5,0.912
6537,206.5,394.5,0.965
6538,212.5,392.5,0.912
6539,220.5,390.5,0.932
6540,226.5,388.5,0.981
6541,230.5,384.5,0.882
6542,236.5,384.5,0.572
6543,240.5,380.5,0.877
6544,244.5,380.5,0.868
6545,248.5,378.5,0.897
6546,250.5,378.5,0.919
6547,1120.5,586.5,0.859
6548,254.5,376.5,0.799
6549,256.5,374.5,0.86
6550,256.5,376.5,0.653
6551,256.5,376.5,0.765
6552,256.5,376.5,0.733
6553,256.5,376.5,0.67
6554,256.5,376.5,0.63
6555,256.5,376.5,0.749
6556,262.5,378.5,0.646
6563,1032.5,360.5,0.544
6567,1048.5,236.5,0.548
6568,1042.5,234.5,0.765
6576,1028.5,214.5,0.867
6577,1024.5,680.5,0.519
6579,796.5,646.5,0.858
6580,770.5,626.5,0.853
6581,752.5,608.5,0.89
6582,726.5,596.5,0.814
6583,706.5,582.5,0.946
6584,682.5,574.5,0.922
6585,658.5,568.5,0.939
6586,644.5,580.5,0.918
6587,622.5,576.5,0.912
6588,602.5,572.5,0.832
6589,582.5,572.5,0.925
6590,568.5,572.5,0.887
6591,558.5,576.5,0.509
6600,540.5,564.5,0.796
6617,54.5,516.5,0.696
6622,816.5,326.5,0.83
6623,54.5,518.5,0.669
6624,56.5,518.5,0.685
6626,54.5,518.5,0.524
6628,54.5,518.5,0.875
6630,56.5,518.5,0.743
6631,56.5,518.5,0.789
6632,58.5,518.5,0.826
6633,56.5,518.5,0.789
6634,56.5,518.5,0.802
6635,58.5,518.5,0.528
6636,56.5,518.5,0.516
6637,56.5,518.5,0.69
6638,312.5,164.5,0.907
6639,302.5,154.5,0.944
6642,54.5,518.5,0.636
6646,54.5,518.5,0.693
6647,824.5,626.5,0.849
6649,830.5,604.5,0.539
6657,310.5,138.5,0.744
6659,328.5,168.5,0.673
6661,904.5,602.5,0.721
6666,268.5,388.5,0.58
6668,262.5,386.5,0.721
6669,988.5,416.5,0.764
6670,256.5,384.5,0.595
6677,1036.5,332.5,0.541
6678,906.5,616.5,0.907
6716,1016.5,260.5,0.734
6717,1018.5,256.5,0.944
6718,1020.5,256.5,0.933
6722,1104.5,344.5,0.714
6728,834.5,356.5,0.718
6729,804.5,322.5,0.975
6730,772.5,310.5,0.943
6731,724.5,292.5,0.92
6732,684.5,284.5,0.966
6733,646.5,276.5,0.986
6734,618.5,276.5,0.995
6735,576.5,274.5,0.979
6736,550.5,276.5,0.996
6737,516.5,280.5,0.963
6738,486.5,290.5,0.979
6739,458.5,300.5,0.989
6740,436.5,294.5,0.987
6741,410.5,278.5,0.994
6742,390.5,268.5,0.993
6743,374.5,262.5,0.993
6744,346.5,254.5,0.996
6745,328.5,252.5,0.996
6746,308.5,250.5,0.894
6747,302.5,266.5,0.909
6748,340.5,238.5,0.821
6749,366.5,234.5,0.992
6750,398.5,228.5,0.996
6751,428.5,228.5,0.995
6752,458.5,228.5,0.996
6753,492.5,230.5,0.996
6754,528.5,238.5,0.987
6755,560.5,244.5,0.997
6756,594.5,258.5,0.987
6757,628.5,268.5,0.987
6758,658.5,280.5,0.927
6759,694.5,298.5,0.981
6760,728.5,322.5,0.976
6761,760.5,342.5,0.993
6762,788.5,360.5,0.975
6763,822.5,388.5,0.991
6764,858.5,368.5,0.993
6765,888.5,360.5,0.984
6766,920.5,352.5,0.989
6767,1102.5,482.5,0.944
6768,936.5,332.5,0.95
6769,854.5,306.5,0.991
6770,792.5,290.5,0.992
6771,742.5,276.5,0.989
6772,690.5,264.5,0.986
6773,646.5,258.5,0.993
6774,248.5,396.5,0.976
6775,572.5,250.5,0.971
6776,536.5,250.5,0.98
6777,510.5,250.5,0.992
6778,484.5,252.5,0.995
6779,462.5,256.5,0.987
6780,438.5,234.5,0.993
6781,422.5,218.5,0.989
6782,408.5,206.5,0.952
6783,390.5,194.5,0.84
6785,408.5,180.5,0.969
6786,428.5,174.5,0.978
6787,456.5,174.5,0.994
6788,480.5,172.5,0.995
6789,502.5,174.5,0.988
6790,530.5,178.5,0.983
6791,554.5,184.5,0.971
6792,582.5,194.5,0.965
6793,612.5,208.5,0.982
6794,636.5,218.5,0.985
6795,670.5,240.5,0.992
6796,692.5,258.5,0.999
6797,720.5,280.5,0.972
6798,748.5,308.5,0.977
6799,776.5,336.5,0.975
6800,792.5,356.5,0.987
6801,826.5,406.5,0.906
6802,854.5,406.5,0.982
6803,882.5,396.5,0.997
6804,908.5,394.5,0.994
6805,936.5,394.5,0.995
6806,970.5,396.5,0.983
6807,1000.5,402.5,0.976
6808,1028.5,406.5,0.988
6809,290.5,194.5,0.788
6810,900.5,346.5,0.926
6811,798.5,310.5,0.952
6812,742.5,284.5,0.983
6813,688.5,268.5,0.99
6814,624.5,250.5,0.963
6815,576.5,240.5,0.986
6816,534.5,232.5,0.985
6817,494.5,228.5,0.998
6818,460.5,228.5,0.994
6819,430.5,228.5,0.998
6820,402.5,232.5,0.995
6821,376.5,238.5,0.998
6822,356.5,246.5,0.974
6823,334.5,254.5,0.982
6824,316.5,268.5,0.963
6828,1250.5,476.5,0.847
6829,176.5,196.5,0.756
6830,1246.5,476.5,0.801
6831,246.5,324.5,0.784
6832,236.5,310.5,0.968
6834,96.5,394.5,0.921
6836,216.5,268.5,0.75
6838,226.5,266.5,0.932
6839,232.5,266.5,0.976
6840,236.5,270.5,0.969
6841,244.5,276.5,0.985
6842,248.5,282.5,0.843
6843,220.5,402.5,0.584
6844,220.5,402.5,0.577
6845,194.5,242.5,0.596
6846,220.5,402.5,0.57
6847,1172.5,512.5,0.56
6848,1158.5,500.5,0.728
6849,294.5,356.5,0.935
6850,104.5,380.5,0.831
6852,122.5,368.5,0.671
6853,300.5,340.5,0.958
6854,302.5,342.5,0.936
6855,304.5,346.5,0.955
6856,306.5,352.5,0.938
6857,308.5,356.5,0.989
6858,1154.5,358.5,0.93
6859,314.5,364.5,0.876
6860,316.5,360.5,0.934
6861,318.5,362.5,0.955
6862,320.5,364.5,0.942
6863,324.5,366.5,0.69
6864,326.5,368.5,0.933
6865,328.5,368.5,0.956
6866,330.5,372.5,0.802
6867,326.5,372.5,0.89
6868,322.5,372.5,0.654
6869,318.5,370.5,0.608
6870,1178.5,360.5,0.872
6872,220.5,402.5,0.512
6873,222.5,402.5,0.556
6875,240.5,296.5,0.595
6876,1194.5,328.5,0.813
6880,224.5,396.5,0.762
6881,1212.5,290.5,0.951
6882,256.5,390.5,0.971
6883,278.5,390.5,0.988
6885,32.5,402.5,0.785
6886,36.5,402.5,0.607
6887,1244.5,266.5,0.96
6888,382.5,232.5,0.935
6889,388.5,232.5,0.961
6890,392.5,232.5,0.947
6891,400.5,232.5,0.943
6892,404.5,232.5,0.907
6895,412.5,234.5,0.56
6896,254.5,348.5,0.565
6901,1210.5,264.5,0.672
6905,70.5,518.5,0.782
6909,1250.5,268.5,0.915
6911,1182.5,290.5,0.761
6912,1156.5,320.5,0.616
6916,58.5,516.5,0.66
6954,318.5,388.5,0.63
6956,1110.5,422.5,0.927
6957,414.5,218.5,0.965
6958,428.5,208.5,0.95
6959,438.5,196.5,0.994
6960,452.5,182.5,0.995
6961,468.5,174.5,0.987
6962,488.5,166.5,0.995
6963,502.5,160.5,0.997
6964,520.5,158.5,0.997
6965,538.5,158.5,0.986
6966,556.5,160.5,0.972
6967,574.5,164.5,0.988
6968,594.5,174.5,0.978
6969,612.5,184.5,0.992
6970,630.5,196.5,0.985
6971,644.5,208.5,0.993
6972,668.5,232.5,0.976
6973,682.5,248.5,0.986
6974,694.5,264.5,0.988
6975,716.5,296.5,0.693
6976,730.5,324.5,0.982
6977,744.5,316.5,0.99
6978,760.5,294.5,0.991
6979,770.5,286.5,0.994
6980,784.5,274.5,0.998
6981,796.5,266.5,0.982
6982,808.5,258.5,0.995
6983,822.5,256.5,0.993
6984,834.5,254.5,0.989
6985,846.5,256.5,0.993
6986,856.5,262.5,0.995
6987,870.5,272.5,0.993
6988,880.5,282.5,0.999
6989,890.5,296.5,0.986
6990,902.5,314.5,1.0
6991,910.5,326.5,0.964
6992,912.5,314.5,0.998
6993,912.5,296.5,0.998
6994,912.5,280.5,0.998
6995,912.5,266.5,0.998
6996,910.5,256.5,0.984
6997,910.5,250.5,0.966
6998,908.5,244.5,0.987
6999,904.5,242.5,0.994
7000,902.5,248.5,0.994
7001,900.5,254.5,0.985
7002,896.5,260.5,0.999
7003,892.5,274.5,0.995
7004,890.5,284.5,0.967
7005,874.5,312.5,0.782
7006,876.5,298.5,0.751
7008,878.5,288.5,0.776
7016,1046.5,234.5,0.868
7018,920.5,232.5,0.829
7019,502.5,588.5,0.521
7023,266.5,388.5,0.561
7048,856.5,344.5,0.742
7058,836.5,332.5,0.86
7059,798.5,340.5,0.949
7060,768.5,294.5,0.994
7061,738.5,280.5,0.991
7062,710.5,270.5,0.978
7063,678.5,258.5,0.998
7064,644.5,250.5,0.97
7065,622.5,246.5,0.993
7066,594.5,242.5,0.984
7067,572.5,242.5,0.987
7068,552.5,244.5,0.992
7069,532.5,248.5,0.97
7070,508.5,250.5,0.992
7071,494.5,244.5,0.897
7072,474.5,230.5,0.974
7073,460.5,222.5,0.979
7074,442.5,212.5,0.978
7075,414.5,216.5,0.942
7076,452.5,204.5,0.994
7077,480.5,206.5,0.986
7078,502.5,206.5,0.992
7079,530.5,210.5,0.985
7080,552.5,214.5,0.964
7081,580.5,226.5,0.99
7082,610.5,238.5,0.987
7083,628.5,246.5,0.989
7084,652.5,260.5,0.991
7085,678.5,280.5,0.99
7086,712.5,306.5,0.945
7087,740.5,334.5,0.957
7088,760.5,332.5,0.984
7089,786.5,324.5,0.996
7090,814.5,324.5,0.997
7091,842.5,326.5,0.987
7092,870.5,332.5,0.981
7093,902.5,340.5,0.978
7094,916.5,342.5,0.934
7095,866.5,320.5,0.987
7096,820.5,302.5,0.996
7097,762.5,280.5,0.992
7098,714.5,266.5,0.987
7099,676.5,258.5,0.993
7100,626.5,248.5,0.973
7101,584.5,244.5,0.992
7102,548.5,244.5,0.978
7103,506.5,244.5,0.988
7104,476.5,246.5,0.996
7105,446.5,252.5,0.992
7106,408.5,260.5,0.995
7107,382.5,272.5,0.977
7108,350.5,282.5,0.989
7109,284.5,392.5,0.794
7110,304.5,270.5,0.993
7111,278.5,252.5,0.943
7112,244.5,234.5,0.937
7113,240.5,244.5,0.905
7115,296.5,208.5,0.926
7116,336.5,198.5,0.957
7117,382.5,192.5,0.984
7118,426.5,190.5,0.994
7119,462.5,188.5,0.995
7120,504.5,188.5,0.995
7121,554.5,194.5,0.966
7122,598.5,198.5,0.978
7123,640.5,206.5,0.983
7124,682.5,214.5,0.99
7125,730.5,228.5,0.986
7126,776.5,244.5,0.998
7127,824.5,264.5,0.988
7128,818.5,262.5,0.979
7129,860.5,280.5,0.998
7130,900.5,302.5,0.995
7131,942.5,324.5,0.998
7132,990.5,356.5,0.994
7133,1014.5,372.5,0.982
7134,1058.5,406.5,0.998
7135,1090.5,434.5,0.995
7136,1124.5,466.5,0.997
7137,1156.5,498.5,0.995
7139,904.5,376.5,0.842
7143,1136.5,458.5,0.554
7144,308.5,136.5,0.947
7145,304.5,128.5,0.71
7147,1138.5,516.5,0.645
7174,308.5,110.5,0.685
7175,312.5,114.5,0.839
7181,320.5,210.5,0.728
7182,320.5,220.5,0.914
7183,322.5,232.5,0.779
7250,502.5,588.5,0.564
7256,32.5,506.5,0.562
7258,26.5,502.5,0.89
7281,314.5,202.5,0.555
7296,54.5,516.5,0.659
7297,56.5,516.5,0.526
7298,1244.5,214.5,0.963
7299,1210.5,218.5,0.87
7300,56.5,516.5,0.613
7301,1056.5,244.5,0.982
7302,1036.5,248.5,0.985
7303,954.5,272.5,0.981
7304,926.5,282.5,0.995
7305,874.5,306.5,0.993
7306,848.5,318.5,0.991
7307,798.5,340.5,0.99
7308,772.5,308.5,0.973
7309,750.5,282.5,0.986
7310,726.5,262.5,0.998
7311,702.5,244.5,0.993
7312,678.5,228.5,0.996
7313,648.5,214.5,0.986
7314,630.5,208.5,0.988
7315,610.5,204.5,0.98
7316,590.5,202.5,0.952
7317,570.5,202.5,0.951
7318,550.5,206.5,0.992
7319,532.5,210.5,0.992
7320,514.5,220.5,0.984
7321,500.5,228.5,0.996
7322,482.5,244.5,0.991
7323,472.5,256.5,0.994
7324,458.5,274.5,0.981
7325,442.5,266.5,0.989
7326,430.5,248.5,0.986
7327,418.5,232.5,0.998
7328,404.5,218.5,0.998
7329,392.5,208.5,0.982
7330,376.5,198.5,0.992
7331,368.5,192.5,0.933
7332,356.5,188.5,0.997
7333,346.5,188.5,0.979
7334,336.5,188.5,0.97
7335,324.5,192.5,0.95
7337,1152.5,160.5,0.71
7338,302.5,186.5,0.684
7347,336.5,198.5,0.595
7348,342.5,198.5,0.94
7349,860.5,652.5,0.654
7350,762.5,500.5,0.947
7351,734.5,498.5,0.883
7352,708.5,504.5,0.862
7353,682.5,514.5,0.919
7354,656.5,520.5,0.798
7355,634.5,520.5,0.943
7356,612.5,528.5,0.879
7357,592.5,532.5,0.823
7363,514.5,588.5,0.917
7391,490.5,582.5,0.924
7393,532.5,580.5,0.583
7395,60.5,518.5,0.61
7396,58.5,516.5,0.509
7398,602.5,520.5,0.702
7399,626.5,518.5,0.858
7400,754.5,250.5,0.843
7401,256.5,226.5,0.762
7402,798.5,250.5,0.722
7403,820.5,244.5,0.695
7404,860.5,250.5,0.671
7406,600.5,314.5,0.577
7407,270.5,268.5,0.909
7408,264.5,274.5,0.966
7409,264.5,276.5,0.95
7411,894.5,344.5,0.52
7413,1054.5,240.5,0.808
7414,944.5,634.5,0.513
7423,1020.5,228.5,0.98
7428,1064.5,202.5,0.854
7429,1070.5,214.5,0.841
7430,984.5,420.5,0.649
7431,1000.5,418.5,0.696
7432,1108.5,178.5,0.762
7443,256.5,274.5,0.799
7444,254.5,262.5,0.721
7445,246.5,252.5,0.574
7446,204.5,242.5,0.796
7447,244.5,220.5,0.783
7448,242.5,212.5,0.746
7449,240.5,208.5,0.648
7450,240.5,202.5,0.975
7451,240.5,204.5,0.916
7452,242.5,202.5,0.944
7454,240.5,212.5,0.948
7455,244.5,224.5,0.968
7456,272.5,242.5,0.948
7458,310.5,244.5,0.706
7459,410.5,292.5,0.98
7460,456.5,276.5,0.994
7461,488.5,264.5,0.984
7462,524.5,260.5,0.992
7463,574.5,256.5,0.976
7464,608.5,252.5,0.986
7465,646.5,256.5,0.989
7466,688.5,260.5,0.998
7467,724.5,266.5,0.989
7468,760.5,276.5,0.996
7469,804.5,292.5,0.998
7470,836.5,306.5,0.995
7471,868.5,320.5,0.993
7472,906.5,346.5,0.944
7473,946.5,372.5,0.983
7474,980.5,360.5,0.965
7475,1010.5,354.5,0.969
7476,1046.5,350.5,0.97
7477,1072.5,346.5,0.994
7483,1266.5,402.5,0.955
7484,1272.5,408.5,0.857
7488,1216.5,250.5,0.549
7500,86.5,560.5,0.596
7515,182.5,158.5,0.871
7519,1174.5,186.5,0.508
7547,1042.5,654.5,0.709
7548,1058.5,650.5,0.811
7550,1078.5,626.5,0.685
7551,1092.5,622.5,0.686
7568,1216.5,648.5,0.705
7575,504.5,588.5,0.557
7588,1270.5,572.5,0.698
7659,1270.5,244.5,0.944
7660,1220.5,246.5,0.896
7661,1168.5,248.5,0.931
7662,1082.5,256.5,0.971
7663,1044.5,262.5,0.942
7664,998.5,270.5,0.987
7665,946.5,284.5,0.976
7666,894.5,300.5,0.995
7667,854.5,312.5,0.986
7668,796.5,340.5,0.985
7670,754.5,292.5,0.996
7671,722.5,262.5,0.996
7672,698.5,244.5,0.988
7673,676.5,230.5,0.998
7674,642.5,214.5,0.997
7675,628.5,210.5,0.98
7676,604.5,202.5,0.944
7677,580.5,198.5,0.953
7678,562.5,200.5,0.96
7679,542.5,202.5,0.966
7680,524.5,208.5,0.981
7681,506.5,214.5,0.998
7682,492.5,222.5,0.991
7683,476.5,236.5,0.972
7684,458.5,248.5,0.995
7685,450.5,254.5,0.961
7686,436.5,240.5,0.985
7687,422.5,224.5,0.99
7688,410.5,210.5,0.951
7689,398.5,198.5,0.962
7690,390.5,188.5,0.986
7691,380.5,188.5,0.884
7692,370.5,180.5,0.938
7693,360.5,176.5,0.933
7694,346.5,172.5,0.924
7702,380.5,200.5,0.632
7703,386.5,212.5,0.905
7704,388.5,224.5,0.816
7709,1102.5,330.5,0.509
7713,1104.5,220.5,0.772
7731,1152.5,334.5,0.938
7732,1150.5,374.5,0.958
7733,1154.5,404.5,0.708
7734,1146.5,424.5,0.834
7751,370.5,242.5,0.766
7752,362.5,244.5,0.668
7753,352.5,250.5,0.888
7755,326.5,252.5,0.957
7756,314.5,256.5,0.927
7757,306.5,258.5,0.941
7758,296.5,258.5,0.857
7759,286.5,262.5,0.976
7760,278.5,264.5,0.985
7761,270.5,266.5,0.977
7763,262.5,272.5,0.945
7766,260.5,276.5,0.564
7767,260.5,276.5,0.691
7777,314.5,388.5,0.54
7785,258.5,274.5,0.954
7786,254.5,266.5,0.941
7787,232.5,276.5,0.802
7788,244.5,236.5,0.931
7789,244.5,224.5,0.934
7791,240.5,210.5,0.822
7792,312.5,388.5,0.507
7793,238.5,206.5,0.939
7794,238.5,210.5,0.966
7795,238.5,216.5,0.93
7796,236.5,218.5,0.926
7797,240.5,230.5,0.978
7798,270.5,246.5,0.964
7799,336.5,274.5,0.907
7800,370.5,288.5,0.942
7801,414.5,298.5,0.986
7802,456.5,288.5,0.924
7803,498.5,278.5,0.996
7804,526.5,276.5,0.994
7805,574.5,266.5,0.99
7806,606.5,268.5,0.952
7807,646.5,274.5,0.961
7808,686.5,278.5,0.996
7809,730.5,288.5,0.995
7810,766.5,296.5,0.994
7811,796.5,308.5,0.952
7812,840.5,328.5,0.977
7813,872.5,348.5,0.982
7814,914.5,348.5,0.992
7815,948.5,336.5,0.997
7816,978.5,330.5,0.974
7817,1002.5,326.5,0.988
7818,1042.5,322.5,0.981
7819,1068.5,322.5,0.987
7820,1096.5,324.5,0.992
7821,312.5,390.5,0.873
7822,1030.5,270.5,0.973
7823,968.5,236.5,0.99
7824,920.5,214.5,0.996
7825,868.5,194.5,0.995
7826,798.5,170.5,0.981
7827,758.5,162.5,0.993
7828,708.5,152.5,0.988
7829,674.5,148.5,0.995
7830,618.5,148.5,0.989
7831,586.5,148.5,0.994
7832,548.5,156.5,0.953
7833,510.5,164.5,0.998
7834,484.5,172.5,0.994
7835,456.5,186.5,0.987
7836,428.5,200.5,0.987
7837,400.5,218.5,0.984
7838,380.5,236.5,0.961
7839,362.5,250.5,0.84
7840,340.5,228.5,0.946
7841,298.5,328.5,0.932
7842,308.5,318.5,0.66
7843,1102.5,168.5,0.539
7844,250.5,162.5,0.935
7845,234.5,156.5,0.916
7846,1088.5,218.5,0.873
7848,244.5,116.5,0.941
7849,270.5,102.5,0.808
7852,342.5,72.5,0.942
7853,368.5,66.5,0.928
7854,398.5,62.5,0.936
7855,426.5,62.5,0.927
7856,456.5,62.5,0.949
7857,488.5,68.5,0.977
7858,516.5,74.5,0.991
7859,550.5,84.5,0.996
7860,586.5,100.5,0.997
7861,618.5,116.5,0.991
7862,644.5,130.5,0.991
7863,690.5,160.5,0.995
7864,720.5,182.5,0.99
7865,754.5,212.5,0.995
7866,786.5,242.5,0.998
7867,816.5,270.5,0.991
7868,850.5,306.5,0.995
7869,896.5,358.5,0.977
7870,932.5,404.5,0.988
7871,952.5,430.5,0.939
7872,990.5,486.5,0.895
7873,1024.5,536.5,0.963
7874,1042.5,568.5,0.96
7875,1068.5,614.5,0.968
7876,1090.5,654.5,0.885
7877,1124.5,698.5,0.98
7878,1144.5,684.5,0.992
7879,1168.5,670.5,0.988
7880,1188.5,660.5,0.993
7881,1210.5,652.5,0.991
7882,1234.5,650.5,0.972
7883,1252.5,646.5,0.996
7884,1270.5,646.5,0.983
7918,1176.5,274.5,0.517
7927,1152.5,204.5,0.599
7928,1110.5,648.5,0.578
7929,1038.5,312.5,0.744
7932,1076.5,636.5,0.647
7934,832.5,600.5,0.749
7935,808.5,590.5,0.921
7936,786.5,584.5,0.933
7937,764.5,580.5,0.865
7938,742.5,576.5,0.929
7939,718.5,568.5,0.912
7940,694.5,564.5,0.929
7941,674.5,562.5,0.93
7942,652.5,558.5,0.931
7943,790.5,482.5,0.933
7944,612.5,552.5,0.596
7945,594.5,550.5,0.687
7946,580.5,566.5,0.513
7948,550.5,568.5,0.892
7949,536.5,570.5,0.913
7951,520.5,580.5,0.939
7952,392.5,124.5,0.885
7953,390.5,100.5,0.536
7972,952.5,114.5,0.575
7978,828.5,330.5,0.575
7990,490.5,566.5,0.808
7991,498.5,560.5,0.765
7992,502.5,546.5,0.741
7993,514.5,540.5,0.506
8000,676.5,536.5,0.517
8003,686.5,282.5,0.82
8008,360.5,116.5,0.814
8009,368.5,134.5,0.83
8010,378.5,156.5,0.865
8011,372.5,176.5,0.958
8012,368.5,194.5,0.936
8015,854.5,614.5,0.687
8018,896.5,282.5,0.681
8022,892.5,584.5,0.803
8023,1068.5,460.5,0.834
8034,950.5,114.5,0.581
8040,334.5,242.5,0.919
8043,280.5,234.5,0.707
8072,836.5,330.5,0.959
8073,800.5,322.5,0.894
8074,762.5,292.5,0.997
8075,724.5,274.5,0.994
8076,690.5,260.5,0.999
8077,644.5,242.5,0.999
8078,626.5,240.5,0.994
8079,590.5,232.5,0.982
8080,566.5,230.5,0.975
8081,538.5,230.5,0.975
8082,514.5,236.5,0.968
8083,492.5,240.5,0.933
8084,470.5,234.5,0.965
8085,452.5,220.5,0.989
8086,434.5,210.5,0.966
8087,416.5,198.5,0.977
8088,430.5,194.5,0.984
8089,452.5,192.5,0.973
8090,478.5,192.5,0.993
8091,498.5,190.5,0.993
8092,530.5,196.5,0.99
8093,548.5,198.5,0.938
8094,580.5,210.5,0.975
8095,608.5,220.5,0.973
8096,628.5,230.5,0.99
8097,650.5,242.5,0.982
8098,680.5,262.5,0.99
8099,706.5,282.5,0.973
8100,738.5,306.5,0.957
8101,756.5,330.5,0.986
8102,788.5,324.5,0.995
8103,812.5,324.5,0.98
8104,844.5,316.5,0.987
8105,868.5,316.5,0.996
8106,892.5,320.5,0.986
8107,922.5,326.5,0.985
8108,902.5,322.5,0.988
8109,838.5,304.5,0.988
8110,792.5,292.5,0.994
8111,742.5,282.5,0.969
8112,688.5,276.5,0.993
8113,642.5,272.5,0.967
8114,594.5,268.5,0.971
8115,558.5,274.5,0.968
8116,520.5,278.5,0.994
8117,490.5,284.5,0.99
8118,454.5,292.5,0.974
8119,414.5,286.5,0.984
8120,390.5,272.5,0.972
8121,366.5,260.5,0.977
8122,338.5,248.5,0.984
8123,306.5,240.5,0.819
8125,294.5,258.5,0.725
8126,336.5,224.5,0.97
8127,366.5,222.5,0.986
8128,394.5,222.5,0.994
8129,426.5,226.5,0.996
8130,456.5,228.5,0.992
8131,490.5,240.5,0.971
8132,518.5,246.5,0.947
8133,554.5,260.5,0.975
8134,584.5,268.5,0.986
8135,618.5,286.5,0.989
8136,658.5,310.5,0.982
8137,688.5,332.5,0.978
8138,724.5,354.5,0.987
8139,754.5,384.5,0.95
8140,794.5,390.5,0.985
8141,826.5,378.5,0.991
8142,856.5,374.5,0.996
8143,890.5,370.5,0.992
8144,922.5,368.5,0.959
8145,954.5,372.5,0.923
8146,920.5,346.5,0.927
8147,854.5,324.5,0.861
8148,808.5,310.5,0.991
8149,756.5,292.5,0.992
8150,702.5,280.5,0.983
8151,662.5,274.5,0.982
8152,264.5,388.5,0.99
8153,586.5,266.5,0.995
8154,554.5,266.5,0.996
8155,528.5,270.5,0.976
8156,504.5,278.5,0.999
8157,482.5,276.5,0.94
8158,458.5,252.5,0.976
8159,440.5,236.5,0.989
8160,424.5,220.5,0.994
8161,410.5,210.5,0.978
8162,394.5,202.5,0.986
8163,382.5,192.5,0.944
8164,390.5,188.5,0.989
8165,410.5,190.5,0.982
8166,436.5,192.5,0.983
8167,456.5,194.5,0.996
8168,480.5,202.5,0.99
8169,502.5,210.5,0.997
8170,528.5,222.5,0.985
8171,550.5,234.5,0.988
8172,570.5,248.5,0.99
8173,596.5,270.5,0.98
8174,628.5,296.5,0.99
8175,652.5,322.5,0.983
8176,668.5,338.5,0.946
8177,706.5,384.5,0.588
8178,726.5,404.5,0.998
8179,756.5,404.5,0.99
8180,780.5,398.5,0.986
8181,806.5,398.5,0.991
8182,836.5,404.5,0.989
8183,864.5,408.5,0.993
8184,896.5,422.5,0.928
8185,854.5,396.5,0.947
8186,788.5,362.5,0.977
8187,738.5,342.5,0.984
8188,678.5,320.5,0.974
8189,634.5,308.5,0.951
8190,586.5,298.5,0.996
8191,550.5,292.5,0.989
8192,518.5,286.5,0.987
8193,492.5,288.5,0.977
8194,462.5,292.5,0.994
8195,442.5,296.5,0.985
8196,420.5,288.5,0.96
8197,400.5,264.5,0.947
8198,378.5,244.5,0.993
8199,366.5,230.5,0.983
8200,350.5,218.5,0.985
8201,338.5,210.5,0.956
8202,328.5,204.5,0.979
8203,346.5,204.5,0.967
8204,388.5,210.5,0.948
8205,422.5,214.5,0.993
8206,462.5,226.5,0.995
8207,494.5,236.5,0.971
8208,528.5,246.5,0.948
8209,564.5,260.5,0.976
8210,216.5,392.5,0.746
8211,612.5,288.5,0.901
8212,216.5,392.5,0.555
8213,216.5,392.5,0.57
8214,596.5,284.5,0.96
8215,586.5,270.5,0.985
8216,582.5,266.5,0.993
8217,576.5,264.5,0.996
8218,568.5,264.5,0.998
8219,564.5,266.5,0.998
8220,560.5,272.5,0.996
8221,554.5,272.5,0.991
8222,548.5,264.5,0.999
8223,544.5,258.5,0.999
8224,540.5,254.5,0.98
8225,534.5,250.5,0.995
8226,528.5,250.5,0.997
8227,524.5,250.5,0.99
8228,520.5,256.5,0.997
8229,516.5,252.5,0.995
8230,512.5,248.5,0.992
8231,506.5,242.5,0.967
8232,502.5,240.5,0.952
8233,498.5,238.5,0.935
8234,494.5,240.5,0.983
8235,488.5,244.5,0.995
8236,486.5,242.5,0.992
8237,482.5,234.5,0.974
8238,478.5,230.5,0.979
8239,472.5,228.5,0.973
8240,468.5,228.5,0.992
8241,466.5,230.5,0.982
8242,462.5,234.5,0.994
8243,458.5,226.5,0.986
8244,454.5,220.5,0.968
8245,450.5,220.5,0.573
8246,448.5,222.5,0.742
8247,442.5,218.5,0.954
8250,436.5,198.5,0.876
8251,422.5,198.5,0.848
8252,416.5,202.5,0.854
8253,412.5,210.5,0.901
8254,404.5,216.5,0.87
8255,258.5,376.5,0.88
8256,258.5,376.5,0.765
8257,258.5,376.5,0.782
8258,646.5,518.5,0.837
8259,626.5,524.5,0.924
8260,602.5,526.5,0.942
8261,582.5,530.5,0.946
8262,264.5,374.5,0.764
8263,266.5,374.5,0.539
8267,504.5,588.5,0.62
8279,356.5,216.5,0.582
8282,334.5,218.5,0.684
8283,326.5,218.5,0.928
8284,320.5,222.5,0.642
8285,312.5,224.5,0.589
8286,304.5,224.5,0.581
8291,670.5,442.5,0.638
8293,314.5,230.5,0.673
8294,496.5,584.5,0.873
8300,568.5,512.5,0.533
8301,592.5,524.5,0.913
8302,618.5,524.5,0.872
8303,644.5,528.5,0.846
8304,668.5,520.5,0.843
8305,788.5,252.5,0.893
8308,920.5,616.5,0.619
8310,952.5,604.5,0.644
8311,870.5,538.5,0.549
8322,310.5,252.5,0.609
8323,300.5,250.5,0.867
8324,294.5,254.5,0.95
8325,288.5,258.5,0.988
8326,284.5,262.5,0.965
8327,278.5,264.5,0.984
8328,274.5,266.5,0.966
8329,272.5,266.5,0.962
8330,266.5,268.5,0.746
8331,262.5,272.5,0.678
8332,1062.5,200.5,0.968
8333,262.5,274.5,0.638
8334,1094.5,168.5,0.84
8335,262.5,276.5,0.963
8336,262.5,276.5,0.584
8337,262.5,278.5,0.703
8344,1148.5,472.5,0.925
8350,260.5,270.5,0.887
8352,246.5,240.5,0.658
8353,242.5,226.5,0.963
8357,236.5,198.5,0.962
8358,234.5,198.5,0.987
8359,234.5,200.5,0.97
8360,234.5,206.5,0.933
8361,234.5,210.5,0.977
8362,234.5,218.5,0.989
8363,244.5,242.5,0.94
8364,272.5,244.5,0.952
8366,310.5,250.5,0.925
8367,322.5,244.5,0.97
8368,452.5,294.5,0.928
8369,486.5,282.5,0.987
8370,516.5,278.5,0.992
8371,546.5,274.5,0.986
8372,584.5,268.5,0.994
8373,622.5,270.5,0.978
8374,646.5,270.5,0.987
8375,686.5,276.5,0.999
8376,720.5,286.5,0.983
8377,750.5,294.5,0.991
8378,774.5,310.5,0.755
8379,806.5,326.5,0.992
8380,842.5,318.5,0.995
8381,860.5,310.5,0.996
8382,886.5,304.5,0.994
8383,914.5,298.5,0.99
8384,940.5,296.5,0.992
8385,958.5,296.5,0.986
8386,994.5,300.5,0.949
8387,1002.5,304.5,0.729
8388,938.5,274.5,0.998
8389,888.5,254.5,0.984
8390,838.5,240.5,0.995
8391,790.5,226.5,0.987
8392,746.5,220.5,0.963
8393,694.5,214.5,0.964
8394,674.5,214.5,0.997
8395,300.5,234.5,0.922
8396,586.5,222.5,0.987
8397,554.5,228.5,0.979
8398,526.5,238.5,0.976
8399,490.5,246.5,0.99
8400,466.5,262.5,0.987
8401,440.5,252.5,0.979
8402,420.5,236.5,0.989
8403,392.5,218.5,0.983
8404,372.5,206.5,0.974
8405,354.5,196.5,0.979
8406,330.5,190.5,0.923
8407,310.5,184.5,0.667
8410,360.5,174.5,0.921
8411,388.5,172.5,0.89
8412,424.5,172.5,0.92
8413,456.5,174.5,0.996
8414,488.5,178.5,0.996
8415,526.5,184.5,0.985
8416,558.5,194.5,0.98
8417,592.5,204.5,0.967
8418,626.5,216.5,0.985
8419,670.5,236.5,0.981
8420,690.5,246.5,0.991
8421,730.5,270.5,0.991
8422,764.5,292.5,0.997
8424,400.5,174.5,0.62
8425,824.5,340.5,0.994
8426,868.5,320.5,0.996
8427,890.5,314.5,0.991
8428,922.5,308.5,0.998
8429,950.5,302.5,0.999
8430,996.5,298.5,0.994
8431,1018.5,300.5,0.992
8432,1050.5,304.5,0.956
8433,1082.5,310.5,0.958
8434,306.5,224.5,0.726
8435,1102.5,256.5,0.789
8437,1100.5,130.5,0.906
8443,304.5,134.5,0.742
8444,1116.5,226.5,0.808
8445,254.5,212.5,0.589
8447,1048.5,236.5,0.802
8449,1222.5,268.5,0.772
8450,900.5,180.5,0.703
8451,874.5,228.5,0.938
8452,860.5,252.5,0.954
8453,838.5,304.5,0.973
8454,812.5,354.5,0.977
8455,796.5,386.5,0.535
8456,776.5,434.5,0.991
8457,774.5,382.5,0.836
8458,770.5,348.5,0.98
8459,768.5,322.5,0.971
8460,766.5,280.5,0.957
8461,762.5,250.5,0.942
8462,760.5,220.5,0.82
8463,754.5,194.5,0.784
8464,752.5,174.5,0.907
8465,746.5,156.5,0.944
8466,742.5,144.5,0.928
8467,736.5,132.5,0.568
8470,720.5,130.5,0.674
8471,714.5,138.5,0.934
8472,708.5,148.5,0.948
8473,702.5,164.5,0.977
8474,696.5,180.5,0.98
8475,692.5,200.5,0.94
8476,686.5,226.5,0.935
8477,680.5,252.5,0.978
8478,678.5,268.5,0.959
8479,678.5,304.5,0.93
8480,672.5,330.5,0.944
8481,664.5,372.5,0.903
8482,662.5,404.5,0.988
8483,656.5,428.5,0.978
8484,646.5,410.5,0.992
8485,632.5,392.5,0.998
8486,620.5,374.5,0.98
8487,608.5,362.5,0.974
8488,594.5,354.5,0.939
8489,576.5,342.5,0.955
8490,562.5,342.5,0.974
8491,548.5,344.5,0.979
8492,532.5,350.5,0.992
8493,514.5,356.5,0.978
8494,500.5,372.5,0.637
8495,484.5,388.5,0.992
8496,470.5,408.5,0.981
8497,456.5,436.5,0.951
8498,442.5,464.5,0.899
8499,428.5,494.5,0.572
8500,416.5,530.5,0.894
8501,406.5,562.5,0.894
8502,394.5,600.5,0.909
8503,932.5,516.5,0.883
8505,368.5,660.5,0.785
8506,360.5,662.5,0.965
8507,350.5,664.5,0.936
8508,342.5,670.5,0.826
8509,334.5,676.5,0.912
8510,326.5,688.5,0.992
8511,320.5,698.5,0.811
8518,744.5,520.5,0.783
8522,706.5,500.5,0.979
8541,206.5,522.5,0.522
8542,202.5,538.5,0.65
8543,200.5,554.5,0.696
8545,172.5,598.5,0.871
8547,572.5,514.5,0.823
8549,508.5,518.5,0.968
8550,162.5,630.5,0.833
8551,550.5,638.5,0.678
8552,536.5,636.5,0.684
8553,472.5,484.5,0.971
8554,500.5,628.5,0.817
8555,482.5,626.5,0.734
8556,488.5,510.5,0.925
8557,484.5,516.5,0.691
8558,454.5,332.5,0.586
8559,504.5,514.5,0.726
8561,320.5,234.5,0.532
8562,410.5,616.5,0.745
8563,392.5,622.5,0.746
8564,374.5,630.5,0.767
8565,358.5,634.5,0.95
8566,342.5,644.5,0.799
8567,314.5,314.5,0.912
8568,310.5,314.5,0.873
8569,308.5,312.5,0.582
8570,308.5,312.5,0.623
8571,308.5,312.5,0.647
8572,306.5,312.5,0.64
8573,308.5,312.5,0.745
8576,308.5,312.5,0.689
8581,510.5,358.5,0.88
8589,328.5,600.5,0.675
8601,640.5,266.5,0.691
8615,362.5,358.5,0.833
8616,364.5,354.5,0.658
8642,1020.5,356.5,0.72
8643,278.5,246.5,0.683
8645,276.5,246.5,0.547
8651,1038.5,330.5,0.68
8652,1028.5,346.5,0.676
8653,1032.5,344.5,0.55
8655,1034.5,342.5,0.917
8656,1038.5,340.5,0.9
8657,1040.5,338.5,0.9
8658,1042.5,338.5,0.651
8659,852.5,358.5,0.823
8661,1006.5,246.5,0.647
8662,1010.5,248.5,0.988
8664,1088.5,392.5,0.56
8672,806.5,338.5,0.957
8674,706.5,288.5,0.973
8675,674.5,274.5,0.985
8676,632.5,258.5,0.991
8677,590.5,244.5,0.986
8678,560.5,240.5,0.993
8679,526.5,238.5,0.984
8680,492.5,238.5,0.983
8681,466.5,236.5,0.99
8682,442.5,244.5,0.996
8683,416.5,248.5,0.987
8684,392.5,234.5,0.968
8685,370.5,218.5,0.942
8686,374.5,204.5,0.969
8687,386.5,190.5,0.991
8688,402.5,176.5,0.971
8689,414.5,166.5,0.988
8690,426.5,158.5,0.985
8691,444.5,148.5,0.993
8692,458.5,142.5,0.989
8693,474.5,140.5,0.996
8694,490.5,140.5,0.996
8695,506.5,142.5,0.992
8696,524.5,146.5,0.991
8697,540.5,152.5,0.978
8698,558.5,162.5,0.985
8699,578.5,178.5,0.967
8700,594.5,192.5,0.969
8701,614.5,212.5,0.994
8702,630.5,230.5,0.996
8703,650.5,256.5,0.993
8704,666.5,282.5,0.926
8705,684.5,304.5,0.937
8706,698.5,332.5,0.993
8707,720.5,370.5,0.949
8708,734.5,400.5,0.98
8709,746.5,380.5,0.992
8710,762.5,364.5,0.997
8711,776.5,352.5,0.998
8712,790.5,342.5,0.999
8713,804.5,334.5,0.995
8714,818.5,328.5,0.999
8715,832.5,328.5,0.999
8716,848.5,332.5,0.989
8717,254.5,388.5,0.982
8718,240.5,388.5,0.967
8719,770.5,318.5,0.936
8720,712.5,308.5,0.891
8721,668.5,300.5,0.892
8722,606.5,296.5,0.991
8723,572.5,296.5,0.992
8724,534.5,294.5,0.986
8725,504.5,296.5,0.973
8726,478.5,290.5,0.837
8727,452.5,262.5,0.989
8728,424.5,238.5,0.987
8729,404.5,220.5,0.994
8730,388.5,208.5,0.982
8731,372.5,198.5,0.99
8732,354.5,188.5,0.976
8733,364.5,178.5,0.638
8738,224.5,396.5,0.961
8739,238.5,392.5,0.706
8741,244.5,388.5,0.541
8743,316.5,238.5,0.836
8744,246.5,390.5,0.616
8747,246.5,388.5,0.528
8749,244.5,390.5,0.68
8750,336.5,196.5,0.917
8751,338.5,208.5,0.719
8753,58.5,516.5,0.882
8755,246.5,388.5,0.613
8756,246.5,388.5,0.764
8757,62.5,512.5,0.868
8758,64.5,508.5,0.734
8759,256.5,384.5,0.933
8760,32.5,428.5,0.748
8761,78.5,502.5,0.88
8762,1054.5,468.5,0.944
8763,312.5,376.5,0.951
8764,326.5,372.5,0.97
8765,338.5,370.5,0.881
8766,1024.5,436.5,0.504
8769,1026.5,454.5,0.595
8770,334.5,238.5,0.609
8773,302.5,584.5,0.57
8774,304.5,586.5,0.732
8775,302.5,586.5,0.901
8776,1152.5,194.5,0.963
8777,302.5,584.5,0.881
8778,302.5,584.5,0.905
8779,302.5,584.5,0.882
8780,302.5,584.5,0.878
8781,302.5,584.5,0.857
8782,304.5,586.5,0.81
8783,302.5,584.5,0.862
8784,302.5,584.5,0.894
8785,302.5,584.5,0.902
8786,302.5,584.5,0.89
8787,302.5,584.5,0.89
8788,302.5,584.5,0.88
8789,302.5,584.5,0.887
8790,302.5,584.5,0.874
8791,302.5,584.5,0.87
8792,790.5,598.5,0.87
8793,768.5,596.5,0.878
8794,740.5,584.5,0.923
8795,718.5,594.5,0.877
8796,692.5,568.5,0.869
8797,302.5,584.5,0.825
8798,302.5,584.5,0.867
8799,302.5,584.5,0.882
8800,302.5,584.5,0.841
8801,302.5,586.5,0.793
8802,302.5,584.5,0.844
8803,302.5,584.5,0.835
8804,302.5,584.5,0.833
8805,302.5,584.5,0.836
8806,302.5,584.5,0.824
8807,302.5,584.5,0.851
8808,302.5,584.5,0.86
8809,302.5,584.5,0.769
8810,302.5,586.5,0.814
8811,302.5,584.5,0.833
8812,302.5,586.5,0.826
8813,302.5,584.5,0.715
8814,304.5,586.5,0.803
8815,302.5,586.5,0.814
8816,102.5,490.5,0.855
8817,304.5,586.5,0.688
8818,304.5,586.5,0.858
8819,206.5,496.5,0.923
8820,304.5,586.5,0.82
8821,304.5,586.5,0.863
8822,304.5,586.5,0.854
8823,304.5,586.5,0.884
8824,304.5,586.5,0.928
8825,302.5,586.5,0.859
8826,300.5,584.5,0.917
8827,672.5,224.5,0.92
8828,292.5,576.5,0.843
8831,68.5,516.5,0.697
8832,442.5,230.5,0.877
8833,64.5,516.5,0.893
8834,64.5,516.5,0.733
8836,66.5,520.5,0.796
8837,62.5,520.5,0.501
8844,500.5,604.5,0.591
8852,614.5,582.5,0.83
8853,636.5,586.5,0.908
8854,670.5,562.5,0.579
8855,688.5,596.5,0.906
8856,716.5,602.5,0.897
8857,750.5,614.5,0.748
8859,806.5,272.5,0.746
8860,830.5,650.5,0.87
8863,838.5,646.5,0.502
8865,844.5,654.5,0.653
8875,994.5,532.5,0.564
8876,590.5,240.5,0.802
8877,578.5,240.5,0.839
8878,568.5,238.5,0.839
8879,556.5,236.5,0.765
8880,544.5,232.5,0.848
8881,534.5,228.5,0.523
8882,522.5,224.5,0.744
8883,512.5,218.5,0.953
8884,504.5,216.5,0.929
8885,496.5,212.5,0.97
8886,488.5,208.5,0.955
8887,484.5,208.5,0.949
8888,474.5,202.5,0.936
8889,466.5,202.5,0.967
8890,458.5,202.5,0.734
8891,452.5,202.5,0.933
8892,448.5,206.5,0.885
8893,440.5,206.5,0.773
8894,436.5,206.5,0.625
8895,432.5,210.5,0.554
8901,1048.5,234.5,0.641
8903,1094.5,168.5,0.955
8904,1102.5,170.5,0.768
8905,1044.5,232.5,0.531
8911,1068.5,346.5,0.959
8920,330.5,350.5,0.542
8921,316.5,356.5,0.888
8935,326.5,250.5,0.652
8938,312.5,258.5,0.571
8939,302.5,258.5,0.965
8940,294.5,262.5,0.961
8941,286.5,264.5,0.974
8942,280.5,266.5,0.984
8943,274.5,268.5,0.965
8944,270.5,270.5,0.954
8945,266.5,274.5,0.931
8946,262.5,274.5,0.987
8947,266.5,274.5,0.816
8951,284.5,268.5,0.598
8955,1062.5,474.5,0.621
8975,254.5,260.5,0.929
8976,250.5,248.5,0.957
8977,244.5,232.5,0.972
8978,240.5,222.5,0.98
8979,238.5,214.5,0.993
8980,236.5,208.5,0.982
8981,232.5,202.5,0.981
8982,296.5,276.5,0.97
8983,230.5,202.5,0.99
8984,228.5,208.5,0.899
8985,228.5,214.5,0.785
8986,226.5,222.5,0.859
8987,232.5,234.5,0.976
8988,252.5,248.5,0.987
8990,298.5,250.5,0.763
8991,384.5,302.5,0.976
8992,414.5,292.5,0.994
8993,446.5,286.5,0.981
8994,476.5,280.5,0.985
8995,510.5,280.5,0.997
8996,538.5,280.5,0.996
8997,582.5,284.5,0.981
8998,612.5,290.5,0.97
8999,646.5,296.5,0.971
9000,686.5,314.5,0.983
9001,714.5,326.5,0.991
9002,744.5,344.5,0.979
9003,772.5,362.5,0.981
9004,810.5,370.5,0.957
9005,838.5,360.5,0.993
9006,870.5,350.5,0.984
9007,896.5,346.5,0.996
9008,926.5,348.5,0.991
9010,916.5,324.5,0.989
9011,882.5,308.5,0.973
9012,812.5,276.5,0.994
9013,764.5,260.5,0.997
9014,716.5,244.5,0.989
9015,684.5,238.5,0.991
9016,638.5,228.5,0.998
9017,608.5,226.5,0.972
9018,580.5,226.5,0.971
9019,550.5,228.5,0.986
9020,528.5,232.5,0.985
9021,504.5,240.5,0.952
9022,484.5,246.5,0.994
9023,464.5,246.5,0.99
9024,444.5,224.5,0.981
9025,426.5,206.5,0.951
9026,402.5,194.5,0.72
9027,406.5,180.5,0.994
9028,420.5,176.5,0.988
9029,450.5,172.5,0.975
9030,472.5,170.5,0.985
9031,498.5,168.5,0.987
9032,526.5,172.5,0.986
9033,554.5,178.5,0.966
9034,578.5,182.5,0.983
9035,608.5,194.5,0.989
9036,638.5,208.5,0.972
9037,662.5,220.5,0.978
9038,690.5,238.5,0.996
9039,720.5,258.5,0.997
9040,744.5,276.5,0.995
9041,762.5,290.5,0.978
9042,798.5,324.5,0.886
9043,824.5,356.5,0.995
9044,852.5,340.5,0.996
9045,882.5,332.5,0.983
9046,906.5,324.5,0.997
9047,936.5,324.5,0.997
9048,964.5,322.5,0.987
9049,986.5,324.5,0.996
9050,1008.5,326.5,0.974
9051,914.5,292.5,0.989
9052,856.5,276.5,0.988
9053,798.5,266.5,0.983
9054,746.5,256.5,0.987
9055,694.5,248.5,0.976
9056,644.5,244.5,0.996
9057,614.5,246.5,0.989
9058,576.5,248.5,0.987
9059,538.5,252.5,0.946
9060,504.5,258.5,0.989
9061,472.5,266.5,0.977
9062,450.5,274.5,0.993
9063,420.5,256.5,0.96
9064,392.5,236.5,0.991
9065,374.5,224.5,0.986
9066,356.5,212.5,0.814
9067,334.5,202.5,0.942
9068,352.5,198.5,0.946
9069,384.5,202.5,0.982
9070,404.5,202.5,0.989
9071,434.5,208.5,0.993
9072,458.5,212.5,0.997
9073,488.5,222.5,0.991
9074,516.5,232.5,0.983
9075,546.5,246.5,0.97
9076,580.5,264.5,0.979
9077,614.5,278.5,0.981
9078,646.5,308.5,0.992
9079,678.5,328.5,0.994
9080,696.5,342.5,0.987
9081,738.5,386.5,0.971
9082,764.5,388.5,0.987
9083,798.5,380.5,0.997
9084,830.5,376.5,0.998
9085,864.5,374.5,0.999
9086,898.5,376.5,0.996
9087,920.5,380.5,0.896
9088,864.5,344.5,0.957
9089,806.5,320.5,0.979
9090,758.5,300.5,0.969
9091,708.5,284.5,0.98
9092,676.5,268.5,0.992
9093,638.5,260.5,0.996
9094,600.5,254.5,0.977
9095,574.5,250.5,0.97
9096,548.5,252.5,0.925
9097,524.5,250.5,0.996
9098,506.5,252.5,0.995
9099,488.5,260.5,0.997
9100,470.5,248.5,0.994
9101,456.5,230.5,0.98
9102,440.5,212.5,0.967
9103,428.5,198.5,0.99
9104,418.5,188.5,0.974
9105,434.5,186.5,0.929
9106,464.5,188.5,0.976
9107,490.5,192.5,0.977
9108,518.5,198.5,0.985
9109,546.5,206.5,0.972
9110,576.5,216.5,0.988
9111,606.5,230.5,0.992
9112,634.5,244.5,0.994
9113,654.5,258.5,0.988
9114,684.5,278.5,0.994
9115,714.5,298.5,0.936
9116,742.5,328.5,0.99
9117,770.5,324.5,0.992
9118,782.5,356.5,0.923
9119,840.5,316.5,0.997
9120,862.5,318.5,0.997
9121,894.5,324.5,0.998
9122,922.5,330.5,0.986
9123,952.5,340.5,0.978
9124,938.5,332.5,0.973
9125,892.5,318.5,0.981
9126,838.5,300.5,0.995
9127,790.5,282.5,0.996
9128,742.5,270.5,0.994
9129,696.5,260.5,0.996
9130,656.5,256.5,0.945
9131,616.5,254.5,0.974
9132,582.5,254.5,0.982
9133,542.5,256.5,0.974
9134,504.5,260.5,0.99
9135,474.5,268.5,0.997
9136,446.5,278.5,0.998
9137,418.5,288.5,0.976
9138,388.5,282.5,0.864
9139,366.5,268.5,0.951
9140,334.5,250.5,0.99
9141,312.5,240.5,0.975
9142,292.5,232.5,0.978
9143,262.5,230.5,0.841
9144,254.5,388.5,0.962
9145,332.5,208.5,0.918
9146,374.5,200.5,0.954
9147,412.5,196.5,0.997
9148,456.5,192.5,0.994
9149,494.5,192.5,0.996
9150,540.5,194.5,0.948
9151,584.5,196.5,0.98
9152,630.5,204.5,0.945
9153,676.5,214.5,0.992
9154,712.5,224.5,0.972
9155,746.5,232.5,0.977
9156,786.5,246.5,0.993
9157,830.5,266.5,0.997
9158,864.5,280.5,0.998
9159,904.5,304.5,0.997
9160,942.5,326.5,0.997
9161,980.5,352.5,0.991
9162,1010.5,372.5,0.998
9163,1042.5,400.5,0.984
9164,1062.5,416.5,0.972
9165,1090.5,444.5,0.986
9166,1124.5,480.5,0.989
9167,1140.5,498.5,0.965
9168,1158.5,492.5,0.95
9175,302.5,240.5,0.678
9176,294.5,244.5,0.884
9191,266.5,396.5,0.639
9192,260.5,396.5,0.918
9193,256.5,394.5,0.931
9194,248.5,392.5,0.935
9197,218.5,388.5,0.932
9199,236.5,88.5,0.547
9200,228.5,88.5,0.626
9208,352.5,344.5,0.926
9212,326.5,366.5,0.568
9213,318.5,372.5,0.967
9215,296.5,390.5,0.946
9216,280.5,398.5,0.972
9217,264.5,408.5,0.978
9218,248.5,416.5,0.975
9219,232.5,424.5,0.821
9220,218.5,430.5,0.707
9221,202.5,434.5,0.946
9222,192.5,440.5,0.806
9223,184.5,442.5,0.934
9224,212.5,398.5,0.693
9229,208.5,396.5,0.779
9230,206.5,396.5,0.87
9231,200.5,396.5,0.863
9232,194.5,398.5,0.817
9233,1028.5,352.5,0.982
9236,152.5,432.5,0.622
9237,1010.5,328.5,0.927
9238,124.5,454.5,0.523
9239,110.5,466.5,0.786
9240,102.5,472.5,0.809
9242,948.5,362.5,0.909
9243,936.5,376.5,0.809
9244,932.5,396.5,0.937
9246,1164.5,456.5,0.547
9266,1048.5,236.5,0.682
9275,930.5,584.5,0.829
9276,918.5,592.5,0.712
9277,178.5,440.5,0.597
9279,180.5,434.5,0.574
9281,810.5,696.5,0.791
9286,182.5,438.5,0.565
9291,820.5,568.5,0.654
9293,352.5,256.5,0.785
9294,180.5,438.5,0.645
9297,200.5,466.5,0.917
9298,216.5,458.5,0.972
9299,230.5,450.5,0.974
9300,246.5,440.5,0.981
9301,258.5,432.5,0.893
9302,270.5,424.5,0.605
9303,78.5,532.5,0.687
9305,180.5,440.5,0.743
9309,148.5,426.5,0.611
9310,164.5,422.5,0.967
9311,182.5,420.5,0.977
9312,198.5,418.5,0.943
9313,212.5,416.5,0.927
9322,958.5,82.5,0.551
9323,232.5,424.5,0.636
9324,234.5,414.5,0.928
9325,252.5,402.5,0.624
9326,246.5,108.5,0.629
9329,272.5,384.5,0.617
9348,478.5,596.5,0.967
9349,328.5,348.5,0.674
9350,336.5,346.5,0.895
9351,344.5,346.5,0.93
