track,frame,t_s,x_px,y_px
0,0,0.0,140.5,474.5
0,1,0.033,140.5,474.5
0,2,0.067,140.5,474.5
0,3,0.1,140.5,474.5
0,4,0.133,140.5,474.5
0,5,0.167,140.5,474.5
0,8,0.267,300.5,484.5
0,9,0.3,288.5,486.5
0,12,0.4,138.5,476.5
0,13,0.433,140.5,474.5
0,14,0.467,140.5,474.5
0,15,0.5,138.5,474.5
0,16,0.533,134.5,472.5
0,17,0.567,128.5,470.5
0,19,0.633,248.5,356.5
1,71,2.367,30.5,276.5
1,72,2.4,34.5,274.5
1,76,2.533,134.5,468.5
1,79,2.633,340.5,566.5
1,80,2.667,354.5,564.5
1,81,2.7,370.5,562.5
1,82,2.733,386.5,560.5
2,103,3.433,88.5,464.5
2,104,3.467,100.5,466.5
2,107,3.567,138.5,458.5
2,108,3.6,148.5,456.5
2,111,3.7,106.5,234.5
2,112,3.733,112.5,234.5
3,151,5.033,552.5,442.5
3,152,5.067,566.5,410.5
3,153,5.1,568.5,372.5
3,154,5.133,560.5,348.5
3,155,5.167,564.5,326.5
3,156,5.2,562.5,306.5
3,157,5.233,558.5,294.5
3,158,5.267,552.5,280.5
3,159,5.3,550.5,274.5
3,160,5.333,550.5,278.5
3,161,5.367,550.5,286.5
3,162,5.4,552.5,300.5
3,163,5.433,550.5,314.5
3,164,5.467,552.5,336.5
3,165,5.5,550.5,358.5
3,166,5.533,552.5,386.5
3,167,5.567,550.5,416.5
3,168,5.6,550.5,432.5
4,201,6.7,572.5,298.5
4,202,6.733,572.5,288.5
4,203,6.767,568.5,276.5
4,204,6.8,566.5,280.5
4,205,6.833,566.5,292.5
4,206,6.867,566.5,304.5
4,207,6.9,564.5,316.5
4,208,6.933,566.5,342.5
4,209,6.967,562.5,360.5
4,211,7.033,562.5,410.5
5,239,7.967,592.5,384.5
5,240,8.0,590.5,348.5
5,241,8.033,590.5,320.5
5,242,8.067,586.5,298.5
5,243,8.1,586.5,276.5
5,244,8.133,578.5,260.5
5,245,8.167,576.5,248.5
5,246,8.2,574.5,238.5
5,248,8.267,570.5,244.5
5,249,8.3,566.5,252.5
5,250,8.333,562.5,260.5
5,251,8.367,560.5,278.5
5,252,8.4,562.5,302.5
5,253,8.433,560.5,330.5
5,255,8.5,556.5,392.5
5,256,8.533,558.5,418.5
6,284,9.467,610.5,392.5
6,285,9.5,610.5,372.5
6,286,9.533,612.5,352.5
6,287,9.567,610.5,334.5
6,288,9.6,606.5,322.5
6,290,9.667,606.5,314.5
6,291,9.7,608.5,322.5
6,292,9.733,610.5,332.5
6,293,9.767,610.5,344.5
6,294,9.8,612.5,362.5
6,295,9.833,610.5,380.5
6,298,9.933,490.5,190.5
7,479,15.967,610.5,390.5
7,480,16.0,614.5,382.5
7,481,16.033,614.5,372.5
7,482,16.067,626.5,368.5
7,484,16.133,630.5,376.5
8,497,16.567,612.5,328.5
8,498,16.6,610.5,338.5
8,499,16.633,612.5,354.5
8,500,16.667,612.5,366.5
8,501,16.7,602.5,372.5
8,502,16.733,598.5,394.5
9,507,16.9,588.5,388.5
9,508,16.933,584.5,370.5
9,509,16.967,580.5,356.5
9,510,17.0,578.5,346.5
9,513,17.1,564.5,356.5
9,514,17.133,568.5,372.5
9,515,17.167,566.5,386.5
9,516,17.2,560.5,406.5
9,517,17.233,544.5,422.5
10,649,21.633,1050.5,234.5
10,652,21.733,954.5,114.5
10,653,21.767,952.5,116.5
10,654,21.8,952.5,114.5
10,655,21.833,950.5,114.5
11,692,23.067,830.5,332.5
11,693,23.1,770.5,340.5
11,694,23.133,734.5,294.5
11,695,23.167,698.5,278.5
11,696,23.2,654.5,258.5
11,697,23.233,626.5,248.5
11,698,23.267,594.5,242.5
11,699,23.3,560.5,234.5
11,700,23.333,534.5,232.5
11,701,23.367,506.5,234.5
11,702,23.4,476.5,236.5
11,703,23.433,456.5,240.5
11,704,23.467,432.5,246.5
11,705,23.5,414.5,254.5
11,706,23.533,394.5,246.5
11,707,23.567,374.5,230.5
11,708,23.6,358.5,216.5
11,710,23.667,370.5,196.5
11,711,23.7,390.5,190.5
11,712,23.733,412.5,184.5
11,713,23.767,436.5,178.5
11,714,23.8,458.5,178.5
11,715,23.833,482.5,178.5
11,716,23.867,504.5,180.5
11,717,23.9,528.5,186.5
11,718,23.933,552.5,194.5
11,719,23.967,578.5,204.5
11,720,24.0,598.5,214.5
11,721,24.033,628.5,232.5
11,722,24.067,644.5,242.5
11,723,24.1,676.5,268.5
11,724,24.133,696.5,288.5
11,725,24.167,724.5,312.5
11,726,24.2,748.5,342.5
11,727,24.233,770.5,356.5
11,728,24.267,786.5,344.5
11,729,24.3,814.5,326.5
11,730,24.333,842.5,318.5
11,731,24.367,860.5,312.5
11,732,24.4,882.5,308.5
11,733,24.433,904.5,308.5
11,734,24.467,928.5,308.5
11,735,24.5,900.5,298.5
11,736,24.533,820.5,276.5
11,737,24.567,758.5,262.5
11,738,24.6,708.5,254.5
11,739,24.633,674.5,246.5
11,740,24.667,608.5,238.5
11,741,24.7,568.5,234.5
11,742,24.733,528.5,232.5
11,743,24.767,496.5,230.5
11,744,24.8,458.5,234.5
11,745,24.833,426.5,236.5
11,746,24.867,402.5,242.5
11,747,24.9,378.5,246.5
11,748,24.933,360.5,228.5
11,749,24.967,344.5,210.5
11,750,25.0,360.5,206.5
11,751,25.033,386.5,198.5
11,752,25.067,408.5,196.5
11,753,25.1,438.5,194.5
11,754,25.133,462.5,194.5
11,755,25.167,486.5,196.5
11,756,25.2,514.5,202.5
11,757,25.233,544.5,210.5
11,758,25.267,568.5,218.5
11,759,25.3,596.5,230.5
11,760,25.333,628.5,246.5
11,761,25.367,652.5,260.5
11,762,25.4,678.5,278.5
11,763,25.433,704.5,296.5
11,764,25.467,742.5,328.5
11,765,25.5,766.5,352.5
11,766,25.533,794.5,388.5
11,767,25.567,824.5,374.5
11,768,25.6,852.5,372.5
11,769,25.633,884.5,368.5
11,770,25.667,914.5,366.5
11,771,25.7,946.5,370.5
11,772,25.733,974.5,372.5
11,773,25.767,902.5,348.5
11,774,25.8,820.5,328.5
11,775,25.833,792.5,324.5
11,776,25.867,718.5,312.5
11,777,25.9,646.5,300.5
11,778,25.933,586.5,296.5
11,780,26.0,502.5,294.5
11,782,26.067,416.5,300.5
11,784,26.133,346.5,270.5
11,785,26.167,322.5,256.5
11,786,26.2,294.5,242.5
11,789,26.3,302.5,198.5
11,790,26.333,328.5,186.5
11,791,26.367,352.5,178.5
11,792,26.4,374.5,168.5
11,793,26.433,406.5,162.5
11,794,26.467,432.5,158.5
11,795,26.5,458.5,156.5
11,796,26.533,484.5,158.5
11,797,26.567,514.5,162.5
11,798,26.6,542.5,166.5
11,799,26.633,568.5,174.5
11,800,26.667,594.5,182.5
11,801,26.7,626.5,198.5
11,802,26.733,642.5,206.5
11,803,26.767,678.5,228.5
11,804,26.8,706.5,248.5
11,805,26.833,734.5,270.5
11,806,26.867,756.5,290.5
11,807,26.9,776.5,314.5
11,808,26.933,794.5,332.5
11,809,26.967,824.5,308.5
11,810,27.0,836.5,300.5
11,811,27.033,860.5,284.5
11,812,27.067,882.5,274.5
11,813,27.1,902.5,264.5
11,814,27.133,920.5,258.5
11,815,27.167,940.5,258.5
11,816,27.2,960.5,258.5
11,818,27.267,998.5,264.5
11,821,27.367,884.5,274.5
11,823,27.433,748.5,276.5
11,825,27.5,606.5,288.5
11,826,27.533,598.5,284.5
11,827,27.567,600.5,290.5
11,828,27.6,602.5,290.5
11,829,27.633,606.5,294.5
11,830,27.667,610.5,304.5
11,831,27.7,612.5,314.5
11,832,27.733,614.5,328.5
11,833,27.767,616.5,344.5
11,834,27.8,618.5,354.5
11,835,27.833,618.5,348.5
11,836,27.867,616.5,348.5
11,837,27.9,616.5,352.5
11,838,27.933,618.5,360.5
11,839,27.967,616.5,370.5
11,840,28.0,616.5,380.5
11,841,28.033,616.5,394.5
11,842,28.067,618.5,404.5
11,843,28.1,616.5,400.5
11,844,28.133,608.5,398.5
11,845,28.167,606.5,404.5
11,846,28.2,600.5,412.5
11,847,28.233,598.5,422.5
11,848,28.267,594.5,434.5
11,849,28.3,592.5,450.5
11,850,28.333,588.5,468.5
11,851,28.367,584.5,490.5
11,855,28.5,278.5,568.5
11,856,28.533,278.5,568.5
11,857,28.567,278.5,568.5
11,858,28.6,278.5,568.5
12,863,28.767,278.5,568.5
12,864,28.8,278.5,568.5
12,867,28.9,276.5,372.5
12,870,29.0,278.5,568.5
12,871,29.033,278.5,568.5
12,872,29.067,278.5,568.5
12,873,29.1,278.5,568.5
12,874,29.133,278.5,568.5
12,875,29.167,278.5,568.5
12,877,29.233,278.5,568.5
12,878,29.267,278.5,568.5
12,879,29.3,278.5,568.5
12,880,29.333,278.5,568.5
12,881,29.367,278.5,568.5
12,882,29.4,278.5,568.5
12,883,29.433,278.5,568.5
13,888,29.6,152.5,182.5
13,889,29.633,150.5,182.5
13,890,29.667,150.5,182.5
13,892,29.733,150.5,182.5
13,893,29.767,150.5,182.5
13,894,29.8,150.5,182.5
13,895,29.833,150.5,182.5
13,897,29.9,150.5,182.5
13,898,29.933,150.5,182.5
13,901,30.033,148.5,184.5
13,903,30.1,148.5,184.5
13,905,30.167,146.5,184.5
13,906,30.2,146.5,186.5
14,914,30.467,664.5,702.5
14,916,30.533,756.5,600.5
14,918,30.6,820.5,594.5
14,919,30.633,832.5,588.5
14,921,30.7,866.5,584.5
15,961,32.033,140.5,452.5
15,962,32.067,154.5,462.5
15,963,32.1,174.5,466.5
15,964,32.133,194.5,472.5
15,965,32.167,172.5,408.5
15,966,32.2,168.5,418.5
15,969,32.3,118.5,492.5
15,970,32.333,122.5,516.5
15,971,32.367,118.5,530.5
15,972,32.4,116.5,548.5
16,993,33.1,982.5,368.5
16,997,33.233,1046.5,234.5
16,1001,33.367,1058.5,194.5
16,1002,33.4,1002.5,230.5
16,1003,33.433,1004.5,230.5
17,1014,33.8,810.5,326.5
17,1015,33.833,754.5,292.5
17,1016,33.867,718.5,278.5
17,1017,33.9,682.5,266.5
17,1018,33.933,646.5,258.5
17,1019,33.967,602.5,244.5
17,1020,34.0,570.5,242.5
17,1021,34.033,542.5,242.5
17,1022,34.067,506.5,244.5
17,1023,34.1,478.5,246.5
17,1024,34.133,456.5,252.5
17,1025,34.167,430.5,262.5
17,1026,34.2,408.5,254.5
17,1027,34.233,388.5,242.5
17,1028,34.267,362.5,224.5
17,1029,34.3,340.5,216.5
18,1039,34.633,528.5,148.5
18,1040,34.667,558.5,152.5
18,1041,34.7,586.5,160.5
18,1042,34.733,610.5,164.5
18,1043,34.767,642.5,178.5
18,1044,34.8,680.5,196.5
18,1045,34.833,710.5,212.5
18,1046,34.867,738.5,230.5
18,1047,34.9,772.5,256.5
18,1048,34.933,808.5,284.5
18,1049,34.967,834.5,306.5
18,1050,35.0,870.5,342.5
18,1051,35.033,898.5,374.5
18,1052,35.067,932.5,412.5
18,1053,35.1,982.5,466.5
18,1054,35.133,996.5,492.5
18,1055,35.167,1040.5,550.5
18,1056,35.2,1058.5,582.5
18,1057,35.233,1088.5,632.5
18,1058,35.267,1122.5,684.5
19,1101,36.7,932.5,428.5
19,1102,36.733,898.5,382.5
19,1103,36.767,852.5,324.5
19,1104,36.8,804.5,274.5
19,1105,36.833,768.5,236.5
19,1106,36.867,730.5,204.5
19,1107,36.9,698.5,180.5
19,1108,36.933,660.5,156.5
19,1109,36.967,626.5,140.5
19,1110,37.0,598.5,130.5
19,1111,37.033,568.5,124.5
19,1112,37.067,544.5,120.5
19,1113,37.1,518.5,122.5
19,1114,37.133,498.5,126.5
19,1115,37.167,474.5,132.5
19,1116,37.2,458.5,144.5
19,1117,37.233,440.5,154.5
19,1118,37.267,422.5,170.5
19,1119,37.3,408.5,186.5
19,1120,37.333,394.5,204.5
19,1121,37.367,382.5,222.5
19,1122,37.4,372.5,240.5
19,1123,37.433,360.5,262.5
19,1124,37.467,350.5,288.5
19,1126,37.533,328.5,250.5
19,1128,37.6,308.5,204.5
19,1129,37.633,300.5,188.5
19,1131,37.7,280.5,158.5
19,1132,37.733,272.5,148.5
19,1134,37.8,256.5,136.5
19,1136,37.867,250.5,158.5
20,1167,38.9,638.5,550.5
20,1168,38.933,666.5,564.5
20,1169,38.967,678.5,598.5
20,1170,39.0,708.5,602.5
20,1174,39.133,888.5,626.5
21,1186,39.533,296.5,250.5
21,1187,39.567,288.5,250.5
21,1188,39.6,284.5,256.5
21,1189,39.633,278.5,260.5
21,1190,39.667,276.5,264.5
21,1191,39.7,272.5,266.5
21,1192,39.733,270.5,270.5
21,1193,39.767,266.5,274.5
21,1195,39.833,262.5,276.5
21,1196,39.867,260.5,276.5
21,1197,39.9,262.5,276.5
22,1224,40.8,266.5,274.5
22,1225,40.833,258.5,270.5
22,1227,40.9,250.5,246.5
22,1228,40.933,244.5,234.5
22,1229,40.967,244.5,224.5
22,1231,41.033,240.5,212.5
22,1232,41.067,240.5,212.5
22,1233,41.1,242.5,216.5
22,1234,41.133,244.5,222.5
22,1235,41.167,242.5,228.5
22,1236,41.2,254.5,244.5
22,1237,41.233,282.5,256.5
22,1239,41.3,326.5,216.5
22,1241,41.367,458.5,278.5
22,1242,41.4,490.5,274.5
22,1243,41.433,524.5,268.5
22,1244,41.467,556.5,266.5
22,1245,41.5,594.5,266.5
22,1246,41.533,634.5,272.5
22,1247,41.567,672.5,280.5
22,1248,41.6,706.5,290.5
22,1249,41.633,738.5,298.5
22,1250,41.667,768.5,312.5
22,1251,41.7,798.5,338.5
22,1252,41.733,830.5,336.5
22,1253,41.767,868.5,320.5
22,1254,41.8,892.5,314.5
22,1255,41.833,924.5,310.5
22,1256,41.867,950.5,308.5
22,1257,41.9,984.5,310.5
22,1258,41.933,1010.5,314.5
22,1259,41.967,1002.5,304.5
22,1260,42.0,950.5,290.5
22,1261,42.033,902.5,274.5
22,1262,42.067,844.5,260.5
22,1263,42.1,790.5,250.5
22,1264,42.133,742.5,244.5
22,1265,42.167,694.5,244.5
22,1266,42.2,648.5,244.5
22,1267,42.233,620.5,250.5
22,1268,42.267,586.5,258.5
22,1269,42.3,542.5,266.5
22,1270,42.333,512.5,280.5
22,1271,42.367,476.5,266.5
22,1272,42.4,454.5,252.5
22,1273,42.433,426.5,236.5
22,1274,42.467,400.5,226.5
22,1275,42.5,372.5,214.5
22,1276,42.533,356.5,210.5
22,1279,42.633,370.5,196.5
22,1280,42.667,390.5,196.5
22,1281,42.7,412.5,196.5
22,1282,42.733,434.5,200.5
22,1283,42.767,454.5,206.5
22,1284,42.8,482.5,216.5
22,1285,42.833,504.5,228.5
22,1286,42.867,532.5,244.5
22,1287,42.9,552.5,258.5
22,1288,42.933,578.5,274.5
22,1289,42.967,596.5,296.5
22,1290,43.0,626.5,324.5
22,1291,43.033,650.5,354.5
22,1292,43.067,668.5,380.5
22,1293,43.1,694.5,392.5
22,1294,43.133,718.5,382.5
22,1295,43.167,740.5,374.5
22,1296,43.2,766.5,372.5
22,1297,43.233,790.5,370.5
22,1298,43.267,812.5,372.5
22,1299,43.3,838.5,384.5
22,1300,43.333,788.5,356.5
22,1301,43.367,752.5,342.5
22,1302,43.4,674.5,308.5
22,1303,43.433,620.5,294.5
22,1304,43.467,566.5,278.5
22,1305,43.5,528.5,274.5
22,1306,43.533,490.5,268.5
22,1307,43.567,454.5,264.5
22,1308,43.6,426.5,266.5
22,1309,43.633,398.5,268.5
22,1310,43.667,376.5,274.5
22,1311,43.7,360.5,280.5
22,1312,43.733,340.5,288.5
22,1313,43.767,320.5,266.5
22,1314,43.8,304.5,244.5
22,1315,43.833,284.5,224.5
22,1316,43.867,272.5,212.5
22,1319,43.967,290.5,182.5
22,1320,44.0,314.5,178.5
22,1321,44.033,334.5,176.5
22,1322,44.067,360.5,174.5
22,1323,44.1,388.5,174.5
22,1324,44.133,418.5,178.5
22,1325,44.167,446.5,184.5
22,1326,44.2,470.5,192.5
22,1327,44.233,498.5,204.5
22,1328,44.267,530.5,218.5
22,1329,44.3,562.5,236.5
22,1330,44.333,584.5,250.5
22,1331,44.367,618.5,274.5
22,1332,44.4,650.5,302.5
22,1333,44.433,680.5,328.5
22,1336,44.533,774.5,436.5
22,1337,44.567,798.5,422.5
22,1338,44.6,832.5,412.5
22,1339,44.633,862.5,406.5
22,1340,44.667,898.5,398.5
22,1341,44.7,928.5,396.5
22,1342,44.733,954.5,400.5
22,1343,44.767,884.5,370.5
22,1344,44.8,842.5,356.5
22,1348,44.933,528.5,276.5
22,1349,44.967,478.5,266.5
22,1350,45.0,436.5,262.5
22,1351,45.033,402.5,260.5
22,1352,45.067,364.5,258.5
22,1353,45.1,338.5,260.5
22,1354,45.133,320.5,264.5
22,1355,45.167,298.5,270.5
22,1356,45.2,278.5,274.5
22,1357,45.233,270.5,282.5
22,1359,45.3,246.5,300.5
22,1360,45.333,240.5,308.5
22,1362,45.4,262.5,184.5
22,1363,45.433,266.5,164.5
23,1369,45.633,246.5,304.5
23,1370,45.667,254.5,308.5
23,1374,45.8,294.5,202.5
23,1375,45.833,292.5,214.5
23,1376,45.867,288.5,224.5
23,1377,45.9,278.5,230.5
23,1378,45.933,276.5,242.5
23,1379,45.967,298.5,324.5
24,1399,46.633,242.5,256.5
24,1403,46.767,304.5,150.5
24,1405,46.833,318.5,154.5
24,1406,46.867,322.5,158.5
24,1408,46.933,336.5,170.5
24,1409,46.967,340.5,174.5
25,1594,53.133,396.5,236.5
25,1595,53.167,394.5,228.5
25,1596,53.2,398.5,218.5
25,1597,53.233,406.5,208.5
25,1598,53.267,408.5,196.5
25,1599,53.3,412.5,186.5
25,1600,53.333,416.5,172.5
25,1601,53.367,418.5,162.5
25,1602,53.4,420.5,148.5
25,1603,53.433,418.5,140.5
25,1604,53.467,418.5,128.5
26,1681,56.033,318.5,228.5
26,1682,56.067,312.5,230.5
26,1683,56.1,312.5,234.5
26,1684,56.133,306.5,234.5
26,1685,56.167,302.5,234.5
26,1686,56.2,300.5,236.5
26,1688,56.267,292.5,236.5
26,1689,56.3,288.5,238.5
26,1690,56.333,284.5,240.5
26,1691,56.367,280.5,242.5
26,1692,56.4,274.5,248.5
26,1693,56.433,270.5,250.5
26,1695,56.5,262.5,262.5
26,1696,56.533,262.5,268.5
26,1697,56.567,262.5,274.5
26,1698,56.6,262.5,276.5
26,1700,56.667,312.5,388.5
26,1701,56.7,312.5,388.5
26,1702,56.733,312.5,388.5
26,1703,56.767,312.5,388.5
26,1704,56.8,312.5,388.5
26,1705,56.833,312.5,388.5
26,1706,56.867,312.5,388.5
26,1707,56.9,310.5,388.5
26,1708,56.933,312.5,388.5
26,1709,56.967,312.5,388.5
26,1710,57.0,312.5,388.5
26,1711,57.033,312.5,388.5
26,1712,57.067,312.5,388.5
26,1713,57.1,312.5,388.5
26,1714,57.133,312.5,388.5
26,1715,57.167,312.5,388.5
26,1716,57.2,312.5,388.5
26,1717,57.233,312.5,388.5
26,1718,57.267,312.5,388.5
26,1719,57.3,312.5,388.5
26,1720,57.333,312.5,388.5
26,1721,57.367,312.5,388.5
26,1722,57.4,312.5,388.5
26,1723,57.433,312.5,388.5
26,1724,57.467,312.5,388.5
26,1725,57.5,312.5,388.5
26,1726,57.533,312.5,388.5
26,1727,57.567,312.5,388.5
26,1728,57.6,312.5,388.5
26,1730,57.667,312.5,388.5
26,1731,57.7,312.5,388.5
26,1732,57.733,312.5,388.5
26,1735,57.833,232.5,212.5
26,1736,57.867,230.5,206.5
26,1737,57.9,230.5,202.5
26,1738,57.933,230.5,202.5
26,1739,57.967,230.5,208.5
26,1740,58.0,228.5,212.5
26,1741,58.033,228.5,218.5
26,1742,58.067,228.5,228.5
26,1743,58.1,236.5,242.5
26,1744,58.133,266.5,256.5
26,1745,58.167,306.5,270.5
26,1746,58.2,308.5,240.5
26,1748,58.267,426.5,292.5
26,1749,58.3,458.5,284.5
26,1750,58.333,490.5,280.5
26,1751,58.367,522.5,276.5
26,1752,58.4,554.5,276.5
26,1753,58.433,590.5,278.5
26,1754,58.467,618.5,284.5
26,1755,58.5,652.5,292.5
26,1756,58.533,686.5,300.5
26,1757,58.567,722.5,322.5
26,1758,58.6,748.5,334.5
26,1759,58.633,786.5,350.5
26,1760,58.667,808.5,344.5
26,1761,58.7,840.5,330.5
26,1762,58.733,874.5,324.5
26,1763,58.767,896.5,324.5
26,1764,58.8,922.5,324.5
26,1765,58.833,950.5,328.5
26,1766,58.867,966.5,330.5
26,1767,58.9,902.5,300.5
26,1768,58.933,856.5,280.5
26,1769,58.967,810.5,264.5
26,1770,59.0,760.5,248.5
26,1771,59.033,720.5,240.5
26,1772,59.067,682.5,232.5
26,1773,59.1,638.5,228.5
26,1774,59.133,606.5,228.5
26,1775,59.167,576.5,230.5
26,1776,59.2,552.5,234.5
26,1777,59.233,526.5,242.5
26,1778,59.267,498.5,246.5
26,1779,59.3,472.5,250.5
26,1780,59.333,450.5,232.5
26,1781,59.367,432.5,220.5
26,1782,59.4,410.5,204.5
26,1783,59.433,400.5,196.5
26,1784,59.467,418.5,188.5
26,1785,59.5,444.5,182.5
26,1786,59.533,468.5,174.5
26,1787,59.567,494.5,172.5
26,1788,59.6,518.5,172.5
26,1789,59.633,546.5,174.5
26,1790,59.667,572.5,178.5
26,1791,59.7,596.5,184.5
26,1792,59.733,630.5,196.5
26,1793,59.767,646.5,202.5
26,1794,59.8,682.5,218.5
26,1795,59.833,708.5,232.5
26,1796,59.867,742.5,256.5
26,1797,59.9,774.5,278.5
26,1798,59.933,802.5,300.5
26,1799,59.967,828.5,326.5
26,1800,60.0,854.5,350.5
26,1801,60.033,886.5,388.5
26,1802,60.067,916.5,376.5
26,1803,60.1,948.5,364.5
26,1804,60.133,980.5,356.5
26,1805,60.167,1014.5,348.5
26,1806,60.2,1044.5,346.5
26,1807,60.233,1074.5,346.5
26,1808,60.267,1106.5,350.5
26,1809,60.3,1070.5,328.5
26,1810,60.333,1014.5,306.5
26,1811,60.367,948.5,284.5
26,1813,60.433,790.5,244.5
26,1814,60.467,730.5,234.5
26,1815,60.5,684.5,228.5
26,1816,60.533,632.5,226.5
26,1817,60.567,586.5,226.5
26,1818,60.6,554.5,226.5
26,1819,60.633,510.5,228.5
26,1820,60.667,476.5,236.5
26,1821,60.7,440.5,244.5
26,1822,60.733,418.5,250.5
26,1823,60.767,390.5,260.5
26,1824,60.8,358.5,234.5
26,1825,60.833,342.5,220.5
26,1826,60.867,320.5,206.5
26,1827,60.9,336.5,198.5
26,1828,60.933,364.5,192.5
26,1829,60.967,392.5,190.5
26,1830,61.0,420.5,188.5
26,1831,61.033,450.5,188.5
26,1832,61.067,480.5,190.5
26,1833,61.1,514.5,196.5
26,1834,61.133,542.5,200.5
26,1835,61.167,578.5,212.5
26,1836,61.2,616.5,228.5
26,1837,61.233,642.5,238.5
26,1838,61.267,686.5,260.5
26,1839,61.3,720.5,280.5
26,1840,61.333,758.5,308.5
26,1841,61.367,792.5,328.5
26,1842,61.4,828.5,360.5
26,1843,61.433,856.5,380.5
26,1844,61.467,894.5,424.5
26,1845,61.5,926.5,450.5
26,1846,61.533,980.5,504.5
26,1847,61.567,1014.5,544.5
26,1848,61.6,1046.5,582.5
26,1849,61.633,1070.5,616.5
26,1850,61.667,1096.5,652.5
26,1851,61.7,1136.5,696.5
26,1852,61.733,1162.5,690.5
26,1853,61.767,1186.5,680.5
27,1916,63.867,298.5,154.5
27,1917,63.9,290.5,144.5
27,1918,63.933,284.5,130.5
27,1919,63.967,276.5,120.5
27,1920,64.0,270.5,110.5
27,1921,64.033,262.5,106.5
27,1925,64.167,216.5,396.5
27,1927,64.233,216.5,396.5
27,1931,64.367,216.5,396.5
27,1934,64.467,216.5,396.5
27,1936,64.533,216.5,396.5
27,1937,64.567,216.5,396.5
28,1942,64.733,666.5,452.5
28,1943,64.767,640.5,470.5
28,1944,64.8,618.5,494.5
28,1945,64.833,594.5,506.5
28,1946,64.867,572.5,520.5
28,1947,64.9,556.5,532.5
29,1975,65.833,482.5,600.5
29,1976,65.867,482.5,598.5
29,1978,65.933,482.5,592.5
29,1979,65.967,484.5,580.5
29,1982,66.067,524.5,532.5
29,1985,66.167,584.5,532.5
29,1986,66.2,602.5,540.5
29,1989,66.3,684.5,550.5
29,1990,66.333,706.5,550.5
30,2012,67.067,218.5,394.5
30,2013,67.1,216.5,394.5
30,2014,67.133,224.5,392.5
30,2015,67.167,236.5,390.5
30,2016,67.2,248.5,388.5
30,2017,67.233,256.5,388.5
30,2018,67.267,262.5,388.5
31,2050,68.333,820.5,310.5
31,2051,68.367,784.5,292.5
31,2052,68.4,748.5,278.5
31,2053,68.433,708.5,264.5
31,2054,68.467,680.5,258.5
31,2055,68.5,636.5,248.5
31,2056,68.533,614.5,246.5
31,2057,68.567,582.5,248.5
31,2058,68.6,562.5,250.5
31,2059,68.633,536.5,252.5
31,2060,68.667,512.5,246.5
31,2061,68.7,486.5,230.5
31,2062,68.733,472.5,222.5
31,2063,68.767,456.5,212.5
31,2064,68.8,438.5,204.5
31,2065,68.833,420.5,202.5
31,2066,68.867,414.5,202.5
31,2067,68.9,434.5,196.5
31,2068,68.933,460.5,192.5
31,2069,68.967,488.5,190.5
31,2070,69.0,516.5,192.5
31,2071,69.033,540.5,194.5
31,2072,69.067,566.5,198.5
31,2073,69.1,596.5,206.5
31,2074,69.133,626.5,216.5
31,2075,69.167,644.5,224.5
31,2076,69.2,682.5,244.5
31,2077,69.233,710.5,260.5
31,2078,69.267,738.5,280.5
31,2079,69.3,756.5,292.5
31,2080,69.333,788.5,326.5
31,2081,69.367,814.5,328.5
31,2082,69.4,850.5,318.5
31,2083,69.433,870.5,314.5
31,2084,69.467,896.5,314.5
31,2085,69.5,924.5,316.5
31,2086,69.533,910.5,304.5
31,2087,69.567,862.5,290.5
31,2088,69.6,816.5,276.5
31,2089,69.633,762.5,264.5
31,2090,69.667,728.5,260.5
31,2091,69.7,682.5,254.5
31,2092,69.733,638.5,256.5
31,2093,69.767,602.5,256.5
31,2094,69.8,556.5,260.5
31,2095,69.833,528.5,262.5
31,2096,69.867,492.5,272.5
31,2097,69.9,462.5,282.5
31,2098,69.933,436.5,292.5
31,2100,70.0,376.5,276.5
31,2101,70.033,348.5,260.5
31,2102,70.067,326.5,250.5
31,2103,70.1,304.5,242.5
31,2104,70.133,278.5,252.5
31,2107,70.233,334.5,228.5
31,2108,70.267,370.5,228.5
31,2109,70.3,410.5,232.5
31,2110,70.333,444.5,236.5
31,2111,70.367,476.5,244.5
31,2112,70.4,526.5,258.5
31,2113,70.433,554.5,266.5
31,2114,70.467,602.5,288.5
31,2115,70.5,654.5,314.5
31,2116,70.533,696.5,332.5
31,2117,70.567,740.5,362.5
31,2118,70.6,784.5,390.5
31,2119,70.633,826.5,422.5
31,2120,70.667,884.5,450.5
31,2121,70.7,922.5,444.5
31,2122,70.733,970.5,444.5
31,2123,70.767,1016.5,444.5
31,2125,70.833,888.5,394.5
31,2126,70.867,820.5,378.5
31,2127,70.9,760.5,362.5
31,2128,70.933,684.5,348.5
31,2129,70.967,620.5,340.5
31,2132,71.067,506.5,338.5
31,2133,71.1,524.5,348.5
31,2134,71.133,540.5,358.5
31,2135,71.167,556.5,370.5
31,2136,71.2,570.5,368.5
31,2137,71.233,586.5,366.5
31,2138,71.267,600.5,372.5
31,2139,71.3,616.5,374.5
31,2140,71.333,630.5,380.5
31,2141,71.367,646.5,394.5
31,2142,71.4,660.5,404.5
31,2143,71.433,674.5,396.5
31,2144,71.467,688.5,396.5
31,2145,71.5,698.5,400.5
31,2146,71.533,712.5,406.5
31,2147,71.567,724.5,414.5
31,2148,71.6,736.5,426.5
31,2149,71.633,750.5,424.5
31,2150,71.667,762.5,422.5
31,2151,71.7,774.5,424.5
31,2152,71.733,788.5,426.5
31,2153,71.767,802.5,436.5
31,2154,71.8,814.5,446.5
31,2155,71.833,826.5,446.5
31,2156,71.867,840.5,444.5
31,2157,71.9,854.5,444.5
31,2158,71.933,870.5,454.5
31,2159,71.967,882.5,460.5
31,2160,72.0,892.5,470.5
31,2161,72.033,906.5,484.5
31,2162,72.067,916.5,502.5
31,2163,72.1,926.5,520.5
31,2164,72.133,930.5,536.5
31,2165,72.167,930.5,524.5
32,2170,72.333,994.5,514.5
32,2171,72.367,1014.5,522.5
32,2172,72.4,1028.5,532.5
32,2173,72.433,1042.5,542.5
32,2174,72.467,1056.5,550.5
32,2176,72.533,1078.5,564.5
32,2178,72.6,1090.5,568.5
32,2179,72.633,1092.5,570.5
33,2199,73.3,938.5,356.5
33,2200,73.333,936.5,344.5
33,2201,73.367,944.5,332.5
33,2203,73.433,934.5,296.5
33,2205,73.5,1060.5,198.5
33,2207,73.567,1138.5,132.5
34,2227,74.233,196.5,450.5
34,2228,74.267,196.5,456.5
34,2230,74.333,204.5,474.5
34,2231,74.367,204.5,474.5
34,2234,74.467,206.5,474.5
34,2235,74.5,206.5,476.5
34,2237,74.567,136.5,468.5
34,2239,74.633,214.5,496.5
34,2240,74.667,220.5,504.5
34,2242,74.733,206.5,476.5
34,2243,74.767,210.5,476.5
34,2246,74.867,262.5,392.5
34,2247,74.9,266.5,392.5
35,2255,75.167,326.5,518.5
35,2256,75.2,344.5,512.5
35,2257,75.233,384.5,534.5
35,2258,75.267,394.5,520.5
35,2261,75.367,292.5,538.5
35,2263,75.433,454.5,582.5
36,2505,83.5,834.5,324.5
36,2506,83.533,808.5,310.5
36,2507,83.567,762.5,290.5
36,2508,83.6,720.5,274.5
36,2509,83.633,684.5,262.5
36,2510,83.667,634.5,250.5
36,2511,83.7,598.5,244.5
36,2512,83.733,562.5,244.5
36,2513,83.767,534.5,244.5
36,2514,83.8,502.5,246.5
36,2515,83.833,474.5,252.5
36,2516,83.867,446.5,260.5
36,2517,83.9,426.5,264.5
36,2518,83.933,402.5,248.5
36,2519,83.967,376.5,230.5
36,2520,84.0,360.5,220.5
36,2521,84.033,346.5,212.5
36,2522,84.067,354.5,206.5
36,2523,84.1,368.5,192.5
36,2524,84.133,390.5,184.5
36,2525,84.167,412.5,178.5
36,2526,84.2,434.5,174.5
36,2527,84.233,456.5,174.5
36,2528,84.267,480.5,176.5
36,2529,84.3,500.5,178.5
36,2530,84.333,528.5,186.5
36,2531,84.367,548.5,192.5
36,2532,84.4,572.5,202.5
36,2533,84.433,594.5,214.5
36,2534,84.467,624.5,232.5
36,2535,84.5,640.5,244.5
36,2536,84.533,674.5,274.5
36,2537,84.567,688.5,284.5
36,2538,84.6,708.5,306.5
36,2539,84.633,728.5,326.5
36,2540,84.667,750.5,308.5
36,2541,84.7,772.5,292.5
36,2542,84.733,790.5,286.5
36,2543,84.767,808.5,276.5
36,2544,84.8,828.5,274.5
36,2545,84.833,848.5,272.5
36,2546,84.867,840.5,258.5
36,2547,84.9,804.5,242.5
36,2548,84.933,758.5,222.5
36,2549,84.967,714.5,204.5
36,2550,85.0,682.5,194.5
36,2551,85.033,636.5,180.5
36,2552,85.067,610.5,178.5
36,2553,85.1,574.5,172.5
36,2554,85.133,542.5,172.5
36,2555,85.167,520.5,174.5
36,2556,85.2,494.5,178.5
36,2557,85.233,470.5,180.5
36,2558,85.267,448.5,188.5
36,2559,85.3,426.5,196.5
36,2560,85.333,410.5,206.5
36,2561,85.367,390.5,218.5
36,2562,85.4,374.5,230.5
36,2563,85.433,358.5,244.5
36,2567,85.567,250.5,402.5
36,2568,85.6,252.5,400.5
37,2639,87.967,1048.5,632.5
37,2641,88.033,1074.5,456.5
37,2644,88.133,1050.5,634.5
37,2648,88.267,964.5,354.5
37,2651,88.367,1148.5,210.5
38,2698,89.933,320.5,244.5
38,2699,89.967,312.5,248.5
38,2700,90.0,304.5,250.5
38,2701,90.033,294.5,250.5
38,2702,90.067,290.5,256.5
38,2703,90.1,280.5,260.5
38,2704,90.133,274.5,264.5
38,2705,90.167,272.5,268.5
38,2706,90.2,264.5,272.5
38,2707,90.233,262.5,276.5
38,2708,90.267,258.5,278.5
39,2726,90.867,262.5,268.5
39,2727,90.9,234.5,272.5
39,2728,90.933,194.5,204.5
39,2729,90.967,242.5,226.5
39,2731,91.033,234.5,210.5
39,2732,91.067,236.5,206.5
39,2733,91.1,234.5,206.5
39,2734,91.133,234.5,208.5
39,2735,91.167,232.5,212.5
39,2736,91.2,230.5,218.5
39,2737,91.233,228.5,228.5
39,2738,91.267,252.5,244.5
39,2739,91.3,282.5,252.5
39,2740,91.333,312.5,252.5
39,2741,91.367,324.5,240.5
39,2742,91.4,332.5,222.5
39,2744,91.467,498.5,270.5
39,2745,91.5,536.5,266.5
39,2746,91.533,570.5,266.5
39,2747,91.567,602.5,268.5
39,2748,91.6,646.5,276.5
39,2749,91.633,680.5,282.5
39,2750,91.667,718.5,292.5
39,2751,91.7,754.5,308.5
39,2752,91.733,762.5,356.5
39,2753,91.767,824.5,344.5
39,2754,91.8,854.5,358.5
39,2755,91.833,890.5,342.5
39,2756,91.867,928.5,332.5
39,2757,91.9,954.5,328.5
39,2758,91.933,984.5,326.5
39,2759,91.967,1016.5,328.5
39,2760,92.0,1046.5,330.5
39,2763,92.1,1016.5,306.5
39,2764,92.133,950.5,276.5
39,2765,92.167,902.5,260.5
39,2766,92.2,850.5,248.5
39,2767,92.233,794.5,236.5
39,2768,92.267,748.5,230.5
39,2769,92.3,712.5,230.5
39,2770,92.333,678.5,230.5
39,2771,92.367,634.5,236.5
39,2772,92.4,604.5,242.5
39,2773,92.433,572.5,252.5
39,2774,92.467,540.5,260.5
39,2775,92.5,508.5,278.5
39,2776,92.533,482.5,264.5
39,2777,92.567,458.5,244.5
39,2778,92.6,438.5,230.5
39,2779,92.633,410.5,214.5
39,2780,92.667,388.5,202.5
39,2781,92.7,370.5,198.5
39,2782,92.733,348.5,190.5
39,2785,92.833,348.5,172.5
39,2787,92.9,390.5,162.5
39,2789,92.967,434.5,162.5
39,2790,93.0,452.5,162.5
39,2791,93.033,476.5,168.5
39,2792,93.067,500.5,176.5
39,2793,93.1,526.5,188.5
39,2794,93.133,548.5,200.5
39,2795,93.167,576.5,218.5
39,2796,93.2,606.5,240.5
39,2797,93.233,632.5,264.5
39,2798,93.267,656.5,284.5
39,2799,93.3,684.5,312.5
39,2800,93.333,708.5,340.5
39,2801,93.367,730.5,368.5
39,2802,93.4,758.5,398.5
39,2803,93.433,778.5,386.5
39,2804,93.467,778.5,386.5
39,2805,93.5,804.5,370.5
39,2806,93.533,828.5,362.5
39,2807,93.567,854.5,354.5
39,2808,93.6,882.5,348.5
39,2809,93.633,906.5,350.5
39,2810,93.667,936.5,354.5
39,2811,93.7,936.5,376.5
39,2815,93.833,632.5,256.5
39,2816,93.867,586.5,244.5
39,2817,93.9,546.5,242.5
39,2818,93.933,514.5,240.5
39,2819,93.967,478.5,240.5
39,2820,94.0,452.5,244.5
39,2821,94.033,430.5,248.5
39,2822,94.067,412.5,256.5
39,2823,94.1,394.5,260.5
39,2824,94.133,374.5,234.5
39,2825,94.167,362.5,216.5
39,2826,94.2,342.5,198.5
39,2828,94.267,310.5,338.5
39,2829,94.3,320.5,334.5
39,2830,94.333,332.5,330.5
39,2833,94.433,470.5,152.5
39,2834,94.467,496.5,154.5
39,2835,94.5,530.5,160.5
39,2836,94.533,558.5,166.5
39,2837,94.567,592.5,178.5
39,2838,94.6,626.5,192.5
39,2839,94.633,642.5,196.5
39,2840,94.667,678.5,216.5
39,2841,94.7,712.5,238.5
39,2842,94.733,744.5,260.5
39,2843,94.767,774.5,282.5
39,2844,94.8,794.5,300.5
39,2845,94.833,832.5,308.5
39,2846,94.867,850.5,298.5
39,2847,94.9,882.5,286.5
39,2848,94.933,908.5,278.5
39,2849,94.967,938.5,272.5
39,2850,95.0,960.5,268.5
39,2851,95.033,998.5,268.5
39,2852,95.067,1018.5,270.5
39,2853,95.1,1048.5,276.5
39,2854,95.133,1076.5,286.5
39,2855,95.167,1096.5,294.5
39,2856,95.2,1124.5,310.5
39,2857,95.233,1150.5,330.5
39,2858,95.267,1128.5,324.5
39,2859,95.3,1060.5,292.5
39,2860,95.333,1010.5,274.5
39,2861,95.367,948.5,258.5
39,2862,95.4,898.5,246.5
39,2863,95.433,856.5,242.5
39,2864,95.467,808.5,238.5
39,2865,95.5,762.5,238.5
39,2866,95.533,726.5,242.5
39,2867,95.567,684.5,246.5
39,2868,95.6,650.5,258.5
39,2869,95.633,622.5,268.5
39,2870,95.667,586.5,266.5
39,2871,95.7,564.5,268.5
39,2872,95.733,536.5,280.5
39,2873,95.767,514.5,274.5
39,2874,95.8,486.5,258.5
39,2875,95.833,458.5,246.5
39,2876,95.867,440.5,242.5
39,2877,95.9,414.5,238.5
39,2878,95.933,390.5,234.5
39,2880,96.0,296.5,340.5
39,2882,96.067,412.5,210.5
39,2883,96.1,444.5,200.5
39,2884,96.133,470.5,192.5
39,2885,96.167,498.5,186.5
39,2886,96.2,528.5,182.5
39,2887,96.233,554.5,180.5
39,2888,96.267,582.5,180.5
39,2889,96.3,614.5,184.5
39,2890,96.333,642.5,190.5
39,2891,96.367,676.5,198.5
39,2892,96.4,706.5,208.5
39,2893,96.433,730.5,218.5
39,2894,96.467,758.5,230.5
39,2895,96.5,786.5,244.5
39,2896,96.533,820.5,268.5
39,2897,96.567,850.5,290.5
39,2898,96.6,880.5,312.5
39,2899,96.633,898.5,326.5
39,2900,96.667,934.5,366.5
39,2901,96.7,966.5,354.5
39,2902,96.733,988.5,340.5
39,2903,96.767,1010.5,332.5
39,2904,96.8,1040.5,322.5
39,2905,96.833,1064.5,316.5
39,2906,96.867,1092.5,310.5
39,2907,96.9,1114.5,310.5
39,2908,96.933,1144.5,314.5
39,2909,96.967,1164.5,318.5
39,2910,97.0,1188.5,324.5
39,2911,97.033,1204.5,332.5
39,2912,97.067,1186.5,294.5
39,2915,97.167,1112.5,208.5
39,2917,97.233,1096.5,170.5
40,2922,97.4,580.5,268.5
40,2923,97.433,566.5,266.5
40,2924,97.467,560.5,268.5
40,2925,97.5,550.5,274.5
40,2926,97.533,540.5,280.5
40,2927,97.567,532.5,286.5
40,2928,97.6,526.5,298.5
40,2929,97.633,516.5,292.5
40,2930,97.667,504.5,284.5
40,2931,97.7,496.5,276.5
40,2932,97.733,488.5,272.5
40,2933,97.767,478.5,268.5
40,2934,97.8,468.5,270.5
40,2935,97.833,460.5,274.5
40,2936,97.867,452.5,278.5
40,2937,97.9,444.5,286.5
40,2938,97.933,438.5,296.5
40,2939,97.967,428.5,288.5
40,2940,98.0,418.5,282.5
40,2941,98.033,408.5,276.5
40,2942,98.067,400.5,272.5
40,2943,98.1,392.5,272.5
40,2944,98.133,382.5,272.5
40,2945,98.167,374.5,278.5
40,2946,98.2,368.5,284.5
40,2947,98.233,362.5,294.5
40,2951,98.367,330.5,274.5
40,2952,98.4,332.5,254.5
40,2953,98.433,326.5,250.5
40,2954,98.467,308.5,276.5
40,2955,98.5,298.5,282.5
40,2956,98.533,294.5,290.5
40,2957,98.567,288.5,284.5
40,2958,98.6,278.5,274.5
40,2961,98.7,298.5,284.5
40,2962,98.733,304.5,276.5
40,2963,98.767,308.5,270.5
40,2964,98.8,314.5,264.5
40,2965,98.833,322.5,260.5
40,2966,98.867,330.5,260.5
40,2967,98.9,338.5,264.5
40,2969,98.967,396.5,222.5
40,2970,99.0,400.5,232.5
40,2971,99.033,358.5,258.5
40,2972,99.067,360.5,254.5
40,2973,99.1,366.5,250.5
40,2974,99.133,368.5,252.5
40,2975,99.167,374.5,256.5
40,2976,99.2,376.5,262.5
40,2977,99.233,380.5,258.5
40,2978,99.267,384.5,252.5
40,2979,99.3,386.5,248.5
40,2980,99.333,390.5,246.5
40,2982,99.4,382.5,238.5
40,2983,99.433,374.5,234.5
40,2984,99.467,380.5,222.5
40,2985,99.5,368.5,220.5
40,2986,99.533,358.5,216.5
40,2988,99.6,348.5,216.5
40,2989,99.633,344.5,218.5
40,2990,99.667,346.5,226.5
41,2995,99.833,762.5,614.5
41,2996,99.867,740.5,606.5
41,2997,99.9,708.5,588.5
41,2998,99.933,690.5,592.5
41,2999,99.967,666.5,584.5
42,3005,100.167,274.5,384.5
42,3006,100.2,262.5,388.5
42,3007,100.233,246.5,388.5
42,3008,100.267,228.5,390.5
42,3009,100.3,210.5,392.5
42,3010,100.333,194.5,392.5
42,3011,100.367,178.5,394.5
42,3012,100.4,166.5,396.5
42,3013,100.433,160.5,400.5
42,3014,100.467,158.5,402.5
42,3017,100.567,282.5,252.5
42,3019,100.633,260.5,260.5
42,3020,100.667,246.5,264.5
42,3021,100.7,228.5,264.5
42,3022,100.733,212.5,266.5
42,3024,100.8,172.5,258.5
42,3025,100.833,154.5,250.5
42,3027,100.9,160.5,404.5
42,3029,100.967,158.5,404.5
42,3030,101.0,158.5,404.5
42,3031,101.033,158.5,404.5
42,3033,101.1,158.5,402.5
42,3035,101.167,160.5,402.5
42,3037,101.233,160.5,404.5
42,3039,101.3,208.5,260.5
42,3040,101.333,230.5,258.5
42,3041,101.367,240.5,248.5
42,3042,101.4,264.5,254.5
42,3045,101.5,160.5,402.5
42,3046,101.533,160.5,404.5
42,3047,101.567,160.5,404.5
42,3048,101.6,162.5,404.5
42,3049,101.633,160.5,402.5
42,3050,101.667,160.5,402.5
42,3052,101.733,154.5,402.5
42,3053,101.767,162.5,402.5
42,3054,101.8,172.5,400.5
42,3055,101.833,186.5,400.5
42,3056,101.867,204.5,400.5
42,3059,101.967,258.5,396.5
42,3060,102.0,276.5,398.5
43,3083,102.767,302.5,396.5
43,3084,102.8,302.5,396.5
43,3086,102.867,338.5,234.5
43,3087,102.9,330.5,236.5
43,3088,102.933,324.5,238.5
43,3089,102.967,320.5,238.5
43,3090,103.0,310.5,238.5
43,3091,103.033,300.5,240.5
43,3092,103.067,290.5,244.5
43,3093,103.1,282.5,252.5
43,3094,103.133,280.5,258.5
43,3095,103.167,270.5,264.5
43,3096,103.2,266.5,268.5
43,3097,103.233,262.5,272.5
44,3123,104.1,300.5,274.5
44,3124,104.133,268.5,270.5
44,3125,104.167,252.5,260.5
44,3126,104.2,248.5,248.5
44,3127,104.233,226.5,264.5
44,3128,104.267,240.5,222.5
44,3129,104.3,234.5,216.5
44,3130,104.333,232.5,208.5
44,3131,104.367,284.5,260.5
44,3133,104.433,230.5,208.5
44,3135,104.5,230.5,220.5
44,3136,104.533,230.5,230.5
44,3137,104.567,246.5,244.5
44,3138,104.6,278.5,244.5
44,3139,104.633,304.5,254.5
44,3140,104.667,326.5,246.5
44,3141,104.7,340.5,230.5
44,3143,104.767,452.5,288.5
44,3144,104.8,484.5,288.5
44,3145,104.833,514.5,292.5
44,3146,104.867,550.5,298.5
44,3147,104.9,580.5,308.5
44,3148,104.933,622.5,322.5
44,3149,104.967,654.5,336.5
44,3150,105.0,690.5,354.5
44,3151,105.033,724.5,380.5
44,3152,105.067,760.5,412.5
44,3153,105.1,788.5,414.5
44,3154,105.133,820.5,404.5
44,3155,105.167,856.5,398.5
44,3156,105.2,890.5,396.5
44,3157,105.233,914.5,396.5
44,3158,105.267,944.5,398.5
44,3159,105.3,872.5,360.5
44,3160,105.333,828.5,338.5
44,3161,105.367,772.5,316.5
44,3162,105.4,734.5,306.5
44,3163,105.433,688.5,292.5
44,3164,105.467,650.5,284.5
44,3165,105.5,614.5,282.5
44,3166,105.533,582.5,276.5
44,3167,105.567,548.5,284.5
44,3168,105.6,522.5,288.5
44,3169,105.633,500.5,294.5
44,3170,105.667,480.5,302.5
44,3171,105.7,456.5,282.5
44,3172,105.733,438.5,266.5
44,3173,105.767,426.5,252.5
44,3174,105.8,408.5,236.5
44,3175,105.833,394.5,226.5
44,3176,105.867,382.5,220.5
44,3177,105.9,370.5,214.5
44,3178,105.933,358.5,212.5
44,3179,105.967,370.5,208.5
44,3180,106.0,392.5,202.5
44,3181,106.033,414.5,196.5
44,3182,106.067,438.5,194.5
44,3183,106.1,466.5,194.5
44,3184,106.133,488.5,196.5
44,3185,106.167,518.5,202.5
44,3186,106.2,546.5,210.5
44,3187,106.233,574.5,224.5
44,3188,106.267,600.5,234.5
44,3189,106.3,628.5,250.5
44,3190,106.333,650.5,266.5
44,3191,106.367,688.5,292.5
44,3192,106.4,710.5,310.5
44,3193,106.433,744.5,344.5
44,3196,106.533,830.5,400.5
44,3197,106.567,858.5,388.5
44,3198,106.6,888.5,380.5
44,3199,106.633,918.5,378.5
44,3200,106.667,946.5,376.5
44,3201,106.7,982.5,382.5
44,3202,106.733,1012.5,388.5
44,3203,106.767,1038.5,394.5
44,3204,106.8,986.5,374.5
44,3206,106.867,820.5,324.5
44,3209,106.967,614.5,276.5
44,3210,107.0,568.5,274.5
44,3211,107.033,532.5,270.5
44,3212,107.067,498.5,270.5
44,3213,107.1,460.5,274.5
44,3214,107.133,428.5,276.5
44,3215,107.167,408.5,280.5
44,3216,107.2,384.5,258.5
44,3217,107.233,358.5,238.5
44,3218,107.267,342.5,226.5
44,3219,107.3,326.5,212.5
44,3220,107.333,348.5,204.5
44,3221,107.367,380.5,200.5
44,3222,107.4,414.5,198.5
44,3223,107.433,446.5,196.5
44,3224,107.467,478.5,198.5
44,3225,107.5,512.5,202.5
44,3226,107.533,544.5,208.5
44,3227,107.567,574.5,214.5
44,3228,107.6,610.5,226.5
44,3229,107.633,640.5,236.5
44,3230,107.667,678.5,252.5
44,3231,107.7,708.5,266.5
44,3232,107.733,752.5,292.5
44,3233,107.767,750.5,342.5
44,3234,107.8,808.5,330.5
44,3235,107.833,842.5,352.5
44,3236,107.867,886.5,326.5
44,3237,107.9,910.5,322.5
44,3238,107.933,944.5,314.5
44,3239,107.967,942.5,316.5
44,3240,108.0,972.5,312.5
44,3241,108.033,1006.5,308.5
44,3242,108.067,1036.5,310.5
44,3243,108.1,1068.5,316.5
44,3244,108.133,1098.5,324.5
44,3246,108.2,1008.5,294.5
44,3248,108.267,852.5,258.5
44,3250,108.333,706.5,244.5
44,3251,108.367,646.5,244.5
44,3252,108.4,612.5,248.5
44,3253,108.433,576.5,256.5
44,3254,108.467,522.5,262.5
44,3255,108.5,488.5,272.5
44,3256,108.533,454.5,248.5
44,3257,108.567,426.5,228.5
44,3258,108.6,396.5,212.5
44,3259,108.633,364.5,198.5
44,3260,108.667,338.5,188.5
44,3261,108.7,328.5,180.5
44,3262,108.733,342.5,170.5
44,3263,108.767,354.5,162.5
44,3264,108.8,368.5,156.5
44,3265,108.833,380.5,152.5
44,3266,108.867,392.5,152.5
44,3267,108.9,408.5,154.5
44,3268,108.933,422.5,156.5
44,3269,108.967,438.5,164.5
44,3270,109.0,452.5,174.5
44,3271,109.033,468.5,188.5
44,3272,109.067,486.5,206.5
44,3273,109.1,502.5,224.5
44,3274,109.133,522.5,250.5
44,3275,109.167,538.5,270.5
44,3276,109.2,558.5,306.5
44,3277,109.233,574.5,336.5
44,3279,109.3,620.5,426.5
44,3280,109.333,628.5,450.5
44,3281,109.367,658.5,514.5
44,3282,109.4,678.5,564.5
44,3283,109.433,698.5,616.5
45,3317,110.567,724.5,638.5
45,3318,110.6,696.5,622.5
45,3319,110.633,666.5,612.5
45,3320,110.667,638.5,600.5
45,3321,110.7,618.5,584.5
45,3322,110.733,592.5,586.5
46,3340,111.333,226.5,392.5
46,3341,111.367,228.5,390.5
46,3343,111.433,238.5,388.5
46,3344,111.467,244.5,386.5
46,3345,111.5,252.5,386.5
46,3346,111.533,256.5,386.5
46,3349,111.633,40.5,428.5
46,3352,111.733,264.5,388.5
47,3368,112.267,548.5,584.5
47,3372,112.4,224.5,608.5
47,3376,112.533,224.5,610.5
47,3380,112.667,224.5,612.5
47,3382,112.733,222.5,612.5
47,3383,112.767,222.5,612.5
47,3384,112.8,222.5,612.5
47,3386,112.867,222.5,614.5
47,3388,112.933,214.5,630.5
47,3390,113.0,214.5,632.5
47,3393,113.1,226.5,610.5
47,3397,113.233,224.5,612.5
48,3455,115.167,696.5,258.5
48,3456,115.2,668.5,248.5
48,3457,115.233,626.5,236.5
48,3458,115.267,594.5,230.5
48,3459,115.3,566.5,228.5
48,3460,115.333,540.5,228.5
48,3461,115.367,514.5,232.5
48,3462,115.4,492.5,238.5
48,3463,115.433,472.5,244.5
48,3464,115.467,456.5,244.5
48,3465,115.5,438.5,228.5
48,3466,115.533,416.5,212.5
48,3467,115.567,404.5,200.5
48,3468,115.6,420.5,196.5
48,3469,115.633,440.5,196.5
48,3470,115.667,470.5,196.5
48,3471,115.7,494.5,198.5
48,3472,115.733,524.5,204.5
48,3473,115.767,548.5,210.5
48,3474,115.8,578.5,220.5
48,3475,115.833,602.5,230.5
48,3476,115.867,630.5,244.5
48,3477,115.9,654.5,258.5
48,3478,115.933,682.5,278.5
48,3479,115.967,708.5,294.5
48,3480,116.0,740.5,324.5
48,3481,116.033,768.5,336.5
48,3482,116.067,794.5,324.5
48,3483,116.1,826.5,322.5
48,3484,116.133,854.5,316.5
48,3485,116.167,880.5,318.5
48,3486,116.2,904.5,322.5
48,3487,116.233,930.5,324.5
48,3488,116.267,866.5,304.5
48,3489,116.3,804.5,284.5
48,3490,116.333,752.5,272.5
48,3491,116.367,696.5,260.5
48,3492,116.4,654.5,256.5
48,3493,116.433,610.5,252.5
48,3494,116.467,576.5,254.5
48,3495,116.5,526.5,252.5
48,3496,116.533,492.5,260.5
48,3497,116.567,458.5,266.5
48,3498,116.6,426.5,276.5
48,3499,116.633,396.5,282.5
48,3500,116.667,374.5,274.5
48,3501,116.7,342.5,252.5
48,3502,116.733,316.5,238.5
48,3503,116.767,296.5,232.5
48,3505,116.833,262.5,386.5
48,3508,116.933,400.5,220.5
48,3509,116.967,434.5,226.5
48,3510,117.0,464.5,232.5
48,3511,117.033,506.5,244.5
48,3512,117.067,544.5,260.5
48,3513,117.1,574.5,268.5
48,3514,117.133,616.5,300.5
48,3515,117.167,652.5,316.5
48,3516,117.2,692.5,340.5
48,3517,117.233,720.5,368.5
48,3518,117.267,764.5,388.5
48,3519,117.3,800.5,374.5
48,3520,117.333,832.5,372.5
48,3521,117.367,870.5,370.5
48,3522,117.4,908.5,370.5
48,3523,117.433,948.5,374.5
48,3524,117.467,876.5,336.5
48,3525,117.5,808.5,304.5
48,3526,117.533,760.5,288.5
48,3527,117.567,708.5,270.5
48,3528,117.6,656.5,254.5
48,3529,117.633,618.5,244.5
48,3530,117.667,580.5,238.5
48,3531,117.7,542.5,232.5
48,3532,117.733,514.5,232.5
48,3533,117.767,484.5,236.5
48,3534,117.8,456.5,236.5
48,3535,117.833,438.5,244.5
48,3536,117.867,418.5,252.5
48,3537,117.9,398.5,262.5
48,3538,117.933,386.5,248.5
48,3539,117.967,370.5,228.5
48,3540,118.0,356.5,212.5
48,3542,118.067,326.5,184.5
49,3547,118.233,346.5,340.5
49,3550,118.333,352.5,180.5
49,3551,118.367,360.5,180.5
49,3552,118.4,368.5,176.5
49,3554,118.467,448.5,42.5
49,3555,118.5,464.5,42.5
49,3556,118.533,482.5,44.5
49,3557,118.567,500.5,48.5
49,3558,118.6,516.5,56.5
49,3559,118.633,534.5,68.5
49,3560,118.667,548.5,78.5
49,3561,118.7,564.5,90.5
49,3562,118.733,582.5,110.5
49,3563,118.767,598.5,130.5
49,3564,118.8,616.5,152.5
49,3565,118.833,636.5,180.5
49,3566,118.867,646.5,196.5
49,3567,118.9,668.5,234.5
49,3568,118.933,678.5,260.5
49,3569,118.967,692.5,288.5
49,3570,119.0,706.5,324.5
49,3571,119.033,714.5,302.5
49,3572,119.067,728.5,278.5
49,3573,119.1,736.5,262.5
49,3574,119.133,746.5,242.5
49,3575,119.167,758.5,224.5
49,3576,119.2,766.5,210.5
49,3577,119.233,776.5,200.5
49,3578,119.267,786.5,192.5
49,3579,119.3,794.5,188.5
49,3580,119.333,802.5,186.5
49,3581,119.367,814.5,188.5
49,3582,119.4,822.5,192.5
49,3583,119.433,828.5,200.5
49,3584,119.467,834.5,210.5
49,3585,119.5,842.5,224.5
49,3586,119.533,848.5,238.5
49,3587,119.567,834.5,238.5
49,3588,119.6,808.5,228.5
49,3589,119.633,774.5,214.5
49,3590,119.667,746.5,208.5
49,3591,119.7,718.5,202.5
49,3592,119.733,690.5,202.5
49,3593,119.767,670.5,202.5
49,3594,119.8,640.5,206.5
49,3595,119.833,618.5,212.5
49,3596,119.867,596.5,220.5
49,3597,119.9,576.5,230.5
49,3598,119.933,558.5,242.5
49,3599,119.967,542.5,256.5
49,3600,120.0,524.5,268.5
49,3601,120.033,508.5,260.5
49,3602,120.067,496.5,244.5
49,3603,120.1,482.5,226.5
49,3604,120.133,468.5,212.5
49,3605,120.167,454.5,200.5
49,3606,120.2,442.5,192.5
49,3607,120.233,430.5,184.5
49,3608,120.267,418.5,180.5
49,3609,120.3,406.5,180.5
49,3610,120.333,396.5,182.5
49,3614,120.467,380.5,196.5
49,3615,120.5,402.5,190.5
49,3616,120.533,430.5,186.5
49,3617,120.567,402.5,212.5
49,3618,120.6,414.5,212.5
49,3619,120.633,498.5,186.5
49,3620,120.667,530.5,192.5
49,3621,120.7,554.5,196.5
49,3622,120.733,580.5,206.5
49,3623,120.767,610.5,220.5
49,3624,120.8,638.5,234.5
49,3625,120.833,672.5,256.5
49,3626,120.867,690.5,270.5
49,3627,120.9,718.5,292.5
49,3628,120.933,742.5,316.5
49,3629,120.967,764.5,340.5
49,3630,121.0,790.5,326.5
49,3631,121.033,824.5,306.5
49,3632,121.067,842.5,304.5
49,3633,121.1,868.5,292.5
49,3634,121.133,894.5,292.5
49,3635,121.167,920.5,290.5
49,3636,121.2,944.5,292.5
49,3637,121.233,902.5,282.5
49,3638,121.267,840.5,270.5
49,3639,121.3,760.5,258.5
49,3640,121.333,696.5,250.5
49,3641,121.367,636.5,244.5
49,3642,121.4,592.5,246.5
49,3643,121.433,542.5,246.5
49,3644,121.467,490.5,250.5
49,3645,121.5,434.5,260.5
49,3646,121.533,400.5,264.5
49,3647,121.567,358.5,276.5
49,3650,121.667,254.5,370.5
49,3652,121.733,140.5,292.5
49,3654,121.8,124.5,250.5
49,3657,121.9,238.5,390.5
50,3665,122.167,284.5,388.5
50,3666,122.2,260.5,396.5
50,3667,122.233,236.5,406.5
50,3668,122.267,202.5,420.5
50,3669,122.3,172.5,428.5
50,3670,122.333,140.5,436.5
50,3671,122.367,114.5,436.5
50,3672,122.4,94.5,444.5
50,3673,122.433,86.5,452.5
50,3675,122.5,96.5,458.5
50,3677,122.567,224.5,390.5
51,3742,124.733,822.5,616.5
51,3743,124.767,804.5,620.5
51,3744,124.8,772.5,602.5
51,3745,124.833,748.5,598.5
51,3746,124.867,722.5,590.5
51,3747,124.9,698.5,590.5
51,3748,124.933,672.5,572.5
51,3749,124.967,650.5,578.5
51,3750,125.0,622.5,564.5
51,3754,125.133,534.5,582.5
52,3839,127.967,746.5,566.5
52,3842,128.067,694.5,570.5
52,3843,128.1,674.5,568.5
52,3844,128.133,656.5,564.5
52,3846,128.2,618.5,564.5
52,3847,128.233,604.5,568.5
52,3848,128.267,592.5,572.5
53,3858,128.6,540.5,570.5
53,3859,128.633,560.5,570.5
53,3860,128.667,570.5,548.5
53,3862,128.733,620.5,550.5
53,3863,128.767,642.5,556.5
53,3864,128.8,658.5,564.5
53,3865,128.833,690.5,578.5
54,3882,129.4,190.5,210.5
54,3883,129.433,216.5,190.5
54,3884,129.467,236.5,176.5
54,3885,129.5,260.5,160.5
54,3886,129.533,282.5,150.5
54,3887,129.567,306.5,140.5
54,3888,129.6,334.5,136.5
54,3889,129.633,358.5,134.5
54,3890,129.667,386.5,136.5
54,3891,129.7,412.5,140.5
54,3892,129.733,440.5,148.5
54,3893,129.767,468.5,160.5
54,3894,129.8,496.5,176.5
54,3895,129.833,524.5,192.5
54,3896,129.867,550.5,210.5
54,3897,129.9,578.5,232.5
54,3898,129.933,596.5,250.5
54,3899,129.967,620.5,276.5
54,3900,130.0,652.5,310.5
54,3901,130.033,674.5,340.5
54,3902,130.067,690.5,372.5
54,3903,130.1,710.5,358.5
54,3904,130.133,726.5,332.5
54,3905,130.167,744.5,310.5
54,3906,130.2,766.5,290.5
54,3907,130.233,780.5,280.5
54,3908,130.267,802.5,266.5
54,3909,130.3,820.5,258.5
54,3910,130.333,836.5,250.5
54,3913,130.433,1022.5,222.5
54,3914,130.467,1022.5,220.5
54,3915,130.5,1020.5,218.5
54,3916,130.533,1022.5,218.5
55,3969,132.3,842.5,332.5
55,3970,132.333,804.5,314.5
55,3971,132.367,766.5,292.5
55,3972,132.4,736.5,280.5
55,3973,132.433,694.5,266.5
55,3974,132.467,656.5,256.5
55,3975,132.5,624.5,248.5
55,3976,132.533,590.5,244.5
55,3977,132.567,560.5,246.5
55,3978,132.6,534.5,250.5
55,3979,132.633,506.5,250.5
55,3980,132.667,478.5,260.5
55,3981,132.7,456.5,262.5
55,3982,132.733,438.5,246.5
55,3983,132.767,418.5,236.5
55,3984,132.8,392.5,224.5
55,3985,132.833,374.5,216.5
55,3986,132.867,364.5,212.5
55,3987,132.9,384.5,204.5
55,3988,132.933,406.5,196.5
55,3989,132.967,432.5,190.5
55,3990,133.0,456.5,188.5
55,3991,133.033,480.5,188.5
55,3992,133.067,504.5,190.5
55,3993,133.1,534.5,196.5
55,3994,133.133,560.5,202.5
55,3995,133.167,586.5,212.5
55,3996,133.2,614.5,226.5
55,3997,133.233,642.5,242.5
55,3998,133.267,676.5,262.5
55,3999,133.3,692.5,274.5
55,4000,133.333,726.5,302.5
55,4001,133.367,752.5,324.5
55,4002,133.4,786.5,356.5
55,4003,133.433,814.5,394.5
55,4004,133.467,838.5,388.5
55,4005,133.5,866.5,376.5
55,4006,133.533,896.5,372.5
55,4007,133.567,926.5,364.5
55,4008,133.6,962.5,364.5
55,4009,133.633,896.5,340.5
55,4010,133.667,840.5,324.5
55,4011,133.7,788.5,314.5
55,4013,133.767,632.5,276.5
55,4014,133.8,612.5,276.5
55,4015,133.833,548.5,266.5
55,4016,133.867,508.5,266.5
55,4017,133.9,466.5,268.5
55,4018,133.933,440.5,272.5
55,4019,133.967,408.5,276.5
55,4020,134.0,380.5,284.5
55,4021,134.033,358.5,282.5
55,4022,134.067,326.5,252.5
55,4023,134.1,308.5,240.5
55,4024,134.133,294.5,228.5
55,4025,134.167,270.5,214.5
55,4027,134.233,270.5,196.5
55,4030,134.333,340.5,192.5
55,4031,134.367,362.5,196.5
55,4032,134.4,390.5,202.5
55,4033,134.433,414.5,210.5
55,4034,134.467,436.5,220.5
55,4035,134.5,466.5,234.5
55,4036,134.533,492.5,248.5
55,4037,134.567,520.5,264.5
55,4038,134.6,538.5,284.5
55,4039,134.633,580.5,316.5
55,4040,134.667,606.5,342.5
55,4041,134.7,628.5,370.5
55,4042,134.733,654.5,374.5
55,4043,134.767,678.5,362.5
55,4044,134.8,702.5,356.5
55,4045,134.833,730.5,354.5
55,4046,134.867,760.5,350.5
55,4047,134.9,786.5,356.5
55,4048,134.933,814.5,362.5
55,4049,134.967,838.5,372.5
55,4050,135.0,788.5,350.5
55,4051,135.033,730.5,326.5
55,4052,135.067,686.5,312.5
55,4053,135.1,640.5,300.5
55,4054,135.133,600.5,294.5
55,4055,135.167,574.5,294.5
55,4056,135.2,540.5,292.5
55,4057,135.233,512.5,292.5
55,4058,135.267,488.5,294.5
55,4059,135.3,466.5,292.5
55,4060,135.333,448.5,270.5
55,4061,135.367,424.5,250.5
55,4062,135.4,412.5,238.5
55,4063,135.433,398.5,224.5
55,4064,135.467,384.5,214.5
55,4065,135.5,374.5,210.5
55,4066,135.533,358.5,204.5
55,4067,135.567,368.5,200.5
55,4068,135.6,380.5,200.5
55,4069,135.633,400.5,202.5
55,4070,135.667,420.5,204.5
55,4071,135.7,442.5,208.5
55,4072,135.733,458.5,212.5
55,4073,135.767,484.5,226.5
55,4074,135.8,504.5,236.5
55,4075,135.833,530.5,252.5
55,4076,135.867,556.5,270.5
55,4077,135.9,582.5,296.5
55,4078,135.933,602.5,316.5
55,4081,136.033,662.5,386.5
55,4082,136.067,676.5,402.5
55,4083,136.1,704.5,394.5
55,4084,136.133,734.5,394.5
55,4085,136.167,758.5,394.5
55,4086,136.2,788.5,396.5
55,4087,136.233,818.5,404.5
55,4088,136.267,846.5,418.5
55,4089,136.3,806.5,388.5
55,4090,136.333,758.5,358.5
55,4091,136.367,690.5,326.5
55,4092,136.4,656.5,314.5
55,4093,136.433,604.5,290.5
55,4094,136.467,568.5,274.5
55,4095,136.5,534.5,268.5
55,4096,136.533,508.5,264.5
55,4097,136.567,482.5,260.5
55,4098,136.6,462.5,264.5
55,4099,136.633,444.5,266.5
55,4100,136.667,428.5,270.5
55,4101,136.7,410.5,266.5
55,4102,136.733,396.5,244.5
55,4103,136.767,386.5,228.5
55,4104,136.8,372.5,210.5
55,4105,136.833,360.5,198.5
55,4106,136.867,370.5,190.5
55,4107,136.9,400.5,188.5
55,4108,136.933,432.5,188.5
55,4109,136.967,462.5,190.5
55,4110,137.0,494.5,196.5
55,4111,137.033,530.5,204.5
55,4112,137.067,560.5,212.5
55,4113,137.1,592.5,226.5
55,4114,137.133,626.5,240.5
55,4115,137.167,644.5,248.5
55,4116,137.2,686.5,274.5
55,4117,137.233,710.5,292.5
55,4118,137.267,744.5,316.5
55,4119,137.3,768.5,316.5
55,4120,137.333,808.5,302.5
55,4121,137.367,834.5,298.5
55,4122,137.4,864.5,292.5
55,4123,137.433,896.5,292.5
55,4124,137.467,930.5,296.5
55,4125,137.5,952.5,300.5
55,4126,137.533,992.5,312.5
55,4127,137.567,1018.5,322.5
55,4128,137.6,1032.5,328.5
55,4130,137.667,868.5,268.5
55,4131,137.7,790.5,242.5
55,4132,137.733,730.5,228.5
55,4133,137.767,678.5,220.5
55,4134,137.8,622.5,214.5
55,4135,137.833,570.5,212.5
55,4136,137.867,536.5,214.5
55,4137,137.9,494.5,218.5
55,4138,137.933,448.5,228.5
55,4139,137.967,416.5,238.5
55,4140,138.0,406.5,182.5
55,4144,138.133,246.5,356.5
56,4162,138.733,536.5,68.5
56,4163,138.767,550.5,92.5
56,4164,138.8,562.5,116.5
56,4165,138.833,582.5,152.5
56,4166,138.867,596.5,180.5
56,4167,138.9,614.5,216.5
56,4168,138.933,628.5,246.5
56,4169,138.967,642.5,246.5
56,4170,139.0,644.5,232.5
56,4173,139.1,660.5,152.5
56,4174,139.133,666.5,124.5
56,4175,139.167,670.5,108.5
56,4176,139.2,674.5,94.5
56,4177,139.233,678.5,80.5
56,4178,139.267,684.5,68.5
56,4179,139.3,688.5,60.5
56,4180,139.333,694.5,54.5
56,4181,139.367,698.5,50.5
56,4182,139.4,704.5,50.5
56,4183,139.433,708.5,54.5
56,4184,139.467,712.5,60.5
56,4185,139.5,716.5,68.5
56,4186,139.533,720.5,80.5
56,4187,139.567,724.5,92.5
56,4188,139.6,728.5,108.5
56,4189,139.633,732.5,126.5
56,4190,139.667,736.5,146.5
57,4196,139.867,752.5,278.5
57,4198,139.933,758.5,234.5
57,4199,139.967,760.5,214.5
57,4200,140.0,762.5,196.5
57,4201,140.033,766.5,180.5
57,4202,140.067,768.5,168.5
57,4204,140.133,774.5,148.5
57,4207,140.233,782.5,142.5
57,4208,140.267,782.5,144.5
57,4209,140.3,782.5,150.5
57,4210,140.333,784.5,158.5
57,4211,140.367,784.5,168.5
57,4212,140.4,786.5,180.5
57,4213,140.433,786.5,194.5
57,4214,140.467,786.5,212.5
57,4215,140.5,784.5,198.5
57,4216,140.533,782.5,186.5
57,4217,140.567,780.5,172.5
57,4218,140.6,778.5,160.5
57,4219,140.633,774.5,150.5
57,4220,140.667,772.5,144.5
57,4221,140.7,768.5,142.5
57,4222,140.733,764.5,142.5
57,4223,140.767,758.5,144.5
57,4224,140.8,754.5,152.5
57,4225,140.833,752.5,162.5
57,4226,140.867,746.5,176.5
57,4227,140.9,742.5,192.5
57,4231,141.033,768.5,174.5
57,4234,141.133,882.5,358.5
58,4262,142.067,596.5,322.5
58,4263,142.1,582.5,298.5
58,4264,142.133,562.5,268.5
58,4265,142.167,546.5,244.5
58,4266,142.2,532.5,228.5
58,4267,142.233,516.5,214.5
58,4268,142.267,502.5,202.5
58,4269,142.3,488.5,194.5
58,4270,142.333,476.5,190.5
58,4271,142.367,464.5,186.5
58,4272,142.4,452.5,188.5
58,4273,142.433,442.5,192.5
58,4274,142.467,432.5,198.5
58,4275,142.5,424.5,206.5
58,4276,142.533,414.5,216.5
58,4277,142.567,408.5,226.5
58,4278,142.6,402.5,240.5
58,4279,142.633,396.5,258.5
58,4280,142.667,388.5,244.5
58,4281,142.7,378.5,228.5
58,4282,142.733,372.5,214.5
58,4283,142.767,362.5,200.5
58,4284,142.8,356.5,182.5
58,4285,142.833,358.5,192.5
58,4286,142.867,354.5,202.5
58,4287,142.9,344.5,210.5
58,4289,142.967,320.5,226.5
59,4302,143.4,224.5,608.5
59,4305,143.5,224.5,608.5
59,4308,143.6,224.5,608.5
59,4309,143.633,224.5,608.5
59,4310,143.667,224.5,608.5
59,4311,143.7,224.5,608.5
59,4314,143.8,268.5,388.5
59,4316,143.867,272.5,388.5
59,4319,143.967,32.5,492.5
59,4320,144.0,32.5,490.5
59,4323,144.1,224.5,608.5
59,4324,144.133,224.5,608.5
60,4339,144.633,272.5,266.5
60,4340,144.667,266.5,272.5
60,4341,144.7,264.5,274.5
60,4342,144.733,264.5,278.5
60,4343,144.767,266.5,276.5
60,4346,144.867,262.5,278.5
61,4369,145.633,252.5,274.5
61,4370,145.667,230.5,280.5
61,4371,145.7,226.5,270.5
61,4372,145.733,242.5,234.5
61,4373,145.767,238.5,226.5
61,4374,145.8,238.5,220.5
61,4375,145.833,232.5,214.5
61,4376,145.867,232.5,210.5
61,4377,145.9,230.5,212.5
61,4378,145.933,230.5,216.5
61,4379,145.967,228.5,222.5
61,4380,146.0,228.5,230.5
61,4381,146.033,252.5,244.5
61,4382,146.067,290.5,260.5
61,4383,146.1,356.5,292.5
61,4384,146.133,402.5,292.5
61,4385,146.167,446.5,284.5
61,4386,146.2,486.5,278.5
61,4387,146.233,524.5,276.5
61,4388,146.267,572.5,268.5
61,4389,146.3,620.5,276.5
61,4390,146.333,658.5,280.5
61,4391,146.367,696.5,286.5
61,4392,146.4,732.5,294.5
61,4393,146.433,786.5,314.5
61,4394,146.467,820.5,324.5
61,4395,146.5,864.5,344.5
61,4396,146.533,896.5,368.5
61,4398,146.6,980.5,356.5
61,4399,146.633,1020.5,346.5
61,4400,146.667,1052.5,342.5
61,4401,146.7,1090.5,340.5
61,4402,146.733,1030.5,298.5
61,4403,146.767,960.5,258.5
61,4404,146.8,902.5,228.5
61,4405,146.833,848.5,204.5
61,4406,146.867,790.5,180.5
61,4407,146.9,742.5,164.5
61,4408,146.933,692.5,150.5
61,4409,146.967,644.5,142.5
61,4410,147.0,610.5,140.5
61,4411,147.033,572.5,136.5
61,4412,147.067,534.5,136.5
61,4413,147.1,500.5,142.5
61,4414,147.133,468.5,148.5
61,4415,147.167,442.5,156.5
61,4416,147.2,416.5,166.5
61,4417,147.233,394.5,178.5
61,4418,147.267,372.5,192.5
61,4419,147.3,346.5,210.5
61,4420,147.333,334.5,222.5
61,4421,147.367,324.5,240.5
61,4423,147.433,274.5,388.5
62,4496,149.867,198.5,336.5
62,4500,150.0,388.5,232.5
62,4501,150.033,394.5,232.5
62,4502,150.067,400.5,232.5
62,4503,150.1,404.5,232.5
62,4504,150.133,408.5,232.5
62,4505,150.167,412.5,234.5
63,4607,153.567,380.5,228.5
63,4608,153.6,374.5,234.5
63,4609,153.633,368.5,234.5
63,4610,153.667,358.5,240.5
63,4611,153.7,342.5,244.5
63,4612,153.733,332.5,250.5
63,4613,153.767,322.5,252.5
63,4614,153.8,318.5,256.5
63,4615,153.833,302.5,260.5
63,4616,153.867,292.5,266.5
63,4617,153.9,286.5,266.5
63,4618,153.933,276.5,268.5
63,4619,153.967,270.5,270.5
63,4620,154.0,264.5,272.5
63,4621,154.033,262.5,274.5
63,4622,154.067,260.5,276.5
63,4625,154.167,258.5,280.5
64,4652,155.067,256.5,266.5
64,4653,155.1,252.5,252.5
64,4654,155.133,246.5,236.5
64,4655,155.167,244.5,224.5
64,4656,155.2,252.5,232.5
64,4657,155.233,238.5,210.5
64,4659,155.3,236.5,204.5
64,4660,155.333,236.5,208.5
64,4661,155.367,238.5,212.5
64,4662,155.4,236.5,220.5
64,4663,155.433,238.5,230.5
64,4664,155.467,270.5,248.5
64,4666,155.533,366.5,294.5
64,4667,155.567,398.5,284.5
64,4668,155.6,430.5,276.5
64,4669,155.633,468.5,268.5
64,4670,155.667,502.5,268.5
64,4671,155.7,542.5,266.5
64,4672,155.733,574.5,266.5
64,4673,155.767,620.5,276.5
64,4674,155.8,654.5,284.5
64,4675,155.833,692.5,294.5
64,4676,155.867,738.5,312.5
64,4677,155.9,768.5,328.5
64,4678,155.933,818.5,356.5
64,4679,155.967,842.5,374.5
64,4680,156.0,890.5,390.5
64,4681,156.033,918.5,382.5
64,4682,156.067,956.5,374.5
64,4683,156.1,990.5,370.5
64,4684,156.133,1024.5,368.5
64,4685,156.167,1054.5,370.5
64,4686,156.2,1024.5,358.5
64,4687,156.233,986.5,354.5
64,4688,156.267,900.5,340.5
64,4690,156.333,776.5,334.5
64,4694,156.467,472.5,380.5
64,4695,156.5,430.5,392.5
64,4696,156.533,372.5,416.5
64,4698,156.6,248.5,470.5
64,4699,156.633,188.5,504.5
64,4700,156.667,138.5,534.5
64,4701,156.7,90.5,570.5
64,4702,156.733,58.5,604.5
64,4703,156.767,52.5,616.5
64,4704,156.8,70.5,616.5
64,4705,156.833,84.5,618.5
64,4706,156.867,100.5,622.5
64,4707,156.9,118.5,628.5
64,4708,156.933,132.5,628.5
64,4709,156.967,142.5,622.5
64,4710,157.0,152.5,616.5
64,4711,157.033,166.5,616.5
64,4712,157.067,178.5,618.5
64,4713,157.1,190.5,626.5
64,4715,157.167,206.5,618.5
64,4716,157.2,212.5,618.5
64,4717,157.233,222.5,620.5
64,4718,157.267,230.5,624.5
64,4719,157.3,238.5,632.5
64,4720,157.333,246.5,632.5
64,4721,157.367,248.5,624.5
64,4722,157.4,254.5,620.5
64,4723,157.433,262.5,620.5
64,4724,157.467,266.5,624.5
64,4725,157.5,272.5,620.5
64,4726,157.533,274.5,614.5
64,4727,157.567,278.5,614.5
64,4728,157.6,284.5,616.5
64,4729,157.633,286.5,608.5
64,4730,157.667,288.5,608.5
64,4731,157.7,290.5,606.5
64,4732,157.733,294.5,602.5
64,4733,157.767,294.5,600.5
64,4734,157.8,296.5,596.5
64,4737,157.9,296.5,590.5
65,4780,159.333,288.5,572.5
65,4782,159.4,296.5,580.5
65,4783,159.433,306.5,568.5
65,4784,159.467,318.5,556.5
65,4785,159.5,334.5,536.5
65,4786,159.533,350.5,512.5
65,4787,159.567,372.5,458.5
65,4789,159.633,256.5,396.5
65,4792,159.733,470.5,278.5
65,4793,159.767,490.5,256.5
65,4794,159.8,514.5,234.5
65,4795,159.833,532.5,218.5
65,4796,159.867,554.5,204.5
65,4797,159.9,578.5,194.5
65,4798,159.933,604.5,184.5
65,4799,159.967,626.5,182.5
65,4800,160.0,644.5,182.5
65,4801,160.033,672.5,188.5
65,4802,160.067,690.5,196.5
65,4803,160.1,710.5,210.5
65,4804,160.133,732.5,226.5
65,4805,160.167,750.5,244.5
65,4806,160.2,764.5,260.5
65,4807,160.233,786.5,290.5
65,4808,160.267,794.5,308.5
65,4810,160.333,822.5,360.5
65,4811,160.367,828.5,336.5
65,4812,160.4,834.5,312.5
65,4813,160.433,838.5,296.5
65,4814,160.467,842.5,276.5
65,4815,160.5,848.5,266.5
65,4816,160.533,852.5,256.5
65,4817,160.567,856.5,248.5
65,4818,160.6,862.5,244.5
65,4819,160.633,864.5,246.5
65,4820,160.667,866.5,252.5
65,4821,160.7,870.5,260.5
65,4822,160.733,870.5,274.5
65,4823,160.767,872.5,286.5
65,4824,160.8,872.5,306.5
65,4825,160.833,872.5,294.5
66,4830,161.0,256.5,396.5
66,4831,161.033,256.5,396.5
66,4832,161.067,256.5,396.5
66,4833,161.1,256.5,396.5
66,4834,161.133,256.5,396.5
67,4839,161.3,696.5,362.5
67,4840,161.333,678.5,380.5
67,4841,161.367,658.5,346.5
67,4842,161.4,646.5,322.5
67,4843,161.433,634.5,298.5
67,4844,161.467,620.5,274.5
67,4845,161.5,604.5,254.5
67,4846,161.533,592.5,238.5
67,4847,161.567,578.5,224.5
67,4848,161.6,564.5,214.5
67,4849,161.633,552.5,208.5
67,4850,161.667,542.5,206.5
67,4851,161.7,530.5,208.5
67,4852,161.733,520.5,210.5
67,4853,161.767,510.5,216.5
67,4854,161.8,500.5,224.5
67,4855,161.833,492.5,234.5
67,4856,161.867,484.5,248.5
67,4857,161.9,476.5,260.5
67,4858,161.933,470.5,276.5
67,4859,161.967,466.5,294.5
67,4860,162.0,456.5,280.5
67,4861,162.033,450.5,260.5
67,4862,162.067,440.5,242.5
67,4863,162.1,432.5,228.5
67,4864,162.133,424.5,216.5
67,4865,162.167,416.5,206.5
67,4866,162.2,410.5,200.5
67,4867,162.233,404.5,194.5
67,4868,162.267,398.5,194.5
67,4869,162.3,390.5,196.5
67,4870,162.333,384.5,200.5
67,4871,162.367,378.5,188.5
67,4875,162.5,336.5,184.5
67,4876,162.533,332.5,196.5
67,4877,162.567,326.5,208.5
67,4878,162.6,310.5,218.5
67,4879,162.633,302.5,228.5
67,4880,162.667,292.5,236.5
67,4882,162.733,280.5,250.5
67,4884,162.8,270.5,260.5
67,4885,162.833,264.5,264.5
67,4886,162.867,260.5,268.5
67,4887,162.9,258.5,272.5
67,4888,162.933,256.5,276.5
67,4890,163.0,256.5,276.5
67,4892,163.067,260.5,278.5
67,4894,163.133,260.5,280.5
68,4916,163.867,254.5,276.5
68,4917,163.9,254.5,268.5
68,4918,163.933,250.5,256.5
68,4919,163.967,246.5,242.5
68,4920,164.0,244.5,230.5
68,4923,164.1,236.5,212.5
68,4924,164.133,234.5,210.5
68,4925,164.167,234.5,212.5
68,4926,164.2,234.5,218.5
68,4927,164.233,230.5,220.5
68,4928,164.267,238.5,234.5
68,4929,164.3,266.5,248.5
68,4931,164.367,376.5,296.5
68,4932,164.4,412.5,286.5
68,4933,164.433,454.5,276.5
68,4934,164.467,490.5,266.5
68,4935,164.5,540.5,260.5
68,4936,164.533,582.5,262.5
68,4937,164.567,622.5,264.5
68,4938,164.6,676.5,270.5
68,4939,164.633,710.5,276.5
68,4940,164.667,754.5,288.5
68,4941,164.7,794.5,302.5
68,4942,164.733,834.5,320.5
68,4943,164.767,844.5,374.5
68,4944,164.8,902.5,348.5
68,4945,164.833,960.5,366.5
68,4946,164.867,994.5,356.5
68,4947,164.9,1024.5,350.5
68,4948,164.933,1062.5,344.5
68,4949,164.967,1094.5,340.5
68,4950,165.0,1098.5,328.5
68,4951,165.033,1026.5,298.5
68,4952,165.067,966.5,276.5
68,4953,165.1,968.5,278.5
68,4954,165.133,912.5,260.5
68,4955,165.167,854.5,244.5
68,4956,165.2,798.5,232.5
68,4957,165.233,758.5,226.5
68,4958,165.267,712.5,224.5
68,4959,165.3,678.5,222.5
68,4960,165.333,634.5,226.5
68,4961,165.367,600.5,228.5
68,4962,165.4,572.5,234.5
68,4963,165.433,542.5,242.5
68,4964,165.467,506.5,252.5
68,4965,165.5,484.5,258.5
68,4966,165.533,458.5,238.5
68,4967,165.567,438.5,218.5
68,4968,165.6,418.5,206.5
68,4970,165.667,398.5,184.5
68,4971,165.7,410.5,180.5
68,4972,165.733,434.5,180.5
68,4973,165.767,464.5,180.5
68,4974,165.8,486.5,180.5
68,4975,165.833,510.5,186.5
68,4976,165.867,536.5,192.5
68,4977,165.9,562.5,200.5
68,4978,165.933,592.5,214.5
68,4979,165.967,618.5,228.5
68,4980,166.0,644.5,244.5
68,4981,166.033,678.5,266.5
68,4982,166.067,692.5,282.5
68,4983,166.1,730.5,310.5
68,4984,166.133,754.5,340.5
68,4985,166.167,778.5,368.5
68,4986,166.2,804.5,360.5
68,4987,166.233,834.5,350.5
68,4988,166.267,862.5,342.5
68,4989,166.3,892.5,340.5
68,4990,166.333,918.5,340.5
68,4991,166.367,946.5,340.5
68,4992,166.4,980.5,348.5
68,4993,166.433,934.5,332.5
68,4994,166.467,872.5,316.5
68,4995,166.5,822.5,306.5
68,4996,166.533,766.5,292.5
68,4997,166.567,726.5,290.5
68,4998,166.6,674.5,284.5
68,4999,166.633,642.5,286.5
68,5000,166.667,594.5,294.5
68,5001,166.7,574.5,296.5
68,5002,166.733,574.5,304.5
68,5003,166.767,580.5,314.5
68,5004,166.8,586.5,314.5
68,5005,166.833,592.5,308.5
68,5006,166.867,596.5,304.5
68,5007,166.9,602.5,304.5
68,5008,166.933,608.5,306.5
68,5009,166.967,614.5,310.5
68,5010,167.0,620.5,316.5
68,5011,167.033,624.5,328.5
68,5012,167.067,632.5,330.5
68,5013,167.1,636.5,322.5
68,5014,167.133,646.5,320.5
68,5015,167.167,648.5,320.5
68,5016,167.2,656.5,322.5
68,5017,167.233,662.5,328.5
68,5018,167.267,666.5,336.5
68,5019,167.3,672.5,346.5
68,5020,167.333,678.5,340.5
68,5021,167.367,684.5,336.5
68,5022,167.4,690.5,336.5
68,5023,167.433,696.5,336.5
68,5024,167.467,700.5,344.5
68,5025,167.5,706.5,348.5
68,5026,167.533,712.5,358.5
68,5027,167.567,718.5,354.5
68,5028,167.6,724.5,350.5
68,5029,167.633,730.5,350.5
68,5030,167.667,736.5,352.5
68,5031,167.7,742.5,358.5
68,5032,167.733,746.5,366.5
68,5033,167.767,750.5,372.5
68,5034,167.8,756.5,364.5
68,5035,167.833,764.5,364.5
68,5036,167.867,768.5,364.5
68,5037,167.9,774.5,370.5
68,5038,167.933,780.5,376.5
68,5039,167.967,784.5,384.5
68,5040,168.0,792.5,382.5
68,5041,168.033,798.5,380.5
68,5042,168.067,804.5,382.5
68,5043,168.1,808.5,386.5
68,5044,168.133,814.5,394.5
68,5045,168.167,818.5,400.5
68,5046,168.2,824.5,394.5
68,5047,168.233,832.5,394.5
68,5048,168.267,836.5,400.5
68,5049,168.3,840.5,406.5
68,5050,168.333,846.5,412.5
68,5051,168.367,852.5,408.5
68,5052,168.4,860.5,408.5
68,5053,168.433,864.5,412.5
68,5054,168.467,870.5,416.5
68,5055,168.5,874.5,426.5
68,5056,168.533,884.5,422.5
68,5059,168.633,876.5,404.5
68,5060,168.667,882.5,388.5
68,5061,168.7,902.5,376.5
68,5064,168.8,966.5,614.5
69,5145,171.5,706.5,276.5
69,5146,171.533,656.5,258.5
69,5147,171.567,632.5,254.5
69,5148,171.6,604.5,248.5
69,5149,171.633,572.5,244.5
69,5150,171.667,544.5,246.5
69,5151,171.7,516.5,248.5
69,5152,171.733,496.5,250.5
69,5153,171.767,476.5,242.5
69,5154,171.8,456.5,228.5
69,5155,171.833,434.5,218.5
69,5156,171.867,418.5,208.5
69,5157,171.9,418.5,194.5
69,5158,171.933,428.5,178.5
69,5159,171.967,442.5,162.5
69,5160,172.0,456.5,146.5
69,5161,172.033,468.5,130.5
69,5162,172.067,482.5,118.5
69,5163,172.1,498.5,108.5
69,5164,172.133,512.5,100.5
69,5165,172.167,528.5,96.5
69,5166,172.2,544.5,92.5
69,5167,172.233,560.5,90.5
69,5168,172.267,576.5,92.5
69,5169,172.3,592.5,98.5
69,5170,172.333,608.5,106.5
69,5171,172.367,626.5,116.5
69,5172,172.4,642.5,128.5
69,5173,172.433,658.5,144.5
69,5174,172.467,676.5,164.5
69,5175,172.5,692.5,184.5
69,5176,172.533,710.5,212.5
69,5177,172.567,726.5,236.5
69,5178,172.6,742.5,266.5
69,5179,172.633,754.5,286.5
69,5180,172.667,772.5,326.5
69,5181,172.7,778.5,346.5
69,5182,172.733,800.5,388.5
69,5183,172.767,810.5,374.5
69,5184,172.8,826.5,356.5
69,5185,172.833,838.5,336.5
69,5186,172.867,850.5,324.5
69,5187,172.9,864.5,312.5
69,5188,172.933,872.5,302.5
70,5200,173.333,58.5,516.5
70,5203,173.433,58.5,516.5
70,5205,173.5,60.5,516.5
70,5206,173.533,60.5,516.5
70,5208,173.6,58.5,516.5
70,5210,173.667,58.5,516.5
71,5243,174.767,822.5,316.5
71,5244,174.8,802.5,298.5
71,5245,174.833,770.5,276.5
71,5246,174.867,738.5,254.5
71,5247,174.9,702.5,232.5
71,5248,174.933,676.5,220.5
71,5249,174.967,642.5,206.5
71,5250,175.0,622.5,198.5
71,5251,175.033,598.5,194.5
71,5252,175.067,574.5,190.5
71,5253,175.1,546.5,188.5
71,5254,175.133,530.5,190.5
71,5255,175.167,506.5,194.5
71,5256,175.2,488.5,198.5
71,5257,175.233,470.5,204.5
71,5258,175.267,454.5,212.5
71,5259,175.3,438.5,220.5
71,5260,175.333,424.5,228.5
71,5261,175.367,410.5,216.5
71,5264,175.467,444.5,192.5
71,5265,175.5,470.5,192.5
71,5266,175.533,496.5,194.5
71,5267,175.567,526.5,196.5
71,5268,175.6,550.5,202.5
71,5269,175.633,580.5,210.5
71,5270,175.667,610.5,220.5
71,5271,175.7,640.5,232.5
71,5272,175.733,672.5,248.5
71,5273,175.767,694.5,260.5
71,5274,175.8,726.5,280.5
71,5275,175.833,742.5,292.5
71,5276,175.867,776.5,322.5
71,5277,175.9,818.5,310.5
71,5278,175.933,836.5,308.5
71,5279,175.967,866.5,306.5
71,5280,176.0,892.5,306.5
71,5281,176.033,928.5,308.5
71,5282,176.067,950.5,312.5
71,5283,176.1,942.5,300.5
71,5284,176.133,890.5,282.5
71,5285,176.167,840.5,264.5
71,5286,176.2,788.5,248.5
71,5287,176.233,744.5,238.5
71,5288,176.267,698.5,228.5
71,5289,176.3,674.5,226.5
71,5290,176.333,626.5,220.5
71,5291,176.367,590.5,220.5
71,5292,176.4,556.5,220.5
71,5293,176.433,526.5,224.5
71,5294,176.467,498.5,228.5
71,5295,176.5,470.5,236.5
71,5296,176.533,442.5,244.5
71,5297,176.567,424.5,250.5
71,5298,176.6,402.5,236.5
71,5299,176.633,382.5,222.5
71,5300,176.667,366.5,208.5
71,5301,176.7,380.5,204.5
71,5302,176.733,410.5,202.5
71,5303,176.767,436.5,200.5
71,5304,176.8,466.5,202.5
71,5305,176.833,494.5,206.5
71,5306,176.867,524.5,212.5
71,5307,176.9,550.5,220.5
71,5308,176.933,582.5,230.5
71,5309,176.967,614.5,244.5
71,5310,177.0,646.5,260.5
71,5311,177.033,678.5,278.5
71,5312,177.067,708.5,296.5
71,5313,177.1,734.5,316.5
71,5314,177.133,772.5,344.5
71,5315,177.167,802.5,368.5
71,5316,177.2,830.5,362.5
71,5317,177.233,864.5,356.5
71,5318,177.267,902.5,352.5
71,5319,177.3,936.5,352.5
71,5320,177.333,976.5,354.5
71,5321,177.367,1002.5,356.5
71,5322,177.4,968.5,336.5
71,5323,177.433,896.5,310.5
71,5324,177.467,840.5,290.5
71,5325,177.5,762.5,266.5
71,5326,177.533,716.5,256.5
71,5327,177.567,674.5,246.5
71,5328,177.6,614.5,238.5
71,5329,177.633,570.5,234.5
71,5330,177.667,528.5,232.5
71,5331,177.7,492.5,238.5
71,5332,177.733,456.5,238.5
71,5333,177.767,418.5,244.5
71,5334,177.8,388.5,252.5
71,5335,177.833,364.5,260.5
71,5336,177.867,340.5,262.5
71,5337,177.9,312.5,242.5
71,5338,177.933,294.5,228.5
71,5339,177.967,294.5,216.5
71,5340,178.0,320.5,214.5
71,5341,178.033,350.5,214.5
71,5342,178.067,378.5,216.5
71,5343,178.1,406.5,220.5
71,5344,178.133,442.5,228.5
71,5345,178.167,464.5,234.5
71,5346,178.2,500.5,246.5
71,5347,178.233,538.5,260.5
71,5348,178.267,568.5,274.5
71,5349,178.3,598.5,292.5
71,5350,178.333,634.5,314.5
71,5351,178.367,668.5,338.5
71,5352,178.4,698.5,340.5
71,5353,178.433,726.5,330.5
71,5354,178.467,756.5,326.5
71,5355,178.5,786.5,324.5
71,5356,178.533,820.5,326.5
71,5357,178.567,852.5,330.5
71,5358,178.6,884.5,340.5
71,5359,178.633,926.5,360.5
71,5360,178.667,860.5,322.5
71,5361,178.7,820.5,306.5
71,5362,178.733,776.5,290.5
71,5363,178.767,738.5,278.5
71,5364,178.8,706.5,272.5
71,5365,178.833,676.5,266.5
71,5366,178.867,646.5,266.5
71,5367,178.9,620.5,266.5
71,5368,178.933,612.5,258.5
71,5369,178.967,610.5,254.5
71,5370,179.0,608.5,250.5
71,5371,179.033,604.5,250.5
71,5372,179.067,600.5,252.5
71,5373,179.1,598.5,256.5
71,5374,179.133,596.5,262.5
71,5375,179.167,594.5,266.5
71,5376,179.2,590.5,272.5
71,5377,179.233,588.5,264.5
71,5378,179.267,586.5,254.5
71,5379,179.3,582.5,246.5
71,5380,179.333,580.5,240.5
71,5381,179.367,576.5,236.5
71,5382,179.4,574.5,236.5
71,5383,179.433,572.5,238.5
71,5384,179.467,568.5,242.5
71,5385,179.5,566.5,248.5
71,5386,179.533,566.5,258.5
71,5387,179.567,562.5,246.5
71,5388,179.6,564.5,250.5
71,5389,179.633,560.5,240.5
71,5390,179.667,558.5,232.5
71,5391,179.7,554.5,226.5
71,5392,179.733,552.5,224.5
71,5393,179.767,548.5,224.5
71,5394,179.8,548.5,226.5
71,5395,179.833,546.5,232.5
71,5396,179.867,544.5,238.5
71,5397,179.9,540.5,236.5
71,5398,179.933,538.5,228.5
71,5399,179.967,536.5,226.5
72,5404,180.133,508.5,208.5
72,5405,180.167,498.5,202.5
72,5406,180.2,488.5,204.5
72,5407,180.233,478.5,202.5
72,5408,180.267,472.5,208.5
72,5409,180.3,402.5,210.5
72,5411,180.367,438.5,216.5
72,5413,180.433,418.5,212.5
72,5414,180.467,412.5,210.5
72,5415,180.5,406.5,208.5
73,5437,181.233,820.5,626.5
73,5438,181.267,786.5,606.5
73,5439,181.3,754.5,596.5
73,5440,181.333,724.5,588.5
73,5441,181.367,698.5,580.5
73,5442,181.4,670.5,570.5
73,5443,181.433,644.5,558.5
73,5447,181.567,562.5,544.5
74,5467,182.233,274.5,358.5
74,5468,182.267,264.5,364.5
74,5469,182.3,254.5,370.5
74,5470,182.333,250.5,374.5
74,5472,182.4,244.5,378.5
74,5473,182.433,222.5,388.5
74,5474,182.467,226.5,388.5
74,5476,182.533,216.5,394.5
74,5478,182.6,286.5,256.5
74,5479,182.633,290.5,252.5
74,5480,182.667,294.5,248.5
74,5481,182.7,300.5,240.5
74,5482,182.733,302.5,228.5
74,5483,182.767,300.5,214.5
74,5484,182.8,300.5,200.5
74,5485,182.833,298.5,184.5
74,5486,182.867,296.5,170.5
74,5487,182.9,292.5,154.5
75,5492,183.067,260.5,106.5
75,5493,183.1,270.5,110.5
75,5494,183.133,278.5,114.5
75,5496,183.2,320.5,156.5
75,5497,183.233,320.5,182.5
75,5498,183.267,364.5,198.5
75,5499,183.3,388.5,224.5
75,5500,183.333,410.5,252.5
75,5501,183.367,434.5,280.5
75,5502,183.4,444.5,258.5
75,5503,183.433,456.5,242.5
75,5504,183.467,466.5,220.5
75,5505,183.5,478.5,202.5
75,5506,183.533,490.5,186.5
75,5507,183.567,502.5,172.5
75,5508,183.6,516.5,164.5
75,5509,183.633,528.5,156.5
75,5510,183.667,544.5,152.5
75,5511,183.7,556.5,150.5
75,5512,183.733,570.5,150.5
75,5513,183.767,584.5,154.5
75,5514,183.8,598.5,162.5
75,5515,183.833,610.5,170.5
75,5516,183.867,626.5,184.5
75,5517,183.9,638.5,198.5
75,5518,183.933,646.5,210.5
75,5519,183.967,662.5,232.5
75,5520,184.0,676.5,258.5
75,5521,184.033,682.5,272.5
75,5522,184.067,694.5,300.5
75,5523,184.1,704.5,326.5
75,5524,184.133,714.5,308.5
75,5525,184.167,728.5,284.5
75,5526,184.2,738.5,270.5
75,5527,184.233,750.5,256.5
75,5528,184.267,762.5,244.5
75,5529,184.3,774.5,234.5
75,5530,184.333,786.5,228.5
75,5531,184.367,796.5,224.5
75,5532,184.4,808.5,224.5
75,5533,184.433,818.5,226.5
75,5534,184.467,828.5,234.5
75,5535,184.5,836.5,242.5
75,5536,184.533,846.5,252.5
75,5537,184.567,852.5,262.5
75,5538,184.6,862.5,278.5
75,5539,184.633,868.5,296.5
75,5540,184.667,874.5,316.5
75,5541,184.7,870.5,346.5
75,5542,184.733,892.5,332.5
75,5543,184.767,898.5,318.5
75,5544,184.8,910.5,302.5
75,5545,184.833,922.5,290.5
75,5546,184.867,934.5,276.5
75,5547,184.9,944.5,272.5
75,5548,184.933,950.5,266.5
76,5628,187.6,832.5,326.5
76,5629,187.633,850.5,310.5
76,5630,187.667,822.5,292.5
76,5631,187.7,788.5,272.5
76,5632,187.733,758.5,254.5
76,5633,187.767,728.5,242.5
76,5634,187.8,702.5,234.5
76,5635,187.833,680.5,228.5
76,5636,187.867,648.5,224.5
76,5637,187.9,630.5,224.5
76,5638,187.933,610.5,224.5
76,5639,187.967,590.5,226.5
76,5640,188.0,570.5,232.5
76,5641,188.033,552.5,238.5
76,5642,188.067,536.5,246.5
76,5643,188.1,520.5,234.5
76,5644,188.133,506.5,220.5
76,5645,188.167,492.5,208.5
76,5646,188.2,480.5,200.5
76,5647,188.233,468.5,194.5
76,5649,188.3,456.5,186.5
76,5650,188.333,472.5,186.5
76,5651,188.367,486.5,190.5
76,5652,188.4,502.5,194.5
76,5653,188.433,518.5,202.5
76,5654,188.467,534.5,210.5
76,5655,188.5,554.5,224.5
76,5656,188.533,574.5,240.5
76,5657,188.567,584.5,252.5
76,5658,188.6,608.5,276.5
76,5659,188.633,626.5,298.5
76,5660,188.667,642.5,324.5
76,5661,188.7,658.5,340.5
76,5662,188.733,676.5,338.5
76,5663,188.767,692.5,336.5
76,5664,188.8,708.5,336.5
76,5665,188.833,726.5,342.5
76,5666,188.867,742.5,348.5
76,5667,188.9,760.5,358.5
76,5668,188.933,778.5,372.5
76,5669,188.967,734.5,348.5
76,5670,189.0,694.5,332.5
76,5671,189.033,654.5,314.5
76,5672,189.067,614.5,302.5
76,5673,189.1,582.5,294.5
76,5674,189.133,546.5,284.5
76,5675,189.167,518.5,282.5
76,5676,189.2,492.5,280.5
76,5677,189.233,468.5,280.5
76,5678,189.267,448.5,284.5
76,5679,189.3,426.5,290.5
76,5680,189.333,406.5,296.5
76,5681,189.367,388.5,278.5
76,5683,189.433,346.5,244.5
76,5684,189.467,334.5,236.5
76,5686,189.533,342.5,372.5
76,5688,189.6,380.5,212.5
76,5689,189.633,410.5,210.5
76,5690,189.667,442.5,210.5
76,5691,189.7,476.5,212.5
76,5692,189.733,506.5,216.5
76,5693,189.767,542.5,226.5
76,5694,189.8,574.5,234.5
76,5695,189.833,608.5,246.5
76,5696,189.867,642.5,262.5
76,5697,189.9,674.5,278.5
76,5698,189.933,704.5,294.5
76,5699,189.967,736.5,318.5
76,5700,190.0,770.5,344.5
76,5701,190.033,800.5,332.5
76,5702,190.067,822.5,324.5
76,5703,190.1,858.5,314.5
76,5704,190.133,882.5,310.5
76,5705,190.167,916.5,308.5
76,5706,190.2,942.5,308.5
76,5707,190.233,972.5,312.5
76,5708,190.267,994.5,312.5
76,5710,190.333,904.5,284.5
76,5712,190.4,730.5,240.5
76,5713,190.433,682.5,232.5
76,5716,190.533,472.5,220.5
76,5717,190.567,432.5,224.5
76,5718,190.6,380.5,232.5
76,5719,190.633,332.5,244.5
76,5720,190.667,302.5,254.5
76,5721,190.7,268.5,268.5
76,5724,190.8,186.5,318.5
76,5725,190.833,166.5,336.5
76,5726,190.867,146.5,356.5
76,5727,190.9,130.5,368.5
76,5728,190.933,102.5,348.5
76,5729,190.967,92.5,336.5
76,5730,191.0,98.5,328.5
76,5731,191.033,100.5,322.5
76,5732,191.067,106.5,318.5
76,5733,191.1,110.5,314.5
76,5734,191.133,116.5,312.5
76,5735,191.167,120.5,314.5
76,5736,191.2,124.5,318.5
76,5737,191.233,132.5,324.5
76,5738,191.267,136.5,330.5
76,5739,191.3,144.5,338.5
76,5740,191.333,150.5,352.5
76,5741,191.367,158.5,366.5
76,5743,191.433,174.5,400.5
76,5744,191.467,182.5,420.5
76,5745,191.5,190.5,438.5
76,5746,191.533,200.5,466.5
76,5748,191.6,266.5,404.5
76,5749,191.633,258.5,408.5
76,5750,191.667,254.5,418.5
76,5752,191.733,290.5,536.5
76,5753,191.767,286.5,524.5
76,5755,191.833,256.5,426.5
76,5757,191.9,202.5,518.5
76,5758,191.933,202.5,514.5
76,5760,192.0,184.5,418.5
76,5761,192.033,170.5,430.5
76,5762,192.067,156.5,438.5
76,5764,192.133,142.5,450.5
77,5769,192.3,254.5,426.5
77,5770,192.333,244.5,432.5
77,5771,192.367,238.5,438.5
77,5773,192.433,228.5,454.5
77,5777,192.567,246.5,484.5
77,5781,192.7,96.5,344.5
78,5804,193.467,290.5,550.5
78,5808,193.6,340.5,532.5
78,5809,193.633,336.5,516.5
78,5810,193.667,320.5,496.5
78,5811,193.7,312.5,478.5
78,5812,193.733,302.5,460.5
78,5813,193.767,284.5,522.5
78,5814,193.8,282.5,522.5
78,5815,193.833,282.5,522.5
78,5816,193.867,282.5,522.5
78,5817,193.9,282.5,522.5
78,5819,193.967,206.5,476.5
78,5820,194.0,210.5,482.5
78,5821,194.033,282.5,522.5
78,5822,194.067,280.5,520.5
78,5823,194.1,280.5,520.5
78,5824,194.133,280.5,516.5
78,5825,194.167,212.5,488.5
78,5826,194.2,212.5,486.5
78,5827,194.233,212.5,486.5
78,5829,194.3,204.5,340.5
78,5830,194.333,272.5,300.5
79,5836,194.533,270.5,432.5
79,5837,194.567,270.5,422.5
79,5838,194.6,272.5,412.5
79,5839,194.633,272.5,402.5
79,5840,194.667,268.5,396.5
79,5843,194.767,214.5,486.5
79,5844,194.8,214.5,482.5
79,5845,194.833,216.5,476.5
79,5846,194.867,224.5,468.5
79,5849,194.967,202.5,432.5
79,5853,195.1,56.5,516.5
79,5855,195.167,58.5,516.5
79,5858,195.267,230.5,420.5
79,5860,195.333,232.5,402.5
79,5863,195.433,56.5,516.5
80,5960,198.667,368.5,240.5
80,5961,198.7,360.5,242.5
80,5962,198.733,350.5,242.5
80,5963,198.767,336.5,242.5
80,5964,198.8,326.5,246.5
80,5965,198.833,312.5,250.5
80,5966,198.867,304.5,248.5
80,5967,198.9,294.5,252.5
80,5968,198.933,286.5,256.5
80,5969,198.967,278.5,264.5
80,5970,199.0,272.5,266.5
80,5971,199.033,264.5,270.5
80,5972,199.067,262.5,272.5
80,5973,199.1,262.5,274.5
80,5974,199.133,260.5,276.5
80,5975,199.167,260.5,276.5
80,5977,199.233,260.5,276.5
80,5979,199.3,260.5,278.5
80,5981,199.367,312.5,390.5
80,5983,199.433,312.5,390.5
80,5984,199.467,312.5,390.5
80,5985,199.5,312.5,390.5
80,5986,199.533,312.5,390.5
80,5987,199.567,312.5,390.5
80,5988,199.6,312.5,390.5
80,5989,199.633,312.5,390.5
80,5990,199.667,312.5,390.5
80,5991,199.7,312.5,390.5
80,5992,199.733,312.5,390.5
80,5993,199.767,312.5,390.5
80,5994,199.8,312.5,390.5
80,5995,199.833,312.5,390.5
80,5997,199.9,256.5,272.5
80,5998,199.933,262.5,258.5
80,5999,199.967,252.5,248.5
80,6000,200.0,248.5,236.5
80,6001,200.033,246.5,224.5
80,6002,200.067,244.5,218.5
80,6003,200.1,246.5,214.5
80,6004,200.133,246.5,212.5
80,6005,200.167,246.5,216.5
80,6006,200.2,246.5,220.5
80,6007,200.233,242.5,228.5
80,6008,200.267,258.5,242.5
80,6009,200.3,284.5,254.5
80,6011,200.367,380.5,302.5
80,6012,200.4,410.5,296.5
80,6013,200.433,450.5,288.5
80,6014,200.467,478.5,284.5
80,6015,200.5,514.5,280.5
80,6016,200.533,546.5,282.5
80,6017,200.567,582.5,290.5
80,6018,200.6,618.5,296.5
80,6019,200.633,656.5,308.5
80,6020,200.667,690.5,314.5
80,6021,200.7,738.5,340.5
80,6022,200.733,772.5,356.5
80,6023,200.767,802.5,374.5
80,6024,200.8,836.5,404.5
80,6025,200.833,870.5,406.5
80,6026,200.867,906.5,392.5
80,6027,200.9,940.5,388.5
80,6028,200.933,976.5,386.5
80,6029,200.967,1004.5,380.5
80,6030,201.0,938.5,344.5
80,6031,201.033,874.5,312.5
80,6032,201.067,822.5,290.5
80,6033,201.1,756.5,266.5
80,6034,201.133,714.5,254.5
80,6035,201.167,680.5,244.5
80,6036,201.2,630.5,234.5
80,6037,201.233,588.5,228.5
80,6038,201.267,558.5,228.5
80,6039,201.3,526.5,228.5
80,6040,201.333,500.5,234.5
80,6041,201.367,474.5,240.5
80,6042,201.4,446.5,246.5
80,6043,201.433,426.5,258.5
80,6044,201.467,408.5,266.5
80,6045,201.5,392.5,250.5
80,6046,201.533,376.5,228.5
80,6047,201.567,358.5,210.5
80,6049,201.633,354.5,188.5
80,6050,201.667,380.5,188.5
80,6051,201.7,408.5,186.5
80,6052,201.733,434.5,186.5
80,6053,201.767,464.5,190.5
80,6054,201.8,496.5,196.5
80,6055,201.833,532.5,204.5
80,6056,201.867,562.5,212.5
80,6057,201.9,596.5,226.5
80,6058,201.933,630.5,242.5
80,6059,201.967,656.5,252.5
80,6060,202.0,696.5,280.5
80,6062,202.067,772.5,330.5
80,6063,202.1,806.5,356.5
80,6064,202.133,842.5,382.5
80,6065,202.167,874.5,412.5
80,6066,202.2,926.5,434.5
80,6067,202.233,974.5,444.5
80,6068,202.267,1026.5,458.5
80,6069,202.3,1072.5,476.5
80,6070,202.333,1122.5,494.5
81,6087,202.9,226.5,402.5
81,6088,202.933,226.5,402.5
81,6089,202.967,226.5,402.5
81,6090,203.0,226.5,404.5
81,6091,203.033,226.5,404.5
81,6092,203.067,226.5,404.5
81,6093,203.1,226.5,404.5
81,6094,203.133,226.5,404.5
81,6095,203.167,226.5,404.5
81,6096,203.2,226.5,404.5
81,6097,203.233,226.5,404.5
81,6098,203.267,226.5,404.5
81,6099,203.3,226.5,404.5
81,6100,203.333,226.5,404.5
81,6101,203.367,226.5,404.5
81,6102,203.4,226.5,404.5
81,6103,203.433,226.5,404.5
81,6104,203.467,228.5,404.5
81,6107,203.567,226.5,400.5
81,6110,203.667,244.5,394.5
81,6111,203.7,252.5,394.5
81,6112,203.733,262.5,392.5
81,6113,203.767,272.5,388.5
82,6171,205.7,704.5,540.5
82,6172,205.733,702.5,506.5
82,6173,205.767,676.5,448.5
82,6176,205.867,616.5,300.5
82,6177,205.9,594.5,266.5
82,6178,205.933,582.5,242.5
82,6179,205.967,570.5,224.5
82,6180,206.0,558.5,210.5
82,6181,206.033,546.5,200.5
82,6182,206.067,534.5,192.5
82,6183,206.1,526.5,192.5
82,6184,206.133,516.5,192.5
82,6185,206.167,506.5,196.5
82,6186,206.2,498.5,202.5
82,6187,206.233,492.5,212.5
82,6188,206.267,486.5,224.5
82,6189,206.3,480.5,236.5
82,6190,206.333,474.5,250.5
82,6191,206.367,470.5,264.5
82,6192,206.4,468.5,284.5
82,6193,206.433,460.5,270.5
82,6194,206.467,456.5,248.5
82,6195,206.5,452.5,232.5
82,6196,206.533,446.5,210.5
82,6197,206.567,440.5,194.5
82,6198,206.6,438.5,184.5
82,6199,206.633,434.5,172.5
82,6200,206.667,432.5,166.5
82,6201,206.7,428.5,160.5
82,6202,206.733,426.5,156.5
82,6203,206.767,422.5,160.5
82,6204,206.8,422.5,162.5
82,6205,206.833,420.5,168.5
82,6206,206.867,418.5,174.5
82,6207,206.9,418.5,184.5
82,6208,206.933,418.5,196.5
82,6209,206.967,416.5,208.5
82,6210,207.0,416.5,220.5
82,6211,207.033,414.5,228.5
82,6213,207.1,404.5,234.5
83,6265,208.833,430.5,154.5
83,6269,208.967,138.5,110.5
83,6273,209.1,398.5,86.5
83,6275,209.167,382.5,72.5
83,6276,209.2,374.5,70.5
84,6285,209.5,344.5,336.5
84,6289,209.633,312.5,340.5
84,6292,209.733,312.5,80.5
84,6295,209.833,350.5,238.5
84,6296,209.867,344.5,248.5
84,6297,209.9,336.5,248.5
84,6301,210.033,310.5,250.5
84,6302,210.067,304.5,250.5
84,6303,210.1,302.5,248.5
84,6304,210.133,296.5,246.5
84,6305,210.167,294.5,246.5
84,6306,210.2,288.5,244.5
84,6307,210.233,284.5,248.5
84,6308,210.267,280.5,250.5
84,6309,210.3,276.5,250.5
84,6310,210.333,274.5,256.5
84,6311,210.367,272.5,256.5
84,6312,210.4,270.5,264.5
84,6313,210.433,270.5,266.5
84,6314,210.467,266.5,270.5
84,6315,210.5,264.5,274.5
84,6316,210.533,262.5,276.5
84,6317,210.567,264.5,276.5
85,6341,211.367,266.5,268.5
85,6342,211.4,254.5,264.5
85,6343,211.433,246.5,254.5
85,6344,211.467,242.5,240.5
85,6345,211.5,238.5,232.5
85,6346,211.533,234.5,228.5
85,6348,211.6,294.5,256.5
85,6349,211.633,230.5,226.5
85,6350,211.667,228.5,232.5
85,6351,211.7,228.5,238.5
85,6352,211.733,244.5,248.5
85,6353,211.767,282.5,264.5
85,6355,211.833,380.5,294.5
85,6356,211.867,418.5,286.5
85,6357,211.9,456.5,282.5
85,6358,211.933,492.5,280.5
85,6359,211.967,530.5,280.5
85,6360,212.0,568.5,284.5
85,6361,212.033,602.5,286.5
85,6362,212.067,642.5,294.5
85,6363,212.1,686.5,308.5
85,6364,212.133,724.5,322.5
85,6366,212.2,798.5,358.5
85,6367,212.233,824.5,360.5
85,6368,212.267,860.5,342.5
85,6369,212.3,894.5,340.5
85,6370,212.333,934.5,336.5
85,6371,212.367,960.5,338.5
85,6372,212.4,994.5,342.5
85,6373,212.433,946.5,316.5
85,6374,212.467,894.5,290.5
85,6375,212.5,838.5,268.5
85,6376,212.533,786.5,250.5
85,6377,212.567,744.5,240.5
85,6378,212.6,696.5,228.5
85,6379,212.633,648.5,220.5
85,6380,212.667,620.5,218.5
85,6381,212.7,588.5,218.5
85,6382,212.733,550.5,220.5
85,6383,212.767,524.5,226.5
85,6384,212.8,496.5,230.5
85,6385,212.833,462.5,242.5
85,6386,212.867,442.5,250.5
85,6387,212.9,422.5,248.5
85,6388,212.933,402.5,228.5
85,6389,212.967,382.5,212.5
85,6390,213.0,362.5,196.5
85,6391,213.033,372.5,190.5
85,6392,213.067,388.5,186.5
85,6393,213.1,418.5,182.5
85,6394,213.133,442.5,182.5
85,6395,213.167,466.5,184.5
85,6396,213.2,492.5,188.5
85,6397,213.233,522.5,196.5
85,6398,213.267,548.5,206.5
85,6399,213.3,576.5,216.5
85,6400,213.333,608.5,232.5
85,6401,213.367,630.5,244.5
85,6402,213.4,654.5,260.5
85,6403,213.433,692.5,290.5
85,6404,213.467,716.5,310.5
85,6405,213.5,758.5,344.5
85,6406,213.533,776.5,362.5
85,6407,213.567,810.5,386.5
85,6408,213.6,838.5,374.5
85,6409,213.633,868.5,370.5
85,6410,213.667,898.5,366.5
85,6411,213.7,930.5,364.5
85,6412,213.733,960.5,372.5
85,6413,213.767,984.5,372.5
85,6414,213.8,904.5,342.5
85,6415,213.833,856.5,328.5
85,6417,213.9,706.5,286.5
85,6420,214.0,566.5,264.5
85,6421,214.033,526.5,266.5
85,6422,214.067,492.5,266.5
85,6423,214.1,462.5,272.5
85,6424,214.133,438.5,278.5
85,6425,214.167,412.5,278.5
85,6426,214.2,388.5,254.5
85,6427,214.233,366.5,234.5
85,6428,214.267,346.5,220.5
85,6429,214.3,326.5,204.5
85,6430,214.333,336.5,198.5
85,6431,214.367,366.5,198.5
85,6432,214.4,398.5,198.5
85,6433,214.433,424.5,200.5
85,6434,214.467,454.5,204.5
85,6435,214.5,488.5,212.5
85,6436,214.533,514.5,220.5
85,6437,214.567,550.5,232.5
85,6438,214.6,578.5,244.5
85,6439,214.633,612.5,262.5
85,6440,214.667,646.5,282.5
85,6441,214.7,688.5,308.5
85,6442,214.733,714.5,330.5
85,6443,214.767,750.5,358.5
85,6444,214.8,788.5,362.5
85,6445,214.833,814.5,360.5
85,6446,214.867,848.5,356.5
85,6447,214.9,882.5,348.5
85,6448,214.933,920.5,350.5
85,6449,214.967,960.5,356.5
85,6450,215.0,992.5,358.5
85,6451,215.033,936.5,334.5
85,6452,215.067,874.5,312.5
85,6453,215.1,816.5,292.5
85,6454,215.133,758.5,276.5
85,6455,215.167,712.5,264.5
85,6456,215.2,676.5,258.5
85,6457,215.233,624.5,250.5
85,6458,215.267,590.5,248.5
85,6459,215.3,564.5,250.5
85,6460,215.333,530.5,250.5
85,6461,215.367,506.5,252.5
85,6462,215.4,480.5,262.5
85,6463,215.433,458.5,254.5
85,6464,215.467,440.5,236.5
85,6465,215.5,426.5,220.5
85,6466,215.533,410.5,204.5
85,6467,215.567,398.5,194.5
85,6468,215.6,384.5,184.5
85,6469,215.633,394.5,178.5
85,6470,215.667,416.5,176.5
85,6471,215.7,442.5,174.5
85,6472,215.733,468.5,174.5
85,6473,215.767,498.5,178.5
85,6474,215.8,522.5,180.5
85,6475,215.833,552.5,188.5
85,6476,215.867,580.5,196.5
85,6477,215.9,612.5,210.5
85,6478,215.933,642.5,226.5
85,6479,215.967,678.5,244.5
85,6480,216.0,700.5,262.5
85,6481,216.033,736.5,292.5
85,6482,216.067,762.5,312.5
85,6483,216.1,794.5,344.5
85,6484,216.133,822.5,370.5
85,6485,216.167,852.5,406.5
85,6486,216.2,888.5,450.5
85,6487,216.233,920.5,490.5
85,6488,216.267,950.5,536.5
85,6489,216.3,982.5,586.5
85,6490,216.333,1012.5,636.5
86,6495,216.5,206.5,400.5
86,6498,216.6,332.5,216.5
86,6499,216.633,326.5,222.5
86,6502,216.733,294.5,244.5
86,6503,216.767,282.5,248.5
86,6507,216.9,234.5,272.5
87,6534,217.8,206.5,402.5
87,6536,217.867,200.5,398.5
87,6537,217.9,206.5,394.5
87,6538,217.933,212.5,392.5
87,6539,217.967,220.5,390.5
87,6540,218.0,226.5,388.5
87,6541,218.033,230.5,384.5
87,6542,218.067,236.5,384.5
87,6543,218.1,240.5,380.5
87,6544,218.133,244.5,380.5
87,6545,218.167,248.5,378.5
87,6546,218.2,250.5,378.5
87,6548,218.267,254.5,376.5
87,6549,218.3,256.5,374.5
87,6550,218.333,256.5,376.5
87,6551,218.367,256.5,376.5
87,6552,218.4,256.5,376.5
87,6553,218.433,256.5,376.5
87,6554,218.467,256.5,376.5
87,6555,218.5,256.5,376.5
87,6556,218.533,262.5,378.5
88,6581,219.367,752.5,608.5
88,6582,219.4,726.5,596.5
88,6583,219.433,706.5,582.5
88,6584,219.467,682.5,574.5
88,6585,219.5,658.5,568.5
88,6586,219.533,644.5,580.5
88,6587,219.567,622.5,576.5
88,6588,219.6,602.5,572.5
88,6589,219.633,582.5,572.5
88,6590,219.667,568.5,572.5
88,6591,219.7,558.5,576.5
89,6628,220.933,54.5,518.5
89,6630,221.0,56.5,518.5
89,6631,221.033,56.5,518.5
89,6632,221.067,58.5,518.5
89,6633,221.1,56.5,518.5
89,6634,221.133,56.5,518.5
89,6635,221.167,58.5,518.5
89,6636,221.2,56.5,518.5
89,6637,221.233,56.5,518.5
90,6728,224.267,834.5,356.5
90,6729,224.3,804.5,322.5
90,6730,224.333,772.5,310.5
90,6731,224.367,724.5,292.5
90,6732,224.4,684.5,284.5
90,6733,224.433,646.5,276.5
90,6734,224.467,618.5,276.5
90,6735,224.5,576.5,274.5
90,6736,224.533,550.5,276.5
90,6737,224.567,516.5,280.5
90,6738,224.6,486.5,290.5
90,6739,224.633,458.5,300.5
90,6740,224.667,436.5,294.5
90,6741,224.7,410.5,278.5
90,6742,224.733,390.5,268.5
90,6743,224.767,374.5,262.5
90,6744,224.8,346.5,254.5
90,6745,224.833,328.5,252.5
90,6746,224.867,308.5,250.5
90,6747,224.9,302.5,266.5
90,6748,224.933,340.5,238.5
90,6749,224.967,366.5,234.5
90,6750,225.0,398.5,228.5
90,6751,225.033,428.5,228.5
90,6752,225.067,458.5,228.5
90,6753,225.1,492.5,230.5
90,6754,225.133,528.5,238.5
90,6755,225.167,560.5,244.5
90,6756,225.2,594.5,258.5
90,6757,225.233,628.5,268.5
90,6758,225.267,658.5,280.5
90,6759,225.3,694.5,298.5
90,6760,225.333,728.5,322.5
90,6761,225.367,760.5,342.5
90,6762,225.4,788.5,360.5
90,6763,225.433,822.5,388.5
90,6764,225.467,858.5,368.5
90,6765,225.5,888.5,360.5
90,6766,225.533,920.5,352.5
90,6768,225.6,936.5,332.5
90,6769,225.633,854.5,306.5
90,6770,225.667,792.5,290.5
90,6771,225.7,742.5,276.5
90,6772,225.733,690.5,264.5
90,6773,225.767,646.5,258.5
90,6775,225.833,572.5,250.5
90,6776,225.867,536.5,250.5
90,6777,225.9,510.5,250.5
90,6778,225.933,484.5,252.5
90,6779,225.967,462.5,256.5
90,6780,226.0,438.5,234.5
90,6781,226.033,422.5,218.5
90,6782,226.067,408.5,206.5
90,6783,226.1,390.5,194.5
90,6785,226.167,408.5,180.5
90,6786,226.2,428.5,174.5
90,6787,226.233,456.5,174.5
90,6788,226.267,480.5,172.5
90,6789,226.3,502.5,174.5
90,6790,226.333,530.5,178.5
90,6791,226.367,554.5,184.5
90,6792,226.4,582.5,194.5
90,6793,226.433,612.5,208.5
90,6794,226.467,636.5,218.5
90,6795,226.5,670.5,240.5
90,6796,226.533,692.5,258.5
90,6797,226.567,720.5,280.5
90,6798,226.6,748.5,308.5
90,6799,226.633,776.5,336.5
90,6800,226.667,792.5,356.5
90,6801,226.7,826.5,406.5
90,6802,226.733,854.5,406.5
90,6803,226.767,882.5,396.5
90,6804,226.8,908.5,394.5
90,6805,226.833,936.5,394.5
90,6806,226.867,970.5,396.5
90,6807,226.9,1000.5,402.5
90,6808,226.933,1028.5,406.5
90,6810,227.0,900.5,346.5
90,6812,227.067,742.5,284.5
90,6813,227.1,688.5,268.5
90,6814,227.133,624.5,250.5
90,6815,227.167,576.5,240.5
90,6816,227.2,534.5,232.5
90,6817,227.233,494.5,228.5
90,6818,227.267,460.5,228.5
90,6819,227.3,430.5,228.5
90,6820,227.333,402.5,232.5
90,6821,227.367,376.5,238.5
90,6822,227.4,356.5,246.5
90,6823,227.433,334.5,254.5
90,6824,227.467,316.5,268.5
91,6829,227.633,176.5,196.5
91,6831,227.7,246.5,324.5
91,6832,227.733,236.5,310.5
91,6834,227.8,96.5,394.5
91,6836,227.867,216.5,268.5
91,6838,227.933,226.5,266.5
91,6839,227.967,232.5,266.5
91,6840,228.0,236.5,270.5
91,6841,228.033,244.5,276.5
91,6842,228.067,248.5,282.5
91,6844,228.133,220.5,402.5
91,6846,228.2,220.5,402.5
91,6849,228.3,294.5,356.5
91,6852,228.4,122.5,368.5
91,6855,228.5,304.5,346.5
91,6856,228.533,306.5,352.5
91,6857,228.567,308.5,356.5
91,6859,228.633,314.5,364.5
91,6860,228.667,316.5,360.5
91,6861,228.7,318.5,362.5
91,6862,228.733,320.5,364.5
91,6863,228.767,324.5,366.5
91,6864,228.8,326.5,368.5
91,6865,228.833,328.5,368.5
91,6866,228.867,330.5,372.5
91,6867,228.9,326.5,372.5
91,6868,228.933,322.5,372.5
91,6869,228.967,318.5,370.5
91,6872,229.067,220.5,402.5
91,6873,229.1,222.5,402.5
91,6875,229.167,240.5,296.5
92,6954,231.8,318.5,388.5
92,6957,231.9,414.5,218.5
92,6958,231.933,428.5,208.5
92,6959,231.967,438.5,196.5
92,6960,232.0,452.5,182.5
92,6961,232.033,468.5,174.5
92,6962,232.067,488.5,166.5
92,6963,232.1,502.5,160.5
92,6964,232.133,520.5,158.5
92,6965,232.167,538.5,158.5
92,6966,232.2,556.5,160.5
92,6967,232.233,574.5,164.5
92,6968,232.267,594.5,174.5
92,6969,232.3,612.5,184.5
92,6970,232.333,630.5,196.5
92,6971,232.367,644.5,208.5
92,6972,232.4,668.5,232.5
92,6973,232.433,682.5,248.5
92,6974,232.467,694.5,264.5
92,6975,232.5,716.5,296.5
92,6976,232.533,730.5,324.5
92,6977,232.567,744.5,316.5
92,6978,232.6,760.5,294.5
92,6979,232.633,770.5,286.5
92,6980,232.667,784.5,274.5
92,6981,232.7,796.5,266.5
92,6982,232.733,808.5,258.5
92,6983,232.767,822.5,256.5
92,6984,232.8,834.5,254.5
92,6985,232.833,846.5,256.5
92,6986,232.867,856.5,262.5
92,6987,232.9,870.5,272.5
92,6988,232.933,880.5,282.5
92,6989,232.967,890.5,296.5
92,6990,233.0,902.5,314.5
92,6991,233.033,910.5,326.5
92,6992,233.067,912.5,314.5
92,6993,233.1,912.5,296.5
92,6994,233.133,912.5,280.5
92,6995,233.167,912.5,266.5
92,6996,233.2,910.5,256.5
92,6997,233.233,910.5,250.5
92,6998,233.267,908.5,244.5
92,6999,233.3,904.5,242.5
92,7000,233.333,902.5,248.5
92,7001,233.367,900.5,254.5
92,7002,233.4,896.5,260.5
92,7003,233.433,892.5,274.5
92,7004,233.467,890.5,284.5
92,7005,233.5,874.5,312.5
92,7006,233.533,876.5,298.5
92,7008,233.6,878.5,288.5
93,7058,235.267,836.5,332.5
93,7059,235.3,798.5,340.5
93,7060,235.333,768.5,294.5
93,7061,235.367,738.5,280.5
93,7062,235.4,710.5,270.5
93,7063,235.433,678.5,258.5
93,7064,235.467,644.5,250.5
93,7065,235.5,622.5,246.5
93,7066,235.533,594.5,242.5
93,7067,235.567,572.5,242.5
93,7068,235.6,552.5,244.5
93,7069,235.633,532.5,248.5
93,7070,235.667,508.5,250.5
93,7071,235.7,494.5,244.5
93,7072,235.733,474.5,230.5
93,7073,235.767,460.5,222.5
93,7074,235.8,442.5,212.5
93,7075,235.833,414.5,216.5
93,7076,235.867,452.5,204.5
93,7077,235.9,480.5,206.5
93,7078,235.933,502.5,206.5
93,7079,235.967,530.5,210.5
93,7080,236.0,552.5,214.5
93,7081,236.033,580.5,226.5
93,7082,236.067,610.5,238.5
93,7083,236.1,628.5,246.5
93,7084,236.133,652.5,260.5
93,7085,236.167,678.5,280.5
93,7086,236.2,712.5,306.5
93,7087,236.233,740.5,334.5
93,7088,236.267,760.5,332.5
93,7089,236.3,786.5,324.5
93,7090,236.333,814.5,324.5
93,7091,236.367,842.5,326.5
93,7092,236.4,870.5,332.5
93,7093,236.433,902.5,340.5
93,7094,236.467,916.5,342.5
93,7095,236.5,866.5,320.5
93,7096,236.533,820.5,302.5
93,7097,236.567,762.5,280.5
93,7098,236.6,714.5,266.5
93,7099,236.633,676.5,258.5
93,7100,236.667,626.5,248.5
93,7101,236.7,584.5,244.5
93,7102,236.733,548.5,244.5
93,7103,236.767,506.5,244.5
93,7104,236.8,476.5,246.5
93,7105,236.833,446.5,252.5
93,7106,236.867,408.5,260.5
93,7107,236.9,382.5,272.5
93,7108,236.933,350.5,282.5
93,7110,237.0,304.5,270.5
93,7111,237.033,278.5,252.5
93,7112,237.067,244.5,234.5
93,7113,237.1,240.5,244.5
93,7115,237.167,296.5,208.5
93,7116,237.2,336.5,198.5
93,7117,237.233,382.5,192.5
93,7118,237.267,426.5,190.5
93,7119,237.3,462.5,188.5
93,7120,237.333,504.5,188.5
93,7121,237.367,554.5,194.5
93,7122,237.4,598.5,198.5
93,7123,237.433,640.5,206.5
93,7124,237.467,682.5,214.5
93,7125,237.5,730.5,228.5
93,7126,237.533,776.5,244.5
93,7127,237.567,824.5,264.5
93,7128,237.6,818.5,262.5
93,7129,237.633,860.5,280.5
93,7130,237.667,900.5,302.5
93,7131,237.7,942.5,324.5
93,7132,237.733,990.5,356.5
93,7133,237.767,1014.5,372.5
93,7134,237.8,1058.5,406.5
93,7135,237.833,1090.5,434.5
93,7136,237.867,1124.5,466.5
93,7137,237.9,1156.5,498.5
94,7305,243.5,874.5,306.5
94,7306,243.533,848.5,318.5
94,7307,243.567,798.5,340.5
94,7308,243.6,772.5,308.5
94,7309,243.633,750.5,282.5
94,7310,243.667,726.5,262.5
94,7311,243.7,702.5,244.5
94,7312,243.733,678.5,228.5
94,7313,243.767,648.5,214.5
94,7314,243.8,630.5,208.5
94,7315,243.833,610.5,204.5
94,7316,243.867,590.5,202.5
94,7317,243.9,570.5,202.5
94,7318,243.933,550.5,206.5
94,7319,243.967,532.5,210.5
94,7320,244.0,514.5,220.5
94,7321,244.033,500.5,228.5
94,7322,244.067,482.5,244.5
94,7323,244.1,472.5,256.5
94,7324,244.133,458.5,274.5
94,7325,244.167,442.5,266.5
94,7326,244.2,430.5,248.5
94,7327,244.233,418.5,232.5
94,7328,244.267,404.5,218.5
94,7329,244.3,392.5,208.5
94,7330,244.333,376.5,198.5
94,7331,244.367,368.5,192.5
94,7332,244.4,356.5,188.5
94,7333,244.433,346.5,188.5
94,7334,244.467,336.5,188.5
94,7335,244.5,324.5,192.5
94,7338,244.6,302.5,186.5
95,7353,245.1,682.5,514.5
95,7354,245.133,656.5,520.5
95,7355,245.167,634.5,520.5
95,7356,245.2,612.5,528.5
95,7357,245.233,592.5,532.5
96,7443,248.1,256.5,274.5
96,7444,248.133,254.5,262.5
96,7445,248.167,246.5,252.5
96,7446,248.2,204.5,242.5
96,7447,248.233,244.5,220.5
96,7448,248.267,242.5,212.5
96,7449,248.3,240.5,208.5
96,7450,248.333,240.5,202.5
96,7451,248.367,240.5,204.5
96,7452,248.4,242.5,202.5
96,7454,248.467,240.5,212.5
96,7455,248.5,244.5,224.5
96,7456,248.533,272.5,242.5
96,7458,248.6,310.5,244.5
96,7460,248.667,456.5,276.5
96,7461,248.7,488.5,264.5
96,7462,248.733,524.5,260.5
96,7463,248.767,574.5,256.5
96,7464,248.8,608.5,252.5
96,7465,248.833,646.5,256.5
96,7466,248.867,688.5,260.5
96,7467,248.9,724.5,266.5
96,7468,248.933,760.5,276.5
96,7469,248.967,804.5,292.5
96,7470,249.0,836.5,306.5
96,7471,249.033,868.5,320.5
96,7472,249.067,906.5,346.5
96,7473,249.1,946.5,372.5
96,7474,249.133,980.5,360.5
96,7475,249.167,1010.5,354.5
96,7476,249.2,1046.5,350.5
96,7477,249.233,1072.5,346.5
97,7659,255.3,1270.5,244.5
97,7660,255.333,1220.5,246.5
97,7661,255.367,1168.5,248.5
97,7662,255.4,1082.5,256.5
97,7663,255.433,1044.5,262.5
97,7664,255.467,998.5,270.5
97,7665,255.5,946.5,284.5
97,7666,255.533,894.5,300.5
97,7667,255.567,854.5,312.5
97,7668,255.6,796.5,340.5
97,7670,255.667,754.5,292.5
97,7671,255.7,722.5,262.5
97,7672,255.733,698.5,244.5
97,7673,255.767,676.5,230.5
97,7674,255.8,642.5,214.5
97,7675,255.833,628.5,210.5
97,7676,255.867,604.5,202.5
97,7677,255.9,580.5,198.5
97,7678,255.933,562.5,200.5
97,7679,255.967,542.5,202.5
97,7680,256.0,524.5,208.5
97,7681,256.033,506.5,214.5
97,7682,256.067,492.5,222.5
97,7683,256.1,476.5,236.5
97,7684,256.133,458.5,248.5
97,7685,256.167,450.5,254.5
97,7686,256.2,436.5,240.5
97,7687,256.233,422.5,224.5
97,7688,256.267,410.5,210.5
97,7689,256.3,398.5,198.5
97,7690,256.333,390.5,188.5
97,7691,256.367,380.5,188.5
97,7692,256.4,370.5,180.5
97,7693,256.433,360.5,176.5
97,7694,256.467,346.5,172.5
98,7751,258.367,370.5,242.5
98,7752,258.4,362.5,244.5
98,7753,258.433,352.5,250.5
98,7755,258.5,326.5,252.5
98,7756,258.533,314.5,256.5
98,7757,258.567,306.5,258.5
98,7758,258.6,296.5,258.5
98,7759,258.633,286.5,262.5
98,7760,258.667,278.5,264.5
98,7761,258.7,270.5,266.5
98,7763,258.767,262.5,272.5
98,7766,258.867,260.5,276.5
98,7767,258.9,260.5,276.5
99,7785,259.5,258.5,274.5
99,7786,259.533,254.5,266.5
99,7787,259.567,232.5,276.5
99,7788,259.6,244.5,236.5
99,7789,259.633,244.5,224.5
99,7791,259.7,240.5,210.5
99,7793,259.767,238.5,206.5
99,7794,259.8,238.5,210.5
99,7795,259.833,238.5,216.5
99,7796,259.867,236.5,218.5
99,7797,259.9,240.5,230.5
99,7798,259.933,270.5,246.5
99,7799,259.967,336.5,274.5
99,7800,260.0,370.5,288.5
99,7801,260.033,414.5,298.5
99,7802,260.067,456.5,288.5
99,7803,260.1,498.5,278.5
99,7804,260.133,526.5,276.5
99,7805,260.167,574.5,266.5
99,7806,260.2,606.5,268.5
99,7807,260.233,646.5,274.5
99,7808,260.267,686.5,278.5
99,7809,260.3,730.5,288.5
99,7810,260.333,766.5,296.5
99,7811,260.367,796.5,308.5
99,7812,260.4,840.5,328.5
99,7813,260.433,872.5,348.5
99,7814,260.467,914.5,348.5
99,7815,260.5,948.5,336.5
99,7816,260.533,978.5,330.5
99,7817,260.567,1002.5,326.5
99,7818,260.6,1042.5,322.5
99,7819,260.633,1068.5,322.5
99,7820,260.667,1096.5,324.5
99,7822,260.733,1030.5,270.5
99,7823,260.767,968.5,236.5
99,7824,260.8,920.5,214.5
99,7825,260.833,868.5,194.5
99,7826,260.867,798.5,170.5
99,7827,260.9,758.5,162.5
99,7828,260.933,708.5,152.5
99,7829,260.967,674.5,148.5
99,7830,261.0,618.5,148.5
99,7831,261.033,586.5,148.5
99,7832,261.067,548.5,156.5
99,7833,261.1,510.5,164.5
99,7834,261.133,484.5,172.5
99,7835,261.167,456.5,186.5
99,7836,261.2,428.5,200.5
99,7837,261.233,400.5,218.5
99,7838,261.267,380.5,236.5
99,7839,261.3,362.5,250.5
99,7840,261.333,340.5,228.5
99,7842,261.4,308.5,318.5
99,7844,261.467,250.5,162.5
99,7845,261.5,234.5,156.5
99,7848,261.6,244.5,116.5
99,7849,261.633,270.5,102.5
99,7852,261.733,342.5,72.5
99,7853,261.767,368.5,66.5
99,7854,261.8,398.5,62.5
99,7855,261.833,426.5,62.5
99,7856,261.867,456.5,62.5
99,7857,261.9,488.5,68.5
99,7858,261.933,516.5,74.5
99,7859,261.967,550.5,84.5
99,7860,262.0,586.5,100.5
99,7861,262.033,618.5,116.5
99,7862,262.067,644.5,130.5
99,7863,262.1,690.5,160.5
99,7864,262.133,720.5,182.5
99,7865,262.167,754.5,212.5
99,7866,262.2,786.5,242.5
99,7867,262.233,816.5,270.5
99,7868,262.267,850.5,306.5
99,7869,262.3,896.5,358.5
99,7870,262.333,932.5,404.5
99,7871,262.367,952.5,430.5
99,7872,262.4,990.5,486.5
99,7873,262.433,1024.5,536.5
99,7874,262.467,1042.5,568.5
99,7875,262.5,1068.5,614.5
99,7876,262.533,1090.5,654.5
99,7877,262.567,1124.5,698.5
99,7878,262.6,1144.5,684.5
99,7879,262.633,1168.5,670.5
99,7880,262.667,1188.5,660.5
99,7881,262.7,1210.5,652.5
99,7882,262.733,1234.5,650.5
99,7883,262.767,1252.5,646.5
99,7884,262.8,1270.5,646.5
100,7934,264.467,832.5,600.5
100,7935,264.5,808.5,590.5
100,7936,264.533,786.5,584.5
100,7937,264.567,764.5,580.5
100,7938,264.6,742.5,576.5
100,7939,264.633,718.5,568.5
100,7940,264.667,694.5,564.5
100,7941,264.7,674.5,562.5
100,7942,264.733,652.5,558.5
100,7944,264.8,612.5,552.5
100,7945,264.833,594.5,550.5
100,7946,264.867,580.5,566.5
100,7948,264.933,550.5,568.5
100,7949,264.967,536.5,570.5
100,7951,265.033,520.5,580.5
101,8008,266.933,360.5,116.5
101,8009,266.967,368.5,134.5
101,8010,267.0,378.5,156.5
101,8011,267.033,372.5,176.5
101,8012,267.067,368.5,194.5
102,8072,269.067,836.5,330.5
102,8073,269.1,800.5,322.5
102,8074,269.133,762.5,292.5
102,8075,269.167,724.5,274.5
102,8076,269.2,690.5,260.5
102,8077,269.233,644.5,242.5
102,8078,269.267,626.5,240.5
102,8079,269.3,590.5,232.5
102,8080,269.333,566.5,230.5
102,8081,269.367,538.5,230.5
102,8082,269.4,514.5,236.5
102,8083,269.433,492.5,240.5
102,8084,269.467,470.5,234.5
102,8085,269.5,452.5,220.5
102,8086,269.533,434.5,210.5
102,8087,269.567,416.5,198.5
102,8088,269.6,430.5,194.5
102,8089,269.633,452.5,192.5
102,8090,269.667,478.5,192.5
102,8091,269.7,498.5,190.5
102,8092,269.733,530.5,196.5
102,8093,269.767,548.5,198.5
102,8094,269.8,580.5,210.5
102,8095,269.833,608.5,220.5
102,8096,269.867,628.5,230.5
102,8097,269.9,650.5,242.5
102,8098,269.933,680.5,262.5
102,8099,269.967,706.5,282.5
102,8100,270.0,738.5,306.5
102,8101,270.033,756.5,330.5
102,8102,270.067,788.5,324.5
102,8103,270.1,812.5,324.5
102,8104,270.133,844.5,316.5
102,8105,270.167,868.5,316.5
102,8106,270.2,892.5,320.5
102,8107,270.233,922.5,326.5
102,8108,270.267,902.5,322.5
102,8109,270.3,838.5,304.5
102,8110,270.333,792.5,292.5
102,8111,270.367,742.5,282.5
102,8112,270.4,688.5,276.5
102,8113,270.433,642.5,272.5
102,8114,270.467,594.5,268.5
102,8115,270.5,558.5,274.5
102,8116,270.533,520.5,278.5
102,8117,270.567,490.5,284.5
102,8118,270.6,454.5,292.5
102,8119,270.633,414.5,286.5
102,8120,270.667,390.5,272.5
102,8121,270.7,366.5,260.5
102,8122,270.733,338.5,248.5
102,8123,270.767,306.5,240.5
102,8125,270.833,294.5,258.5
102,8126,270.867,336.5,224.5
102,8127,270.9,366.5,222.5
102,8128,270.933,394.5,222.5
102,8129,270.967,426.5,226.5
102,8130,271.0,456.5,228.5
102,8131,271.033,490.5,240.5
102,8132,271.067,518.5,246.5
102,8133,271.1,554.5,260.5
102,8134,271.133,584.5,268.5
102,8135,271.167,618.5,286.5
102,8136,271.2,658.5,310.5
102,8137,271.233,688.5,332.5
102,8138,271.267,724.5,354.5
102,8139,271.3,754.5,384.5
102,8140,271.333,794.5,390.5
102,8141,271.367,826.5,378.5
102,8142,271.4,856.5,374.5
102,8143,271.433,890.5,370.5
102,8144,271.467,922.5,368.5
102,8145,271.5,954.5,372.5
102,8146,271.533,920.5,346.5
102,8147,271.567,854.5,324.5
102,8148,271.6,808.5,310.5
102,8149,271.633,756.5,292.5
102,8150,271.667,702.5,280.5
102,8151,271.7,662.5,274.5
102,8153,271.767,586.5,266.5
102,8154,271.8,554.5,266.5
102,8155,271.833,528.5,270.5
102,8156,271.867,504.5,278.5
102,8157,271.9,482.5,276.5
102,8158,271.933,458.5,252.5
102,8159,271.967,440.5,236.5
102,8160,272.0,424.5,220.5
102,8161,272.033,410.5,210.5
102,8162,272.067,394.5,202.5
102,8163,272.1,382.5,192.5
102,8164,272.133,390.5,188.5
102,8165,272.167,410.5,190.5
102,8166,272.2,436.5,192.5
102,8167,272.233,456.5,194.5
102,8168,272.267,480.5,202.5
102,8169,272.3,502.5,210.5
102,8170,272.333,528.5,222.5
102,8171,272.367,550.5,234.5
102,8172,272.4,570.5,248.5
102,8173,272.433,596.5,270.5
102,8174,272.467,628.5,296.5
102,8175,272.5,652.5,322.5
102,8176,272.533,668.5,338.5
102,8177,272.567,706.5,384.5
102,8178,272.6,726.5,404.5
102,8179,272.633,756.5,404.5
102,8180,272.667,780.5,398.5
102,8181,272.7,806.5,398.5
102,8182,272.733,836.5,404.5
102,8183,272.767,864.5,408.5
102,8184,272.8,896.5,422.5
102,8185,272.833,854.5,396.5
102,8186,272.867,788.5,362.5
102,8187,272.9,738.5,342.5
102,8188,272.933,678.5,320.5
102,8189,272.967,634.5,308.5
102,8190,273.0,586.5,298.5
102,8191,273.033,550.5,292.5
102,8192,273.067,518.5,286.5
102,8193,273.1,492.5,288.5
102,8194,273.133,462.5,292.5
102,8195,273.167,442.5,296.5
102,8196,273.2,420.5,288.5
102,8197,273.233,400.5,264.5
102,8198,273.267,378.5,244.5
102,8199,273.3,366.5,230.5
102,8200,273.333,350.5,218.5
102,8201,273.367,338.5,210.5
102,8202,273.4,328.5,204.5
102,8203,273.433,346.5,204.5
102,8204,273.467,388.5,210.5
102,8205,273.5,422.5,214.5
102,8206,273.533,462.5,226.5
102,8207,273.567,494.5,236.5
102,8208,273.6,528.5,246.5
102,8209,273.633,564.5,260.5
102,8211,273.7,612.5,288.5
102,8214,273.8,596.5,284.5
102,8215,273.833,586.5,270.5
102,8216,273.867,582.5,266.5
102,8217,273.9,576.5,264.5
102,8218,273.933,568.5,264.5
102,8219,273.967,564.5,266.5
102,8220,274.0,560.5,272.5
102,8221,274.033,554.5,272.5
102,8222,274.067,548.5,264.5
102,8223,274.1,544.5,258.5
102,8224,274.133,540.5,254.5
102,8225,274.167,534.5,250.5
102,8226,274.2,528.5,250.5
102,8227,274.233,524.5,250.5
102,8228,274.267,520.5,256.5
102,8229,274.3,516.5,252.5
102,8230,274.333,512.5,248.5
102,8231,274.367,506.5,242.5
102,8232,274.4,502.5,240.5
102,8233,274.433,498.5,238.5
102,8234,274.467,494.5,240.5
102,8235,274.5,488.5,244.5
102,8236,274.533,486.5,242.5
102,8237,274.567,482.5,234.5
102,8238,274.6,478.5,230.5
102,8239,274.633,472.5,228.5
102,8240,274.667,468.5,228.5
102,8241,274.7,466.5,230.5
102,8242,274.733,462.5,234.5
102,8243,274.767,458.5,226.5
102,8244,274.8,454.5,220.5
102,8245,274.833,450.5,220.5
102,8246,274.867,448.5,222.5
102,8247,274.9,442.5,218.5
102,8250,275.0,436.5,198.5
102,8251,275.033,422.5,198.5
102,8252,275.067,416.5,202.5
102,8253,275.1,412.5,210.5
102,8254,275.133,404.5,216.5
102,8257,275.233,258.5,376.5
102,8261,275.367,582.5,530.5
103,8279,275.967,356.5,216.5
103,8282,276.067,334.5,218.5
103,8283,276.1,326.5,218.5
103,8284,276.133,320.5,222.5
103,8285,276.167,312.5,224.5
103,8286,276.2,304.5,224.5
104,8300,276.667,568.5,512.5
104,8301,276.7,592.5,524.5
104,8302,276.733,618.5,524.5
104,8303,276.767,644.5,528.5
104,8304,276.8,668.5,520.5
104,8308,276.933,920.5,616.5
104,8310,277.0,952.5,604.5
105,8322,277.4,310.5,252.5
105,8323,277.433,300.5,250.5
105,8324,277.467,294.5,254.5
105,8325,277.5,288.5,258.5
105,8326,277.533,284.5,262.5
105,8327,277.567,278.5,264.5
105,8328,277.6,274.5,266.5
105,8329,277.633,272.5,266.5
105,8330,277.667,266.5,268.5
105,8331,277.7,262.5,272.5
105,8333,277.767,262.5,274.5
105,8335,277.833,262.5,276.5
105,8336,277.867,262.5,276.5
105,8337,277.9,262.5,278.5
106,8350,278.333,260.5,270.5
106,8352,278.4,246.5,240.5
106,8353,278.433,242.5,226.5
106,8357,278.567,236.5,198.5
106,8358,278.6,234.5,198.5
106,8359,278.633,234.5,200.5
106,8360,278.667,234.5,206.5
106,8361,278.7,234.5,210.5
106,8362,278.733,234.5,218.5
106,8363,278.767,244.5,242.5
106,8364,278.8,272.5,244.5
106,8366,278.867,310.5,250.5
106,8367,278.9,322.5,244.5
106,8369,278.967,486.5,282.5
106,8370,279.0,516.5,278.5
106,8371,279.033,546.5,274.5
106,8372,279.067,584.5,268.5
106,8373,279.1,622.5,270.5
106,8374,279.133,646.5,270.5
106,8375,279.167,686.5,276.5
106,8376,279.2,720.5,286.5
106,8377,279.233,750.5,294.5
106,8378,279.267,774.5,310.5
106,8379,279.3,806.5,326.5
106,8380,279.333,842.5,318.5
106,8381,279.367,860.5,310.5
106,8382,279.4,886.5,304.5
106,8383,279.433,914.5,298.5
106,8384,279.467,940.5,296.5
106,8385,279.5,958.5,296.5
106,8386,279.533,994.5,300.5
106,8387,279.567,1002.5,304.5
106,8388,279.6,938.5,274.5
106,8389,279.633,888.5,254.5
106,8390,279.667,838.5,240.5
106,8391,279.7,790.5,226.5
106,8392,279.733,746.5,220.5
106,8393,279.767,694.5,214.5
106,8394,279.8,674.5,214.5
106,8396,279.867,586.5,222.5
106,8397,279.9,554.5,228.5
106,8398,279.933,526.5,238.5
106,8399,279.967,490.5,246.5
106,8400,280.0,466.5,262.5
106,8401,280.033,440.5,252.5
106,8402,280.067,420.5,236.5
106,8403,280.1,392.5,218.5
106,8404,280.133,372.5,206.5
106,8405,280.167,354.5,196.5
106,8406,280.2,330.5,190.5
106,8407,280.233,310.5,184.5
106,8410,280.333,360.5,174.5
106,8411,280.367,388.5,172.5
106,8412,280.4,424.5,172.5
106,8413,280.433,456.5,174.5
106,8414,280.467,488.5,178.5
106,8415,280.5,526.5,184.5
106,8416,280.533,558.5,194.5
106,8417,280.567,592.5,204.5
106,8418,280.6,626.5,216.5
106,8419,280.633,670.5,236.5
106,8420,280.667,690.5,246.5
106,8421,280.7,730.5,270.5
106,8422,280.733,764.5,292.5
106,8425,280.833,824.5,340.5
106,8426,280.867,868.5,320.5
106,8427,280.9,890.5,314.5
106,8428,280.933,922.5,308.5
106,8429,280.967,950.5,302.5
106,8430,281.0,996.5,298.5
106,8431,281.033,1018.5,300.5
106,8432,281.067,1050.5,304.5
106,8433,281.1,1082.5,310.5
106,8435,281.167,1102.5,256.5
106,8437,281.233,1100.5,130.5
107,8450,281.667,900.5,180.5
107,8451,281.7,874.5,228.5
107,8452,281.733,860.5,252.5
107,8453,281.767,838.5,304.5
107,8454,281.8,812.5,354.5
107,8455,281.833,796.5,386.5
107,8456,281.867,776.5,434.5
107,8457,281.9,774.5,382.5
107,8458,281.933,770.5,348.5
107,8459,281.967,768.5,322.5
107,8460,282.0,766.5,280.5
107,8461,282.033,762.5,250.5
107,8462,282.067,760.5,220.5
107,8463,282.1,754.5,194.5
107,8464,282.133,752.5,174.5
107,8465,282.167,746.5,156.5
107,8466,282.2,742.5,144.5
107,8467,282.233,736.5,132.5
107,8470,282.333,720.5,130.5
107,8471,282.367,714.5,138.5
107,8472,282.4,708.5,148.5
107,8473,282.433,702.5,164.5
107,8474,282.467,696.5,180.5
107,8475,282.5,692.5,200.5
107,8476,282.533,686.5,226.5
107,8477,282.567,680.5,252.5
107,8478,282.6,678.5,268.5
107,8479,282.633,678.5,304.5
107,8480,282.667,672.5,330.5
107,8481,282.7,664.5,372.5
107,8482,282.733,662.5,404.5
107,8483,282.767,656.5,428.5
107,8484,282.8,646.5,410.5
107,8485,282.833,632.5,392.5
107,8486,282.867,620.5,374.5
107,8487,282.9,608.5,362.5
107,8488,282.933,594.5,354.5
107,8489,282.967,576.5,342.5
107,8490,283.0,562.5,342.5
107,8491,283.033,548.5,344.5
107,8492,283.067,532.5,350.5
107,8493,283.1,514.5,356.5
107,8494,283.133,500.5,372.5
107,8495,283.167,484.5,388.5
107,8496,283.2,470.5,408.5
107,8497,283.233,456.5,436.5
107,8498,283.267,442.5,464.5
107,8499,283.3,428.5,494.5
107,8500,283.333,416.5,530.5
107,8501,283.367,406.5,562.5
107,8502,283.4,394.5,600.5
107,8505,283.5,368.5,660.5
107,8506,283.533,360.5,662.5
107,8507,283.567,350.5,664.5
107,8508,283.6,342.5,670.5
107,8509,283.633,334.5,676.5
107,8510,283.667,326.5,688.5
107,8511,283.7,320.5,698.5
108,8541,284.7,206.5,522.5
108,8542,284.733,202.5,538.5
108,8543,284.767,200.5,554.5
108,8545,284.833,172.5,598.5
108,8549,284.967,508.5,518.5
108,8551,285.033,550.5,638.5
108,8552,285.067,536.5,636.5
108,8554,285.133,500.5,628.5
108,8555,285.167,482.5,626.5
108,8557,285.233,484.5,516.5
108,8559,285.3,504.5,514.5
108,8562,285.4,410.5,616.5
108,8563,285.433,392.5,622.5
108,8564,285.467,374.5,630.5
108,8565,285.5,358.5,634.5
108,8566,285.533,342.5,644.5
108,8570,285.667,308.5,312.5
108,8571,285.7,308.5,312.5
108,8572,285.733,306.5,312.5
108,8573,285.767,308.5,312.5
108,8576,285.867,308.5,312.5
109,8651,288.367,1038.5,330.5
109,8652,288.4,1028.5,346.5
109,8653,288.433,1032.5,344.5
109,8655,288.5,1034.5,342.5
109,8656,288.533,1038.5,340.5
109,8657,288.567,1040.5,338.5
109,8658,288.6,1042.5,338.5
109,8661,288.7,1006.5,246.5
109,8662,288.733,1010.5,248.5
109,8664,288.8,1088.5,392.5
110,8672,289.067,806.5,338.5
110,8674,289.133,706.5,288.5
110,8675,289.167,674.5,274.5
110,8676,289.2,632.5,258.5
110,8677,289.233,590.5,244.5
110,8678,289.267,560.5,240.5
110,8679,289.3,526.5,238.5
110,8680,289.333,492.5,238.5
110,8681,289.367,466.5,236.5
110,8682,289.4,442.5,244.5
110,8683,289.433,416.5,248.5
110,8684,289.467,392.5,234.5
110,8685,289.5,370.5,218.5
110,8686,289.533,374.5,204.5
110,8687,289.567,386.5,190.5
110,8688,289.6,402.5,176.5
110,8689,289.633,414.5,166.5
110,8690,289.667,426.5,158.5
110,8691,289.7,444.5,148.5
110,8692,289.733,458.5,142.5
110,8693,289.767,474.5,140.5
110,8694,289.8,490.5,140.5
110,8695,289.833,506.5,142.5
110,8696,289.867,524.5,146.5
110,8697,289.9,540.5,152.5
110,8698,289.933,558.5,162.5
110,8699,289.967,578.5,178.5
110,8700,290.0,594.5,192.5
110,8701,290.033,614.5,212.5
110,8702,290.067,630.5,230.5
110,8703,290.1,650.5,256.5
110,8704,290.133,666.5,282.5
110,8705,290.167,684.5,304.5
110,8706,290.2,698.5,332.5
110,8707,290.233,720.5,370.5
110,8708,290.267,734.5,400.5
110,8709,290.3,746.5,380.5
110,8710,290.333,762.5,364.5
110,8711,290.367,776.5,352.5
110,8712,290.4,790.5,342.5
110,8713,290.433,804.5,334.5
110,8714,290.467,818.5,328.5
110,8715,290.5,832.5,328.5
110,8716,290.533,848.5,332.5
110,8719,290.633,770.5,318.5
110,8720,290.667,712.5,308.5
110,8721,290.7,668.5,300.5
110,8722,290.733,606.5,296.5
110,8723,290.767,572.5,296.5
110,8724,290.8,534.5,294.5
110,8725,290.833,504.5,296.5
110,8726,290.867,478.5,290.5
110,8727,290.9,452.5,262.5
110,8728,290.933,424.5,238.5
110,8729,290.967,404.5,220.5
110,8730,291.0,388.5,208.5
110,8731,291.033,372.5,198.5
110,8732,291.067,354.5,188.5
110,8733,291.1,364.5,178.5
111,8738,291.267,224.5,396.5
111,8739,291.3,238.5,392.5
111,8741,291.367,244.5,388.5
111,8743,291.433,316.5,238.5
111,8747,291.567,246.5,388.5
111,8749,291.633,244.5,390.5
111,8753,291.767,58.5,516.5
111,8756,291.867,246.5,388.5
111,8759,291.967,256.5,384.5
111,8763,292.1,312.5,376.5
111,8764,292.133,326.5,372.5
111,8765,292.167,338.5,370.5
112,8770,292.333,334.5,238.5
112,8774,292.467,304.5,586.5
112,8775,292.5,302.5,586.5
112,8777,292.567,302.5,584.5
112,8778,292.6,302.5,584.5
112,8779,292.633,302.5,584.5
112,8780,292.667,302.5,584.5
112,8781,292.7,302.5,584.5
112,8782,292.733,304.5,586.5
112,8783,292.767,302.5,584.5
112,8784,292.8,302.5,584.5
112,8785,292.833,302.5,584.5
112,8786,292.867,302.5,584.5
112,8787,292.9,302.5,584.5
112,8788,292.933,302.5,584.5
112,8789,292.967,302.5,584.5
112,8790,293.0,302.5,584.5
112,8791,293.033,302.5,584.5
113,8801,293.367,302.5,586.5
113,8802,293.4,302.5,584.5
113,8803,293.433,302.5,584.5
113,8804,293.467,302.5,584.5
113,8805,293.5,302.5,584.5
113,8806,293.533,302.5,584.5
113,8807,293.567,302.5,584.5
113,8808,293.6,302.5,584.5
113,8809,293.633,302.5,584.5
113,8810,293.667,302.5,586.5
113,8811,293.7,302.5,584.5
113,8812,293.733,302.5,586.5
113,8813,293.767,302.5,584.5
113,8814,293.8,304.5,586.5
113,8815,293.833,302.5,586.5
113,8817,293.9,304.5,586.5
113,8818,293.933,304.5,586.5
113,8820,294.0,304.5,586.5
113,8821,294.033,304.5,586.5
113,8822,294.067,304.5,586.5
113,8823,294.1,304.5,586.5
113,8824,294.133,304.5,586.5
113,8825,294.167,302.5,586.5
113,8826,294.2,300.5,584.5
113,8828,294.267,292.5,576.5
113,8831,294.367,68.5,516.5
113,8833,294.433,64.5,516.5
113,8834,294.467,64.5,516.5
113,8836,294.533,66.5,520.5
113,8837,294.567,62.5,520.5
114,8852,295.067,614.5,582.5
114,8853,295.1,636.5,586.5
114,8854,295.133,670.5,562.5
114,8855,295.167,688.5,596.5
114,8856,295.2,716.5,602.5
114,8857,295.233,750.5,614.5
114,8860,295.333,830.5,650.5
114,8863,295.433,838.5,646.5
114,8865,295.5,844.5,654.5
115,8880,296.0,544.5,232.5
115,8881,296.033,534.5,228.5
115,8882,296.067,522.5,224.5
115,8883,296.1,512.5,218.5
115,8884,296.133,504.5,216.5
115,8885,296.167,496.5,212.5
115,8886,296.2,488.5,208.5
115,8887,296.233,484.5,208.5
115,8888,296.267,474.5,202.5
115,8889,296.3,466.5,202.5
115,8890,296.333,458.5,202.5
115,8891,296.367,452.5,202.5
115,8892,296.4,448.5,206.5
115,8893,296.433,440.5,206.5
115,8894,296.467,436.5,206.5
115,8895,296.5,432.5,210.5
116,8935,297.833,326.5,250.5
116,8938,297.933,312.5,258.5
116,8939,297.967,302.5,258.5
116,8940,298.0,294.5,262.5
116,8941,298.033,286.5,264.5
116,8942,298.067,280.5,266.5
116,8943,298.1,274.5,268.5
116,8944,298.133,270.5,270.5
116,8945,298.167,266.5,274.5
116,8946,298.2,262.5,274.5
116,8947,298.233,266.5,274.5
116,8951,298.367,284.5,268.5
117,8975,299.167,254.5,260.5
117,8976,299.2,250.5,248.5
117,8977,299.233,244.5,232.5
117,8978,299.267,240.5,222.5
117,8979,299.3,238.5,214.5
117,8980,299.333,236.5,208.5
117,8981,299.367,232.5,202.5
117,8983,299.433,230.5,202.5
117,8984,299.467,228.5,208.5
117,8985,299.5,228.5,214.5
117,8986,299.533,226.5,222.5
117,8987,299.567,232.5,234.5
117,8988,299.6,252.5,248.5
117,8990,299.667,298.5,250.5
117,8992,299.733,414.5,292.5
117,8993,299.767,446.5,286.5
117,8994,299.8,476.5,280.5
117,8995,299.833,510.5,280.5
117,8996,299.867,538.5,280.5
117,8997,299.9,582.5,284.5
117,8998,299.933,612.5,290.5
117,8999,299.967,646.5,296.5
117,9000,300.0,686.5,314.5
117,9001,300.033,714.5,326.5
117,9002,300.067,744.5,344.5
117,9003,300.1,772.5,362.5
117,9004,300.133,810.5,370.5
117,9005,300.167,838.5,360.5
117,9006,300.2,870.5,350.5
117,9007,300.233,896.5,346.5
117,9008,300.267,926.5,348.5
117,9010,300.333,916.5,324.5
117,9011,300.367,882.5,308.5
117,9012,300.4,812.5,276.5
117,9013,300.433,764.5,260.5
117,9014,300.467,716.5,244.5
117,9015,300.5,684.5,238.5
117,9016,300.533,638.5,228.5
117,9017,300.567,608.5,226.5
117,9018,300.6,580.5,226.5
117,9019,300.633,550.5,228.5
117,9020,300.667,528.5,232.5
117,9021,300.7,504.5,240.5
117,9022,300.733,484.5,246.5
117,9023,300.767,464.5,246.5
117,9024,300.8,444.5,224.5
117,9025,300.833,426.5,206.5
117,9026,300.867,402.5,194.5
117,9027,300.9,406.5,180.5
117,9028,300.933,420.5,176.5
117,9029,300.967,450.5,172.5
117,9030,301.0,472.5,170.5
117,9031,301.033,498.5,168.5
117,9032,301.067,526.5,172.5
117,9033,301.1,554.5,178.5
117,9034,301.133,578.5,182.5
117,9035,301.167,608.5,194.5
117,9036,301.2,638.5,208.5
117,9037,301.233,662.5,220.5
117,9038,301.267,690.5,238.5
117,9039,301.3,720.5,258.5
117,9040,301.333,744.5,276.5
117,9041,301.367,762.5,290.5
117,9042,301.4,798.5,324.5
117,9043,301.433,824.5,356.5
117,9044,301.467,852.5,340.5
117,9045,301.5,882.5,332.5
117,9046,301.533,906.5,324.5
117,9047,301.567,936.5,324.5
117,9048,301.6,964.5,322.5
117,9049,301.633,986.5,324.5
117,9050,301.667,1008.5,326.5
117,9052,301.733,856.5,276.5
117,9053,301.767,798.5,266.5
117,9054,301.8,746.5,256.5
117,9055,301.833,694.5,248.5
117,9056,301.867,644.5,244.5
117,9057,301.9,614.5,246.5
117,9058,301.933,576.5,248.5
117,9059,301.967,538.5,252.5
117,9060,302.0,504.5,258.5
117,9061,302.033,472.5,266.5
117,9062,302.067,450.5,274.5
117,9063,302.1,420.5,256.5
117,9064,302.133,392.5,236.5
117,9065,302.167,374.5,224.5
117,9066,302.2,356.5,212.5
117,9067,302.233,334.5,202.5
117,9068,302.267,352.5,198.5
117,9069,302.3,384.5,202.5
117,9070,302.333,404.5,202.5
117,9071,302.367,434.5,208.5
117,9072,302.4,458.5,212.5
117,9073,302.433,488.5,222.5
117,9074,302.467,516.5,232.5
117,9075,302.5,546.5,246.5
117,9076,302.533,580.5,264.5
117,9077,302.567,614.5,278.5
117,9078,302.6,646.5,308.5
117,9079,302.633,678.5,328.5
117,9080,302.667,696.5,342.5
117,9081,302.7,738.5,386.5
117,9082,302.733,764.5,388.5
117,9083,302.767,798.5,380.5
117,9084,302.8,830.5,376.5
117,9085,302.833,864.5,374.5
117,9086,302.867,898.5,376.5
117,9087,302.9,920.5,380.5
117,9088,302.933,864.5,344.5
117,9089,302.967,806.5,320.5
117,9090,303.0,758.5,300.5
117,9091,303.033,708.5,284.5
117,9092,303.067,676.5,268.5
117,9093,303.1,638.5,260.5
117,9094,303.133,600.5,254.5
117,9095,303.167,574.5,250.5
117,9096,303.2,548.5,252.5
117,9097,303.233,524.5,250.5
117,9098,303.267,506.5,252.5
117,9099,303.3,488.5,260.5
117,9100,303.333,470.5,248.5
117,9101,303.367,456.5,230.5
117,9102,303.4,440.5,212.5
117,9103,303.433,428.5,198.5
117,9104,303.467,418.5,188.5
117,9105,303.5,434.5,186.5
117,9106,303.533,464.5,188.5
117,9107,303.567,490.5,192.5
117,9108,303.6,518.5,198.5
117,9109,303.633,546.5,206.5
117,9110,303.667,576.5,216.5
117,9111,303.7,606.5,230.5
117,9112,303.733,634.5,244.5
117,9113,303.767,654.5,258.5
117,9114,303.8,684.5,278.5
117,9115,303.833,714.5,298.5
117,9116,303.867,742.5,328.5
117,9117,303.9,770.5,324.5
117,9118,303.933,782.5,356.5
117,9119,303.967,840.5,316.5
117,9120,304.0,862.5,318.5
117,9121,304.033,894.5,324.5
117,9122,304.067,922.5,330.5
117,9123,304.1,952.5,340.5
117,9124,304.133,938.5,332.5
117,9125,304.167,892.5,318.5
117,9126,304.2,838.5,300.5
117,9127,304.233,790.5,282.5
117,9128,304.267,742.5,270.5
117,9129,304.3,696.5,260.5
117,9130,304.333,656.5,256.5
117,9131,304.367,616.5,254.5
117,9132,304.4,582.5,254.5
117,9133,304.433,542.5,256.5
117,9134,304.467,504.5,260.5
117,9135,304.5,474.5,268.5
117,9136,304.533,446.5,278.5
117,9137,304.567,418.5,288.5
117,9138,304.6,388.5,282.5
117,9139,304.633,366.5,268.5
117,9140,304.667,334.5,250.5
117,9141,304.7,312.5,240.5
117,9142,304.733,292.5,232.5
117,9143,304.767,262.5,230.5
117,9145,304.833,332.5,208.5
117,9146,304.867,374.5,200.5
117,9147,304.9,412.5,196.5
117,9148,304.933,456.5,192.5
117,9149,304.967,494.5,192.5
117,9150,305.0,540.5,194.5
117,9151,305.033,584.5,196.5
117,9152,305.067,630.5,204.5
117,9153,305.1,676.5,214.5
117,9154,305.133,712.5,224.5
117,9155,305.167,746.5,232.5
117,9156,305.2,786.5,246.5
117,9157,305.233,830.5,266.5
117,9158,305.267,864.5,280.5
117,9159,305.3,904.5,304.5
117,9160,305.333,942.5,326.5
117,9161,305.367,980.5,352.5
117,9162,305.4,1010.5,372.5
117,9163,305.433,1042.5,400.5
117,9164,305.467,1062.5,416.5
117,9165,305.5,1090.5,444.5
117,9166,305.533,1124.5,480.5
117,9167,305.567,1140.5,498.5
117,9168,305.6,1158.5,492.5
118,9191,306.367,266.5,396.5
118,9192,306.4,260.5,396.5
118,9193,306.433,256.5,394.5
118,9194,306.467,248.5,392.5
118,9197,306.567,218.5,388.5
119,9208,306.933,352.5,344.5
119,9212,307.067,326.5,366.5
119,9213,307.1,318.5,372.5
119,9215,307.167,296.5,390.5
119,9216,307.2,280.5,398.5
119,9217,307.233,264.5,408.5
119,9218,307.267,248.5,416.5
119,9219,307.3,232.5,424.5
119,9220,307.333,218.5,430.5
119,9221,307.367,202.5,434.5
119,9222,307.4,192.5,440.5
119,9223,307.433,184.5,442.5
119,9224,307.467,212.5,398.5
120,9229,307.633,208.5,396.5
120,9230,307.667,206.5,396.5
120,9231,307.7,200.5,396.5
120,9232,307.733,194.5,398.5
120,9236,307.867,152.5,432.5
120,9238,307.933,124.5,454.5
120,9239,307.967,110.5,466.5
120,9240,308.0,102.5,472.5
121,9297,309.9,200.5,466.5
121,9298,309.933,216.5,458.5
121,9299,309.967,230.5,450.5
121,9300,310.0,246.5,440.5
121,9301,310.033,258.5,432.5
121,9302,310.067,270.5,424.5
121,9305,310.167,180.5,440.5
121,9309,310.3,148.5,426.5
121,9310,310.333,164.5,422.5
121,9311,310.367,182.5,420.5
121,9312,310.4,198.5,418.5
121,9313,310.433,212.5,416.5
