frame,x_px,y_px,score
6,376.5,542.5,0.98
7,372.5,298.5,0.57
9,336.5,410.5,0.982
48,320.5,292.5,0.619
49,318.5,292.5,0.683
51,318.5,294.5,0.889
52,320.5,294.5,0.943
54,318.5,294.5,0.969
55,318.5,294.5,0.984
56,320.5,296.5,0.982
57,318.5,294.5,0.893
58,318.5,296.5,0.961
59,318.5,296.5,0.988
60,320.5,298.5,0.994
61,320.5,296.5,0.995
62,320.5,296.5,0.995
63,322.5,298.5,0.994
64,322.5,296.5,0.993
65,324.5,296.5,0.988
66,324.5,296.5,0.992
67,326.5,298.5,0.973
68,328.5,298.5,0.995
69,328.5,298.5,0.991
70,328.5,298.5,0.993
71,330.5,298.5,0.855
73,328.5,298.5,0.525
75,234.5,162.5,0.994
76,234.5,162.5,0.994
77,234.5,164.5,0.99
78,232.5,164.5,0.965
80,342.5,296.5,0.699
81,234.5,168.5,0.99
82,346.5,296.5,0.894
83,348.5,296.5,0.994
84,348.5,294.5,0.992
85,354.5,296.5,0.529
86,68.5,104.5,0.974
87,70.5,102.5,0.899
94,324.5,406.5,0.595
95,324.5,404.5,0.838
101,404.5,296.5,0.981
110,372.5,394.5,0.685
141,326.5,400.5,0.812
142,324.5,400.5,0.605
146,316.5,400.5,0.79
150,308.5,400.5,0.875
158,284.5,548.5,0.781
160,386.5,298.5,0.96
181,466.5,276.5,0.619
185,304.5,402.5,0.545
207,308.5,400.5,0.592
208,308.5,400.5,0.641
210,308.5,400.5,0.53
223,306.5,398.5,0.568
233,226.5,188.5,0.985
238,214.5,200.5,0.539
250,122.5,558.5,0.921
251,338.5,410.5,0.913
252,248.5,424.5,0.957
253,304.5,400.5,0.859
255,242.5,390.5,0.982
256,366.5,448.5,0.687
257,220.5,212.5,0.975
258,310.5,534.5,0.992
259,388.5,464.5,0.974
261,120.5,554.5,0.666
262,216.5,212.5,0.991
264,436.5,480.5,0.67
265,220.5,228.5,0.566
268,122.5,556.5,0.794
270,330.5,466.5,0.993
278,120.5,556.5,0.777
280,122.5,556.5,0.822
287,194.5,552.5,0.99
289,156.5,518.5,0.914
290,136.5,498.5,0.994
291,108.5,482.5,0.513
292,76.5,472.5,0.961
293,40.5,468.5,0.51
300,280.5,160.5,0.648
307,280.5,170.5,0.916
312,74.5,496.5,0.573
313,80.5,494.5,0.985
315,248.5,188.5,0.891
316,274.5,178.5,0.567
319,132.5,498.5,0.676
320,260.5,198.5,0.977
321,162.5,514.5,0.992
327,210.5,560.5,0.628
382,120.5,556.5,0.985
384,118.5,554.5,0.678
410,352.5,130.5,0.941
411,352.5,122.5,0.968
412,350.5,114.5,0.984
413,350.5,104.5,0.875
415,292.5,182.5,0.746
416,298.5,180.5,0.989
417,288.5,176.5,0.994
418,290.5,168.5,0.759
419,288.5,164.5,0.913
420,288.5,162.5,0.997
421,308.5,156.5,0.991
422,290.5,162.5,0.647
423,290.5,162.5,0.99
436,496.5,520.5,0.961
438,498.5,518.5,0.52
442,498.5,520.5,0.864
443,498.5,520.5,0.726
444,500.5,520.5,0.592
445,498.5,520.5,0.689
446,498.5,520.5,0.785
448,498.5,520.5,0.932
449,498.5,520.5,0.913
462,822.5,256.5,0.575
468,76.5,494.5,0.986
469,84.5,494.5,0.985
473,218.5,548.5,0.982
475,336.5,284.5,0.812
476,302.5,170.5,0.957
477,482.5,522.5,0.844
478,312.5,154.5,0.987
481,302.5,176.5,0.961
500,312.5,166.5,0.545
507,438.5,284.5,0.853
523,304.5,178.5,0.963
530,312.5,156.5,0.6
531,292.5,164.5,0.988
533,258.5,572.5,0.892
534,260.5,570.5,0.791
537,266.5,556.5,0.583
538,262.5,548.5,0.744
548,230.5,546.5,0.931
554,84.5,560.5,0.6
557,270.5,178.5,0.686
574,804.5,440.5,0.98
575,528.5,642.5,0.599
580,240.5,186.5,0.936
590,242.5,176.5,0.996
591,246.5,170.5,0.737
593,258.5,154.5,0.837
598,248.5,178.5,0.724
601,270.5,198.5,0.995
608,348.5,406.5,0.966
615,236.5,546.5,0.902
616,236.5,550.5,0.987
630,292.5,150.5,0.996
636,288.5,166.5,0.986
650,304.5,162.5,0.912
658,430.5,464.5,0.715
659,210.5,640.5,0.961
660,458.5,466.5,0.876
661,300.5,184.5,0.699
662,292.5,194.5,0.993
663,350.5,184.5,0.996
664,350.5,192.5,0.996
665,358.5,198.5,0.994
666,362.5,202.5,0.994
667,366.5,206.5,0.993
668,366.5,206.5,0.964
681,338.5,712.5,0.798
739,94.5,206.5,0.585
746,164.5,712.5,0.803
749,756.5,298.5,0.872
750,798.5,310.5,0.712
769,186.5,644.5,0.842
771,234.5,638.5,0.978
776,332.5,592.5,0.932
779,848.5,342.5,0.992
780,416.5,532.5,0.947
781,432.5,514.5,0.977
782,448.5,498.5,0.718
783,464.5,482.5,0.738
784,480.5,470.5,0.984
791,242.5,548.5,0.993
793,222.5,536.5,0.994
794,212.5,526.5,0.766
805,204.5,632.5,0.929
810,236.5,544.5,0.903
816,236.5,544.5,0.787
818,236.5,544.5,0.512
820,236.5,544.5,0.796
821,238.5,544.5,0.933
822,236.5,544.5,0.585
823,236.5,544.5,0.831
827,236.5,544.5,0.705
835,794.5,258.5,0.656
839,236.5,542.5,0.79
848,934.5,286.5,0.677
849,934.5,272.5,0.996
850,936.5,250.5,0.998
851,938.5,234.5,0.997
852,940.5,222.5,0.997
853,942.5,210.5,0.999
854,942.5,206.5,0.998
855,942.5,200.5,0.998
856,940.5,202.5,0.998
857,940.5,208.5,0.998
858,936.5,214.5,0.996
859,936.5,224.5,0.997
860,932.5,234.5,0.997
861,928.5,250.5,0.994
881,818.5,368.5,0.896
888,812.5,256.5,0.936
889,814.5,260.5,0.986
890,818.5,258.5,0.79
891,816.5,258.5,0.951
907,254.5,560.5,0.543
908,906.5,296.5,0.597
912,236.5,548.5,0.748
913,228.5,546.5,0.949
914,222.5,546.5,0.627
915,222.5,548.5,0.989
926,244.5,568.5,0.776
935,816.5,258.5,0.643
936,814.5,258.5,0.986
952,920.5,324.5,0.979
954,870.5,242.5,0.992
955,854.5,216.5,0.993
956,834.5,194.5,0.956
957,820.5,176.5,0.994
958,796.5,156.5,0.995
959,782.5,148.5,0.994
960,764.5,138.5,0.995
961,746.5,134.5,0.996
962,728.5,132.5,0.995
963,712.5,136.5,0.996
964,696.5,138.5,0.997
965,682.5,146.5,0.997
966,668.5,156.5,0.987
967,652.5,170.5,0.997
968,640.5,184.5,0.996
969,626.5,204.5,0.994
970,614.5,222.5,0.997
971,606.5,240.5,0.996
974,578.5,278.5,0.981
975,566.5,250.5,0.997
976,560.5,234.5,0.995
977,552.5,212.5,0.998
978,544.5,194.5,0.998
979,536.5,178.5,0.998
980,526.5,168.5,0.997
981,520.5,160.5,0.998
982,512.5,154.5,0.997
983,506.5,150.5,0.998
984,498.5,150.5,0.997
985,492.5,150.5,0.998
986,486.5,156.5,0.997
987,480.5,162.5,0.999
988,474.5,170.5,0.997
989,470.5,182.5,0.998
990,466.5,194.5,0.999
991,462.5,210.5,0.998
992,458.5,224.5,0.995
993,454.5,244.5,0.995
994,450.5,244.5,0.959
995,442.5,220.5,0.996
996,438.5,206.5,0.998
997,432.5,194.5,0.998
998,426.5,182.5,0.998
999,420.5,172.5,0.996
1000,414.5,164.5,0.999
1001,410.5,160.5,0.998
1002,406.5,158.5,0.998
1003,400.5,158.5,0.997
1004,398.5,160.5,0.998
1005,394.5,164.5,0.996
1006,390.5,168.5,0.997
1007,386.5,178.5,0.998
1008,384.5,178.5,0.998
1012,1154.5,192.5,0.775
1014,1156.5,190.5,0.869
1015,364.5,180.5,0.985
1016,362.5,182.5,0.904
1018,358.5,188.5,0.791
1021,264.5,236.5,0.993
1022,268.5,234.5,0.994
1023,354.5,184.5,0.996
1024,354.5,182.5,0.995
1025,290.5,228.5,0.991
1026,350.5,178.5,0.892
1027,348.5,176.5,0.993
1028,346.5,176.5,0.995
1029,344.5,178.5,0.808
1030,342.5,180.5,0.996
1031,342.5,160.5,0.994
1032,340.5,148.5,0.952
1033,336.5,130.5,0.994
1034,334.5,112.5,0.995
1035,332.5,98.5,0.998
1036,330.5,84.5,0.997
1037,330.5,76.5,0.995
1038,330.5,68.5,0.997
1039,330.5,64.5,0.997
1040,330.5,64.5,0.995
1041,330.5,64.5,0.995
1042,334.5,66.5,0.998
1043,334.5,70.5,0.998
1044,334.5,80.5,0.997
1045,338.5,88.5,0.998
1046,338.5,98.5,0.998
1047,342.5,114.5,0.997
1048,344.5,126.5,0.997
1049,350.5,138.5,0.994
1052,290.5,198.5,0.801
1053,290.5,198.5,0.631
1054,292.5,200.5,0.814
1055,346.5,142.5,0.979
1056,290.5,200.5,0.867
1057,342.5,150.5,0.995
1058,340.5,150.5,0.711
1059,334.5,156.5,0.995
1061,326.5,160.5,0.896
1068,318.5,174.5,0.992
1069,318.5,176.5,0.942
1070,318.5,176.5,0.995
1071,318.5,178.5,0.991
1072,316.5,178.5,0.99
1073,248.5,226.5,0.969
1074,316.5,178.5,0.817
1075,214.5,226.5,0.559
1084,798.5,310.5,0.535
1086,326.5,192.5,0.942
1087,1152.5,210.5,0.836
1088,1150.5,210.5,0.993
1089,1076.5,180.5,0.957
1093,334.5,198.5,0.83
1094,334.5,198.5,0.995
1095,336.5,198.5,0.995
1096,338.5,196.5,0.976
1100,344.5,198.5,0.957
1101,346.5,196.5,0.978
1102,348.5,194.5,0.987
1103,350.5,196.5,0.98
1104,350.5,194.5,0.993
1105,350.5,192.5,0.986
1106,350.5,194.5,0.994
1107,350.5,192.5,0.994
1108,350.5,186.5,0.708
1109,352.5,186.5,0.994
1110,790.5,264.5,0.962
1112,350.5,164.5,0.502
1133,362.5,274.5,0.793
1134,894.5,278.5,0.521
1142,792.5,306.5,0.937
1153,330.5,200.5,0.853
1158,334.5,212.5,0.517
1160,332.5,218.5,0.963
1166,332.5,222.5,0.966
1173,786.5,304.5,0.789
1176,470.5,262.5,0.717
1179,312.5,216.5,0.869
1189,490.5,84.5,0.56
1203,308.5,252.5,0.992
1209,310.5,218.5,0.921
1210,306.5,250.5,0.901
1241,312.5,218.5,0.919
1253,912.5,380.5,0.975
1266,302.5,218.5,0.974
1267,206.5,640.5,0.613
1274,312.5,220.5,0.91
1277,320.5,222.5,0.899
1284,308.5,196.5,0.611
1285,310.5,192.5,0.988
1286,302.5,186.5,0.981
1287,300.5,176.5,0.999
1288,298.5,166.5,0.998
1289,296.5,160.5,0.998
1290,294.5,156.5,0.997
1291,292.5,152.5,0.998
1292,290.5,154.5,0.996
1293,292.5,158.5,0.998
1294,292.5,162.5,0.995
1295,292.5,170.5,0.997
1296,294.5,180.5,0.998
1297,294.5,192.5,0.998
1298,292.5,182.5,0.998
1299,288.5,164.5,0.997
1300,284.5,146.5,0.996
1301,280.5,138.5,0.998
1302,278.5,128.5,0.998
1303,274.5,118.5,0.998
1304,272.5,114.5,0.998
1305,270.5,112.5,0.997
1306,270.5,114.5,0.996
1307,270.5,114.5,0.998
1308,268.5,118.5,0.998
1309,268.5,128.5,0.998
1310,268.5,134.5,0.999
1311,270.5,146.5,0.999
1312,268.5,158.5,0.997
1313,272.5,170.5,0.998
1314,266.5,162.5,0.998
1315,268.5,148.5,0.998
1316,266.5,138.5,0.998
1317,264.5,130.5,0.998
1318,264.5,124.5,0.996
1319,264.5,120.5,0.997
1320,264.5,118.5,0.996
1321,264.5,122.5,0.996
1322,264.5,126.5,0.998
1323,266.5,132.5,0.997
1324,268.5,144.5,0.998
1325,268.5,154.5,0.999
1326,272.5,164.5,0.999
1327,272.5,176.5,0.995
1329,266.5,170.5,0.957
1330,268.5,162.5,0.883
1339,304.5,182.5,0.642
1341,322.5,196.5,0.985
1342,328.5,198.5,0.993
1343,334.5,200.5,0.878
1344,338.5,206.5,0.979
1345,982.5,374.5,0.995
1346,976.5,358.5,0.984
1348,348.5,218.5,0.996
1349,348.5,222.5,0.997
1350,348.5,224.5,0.997
1351,348.5,226.5,0.993
1352,344.5,228.5,0.995
1353,342.5,232.5,0.994
1354,340.5,232.5,0.994
1355,340.5,234.5,0.994
1356,336.5,232.5,0.996
1357,336.5,234.5,0.997
1358,334.5,232.5,0.996
1359,334.5,232.5,0.997
1360,334.5,232.5,0.996
1361,334.5,230.5,0.995
1362,334.5,230.5,0.996
1363,332.5,230.5,0.994
1364,332.5,228.5,0.995
1365,330.5,228.5,0.996
1366,80.5,576.5,0.996
1367,328.5,222.5,0.995
1368,328.5,220.5,0.987
1369,324.5,216.5,0.973
1370,326.5,208.5,0.91
1371,318.5,206.5,0.767
1373,320.5,192.5,0.975
1376,306.5,174.5,0.996
1377,298.5,160.5,0.998
1378,296.5,146.5,0.998
1379,292.5,132.5,0.997
1380,288.5,124.5,0.997
1381,286.5,116.5,0.999
1382,284.5,112.5,0.998
1383,284.5,110.5,0.997
1384,280.5,110.5,0.997
1385,280.5,114.5,0.997
1386,280.5,118.5,0.997
1387,278.5,128.5,0.998
1388,278.5,138.5,0.998
1389,280.5,148.5,0.997
1390,280.5,162.5,0.998
1391,282.5,176.5,0.998
1392,280.5,164.5,0.996
1393,278.5,154.5,0.998
1394,276.5,144.5,0.998
1395,274.5,132.5,0.998
1396,274.5,128.5,0.998
1397,272.5,122.5,0.997
1398,272.5,120.5,0.998
1399,272.5,122.5,0.996
1400,274.5,128.5,0.998
1401,274.5,132.5,0.998
1402,276.5,138.5,0.997
1403,278.5,148.5,0.998
1404,278.5,160.5,0.998
1405,280.5,170.5,0.998
1406,282.5,178.5,0.997
1407,278.5,156.5,0.997
1408,274.5,142.5,0.998
1409,272.5,126.5,0.998
1410,270.5,114.5,0.999
1411,268.5,104.5,0.998
1412,266.5,96.5,0.997
1413,264.5,92.5,0.997
1414,262.5,88.5,0.996
1415,262.5,88.5,0.997
1416,262.5,92.5,0.996
1417,262.5,94.5,0.998
1418,262.5,102.5,0.997
1419,264.5,110.5,0.997
1420,264.5,122.5,0.997
1421,266.5,132.5,0.995
1422,262.5,146.5,0.933
1423,262.5,144.5,0.988
1427,268.5,124.5,0.889
1430,70.5,454.5,0.94
1434,284.5,186.5,0.52
1435,294.5,200.5,0.995
1436,308.5,214.5,0.993
1437,324.5,220.5,0.992
1438,340.5,224.5,0.974
1439,352.5,222.5,0.936
1440,366.5,218.5,0.996
1441,376.5,212.5,0.997
1442,386.5,204.5,0.995
1443,394.5,198.5,0.996
1444,402.5,190.5,0.996
1445,408.5,182.5,0.994
1446,414.5,176.5,0.99
1447,418.5,172.5,0.995
1448,422.5,168.5,0.989
1449,420.5,160.5,0.988
1450,222.5,558.5,0.972
1451,432.5,154.5,0.994
1452,432.5,150.5,0.985
1453,432.5,146.5,0.982
1454,436.5,144.5,0.958
1468,786.5,304.5,0.985
1473,438.5,156.5,0.781
1474,434.5,162.5,0.99
1475,432.5,170.5,0.993
1476,424.5,178.5,0.998
1477,418.5,186.5,0.996
1478,410.5,188.5,0.63
1479,402.5,198.5,0.664
1480,392.5,210.5,0.994
1481,384.5,214.5,0.996
1482,376.5,224.5,0.995
1483,366.5,226.5,0.994
1484,358.5,232.5,0.926
1485,348.5,238.5,0.993
1486,338.5,240.5,0.997
1487,328.5,242.5,0.997
1488,320.5,244.5,0.993
1489,312.5,246.5,0.995
1490,304.5,250.5,0.996
1491,298.5,250.5,0.997
1492,294.5,252.5,0.997
1493,290.5,254.5,0.998
1494,286.5,256.5,0.997
1495,284.5,258.5,0.997
1496,282.5,262.5,0.996
1497,284.5,260.5,0.997
1498,282.5,262.5,0.996
1499,280.5,268.5,0.994
1500,278.5,268.5,0.991
1501,278.5,262.5,0.998
1502,274.5,252.5,0.992
1503,804.5,254.5,0.993
1504,262.5,220.5,0.994
1505,258.5,202.5,0.995
1506,254.5,186.5,0.998
1507,252.5,174.5,0.998
1508,248.5,162.5,0.997
1509,246.5,156.5,0.997
1510,244.5,150.5,0.998
1511,242.5,148.5,0.998
1512,240.5,150.5,0.998
1513,240.5,154.5,0.997
1514,240.5,160.5,0.997
1515,240.5,166.5,0.999
1516,240.5,178.5,0.999
1517,242.5,186.5,0.999
1518,242.5,202.5,0.997
1519,250.5,216.5,0.998
1520,264.5,234.5,0.989
1521,300.5,254.5,0.939
1523,374.5,266.5,0.937
1524,400.5,260.5,0.994
1525,432.5,256.5,0.992
1526,460.5,254.5,0.995
1527,490.5,254.5,0.994
1528,522.5,260.5,0.995
1529,554.5,266.5,0.996
1530,588.5,278.5,0.994
1531,616.5,290.5,0.996
1532,648.5,306.5,0.994
1533,676.5,326.5,0.989
1534,704.5,346.5,0.995
1535,738.5,360.5,0.996
1536,770.5,352.5,0.994
1537,800.5,346.5,0.996
1538,832.5,342.5,0.996
1539,866.5,342.5,0.994
1540,892.5,348.5,0.979
1541,850.5,312.5,0.995
1542,826.5,300.5,0.994
1543,758.5,266.5,0.998
1544,730.5,250.5,0.998
1545,690.5,234.5,0.998
1546,650.5,222.5,0.997
1547,620.5,214.5,0.997
1548,586.5,208.5,0.994
1549,556.5,206.5,0.994
1550,526.5,206.5,0.994
1551,500.5,208.5,0.995
1552,474.5,212.5,0.996
1553,448.5,218.5,0.996
1554,424.5,226.5,0.996
1555,406.5,234.5,0.996
1556,386.5,248.5,0.996
1557,366.5,262.5,0.996
1558,348.5,276.5,0.997
1559,330.5,264.5,0.996
1560,314.5,244.5,0.997
1561,300.5,228.5,0.997
1562,286.5,214.5,0.997
1563,274.5,204.5,0.996
1564,260.5,194.5,0.998
1565,246.5,188.5,0.998
1566,254.5,178.5,0.916
1567,282.5,172.5,0.994
1568,318.5,164.5,0.997
1569,352.5,160.5,0.996
1570,384.5,158.5,0.996
1571,418.5,158.5,0.997
1572,452.5,160.5,0.996
1573,490.5,166.5,0.997
1574,524.5,176.5,0.997
1575,562.5,188.5,0.997
1576,596.5,202.5,0.998
1577,630.5,218.5,0.998
1578,672.5,242.5,0.996
1579,700.5,258.5,0.996
1580,734.5,282.5,0.996
1581,766.5,306.5,0.995
1582,800.5,336.5,0.995
1583,832.5,350.5,0.994
1584,862.5,330.5,0.995
1585,894.5,316.5,0.995
1586,922.5,306.5,0.996
1587,954.5,296.5,0.994
1588,976.5,294.5,0.725
1589,1010.5,290.5,0.947
1590,1038.5,292.5,0.993
1591,1066.5,294.5,0.994
1592,1094.5,300.5,0.987
1597,884.5,234.5,0.994
1598,830.5,224.5,0.996
1599,772.5,212.5,0.998
1600,716.5,208.5,0.997
1601,672.5,208.5,0.995
1602,618.5,210.5,0.996
1603,576.5,214.5,0.998
1604,534.5,222.5,0.997
1605,498.5,232.5,0.994
1606,466.5,244.5,0.995
1607,438.5,258.5,0.995
1608,410.5,266.5,0.995
1609,380.5,246.5,0.996
1610,358.5,228.5,0.997
1611,332.5,210.5,0.995
1612,312.5,196.5,0.997
1613,292.5,186.5,0.994
1614,274.5,178.5,0.996
1615,252.5,170.5,0.994
1616,280.5,172.5,0.996
1617,316.5,174.5,0.994
1618,352.5,180.5,0.997
1619,390.5,186.5,0.997
1620,426.5,196.5,0.996
1621,466.5,210.5,0.996
1622,506.5,226.5,0.996
1623,542.5,244.5,0.995
1624,576.5,260.5,0.994
1625,616.5,286.5,0.995
1626,666.5,320.5,0.992
1627,706.5,348.5,0.994
1628,738.5,370.5,0.996
1629,782.5,360.5,0.995
1630,818.5,358.5,0.995
1631,858.5,356.5,0.995
1632,898.5,354.5,0.995
1633,940.5,362.5,0.766
1634,978.5,372.5,0.998
1635,1024.5,386.5,0.994
1636,982.5,348.5,0.822
1639,844.5,236.5,0.996
1640,802.5,212.5,0.995
1641,762.5,190.5,0.996
1642,728.5,176.5,0.996
1643,698.5,166.5,0.997
1644,668.5,160.5,0.993
1645,638.5,156.5,0.996
1646,614.5,156.5,0.997
1647,586.5,160.5,0.994
1648,564.5,166.5,0.994
1649,546.5,172.5,0.993
1650,528.5,182.5,0.998
1651,510.5,194.5,0.996
1652,496.5,208.5,0.997
1653,482.5,222.5,0.994
1654,470.5,238.5,0.995
1655,458.5,258.5,0.998
1656,448.5,244.5,0.985
1657,436.5,216.5,0.998
1658,428.5,198.5,0.998
1659,420.5,182.5,0.998
1660,412.5,166.5,0.998
1661,402.5,154.5,0.997
1662,396.5,144.5,0.999
1663,388.5,136.5,0.996
1664,392.5,136.5,0.992
1665,406.5,138.5,0.997
1666,420.5,144.5,0.993
1667,444.5,152.5,0.997
1668,462.5,162.5,0.997
1669,482.5,178.5,0.997
1670,500.5,194.5,0.997
1671,522.5,214.5,0.997
1672,546.5,238.5,0.996
1673,566.5,264.5,0.995
1674,584.5,296.5,0.996
1675,376.5,274.5,0.599
1676,628.5,370.5,0.982
1677,646.5,372.5,0.996
1678,666.5,362.5,0.995
1679,690.5,354.5,0.994
1680,710.5,348.5,0.995
1681,730.5,348.5,0.993
1682,756.5,352.5,0.99
1683,780.5,358.5,0.996
1684,802.5,368.5,0.984
1685,826.5,384.5,0.995
1686,850.5,402.5,0.99
1687,886.5,436.5,0.989
1688,854.5,404.5,0.977
1689,802.5,350.5,0.655
1690,756.5,306.5,0.94
1691,708.5,266.5,0.996
1692,674.5,238.5,0.996
1693,634.5,212.5,0.995
1694,600.5,190.5,0.995
1695,574.5,178.5,0.993
1696,548.5,168.5,0.997
1697,526.5,162.5,0.992
1698,500.5,156.5,0.997
1699,482.5,154.5,0.997
1700,464.5,158.5,0.996
1701,448.5,162.5,0.997
1702,434.5,168.5,0.998
1703,420.5,176.5,0.996
1704,408.5,186.5,0.998
1705,400.5,194.5,0.998
1706,390.5,208.5,0.998
1707,380.5,220.5,0.997
1708,374.5,234.5,0.997
1709,364.5,238.5,0.994
1710,356.5,214.5,0.999
1711,346.5,194.5,0.998
1712,338.5,178.5,0.997
1713,330.5,164.5,0.997
1714,324.5,154.5,0.998
1715,316.5,146.5,0.998
1716,310.5,136.5,0.992
1717,308.5,136.5,0.81
1718,362.5,136.5,0.992
1719,402.5,136.5,0.994
1720,440.5,140.5,0.996
1721,480.5,146.5,0.996
1722,524.5,152.5,0.994
1723,560.5,162.5,0.995
1724,600.5,170.5,0.996
1725,640.5,182.5,0.997
1726,686.5,198.5,0.997
1727,726.5,216.5,0.997
1728,770.5,234.5,0.998
1729,806.5,252.5,0.993
1730,856.5,280.5,0.996
1731,886.5,300.5,0.998
1732,932.5,328.5,0.998
1733,976.5,326.5,0.998
1734,1024.5,320.5,0.996
1735,1062.5,312.5,0.96
1736,1108.5,308.5,0.994
1737,1152.5,308.5,0.997
1738,1192.5,310.5,0.997
1739,1238.5,318.5,0.995
1740,1262.5,322.5,0.994
1742,1252.5,284.5,0.913
1744,1128.5,208.5,0.977
1749,862.5,124.5,0.946
1750,810.5,124.5,0.996
1751,766.5,124.5,0.997
1752,720.5,128.5,0.996
1753,676.5,134.5,0.998
1754,640.5,146.5,0.996
1755,598.5,160.5,0.998
1756,562.5,176.5,0.995
1757,532.5,194.5,0.995
1758,502.5,214.5,0.997
1759,470.5,236.5,0.995
1760,448.5,258.5,0.996
1761,426.5,282.5,0.997
1762,402.5,304.5,0.991
1763,374.5,274.5,0.996
1764,350.5,248.5,0.995
1765,328.5,230.5,0.998
1766,302.5,206.5,0.987
1767,276.5,194.5,0.993
1768,258.5,180.5,0.995
1769,236.5,170.5,0.993
1770,216.5,164.5,0.993
1771,198.5,160.5,0.998
1772,178.5,160.5,0.995
1773,162.5,162.5,0.994
1774,144.5,166.5,0.982
1776,148.5,174.5,0.994
1777,196.5,170.5,0.566
1778,224.5,174.5,0.984
1780,438.5,266.5,0.915
1783,656.5,380.5,0.983
1784,376.5,170.5,0.993
1785,830.5,376.5,0.921
1786,468.5,498.5,0.988
1787,974.5,380.5,0.991
1788,1040.5,390.5,0.975
1789,1120.5,398.5,0.993
1790,1210.5,416.5,0.994
1792,222.5,144.5,0.873
1794,190.5,162.5,0.992
1795,178.5,170.5,0.993
1799,174.5,190.5,0.9
1800,1270.5,186.5,0.981
1801,1262.5,182.5,0.97
1802,1256.5,174.5,0.982
1803,1246.5,174.5,0.961
1804,1234.5,184.5,0.992
1805,1224.5,190.5,0.971
1806,1212.5,196.5,0.981
1807,1204.5,204.5,0.962
1808,1192.5,220.5,0.993
1809,1180.5,236.5,0.995
1810,1166.5,254.5,0.995
1811,1160.5,268.5,0.996
1812,1146.5,288.5,0.994
1813,1134.5,306.5,0.995
1815,232.5,196.5,0.512
1816,1098.5,366.5,0.997
1817,1090.5,380.5,0.991
1818,1078.5,398.5,0.987
1819,1088.5,388.5,0.996
1820,1096.5,376.5,0.998
1821,244.5,174.5,0.783
1830,780.5,260.5,0.973
1835,326.5,126.5,0.994
1837,336.5,156.5,0.993
1838,336.5,166.5,0.974
1839,336.5,178.5,0.99
1843,1256.5,342.5,0.993
1844,1260.5,342.5,0.994
1845,1264.5,338.5,0.995
1846,1272.5,336.5,0.991
1849,380.5,186.5,0.591
1850,508.5,474.5,0.831
1856,310.5,178.5,0.868
1857,442.5,102.5,0.984
1858,1134.5,234.5,0.986
1859,1140.5,232.5,0.885
1874,472.5,132.5,0.847
1875,466.5,140.5,0.775
1877,456.5,162.5,0.965
1878,316.5,178.5,0.991
1879,448.5,182.5,0.926
1880,582.5,558.5,0.766
1882,260.5,522.5,0.847
1892,1192.5,404.5,0.958
1894,424.5,210.5,0.741
1907,720.5,576.5,0.954
1908,728.5,582.5,0.858
1909,736.5,590.5,0.992
1910,740.5,598.5,0.618
1913,430.5,212.5,0.627
1915,770.5,642.5,0.996
1916,774.5,650.5,0.957
1917,778.5,658.5,0.992
1918,780.5,666.5,0.919
1919,780.5,674.5,0.95
1951,380.5,458.5,0.554
1960,782.5,256.5,0.768
1962,784.5,254.5,0.506
1965,632.5,272.5,0.845
1967,268.5,686.5,0.958
1971,116.5,604.5,0.527
1974,790.5,256.5,0.991
1981,190.5,552.5,0.642
1983,188.5,586.5,0.99
1984,188.5,562.5,0.935
1994,252.5,410.5,0.524
2003,310.5,226.5,0.712
2004,1228.5,200.5,0.993
2005,1192.5,192.5,0.994
2008,1066.5,178.5,0.991
2009,336.5,224.5,0.994
2010,342.5,228.5,0.981
2011,950.5,190.5,0.996
2012,926.5,198.5,0.996
2013,354.5,230.5,0.991
2014,854.5,226.5,0.997
2015,826.5,242.5,0.995
2016,800.5,256.5,0.993
2017,760.5,282.5,0.998
2018,752.5,290.5,0.998
2019,724.5,278.5,0.996
2020,710.5,260.5,0.998
2021,696.5,240.5,0.996
2022,680.5,222.5,0.996
2023,666.5,210.5,0.996
2024,648.5,196.5,0.997
2025,634.5,190.5,0.995
2026,622.5,182.5,0.996
2027,606.5,180.5,0.996
2028,590.5,180.5,0.997
2029,576.5,182.5,0.996
2030,564.5,186.5,0.995
2031,552.5,194.5,0.996
2032,538.5,204.5,0.996
2033,528.5,214.5,0.998
2034,518.5,226.5,0.996
2035,502.5,240.5,0.993
2036,498.5,258.5,0.996
2037,486.5,264.5,0.997
2038,476.5,242.5,0.997
2039,468.5,230.5,0.996
2040,456.5,218.5,0.998
2041,448.5,206.5,0.998
2042,440.5,196.5,0.997
2043,432.5,190.5,0.996
2044,422.5,186.5,0.998
2045,414.5,186.5,0.997
2046,406.5,186.5,0.997
2047,398.5,192.5,0.998
2048,390.5,196.5,0.996
2049,386.5,204.5,0.997
2050,380.5,210.5,0.997
2051,198.5,512.5,0.959
2053,252.5,542.5,0.991
2054,360.5,198.5,0.987
2055,356.5,200.5,0.961
2059,342.5,208.5,0.752
2060,338.5,216.5,0.754
2062,332.5,226.5,0.983
2067,324.5,238.5,0.986
2068,324.5,238.5,0.888
2069,318.5,238.5,0.998
2070,316.5,240.5,0.996
2071,310.5,242.5,0.996
2072,310.5,244.5,0.995
2073,304.5,244.5,0.997
2074,302.5,248.5,0.996
2075,298.5,250.5,0.997
2076,292.5,252.5,0.994
2077,288.5,252.5,0.997
2078,284.5,254.5,0.997
2079,282.5,254.5,0.996
2080,282.5,256.5,0.994
2081,278.5,258.5,0.996
2082,280.5,258.5,0.997
2083,278.5,260.5,0.997
2084,278.5,262.5,0.997
2085,278.5,266.5,0.995
2086,278.5,266.5,0.625
2087,278.5,268.5,0.993
2088,278.5,266.5,0.991
2089,276.5,258.5,0.988
2090,270.5,246.5,0.993
2091,266.5,234.5,0.997
2092,262.5,224.5,0.998
2093,258.5,212.5,0.998
2094,254.5,208.5,0.998
2095,250.5,200.5,0.997
2096,250.5,198.5,0.998
2097,246.5,200.5,0.998
2098,246.5,206.5,0.998
2099,246.5,210.5,0.999
2100,244.5,216.5,0.999
2101,254.5,234.5,0.992
2102,278.5,246.5,0.992
2104,370.5,276.5,0.996
2105,400.5,270.5,0.994
2106,438.5,264.5,0.995
2107,478.5,260.5,0.997
2108,512.5,260.5,0.997
2109,550.5,262.5,0.995
2110,590.5,268.5,0.994
2111,630.5,274.5,0.995
2112,668.5,290.5,0.993
2113,712.5,304.5,0.993
2114,752.5,322.5,0.993
2115,792.5,342.5,0.994
2116,834.5,366.5,0.994
2117,872.5,394.5,0.993
2118,910.5,386.5,0.984
2120,990.5,370.5,0.94
2122,930.5,316.5,0.994
2123,886.5,286.5,0.996
2124,854.5,266.5,0.998
2125,806.5,242.5,0.996
2126,770.5,228.5,0.996
2127,738.5,216.5,0.998
2128,704.5,208.5,0.994
2129,676.5,202.5,0.998
2130,644.5,200.5,0.997
2131,616.5,202.5,0.995
2132,592.5,204.5,0.993
2133,566.5,210.5,0.994
2134,542.5,218.5,0.996
2135,522.5,226.5,0.996
2136,502.5,236.5,0.996
2137,480.5,248.5,0.996
2138,464.5,262.5,0.998
2139,444.5,278.5,0.997
2140,428.5,262.5,0.998
2141,412.5,244.5,0.997
2142,398.5,226.5,0.998
2143,384.5,214.5,0.998
2144,368.5,202.5,0.997
2145,358.5,194.5,0.998
2146,344.5,188.5,0.997
2147,364.5,184.5,0.996
2148,400.5,182.5,0.997
2149,442.5,180.5,0.997
2150,482.5,180.5,0.997
2151,524.5,186.5,0.997
2152,564.5,190.5,0.996
2153,602.5,198.5,0.997
2154,640.5,210.5,0.996
2155,682.5,222.5,0.997
2156,724.5,236.5,0.999
2157,758.5,250.5,0.998
2158,792.5,266.5,0.997
2159,848.5,294.5,0.998
2160,882.5,316.5,0.997
2161,914.5,336.5,0.994
2162,962.5,330.5,0.995
2163,992.5,322.5,0.997
2164,1030.5,312.5,0.997
2166,1108.5,300.5,0.965
2167,1142.5,302.5,0.995
2168,1176.5,304.5,0.995
2169,1218.5,312.5,0.998
2170,1174.5,290.5,0.995
2171,1106.5,266.5,0.553
2176,846.5,200.5,0.997
2177,794.5,198.5,0.997
2178,750.5,202.5,0.998
2179,708.5,208.5,0.997
2180,672.5,214.5,0.997
2181,630.5,226.5,0.996
2182,596.5,240.5,0.997
2183,564.5,254.5,0.996
2184,538.5,268.5,0.997
2185,506.5,284.5,0.996
2186,484.5,262.5,0.997
2187,462.5,238.5,0.992
2188,438.5,218.5,0.998
2189,420.5,204.5,0.998
2190,402.5,194.5,0.997
2191,382.5,182.5,0.997
2192,364.5,178.5,0.995
2193,346.5,172.5,0.997
2194,348.5,170.5,0.996
2195,368.5,162.5,0.996
2196,386.5,158.5,0.996
2197,408.5,156.5,0.997
2198,430.5,160.5,0.994
2199,452.5,164.5,0.997
2200,472.5,170.5,0.998
2201,496.5,182.5,0.997
2202,518.5,198.5,0.997
2203,546.5,220.5,0.997
2204,564.5,238.5,0.996
2205,594.5,266.5,0.989
2206,608.5,290.5,0.994
2207,636.5,330.5,0.982
2208,658.5,368.5,0.873
2209,1216.5,320.5,0.914
2214,790.5,644.5,0.923
2223,268.5,190.5,0.768
2224,266.5,184.5,0.909
2225,264.5,178.5,0.994
2226,264.5,170.5,0.994
2227,262.5,162.5,0.996
2228,258.5,154.5,0.991
2229,256.5,144.5,0.997
2230,254.5,130.5,0.994
2231,196.5,180.5,0.99
2232,254.5,108.5,0.991
2233,196.5,176.5,0.994
2236,210.5,162.5,0.652
2237,206.5,170.5,0.513
2251,290.5,100.5,0.75
2252,296.5,114.5,0.996
2253,302.5,130.5,0.986
2254,308.5,140.5,0.989
2255,314.5,152.5,0.99
2256,312.5,162.5,0.994
2257,312.5,170.5,0.907
2258,274.5,172.5,0.968
2290,286.5,162.5,0.975
2295,348.5,168.5,0.658
2296,358.5,164.5,0.994
2299,396.5,140.5,0.985
2301,468.5,602.5,0.836
2302,406.5,112.5,0.99
2312,422.5,138.5,0.989
2313,418.5,150.5,0.996
2314,246.5,194.5,0.993
2315,408.5,180.5,0.995
2331,294.5,174.5,0.993
2337,280.5,204.5,0.978
2338,284.5,214.5,0.964
2353,362.5,194.5,0.96
2354,886.5,500.5,0.987
2358,350.5,144.5,0.985
2360,344.5,118.5,0.905
2363,928.5,486.5,0.772
2364,934.5,490.5,0.992
2365,936.5,492.5,0.995
2366,938.5,494.5,0.993
2367,936.5,492.5,0.986
2368,940.5,494.5,0.996
2369,942.5,498.5,0.997
2370,946.5,502.5,0.998
2371,946.5,502.5,0.998
2372,946.5,504.5,0.996
2373,946.5,506.5,0.996
2374,944.5,506.5,0.849
2376,942.5,502.5,0.976
2390,100.5,626.5,0.963
2391,118.5,624.5,0.774
2392,320.5,162.5,0.994
2393,324.5,180.5,0.964
2394,326.5,196.5,0.995
2395,328.5,208.5,0.993
2407,148.5,626.5,0.514
2408,146.5,636.5,0.68
2417,296.5,224.5,0.915
2418,294.5,230.5,0.896
2419,340.5,710.5,0.657
2420,296.5,232.5,0.954
2421,292.5,230.5,0.992
2422,912.5,260.5,0.997
2423,918.5,254.5,0.993
2424,288.5,222.5,0.994
2425,288.5,220.5,0.995
2426,926.5,258.5,0.997
2427,926.5,266.5,0.997
2428,926.5,278.5,0.978
2430,926.5,316.5,0.996
2431,926.5,340.5,0.991
2432,920.5,354.5,0.972
2433,918.5,388.5,0.848
2434,912.5,426.5,0.912
2435,914.5,424.5,0.993
2436,764.5,418.5,0.981
2437,596.5,634.5,0.98
2438,656.5,626.5,0.596
2439,776.5,302.5,0.822
2440,670.5,348.5,0.991
2441,646.5,324.5,0.994
2442,622.5,302.5,0.993
2443,598.5,284.5,0.997
2444,574.5,270.5,0.993
2445,554.5,262.5,0.997
2446,532.5,254.5,0.996
2447,514.5,252.5,0.996
2448,498.5,252.5,0.995
2449,480.5,258.5,0.998
2450,466.5,260.5,0.998
2451,450.5,272.5,0.997
2452,438.5,274.5,0.997
2453,426.5,256.5,0.996
2454,414.5,242.5,0.995
2455,402.5,228.5,0.997
2456,394.5,218.5,0.998
2457,384.5,210.5,0.998
2458,378.5,208.5,0.997
2459,396.5,196.5,0.995
2460,418.5,186.5,0.996
2461,440.5,180.5,0.996
2462,460.5,176.5,0.996
2463,484.5,174.5,0.997
2464,504.5,174.5,0.997
2465,528.5,178.5,0.997
2466,550.5,186.5,0.997
2467,572.5,194.5,0.994
2468,596.5,206.5,0.997
2469,618.5,220.5,0.996
2470,640.5,238.5,0.996
2471,656.5,252.5,0.994
2472,678.5,272.5,0.994
2477,776.5,290.5,0.994
2478,790.5,282.5,0.997
2479,806.5,274.5,0.994
2480,824.5,270.5,0.975
2481,840.5,272.5,0.996
2482,856.5,274.5,0.996
2483,870.5,282.5,0.997
2484,886.5,288.5,0.996
2485,898.5,298.5,0.997
2486,918.5,314.5,0.997
2487,928.5,328.5,0.998
2488,892.5,308.5,0.982
2489,858.5,284.5,0.997
2491,786.5,246.5,0.997
2492,758.5,234.5,0.998
2493,726.5,226.5,0.996
2494,694.5,220.5,0.997
2495,670.5,216.5,0.997
2496,640.5,218.5,0.997
2497,614.5,220.5,0.996
2498,594.5,224.5,0.996
2499,570.5,232.5,0.996
2500,552.5,240.5,0.996
2501,532.5,250.5,0.997
2502,516.5,260.5,0.996
2503,498.5,266.5,0.997
2504,484.5,244.5,0.997
2505,470.5,228.5,0.997
2506,456.5,214.5,0.998
2507,446.5,202.5,0.998
2508,432.5,194.5,0.998
2509,422.5,188.5,0.998
2510,416.5,182.5,0.997
2511,436.5,182.5,0.995
2512,460.5,182.5,0.997
2513,482.5,186.5,0.996
2514,502.5,190.5,0.996
2515,530.5,200.5,0.996
2516,552.5,212.5,0.995
2517,578.5,226.5,0.995
2518,602.5,242.5,0.996
2519,624.5,260.5,0.996
2520,654.5,288.5,0.994
2521,674.5,304.5,0.97
2522,698.5,338.5,0.993
2523,728.5,374.5,0.99
2524,752.5,372.5,0.976
2525,774.5,362.5,0.995
2526,798.5,356.5,0.995
2527,822.5,354.5,0.995
2528,846.5,356.5,0.995
2529,872.5,356.5,0.993
2530,894.5,364.5,0.794
2531,916.5,376.5,0.978
2532,946.5,396.5,0.997
2534,866.5,314.5,0.991
2535,836.5,290.5,0.992
2536,778.5,244.5,0.995
2537,748.5,228.5,0.996
2538,712.5,210.5,0.996
2539,682.5,196.5,0.997
2540,650.5,184.5,0.997
2541,622.5,178.5,0.993
2542,598.5,174.5,0.995
2543,574.5,174.5,0.99
2544,552.5,176.5,0.995
2545,532.5,182.5,0.996
2546,516.5,186.5,0.997
2547,498.5,198.5,0.996
2548,484.5,208.5,0.996
2549,470.5,218.5,0.998
2550,458.5,230.5,0.994
2551,446.5,244.5,0.997
2552,436.5,262.5,0.998
2553,424.5,248.5,0.996
2554,414.5,226.5,0.997
2555,404.5,206.5,0.998
2556,394.5,190.5,0.997
2557,386.5,178.5,0.998
2558,378.5,166.5,0.998
2559,370.5,158.5,0.998
2560,364.5,150.5,0.998
2561,356.5,146.5,0.995
2563,392.5,150.5,0.996
2564,416.5,158.5,0.994
2565,446.5,166.5,0.997
2566,476.5,178.5,0.997
2567,502.5,190.5,0.997
2568,534.5,208.5,0.996
2569,566.5,228.5,0.997
2570,598.5,250.5,0.997
2571,628.5,274.5,0.995
2572,654.5,296.5,0.994
2573,686.5,306.5,0.996
2574,708.5,296.5,0.995
2575,742.5,284.5,0.998
2576,764.5,278.5,0.996
2577,792.5,274.5,0.996
2578,822.5,272.5,0.677
2579,850.5,276.5,0.997
2580,878.5,282.5,0.997
2581,906.5,290.5,0.996
2582,930.5,302.5,0.988
2583,962.5,318.5,0.993
2584,982.5,332.5,0.997
2585,1010.5,352.5,0.996
2586,998.5,350.5,0.995
2587,976.5,334.5,0.963
2588,914.5,298.5,0.997
2589,866.5,274.5,0.997
2590,822.5,254.5,0.995
2591,782.5,244.5,0.997
2592,750.5,236.5,0.996
2593,712.5,228.5,0.997
2594,678.5,226.5,0.997
2595,642.5,226.5,0.996
2596,610.5,228.5,0.997
2597,580.5,234.5,0.995
2598,554.5,240.5,0.994
2599,526.5,250.5,0.996
2600,500.5,260.5,0.997
2601,478.5,272.5,0.996
2602,454.5,284.5,0.997
2603,434.5,264.5,0.998
2604,414.5,248.5,0.997
2605,390.5,232.5,0.997
2606,374.5,222.5,0.997
2607,356.5,214.5,0.993
2608,338.5,208.5,0.998
2609,324.5,206.5,0.994
2613,336.5,178.5,0.955
2614,354.5,170.5,0.996
2615,378.5,164.5,0.995
2616,396.5,162.5,0.997
2617,420.5,162.5,0.996
2618,440.5,164.5,0.996
2619,466.5,170.5,0.997
2620,486.5,180.5,0.998
2621,510.5,192.5,0.991
2622,532.5,208.5,0.997
2623,562.5,228.5,0.996
2624,582.5,246.5,0.997
2625,610.5,274.5,0.996
2626,628.5,294.5,0.989
2627,656.5,328.5,0.992
2628,674.5,354.5,0.993
2629,700.5,388.5,0.995
2630,724.5,366.5,0.995
2631,740.5,348.5,0.995
2632,758.5,334.5,0.993
2633,778.5,322.5,0.994
2634,800.5,310.5,0.996
2635,822.5,306.5,0.995
2636,842.5,306.5,0.996
2637,864.5,306.5,0.996
2638,882.5,312.5,0.996
2639,902.5,316.5,0.99
2640,860.5,286.5,0.996
2642,774.5,234.5,0.998
2643,734.5,216.5,0.997
2644,698.5,202.5,0.997
2645,670.5,196.5,0.997
2646,640.5,192.5,0.994
2647,614.5,190.5,0.996
2648,590.5,192.5,0.994
2649,570.5,196.5,0.994
2650,552.5,204.5,0.996
2651,536.5,212.5,0.997
2652,522.5,224.5,0.998
2653,510.5,234.5,0.994
2654,498.5,246.5,0.998
2655,486.5,230.5,0.996
2656,480.5,210.5,0.996
2657,470.5,188.5,0.998
2658,462.5,174.5,0.997
2659,454.5,158.5,0.997
2660,448.5,146.5,0.998
2661,444.5,138.5,0.997
2662,442.5,132.5,0.997
2663,456.5,128.5,0.996
2664,478.5,122.5,0.995
2665,498.5,120.5,0.997
2666,522.5,122.5,0.997
2667,544.5,124.5,0.995
2668,564.5,130.5,0.997
2669,588.5,140.5,0.995
2670,614.5,154.5,0.998
2671,636.5,168.5,0.997
2672,660.5,188.5,0.996
2673,678.5,206.5,0.993
2674,708.5,234.5,0.996
2675,728.5,258.5,0.935
2676,752.5,286.5,0.997
2677,778.5,330.5,0.988
2678,802.5,366.5,0.984
2679,822.5,410.5,0.992
2680,852.5,402.5,0.994
2681,876.5,390.5,0.992
2682,902.5,378.5,0.977
2683,924.5,374.5,0.995
2684,870.5,334.5,0.897
2685,828.5,306.5,0.995
2686,756.5,264.5,0.997
2687,720.5,246.5,0.996
2688,676.5,226.5,0.997
2689,634.5,208.5,0.996
2690,594.5,196.5,0.997
2691,562.5,188.5,0.996
2692,528.5,182.5,0.997
2693,498.5,180.5,0.996
2694,472.5,180.5,0.996
2695,448.5,182.5,0.998
2696,426.5,188.5,0.996
2697,404.5,196.5,0.996
2698,386.5,202.5,0.996
2699,368.5,214.5,0.996
2700,350.5,226.5,0.997
2701,338.5,238.5,0.996
2702,326.5,250.5,0.996
2709,244.5,160.5,0.983
2711,252.5,318.5,0.997
2712,248.5,306.5,0.997
2713,242.5,298.5,0.997
2714,236.5,290.5,0.995
2715,232.5,282.5,0.998
2716,226.5,276.5,0.998
2717,222.5,276.5,0.998
2718,218.5,274.5,0.997
2719,218.5,278.5,0.997
2720,214.5,280.5,0.998
2721,212.5,286.5,0.996
2722,210.5,292.5,0.997
2723,210.5,302.5,0.996
2724,210.5,312.5,0.997
2725,210.5,322.5,0.976
2726,210.5,320.5,0.997
2727,210.5,316.5,0.986
2728,210.5,314.5,0.993
2729,212.5,316.5,0.978
2730,214.5,318.5,0.985
2731,216.5,320.5,0.995
2732,218.5,320.5,0.832
2733,218.5,320.5,0.994
2734,218.5,320.5,0.993
2736,218.5,320.5,0.984
2737,368.5,166.5,0.847
2738,364.5,168.5,0.961
2740,354.5,174.5,0.791
2741,354.5,176.5,0.531
2742,344.5,178.5,0.667
2743,222.5,320.5,0.89
2744,222.5,322.5,0.925
2745,222.5,320.5,0.85
2748,224.5,322.5,0.665
2750,224.5,320.5,0.994
2751,224.5,322.5,0.843
2752,222.5,322.5,0.979
2753,222.5,322.5,0.912
2754,224.5,322.5,0.627
2755,224.5,322.5,0.884
2760,226.5,322.5,0.981
2761,224.5,322.5,0.952
2770,248.5,298.5,0.619
2776,242.5,260.5,0.826
2777,290.5,260.5,0.939
2778,294.5,252.5,0.993
2779,306.5,246.5,0.994
2780,314.5,242.5,0.992
2781,322.5,240.5,0.995
2782,330.5,230.5,0.519
2783,334.5,228.5,0.975
2792,248.5,178.5,0.528
2804,1086.5,400.5,0.709
2807,334.5,184.5,0.968
2809,1146.5,402.5,0.645
2810,1150.5,410.5,0.953
2811,1158.5,414.5,0.939
2822,424.5,214.5,0.989
2823,422.5,206.5,0.996
2824,416.5,200.5,0.996
2825,412.5,192.5,0.975
2826,406.5,178.5,0.996
2827,402.5,164.5,0.997
2828,398.5,148.5,0.972
2832,268.5,560.5,0.818
2834,422.5,156.5,0.984
2835,438.5,178.5,0.996
2836,448.5,194.5,0.995
2837,464.5,222.5,0.995
2838,478.5,246.5,0.995
2839,490.5,244.5,0.996
2840,498.5,234.5,0.993
2841,510.5,224.5,0.998
2842,518.5,216.5,0.997
2843,530.5,212.5,0.997
2844,542.5,210.5,0.996
2845,552.5,210.5,0.996
2846,566.5,214.5,0.995
2847,576.5,218.5,0.997
2848,590.5,226.5,0.997
2849,600.5,238.5,0.997
2850,614.5,252.5,0.998
2851,626.5,268.5,0.998
2852,638.5,282.5,0.995
2853,648.5,310.5,0.994
2854,660.5,334.5,0.995
2855,674.5,336.5,0.996
2856,682.5,322.5,0.996
2857,694.5,314.5,0.997
2858,704.5,306.5,0.997
2859,718.5,302.5,0.995
2860,728.5,300.5,0.995
2861,738.5,304.5,0.996
2862,750.5,306.5,0.997
2863,762.5,314.5,0.994
2864,770.5,326.5,0.998
2865,784.5,340.5,0.998
2866,792.5,356.5,0.997
2867,802.5,374.5,0.996
2868,810.5,398.5,0.995
2869,820.5,422.5,0.997
2872,866.5,392.5,0.988
2873,880.5,388.5,0.984
2874,894.5,386.5,0.989
2876,920.5,402.5,0.995
2877,932.5,408.5,0.998
2878,946.5,420.5,0.997
2882,998.5,440.5,0.57
2901,1076.5,462.5,0.967
2902,1076.5,462.5,0.898
2903,1078.5,460.5,0.978
2904,1078.5,460.5,0.921
2906,1074.5,462.5,0.994
2907,1070.5,462.5,0.995
2908,1070.5,458.5,0.996
2909,1066.5,454.5,0.992
2910,368.5,210.5,0.994
2911,1056.5,450.5,0.998
2912,1052.5,450.5,0.997
2913,1046.5,448.5,0.996
2914,1040.5,448.5,0.997
2915,1036.5,444.5,0.995
2916,1028.5,442.5,0.995
2917,1024.5,442.5,0.997
2918,1018.5,440.5,0.994
2919,1012.5,442.5,0.995
2920,1008.5,446.5,0.996
2921,1004.5,446.5,0.98
2922,998.5,448.5,0.994
2923,992.5,450.5,0.996
2924,988.5,452.5,0.994
2925,984.5,454.5,0.993
2926,978.5,456.5,0.993
2927,976.5,460.5,0.994
2928,974.5,462.5,0.981
2929,972.5,462.5,0.993
2930,968.5,464.5,0.99
2931,968.5,464.5,0.734
2932,966.5,462.5,0.657
2934,964.5,462.5,0.986
2935,962.5,460.5,0.985
2936,960.5,456.5,0.993
2937,960.5,454.5,0.991
2938,958.5,448.5,0.994
2942,954.5,406.5,0.893
2944,952.5,386.5,0.993
2945,304.5,188.5,0.694
2946,302.5,180.5,0.96
2948,302.5,150.5,0.984
2949,304.5,134.5,0.85
2950,302.5,124.5,0.965
2952,980.5,344.5,0.983
2953,984.5,326.5,0.993
2955,272.5,192.5,0.908
2956,998.5,280.5,0.995
2957,274.5,190.5,0.757
2958,276.5,190.5,0.75
2959,1008.5,270.5,0.677
2960,1008.5,280.5,0.995
2961,1008.5,292.5,0.994
2962,1008.5,306.5,0.993
2963,274.5,190.5,0.939
2964,1006.5,340.5,0.997
2965,1006.5,360.5,0.987
2966,1000.5,384.5,0.995
2968,994.5,424.5,0.996
2989,292.5,182.5,0.569
3008,988.5,340.5,0.845
3009,988.5,324.5,0.995
3010,996.5,294.5,0.996
3011,296.5,110.5,0.989
3012,998.5,250.5,0.997
3024,962.5,322.5,0.994
3031,1226.5,376.5,0.92
3043,1042.5,470.5,0.924
3045,1034.5,468.5,0.69
3046,300.5,150.5,0.989
3047,312.5,164.5,0.645
3048,240.5,184.5,0.907
3050,350.5,198.5,0.925
3052,368.5,204.5,0.955
3053,374.5,206.5,0.992
3062,990.5,336.5,0.997
3064,998.5,274.5,0.648
3067,230.5,184.5,0.543
3070,230.5,184.5,0.957
3071,240.5,184.5,0.905
3072,240.5,184.5,0.958
3076,1016.5,266.5,0.993
3077,1014.5,288.5,0.977
3078,240.5,184.5,0.993
3079,1006.5,332.5,0.919
3080,240.5,186.5,0.99
3089,224.5,184.5,0.985
3091,224.5,186.5,0.973
3093,228.5,180.5,0.993
3102,1088.5,400.5,0.905
3115,224.5,160.5,0.991
3116,222.5,152.5,0.691
3117,220.5,144.5,0.906
3119,218.5,130.5,0.69
3149,214.5,122.5,0.926
3178,212.5,178.5,0.731
3179,210.5,172.5,0.883
3194,216.5,174.5,0.927
3207,198.5,136.5,0.94
3216,196.5,138.5,0.862
3240,1054.5,438.5,0.943
3243,1050.5,428.5,0.935
3251,1050.5,416.5,0.993
3274,1004.5,336.5,0.804
3276,1016.5,284.5,0.961
3285,1018.5,266.5,0.995
3286,1014.5,280.5,0.995
3287,1012.5,300.5,0.987
3288,1008.5,324.5,0.867
3289,1004.5,344.5,0.983
3315,1036.5,426.5,0.609
3324,226.5,180.5,0.846
3328,286.5,200.5,0.939
3332,244.5,152.5,0.995
3333,244.5,138.5,0.829
3334,238.5,126.5,0.992
3335,236.5,116.5,0.994
3336,232.5,106.5,0.981
3339,984.5,336.5,0.995
3342,968.5,372.5,0.983
3346,1140.5,256.5,0.889
3354,1000.5,282.5,0.995
3355,998.5,300.5,0.994
3356,992.5,326.5,0.995
3357,242.5,112.5,0.993
3358,244.5,124.5,0.993
3359,248.5,138.5,0.997
3360,254.5,154.5,0.993
3361,258.5,172.5,0.991
3362,262.5,188.5,0.995
3364,270.5,218.5,0.994
3365,270.5,226.5,0.94
3396,368.5,196.5,0.559
3399,358.5,162.5,0.972
3401,344.5,124.5,0.994
3402,342.5,108.5,0.992
3403,334.5,94.5,0.994
3404,332.5,82.5,0.995
3405,330.5,74.5,0.977
3406,1066.5,400.5,0.992
3407,956.5,182.5,0.541
3408,458.5,282.5,0.847
3409,942.5,202.5,0.919
3411,924.5,256.5,0.987
3413,288.5,188.5,0.983
3414,290.5,186.5,0.668
3415,290.5,186.5,0.985
3417,290.5,186.5,0.962
3418,94.5,476.5,0.876
3426,294.5,184.5,0.617
3435,1166.5,396.5,0.56
3436,1168.5,402.5,0.687
3437,1174.5,400.5,0.826
3439,296.5,186.5,0.502
3442,296.5,186.5,0.536
3443,296.5,186.5,0.704
3447,294.5,186.5,0.986
3448,292.5,186.5,0.819
3450,288.5,188.5,0.851
3493,132.5,502.5,0.638
3507,286.5,192.5,0.961
3508,286.5,194.5,0.881
3518,1086.5,426.5,0.62
3519,294.5,158.5,0.995
3524,288.5,178.5,0.73
3533,328.5,112.5,0.993
3534,330.5,100.5,0.992
3547,524.5,274.5,0.667
3559,1038.5,486.5,0.993
3560,1038.5,486.5,0.996
3561,1034.5,490.5,0.995
3562,1032.5,494.5,0.996
3563,1032.5,496.5,0.994
3564,1030.5,498.5,0.994
3565,1030.5,502.5,0.995
3566,1026.5,502.5,0.997
3567,1028.5,504.5,0.995
3568,1026.5,510.5,0.996
3569,1026.5,510.5,0.996
3570,1026.5,512.5,0.996
3571,1024.5,514.5,0.995
3572,1024.5,516.5,0.996
3573,1022.5,518.5,0.996
3574,1022.5,518.5,0.995
3575,1020.5,518.5,0.993
3576,1020.5,518.5,0.994
3577,1018.5,518.5,0.995
3578,1018.5,518.5,0.994
3579,1014.5,518.5,0.993
3580,1014.5,518.5,0.93
3581,1010.5,518.5,0.993
3582,1008.5,518.5,0.995
3583,1006.5,518.5,0.993
3584,1006.5,518.5,0.982
3585,1004.5,516.5,0.692
3586,222.5,558.5,0.851
3588,994.5,518.5,0.557
3604,888.5,272.5,0.996
3605,892.5,262.5,0.995
3606,894.5,254.5,0.997
3607,894.5,252.5,0.995
3608,894.5,254.5,0.996
3609,894.5,264.5,0.989
3610,892.5,274.5,0.989
3611,892.5,284.5,0.995
3612,890.5,300.5,0.997
3613,888.5,316.5,0.994
3614,886.5,342.5,0.957
3615,884.5,362.5,0.81
3618,848.5,440.5,0.995
3619,802.5,430.5,0.994
3620,756.5,408.5,0.993
3621,716.5,356.5,0.983
3622,690.5,324.5,0.896
3623,658.5,292.5,0.994
3624,632.5,272.5,0.996
3625,610.5,254.5,0.995
3626,582.5,240.5,0.996
3627,564.5,234.5,0.997
3628,544.5,228.5,0.996
3629,526.5,226.5,0.995
3630,510.5,226.5,0.997
3631,494.5,228.5,0.996
3632,480.5,234.5,0.996
3633,466.5,226.5,0.997
3634,454.5,210.5,0.998
3635,444.5,194.5,0.996
3636,432.5,182.5,0.997
3637,422.5,172.5,0.997
3638,412.5,170.5,0.95
3639,436.5,162.5,0.978
3640,466.5,158.5,0.99
3641,494.5,156.5,0.995
3642,522.5,158.5,0.995
3643,548.5,162.5,0.994
3644,578.5,168.5,0.996
3645,604.5,178.5,0.996
3646,632.5,190.5,0.995
3647,656.5,202.5,0.996
3648,688.5,222.5,0.997
3649,710.5,238.5,0.996
3650,740.5,264.5,0.997
3651,762.5,284.5,0.995
3652,792.5,308.5,0.995
3653,816.5,298.5,0.993
3654,840.5,290.5,0.996
3655,868.5,282.5,0.997
3656,892.5,278.5,0.998
3657,918.5,278.5,0.994
3658,942.5,278.5,0.998
3659,966.5,284.5,0.995
3660,994.5,294.5,0.998
3661,1016.5,302.5,0.982
3662,1042.5,320.5,0.985
3663,1064.5,332.5,0.989
3664,1092.5,356.5,0.648
3667,996.5,280.5,0.899
3668,944.5,250.5,0.996
3670,850.5,200.5,0.997
3671,810.5,186.5,0.997
3672,774.5,176.5,0.997
3673,740.5,170.5,0.996
3674,702.5,166.5,0.863
3675,708.5,166.5,0.931
3676,676.5,166.5,0.997
3677,646.5,170.5,0.997
3678,620.5,174.5,0.996
3679,598.5,180.5,0.995
3680,574.5,190.5,0.995
3681,554.5,202.5,0.996
3682,536.5,214.5,0.997
3683,518.5,228.5,0.996
3684,502.5,244.5,0.998
3685,484.5,232.5,0.996
3686,472.5,216.5,0.998
3687,454.5,196.5,0.998
3688,440.5,180.5,0.998
3689,428.5,168.5,0.997
3690,414.5,160.5,0.997
3691,402.5,150.5,0.999
3692,390.5,146.5,0.995
3693,398.5,146.5,0.995
3694,412.5,148.5,0.995
3695,434.5,154.5,0.998
3696,452.5,162.5,0.997
3697,474.5,170.5,0.998
3698,496.5,182.5,0.998
3699,518.5,200.5,0.997
3700,546.5,222.5,0.996
3701,564.5,240.5,0.997
3702,586.5,262.5,0.938
3703,610.5,294.5,0.997
3704,632.5,316.5,0.994
3705,658.5,350.5,0.995
3706,680.5,370.5,0.996
3707,704.5,358.5,0.996
3708,726.5,356.5,0.994
3709,748.5,354.5,0.994
3710,774.5,356.5,0.995
3711,798.5,360.5,0.995
3712,824.5,370.5,0.996
3715,756.5,328.5,0.992
3716,718.5,312.5,0.995
3717,686.5,302.5,0.993
3718,654.5,296.5,0.996
3719,620.5,292.5,0.993
3720,594.5,292.5,0.996
3721,570.5,296.5,0.995
3722,548.5,300.5,0.996
3723,532.5,298.5,0.997
3724,524.5,290.5,0.998
3725,520.5,286.5,0.998
3726,512.5,286.5,0.998
3727,508.5,286.5,0.997
3728,500.5,288.5,0.998
3729,496.5,294.5,0.998
3730,490.5,304.5,0.997
3731,484.5,306.5,0.998
3732,478.5,294.5,0.997
3733,474.5,282.5,0.998
3734,468.5,274.5,0.998
3735,462.5,268.5,0.997
3736,458.5,264.5,0.998
3737,450.5,264.5,0.998
3738,448.5,266.5,0.998
3739,444.5,270.5,0.998
3740,440.5,274.5,0.997
3741,438.5,282.5,0.997
3742,432.5,278.5,0.996
3743,426.5,262.5,0.998
3744,422.5,254.5,0.998
3745,416.5,250.5,0.996
3746,414.5,248.5,0.997
3747,410.5,246.5,0.995
3748,406.5,248.5,0.997
3749,404.5,256.5,0.998
3750,402.5,262.5,0.998
3751,396.5,258.5,0.997
3752,392.5,248.5,0.996
3753,388.5,242.5,0.997
3754,384.5,238.5,0.996
3755,380.5,234.5,0.997
3756,378.5,234.5,0.995
3757,374.5,238.5,0.997
3758,374.5,242.5,0.996
3759,370.5,244.5,0.998
3760,366.5,236.5,0.996
3761,362.5,228.5,0.996
3762,360.5,226.5,0.987
3763,358.5,222.5,0.996
3764,354.5,222.5,0.994
3765,350.5,224.5,0.994
3766,348.5,218.5,0.993
3767,344.5,214.5,0.978
3768,342.5,206.5,0.919
3769,340.5,204.5,0.547
3771,336.5,202.5,0.993
3772,338.5,206.5,0.987
3774,336.5,204.5,0.994
3775,338.5,206.5,0.995
3776,334.5,206.5,0.858
3778,338.5,212.5,0.997
3779,338.5,210.5,0.994
3780,338.5,212.5,0.995
3781,338.5,210.5,0.989
3782,340.5,210.5,0.995
3783,340.5,210.5,0.986
3784,342.5,210.5,0.985
3785,340.5,206.5,0.994
3786,342.5,210.5,0.994
3787,308.5,216.5,0.995
3788,344.5,206.5,0.994
3789,344.5,210.5,0.952
3790,344.5,208.5,0.993
3792,312.5,194.5,0.981
3793,348.5,208.5,0.994
3794,350.5,208.5,0.997
3795,350.5,206.5,0.996
3796,350.5,206.5,0.997
3797,352.5,208.5,0.997
3798,354.5,206.5,0.996
3799,356.5,206.5,0.996
3800,358.5,204.5,0.959
3803,362.5,206.5,0.74
3804,364.5,206.5,0.848
3805,366.5,206.5,0.994
3808,366.5,204.5,0.969
3810,372.5,202.5,0.908
3813,372.5,204.5,0.865
3814,368.5,202.5,0.654
3817,366.5,202.5,0.895
3832,356.5,200.5,0.993
3833,356.5,200.5,0.603
3834,354.5,202.5,0.705
3835,352.5,200.5,0.993
3837,350.5,202.5,0.995
3841,340.5,204.5,0.971
3842,334.5,206.5,0.995
3843,334.5,206.5,0.997
3844,330.5,206.5,0.986
3846,322.5,204.5,0.853
3847,322.5,204.5,0.993
3849,274.5,200.5,0.874
3865,330.5,202.5,0.674
3867,334.5,204.5,0.996
3868,336.5,204.5,0.995
3869,342.5,202.5,0.994
3870,346.5,198.5,0.996
3871,350.5,196.5,0.995
3872,358.5,194.5,0.995
3873,362.5,190.5,0.984
3874,368.5,188.5,0.996
3875,374.5,182.5,0.929
3879,394.5,180.5,0.841
3880,396.5,180.5,0.742
3882,400.5,184.5,0.699
3883,400.5,186.5,0.963
3884,400.5,186.5,0.995
3885,400.5,190.5,0.994
3886,402.5,190.5,0.995
3887,402.5,192.5,0.996
3888,402.5,192.5,0.995
3889,400.5,194.5,0.995
3890,402.5,194.5,0.995
3891,400.5,196.5,0.993
3892,400.5,194.5,0.996
3893,400.5,194.5,0.996
3894,400.5,196.5,0.995
3895,400.5,196.5,0.995
3896,400.5,194.5,0.995
3897,400.5,194.5,0.996
3898,398.5,194.5,0.994
3899,400.5,192.5,0.991
3900,400.5,190.5,0.996
3901,400.5,188.5,0.994
3902,402.5,182.5,0.91
3903,404.5,182.5,0.975
3904,406.5,182.5,0.902
3907,404.5,184.5,0.99
3909,400.5,192.5,0.971
3910,398.5,192.5,0.757
3912,390.5,200.5,0.975
3913,388.5,202.5,0.993
3914,384.5,206.5,0.996
3915,382.5,206.5,0.996
3916,384.5,200.5,0.797
3917,386.5,198.5,0.997
3918,392.5,194.5,0.995
3923,1020.5,228.5,0.53
3924,418.5,166.5,0.987
3925,1022.5,228.5,0.917
3926,1022.5,228.5,0.99
3927,1022.5,228.5,0.994
3930,398.5,186.5,0.994
3931,392.5,194.5,0.995
3932,344.5,564.5,0.98
3937,346.5,216.5,0.539
3938,338.5,220.5,0.599
3939,334.5,224.5,0.992
3940,326.5,226.5,0.994
3941,318.5,228.5,0.996
3942,310.5,234.5,0.995
3943,304.5,236.5,0.995
3944,296.5,236.5,0.995
3945,292.5,238.5,0.997
3946,286.5,240.5,0.997
3947,282.5,244.5,0.996
3948,278.5,244.5,0.995
3949,276.5,246.5,0.996
3950,274.5,250.5,0.995
3951,272.5,252.5,0.995
3952,272.5,254.5,0.995
3953,272.5,254.5,0.996
3954,270.5,258.5,0.994
3955,272.5,260.5,0.995
3956,270.5,266.5,0.996
3957,276.5,270.5,0.997
3958,276.5,270.5,0.995
3959,274.5,272.5,0.995
3960,270.5,266.5,0.997
3961,268.5,256.5,0.996
3962,264.5,244.5,0.988
3963,260.5,226.5,0.992
3964,256.5,210.5,0.998
3965,252.5,198.5,0.999
3966,250.5,190.5,0.998
3967,248.5,182.5,0.997
3968,246.5,176.5,0.998
3969,244.5,176.5,0.998
3970,242.5,176.5,0.999
3971,240.5,180.5,0.998
3972,242.5,184.5,0.998
3973,242.5,192.5,0.999
3974,242.5,200.5,0.997
3975,246.5,216.5,0.997
3977,288.5,248.5,0.994
3978,336.5,276.5,0.995
3979,364.5,274.5,0.992
3980,398.5,260.5,0.994
3981,420.5,252.5,0.995
3982,448.5,250.5,0.995
3983,480.5,246.5,0.996
3984,510.5,250.5,0.994
3985,540.5,252.5,0.994
3986,572.5,258.5,0.995
3991,718.5,336.5,0.978
3992,752.5,346.5,0.985
3993,774.5,336.5,0.994
3994,802.5,326.5,0.996
3995,832.5,322.5,0.993
3996,862.5,318.5,0.994
3997,886.5,318.5,0.997
3998,914.5,324.5,0.992
4000,870.5,284.5,0.998
4001,854.5,272.5,0.994
4002,790.5,238.5,0.998
4003,754.5,222.5,0.997
4004,714.5,208.5,0.996
4005,682.5,198.5,0.997
4006,646.5,190.5,0.996
4007,618.5,188.5,0.996
4008,590.5,188.5,0.995
4009,566.5,190.5,0.997
4010,540.5,194.5,0.994
4011,516.5,200.5,0.996
4012,494.5,210.5,0.996
4013,476.5,218.5,0.997
4014,454.5,230.5,0.995
4015,438.5,244.5,0.997
4016,422.5,248.5,0.997
4017,408.5,228.5,0.997
4018,396.5,210.5,0.998
4019,384.5,198.5,0.998
4020,372.5,184.5,0.998
4021,360.5,174.5,0.997
4022,350.5,164.5,0.999
4024,388.5,162.5,0.993
4025,414.5,164.5,0.996
4026,448.5,168.5,0.997
4027,480.5,176.5,0.996
4028,518.5,186.5,0.997
4029,558.5,202.5,0.997
4030,594.5,218.5,0.997
4031,626.5,234.5,0.997
4035,764.5,338.5,0.986
4036,800.5,330.5,0.995
4037,832.5,324.5,0.995
4038,870.5,318.5,0.998
4039,902.5,316.5,0.997
4040,934.5,318.5,0.996
4041,972.5,322.5,0.993
4042,1012.5,330.5,0.997
4043,1044.5,340.5,0.997
4044,1080.5,354.5,0.996
4045,1114.5,370.5,0.912
4046,1086.5,354.5,0.993
4047,1028.5,320.5,0.846
4048,998.5,300.5,0.994
4049,934.5,270.5,0.994
4050,872.5,248.5,0.948
4051,836.5,234.5,0.996
4052,790.5,224.5,0.997
4053,754.5,218.5,0.997
4054,716.5,214.5,0.997
4055,680.5,218.5,0.996
4056,648.5,222.5,0.996
4057,624.5,226.5,0.995
4058,598.5,234.5,0.995
4059,574.5,244.5,0.995
4060,550.5,258.5,0.996
4061,534.5,264.5,0.998
4062,514.5,246.5,0.997
4063,498.5,226.5,0.997
4064,484.5,208.5,0.998
4065,466.5,194.5,0.998
4066,450.5,184.5,0.998
4067,438.5,174.5,0.997
4068,424.5,170.5,0.998
4069,410.5,168.5,0.996
4070,422.5,162.5,0.997
4071,452.5,154.5,0.997
4072,480.5,150.5,0.997
4073,510.5,150.5,0.996
4074,540.5,150.5,0.997
4075,568.5,154.5,0.997
4076,598.5,158.5,0.997
4077,628.5,166.5,0.997
4078,656.5,178.5,0.995
4079,688.5,190.5,0.996
4080,720.5,206.5,0.997
4081,750.5,224.5,0.994
4082,776.5,242.5,0.995
4083,806.5,262.5,0.996
4084,842.5,292.5,0.993
4085,866.5,314.5,0.996
4086,896.5,346.5,0.994
4087,928.5,350.5,0.93
4088,968.5,334.5,0.997
4089,990.5,328.5,0.998
4090,1022.5,318.5,0.991
4091,1052.5,312.5,0.963
4092,1082.5,310.5,0.776
4093,1110.5,310.5,0.991
4094,1142.5,314.5,0.996
4095,1170.5,322.5,0.99
4097,1170.5,316.5,0.994
4101,920.5,202.5,0.994
4102,860.5,184.5,0.997
4103,806.5,174.5,0.996
4104,760.5,166.5,0.997
4105,718.5,164.5,0.998
4106,676.5,164.5,0.997
4107,640.5,168.5,0.998
4108,604.5,174.5,0.994
4109,572.5,182.5,0.996
4110,542.5,194.5,0.994
4111,514.5,204.5,0.997
4112,490.5,220.5,0.994
4113,492.5,218.5,0.995
4114,464.5,236.5,0.993
4115,446.5,248.5,0.997
4116,428.5,232.5,0.997
4117,406.5,208.5,0.997
4118,390.5,188.5,0.996
4119,374.5,172.5,0.998
4120,362.5,162.5,0.998
4121,352.5,150.5,0.996
4122,368.5,146.5,0.996
4123,392.5,142.5,0.996
4124,418.5,140.5,0.997
4125,444.5,142.5,0.995
4126,468.5,146.5,0.997
4127,496.5,154.5,0.997
4128,522.5,164.5,0.997
4129,548.5,174.5,0.996
4130,576.5,190.5,0.996
4131,600.5,206.5,0.994
4132,624.5,222.5,0.996
4136,742.5,344.5,0.969
4137,764.5,372.5,0.872
4138,790.5,366.5,0.987
4139,822.5,352.5,0.994
4140,848.5,344.5,0.995
4141,880.5,340.5,0.995
4142,904.5,338.5,0.994
4143,928.5,338.5,0.993
4144,960.5,346.5,0.833
4145,988.5,352.5,0.992
4147,886.5,282.5,0.996
4148,838.5,252.5,0.996
4149,790.5,230.5,0.997
4150,752.5,214.5,0.998
4151,712.5,200.5,0.997
4152,676.5,190.5,0.995
4153,640.5,184.5,0.997
4154,608.5,182.5,0.995
4155,580.5,184.5,0.995
4156,554.5,186.5,0.995
4157,532.5,190.5,0.995
4158,508.5,198.5,0.995
4159,488.5,208.5,0.998
4160,470.5,218.5,0.997
4161,452.5,230.5,0.995
4162,438.5,242.5,0.998
4163,422.5,258.5,0.996
4164,406.5,250.5,0.996
4165,392.5,228.5,0.997
4166,382.5,210.5,0.997
4167,370.5,192.5,0.996
4168,358.5,178.5,0.998
4169,346.5,168.5,0.996
4170,338.5,160.5,0.998
4171,328.5,154.5,0.995
4172,344.5,152.5,0.972
4173,1052.5,430.5,0.905
4174,432.5,158.5,0.995
4175,430.5,158.5,0.994
4176,462.5,164.5,0.997
4177,492.5,174.5,0.995
4178,522.5,184.5,0.997
4179,556.5,200.5,0.997
4180,586.5,216.5,0.996
4181,616.5,236.5,0.998
4182,646.5,256.5,0.997
4183,686.5,282.5,0.94
4184,704.5,302.5,0.996
4185,732.5,314.5,0.995
4186,762.5,298.5,0.995
4187,790.5,290.5,0.996
4188,820.5,282.5,0.975
4189,846.5,280.5,0.997
4190,872.5,280.5,0.997
4191,900.5,282.5,0.998
4192,928.5,286.5,0.992
4193,956.5,294.5,0.996
4195,1010.5,322.5,0.993
4196,1022.5,330.5,0.907
4197,956.5,300.5,0.977
4198,896.5,280.5,0.996
4199,858.5,268.5,0.996
4200,794.5,252.5,0.963
4201,758.5,250.5,0.997
4202,718.5,246.5,0.998
4203,680.5,246.5,0.997
4204,632.5,252.5,0.996
4205,608.5,254.5,0.994
4208,506.5,288.5,0.985
4209,482.5,296.5,0.993
4210,454.5,278.5,0.997
4211,432.5,260.5,0.997
4212,414.5,246.5,0.997
4213,390.5,236.5,0.997
4214,372.5,228.5,0.997
4215,356.5,222.5,0.996
4216,336.5,220.5,0.995
4217,320.5,220.5,0.998
4218,306.5,220.5,0.99
4219,328.5,214.5,0.993
4220,350.5,208.5,0.995
4221,372.5,202.5,0.997
4222,398.5,200.5,0.998
4223,424.5,200.5,0.996
4224,450.5,204.5,0.997
4225,476.5,210.5,0.997
4226,502.5,218.5,0.998
4227,534.5,232.5,0.997
4228,554.5,240.5,0.898
4230,618.5,280.5,0.993
4231,644.5,298.5,0.99
4232,668.5,322.5,0.995
4233,700.5,350.5,0.995
4234,726.5,378.5,0.995
4235,754.5,362.5,0.995
4236,774.5,354.5,0.996
4237,800.5,342.5,0.996
4238,824.5,336.5,0.993
4239,850.5,332.5,0.99
4240,876.5,332.5,0.959
4241,844.5,308.5,0.996
4243,752.5,254.5,0.997
4244,714.5,236.5,0.997
4245,680.5,222.5,0.996
4246,644.5,212.5,0.996
4247,618.5,206.5,0.995
4248,594.5,202.5,0.996
4249,566.5,202.5,0.994
4250,546.5,202.5,0.995
4251,524.5,206.5,0.993
4252,506.5,212.5,0.996
4253,488.5,218.5,0.997
4254,476.5,226.5,0.994
4255,460.5,240.5,0.995
4256,446.5,242.5,0.997
4257,436.5,218.5,0.998
4258,424.5,202.5,0.999
4259,416.5,186.5,0.997
4260,406.5,174.5,0.997
4261,396.5,160.5,0.997
4262,392.5,156.5,0.991
4263,414.5,152.5,0.996
4264,446.5,152.5,0.996
4265,478.5,154.5,0.995
4266,504.5,156.5,0.997
4267,538.5,162.5,0.995
4268,568.5,170.5,0.996
4269,602.5,182.5,0.997
4270,632.5,196.5,0.996
4271,672.5,214.5,0.997
4272,698.5,230.5,0.996
4273,730.5,252.5,0.997
4274,758.5,270.5,0.998
4275,798.5,304.5,0.994
4276,832.5,336.5,0.993
4277,856.5,330.5,0.993
4278,890.5,318.5,0.997
4279,918.5,310.5,0.997
4280,960.5,300.5,0.985
4281,996.5,300.5,0.996
4282,1024.5,302.5,0.992
4283,1056.5,306.5,0.801
4284,1092.5,320.5,0.873
4286,1066.5,290.5,0.759
4287,1030.5,266.5,0.995
4290,868.5,202.5,0.995
4291,838.5,192.5,0.996
4292,798.5,184.5,0.996
4293,756.5,180.5,0.997
4294,720.5,182.5,0.997
4295,686.5,184.5,0.997
4296,652.5,190.5,0.996
4297,624.5,198.5,0.997
4298,596.5,210.5,0.996
4299,568.5,222.5,0.996
4300,548.5,234.5,0.996
4301,522.5,252.5,0.996
4302,504.5,266.5,0.996
4303,482.5,274.5,0.994
4304,466.5,250.5,0.996
4305,450.5,230.5,0.997
4306,434.5,214.5,0.999
4307,418.5,198.5,0.998
4308,406.5,186.5,0.998
4309,388.5,176.5,0.996
4310,376.5,170.5,0.968
4311,364.5,168.5,0.85
4312,352.5,168.5,0.994
4313,340.5,170.5,0.993
4314,330.5,172.5,0.997
4316,314.5,184.5,0.996
4318,358.5,168.5,0.988
4319,386.5,156.5,0.994
4320,410.5,154.5,0.994
4321,444.5,150.5,0.997
4322,476.5,150.5,0.996
4323,504.5,154.5,0.997
4324,534.5,162.5,0.995
4325,568.5,172.5,0.997
4326,598.5,186.5,0.998
4327,630.5,202.5,0.998
4328,670.5,228.5,0.995
4329,692.5,246.5,0.996
4330,722.5,270.5,0.998
4331,746.5,290.5,0.992
4332,778.5,324.5,0.992
4333,802.5,348.5,0.981
4334,834.5,370.5,0.995
4335,868.5,354.5,0.996
4336,900.5,344.5,0.994
4337,936.5,338.5,0.988
4338,972.5,334.5,0.994
4339,1004.5,332.5,0.993
4340,1042.5,334.5,0.995
4341,1074.5,340.5,0.994
4347,1200.5,328.5,0.843
4352,886.5,100.5,0.977
4353,852.5,86.5,0.99
4354,812.5,72.5,0.997
4355,780.5,66.5,0.993
4356,750.5,58.5,0.994
4357,718.5,56.5,0.996
4358,692.5,58.5,0.995
4359,670.5,58.5,0.994
4360,644.5,68.5,0.997
4361,620.5,76.5,0.996
4362,600.5,88.5,0.997
4363,582.5,100.5,0.997
4364,566.5,114.5,0.997
4365,550.5,130.5,0.997
4366,536.5,146.5,0.997
4367,520.5,164.5,0.996
4368,508.5,182.5,0.997
4369,494.5,204.5,0.996
4370,488.5,218.5,0.997
4371,474.5,222.5,0.997
4372,468.5,194.5,0.997
4373,458.5,170.5,0.997
4374,452.5,152.5,0.998
4375,444.5,136.5,0.998
4376,438.5,122.5,0.998
4377,430.5,108.5,0.997
4378,424.5,98.5,0.997
4379,420.5,90.5,0.996
4380,414.5,86.5,0.998
4381,408.5,84.5,0.995
4382,402.5,84.5,0.996
4383,398.5,84.5,0.999
4384,394.5,88.5,0.988
4385,402.5,90.5,0.995
4386,416.5,92.5,0.996
4387,438.5,92.5,0.997
4388,456.5,94.5,0.996
4389,478.5,102.5,0.996
4390,500.5,112.5,0.996
4391,522.5,124.5,0.997
4392,546.5,140.5,0.997
4393,566.5,156.5,0.996
4394,596.5,184.5,0.994
4395,614.5,202.5,0.995
4396,642.5,234.5,0.988
4398,694.5,298.5,0.992
4399,716.5,332.5,0.992
4400,742.5,372.5,0.979
4401,770.5,374.5,0.996
4402,796.5,362.5,0.991
4403,820.5,354.5,0.995
4404,850.5,346.5,0.994
4405,878.5,342.5,0.995
4406,906.5,344.5,0.994
4407,932.5,348.5,0.895
4408,914.5,328.5,0.992
4409,876.5,300.5,0.991
4410,812.5,258.5,0.899
4411,772.5,238.5,0.997
4412,728.5,220.5,0.997
4413,690.5,204.5,0.996
4414,652.5,194.5,0.997
4415,622.5,188.5,0.994
4416,590.5,184.5,0.996
4417,562.5,184.5,0.997
4418,536.5,186.5,0.995
4419,514.5,192.5,0.993
4420,492.5,198.5,0.994
4421,472.5,206.5,0.997
4422,454.5,216.5,0.997
4423,438.5,226.5,0.997
4424,424.5,242.5,0.996
4425,412.5,252.5,0.996
4426,398.5,264.5,0.997
4427,384.5,246.5,0.998
4428,372.5,226.5,0.997
4429,358.5,204.5,0.996
4430,348.5,192.5,0.997
4431,338.5,178.5,0.998
4432,328.5,168.5,0.996
4434,312.5,154.5,0.997
4435,330.5,158.5,0.995
4436,354.5,164.5,0.995
4437,386.5,172.5,0.996
4438,414.5,182.5,0.997
4439,442.5,196.5,0.998
4440,480.5,216.5,0.998
4441,502.5,230.5,0.997
4442,534.5,250.5,0.994
4443,560.5,266.5,0.549
4447,710.5,406.5,0.993
4448,742.5,410.5,0.993
4449,782.5,404.5,0.995
4450,818.5,404.5,0.995
4451,858.5,408.5,0.993
4452,894.5,414.5,0.992
4453,936.5,428.5,0.996
4454,974.5,440.5,0.985
4455,936.5,408.5,0.995
4456,864.5,358.5,0.977
4457,812.5,330.5,0.945
4458,756.5,298.5,0.995
4459,718.5,286.5,0.995
4462,610.5,256.5,0.995
4463,576.5,254.5,0.994
4464,546.5,254.5,0.987
4465,520.5,258.5,0.996
4466,496.5,264.5,0.996
4467,474.5,272.5,0.997
4468,454.5,282.5,0.997
4469,436.5,294.5,0.998
4470,420.5,308.5,0.997
4471,402.5,290.5,0.997
4472,386.5,266.5,0.997
4473,374.5,248.5,0.998
4474,360.5,230.5,0.997
4475,350.5,218.5,0.998
4476,336.5,208.5,0.997
4477,326.5,202.5,0.998
4478,318.5,196.5,0.998
4479,306.5,194.5,0.997
4481,332.5,194.5,0.997
4482,358.5,194.5,0.996
4483,384.5,198.5,0.997
4484,414.5,202.5,0.996
4485,440.5,212.5,0.997
4486,470.5,224.5,0.996
4487,502.5,238.5,0.994
4488,530.5,254.5,0.996
4489,564.5,272.5,0.994
4490,592.5,296.5,0.994
4495,766.5,422.5,0.995
4496,800.5,414.5,0.993
4497,834.5,408.5,0.996
4498,844.5,384.5,0.726
4499,810.5,366.5,0.906
4503,610.5,248.5,0.995
4504,566.5,230.5,0.998
4505,528.5,218.5,0.997
4506,492.5,210.5,0.997
4507,456.5,204.5,0.997
4508,424.5,202.5,0.997
4509,394.5,202.5,0.997
4510,366.5,208.5,0.996
4511,336.5,214.5,0.997
4512,314.5,220.5,0.995
4513,290.5,232.5,0.997
4514,270.5,244.5,0.994
4515,248.5,258.5,0.997
4516,230.5,272.5,0.998
4517,214.5,288.5,0.99
4518,200.5,304.5,0.988
4519,180.5,328.5,0.992
4520,168.5,346.5,0.996
4521,156.5,366.5,0.996
4522,144.5,386.5,0.991
4523,134.5,406.5,0.994
4524,124.5,426.5,0.998
4525,114.5,418.5,0.997
4526,102.5,400.5,0.996
4527,94.5,388.5,0.997
4528,84.5,378.5,0.997
4529,76.5,368.5,0.998
4530,68.5,364.5,0.995
4531,62.5,360.5,0.997
4532,1260.5,400.5,0.982
4533,50.5,360.5,0.969
4534,46.5,362.5,0.99
4553,114.5,214.5,0.9
4554,114.5,228.5,0.996
4555,114.5,238.5,0.993
4557,974.5,370.5,0.986
4564,1022.5,208.5,0.702
4566,860.5,354.5,0.67
4603,76.5,280.5,0.787
4614,42.5,228.5,0.755
4659,356.5,182.5,0.993
4674,416.5,214.5,0.918
4681,338.5,198.5,0.994
4682,340.5,332.5,0.6
4683,342.5,332.5,0.836
4724,418.5,208.5,0.503
4726,414.5,204.5,0.52
4729,956.5,370.5,0.882
4730,406.5,202.5,0.686
4733,396.5,204.5,0.963
4736,382.5,202.5,0.993
4737,380.5,196.5,0.766
4741,366.5,182.5,0.966
4769,368.5,236.5,0.729
4784,1210.5,536.5,0.709
4785,1020.5,226.5,0.539
4786,1020.5,224.5,0.665
4787,320.5,198.5,0.985
4789,1022.5,226.5,0.924
4790,308.5,236.5,0.968
4791,304.5,240.5,0.993
4792,300.5,246.5,0.994
4793,292.5,252.5,0.919
4794,290.5,256.5,0.995
4795,284.5,258.5,0.997
4796,282.5,260.5,0.994
4797,278.5,262.5,0.994
4798,278.5,264.5,0.995
4799,274.5,264.5,0.985
4800,272.5,264.5,0.992
4801,270.5,264.5,0.99
4802,270.5,264.5,0.965
4803,270.5,264.5,0.993
4804,270.5,264.5,0.983
4805,270.5,266.5,0.993
4806,270.5,268.5,0.992
4807,270.5,270.5,0.995
4808,272.5,274.5,0.997
4809,272.5,274.5,0.995
4810,272.5,274.5,0.996
4811,272.5,268.5,0.993
4812,268.5,258.5,0.997
4813,262.5,242.5,0.996
4814,260.5,226.5,0.996
4815,256.5,210.5,0.997
4816,254.5,198.5,0.998
4817,252.5,190.5,0.998
4818,250.5,178.5,0.998
4819,248.5,174.5,0.999
4820,246.5,170.5,0.997
4821,246.5,172.5,0.998
4822,246.5,174.5,0.999
4823,246.5,178.5,0.996
4824,246.5,186.5,0.997
4825,248.5,196.5,0.996
4826,250.5,208.5,0.996
4827,252.5,220.5,0.996
4828,264.5,236.5,0.996
4831,348.5,274.5,0.886
4832,374.5,268.5,0.99
4833,404.5,266.5,0.994
4834,426.5,266.5,0.996
4835,454.5,268.5,0.995
4836,480.5,276.5,0.996
4837,510.5,286.5,0.995
4838,538.5,296.5,0.996
4839,568.5,310.5,0.997
4840,596.5,328.5,0.993
4841,622.5,346.5,0.993
4842,656.5,376.5,0.987
4843,688.5,394.5,0.995
4844,714.5,386.5,0.991
4845,740.5,380.5,0.994
4846,770.5,376.5,0.995
4847,798.5,378.5,0.993
4848,824.5,384.5,0.995
4849,816.5,366.5,0.6
4850,784.5,342.5,0.966
4851,754.5,320.5,0.991
4852,720.5,298.5,0.996
4853,692.5,286.5,0.99
4854,664.5,278.5,0.994
4855,640.5,274.5,0.995
4856,616.5,270.5,0.994
4857,594.5,266.5,0.996
4858,572.5,270.5,0.995
4859,554.5,274.5,0.996
4860,536.5,282.5,0.996
4861,520.5,290.5,0.997
4862,504.5,300.5,0.997
4863,490.5,282.5,0.997
4864,480.5,264.5,0.998
4865,470.5,250.5,0.997
4866,458.5,236.5,0.995
4867,450.5,226.5,0.997
4868,442.5,218.5,0.997
4869,432.5,212.5,0.998
4870,424.5,210.5,0.996
4871,418.5,210.5,0.997
4872,428.5,210.5,0.998
4873,450.5,206.5,0.993
4874,474.5,204.5,0.995
4875,502.5,206.5,0.997
4876,526.5,210.5,0.995
4877,552.5,214.5,0.996
4878,580.5,222.5,0.995
4879,606.5,232.5,0.996
4880,630.5,244.5,0.997
4881,652.5,258.5,0.995
4882,680.5,274.5,0.996
4883,710.5,296.5,0.996
4884,738.5,322.5,0.995
4885,762.5,330.5,0.994
4886,788.5,314.5,0.994
4887,812.5,308.5,0.994
4888,836.5,304.5,0.998
4889,864.5,298.5,0.996
4890,886.5,298.5,0.997
4891,910.5,300.5,0.995
4893,956.5,312.5,0.976
4894,902.5,284.5,0.997
4895,868.5,266.5,0.998
4896,824.5,248.5,0.998
4897,780.5,236.5,0.996
4898,742.5,226.5,0.998
4899,706.5,222.5,0.996
4900,674.5,220.5,0.997
4901,638.5,222.5,0.995
4902,608.5,224.5,0.994
4903,576.5,230.5,0.997
4904,550.5,240.5,0.995
4905,524.5,250.5,0.995
4906,502.5,260.5,0.996
4907,476.5,268.5,0.993
4908,456.5,248.5,0.996
4909,438.5,232.5,0.997
4910,422.5,216.5,0.998
4911,408.5,204.5,0.998
4912,390.5,196.5,0.996
4913,378.5,190.5,0.996
4914,366.5,184.5,0.997
4915,384.5,180.5,0.996
4916,410.5,178.5,0.996
4917,438.5,176.5,0.996
4918,462.5,180.5,0.996
4919,490.5,182.5,0.998
4920,518.5,190.5,0.994
4921,548.5,204.5,0.997
4922,578.5,220.5,0.998
4923,602.5,236.5,0.996
4924,628.5,254.5,0.996
4925,660.5,280.5,0.992
4926,688.5,306.5,0.993
4927,718.5,338.5,0.993
4928,744.5,368.5,0.992
4929,782.5,418.5,0.993
4930,814.5,430.5,0.993
4931,836.5,422.5,0.775
4932,870.5,412.5,0.954
4933,892.5,406.5,0.802
4934,832.5,356.5,0.94
4935,792.5,328.5,0.99
4936,734.5,292.5,0.993
4937,696.5,268.5,0.996
4938,672.5,256.5,0.997
4939,628.5,236.5,0.997
4940,594.5,226.5,0.994
4941,566.5,218.5,0.996
4942,540.5,214.5,0.995
4943,518.5,212.5,0.995
4944,498.5,214.5,0.997
4945,480.5,218.5,0.997
4946,466.5,222.5,0.995
4947,450.5,228.5,0.996
4948,438.5,238.5,0.997
4949,428.5,248.5,0.997
4950,416.5,248.5,0.994
4951,406.5,228.5,0.998
4952,394.5,208.5,0.997
4953,388.5,194.5,0.997
4954,388.5,194.5,0.998
4955,378.5,182.5,0.998
4956,372.5,172.5,0.997
4957,364.5,162.5,0.997
4958,376.5,162.5,0.996
4959,402.5,162.5,0.995
4960,422.5,164.5,0.995
4961,446.5,168.5,0.997
4962,468.5,174.5,0.996
4963,496.5,184.5,0.998
4964,522.5,196.5,0.995
4965,548.5,210.5,0.995
4966,576.5,228.5,0.996
4967,602.5,246.5,0.997
4968,628.5,268.5,0.997
4969,652.5,284.5,0.987
4970,680.5,314.5,0.992
4971,704.5,308.5,0.995
4972,732.5,298.5,0.993
4973,760.5,294.5,0.997
4974,786.5,290.5,0.995
4975,810.5,288.5,0.994
4976,838.5,290.5,0.996
4977,864.5,294.5,0.998
4978,890.5,302.5,0.993
4979,918.5,312.5,0.999
4980,938.5,324.5,0.994
4981,974.5,344.5,0.997
4982,994.5,362.5,0.996
4983,1012.5,378.5,0.997
4984,1028.5,396.5,0.998
4985,996.5,366.5,0.997
4987,910.5,298.5,0.986
4988,870.5,270.5,0.998
4989,834.5,248.5,0.998
4990,796.5,230.5,0.998
4991,758.5,216.5,0.998
4992,726.5,206.5,0.996
4993,690.5,200.5,0.997
4994,658.5,196.5,0.995
4995,628.5,198.5,0.996
4996,598.5,200.5,0.995
4997,570.5,206.5,0.993
4998,546.5,212.5,0.995
4999,520.5,222.5,0.996
5000,498.5,232.5,0.997
5001,478.5,248.5,0.996
5002,458.5,262.5,0.997
5003,436.5,278.5,0.997
5004,418.5,264.5,0.997
5005,400.5,244.5,0.997
5006,386.5,228.5,0.997
5007,370.5,214.5,0.997
5008,356.5,202.5,0.996
5009,342.5,194.5,0.997
5010,326.5,186.5,0.997
5011,314.5,184.5,0.996
5012,302.5,182.5,0.998
5013,288.5,184.5,0.997
5014,278.5,188.5,0.997
5015,508.5,496.5,0.519
5016,324.5,188.5,0.927
5017,350.5,182.5,0.997
5018,382.5,184.5,0.996
5019,416.5,190.5,0.995
5020,450.5,196.5,0.997
5021,490.5,208.5,0.998
5022,524.5,220.5,0.996
5023,560.5,238.5,0.998
5024,592.5,254.5,0.994
5025,624.5,276.5,0.993
5028,718.5,332.5,0.994
5029,758.5,310.5,0.994
5030,790.5,302.5,0.996
5031,822.5,292.5,0.994
5032,854.5,290.5,0.995
5033,886.5,288.5,0.995
5034,914.5,288.5,0.993
5035,950.5,292.5,0.995
5036,978.5,300.5,0.941
5037,1014.5,314.5,0.996
5038,1044.5,330.5,0.996
5039,1074.5,346.5,0.996
5040,1052.5,328.5,0.988
5041,1010.5,300.5,0.995
5042,964.5,266.5,0.742
5045,848.5,212.5,0.996
5046,810.5,200.5,0.997
5047,776.5,194.5,0.995
5048,742.5,188.5,0.997
5049,710.5,188.5,0.997
5050,680.5,190.5,0.997
5051,650.5,194.5,0.995
5052,624.5,198.5,0.997
5053,600.5,208.5,0.995
5054,574.5,218.5,0.996
5055,552.5,230.5,0.996
5056,528.5,244.5,0.995
5057,510.5,258.5,0.997
5058,488.5,274.5,0.997
5059,472.5,260.5,0.997
5060,456.5,240.5,0.994
5061,442.5,218.5,0.996
5062,430.5,208.5,0.998
5063,418.5,194.5,0.999
5064,406.5,186.5,0.998
5065,392.5,178.5,0.997
5066,380.5,176.5,0.997
5067,368.5,174.5,0.995
5068,358.5,174.5,0.998
5069,350.5,178.5,0.996
5072,364.5,178.5,0.913
5073,382.5,174.5,0.745
5074,404.5,172.5,0.997
5075,424.5,174.5,0.996
5076,446.5,180.5,0.995
5077,468.5,186.5,0.998
5078,488.5,194.5,0.997
5079,514.5,210.5,0.997
5080,536.5,226.5,0.997
5081,560.5,244.5,0.995
5085,660.5,356.5,0.994
5086,674.5,346.5,0.911
5087,696.5,330.5,0.993
5088,710.5,322.5,0.993
5089,734.5,316.5,0.98
5090,754.5,310.5,0.994
5091,778.5,310.5,0.994
5092,800.5,310.5,0.994
5093,820.5,316.5,0.992
5094,838.5,324.5,0.994
5095,862.5,338.5,0.983
5096,880.5,352.5,0.993
5097,902.5,372.5,0.995
5098,926.5,400.5,0.997
5099,942.5,418.5,0.995
5100,926.5,402.5,0.973
5101,880.5,348.5,0.995
5102,838.5,308.5,0.995
5104,770.5,252.5,0.997
5105,744.5,236.5,0.997
5106,716.5,220.5,0.995
5107,688.5,210.5,0.992
5108,662.5,202.5,0.995
5109,638.5,196.5,0.995
5110,612.5,196.5,0.995
5111,592.5,198.5,0.997
5112,572.5,202.5,0.994
5113,554.5,210.5,0.994
5114,538.5,220.5,0.996
5115,522.5,232.5,0.995
5116,506.5,244.5,0.996
5117,494.5,262.5,0.998
5118,482.5,274.5,0.998
5119,470.5,282.5,0.993
5120,462.5,256.5,0.994
5121,452.5,230.5,0.995
5122,446.5,214.5,0.998
5123,440.5,198.5,0.999
5124,434.5,184.5,0.998
5125,430.5,176.5,0.998
5126,424.5,168.5,0.997
5127,418.5,162.5,0.996
5128,414.5,160.5,0.998
5129,412.5,160.5,0.998
5130,432.5,156.5,0.994
5131,456.5,152.5,0.994
5132,482.5,150.5,0.997
5133,510.5,150.5,0.997
5134,534.5,154.5,0.997
5135,560.5,162.5,0.993
5136,588.5,168.5,0.996
5137,614.5,180.5,0.996
5138,638.5,194.5,0.993
5139,672.5,214.5,0.997
5140,692.5,230.5,0.998
5141,722.5,256.5,0.997
5142,748.5,282.5,0.994
5143,770.5,302.5,0.995
5144,798.5,340.5,0.993
5145,818.5,370.5,0.994
5146,842.5,362.5,0.996
5147,868.5,348.5,0.995
5148,888.5,340.5,0.993
5149,916.5,328.5,0.997
5150,936.5,324.5,0.995
5151,964.5,320.5,0.995
5152,986.5,322.5,0.995
5153,1010.5,324.5,0.994
5154,1032.5,330.5,0.994
5155,1056.5,340.5,0.994
5157,1094.5,366.5,0.994
5159,996.5,296.5,0.992
5160,942.5,258.5,0.996
5161,894.5,192.5,0.846
5162,848.5,214.5,0.997
5163,812.5,198.5,0.997
5164,780.5,192.5,0.994
5165,754.5,186.5,0.996
5166,724.5,186.5,0.997
5167,698.5,186.5,0.995
5168,676.5,192.5,0.997
5169,650.5,200.5,0.996
5170,634.5,208.5,0.997
5171,618.5,218.5,0.997
5172,602.5,232.5,0.997
5173,590.5,242.5,0.997
5174,576.5,258.5,0.997
5175,566.5,236.5,0.996
5176,560.5,220.5,0.998
5177,550.5,198.5,0.998
5178,542.5,182.5,0.998
5179,536.5,168.5,0.998
5180,526.5,156.5,0.997
5181,520.5,146.5,0.997
5182,514.5,142.5,0.997
5183,508.5,138.5,0.996
5184,514.5,134.5,0.996
5185,526.5,130.5,0.997
5186,538.5,128.5,0.997
5187,552.5,128.5,0.997
5188,566.5,128.5,0.997
5189,580.5,132.5,0.996
5190,594.5,140.5,0.997
5191,610.5,152.5,0.999
5192,626.5,166.5,0.998
5193,640.5,182.5,0.997
5194,656.5,198.5,0.995
5195,672.5,226.5,0.996
5196,690.5,256.5,0.976
5197,696.5,272.5,0.99
5199,728.5,346.5,0.993
5200,742.5,386.5,0.965
5201,758.5,426.5,0.996
5202,774.5,418.5,0.996
5203,790.5,404.5,0.995
5204,804.5,392.5,0.959
5205,822.5,384.5,0.994
5207,388.5,188.5,0.938
5209,702.5,276.5,0.936
5210,676.5,262.5,0.998
5211,638.5,242.5,0.996
5212,612.5,232.5,0.997
5213,586.5,226.5,0.987
5214,564.5,222.5,0.995
5215,542.5,222.5,0.979
5216,522.5,226.5,0.995
5217,506.5,230.5,0.995
5218,492.5,236.5,0.993
5219,480.5,244.5,0.997
5220,466.5,258.5,0.998
5221,458.5,268.5,0.997
5222,450.5,274.5,0.997
5223,440.5,246.5,0.996
5224,428.5,224.5,0.996
5225,418.5,208.5,0.999
5226,412.5,194.5,0.997
5227,402.5,180.5,0.998
5228,398.5,172.5,0.997
5229,390.5,164.5,0.995
5230,386.5,160.5,0.998
5231,398.5,156.5,0.997
5232,414.5,152.5,0.997
5233,432.5,150.5,0.997
5234,450.5,150.5,0.997
5235,470.5,154.5,0.997
5236,490.5,156.5,0.996
5237,514.5,166.5,0.997
5238,532.5,176.5,0.996
5239,554.5,188.5,0.992
5240,578.5,204.5,0.996
5241,600.5,224.5,0.991
5242,624.5,246.5,0.995
5243,644.5,266.5,0.996
5246,718.5,354.5,0.561
5247,740.5,346.5,0.993
5248,760.5,330.5,0.994
5249,778.5,322.5,0.993
5250,802.5,308.5,0.994
5251,826.5,304.5,0.996
5252,844.5,302.5,0.994
5253,868.5,298.5,0.997
5254,888.5,302.5,0.892
5260,528.5,258.5,0.995
5261,448.5,260.5,0.995
5262,406.5,262.5,0.974
5264,278.5,258.5,0.993
5265,248.5,238.5,0.992
5266,206.5,212.5,0.98
5267,174.5,198.5,0.994
5270,90.5,170.5,0.993
5271,88.5,162.5,0.992
5272,102.5,162.5,0.995
5273,114.5,164.5,0.996
5274,128.5,166.5,0.997
5275,138.5,172.5,0.997
5276,150.5,178.5,0.997
5277,162.5,186.5,0.998
5278,178.5,198.5,0.998
5279,194.5,212.5,0.997
5280,208.5,228.5,0.997
5281,226.5,246.5,0.997
5282,240.5,266.5,0.995
5283,260.5,294.5,0.993
5284,276.5,320.5,0.997
5285,290.5,346.5,0.974
5286,308.5,370.5,0.633
5287,326.5,404.5,0.527
5304,338.5,176.5,0.988
5310,400.5,166.5,0.563
5312,396.5,150.5,0.961
5320,354.5,184.5,0.848
5325,850.5,598.5,0.614
5329,712.5,294.5,0.94
5333,344.5,206.5,0.985
5338,310.5,196.5,0.944
5346,814.5,650.5,0.522
5370,576.5,568.5,0.951
5373,198.5,204.5,0.986
5375,192.5,206.5,0.987
5383,232.5,562.5,0.624
5397,230.5,564.5,0.569
5418,852.5,356.5,0.949
5439,786.5,488.5,0.959
5474,170.5,234.5,0.537
5486,924.5,166.5,0.504
5495,332.5,198.5,0.627
5497,332.5,194.5,0.876
5498,330.5,196.5,0.869
5515,966.5,502.5,0.957
5518,350.5,182.5,0.628
5519,350.5,202.5,0.987
5554,404.5,562.5,0.521
5556,348.5,214.5,0.948
5557,904.5,266.5,0.978
5558,906.5,258.5,0.77
5559,910.5,248.5,0.989
5560,914.5,246.5,0.992
5561,334.5,582.5,0.668
5563,912.5,272.5,0.819
5564,910.5,286.5,0.988
5565,910.5,300.5,0.995
5566,908.5,322.5,0.984
5567,904.5,342.5,0.951
5568,902.5,372.5,0.978
5570,894.5,438.5,0.996
5571,848.5,440.5,0.993
5572,802.5,430.5,0.993
5573,758.5,426.5,0.993
5574,716.5,400.5,0.992
5575,670.5,352.5,0.993
5576,638.5,324.5,0.993
5577,602.5,298.5,0.994
5578,574.5,280.5,0.993
5579,550.5,266.5,0.997
5580,526.5,258.5,0.995
5581,500.5,250.5,0.997
5582,482.5,250.5,0.996
5583,460.5,248.5,0.996
5584,440.5,250.5,0.997
5585,424.5,250.5,0.996
5586,408.5,258.5,0.996
5587,390.5,238.5,0.995
5588,374.5,226.5,0.997
5589,364.5,210.5,0.997
5590,350.5,202.5,0.996
5591,364.5,200.5,0.994
5592,388.5,200.5,0.996
5593,414.5,202.5,0.996
5594,438.5,206.5,0.996
5595,468.5,214.5,0.997
5596,496.5,224.5,0.994
5597,522.5,234.5,0.997
5598,552.5,250.5,0.995
5599,578.5,264.5,0.996
5600,602.5,286.5,0.994
5601,634.5,308.5,0.995
5602,660.5,334.5,0.995
5603,690.5,340.5,0.996
5604,718.5,334.5,0.994
5605,742.5,332.5,0.994
5606,772.5,336.5,0.992
5607,798.5,340.5,0.996
5608,826.5,348.5,0.995
5609,854.5,356.5,0.995
5610,880.5,372.5,0.994
5611,908.5,388.5,0.997
5612,854.5,356.5,0.993
5613,806.5,330.5,0.992
5614,756.5,302.5,0.992
5615,710.5,284.5,0.996
5616,674.5,270.5,0.995
5617,624.5,256.5,0.994
5618,590.5,248.5,0.996
5619,556.5,244.5,0.997
5620,520.5,244.5,0.993
5621,494.5,244.5,0.995
5622,464.5,246.5,0.997
5623,436.5,250.5,0.996
5624,408.5,264.5,0.996
5625,390.5,268.5,0.996
5626,366.5,282.5,0.996
5627,342.5,282.5,0.995
5628,324.5,268.5,0.996
5629,306.5,248.5,0.995
5630,288.5,232.5,0.994
5631,270.5,218.5,0.996
5632,254.5,216.5,0.707
5633,238.5,206.5,0.98
5634,226.5,200.5,0.997
5636,204.5,198.5,0.981
5638,282.5,200.5,0.987
5639,332.5,204.5,0.995
5640,382.5,212.5,0.995
5641,430.5,228.5,0.993
5642,494.5,250.5,0.992
5643,554.5,270.5,0.993
5644,594.5,294.5,0.995
5645,656.5,326.5,0.976
5646,708.5,360.5,0.96
5647,770.5,398.5,0.57
5648,816.5,424.5,0.901
5651,1008.5,418.5,0.826
5660,822.5,124.5,0.949
5661,788.5,106.5,0.998
5662,754.5,92.5,0.997
5663,720.5,82.5,0.994
5664,692.5,74.5,0.997
5665,666.5,72.5,0.993
5666,638.5,70.5,0.998
5667,614.5,74.5,0.997
5668,594.5,80.5,0.995
5669,574.5,86.5,0.998
5670,554.5,96.5,0.996
5671,540.5,106.5,0.996
5672,526.5,118.5,0.997
5673,512.5,132.5,0.997
5674,498.5,148.5,0.997
5675,488.5,162.5,0.998
5676,478.5,178.5,0.997
5677,470.5,194.5,0.997
5678,462.5,212.5,0.997
5679,452.5,220.5,0.996
5680,444.5,196.5,0.998
5681,436.5,174.5,0.997
5682,432.5,156.5,0.996
5683,424.5,138.5,0.997
5684,420.5,122.5,0.997
5685,414.5,112.5,0.998
5686,410.5,102.5,0.998
5687,406.5,96.5,0.996
5688,402.5,90.5,0.997
5689,398.5,88.5,0.997
5690,394.5,88.5,0.997
5691,388.5,92.5,0.949
5694,448.5,112.5,0.986
5695,476.5,122.5,0.995
5696,500.5,136.5,0.997
5697,530.5,154.5,0.997
5698,562.5,178.5,0.995
5699,594.5,204.5,0.997
5700,626.5,232.5,0.993
5701,650.5,256.5,0.984
5702,686.5,294.5,0.993
5703,712.5,322.5,0.992
5704,740.5,310.5,0.994
5705,772.5,306.5,0.995
5706,806.5,300.5,0.996
5707,838.5,298.5,0.995
5708,876.5,296.5,0.994
5709,906.5,302.5,0.996
5710,950.5,312.5,0.997
5711,978.5,324.5,0.996
5712,1014.5,340.5,0.994
5713,1046.5,354.5,0.996
5714,1010.5,322.5,0.613
5715,948.5,264.5,0.943
5717,854.5,206.5,0.994
5718,818.5,186.5,0.996
5719,780.5,168.5,0.997
5720,742.5,154.5,0.996
5721,706.5,146.5,0.995
5722,674.5,142.5,0.997
5723,642.5,140.5,0.997
5724,610.5,142.5,0.996
5725,580.5,146.5,0.996
5726,554.5,154.5,0.994
5727,530.5,164.5,0.996
5728,506.5,176.5,0.996
5729,486.5,188.5,0.997
5730,464.5,204.5,0.993
5731,446.5,220.5,0.995
5732,426.5,242.5,0.996
5733,410.5,258.5,0.994
5734,398.5,278.5,0.998
5735,380.5,258.5,0.995
5736,366.5,238.5,0.989
5737,354.5,218.5,0.996
5738,338.5,202.5,0.997
5739,326.5,188.5,0.998
5740,310.5,174.5,0.996
5741,296.5,166.5,0.993
5742,286.5,160.5,0.992
5743,274.5,156.5,0.995
5744,262.5,154.5,0.998
5746,358.5,160.5,0.736
5747,408.5,180.5,0.898
5748,438.5,190.5,0.984
5750,718.5,340.5,0.918
5751,782.5,324.5,0.599
5752,872.5,316.5,0.997
5753,912.5,310.5,0.995
5755,1122.5,306.5,0.739
5761,930.5,80.5,0.983
5762,316.5,128.5,0.935
5763,848.5,34.5,0.988
5764,806.5,16.5,0.983
5773,534.5,6.5,0.795
5774,508.5,24.5,0.996
5775,492.5,38.5,0.997
5776,472.5,52.5,0.996
5777,454.5,70.5,0.998
5778,440.5,86.5,0.998
5779,428.5,106.5,0.996
5780,414.5,126.5,0.994
5781,402.5,148.5,0.995
5785,364.5,230.5,0.995
5794,314.5,254.5,0.947
5795,312.5,248.5,0.995
5796,308.5,242.5,0.998
5797,306.5,236.5,0.982
5798,302.5,236.5,0.994
5799,298.5,234.5,0.996
5800,294.5,236.5,0.996
5801,292.5,240.5,0.995
5802,288.5,244.5,0.994
5803,288.5,250.5,0.997
5804,292.5,258.5,0.995
5805,1096.5,386.5,0.996
5806,456.5,592.5,0.658
5808,462.5,578.5,0.835
5809,466.5,570.5,0.983
5810,474.5,562.5,0.983
5811,472.5,550.5,0.975
5812,476.5,540.5,0.988
5813,478.5,530.5,0.713
5814,630.5,532.5,0.504
5815,484.5,506.5,0.702
5817,386.5,174.5,0.931
5819,494.5,466.5,0.839
5820,494.5,460.5,0.506
5844,336.5,194.5,0.99
5853,438.5,500.5,0.658
5854,444.5,506.5,0.818
5855,304.5,220.5,0.959
5865,416.5,498.5,0.978
5866,416.5,494.5,0.982
5867,414.5,484.5,0.596
5872,398.5,460.5,0.795
5880,364.5,418.5,0.984
5883,336.5,420.5,0.614
5884,326.5,418.5,0.775
5886,310.5,418.5,0.806
5889,290.5,470.5,0.919
5890,274.5,466.5,0.951
5891,258.5,460.5,0.868
5892,246.5,456.5,0.982
5893,238.5,454.5,0.921
5894,230.5,450.5,0.992
5895,224.5,444.5,0.647
5896,222.5,438.5,0.832
5910,260.5,432.5,0.82
5929,102.5,410.5,0.994
5930,94.5,422.5,0.99
5931,84.5,434.5,0.771
5932,74.5,450.5,0.995
5933,64.5,458.5,0.989
5939,52.5,434.5,0.892
5942,150.5,486.5,0.68
5961,422.5,206.5,0.941
5962,418.5,206.5,0.996
5963,414.5,206.5,0.996
5964,412.5,204.5,0.992
5965,406.5,200.5,0.6
5967,398.5,202.5,0.996
5968,396.5,198.5,0.932
5972,384.5,196.5,0.989
5974,380.5,194.5,0.939
5981,366.5,192.5,0.914
5982,366.5,192.5,0.995
5983,364.5,190.5,0.973
5984,364.5,182.5,0.994
5985,362.5,166.5,0.618
5991,380.5,142.5,0.958
5992,390.5,156.5,0.994
5993,408.5,170.5,0.996
5994,426.5,188.5,0.995
5995,446.5,204.5,0.987
5996,440.5,204.5,0.98
5997,496.5,264.5,0.997
5998,508.5,256.5,0.996
5999,420.5,198.5,0.995
6000,538.5,234.5,0.997
6001,554.5,224.5,0.996
6002,572.5,218.5,0.994
6003,384.5,208.5,0.996
6004,606.5,214.5,0.995
6005,622.5,216.5,0.997
6006,642.5,222.5,0.994
6007,656.5,228.5,0.997
6008,676.5,238.5,0.997
6009,692.5,252.5,0.998
6010,708.5,266.5,0.997
6011,724.5,282.5,0.998
6012,744.5,304.5,0.994
6013,758.5,326.5,0.991
6014,774.5,346.5,0.997
6015,790.5,330.5,0.994
6016,804.5,322.5,0.997
6017,824.5,312.5,0.994
6018,840.5,306.5,0.997
6019,856.5,302.5,0.997
6020,872.5,300.5,0.997
6021,890.5,304.5,0.996
6022,906.5,306.5,0.995
6023,918.5,316.5,0.995
6024,936.5,328.5,0.993
6025,336.5,220.5,0.988
6026,334.5,222.5,0.987
6027,956.5,300.5,0.992
6028,958.5,286.5,0.979
6029,960.5,276.5,0.528
6030,958.5,262.5,0.996
6031,960.5,258.5,0.815
6032,958.5,250.5,0.995
6033,956.5,250.5,0.994
6034,952.5,260.5,0.951
6035,952.5,266.5,0.966
6036,950.5,276.5,0.99
6037,944.5,292.5,0.996
6039,936.5,332.5,0.992
6042,928.5,374.5,0.993
6043,930.5,378.5,0.996
6044,932.5,380.5,0.982
6047,336.5,202.5,0.922
6048,340.5,200.5,0.994
6059,1068.5,508.5,0.996
6060,1064.5,504.5,0.984
6061,1060.5,500.5,0.678
6062,1054.5,498.5,0.998
6063,1050.5,494.5,0.994
6065,1038.5,482.5,0.961
6066,1032.5,472.5,0.994
6070,1024.5,438.5,0.913
6071,1026.5,430.5,0.885
6072,1028.5,422.5,0.916
6073,1032.5,420.5,0.995
6074,1040.5,418.5,0.915
6077,174.5,426.5,0.579
6079,154.5,394.5,0.938
6081,694.5,342.5,0.565
6084,112.5,350.5,0.882
6088,1078.5,444.5,0.987
6089,1070.5,440.5,0.994
6091,1064.5,432.5,0.89
6092,1060.5,426.5,0.916
6093,1056.5,420.5,0.959
6099,198.5,424.5,0.573
6101,156.5,418.5,0.995
6103,164.5,432.5,0.986
6106,1040.5,450.5,0.972
6110,812.5,260.5,0.927
6115,324.5,558.5,0.753
6121,1006.5,300.5,0.95
6122,1008.5,286.5,0.993
6123,1010.5,274.5,0.993
6127,1006.5,276.5,0.983
6128,1006.5,288.5,0.95
6129,1002.5,298.5,0.997
6130,1000.5,316.5,0.992
6131,996.5,336.5,0.995
6132,990.5,354.5,0.992
6133,352.5,142.5,0.941
6134,346.5,118.5,0.778
6135,334.5,102.5,0.962
6136,324.5,94.5,0.948
6138,174.5,482.5,0.697
6148,1024.5,418.5,0.921
6152,1028.5,322.5,0.987
6157,322.5,194.5,0.971
6159,312.5,216.5,0.995
6162,1046.5,266.5,0.981
6165,1040.5,326.5,0.996
6166,1038.5,352.5,0.995
6180,1082.5,470.5,0.867
6189,1068.5,484.5,0.983
6195,1024.5,420.5,0.581
6200,1024.5,294.5,0.958
6201,1038.5,264.5,0.993
6202,1046.5,250.5,0.676
6204,302.5,144.5,0.99
6205,300.5,126.5,0.996
6206,298.5,108.5,0.995
6213,1078.5,322.5,0.811
6217,794.5,306.5,0.727
6218,802.5,304.5,0.659
6221,140.5,508.5,0.511
6225,264.5,194.5,0.92
6227,340.5,106.5,0.993
6228,348.5,110.5,0.996
6230,374.5,118.5,0.889
6231,210.5,184.5,0.982
6232,1026.5,390.5,0.713
6234,400.5,128.5,0.847
6237,1032.5,264.5,0.995
6238,1040.5,246.5,0.953
6241,138.5,508.5,0.6
6243,138.5,510.5,0.778
6245,138.5,510.5,0.82
6247,1038.5,266.5,0.955
6248,138.5,508.5,0.807
6249,1032.5,316.5,0.897
6250,138.5,510.5,0.86
6251,136.5,510.5,0.742
6252,136.5,508.5,0.53
6253,136.5,508.5,0.741
6254,138.5,508.5,0.775
6255,136.5,508.5,0.531
6256,138.5,510.5,0.924
6257,138.5,508.5,0.779
6258,136.5,508.5,0.656
6260,138.5,510.5,0.931
6262,138.5,510.5,0.737
6264,138.5,508.5,0.802
6265,1060.5,484.5,0.978
6266,1064.5,498.5,0.986
6267,1064.5,502.5,0.993
6268,1066.5,506.5,0.55
6269,1064.5,512.5,0.687
6270,1064.5,514.5,0.985
6271,1062.5,518.5,0.964
6272,1062.5,520.5,0.994
6273,1058.5,524.5,0.943
6274,1056.5,528.5,0.976
6275,1054.5,528.5,0.994
6276,1050.5,530.5,0.996
6277,1048.5,534.5,0.997
6278,1046.5,534.5,0.997
6279,1044.5,538.5,0.996
6280,1040.5,540.5,0.996
6281,1038.5,544.5,0.997
6282,1036.5,544.5,0.997
6283,1030.5,546.5,0.995
6284,1024.5,546.5,0.996
6285,1020.5,546.5,0.947
6286,210.5,188.5,0.944
6287,214.5,190.5,0.939
6288,216.5,192.5,0.511
6291,320.5,152.5,0.801
6295,324.5,144.5,0.586
6298,910.5,308.5,0.669
6300,916.5,286.5,0.994
6301,918.5,276.5,0.994
6302,920.5,272.5,0.994
6303,922.5,272.5,0.997
6304,920.5,280.5,0.983
6305,920.5,290.5,0.994
6307,918.5,316.5,0.991
6308,104.5,480.5,0.87
6309,928.5,450.5,0.571
6311,908.5,404.5,0.73
6312,908.5,434.5,0.991
6313,860.5,444.5,0.994
6314,818.5,434.5,0.986
6315,762.5,420.5,0.994
6316,722.5,394.5,0.992
6317,686.5,350.5,0.995
6318,650.5,320.5,0.993
6319,614.5,292.5,0.996
6320,596.5,280.5,0.995
6321,564.5,260.5,0.997
6322,540.5,250.5,0.995
6323,516.5,244.5,0.994
6324,498.5,240.5,0.993
6325,478.5,238.5,0.984
6326,460.5,242.5,0.996
6327,444.5,244.5,0.997
6328,430.5,242.5,0.996
6329,410.5,218.5,0.996
6330,396.5,206.5,0.997
6331,384.5,196.5,0.996
6332,400.5,194.5,0.997
6333,140.5,508.5,0.995
6334,458.5,200.5,0.996
6335,486.5,208.5,0.997
6336,514.5,216.5,0.997
6337,542.5,228.5,0.996
6338,566.5,242.5,0.997
6339,140.5,508.5,0.994
6340,622.5,276.5,0.996
6341,654.5,302.5,0.995
6342,680.5,326.5,0.996
6343,710.5,348.5,0.996
6344,740.5,346.5,0.996
6345,772.5,346.5,0.996
6346,140.5,508.5,0.996
6347,142.5,508.5,0.995
6348,860.5,370.5,0.996
6349,142.5,508.5,0.995
6350,932.5,408.5,0.997
6351,140.5,508.5,0.995
6352,140.5,508.5,0.995
6353,140.5,508.5,0.996
6354,142.5,508.5,0.995
6355,140.5,508.5,0.995
6356,718.5,306.5,0.995
6357,140.5,508.5,0.995
6358,140.5,508.5,0.995
6359,618.5,290.5,0.994
6360,590.5,292.5,0.996
6361,566.5,298.5,0.995
6362,552.5,300.5,0.997
6363,558.5,304.5,0.997
6364,564.5,310.5,0.998
6365,570.5,318.5,0.996
6366,580.5,328.5,0.997
6367,586.5,322.5,0.997
6368,592.5,320.5,0.997
6369,598.5,314.5,0.995
6370,140.5,508.5,0.995
6371,610.5,320.5,0.998
6372,616.5,324.5,0.997
6373,620.5,334.5,0.997
6374,626.5,344.5,0.997
6375,634.5,344.5,0.996
6376,640.5,338.5,0.998
6377,646.5,336.5,0.997
6378,654.5,336.5,0.998
6379,660.5,338.5,0.997
6380,664.5,344.5,0.998
6381,670.5,352.5,0.998
6382,676.5,362.5,0.996
6383,684.5,358.5,0.998
6384,688.5,356.5,0.998
6385,696.5,354.5,0.997
6386,702.5,356.5,0.999
6387,708.5,358.5,0.997
6388,714.5,368.5,0.998
6389,718.5,374.5,0.998
6390,140.5,508.5,0.995
6391,732.5,374.5,0.998
6392,738.5,374.5,0.998
6393,744.5,374.5,0.997
6394,750.5,378.5,0.997
6395,756.5,386.5,0.997
6396,762.5,394.5,0.996
6397,768.5,392.5,0.996
6398,774.5,388.5,0.996
6399,782.5,390.5,0.998
6400,786.5,392.5,0.997
6401,792.5,400.5,0.998
6402,798.5,408.5,0.997
6403,804.5,410.5,0.995
6404,812.5,406.5,0.996
6405,814.5,408.5,0.994
6406,140.5,508.5,0.992
6407,826.5,414.5,0.997
6408,138.5,508.5,0.994
6409,140.5,508.5,0.986
6410,138.5,506.5,0.836
6413,140.5,508.5,0.942
6414,754.5,278.5,0.996
6415,738.5,252.5,0.995
6416,720.5,224.5,0.986
6417,704.5,202.5,0.995
6418,688.5,184.5,0.996
6419,672.5,170.5,0.998
6420,658.5,162.5,0.996
6421,640.5,154.5,0.998
6422,626.5,152.5,0.995
6423,614.5,152.5,0.996
6424,600.5,154.5,0.996
6425,590.5,160.5,0.997
6426,576.5,170.5,0.996
6427,568.5,178.5,0.997
6428,558.5,194.5,0.997
6429,548.5,206.5,0.995
6430,538.5,224.5,0.998
6431,534.5,236.5,0.993
6432,520.5,258.5,0.994
6433,518.5,282.5,0.996
6434,508.5,270.5,0.996
6435,504.5,246.5,0.995
6436,496.5,226.5,0.998
6437,492.5,210.5,0.998
6438,486.5,192.5,0.998
6439,482.5,178.5,0.999
6440,478.5,168.5,0.998
6441,472.5,160.5,0.998
6442,468.5,154.5,0.996
6443,462.5,152.5,0.997
6444,460.5,152.5,0.998
6445,456.5,154.5,0.997
6446,454.5,160.5,0.998
6447,450.5,168.5,0.998
6448,448.5,178.5,0.998
6449,446.5,188.5,0.998
6450,446.5,200.5,0.999
6451,442.5,216.5,0.997
6452,444.5,232.5,0.983
6453,442.5,236.5,0.944
6454,434.5,216.5,0.998
6455,430.5,202.5,0.999
6456,426.5,188.5,0.997
6457,422.5,176.5,0.998
6458,418.5,168.5,0.996
6459,414.5,160.5,0.997
6460,412.5,156.5,0.998
6461,410.5,150.5,0.995
6462,406.5,154.5,0.993
6463,398.5,152.5,0.983
6464,396.5,146.5,0.992
6467,384.5,146.5,0.994
6470,114.5,468.5,0.59
6473,366.5,184.5,0.995
6474,362.5,192.5,0.995
6475,358.5,196.5,0.995
6476,354.5,202.5,0.989
6477,350.5,208.5,0.994
6478,346.5,210.5,0.995
6479,340.5,214.5,0.993
6480,334.5,218.5,0.997
6481,330.5,224.5,0.997
6482,326.5,228.5,0.995
6483,320.5,232.5,0.994
6484,318.5,234.5,0.989
6485,310.5,236.5,0.996
6486,304.5,240.5,0.996
6487,300.5,242.5,0.997
6488,298.5,242.5,0.996
6489,294.5,244.5,0.996
6490,290.5,246.5,0.998
6491,286.5,250.5,0.997
6492,286.5,252.5,0.994
6493,282.5,252.5,0.996
6494,280.5,254.5,0.997
6495,280.5,254.5,0.996
6496,280.5,258.5,0.996
6497,282.5,260.5,0.996
6498,282.5,262.5,0.997
6499,282.5,264.5,0.996
6500,284.5,262.5,0.996
6501,282.5,258.5,0.997
6502,276.5,250.5,0.997
6503,272.5,232.5,0.999
6504,270.5,218.5,0.997
6505,266.5,202.5,0.997
6506,264.5,186.5,0.999
6507,262.5,176.5,0.998
6508,262.5,168.5,0.997
6509,262.5,160.5,0.998
6510,264.5,156.5,0.993
6512,260.5,158.5,0.996
6513,260.5,162.5,0.998
6514,262.5,170.5,0.998
6515,262.5,178.5,0.998
6516,264.5,188.5,0.999
6517,266.5,204.5,0.996
6518,270.5,218.5,0.999
6519,280.5,234.5,0.994
6520,316.5,250.5,0.945
6521,356.5,276.5,0.882
6522,382.5,270.5,0.993
6523,412.5,262.5,0.992
6524,440.5,260.5,0.992
6525,470.5,260.5,0.992
6526,498.5,258.5,0.995
6527,528.5,262.5,0.997
6528,564.5,266.5,0.995
6529,596.5,280.5,0.996
6530,620.5,290.5,0.995
6531,654.5,306.5,0.995
6532,684.5,326.5,0.995
6533,714.5,348.5,0.993
6534,738.5,346.5,0.996
6535,770.5,330.5,0.995
6536,796.5,328.5,0.995
6537,822.5,324.5,0.994
6538,848.5,326.5,0.993
6539,872.5,330.5,0.821
6540,906.5,340.5,0.994
6542,906.5,324.5,0.995
6543,880.5,304.5,0.996
6544,850.5,284.5,0.997
6545,808.5,260.5,0.966
6546,778.5,246.5,0.997
6547,756.5,238.5,0.996
6548,728.5,232.5,0.996
6549,702.5,226.5,0.994
6550,676.5,226.5,0.997
6551,648.5,226.5,0.996
6552,630.5,230.5,0.995
6553,610.5,234.5,0.995
6554,592.5,242.5,0.997
6555,574.5,250.5,0.993
6556,556.5,262.5,0.997
6557,542.5,270.5,0.995
6558,528.5,250.5,0.997
6559,514.5,232.5,0.998
6560,504.5,218.5,0.998
6561,494.5,208.5,0.997
6562,482.5,198.5,0.997
6563,472.5,190.5,0.998
6564,462.5,186.5,0.999
6565,478.5,186.5,0.997
6566,508.5,184.5,0.996
6567,538.5,184.5,0.996
6568,568.5,188.5,0.997
6569,600.5,194.5,0.995
6570,632.5,204.5,0.997
6571,666.5,216.5,0.996
6572,692.5,228.5,0.996
6573,724.5,244.5,0.996
6574,754.5,262.5,0.997
6575,790.5,286.5,0.994
6576,814.5,308.5,0.995
6577,848.5,334.5,0.992
6578,870.5,330.5,0.994
6579,904.5,320.5,0.993
6581,962.5,310.5,0.994
6582,996.5,308.5,0.99
6583,1024.5,310.5,0.995
6584,1052.5,318.5,0.988
6585,1082.5,324.5,0.993
6586,1108.5,336.5,0.983
6590,864.5,218.5,0.995
6591,818.5,206.5,0.996
6592,772.5,194.5,0.998
6593,726.5,188.5,0.997
6594,684.5,184.5,0.997
6595,642.5,184.5,0.997
6596,602.5,188.5,0.994
6597,570.5,194.5,0.995
6598,538.5,202.5,0.995
6599,508.5,212.5,0.996
6600,482.5,226.5,0.996
6601,450.5,242.5,0.996
6602,430.5,258.5,0.994
6603,406.5,254.5,0.995
6604,386.5,232.5,0.998
6605,366.5,212.5,0.997
6606,350.5,198.5,0.996
6607,328.5,186.5,0.981
6608,308.5,176.5,0.798
6609,296.5,170.5,0.932
6610,278.5,164.5,0.996
6611,262.5,162.5,0.962
6613,256.5,166.5,0.932
6615,378.5,176.5,0.546
6616,446.5,188.5,0.993
6617,510.5,206.5,0.993
6618,570.5,224.5,0.996
6619,632.5,248.5,0.994
6620,690.5,274.5,0.995
6621,772.5,316.5,0.914
6622,820.5,346.5,0.989
6623,884.5,342.5,0.688
6624,974.5,332.5,0.992
6625,1038.5,324.5,0.994
6627,1170.5,320.5,0.865
6628,1240.5,322.5,0.88
6631,1110.5,168.5,0.895
6632,358.5,118.5,0.817
6645,608.5,6.5,0.509
6646,578.5,20.5,0.993
6647,550.5,38.5,0.996
6648,522.5,58.5,0.996
6649,500.5,78.5,0.996
6650,478.5,102.5,0.997
6651,454.5,128.5,0.993
6652,430.5,160.5,0.993
6653,414.5,184.5,0.995
6654,396.5,212.5,0.997
6655,378.5,242.5,0.995
6656,360.5,274.5,0.994
6657,344.5,306.5,0.876
6658,330.5,292.5,0.993
6659,316.5,266.5,0.995
6660,298.5,230.5,0.995
6661,284.5,208.5,0.565
6662,272.5,186.5,0.804
6663,256.5,168.5,0.995
6664,244.5,154.5,0.997
6665,230.5,140.5,0.997
6666,214.5,130.5,0.983
6667,202.5,124.5,0.995
6668,194.5,122.5,0.993
6669,182.5,120.5,0.996
6670,170.5,120.5,0.997
6671,162.5,126.5,0.996
6672,152.5,132.5,0.996
6673,146.5,146.5,0.997
6674,138.5,156.5,0.996
6675,132.5,174.5,0.998
6676,126.5,192.5,0.996
6677,152.5,194.5,0.964
6678,198.5,178.5,0.942
6679,250.5,162.5,0.957
6680,298.5,154.5,0.994
6681,354.5,146.5,0.998
6682,404.5,146.5,0.998
6683,456.5,148.5,0.998
6684,502.5,152.5,0.997
6685,552.5,162.5,0.997
6686,598.5,174.5,0.997
6687,642.5,188.5,0.996
6688,682.5,206.5,0.996
6689,726.5,228.5,0.996
6690,760.5,248.5,0.997
6691,794.5,268.5,0.995
6692,834.5,302.5,0.995
6693,856.5,320.5,0.992
6694,890.5,332.5,0.988
6695,938.5,298.5,0.994
6698,140.5,508.5,0.878
6699,1052.5,246.5,0.995
6702,1156.5,218.5,0.752
6703,1180.5,222.5,0.994
6704,1208.5,224.5,0.99
6705,1238.5,230.5,0.995
6706,1270.5,238.5,0.911
6707,1270.5,244.5,0.932
6710,1110.5,168.5,0.805
6713,918.5,100.5,0.981
6714,864.5,94.5,0.995
6715,804.5,86.5,0.996
6716,754.5,84.5,0.998
6717,704.5,84.5,0.998
6718,658.5,88.5,0.993
6719,616.5,94.5,0.997
6720,574.5,104.5,0.997
6721,536.5,114.5,0.997
6722,500.5,130.5,0.996
6723,468.5,142.5,0.997
6724,438.5,158.5,0.996
6725,412.5,176.5,0.996
6726,382.5,198.5,0.997
6727,356.5,216.5,0.996
6728,336.5,236.5,0.995
6732,266.5,334.5,0.706
6733,246.5,346.5,0.994
6734,228.5,330.5,0.969
6735,214.5,318.5,0.877
6736,196.5,304.5,0.917
6744,170.5,286.5,0.899
6745,178.5,288.5,0.996
6746,182.5,298.5,0.989
6749,200.5,328.5,0.995
6750,208.5,342.5,0.996
6751,214.5,360.5,0.995
6752,222.5,378.5,0.995
6754,218.5,370.5,0.994
6756,214.5,366.5,0.792
6757,214.5,368.5,0.994
6758,214.5,372.5,0.988
6759,214.5,374.5,0.986
6760,214.5,384.5,0.996
6761,214.5,392.5,0.996
6762,216.5,400.5,0.996
6763,212.5,400.5,0.996
6764,208.5,400.5,0.995
6765,206.5,400.5,0.995
6766,204.5,404.5,0.987
6767,204.5,408.5,0.99
6768,202.5,416.5,0.996
6769,200.5,420.5,0.986
6770,198.5,420.5,0.992
6771,194.5,422.5,0.996
6772,192.5,428.5,0.994
6773,190.5,430.5,0.995
6774,188.5,432.5,0.988
6775,184.5,434.5,0.983
6782,190.5,428.5,0.995
6783,192.5,422.5,0.997
6784,194.5,418.5,0.996
6785,198.5,414.5,0.997
6786,200.5,412.5,0.996
6787,202.5,406.5,0.996
6788,204.5,404.5,0.993
6803,96.5,328.5,0.994
6804,98.5,88.5,0.501
6819,286.5,250.5,0.701
6826,140.5,510.5,0.591
6830,232.5,556.5,0.667
6837,332.5,232.5,0.976
6839,348.5,222.5,0.509
6840,354.5,216.5,0.666
6842,364.5,206.5,0.802
6843,222.5,556.5,0.935
6849,396.5,184.5,0.892
6850,412.5,208.5,0.99
6856,218.5,558.5,0.932
6857,224.5,562.5,0.992
6863,220.5,558.5,0.938
6865,428.5,208.5,0.54
6871,222.5,558.5,0.993
6938,406.5,208.5,0.99
6939,400.5,208.5,0.991
6940,396.5,208.5,0.994
6941,396.5,206.5,0.996
6942,390.5,208.5,0.995
6943,388.5,208.5,0.997
6944,384.5,208.5,0.995
6945,380.5,210.5,0.996
6946,380.5,208.5,0.996
6947,374.5,210.5,0.995
6948,370.5,210.5,0.994
6949,366.5,212.5,0.991
6950,362.5,214.5,0.996
6951,358.5,216.5,0.995
6952,354.5,216.5,0.989
6953,350.5,218.5,0.993
6954,350.5,218.5,0.996
6955,350.5,216.5,0.995
6956,344.5,218.5,0.996
6958,340.5,218.5,0.954
6959,338.5,218.5,0.994
6962,338.5,218.5,0.935
6965,342.5,220.5,0.945
6969,348.5,224.5,0.89
6971,346.5,224.5,0.994
6972,348.5,224.5,0.985
6973,348.5,224.5,0.996
6974,348.5,224.5,0.997
6975,348.5,224.5,0.998
6976,350.5,222.5,0.998
6977,350.5,220.5,0.997
6978,350.5,218.5,0.995
6979,350.5,218.5,0.994
6980,352.5,216.5,0.993
6982,352.5,212.5,0.921
6983,350.5,214.5,0.952
6984,350.5,214.5,0.982
6985,348.5,216.5,0.992
6986,348.5,216.5,0.546
6987,348.5,218.5,0.995
6988,346.5,218.5,0.996
6989,350.5,218.5,0.996
6990,350.5,220.5,0.995
6991,350.5,222.5,0.996
6992,350.5,222.5,0.997
6993,350.5,222.5,0.996
6994,350.5,222.5,0.996
6995,348.5,222.5,0.997
6996,348.5,222.5,0.997
6997,350.5,222.5,0.996
6998,348.5,222.5,0.996
6999,348.5,222.5,0.995
7000,348.5,222.5,0.997
7001,348.5,222.5,0.996
7002,348.5,222.5,0.996
7003,348.5,222.5,0.996
7004,348.5,222.5,0.996
7005,348.5,222.5,0.996
7006,348.5,222.5,0.996
7007,348.5,222.5,0.996
7008,348.5,222.5,0.996
7009,348.5,222.5,0.996
7010,348.5,222.5,0.996
7011,348.5,222.5,0.996
7012,348.5,222.5,0.996
7013,348.5,222.5,0.996
7014,348.5,222.5,0.996
7015,348.5,222.5,0.996
7016,346.5,222.5,0.995
7017,346.5,222.5,0.994
7018,346.5,222.5,0.995
7019,346.5,222.5,0.994
7020,346.5,222.5,0.994
7021,346.5,222.5,0.995
7022,346.5,222.5,0.994
7023,346.5,222.5,0.995
7024,346.5,222.5,0.995
7025,346.5,222.5,0.995
7026,346.5,222.5,0.995
7027,346.5,222.5,0.995
7028,346.5,222.5,0.995
7029,346.5,222.5,0.995
7030,346.5,222.5,0.995
7031,346.5,222.5,0.995
7032,346.5,222.5,0.995
7033,346.5,222.5,0.996
7034,346.5,222.5,0.994
7035,346.5,222.5,0.995
7036,346.5,222.5,0.994
7037,346.5,222.5,0.993
7038,346.5,222.5,0.994
7039,346.5,222.5,0.993
7040,346.5,222.5,0.994
7041,346.5,222.5,0.995
7042,344.5,222.5,0.988
7043,346.5,220.5,0.993
7044,342.5,218.5,0.996
7045,342.5,216.5,0.991
7046,340.5,212.5,0.994
7047,340.5,210.5,0.997
7048,340.5,206.5,0.996
7049,336.5,204.5,0.989
7050,336.5,200.5,0.995
7051,336.5,196.5,0.992
7055,334.5,178.5,0.904
7056,334.5,174.5,0.969
7061,330.5,174.5,0.931
7062,332.5,180.5,0.855
7072,334.5,194.5,0.987
7073,334.5,192.5,0.872
7075,334.5,192.5,0.826
7076,332.5,192.5,0.652
7078,326.5,200.5,0.99
7080,1186.5,462.5,0.984
7084,316.5,224.5,0.862
7087,304.5,228.5,0.925
7088,300.5,234.5,0.995
7089,298.5,236.5,0.994
7090,294.5,238.5,0.993
7092,288.5,244.5,0.995
7093,284.5,244.5,0.978
7094,282.5,244.5,0.994
7095,282.5,248.5,0.989
7096,280.5,250.5,0.996
7097,280.5,252.5,0.997
7098,280.5,256.5,0.994
7099,280.5,260.5,0.992
7100,280.5,262.5,0.993
7101,282.5,264.5,0.992
7102,282.5,264.5,0.995
7103,280.5,264.5,0.98
7104,278.5,258.5,0.996
7105,274.5,246.5,0.997
7106,266.5,232.5,0.994
7107,264.5,222.5,0.995
7108,262.5,206.5,0.996
7109,262.5,192.5,0.997
7110,258.5,184.5,0.998
7111,258.5,176.5,0.999
7112,254.5,172.5,0.998
7113,256.5,170.5,0.996
7114,254.5,170.5,0.996
7115,256.5,176.5,0.998
7116,256.5,180.5,0.997
7117,258.5,190.5,0.994
7118,260.5,202.5,0.993
7119,262.5,214.5,0.997
7120,278.5,234.5,0.987
7121,306.5,254.5,0.954
7123,358.5,268.5,0.767
7124,378.5,262.5,0.995
7125,402.5,258.5,0.994
7126,422.5,252.5,0.997
7127,448.5,252.5,0.993
7128,470.5,252.5,0.994
7129,496.5,258.5,0.996
7130,524.5,266.5,0.996
7131,552.5,276.5,0.996
7132,578.5,292.5,0.995
7133,600.5,306.5,0.996
7134,628.5,324.5,0.987
7135,630.5,326.5,0.984
7136,656.5,346.5,0.995
7137,678.5,370.5,0.996
7138,708.5,382.5,0.996
7139,732.5,366.5,0.995
7140,756.5,358.5,0.994
7141,778.5,356.5,0.995
7142,804.5,354.5,0.995
7143,824.5,352.5,0.984
7145,774.5,310.5,0.994
7146,748.5,294.5,0.991
7147,720.5,280.5,0.998
7148,692.5,270.5,0.997
7149,672.5,260.5,0.996
7150,644.5,258.5,0.996
7151,618.5,256.5,0.997
7152,598.5,256.5,0.995
7153,578.5,260.5,0.996
7154,562.5,266.5,0.997
7155,546.5,274.5,0.997
7156,530.5,282.5,0.996
7157,514.5,294.5,0.997
7158,502.5,272.5,0.998
7159,490.5,254.5,0.994
7160,482.5,242.5,0.998
7161,470.5,228.5,0.995
7162,462.5,218.5,0.997
7163,454.5,210.5,0.997
7164,444.5,208.5,0.998
7165,434.5,206.5,0.998
7166,452.5,202.5,0.997
7167,478.5,198.5,0.996
7168,510.5,196.5,0.996
7169,542.5,196.5,0.997
7170,574.5,198.5,0.996
7171,604.5,202.5,0.995
7172,634.5,210.5,0.996
7173,672.5,222.5,0.996
7174,700.5,232.5,0.997
7175,730.5,246.5,0.997
7176,758.5,258.5,0.996
7177,790.5,276.5,0.994
7178,826.5,304.5,0.998
7179,850.5,324.5,0.982
7180,880.5,314.5,0.997
7181,908.5,304.5,0.996
7182,940.5,292.5,0.996
7183,964.5,288.5,0.992
7184,996.5,282.5,0.996
7185,1014.5,280.5,0.978
7186,940.5,248.5,0.996
7188,852.5,216.5,0.998
7189,802.5,204.5,0.995
7190,758.5,196.5,0.998
7191,710.5,190.5,0.997
7192,674.5,190.5,0.998
7193,630.5,192.5,0.997
7194,590.5,194.5,0.996
7195,550.5,202.5,0.996
7196,516.5,210.5,0.997
7197,486.5,220.5,0.997
7198,452.5,238.5,0.995
7199,424.5,250.5,0.996
7200,398.5,266.5,0.996
7201,372.5,264.5,0.996
7202,350.5,248.5,0.995
7203,324.5,230.5,0.996
7204,306.5,218.5,0.993
7206,264.5,196.5,0.993
7207,248.5,188.5,0.996
7208,228.5,186.5,0.988
7210,412.5,216.5,0.892
7211,356.5,154.5,0.711
7213,940.5,402.5,0.573
7214,772.5,344.5,0.974
7215,394.5,160.5,0.99
7216,388.5,154.5,0.743
7217,384.5,148.5,0.991
7220,1268.5,346.5,0.989
7231,1268.5,176.5,0.759
7232,1270.5,184.5,0.973
7263,400.5,200.5,0.774
7265,410.5,206.5,0.995
7266,412.5,204.5,0.984
7273,428.5,216.5,0.877
7320,416.5,208.5,0.974
7321,414.5,208.5,0.996
7322,408.5,206.5,0.993
7326,330.5,210.5,0.621
7334,320.5,174.5,0.83
7336,300.5,178.5,0.936
7341,412.5,202.5,0.858
7342,412.5,200.5,0.903
7344,418.5,188.5,0.974
7345,428.5,182.5,0.991
7346,438.5,174.5,0.988
7347,446.5,164.5,0.997
7348,450.5,150.5,0.996
7349,452.5,140.5,0.743
7354,214.5,140.5,0.861
7357,446.5,132.5,0.6
7358,446.5,142.5,0.993
7359,448.5,150.5,0.996
7367,338.5,578.5,0.994
7372,442.5,162.5,0.614
7375,432.5,178.5,0.974
7376,430.5,182.5,0.994
7377,430.5,184.5,0.992
7390,162.5,484.5,0.96
7392,360.5,214.5,0.588
7403,294.5,556.5,0.763
7404,294.5,556.5,0.68
7421,386.5,210.5,0.965
7425,420.5,180.5,0.985
7426,428.5,168.5,0.994
7427,430.5,160.5,0.993
7428,434.5,148.5,0.994
7429,438.5,138.5,0.974
7430,442.5,130.5,0.817
7431,444.5,122.5,0.99
7432,444.5,112.5,0.619
7434,440.5,108.5,0.575
7436,438.5,106.5,0.988
7437,436.5,110.5,0.934
7438,436.5,118.5,0.61
7439,202.5,184.5,0.979
7440,424.5,138.5,0.926
7441,206.5,198.5,0.995
7448,110.5,500.5,0.915
7454,352.5,184.5,0.977
7457,344.5,134.5,0.985
7458,338.5,120.5,0.878
7459,330.5,102.5,0.615
7460,326.5,92.5,0.99
7482,1270.5,520.5,0.947
7483,272.5,204.5,0.523
7484,274.5,204.5,0.76
7486,278.5,204.5,0.902
7487,278.5,202.5,0.893
7489,278.5,200.5,0.993
7490,278.5,200.5,0.722
7491,280.5,200.5,0.996
7492,282.5,202.5,0.995
7493,282.5,200.5,0.987
7494,284.5,200.5,0.994
7495,284.5,200.5,0.992
7496,286.5,200.5,0.994
7497,286.5,200.5,0.984
7501,284.5,198.5,0.933
7502,286.5,196.5,0.85
7504,286.5,196.5,0.673
7505,286.5,196.5,0.941
7511,288.5,192.5,0.502
7513,284.5,190.5,0.97
7516,286.5,188.5,0.739
7517,138.5,374.5,0.929
7518,284.5,188.5,0.937
7519,286.5,188.5,0.906
7520,134.5,412.5,0.976
7521,132.5,422.5,0.973
7522,130.5,432.5,0.987
7524,122.5,448.5,0.972
7525,980.5,358.5,0.973
7526,146.5,474.5,0.955
7527,346.5,172.5,0.989
7532,166.5,542.5,0.934
7533,940.5,420.5,0.739
7535,128.5,486.5,0.918
7536,926.5,428.5,0.996
7537,924.5,426.5,0.994
7538,918.5,424.5,0.994
7539,914.5,422.5,0.997
7540,158.5,538.5,0.771
7541,160.5,538.5,0.994
7542,160.5,538.5,0.99
7543,160.5,538.5,0.986
7544,160.5,538.5,0.995
7551,972.5,408.5,0.627
7584,140.5,524.5,0.953
7586,302.5,218.5,0.866
7593,300.5,228.5,0.993
7603,1002.5,306.5,0.626
7614,1176.5,356.5,0.674
7615,1196.5,378.5,0.512
7616,820.5,442.5,0.583
7634,380.5,144.5,0.716
7635,386.5,150.5,0.981
7636,404.5,162.5,0.994
7637,422.5,172.5,0.99
7638,458.5,182.5,0.821
7655,384.5,194.5,0.84
7656,376.5,200.5,0.74
7657,368.5,206.5,0.991
7658,358.5,210.5,0.981
7659,346.5,210.5,0.994
7673,300.5,214.5,0.969
7674,364.5,204.5,0.903
7680,288.5,196.5,0.994
7683,1138.5,378.5,0.772
7685,298.5,160.5,0.971
7707,254.5,146.5,0.737
7737,232.5,204.5,0.933
7816,140.5,520.5,0.812
7818,142.5,522.5,0.634
7821,952.5,426.5,0.849
7829,118.5,460.5,0.755
7830,904.5,402.5,0.996
7831,902.5,396.5,0.992
7832,902.5,388.5,0.993
7833,138.5,448.5,0.984
7834,146.5,446.5,0.514
7836,898.5,376.5,0.7
7840,906.5,392.5,0.988
7842,912.5,406.5,0.99
7843,916.5,416.5,0.751
7844,922.5,422.5,0.936
7871,1040.5,450.5,0.964
7872,1046.5,452.5,0.54
7873,1046.5,454.5,0.943
7874,1044.5,456.5,0.893
7942,1026.5,416.5,0.767
7943,1022.5,422.5,0.986
7944,1016.5,430.5,0.992
7945,1016.5,438.5,0.995
7946,1014.5,446.5,0.996
7947,1016.5,452.5,0.881
7948,1014.5,460.5,0.934
7949,1018.5,464.5,0.993
7950,1020.5,468.5,0.955
7957,1018.5,468.5,0.942
7958,1016.5,466.5,0.99
7959,1014.5,460.5,0.948
7960,1012.5,454.5,0.982
7961,1012.5,448.5,0.973
7962,1010.5,442.5,0.996
7963,1012.5,434.5,0.997
7964,1010.5,428.5,0.996
7965,1012.5,422.5,0.998
7966,1012.5,418.5,0.997
7967,1012.5,414.5,0.998
7969,1014.5,408.5,0.992
7972,1234.5,434.5,0.923
7986,1040.5,450.5,0.979
7987,1038.5,452.5,0.995
7988,1038.5,456.5,0.993
7989,1038.5,458.5,0.996
7990,1036.5,462.5,0.995
7991,1036.5,464.5,0.998
7992,1034.5,468.5,0.997
7993,1036.5,470.5,0.997
7994,1036.5,472.5,0.997
7995,1034.5,476.5,0.996
7996,1036.5,474.5,0.996
7997,1036.5,478.5,0.997
7998,1036.5,478.5,0.996
7999,1036.5,480.5,0.996
8001,1036.5,482.5,0.878
8004,1036.5,488.5,0.906
8011,1032.5,488.5,0.751
8012,1030.5,488.5,0.81
8013,1030.5,488.5,0.99
8014,1028.5,488.5,0.977
8015,1028.5,486.5,0.995
8016,1026.5,486.5,0.995
8017,1024.5,484.5,0.997
8018,1024.5,482.5,0.979
8019,1024.5,482.5,0.996
8020,1024.5,482.5,0.993
8021,1022.5,482.5,0.995
8022,1022.5,480.5,0.995
8023,1022.5,482.5,0.995
8024,1022.5,480.5,0.994
8025,1022.5,480.5,0.994
8026,1022.5,482.5,0.99
8027,1022.5,480.5,0.993
8028,1022.5,480.5,0.993
8029,1022.5,480.5,0.985
8030,1022.5,480.5,0.993
8031,1022.5,480.5,0.965
8032,1022.5,480.5,0.994
8033,1022.5,480.5,0.993
8034,1022.5,480.5,0.99
8035,1022.5,480.5,0.993
8036,1022.5,480.5,0.995
8037,1022.5,480.5,0.99
8038,1020.5,478.5,0.986
8039,198.5,466.5,0.993
8040,1020.5,478.5,0.99
8041,1018.5,478.5,0.994
8042,1018.5,476.5,0.995
8043,1016.5,474.5,0.994
8044,1016.5,470.5,0.994
8045,1014.5,466.5,0.995
8048,1000.5,446.5,0.805
8049,998.5,436.5,0.918
8050,996.5,420.5,0.646
8051,998.5,408.5,0.859
8067,1016.5,408.5,0.825
8068,1020.5,424.5,0.994
8069,1024.5,434.5,0.994
8070,1032.5,428.5,0.842
8073,1044.5,408.5,0.507
8076,240.5,196.5,0.672
8078,1024.5,402.5,0.986
8079,1018.5,396.5,0.773
8082,992.5,372.5,0.995
8083,984.5,366.5,0.99
8084,302.5,198.5,0.553
8085,974.5,356.5,0.994
8086,970.5,354.5,0.957
8087,970.5,350.5,0.885
8099,1096.5,384.5,0.676
8100,1102.5,386.5,0.996
8101,1112.5,386.5,0.981
8102,1124.5,386.5,0.993
8103,1134.5,386.5,0.993
8104,1142.5,386.5,0.974
8111,1058.5,330.5,0.877
8127,202.5,222.5,0.972
8136,1034.5,402.5,0.893
8137,1022.5,420.5,0.996
8138,1010.5,436.5,0.996
8139,1002.5,454.5,0.988
8140,998.5,468.5,0.992
8141,998.5,476.5,0.996
8142,1000.5,482.5,0.997
8143,1002.5,486.5,0.996
8144,1004.5,492.5,0.997
8145,1008.5,496.5,0.997
8146,1010.5,502.5,0.997
8147,1016.5,506.5,0.995
8148,1016.5,510.5,0.997
8149,1016.5,510.5,0.995
8150,1014.5,510.5,0.99
8151,1010.5,508.5,0.994
8152,1006.5,502.5,0.997
8153,998.5,498.5,0.993
8154,990.5,488.5,0.985
8156,228.5,192.5,0.513
8159,972.5,442.5,0.963
8161,240.5,192.5,0.951
8162,240.5,192.5,0.637
8163,240.5,192.5,0.992
8164,244.5,192.5,0.635
8185,1028.5,456.5,0.68
8186,1024.5,458.5,0.978
8187,906.5,192.5,0.815
8189,1020.5,466.5,0.975
8190,1020.5,468.5,0.609
8194,1006.5,484.5,0.906
8195,1004.5,486.5,0.779
8214,962.5,510.5,0.83
8219,960.5,510.5,0.713
8249,472.5,260.5,0.827
8255,1046.5,520.5,0.664
8257,1046.5,518.5,0.993
8259,1046.5,516.5,0.5
8260,1044.5,520.5,0.993
8265,1030.5,520.5,0.792
8267,1024.5,520.5,0.65
8268,1020.5,520.5,0.616
8270,1010.5,524.5,0.87
8271,1006.5,522.5,0.865
8282,958.5,512.5,0.954
8285,950.5,502.5,0.993
8288,318.5,222.5,0.762
8293,330.5,222.5,0.917
8304,974.5,508.5,0.988
8306,978.5,504.5,0.81
8309,976.5,502.5,0.961
8311,978.5,502.5,0.994
8312,980.5,500.5,0.738
8313,978.5,498.5,0.969
8314,980.5,496.5,0.966
8316,980.5,494.5,0.993
8317,980.5,494.5,0.976
8318,982.5,492.5,0.99
8319,980.5,490.5,0.987
8320,980.5,486.5,0.996
8321,980.5,486.5,0.995
8322,982.5,486.5,0.974
8323,978.5,486.5,0.995
8324,980.5,484.5,0.995
8325,978.5,484.5,0.989
8326,978.5,482.5,0.994
8327,980.5,484.5,0.699
8328,976.5,484.5,0.994
8329,976.5,484.5,0.96
8330,976.5,484.5,0.993
8344,976.5,486.5,0.905
8345,976.5,486.5,0.801
8346,976.5,486.5,0.635
8347,976.5,486.5,0.83
8348,974.5,486.5,0.967
8350,976.5,488.5,0.881
8351,976.5,486.5,0.838
8352,976.5,488.5,0.863
8354,978.5,488.5,0.846
8355,978.5,488.5,0.591
8356,976.5,488.5,0.978
8357,978.5,490.5,0.546
8358,976.5,490.5,0.688
8359,976.5,492.5,0.829
8370,808.5,262.5,0.993
8373,798.5,264.5,0.995
8376,974.5,498.5,0.726
8380,976.5,500.5,0.596
8383,976.5,500.5,0.587
8384,974.5,500.5,0.932
8385,974.5,500.5,0.691
8386,974.5,500.5,0.664
8387,974.5,500.5,0.665
8389,976.5,500.5,0.62
8390,976.5,500.5,0.625
8391,976.5,500.5,0.514
8392,258.5,556.5,0.92
8393,256.5,556.5,0.916
8396,282.5,188.5,0.994
8397,282.5,178.5,0.995
8399,974.5,500.5,0.678
8401,974.5,498.5,0.8
8403,978.5,498.5,0.504
8408,284.5,160.5,0.986
8409,980.5,498.5,0.511
8410,976.5,500.5,0.985
8411,294.5,196.5,0.994
8412,294.5,208.5,0.983
8413,978.5,500.5,0.769
8414,980.5,500.5,0.597
8415,978.5,502.5,0.813
8418,978.5,500.5,0.705
8422,978.5,500.5,0.527
8425,978.5,502.5,0.641
8432,228.5,180.5,0.886
8435,976.5,504.5,0.636
8436,220.5,190.5,0.823
8442,970.5,506.5,0.813
8443,222.5,188.5,0.952
8444,962.5,500.5,0.826
8445,958.5,500.5,0.995
8446,224.5,192.5,0.992
8458,868.5,306.5,0.995
8459,868.5,300.5,0.993
8460,870.5,298.5,0.994
8461,868.5,300.5,0.982
8462,868.5,306.5,0.903
8463,870.5,312.5,0.654
8480,274.5,246.5,0.51
8488,288.5,248.5,0.98
8492,920.5,480.5,0.984
8494,900.5,426.5,0.928
8500,902.5,282.5,0.996
8501,906.5,270.5,0.988
8502,910.5,260.5,0.99
8503,914.5,254.5,0.996
8504,920.5,254.5,0.671
8506,920.5,270.5,0.956
8507,920.5,276.5,0.984
8510,928.5,434.5,0.848
8512,882.5,488.5,0.837
8513,894.5,520.5,0.896
8514,916.5,546.5,0.581
8515,888.5,452.5,0.991
8516,814.5,428.5,0.993
8517,770.5,416.5,0.993
8519,708.5,340.5,0.933
8520,674.5,312.5,0.995
8521,648.5,292.5,0.996
8522,622.5,276.5,0.996
8523,596.5,262.5,0.996
8524,578.5,256.5,0.992
8525,556.5,250.5,0.988
8526,538.5,250.5,0.994
8527,518.5,250.5,0.996
8528,504.5,250.5,0.997
8529,486.5,256.5,0.996
8530,472.5,240.5,0.994
8531,458.5,226.5,0.994
8532,444.5,212.5,0.997
8533,436.5,204.5,0.995
8534,420.5,196.5,0.995
8535,432.5,190.5,0.69
8536,464.5,184.5,0.997
8537,492.5,180.5,0.995
8538,520.5,178.5,0.996
8539,548.5,178.5,0.989
8540,576.5,180.5,0.996
8541,604.5,184.5,0.996
8542,632.5,192.5,0.995
8543,664.5,202.5,0.997
8544,692.5,216.5,0.997
8545,722.5,230.5,0.997
8546,752.5,250.5,0.997
8547,766.5,258.5,0.997
8548,804.5,290.5,0.995
8549,834.5,318.5,0.996
8550,860.5,342.5,0.995
8551,882.5,340.5,0.995
8552,914.5,328.5,0.998
8553,936.5,324.5,0.994
8554,970.5,322.5,0.994
8555,994.5,322.5,0.987
8556,1020.5,324.5,0.994
8557,1048.5,330.5,0.996
8562,858.5,260.5,0.995
8563,796.5,246.5,0.995
8564,746.5,238.5,0.997
8565,694.5,234.5,0.997
8566,646.5,234.5,0.996
8567,608.5,236.5,0.996
8568,566.5,242.5,0.996
8569,530.5,250.5,0.996
8570,498.5,258.5,0.995
8571,468.5,270.5,0.997
8572,440.5,282.5,0.995
8573,414.5,290.5,0.995
8574,388.5,266.5,0.995
8575,364.5,246.5,0.997
8576,342.5,230.5,0.996
8577,320.5,216.5,0.994
8578,296.5,206.5,0.996
8579,278.5,200.5,0.994
8580,260.5,194.5,0.585
8583,258.5,178.5,0.993
8584,336.5,192.5,0.957
8585,374.5,194.5,0.994
8586,420.5,198.5,0.997
8587,466.5,210.5,0.997
8588,516.5,226.5,0.996
8589,564.5,244.5,0.996
8590,624.5,272.5,0.993
8591,662.5,292.5,0.993
8592,706.5,314.5,0.991
8593,750.5,350.5,0.989
8594,794.5,350.5,0.995
8595,838.5,338.5,0.995
8596,890.5,324.5,0.992
8597,930.5,322.5,0.993
8598,304.5,130.5,0.995
8599,1024.5,316.5,0.994
8600,1064.5,322.5,0.989
8601,1110.5,324.5,0.996
8602,1154.5,336.5,0.995
8604,1058.5,266.5,0.925
8605,1026.5,248.5,0.979
8607,906.5,190.5,0.99
8609,822.5,156.5,0.93
8610,776.5,146.5,0.997
8611,738.5,140.5,0.995
8612,702.5,136.5,0.996
8613,672.5,136.5,0.997
8614,634.5,138.5,0.996
8615,600.5,144.5,0.994
8616,572.5,150.5,0.997
8617,544.5,160.5,0.994
8618,516.5,170.5,0.997
8619,494.5,182.5,0.998
8620,468.5,196.5,0.997
8621,446.5,214.5,0.997
8622,426.5,230.5,0.996
8623,406.5,246.5,0.995
8624,390.5,262.5,0.997
8625,372.5,242.5,0.997
8626,356.5,222.5,0.997
8627,340.5,202.5,0.998
8628,324.5,186.5,0.998
8629,312.5,172.5,0.996
8630,296.5,162.5,0.995
8631,284.5,154.5,0.998
8632,272.5,150.5,0.993
8633,260.5,146.5,0.873
8634,242.5,150.5,0.995
8635,260.5,148.5,0.994
8637,372.5,184.5,0.663
8638,444.5,206.5,0.995
8639,494.5,230.5,0.993
8641,652.5,310.5,0.934
8642,710.5,350.5,0.993
8643,766.5,350.5,0.993
8644,840.5,340.5,0.987
8645,884.5,338.5,0.918
8646,982.5,340.5,0.993
8647,1038.5,342.5,0.994
8648,1098.5,344.5,0.544
8649,1218.5,370.5,0.993
8651,484.5,258.5,0.981
8654,1116.5,234.5,0.626
8657,278.5,136.5,0.993
8658,930.5,154.5,0.894
8659,272.5,148.5,0.995
8660,272.5,150.5,0.996
8661,830.5,142.5,0.995
8662,798.5,144.5,0.995
8663,768.5,148.5,0.996
8664,736.5,156.5,0.994
8665,708.5,166.5,0.996
8666,682.5,180.5,0.996
8667,654.5,196.5,0.995
8668,634.5,210.5,0.996
8669,610.5,228.5,0.996
8670,590.5,246.5,0.996
8671,570.5,264.5,0.997
8672,554.5,286.5,0.996
8673,532.5,290.5,0.996
8674,518.5,264.5,0.996
8675,508.5,240.5,0.995
8676,498.5,224.5,0.997
8677,486.5,204.5,0.998
8678,472.5,188.5,0.997
8679,464.5,178.5,0.997
8680,452.5,168.5,0.996
8681,442.5,160.5,0.994
8682,432.5,156.5,0.988
8683,422.5,156.5,0.995
8684,414.5,160.5,0.995
8685,404.5,162.5,0.997
8686,398.5,170.5,0.997
8687,390.5,176.5,0.995
8688,386.5,184.5,0.992
8689,398.5,178.5,0.783
8690,422.5,172.5,0.995
8691,438.5,168.5,0.997
8692,460.5,166.5,0.995
8693,484.5,166.5,0.996
8694,502.5,170.5,0.997
8695,524.5,174.5,0.993
8696,548.5,184.5,0.998
8697,568.5,196.5,0.995
8698,592.5,210.5,0.993
8699,612.5,228.5,0.996
8700,630.5,244.5,0.998
8701,650.5,266.5,0.996
8702,676.5,292.5,0.996
8703,688.5,314.5,0.996
8704,708.5,332.5,0.996
8705,726.5,310.5,0.996
8706,748.5,292.5,0.996
8707,760.5,282.5,0.998
8708,778.5,270.5,0.994
8709,800.5,262.5,0.986
8711,832.5,252.5,0.996
8712,852.5,256.5,0.998
8713,866.5,260.5,0.997
8714,884.5,266.5,0.996
8718,860.5,262.5,0.994
8719,812.5,242.5,0.995
8720,774.5,228.5,0.997
8721,738.5,218.5,0.997
8722,698.5,210.5,0.996
8723,672.5,206.5,0.997
8724,638.5,204.5,0.996
8725,608.5,206.5,0.995
8726,582.5,210.5,0.991
8727,558.5,218.5,0.996
8728,538.5,226.5,0.996
8729,520.5,234.5,0.995
8730,498.5,248.5,0.997
8731,482.5,246.5,0.996
8732,468.5,226.5,0.997
8733,454.5,208.5,0.996
8734,444.5,194.5,0.997
8735,434.5,182.5,0.998
8736,424.5,174.5,0.994
8737,414.5,168.5,0.995
8738,404.5,162.5,0.994
8739,394.5,162.5,0.992
8740,382.5,166.5,0.991
8741,378.5,168.5,0.994
8742,382.5,162.5,0.905
8745,416.5,136.5,0.998
8746,430.5,132.5,0.996
8747,444.5,130.5,0.996
8748,456.5,132.5,0.993
8749,474.5,136.5,0.996
8750,488.5,140.5,0.994
8751,506.5,152.5,0.996
8752,524.5,164.5,0.996
8753,542.5,180.5,0.995
8754,560.5,200.5,0.995
8755,580.5,224.5,0.997
8756,596.5,248.5,0.996
8757,614.5,276.5,0.993
8758,626.5,300.5,0.96
8759,644.5,330.5,0.993
8760,660.5,352.5,0.997
8761,676.5,334.5,0.995
8762,688.5,322.5,0.996
8763,704.5,306.5,0.995
8764,720.5,298.5,0.993
8765,734.5,290.5,0.997
8766,704.5,268.5,0.994
8767,676.5,252.5,0.995
8768,622.5,226.5,0.996
8769,584.5,210.5,0.996
8770,554.5,198.5,0.996
8771,522.5,188.5,0.996
8772,496.5,182.5,0.997
8773,470.5,180.5,0.997
8774,446.5,180.5,0.996
8775,424.5,182.5,0.994
8776,404.5,184.5,0.997
8777,390.5,188.5,0.997
8778,374.5,196.5,0.994
8779,358.5,202.5,0.997
8780,344.5,212.5,0.991
8781,332.5,224.5,0.997
8782,316.5,234.5,0.958
8783,312.5,248.5,0.997
8784,302.5,262.5,0.979
8793,250.5,258.5,0.987
8795,258.5,258.5,0.954
8797,270.5,258.5,0.994
8798,274.5,262.5,0.997
8799,342.5,224.5,0.994
8800,340.5,224.5,0.859
8804,312.5,320.5,0.993
8805,314.5,326.5,0.997
8821,182.5,430.5,0.829
8822,164.5,422.5,0.512
8825,110.5,420.5,0.971
8828,346.5,274.5,0.897
8830,372.5,274.5,0.958
8844,124.5,508.5,0.599
8847,432.5,214.5,0.975
8849,436.5,214.5,0.988
8851,432.5,216.5,0.938
8897,268.5,546.5,0.926
8899,424.5,210.5,0.995
8900,414.5,202.5,0.994
8901,410.5,190.5,0.995
8902,406.5,176.5,0.994
8903,398.5,162.5,0.986
8908,426.5,166.5,0.996
8909,436.5,184.5,0.997
8910,448.5,198.5,0.994
8911,482.5,182.5,0.526
8912,480.5,260.5,0.947
8913,492.5,254.5,0.994
8914,504.5,242.5,0.996
8915,518.5,234.5,0.996
8916,528.5,228.5,0.996
8917,542.5,224.5,0.996
8918,556.5,224.5,0.995
8919,570.5,226.5,0.995
8920,584.5,230.5,0.996
8921,598.5,238.5,0.997
8922,612.5,248.5,0.998
8923,630.5,264.5,0.997
8924,644.5,274.5,0.998
8925,658.5,294.5,0.998
8926,674.5,316.5,0.996
8927,686.5,340.5,0.994
8928,700.5,368.5,0.994
8929,714.5,366.5,0.995
8930,730.5,354.5,0.996
8931,740.5,346.5,0.997
8932,754.5,340.5,0.996
8933,768.5,338.5,0.996
8934,782.5,338.5,0.996
8935,796.5,342.5,0.995
8936,808.5,350.5,0.986
8937,820.5,358.5,0.995
8938,834.5,374.5,0.997
8939,846.5,388.5,0.994
8941,872.5,428.5,0.995
8946,126.5,504.5,0.921
8959,954.5,406.5,0.993
8960,952.5,384.5,0.991
8970,956.5,278.5,0.595
8972,930.5,414.5,0.726
8974,944.5,330.5,0.504
8975,944.5,486.5,0.567
8976,936.5,388.5,0.996
8977,930.5,410.5,0.996
8978,926.5,434.5,0.864
8979,860.5,430.5,0.989
8980,790.5,422.5,0.993
8981,738.5,416.5,0.992
8982,702.5,380.5,0.993
8983,660.5,346.5,0.993
8984,622.5,318.5,0.992
8985,592.5,302.5,0.994
8986,566.5,286.5,0.994
8987,536.5,276.5,0.995
8988,508.5,266.5,0.996
8989,482.5,264.5,0.997
8990,462.5,264.5,0.996
8991,440.5,266.5,0.997
8992,422.5,270.5,0.996
8993,402.5,278.5,0.998
8994,384.5,264.5,0.997
8995,368.5,250.5,0.996
8996,352.5,234.5,0.996
8997,340.5,226.5,0.996
8998,322.5,218.5,0.994
8999,332.5,206.5,0.92
9000,354.5,196.5,0.989
9001,378.5,184.5,0.996
9002,404.5,174.5,0.996
9003,430.5,168.5,0.997
9004,456.5,166.5,0.997
9005,482.5,164.5,0.997
9006,508.5,166.5,0.996
9007,534.5,170.5,0.997
9008,562.5,178.5,0.995
9009,594.5,190.5,0.995
9010,616.5,202.5,0.997
9011,642.5,218.5,0.997
9012,674.5,238.5,0.997
9013,700.5,260.5,0.995
9014,724.5,280.5,0.998
9015,754.5,308.5,0.993
9016,778.5,342.5,0.995
9017,802.5,368.5,0.985
9018,822.5,352.5,0.995
9019,846.5,334.5,0.993
9020,870.5,318.5,0.992
9021,890.5,312.5,0.996
9023,930.5,302.5,0.942
9030,876.5,288.5,0.986
9031,748.5,258.5,0.995
9032,638.5,234.5,0.995
9033,564.5,226.5,0.976
9034,508.5,214.5,0.996
9035,446.5,214.5,0.996
9036,396.5,214.5,0.994
9037,350.5,220.5,0.996
9038,310.5,228.5,0.993
9039,282.5,238.5,0.986
9040,256.5,246.5,0.986
9046,174.5,162.5,0.951
9047,326.5,350.5,0.996
9048,338.5,350.5,0.994
9049,352.5,354.5,0.994
9060,488.5,396.5,0.566
9071,602.5,428.5,0.997
9072,188.5,230.5,0.993
9073,200.5,226.5,0.976
9074,634.5,436.5,0.997
9098,830.5,486.5,0.575
9099,842.5,488.5,0.996
9100,850.5,490.5,0.996
9101,858.5,492.5,0.996
9103,872.5,496.5,0.989
9106,890.5,500.5,0.998
9107,898.5,502.5,0.998
9108,904.5,504.5,0.997
9110,916.5,506.5,0.982
9111,924.5,510.5,0.998
9112,928.5,512.5,0.998
9113,934.5,514.5,0.997
9114,942.5,514.5,0.998
9115,946.5,518.5,0.996
9116,952.5,518.5,0.995
9117,958.5,520.5,0.995
9118,964.5,522.5,0.995
9119,970.5,524.5,0.997
9120,974.5,526.5,0.997
9121,980.5,526.5,0.997
9122,984.5,528.5,0.997
9123,990.5,530.5,0.998
9124,994.5,532.5,0.996
9125,1000.5,534.5,0.996
9126,1004.5,534.5,0.997
9127,1008.5,538.5,0.996
9128,1014.5,538.5,0.996
9129,1018.5,542.5,0.996
9130,1022.5,542.5,0.998
9131,1026.5,542.5,0.997
9132,1030.5,544.5,0.996
9133,1034.5,544.5,0.997
9134,1038.5,548.5,0.998
9135,1042.5,548.5,0.997
9136,1046.5,548.5,0.996
9137,1050.5,550.5,0.997
9138,1054.5,550.5,0.998
9139,1054.5,552.5,0.997
9140,1058.5,554.5,0.996
9141,1060.5,554.5,0.987
9146,64.5,366.5,0.951
9155,1072.5,550.5,0.992
9156,1072.5,552.5,0.703
9158,1072.5,552.5,0.962
9159,1072.5,552.5,0.974
9160,1074.5,552.5,0.784
9169,100.5,462.5,0.978
9195,1060.5,408.5,0.566
9205,380.5,198.5,0.994
9206,1000.5,466.5,0.813
9209,368.5,152.5,0.992
9211,358.5,118.5,0.713
9212,350.5,104.5,0.5
9213,994.5,500.5,0.99
9214,994.5,502.5,0.993
9215,990.5,498.5,0.992
9219,924.5,438.5,0.995
9222,840.5,292.5,0.993
9224,786.5,218.5,0.995
9225,756.5,190.5,0.993
9226,738.5,172.5,0.996
9227,712.5,154.5,0.995
9228,692.5,144.5,0.994
9229,672.5,136.5,0.998
9230,650.5,132.5,0.995
9231,632.5,130.5,0.997
9232,612.5,136.5,0.997
9233,596.5,140.5,0.99
9234,578.5,150.5,0.997
9235,566.5,162.5,0.997
9236,552.5,176.5,0.997
9237,538.5,192.5,0.996
9238,526.5,210.5,0.997
9239,516.5,226.5,0.997
9240,506.5,246.5,0.996
9241,496.5,266.5,0.996
9242,490.5,290.5,0.997
9243,474.5,274.5,0.996
9244,470.5,250.5,0.995
9245,460.5,230.5,0.997
9246,452.5,208.5,0.996
9247,444.5,190.5,0.997
9248,434.5,174.5,0.997
9249,428.5,162.5,0.999
9250,420.5,152.5,0.998
9251,414.5,146.5,0.998
9252,406.5,142.5,0.998
9253,400.5,140.5,0.994
9254,396.5,142.5,0.996
9255,390.5,142.5,0.998
9256,386.5,152.5,0.998
9257,388.5,160.5,0.995
9259,380.5,178.5,0.906
9260,372.5,190.5,0.991
9261,366.5,198.5,0.994
9263,358.5,214.5,0.669
9267,332.5,236.5,0.852
9268,332.5,240.5,0.981
9269,326.5,242.5,0.995
9270,318.5,242.5,0.997
9271,314.5,246.5,0.994
9272,308.5,246.5,0.997
9273,302.5,246.5,0.998
9274,300.5,250.5,0.997
9275,296.5,250.5,0.996
9276,290.5,252.5,0.998
9277,286.5,254.5,0.997
9278,284.5,254.5,0.997
9279,282.5,254.5,0.997
9280,280.5,256.5,0.995
9281,280.5,258.5,0.994
9282,280.5,260.5,0.995
9283,278.5,262.5,0.995
9284,278.5,266.5,0.994
9285,280.5,268.5,0.994
9286,282.5,270.5,0.97
9287,280.5,272.5,0.955
9292,276.5,266.5,0.996
9293,274.5,260.5,0.992
9294,270.5,250.5,0.995
9295,272.5,228.5,0.577
9297,258.5,202.5,0.994
9298,250.5,188.5,0.998
9299,250.5,176.5,0.998
9300,246.5,166.5,0.997
9301,248.5,168.5,0.997
9302,244.5,160.5,0.998
9303,242.5,154.5,0.995
9304,240.5,152.5,0.998
9305,240.5,154.5,0.997
9306,242.5,160.5,0.998
9307,240.5,164.5,0.999
9308,240.5,174.5,0.999
9309,242.5,182.5,0.999
9310,242.5,194.5,0.999
9311,246.5,214.5,0.994
9312,266.5,226.5,0.994
9313,308.5,248.5,0.964
9314,356.5,268.5,0.891
9315,404.5,282.5,0.996
9316,438.5,268.5,0.995
9317,468.5,260.5,0.996
9318,510.5,252.5,0.994
9319,544.5,252.5,0.994
9320,580.5,252.5,0.997
9321,614.5,254.5,0.998
9322,650.5,260.5,0.996
9323,686.5,270.5,0.996
9324,722.5,282.5,0.998
9325,758.5,298.5,0.997
9326,786.5,312.5,0.994
9327,818.5,336.5,0.994
9328,850.5,340.5,0.996
9329,888.5,326.5,0.989
9330,918.5,320.5,0.996
9331,938.5,318.5,0.993
9332,974.5,314.5,0.99
9334,940.5,274.5,0.996
9335,902.5,250.5,0.988
9336,854.5,226.5,0.994
9337,828.5,214.5,0.994
9338,792.5,200.5,0.998
9339,758.5,192.5,0.994
9340,730.5,188.5,0.996
9341,700.5,184.5,0.997
9342,672.5,184.5,0.998
9343,644.5,186.5,0.997
9344,620.5,192.5,0.994
9345,594.5,198.5,0.996
9346,572.5,208.5,0.994
9347,550.5,220.5,0.996
9348,530.5,230.5,0.993
9349,510.5,244.5,0.996
9350,494.5,260.5,0.997
9351,482.5,246.5,0.997
9352,466.5,222.5,0.996
9353,452.5,206.5,0.997
9354,440.5,194.5,0.998
9355,428.5,182.5,0.997
9356,418.5,174.5,0.998
9357,410.5,168.5,0.995
9358,446.5,168.5,0.994
9359,486.5,170.5,0.998
9360,524.5,174.5,0.996
9361,560.5,182.5,0.997
9362,600.5,194.5,0.997
9363,638.5,208.5,0.996
9364,680.5,226.5,0.997
9365,724.5,250.5,0.999
9366,756.5,268.5,0.998
9367,796.5,302.5,0.993
9368,844.5,336.5,0.956
9369,880.5,366.5,0.983
9370,930.5,418.5,0.996
9371,964.5,458.5,0.987
9372,1004.5,506.5,0.994
9373,1040.5,554.5,0.981
9374,1072.5,604.5,0.955
9383,304.5,198.5,0.992
9384,290.5,208.5,0.989
9385,268.5,214.5,0.98
9386,250.5,220.5,0.984
9388,216.5,226.5,0.852
9389,204.5,228.5,0.574
9405,190.5,228.5,0.632
9406,272.5,134.5,0.846
9409,264.5,108.5,0.965
9411,258.5,86.5,0.786
9412,254.5,76.5,0.823
9430,286.5,178.5,0.74
9446,96.5,432.5,0.933
9449,112.5,428.5,0.992
9455,148.5,398.5,0.883
9499,310.5,566.5,0.933
9517,138.5,480.5,0.51
9518,138.5,476.5,0.808
9519,126.5,474.5,0.992
9520,140.5,488.5,0.95
9527,128.5,438.5,0.995
9529,750.5,274.5,0.659
9538,82.5,464.5,0.994
9549,360.5,124.5,0.701
9550,360.5,140.5,0.884
9551,884.5,464.5,0.992
9552,866.5,436.5,0.847
9554,802.5,336.5,0.97
9555,774.5,302.5,0.818
9556,748.5,274.5,0.992
9557,722.5,254.5,0.997
9558,694.5,232.5,0.997
9559,672.5,216.5,0.996
9560,644.5,206.5,0.997
9561,622.5,200.5,0.996
9562,602.5,198.5,0.994
9563,580.5,198.5,0.994
9564,562.5,202.5,0.994
9565,546.5,210.5,0.993
9566,528.5,218.5,0.996
9567,334.5,156.5,0.995
9568,502.5,242.5,0.997
9569,488.5,262.5,0.997
9570,478.5,276.5,0.997
9571,468.5,296.5,0.997
9572,458.5,314.5,0.998
9573,446.5,294.5,0.996
9574,438.5,268.5,0.996
9575,428.5,246.5,0.997
9576,418.5,226.5,0.999
9577,412.5,212.5,0.999
9578,402.5,200.5,0.998
9579,394.5,192.5,0.998
9580,386.5,184.5,0.997
9581,380.5,178.5,0.998
9582,374.5,178.5,0.997
9583,374.5,178.5,0.996
9584,376.5,178.5,0.998
9585,358.5,192.5,0.996
9586,354.5,200.5,0.997
9587,352.5,210.5,0.998
9588,350.5,220.5,0.997
9590,342.5,198.5,0.997
9591,338.5,178.5,0.998
9592,336.5,158.5,0.996
9593,332.5,144.5,0.998
9594,330.5,130.5,0.998
9595,328.5,120.5,0.998
9596,326.5,112.5,0.997
9597,324.5,108.5,0.995
9598,322.5,104.5,0.998
9599,322.5,106.5,0.998
9600,322.5,110.5,0.997
9601,322.5,114.5,0.998
9602,322.5,120.5,0.998
9603,324.5,130.5,0.979
9618,304.5,210.5,0.965
9619,304.5,212.5,0.989
9620,298.5,222.5,0.871
9623,290.5,248.5,0.975
9624,288.5,250.5,0.995
9625,284.5,252.5,0.995
9626,280.5,254.5,0.995
9627,280.5,256.5,0.997
9628,278.5,256.5,0.998
9629,276.5,258.5,0.998
9630,276.5,260.5,0.997
9631,274.5,258.5,0.997
9632,272.5,258.5,0.996
9633,272.5,258.5,0.997
9634,274.5,258.5,0.995
9635,272.5,260.5,0.997
9636,272.5,266.5,0.995
9637,274.5,270.5,0.993
9638,274.5,272.5,0.995
9639,274.5,268.5,0.988
9640,272.5,258.5,0.995
9641,268.5,248.5,0.996
9642,262.5,230.5,0.997
9643,258.5,212.5,0.992
9644,252.5,196.5,0.989
9645,248.5,186.5,0.998
9646,246.5,178.5,0.998
9647,242.5,170.5,0.996
9648,240.5,164.5,0.998
9649,238.5,162.5,0.999
9650,238.5,164.5,0.998
9651,238.5,168.5,0.997
9652,236.5,176.5,0.998
9653,236.5,182.5,0.998
9654,236.5,192.5,0.999
9655,238.5,202.5,0.998
9656,238.5,220.5,0.998
9657,240.5,232.5,0.998
9658,262.5,248.5,0.993
9659,276.5,232.5,0.982
9660,362.5,282.5,0.995
9661,398.5,274.5,0.993
9662,432.5,264.5,0.994
9663,464.5,260.5,0.996
9664,508.5,258.5,0.994
9665,542.5,258.5,0.995
9666,574.5,260.5,0.994
9667,614.5,268.5,0.993
9668,642.5,274.5,0.996
9669,676.5,290.5,0.99
9670,716.5,302.5,0.994
9671,746.5,320.5,0.994
9672,782.5,336.5,0.993
9673,814.5,324.5,0.993
9674,848.5,312.5,0.996
9675,878.5,308.5,0.995
9676,902.5,304.5,0.996
9677,930.5,304.5,0.997
9678,968.5,308.5,0.911
9679,992.5,312.5,0.974
9681,938.5,272.5,0.995
9682,888.5,246.5,0.964
9683,854.5,230.5,0.998
9684,822.5,218.5,0.997
9685,126.5,504.5,0.793
9687,788.5,210.5,0.988
9688,702.5,202.5,0.996
9689,672.5,204.5,0.996
9690,642.5,212.5,0.997
9691,616.5,218.5,0.996
9692,594.5,226.5,0.996
9693,570.5,240.5,0.996
9694,548.5,250.5,0.995
9695,528.5,262.5,0.997
9696,506.5,270.5,0.996
9697,494.5,250.5,0.996
9698,478.5,234.5,0.996
9699,464.5,220.5,0.996
9700,448.5,210.5,0.998
9701,436.5,202.5,0.996
9702,424.5,194.5,0.998
9703,408.5,188.5,0.996
9704,422.5,190.5,0.997
9705,438.5,194.5,0.996
9706,468.5,202.5,0.998
9707,494.5,214.5,0.997
9708,516.5,226.5,0.996
9709,540.5,242.5,0.993
9710,566.5,258.5,0.996
9711,594.5,282.5,0.996
9712,614.5,302.5,0.994
9713,642.5,328.5,0.994
9714,670.5,356.5,0.995
9715,694.5,350.5,0.994
9716,716.5,346.5,0.993
9717,740.5,346.5,0.996
9718,766.5,346.5,0.994
9719,786.5,354.5,0.995
9720,814.5,360.5,0.995
9721,840.5,372.5,0.995
9722,862.5,386.5,0.993
9723,888.5,406.5,0.989
9724,862.5,386.5,0.958
9725,834.5,366.5,0.995
9726,788.5,334.5,0.992
9727,734.5,302.5,0.988
9728,708.5,292.5,0.99
9729,650.5,266.5,0.995
9730,622.5,256.5,0.996
9731,594.5,248.5,0.997
9732,560.5,242.5,0.993
9733,564.5,242.5,0.995
9734,534.5,240.5,0.992
9735,510.5,242.5,0.995
9736,486.5,244.5,0.996
9737,468.5,248.5,0.997
9738,446.5,258.5,0.995
9739,430.5,266.5,0.996
9740,414.5,276.5,0.998
9741,402.5,286.5,0.995
9742,386.5,272.5,0.997
9743,368.5,246.5,0.997
9744,354.5,230.5,0.998
9745,342.5,218.5,0.997
9746,332.5,206.5,0.997
9747,322.5,196.5,0.998
9749,340.5,190.5,0.996
9750,370.5,186.5,0.996
9751,398.5,186.5,0.996
9752,430.5,188.5,0.995
9753,456.5,194.5,0.996
9754,486.5,200.5,0.997
9755,514.5,210.5,0.996
9756,546.5,224.5,0.997
9757,578.5,238.5,0.997
9758,602.5,254.5,0.996
9759,632.5,274.5,0.997
9760,660.5,292.5,0.993
9761,688.5,316.5,0.994
9762,714.5,310.5,0.996
9763,738.5,298.5,0.994
9764,764.5,292.5,0.996
9765,790.5,282.5,0.996
9766,810.5,276.5,0.691
9767,840.5,282.5,0.997
9768,864.5,282.5,0.995
9769,886.5,290.5,0.995
9770,908.5,294.5,0.993
9771,930.5,308.5,0.994
9772,896.5,296.5,0.996
9773,862.5,286.5,0.998
9775,756.5,264.5,0.997
9776,726.5,260.5,0.997
9777,688.5,258.5,0.998
9778,648.5,260.5,0.995
9779,622.5,266.5,0.993
9780,580.5,266.5,0.995
9781,550.5,274.5,0.994
9782,524.5,284.5,0.994
9783,496.5,266.5,0.997
9784,478.5,250.5,0.996
9785,454.5,236.5,0.995
9786,432.5,226.5,0.996
9787,414.5,218.5,0.997
9788,394.5,214.5,0.995
9789,376.5,212.5,0.996
9790,358.5,212.5,0.995
9792,370.5,202.5,0.996
9793,396.5,190.5,0.996
9794,418.5,182.5,0.997
9795,438.5,180.5,0.996
9796,462.5,178.5,0.994
9797,486.5,178.5,0.996
9798,512.5,180.5,0.997
9799,538.5,186.5,0.997
9800,568.5,196.5,0.996
9801,594.5,208.5,0.994
9802,622.5,224.5,0.992
9803,644.5,240.5,0.996
9804,684.5,264.5,0.996
9805,710.5,286.5,0.995
9806,738.5,310.5,0.993
9807,770.5,344.5,0.995
9808,800.5,380.5,0.994
9809,828.5,416.5,0.995
9810,864.5,422.5,0.979
9812,918.5,394.5,0.937
9813,944.5,390.5,0.995
9814,930.5,350.5,0.513
9815,882.5,316.5,0.993
9816,850.5,294.5,0.996
9817,798.5,258.5,0.998
9818,752.5,236.5,0.997
9819,712.5,220.5,0.996
9820,676.5,206.5,0.997
9821,642.5,198.5,0.997
9822,614.5,194.5,0.994
9823,582.5,194.5,0.985
9824,560.5,194.5,0.984
9825,534.5,198.5,0.993
9826,514.5,204.5,0.994
9827,494.5,210.5,0.996
9828,476.5,222.5,0.994
9829,456.5,234.5,0.995
9830,440.5,246.5,0.996
9831,426.5,264.5,0.997
9832,414.5,264.5,0.995
9833,400.5,244.5,0.997
9834,388.5,222.5,0.997
9835,376.5,204.5,0.997
9836,366.5,190.5,0.995
9837,356.5,178.5,0.999
9838,346.5,168.5,0.995
9840,374.5,166.5,0.956
9841,404.5,162.5,0.995
9842,434.5,164.5,0.997
9843,464.5,168.5,0.997
9844,494.5,176.5,0.995
9845,528.5,186.5,0.997
9846,558.5,198.5,0.997
9847,586.5,210.5,0.996
9848,618.5,228.5,0.997
9849,644.5,244.5,0.997
9850,678.5,266.5,0.998
9851,712.5,288.5,0.994
9852,734.5,312.5,0.994
9853,758.5,308.5,0.993
9854,788.5,292.5,0.996
9855,816.5,278.5,0.984
9856,846.5,272.5,0.996
9857,866.5,268.5,0.997
9858,892.5,264.5,0.996
9859,918.5,266.5,0.998
9860,938.5,268.5,0.997
9861,964.5,274.5,0.97
9862,988.5,280.5,0.994
9863,1010.5,294.5,0.996
9864,1034.5,310.5,0.993
9865,126.5,504.5,0.64
9867,996.5,290.5,0.995
9868,940.5,256.5,0.892
9869,886.5,234.5,0.994
9870,856.5,218.5,0.998
9871,810.5,204.5,0.996
9872,778.5,196.5,0.998
9873,742.5,190.5,0.997
9874,708.5,190.5,0.997
9875,676.5,190.5,0.998
9876,642.5,192.5,0.995
9877,610.5,198.5,0.997
9878,582.5,206.5,0.996
9879,556.5,214.5,0.996
9880,532.5,226.5,0.996
9881,506.5,242.5,0.994
9882,486.5,250.5,0.996
9883,466.5,250.5,0.995
9884,450.5,236.5,0.994
9885,432.5,216.5,0.998
9886,418.5,202.5,0.997
9887,402.5,192.5,0.997
9888,388.5,182.5,0.997
9889,374.5,176.5,0.995
9890,390.5,176.5,0.995
9891,416.5,178.5,0.995
9892,448.5,180.5,0.996
9893,478.5,184.5,0.996
9894,506.5,192.5,0.996
9895,538.5,204.5,0.996
9896,570.5,218.5,0.997
9897,598.5,234.5,0.997
9898,628.5,252.5,0.997
9899,660.5,276.5,0.968
9900,692.5,302.5,0.994
9901,720.5,328.5,0.995
9902,754.5,362.5,0.983
9903,792.5,408.5,0.983
9904,822.5,428.5,0.995
9905,852.5,422.5,0.991
9906,884.5,418.5,0.816
9907,924.5,418.5,0.995
9908,952.5,422.5,0.997
9909,126.5,502.5,0.738
9910,854.5,344.5,0.908
9911,796.5,306.5,0.994
9912,754.5,280.5,0.996
9913,712.5,258.5,0.997
9914,678.5,244.5,0.996
9915,638.5,230.5,0.998
9916,608.5,226.5,0.992
9917,582.5,222.5,0.996
9918,550.5,220.5,0.995
9919,530.5,222.5,0.994
9920,506.5,226.5,0.995
9921,486.5,234.5,0.995
9922,472.5,242.5,0.997
9923,456.5,252.5,0.997
9924,442.5,264.5,0.997
9925,432.5,278.5,0.997
9926,418.5,264.5,0.997
9927,406.5,244.5,0.996
9928,392.5,222.5,0.997
9929,384.5,208.5,0.996
9930,374.5,194.5,0.998
9931,366.5,182.5,0.998
9932,356.5,174.5,0.997
9933,350.5,168.5,0.996
9934,342.5,166.5,0.987
9935,336.5,166.5,0.997
9936,330.5,168.5,0.998
9937,326.5,174.5,0.994
9938,332.5,174.5,0.97
9939,348.5,164.5,0.988
9940,352.5,148.5,0.992
9941,390.5,148.5,0.993
9942,422.5,142.5,0.995
9943,448.5,140.5,0.996
9944,478.5,144.5,0.992
9945,506.5,148.5,0.997
9946,536.5,156.5,0.996
9947,568.5,168.5,0.997
9948,600.5,184.5,0.996
9949,630.5,202.5,0.997
9950,666.5,226.5,0.995
9951,696.5,250.5,0.998
9952,724.5,276.5,0.996
9953,764.5,312.5,0.993
9954,788.5,346.5,0.995
9955,816.5,382.5,0.995
9956,852.5,402.5,0.995
9957,888.5,380.5,0.995
9958,924.5,366.5,0.992
9959,960.5,354.5,0.991
9960,998.5,346.5,0.994
9961,992.5,326.5,0.986
9964,826.5,236.5,0.996
9965,786.5,220.5,0.997
9966,742.5,204.5,0.997
9967,702.5,196.5,0.997
9968,668.5,190.5,0.996
9969,630.5,186.5,0.995
9970,596.5,186.5,0.996
9971,566.5,188.5,0.997
9972,538.5,194.5,0.994
9973,512.5,198.5,0.997
9974,488.5,208.5,0.996
9975,464.5,218.5,0.996
9976,444.5,230.5,0.994
9977,422.5,242.5,0.997
9978,406.5,258.5,0.997
9979,390.5,272.5,0.996
9980,372.5,266.5,0.997
9981,354.5,244.5,0.997
9982,342.5,226.5,0.998
9983,326.5,210.5,0.997
9984,312.5,196.5,0.995
9985,300.5,186.5,0.997
9986,290.5,178.5,0.998
9987,278.5,172.5,0.998
9988,264.5,170.5,0.995
9989,264.5,166.5,0.997
9990,312.5,168.5,0.989
9991,382.5,188.5,0.995
9992,446.5,202.5,0.978
9993,376.5,138.5,0.99
9994,572.5,242.5,0.996
9995,628.5,266.5,0.994
9996,724.5,306.5,0.793
9997,752.5,326.5,0.99
9998,834.5,308.5,0.996
9999,880.5,302.5,0.996
10001,1006.5,292.5,0.994
10003,1130.5,300.5,0.995
10004,1180.5,306.5,0.997
10005,1238.5,320.5,0.994
10006,1204.5,286.5,0.988
10007,1138.5,430.5,0.993
10008,1122.5,234.5,0.766
10009,1052.5,198.5,0.937
10011,310.5,134.5,0.949
10012,454.5,278.5,0.538
10013,860.5,132.5,0.963
10014,812.5,130.5,0.996
10015,770.5,126.5,0.996
10016,728.5,126.5,0.996
10017,690.5,130.5,0.997
10018,648.5,136.5,0.997
10019,614.5,146.5,0.996
10020,582.5,156.5,0.996
10021,548.5,170.5,0.995
10022,518.5,186.5,0.996
10023,494.5,200.5,0.997
10024,468.5,218.5,0.997
10025,438.5,242.5,0.995
10026,418.5,260.5,0.994
10027,398.5,282.5,0.996
10028,372.5,268.5,0.994
10029,356.5,252.5,0.995
10030,336.5,226.5,0.997
10031,314.5,208.5,0.994
10032,298.5,194.5,0.994
10033,282.5,180.5,0.995
10034,266.5,172.5,0.995
10035,248.5,164.5,0.996
10036,234.5,162.5,0.996
10037,220.5,160.5,0.996
10038,206.5,162.5,0.995
10039,194.5,168.5,0.99
10040,184.5,172.5,0.997
10042,254.5,182.5,0.85
10043,256.5,150.5,0.853
10044,366.5,196.5,0.994
10045,430.5,210.5,0.995
10046,480.5,228.5,0.993
10048,614.5,278.5,0.942
10050,712.5,328.5,0.742
10051,780.5,354.5,0.994
10052,832.5,340.5,0.993
10053,906.5,332.5,0.775
10054,954.5,324.5,0.996
10055,1006.5,322.5,0.997
10056,1066.5,324.5,0.989
10057,1122.5,324.5,0.997
10058,1178.5,334.5,0.998
10059,1234.5,344.5,0.995
10061,1158.5,282.5,0.996
10063,1052.5,220.5,0.874
10065,948.5,168.5,0.998
10066,910.5,150.5,0.974
10067,874.5,140.5,0.982
10068,832.5,132.5,0.997
10069,794.5,128.5,0.996
10070,758.5,126.5,0.996
10071,726.5,126.5,0.997
10072,694.5,130.5,0.994
10073,670.5,136.5,0.996
10074,640.5,144.5,0.996
10075,612.5,154.5,0.997
10076,588.5,166.5,0.996
10077,566.5,178.5,0.996
10078,546.5,192.5,0.994
10079,522.5,210.5,0.997
10080,506.5,224.5,0.997
10081,488.5,242.5,0.997
10082,472.5,246.5,0.995
10083,458.5,220.5,0.997
10084,446.5,198.5,0.996
10085,436.5,184.5,0.999
10086,422.5,168.5,0.998
10087,414.5,154.5,0.997
10088,402.5,146.5,0.998
10089,392.5,140.5,0.998
10090,382.5,132.5,0.998
10091,392.5,134.5,0.957
10092,412.5,140.5,0.941
10093,448.5,150.5,0.996
10094,478.5,164.5,0.996
10095,504.5,176.5,0.997
10096,534.5,194.5,0.995
10097,562.5,214.5,0.996
10098,594.5,238.5,0.997
10099,626.5,268.5,0.994
10100,654.5,292.5,0.994
10101,672.5,318.5,0.995
10102,706.5,314.5,0.993
10103,728.5,306.5,0.966
10104,752.5,310.5,0.992
10105,786.5,298.5,0.996
10106,814.5,298.5,0.995
10107,840.5,302.5,0.996
10108,872.5,310.5,0.996
10109,900.5,320.5,0.993
10110,928.5,334.5,0.984
10111,944.5,342.5,0.783
10112,894.5,314.5,0.996
10113,850.5,290.5,0.997
10114,796.5,264.5,0.997
10115,758.5,252.5,0.998
10116,720.5,240.5,0.994
10117,684.5,230.5,0.997
10118,650.5,226.5,0.996
10119,622.5,224.5,0.994
10120,594.5,224.5,0.995
10121,566.5,226.5,0.992
10122,544.5,230.5,0.997
10123,524.5,236.5,0.993
10124,502.5,244.5,0.996
10125,488.5,252.5,0.996
10126,468.5,248.5,0.995
10127,454.5,232.5,0.996
10128,438.5,216.5,0.998
10129,424.5,202.5,0.997
10130,412.5,190.5,0.994
10131,400.5,180.5,0.99
10132,408.5,178.5,0.895
10133,434.5,174.5,0.996
10134,464.5,172.5,0.996
10135,490.5,172.5,0.996
10136,518.5,178.5,0.997
10137,544.5,182.5,0.997
10138,574.5,192.5,0.994
10139,600.5,202.5,0.997
10140,630.5,216.5,0.997
10141,656.5,230.5,0.996
10142,690.5,250.5,0.997
10143,716.5,270.5,0.996
10144,740.5,288.5,0.992
10145,770.5,318.5,0.995
10146,796.5,338.5,0.988
10147,824.5,328.5,0.995
10148,852.5,318.5,0.994
10149,876.5,314.5,0.995
10150,910.5,310.5,0.997
10151,886.5,296.5,0.996
10152,852.5,282.5,0.998
10153,798.5,258.5,0.997
10154,758.5,250.5,0.998
10155,722.5,242.5,0.996
10156,688.5,236.5,0.996
10157,650.5,234.5,0.995
10158,620.5,234.5,0.994
10159,590.5,236.5,0.995
10160,560.5,240.5,0.994
10161,530.5,248.5,0.996
10162,502.5,258.5,0.996
10163,478.5,266.5,0.997
10164,458.5,280.5,0.996
10165,436.5,290.5,0.996
10166,412.5,270.5,0.996
10167,390.5,254.5,0.992
10168,388.5,252.5,0.994
10169,370.5,238.5,0.996
10170,354.5,228.5,0.996
10171,334.5,220.5,0.989
10172,316.5,216.5,0.995
10173,298.5,214.5,0.993
10174,286.5,212.5,0.991
10175,310.5,202.5,0.977
10176,334.5,202.5,0.993
10177,360.5,198.5,0.995
10178,394.5,198.5,0.996
10179,420.5,200.5,0.997
10180,452.5,206.5,0.996
10181,486.5,216.5,0.998
10182,518.5,230.5,0.997
10183,546.5,244.5,0.994
10184,576.5,258.5,0.995
10185,610.5,282.5,0.996
10186,638.5,302.5,0.996
10187,670.5,330.5,0.994
10188,698.5,350.5,0.996
10189,726.5,334.5,0.996
10190,752.5,322.5,0.996
10191,776.5,312.5,0.994
10192,800.5,308.5,0.994
10193,828.5,310.5,0.978
10195,768.5,256.5,0.994
10196,740.5,240.5,0.997
10197,702.5,220.5,0.997
10198,670.5,204.5,0.996
10199,632.5,192.5,0.996
10200,602.5,182.5,0.996
10201,572.5,176.5,0.994
10202,546.5,174.5,0.995
10203,520.5,172.5,0.996
10204,500.5,174.5,0.996
10205,478.5,178.5,0.995
10206,458.5,184.5,0.997
10207,442.5,192.5,0.998
10208,424.5,202.5,0.998
10209,410.5,212.5,0.997
10210,396.5,226.5,0.997
10211,384.5,236.5,0.996
10212,372.5,224.5,0.998
10213,360.5,204.5,0.996
10214,354.5,188.5,0.997
10215,344.5,174.5,0.997
10216,334.5,162.5,0.998
10217,328.5,152.5,0.997
10218,322.5,144.5,0.998
10219,314.5,140.5,0.997
10221,338.5,132.5,0.994
10222,374.5,130.5,0.995
10223,404.5,130.5,0.996
10224,434.5,132.5,0.997
10225,466.5,136.5,0.997
10226,502.5,144.5,0.996
10227,536.5,154.5,0.995
10228,572.5,168.5,0.996
10229,608.5,186.5,0.996
10230,640.5,202.5,0.997
10231,674.5,222.5,0.997
10232,708.5,248.5,0.996
10233,742.5,272.5,0.997
10234,774.5,302.5,0.994
10235,806.5,326.5,0.994
10236,846.5,308.5,0.996
10237,870.5,298.5,0.998
10238,900.5,290.5,0.996
10239,938.5,278.5,0.997
10240,972.5,276.5,0.987
10241,998.5,274.5,0.996
10244,946.5,398.5,0.955
10245,944.5,404.5,0.986
10246,862.5,230.5,0.995
10247,824.5,226.5,0.997
10248,768.5,222.5,0.998
10249,720.5,222.5,0.997
10250,674.5,226.5,0.997
10251,630.5,230.5,0.997
10252,592.5,238.5,0.996
10253,558.5,248.5,0.993
10254,526.5,258.5,0.996
10255,492.5,272.5,0.994
10256,464.5,248.5,0.997
10257,436.5,226.5,0.997
10258,416.5,210.5,0.996
10259,394.5,196.5,0.997
10260,372.5,186.5,0.997
10261,354.5,180.5,0.995
10262,332.5,174.5,0.995
10263,322.5,170.5,0.997
10264,340.5,162.5,0.903
10265,370.5,150.5,0.994
10266,394.5,142.5,0.995
10267,420.5,138.5,0.997
10268,450.5,134.5,0.998
10269,482.5,134.5,0.998
10270,514.5,138.5,0.998
10271,544.5,146.5,0.996
10272,578.5,154.5,0.998
10273,612.5,168.5,0.997
10274,644.5,182.5,0.996
10275,680.5,202.5,0.997
10276,714.5,222.5,0.996
10277,754.5,250.5,0.997
10279,826.5,312.5,0.994
10280,864.5,346.5,0.978
10282,930.5,420.5,0.928
10286,1074.5,620.5,0.981
10288,272.5,152.5,0.576
10289,204.5,454.5,0.972
10290,198.5,440.5,0.841
10291,194.5,426.5,0.891
10292,188.5,410.5,0.987
10293,1258.5,714.5,0.969
10295,260.5,142.5,0.736
10304,214.5,174.5,0.965
10306,226.5,160.5,0.816
10327,252.5,178.5,0.643
10329,904.5,252.5,0.916
10330,102.5,348.5,0.995
10331,100.5,352.5,0.808
10360,256.5,550.5,0.953
10362,306.5,132.5,0.863
10363,308.5,138.5,0.997
10364,312.5,148.5,0.997
10365,314.5,158.5,0.995
10416,282.5,128.5,0.993
10446,120.5,502.5,0.988
10451,156.5,518.5,0.987
10452,156.5,518.5,0.997
10465,156.5,516.5,0.831
10468,156.5,516.5,0.844
10477,158.5,516.5,0.746
10478,156.5,518.5,0.991
10479,158.5,516.5,0.964
10506,1040.5,492.5,0.897
10512,116.5,464.5,0.631
10517,1028.5,516.5,0.681
10529,920.5,408.5,0.894
10532,362.5,208.5,0.937
10535,914.5,278.5,0.921
10536,918.5,270.5,0.991
10540,920.5,274.5,0.994
10541,360.5,198.5,0.993
10542,360.5,198.5,0.989
10543,358.5,200.5,0.982
10544,354.5,196.5,0.993
10545,350.5,198.5,0.969
10546,344.5,198.5,0.847
10547,344.5,200.5,0.912
10548,896.5,438.5,0.934
10549,828.5,434.5,0.985
10550,770.5,432.5,0.993
10551,720.5,408.5,0.993
10552,670.5,370.5,0.977
10553,626.5,340.5,0.989
10554,586.5,318.5,0.993
10555,558.5,308.5,0.996
10556,524.5,292.5,0.993
10557,494.5,286.5,0.996
10558,466.5,282.5,0.996
10559,438.5,282.5,0.996
10560,416.5,282.5,0.994
10561,394.5,288.5,0.996
10562,370.5,288.5,0.996
10563,352.5,274.5,0.996
10564,326.5,254.5,0.994
10565,310.5,244.5,0.997
10566,294.5,236.5,0.998
10567,276.5,230.5,0.996
10568,262.5,226.5,0.996
10569,278.5,216.5,0.994
10570,312.5,202.5,0.995
10571,344.5,192.5,0.994
10572,376.5,184.5,0.996
10573,410.5,178.5,0.996
10574,440.5,176.5,0.996
10575,474.5,176.5,0.995
10576,508.5,178.5,0.997
10577,542.5,186.5,0.996
10578,572.5,194.5,0.995
10579,604.5,204.5,0.996
10580,636.5,218.5,0.997
10581,672.5,238.5,0.996
10582,696.5,252.5,0.997
10583,726.5,274.5,0.998
10584,754.5,292.5,0.995
10585,784.5,322.5,0.995
10586,810.5,312.5,0.993
10587,834.5,296.5,0.997
10588,858.5,284.5,0.997
10589,884.5,276.5,0.996
10590,906.5,270.5,0.996
10591,934.5,268.5,0.998
10592,958.5,266.5,0.858
10593,980.5,268.5,0.993
10594,1002.5,274.5,0.996
10597,998.5,264.5,0.993
10600,866.5,200.5,0.997
10601,824.5,188.5,0.996
10602,794.5,180.5,0.997
10603,758.5,174.5,0.996
10604,726.5,172.5,0.997
10605,690.5,174.5,0.651
10606,696.5,174.5,0.992
10607,670.5,176.5,0.995
10608,638.5,182.5,0.997
10609,612.5,190.5,0.995
10610,586.5,202.5,0.996
10611,564.5,212.5,0.995
10612,544.5,226.5,0.995
10613,526.5,240.5,0.995
10614,506.5,248.5,0.996
10615,490.5,226.5,0.997
10616,480.5,212.5,0.998
10617,464.5,194.5,0.998
10618,452.5,178.5,0.998
10619,438.5,168.5,0.998
10620,426.5,160.5,0.998
10621,416.5,152.5,0.997
10622,402.5,148.5,0.997
10623,414.5,148.5,0.997
10624,436.5,144.5,0.995
10625,458.5,144.5,0.996
10626,482.5,148.5,0.996
10627,504.5,154.5,0.997
10628,528.5,162.5,0.995
10629,550.5,172.5,0.997
10630,576.5,188.5,0.997
10631,596.5,202.5,0.998
10632,492.5,602.5,0.995
10633,642.5,244.5,0.996
10634,672.5,274.5,0.961
10635,694.5,300.5,0.993
10636,714.5,330.5,0.993
10637,738.5,366.5,0.995
10638,758.5,386.5,0.996
10639,784.5,374.5,0.994
10640,804.5,362.5,0.995
10641,824.5,356.5,0.993
10642,848.5,354.5,0.988
10643,868.5,352.5,0.971
10644,894.5,356.5,0.985
10645,920.5,364.5,0.607
10647,860.5,300.5,0.931
10649,786.5,234.5,0.994
10650,742.5,202.5,0.996
10651,708.5,180.5,0.995
10652,676.5,164.5,0.997
10653,646.5,150.5,0.997
10654,618.5,140.5,0.997
10655,592.5,134.5,0.997
10656,568.5,132.5,0.995
10657,546.5,132.5,0.997
10658,526.5,136.5,0.998
10659,506.5,144.5,0.993
10660,492.5,150.5,0.997
10661,478.5,162.5,0.997
10662,464.5,174.5,0.993
10663,454.5,186.5,0.997
10664,442.5,202.5,0.998
10665,432.5,216.5,0.998
10666,426.5,232.5,0.997
10667,420.5,248.5,0.995
10668,404.5,252.5,0.995
10669,386.5,232.5,0.997
10670,366.5,216.5,0.997
10671,350.5,202.5,0.997
10672,330.5,190.5,0.996
10673,314.5,182.5,0.996
10674,298.5,174.5,0.993
10675,280.5,170.5,0.996
10676,264.5,168.5,0.995
10677,248.5,170.5,0.994
10678,234.5,172.5,0.993
10679,222.5,178.5,0.996
10680,210.5,184.5,0.997
10681,198.5,194.5,0.995
10682,188.5,206.5,0.997
10683,180.5,218.5,0.995
10684,170.5,234.5,0.994
10685,164.5,250.5,0.997
10686,154.5,268.5,0.993
10687,150.5,288.5,0.993
10688,148.5,308.5,0.987
10689,302.5,196.5,0.978
10690,136.5,356.5,0.98
10691,134.5,376.5,0.985
10692,130.5,392.5,0.998
10693,116.5,376.5,0.997
10694,106.5,368.5,0.996
10695,96.5,356.5,0.998
10696,88.5,350.5,0.995
10697,80.5,346.5,0.979
10698,72.5,340.5,0.995
10699,64.5,338.5,0.997
10700,58.5,338.5,0.995
10701,50.5,338.5,0.995
10702,44.5,344.5,0.956
10703,38.5,350.5,0.996
10733,464.5,302.5,0.524
10737,808.5,256.5,0.707
10743,782.5,340.5,0.784
10785,1080.5,588.5,0.657
10808,40.5,206.5,0.985
10817,166.5,150.5,0.764
10818,194.5,164.5,0.99
10819,226.5,178.5,0.994
10820,262.5,196.5,0.993
10821,294.5,216.5,0.997
10822,324.5,236.5,0.996
10823,356.5,262.5,0.996
10824,386.5,286.5,0.992
10825,416.5,290.5,0.997
10826,438.5,274.5,0.997
10827,460.5,262.5,0.996
10828,484.5,250.5,0.995
10829,508.5,244.5,0.995
10830,534.5,238.5,0.995
10831,558.5,238.5,0.995
10832,582.5,238.5,0.997
10833,608.5,244.5,0.996
10834,630.5,248.5,0.998
10835,652.5,258.5,0.992
10836,680.5,270.5,0.996
10837,710.5,288.5,0.994
10838,726.5,300.5,0.995
10839,750.5,322.5,0.994
10840,768.5,342.5,0.996
10841,792.5,368.5,0.995
10842,810.5,354.5,0.998
10843,830.5,340.5,0.994
10844,848.5,328.5,0.992
10845,868.5,318.5,0.994
10846,886.5,316.5,0.997
10847,902.5,314.5,0.996
10848,920.5,316.5,0.996
10849,934.5,322.5,0.996
10850,952.5,330.5,0.997
10851,968.5,340.5,0.995
10852,984.5,348.5,0.996
10853,1000.5,332.5,0.995
10854,1016.5,320.5,0.994
10855,1032.5,308.5,0.975
10861,1120.5,314.5,0.989
10862,1130.5,326.5,0.991
10876,1080.5,522.5,0.959
10877,1078.5,528.5,0.737
10878,1072.5,536.5,0.99
10880,1064.5,546.5,0.995
10881,334.5,130.5,0.997
10882,1054.5,554.5,0.996
10883,346.5,162.5,0.993
10884,1038.5,558.5,0.995
10885,352.5,194.5,0.994
10886,360.5,208.5,0.972
10887,1022.5,554.5,0.995
10888,1020.5,552.5,0.945
10889,1014.5,550.5,0.984
10890,1008.5,548.5,0.996
10891,1002.5,546.5,0.989
10907,908.5,274.5,0.983
10908,908.5,264.5,0.913
10909,918.5,256.5,0.989
10910,918.5,256.5,0.992
10912,920.5,276.5,0.992
10918,300.5,214.5,0.909
10919,302.5,214.5,0.989
10920,892.5,452.5,0.962
10921,302.5,216.5,0.992
10922,782.5,418.5,0.994
10923,740.5,406.5,0.995
10924,702.5,404.5,0.995
10925,666.5,376.5,0.994
10926,634.5,346.5,0.995
10927,606.5,318.5,0.994
10928,582.5,300.5,0.997
10929,556.5,286.5,0.995
10930,534.5,276.5,0.996
10931,514.5,268.5,0.995
10932,494.5,266.5,0.996
10933,474.5,266.5,0.997
10934,458.5,266.5,0.997
10935,442.5,272.5,0.997
10936,426.5,266.5,0.996
10937,412.5,250.5,0.995
10938,396.5,238.5,0.994
10939,384.5,226.5,0.997
10940,370.5,220.5,0.997
10941,356.5,214.5,0.997
10942,366.5,210.5,0.995
10943,390.5,206.5,0.994
10944,420.5,202.5,0.997
10945,442.5,202.5,0.997
10946,468.5,204.5,0.997
10947,494.5,208.5,0.996
10948,518.5,214.5,0.997
10949,548.5,226.5,0.996
10950,576.5,238.5,0.996
10951,600.5,252.5,0.997
10952,630.5,272.5,0.996
10953,654.5,288.5,0.993
10954,682.5,310.5,0.996
10955,706.5,334.5,0.995
10956,734.5,354.5,0.992
10957,754.5,344.5,0.996
10958,782.5,340.5,0.993
10959,802.5,332.5,0.984
10960,826.5,336.5,0.991
10961,848.5,338.5,0.995
10962,872.5,344.5,0.995
10963,896.5,354.5,0.994
10964,920.5,368.5,0.993
10965,940.5,384.5,0.998
10966,892.5,336.5,0.981
10967,854.5,306.5,0.995
10969,768.5,246.5,0.998
10970,744.5,232.5,0.997
10971,712.5,216.5,0.997
10972,682.5,204.5,0.995
10973,654.5,194.5,0.994
10974,628.5,190.5,0.997
10975,604.5,188.5,0.994
10976,582.5,190.5,0.996
10977,562.5,192.5,0.995
10978,544.5,198.5,0.995
10979,524.5,204.5,0.993
10980,510.5,212.5,0.996
10981,494.5,224.5,0.997
10982,480.5,234.5,0.996
10983,472.5,248.5,0.995
10984,456.5,240.5,0.992
10985,446.5,218.5,0.997
10986,436.5,202.5,0.998
10987,424.5,186.5,0.997
10988,416.5,174.5,0.997
10989,408.5,162.5,0.995
10991,442.5,160.5,0.95
10992,468.5,162.5,0.995
10993,498.5,166.5,0.997
10994,530.5,174.5,0.996
10995,560.5,184.5,0.998
10996,592.5,198.5,0.996
10997,618.5,212.5,0.996
10998,644.5,226.5,0.998
10999,680.5,252.5,0.998
11000,710.5,274.5,0.997
11001,746.5,302.5,0.994
11002,774.5,334.5,0.989
11003,816.5,370.5,0.994
11004,838.5,362.5,0.996
11005,868.5,352.5,0.993
11006,898.5,344.5,0.993
11007,930.5,344.5,0.991
11008,966.5,346.5,0.993
11009,998.5,348.5,0.996
11010,1030.5,354.5,0.994
11011,998.5,328.5,0.835
11012,940.5,282.5,0.885
11014,852.5,232.5,0.997
11015,818.5,216.5,0.997
11016,778.5,200.5,0.997
11017,740.5,190.5,0.996
11018,706.5,184.5,0.996
11019,674.5,180.5,0.997
11020,642.5,180.5,0.997
11021,614.5,182.5,0.995
11022,590.5,186.5,0.996
11023,564.5,194.5,0.995
11024,540.5,202.5,0.996
11025,518.5,214.5,0.996
11026,500.5,224.5,0.995
11027,478.5,240.5,0.993
11028,462.5,254.5,0.992
11029,462.5,256.5,0.995
11030,448.5,270.5,0.997
11031,434.5,276.5,0.994
11032,418.5,248.5,0.997
11033,404.5,230.5,0.998
11034,390.5,212.5,0.998
11035,376.5,196.5,0.998
11036,364.5,184.5,0.998
11037,352.5,176.5,0.997
11038,342.5,170.5,0.997
11039,330.5,164.5,0.995
11040,346.5,160.5,0.935
11041,376.5,158.5,0.995
11042,408.5,158.5,0.996
11043,440.5,160.5,0.996
11044,476.5,166.5,0.997
11045,504.5,172.5,0.997
11046,542.5,184.5,0.997
11047,574.5,196.5,0.996
11048,606.5,212.5,0.995
11049,638.5,228.5,0.997
11050,674.5,252.5,0.997
11051,702.5,270.5,0.996
11052,732.5,294.5,0.986
11053,764.5,320.5,0.984
11054,786.5,308.5,0.995
11055,814.5,292.5,0.996
11056,844.5,280.5,0.997
11057,868.5,272.5,0.997
11058,894.5,266.5,0.995
11059,920.5,266.5,0.997
11060,944.5,266.5,0.997
11061,970.5,270.5,0.986
11062,996.5,276.5,0.996
11063,1016.5,284.5,0.984
11067,846.5,244.5,0.998
11068,796.5,236.5,0.995
11069,744.5,228.5,0.998
11070,696.5,226.5,0.998
11071,652.5,228.5,0.998
11072,610.5,232.5,0.997
11073,574.5,238.5,0.996
11074,536.5,246.5,0.995
11075,502.5,258.5,0.994
11076,470.5,266.5,0.996
11077,452.5,250.5,0.991
11078,424.5,230.5,0.997
11079,402.5,214.5,0.997
11080,382.5,200.5,0.997
11081,360.5,192.5,0.996
11082,338.5,184.5,0.983
11083,348.5,180.5,0.987
11084,370.5,180.5,0.994
11085,398.5,180.5,0.997
11086,426.5,180.5,0.996
11087,452.5,186.5,0.997
11088,480.5,194.5,0.997
11089,510.5,204.5,0.996
11090,534.5,216.5,0.998
11091,566.5,234.5,0.998
11092,596.5,254.5,0.996
11093,622.5,276.5,0.997
11094,650.5,298.5,0.994
11095,678.5,330.5,0.994
11096,706.5,362.5,0.994
11097,734.5,376.5,0.994
11098,758.5,364.5,0.994
11099,784.5,358.5,0.995
11100,814.5,356.5,0.995
11101,836.5,356.5,0.995
11102,864.5,358.5,0.995
11103,888.5,362.5,0.863
11105,864.5,326.5,0.578
11106,834.5,302.5,0.986
11107,778.5,252.5,0.603
11108,752.5,236.5,0.997
11109,720.5,218.5,0.997
11110,690.5,202.5,0.997
11111,660.5,188.5,0.994
11112,636.5,182.5,0.996
11113,610.5,178.5,0.994
11114,590.5,176.5,0.992
11115,570.5,178.5,0.991
11116,554.5,182.5,0.995
11117,540.5,186.5,0.995
11118,526.5,194.5,0.997
11119,512.5,204.5,0.995
11120,502.5,216.5,0.997
11121,494.5,226.5,0.998
11122,484.5,240.5,0.995
11123,476.5,244.5,0.996
11124,466.5,222.5,0.998
11125,458.5,200.5,0.998
11126,450.5,184.5,0.998
11127,444.5,170.5,0.998
11128,434.5,158.5,0.995
11129,448.5,156.5,0.848
11130,470.5,156.5,0.997
11131,494.5,162.5,0.997
11132,524.5,170.5,0.997
11133,550.5,180.5,0.995
11134,578.5,192.5,0.993
11135,606.5,208.5,0.993
11136,632.5,226.5,0.995
11137,674.5,254.5,0.998
11138,690.5,270.5,0.996
11139,724.5,296.5,0.993
11140,742.5,322.5,0.961
11141,780.5,358.5,0.994
11142,814.5,354.5,0.994
11143,842.5,346.5,0.994
11144,874.5,342.5,0.99
11145,900.5,338.5,0.993
11146,930.5,340.5,0.989
11147,966.5,346.5,0.993
11148,998.5,354.5,0.993
11149,1028.5,360.5,0.996
11150,980.5,328.5,0.947
11152,892.5,266.5,0.958
11153,846.5,238.5,0.996
11154,808.5,222.5,0.996
11155,770.5,206.5,0.996
11156,734.5,196.5,0.997
11157,698.5,190.5,0.995
11158,668.5,188.5,0.995
11159,634.5,188.5,0.995
11160,604.5,192.5,0.994
11161,576.5,196.5,0.995
11162,550.5,206.5,0.995
11163,526.5,216.5,0.997
11164,504.5,228.5,0.996
11165,480.5,244.5,0.995
11166,458.5,260.5,0.997
11167,440.5,278.5,0.997
11168,424.5,296.5,0.997
11169,406.5,286.5,0.994
11170,392.5,264.5,0.996
11171,372.5,242.5,0.997
11172,358.5,226.5,0.996
11173,342.5,212.5,0.997
11174,328.5,202.5,0.998
11175,316.5,194.5,0.996
11176,302.5,192.5,0.995
11177,290.5,188.5,0.996
11178,278.5,188.5,0.997
11179,266.5,190.5,0.995
11183,430.5,260.5,0.988
11187,798.5,310.5,0.994
11188,854.5,306.5,0.997
11189,904.5,304.5,0.98
11190,996.5,300.5,0.994
11193,1152.5,320.5,0.997
11194,1210.5,336.5,0.996
11195,1254.5,350.5,0.985
11197,1220.5,282.5,0.953
11198,1176.5,236.5,0.991
11201,290.5,168.5,0.996
11203,980.5,74.5,0.992
11204,954.5,62.5,0.991
11205,924.5,50.5,0.995
11206,892.5,38.5,0.997
11207,862.5,32.5,0.99
11208,834.5,28.5,0.993
11209,802.5,28.5,0.993
11210,774.5,30.5,0.996
11211,748.5,34.5,0.993
11212,722.5,40.5,0.996
11213,700.5,50.5,0.994
11214,678.5,60.5,0.996
11215,648.5,76.5,0.996
11216,634.5,88.5,0.998
11217,612.5,102.5,0.997
11218,592.5,120.5,0.996
11219,572.5,142.5,0.997
11220,556.5,162.5,0.996
11221,538.5,184.5,0.995
11222,524.5,206.5,0.997
11223,510.5,224.5,0.993
11224,496.5,232.5,0.997
11225,486.5,206.5,0.998
11226,478.5,186.5,0.998
11227,470.5,168.5,0.998
11228,460.5,148.5,0.998
11229,450.5,136.5,0.998
11230,444.5,122.5,0.998
11231,434.5,114.5,0.998
11232,426.5,108.5,0.997
11233,418.5,102.5,0.998
11234,416.5,102.5,0.99
11235,440.5,110.5,0.996
11236,468.5,118.5,0.996
11237,494.5,134.5,0.996
11238,524.5,150.5,0.997
11239,552.5,170.5,0.996
11240,578.5,190.5,0.997
11241,610.5,216.5,0.993
11242,630.5,236.5,0.997
11243,656.5,260.5,0.996
11244,688.5,296.5,0.994
11245,722.5,342.5,0.994
11246,740.5,350.5,0.996
11247,768.5,340.5,0.993
11248,798.5,330.5,0.994
11249,828.5,326.5,0.988
11250,850.5,326.5,0.989
11251,880.5,326.5,0.994
11252,912.5,334.5,0.985
11253,942.5,344.5,0.981
11254,928.5,338.5,0.676
11255,884.5,304.5,0.995
11256,850.5,284.5,0.996
11257,776.5,248.5,0.984
11258,744.5,234.5,0.998
11259,702.5,220.5,0.995
11260,668.5,212.5,0.996
11261,630.5,202.5,0.996
11262,594.5,200.5,0.997
11263,564.5,200.5,0.996
11264,534.5,202.5,0.993
11265,510.5,208.5,0.993
11266,486.5,214.5,0.996
11267,468.5,220.5,0.997
11268,448.5,232.5,0.995
11269,430.5,244.5,0.997
11270,416.5,258.5,0.997
11271,400.5,274.5,0.996
11272,386.5,266.5,0.995
11273,374.5,246.5,0.998
11274,358.5,222.5,0.998
11275,350.5,210.5,0.997
11276,338.5,194.5,0.998
11277,328.5,184.5,0.997
11278,318.5,174.5,0.998
11279,334.5,168.5,0.867
11280,366.5,166.5,0.996
11281,398.5,166.5,0.997
11282,434.5,166.5,0.997
11283,472.5,170.5,0.997
11284,508.5,178.5,0.998
11285,546.5,186.5,0.998
11286,578.5,196.5,0.997
11287,618.5,210.5,0.997
11288,652.5,226.5,0.997
11289,690.5,244.5,0.995
11290,726.5,262.5,0.998
11291,758.5,282.5,0.998
11292,796.5,310.5,0.995
11293,830.5,328.5,0.993
11294,870.5,314.5,0.997
11295,896.5,306.5,0.994
11296,938.5,292.5,0.993
11297,964.5,288.5,0.99
11298,996.5,282.5,0.997
11299,1020.5,280.5,0.86
11302,1110.5,290.5,0.995
11305,1032.5,262.5,0.679
11308,836.5,214.5,0.998
11309,778.5,210.5,0.997
11310,728.5,210.5,0.998
11311,678.5,212.5,0.998
11312,632.5,218.5,0.997
11313,592.5,226.5,0.998
11314,550.5,236.5,0.996
11315,512.5,250.5,0.997
11316,480.5,266.5,0.996
11317,448.5,282.5,0.996
11318,418.5,278.5,0.995
11319,390.5,254.5,0.995
11320,362.5,232.5,0.997
11321,338.5,218.5,0.997
11322,314.5,208.5,0.996
11323,292.5,198.5,0.996
11324,266.5,192.5,0.983
11325,246.5,188.5,0.998
11326,266.5,176.5,0.994
11327,300.5,162.5,0.995
11328,334.5,150.5,0.996
11329,370.5,144.5,0.997
11330,406.5,138.5,0.997
11331,446.5,134.5,0.998
11332,482.5,134.5,0.998
11333,524.5,140.5,0.997
11334,560.5,146.5,0.998
11335,600.5,156.5,0.998
11336,638.5,168.5,0.997
11337,676.5,184.5,0.998
11338,714.5,202.5,0.997
11339,752.5,224.5,0.997
11340,778.5,240.5,0.997
11341,840.5,284.5,0.996
11342,858.5,302.5,0.996
11343,890.5,330.5,0.994
11345,962.5,358.5,0.997
11346,988.5,342.5,0.997
11347,1020.5,326.5,0.996
11348,1048.5,314.5,0.989
11350,1114.5,294.5,0.995
11351,1144.5,292.5,0.994
11352,1172.5,292.5,0.991
11353,1188.5,290.5,0.995
11356,1180.5,294.5,0.994
11357,1142.5,284.5,0.994
11358,1000.5,254.5,0.985
11359,858.5,228.5,0.994
11360,788.5,224.5,0.967
11361,720.5,214.5,0.995
11362,654.5,214.5,0.995
11363,600.5,220.5,0.996
11364,550.5,226.5,0.998
11365,504.5,236.5,0.993
11366,470.5,246.5,0.993
11367,434.5,248.5,0.996
11368,396.5,214.5,0.996
11369,366.5,194.5,0.996
11370,342.5,180.5,0.995
11371,312.5,164.5,0.995
11372,300.5,182.5,0.995
11373,400.5,158.5,0.993
11374,460.5,162.5,0.997
11375,514.5,172.5,0.995
11376,572.5,178.5,0.996
11377,628.5,190.5,0.996
11378,686.5,204.5,0.996
11379,748.5,222.5,0.998
11380,802.5,240.5,0.99
11381,868.5,268.5,0.996
11383,996.5,332.5,0.914
11384,1064.5,368.5,0.992
11385,1136.5,412.5,0.975
11394,1096.5,658.5,0.995
11395,1054.5,642.5,0.993
11396,1026.5,614.5,0.994
11397,998.5,588.5,0.997
11398,970.5,566.5,0.997
11399,944.5,550.5,0.996
11400,916.5,534.5,0.997
11401,890.5,524.5,0.997
11403,840.5,512.5,0.889
11404,822.5,510.5,0.996
11405,236.5,144.5,0.709
11407,756.5,514.5,0.62
11408,732.5,512.5,0.816
11412,254.5,170.5,0.934
11413,258.5,178.5,0.993
11415,262.5,196.5,0.941
11416,148.5,226.5,0.812
11417,794.5,338.5,0.907
11423,256.5,200.5,0.92
11429,518.5,474.5,0.981
11431,502.5,478.5,0.996
11432,494.5,476.5,0.995
11433,284.5,188.5,0.885
11434,280.5,194.5,0.993
11435,472.5,478.5,0.996
11436,462.5,478.5,0.996
11437,456.5,476.5,0.995
11438,446.5,478.5,0.995
11439,440.5,476.5,0.995
11440,432.5,476.5,0.995
11441,426.5,476.5,0.993
11442,418.5,476.5,0.994
11443,412.5,478.5,0.996
11444,406.5,478.5,0.995
11445,398.5,480.5,0.996
11446,392.5,478.5,0.994
11447,386.5,478.5,0.995
11448,380.5,480.5,0.997
11449,374.5,478.5,0.99
11450,368.5,480.5,0.996
11451,364.5,480.5,0.996
11452,358.5,478.5,0.994
11453,354.5,480.5,0.995
11454,348.5,480.5,0.996
11455,344.5,478.5,0.993
11456,338.5,478.5,0.996
11457,334.5,480.5,0.997
11458,330.5,478.5,0.994
11459,324.5,478.5,0.996
11460,320.5,480.5,0.997
11461,316.5,480.5,0.997
11462,312.5,478.5,0.995
11463,306.5,478.5,0.996
11464,310.5,478.5,0.996
11465,304.5,480.5,0.996
11466,300.5,480.5,0.996
11467,296.5,478.5,0.993
11468,292.5,478.5,0.995
11469,288.5,478.5,0.995
11470,286.5,478.5,0.997
11471,284.5,478.5,0.974
11472,278.5,478.5,0.993
11473,274.5,478.5,0.995
11474,272.5,478.5,0.996
11475,268.5,478.5,0.997
11476,344.5,222.5,0.997
11477,318.5,558.5,0.837
11478,316.5,556.5,0.61
11479,318.5,562.5,0.927
11482,320.5,562.5,0.889
11483,452.5,276.5,0.747
11484,788.5,610.5,0.973
11485,790.5,614.5,0.841
11489,492.5,602.5,0.991
11490,804.5,630.5,0.819
11493,794.5,628.5,0.987
11494,792.5,622.5,0.905
11497,446.5,210.5,0.935
11500,210.5,470.5,0.996
11501,208.5,472.5,0.951
11503,206.5,470.5,0.819
11506,204.5,472.5,0.599
11508,198.5,470.5,0.868
11509,792.5,620.5,0.993
11512,194.5,472.5,0.994
11513,192.5,470.5,0.996
11514,192.5,470.5,0.996
11515,192.5,470.5,0.994
11516,190.5,470.5,0.995
11517,192.5,468.5,0.988
11518,190.5,470.5,0.995
11519,190.5,466.5,0.997
11520,188.5,466.5,0.997
11521,190.5,466.5,0.997
11522,188.5,464.5,0.997
11523,188.5,466.5,0.997
11524,188.5,464.5,0.997
11525,188.5,464.5,0.997
11526,188.5,466.5,0.996
11527,190.5,464.5,0.998
11528,190.5,466.5,0.997
11529,190.5,466.5,0.997
11530,190.5,464.5,0.998
11531,190.5,464.5,0.998
11532,190.5,464.5,0.998
11533,188.5,464.5,0.997
11534,190.5,464.5,0.998
11535,188.5,462.5,0.998
11536,188.5,462.5,0.998
11537,188.5,462.5,0.998
11538,188.5,462.5,0.998
11539,188.5,462.5,0.998
11540,188.5,462.5,0.997
11541,188.5,462.5,0.997
11542,188.5,462.5,0.997
11543,188.5,462.5,0.997
11544,188.5,462.5,0.997
11545,188.5,462.5,0.997
11546,188.5,464.5,0.996
11547,188.5,464.5,0.998
11548,186.5,464.5,0.994
11549,186.5,464.5,0.986
11550,188.5,464.5,0.997
11551,188.5,462.5,0.994
11552,188.5,464.5,0.938
11553,188.5,462.5,0.997
11554,188.5,462.5,0.995
11557,386.5,278.5,0.666
11558,292.5,570.5,0.987
11559,292.5,562.5,0.996
11560,292.5,554.5,0.991
11565,186.5,458.5,0.898
11567,186.5,462.5,0.994
11574,168.5,422.5,0.993
11575,158.5,406.5,0.97
11580,234.5,282.5,0.974
11581,256.5,262.5,0.994
11582,288.5,240.5,0.998
11583,314.5,220.5,0.996
11584,342.5,204.5,0.996
11585,374.5,188.5,0.997
11586,402.5,176.5,0.996
11587,432.5,166.5,0.997
11588,464.5,158.5,0.996
11589,492.5,154.5,0.996
11590,522.5,154.5,0.996
11591,552.5,154.5,0.996
11592,580.5,158.5,0.995
11593,608.5,164.5,0.995
11594,642.5,172.5,0.991
11595,670.5,186.5,0.997
11596,694.5,196.5,0.996
11597,720.5,214.5,0.996
11598,742.5,228.5,0.995
11599,766.5,246.5,0.996
11600,790.5,264.5,0.992
11601,818.5,296.5,0.824
11602,830.5,306.5,0.997
11603,858.5,316.5,0.995
11604,884.5,280.5,0.929
11605,884.5,282.5,0.991
11606,898.5,264.5,0.997
11607,916.5,246.5,0.994
11609,934.5,226.5,0.691
11610,952.5,216.5,0.644
11611,966.5,216.5,0.992
11612,976.5,212.5,0.996
11613,986.5,216.5,0.994
11614,998.5,220.5,0.992
11619,994.5,144.5,0.993
11620,992.5,130.5,0.998
11621,988.5,124.5,0.994
11622,984.5,118.5,0.996
11623,978.5,116.5,0.995
11624,974.5,118.5,0.998
11625,970.5,122.5,0.994
11626,964.5,130.5,0.997
11627,958.5,140.5,0.996
11628,948.5,156.5,0.996
11629,944.5,168.5,0.999
11630,940.5,186.5,0.992
11631,934.5,204.5,0.992
11632,926.5,218.5,0.995
11633,934.5,206.5,0.995
11634,942.5,186.5,0.987
11635,952.5,170.5,0.999
11636,962.5,146.5,0.805
11637,974.5,134.5,0.933
11638,982.5,128.5,0.994
11639,994.5,122.5,0.991
11640,1002.5,120.5,0.994
11641,1010.5,122.5,0.986
11642,1018.5,128.5,0.996
11643,1024.5,132.5,0.996
11644,248.5,130.5,0.994
11645,244.5,118.5,0.983
11646,68.5,592.5,0.995
11647,64.5,592.5,0.982
11658,1220.5,434.5,0.921
11659,204.5,202.5,0.995
11660,202.5,192.5,0.997
11661,198.5,178.5,0.997
11662,190.5,164.5,0.996
11663,184.5,148.5,0.996
11664,174.5,136.5,0.982
11679,1064.5,466.5,0.929
11686,1078.5,442.5,0.702
11689,904.5,246.5,0.986
11691,1068.5,446.5,0.91
11692,1064.5,448.5,0.737
11693,1058.5,448.5,0.994
11694,1054.5,448.5,0.993
11697,1040.5,448.5,0.993
11698,1038.5,446.5,0.704
11699,1032.5,446.5,0.505
11700,1026.5,446.5,0.919
11701,1020.5,446.5,0.905
11703,1004.5,444.5,0.646
11711,642.5,166.5,0.616
11712,646.5,154.5,0.784
11714,960.5,458.5,0.977
11716,672.5,98.5,0.653
11718,594.5,128.5,0.776
11727,268.5,560.5,0.79
11732,262.5,466.5,0.718
11734,366.5,70.5,0.873
11737,216.5,140.5,0.943
11738,220.5,152.5,0.995
11739,370.5,148.5,0.995
11740,366.5,164.5,0.992
11741,358.5,182.5,0.996
11742,240.5,186.5,0.982
11752,326.5,210.5,0.877
11753,1044.5,460.5,0.754
11754,1040.5,460.5,0.981
11755,1038.5,460.5,0.991
11756,1034.5,458.5,0.994
11757,1030.5,454.5,0.989
11758,1026.5,454.5,0.993
11759,1022.5,450.5,0.975
11760,1016.5,450.5,0.994
11761,1012.5,450.5,0.956
11762,1008.5,450.5,0.989
11763,336.5,202.5,0.994
11764,340.5,200.5,0.944
11765,998.5,448.5,0.676
11766,256.5,498.5,0.669
11767,336.5,198.5,0.952
11768,990.5,458.5,0.978
11769,990.5,462.5,0.793
11784,680.5,112.5,0.91
11787,898.5,320.5,0.73
11789,902.5,282.5,0.905
11790,906.5,274.5,0.756
11792,912.5,254.5,0.983
11796,918.5,276.5,0.991
11799,912.5,324.5,0.996
11800,914.5,348.5,0.804
11801,898.5,470.5,0.985
11802,902.5,402.5,0.893
11803,568.5,112.5,0.918
11804,858.5,444.5,0.993
11805,812.5,434.5,0.992
11806,768.5,432.5,0.929
11807,716.5,392.5,0.976
11808,670.5,350.5,0.993
11809,638.5,326.5,0.995
11810,606.5,306.5,0.995
11811,580.5,294.5,0.995
11812,550.5,280.5,0.996
11813,526.5,274.5,0.995
11814,500.5,268.5,0.996
11815,478.5,266.5,0.995
11816,458.5,270.5,0.997
11817,438.5,276.5,0.996
11818,422.5,262.5,0.997
11819,406.5,248.5,0.997
11820,388.5,232.5,0.998
11821,374.5,220.5,0.998
11822,360.5,214.5,0.995
11823,526.5,116.5,0.96
11824,382.5,198.5,0.997
11825,406.5,192.5,0.995
11826,434.5,186.5,0.996
11827,460.5,186.5,0.997
11828,486.5,186.5,0.997
11829,514.5,190.5,0.996
11830,544.5,196.5,0.996
11831,570.5,204.5,0.994
11832,598.5,216.5,0.998
11833,628.5,232.5,0.997
11834,650.5,244.5,0.995
11835,684.5,266.5,0.996
11836,714.5,290.5,0.995
11837,738.5,312.5,0.996
11838,764.5,340.5,0.995
11839,790.5,346.5,0.996
11840,814.5,334.5,0.995
11841,834.5,326.5,0.995
11842,864.5,316.5,0.994
11843,886.5,316.5,0.998
11844,908.5,314.5,0.993
11845,932.5,316.5,0.998
11846,960.5,322.5,0.94
11847,980.5,332.5,0.997
11848,1006.5,346.5,0.977
11851,872.5,258.5,0.995
11852,838.5,238.5,0.997
11853,790.5,218.5,0.998
11854,752.5,204.5,0.996
11855,714.5,194.5,0.996
11856,680.5,188.5,0.997
11857,646.5,186.5,0.996
11858,618.5,186.5,0.994
11859,592.5,188.5,0.994
11860,566.5,194.5,0.994
11861,544.5,200.5,0.996
11862,522.5,212.5,0.996
11863,504.5,222.5,0.997
11864,486.5,234.5,0.995
11865,470.5,248.5,0.995
11866,454.5,240.5,0.995
11867,438.5,216.5,0.997
11868,428.5,200.5,0.998
11869,414.5,182.5,0.998
11870,402.5,172.5,0.998
11871,392.5,162.5,0.997
11873,434.5,168.5,0.994
11874,462.5,176.5,0.996
11875,500.5,188.5,0.994
11876,536.5,206.5,0.996
11877,578.5,230.5,0.996
11878,612.5,252.5,0.998
11879,642.5,274.5,0.989
11880,688.5,310.5,0.993
11881,734.5,354.5,0.952
11882,768.5,376.5,0.995
11883,800.5,374.5,0.996
11884,838.5,372.5,0.995
11885,880.5,374.5,0.996
11886,920.5,382.5,0.993
11887,570.5,246.5,0.994
11888,968.5,370.5,0.996
11889,920.5,336.5,0.993
11890,872.5,296.5,0.983
11892,776.5,230.5,0.997
11893,736.5,210.5,0.996
11894,698.5,194.5,0.995
11895,668.5,180.5,0.997
11896,636.5,170.5,0.997
11897,606.5,164.5,0.996
11900,552.5,162.5,0.992
11901,530.5,164.5,0.996
11902,510.5,170.5,0.997
11903,490.5,178.5,0.994
11904,474.5,186.5,0.997
11905,460.5,194.5,0.997
11906,442.5,210.5,0.996
11907,432.5,220.5,0.995
11908,422.5,236.5,0.994
11909,412.5,250.5,0.993
11910,402.5,244.5,0.997
11911,390.5,222.5,0.997
11912,382.5,200.5,0.998
11913,374.5,184.5,0.998
11914,366.5,168.5,0.999
11915,358.5,156.5,0.997
11916,352.5,148.5,0.998
11917,346.5,138.5,0.997
11918,538.5,170.5,0.555
11919,388.5,144.5,0.658
11920,420.5,148.5,0.996
11921,460.5,156.5,0.989
11922,496.5,168.5,0.998
11923,528.5,180.5,0.997
11924,576.5,200.5,0.995
11925,610.5,218.5,0.997
11926,640.5,234.5,0.997
11927,688.5,266.5,0.997
11928,718.5,288.5,0.993
11929,760.5,322.5,0.995
11930,798.5,342.5,0.996
11931,838.5,330.5,0.995
11932,882.5,320.5,0.988
11933,916.5,316.5,0.996
11934,942.5,310.5,0.953
11935,1000.5,312.5,0.996
11936,1032.5,316.5,0.994
11937,1070.5,324.5,0.995
11938,1110.5,332.5,0.996
11939,1140.5,342.5,0.995
11940,486.5,168.5,0.978
11941,1028.5,264.5,0.993
11943,924.5,208.5,0.993
11944,880.5,192.5,0.994
11945,836.5,178.5,0.995
11946,798.5,170.5,0.997
11947,756.5,164.5,0.997
11948,720.5,164.5,0.996
11949,686.5,164.5,0.997
11950,652.5,170.5,0.996
11951,624.5,178.5,0.995
11952,594.5,186.5,0.996
11953,570.5,198.5,0.995
11954,544.5,212.5,0.995
11955,522.5,228.5,0.997
11956,502.5,242.5,0.997
11957,484.5,260.5,0.997
11958,466.5,266.5,0.994
11959,450.5,242.5,0.997
11960,434.5,218.5,0.997
11961,420.5,200.5,0.999
11962,404.5,182.5,0.999
11963,392.5,170.5,0.998
11964,380.5,160.5,0.996
11965,368.5,150.5,0.998
11966,358.5,146.5,0.997
11967,344.5,144.5,0.997
11968,366.5,144.5,0.997
11969,398.5,146.5,0.996
11970,432.5,150.5,0.997
11971,466.5,156.5,0.997
11972,498.5,166.5,0.997
11973,532.5,178.5,0.996
11974,568.5,194.5,0.994
11975,604.5,212.5,0.994
11976,638.5,232.5,0.996
11977,676.5,258.5,0.998
11978,698.5,276.5,0.993
11979,738.5,306.5,0.995
11980,768.5,336.5,0.993
11981,800.5,322.5,0.995
11982,832.5,308.5,0.994
11983,862.5,296.5,0.997
11984,888.5,290.5,0.995
11985,918.5,282.5,0.985
11986,946.5,278.5,0.998
11987,976.5,278.5,0.986
11988,1006.5,286.5,0.989
11989,1030.5,294.5,0.991
11991,1092.5,318.5,0.716
11995,1016.5,266.5,0.993
11998,856.5,190.5,0.996
11999,808.5,174.5,0.996
12000,770.5,164.5,0.997
12001,734.5,160.5,0.995
12002,694.5,156.5,0.997
12003,660.5,156.5,0.996
12004,626.5,160.5,0.995
12005,594.5,164.5,0.997
12006,566.5,172.5,0.995
12007,542.5,182.5,0.997
12008,518.5,194.5,0.995
12009,496.5,208.5,0.995
12010,476.5,224.5,0.995
12011,456.5,240.5,0.996
12012,440.5,244.5,0.994
12013,422.5,218.5,0.997
12014,408.5,198.5,0.997
12015,394.5,182.5,0.997
12016,380.5,166.5,0.998
12017,368.5,156.5,0.995
12018,374.5,148.5,0.583
12019,416.5,164.5,0.996
12020,454.5,174.5,0.996
12021,494.5,190.5,0.997
12022,534.5,208.5,0.997
12023,576.5,230.5,0.997
12024,614.5,252.5,0.997
12025,648.5,274.5,0.994
12026,716.5,324.5,0.739
12027,350.5,160.5,0.994
12028,782.5,356.5,0.995
12029,334.5,162.5,0.995
12030,862.5,354.5,0.996
12031,320.5,170.5,0.997
12032,310.5,174.5,0.896
12033,998.5,374.5,0.997
12034,1042.5,390.5,0.997
12035,988.5,352.5,0.954
12036,932.5,314.5,0.995
12037,882.5,286.5,0.997
12038,854.5,270.5,0.997
12039,794.5,244.5,0.993
12040,758.5,232.5,0.997
12041,722.5,224.5,0.994
12042,692.5,218.5,0.997
12043,660.5,216.5,0.995
12044,634.5,216.5,0.994
12045,608.5,218.5,0.995
12046,584.5,224.5,0.995
12047,562.5,230.5,0.996
12048,546.5,238.5,0.994
12049,528.5,248.5,0.996
12050,512.5,262.5,0.997
12051,500.5,268.5,0.995
12052,486.5,246.5,0.995
12053,472.5,220.5,0.996
12054,464.5,210.5,0.997
12055,454.5,194.5,0.998
12056,446.5,182.5,0.998
12057,436.5,174.5,0.998
12058,430.5,168.5,0.997
12059,420.5,164.5,0.996
12060,416.5,164.5,0.995
12061,442.5,166.5,0.997
12062,468.5,172.5,0.996
12063,494.5,180.5,0.998
12064,520.5,188.5,0.996
12065,550.5,202.5,0.996
12066,580.5,218.5,0.997
12067,608.5,238.5,0.997
12068,630.5,252.5,0.997
12069,656.5,272.5,0.996
12070,686.5,298.5,0.996
12071,710.5,294.5,0.994
12072,740.5,282.5,0.998
12073,760.5,278.5,0.996
12074,790.5,272.5,0.996
12076,846.5,274.5,0.996
12077,868.5,278.5,0.998
12078,892.5,286.5,0.993
12079,914.5,296.5,0.996
12080,936.5,306.5,0.995
12081,970.5,330.5,0.997
12082,992.5,348.5,0.994
12083,978.5,334.5,0.967
12085,902.5,278.5,0.996
12086,868.5,256.5,0.996
12087,836.5,238.5,0.997
12088,806.5,224.5,0.995
12089,772.5,212.5,0.997
12090,742.5,204.5,0.997
12091,712.5,198.5,0.996
12092,682.5,196.5,0.996
12093,654.5,196.5,0.996
12094,628.5,200.5,0.997
12095,600.5,206.5,0.995
12096,578.5,212.5,0.997
12097,554.5,222.5,0.997
12098,534.5,234.5,0.997
12099,510.5,248.5,0.996
12100,492.5,262.5,0.997
12101,474.5,278.5,0.997
12102,456.5,260.5,0.998
12103,442.5,242.5,0.997
12104,426.5,226.5,0.998
12105,414.5,214.5,0.998
12106,402.5,204.5,0.997
12107,390.5,198.5,0.996
12108,376.5,194.5,0.997
12109,364.5,190.5,0.998
12110,354.5,192.5,0.998
12111,370.5,192.5,0.996
12112,398.5,194.5,0.996
12113,428.5,198.5,0.996
12114,454.5,206.5,0.996
12115,484.5,218.5,0.998
12116,512.5,232.5,0.997
12117,538.5,246.5,0.995
12118,570.5,266.5,0.994
12119,598.5,290.5,0.997
12120,626.5,316.5,0.987
12121,658.5,342.5,0.992
12122,686.5,378.5,0.989
12123,708.5,372.5,0.99
12124,736.5,362.5,0.993
12125,758.5,356.5,0.995
12126,784.5,356.5,0.995
12127,808.5,354.5,0.993
12128,834.5,358.5,0.995
12131,758.5,288.5,0.995
12132,726.5,268.5,0.997
12133,700.5,254.5,0.992
12134,676.5,244.5,0.997
12135,648.5,238.5,0.996
12136,630.5,234.5,0.996
12137,610.5,232.5,0.996
12138,594.5,234.5,0.996
12139,580.5,238.5,0.996
12140,566.5,242.5,0.995
12141,552.5,250.5,0.996
12142,542.5,258.5,0.998
12143,534.5,262.5,0.997
12144,522.5,242.5,0.996
12145,514.5,222.5,0.997
12146,506.5,208.5,0.999
12147,500.5,194.5,0.998
12148,492.5,184.5,0.999
12149,486.5,176.5,0.998
12150,478.5,172.5,0.995
12151,490.5,172.5,0.996
12152,512.5,172.5,0.995
12153,534.5,178.5,0.997
12154,558.5,184.5,0.998
12155,582.5,194.5,0.995
12156,610.5,206.5,0.996
12157,632.5,220.5,0.997
12158,654.5,234.5,0.995
12159,678.5,250.5,0.997
12160,706.5,274.5,0.996
12161,740.5,300.5,0.992
12162,760.5,326.5,0.994
12163,784.5,322.5,0.994
12164,812.5,310.5,0.995
12165,838.5,308.5,0.996
12166,866.5,306.5,0.995
12167,892.5,306.5,0.991
12168,924.5,310.5,0.998
12169,898.5,288.5,0.995
12170,856.5,252.5,0.995
12171,822.5,228.5,0.996
12172,784.5,204.5,0.997
12173,754.5,188.5,0.998
12174,718.5,172.5,0.996
12175,684.5,162.5,0.996
12176,654.5,152.5,0.997
12177,624.5,150.5,0.996
12178,598.5,150.5,0.996
12179,572.5,150.5,0.995
12180,548.5,154.5,0.996
12181,524.5,162.5,0.994
12182,502.5,170.5,0.997
12183,482.5,182.5,0.997
12184,462.5,194.5,0.997
12185,444.5,206.5,0.997
12186,426.5,222.5,0.997
12187,410.5,242.5,0.997
12188,392.5,248.5,0.996
12189,378.5,224.5,0.994
12190,364.5,202.5,0.997
12191,350.5,190.5,0.86
12192,340.5,178.5,0.993
12193,326.5,166.5,0.994
12194,312.5,158.5,0.993
12195,300.5,150.5,0.928
12196,290.5,148.5,0.992
12197,278.5,144.5,0.998
12198,282.5,150.5,0.969
12199,510.5,72.5,0.635
12200,448.5,192.5,0.578
12202,630.5,272.5,0.994
12204,764.5,358.5,0.941
12205,830.5,356.5,0.987
12207,1010.5,344.5,0.571
12208,1062.5,346.5,0.863
12211,388.5,128.5,0.63
12212,372.5,128.5,0.932
12213,358.5,130.5,0.993
12214,342.5,132.5,0.994
12215,334.5,134.5,0.994
12216,322.5,134.5,0.597
12221,554.5,148.5,0.974
12239,386.5,110.5,0.995
12240,392.5,100.5,0.993
12258,1194.5,540.5,0.997
12259,1194.5,550.5,0.997
12260,1190.5,562.5,0.997
12261,1198.5,560.5,0.996
12262,1206.5,552.5,0.997
12263,1216.5,546.5,0.998
12264,1224.5,542.5,0.998
12265,1230.5,544.5,0.998
12266,1238.5,544.5,0.998
12267,1242.5,550.5,0.998
12268,1246.5,556.5,0.997
12269,1248.5,566.5,0.997
12270,1254.5,564.5,0.996
12271,1260.5,562.5,0.997
12272,1268.5,560.5,0.997
12273,1272.5,560.5,0.995
12274,1270.5,564.5,0.957
12288,356.5,120.5,0.663
12291,362.5,148.5,0.631
12292,356.5,156.5,0.848
12322,464.5,74.5,0.988
12325,524.5,154.5,0.799
12326,466.5,146.5,0.944
12329,356.5,184.5,0.985
12330,352.5,186.5,0.91
12331,422.5,146.5,0.536
12332,322.5,278.5,0.929
12334,400.5,180.5,0.715
12337,344.5,182.5,0.893
12338,350.5,178.5,0.536
12340,342.5,174.5,0.538
12344,622.5,126.5,0.776
12345,520.5,156.5,0.663
12346,520.5,148.5,0.944
12348,632.5,76.5,0.927
12352,408.5,206.5,0.981
12362,1270.5,390.5,0.782
12364,1264.5,400.5,0.986
12365,1260.5,402.5,0.996
12366,1258.5,404.5,0.988
12367,1254.5,408.5,0.923
12368,1248.5,410.5,0.779
12369,1246.5,412.5,0.981
12370,1244.5,412.5,0.879
12371,1234.5,410.5,0.993
12372,1230.5,410.5,0.998
12373,1224.5,410.5,0.996
12374,1220.5,410.5,0.995
12375,1214.5,408.5,0.996
12376,1212.5,406.5,0.997
12377,1206.5,406.5,0.996
12378,1200.5,404.5,0.995
12379,1194.5,400.5,0.765
12380,604.5,64.5,0.921
12381,598.5,70.5,0.996
12382,596.5,80.5,0.994
12383,596.5,98.5,0.984
12384,532.5,118.5,0.991
12385,514.5,128.5,0.607
12393,158.5,524.5,0.855
12397,162.5,526.5,0.875
12398,248.5,594.5,0.98
12401,190.5,496.5,0.702
12403,190.5,496.5,0.948
12404,414.5,210.5,0.937
12405,188.5,498.5,0.995
12406,190.5,496.5,0.968
12409,116.5,560.5,0.872
12410,114.5,562.5,0.987
12412,108.5,570.5,0.746
12413,108.5,576.5,0.988
12418,156.5,522.5,0.787
12424,902.5,434.5,0.819
12426,892.5,446.5,0.824
12429,896.5,454.5,0.996
12430,902.5,452.5,0.893
12431,342.5,198.5,0.977
12432,910.5,460.5,0.986
12433,518.5,180.5,0.916
12435,928.5,464.5,0.726
12436,518.5,178.5,0.72
12442,958.5,468.5,0.984
12445,228.5,566.5,0.97
12448,496.5,150.5,0.971
12452,476.5,108.5,0.875
12453,474.5,100.5,0.962
12454,474.5,92.5,0.82
12456,316.5,190.5,0.555
12457,314.5,186.5,0.839
12458,310.5,180.5,0.81
12464,1030.5,356.5,0.994
12465,1030.5,326.5,0.947
12468,1036.5,264.5,0.855
12471,302.5,200.5,0.584
12472,304.5,206.5,0.99
12473,306.5,210.5,0.935
12474,1028.5,250.5,0.607
12475,1022.5,262.5,0.995
12476,1016.5,274.5,0.516
12477,1014.5,296.5,0.996
12478,460.5,104.5,0.988
12479,460.5,118.5,0.973
12483,472.5,152.5,0.74
12484,470.5,166.5,0.519
12489,170.5,164.5,0.993
12490,174.5,170.5,0.996
12491,176.5,180.5,0.995
12492,182.5,190.5,0.995
12493,184.5,196.5,0.995
12494,188.5,204.5,0.993
12497,208.5,504.5,0.993
12505,260.5,544.5,0.858
12506,282.5,204.5,0.976
12507,284.5,202.5,0.822
12508,340.5,330.5,0.672
12509,976.5,360.5,0.995
12510,982.5,330.5,0.898
12514,292.5,546.5,0.718
12522,302.5,548.5,0.936
12525,998.5,252.5,0.994
12528,982.5,336.5,0.993
12529,976.5,360.5,0.995
12530,980.5,378.5,0.993
12531,992.5,378.5,0.951
12532,998.5,378.5,0.936
12533,1008.5,380.5,0.931
12536,910.5,252.5,0.991
12537,1034.5,422.5,0.994
12538,1040.5,436.5,0.919
12540,402.5,184.5,0.646
12541,1054.5,472.5,0.995
12542,1058.5,484.5,0.984
12543,1062.5,490.5,0.995
12544,1064.5,498.5,0.997
12545,1064.5,506.5,0.997
12546,1064.5,512.5,0.997
12547,1062.5,518.5,0.995
12548,364.5,184.5,0.942
12550,366.5,192.5,0.997
12551,364.5,198.5,0.995
12552,986.5,466.5,0.99
12553,948.5,402.5,0.992
12555,884.5,298.5,0.877
12558,790.5,184.5,0.995
12559,762.5,158.5,0.994
12560,738.5,140.5,0.996
12561,708.5,120.5,0.997
12562,680.5,106.5,0.995
12563,656.5,100.5,0.994
12564,634.5,98.5,0.994
12565,614.5,96.5,0.996
12566,592.5,98.5,0.996
12567,350.5,208.5,0.995
12568,554.5,116.5,0.998
12569,536.5,128.5,0.998
12570,520.5,142.5,0.995
12571,506.5,160.5,0.996
12572,492.5,176.5,0.997
12573,480.5,196.5,0.997
12574,472.5,214.5,0.996
12575,338.5,188.5,0.995
12576,452.5,258.5,0.997
12577,440.5,284.5,0.997
12578,432.5,268.5,0.995
12579,422.5,240.5,0.998
12580,408.5,210.5,0.997
12581,400.5,192.5,0.997
12582,390.5,172.5,0.998
12583,380.5,156.5,0.997
12584,372.5,142.5,0.998
12585,362.5,132.5,0.996
12586,354.5,124.5,0.997
12587,348.5,118.5,0.998
12588,338.5,118.5,0.995
12589,332.5,116.5,0.989
12590,328.5,122.5,0.996
12591,328.5,130.5,0.994
12592,326.5,140.5,0.994
12601,308.5,226.5,0.915
12602,306.5,232.5,0.815
12603,302.5,238.5,0.986
12604,298.5,240.5,0.996
12605,294.5,246.5,0.996
12606,290.5,246.5,0.998
12607,286.5,250.5,0.996
12608,286.5,250.5,0.996
12609,282.5,252.5,0.997
12610,280.5,254.5,0.998
12611,278.5,254.5,0.997
12612,278.5,254.5,0.997
12613,278.5,256.5,0.996
12614,274.5,258.5,0.996
12615,274.5,260.5,0.995
12616,270.5,260.5,0.996
12617,272.5,262.5,0.995
12618,272.5,264.5,0.994
12619,272.5,266.5,0.995
12620,274.5,270.5,0.997
12621,276.5,270.5,0.996
12622,276.5,270.5,0.997
12623,274.5,268.5,0.995
12624,270.5,258.5,0.996
12625,266.5,246.5,0.999
12626,258.5,230.5,0.997
12627,258.5,218.5,0.996
12628,252.5,206.5,0.999
12629,250.5,200.5,0.998
12630,248.5,190.5,0.999
12631,244.5,190.5,0.998
12632,242.5,186.5,0.997
12633,240.5,190.5,0.997
12634,240.5,194.5,0.998
12635,238.5,198.5,0.999
12636,238.5,210.5,0.998
12637,238.5,218.5,0.997
12638,244.5,230.5,0.994
12639,292.5,252.5,0.994
12640,330.5,268.5,0.993
12641,374.5,280.5,0.993
12642,416.5,268.5,0.994
12643,450.5,262.5,0.997
12644,488.5,258.5,0.995
12645,524.5,258.5,0.994
12646,560.5,258.5,0.994
12647,598.5,260.5,0.985
12648,156.5,524.5,0.996
12649,672.5,276.5,0.995
12650,708.5,286.5,0.993
12651,752.5,302.5,0.994
12652,158.5,524.5,0.994
12653,816.5,328.5,0.993
12654,850.5,322.5,0.994
12655,882.5,312.5,0.997
12656,910.5,308.5,0.993
12657,938.5,306.5,0.98
12658,68.5,498.5,0.92
12659,934.5,276.5,0.993
12661,858.5,236.5,0.962
12662,838.5,228.5,0.985
12663,800.5,218.5,0.631
12664,770.5,210.5,0.993
12665,742.5,206.5,0.996
12666,710.5,204.5,0.997
12667,686.5,202.5,0.997
12668,658.5,206.5,0.997
12669,156.5,522.5,0.997
12670,604.5,220.5,0.996
12671,580.5,230.5,0.996
12672,560.5,242.5,0.995
12673,536.5,258.5,0.996
12674,520.5,266.5,0.996
12675,500.5,266.5,0.997
12676,484.5,246.5,0.997
12677,470.5,232.5,0.997
12678,454.5,218.5,0.998
12679,440.5,208.5,0.995
12680,428.5,200.5,0.998
12681,414.5,194.5,0.998
12682,434.5,196.5,0.826
12683,460.5,208.5,0.903
12684,500.5,222.5,0.996
12685,536.5,240.5,0.996
12686,572.5,258.5,0.993
12687,612.5,282.5,0.995
12688,638.5,300.5,0.993
12689,680.5,334.5,0.995
12690,714.5,364.5,0.993
12691,752.5,388.5,0.996
12692,792.5,386.5,0.994
12693,830.5,388.5,0.996
12694,870.5,394.5,0.993
12695,920.5,410.5,0.995
12696,914.5,400.5,0.695
12697,854.5,350.5,0.989
12698,808.5,322.5,0.993
12699,758.5,292.5,0.993
12700,726.5,274.5,0.996
12701,686.5,256.5,0.996
12702,646.5,242.5,0.996
12703,624.5,234.5,0.996
12704,590.5,228.5,0.995
12705,564.5,226.5,0.994
12706,542.5,226.5,0.995
12707,518.5,230.5,0.995
12708,500.5,234.5,0.995
12709,482.5,242.5,0.996
12710,466.5,250.5,0.996
12711,454.5,260.5,0.997
12712,438.5,274.5,0.997
12713,424.5,254.5,0.996
12714,414.5,234.5,0.996
12715,402.5,216.5,0.998
12716,392.5,202.5,0.998
12717,384.5,192.5,0.998
12718,376.5,180.5,0.996
12719,398.5,182.5,0.997
12720,442.5,188.5,0.995
12721,478.5,194.5,0.996
12722,518.5,206.5,0.997
12723,556.5,218.5,0.997
12724,598.5,234.5,0.998
12725,644.5,254.5,0.995
12726,682.5,270.5,0.994
12728,766.5,318.5,0.992
12729,806.5,342.5,0.991
12730,854.5,368.5,0.993
12731,894.5,358.5,0.994
12732,930.5,352.5,0.986
12733,988.5,352.5,0.995
12734,1028.5,352.5,0.993
12735,152.5,500.5,0.824
12736,1128.5,364.5,0.996
12737,1124.5,350.5,0.572
12739,152.5,500.5,0.514
12742,860.5,218.5,0.997
12743,832.5,214.5,0.996
12744,786.5,206.5,0.996
12745,746.5,202.5,0.994
12746,708.5,204.5,0.996
12747,674.5,208.5,0.994
12748,642.5,212.5,0.997
12749,610.5,222.5,0.996
12750,580.5,234.5,0.996
12751,558.5,244.5,0.995
12752,528.5,260.5,0.997
12753,506.5,278.5,0.996
12754,484.5,296.5,0.994
12755,464.5,286.5,0.995
12756,446.5,264.5,0.997
12757,426.5,244.5,0.997
12758,408.5,226.5,0.997
12759,394.5,212.5,0.998
12760,376.5,202.5,0.998
12761,362.5,194.5,0.996
12762,346.5,188.5,0.996
12763,334.5,186.5,0.997
12764,330.5,186.5,0.617
12765,362.5,182.5,0.996
12766,398.5,182.5,0.997
12767,430.5,186.5,0.996
12768,458.5,192.5,0.996
12769,492.5,200.5,0.997
12770,524.5,212.5,0.997
12771,558.5,230.5,0.992
12772,554.5,228.5,0.978
12773,592.5,246.5,0.996
12774,624.5,268.5,0.997
12775,650.5,284.5,0.995
12776,686.5,314.5,0.995
12777,720.5,342.5,0.994
12778,744.5,364.5,0.995
12779,774.5,352.5,0.994
12780,802.5,340.5,0.994
12781,830.5,328.5,0.993
12782,854.5,324.5,0.945
12783,886.5,318.5,0.997
12784,916.5,320.5,0.993
12785,936.5,324.5,0.995
12786,974.5,330.5,0.995
12787,994.5,340.5,0.995
12788,1022.5,354.5,0.988
12789,1046.5,370.5,0.981
12790,1064.5,386.5,0.964
12793,870.5,270.5,0.996
12794,838.5,252.5,0.994
12795,782.5,230.5,0.997
12796,740.5,214.5,0.998
12797,704.5,206.5,0.996
12798,664.5,198.5,0.996
12799,634.5,196.5,0.997
12800,604.5,196.5,0.995
12801,582.5,200.5,0.994
12802,560.5,204.5,0.993
12803,538.5,212.5,0.995
12804,520.5,222.5,0.996
12805,508.5,230.5,0.997
12806,490.5,220.5,0.995
12807,478.5,200.5,0.997
12808,466.5,184.5,0.998
12809,454.5,170.5,0.997
12810,444.5,154.5,0.998
12811,434.5,148.5,0.996
12812,472.5,152.5,0.979
12813,508.5,158.5,0.996
12814,544.5,166.5,0.996
12815,582.5,178.5,0.993
12816,618.5,192.5,0.997
12817,658.5,210.5,0.997
12818,698.5,230.5,0.994
12819,736.5,254.5,0.998
12820,786.5,288.5,0.996
12821,806.5,306.5,0.993
12822,848.5,336.5,0.99
12823,896.5,324.5,0.991
12824,928.5,324.5,0.997
12825,978.5,326.5,0.996
12826,1016.5,328.5,0.997
12827,1062.5,336.5,0.996
12828,1108.5,346.5,0.998
12829,1150.5,360.5,0.996
12831,1170.5,332.5,0.994
12836,920.5,96.5,0.929
12837,880.5,78.5,0.989
12838,832.5,54.5,0.987
12839,796.5,40.5,0.997
12840,758.5,28.5,0.994
12841,718.5,20.5,0.995
12842,686.5,18.5,0.992
12843,654.5,20.5,0.978
12844,622.5,22.5,0.995
12845,596.5,28.5,0.993
12846,570.5,38.5,0.996
12847,546.5,50.5,0.995
12848,524.5,62.5,0.995
12849,504.5,78.5,0.996
12850,484.5,94.5,0.996
12851,468.5,112.5,0.995
12852,454.5,132.5,0.996
12853,438.5,154.5,0.997
12854,426.5,174.5,0.998
12855,414.5,198.5,0.998
12856,406.5,220.5,0.997
12857,392.5,230.5,0.997
12858,376.5,202.5,0.997
12859,366.5,176.5,0.995
12860,354.5,154.5,0.997
12861,340.5,134.5,0.998
12862,330.5,118.5,0.998
12863,320.5,104.5,0.998
12864,310.5,92.5,0.998
12865,298.5,84.5,0.996
12866,290.5,80.5,0.997
12867,280.5,74.5,0.997
12868,272.5,72.5,0.997
12869,264.5,74.5,0.996
12870,284.5,78.5,0.985
12871,304.5,82.5,0.995
12872,340.5,90.5,0.995
12873,366.5,100.5,0.996
12874,396.5,114.5,0.996
12875,428.5,130.5,0.996
12876,462.5,150.5,0.997
12877,496.5,174.5,0.997
12878,532.5,202.5,0.995
12879,562.5,228.5,0.996
12880,586.5,252.5,0.814
12881,622.5,288.5,0.991
12882,662.5,322.5,0.994
12883,686.5,304.5,0.996
12884,720.5,282.5,0.994
12885,742.5,270.5,0.996
12886,766.5,260.5,0.993
12887,800.5,250.5,0.994
12888,834.5,244.5,0.995
12889,858.5,242.5,0.995
12891,922.5,248.5,0.985
12892,950.5,252.5,0.994
12893,986.5,264.5,0.986
12894,1006.5,276.5,0.982
12900,940.5,208.5,0.919
12901,926.5,166.5,0.749
12902,788.5,338.5,0.513
12903,814.5,144.5,0.995
12904,778.5,130.5,0.996
12905,742.5,120.5,0.996
12906,710.5,114.5,0.995
12909,622.5,118.5,0.996
12910,600.5,122.5,0.996
12911,578.5,132.5,0.996
12912,554.5,144.5,0.997
12913,534.5,154.5,0.997
12914,514.5,168.5,0.996
12915,498.5,182.5,0.997
12916,482.5,198.5,0.997
12917,468.5,218.5,0.997
12918,454.5,234.5,0.995
12919,440.5,230.5,0.996
12920,430.5,208.5,0.997
12921,420.5,188.5,0.998
12922,410.5,170.5,0.997
12923,402.5,154.5,0.997
12924,392.5,140.5,0.992
12925,416.5,152.5,0.753
12926,454.5,176.5,0.996
12927,490.5,204.5,0.996
12928,530.5,236.5,0.995
12929,562.5,262.5,0.994
12930,598.5,294.5,0.995
12931,644.5,340.5,0.54
12932,694.5,388.5,0.987
12933,734.5,392.5,0.982
12934,780.5,404.5,0.988
12935,826.5,412.5,0.984
12936,886.5,434.5,0.994
12937,1204.5,302.5,0.686
12938,988.5,474.5,0.99
12939,938.5,412.5,0.993
12940,154.5,522.5,0.987
12941,158.5,522.5,0.979
12942,822.5,298.5,0.991
12943,766.5,250.5,0.997
12944,742.5,234.5,0.998
12945,712.5,218.5,0.996
12946,688.5,208.5,0.993
12947,660.5,200.5,0.998
12948,640.5,196.5,0.997
12949,618.5,198.5,0.994
12950,600.5,202.5,0.997
12951,584.5,208.5,0.996
12952,568.5,218.5,0.996
12953,558.5,226.5,0.997
12954,546.5,240.5,0.996
12955,534.5,254.5,0.996
12956,524.5,270.5,0.997
12957,518.5,286.5,0.998
12958,510.5,262.5,0.995
12959,506.5,246.5,0.991
12960,500.5,224.5,0.997
12961,496.5,202.5,0.998
12962,492.5,186.5,0.999
12963,488.5,174.5,0.998
12964,484.5,162.5,0.998
12965,480.5,156.5,0.997
12966,478.5,150.5,0.997
12967,476.5,148.5,0.996
12968,474.5,150.5,0.996
12969,472.5,154.5,0.996
12970,478.5,156.5,0.994
12971,496.5,160.5,0.996
12972,514.5,162.5,0.997
12973,532.5,168.5,0.997
12974,552.5,176.5,0.994
12975,574.5,188.5,0.993
12976,594.5,204.5,0.997
12977,612.5,220.5,0.997
12978,630.5,236.5,0.998
12979,654.5,260.5,0.994
12980,684.5,290.5,0.993
12981,692.5,310.5,0.995
12982,710.5,324.5,0.996
12983,730.5,308.5,0.995
12984,746.5,298.5,0.978
12985,770.5,292.5,0.994
12986,790.5,286.5,0.997
12987,806.5,282.5,0.997
12988,830.5,284.5,0.995
12989,850.5,286.5,0.995
12990,866.5,292.5,0.997
12991,884.5,302.5,0.995
12992,904.5,314.5,0.996
12993,898.5,312.5,0.942
12994,866.5,296.5,0.998
12995,838.5,284.5,0.993
12996,766.5,254.5,0.993
12997,740.5,246.5,0.997
12998,704.5,238.5,0.996
12999,668.5,230.5,0.997
13000,634.5,228.5,0.994
13001,604.5,228.5,0.995
13002,574.5,230.5,0.997
13003,548.5,236.5,0.996
13004,518.5,244.5,0.993
13005,498.5,250.5,0.995
13006,474.5,264.5,0.996
13007,454.5,276.5,0.996
13008,432.5,274.5,0.994
13009,414.5,250.5,0.995
13010,392.5,234.5,0.995
13011,376.5,220.5,0.997
13012,360.5,210.5,0.996
13013,344.5,202.5,0.997
13014,330.5,200.5,0.987
13015,316.5,196.5,0.995
13016,160.5,520.5,0.608
13017,362.5,182.5,0.984
13018,394.5,180.5,0.987
13019,438.5,178.5,0.993
13020,476.5,178.5,0.997
13021,514.5,182.5,0.998
13022,554.5,192.5,0.997
13023,596.5,204.5,0.998
13024,630.5,216.5,0.997
13025,674.5,234.5,0.998
13026,712.5,254.5,0.998
13027,746.5,274.5,0.995
13028,784.5,300.5,0.996
13029,818.5,324.5,0.994
13030,860.5,346.5,0.995
13031,900.5,328.5,0.977
13032,930.5,316.5,0.995
13033,966.5,300.5,0.994
13034,998.5,292.5,0.997
13035,1020.5,290.5,0.987
13037,312.5,180.5,0.823
13038,1128.5,286.5,0.99
13039,1158.5,294.5,0.995
13040,1182.5,298.5,0.989
13044,936.5,174.5,0.994
13046,810.5,138.5,0.996
13047,766.5,130.5,0.995
13048,718.5,124.5,0.994
13050,622.5,124.5,0.995
13051,594.5,126.5,0.997
13052,558.5,132.5,0.996
13053,522.5,142.5,0.996
13054,488.5,154.5,0.996
13055,462.5,166.5,0.998
13056,434.5,182.5,0.998
13057,412.5,198.5,0.997
13058,392.5,212.5,0.996
13059,370.5,232.5,0.998
13060,350.5,250.5,0.996
13061,328.5,226.5,0.997
13062,310.5,202.5,0.996
13063,294.5,182.5,0.994
13064,282.5,170.5,0.976
13065,264.5,150.5,0.987
13066,250.5,140.5,0.997
13067,250.5,132.5,0.964
13068,328.5,144.5,0.552
13069,454.5,98.5,0.991
13070,552.5,84.5,0.932
13075,1054.5,374.5,0.753
13076,1202.5,392.5,0.917
13077,1172.5,400.5,0.794
13080,156.5,522.5,0.992
13081,158.5,522.5,0.984
13082,158.5,522.5,0.983
13083,158.5,522.5,0.994
13084,158.5,522.5,0.996
13085,158.5,522.5,0.996
13086,158.5,522.5,0.996
13087,158.5,522.5,0.996
13088,158.5,522.5,0.995
13089,158.5,522.5,0.995
13090,158.5,522.5,0.995
13091,158.5,522.5,0.993
13092,158.5,522.5,0.981
13093,158.5,520.5,0.986
13094,158.5,522.5,0.986
13095,156.5,520.5,0.903
13096,154.5,520.5,0.981
13097,158.5,520.5,0.64
13098,156.5,518.5,0.775
13099,156.5,518.5,0.719
13100,156.5,520.5,0.895
13138,158.5,520.5,0.81
13145,156.5,520.5,0.764
13148,158.5,522.5,0.99
13149,158.5,522.5,0.993
13150,158.5,522.5,0.994
13151,158.5,522.5,0.996
13152,156.5,522.5,0.992
13153,158.5,522.5,0.997
13154,158.5,522.5,0.996
13155,158.5,522.5,0.997
13156,158.5,522.5,0.996
13157,158.5,522.5,0.996
13158,158.5,522.5,0.996
13159,158.5,522.5,0.995
13160,158.5,522.5,0.996
13161,158.5,522.5,0.995
13162,158.5,522.5,0.992
13163,158.5,522.5,0.992
13164,158.5,522.5,0.995
13165,158.5,522.5,0.995
13166,158.5,522.5,0.995
13167,158.5,522.5,0.995
13168,158.5,522.5,0.995
13169,158.5,522.5,0.995
13170,158.5,522.5,0.989
13171,158.5,522.5,0.991
13172,158.5,522.5,0.994
13173,158.5,522.5,0.993
13174,158.5,522.5,0.994
13175,158.5,522.5,0.993
13176,158.5,522.5,0.993
13177,158.5,522.5,0.993
13178,158.5,522.5,0.993
13179,158.5,522.5,0.988
13180,158.5,522.5,0.991
13181,158.5,522.5,0.992
13182,158.5,522.5,0.993
13183,158.5,522.5,0.991
13184,158.5,522.5,0.991
13185,158.5,522.5,0.988
13186,158.5,522.5,0.992
13187,158.5,522.5,0.987
13188,158.5,522.5,0.99
13189,158.5,522.5,0.98
13190,160.5,522.5,0.989
13191,160.5,522.5,0.989
13192,160.5,522.5,0.892
13193,160.5,522.5,0.95
13194,160.5,522.5,0.993
13195,160.5,522.5,0.99
13197,160.5,522.5,0.978
13209,280.5,174.5,0.907
13223,314.5,208.5,0.735
13226,370.5,182.5,0.512
13227,344.5,172.5,0.98
13228,344.5,170.5,0.99
13229,348.5,160.5,0.562
13230,348.5,156.5,0.995
13232,348.5,146.5,0.989
13234,316.5,564.5,0.571
13237,354.5,122.5,0.802
13238,352.5,112.5,0.991
13239,354.5,104.5,0.883
13240,352.5,94.5,0.995
13244,334.5,208.5,0.984
13245,332.5,206.5,0.993
13246,332.5,206.5,0.893
13248,330.5,204.5,0.888
13253,326.5,194.5,0.979
13254,324.5,188.5,0.995
13258,320.5,186.5,0.946
13269,302.5,218.5,0.7
13271,422.5,76.5,0.879
13274,264.5,166.5,0.737
13292,460.5,114.5,0.526
13293,452.5,128.5,0.992
13295,244.5,170.5,0.95
13296,434.5,162.5,0.962
13297,422.5,174.5,0.994
13298,414.5,188.5,0.881
13302,290.5,240.5,0.819
13327,270.5,200.5,0.983
13348,258.5,206.5,0.838
13350,250.5,202.5,0.666
13361,922.5,232.5,0.838
13363,208.5,210.5,0.961
13364,216.5,210.5,0.931
13365,218.5,218.5,0.989
13366,220.5,224.5,0.965
13371,260.5,226.5,0.973
13379,778.5,240.5,0.632
13380,70.5,464.5,0.988
13383,384.5,274.5,0.916
13392,254.5,554.5,0.962
13435,772.5,646.5,0.993
13436,758.5,632.5,0.845
13439,690.5,598.5,0.823
13441,658.5,584.5,0.564
13443,644.5,570.5,0.635
13444,628.5,572.5,0.976
13445,612.5,574.5,0.974
13446,592.5,580.5,0.736
13459,274.5,172.5,0.995
13460,278.5,194.5,0.994
13461,292.5,210.5,0.694
13463,316.5,234.5,0.995
13483,340.5,222.5,0.817
13484,334.5,222.5,0.977
13486,232.5,212.5,0.984
13487,318.5,222.5,0.819
13488,232.5,188.5,0.929
13490,236.5,204.5,0.991
13491,238.5,202.5,0.986
13493,336.5,220.5,0.679
13494,334.5,222.5,0.992
13497,344.5,220.5,0.865
13498,342.5,218.5,0.746
13499,150.5,526.5,0.686
13505,350.5,208.5,0.993
13507,352.5,200.5,0.718
13508,350.5,198.5,0.996
13509,348.5,196.5,0.994
13510,348.5,190.5,0.983
13511,346.5,184.5,0.93
13512,346.5,178.5,0.994
13513,344.5,168.5,0.987
13516,334.5,134.5,0.859
13555,296.5,166.5,0.979
13571,154.5,520.5,0.856
13581,346.5,164.5,0.962
13582,350.5,170.5,0.929
13583,360.5,178.5,0.984
13584,366.5,186.5,0.995
13585,368.5,192.5,0.947
13588,342.5,210.5,0.641
13589,336.5,216.5,0.989
13597,360.5,222.5,0.981
13598,362.5,222.5,0.88
13603,382.5,206.5,0.991
13604,384.5,204.5,0.992
13610,396.5,188.5,0.991
13612,396.5,180.5,0.994
13641,1032.5,372.5,0.853
13649,1014.5,410.5,0.946
13651,1010.5,416.5,0.599
13656,992.5,412.5,0.984
13659,974.5,410.5,0.994
13660,970.5,404.5,0.741
13661,960.5,404.5,0.993
13662,956.5,398.5,0.995
13663,948.5,398.5,0.996
13664,944.5,400.5,0.994
13666,930.5,398.5,0.996
13667,926.5,398.5,0.997
13668,924.5,394.5,0.997
13669,922.5,390.5,0.995
13670,920.5,390.5,0.874
13671,918.5,394.5,0.994
13672,916.5,394.5,0.995
13673,914.5,394.5,0.997
13674,914.5,394.5,0.998
13675,914.5,394.5,0.997
13676,912.5,394.5,0.997
13677,912.5,396.5,0.996
13678,912.5,396.5,0.996
13679,910.5,396.5,0.994
13680,910.5,398.5,0.965
13681,908.5,400.5,0.99
13682,908.5,404.5,0.865
13685,904.5,402.5,0.994
13689,384.5,194.5,0.971
13697,1142.5,242.5,0.989
13728,390.5,92.5,0.995
13729,390.5,80.5,0.994
13730,390.5,66.5,0.966
13731,344.5,200.5,0.958
13733,346.5,198.5,0.953
13734,346.5,198.5,0.972
13735,344.5,198.5,0.992
13736,348.5,198.5,0.962
13737,348.5,198.5,0.989
13738,348.5,198.5,0.99
13739,348.5,198.5,0.989
13740,346.5,200.5,0.988
13741,346.5,198.5,0.993
13742,348.5,198.5,0.99
13743,348.5,198.5,0.991
13744,350.5,198.5,0.991
13745,348.5,198.5,0.989
13746,348.5,198.5,0.986
13747,350.5,198.5,0.985
13748,350.5,200.5,0.964
13749,350.5,198.5,0.682
13750,348.5,200.5,0.945
13751,348.5,200.5,0.835
13752,350.5,200.5,0.908
13754,350.5,200.5,0.81
13757,348.5,200.5,0.85
13758,350.5,198.5,0.839
13759,8.5,320.5,0.991
13761,350.5,200.5,0.579
13763,996.5,488.5,0.953
13764,992.5,494.5,0.995
13765,984.5,490.5,0.877
13767,942.5,468.5,0.836
13768,922.5,442.5,0.996
13769,894.5,392.5,0.931
13771,838.5,312.5,0.971
13772,818.5,284.5,0.995
13773,798.5,262.5,0.993
13774,772.5,232.5,0.998
13775,750.5,212.5,0.994
13776,726.5,198.5,0.996
13777,706.5,188.5,0.996
13778,688.5,180.5,0.995
13779,670.5,178.5,0.995
13780,648.5,178.5,0.996
13781,630.5,182.5,0.996
13782,614.5,188.5,0.995
13783,598.5,200.5,0.996
13784,586.5,210.5,0.997
13785,570.5,226.5,0.997
13786,558.5,240.5,0.996
13787,548.5,254.5,0.995
13788,536.5,276.5,0.998
13789,528.5,294.5,0.997
13790,514.5,306.5,0.997
13791,508.5,282.5,0.995
13792,500.5,260.5,0.996
13793,488.5,238.5,0.996
13794,480.5,220.5,0.998
13795,472.5,204.5,0.997
13796,464.5,192.5,0.998
13797,456.5,184.5,0.998
13798,450.5,176.5,0.998
13799,444.5,172.5,0.997
13800,436.5,170.5,0.997
13801,430.5,174.5,0.996
13802,424.5,176.5,0.996
13803,420.5,180.5,0.998
13804,414.5,194.5,0.985
13805,404.5,224.5,0.762
13806,400.5,250.5,0.993
13807,392.5,280.5,0.993
13809,378.5,244.5,0.522
13810,368.5,226.5,0.995
13811,362.5,208.5,0.995
13812,358.5,190.5,0.996
13813,352.5,176.5,0.997
13814,346.5,162.5,0.997
13815,340.5,154.5,0.997
13816,334.5,148.5,0.998
13817,330.5,144.5,0.995
13818,326.5,142.5,0.998
13819,322.5,144.5,0.997
13820,320.5,150.5,0.996
13821,316.5,160.5,0.998
13822,314.5,168.5,0.997
13823,312.5,178.5,0.998
13824,310.5,192.5,0.999
13825,310.5,202.5,0.997
13826,310.5,198.5,0.997
13827,312.5,192.5,0.998
13828,314.5,188.5,0.997
13829,318.5,190.5,0.997
13830,320.5,190.5,0.998
13831,322.5,192.5,0.998
13832,326.5,200.5,0.998
13833,330.5,210.5,0.998
13834,334.5,220.5,0.998
13835,338.5,232.5,0.999
13836,344.5,248.5,0.998
13837,348.5,262.5,0.998
13838,348.5,282.5,0.814
13839,358.5,280.5,0.957
13840,358.5,266.5,0.998
13841,358.5,256.5,0.998
13842,358.5,246.5,0.997
13843,360.5,238.5,0.997
13844,362.5,230.5,0.996
13845,364.5,228.5,0.998
13846,366.5,228.5,0.998
13847,370.5,230.5,0.998
13848,374.5,236.5,0.995
13849,376.5,242.5,0.994
13850,386.5,242.5,0.995
13851,398.5,240.5,0.996
13852,414.5,242.5,0.998
13853,426.5,244.5,0.996
13854,440.5,250.5,0.998
13855,454.5,258.5,0.997
13856,470.5,268.5,0.997
13857,486.5,284.5,0.998
13858,500.5,300.5,0.996
13859,514.5,326.5,0.998
13860,530.5,342.5,0.996
13861,546.5,370.5,0.99
13862,562.5,384.5,0.987
13863,574.5,370.5,0.994
13864,586.5,360.5,0.996
13865,598.5,354.5,0.996
13866,614.5,346.5,0.997
13867,626.5,346.5,0.996
13868,430.5,188.5,0.995
13869,656.5,354.5,0.996
13870,672.5,360.5,0.996
13871,684.5,370.5,0.994
13872,698.5,388.5,0.993
13873,712.5,402.5,0.996
13874,726.5,420.5,0.995
13875,738.5,442.5,0.985
13876,756.5,480.5,0.996
13877,764.5,502.5,0.938
13878,774.5,530.5,0.992
13879,404.5,180.5,0.994
13880,402.5,190.5,0.995
13881,398.5,198.5,0.996
13882,392.5,206.5,0.995
13883,386.5,214.5,0.996
13884,380.5,220.5,0.532
13885,850.5,696.5,0.996
13886,868.5,686.5,0.897
13887,884.5,682.5,0.996
13888,902.5,682.5,0.997
13889,918.5,682.5,0.952
13890,930.5,680.5,0.98
13891,936.5,676.5,0.992
13892,942.5,674.5,0.998
13893,944.5,668.5,0.997
13894,946.5,658.5,0.995
13895,948.5,648.5,0.993
13896,950.5,640.5,0.997
13897,946.5,634.5,0.994
13898,946.5,622.5,0.993
13899,944.5,608.5,0.995
13900,942.5,594.5,0.997
13901,938.5,588.5,0.987
13902,942.5,578.5,0.996
13903,944.5,564.5,0.988
13906,916.5,506.5,0.558
13907,890.5,468.5,0.993
13909,832.5,370.5,0.875
13910,814.5,346.5,0.933
13911,776.5,302.5,0.629
13912,750.5,276.5,0.947
13913,722.5,244.5,0.995
13914,702.5,232.5,0.997
13915,676.5,218.5,0.998
13916,654.5,210.5,0.977
13917,632.5,202.5,0.996
13918,612.5,202.5,0.997
13919,592.5,202.5,0.995
13920,366.5,202.5,0.99
13921,556.5,214.5,0.994
13922,542.5,224.5,0.996
13923,528.5,234.5,0.996
13924,514.5,246.5,0.997
13925,502.5,264.5,0.997
13926,490.5,280.5,0.997
13927,478.5,298.5,0.995
13928,470.5,310.5,0.997
13929,458.5,280.5,0.997
13930,450.5,260.5,0.997
13931,438.5,236.5,0.997
13932,430.5,218.5,0.997
13933,422.5,208.5,0.999
13934,414.5,198.5,0.998
13935,406.5,190.5,0.998
13936,398.5,182.5,0.998
13937,390.5,180.5,0.998
13938,384.5,180.5,0.998
13939,378.5,184.5,0.997
13940,372.5,188.5,0.996
13941,368.5,194.5,0.997
13942,168.5,524.5,0.984
13943,358.5,216.5,0.993
13944,350.5,218.5,0.997
13945,346.5,216.5,0.995
13946,340.5,218.5,0.993
13947,336.5,222.5,0.997
13948,334.5,226.5,0.998
13949,334.5,230.5,0.998
13950,332.5,234.5,0.997
13951,330.5,236.5,0.994
13952,326.5,238.5,0.998
13953,322.5,240.5,0.998
13954,318.5,242.5,0.998
13955,312.5,244.5,0.995
13956,306.5,246.5,0.999
13957,302.5,246.5,0.997
13958,298.5,250.5,0.996
13959,294.5,252.5,0.997
13960,290.5,254.5,0.997
13961,284.5,256.5,0.996
13962,280.5,258.5,0.991
13963,280.5,258.5,0.996
13964,278.5,260.5,0.995
13965,276.5,262.5,0.989
13966,276.5,264.5,0.981
13967,278.5,268.5,0.969
13968,276.5,268.5,0.996
13969,278.5,270.5,0.924
13974,278.5,272.5,0.996
13975,278.5,262.5,0.994
13976,270.5,250.5,0.994
13977,266.5,232.5,0.995
13978,262.5,212.5,0.997
13979,258.5,200.5,0.998
13980,256.5,186.5,0.998
13981,252.5,176.5,0.998
13982,250.5,170.5,0.996
13983,250.5,164.5,0.998
13984,246.5,162.5,0.998
13985,246.5,164.5,0.997
13986,246.5,166.5,0.997
13987,246.5,174.5,0.998
13988,246.5,180.5,0.996
13989,248.5,190.5,0.998
13990,246.5,202.5,0.998
13991,250.5,220.5,0.998
13992,264.5,236.5,0.98
13993,298.5,250.5,0.994
13994,344.5,274.5,0.984
13995,384.5,280.5,0.994
13996,418.5,272.5,0.98
13997,452.5,266.5,0.995
13998,488.5,266.5,0.996
13999,524.5,266.5,0.994
14000,566.5,272.5,0.993
14001,602.5,282.5,0.995
14002,638.5,292.5,0.994
14003,674.5,302.5,0.994
14004,712.5,322.5,0.994
14005,746.5,340.5,0.993
14006,782.5,360.5,0.995
14007,816.5,354.5,0.996
14008,848.5,346.5,0.995
14009,880.5,342.5,0.996
14010,910.5,342.5,0.996
14012,916.5,316.5,0.996
14013,882.5,288.5,0.997
14014,852.5,266.5,0.998
14016,796.5,232.5,0.998
14017,770.5,222.5,0.996
14018,742.5,214.5,0.996
14019,714.5,210.5,0.993
14020,694.5,206.5,0.997
14021,674.5,208.5,0.997
14022,648.5,212.5,0.995
14023,628.5,218.5,0.995
14024,610.5,224.5,0.995
14025,590.5,234.5,0.996
14026,576.5,242.5,0.997
14027,554.5,258.5,0.995
14028,542.5,268.5,0.996
14029,530.5,254.5,0.996
14030,518.5,234.5,0.998
14031,510.5,222.5,0.996
14032,498.5,208.5,0.998
14033,488.5,194.5,0.996
14034,476.5,188.5,0.997
14035,466.5,182.5,0.998
14036,474.5,180.5,0.996
14037,500.5,180.5,0.996
14038,532.5,182.5,0.997
14039,566.5,188.5,0.997
14040,596.5,196.5,0.996
14041,628.5,204.5,0.996
14042,658.5,216.5,0.997
14043,690.5,230.5,0.997
14044,718.5,244.5,0.997
14045,754.5,266.5,0.995
14046,788.5,288.5,0.997
14047,422.5,184.5,0.996
14048,846.5,332.5,0.991
14049,886.5,320.5,0.995
14050,912.5,314.5,0.993
14052,974.5,306.5,0.916
14053,1006.5,306.5,0.988
14054,1034.5,308.5,0.995
14055,1066.5,316.5,0.988
14056,1098.5,324.5,0.993
14057,1132.5,336.5,0.995
14059,1036.5,266.5,0.988
14062,890.5,192.5,0.994
14063,846.5,180.5,0.995
14064,794.5,162.5,0.996
14065,754.5,154.5,0.996
14066,712.5,148.5,0.997
14067,674.5,148.5,0.998
14068,638.5,148.5,0.997
14069,604.5,152.5,0.996
14070,572.5,162.5,0.995
14071,542.5,168.5,0.996
14072,512.5,182.5,0.998
14073,490.5,194.5,0.996
14074,466.5,208.5,0.996
14075,442.5,228.5,0.996
14076,424.5,244.5,0.997
14077,424.5,246.5,0.995
14078,404.5,250.5,0.997
14079,388.5,228.5,0.997
14080,372.5,204.5,0.998
14081,356.5,186.5,0.998
14082,342.5,170.5,0.998
14083,328.5,154.5,0.997
14084,316.5,146.5,0.998
14085,304.5,138.5,0.997
14086,292.5,130.5,0.996
14087,294.5,126.5,0.99
14088,314.5,118.5,0.995
14089,342.5,110.5,0.996
14090,370.5,106.5,0.997
14091,398.5,104.5,0.997
14092,428.5,104.5,0.996
14093,454.5,108.5,0.998
14094,484.5,114.5,0.996
14095,514.5,122.5,0.997
14096,546.5,136.5,0.998
14097,576.5,152.5,0.997
14098,608.5,172.5,0.996
14099,632.5,188.5,0.997
14100,670.5,218.5,0.991
14101,692.5,238.5,0.996
14102,734.5,280.5,0.989
14103,760.5,300.5,0.987
14104,782.5,334.5,0.993
14105,808.5,376.5,0.993
14106,836.5,366.5,0.995
14107,862.5,346.5,0.995
14108,884.5,332.5,0.99
14109,912.5,322.5,0.989
14112,994.5,298.5,0.996
14113,1014.5,302.5,0.989
14115,1066.5,314.5,0.978
14122,798.5,156.5,0.994
14123,768.5,152.5,0.997
14124,736.5,150.5,0.997
14125,708.5,154.5,0.996
14126,680.5,158.5,0.994
14127,654.5,166.5,0.997
14128,632.5,176.5,0.994
14129,608.5,188.5,0.993
14130,586.5,204.5,0.996
14131,570.5,220.5,0.997
14132,552.5,236.5,0.997
14133,534.5,254.5,0.997
14134,520.5,276.5,0.997
14135,506.5,294.5,0.996
14136,490.5,294.5,0.983
14137,484.5,272.5,0.996
14138,470.5,246.5,0.997
14139,460.5,226.5,0.997
14140,450.5,210.5,0.998
14141,440.5,194.5,0.998
14142,432.5,182.5,0.999
14143,424.5,174.5,0.998
14144,414.5,168.5,0.998
14145,406.5,164.5,0.998
14146,400.5,164.5,0.998
14147,392.5,166.5,0.996
14148,386.5,170.5,0.997
14149,382.5,176.5,0.998
14150,376.5,186.5,0.997
14151,382.5,188.5,0.997
14152,396.5,190.5,0.997
14153,410.5,192.5,0.998
14154,424.5,194.5,0.996
14155,438.5,202.5,0.998
14156,452.5,212.5,0.997
14157,468.5,224.5,0.998
14158,484.5,236.5,0.997
14159,498.5,252.5,0.996
14160,512.5,270.5,0.997
14161,534.5,296.5,0.995
14162,542.5,314.5,0.992
14163,540.5,328.5,0.989
14164,530.5,322.5,0.997
14165,516.5,306.5,0.996
14166,510.5,302.5,0.997
14167,500.5,294.5,0.999
14168,490.5,292.5,0.998
14169,482.5,292.5,0.998
14170,474.5,294.5,0.997
14171,466.5,298.5,0.997
14172,458.5,304.5,0.998
14173,450.5,294.5,0.999
14174,442.5,288.5,0.998
14175,434.5,278.5,0.998
14176,428.5,276.5,0.998
14177,420.5,274.5,0.997
14178,412.5,274.5,0.998
14179,406.5,278.5,0.998
14180,400.5,282.5,0.996
14181,392.5,274.5,0.997
14182,386.5,264.5,0.996
14183,380.5,262.5,0.998
14184,374.5,260.5,0.998
14185,366.5,260.5,0.998
14186,360.5,262.5,0.997
14187,356.5,264.5,0.997
14188,350.5,260.5,0.997
14189,342.5,254.5,0.998
14190,334.5,250.5,0.996
14191,330.5,246.5,0.996
14192,330.5,242.5,0.997
14193,326.5,236.5,0.979
14196,316.5,226.5,0.634
14197,310.5,226.5,0.956
14198,304.5,228.5,0.994
14199,304.5,232.5,0.991
14200,296.5,232.5,0.841
14201,294.5,238.5,0.996
14202,286.5,240.5,0.997
14203,282.5,240.5,0.9
14204,286.5,240.5,0.678
14205,288.5,240.5,0.94
14210,256.5,208.5,0.994
14216,68.5,408.5,0.946
14217,250.5,234.5,0.994
14218,286.5,236.5,0.721
14219,254.5,244.5,0.992
14220,286.5,238.5,0.993
14221,288.5,236.5,0.665
14225,286.5,232.5,0.727
14228,288.5,234.5,0.995
14229,288.5,234.5,0.994
14230,284.5,554.5,0.995
14231,278.5,550.5,0.577
14235,218.5,212.5,0.986
14239,228.5,198.5,0.733
14240,288.5,230.5,0.92
14242,294.5,230.5,0.997
14243,298.5,230.5,0.979
14244,302.5,226.5,0.998
14246,310.5,216.5,0.995
14247,316.5,208.5,0.998
14248,320.5,202.5,0.996
14249,324.5,194.5,0.997
14250,330.5,186.5,0.995
14251,336.5,178.5,0.997
14252,338.5,168.5,0.989
14253,342.5,160.5,0.99
14254,346.5,154.5,0.885
14255,350.5,146.5,0.985
14256,352.5,144.5,0.997
14257,354.5,136.5,0.997
14258,354.5,132.5,0.995
14259,356.5,128.5,0.986
14263,354.5,120.5,0.913
14264,350.5,122.5,0.556
14265,348.5,126.5,0.995
14266,768.5,594.5,0.935
14267,876.5,342.5,0.661
14271,330.5,176.5,0.994
14272,332.5,186.5,0.995
14273,330.5,200.5,0.995
14274,328.5,210.5,0.996
14275,326.5,220.5,0.992
14276,328.5,224.5,0.924
14281,334.5,226.5,0.993
14282,336.5,224.5,0.995
14283,336.5,222.5,0.842
14284,334.5,222.5,0.517
14285,336.5,220.5,0.995
14286,334.5,218.5,0.992
14288,330.5,210.5,0.641
14289,324.5,202.5,0.991
14290,320.5,186.5,0.995
14291,320.5,174.5,0.994
14297,286.5,554.5,0.932
14298,342.5,130.5,0.996
14299,358.5,142.5,0.994
14300,376.5,158.5,0.994
14301,396.5,178.5,0.994
14302,416.5,194.5,0.993
14303,438.5,226.5,0.985
14304,430.5,216.5,0.993
14305,502.5,266.5,0.994
14306,502.5,266.5,0.994
14307,516.5,250.5,0.996
14308,536.5,238.5,0.996
14309,566.5,224.5,0.996
14310,564.5,224.5,0.995
14311,582.5,220.5,0.997
14312,602.5,218.5,0.996
14313,620.5,218.5,0.995
14314,638.5,224.5,0.994
14315,656.5,228.5,0.996
14316,674.5,242.5,0.996
14317,694.5,254.5,0.998
14318,712.5,270.5,0.995
14319,726.5,284.5,0.995
14320,748.5,306.5,0.897
14321,768.5,336.5,0.993
14322,784.5,360.5,0.993
14323,800.5,390.5,0.993
14324,820.5,378.5,0.995
14325,834.5,360.5,0.996
14326,850.5,346.5,0.993
14327,868.5,340.5,0.995
14329,900.5,332.5,0.986
14330,918.5,330.5,0.997
14331,934.5,332.5,0.996
14332,360.5,224.5,0.991
14333,968.5,352.5,0.994
14334,980.5,364.5,0.997
14335,994.5,378.5,0.998
14336,1022.5,226.5,0.741
14337,1024.5,226.5,0.982
14338,1028.5,226.5,0.82
14339,1024.5,226.5,0.979
14341,1024.5,226.5,0.993
14342,1024.5,228.5,0.994
14343,1022.5,228.5,0.988
14356,1024.5,226.5,0.993
14357,1022.5,224.5,0.988
14358,1022.5,220.5,0.991
14359,1020.5,214.5,0.662
14372,322.5,204.5,0.994
14373,318.5,208.5,0.994
14374,316.5,210.5,0.992
14375,314.5,214.5,0.873
14376,310.5,220.5,0.885
14377,306.5,222.5,0.997
14378,302.5,224.5,0.993
14393,860.5,402.5,0.713
14394,896.5,308.5,0.995
14395,866.5,314.5,0.994
14396,804.5,330.5,0.963
14397,760.5,314.5,0.992
14398,736.5,304.5,0.987
14399,692.5,288.5,0.982
14400,658.5,276.5,0.995
14401,634.5,270.5,0.996
14402,594.5,260.5,0.988
14403,568.5,258.5,0.995
14404,542.5,258.5,0.996
14405,516.5,258.5,0.995
14406,492.5,264.5,0.995
14407,470.5,270.5,0.997
14408,450.5,280.5,0.996
14409,430.5,266.5,0.996
14410,412.5,250.5,0.995
14411,396.5,242.5,0.995
14412,380.5,236.5,0.994
14413,364.5,230.5,0.994
14414,368.5,226.5,0.991
14415,386.5,224.5,0.996
14416,404.5,222.5,0.998
14417,422.5,224.5,0.998
14418,442.5,228.5,0.995
14419,462.5,232.5,0.994
14420,486.5,242.5,0.996
14421,510.5,254.5,0.995
14422,532.5,264.5,0.997
14423,554.5,280.5,0.997
14424,578.5,300.5,0.996
14425,600.5,320.5,0.993
14426,626.5,346.5,0.994
14427,646.5,368.5,0.995
14428,674.5,380.5,0.997
14429,698.5,374.5,0.994
14430,726.5,368.5,0.995
14431,744.5,366.5,0.949
14433,686.5,310.5,0.984
14434,662.5,288.5,0.985
14435,634.5,272.5,0.997
14436,608.5,256.5,0.993
14437,582.5,246.5,0.997
14438,562.5,238.5,0.995
14439,538.5,232.5,0.995
14440,520.5,232.5,0.996
14441,502.5,232.5,0.996
14442,490.5,234.5,0.996
14443,476.5,240.5,0.987
14444,464.5,244.5,0.998
14445,452.5,250.5,0.995
14446,442.5,238.5,0.996
14447,434.5,222.5,0.996
14448,424.5,206.5,0.997
14449,418.5,194.5,0.999
14450,408.5,186.5,0.996
14451,426.5,180.5,0.888
14452,448.5,182.5,0.995
14453,480.5,180.5,0.996
14454,508.5,184.5,0.997
14455,536.5,190.5,0.995
14456,564.5,200.5,0.996
14457,592.5,210.5,0.995
14458,618.5,222.5,0.996
14459,642.5,234.5,0.998
14460,678.5,258.5,0.998
14461,698.5,274.5,0.995
14462,734.5,302.5,0.993
14463,754.5,306.5,0.995
14464,786.5,298.5,0.996
14465,810.5,292.5,0.993
14466,838.5,288.5,0.997
14467,866.5,286.5,0.996
14468,890.5,290.5,0.995
14469,912.5,292.5,0.996
14470,938.5,300.5,0.993
14471,964.5,312.5,0.942
14472,926.5,284.5,0.99
14473,870.5,252.5,0.997
14474,838.5,234.5,0.999
14475,796.5,216.5,0.997
14476,756.5,202.5,0.998
14477,718.5,192.5,0.995
14478,682.5,184.5,0.997
14479,646.5,180.5,0.997
14480,614.5,178.5,0.995
14481,582.5,180.5,0.995
14482,552.5,186.5,0.995
14483,528.5,192.5,0.994
14484,500.5,200.5,0.996
14485,476.5,212.5,0.996
14486,452.5,226.5,0.996
14487,428.5,238.5,0.992
14488,412.5,254.5,0.996
14489,390.5,256.5,0.996
14490,374.5,234.5,0.998
14491,358.5,218.5,0.998
14492,342.5,202.5,0.998
14493,328.5,190.5,0.996
14494,312.5,182.5,0.998
14495,298.5,176.5,0.995
14496,286.5,170.5,0.996
14497,274.5,168.5,0.998
14498,264.5,168.5,0.996
14499,278.5,164.5,0.995
14501,310.5,156.5,0.994
14502,338.5,150.5,0.997
14503,366.5,148.5,0.997
14504,394.5,148.5,0.996
14505,424.5,152.5,0.997
14506,454.5,158.5,0.997
14507,484.5,166.5,0.997
14508,514.5,178.5,0.997
14509,548.5,192.5,0.996
14510,580.5,210.5,0.995
14511,614.5,232.5,0.997
14512,644.5,254.5,0.998
14513,676.5,278.5,0.986
14514,714.5,308.5,0.985
14515,736.5,334.5,0.994
14516,770.5,368.5,0.992
14517,800.5,358.5,0.996
14518,822.5,344.5,0.995
14519,850.5,332.5,0.986
14520,884.5,320.5,0.991
14521,910.5,318.5,0.928
14524,992.5,324.5,0.993
14525,1018.5,328.5,0.994
14533,836.5,230.5,0.998
14534,784.5,212.5,0.997
14535,738.5,198.5,0.998
14536,698.5,192.5,0.996
14537,662.5,188.5,0.997
14538,628.5,186.5,0.996
14539,594.5,188.5,0.996
14540,566.5,192.5,0.995
14541,538.5,200.5,0.995
14542,516.5,208.5,0.995
14543,492.5,220.5,0.996
14544,468.5,232.5,0.995
14545,456.5,246.5,0.997
14546,440.5,246.5,0.995
14547,422.5,216.5,0.997
14548,410.5,198.5,0.998
14549,398.5,182.5,0.997
14550,386.5,168.5,0.998
14551,376.5,158.5,0.997
14552,372.5,150.5,0.887
14553,390.5,148.5,0.996
14554,418.5,148.5,0.996
14555,442.5,150.5,0.997
14556,468.5,154.5,0.998
14557,490.5,162.5,0.996
14558,518.5,170.5,0.998
14559,542.5,182.5,0.997
14560,568.5,198.5,0.995
14561,596.5,216.5,0.996
14562,620.5,234.5,0.996
14563,644.5,256.5,0.998
14564,318.5,158.5,0.549
14565,694.5,306.5,0.994
14566,720.5,336.5,0.994
14567,746.5,354.5,0.996
14568,768.5,342.5,0.995
14569,794.5,334.5,0.988
14570,820.5,328.5,0.994
14571,844.5,328.5,0.993
14572,868.5,330.5,0.582
14573,894.5,336.5,0.942
14574,924.5,342.5,0.992
14575,944.5,354.5,0.961
14576,964.5,366.5,0.943
14577,884.5,320.5,0.994
14578,838.5,300.5,0.997
14579,790.5,278.5,0.994
14580,746.5,264.5,0.997
14581,708.5,254.5,0.996
14582,676.5,248.5,0.998
14583,638.5,244.5,0.997
14584,610.5,244.5,0.996
14585,582.5,248.5,0.997
14586,556.5,250.5,0.978
14587,534.5,258.5,0.996
14588,514.5,264.5,0.996
14589,498.5,268.5,0.996
14590,482.5,248.5,0.997
14591,462.5,230.5,0.995
14592,448.5,214.5,0.998
14593,434.5,202.5,0.997
14594,422.5,192.5,0.998
14595,410.5,182.5,0.998
14597,426.5,174.5,0.998
14598,454.5,168.5,0.996
14599,480.5,164.5,0.996
14600,510.5,164.5,0.997
14601,536.5,164.5,0.995
14602,566.5,168.5,0.996
14603,596.5,174.5,0.995
14604,624.5,180.5,0.996
14605,648.5,188.5,0.996
14606,682.5,202.5,0.997
14607,712.5,218.5,0.998
14608,742.5,234.5,0.997
14609,776.5,256.5,0.997
14610,800.5,276.5,0.993
14611,834.5,300.5,0.996
14612,852.5,314.5,0.995
14613,884.5,344.5,0.997
14614,920.5,336.5,0.996
14615,948.5,324.5,0.994
14616,972.5,320.5,0.996
14617,1004.5,310.5,0.996
14618,1030.5,308.5,0.995
14620,992.5,274.5,0.993
14621,946.5,260.5,0.991
14622,882.5,236.5,0.994
14623,836.5,222.5,0.998
14624,788.5,212.5,0.997
14625,746.5,206.5,0.996
14626,708.5,206.5,0.996
14627,674.5,208.5,0.997
14628,638.5,210.5,0.995
14629,606.5,216.5,0.996
14630,578.5,226.5,0.995
14631,552.5,236.5,0.995
14632,526.5,250.5,0.995
14633,502.5,252.5,0.995
14634,486.5,232.5,0.996
14635,470.5,216.5,0.999
14636,450.5,196.5,0.998
14637,434.5,184.5,0.997
14638,420.5,174.5,0.996
14639,406.5,166.5,0.998
14640,396.5,162.5,0.994
14641,410.5,158.5,0.74
14642,432.5,158.5,0.993
14643,452.5,158.5,0.998
14644,474.5,162.5,0.997
14645,498.5,170.5,0.997
14646,516.5,178.5,0.998
14647,538.5,190.5,0.993
14648,564.5,208.5,0.995
14649,586.5,228.5,0.997
14650,612.5,250.5,0.997
14651,632.5,274.5,0.997
14652,656.5,300.5,0.99
14653,678.5,334.5,0.991
14654,704.5,370.5,0.993
14655,724.5,396.5,0.997
14656,748.5,386.5,0.993
14657,770.5,376.5,0.995
14658,790.5,374.5,0.994
14661,720.5,284.5,0.994
14662,688.5,258.5,0.993
14663,654.5,230.5,0.987
14664,630.5,216.5,0.997
14665,608.5,202.5,0.997
14666,582.5,190.5,0.996
14667,562.5,182.5,0.998
14668,544.5,178.5,0.994
14669,528.5,176.5,0.997
14670,514.5,176.5,0.997
14671,502.5,178.5,0.997
14672,490.5,184.5,0.997
14673,480.5,188.5,0.997
14674,472.5,194.5,0.997
14675,464.5,204.5,0.996
14676,458.5,214.5,0.995
14677,450.5,206.5,0.994
14678,442.5,186.5,0.997
14679,436.5,170.5,0.997
14680,430.5,156.5,0.997
14681,424.5,144.5,0.998
14682,428.5,136.5,0.988
14683,448.5,130.5,0.996
14684,468.5,124.5,0.996
14685,486.5,124.5,0.997
14686,508.5,124.5,0.996
14687,532.5,128.5,0.996
14688,552.5,134.5,0.996
14689,572.5,142.5,0.994
14690,596.5,156.5,0.997
14691,622.5,172.5,0.996
14692,642.5,188.5,0.997
14693,670.5,212.5,0.996
14694,692.5,236.5,0.995
14695,708.5,258.5,0.995
14696,728.5,280.5,0.991
14697,754.5,312.5,0.991
14698,778.5,300.5,0.994
14699,798.5,290.5,0.996
14700,818.5,282.5,0.997
14701,842.5,274.5,0.995
14702,862.5,270.5,0.995
14703,886.5,266.5,0.997
14704,908.5,268.5,0.988
14705,932.5,272.5,0.995
14706,952.5,278.5,0.989
14707,966.5,294.5,0.855
14708,996.5,304.5,0.994
14709,936.5,270.5,0.969
14711,842.5,220.5,0.995
14712,774.5,192.5,0.995
14713,722.5,176.5,0.996
14714,676.5,164.5,0.998
14715,630.5,154.5,0.997
14716,584.5,148.5,0.998
14717,544.5,148.5,0.998
14718,506.5,148.5,0.997
14719,468.5,154.5,0.996
14720,438.5,160.5,0.997
14721,406.5,170.5,0.996
14722,380.5,180.5,0.996
14723,354.5,194.5,0.996
14724,328.5,208.5,0.997
14725,304.5,226.5,0.995
14726,286.5,244.5,0.997
14727,270.5,260.5,0.997
14728,250.5,282.5,0.993
14729,234.5,304.5,0.996
14730,226.5,322.5,0.992
14731,212.5,346.5,0.968
14732,254.5,170.5,0.993
14733,192.5,378.5,0.992
14734,178.5,360.5,0.994
14735,162.5,346.5,0.996
14736,148.5,334.5,0.995
14737,134.5,326.5,0.977
14738,122.5,314.5,0.997
14739,112.5,310.5,0.996
14740,102.5,306.5,0.996
14741,90.5,304.5,0.996
14742,82.5,308.5,0.996
14743,72.5,312.5,0.993
14744,66.5,314.5,0.996
14745,68.5,320.5,0.998
14746,70.5,328.5,0.997
14747,72.5,344.5,0.949
14748,74.5,354.5,0.997
14749,76.5,368.5,0.997
14750,80.5,380.5,0.989
14751,82.5,390.5,0.996
14752,76.5,388.5,0.995
14753,70.5,384.5,0.993
14754,64.5,382.5,0.997
14755,60.5,382.5,0.996
14756,54.5,386.5,0.996
14757,54.5,390.5,0.996
14905,326.5,190.5,0.641
14954,420.5,198.5,0.719
14955,418.5,196.5,0.996
14956,412.5,190.5,0.996
14957,414.5,186.5,0.985
14958,406.5,180.5,0.995
14959,404.5,176.5,0.988
14960,402.5,174.5,0.981
14977,272.5,550.5,0.77
14998,312.5,230.5,0.944
15014,476.5,272.5,0.631
15081,86.5,616.5,0.971
15091,286.5,560.5,0.908
15092,296.5,548.5,0.648
15093,310.5,536.5,0.659
15094,326.5,536.5,0.986
15095,340.5,532.5,0.975
15103,330.5,572.5,0.514
15104,170.5,462.5,0.971
15105,58.5,248.5,0.561
15107,334.5,544.5,0.933
15108,158.5,248.5,0.719
15115,232.5,642.5,0.994
15117,262.5,630.5,0.858
15118,278.5,626.5,0.91
15133,308.5,572.5,0.967
15209,110.5,324.5,0.825
15250,520.5,242.5,0.952
15284,274.5,270.5,0.827
15286,278.5,266.5,0.943
15288,276.5,276.5,0.991
15289,270.5,278.5,0.995
15290,268.5,280.5,0.99
15291,262.5,280.5,0.978
15292,256.5,280.5,0.996
15293,250.5,278.5,0.983
15294,240.5,278.5,0.916
15295,234.5,276.5,0.993
15296,224.5,274.5,0.707
15297,218.5,274.5,0.995
15298,214.5,274.5,0.771
15299,206.5,270.5,0.63
15300,200.5,272.5,0.936
15301,134.5,226.5,0.991
15320,182.5,260.5,0.896
15321,180.5,256.5,0.982
15322,174.5,250.5,0.996
15323,174.5,244.5,0.995
15324,168.5,282.5,0.984
15325,158.5,236.5,0.996
15327,152.5,238.5,0.851
15328,252.5,430.5,0.992
15329,140.5,206.5,0.998
15330,136.5,186.5,0.997
15331,130.5,174.5,0.998
15332,126.5,162.5,0.999
15333,122.5,156.5,0.997
15334,118.5,150.5,0.994
15335,116.5,146.5,0.994
15336,116.5,148.5,0.65
15337,112.5,150.5,0.994
15338,112.5,158.5,0.997
15339,112.5,164.5,0.998
15340,114.5,176.5,0.998
15341,114.5,188.5,0.998
15342,116.5,204.5,0.997
15343,120.5,218.5,0.997
15344,116.5,208.5,0.997
15345,112.5,194.5,0.999
15346,108.5,182.5,0.997
15347,104.5,174.5,0.996
15348,104.5,166.5,0.995
15349,102.5,162.5,0.881
15350,102.5,162.5,0.979
15351,102.5,164.5,0.985
15352,102.5,166.5,0.995
15353,102.5,174.5,0.997
15354,104.5,184.5,0.998
15358,116.5,186.5,0.969
15360,126.5,178.5,0.952
15387,174.5,498.5,0.979
15406,174.5,200.5,0.988
15408,188.5,210.5,0.993
15409,198.5,218.5,0.814
15426,170.5,390.5,0.882
