track,frame,t_s,x_px,y_px
0,48,1.6,320.5,292.5
0,49,1.633,318.5,292.5
0,51,1.7,318.5,294.5
0,52,1.733,320.5,294.5
0,54,1.8,318.5,294.5
0,55,1.833,318.5,294.5
0,56,1.867,320.5,296.5
0,57,1.9,318.5,294.5
0,58,1.933,318.5,296.5
0,59,1.967,318.5,296.5
0,60,2.0,320.5,298.5
0,61,2.033,320.5,296.5
0,62,2.067,320.5,296.5
0,63,2.1,322.5,298.5
0,64,2.133,322.5,296.5
0,65,2.167,324.5,296.5
0,66,2.2,324.5,296.5
0,67,2.233,326.5,298.5
0,68,2.267,328.5,298.5
0,69,2.3,328.5,298.5
0,70,2.333,328.5,298.5
0,71,2.367,330.5,298.5
0,73,2.433,328.5,298.5
0,75,2.5,234.5,162.5
0,76,2.533,234.5,162.5
0,77,2.567,234.5,164.5
0,78,2.6,232.5,164.5
0,80,2.667,342.5,296.5
0,82,2.733,346.5,296.5
0,83,2.767,348.5,296.5
0,84,2.8,348.5,294.5
0,85,2.833,354.5,296.5
1,250,8.333,122.5,558.5
1,253,8.433,304.5,400.5
1,255,8.5,242.5,390.5
1,257,8.567,220.5,212.5
1,261,8.7,120.5,554.5
1,265,8.833,220.5,228.5
2,287,9.567,194.5,552.5
2,289,9.633,156.5,518.5
2,290,9.667,136.5,498.5
2,291,9.7,108.5,482.5
2,292,9.733,76.5,472.5
2,293,9.767,40.5,468.5
3,410,13.667,352.5,130.5
3,411,13.7,352.5,122.5
3,412,13.733,350.5,114.5
3,413,13.767,350.5,104.5
3,415,13.833,292.5,182.5
3,416,13.867,298.5,180.5
3,417,13.9,288.5,176.5
3,418,13.933,290.5,168.5
3,419,13.967,288.5,164.5
3,420,14.0,288.5,162.5
3,421,14.033,308.5,156.5
3,422,14.067,290.5,162.5
3,423,14.1,290.5,162.5
4,436,14.533,496.5,520.5
4,438,14.6,498.5,518.5
4,442,14.733,498.5,520.5
4,443,14.767,498.5,520.5
4,444,14.8,500.5,520.5
4,445,14.833,498.5,520.5
4,446,14.867,498.5,520.5
4,448,14.933,498.5,520.5
4,449,14.967,498.5,520.5
5,658,21.933,430.5,464.5
5,660,22.0,458.5,466.5
5,664,22.133,350.5,192.5
5,665,22.167,358.5,198.5
5,666,22.2,362.5,202.5
5,667,22.233,366.5,206.5
5,668,22.267,366.5,206.5
6,776,25.867,332.5,592.5
6,780,26.0,416.5,532.5
6,781,26.033,432.5,514.5
6,782,26.067,448.5,498.5
6,783,26.1,464.5,482.5
6,784,26.133,480.5,470.5
7,816,27.2,236.5,544.5
7,818,27.267,236.5,544.5
7,820,27.333,236.5,544.5
7,821,27.367,238.5,544.5
7,822,27.4,236.5,544.5
7,823,27.433,236.5,544.5
7,827,27.567,236.5,544.5
8,848,28.267,934.5,286.5
8,849,28.3,934.5,272.5
8,850,28.333,936.5,250.5
8,851,28.367,938.5,234.5
8,852,28.4,940.5,222.5
8,853,28.433,942.5,210.5
8,854,28.467,942.5,206.5
8,855,28.5,942.5,200.5
8,856,28.533,940.5,202.5
8,857,28.567,940.5,208.5
8,858,28.6,936.5,214.5
8,859,28.633,936.5,224.5
8,860,28.667,932.5,234.5
8,861,28.7,928.5,250.5
9,952,31.733,920.5,324.5
9,954,31.8,870.5,242.5
9,955,31.833,854.5,216.5
9,956,31.867,834.5,194.5
9,957,31.9,820.5,176.5
9,958,31.933,796.5,156.5
9,959,31.967,782.5,148.5
9,960,32.0,764.5,138.5
9,961,32.033,746.5,134.5
9,962,32.067,728.5,132.5
9,963,32.1,712.5,136.5
9,964,32.133,696.5,138.5
9,965,32.167,682.5,146.5
9,966,32.2,668.5,156.5
9,967,32.233,652.5,170.5
9,968,32.267,640.5,184.5
9,969,32.3,626.5,204.5
9,970,32.333,614.5,222.5
9,971,32.367,606.5,240.5
9,974,32.467,578.5,278.5
9,975,32.5,566.5,250.5
9,976,32.533,560.5,234.5
9,977,32.567,552.5,212.5
9,978,32.6,544.5,194.5
9,979,32.633,536.5,178.5
9,980,32.667,526.5,168.5
9,981,32.7,520.5,160.5
9,982,32.733,512.5,154.5
9,983,32.767,506.5,150.5
9,984,32.8,498.5,150.5
9,985,32.833,492.5,150.5
9,986,32.867,486.5,156.5
9,987,32.9,480.5,162.5
9,988,32.933,474.5,170.5
9,989,32.967,470.5,182.5
9,990,33.0,466.5,194.5
9,991,33.033,462.5,210.5
9,992,33.067,458.5,224.5
9,993,33.1,454.5,244.5
9,994,33.133,450.5,244.5
9,995,33.167,442.5,220.5
9,996,33.2,438.5,206.5
9,997,33.233,432.5,194.5
9,998,33.267,426.5,182.5
9,999,33.3,420.5,172.5
9,1000,33.333,414.5,164.5
9,1001,33.367,410.5,160.5
9,1002,33.4,406.5,158.5
9,1003,33.433,400.5,158.5
9,1004,33.467,398.5,160.5
9,1005,33.5,394.5,164.5
9,1006,33.533,390.5,168.5
9,1007,33.567,386.5,178.5
9,1008,33.6,384.5,178.5
10,1021,34.033,264.5,236.5
10,1022,34.067,268.5,234.5
10,1024,34.133,354.5,182.5
10,1025,34.167,290.5,228.5
10,1026,34.2,350.5,178.5
10,1027,34.233,348.5,176.5
10,1028,34.267,346.5,176.5
10,1029,34.3,344.5,178.5
10,1030,34.333,342.5,180.5
10,1031,34.367,342.5,160.5
10,1032,34.4,340.5,148.5
10,1033,34.433,336.5,130.5
10,1034,34.467,334.5,112.5
10,1035,34.5,332.5,98.5
10,1036,34.533,330.5,84.5
10,1037,34.567,330.5,76.5
10,1038,34.6,330.5,68.5
10,1039,34.633,330.5,64.5
10,1040,34.667,330.5,64.5
10,1041,34.7,330.5,64.5
10,1042,34.733,334.5,66.5
10,1043,34.767,334.5,70.5
10,1044,34.8,334.5,80.5
10,1045,34.833,338.5,88.5
10,1046,34.867,338.5,98.5
10,1047,34.9,342.5,114.5
10,1048,34.933,344.5,126.5
10,1049,34.967,350.5,138.5
10,1052,35.067,290.5,198.5
10,1053,35.1,290.5,198.5
10,1054,35.133,292.5,200.5
10,1055,35.167,346.5,142.5
10,1056,35.2,290.5,200.5
10,1057,35.233,342.5,150.5
10,1058,35.267,340.5,150.5
10,1059,35.3,334.5,156.5
10,1061,35.367,326.5,160.5
11,1068,35.6,318.5,174.5
11,1069,35.633,318.5,176.5
11,1070,35.667,318.5,176.5
11,1071,35.7,318.5,178.5
11,1072,35.733,316.5,178.5
11,1073,35.767,248.5,226.5
11,1074,35.8,316.5,178.5
12,1094,36.467,334.5,198.5
12,1095,36.5,336.5,198.5
12,1096,36.533,338.5,196.5
12,1100,36.667,344.5,198.5
12,1101,36.7,346.5,196.5
12,1102,36.733,348.5,194.5
12,1103,36.767,350.5,196.5
12,1104,36.8,350.5,194.5
12,1105,36.833,350.5,192.5
12,1106,36.867,350.5,194.5
12,1107,36.9,350.5,192.5
12,1108,36.933,350.5,186.5
12,1109,36.967,352.5,186.5
12,1112,37.067,350.5,164.5
13,1284,42.8,308.5,196.5
13,1285,42.833,310.5,192.5
13,1286,42.867,302.5,186.5
13,1287,42.9,300.5,176.5
13,1288,42.933,298.5,166.5
13,1289,42.967,296.5,160.5
13,1290,43.0,294.5,156.5
13,1291,43.033,292.5,152.5
13,1292,43.067,290.5,154.5
13,1293,43.1,292.5,158.5
13,1294,43.133,292.5,162.5
13,1295,43.167,292.5,170.5
13,1296,43.2,294.5,180.5
13,1297,43.233,294.5,192.5
13,1298,43.267,292.5,182.5
13,1299,43.3,288.5,164.5
13,1300,43.333,284.5,146.5
13,1301,43.367,280.5,138.5
13,1302,43.4,278.5,128.5
13,1303,43.433,274.5,118.5
13,1304,43.467,272.5,114.5
13,1305,43.5,270.5,112.5
13,1306,43.533,270.5,114.5
13,1307,43.567,270.5,114.5
13,1308,43.6,268.5,118.5
13,1309,43.633,268.5,128.5
13,1310,43.667,268.5,134.5
13,1311,43.7,270.5,146.5
13,1312,43.733,268.5,158.5
13,1313,43.767,272.5,170.5
13,1314,43.8,266.5,162.5
13,1315,43.833,268.5,148.5
13,1316,43.867,266.5,138.5
13,1317,43.9,264.5,130.5
13,1318,43.933,264.5,124.5
13,1319,43.967,264.5,120.5
13,1320,44.0,264.5,118.5
13,1321,44.033,264.5,122.5
13,1322,44.067,264.5,126.5
13,1323,44.1,266.5,132.5
13,1324,44.133,268.5,144.5
13,1325,44.167,268.5,154.5
13,1326,44.2,272.5,164.5
13,1327,44.233,272.5,176.5
13,1329,44.3,266.5,170.5
13,1330,44.333,268.5,162.5
14,1339,44.633,304.5,182.5
14,1341,44.7,322.5,196.5
14,1342,44.733,328.5,198.5
14,1343,44.767,334.5,200.5
14,1344,44.8,338.5,206.5
14,1348,44.933,348.5,218.5
14,1349,44.967,348.5,222.5
14,1350,45.0,348.5,224.5
14,1351,45.033,348.5,226.5
14,1352,45.067,344.5,228.5
14,1353,45.1,342.5,232.5
14,1354,45.133,340.5,232.5
14,1355,45.167,340.5,234.5
14,1356,45.2,336.5,232.5
14,1357,45.233,336.5,234.5
14,1358,45.267,334.5,232.5
14,1359,45.3,334.5,232.5
14,1360,45.333,334.5,232.5
14,1361,45.367,334.5,230.5
14,1362,45.4,334.5,230.5
14,1363,45.433,332.5,230.5
14,1364,45.467,332.5,228.5
14,1365,45.5,330.5,228.5
14,1367,45.567,328.5,222.5
14,1368,45.6,328.5,220.5
14,1369,45.633,324.5,216.5
14,1370,45.667,326.5,208.5
14,1371,45.7,318.5,206.5
14,1373,45.767,320.5,192.5
14,1376,45.867,306.5,174.5
14,1377,45.9,298.5,160.5
14,1378,45.933,296.5,146.5
14,1379,45.967,292.5,132.5
14,1380,46.0,288.5,124.5
14,1381,46.033,286.5,116.5
14,1382,46.067,284.5,112.5
14,1383,46.1,284.5,110.5
14,1384,46.133,280.5,110.5
14,1385,46.167,280.5,114.5
14,1386,46.2,280.5,118.5
14,1387,46.233,278.5,128.5
14,1388,46.267,278.5,138.5
14,1389,46.3,280.5,148.5
14,1390,46.333,280.5,162.5
14,1391,46.367,282.5,176.5
14,1392,46.4,280.5,164.5
14,1393,46.433,278.5,154.5
14,1394,46.467,276.5,144.5
14,1395,46.5,274.5,132.5
14,1396,46.533,274.5,128.5
14,1397,46.567,272.5,122.5
14,1398,46.6,272.5,120.5
14,1399,46.633,272.5,122.5
14,1400,46.667,274.5,128.5
14,1401,46.7,274.5,132.5
14,1402,46.733,276.5,138.5
14,1403,46.767,278.5,148.5
14,1404,46.8,278.5,160.5
14,1405,46.833,280.5,170.5
14,1406,46.867,282.5,178.5
14,1407,46.9,278.5,156.5
14,1408,46.933,274.5,142.5
14,1409,46.967,272.5,126.5
14,1410,47.0,270.5,114.5
14,1411,47.033,268.5,104.5
14,1412,47.067,266.5,96.5
14,1413,47.1,264.5,92.5
14,1414,47.133,262.5,88.5
14,1415,47.167,262.5,88.5
14,1416,47.2,262.5,92.5
14,1417,47.233,262.5,94.5
14,1418,47.267,262.5,102.5
14,1419,47.3,264.5,110.5
14,1420,47.333,264.5,122.5
14,1421,47.367,266.5,132.5
14,1422,47.4,262.5,146.5
14,1423,47.433,262.5,144.5
14,1427,47.567,268.5,124.5
15,1434,47.8,284.5,186.5
15,1435,47.833,294.5,200.5
15,1436,47.867,308.5,214.5
15,1437,47.9,324.5,220.5
15,1438,47.933,340.5,224.5
15,1439,47.967,352.5,222.5
15,1440,48.0,366.5,218.5
15,1441,48.033,376.5,212.5
15,1442,48.067,386.5,204.5
15,1443,48.1,394.5,198.5
15,1444,48.133,402.5,190.5
15,1445,48.167,408.5,182.5
15,1446,48.2,414.5,176.5
15,1447,48.233,418.5,172.5
15,1448,48.267,422.5,168.5
15,1449,48.3,420.5,160.5
15,1451,48.367,432.5,154.5
15,1452,48.4,432.5,150.5
15,1453,48.433,432.5,146.5
15,1454,48.467,436.5,144.5
16,1473,49.1,438.5,156.5
16,1474,49.133,434.5,162.5
16,1475,49.167,432.5,170.5
16,1476,49.2,424.5,178.5
16,1477,49.233,418.5,186.5
16,1478,49.267,410.5,188.5
16,1479,49.3,402.5,198.5
16,1480,49.333,392.5,210.5
16,1481,49.367,384.5,214.5
16,1482,49.4,376.5,224.5
16,1483,49.433,366.5,226.5
16,1484,49.467,358.5,232.5
16,1485,49.5,348.5,238.5
16,1486,49.533,338.5,240.5
16,1487,49.567,328.5,242.5
16,1488,49.6,320.5,244.5
16,1489,49.633,312.5,246.5
16,1490,49.667,304.5,250.5
16,1491,49.7,298.5,250.5
16,1492,49.733,294.5,252.5
16,1493,49.767,290.5,254.5
16,1494,49.8,286.5,256.5
16,1495,49.833,284.5,258.5
16,1496,49.867,282.5,262.5
16,1497,49.9,284.5,260.5
16,1498,49.933,282.5,262.5
16,1499,49.967,280.5,268.5
16,1500,50.0,278.5,268.5
16,1501,50.033,278.5,262.5
16,1502,50.067,274.5,252.5
16,1504,50.133,262.5,220.5
16,1505,50.167,258.5,202.5
16,1506,50.2,254.5,186.5
16,1507,50.233,252.5,174.5
16,1508,50.267,248.5,162.5
16,1509,50.3,246.5,156.5
16,1510,50.333,244.5,150.5
16,1511,50.367,242.5,148.5
16,1512,50.4,240.5,150.5
16,1513,50.433,240.5,154.5
16,1514,50.467,240.5,160.5
16,1515,50.5,240.5,166.5
16,1516,50.533,240.5,178.5
16,1517,50.567,242.5,186.5
16,1518,50.6,242.5,202.5
16,1519,50.633,250.5,216.5
16,1520,50.667,264.5,234.5
16,1521,50.7,300.5,254.5
16,1523,50.767,374.5,266.5
16,1524,50.8,400.5,260.5
16,1525,50.833,432.5,256.5
16,1526,50.867,460.5,254.5
16,1527,50.9,490.5,254.5
16,1528,50.933,522.5,260.5
16,1529,50.967,554.5,266.5
16,1530,51.0,588.5,278.5
16,1531,51.033,616.5,290.5
16,1532,51.067,648.5,306.5
16,1533,51.1,676.5,326.5
16,1534,51.133,704.5,346.5
16,1535,51.167,738.5,360.5
16,1536,51.2,770.5,352.5
16,1537,51.233,800.5,346.5
16,1538,51.267,832.5,342.5
16,1539,51.3,866.5,342.5
16,1540,51.333,892.5,348.5
16,1541,51.367,850.5,312.5
16,1542,51.4,826.5,300.5
16,1543,51.433,758.5,266.5
16,1544,51.467,730.5,250.5
16,1545,51.5,690.5,234.5
16,1546,51.533,650.5,222.5
16,1547,51.567,620.5,214.5
16,1548,51.6,586.5,208.5
16,1549,51.633,556.5,206.5
16,1550,51.667,526.5,206.5
16,1551,51.7,500.5,208.5
16,1552,51.733,474.5,212.5
16,1553,51.767,448.5,218.5
16,1554,51.8,424.5,226.5
16,1555,51.833,406.5,234.5
16,1556,51.867,386.5,248.5
16,1557,51.9,366.5,262.5
16,1558,51.933,348.5,276.5
16,1559,51.967,330.5,264.5
16,1560,52.0,314.5,244.5
16,1561,52.033,300.5,228.5
16,1562,52.067,286.5,214.5
16,1563,52.1,274.5,204.5
16,1564,52.133,260.5,194.5
16,1565,52.167,246.5,188.5
16,1566,52.2,254.5,178.5
16,1567,52.233,282.5,172.5
16,1568,52.267,318.5,164.5
16,1569,52.3,352.5,160.5
16,1570,52.333,384.5,158.5
16,1571,52.367,418.5,158.5
16,1572,52.4,452.5,160.5
16,1573,52.433,490.5,166.5
16,1574,52.467,524.5,176.5
16,1575,52.5,562.5,188.5
16,1576,52.533,596.5,202.5
16,1577,52.567,630.5,218.5
16,1578,52.6,672.5,242.5
16,1579,52.633,700.5,258.5
16,1580,52.667,734.5,282.5
16,1581,52.7,766.5,306.5
16,1582,52.733,800.5,336.5
16,1583,52.767,832.5,350.5
16,1584,52.8,862.5,330.5
16,1585,52.833,894.5,316.5
16,1586,52.867,922.5,306.5
16,1587,52.9,954.5,296.5
16,1588,52.933,976.5,294.5
16,1589,52.967,1010.5,290.5
16,1590,53.0,1038.5,292.5
16,1591,53.033,1066.5,294.5
16,1592,53.067,1094.5,300.5
17,1597,53.233,884.5,234.5
17,1598,53.267,830.5,224.5
17,1599,53.3,772.5,212.5
17,1600,53.333,716.5,208.5
17,1601,53.367,672.5,208.5
17,1602,53.4,618.5,210.5
17,1603,53.433,576.5,214.5
17,1604,53.467,534.5,222.5
17,1605,53.5,498.5,232.5
17,1606,53.533,466.5,244.5
17,1607,53.567,438.5,258.5
17,1608,53.6,410.5,266.5
17,1609,53.633,380.5,246.5
17,1610,53.667,358.5,228.5
17,1611,53.7,332.5,210.5
17,1612,53.733,312.5,196.5
17,1613,53.767,292.5,186.5
17,1614,53.8,274.5,178.5
17,1615,53.833,252.5,170.5
17,1616,53.867,280.5,172.5
17,1617,53.9,316.5,174.5
17,1618,53.933,352.5,180.5
17,1619,53.967,390.5,186.5
17,1620,54.0,426.5,196.5
17,1621,54.033,466.5,210.5
17,1622,54.067,506.5,226.5
17,1623,54.1,542.5,244.5
17,1624,54.133,576.5,260.5
17,1625,54.167,616.5,286.5
17,1626,54.2,666.5,320.5
17,1627,54.233,706.5,348.5
17,1628,54.267,738.5,370.5
17,1629,54.3,782.5,360.5
17,1630,54.333,818.5,358.5
17,1631,54.367,858.5,356.5
17,1632,54.4,898.5,354.5
17,1633,54.433,940.5,362.5
17,1634,54.467,978.5,372.5
17,1635,54.5,1024.5,386.5
17,1636,54.533,982.5,348.5
17,1639,54.633,844.5,236.5
17,1640,54.667,802.5,212.5
17,1641,54.7,762.5,190.5
17,1642,54.733,728.5,176.5
17,1643,54.767,698.5,166.5
17,1644,54.8,668.5,160.5
17,1645,54.833,638.5,156.5
17,1646,54.867,614.5,156.5
17,1647,54.9,586.5,160.5
17,1648,54.933,564.5,166.5
17,1649,54.967,546.5,172.5
17,1650,55.0,528.5,182.5
17,1651,55.033,510.5,194.5
17,1652,55.067,496.5,208.5
17,1653,55.1,482.5,222.5
17,1654,55.133,470.5,238.5
17,1655,55.167,458.5,258.5
17,1656,55.2,448.5,244.5
17,1657,55.233,436.5,216.5
17,1658,55.267,428.5,198.5
17,1659,55.3,420.5,182.5
17,1660,55.333,412.5,166.5
17,1661,55.367,402.5,154.5
17,1662,55.4,396.5,144.5
17,1663,55.433,388.5,136.5
17,1664,55.467,392.5,136.5
17,1665,55.5,406.5,138.5
17,1666,55.533,420.5,144.5
17,1667,55.567,444.5,152.5
17,1668,55.6,462.5,162.5
17,1669,55.633,482.5,178.5
17,1670,55.667,500.5,194.5
17,1671,55.7,522.5,214.5
17,1672,55.733,546.5,238.5
17,1673,55.767,566.5,264.5
17,1674,55.8,584.5,296.5
17,1676,55.867,628.5,370.5
17,1677,55.9,646.5,372.5
17,1678,55.933,666.5,362.5
17,1679,55.967,690.5,354.5
17,1680,56.0,710.5,348.5
17,1681,56.033,730.5,348.5
17,1682,56.067,756.5,352.5
17,1683,56.1,780.5,358.5
17,1684,56.133,802.5,368.5
17,1685,56.167,826.5,384.5
17,1686,56.2,850.5,402.5
17,1687,56.233,886.5,436.5
17,1688,56.267,854.5,404.5
17,1689,56.3,802.5,350.5
17,1690,56.333,756.5,306.5
17,1691,56.367,708.5,266.5
17,1692,56.4,674.5,238.5
17,1693,56.433,634.5,212.5
17,1694,56.467,600.5,190.5
17,1695,56.5,574.5,178.5
17,1696,56.533,548.5,168.5
17,1697,56.567,526.5,162.5
17,1698,56.6,500.5,156.5
17,1699,56.633,482.5,154.5
17,1700,56.667,464.5,158.5
17,1701,56.7,448.5,162.5
17,1702,56.733,434.5,168.5
17,1703,56.767,420.5,176.5
17,1704,56.8,408.5,186.5
17,1705,56.833,400.5,194.5
17,1706,56.867,390.5,208.5
17,1707,56.9,380.5,220.5
17,1708,56.933,374.5,234.5
17,1709,56.967,364.5,238.5
17,1710,57.0,356.5,214.5
17,1711,57.033,346.5,194.5
17,1712,57.067,338.5,178.5
17,1713,57.1,330.5,164.5
17,1714,57.133,324.5,154.5
17,1715,57.167,316.5,146.5
17,1716,57.2,310.5,136.5
17,1717,57.233,308.5,136.5
17,1718,57.267,362.5,136.5
17,1719,57.3,402.5,136.5
17,1720,57.333,440.5,140.5
17,1721,57.367,480.5,146.5
17,1722,57.4,524.5,152.5
17,1723,57.433,560.5,162.5
17,1724,57.467,600.5,170.5
17,1725,57.5,640.5,182.5
17,1726,57.533,686.5,198.5
17,1727,57.567,726.5,216.5
17,1728,57.6,770.5,234.5
17,1729,57.633,806.5,252.5
17,1730,57.667,856.5,280.5
17,1731,57.7,886.5,300.5
17,1732,57.733,932.5,328.5
17,1733,57.767,976.5,326.5
17,1734,57.8,1024.5,320.5
17,1735,57.833,1062.5,312.5
17,1736,57.867,1108.5,308.5
17,1737,57.9,1152.5,308.5
17,1738,57.933,1192.5,310.5
17,1739,57.967,1238.5,318.5
17,1740,58.0,1262.5,322.5
17,1742,58.067,1252.5,284.5
17,1744,58.133,1128.5,208.5
18,1749,58.3,862.5,124.5
18,1750,58.333,810.5,124.5
18,1751,58.367,766.5,124.5
18,1752,58.4,720.5,128.5
18,1753,58.433,676.5,134.5
18,1754,58.467,640.5,146.5
18,1755,58.5,598.5,160.5
18,1756,58.533,562.5,176.5
18,1757,58.567,532.5,194.5
18,1758,58.6,502.5,214.5
18,1759,58.633,470.5,236.5
18,1760,58.667,448.5,258.5
18,1761,58.7,426.5,282.5
18,1762,58.733,402.5,304.5
18,1763,58.767,374.5,274.5
18,1764,58.8,350.5,248.5
18,1765,58.833,328.5,230.5
18,1766,58.867,302.5,206.5
18,1767,58.9,276.5,194.5
18,1768,58.933,258.5,180.5
18,1769,58.967,236.5,170.5
18,1770,59.0,216.5,164.5
18,1771,59.033,198.5,160.5
18,1772,59.067,178.5,160.5
18,1773,59.1,162.5,162.5
18,1774,59.133,144.5,166.5
18,1776,59.2,148.5,174.5
18,1777,59.233,196.5,170.5
18,1778,59.267,224.5,174.5
19,1783,59.433,656.5,380.5
19,1785,59.5,830.5,376.5
19,1787,59.567,974.5,380.5
19,1788,59.6,1040.5,390.5
19,1789,59.633,1120.5,398.5
20,1804,60.133,1234.5,184.5
20,1805,60.167,1224.5,190.5
20,1806,60.2,1212.5,196.5
20,1807,60.233,1204.5,204.5
20,1808,60.267,1192.5,220.5
20,1809,60.3,1180.5,236.5
20,1810,60.333,1166.5,254.5
20,1811,60.367,1160.5,268.5
20,1812,60.4,1146.5,288.5
20,1813,60.433,1134.5,306.5
20,1816,60.533,1098.5,366.5
20,1817,60.567,1090.5,380.5
20,1818,60.6,1078.5,398.5
20,1819,60.633,1088.5,388.5
20,1820,60.667,1096.5,376.5
21,1915,63.833,770.5,642.5
21,1916,63.867,774.5,650.5
21,1917,63.9,778.5,658.5
21,1918,63.933,780.5,666.5
21,1919,63.967,780.5,674.5
22,2008,66.933,1066.5,178.5
22,2011,67.033,950.5,190.5
22,2012,67.067,926.5,198.5
22,2014,67.133,854.5,226.5
22,2015,67.167,826.5,242.5
22,2016,67.2,800.5,256.5
22,2017,67.233,760.5,282.5
22,2018,67.267,752.5,290.5
22,2019,67.3,724.5,278.5
22,2020,67.333,710.5,260.5
22,2021,67.367,696.5,240.5
22,2022,67.4,680.5,222.5
22,2023,67.433,666.5,210.5
22,2024,67.467,648.5,196.5
22,2025,67.5,634.5,190.5
22,2026,67.533,622.5,182.5
22,2027,67.567,606.5,180.5
22,2028,67.6,590.5,180.5
22,2029,67.633,576.5,182.5
22,2030,67.667,564.5,186.5
22,2031,67.7,552.5,194.5
22,2032,67.733,538.5,204.5
22,2033,67.767,528.5,214.5
22,2034,67.8,518.5,226.5
22,2035,67.833,502.5,240.5
22,2036,67.867,498.5,258.5
22,2037,67.9,486.5,264.5
22,2038,67.933,476.5,242.5
22,2039,67.967,468.5,230.5
22,2040,68.0,456.5,218.5
22,2041,68.033,448.5,206.5
22,2042,68.067,440.5,196.5
22,2043,68.1,432.5,190.5
22,2044,68.133,422.5,186.5
22,2045,68.167,414.5,186.5
22,2046,68.2,406.5,186.5
22,2047,68.233,398.5,192.5
22,2048,68.267,390.5,196.5
22,2049,68.3,386.5,204.5
22,2050,68.333,380.5,210.5
22,2054,68.467,360.5,198.5
22,2055,68.5,356.5,200.5
22,2059,68.633,342.5,208.5
22,2060,68.667,338.5,216.5
22,2062,68.733,332.5,226.5
23,2067,68.9,324.5,238.5
23,2068,68.933,324.5,238.5
23,2069,68.967,318.5,238.5
23,2070,69.0,316.5,240.5
23,2071,69.033,310.5,242.5
23,2072,69.067,310.5,244.5
23,2073,69.1,304.5,244.5
23,2074,69.133,302.5,248.5
23,2075,69.167,298.5,250.5
23,2076,69.2,292.5,252.5
23,2077,69.233,288.5,252.5
23,2078,69.267,284.5,254.5
23,2079,69.3,282.5,254.5
23,2080,69.333,282.5,256.5
23,2081,69.367,278.5,258.5
23,2082,69.4,280.5,258.5
23,2083,69.433,278.5,260.5
23,2084,69.467,278.5,262.5
23,2085,69.5,278.5,266.5
23,2086,69.533,278.5,266.5
23,2087,69.567,278.5,268.5
23,2088,69.6,278.5,266.5
23,2089,69.633,276.5,258.5
23,2090,69.667,270.5,246.5
23,2091,69.7,266.5,234.5
23,2092,69.733,262.5,224.5
23,2093,69.767,258.5,212.5
23,2094,69.8,254.5,208.5
23,2095,69.833,250.5,200.5
23,2096,69.867,250.5,198.5
23,2097,69.9,246.5,200.5
23,2098,69.933,246.5,206.5
23,2099,69.967,246.5,210.5
23,2100,70.0,244.5,216.5
23,2101,70.033,254.5,234.5
23,2102,70.067,278.5,246.5
23,2104,70.133,370.5,276.5
23,2105,70.167,400.5,270.5
23,2106,70.2,438.5,264.5
23,2107,70.233,478.5,260.5
23,2108,70.267,512.5,260.5
23,2109,70.3,550.5,262.5
23,2110,70.333,590.5,268.5
23,2111,70.367,630.5,274.5
23,2112,70.4,668.5,290.5
23,2113,70.433,712.5,304.5
23,2114,70.467,752.5,322.5
23,2115,70.5,792.5,342.5
23,2116,70.533,834.5,366.5
23,2117,70.567,872.5,394.5
23,2118,70.6,910.5,386.5
23,2120,70.667,990.5,370.5
23,2122,70.733,930.5,316.5
23,2123,70.767,886.5,286.5
23,2124,70.8,854.5,266.5
23,2125,70.833,806.5,242.5
23,2126,70.867,770.5,228.5
23,2127,70.9,738.5,216.5
23,2128,70.933,704.5,208.5
23,2129,70.967,676.5,202.5
23,2130,71.0,644.5,200.5
23,2131,71.033,616.5,202.5
23,2132,71.067,592.5,204.5
23,2133,71.1,566.5,210.5
23,2134,71.133,542.5,218.5
23,2135,71.167,522.5,226.5
23,2136,71.2,502.5,236.5
23,2137,71.233,480.5,248.5
23,2138,71.267,464.5,262.5
23,2139,71.3,444.5,278.5
23,2140,71.333,428.5,262.5
23,2141,71.367,412.5,244.5
23,2142,71.4,398.5,226.5
23,2143,71.433,384.5,214.5
23,2144,71.467,368.5,202.5
23,2145,71.5,358.5,194.5
23,2146,71.533,344.5,188.5
23,2147,71.567,364.5,184.5
23,2148,71.6,400.5,182.5
23,2149,71.633,442.5,180.5
23,2150,71.667,482.5,180.5
23,2151,71.7,524.5,186.5
23,2152,71.733,564.5,190.5
23,2153,71.767,602.5,198.5
23,2154,71.8,640.5,210.5
23,2155,71.833,682.5,222.5
23,2156,71.867,724.5,236.5
23,2157,71.9,758.5,250.5
23,2158,71.933,792.5,266.5
23,2159,71.967,848.5,294.5
23,2160,72.0,882.5,316.5
23,2161,72.033,914.5,336.5
23,2162,72.067,962.5,330.5
23,2163,72.1,992.5,322.5
23,2164,72.133,1030.5,312.5
23,2166,72.2,1108.5,300.5
23,2167,72.233,1142.5,302.5
23,2168,72.267,1176.5,304.5
23,2169,72.3,1218.5,312.5
23,2170,72.333,1174.5,290.5
23,2171,72.367,1106.5,266.5
24,2176,72.533,846.5,200.5
24,2177,72.567,794.5,198.5
24,2178,72.6,750.5,202.5
24,2179,72.633,708.5,208.5
24,2180,72.667,672.5,214.5
24,2181,72.7,630.5,226.5
24,2182,72.733,596.5,240.5
24,2183,72.767,564.5,254.5
24,2184,72.8,538.5,268.5
24,2185,72.833,506.5,284.5
24,2186,72.867,484.5,262.5
24,2187,72.9,462.5,238.5
24,2188,72.933,438.5,218.5
24,2189,72.967,420.5,204.5
24,2190,73.0,402.5,194.5
24,2191,73.033,382.5,182.5
24,2192,73.067,364.5,178.5
24,2193,73.1,346.5,172.5
24,2194,73.133,348.5,170.5
24,2195,73.167,368.5,162.5
24,2196,73.2,386.5,158.5
24,2197,73.233,408.5,156.5
24,2198,73.267,430.5,160.5
24,2199,73.3,452.5,164.5
24,2200,73.333,472.5,170.5
24,2201,73.367,496.5,182.5
24,2202,73.4,518.5,198.5
24,2203,73.433,546.5,220.5
24,2204,73.467,564.5,238.5
24,2205,73.5,594.5,266.5
24,2206,73.533,608.5,290.5
24,2207,73.567,636.5,330.5
24,2208,73.6,658.5,368.5
25,2223,74.1,268.5,190.5
25,2224,74.133,266.5,184.5
25,2225,74.167,264.5,178.5
25,2226,74.2,264.5,170.5
25,2227,74.233,262.5,162.5
25,2228,74.267,258.5,154.5
25,2229,74.3,256.5,144.5
25,2230,74.333,254.5,130.5
25,2231,74.367,196.5,180.5
25,2233,74.433,196.5,176.5
25,2236,74.533,210.5,162.5
25,2237,74.567,206.5,170.5
26,2251,75.033,290.5,100.5
26,2252,75.067,296.5,114.5
26,2253,75.1,302.5,130.5
26,2254,75.133,308.5,140.5
26,2255,75.167,314.5,152.5
26,2256,75.2,312.5,162.5
26,2257,75.233,312.5,170.5
26,2258,75.267,274.5,172.5
27,2365,78.833,936.5,492.5
27,2366,78.867,938.5,494.5
27,2367,78.9,936.5,492.5
27,2368,78.933,940.5,494.5
27,2369,78.967,942.5,498.5
27,2370,79.0,946.5,502.5
27,2371,79.033,946.5,502.5
27,2372,79.067,946.5,504.5
27,2373,79.1,946.5,506.5
27,2374,79.133,944.5,506.5
27,2376,79.2,942.5,502.5
28,2417,80.567,296.5,224.5
28,2418,80.6,294.5,230.5
28,2420,80.667,296.5,232.5
28,2421,80.7,292.5,230.5
28,2424,80.8,288.5,222.5
28,2425,80.833,288.5,220.5
29,2430,81.0,926.5,316.5
29,2431,81.033,926.5,340.5
29,2432,81.067,920.5,354.5
29,2433,81.1,918.5,388.5
29,2434,81.133,912.5,426.5
29,2435,81.167,914.5,424.5
29,2439,81.3,776.5,302.5
29,2441,81.367,646.5,324.5
29,2442,81.4,622.5,302.5
29,2443,81.433,598.5,284.5
29,2444,81.467,574.5,270.5
29,2445,81.5,554.5,262.5
29,2446,81.533,532.5,254.5
29,2447,81.567,514.5,252.5
29,2448,81.6,498.5,252.5
29,2449,81.633,480.5,258.5
29,2450,81.667,466.5,260.5
29,2451,81.7,450.5,272.5
29,2452,81.733,438.5,274.5
29,2453,81.767,426.5,256.5
29,2454,81.8,414.5,242.5
29,2455,81.833,402.5,228.5
29,2456,81.867,394.5,218.5
29,2457,81.9,384.5,210.5
29,2458,81.933,378.5,208.5
29,2459,81.967,396.5,196.5
29,2460,82.0,418.5,186.5
29,2461,82.033,440.5,180.5
29,2462,82.067,460.5,176.5
29,2463,82.1,484.5,174.5
29,2464,82.133,504.5,174.5
29,2465,82.167,528.5,178.5
29,2466,82.2,550.5,186.5
29,2467,82.233,572.5,194.5
29,2468,82.267,596.5,206.5
29,2469,82.3,618.5,220.5
29,2470,82.333,640.5,238.5
29,2471,82.367,656.5,252.5
29,2472,82.4,678.5,272.5
30,2477,82.567,776.5,290.5
30,2478,82.6,790.5,282.5
30,2479,82.633,806.5,274.5
30,2480,82.667,824.5,270.5
30,2481,82.7,840.5,272.5
30,2482,82.733,856.5,274.5
30,2483,82.767,870.5,282.5
30,2484,82.8,886.5,288.5
30,2485,82.833,898.5,298.5
30,2486,82.867,918.5,314.5
30,2487,82.9,928.5,328.5
30,2488,82.933,892.5,308.5
30,2489,82.967,858.5,284.5
30,2491,83.033,786.5,246.5
30,2492,83.067,758.5,234.5
30,2493,83.1,726.5,226.5
30,2494,83.133,694.5,220.5
30,2495,83.167,670.5,216.5
30,2496,83.2,640.5,218.5
30,2497,83.233,614.5,220.5
30,2498,83.267,594.5,224.5
30,2499,83.3,570.5,232.5
30,2500,83.333,552.5,240.5
30,2501,83.367,532.5,250.5
30,2502,83.4,516.5,260.5
30,2503,83.433,498.5,266.5
30,2504,83.467,484.5,244.5
30,2505,83.5,470.5,228.5
30,2506,83.533,456.5,214.5
30,2507,83.567,446.5,202.5
30,2508,83.6,432.5,194.5
30,2509,83.633,422.5,188.5
30,2510,83.667,416.5,182.5
30,2511,83.7,436.5,182.5
30,2512,83.733,460.5,182.5
30,2513,83.767,482.5,186.5
30,2514,83.8,502.5,190.5
30,2515,83.833,530.5,200.5
30,2516,83.867,552.5,212.5
30,2517,83.9,578.5,226.5
30,2518,83.933,602.5,242.5
30,2519,83.967,624.5,260.5
30,2520,84.0,654.5,288.5
30,2521,84.033,674.5,304.5
30,2522,84.067,698.5,338.5
30,2523,84.1,728.5,374.5
30,2524,84.133,752.5,372.5
30,2525,84.167,774.5,362.5
30,2526,84.2,798.5,356.5
30,2527,84.233,822.5,354.5
30,2528,84.267,846.5,356.5
30,2529,84.3,872.5,356.5
30,2530,84.333,894.5,364.5
30,2531,84.367,916.5,376.5
30,2532,84.4,946.5,396.5
30,2534,84.467,866.5,314.5
30,2535,84.5,836.5,290.5
30,2536,84.533,778.5,244.5
30,2537,84.567,748.5,228.5
30,2538,84.6,712.5,210.5
30,2539,84.633,682.5,196.5
30,2540,84.667,650.5,184.5
30,2541,84.7,622.5,178.5
30,2542,84.733,598.5,174.5
30,2543,84.767,574.5,174.5
30,2544,84.8,552.5,176.5
30,2545,84.833,532.5,182.5
30,2546,84.867,516.5,186.5
30,2547,84.9,498.5,198.5
30,2548,84.933,484.5,208.5
30,2549,84.967,470.5,218.5
30,2550,85.0,458.5,230.5
30,2551,85.033,446.5,244.5
30,2552,85.067,436.5,262.5
30,2553,85.1,424.5,248.5
30,2554,85.133,414.5,226.5
30,2555,85.167,404.5,206.5
30,2556,85.2,394.5,190.5
30,2557,85.233,386.5,178.5
30,2558,85.267,378.5,166.5
30,2559,85.3,370.5,158.5
30,2560,85.333,364.5,150.5
30,2561,85.367,356.5,146.5
30,2563,85.433,392.5,150.5
30,2564,85.467,416.5,158.5
30,2565,85.5,446.5,166.5
30,2566,85.533,476.5,178.5
30,2567,85.567,502.5,190.5
30,2568,85.6,534.5,208.5
30,2569,85.633,566.5,228.5
30,2570,85.667,598.5,250.5
30,2571,85.7,628.5,274.5
30,2572,85.733,654.5,296.5
30,2573,85.767,686.5,306.5
30,2574,85.8,708.5,296.5
30,2575,85.833,742.5,284.5
30,2576,85.867,764.5,278.5
30,2577,85.9,792.5,274.5
30,2578,85.933,822.5,272.5
30,2579,85.967,850.5,276.5
30,2580,86.0,878.5,282.5
30,2581,86.033,906.5,290.5
30,2582,86.067,930.5,302.5
30,2583,86.1,962.5,318.5
30,2584,86.133,982.5,332.5
30,2585,86.167,1010.5,352.5
30,2586,86.2,998.5,350.5
30,2587,86.233,976.5,334.5
30,2588,86.267,914.5,298.5
30,2589,86.3,866.5,274.5
30,2590,86.333,822.5,254.5
30,2591,86.367,782.5,244.5
30,2592,86.4,750.5,236.5
30,2593,86.433,712.5,228.5
30,2594,86.467,678.5,226.5
30,2595,86.5,642.5,226.5
30,2596,86.533,610.5,228.5
30,2597,86.567,580.5,234.5
30,2598,86.6,554.5,240.5
30,2599,86.633,526.5,250.5
30,2600,86.667,500.5,260.5
30,2601,86.7,478.5,272.5
30,2602,86.733,454.5,284.5
30,2603,86.767,434.5,264.5
30,2604,86.8,414.5,248.5
30,2605,86.833,390.5,232.5
30,2606,86.867,374.5,222.5
30,2607,86.9,356.5,214.5
30,2608,86.933,338.5,208.5
30,2609,86.967,324.5,206.5
30,2613,87.1,336.5,178.5
30,2614,87.133,354.5,170.5
30,2615,87.167,378.5,164.5
30,2616,87.2,396.5,162.5
30,2617,87.233,420.5,162.5
30,2618,87.267,440.5,164.5
30,2619,87.3,466.5,170.5
30,2620,87.333,486.5,180.5
30,2621,87.367,510.5,192.5
30,2622,87.4,532.5,208.5
30,2623,87.433,562.5,228.5
30,2624,87.467,582.5,246.5
30,2625,87.5,610.5,274.5
30,2626,87.533,628.5,294.5
30,2627,87.567,656.5,328.5
30,2628,87.6,674.5,354.5
30,2629,87.633,700.5,388.5
30,2630,87.667,724.5,366.5
30,2631,87.7,740.5,348.5
30,2632,87.733,758.5,334.5
30,2633,87.767,778.5,322.5
30,2634,87.8,800.5,310.5
30,2635,87.833,822.5,306.5
30,2636,87.867,842.5,306.5
30,2637,87.9,864.5,306.5
30,2638,87.933,882.5,312.5
30,2639,87.967,902.5,316.5
30,2640,88.0,860.5,286.5
30,2642,88.067,774.5,234.5
30,2643,88.1,734.5,216.5
30,2644,88.133,698.5,202.5
30,2645,88.167,670.5,196.5
30,2646,88.2,640.5,192.5
30,2647,88.233,614.5,190.5
30,2648,88.267,590.5,192.5
30,2649,88.3,570.5,196.5
30,2650,88.333,552.5,204.5
30,2651,88.367,536.5,212.5
30,2652,88.4,522.5,224.5
30,2653,88.433,510.5,234.5
30,2654,88.467,498.5,246.5
30,2655,88.5,486.5,230.5
30,2656,88.533,480.5,210.5
30,2657,88.567,470.5,188.5
30,2658,88.6,462.5,174.5
30,2659,88.633,454.5,158.5
30,2660,88.667,448.5,146.5
30,2661,88.7,444.5,138.5
30,2662,88.733,442.5,132.5
30,2663,88.767,456.5,128.5
30,2664,88.8,478.5,122.5
30,2665,88.833,498.5,120.5
30,2666,88.867,522.5,122.5
30,2667,88.9,544.5,124.5
30,2668,88.933,564.5,130.5
30,2669,88.967,588.5,140.5
30,2670,89.0,614.5,154.5
30,2671,89.033,636.5,168.5
30,2672,89.067,660.5,188.5
30,2673,89.1,678.5,206.5
30,2674,89.133,708.5,234.5
30,2675,89.167,728.5,258.5
30,2676,89.2,752.5,286.5
30,2677,89.233,778.5,330.5
30,2678,89.267,802.5,366.5
30,2679,89.3,822.5,410.5
30,2680,89.333,852.5,402.5
30,2681,89.367,876.5,390.5
30,2682,89.4,902.5,378.5
30,2683,89.433,924.5,374.5
30,2684,89.467,870.5,334.5
30,2685,89.5,828.5,306.5
30,2686,89.533,756.5,264.5
30,2687,89.567,720.5,246.5
30,2688,89.6,676.5,226.5
30,2689,89.633,634.5,208.5
30,2690,89.667,594.5,196.5
30,2691,89.7,562.5,188.5
30,2692,89.733,528.5,182.5
30,2693,89.767,498.5,180.5
30,2694,89.8,472.5,180.5
30,2695,89.833,448.5,182.5
30,2696,89.867,426.5,188.5
30,2697,89.9,404.5,196.5
30,2698,89.933,386.5,202.5
30,2699,89.967,368.5,214.5
30,2700,90.0,350.5,226.5
30,2701,90.033,338.5,238.5
30,2702,90.067,326.5,250.5
31,2709,90.3,244.5,160.5
31,2711,90.367,252.5,318.5
31,2712,90.4,248.5,306.5
31,2713,90.433,242.5,298.5
31,2714,90.467,236.5,290.5
31,2715,90.5,232.5,282.5
31,2716,90.533,226.5,276.5
31,2717,90.567,222.5,276.5
31,2718,90.6,218.5,274.5
31,2719,90.633,218.5,278.5
31,2720,90.667,214.5,280.5
31,2721,90.7,212.5,286.5
31,2722,90.733,210.5,292.5
31,2723,90.767,210.5,302.5
31,2724,90.8,210.5,312.5
31,2725,90.833,210.5,322.5
31,2726,90.867,210.5,320.5
31,2727,90.9,210.5,316.5
31,2728,90.933,210.5,314.5
31,2729,90.967,212.5,316.5
31,2730,91.0,214.5,318.5
31,2731,91.033,216.5,320.5
31,2732,91.067,218.5,320.5
31,2733,91.1,218.5,320.5
31,2734,91.133,218.5,320.5
31,2736,91.2,218.5,320.5
31,2740,91.333,354.5,174.5
31,2741,91.367,354.5,176.5
31,2742,91.4,344.5,178.5
31,2745,91.5,222.5,320.5
31,2748,91.6,224.5,322.5
31,2750,91.667,224.5,320.5
31,2751,91.7,224.5,322.5
31,2752,91.733,222.5,322.5
31,2753,91.767,222.5,322.5
31,2754,91.8,224.5,322.5
31,2755,91.833,224.5,322.5
32,2776,92.533,242.5,260.5
32,2777,92.567,290.5,260.5
32,2778,92.6,294.5,252.5
32,2779,92.633,306.5,246.5
32,2780,92.667,314.5,242.5
32,2781,92.7,322.5,240.5
32,2782,92.733,330.5,230.5
32,2783,92.767,334.5,228.5
33,2822,94.067,424.5,214.5
33,2823,94.1,422.5,206.5
33,2824,94.133,416.5,200.5
33,2825,94.167,412.5,192.5
33,2826,94.2,406.5,178.5
33,2827,94.233,402.5,164.5
33,2828,94.267,398.5,148.5
34,2834,94.467,422.5,156.5
34,2835,94.5,438.5,178.5
34,2836,94.533,448.5,194.5
34,2837,94.567,464.5,222.5
34,2838,94.6,478.5,246.5
34,2839,94.633,490.5,244.5
34,2840,94.667,498.5,234.5
34,2841,94.7,510.5,224.5
34,2842,94.733,518.5,216.5
34,2843,94.767,530.5,212.5
34,2844,94.8,542.5,210.5
34,2845,94.833,552.5,210.5
34,2846,94.867,566.5,214.5
34,2847,94.9,576.5,218.5
34,2848,94.933,590.5,226.5
34,2849,94.967,600.5,238.5
34,2850,95.0,614.5,252.5
34,2851,95.033,626.5,268.5
34,2852,95.067,638.5,282.5
34,2853,95.1,648.5,310.5
34,2854,95.133,660.5,334.5
34,2855,95.167,674.5,336.5
34,2856,95.2,682.5,322.5
34,2857,95.233,694.5,314.5
34,2858,95.267,704.5,306.5
34,2859,95.3,718.5,302.5
34,2860,95.333,728.5,300.5
34,2861,95.367,738.5,304.5
34,2862,95.4,750.5,306.5
34,2863,95.433,762.5,314.5
34,2864,95.467,770.5,326.5
34,2865,95.5,784.5,340.5
34,2866,95.533,792.5,356.5
34,2867,95.567,802.5,374.5
34,2868,95.6,810.5,398.5
34,2869,95.633,820.5,422.5
34,2872,95.733,866.5,392.5
34,2873,95.767,880.5,388.5
34,2874,95.8,894.5,386.5
34,2876,95.867,920.5,402.5
34,2877,95.9,932.5,408.5
34,2878,95.933,946.5,420.5
34,2882,96.067,998.5,440.5
35,2901,96.7,1076.5,462.5
35,2902,96.733,1076.5,462.5
35,2903,96.767,1078.5,460.5
35,2904,96.8,1078.5,460.5
35,2906,96.867,1074.5,462.5
35,2907,96.9,1070.5,462.5
35,2908,96.933,1070.5,458.5
35,2909,96.967,1066.5,454.5
35,2911,97.033,1056.5,450.5
35,2912,97.067,1052.5,450.5
35,2913,97.1,1046.5,448.5
35,2914,97.133,1040.5,448.5
35,2915,97.167,1036.5,444.5
35,2916,97.2,1028.5,442.5
35,2917,97.233,1024.5,442.5
35,2918,97.267,1018.5,440.5
35,2919,97.3,1012.5,442.5
35,2920,97.333,1008.5,446.5
35,2921,97.367,1004.5,446.5
35,2922,97.4,998.5,448.5
35,2923,97.433,992.5,450.5
35,2924,97.467,988.5,452.5
35,2925,97.5,984.5,454.5
35,2926,97.533,978.5,456.5
35,2927,97.567,976.5,460.5
35,2928,97.6,974.5,462.5
35,2929,97.633,972.5,462.5
35,2930,97.667,968.5,464.5
35,2931,97.7,968.5,464.5
35,2932,97.733,966.5,462.5
35,2934,97.8,964.5,462.5
35,2935,97.833,962.5,460.5
35,2936,97.867,960.5,456.5
35,2937,97.9,960.5,454.5
35,2938,97.933,958.5,448.5
35,2942,98.067,954.5,406.5
35,2944,98.133,952.5,386.5
36,3285,109.5,1018.5,266.5
36,3286,109.533,1014.5,280.5
36,3287,109.567,1012.5,300.5
36,3288,109.6,1008.5,324.5
36,3289,109.633,1004.5,344.5
37,3324,110.8,226.5,180.5
37,3328,110.933,286.5,200.5
37,3332,111.067,244.5,152.5
37,3333,111.1,244.5,138.5
37,3334,111.133,238.5,126.5
37,3335,111.167,236.5,116.5
37,3336,111.2,232.5,106.5
38,3396,113.2,368.5,196.5
38,3399,113.3,358.5,162.5
38,3401,113.367,344.5,124.5
38,3402,113.4,342.5,108.5
38,3403,113.433,334.5,94.5
38,3404,113.467,332.5,82.5
38,3405,113.5,330.5,74.5
38,3408,113.6,458.5,282.5
39,3442,114.733,296.5,186.5
39,3443,114.767,296.5,186.5
39,3447,114.9,294.5,186.5
39,3448,114.933,292.5,186.5
39,3450,115.0,288.5,188.5
40,3559,118.633,1038.5,486.5
40,3560,118.667,1038.5,486.5
40,3561,118.7,1034.5,490.5
40,3562,118.733,1032.5,494.5
40,3563,118.767,1032.5,496.5
40,3564,118.8,1030.5,498.5
40,3565,118.833,1030.5,502.5
40,3566,118.867,1026.5,502.5
40,3567,118.9,1028.5,504.5
40,3568,118.933,1026.5,510.5
40,3569,118.967,1026.5,510.5
40,3570,119.0,1026.5,512.5
40,3571,119.033,1024.5,514.5
40,3572,119.067,1024.5,516.5
40,3573,119.1,1022.5,518.5
40,3574,119.133,1022.5,518.5
40,3575,119.167,1020.5,518.5
40,3576,119.2,1020.5,518.5
40,3577,119.233,1018.5,518.5
40,3578,119.267,1018.5,518.5
40,3579,119.3,1014.5,518.5
40,3580,119.333,1014.5,518.5
40,3581,119.367,1010.5,518.5
40,3582,119.4,1008.5,518.5
40,3583,119.433,1006.5,518.5
40,3584,119.467,1006.5,518.5
40,3585,119.5,1004.5,516.5
40,3588,119.6,994.5,518.5
41,3604,120.133,888.5,272.5
41,3605,120.167,892.5,262.5
41,3606,120.2,894.5,254.5
41,3607,120.233,894.5,252.5
41,3608,120.267,894.5,254.5
41,3609,120.3,894.5,264.5
41,3610,120.333,892.5,274.5
41,3611,120.367,892.5,284.5
41,3612,120.4,890.5,300.5
41,3613,120.433,888.5,316.5
41,3614,120.467,886.5,342.5
41,3615,120.5,884.5,362.5
41,3618,120.6,848.5,440.5
41,3619,120.633,802.5,430.5
41,3620,120.667,756.5,408.5
41,3621,120.7,716.5,356.5
41,3622,120.733,690.5,324.5
41,3623,120.767,658.5,292.5
41,3624,120.8,632.5,272.5
41,3625,120.833,610.5,254.5
41,3626,120.867,582.5,240.5
41,3627,120.9,564.5,234.5
41,3628,120.933,544.5,228.5
41,3629,120.967,526.5,226.5
41,3630,121.0,510.5,226.5
41,3631,121.033,494.5,228.5
41,3632,121.067,480.5,234.5
41,3633,121.1,466.5,226.5
41,3634,121.133,454.5,210.5
41,3635,121.167,444.5,194.5
41,3636,121.2,432.5,182.5
41,3637,121.233,422.5,172.5
41,3638,121.267,412.5,170.5
41,3639,121.3,436.5,162.5
41,3640,121.333,466.5,158.5
41,3641,121.367,494.5,156.5
41,3642,121.4,522.5,158.5
41,3643,121.433,548.5,162.5
41,3644,121.467,578.5,168.5
41,3645,121.5,604.5,178.5
41,3646,121.533,632.5,190.5
41,3647,121.567,656.5,202.5
41,3648,121.6,688.5,222.5
41,3649,121.633,710.5,238.5
41,3650,121.667,740.5,264.5
41,3651,121.7,762.5,284.5
41,3652,121.733,792.5,308.5
41,3653,121.767,816.5,298.5
41,3654,121.8,840.5,290.5
41,3655,121.833,868.5,282.5
41,3656,121.867,892.5,278.5
41,3657,121.9,918.5,278.5
41,3658,121.933,942.5,278.5
41,3659,121.967,966.5,284.5
41,3660,122.0,994.5,294.5
41,3661,122.033,1016.5,302.5
41,3662,122.067,1042.5,320.5
41,3663,122.1,1064.5,332.5
41,3664,122.133,1092.5,356.5
41,3667,122.233,996.5,280.5
41,3668,122.267,944.5,250.5
41,3670,122.333,850.5,200.5
41,3671,122.367,810.5,186.5
41,3672,122.4,774.5,176.5
41,3673,122.433,740.5,170.5
41,3674,122.467,702.5,166.5
41,3675,122.5,708.5,166.5
41,3676,122.533,676.5,166.5
41,3677,122.567,646.5,170.5
41,3678,122.6,620.5,174.5
41,3679,122.633,598.5,180.5
41,3680,122.667,574.5,190.5
41,3681,122.7,554.5,202.5
41,3682,122.733,536.5,214.5
41,3683,122.767,518.5,228.5
41,3684,122.8,502.5,244.5
41,3685,122.833,484.5,232.5
41,3686,122.867,472.5,216.5
41,3687,122.9,454.5,196.5
41,3688,122.933,440.5,180.5
41,3689,122.967,428.5,168.5
41,3690,123.0,414.5,160.5
41,3691,123.033,402.5,150.5
41,3692,123.067,390.5,146.5
41,3693,123.1,398.5,146.5
41,3694,123.133,412.5,148.5
41,3695,123.167,434.5,154.5
41,3696,123.2,452.5,162.5
41,3697,123.233,474.5,170.5
41,3698,123.267,496.5,182.5
41,3699,123.3,518.5,200.5
41,3700,123.333,546.5,222.5
41,3701,123.367,564.5,240.5
41,3702,123.4,586.5,262.5
41,3703,123.433,610.5,294.5
41,3704,123.467,632.5,316.5
41,3705,123.5,658.5,350.5
41,3706,123.533,680.5,370.5
41,3707,123.567,704.5,358.5
41,3708,123.6,726.5,356.5
41,3709,123.633,748.5,354.5
41,3710,123.667,774.5,356.5
41,3711,123.7,798.5,360.5
41,3712,123.733,824.5,370.5
41,3715,123.833,756.5,328.5
41,3716,123.867,718.5,312.5
41,3717,123.9,686.5,302.5
41,3718,123.933,654.5,296.5
41,3719,123.967,620.5,292.5
41,3720,124.0,594.5,292.5
41,3721,124.033,570.5,296.5
41,3722,124.067,548.5,300.5
41,3723,124.1,532.5,298.5
41,3724,124.133,524.5,290.5
41,3725,124.167,520.5,286.5
41,3726,124.2,512.5,286.5
41,3727,124.233,508.5,286.5
41,3728,124.267,500.5,288.5
41,3729,124.3,496.5,294.5
41,3730,124.333,490.5,304.5
41,3731,124.367,484.5,306.5
41,3732,124.4,478.5,294.5
41,3733,124.433,474.5,282.5
41,3734,124.467,468.5,274.5
41,3735,124.5,462.5,268.5
41,3736,124.533,458.5,264.5
41,3737,124.567,450.5,264.5
41,3738,124.6,448.5,266.5
41,3739,124.633,444.5,270.5
41,3740,124.667,440.5,274.5
41,3741,124.7,438.5,282.5
41,3742,124.733,432.5,278.5
41,3743,124.767,426.5,262.5
41,3744,124.8,422.5,254.5
41,3745,124.833,416.5,250.5
41,3746,124.867,414.5,248.5
41,3747,124.9,410.5,246.5
41,3748,124.933,406.5,248.5
41,3749,124.967,404.5,256.5
41,3750,125.0,402.5,262.5
41,3751,125.033,396.5,258.5
41,3752,125.067,392.5,248.5
41,3753,125.1,388.5,242.5
41,3754,125.133,384.5,238.5
41,3755,125.167,380.5,234.5
41,3756,125.2,378.5,234.5
41,3757,125.233,374.5,238.5
41,3758,125.267,374.5,242.5
41,3759,125.3,370.5,244.5
41,3760,125.333,366.5,236.5
41,3761,125.367,362.5,228.5
41,3762,125.4,360.5,226.5
41,3763,125.433,358.5,222.5
41,3764,125.467,354.5,222.5
41,3765,125.5,350.5,224.5
41,3766,125.533,348.5,218.5
41,3767,125.567,344.5,214.5
41,3768,125.6,342.5,206.5
41,3769,125.633,340.5,204.5
41,3771,125.7,336.5,202.5
41,3772,125.733,338.5,206.5
41,3774,125.8,336.5,204.5
41,3775,125.833,338.5,206.5
41,3776,125.867,334.5,206.5
41,3778,125.933,338.5,212.5
41,3779,125.967,338.5,210.5
41,3780,126.0,338.5,212.5
41,3781,126.033,338.5,210.5
41,3782,126.067,340.5,210.5
41,3783,126.1,340.5,210.5
41,3784,126.133,342.5,210.5
41,3785,126.167,340.5,206.5
41,3786,126.2,342.5,210.5
41,3787,126.233,308.5,216.5
41,3788,126.267,344.5,206.5
41,3789,126.3,344.5,210.5
41,3790,126.333,344.5,208.5
41,3792,126.4,312.5,194.5
41,3793,126.433,348.5,208.5
41,3794,126.467,350.5,208.5
41,3795,126.5,350.5,206.5
41,3796,126.533,350.5,206.5
41,3797,126.567,352.5,208.5
41,3798,126.6,354.5,206.5
41,3799,126.633,356.5,206.5
41,3800,126.667,358.5,204.5
41,3803,126.767,362.5,206.5
41,3804,126.8,364.5,206.5
41,3805,126.833,366.5,206.5
41,3808,126.933,366.5,204.5
41,3810,127.0,372.5,202.5
41,3813,127.1,372.5,204.5
41,3814,127.133,368.5,202.5
41,3817,127.233,366.5,202.5
42,3832,127.733,356.5,200.5
42,3833,127.767,356.5,200.5
42,3834,127.8,354.5,202.5
42,3835,127.833,352.5,200.5
42,3837,127.9,350.5,202.5
42,3841,128.033,340.5,204.5
42,3842,128.067,334.5,206.5
42,3843,128.1,334.5,206.5
42,3844,128.133,330.5,206.5
42,3846,128.2,322.5,204.5
42,3847,128.233,322.5,204.5
42,3849,128.3,274.5,200.5
43,3865,128.833,330.5,202.5
43,3867,128.9,334.5,204.5
43,3868,128.933,336.5,204.5
43,3869,128.967,342.5,202.5
43,3870,129.0,346.5,198.5
43,3871,129.033,350.5,196.5
43,3872,129.067,358.5,194.5
43,3873,129.1,362.5,190.5
43,3874,129.133,368.5,188.5
43,3875,129.167,374.5,182.5
43,3879,129.3,394.5,180.5
43,3880,129.333,396.5,180.5
43,3882,129.4,400.5,184.5
43,3883,129.433,400.5,186.5
43,3884,129.467,400.5,186.5
43,3885,129.5,400.5,190.5
43,3886,129.533,402.5,190.5
43,3887,129.567,402.5,192.5
43,3888,129.6,402.5,192.5
43,3889,129.633,400.5,194.5
43,3890,129.667,402.5,194.5
43,3891,129.7,400.5,196.5
43,3892,129.733,400.5,194.5
43,3893,129.767,400.5,194.5
43,3894,129.8,400.5,196.5
43,3895,129.833,400.5,196.5
43,3896,129.867,400.5,194.5
43,3897,129.9,400.5,194.5
43,3898,129.933,398.5,194.5
43,3899,129.967,400.5,192.5
43,3900,130.0,400.5,190.5
43,3901,130.033,400.5,188.5
43,3902,130.067,402.5,182.5
43,3903,130.1,404.5,182.5
43,3904,130.133,406.5,182.5
43,3907,130.233,404.5,184.5
43,3909,130.3,400.5,192.5
43,3910,130.333,398.5,192.5
43,3912,130.4,390.5,200.5
43,3913,130.433,388.5,202.5
43,3914,130.467,384.5,206.5
43,3915,130.5,382.5,206.5
43,3916,130.533,384.5,200.5
43,3917,130.567,386.5,198.5
43,3918,130.6,392.5,194.5
44,3937,131.233,346.5,216.5
44,3938,131.267,338.5,220.5
44,3939,131.3,334.5,224.5
44,3940,131.333,326.5,226.5
44,3941,131.367,318.5,228.5
44,3942,131.4,310.5,234.5
44,3943,131.433,304.5,236.5
44,3944,131.467,296.5,236.5
44,3945,131.5,292.5,238.5
44,3946,131.533,286.5,240.5
44,3947,131.567,282.5,244.5
44,3948,131.6,278.5,244.5
44,3949,131.633,276.5,246.5
44,3950,131.667,274.5,250.5
44,3951,131.7,272.5,252.5
44,3952,131.733,272.5,254.5
44,3953,131.767,272.5,254.5
44,3954,131.8,270.5,258.5
44,3955,131.833,272.5,260.5
44,3956,131.867,270.5,266.5
44,3957,131.9,276.5,270.5
44,3958,131.933,276.5,270.5
44,3959,131.967,274.5,272.5
44,3960,132.0,270.5,266.5
44,3961,132.033,268.5,256.5
44,3962,132.067,264.5,244.5
44,3963,132.1,260.5,226.5
44,3964,132.133,256.5,210.5
44,3965,132.167,252.5,198.5
44,3966,132.2,250.5,190.5
44,3967,132.233,248.5,182.5
44,3968,132.267,246.5,176.5
44,3969,132.3,244.5,176.5
44,3970,132.333,242.5,176.5
44,3971,132.367,240.5,180.5
44,3972,132.4,242.5,184.5
44,3973,132.433,242.5,192.5
44,3974,132.467,242.5,200.5
44,3975,132.5,246.5,216.5
44,3977,132.567,288.5,248.5
44,3978,132.6,336.5,276.5
44,3979,132.633,364.5,274.5
44,3980,132.667,398.5,260.5
44,3981,132.7,420.5,252.5
44,3982,132.733,448.5,250.5
44,3983,132.767,480.5,246.5
44,3984,132.8,510.5,250.5
44,3985,132.833,540.5,252.5
44,3986,132.867,572.5,258.5
45,3991,133.033,718.5,336.5
45,3992,133.067,752.5,346.5
45,3993,133.1,774.5,336.5
45,3994,133.133,802.5,326.5
45,3995,133.167,832.5,322.5
45,3996,133.2,862.5,318.5
45,3997,133.233,886.5,318.5
45,3998,133.267,914.5,324.5
45,4000,133.333,870.5,284.5
45,4001,133.367,854.5,272.5
45,4002,133.4,790.5,238.5
45,4003,133.433,754.5,222.5
45,4004,133.467,714.5,208.5
45,4005,133.5,682.5,198.5
45,4006,133.533,646.5,190.5
45,4007,133.567,618.5,188.5
45,4008,133.6,590.5,188.5
45,4009,133.633,566.5,190.5
45,4010,133.667,540.5,194.5
45,4011,133.7,516.5,200.5
45,4012,133.733,494.5,210.5
45,4013,133.767,476.5,218.5
45,4014,133.8,454.5,230.5
45,4015,133.833,438.5,244.5
45,4016,133.867,422.5,248.5
45,4017,133.9,408.5,228.5
45,4018,133.933,396.5,210.5
45,4019,133.967,384.5,198.5
45,4020,134.0,372.5,184.5
45,4021,134.033,360.5,174.5
45,4022,134.067,350.5,164.5
45,4024,134.133,388.5,162.5
45,4025,134.167,414.5,164.5
45,4026,134.2,448.5,168.5
45,4027,134.233,480.5,176.5
45,4028,134.267,518.5,186.5
45,4029,134.3,558.5,202.5
45,4030,134.333,594.5,218.5
45,4031,134.367,626.5,234.5
45,4035,134.5,764.5,338.5
45,4036,134.533,800.5,330.5
45,4037,134.567,832.5,324.5
45,4038,134.6,870.5,318.5
45,4039,134.633,902.5,316.5
45,4040,134.667,934.5,318.5
45,4041,134.7,972.5,322.5
45,4042,134.733,1012.5,330.5
45,4043,134.767,1044.5,340.5
45,4044,134.8,1080.5,354.5
45,4045,134.833,1114.5,370.5
45,4046,134.867,1086.5,354.5
45,4047,134.9,1028.5,320.5
45,4048,134.933,998.5,300.5
45,4049,134.967,934.5,270.5
45,4050,135.0,872.5,248.5
45,4051,135.033,836.5,234.5
45,4052,135.067,790.5,224.5
45,4053,135.1,754.5,218.5
45,4054,135.133,716.5,214.5
45,4055,135.167,680.5,218.5
45,4056,135.2,648.5,222.5
45,4057,135.233,624.5,226.5
45,4058,135.267,598.5,234.5
45,4059,135.3,574.5,244.5
45,4060,135.333,550.5,258.5
45,4061,135.367,534.5,264.5
45,4062,135.4,514.5,246.5
45,4063,135.433,498.5,226.5
45,4064,135.467,484.5,208.5
45,4065,135.5,466.5,194.5
45,4066,135.533,450.5,184.5
45,4067,135.567,438.5,174.5
45,4068,135.6,424.5,170.5
45,4069,135.633,410.5,168.5
45,4070,135.667,422.5,162.5
45,4071,135.7,452.5,154.5
45,4072,135.733,480.5,150.5
45,4073,135.767,510.5,150.5
45,4074,135.8,540.5,150.5
45,4075,135.833,568.5,154.5
45,4076,135.867,598.5,158.5
45,4077,135.9,628.5,166.5
45,4078,135.933,656.5,178.5
45,4079,135.967,688.5,190.5
45,4080,136.0,720.5,206.5
45,4081,136.033,750.5,224.5
45,4082,136.067,776.5,242.5
45,4083,136.1,806.5,262.5
45,4084,136.133,842.5,292.5
45,4085,136.167,866.5,314.5
45,4086,136.2,896.5,346.5
45,4087,136.233,928.5,350.5
45,4088,136.267,968.5,334.5
45,4089,136.3,990.5,328.5
45,4090,136.333,1022.5,318.5
45,4091,136.367,1052.5,312.5
45,4092,136.4,1082.5,310.5
45,4093,136.433,1110.5,310.5
45,4094,136.467,1142.5,314.5
45,4095,136.5,1170.5,322.5
45,4097,136.567,1170.5,316.5
45,4101,136.7,920.5,202.5
45,4102,136.733,860.5,184.5
45,4103,136.767,806.5,174.5
45,4104,136.8,760.5,166.5
45,4105,136.833,718.5,164.5
45,4106,136.867,676.5,164.5
45,4107,136.9,640.5,168.5
45,4108,136.933,604.5,174.5
45,4109,136.967,572.5,182.5
45,4110,137.0,542.5,194.5
45,4111,137.033,514.5,204.5
45,4112,137.067,490.5,220.5
45,4113,137.1,492.5,218.5
45,4114,137.133,464.5,236.5
45,4115,137.167,446.5,248.5
45,4116,137.2,428.5,232.5
45,4117,137.233,406.5,208.5
45,4118,137.267,390.5,188.5
45,4119,137.3,374.5,172.5
45,4120,137.333,362.5,162.5
45,4121,137.367,352.5,150.5
45,4122,137.4,368.5,146.5
45,4123,137.433,392.5,142.5
45,4124,137.467,418.5,140.5
45,4125,137.5,444.5,142.5
45,4126,137.533,468.5,146.5
45,4127,137.567,496.5,154.5
45,4128,137.6,522.5,164.5
45,4129,137.633,548.5,174.5
45,4130,137.667,576.5,190.5
45,4131,137.7,600.5,206.5
45,4132,137.733,624.5,222.5
45,4136,137.867,742.5,344.5
45,4137,137.9,764.5,372.5
45,4138,137.933,790.5,366.5
45,4139,137.967,822.5,352.5
45,4140,138.0,848.5,344.5
45,4141,138.033,880.5,340.5
45,4142,138.067,904.5,338.5
45,4143,138.1,928.5,338.5
45,4144,138.133,960.5,346.5
45,4145,138.167,988.5,352.5
45,4147,138.233,886.5,282.5
45,4148,138.267,838.5,252.5
45,4149,138.3,790.5,230.5
45,4150,138.333,752.5,214.5
45,4151,138.367,712.5,200.5
45,4152,138.4,676.5,190.5
45,4153,138.433,640.5,184.5
45,4154,138.467,608.5,182.5
45,4155,138.5,580.5,184.5
45,4156,138.533,554.5,186.5
45,4157,138.567,532.5,190.5
45,4158,138.6,508.5,198.5
45,4159,138.633,488.5,208.5
45,4160,138.667,470.5,218.5
45,4161,138.7,452.5,230.5
45,4162,138.733,438.5,242.5
45,4163,138.767,422.5,258.5
45,4164,138.8,406.5,250.5
45,4165,138.833,392.5,228.5
45,4166,138.867,382.5,210.5
45,4167,138.9,370.5,192.5
45,4168,138.933,358.5,178.5
45,4169,138.967,346.5,168.5
45,4170,139.0,338.5,160.5
45,4171,139.033,328.5,154.5
45,4172,139.067,344.5,152.5
45,4174,139.133,432.5,158.5
45,4175,139.167,430.5,158.5
45,4176,139.2,462.5,164.5
45,4177,139.233,492.5,174.5
45,4178,139.267,522.5,184.5
45,4179,139.3,556.5,200.5
45,4180,139.333,586.5,216.5
45,4181,139.367,616.5,236.5
45,4182,139.4,646.5,256.5
45,4183,139.433,686.5,282.5
45,4184,139.467,704.5,302.5
45,4185,139.5,732.5,314.5
45,4186,139.533,762.5,298.5
45,4187,139.567,790.5,290.5
45,4188,139.6,820.5,282.5
45,4189,139.633,846.5,280.5
45,4190,139.667,872.5,280.5
45,4191,139.7,900.5,282.5
45,4192,139.733,928.5,286.5
45,4193,139.767,956.5,294.5
45,4195,139.833,1010.5,322.5
45,4196,139.867,1022.5,330.5
45,4197,139.9,956.5,300.5
45,4198,139.933,896.5,280.5
45,4199,139.967,858.5,268.5
45,4200,140.0,794.5,252.5
45,4201,140.033,758.5,250.5
45,4202,140.067,718.5,246.5
45,4203,140.1,680.5,246.5
45,4204,140.133,632.5,252.5
45,4205,140.167,608.5,254.5
45,4208,140.267,506.5,288.5
45,4209,140.3,482.5,296.5
45,4210,140.333,454.5,278.5
45,4211,140.367,432.5,260.5
45,4212,140.4,414.5,246.5
45,4213,140.433,390.5,236.5
45,4214,140.467,372.5,228.5
45,4215,140.5,356.5,222.5
45,4216,140.533,336.5,220.5
45,4217,140.567,320.5,220.5
45,4218,140.6,306.5,220.5
45,4219,140.633,328.5,214.5
45,4220,140.667,350.5,208.5
45,4221,140.7,372.5,202.5
45,4222,140.733,398.5,200.5
45,4223,140.767,424.5,200.5
45,4224,140.8,450.5,204.5
45,4225,140.833,476.5,210.5
45,4226,140.867,502.5,218.5
45,4227,140.9,534.5,232.5
45,4228,140.933,554.5,240.5
45,4230,141.0,618.5,280.5
45,4231,141.033,644.5,298.5
45,4232,141.067,668.5,322.5
45,4233,141.1,700.5,350.5
45,4234,141.133,726.5,378.5
45,4235,141.167,754.5,362.5
45,4236,141.2,774.5,354.5
45,4237,141.233,800.5,342.5
45,4238,141.267,824.5,336.5
45,4239,141.3,850.5,332.5
45,4240,141.333,876.5,332.5
45,4241,141.367,844.5,308.5
45,4243,141.433,752.5,254.5
45,4244,141.467,714.5,236.5
45,4245,141.5,680.5,222.5
45,4246,141.533,644.5,212.5
45,4247,141.567,618.5,206.5
45,4248,141.6,594.5,202.5
45,4249,141.633,566.5,202.5
45,4250,141.667,546.5,202.5
45,4251,141.7,524.5,206.5
45,4252,141.733,506.5,212.5
45,4253,141.767,488.5,218.5
45,4254,141.8,476.5,226.5
45,4255,141.833,460.5,240.5
45,4256,141.867,446.5,242.5
45,4257,141.9,436.5,218.5
45,4258,141.933,424.5,202.5
45,4259,141.967,416.5,186.5
45,4260,142.0,406.5,174.5
45,4261,142.033,396.5,160.5
45,4262,142.067,392.5,156.5
45,4263,142.1,414.5,152.5
45,4264,142.133,446.5,152.5
45,4265,142.167,478.5,154.5
45,4266,142.2,504.5,156.5
45,4267,142.233,538.5,162.5
45,4268,142.267,568.5,170.5
45,4269,142.3,602.5,182.5
45,4270,142.333,632.5,196.5
45,4271,142.367,672.5,214.5
45,4272,142.4,698.5,230.5
45,4273,142.433,730.5,252.5
45,4274,142.467,758.5,270.5
45,4275,142.5,798.5,304.5
45,4276,142.533,832.5,336.5
45,4277,142.567,856.5,330.5
45,4278,142.6,890.5,318.5
45,4279,142.633,918.5,310.5
45,4280,142.667,960.5,300.5
45,4281,142.7,996.5,300.5
45,4282,142.733,1024.5,302.5
45,4283,142.767,1056.5,306.5
45,4284,142.8,1092.5,320.5
45,4286,142.867,1066.5,290.5
45,4287,142.9,1030.5,266.5
45,4290,143.0,868.5,202.5
45,4291,143.033,838.5,192.5
45,4292,143.067,798.5,184.5
45,4293,143.1,756.5,180.5
45,4294,143.133,720.5,182.5
45,4295,143.167,686.5,184.5
45,4296,143.2,652.5,190.5
45,4297,143.233,624.5,198.5
45,4298,143.267,596.5,210.5
45,4299,143.3,568.5,222.5
45,4300,143.333,548.5,234.5
45,4301,143.367,522.5,252.5
45,4302,143.4,504.5,266.5
45,4303,143.433,482.5,274.5
45,4304,143.467,466.5,250.5
45,4305,143.5,450.5,230.5
45,4306,143.533,434.5,214.5
45,4307,143.567,418.5,198.5
45,4308,143.6,406.5,186.5
45,4309,143.633,388.5,176.5
45,4310,143.667,376.5,170.5
45,4311,143.7,364.5,168.5
45,4312,143.733,352.5,168.5
45,4313,143.767,340.5,170.5
45,4314,143.8,330.5,172.5
45,4316,143.867,314.5,184.5
45,4318,143.933,358.5,168.5
45,4319,143.967,386.5,156.5
45,4320,144.0,410.5,154.5
45,4321,144.033,444.5,150.5
45,4322,144.067,476.5,150.5
45,4323,144.1,504.5,154.5
45,4324,144.133,534.5,162.5
45,4325,144.167,568.5,172.5
45,4326,144.2,598.5,186.5
45,4327,144.233,630.5,202.5
45,4328,144.267,670.5,228.5
45,4329,144.3,692.5,246.5
45,4330,144.333,722.5,270.5
45,4331,144.367,746.5,290.5
45,4332,144.4,778.5,324.5
45,4333,144.433,802.5,348.5
45,4334,144.467,834.5,370.5
45,4335,144.5,868.5,354.5
45,4336,144.533,900.5,344.5
45,4337,144.567,936.5,338.5
45,4338,144.6,972.5,334.5
45,4339,144.633,1004.5,332.5
45,4340,144.667,1042.5,334.5
45,4341,144.7,1074.5,340.5
46,4352,145.067,886.5,100.5
46,4353,145.1,852.5,86.5
46,4354,145.133,812.5,72.5
46,4355,145.167,780.5,66.5
46,4356,145.2,750.5,58.5
46,4357,145.233,718.5,56.5
46,4358,145.267,692.5,58.5
46,4359,145.3,670.5,58.5
46,4360,145.333,644.5,68.5
46,4361,145.367,620.5,76.5
46,4362,145.4,600.5,88.5
46,4363,145.433,582.5,100.5
46,4364,145.467,566.5,114.5
46,4365,145.5,550.5,130.5
46,4366,145.533,536.5,146.5
46,4367,145.567,520.5,164.5
46,4368,145.6,508.5,182.5
46,4369,145.633,494.5,204.5
46,4370,145.667,488.5,218.5
46,4371,145.7,474.5,222.5
46,4372,145.733,468.5,194.5
46,4373,145.767,458.5,170.5
46,4374,145.8,452.5,152.5
46,4375,145.833,444.5,136.5
46,4376,145.867,438.5,122.5
46,4377,145.9,430.5,108.5
46,4378,145.933,424.5,98.5
46,4379,145.967,420.5,90.5
46,4380,146.0,414.5,86.5
46,4381,146.033,408.5,84.5
46,4382,146.067,402.5,84.5
46,4383,146.1,398.5,84.5
46,4384,146.133,394.5,88.5
46,4385,146.167,402.5,90.5
46,4386,146.2,416.5,92.5
46,4387,146.233,438.5,92.5
46,4388,146.267,456.5,94.5
46,4389,146.3,478.5,102.5
46,4390,146.333,500.5,112.5
46,4391,146.367,522.5,124.5
46,4392,146.4,546.5,140.5
46,4393,146.433,566.5,156.5
46,4394,146.467,596.5,184.5
46,4395,146.5,614.5,202.5
46,4396,146.533,642.5,234.5
46,4398,146.6,694.5,298.5
46,4399,146.633,716.5,332.5
46,4400,146.667,742.5,372.5
46,4401,146.7,770.5,374.5
46,4402,146.733,796.5,362.5
46,4403,146.767,820.5,354.5
46,4404,146.8,850.5,346.5
46,4405,146.833,878.5,342.5
46,4406,146.867,906.5,344.5
46,4407,146.9,932.5,348.5
46,4408,146.933,914.5,328.5
46,4409,146.967,876.5,300.5
46,4410,147.0,812.5,258.5
46,4411,147.033,772.5,238.5
46,4412,147.067,728.5,220.5
46,4413,147.1,690.5,204.5
46,4414,147.133,652.5,194.5
46,4415,147.167,622.5,188.5
46,4416,147.2,590.5,184.5
46,4417,147.233,562.5,184.5
46,4418,147.267,536.5,186.5
46,4419,147.3,514.5,192.5
46,4420,147.333,492.5,198.5
46,4421,147.367,472.5,206.5
46,4422,147.4,454.5,216.5
46,4423,147.433,438.5,226.5
46,4424,147.467,424.5,242.5
46,4425,147.5,412.5,252.5
46,4426,147.533,398.5,264.5
46,4427,147.567,384.5,246.5
46,4428,147.6,372.5,226.5
46,4429,147.633,358.5,204.5
46,4430,147.667,348.5,192.5
46,4431,147.7,338.5,178.5
46,4432,147.733,328.5,168.5
46,4434,147.8,312.5,154.5
46,4435,147.833,330.5,158.5
46,4436,147.867,354.5,164.5
46,4437,147.9,386.5,172.5
46,4438,147.933,414.5,182.5
46,4439,147.967,442.5,196.5
46,4440,148.0,480.5,216.5
46,4441,148.033,502.5,230.5
46,4442,148.067,534.5,250.5
46,4443,148.1,560.5,266.5
46,4447,148.233,710.5,406.5
46,4448,148.267,742.5,410.5
46,4449,148.3,782.5,404.5
46,4450,148.333,818.5,404.5
46,4451,148.367,858.5,408.5
46,4452,148.4,894.5,414.5
46,4453,148.433,936.5,428.5
46,4454,148.467,974.5,440.5
46,4455,148.5,936.5,408.5
46,4456,148.533,864.5,358.5
46,4457,148.567,812.5,330.5
46,4458,148.6,756.5,298.5
46,4459,148.633,718.5,286.5
46,4462,148.733,610.5,256.5
46,4463,148.767,576.5,254.5
46,4464,148.8,546.5,254.5
46,4465,148.833,520.5,258.5
46,4466,148.867,496.5,264.5
46,4467,148.9,474.5,272.5
46,4468,148.933,454.5,282.5
46,4469,148.967,436.5,294.5
46,4470,149.0,420.5,308.5
46,4471,149.033,402.5,290.5
46,4472,149.067,386.5,266.5
46,4473,149.1,374.5,248.5
46,4474,149.133,360.5,230.5
46,4475,149.167,350.5,218.5
46,4476,149.2,336.5,208.5
46,4477,149.233,326.5,202.5
46,4478,149.267,318.5,196.5
46,4479,149.3,306.5,194.5
46,4481,149.367,332.5,194.5
46,4482,149.4,358.5,194.5
46,4483,149.433,384.5,198.5
46,4484,149.467,414.5,202.5
46,4485,149.5,440.5,212.5
46,4486,149.533,470.5,224.5
46,4487,149.567,502.5,238.5
46,4488,149.6,530.5,254.5
46,4489,149.633,564.5,272.5
46,4490,149.667,592.5,296.5
47,4495,149.833,766.5,422.5
47,4496,149.867,800.5,414.5
47,4497,149.9,834.5,408.5
47,4498,149.933,844.5,384.5
47,4499,149.967,810.5,366.5
47,4503,150.1,610.5,248.5
47,4504,150.133,566.5,230.5
47,4505,150.167,528.5,218.5
47,4506,150.2,492.5,210.5
47,4507,150.233,456.5,204.5
47,4508,150.267,424.5,202.5
47,4509,150.3,394.5,202.5
47,4510,150.333,366.5,208.5
47,4511,150.367,336.5,214.5
47,4512,150.4,314.5,220.5
47,4513,150.433,290.5,232.5
47,4514,150.467,270.5,244.5
47,4515,150.5,248.5,258.5
47,4516,150.533,230.5,272.5
47,4517,150.567,214.5,288.5
47,4518,150.6,200.5,304.5
47,4519,150.633,180.5,328.5
47,4520,150.667,168.5,346.5
47,4521,150.7,156.5,366.5
47,4522,150.733,144.5,386.5
47,4523,150.767,134.5,406.5
47,4524,150.8,124.5,426.5
47,4525,150.833,114.5,418.5
47,4526,150.867,102.5,400.5
47,4527,150.9,94.5,388.5
47,4528,150.933,84.5,378.5
47,4529,150.967,76.5,368.5
47,4530,151.0,68.5,364.5
47,4531,151.033,62.5,360.5
47,4533,151.1,50.5,360.5
47,4534,151.133,46.5,362.5
48,4724,157.467,418.5,208.5
48,4726,157.533,414.5,204.5
48,4730,157.667,406.5,202.5
48,4733,157.767,396.5,204.5
48,4736,157.867,382.5,202.5
48,4737,157.9,380.5,196.5
48,4741,158.033,366.5,182.5
49,4794,159.8,290.5,256.5
49,4795,159.833,284.5,258.5
49,4796,159.867,282.5,260.5
49,4797,159.9,278.5,262.5
49,4798,159.933,278.5,264.5
49,4799,159.967,274.5,264.5
49,4800,160.0,272.5,264.5
49,4801,160.033,270.5,264.5
49,4802,160.067,270.5,264.5
49,4803,160.1,270.5,264.5
49,4804,160.133,270.5,264.5
49,4805,160.167,270.5,266.5
49,4806,160.2,270.5,268.5
49,4807,160.233,270.5,270.5
49,4808,160.267,272.5,274.5
49,4809,160.3,272.5,274.5
49,4810,160.333,272.5,274.5
49,4811,160.367,272.5,268.5
49,4812,160.4,268.5,258.5
49,4813,160.433,262.5,242.5
49,4814,160.467,260.5,226.5
49,4815,160.5,256.5,210.5
49,4816,160.533,254.5,198.5
49,4817,160.567,252.5,190.5
49,4818,160.6,250.5,178.5
49,4819,160.633,248.5,174.5
49,4820,160.667,246.5,170.5
49,4821,160.7,246.5,172.5
49,4822,160.733,246.5,174.5
49,4823,160.767,246.5,178.5
49,4824,160.8,246.5,186.5
49,4825,160.833,248.5,196.5
49,4826,160.867,250.5,208.5
49,4827,160.9,252.5,220.5
49,4828,160.933,264.5,236.5
49,4831,161.033,348.5,274.5
49,4832,161.067,374.5,268.5
49,4833,161.1,404.5,266.5
49,4834,161.133,426.5,266.5
49,4835,161.167,454.5,268.5
49,4836,161.2,480.5,276.5
49,4837,161.233,510.5,286.5
49,4838,161.267,538.5,296.5
49,4839,161.3,568.5,310.5
49,4840,161.333,596.5,328.5
49,4841,161.367,622.5,346.5
49,4842,161.4,656.5,376.5
49,4843,161.433,688.5,394.5
49,4844,161.467,714.5,386.5
49,4845,161.5,740.5,380.5
49,4846,161.533,770.5,376.5
49,4847,161.567,798.5,378.5
49,4848,161.6,824.5,384.5
49,4849,161.633,816.5,366.5
49,4850,161.667,784.5,342.5
49,4851,161.7,754.5,320.5
49,4852,161.733,720.5,298.5
49,4853,161.767,692.5,286.5
49,4854,161.8,664.5,278.5
49,4855,161.833,640.5,274.5
49,4856,161.867,616.5,270.5
49,4857,161.9,594.5,266.5
49,4858,161.933,572.5,270.5
49,4859,161.967,554.5,274.5
49,4860,162.0,536.5,282.5
49,4861,162.033,520.5,290.5
49,4862,162.067,504.5,300.5
49,4863,162.1,490.5,282.5
49,4864,162.133,480.5,264.5
49,4865,162.167,470.5,250.5
49,4866,162.2,458.5,236.5
49,4867,162.233,450.5,226.5
49,4868,162.267,442.5,218.5
49,4869,162.3,432.5,212.5
49,4870,162.333,424.5,210.5
49,4871,162.367,418.5,210.5
49,4872,162.4,428.5,210.5
49,4873,162.433,450.5,206.5
49,4874,162.467,474.5,204.5
49,4875,162.5,502.5,206.5
49,4876,162.533,526.5,210.5
49,4877,162.567,552.5,214.5
49,4878,162.6,580.5,222.5
49,4879,162.633,606.5,232.5
49,4880,162.667,630.5,244.5
49,4881,162.7,652.5,258.5
49,4882,162.733,680.5,274.5
49,4883,162.767,710.5,296.5
49,4884,162.8,738.5,322.5
49,4885,162.833,762.5,330.5
49,4886,162.867,788.5,314.5
49,4887,162.9,812.5,308.5
49,4888,162.933,836.5,304.5
49,4889,162.967,864.5,298.5
49,4890,163.0,886.5,298.5
49,4891,163.033,910.5,300.5
49,4893,163.1,956.5,312.5
49,4894,163.133,902.5,284.5
49,4895,163.167,868.5,266.5
49,4896,163.2,824.5,248.5
49,4897,163.233,780.5,236.5
49,4898,163.267,742.5,226.5
49,4899,163.3,706.5,222.5
49,4900,163.333,674.5,220.5
49,4901,163.367,638.5,222.5
49,4902,163.4,608.5,224.5
49,4903,163.433,576.5,230.5
49,4904,163.467,550.5,240.5
49,4905,163.5,524.5,250.5
49,4906,163.533,502.5,260.5
49,4907,163.567,476.5,268.5
49,4908,163.6,456.5,248.5
49,4909,163.633,438.5,232.5
49,4910,163.667,422.5,216.5
49,4911,163.7,408.5,204.5
49,4912,163.733,390.5,196.5
49,4913,163.767,378.5,190.5
49,4914,163.8,366.5,184.5
49,4915,163.833,384.5,180.5
49,4916,163.867,410.5,178.5
49,4917,163.9,438.5,176.5
49,4918,163.933,462.5,180.5
49,4919,163.967,490.5,182.5
49,4920,164.0,518.5,190.5
49,4921,164.033,548.5,204.5
49,4922,164.067,578.5,220.5
49,4923,164.1,602.5,236.5
49,4924,164.133,628.5,254.5
49,4925,164.167,660.5,280.5
49,4926,164.2,688.5,306.5
49,4927,164.233,718.5,338.5
49,4928,164.267,744.5,368.5
49,4929,164.3,782.5,418.5
49,4930,164.333,814.5,430.5
49,4931,164.367,836.5,422.5
49,4932,164.4,870.5,412.5
49,4933,164.433,892.5,406.5
49,4934,164.467,832.5,356.5
49,4935,164.5,792.5,328.5
49,4936,164.533,734.5,292.5
49,4937,164.567,696.5,268.5
49,4938,164.6,672.5,256.5
49,4939,164.633,628.5,236.5
49,4940,164.667,594.5,226.5
49,4941,164.7,566.5,218.5
49,4942,164.733,540.5,214.5
49,4943,164.767,518.5,212.5
49,4944,164.8,498.5,214.5
49,4945,164.833,480.5,218.5
49,4946,164.867,466.5,222.5
49,4947,164.9,450.5,228.5
49,4948,164.933,438.5,238.5
49,4949,164.967,428.5,248.5
49,4950,165.0,416.5,248.5
49,4951,165.033,406.5,228.5
49,4952,165.067,394.5,208.5
49,4953,165.1,388.5,194.5
49,4954,165.133,388.5,194.5
49,4955,165.167,378.5,182.5
49,4956,165.2,372.5,172.5
49,4957,165.233,364.5,162.5
49,4958,165.267,376.5,162.5
49,4959,165.3,402.5,162.5
49,4960,165.333,422.5,164.5
49,4961,165.367,446.5,168.5
49,4962,165.4,468.5,174.5
49,4963,165.433,496.5,184.5
49,4964,165.467,522.5,196.5
49,4965,165.5,548.5,210.5
49,4966,165.533,576.5,228.5
49,4967,165.567,602.5,246.5
49,4968,165.6,628.5,268.5
49,4969,165.633,652.5,284.5
49,4970,165.667,680.5,314.5
49,4971,165.7,704.5,308.5
49,4972,165.733,732.5,298.5
49,4973,165.767,760.5,294.5
49,4974,165.8,786.5,290.5
49,4975,165.833,810.5,288.5
49,4976,165.867,838.5,290.5
49,4977,165.9,864.5,294.5
49,4978,165.933,890.5,302.5
49,4979,165.967,918.5,312.5
49,4980,166.0,938.5,324.5
49,4981,166.033,974.5,344.5
49,4982,166.067,994.5,362.5
49,4983,166.1,1012.5,378.5
49,4984,166.133,1028.5,396.5
49,4985,166.167,996.5,366.5
49,4987,166.233,910.5,298.5
49,4988,166.267,870.5,270.5
49,4989,166.3,834.5,248.5
49,4990,166.333,796.5,230.5
49,4991,166.367,758.5,216.5
49,4992,166.4,726.5,206.5
49,4993,166.433,690.5,200.5
49,4994,166.467,658.5,196.5
49,4995,166.5,628.5,198.5
49,4996,166.533,598.5,200.5
49,4997,166.567,570.5,206.5
49,4998,166.6,546.5,212.5
49,4999,166.633,520.5,222.5
49,5000,166.667,498.5,232.5
49,5001,166.7,478.5,248.5
49,5002,166.733,458.5,262.5
49,5003,166.767,436.5,278.5
49,5004,166.8,418.5,264.5
49,5005,166.833,400.5,244.5
49,5006,166.867,386.5,228.5
49,5007,166.9,370.5,214.5
49,5008,166.933,356.5,202.5
49,5009,166.967,342.5,194.5
49,5010,167.0,326.5,186.5
49,5011,167.033,314.5,184.5
49,5012,167.067,302.5,182.5
49,5013,167.1,288.5,184.5
49,5014,167.133,278.5,188.5
49,5016,167.2,324.5,188.5
49,5017,167.233,350.5,182.5
49,5018,167.267,382.5,184.5
49,5019,167.3,416.5,190.5
49,5020,167.333,450.5,196.5
49,5021,167.367,490.5,208.5
49,5022,167.4,524.5,220.5
49,5023,167.433,560.5,238.5
49,5024,167.467,592.5,254.5
49,5025,167.5,624.5,276.5
49,5028,167.6,718.5,332.5
49,5029,167.633,758.5,310.5
49,5030,167.667,790.5,302.5
49,5031,167.7,822.5,292.5
49,5032,167.733,854.5,290.5
49,5033,167.767,886.5,288.5
49,5034,167.8,914.5,288.5
49,5035,167.833,950.5,292.5
49,5036,167.867,978.5,300.5
49,5037,167.9,1014.5,314.5
49,5038,167.933,1044.5,330.5
49,5039,167.967,1074.5,346.5
49,5040,168.0,1052.5,328.5
49,5041,168.033,1010.5,300.5
49,5042,168.067,964.5,266.5
49,5045,168.167,848.5,212.5
49,5046,168.2,810.5,200.5
49,5047,168.233,776.5,194.5
49,5048,168.267,742.5,188.5
49,5049,168.3,710.5,188.5
49,5050,168.333,680.5,190.5
49,5051,168.367,650.5,194.5
49,5052,168.4,624.5,198.5
49,5053,168.433,600.5,208.5
49,5054,168.467,574.5,218.5
49,5055,168.5,552.5,230.5
49,5056,168.533,528.5,244.5
49,5057,168.567,510.5,258.5
49,5058,168.6,488.5,274.5
49,5059,168.633,472.5,260.5
49,5060,168.667,456.5,240.5
49,5061,168.7,442.5,218.5
49,5062,168.733,430.5,208.5
49,5063,168.767,418.5,194.5
49,5064,168.8,406.5,186.5
49,5065,168.833,392.5,178.5
49,5066,168.867,380.5,176.5
49,5067,168.9,368.5,174.5
49,5068,168.933,358.5,174.5
49,5069,168.967,350.5,178.5
49,5072,169.067,364.5,178.5
49,5073,169.1,382.5,174.5
49,5074,169.133,404.5,172.5
49,5075,169.167,424.5,174.5
49,5076,169.2,446.5,180.5
49,5077,169.233,468.5,186.5
49,5078,169.267,488.5,194.5
49,5079,169.3,514.5,210.5
49,5080,169.333,536.5,226.5
49,5081,169.367,560.5,244.5
49,5085,169.5,660.5,356.5
49,5086,169.533,674.5,346.5
49,5087,169.567,696.5,330.5
49,5088,169.6,710.5,322.5
49,5089,169.633,734.5,316.5
49,5090,169.667,754.5,310.5
49,5091,169.7,778.5,310.5
49,5092,169.733,800.5,310.5
49,5093,169.767,820.5,316.5
49,5094,169.8,838.5,324.5
49,5095,169.833,862.5,338.5
49,5096,169.867,880.5,352.5
49,5097,169.9,902.5,372.5
49,5098,169.933,926.5,400.5
49,5099,169.967,942.5,418.5
49,5100,170.0,926.5,402.5
49,5101,170.033,880.5,348.5
49,5102,170.067,838.5,308.5
49,5104,170.133,770.5,252.5
49,5105,170.167,744.5,236.5
49,5106,170.2,716.5,220.5
49,5107,170.233,688.5,210.5
49,5108,170.267,662.5,202.5
49,5109,170.3,638.5,196.5
49,5110,170.333,612.5,196.5
49,5111,170.367,592.5,198.5
49,5112,170.4,572.5,202.5
49,5113,170.433,554.5,210.5
49,5114,170.467,538.5,220.5
49,5115,170.5,522.5,232.5
49,5116,170.533,506.5,244.5
49,5117,170.567,494.5,262.5
49,5118,170.6,482.5,274.5
49,5119,170.633,470.5,282.5
49,5120,170.667,462.5,256.5
49,5121,170.7,452.5,230.5
49,5122,170.733,446.5,214.5
49,5123,170.767,440.5,198.5
49,5124,170.8,434.5,184.5
49,5125,170.833,430.5,176.5
49,5126,170.867,424.5,168.5
49,5127,170.9,418.5,162.5
49,5128,170.933,414.5,160.5
49,5129,170.967,412.5,160.5
49,5130,171.0,432.5,156.5
49,5131,171.033,456.5,152.5
49,5132,171.067,482.5,150.5
49,5133,171.1,510.5,150.5
49,5134,171.133,534.5,154.5
49,5135,171.167,560.5,162.5
49,5136,171.2,588.5,168.5
49,5137,171.233,614.5,180.5
49,5138,171.267,638.5,194.5
49,5139,171.3,672.5,214.5
49,5140,171.333,692.5,230.5
49,5141,171.367,722.5,256.5
49,5142,171.4,748.5,282.5
49,5143,171.433,770.5,302.5
49,5144,171.467,798.5,340.5
49,5145,171.5,818.5,370.5
49,5146,171.533,842.5,362.5
49,5147,171.567,868.5,348.5
49,5148,171.6,888.5,340.5
49,5149,171.633,916.5,328.5
49,5150,171.667,936.5,324.5
49,5151,171.7,964.5,320.5
49,5152,171.733,986.5,322.5
49,5153,171.767,1010.5,324.5
49,5154,171.8,1032.5,330.5
49,5155,171.833,1056.5,340.5
49,5157,171.9,1094.5,366.5
49,5159,171.967,996.5,296.5
49,5160,172.0,942.5,258.5
49,5161,172.033,894.5,192.5
49,5162,172.067,848.5,214.5
49,5163,172.1,812.5,198.5
49,5164,172.133,780.5,192.5
49,5165,172.167,754.5,186.5
49,5166,172.2,724.5,186.5
49,5167,172.233,698.5,186.5
49,5168,172.267,676.5,192.5
49,5169,172.3,650.5,200.5
49,5170,172.333,634.5,208.5
49,5171,172.367,618.5,218.5
49,5172,172.4,602.5,232.5
49,5173,172.433,590.5,242.5
49,5174,172.467,576.5,258.5
49,5175,172.5,566.5,236.5
49,5176,172.533,560.5,220.5
49,5177,172.567,550.5,198.5
49,5178,172.6,542.5,182.5
49,5179,172.633,536.5,168.5
49,5180,172.667,526.5,156.5
49,5181,172.7,520.5,146.5
49,5182,172.733,514.5,142.5
49,5183,172.767,508.5,138.5
49,5184,172.8,514.5,134.5
49,5185,172.833,526.5,130.5
49,5186,172.867,538.5,128.5
49,5187,172.9,552.5,128.5
49,5188,172.933,566.5,128.5
49,5189,172.967,580.5,132.5
49,5190,173.0,594.5,140.5
49,5191,173.033,610.5,152.5
49,5192,173.067,626.5,166.5
49,5193,173.1,640.5,182.5
49,5194,173.133,656.5,198.5
49,5195,173.167,672.5,226.5
49,5196,173.2,690.5,256.5
49,5197,173.233,696.5,272.5
49,5199,173.3,728.5,346.5
49,5200,173.333,742.5,386.5
49,5201,173.367,758.5,426.5
49,5202,173.4,774.5,418.5
49,5203,173.433,790.5,404.5
49,5204,173.467,804.5,392.5
49,5205,173.5,822.5,384.5
49,5209,173.633,702.5,276.5
49,5210,173.667,676.5,262.5
49,5211,173.7,638.5,242.5
49,5212,173.733,612.5,232.5
49,5213,173.767,586.5,226.5
49,5214,173.8,564.5,222.5
49,5215,173.833,542.5,222.5
49,5216,173.867,522.5,226.5
49,5217,173.9,506.5,230.5
49,5218,173.933,492.5,236.5
49,5219,173.967,480.5,244.5
49,5220,174.0,466.5,258.5
49,5221,174.033,458.5,268.5
49,5222,174.067,450.5,274.5
49,5223,174.1,440.5,246.5
49,5224,174.133,428.5,224.5
49,5225,174.167,418.5,208.5
49,5226,174.2,412.5,194.5
49,5227,174.233,402.5,180.5
49,5228,174.267,398.5,172.5
49,5229,174.3,390.5,164.5
49,5230,174.333,386.5,160.5
49,5231,174.367,398.5,156.5
49,5232,174.4,414.5,152.5
49,5233,174.433,432.5,150.5
49,5234,174.467,450.5,150.5
49,5235,174.5,470.5,154.5
49,5236,174.533,490.5,156.5
49,5237,174.567,514.5,166.5
49,5238,174.6,532.5,176.5
49,5239,174.633,554.5,188.5
49,5240,174.667,578.5,204.5
49,5241,174.7,600.5,224.5
49,5242,174.733,624.5,246.5
49,5243,174.767,644.5,266.5
49,5246,174.867,718.5,354.5
49,5247,174.9,740.5,346.5
49,5248,174.933,760.5,330.5
49,5249,174.967,778.5,322.5
49,5250,175.0,802.5,308.5
49,5251,175.033,826.5,304.5
49,5252,175.067,844.5,302.5
49,5253,175.1,868.5,298.5
49,5254,175.133,888.5,302.5
50,5260,175.333,528.5,258.5
50,5261,175.367,448.5,260.5
50,5262,175.4,406.5,262.5
50,5264,175.467,278.5,258.5
50,5265,175.5,248.5,238.5
50,5266,175.533,206.5,212.5
50,5267,175.567,174.5,198.5
50,5270,175.667,90.5,170.5
50,5271,175.7,88.5,162.5
50,5272,175.733,102.5,162.5
50,5273,175.767,114.5,164.5
50,5274,175.8,128.5,166.5
50,5275,175.833,138.5,172.5
50,5276,175.867,150.5,178.5
50,5277,175.9,162.5,186.5
50,5278,175.933,178.5,198.5
50,5279,175.967,194.5,212.5
50,5280,176.0,208.5,228.5
50,5281,176.033,226.5,246.5
50,5282,176.067,240.5,266.5
50,5283,176.1,260.5,294.5
50,5284,176.133,276.5,320.5
50,5285,176.167,290.5,346.5
50,5286,176.2,308.5,370.5
50,5287,176.233,326.5,404.5
51,5559,185.3,910.5,248.5
51,5560,185.333,914.5,246.5
51,5563,185.433,912.5,272.5
51,5564,185.467,910.5,286.5
51,5565,185.5,910.5,300.5
51,5566,185.533,908.5,322.5
51,5567,185.567,904.5,342.5
51,5568,185.6,902.5,372.5
51,5570,185.667,894.5,438.5
51,5571,185.7,848.5,440.5
51,5572,185.733,802.5,430.5
51,5573,185.767,758.5,426.5
51,5574,185.8,716.5,400.5
51,5575,185.833,670.5,352.5
51,5576,185.867,638.5,324.5
51,5577,185.9,602.5,298.5
51,5578,185.933,574.5,280.5
51,5579,185.967,550.5,266.5
51,5580,186.0,526.5,258.5
51,5581,186.033,500.5,250.5
51,5582,186.067,482.5,250.5
51,5583,186.1,460.5,248.5
51,5584,186.133,440.5,250.5
51,5585,186.167,424.5,250.5
51,5586,186.2,408.5,258.5
51,5587,186.233,390.5,238.5
51,5588,186.267,374.5,226.5
51,5589,186.3,364.5,210.5
51,5590,186.333,350.5,202.5
51,5591,186.367,364.5,200.5
51,5592,186.4,388.5,200.5
51,5593,186.433,414.5,202.5
51,5594,186.467,438.5,206.5
51,5595,186.5,468.5,214.5
51,5596,186.533,496.5,224.5
51,5597,186.567,522.5,234.5
51,5598,186.6,552.5,250.5
51,5599,186.633,578.5,264.5
51,5600,186.667,602.5,286.5
51,5601,186.7,634.5,308.5
51,5602,186.733,660.5,334.5
51,5603,186.767,690.5,340.5
51,5604,186.8,718.5,334.5
51,5605,186.833,742.5,332.5
51,5606,186.867,772.5,336.5
51,5607,186.9,798.5,340.5
51,5608,186.933,826.5,348.5
51,5609,186.967,854.5,356.5
51,5610,187.0,880.5,372.5
51,5611,187.033,908.5,388.5
51,5612,187.067,854.5,356.5
51,5613,187.1,806.5,330.5
51,5614,187.133,756.5,302.5
51,5615,187.167,710.5,284.5
51,5616,187.2,674.5,270.5
51,5617,187.233,624.5,256.5
51,5618,187.267,590.5,248.5
51,5619,187.3,556.5,244.5
51,5620,187.333,520.5,244.5
51,5621,187.367,494.5,244.5
51,5622,187.4,464.5,246.5
51,5623,187.433,436.5,250.5
51,5624,187.467,408.5,264.5
51,5625,187.5,390.5,268.5
51,5626,187.533,366.5,282.5
51,5627,187.567,342.5,282.5
51,5628,187.6,324.5,268.5
51,5629,187.633,306.5,248.5
51,5630,187.667,288.5,232.5
51,5631,187.7,270.5,218.5
51,5632,187.733,254.5,216.5
51,5633,187.767,238.5,206.5
51,5634,187.8,226.5,200.5
51,5636,187.867,204.5,198.5
51,5638,187.933,282.5,200.5
51,5639,187.967,332.5,204.5
51,5640,188.0,382.5,212.5
51,5641,188.033,430.5,228.5
51,5642,188.067,494.5,250.5
51,5643,188.1,554.5,270.5
51,5644,188.133,594.5,294.5
51,5645,188.167,656.5,326.5
51,5646,188.2,708.5,360.5
51,5647,188.233,770.5,398.5
51,5648,188.267,816.5,424.5
51,5651,188.367,1008.5,418.5
52,5660,188.667,822.5,124.5
52,5661,188.7,788.5,106.5
52,5662,188.733,754.5,92.5
52,5663,188.767,720.5,82.5
52,5664,188.8,692.5,74.5
52,5665,188.833,666.5,72.5
52,5666,188.867,638.5,70.5
52,5667,188.9,614.5,74.5
52,5668,188.933,594.5,80.5
52,5669,188.967,574.5,86.5
52,5670,189.0,554.5,96.5
52,5671,189.033,540.5,106.5
52,5672,189.067,526.5,118.5
52,5673,189.1,512.5,132.5
52,5674,189.133,498.5,148.5
52,5675,189.167,488.5,162.5
52,5676,189.2,478.5,178.5
52,5677,189.233,470.5,194.5
52,5678,189.267,462.5,212.5
52,5679,189.3,452.5,220.5
52,5680,189.333,444.5,196.5
52,5681,189.367,436.5,174.5
52,5682,189.4,432.5,156.5
52,5683,189.433,424.5,138.5
52,5684,189.467,420.5,122.5
52,5685,189.5,414.5,112.5
52,5686,189.533,410.5,102.5
52,5687,189.567,406.5,96.5
52,5688,189.6,402.5,90.5
52,5689,189.633,398.5,88.5
52,5690,189.667,394.5,88.5
52,5691,189.7,388.5,92.5
52,5694,189.8,448.5,112.5
52,5695,189.833,476.5,122.5
52,5696,189.867,500.5,136.5
52,5697,189.9,530.5,154.5
52,5698,189.933,562.5,178.5
52,5699,189.967,594.5,204.5
52,5700,190.0,626.5,232.5
52,5701,190.033,650.5,256.5
52,5702,190.067,686.5,294.5
52,5703,190.1,712.5,322.5
52,5704,190.133,740.5,310.5
52,5705,190.167,772.5,306.5
52,5706,190.2,806.5,300.5
52,5707,190.233,838.5,298.5
52,5708,190.267,876.5,296.5
52,5709,190.3,906.5,302.5
52,5710,190.333,950.5,312.5
52,5711,190.367,978.5,324.5
52,5712,190.4,1014.5,340.5
52,5713,190.433,1046.5,354.5
52,5714,190.467,1010.5,322.5
52,5715,190.5,948.5,264.5
52,5717,190.567,854.5,206.5
52,5718,190.6,818.5,186.5
52,5719,190.633,780.5,168.5
52,5720,190.667,742.5,154.5
52,5721,190.7,706.5,146.5
52,5722,190.733,674.5,142.5
52,5723,190.767,642.5,140.5
52,5724,190.8,610.5,142.5
52,5725,190.833,580.5,146.5
52,5726,190.867,554.5,154.5
52,5727,190.9,530.5,164.5
52,5728,190.933,506.5,176.5
52,5729,190.967,486.5,188.5
52,5730,191.0,464.5,204.5
52,5731,191.033,446.5,220.5
52,5732,191.067,426.5,242.5
52,5733,191.1,410.5,258.5
52,5734,191.133,398.5,278.5
52,5735,191.167,380.5,258.5
52,5736,191.2,366.5,238.5
52,5737,191.233,354.5,218.5
52,5738,191.267,338.5,202.5
52,5739,191.3,326.5,188.5
52,5740,191.333,310.5,174.5
52,5741,191.367,296.5,166.5
52,5742,191.4,286.5,160.5
52,5743,191.433,274.5,156.5
52,5744,191.467,262.5,154.5
52,5746,191.533,358.5,160.5
52,5747,191.567,408.5,180.5
52,5748,191.6,438.5,190.5
53,5773,192.433,534.5,6.5
53,5774,192.467,508.5,24.5
53,5775,192.5,492.5,38.5
53,5776,192.533,472.5,52.5
53,5777,192.567,454.5,70.5
53,5778,192.6,440.5,86.5
53,5779,192.633,428.5,106.5
53,5780,192.667,414.5,126.5
53,5781,192.7,402.5,148.5
53,5785,192.833,364.5,230.5
54,5794,193.133,314.5,254.5
54,5795,193.167,312.5,248.5
54,5796,193.2,308.5,242.5
54,5797,193.233,306.5,236.5
54,5798,193.267,302.5,236.5
54,5799,193.3,298.5,234.5
54,5800,193.333,294.5,236.5
54,5801,193.367,292.5,240.5
54,5802,193.4,288.5,244.5
54,5803,193.433,288.5,250.5
54,5804,193.467,292.5,258.5
55,5809,193.633,466.5,570.5
55,5810,193.667,474.5,562.5
55,5811,193.7,472.5,550.5
55,5812,193.733,476.5,540.5
55,5813,193.767,478.5,530.5
55,5815,193.833,484.5,506.5
55,5819,193.967,494.5,466.5
55,5820,194.0,494.5,460.5
56,5880,196.0,364.5,418.5
56,5883,196.1,336.5,420.5
56,5884,196.133,326.5,418.5
56,5886,196.2,310.5,418.5
56,5889,196.3,290.5,470.5
56,5890,196.333,274.5,466.5
56,5891,196.367,258.5,460.5
56,5892,196.4,246.5,456.5
56,5893,196.433,238.5,454.5
56,5894,196.467,230.5,450.5
56,5895,196.5,224.5,444.5
56,5896,196.533,222.5,438.5
57,5929,197.633,102.5,410.5
57,5930,197.667,94.5,422.5
57,5931,197.7,84.5,434.5
57,5932,197.733,74.5,450.5
57,5933,197.767,64.5,458.5
58,5961,198.7,422.5,206.5
58,5962,198.733,418.5,206.5
58,5963,198.767,414.5,206.5
58,5964,198.8,412.5,204.5
58,5965,198.833,406.5,200.5
58,5967,198.9,398.5,202.5
58,5968,198.933,396.5,198.5
58,5972,199.067,384.5,196.5
58,5974,199.133,380.5,194.5
59,5981,199.367,366.5,192.5
59,5982,199.4,366.5,192.5
59,5983,199.433,364.5,190.5
59,5984,199.467,364.5,182.5
59,5985,199.5,362.5,166.5
60,5991,199.7,380.5,142.5
60,5992,199.733,390.5,156.5
60,5993,199.767,408.5,170.5
60,5994,199.8,426.5,188.5
60,5995,199.833,446.5,204.5
60,5996,199.867,440.5,204.5
60,5997,199.9,496.5,264.5
60,5998,199.933,508.5,256.5
60,6000,200.0,538.5,234.5
60,6001,200.033,554.5,224.5
60,6002,200.067,572.5,218.5
60,6004,200.133,606.5,214.5
60,6005,200.167,622.5,216.5
60,6006,200.2,642.5,222.5
60,6007,200.233,656.5,228.5
60,6008,200.267,676.5,238.5
60,6009,200.3,692.5,252.5
60,6010,200.333,708.5,266.5
60,6011,200.367,724.5,282.5
60,6012,200.4,744.5,304.5
60,6013,200.433,758.5,326.5
60,6014,200.467,774.5,346.5
60,6015,200.5,790.5,330.5
60,6016,200.533,804.5,322.5
60,6017,200.567,824.5,312.5
60,6018,200.6,840.5,306.5
60,6019,200.633,856.5,302.5
60,6020,200.667,872.5,300.5
60,6021,200.7,890.5,304.5
60,6022,200.733,906.5,306.5
60,6023,200.767,918.5,316.5
60,6024,200.8,936.5,328.5
60,6027,200.9,956.5,300.5
60,6028,200.933,958.5,286.5
60,6029,200.967,960.5,276.5
60,6030,201.0,958.5,262.5
60,6031,201.033,960.5,258.5
60,6032,201.067,958.5,250.5
60,6033,201.1,956.5,250.5
60,6034,201.133,952.5,260.5
60,6035,201.167,952.5,266.5
60,6036,201.2,950.5,276.5
60,6037,201.233,944.5,292.5
60,6039,201.3,936.5,332.5
60,6042,201.4,928.5,374.5
60,6043,201.433,930.5,378.5
60,6044,201.467,932.5,380.5
61,6059,201.967,1068.5,508.5
61,6060,202.0,1064.5,504.5
61,6061,202.033,1060.5,500.5
61,6062,202.067,1054.5,498.5
61,6063,202.1,1050.5,494.5
61,6065,202.167,1038.5,482.5
61,6066,202.2,1032.5,472.5
61,6070,202.333,1024.5,438.5
61,6071,202.367,1026.5,430.5
61,6072,202.4,1028.5,422.5
61,6073,202.433,1032.5,420.5
61,6074,202.467,1040.5,418.5
62,6121,204.033,1006.5,300.5
62,6122,204.067,1008.5,286.5
62,6123,204.1,1010.5,274.5
62,6127,204.233,1006.5,276.5
62,6128,204.267,1006.5,288.5
62,6129,204.3,1002.5,298.5
62,6130,204.333,1000.5,316.5
62,6131,204.367,996.5,336.5
62,6132,204.4,990.5,354.5
63,6225,207.5,264.5,194.5
63,6227,207.567,340.5,106.5
63,6228,207.6,348.5,110.5
63,6230,207.667,374.5,118.5
63,6234,207.8,400.5,128.5
64,6241,208.033,138.5,508.5
64,6243,208.1,138.5,510.5
64,6245,208.167,138.5,510.5
64,6248,208.267,138.5,508.5
64,6250,208.333,138.5,510.5
64,6251,208.367,136.5,510.5
64,6252,208.4,136.5,508.5
64,6253,208.433,136.5,508.5
64,6254,208.467,138.5,508.5
64,6255,208.5,136.5,508.5
64,6256,208.533,138.5,510.5
64,6257,208.567,138.5,508.5
64,6258,208.6,136.5,508.5
64,6260,208.667,138.5,510.5
64,6262,208.733,138.5,510.5
64,6264,208.8,138.5,508.5
65,6269,208.967,1064.5,512.5
65,6270,209.0,1064.5,514.5
65,6271,209.033,1062.5,518.5
65,6272,209.067,1062.5,520.5
65,6273,209.1,1058.5,524.5
65,6274,209.133,1056.5,528.5
65,6275,209.167,1054.5,528.5
65,6276,209.2,1050.5,530.5
65,6277,209.233,1048.5,534.5
65,6278,209.267,1046.5,534.5
65,6279,209.3,1044.5,538.5
65,6280,209.333,1040.5,540.5
65,6281,209.367,1038.5,544.5
65,6282,209.4,1036.5,544.5
65,6283,209.433,1030.5,546.5
65,6284,209.467,1024.5,546.5
65,6285,209.5,1020.5,546.5
66,6300,210.0,916.5,286.5
66,6301,210.033,918.5,276.5
66,6302,210.067,920.5,272.5
66,6303,210.1,922.5,272.5
66,6304,210.133,920.5,280.5
66,6305,210.167,920.5,290.5
66,6307,210.233,918.5,316.5
66,6309,210.3,928.5,450.5
66,6311,210.367,908.5,404.5
66,6312,210.4,908.5,434.5
66,6313,210.433,860.5,444.5
66,6314,210.467,818.5,434.5
66,6315,210.5,762.5,420.5
66,6316,210.533,722.5,394.5
66,6317,210.567,686.5,350.5
66,6318,210.6,650.5,320.5
66,6319,210.633,614.5,292.5
66,6320,210.667,596.5,280.5
66,6321,210.7,564.5,260.5
66,6322,210.733,540.5,250.5
66,6323,210.767,516.5,244.5
66,6324,210.8,498.5,240.5
66,6325,210.833,478.5,238.5
66,6326,210.867,460.5,242.5
66,6327,210.9,444.5,244.5
66,6328,210.933,430.5,242.5
66,6329,210.967,410.5,218.5
66,6330,211.0,396.5,206.5
66,6331,211.033,384.5,196.5
66,6332,211.067,400.5,194.5
66,6334,211.133,458.5,200.5
66,6335,211.167,486.5,208.5
66,6336,211.2,514.5,216.5
66,6337,211.233,542.5,228.5
66,6338,211.267,566.5,242.5
66,6340,211.333,622.5,276.5
66,6341,211.367,654.5,302.5
66,6342,211.4,680.5,326.5
66,6343,211.433,710.5,348.5
66,6344,211.467,740.5,346.5
66,6345,211.5,772.5,346.5
66,6348,211.6,860.5,370.5
66,6350,211.667,932.5,408.5
67,6363,212.1,558.5,304.5
67,6364,212.133,564.5,310.5
67,6365,212.167,570.5,318.5
67,6366,212.2,580.5,328.5
67,6367,212.233,586.5,322.5
67,6368,212.267,592.5,320.5
67,6369,212.3,598.5,314.5
67,6371,212.367,610.5,320.5
67,6372,212.4,616.5,324.5
67,6373,212.433,620.5,334.5
67,6374,212.467,626.5,344.5
67,6375,212.5,634.5,344.5
67,6376,212.533,640.5,338.5
67,6377,212.567,646.5,336.5
67,6378,212.6,654.5,336.5
67,6379,212.633,660.5,338.5
67,6380,212.667,664.5,344.5
67,6381,212.7,670.5,352.5
67,6382,212.733,676.5,362.5
67,6383,212.767,684.5,358.5
67,6384,212.8,688.5,356.5
67,6385,212.833,696.5,354.5
67,6386,212.867,702.5,356.5
67,6387,212.9,708.5,358.5
67,6388,212.933,714.5,368.5
67,6389,212.967,718.5,374.5
67,6391,213.033,732.5,374.5
67,6392,213.067,738.5,374.5
67,6393,213.1,744.5,374.5
67,6394,213.133,750.5,378.5
67,6395,213.167,756.5,386.5
67,6396,213.2,762.5,394.5
67,6397,213.233,768.5,392.5
67,6398,213.267,774.5,388.5
67,6399,213.3,782.5,390.5
67,6400,213.333,786.5,392.5
67,6401,213.367,792.5,400.5
67,6402,213.4,798.5,408.5
67,6403,213.433,804.5,410.5
67,6404,213.467,812.5,406.5
67,6405,213.5,814.5,408.5
67,6407,213.567,826.5,414.5
68,6418,213.933,688.5,184.5
68,6419,213.967,672.5,170.5
68,6420,214.0,658.5,162.5
68,6421,214.033,640.5,154.5
68,6422,214.067,626.5,152.5
68,6423,214.1,614.5,152.5
68,6424,214.133,600.5,154.5
68,6425,214.167,590.5,160.5
68,6426,214.2,576.5,170.5
68,6427,214.233,568.5,178.5
68,6428,214.267,558.5,194.5
68,6429,214.3,548.5,206.5
68,6430,214.333,538.5,224.5
68,6431,214.367,534.5,236.5
68,6432,214.4,520.5,258.5
68,6433,214.433,518.5,282.5
68,6434,214.467,508.5,270.5
68,6435,214.5,504.5,246.5
68,6436,214.533,496.5,226.5
68,6437,214.567,492.5,210.5
68,6438,214.6,486.5,192.5
68,6439,214.633,482.5,178.5
68,6440,214.667,478.5,168.5
68,6441,214.7,472.5,160.5
68,6442,214.733,468.5,154.5
68,6443,214.767,462.5,152.5
68,6444,214.8,460.5,152.5
68,6445,214.833,456.5,154.5
68,6446,214.867,454.5,160.5
68,6447,214.9,450.5,168.5
68,6448,214.933,448.5,178.5
68,6449,214.967,446.5,188.5
68,6450,215.0,446.5,200.5
68,6451,215.033,442.5,216.5
68,6452,215.067,444.5,232.5
68,6453,215.1,442.5,236.5
68,6454,215.133,434.5,216.5
68,6455,215.167,430.5,202.5
68,6456,215.2,426.5,188.5
68,6457,215.233,422.5,176.5
68,6458,215.267,418.5,168.5
68,6459,215.3,414.5,160.5
68,6460,215.333,412.5,156.5
68,6461,215.367,410.5,150.5
68,6462,215.4,406.5,154.5
68,6463,215.433,398.5,152.5
68,6464,215.467,396.5,146.5
68,6467,215.567,384.5,146.5
69,6473,215.767,366.5,184.5
69,6474,215.8,362.5,192.5
69,6475,215.833,358.5,196.5
69,6476,215.867,354.5,202.5
69,6477,215.9,350.5,208.5
69,6478,215.933,346.5,210.5
69,6479,215.967,340.5,214.5
69,6480,216.0,334.5,218.5
69,6481,216.033,330.5,224.5
69,6482,216.067,326.5,228.5
69,6483,216.1,320.5,232.5
69,6484,216.133,318.5,234.5
69,6485,216.167,310.5,236.5
69,6486,216.2,304.5,240.5
69,6487,216.233,300.5,242.5
69,6488,216.267,298.5,242.5
69,6489,216.3,294.5,244.5
69,6490,216.333,290.5,246.5
69,6491,216.367,286.5,250.5
69,6492,216.4,286.5,252.5
69,6493,216.433,282.5,252.5
69,6494,216.467,280.5,254.5
69,6495,216.5,280.5,254.5
69,6496,216.533,280.5,258.5
69,6497,216.567,282.5,260.5
69,6498,216.6,282.5,262.5
69,6499,216.633,282.5,264.5
69,6500,216.667,284.5,262.5
69,6501,216.7,282.5,258.5
69,6502,216.733,276.5,250.5
69,6503,216.767,272.5,232.5
69,6504,216.8,270.5,218.5
69,6505,216.833,266.5,202.5
69,6506,216.867,264.5,186.5
69,6507,216.9,262.5,176.5
69,6508,216.933,262.5,168.5
69,6509,216.967,262.5,160.5
69,6510,217.0,264.5,156.5
69,6512,217.067,260.5,158.5
69,6513,217.1,260.5,162.5
69,6514,217.133,262.5,170.5
69,6515,217.167,262.5,178.5
69,6516,217.2,264.5,188.5
69,6517,217.233,266.5,204.5
69,6518,217.267,270.5,218.5
69,6519,217.3,280.5,234.5
69,6520,217.333,316.5,250.5
69,6521,217.367,356.5,276.5
69,6522,217.4,382.5,270.5
69,6523,217.433,412.5,262.5
69,6524,217.467,440.5,260.5
69,6525,217.5,470.5,260.5
69,6526,217.533,498.5,258.5
69,6527,217.567,528.5,262.5
69,6528,217.6,564.5,266.5
69,6529,217.633,596.5,280.5
69,6530,217.667,620.5,290.5
69,6531,217.7,654.5,306.5
69,6532,217.733,684.5,326.5
69,6533,217.767,714.5,348.5
69,6534,217.8,738.5,346.5
69,6535,217.833,770.5,330.5
69,6536,217.867,796.5,328.5
69,6537,217.9,822.5,324.5
69,6538,217.933,848.5,326.5
69,6539,217.967,872.5,330.5
69,6540,218.0,906.5,340.5
69,6542,218.067,906.5,324.5
69,6543,218.1,880.5,304.5
69,6544,218.133,850.5,284.5
69,6545,218.167,808.5,260.5
69,6546,218.2,778.5,246.5
69,6547,218.233,756.5,238.5
69,6548,218.267,728.5,232.5
69,6549,218.3,702.5,226.5
69,6550,218.333,676.5,226.5
69,6551,218.367,648.5,226.5
69,6552,218.4,630.5,230.5
69,6553,218.433,610.5,234.5
69,6554,218.467,592.5,242.5
69,6555,218.5,574.5,250.5
69,6556,218.533,556.5,262.5
69,6557,218.567,542.5,270.5
69,6558,218.6,528.5,250.5
69,6559,218.633,514.5,232.5
69,6560,218.667,504.5,218.5
69,6561,218.7,494.5,208.5
69,6562,218.733,482.5,198.5
69,6563,218.767,472.5,190.5
69,6564,218.8,462.5,186.5
69,6565,218.833,478.5,186.5
69,6566,218.867,508.5,184.5
69,6567,218.9,538.5,184.5
69,6568,218.933,568.5,188.5
69,6569,218.967,600.5,194.5
69,6570,219.0,632.5,204.5
69,6571,219.033,666.5,216.5
69,6572,219.067,692.5,228.5
69,6573,219.1,724.5,244.5
69,6574,219.133,754.5,262.5
69,6575,219.167,790.5,286.5
69,6576,219.2,814.5,308.5
69,6577,219.233,848.5,334.5
69,6578,219.267,870.5,330.5
69,6579,219.3,904.5,320.5
69,6581,219.367,962.5,310.5
69,6582,219.4,996.5,308.5
69,6583,219.433,1024.5,310.5
69,6584,219.467,1052.5,318.5
69,6585,219.5,1082.5,324.5
69,6586,219.533,1108.5,336.5
69,6590,219.667,864.5,218.5
69,6591,219.7,818.5,206.5
69,6592,219.733,772.5,194.5
69,6593,219.767,726.5,188.5
69,6594,219.8,684.5,184.5
69,6595,219.833,642.5,184.5
69,6596,219.867,602.5,188.5
69,6597,219.9,570.5,194.5
69,6598,219.933,538.5,202.5
69,6599,219.967,508.5,212.5
69,6600,220.0,482.5,226.5
69,6601,220.033,450.5,242.5
69,6602,220.067,430.5,258.5
69,6603,220.1,406.5,254.5
69,6604,220.133,386.5,232.5
69,6605,220.167,366.5,212.5
69,6606,220.2,350.5,198.5
69,6607,220.233,328.5,186.5
69,6608,220.267,308.5,176.5
69,6609,220.3,296.5,170.5
69,6610,220.333,278.5,164.5
69,6611,220.367,262.5,162.5
69,6613,220.433,256.5,166.5
69,6615,220.5,378.5,176.5
69,6616,220.533,446.5,188.5
69,6617,220.567,510.5,206.5
69,6618,220.6,570.5,224.5
69,6619,220.633,632.5,248.5
69,6620,220.667,690.5,274.5
69,6622,220.733,820.5,346.5
69,6623,220.767,884.5,342.5
69,6625,220.833,1038.5,324.5
69,6627,220.9,1170.5,320.5
69,6628,220.933,1240.5,322.5
69,6631,221.033,1110.5,168.5
70,6645,221.5,608.5,6.5
70,6646,221.533,578.5,20.5
70,6647,221.567,550.5,38.5
70,6648,221.6,522.5,58.5
70,6649,221.633,500.5,78.5
70,6650,221.667,478.5,102.5
70,6651,221.7,454.5,128.5
70,6652,221.733,430.5,160.5
70,6653,221.767,414.5,184.5
70,6654,221.8,396.5,212.5
70,6655,221.833,378.5,242.5
70,6656,221.867,360.5,274.5
70,6657,221.9,344.5,306.5
70,6658,221.933,330.5,292.5
70,6659,221.967,316.5,266.5
70,6660,222.0,298.5,230.5
70,6661,222.033,284.5,208.5
70,6662,222.067,272.5,186.5
70,6663,222.1,256.5,168.5
70,6664,222.133,244.5,154.5
70,6665,222.167,230.5,140.5
70,6666,222.2,214.5,130.5
70,6667,222.233,202.5,124.5
70,6668,222.267,194.5,122.5
70,6669,222.3,182.5,120.5
70,6670,222.333,170.5,120.5
70,6671,222.367,162.5,126.5
70,6672,222.4,152.5,132.5
70,6673,222.433,146.5,146.5
70,6674,222.467,138.5,156.5
70,6675,222.5,132.5,174.5
70,6676,222.533,126.5,192.5
70,6677,222.567,152.5,194.5
70,6678,222.6,198.5,178.5
70,6679,222.633,250.5,162.5
70,6680,222.667,298.5,154.5
70,6681,222.7,354.5,146.5
70,6682,222.733,404.5,146.5
70,6683,222.767,456.5,148.5
70,6684,222.8,502.5,152.5
70,6685,222.833,552.5,162.5
70,6686,222.867,598.5,174.5
70,6687,222.9,642.5,188.5
70,6688,222.933,682.5,206.5
70,6689,222.967,726.5,228.5
70,6690,223.0,760.5,248.5
70,6691,223.033,794.5,268.5
70,6692,223.067,834.5,302.5
70,6693,223.1,856.5,320.5
70,6694,223.133,890.5,332.5
70,6695,223.167,938.5,298.5
70,6699,223.3,1052.5,246.5
70,6702,223.4,1156.5,218.5
70,6703,223.433,1180.5,222.5
70,6704,223.467,1208.5,224.5
70,6705,223.5,1238.5,230.5
70,6706,223.533,1270.5,238.5
70,6707,223.567,1270.5,244.5
70,6710,223.667,1110.5,168.5
70,6713,223.767,918.5,100.5
70,6714,223.8,864.5,94.5
70,6715,223.833,804.5,86.5
70,6716,223.867,754.5,84.5
70,6717,223.9,704.5,84.5
70,6718,223.933,658.5,88.5
70,6719,223.967,616.5,94.5
70,6720,224.0,574.5,104.5
70,6721,224.033,536.5,114.5
70,6722,224.067,500.5,130.5
70,6723,224.1,468.5,142.5
70,6724,224.133,438.5,158.5
70,6725,224.167,412.5,176.5
70,6726,224.2,382.5,198.5
70,6727,224.233,356.5,216.5
70,6728,224.267,336.5,236.5
70,6732,224.4,266.5,334.5
70,6733,224.433,246.5,346.5
70,6734,224.467,228.5,330.5
70,6735,224.5,214.5,318.5
70,6736,224.533,196.5,304.5
71,6744,224.8,170.5,286.5
71,6745,224.833,178.5,288.5
71,6746,224.867,182.5,298.5
71,6749,224.967,200.5,328.5
71,6750,225.0,208.5,342.5
71,6751,225.033,214.5,360.5
71,6752,225.067,222.5,378.5
71,6754,225.133,218.5,370.5
71,6756,225.2,214.5,366.5
71,6757,225.233,214.5,368.5
71,6758,225.267,214.5,372.5
71,6759,225.3,214.5,374.5
71,6760,225.333,214.5,384.5
71,6761,225.367,214.5,392.5
71,6762,225.4,216.5,400.5
71,6763,225.433,212.5,400.5
71,6764,225.467,208.5,400.5
71,6765,225.5,206.5,400.5
71,6766,225.533,204.5,404.5
71,6767,225.567,204.5,408.5
71,6768,225.6,202.5,416.5
71,6769,225.633,200.5,420.5
71,6770,225.667,198.5,420.5
71,6771,225.7,194.5,422.5
71,6772,225.733,192.5,428.5
71,6773,225.767,190.5,430.5
71,6774,225.8,188.5,432.5
71,6775,225.833,184.5,434.5
72,6782,226.067,190.5,428.5
72,6783,226.1,192.5,422.5
72,6784,226.133,194.5,418.5
72,6785,226.167,198.5,414.5
72,6786,226.2,200.5,412.5
72,6787,226.233,202.5,406.5
72,6788,226.267,204.5,404.5
73,6938,231.267,406.5,208.5
73,6939,231.3,400.5,208.5
73,6940,231.333,396.5,208.5
73,6941,231.367,396.5,206.5
73,6942,231.4,390.5,208.5
73,6943,231.433,388.5,208.5
73,6944,231.467,384.5,208.5
73,6945,231.5,380.5,210.5
73,6946,231.533,380.5,208.5
73,6947,231.567,374.5,210.5
73,6948,231.6,370.5,210.5
73,6949,231.633,366.5,212.5
73,6950,231.667,362.5,214.5
73,6951,231.7,358.5,216.5
73,6952,231.733,354.5,216.5
73,6953,231.767,350.5,218.5
73,6954,231.8,350.5,218.5
73,6955,231.833,350.5,216.5
73,6956,231.867,344.5,218.5
73,6958,231.933,340.5,218.5
73,6959,231.967,338.5,218.5
73,6962,232.067,338.5,218.5
73,6965,232.167,342.5,220.5
73,6969,232.3,348.5,224.5
73,6971,232.367,346.5,224.5
73,6972,232.4,348.5,224.5
73,6973,232.433,348.5,224.5
73,6974,232.467,348.5,224.5
73,6975,232.5,348.5,224.5
73,6976,232.533,350.5,222.5
73,6977,232.567,350.5,220.5
73,6978,232.6,350.5,218.5
73,6979,232.633,350.5,218.5
73,6980,232.667,352.5,216.5
73,6982,232.733,352.5,212.5
73,6983,232.767,350.5,214.5
73,6984,232.8,350.5,214.5
73,6985,232.833,348.5,216.5
73,6986,232.867,348.5,216.5
73,6987,232.9,348.5,218.5
73,6988,232.933,346.5,218.5
73,6989,232.967,350.5,218.5
73,6990,233.0,350.5,220.5
73,6991,233.033,350.5,222.5
73,6992,233.067,350.5,222.5
73,6993,233.1,350.5,222.5
73,6994,233.133,350.5,222.5
73,6995,233.167,348.5,222.5
73,6996,233.2,348.5,222.5
73,6997,233.233,350.5,222.5
73,6998,233.267,348.5,222.5
73,6999,233.3,348.5,222.5
73,7000,233.333,348.5,222.5
73,7001,233.367,348.5,222.5
73,7002,233.4,348.5,222.5
73,7003,233.433,348.5,222.5
73,7004,233.467,348.5,222.5
73,7005,233.5,348.5,222.5
73,7006,233.533,348.5,222.5
73,7007,233.567,348.5,222.5
73,7008,233.6,348.5,222.5
73,7009,233.633,348.5,222.5
73,7010,233.667,348.5,222.5
73,7011,233.7,348.5,222.5
73,7012,233.733,348.5,222.5
73,7013,233.767,348.5,222.5
73,7014,233.8,348.5,222.5
73,7015,233.833,348.5,222.5
73,7016,233.867,346.5,222.5
73,7017,233.9,346.5,222.5
73,7018,233.933,346.5,222.5
73,7019,233.967,346.5,222.5
73,7020,234.0,346.5,222.5
73,7021,234.033,346.5,222.5
73,7022,234.067,346.5,222.5
73,7023,234.1,346.5,222.5
73,7024,234.133,346.5,222.5
73,7025,234.167,346.5,222.5
73,7026,234.2,346.5,222.5
73,7027,234.233,346.5,222.5
73,7028,234.267,346.5,222.5
73,7029,234.3,346.5,222.5
73,7030,234.333,346.5,222.5
73,7031,234.367,346.5,222.5
73,7032,234.4,346.5,222.5
73,7033,234.433,346.5,222.5
73,7034,234.467,346.5,222.5
73,7035,234.5,346.5,222.5
73,7036,234.533,346.5,222.5
73,7037,234.567,346.5,222.5
73,7038,234.6,346.5,222.5
73,7039,234.633,346.5,222.5
73,7040,234.667,346.5,222.5
73,7041,234.7,346.5,222.5
73,7042,234.733,344.5,222.5
73,7043,234.767,346.5,220.5
73,7044,234.8,342.5,218.5
73,7045,234.833,342.5,216.5
73,7046,234.867,340.5,212.5
73,7047,234.9,340.5,210.5
73,7048,234.933,340.5,206.5
73,7049,234.967,336.5,204.5
73,7050,235.0,336.5,200.5
73,7051,235.033,336.5,196.5
73,7055,235.167,334.5,178.5
73,7056,235.2,334.5,174.5
74,7072,235.733,334.5,194.5
74,7073,235.767,334.5,192.5
74,7075,235.833,334.5,192.5
74,7076,235.867,332.5,192.5
74,7078,235.933,326.5,200.5
75,7084,236.133,316.5,224.5
75,7087,236.233,304.5,228.5
75,7088,236.267,300.5,234.5
75,7089,236.3,298.5,236.5
75,7090,236.333,294.5,238.5
75,7092,236.4,288.5,244.5
75,7093,236.433,284.5,244.5
75,7094,236.467,282.5,244.5
75,7095,236.5,282.5,248.5
75,7096,236.533,280.5,250.5
75,7097,236.567,280.5,252.5
75,7098,236.6,280.5,256.5
75,7099,236.633,280.5,260.5
75,7100,236.667,280.5,262.5
75,7101,236.7,282.5,264.5
75,7102,236.733,282.5,264.5
75,7103,236.767,280.5,264.5
75,7104,236.8,278.5,258.5
75,7105,236.833,274.5,246.5
75,7106,236.867,266.5,232.5
75,7107,236.9,264.5,222.5
75,7108,236.933,262.5,206.5
75,7109,236.967,262.5,192.5
75,7110,237.0,258.5,184.5
75,7111,237.033,258.5,176.5
75,7112,237.067,254.5,172.5
75,7113,237.1,256.5,170.5
75,7114,237.133,254.5,170.5
75,7115,237.167,256.5,176.5
75,7116,237.2,256.5,180.5
75,7117,237.233,258.5,190.5
75,7118,237.267,260.5,202.5
75,7119,237.3,262.5,214.5
75,7120,237.333,278.5,234.5
75,7121,237.367,306.5,254.5
75,7123,237.433,358.5,268.5
75,7124,237.467,378.5,262.5
75,7125,237.5,402.5,258.5
75,7126,237.533,422.5,252.5
75,7127,237.567,448.5,252.5
75,7128,237.6,470.5,252.5
75,7129,237.633,496.5,258.5
75,7130,237.667,524.5,266.5
75,7131,237.7,552.5,276.5
75,7132,237.733,578.5,292.5
75,7133,237.767,600.5,306.5
75,7134,237.8,628.5,324.5
75,7135,237.833,630.5,326.5
75,7136,237.867,656.5,346.5
75,7137,237.9,678.5,370.5
75,7138,237.933,708.5,382.5
75,7139,237.967,732.5,366.5
75,7140,238.0,756.5,358.5
75,7141,238.033,778.5,356.5
75,7142,238.067,804.5,354.5
75,7143,238.1,824.5,352.5
75,7145,238.167,774.5,310.5
75,7146,238.2,748.5,294.5
75,7147,238.233,720.5,280.5
75,7148,238.267,692.5,270.5
75,7149,238.3,672.5,260.5
75,7150,238.333,644.5,258.5
75,7151,238.367,618.5,256.5
75,7152,238.4,598.5,256.5
75,7153,238.433,578.5,260.5
75,7154,238.467,562.5,266.5
75,7155,238.5,546.5,274.5
75,7156,238.533,530.5,282.5
75,7157,238.567,514.5,294.5
75,7158,238.6,502.5,272.5
75,7159,238.633,490.5,254.5
75,7160,238.667,482.5,242.5
75,7161,238.7,470.5,228.5
75,7162,238.733,462.5,218.5
75,7163,238.767,454.5,210.5
75,7164,238.8,444.5,208.5
75,7165,238.833,434.5,206.5
75,7166,238.867,452.5,202.5
75,7167,238.9,478.5,198.5
75,7168,238.933,510.5,196.5
75,7169,238.967,542.5,196.5
75,7170,239.0,574.5,198.5
75,7171,239.033,604.5,202.5
75,7172,239.067,634.5,210.5
75,7173,239.1,672.5,222.5
75,7174,239.133,700.5,232.5
75,7175,239.167,730.5,246.5
75,7176,239.2,758.5,258.5
75,7177,239.233,790.5,276.5
75,7178,239.267,826.5,304.5
75,7179,239.3,850.5,324.5
75,7180,239.333,880.5,314.5
75,7181,239.367,908.5,304.5
75,7182,239.4,940.5,292.5
75,7183,239.433,964.5,288.5
75,7184,239.467,996.5,282.5
75,7185,239.5,1014.5,280.5
75,7186,239.533,940.5,248.5
75,7188,239.6,852.5,216.5
75,7189,239.633,802.5,204.5
75,7190,239.667,758.5,196.5
75,7191,239.7,710.5,190.5
75,7192,239.733,674.5,190.5
75,7193,239.767,630.5,192.5
75,7194,239.8,590.5,194.5
75,7195,239.833,550.5,202.5
75,7196,239.867,516.5,210.5
75,7197,239.9,486.5,220.5
75,7198,239.933,452.5,238.5
75,7199,239.967,424.5,250.5
75,7200,240.0,398.5,266.5
75,7201,240.033,372.5,264.5
75,7202,240.067,350.5,248.5
75,7203,240.1,324.5,230.5
75,7204,240.133,306.5,218.5
75,7206,240.2,264.5,196.5
75,7207,240.233,248.5,188.5
75,7208,240.267,228.5,186.5
75,7211,240.367,356.5,154.5
75,7215,240.5,394.5,160.5
75,7216,240.533,388.5,154.5
75,7217,240.567,384.5,148.5
76,7341,244.7,412.5,202.5
76,7342,244.733,412.5,200.5
76,7344,244.8,418.5,188.5
76,7345,244.833,428.5,182.5
76,7346,244.867,438.5,174.5
76,7347,244.9,446.5,164.5
76,7348,244.933,450.5,150.5
76,7349,244.967,452.5,140.5
77,7421,247.367,386.5,210.5
77,7425,247.5,420.5,180.5
77,7426,247.533,428.5,168.5
77,7427,247.567,430.5,160.5
77,7428,247.6,434.5,148.5
77,7429,247.633,438.5,138.5
77,7430,247.667,442.5,130.5
77,7431,247.7,444.5,122.5
77,7432,247.733,444.5,112.5
77,7434,247.8,440.5,108.5
77,7436,247.867,438.5,106.5
77,7437,247.9,436.5,110.5
77,7438,247.933,436.5,118.5
77,7440,248.0,424.5,138.5
78,7454,248.467,352.5,184.5
78,7457,248.567,344.5,134.5
78,7458,248.6,338.5,120.5
78,7459,248.633,330.5,102.5
78,7460,248.667,326.5,92.5
79,7487,249.567,278.5,202.5
79,7489,249.633,278.5,200.5
79,7490,249.667,278.5,200.5
79,7491,249.7,280.5,200.5
79,7492,249.733,282.5,202.5
79,7493,249.767,282.5,200.5
79,7494,249.8,284.5,200.5
79,7495,249.833,284.5,200.5
79,7496,249.867,286.5,200.5
79,7497,249.9,286.5,200.5
79,7501,250.033,284.5,198.5
79,7502,250.067,286.5,196.5
79,7504,250.133,286.5,196.5
79,7505,250.167,286.5,196.5
80,7511,250.367,288.5,192.5
80,7513,250.433,284.5,190.5
80,7516,250.533,286.5,188.5
80,7518,250.6,284.5,188.5
80,7519,250.633,286.5,188.5
81,7540,251.333,158.5,538.5
81,7541,251.367,160.5,538.5
81,7542,251.4,160.5,538.5
81,7543,251.433,160.5,538.5
81,7544,251.467,160.5,538.5
82,7634,254.467,380.5,144.5
82,7635,254.5,386.5,150.5
82,7636,254.533,404.5,162.5
82,7637,254.567,422.5,172.5
82,7638,254.6,458.5,182.5
83,7655,255.167,384.5,194.5
83,7656,255.2,376.5,200.5
83,7657,255.233,368.5,206.5
83,7658,255.267,358.5,210.5
83,7659,255.3,346.5,210.5
84,7942,264.733,1026.5,416.5
84,7943,264.767,1022.5,422.5
84,7944,264.8,1016.5,430.5
84,7945,264.833,1016.5,438.5
84,7946,264.867,1014.5,446.5
84,7947,264.9,1016.5,452.5
84,7948,264.933,1014.5,460.5
84,7949,264.967,1018.5,464.5
84,7950,265.0,1020.5,468.5
85,7957,265.233,1018.5,468.5
85,7958,265.267,1016.5,466.5
85,7959,265.3,1014.5,460.5
85,7960,265.333,1012.5,454.5
85,7961,265.367,1012.5,448.5
85,7962,265.4,1010.5,442.5
85,7963,265.433,1012.5,434.5
85,7964,265.467,1010.5,428.5
85,7965,265.5,1012.5,422.5
85,7966,265.533,1012.5,418.5
85,7967,265.567,1012.5,414.5
85,7969,265.633,1014.5,408.5
85,7972,265.733,1234.5,434.5
86,7986,266.2,1040.5,450.5
86,7987,266.233,1038.5,452.5
86,7988,266.267,1038.5,456.5
86,7989,266.3,1038.5,458.5
86,7990,266.333,1036.5,462.5
86,7991,266.367,1036.5,464.5
86,7992,266.4,1034.5,468.5
86,7993,266.433,1036.5,470.5
86,7994,266.467,1036.5,472.5
86,7995,266.5,1034.5,476.5
86,7996,266.533,1036.5,474.5
86,7997,266.567,1036.5,478.5
86,7998,266.6,1036.5,478.5
86,7999,266.633,1036.5,480.5
86,8001,266.7,1036.5,482.5
86,8004,266.8,1036.5,488.5
87,8011,267.033,1032.5,488.5
87,8012,267.067,1030.5,488.5
87,8013,267.1,1030.5,488.5
87,8014,267.133,1028.5,488.5
87,8015,267.167,1028.5,486.5
87,8016,267.2,1026.5,486.5
87,8017,267.233,1024.5,484.5
87,8018,267.267,1024.5,482.5
87,8019,267.3,1024.5,482.5
87,8020,267.333,1024.5,482.5
87,8021,267.367,1022.5,482.5
87,8022,267.4,1022.5,480.5
87,8023,267.433,1022.5,482.5
87,8024,267.467,1022.5,480.5
87,8025,267.5,1022.5,480.5
87,8026,267.533,1022.5,482.5
87,8027,267.567,1022.5,480.5
87,8028,267.6,1022.5,480.5
87,8029,267.633,1022.5,480.5
87,8030,267.667,1022.5,480.5
87,8031,267.7,1022.5,480.5
87,8032,267.733,1022.5,480.5
87,8033,267.767,1022.5,480.5
87,8034,267.8,1022.5,480.5
87,8035,267.833,1022.5,480.5
87,8036,267.867,1022.5,480.5
87,8037,267.9,1022.5,480.5
87,8038,267.933,1020.5,478.5
87,8040,268.0,1020.5,478.5
87,8041,268.033,1018.5,478.5
87,8042,268.067,1018.5,476.5
87,8043,268.1,1016.5,474.5
87,8044,268.133,1016.5,470.5
87,8045,268.167,1014.5,466.5
87,8048,268.267,1000.5,446.5
87,8049,268.3,998.5,436.5
87,8050,268.333,996.5,420.5
87,8051,268.367,998.5,408.5
88,8067,268.9,1016.5,408.5
88,8068,268.933,1020.5,424.5
88,8069,268.967,1024.5,434.5
88,8070,269.0,1032.5,428.5
88,8073,269.1,1044.5,408.5
89,8078,269.267,1024.5,402.5
89,8079,269.3,1018.5,396.5
89,8082,269.4,992.5,372.5
89,8083,269.433,984.5,366.5
89,8085,269.5,974.5,356.5
89,8086,269.533,970.5,354.5
89,8087,269.567,970.5,350.5
90,8099,269.967,1096.5,384.5
90,8100,270.0,1102.5,386.5
90,8101,270.033,1112.5,386.5
90,8102,270.067,1124.5,386.5
90,8103,270.1,1134.5,386.5
90,8104,270.133,1142.5,386.5
91,8136,271.2,1034.5,402.5
91,8137,271.233,1022.5,420.5
91,8138,271.267,1010.5,436.5
91,8139,271.3,1002.5,454.5
91,8140,271.333,998.5,468.5
91,8141,271.367,998.5,476.5
91,8142,271.4,1000.5,482.5
91,8143,271.433,1002.5,486.5
91,8144,271.467,1004.5,492.5
91,8145,271.5,1008.5,496.5
91,8146,271.533,1010.5,502.5
91,8147,271.567,1016.5,506.5
91,8148,271.6,1016.5,510.5
91,8149,271.633,1016.5,510.5
91,8150,271.667,1014.5,510.5
91,8151,271.7,1010.5,508.5
91,8152,271.733,1006.5,502.5
91,8153,271.767,998.5,498.5
91,8154,271.8,990.5,488.5
92,8185,272.833,1028.5,456.5
92,8186,272.867,1024.5,458.5
92,8189,272.967,1020.5,466.5
92,8190,273.0,1020.5,468.5
92,8194,273.133,1006.5,484.5
92,8195,273.167,1004.5,486.5
93,8265,275.5,1030.5,520.5
93,8267,275.567,1024.5,520.5
93,8268,275.6,1020.5,520.5
93,8270,275.667,1010.5,524.5
93,8271,275.7,1006.5,522.5
94,8304,276.8,974.5,508.5
94,8306,276.867,978.5,504.5
94,8309,276.967,976.5,502.5
94,8311,277.033,978.5,502.5
94,8312,277.067,980.5,500.5
94,8313,277.1,978.5,498.5
94,8314,277.133,980.5,496.5
94,8316,277.2,980.5,494.5
94,8317,277.233,980.5,494.5
94,8318,277.267,982.5,492.5
94,8319,277.3,980.5,490.5
94,8320,277.333,980.5,486.5
94,8321,277.367,980.5,486.5
94,8322,277.4,982.5,486.5
94,8323,277.433,978.5,486.5
94,8324,277.467,980.5,484.5
94,8325,277.5,978.5,484.5
94,8326,277.533,978.5,482.5
94,8327,277.567,980.5,484.5
94,8328,277.6,976.5,484.5
94,8329,277.633,976.5,484.5
94,8330,277.667,976.5,484.5
95,8344,278.133,976.5,486.5
95,8345,278.167,976.5,486.5
95,8346,278.2,976.5,486.5
95,8347,278.233,976.5,486.5
95,8348,278.267,974.5,486.5
95,8350,278.333,976.5,488.5
95,8351,278.367,976.5,486.5
95,8352,278.4,976.5,488.5
95,8354,278.467,978.5,488.5
95,8355,278.5,978.5,488.5
95,8356,278.533,976.5,488.5
95,8357,278.567,978.5,490.5
95,8358,278.6,976.5,490.5
95,8359,278.633,976.5,492.5
96,8380,279.333,976.5,500.5
96,8383,279.433,976.5,500.5
96,8384,279.467,974.5,500.5
96,8385,279.5,974.5,500.5
96,8386,279.533,974.5,500.5
96,8387,279.567,974.5,500.5
96,8389,279.633,976.5,500.5
96,8390,279.667,976.5,500.5
96,8391,279.7,976.5,500.5
97,8458,281.933,868.5,306.5
97,8459,281.967,868.5,300.5
97,8460,282.0,870.5,298.5
97,8461,282.033,868.5,300.5
97,8462,282.067,868.5,306.5
97,8463,282.1,870.5,312.5
98,8500,283.333,902.5,282.5
98,8501,283.367,906.5,270.5
98,8502,283.4,910.5,260.5
98,8503,283.433,914.5,254.5
98,8504,283.467,920.5,254.5
98,8506,283.533,920.5,270.5
98,8507,283.567,920.5,276.5
98,8510,283.667,928.5,434.5
98,8512,283.733,882.5,488.5
98,8513,283.767,894.5,520.5
98,8514,283.8,916.5,546.5
98,8516,283.867,814.5,428.5
98,8517,283.9,770.5,416.5
98,8519,283.967,708.5,340.5
98,8520,284.0,674.5,312.5
98,8521,284.033,648.5,292.5
98,8522,284.067,622.5,276.5
98,8523,284.1,596.5,262.5
98,8524,284.133,578.5,256.5
98,8525,284.167,556.5,250.5
98,8526,284.2,538.5,250.5
98,8527,284.233,518.5,250.5
98,8528,284.267,504.5,250.5
98,8529,284.3,486.5,256.5
98,8530,284.333,472.5,240.5
98,8531,284.367,458.5,226.5
98,8532,284.4,444.5,212.5
98,8533,284.433,436.5,204.5
98,8534,284.467,420.5,196.5
98,8535,284.5,432.5,190.5
98,8536,284.533,464.5,184.5
98,8537,284.567,492.5,180.5
98,8538,284.6,520.5,178.5
98,8539,284.633,548.5,178.5
98,8540,284.667,576.5,180.5
98,8541,284.7,604.5,184.5
98,8542,284.733,632.5,192.5
98,8543,284.767,664.5,202.5
98,8544,284.8,692.5,216.5
98,8545,284.833,722.5,230.5
98,8546,284.867,752.5,250.5
98,8547,284.9,766.5,258.5
98,8548,284.933,804.5,290.5
98,8549,284.967,834.5,318.5
98,8550,285.0,860.5,342.5
98,8551,285.033,882.5,340.5
98,8552,285.067,914.5,328.5
98,8553,285.1,936.5,324.5
98,8554,285.133,970.5,322.5
98,8555,285.167,994.5,322.5
98,8556,285.2,1020.5,324.5
98,8557,285.233,1048.5,330.5
99,8562,285.4,858.5,260.5
99,8563,285.433,796.5,246.5
99,8564,285.467,746.5,238.5
99,8565,285.5,694.5,234.5
99,8566,285.533,646.5,234.5
99,8567,285.567,608.5,236.5
99,8568,285.6,566.5,242.5
99,8569,285.633,530.5,250.5
99,8570,285.667,498.5,258.5
99,8571,285.7,468.5,270.5
99,8572,285.733,440.5,282.5
99,8573,285.767,414.5,290.5
99,8574,285.8,388.5,266.5
99,8575,285.833,364.5,246.5
99,8576,285.867,342.5,230.5
99,8577,285.9,320.5,216.5
99,8578,285.933,296.5,206.5
99,8579,285.967,278.5,200.5
99,8580,286.0,260.5,194.5
99,8583,286.1,258.5,178.5
99,8584,286.133,336.5,192.5
99,8585,286.167,374.5,194.5
99,8586,286.2,420.5,198.5
99,8587,286.233,466.5,210.5
99,8588,286.267,516.5,226.5
99,8589,286.3,564.5,244.5
99,8590,286.333,624.5,272.5
99,8591,286.367,662.5,292.5
99,8592,286.4,706.5,314.5
99,8593,286.433,750.5,350.5
99,8594,286.467,794.5,350.5
99,8595,286.5,838.5,338.5
99,8596,286.533,890.5,324.5
99,8597,286.567,930.5,322.5
99,8599,286.633,1024.5,316.5
99,8600,286.667,1064.5,322.5
99,8601,286.7,1110.5,324.5
99,8602,286.733,1154.5,336.5
99,8604,286.8,1058.5,266.5
99,8605,286.833,1026.5,248.5
99,8607,286.9,906.5,190.5
99,8609,286.967,822.5,156.5
99,8610,287.0,776.5,146.5
99,8611,287.033,738.5,140.5
99,8612,287.067,702.5,136.5
99,8613,287.1,672.5,136.5
99,8614,287.133,634.5,138.5
99,8615,287.167,600.5,144.5
99,8616,287.2,572.5,150.5
99,8617,287.233,544.5,160.5
99,8618,287.267,516.5,170.5
99,8619,287.3,494.5,182.5
99,8620,287.333,468.5,196.5
99,8621,287.367,446.5,214.5
99,8622,287.4,426.5,230.5
99,8623,287.433,406.5,246.5
99,8624,287.467,390.5,262.5
99,8625,287.5,372.5,242.5
99,8626,287.533,356.5,222.5
99,8627,287.567,340.5,202.5
99,8628,287.6,324.5,186.5
99,8629,287.633,312.5,172.5
99,8630,287.667,296.5,162.5
99,8631,287.7,284.5,154.5
99,8632,287.733,272.5,150.5
99,8633,287.767,260.5,146.5
99,8634,287.8,242.5,150.5
99,8635,287.833,260.5,148.5
99,8637,287.9,372.5,184.5
99,8638,287.933,444.5,206.5
99,8639,287.967,494.5,230.5
99,8641,288.033,652.5,310.5
99,8642,288.067,710.5,350.5
99,8643,288.1,766.5,350.5
99,8644,288.133,840.5,340.5
99,8645,288.167,884.5,338.5
99,8647,288.233,1038.5,342.5
99,8648,288.267,1098.5,344.5
100,8654,288.467,1116.5,234.5
100,8658,288.6,930.5,154.5
100,8661,288.7,830.5,142.5
100,8662,288.733,798.5,144.5
100,8663,288.767,768.5,148.5
100,8664,288.8,736.5,156.5
100,8665,288.833,708.5,166.5
100,8666,288.867,682.5,180.5
100,8667,288.9,654.5,196.5
100,8668,288.933,634.5,210.5
100,8669,288.967,610.5,228.5
100,8670,289.0,590.5,246.5
100,8671,289.033,570.5,264.5
100,8672,289.067,554.5,286.5
100,8673,289.1,532.5,290.5
100,8674,289.133,518.5,264.5
100,8675,289.167,508.5,240.5
100,8676,289.2,498.5,224.5
100,8677,289.233,486.5,204.5
100,8678,289.267,472.5,188.5
100,8679,289.3,464.5,178.5
100,8680,289.333,452.5,168.5
100,8681,289.367,442.5,160.5
100,8682,289.4,432.5,156.5
100,8683,289.433,422.5,156.5
100,8684,289.467,414.5,160.5
100,8685,289.5,404.5,162.5
100,8686,289.533,398.5,170.5
100,8687,289.567,390.5,176.5
100,8688,289.6,386.5,184.5
100,8689,289.633,398.5,178.5
100,8690,289.667,422.5,172.5
100,8691,289.7,438.5,168.5
100,8692,289.733,460.5,166.5
100,8693,289.767,484.5,166.5
100,8694,289.8,502.5,170.5
100,8695,289.833,524.5,174.5
100,8696,289.867,548.5,184.5
100,8697,289.9,568.5,196.5
100,8698,289.933,592.5,210.5
100,8699,289.967,612.5,228.5
100,8700,290.0,630.5,244.5
100,8701,290.033,650.5,266.5
100,8702,290.067,676.5,292.5
100,8703,290.1,688.5,314.5
100,8704,290.133,708.5,332.5
100,8705,290.167,726.5,310.5
100,8706,290.2,748.5,292.5
100,8707,290.233,760.5,282.5
100,8708,290.267,778.5,270.5
100,8709,290.3,800.5,262.5
100,8711,290.367,832.5,252.5
100,8712,290.4,852.5,256.5
100,8713,290.433,866.5,260.5
100,8714,290.467,884.5,266.5
100,8718,290.6,860.5,262.5
100,8719,290.633,812.5,242.5
100,8720,290.667,774.5,228.5
100,8721,290.7,738.5,218.5
100,8722,290.733,698.5,210.5
100,8723,290.767,672.5,206.5
100,8724,290.8,638.5,204.5
100,8725,290.833,608.5,206.5
100,8726,290.867,582.5,210.5
100,8727,290.9,558.5,218.5
100,8728,290.933,538.5,226.5
100,8729,290.967,520.5,234.5
100,8730,291.0,498.5,248.5
100,8731,291.033,482.5,246.5
100,8732,291.067,468.5,226.5
100,8733,291.1,454.5,208.5
100,8734,291.133,444.5,194.5
100,8735,291.167,434.5,182.5
100,8736,291.2,424.5,174.5
100,8737,291.233,414.5,168.5
100,8738,291.267,404.5,162.5
100,8739,291.3,394.5,162.5
100,8740,291.333,382.5,166.5
100,8741,291.367,378.5,168.5
100,8742,291.4,382.5,162.5
100,8745,291.5,416.5,136.5
100,8746,291.533,430.5,132.5
100,8747,291.567,444.5,130.5
100,8748,291.6,456.5,132.5
100,8749,291.633,474.5,136.5
100,8750,291.667,488.5,140.5
100,8751,291.7,506.5,152.5
100,8752,291.733,524.5,164.5
100,8753,291.767,542.5,180.5
100,8754,291.8,560.5,200.5
100,8755,291.833,580.5,224.5
100,8756,291.867,596.5,248.5
100,8757,291.9,614.5,276.5
100,8758,291.933,626.5,300.5
100,8759,291.967,644.5,330.5
100,8760,292.0,660.5,352.5
100,8761,292.033,676.5,334.5
100,8762,292.067,688.5,322.5
100,8763,292.1,704.5,306.5
100,8764,292.133,720.5,298.5
100,8765,292.167,734.5,290.5
100,8766,292.2,704.5,268.5
100,8767,292.233,676.5,252.5
100,8768,292.267,622.5,226.5
100,8769,292.3,584.5,210.5
100,8770,292.333,554.5,198.5
100,8771,292.367,522.5,188.5
100,8772,292.4,496.5,182.5
100,8773,292.433,470.5,180.5
100,8774,292.467,446.5,180.5
100,8775,292.5,424.5,182.5
100,8776,292.533,404.5,184.5
100,8777,292.567,390.5,188.5
100,8778,292.6,374.5,196.5
100,8779,292.633,358.5,202.5
100,8780,292.667,344.5,212.5
100,8781,292.7,332.5,224.5
100,8782,292.733,316.5,234.5
100,8783,292.767,312.5,248.5
100,8784,292.8,302.5,262.5
101,8793,293.1,250.5,258.5
101,8795,293.167,258.5,258.5
101,8797,293.233,270.5,258.5
101,8798,293.267,274.5,262.5
101,8799,293.3,342.5,224.5
101,8800,293.333,340.5,224.5
101,8804,293.467,312.5,320.5
101,8805,293.5,314.5,326.5
102,8908,296.933,426.5,166.5
102,8909,296.967,436.5,184.5
102,8910,297.0,448.5,198.5
102,8911,297.033,482.5,182.5
102,8912,297.067,480.5,260.5
102,8913,297.1,492.5,254.5
102,8914,297.133,504.5,242.5
102,8915,297.167,518.5,234.5
102,8916,297.2,528.5,228.5
102,8917,297.233,542.5,224.5
102,8918,297.267,556.5,224.5
102,8919,297.3,570.5,226.5
102,8920,297.333,584.5,230.5
102,8921,297.367,598.5,238.5
102,8922,297.4,612.5,248.5
102,8923,297.433,630.5,264.5
102,8924,297.467,644.5,274.5
102,8925,297.5,658.5,294.5
102,8926,297.533,674.5,316.5
102,8927,297.567,686.5,340.5
102,8928,297.6,700.5,368.5
102,8929,297.633,714.5,366.5
102,8930,297.667,730.5,354.5
102,8931,297.7,740.5,346.5
102,8932,297.733,754.5,340.5
102,8933,297.767,768.5,338.5
102,8934,297.8,782.5,338.5
102,8935,297.833,796.5,342.5
102,8936,297.867,808.5,350.5
102,8937,297.9,820.5,358.5
102,8938,297.933,834.5,374.5
102,8939,297.967,846.5,388.5
102,8941,298.033,872.5,428.5
103,8970,299.0,956.5,278.5
103,8972,299.067,930.5,414.5
103,8974,299.133,944.5,330.5
103,8976,299.2,936.5,388.5
103,8977,299.233,930.5,410.5
103,8978,299.267,926.5,434.5
103,8979,299.3,860.5,430.5
103,8980,299.333,790.5,422.5
103,8981,299.367,738.5,416.5
103,8982,299.4,702.5,380.5
103,8983,299.433,660.5,346.5
103,8984,299.467,622.5,318.5
103,8985,299.5,592.5,302.5
103,8986,299.533,566.5,286.5
103,8987,299.567,536.5,276.5
103,8988,299.6,508.5,266.5
103,8989,299.633,482.5,264.5
103,8990,299.667,462.5,264.5
103,8991,299.7,440.5,266.5
103,8992,299.733,422.5,270.5
103,8993,299.767,402.5,278.5
103,8994,299.8,384.5,264.5
103,8995,299.833,368.5,250.5
103,8996,299.867,352.5,234.5
103,8997,299.9,340.5,226.5
103,8998,299.933,322.5,218.5
103,8999,299.967,332.5,206.5
103,9000,300.0,354.5,196.5
103,9001,300.033,378.5,184.5
103,9002,300.067,404.5,174.5
103,9003,300.1,430.5,168.5
103,9004,300.133,456.5,166.5
103,9005,300.167,482.5,164.5
103,9006,300.2,508.5,166.5
103,9007,300.233,534.5,170.5
103,9008,300.267,562.5,178.5
103,9009,300.3,594.5,190.5
103,9010,300.333,616.5,202.5
103,9011,300.367,642.5,218.5
103,9012,300.4,674.5,238.5
103,9013,300.433,700.5,260.5
103,9014,300.467,724.5,280.5
103,9015,300.5,754.5,308.5
103,9016,300.533,778.5,342.5
103,9017,300.567,802.5,368.5
103,9018,300.6,822.5,352.5
103,9019,300.633,846.5,334.5
103,9020,300.667,870.5,318.5
103,9021,300.7,890.5,312.5
103,9023,300.767,930.5,302.5
104,9035,301.167,446.5,214.5
104,9036,301.2,396.5,214.5
104,9037,301.233,350.5,220.5
104,9038,301.267,310.5,228.5
104,9039,301.3,282.5,238.5
104,9040,301.333,256.5,246.5
105,9098,303.267,830.5,486.5
105,9099,303.3,842.5,488.5
105,9100,303.333,850.5,490.5
105,9101,303.367,858.5,492.5
105,9103,303.433,872.5,496.5
105,9106,303.533,890.5,500.5
105,9107,303.567,898.5,502.5
105,9108,303.6,904.5,504.5
105,9110,303.667,916.5,506.5
105,9111,303.7,924.5,510.5
105,9112,303.733,928.5,512.5
105,9113,303.767,934.5,514.5
105,9114,303.8,942.5,514.5
105,9115,303.833,946.5,518.5
105,9116,303.867,952.5,518.5
105,9117,303.9,958.5,520.5
105,9118,303.933,964.5,522.5
105,9119,303.967,970.5,524.5
105,9120,304.0,974.5,526.5
105,9121,304.033,980.5,526.5
105,9122,304.067,984.5,528.5
105,9123,304.1,990.5,530.5
105,9124,304.133,994.5,532.5
105,9125,304.167,1000.5,534.5
105,9126,304.2,1004.5,534.5
105,9127,304.233,1008.5,538.5
105,9128,304.267,1014.5,538.5
105,9129,304.3,1018.5,542.5
105,9130,304.333,1022.5,542.5
105,9131,304.367,1026.5,542.5
105,9132,304.4,1030.5,544.5
105,9133,304.433,1034.5,544.5
105,9134,304.467,1038.5,548.5
105,9135,304.5,1042.5,548.5
105,9136,304.533,1046.5,548.5
105,9137,304.567,1050.5,550.5
105,9138,304.6,1054.5,550.5
105,9139,304.633,1054.5,552.5
105,9140,304.667,1058.5,554.5
105,9141,304.7,1060.5,554.5
106,9155,305.167,1072.5,550.5
106,9156,305.2,1072.5,552.5
106,9158,305.267,1072.5,552.5
106,9159,305.3,1072.5,552.5
106,9160,305.333,1074.5,552.5
107,9219,307.3,924.5,438.5
107,9222,307.4,840.5,292.5
107,9224,307.467,786.5,218.5
107,9225,307.5,756.5,190.5
107,9226,307.533,738.5,172.5
107,9227,307.567,712.5,154.5
107,9228,307.6,692.5,144.5
107,9229,307.633,672.5,136.5
107,9230,307.667,650.5,132.5
107,9231,307.7,632.5,130.5
107,9232,307.733,612.5,136.5
107,9233,307.767,596.5,140.5
107,9234,307.8,578.5,150.5
107,9235,307.833,566.5,162.5
107,9236,307.867,552.5,176.5
107,9237,307.9,538.5,192.5
107,9238,307.933,526.5,210.5
107,9239,307.967,516.5,226.5
107,9240,308.0,506.5,246.5
107,9241,308.033,496.5,266.5
107,9242,308.067,490.5,290.5
107,9243,308.1,474.5,274.5
107,9244,308.133,470.5,250.5
107,9245,308.167,460.5,230.5
107,9246,308.2,452.5,208.5
107,9247,308.233,444.5,190.5
107,9248,308.267,434.5,174.5
107,9249,308.3,428.5,162.5
107,9250,308.333,420.5,152.5
107,9251,308.367,414.5,146.5
107,9252,308.4,406.5,142.5
107,9253,308.433,400.5,140.5
107,9254,308.467,396.5,142.5
107,9255,308.5,390.5,142.5
107,9256,308.533,386.5,152.5
107,9257,308.567,388.5,160.5
107,9259,308.633,380.5,178.5
107,9260,308.667,372.5,190.5
107,9261,308.7,366.5,198.5
107,9263,308.767,358.5,214.5
107,9267,308.9,332.5,236.5
107,9268,308.933,332.5,240.5
107,9269,308.967,326.5,242.5
107,9270,309.0,318.5,242.5
107,9271,309.033,314.5,246.5
107,9272,309.067,308.5,246.5
107,9273,309.1,302.5,246.5
107,9274,309.133,300.5,250.5
107,9275,309.167,296.5,250.5
107,9276,309.2,290.5,252.5
107,9277,309.233,286.5,254.5
107,9278,309.267,284.5,254.5
107,9279,309.3,282.5,254.5
107,9280,309.333,280.5,256.5
107,9281,309.367,280.5,258.5
107,9282,309.4,280.5,260.5
107,9283,309.433,278.5,262.5
107,9284,309.467,278.5,266.5
107,9285,309.5,280.5,268.5
107,9286,309.533,282.5,270.5
107,9287,309.567,280.5,272.5
108,9292,309.733,276.5,266.5
108,9293,309.767,274.5,260.5
108,9294,309.8,270.5,250.5
108,9295,309.833,272.5,228.5
108,9297,309.9,258.5,202.5
108,9298,309.933,250.5,188.5
108,9299,309.967,250.5,176.5
108,9300,310.0,246.5,166.5
108,9301,310.033,248.5,168.5
108,9302,310.067,244.5,160.5
108,9303,310.1,242.5,154.5
108,9304,310.133,240.5,152.5
108,9305,310.167,240.5,154.5
108,9306,310.2,242.5,160.5
108,9307,310.233,240.5,164.5
108,9308,310.267,240.5,174.5
108,9309,310.3,242.5,182.5
108,9310,310.333,242.5,194.5
108,9311,310.367,246.5,214.5
108,9312,310.4,266.5,226.5
108,9313,310.433,308.5,248.5
108,9314,310.467,356.5,268.5
108,9315,310.5,404.5,282.5
108,9316,310.533,438.5,268.5
108,9317,310.567,468.5,260.5
108,9318,310.6,510.5,252.5
108,9319,310.633,544.5,252.5
108,9320,310.667,580.5,252.5
108,9321,310.7,614.5,254.5
108,9322,310.733,650.5,260.5
108,9323,310.767,686.5,270.5
108,9324,310.8,722.5,282.5
108,9325,310.833,758.5,298.5
108,9326,310.867,786.5,312.5
108,9327,310.9,818.5,336.5
108,9328,310.933,850.5,340.5
108,9329,310.967,888.5,326.5
108,9330,311.0,918.5,320.5
108,9331,311.033,938.5,318.5
108,9332,311.067,974.5,314.5
108,9334,311.133,940.5,274.5
108,9335,311.167,902.5,250.5
108,9336,311.2,854.5,226.5
108,9337,311.233,828.5,214.5
108,9338,311.267,792.5,200.5
108,9339,311.3,758.5,192.5
108,9340,311.333,730.5,188.5
108,9341,311.367,700.5,184.5
108,9342,311.4,672.5,184.5
108,9343,311.433,644.5,186.5
108,9344,311.467,620.5,192.5
108,9345,311.5,594.5,198.5
108,9346,311.533,572.5,208.5
108,9347,311.567,550.5,220.5
108,9348,311.6,530.5,230.5
108,9349,311.633,510.5,244.5
108,9350,311.667,494.5,260.5
108,9351,311.7,482.5,246.5
108,9352,311.733,466.5,222.5
108,9353,311.767,452.5,206.5
108,9354,311.8,440.5,194.5
108,9355,311.833,428.5,182.5
108,9356,311.867,418.5,174.5
108,9357,311.9,410.5,168.5
108,9358,311.933,446.5,168.5
108,9359,311.967,486.5,170.5
108,9360,312.0,524.5,174.5
108,9361,312.033,560.5,182.5
108,9362,312.067,600.5,194.5
108,9363,312.1,638.5,208.5
108,9364,312.133,680.5,226.5
108,9365,312.167,724.5,250.5
108,9366,312.2,756.5,268.5
108,9367,312.233,796.5,302.5
108,9368,312.267,844.5,336.5
108,9369,312.3,880.5,366.5
108,9370,312.333,930.5,418.5
108,9371,312.367,964.5,458.5
108,9372,312.4,1004.5,506.5
108,9373,312.433,1040.5,554.5
108,9374,312.467,1072.5,604.5
109,9383,312.767,304.5,198.5
109,9384,312.8,290.5,208.5
109,9385,312.833,268.5,214.5
109,9386,312.867,250.5,220.5
109,9388,312.933,216.5,226.5
109,9389,312.967,204.5,228.5
110,9555,318.5,774.5,302.5
110,9556,318.533,748.5,274.5
110,9557,318.567,722.5,254.5
110,9558,318.6,694.5,232.5
110,9559,318.633,672.5,216.5
110,9560,318.667,644.5,206.5
110,9561,318.7,622.5,200.5
110,9562,318.733,602.5,198.5
110,9563,318.767,580.5,198.5
110,9564,318.8,562.5,202.5
110,9565,318.833,546.5,210.5
110,9566,318.867,528.5,218.5
110,9568,318.933,502.5,242.5
110,9569,318.967,488.5,262.5
110,9570,319.0,478.5,276.5
110,9571,319.033,468.5,296.5
110,9572,319.067,458.5,314.5
110,9573,319.1,446.5,294.5
110,9574,319.133,438.5,268.5
110,9575,319.167,428.5,246.5
110,9576,319.2,418.5,226.5
110,9577,319.233,412.5,212.5
110,9578,319.267,402.5,200.5
110,9579,319.3,394.5,192.5
110,9580,319.333,386.5,184.5
110,9581,319.367,380.5,178.5
110,9582,319.4,374.5,178.5
110,9583,319.433,374.5,178.5
110,9584,319.467,376.5,178.5
110,9585,319.5,358.5,192.5
110,9586,319.533,354.5,200.5
110,9587,319.567,352.5,210.5
110,9588,319.6,350.5,220.5
110,9590,319.667,342.5,198.5
110,9591,319.7,338.5,178.5
110,9592,319.733,336.5,158.5
110,9593,319.767,332.5,144.5
110,9594,319.8,330.5,130.5
110,9595,319.833,328.5,120.5
110,9596,319.867,326.5,112.5
110,9597,319.9,324.5,108.5
110,9598,319.933,322.5,104.5
110,9599,319.967,322.5,106.5
110,9600,320.0,322.5,110.5
110,9601,320.033,322.5,114.5
110,9602,320.067,322.5,120.5
110,9603,320.1,324.5,130.5
111,9618,320.6,304.5,210.5
111,9619,320.633,304.5,212.5
111,9620,320.667,298.5,222.5
111,9623,320.767,290.5,248.5
111,9624,320.8,288.5,250.5
111,9625,320.833,284.5,252.5
111,9626,320.867,280.5,254.5
111,9627,320.9,280.5,256.5
111,9628,320.933,278.5,256.5
111,9629,320.967,276.5,258.5
111,9630,321.0,276.5,260.5
111,9631,321.033,274.5,258.5
111,9632,321.067,272.5,258.5
111,9633,321.1,272.5,258.5
111,9634,321.133,274.5,258.5
111,9635,321.167,272.5,260.5
111,9636,321.2,272.5,266.5
111,9637,321.233,274.5,270.5
111,9638,321.267,274.5,272.5
111,9639,321.3,274.5,268.5
111,9640,321.333,272.5,258.5
111,9641,321.367,268.5,248.5
111,9642,321.4,262.5,230.5
111,9643,321.433,258.5,212.5
111,9644,321.467,252.5,196.5
111,9645,321.5,248.5,186.5
111,9646,321.533,246.5,178.5
111,9647,321.567,242.5,170.5
111,9648,321.6,240.5,164.5
111,9649,321.633,238.5,162.5
111,9650,321.667,238.5,164.5
111,9651,321.7,238.5,168.5
111,9652,321.733,236.5,176.5
111,9653,321.767,236.5,182.5
111,9654,321.8,236.5,192.5
111,9655,321.833,238.5,202.5
111,9656,321.867,238.5,220.5
111,9657,321.9,240.5,232.5
111,9658,321.933,262.5,248.5
111,9659,321.967,276.5,232.5
111,9661,322.033,398.5,274.5
111,9662,322.067,432.5,264.5
111,9663,322.1,464.5,260.5
111,9664,322.133,508.5,258.5
111,9665,322.167,542.5,258.5
111,9666,322.2,574.5,260.5
111,9667,322.233,614.5,268.5
111,9668,322.267,642.5,274.5
111,9669,322.3,676.5,290.5
111,9670,322.333,716.5,302.5
111,9671,322.367,746.5,320.5
111,9672,322.4,782.5,336.5
111,9673,322.433,814.5,324.5
111,9674,322.467,848.5,312.5
111,9675,322.5,878.5,308.5
111,9676,322.533,902.5,304.5
111,9677,322.567,930.5,304.5
111,9678,322.6,968.5,308.5
111,9679,322.633,992.5,312.5
111,9681,322.7,938.5,272.5
111,9682,322.733,888.5,246.5
111,9683,322.767,854.5,230.5
111,9684,322.8,822.5,218.5
111,9687,322.9,788.5,210.5
111,9688,322.933,702.5,202.5
111,9689,322.967,672.5,204.5
111,9690,323.0,642.5,212.5
111,9691,323.033,616.5,218.5
111,9692,323.067,594.5,226.5
111,9693,323.1,570.5,240.5
111,9694,323.133,548.5,250.5
111,9695,323.167,528.5,262.5
111,9696,323.2,506.5,270.5
111,9697,323.233,494.5,250.5
111,9698,323.267,478.5,234.5
111,9699,323.3,464.5,220.5
111,9700,323.333,448.5,210.5
111,9701,323.367,436.5,202.5
111,9702,323.4,424.5,194.5
111,9703,323.433,408.5,188.5
111,9704,323.467,422.5,190.5
111,9705,323.5,438.5,194.5
111,9706,323.533,468.5,202.5
111,9707,323.567,494.5,214.5
111,9708,323.6,516.5,226.5
111,9709,323.633,540.5,242.5
111,9710,323.667,566.5,258.5
111,9711,323.7,594.5,282.5
111,9712,323.733,614.5,302.5
111,9713,323.767,642.5,328.5
111,9714,323.8,670.5,356.5
111,9715,323.833,694.5,350.5
111,9716,323.867,716.5,346.5
111,9717,323.9,740.5,346.5
111,9718,323.933,766.5,346.5
111,9719,323.967,786.5,354.5
111,9720,324.0,814.5,360.5
111,9721,324.033,840.5,372.5
111,9722,324.067,862.5,386.5
111,9723,324.1,888.5,406.5
111,9724,324.133,862.5,386.5
111,9725,324.167,834.5,366.5
111,9726,324.2,788.5,334.5
111,9727,324.233,734.5,302.5
111,9728,324.267,708.5,292.5
111,9729,324.3,650.5,266.5
111,9730,324.333,622.5,256.5
111,9731,324.367,594.5,248.5
111,9732,324.4,560.5,242.5
111,9733,324.433,564.5,242.5
111,9734,324.467,534.5,240.5
111,9735,324.5,510.5,242.5
111,9736,324.533,486.5,244.5
111,9737,324.567,468.5,248.5
111,9738,324.6,446.5,258.5
111,9739,324.633,430.5,266.5
111,9740,324.667,414.5,276.5
111,9741,324.7,402.5,286.5
111,9742,324.733,386.5,272.5
111,9743,324.767,368.5,246.5
111,9744,324.8,354.5,230.5
111,9745,324.833,342.5,218.5
111,9746,324.867,332.5,206.5
111,9747,324.9,322.5,196.5
111,9749,324.967,340.5,190.5
111,9750,325.0,370.5,186.5
111,9751,325.033,398.5,186.5
111,9752,325.067,430.5,188.5
111,9753,325.1,456.5,194.5
111,9754,325.133,486.5,200.5
111,9755,325.167,514.5,210.5
111,9756,325.2,546.5,224.5
111,9757,325.233,578.5,238.5
111,9758,325.267,602.5,254.5
111,9759,325.3,632.5,274.5
111,9760,325.333,660.5,292.5
111,9761,325.367,688.5,316.5
111,9762,325.4,714.5,310.5
111,9763,325.433,738.5,298.5
111,9764,325.467,764.5,292.5
111,9765,325.5,790.5,282.5
111,9766,325.533,810.5,276.5
111,9767,325.567,840.5,282.5
111,9768,325.6,864.5,282.5
111,9769,325.633,886.5,290.5
111,9770,325.667,908.5,294.5
111,9771,325.7,930.5,308.5
111,9772,325.733,896.5,296.5
111,9773,325.767,862.5,286.5
111,9775,325.833,756.5,264.5
111,9776,325.867,726.5,260.5
111,9777,325.9,688.5,258.5
111,9778,325.933,648.5,260.5
111,9779,325.967,622.5,266.5
111,9780,326.0,580.5,266.5
111,9781,326.033,550.5,274.5
111,9782,326.067,524.5,284.5
111,9783,326.1,496.5,266.5
111,9784,326.133,478.5,250.5
111,9785,326.167,454.5,236.5
111,9786,326.2,432.5,226.5
111,9787,326.233,414.5,218.5
111,9788,326.267,394.5,214.5
111,9789,326.3,376.5,212.5
111,9790,326.333,358.5,212.5
111,9792,326.4,370.5,202.5
111,9793,326.433,396.5,190.5
111,9794,326.467,418.5,182.5
111,9795,326.5,438.5,180.5
111,9796,326.533,462.5,178.5
111,9797,326.567,486.5,178.5
111,9798,326.6,512.5,180.5
111,9799,326.633,538.5,186.5
111,9800,326.667,568.5,196.5
111,9801,326.7,594.5,208.5
111,9802,326.733,622.5,224.5
111,9803,326.767,644.5,240.5
111,9804,326.8,684.5,264.5
111,9805,326.833,710.5,286.5
111,9806,326.867,738.5,310.5
111,9807,326.9,770.5,344.5
111,9808,326.933,800.5,380.5
111,9809,326.967,828.5,416.5
111,9810,327.0,864.5,422.5
111,9812,327.067,918.5,394.5
111,9813,327.1,944.5,390.5
111,9814,327.133,930.5,350.5
111,9815,327.167,882.5,316.5
111,9816,327.2,850.5,294.5
111,9817,327.233,798.5,258.5
111,9818,327.267,752.5,236.5
111,9819,327.3,712.5,220.5
111,9820,327.333,676.5,206.5
111,9821,327.367,642.5,198.5
111,9822,327.4,614.5,194.5
111,9823,327.433,582.5,194.5
111,9824,327.467,560.5,194.5
111,9825,327.5,534.5,198.5
111,9826,327.533,514.5,204.5
111,9827,327.567,494.5,210.5
111,9828,327.6,476.5,222.5
111,9829,327.633,456.5,234.5
111,9830,327.667,440.5,246.5
111,9831,327.7,426.5,264.5
111,9832,327.733,414.5,264.5
111,9833,327.767,400.5,244.5
111,9834,327.8,388.5,222.5
111,9835,327.833,376.5,204.5
111,9836,327.867,366.5,190.5
111,9837,327.9,356.5,178.5
111,9838,327.933,346.5,168.5
111,9840,328.0,374.5,166.5
111,9841,328.033,404.5,162.5
111,9842,328.067,434.5,164.5
111,9843,328.1,464.5,168.5
111,9844,328.133,494.5,176.5
111,9845,328.167,528.5,186.5
111,9846,328.2,558.5,198.5
111,9847,328.233,586.5,210.5
111,9848,328.267,618.5,228.5
111,9849,328.3,644.5,244.5
111,9850,328.333,678.5,266.5
111,9851,328.367,712.5,288.5
111,9852,328.4,734.5,312.5
111,9853,328.433,758.5,308.5
111,9854,328.467,788.5,292.5
111,9855,328.5,816.5,278.5
111,9856,328.533,846.5,272.5
111,9857,328.567,866.5,268.5
111,9858,328.6,892.5,264.5
111,9859,328.633,918.5,266.5
111,9860,328.667,938.5,268.5
111,9861,328.7,964.5,274.5
111,9862,328.733,988.5,280.5
111,9863,328.767,1010.5,294.5
111,9864,328.8,1034.5,310.5
111,9867,328.9,996.5,290.5
111,9868,328.933,940.5,256.5
111,9869,328.967,886.5,234.5
111,9870,329.0,856.5,218.5
111,9871,329.033,810.5,204.5
111,9872,329.067,778.5,196.5
111,9873,329.1,742.5,190.5
111,9874,329.133,708.5,190.5
111,9875,329.167,676.5,190.5
111,9876,329.2,642.5,192.5
111,9877,329.233,610.5,198.5
111,9878,329.267,582.5,206.5
111,9879,329.3,556.5,214.5
111,9880,329.333,532.5,226.5
111,9881,329.367,506.5,242.5
111,9882,329.4,486.5,250.5
111,9883,329.433,466.5,250.5
111,9884,329.467,450.5,236.5
111,9885,329.5,432.5,216.5
111,9886,329.533,418.5,202.5
111,9887,329.567,402.5,192.5
111,9888,329.6,388.5,182.5
111,9889,329.633,374.5,176.5
111,9890,329.667,390.5,176.5
111,9891,329.7,416.5,178.5
111,9892,329.733,448.5,180.5
111,9893,329.767,478.5,184.5
111,9894,329.8,506.5,192.5
111,9895,329.833,538.5,204.5
111,9896,329.867,570.5,218.5
111,9897,329.9,598.5,234.5
111,9898,329.933,628.5,252.5
111,9899,329.967,660.5,276.5
111,9900,330.0,692.5,302.5
111,9901,330.033,720.5,328.5
111,9902,330.067,754.5,362.5
111,9903,330.1,792.5,408.5
111,9904,330.133,822.5,428.5
111,9905,330.167,852.5,422.5
111,9906,330.2,884.5,418.5
111,9907,330.233,924.5,418.5
111,9908,330.267,952.5,422.5
111,9910,330.333,854.5,344.5
111,9911,330.367,796.5,306.5
111,9912,330.4,754.5,280.5
111,9913,330.433,712.5,258.5
111,9914,330.467,678.5,244.5
111,9915,330.5,638.5,230.5
111,9916,330.533,608.5,226.5
111,9917,330.567,582.5,222.5
111,9918,330.6,550.5,220.5
111,9919,330.633,530.5,222.5
111,9920,330.667,506.5,226.5
111,9921,330.7,486.5,234.5
111,9922,330.733,472.5,242.5
111,9923,330.767,456.5,252.5
111,9924,330.8,442.5,264.5
111,9925,330.833,432.5,278.5
111,9926,330.867,418.5,264.5
111,9927,330.9,406.5,244.5
111,9928,330.933,392.5,222.5
111,9929,330.967,384.5,208.5
111,9930,331.0,374.5,194.5
111,9931,331.033,366.5,182.5
111,9932,331.067,356.5,174.5
111,9933,331.1,350.5,168.5
111,9934,331.133,342.5,166.5
111,9935,331.167,336.5,166.5
111,9936,331.2,330.5,168.5
111,9937,331.233,326.5,174.5
111,9938,331.267,332.5,174.5
111,9939,331.3,348.5,164.5
111,9940,331.333,352.5,148.5
111,9941,331.367,390.5,148.5
111,9942,331.4,422.5,142.5
111,9943,331.433,448.5,140.5
111,9944,331.467,478.5,144.5
111,9945,331.5,506.5,148.5
111,9946,331.533,536.5,156.5
111,9947,331.567,568.5,168.5
111,9948,331.6,600.5,184.5
111,9949,331.633,630.5,202.5
111,9950,331.667,666.5,226.5
111,9951,331.7,696.5,250.5
111,9952,331.733,724.5,276.5
111,9953,331.767,764.5,312.5
111,9954,331.8,788.5,346.5
111,9955,331.833,816.5,382.5
111,9956,331.867,852.5,402.5
111,9957,331.9,888.5,380.5
111,9958,331.933,924.5,366.5
111,9959,331.967,960.5,354.5
111,9960,332.0,998.5,346.5
111,9961,332.033,992.5,326.5
111,9964,332.133,826.5,236.5
111,9965,332.167,786.5,220.5
111,9966,332.2,742.5,204.5
111,9967,332.233,702.5,196.5
111,9968,332.267,668.5,190.5
111,9969,332.3,630.5,186.5
111,9970,332.333,596.5,186.5
111,9971,332.367,566.5,188.5
111,9972,332.4,538.5,194.5
111,9973,332.433,512.5,198.5
111,9974,332.467,488.5,208.5
111,9975,332.5,464.5,218.5
111,9976,332.533,444.5,230.5
111,9977,332.567,422.5,242.5
111,9978,332.6,406.5,258.5
111,9979,332.633,390.5,272.5
111,9980,332.667,372.5,266.5
111,9981,332.7,354.5,244.5
111,9982,332.733,342.5,226.5
111,9983,332.767,326.5,210.5
111,9984,332.8,312.5,196.5
111,9985,332.833,300.5,186.5
111,9986,332.867,290.5,178.5
111,9987,332.9,278.5,172.5
111,9988,332.933,264.5,170.5
111,9989,332.967,264.5,166.5
111,9990,333.0,312.5,168.5
111,9991,333.033,382.5,188.5
111,9992,333.067,446.5,202.5
111,9994,333.133,572.5,242.5
111,9995,333.167,628.5,266.5
111,9997,333.233,752.5,326.5
111,9998,333.267,834.5,308.5
111,9999,333.3,880.5,302.5
111,10001,333.367,1006.5,292.5
111,10003,333.433,1130.5,300.5
111,10004,333.467,1180.5,306.5
111,10005,333.5,1238.5,320.5
111,10006,333.533,1204.5,286.5
111,10008,333.6,1122.5,234.5
111,10009,333.633,1052.5,198.5
111,10013,333.767,860.5,132.5
111,10014,333.8,812.5,130.5
111,10015,333.833,770.5,126.5
111,10016,333.867,728.5,126.5
111,10017,333.9,690.5,130.5
111,10018,333.933,648.5,136.5
111,10019,333.967,614.5,146.5
111,10020,334.0,582.5,156.5
111,10021,334.033,548.5,170.5
111,10022,334.067,518.5,186.5
111,10023,334.1,494.5,200.5
111,10024,334.133,468.5,218.5
111,10025,334.167,438.5,242.5
111,10026,334.2,418.5,260.5
111,10027,334.233,398.5,282.5
111,10028,334.267,372.5,268.5
111,10029,334.3,356.5,252.5
111,10030,334.333,336.5,226.5
111,10031,334.367,314.5,208.5
111,10032,334.4,298.5,194.5
111,10033,334.433,282.5,180.5
111,10034,334.467,266.5,172.5
111,10035,334.5,248.5,164.5
111,10036,334.533,234.5,162.5
111,10037,334.567,220.5,160.5
111,10038,334.6,206.5,162.5
111,10039,334.633,194.5,168.5
111,10040,334.667,184.5,172.5
111,10042,334.733,254.5,182.5
111,10043,334.767,256.5,150.5
111,10046,334.867,480.5,228.5
111,10048,334.933,614.5,278.5
111,10050,335.0,712.5,328.5
111,10051,335.033,780.5,354.5
111,10052,335.067,832.5,340.5
111,10053,335.1,906.5,332.5
111,10054,335.133,954.5,324.5
111,10055,335.167,1006.5,322.5
111,10056,335.2,1066.5,324.5
111,10057,335.233,1122.5,324.5
111,10058,335.267,1178.5,334.5
111,10059,335.3,1234.5,344.5
111,10061,335.367,1158.5,282.5
111,10063,335.433,1052.5,220.5
111,10065,335.5,948.5,168.5
111,10066,335.533,910.5,150.5
111,10067,335.567,874.5,140.5
111,10068,335.6,832.5,132.5
111,10069,335.633,794.5,128.5
111,10070,335.667,758.5,126.5
111,10071,335.7,726.5,126.5
111,10072,335.733,694.5,130.5
111,10073,335.767,670.5,136.5
111,10074,335.8,640.5,144.5
111,10075,335.833,612.5,154.5
111,10076,335.867,588.5,166.5
111,10077,335.9,566.5,178.5
111,10078,335.933,546.5,192.5
111,10079,335.967,522.5,210.5
111,10080,336.0,506.5,224.5
111,10081,336.033,488.5,242.5
111,10082,336.067,472.5,246.5
111,10083,336.1,458.5,220.5
111,10084,336.133,446.5,198.5
111,10085,336.167,436.5,184.5
111,10086,336.2,422.5,168.5
111,10087,336.233,414.5,154.5
111,10088,336.267,402.5,146.5
111,10089,336.3,392.5,140.5
111,10090,336.333,382.5,132.5
111,10091,336.367,392.5,134.5
111,10092,336.4,412.5,140.5
111,10093,336.433,448.5,150.5
111,10094,336.467,478.5,164.5
111,10095,336.5,504.5,176.5
111,10096,336.533,534.5,194.5
111,10097,336.567,562.5,214.5
111,10098,336.6,594.5,238.5
111,10099,336.633,626.5,268.5
111,10100,336.667,654.5,292.5
111,10101,336.7,672.5,318.5
111,10102,336.733,706.5,314.5
111,10103,336.767,728.5,306.5
111,10104,336.8,752.5,310.5
111,10105,336.833,786.5,298.5
111,10106,336.867,814.5,298.5
111,10107,336.9,840.5,302.5
111,10108,336.933,872.5,310.5
111,10109,336.967,900.5,320.5
111,10110,337.0,928.5,334.5
111,10111,337.033,944.5,342.5
111,10112,337.067,894.5,314.5
111,10113,337.1,850.5,290.5
111,10114,337.133,796.5,264.5
111,10115,337.167,758.5,252.5
111,10116,337.2,720.5,240.5
111,10117,337.233,684.5,230.5
111,10118,337.267,650.5,226.5
111,10119,337.3,622.5,224.5
111,10120,337.333,594.5,224.5
111,10121,337.367,566.5,226.5
111,10122,337.4,544.5,230.5
111,10123,337.433,524.5,236.5
111,10124,337.467,502.5,244.5
111,10125,337.5,488.5,252.5
111,10126,337.533,468.5,248.5
111,10127,337.567,454.5,232.5
111,10128,337.6,438.5,216.5
111,10129,337.633,424.5,202.5
111,10130,337.667,412.5,190.5
111,10131,337.7,400.5,180.5
111,10132,337.733,408.5,178.5
111,10133,337.767,434.5,174.5
111,10134,337.8,464.5,172.5
111,10135,337.833,490.5,172.5
111,10136,337.867,518.5,178.5
111,10137,337.9,544.5,182.5
111,10138,337.933,574.5,192.5
111,10139,337.967,600.5,202.5
111,10140,338.0,630.5,216.5
111,10141,338.033,656.5,230.5
111,10142,338.067,690.5,250.5
111,10143,338.1,716.5,270.5
111,10144,338.133,740.5,288.5
111,10145,338.167,770.5,318.5
111,10146,338.2,796.5,338.5
111,10147,338.233,824.5,328.5
111,10148,338.267,852.5,318.5
111,10149,338.3,876.5,314.5
111,10150,338.333,910.5,310.5
111,10151,338.367,886.5,296.5
111,10152,338.4,852.5,282.5
111,10153,338.433,798.5,258.5
111,10154,338.467,758.5,250.5
111,10155,338.5,722.5,242.5
111,10156,338.533,688.5,236.5
111,10157,338.567,650.5,234.5
111,10158,338.6,620.5,234.5
111,10159,338.633,590.5,236.5
111,10160,338.667,560.5,240.5
111,10161,338.7,530.5,248.5
111,10162,338.733,502.5,258.5
111,10163,338.767,478.5,266.5
111,10164,338.8,458.5,280.5
111,10165,338.833,436.5,290.5
111,10166,338.867,412.5,270.5
111,10167,338.9,390.5,254.5
111,10168,338.933,388.5,252.5
111,10169,338.967,370.5,238.5
111,10170,339.0,354.5,228.5
111,10171,339.033,334.5,220.5
111,10172,339.067,316.5,216.5
111,10173,339.1,298.5,214.5
111,10174,339.133,286.5,212.5
111,10175,339.167,310.5,202.5
111,10176,339.2,334.5,202.5
111,10177,339.233,360.5,198.5
111,10178,339.267,394.5,198.5
111,10179,339.3,420.5,200.5
111,10180,339.333,452.5,206.5
111,10181,339.367,486.5,216.5
111,10182,339.4,518.5,230.5
111,10183,339.433,546.5,244.5
111,10184,339.467,576.5,258.5
111,10185,339.5,610.5,282.5
111,10186,339.533,638.5,302.5
111,10187,339.567,670.5,330.5
111,10188,339.6,698.5,350.5
111,10189,339.633,726.5,334.5
111,10190,339.667,752.5,322.5
111,10191,339.7,776.5,312.5
111,10192,339.733,800.5,308.5
111,10193,339.767,828.5,310.5
111,10195,339.833,768.5,256.5
111,10196,339.867,740.5,240.5
111,10197,339.9,702.5,220.5
111,10198,339.933,670.5,204.5
111,10199,339.967,632.5,192.5
111,10200,340.0,602.5,182.5
111,10201,340.033,572.5,176.5
111,10202,340.067,546.5,174.5
111,10203,340.1,520.5,172.5
111,10204,340.133,500.5,174.5
111,10205,340.167,478.5,178.5
111,10206,340.2,458.5,184.5
111,10207,340.233,442.5,192.5
111,10208,340.267,424.5,202.5
111,10209,340.3,410.5,212.5
111,10210,340.333,396.5,226.5
111,10211,340.367,384.5,236.5
111,10212,340.4,372.5,224.5
111,10213,340.433,360.5,204.5
111,10214,340.467,354.5,188.5
111,10215,340.5,344.5,174.5
111,10216,340.533,334.5,162.5
111,10217,340.567,328.5,152.5
111,10218,340.6,322.5,144.5
111,10219,340.633,314.5,140.5
111,10221,340.7,338.5,132.5
111,10222,340.733,374.5,130.5
111,10223,340.767,404.5,130.5
111,10224,340.8,434.5,132.5
111,10225,340.833,466.5,136.5
111,10226,340.867,502.5,144.5
111,10227,340.9,536.5,154.5
111,10228,340.933,572.5,168.5
111,10229,340.967,608.5,186.5
111,10230,341.0,640.5,202.5
111,10231,341.033,674.5,222.5
111,10232,341.067,708.5,248.5
111,10233,341.1,742.5,272.5
111,10234,341.133,774.5,302.5
111,10235,341.167,806.5,326.5
111,10236,341.2,846.5,308.5
111,10237,341.233,870.5,298.5
111,10238,341.267,900.5,290.5
111,10239,341.3,938.5,278.5
111,10240,341.333,972.5,276.5
111,10241,341.367,998.5,274.5
111,10244,341.467,946.5,398.5
111,10245,341.5,944.5,404.5
111,10248,341.6,768.5,222.5
111,10249,341.633,720.5,222.5
111,10250,341.667,674.5,226.5
111,10251,341.7,630.5,230.5
111,10252,341.733,592.5,238.5
111,10253,341.767,558.5,248.5
111,10254,341.8,526.5,258.5
111,10255,341.833,492.5,272.5
111,10256,341.867,464.5,248.5
111,10257,341.9,436.5,226.5
111,10258,341.933,416.5,210.5
111,10259,341.967,394.5,196.5
111,10260,342.0,372.5,186.5
111,10261,342.033,354.5,180.5
111,10262,342.067,332.5,174.5
111,10263,342.1,322.5,170.5
111,10264,342.133,340.5,162.5
111,10265,342.167,370.5,150.5
111,10266,342.2,394.5,142.5
111,10267,342.233,420.5,138.5
111,10268,342.267,450.5,134.5
111,10269,342.3,482.5,134.5
111,10270,342.333,514.5,138.5
111,10271,342.367,544.5,146.5
111,10272,342.4,578.5,154.5
111,10273,342.433,612.5,168.5
111,10274,342.467,644.5,182.5
111,10275,342.5,680.5,202.5
111,10276,342.533,714.5,222.5
111,10277,342.567,754.5,250.5
111,10279,342.633,826.5,312.5
111,10280,342.667,864.5,346.5
111,10282,342.733,930.5,420.5
111,10286,342.867,1074.5,620.5
112,10552,351.733,670.5,370.5
112,10553,351.767,626.5,340.5
112,10554,351.8,586.5,318.5
112,10555,351.833,558.5,308.5
112,10556,351.867,524.5,292.5
112,10557,351.9,494.5,286.5
112,10558,351.933,466.5,282.5
112,10559,351.967,438.5,282.5
112,10560,352.0,416.5,282.5
112,10561,352.033,394.5,288.5
112,10562,352.067,370.5,288.5
112,10563,352.1,352.5,274.5
112,10564,352.133,326.5,254.5
112,10565,352.167,310.5,244.5
112,10566,352.2,294.5,236.5
112,10567,352.233,276.5,230.5
112,10568,352.267,262.5,226.5
112,10569,352.3,278.5,216.5
112,10570,352.333,312.5,202.5
112,10571,352.367,344.5,192.5
112,10572,352.4,376.5,184.5
112,10573,352.433,410.5,178.5
112,10574,352.467,440.5,176.5
112,10575,352.5,474.5,176.5
112,10576,352.533,508.5,178.5
112,10577,352.567,542.5,186.5
112,10578,352.6,572.5,194.5
112,10579,352.633,604.5,204.5
112,10580,352.667,636.5,218.5
112,10581,352.7,672.5,238.5
112,10582,352.733,696.5,252.5
112,10583,352.767,726.5,274.5
112,10584,352.8,754.5,292.5
112,10585,352.833,784.5,322.5
112,10586,352.867,810.5,312.5
112,10587,352.9,834.5,296.5
112,10588,352.933,858.5,284.5
112,10589,352.967,884.5,276.5
112,10590,353.0,906.5,270.5
112,10591,353.033,934.5,268.5
112,10592,353.067,958.5,266.5
112,10593,353.1,980.5,268.5
112,10594,353.133,1002.5,274.5
112,10597,353.233,998.5,264.5
112,10600,353.333,866.5,200.5
112,10601,353.367,824.5,188.5
112,10602,353.4,794.5,180.5
112,10603,353.433,758.5,174.5
112,10604,353.467,726.5,172.5
112,10605,353.5,690.5,174.5
112,10606,353.533,696.5,174.5
112,10607,353.567,670.5,176.5
112,10608,353.6,638.5,182.5
112,10609,353.633,612.5,190.5
112,10610,353.667,586.5,202.5
112,10611,353.7,564.5,212.5
112,10612,353.733,544.5,226.5
112,10613,353.767,526.5,240.5
112,10614,353.8,506.5,248.5
112,10615,353.833,490.5,226.5
112,10616,353.867,480.5,212.5
112,10617,353.9,464.5,194.5
112,10618,353.933,452.5,178.5
112,10619,353.967,438.5,168.5
112,10620,354.0,426.5,160.5
112,10621,354.033,416.5,152.5
112,10622,354.067,402.5,148.5
112,10623,354.1,414.5,148.5
112,10624,354.133,436.5,144.5
112,10625,354.167,458.5,144.5
112,10626,354.2,482.5,148.5
112,10627,354.233,504.5,154.5
112,10628,354.267,528.5,162.5
112,10629,354.3,550.5,172.5
112,10630,354.333,576.5,188.5
112,10631,354.367,596.5,202.5
112,10633,354.433,642.5,244.5
112,10634,354.467,672.5,274.5
112,10635,354.5,694.5,300.5
112,10636,354.533,714.5,330.5
112,10637,354.567,738.5,366.5
112,10638,354.6,758.5,386.5
112,10639,354.633,784.5,374.5
112,10640,354.667,804.5,362.5
112,10641,354.7,824.5,356.5
112,10642,354.733,848.5,354.5
112,10643,354.767,868.5,352.5
112,10644,354.8,894.5,356.5
112,10645,354.833,920.5,364.5
112,10647,354.9,860.5,300.5
112,10649,354.967,786.5,234.5
112,10650,355.0,742.5,202.5
112,10651,355.033,708.5,180.5
112,10652,355.067,676.5,164.5
112,10653,355.1,646.5,150.5
112,10654,355.133,618.5,140.5
112,10655,355.167,592.5,134.5
112,10656,355.2,568.5,132.5
112,10657,355.233,546.5,132.5
112,10658,355.267,526.5,136.5
112,10659,355.3,506.5,144.5
112,10660,355.333,492.5,150.5
112,10661,355.367,478.5,162.5
112,10662,355.4,464.5,174.5
112,10663,355.433,454.5,186.5
112,10664,355.467,442.5,202.5
112,10665,355.5,432.5,216.5
112,10666,355.533,426.5,232.5
112,10667,355.567,420.5,248.5
112,10668,355.6,404.5,252.5
112,10669,355.633,386.5,232.5
112,10670,355.667,366.5,216.5
112,10671,355.7,350.5,202.5
112,10672,355.733,330.5,190.5
112,10673,355.767,314.5,182.5
112,10674,355.8,298.5,174.5
112,10675,355.833,280.5,170.5
112,10676,355.867,264.5,168.5
112,10677,355.9,248.5,170.5
112,10678,355.933,234.5,172.5
112,10679,355.967,222.5,178.5
112,10680,356.0,210.5,184.5
112,10681,356.033,198.5,194.5
112,10682,356.067,188.5,206.5
112,10683,356.1,180.5,218.5
112,10684,356.133,170.5,234.5
112,10685,356.167,164.5,250.5
112,10686,356.2,154.5,268.5
112,10687,356.233,150.5,288.5
112,10688,356.267,148.5,308.5
112,10690,356.333,136.5,356.5
112,10691,356.367,134.5,376.5
112,10692,356.4,130.5,392.5
112,10693,356.433,116.5,376.5
112,10694,356.467,106.5,368.5
112,10695,356.5,96.5,356.5
112,10696,356.533,88.5,350.5
112,10697,356.567,80.5,346.5
112,10698,356.6,72.5,340.5
112,10699,356.633,64.5,338.5
112,10700,356.667,58.5,338.5
112,10701,356.7,50.5,338.5
112,10702,356.733,44.5,344.5
112,10703,356.767,38.5,350.5
113,10817,360.567,166.5,150.5
113,10818,360.6,194.5,164.5
113,10819,360.633,226.5,178.5
113,10820,360.667,262.5,196.5
113,10821,360.7,294.5,216.5
113,10822,360.733,324.5,236.5
113,10823,360.767,356.5,262.5
113,10824,360.8,386.5,286.5
113,10825,360.833,416.5,290.5
113,10826,360.867,438.5,274.5
113,10827,360.9,460.5,262.5
113,10828,360.933,484.5,250.5
113,10829,360.967,508.5,244.5
113,10830,361.0,534.5,238.5
113,10831,361.033,558.5,238.5
113,10832,361.067,582.5,238.5
113,10833,361.1,608.5,244.5
113,10834,361.133,630.5,248.5
113,10835,361.167,652.5,258.5
113,10836,361.2,680.5,270.5
113,10837,361.233,710.5,288.5
113,10838,361.267,726.5,300.5
113,10839,361.3,750.5,322.5
113,10840,361.333,768.5,342.5
113,10841,361.367,792.5,368.5
113,10842,361.4,810.5,354.5
113,10843,361.433,830.5,340.5
113,10844,361.467,848.5,328.5
113,10845,361.5,868.5,318.5
113,10846,361.533,886.5,316.5
113,10847,361.567,902.5,314.5
113,10848,361.6,920.5,316.5
113,10849,361.633,934.5,322.5
113,10850,361.667,952.5,330.5
113,10851,361.7,968.5,340.5
113,10852,361.733,984.5,348.5
113,10853,361.767,1000.5,332.5
113,10854,361.8,1016.5,320.5
113,10855,361.833,1032.5,308.5
114,10876,362.533,1080.5,522.5
114,10877,362.567,1078.5,528.5
114,10878,362.6,1072.5,536.5
114,10880,362.667,1064.5,546.5
114,10882,362.733,1054.5,554.5
114,10884,362.8,1038.5,558.5
114,10887,362.9,1022.5,554.5
114,10888,362.933,1020.5,552.5
114,10889,362.967,1014.5,550.5
114,10890,363.0,1008.5,548.5
114,10891,363.033,1002.5,546.5
115,10907,363.567,908.5,274.5
115,10908,363.6,908.5,264.5
115,10909,363.633,918.5,256.5
115,10910,363.667,918.5,256.5
115,10912,363.733,920.5,276.5
116,10926,364.2,634.5,346.5
116,10927,364.233,606.5,318.5
116,10928,364.267,582.5,300.5
116,10929,364.3,556.5,286.5
116,10930,364.333,534.5,276.5
116,10931,364.367,514.5,268.5
116,10932,364.4,494.5,266.5
116,10933,364.433,474.5,266.5
116,10934,364.467,458.5,266.5
116,10935,364.5,442.5,272.5
116,10936,364.533,426.5,266.5
116,10937,364.567,412.5,250.5
116,10938,364.6,396.5,238.5
116,10939,364.633,384.5,226.5
116,10940,364.667,370.5,220.5
116,10941,364.7,356.5,214.5
116,10942,364.733,366.5,210.5
116,10943,364.767,390.5,206.5
116,10944,364.8,420.5,202.5
116,10945,364.833,442.5,202.5
116,10946,364.867,468.5,204.5
116,10947,364.9,494.5,208.5
116,10948,364.933,518.5,214.5
116,10949,364.967,548.5,226.5
116,10950,365.0,576.5,238.5
116,10951,365.033,600.5,252.5
116,10952,365.067,630.5,272.5
116,10953,365.1,654.5,288.5
116,10954,365.133,682.5,310.5
116,10955,365.167,706.5,334.5
116,10956,365.2,734.5,354.5
116,10957,365.233,754.5,344.5
116,10958,365.267,782.5,340.5
116,10959,365.3,802.5,332.5
116,10960,365.333,826.5,336.5
116,10961,365.367,848.5,338.5
116,10962,365.4,872.5,344.5
116,10963,365.433,896.5,354.5
116,10964,365.467,920.5,368.5
116,10965,365.5,940.5,384.5
116,10966,365.533,892.5,336.5
116,10967,365.567,854.5,306.5
116,10969,365.633,768.5,246.5
116,10970,365.667,744.5,232.5
116,10971,365.7,712.5,216.5
116,10972,365.733,682.5,204.5
116,10973,365.767,654.5,194.5
116,10974,365.8,628.5,190.5
116,10975,365.833,604.5,188.5
116,10976,365.867,582.5,190.5
116,10977,365.9,562.5,192.5
116,10978,365.933,544.5,198.5
116,10979,365.967,524.5,204.5
116,10980,366.0,510.5,212.5
116,10981,366.033,494.5,224.5
116,10982,366.067,480.5,234.5
116,10983,366.1,472.5,248.5
116,10984,366.133,456.5,240.5
116,10985,366.167,446.5,218.5
116,10986,366.2,436.5,202.5
116,10987,366.233,424.5,186.5
116,10988,366.267,416.5,174.5
116,10989,366.3,408.5,162.5
116,10991,366.367,442.5,160.5
116,10992,366.4,468.5,162.5
116,10993,366.433,498.5,166.5
116,10994,366.467,530.5,174.5
116,10995,366.5,560.5,184.5
116,10996,366.533,592.5,198.5
116,10997,366.567,618.5,212.5
116,10998,366.6,644.5,226.5
116,10999,366.633,680.5,252.5
116,11000,366.667,710.5,274.5
116,11001,366.7,746.5,302.5
116,11002,366.733,774.5,334.5
116,11003,366.767,816.5,370.5
116,11004,366.8,838.5,362.5
116,11005,366.833,868.5,352.5
116,11006,366.867,898.5,344.5
116,11007,366.9,930.5,344.5
116,11008,366.933,966.5,346.5
116,11009,366.967,998.5,348.5
116,11010,367.0,1030.5,354.5
116,11011,367.033,998.5,328.5
116,11012,367.067,940.5,282.5
116,11014,367.133,852.5,232.5
116,11015,367.167,818.5,216.5
116,11016,367.2,778.5,200.5
116,11017,367.233,740.5,190.5
116,11018,367.267,706.5,184.5
116,11019,367.3,674.5,180.5
116,11020,367.333,642.5,180.5
116,11021,367.367,614.5,182.5
116,11022,367.4,590.5,186.5
116,11023,367.433,564.5,194.5
116,11024,367.467,540.5,202.5
116,11025,367.5,518.5,214.5
116,11026,367.533,500.5,224.5
116,11027,367.567,478.5,240.5
116,11028,367.6,462.5,254.5
116,11029,367.633,462.5,256.5
116,11030,367.667,448.5,270.5
116,11031,367.7,434.5,276.5
116,11032,367.733,418.5,248.5
116,11033,367.767,404.5,230.5
116,11034,367.8,390.5,212.5
116,11035,367.833,376.5,196.5
116,11036,367.867,364.5,184.5
116,11037,367.9,352.5,176.5
116,11038,367.933,342.5,170.5
116,11039,367.967,330.5,164.5
116,11040,368.0,346.5,160.5
116,11041,368.033,376.5,158.5
116,11042,368.067,408.5,158.5
116,11043,368.1,440.5,160.5
116,11044,368.133,476.5,166.5
116,11045,368.167,504.5,172.5
116,11046,368.2,542.5,184.5
116,11047,368.233,574.5,196.5
116,11048,368.267,606.5,212.5
116,11049,368.3,638.5,228.5
116,11050,368.333,674.5,252.5
116,11051,368.367,702.5,270.5
116,11052,368.4,732.5,294.5
116,11053,368.433,764.5,320.5
116,11054,368.467,786.5,308.5
116,11055,368.5,814.5,292.5
116,11056,368.533,844.5,280.5
116,11057,368.567,868.5,272.5
116,11058,368.6,894.5,266.5
116,11059,368.633,920.5,266.5
116,11060,368.667,944.5,266.5
116,11061,368.7,970.5,270.5
116,11062,368.733,996.5,276.5
116,11063,368.767,1016.5,284.5
116,11067,368.9,846.5,244.5
116,11068,368.933,796.5,236.5
116,11069,368.967,744.5,228.5
116,11070,369.0,696.5,226.5
116,11071,369.033,652.5,228.5
116,11072,369.067,610.5,232.5
116,11073,369.1,574.5,238.5
116,11074,369.133,536.5,246.5
116,11075,369.167,502.5,258.5
116,11076,369.2,470.5,266.5
116,11077,369.233,452.5,250.5
116,11078,369.267,424.5,230.5
116,11079,369.3,402.5,214.5
116,11080,369.333,382.5,200.5
116,11081,369.367,360.5,192.5
116,11082,369.4,338.5,184.5
116,11083,369.433,348.5,180.5
116,11084,369.467,370.5,180.5
116,11085,369.5,398.5,180.5
116,11086,369.533,426.5,180.5
116,11087,369.567,452.5,186.5
116,11088,369.6,480.5,194.5
116,11089,369.633,510.5,204.5
116,11090,369.667,534.5,216.5
116,11091,369.7,566.5,234.5
116,11092,369.733,596.5,254.5
116,11093,369.767,622.5,276.5
116,11094,369.8,650.5,298.5
116,11095,369.833,678.5,330.5
116,11096,369.867,706.5,362.5
116,11097,369.9,734.5,376.5
116,11098,369.933,758.5,364.5
116,11099,369.967,784.5,358.5
116,11100,370.0,814.5,356.5
116,11101,370.033,836.5,356.5
116,11102,370.067,864.5,358.5
116,11103,370.1,888.5,362.5
116,11105,370.167,864.5,326.5
116,11106,370.2,834.5,302.5
116,11107,370.233,778.5,252.5
116,11108,370.267,752.5,236.5
116,11109,370.3,720.5,218.5
116,11110,370.333,690.5,202.5
116,11111,370.367,660.5,188.5
116,11112,370.4,636.5,182.5
116,11113,370.433,610.5,178.5
116,11114,370.467,590.5,176.5
116,11115,370.5,570.5,178.5
116,11116,370.533,554.5,182.5
116,11117,370.567,540.5,186.5
116,11118,370.6,526.5,194.5
116,11119,370.633,512.5,204.5
116,11120,370.667,502.5,216.5
116,11121,370.7,494.5,226.5
116,11122,370.733,484.5,240.5
116,11123,370.767,476.5,244.5
116,11124,370.8,466.5,222.5
116,11125,370.833,458.5,200.5
116,11126,370.867,450.5,184.5
116,11127,370.9,444.5,170.5
116,11128,370.933,434.5,158.5
116,11129,370.967,448.5,156.5
116,11130,371.0,470.5,156.5
116,11131,371.033,494.5,162.5
116,11132,371.067,524.5,170.5
116,11133,371.1,550.5,180.5
116,11134,371.133,578.5,192.5
116,11135,371.167,606.5,208.5
116,11136,371.2,632.5,226.5
116,11137,371.233,674.5,254.5
116,11138,371.267,690.5,270.5
116,11139,371.3,724.5,296.5
116,11140,371.333,742.5,322.5
116,11141,371.367,780.5,358.5
116,11142,371.4,814.5,354.5
116,11143,371.433,842.5,346.5
116,11144,371.467,874.5,342.5
116,11145,371.5,900.5,338.5
116,11146,371.533,930.5,340.5
116,11147,371.567,966.5,346.5
116,11148,371.6,998.5,354.5
116,11149,371.633,1028.5,360.5
116,11150,371.667,980.5,328.5
116,11152,371.733,892.5,266.5
116,11153,371.767,846.5,238.5
116,11154,371.8,808.5,222.5
116,11155,371.833,770.5,206.5
116,11156,371.867,734.5,196.5
116,11157,371.9,698.5,190.5
116,11158,371.933,668.5,188.5
116,11159,371.967,634.5,188.5
116,11160,372.0,604.5,192.5
116,11161,372.033,576.5,196.5
116,11162,372.067,550.5,206.5
116,11163,372.1,526.5,216.5
116,11164,372.133,504.5,228.5
116,11165,372.167,480.5,244.5
116,11166,372.2,458.5,260.5
116,11167,372.233,440.5,278.5
116,11168,372.267,424.5,296.5
116,11169,372.3,406.5,286.5
116,11170,372.333,392.5,264.5
116,11171,372.367,372.5,242.5
116,11172,372.4,358.5,226.5
116,11173,372.433,342.5,212.5
116,11174,372.467,328.5,202.5
116,11175,372.5,316.5,194.5
116,11176,372.533,302.5,192.5
116,11177,372.567,290.5,188.5
116,11178,372.6,278.5,188.5
116,11179,372.633,266.5,190.5
116,11183,372.767,430.5,260.5
117,11188,372.933,854.5,306.5
117,11189,372.967,904.5,304.5
117,11193,373.1,1152.5,320.5
117,11194,373.133,1210.5,336.5
117,11195,373.167,1254.5,350.5
117,11197,373.233,1220.5,282.5
117,11198,373.267,1176.5,236.5
118,11203,373.433,980.5,74.5
118,11204,373.467,954.5,62.5
118,11205,373.5,924.5,50.5
118,11206,373.533,892.5,38.5
118,11207,373.567,862.5,32.5
118,11208,373.6,834.5,28.5
118,11209,373.633,802.5,28.5
118,11210,373.667,774.5,30.5
118,11211,373.7,748.5,34.5
118,11212,373.733,722.5,40.5
118,11213,373.767,700.5,50.5
118,11214,373.8,678.5,60.5
118,11215,373.833,648.5,76.5
118,11216,373.867,634.5,88.5
118,11217,373.9,612.5,102.5
118,11218,373.933,592.5,120.5
118,11219,373.967,572.5,142.5
118,11220,374.0,556.5,162.5
118,11221,374.033,538.5,184.5
118,11222,374.067,524.5,206.5
118,11223,374.1,510.5,224.5
118,11224,374.133,496.5,232.5
118,11225,374.167,486.5,206.5
118,11226,374.2,478.5,186.5
118,11227,374.233,470.5,168.5
118,11228,374.267,460.5,148.5
118,11229,374.3,450.5,136.5
118,11230,374.333,444.5,122.5
118,11231,374.367,434.5,114.5
118,11232,374.4,426.5,108.5
118,11233,374.433,418.5,102.5
118,11234,374.467,416.5,102.5
118,11235,374.5,440.5,110.5
118,11236,374.533,468.5,118.5
118,11237,374.567,494.5,134.5
118,11238,374.6,524.5,150.5
118,11239,374.633,552.5,170.5
118,11240,374.667,578.5,190.5
118,11241,374.7,610.5,216.5
118,11242,374.733,630.5,236.5
118,11243,374.767,656.5,260.5
118,11244,374.8,688.5,296.5
118,11245,374.833,722.5,342.5
118,11246,374.867,740.5,350.5
118,11247,374.9,768.5,340.5
118,11248,374.933,798.5,330.5
118,11249,374.967,828.5,326.5
118,11250,375.0,850.5,326.5
118,11251,375.033,880.5,326.5
118,11252,375.067,912.5,334.5
118,11253,375.1,942.5,344.5
118,11254,375.133,928.5,338.5
118,11255,375.167,884.5,304.5
118,11256,375.2,850.5,284.5
118,11257,375.233,776.5,248.5
118,11258,375.267,744.5,234.5
118,11259,375.3,702.5,220.5
118,11260,375.333,668.5,212.5
118,11261,375.367,630.5,202.5
118,11262,375.4,594.5,200.5
118,11263,375.433,564.5,200.5
118,11264,375.467,534.5,202.5
118,11265,375.5,510.5,208.5
118,11266,375.533,486.5,214.5
118,11267,375.567,468.5,220.5
118,11268,375.6,448.5,232.5
118,11269,375.633,430.5,244.5
118,11270,375.667,416.5,258.5
118,11271,375.7,400.5,274.5
118,11272,375.733,386.5,266.5
118,11273,375.767,374.5,246.5
118,11274,375.8,358.5,222.5
118,11275,375.833,350.5,210.5
118,11276,375.867,338.5,194.5
118,11277,375.9,328.5,184.5
118,11278,375.933,318.5,174.5
118,11279,375.967,334.5,168.5
118,11280,376.0,366.5,166.5
118,11281,376.033,398.5,166.5
118,11282,376.067,434.5,166.5
118,11283,376.1,472.5,170.5
118,11284,376.133,508.5,178.5
118,11285,376.167,546.5,186.5
118,11286,376.2,578.5,196.5
118,11287,376.233,618.5,210.5
118,11288,376.267,652.5,226.5
118,11289,376.3,690.5,244.5
118,11290,376.333,726.5,262.5
118,11291,376.367,758.5,282.5
118,11292,376.4,796.5,310.5
118,11293,376.433,830.5,328.5
118,11294,376.467,870.5,314.5
118,11295,376.5,896.5,306.5
118,11296,376.533,938.5,292.5
118,11297,376.567,964.5,288.5
118,11298,376.6,996.5,282.5
118,11299,376.633,1020.5,280.5
118,11302,376.733,1110.5,290.5
118,11305,376.833,1032.5,262.5
118,11308,376.933,836.5,214.5
118,11309,376.967,778.5,210.5
118,11310,377.0,728.5,210.5
118,11311,377.033,678.5,212.5
118,11312,377.067,632.5,218.5
118,11313,377.1,592.5,226.5
118,11314,377.133,550.5,236.5
118,11315,377.167,512.5,250.5
118,11316,377.2,480.5,266.5
118,11317,377.233,448.5,282.5
118,11318,377.267,418.5,278.5
118,11319,377.3,390.5,254.5
118,11320,377.333,362.5,232.5
118,11321,377.367,338.5,218.5
118,11322,377.4,314.5,208.5
118,11323,377.433,292.5,198.5
118,11324,377.467,266.5,192.5
118,11325,377.5,246.5,188.5
118,11326,377.533,266.5,176.5
118,11327,377.567,300.5,162.5
118,11328,377.6,334.5,150.5
118,11329,377.633,370.5,144.5
118,11330,377.667,406.5,138.5
118,11331,377.7,446.5,134.5
118,11332,377.733,482.5,134.5
118,11333,377.767,524.5,140.5
118,11334,377.8,560.5,146.5
118,11335,377.833,600.5,156.5
118,11336,377.867,638.5,168.5
118,11337,377.9,676.5,184.5
118,11338,377.933,714.5,202.5
118,11339,377.967,752.5,224.5
118,11340,378.0,778.5,240.5
118,11341,378.033,840.5,284.5
118,11342,378.067,858.5,302.5
118,11343,378.1,890.5,330.5
118,11345,378.167,962.5,358.5
118,11346,378.2,988.5,342.5
118,11347,378.233,1020.5,326.5
118,11348,378.267,1048.5,314.5
118,11350,378.333,1114.5,294.5
118,11351,378.367,1144.5,292.5
118,11352,378.4,1172.5,292.5
118,11353,378.433,1188.5,290.5
118,11356,378.533,1180.5,294.5
118,11357,378.567,1142.5,284.5
119,11362,378.733,654.5,214.5
119,11363,378.767,600.5,220.5
119,11364,378.8,550.5,226.5
119,11365,378.833,504.5,236.5
119,11366,378.867,470.5,246.5
119,11367,378.9,434.5,248.5
119,11368,378.933,396.5,214.5
119,11369,378.967,366.5,194.5
119,11370,379.0,342.5,180.5
119,11371,379.033,312.5,164.5
119,11372,379.067,300.5,182.5
119,11374,379.133,460.5,162.5
119,11375,379.167,514.5,172.5
119,11376,379.2,572.5,178.5
119,11377,379.233,628.5,190.5
119,11378,379.267,686.5,204.5
119,11379,379.3,748.5,222.5
119,11380,379.333,802.5,240.5
119,11381,379.367,868.5,268.5
119,11383,379.433,996.5,332.5
119,11384,379.467,1064.5,368.5
119,11385,379.5,1136.5,412.5
120,11394,379.8,1096.5,658.5
120,11395,379.833,1054.5,642.5
120,11396,379.867,1026.5,614.5
120,11397,379.9,998.5,588.5
120,11398,379.933,970.5,566.5
120,11399,379.967,944.5,550.5
120,11400,380.0,916.5,534.5
120,11401,380.033,890.5,524.5
120,11403,380.1,840.5,512.5
120,11404,380.133,822.5,510.5
120,11407,380.233,756.5,514.5
120,11408,380.267,732.5,512.5
121,11429,380.967,518.5,474.5
121,11431,381.033,502.5,478.5
121,11432,381.067,494.5,476.5
121,11435,381.167,472.5,478.5
121,11436,381.2,462.5,478.5
121,11437,381.233,456.5,476.5
121,11438,381.267,446.5,478.5
121,11439,381.3,440.5,476.5
121,11440,381.333,432.5,476.5
121,11441,381.367,426.5,476.5
121,11442,381.4,418.5,476.5
121,11443,381.433,412.5,478.5
121,11444,381.467,406.5,478.5
121,11445,381.5,398.5,480.5
121,11446,381.533,392.5,478.5
121,11447,381.567,386.5,478.5
121,11448,381.6,380.5,480.5
121,11449,381.633,374.5,478.5
121,11450,381.667,368.5,480.5
121,11451,381.7,364.5,480.5
121,11452,381.733,358.5,478.5
121,11453,381.767,354.5,480.5
121,11454,381.8,348.5,480.5
121,11455,381.833,344.5,478.5
121,11456,381.867,338.5,478.5
121,11457,381.9,334.5,480.5
121,11458,381.933,330.5,478.5
121,11459,381.967,324.5,478.5
121,11460,382.0,320.5,480.5
121,11461,382.033,316.5,480.5
121,11462,382.067,312.5,478.5
121,11463,382.1,306.5,478.5
121,11464,382.133,310.5,478.5
121,11465,382.167,304.5,480.5
121,11466,382.2,300.5,480.5
121,11467,382.233,296.5,478.5
121,11468,382.267,292.5,478.5
121,11469,382.3,288.5,478.5
121,11470,382.333,286.5,478.5
121,11471,382.367,284.5,478.5
121,11472,382.4,278.5,478.5
121,11473,382.433,274.5,478.5
121,11474,382.467,272.5,478.5
121,11475,382.5,268.5,478.5
121,11477,382.567,318.5,558.5
121,11478,382.6,316.5,556.5
121,11479,382.633,318.5,562.5
121,11482,382.733,320.5,562.5
122,11500,383.333,210.5,470.5
122,11501,383.367,208.5,472.5
122,11503,383.433,206.5,470.5
122,11506,383.533,204.5,472.5
122,11508,383.6,198.5,470.5
122,11512,383.733,194.5,472.5
122,11513,383.767,192.5,470.5
122,11514,383.8,192.5,470.5
122,11515,383.833,192.5,470.5
122,11516,383.867,190.5,470.5
122,11517,383.9,192.5,468.5
122,11518,383.933,190.5,470.5
122,11519,383.967,190.5,466.5
122,11520,384.0,188.5,466.5
122,11521,384.033,190.5,466.5
122,11522,384.067,188.5,464.5
122,11523,384.1,188.5,466.5
122,11524,384.133,188.5,464.5
122,11525,384.167,188.5,464.5
122,11526,384.2,188.5,466.5
122,11527,384.233,190.5,464.5
122,11528,384.267,190.5,466.5
122,11529,384.3,190.5,466.5
122,11530,384.333,190.5,464.5
122,11531,384.367,190.5,464.5
122,11532,384.4,190.5,464.5
122,11533,384.433,188.5,464.5
122,11534,384.467,190.5,464.5
122,11535,384.5,188.5,462.5
122,11536,384.533,188.5,462.5
122,11537,384.567,188.5,462.5
122,11538,384.6,188.5,462.5
122,11539,384.633,188.5,462.5
122,11540,384.667,188.5,462.5
122,11541,384.7,188.5,462.5
122,11542,384.733,188.5,462.5
122,11543,384.767,188.5,462.5
122,11544,384.8,188.5,462.5
122,11545,384.833,188.5,462.5
122,11546,384.867,188.5,464.5
122,11547,384.9,188.5,464.5
122,11548,384.933,186.5,464.5
122,11549,384.967,186.5,464.5
122,11550,385.0,188.5,464.5
122,11551,385.033,188.5,462.5
122,11552,385.067,188.5,464.5
122,11553,385.1,188.5,462.5
122,11554,385.133,188.5,462.5
122,11558,385.267,292.5,570.5
122,11559,385.3,292.5,562.5
122,11560,385.333,292.5,554.5
123,11580,386.0,234.5,282.5
123,11581,386.033,256.5,262.5
123,11582,386.067,288.5,240.5
123,11583,386.1,314.5,220.5
123,11584,386.133,342.5,204.5
123,11585,386.167,374.5,188.5
123,11586,386.2,402.5,176.5
123,11587,386.233,432.5,166.5
123,11588,386.267,464.5,158.5
123,11589,386.3,492.5,154.5
123,11590,386.333,522.5,154.5
123,11591,386.367,552.5,154.5
123,11592,386.4,580.5,158.5
123,11593,386.433,608.5,164.5
123,11594,386.467,642.5,172.5
123,11595,386.5,670.5,186.5
123,11596,386.533,694.5,196.5
123,11597,386.567,720.5,214.5
123,11598,386.6,742.5,228.5
123,11599,386.633,766.5,246.5
123,11600,386.667,790.5,264.5
123,11601,386.7,818.5,296.5
123,11602,386.733,830.5,306.5
123,11603,386.767,858.5,316.5
123,11604,386.8,884.5,280.5
123,11605,386.833,884.5,282.5
123,11606,386.867,898.5,264.5
123,11607,386.9,916.5,246.5
123,11609,386.967,934.5,226.5
123,11610,387.0,952.5,216.5
123,11611,387.033,966.5,216.5
123,11612,387.067,976.5,212.5
123,11613,387.1,986.5,216.5
123,11614,387.133,998.5,220.5
124,11619,387.3,994.5,144.5
124,11620,387.333,992.5,130.5
124,11621,387.367,988.5,124.5
124,11622,387.4,984.5,118.5
124,11623,387.433,978.5,116.5
124,11624,387.467,974.5,118.5
124,11625,387.5,970.5,122.5
124,11626,387.533,964.5,130.5
124,11627,387.567,958.5,140.5
124,11628,387.6,948.5,156.5
124,11629,387.633,944.5,168.5
124,11630,387.667,940.5,186.5
124,11631,387.7,934.5,204.5
124,11632,387.733,926.5,218.5
124,11633,387.767,934.5,206.5
124,11634,387.8,942.5,186.5
124,11635,387.833,952.5,170.5
124,11636,387.867,962.5,146.5
124,11637,387.9,974.5,134.5
124,11638,387.933,982.5,128.5
124,11639,387.967,994.5,122.5
124,11640,388.0,1002.5,120.5
124,11641,388.033,1010.5,122.5
124,11642,388.067,1018.5,128.5
124,11643,388.1,1024.5,132.5
125,11686,389.533,1078.5,442.5
125,11689,389.633,904.5,246.5
125,11692,389.733,1064.5,448.5
125,11693,389.767,1058.5,448.5
125,11694,389.8,1054.5,448.5
125,11697,389.9,1040.5,448.5
125,11698,389.933,1038.5,446.5
125,11699,389.967,1032.5,446.5
125,11700,390.0,1026.5,446.5
125,11701,390.033,1020.5,446.5
125,11703,390.1,1004.5,444.5
126,11757,391.9,1030.5,454.5
126,11758,391.933,1026.5,454.5
126,11759,391.967,1022.5,450.5
126,11760,392.0,1016.5,450.5
126,11761,392.033,1012.5,450.5
126,11762,392.067,1008.5,450.5
126,11765,392.167,998.5,448.5
126,11768,392.267,990.5,458.5
126,11769,392.3,990.5,462.5
127,11789,392.967,902.5,282.5
127,11790,393.0,906.5,274.5
127,11792,393.067,912.5,254.5
127,11796,393.2,918.5,276.5
127,11799,393.3,912.5,324.5
127,11800,393.333,914.5,348.5
127,11802,393.4,902.5,402.5
127,11804,393.467,858.5,444.5
127,11805,393.5,812.5,434.5
127,11806,393.533,768.5,432.5
127,11807,393.567,716.5,392.5
127,11808,393.6,670.5,350.5
127,11809,393.633,638.5,326.5
127,11810,393.667,606.5,306.5
127,11811,393.7,580.5,294.5
127,11812,393.733,550.5,280.5
127,11813,393.767,526.5,274.5
127,11814,393.8,500.5,268.5
127,11815,393.833,478.5,266.5
127,11816,393.867,458.5,270.5
127,11817,393.9,438.5,276.5
127,11818,393.933,422.5,262.5
127,11819,393.967,406.5,248.5
127,11820,394.0,388.5,232.5
127,11821,394.033,374.5,220.5
127,11822,394.067,360.5,214.5
127,11824,394.133,382.5,198.5
127,11825,394.167,406.5,192.5
127,11826,394.2,434.5,186.5
127,11827,394.233,460.5,186.5
127,11828,394.267,486.5,186.5
127,11829,394.3,514.5,190.5
127,11830,394.333,544.5,196.5
127,11831,394.367,570.5,204.5
127,11832,394.4,598.5,216.5
127,11833,394.433,628.5,232.5
127,11834,394.467,650.5,244.5
127,11835,394.5,684.5,266.5
127,11836,394.533,714.5,290.5
127,11837,394.567,738.5,312.5
127,11838,394.6,764.5,340.5
127,11839,394.633,790.5,346.5
127,11840,394.667,814.5,334.5
127,11841,394.7,834.5,326.5
127,11842,394.733,864.5,316.5
127,11843,394.767,886.5,316.5
127,11844,394.8,908.5,314.5
127,11845,394.833,932.5,316.5
127,11846,394.867,960.5,322.5
127,11847,394.9,980.5,332.5
127,11848,394.933,1006.5,346.5
127,11851,395.033,872.5,258.5
127,11852,395.067,838.5,238.5
127,11853,395.1,790.5,218.5
127,11854,395.133,752.5,204.5
127,11855,395.167,714.5,194.5
127,11856,395.2,680.5,188.5
127,11857,395.233,646.5,186.5
127,11858,395.267,618.5,186.5
127,11859,395.3,592.5,188.5
127,11860,395.333,566.5,194.5
127,11861,395.367,544.5,200.5
127,11862,395.4,522.5,212.5
127,11863,395.433,504.5,222.5
127,11864,395.467,486.5,234.5
127,11865,395.5,470.5,248.5
127,11866,395.533,454.5,240.5
127,11867,395.567,438.5,216.5
127,11868,395.6,428.5,200.5
127,11869,395.633,414.5,182.5
127,11870,395.667,402.5,172.5
127,11871,395.7,392.5,162.5
127,11873,395.767,434.5,168.5
127,11874,395.8,462.5,176.5
127,11875,395.833,500.5,188.5
127,11876,395.867,536.5,206.5
127,11877,395.9,578.5,230.5
127,11878,395.933,612.5,252.5
127,11879,395.967,642.5,274.5
127,11880,396.0,688.5,310.5
127,11881,396.033,734.5,354.5
127,11882,396.067,768.5,376.5
127,11883,396.1,800.5,374.5
127,11884,396.133,838.5,372.5
127,11885,396.167,880.5,374.5
127,11886,396.2,920.5,382.5
127,11888,396.267,968.5,370.5
127,11889,396.3,920.5,336.5
127,11890,396.333,872.5,296.5
127,11892,396.4,776.5,230.5
127,11893,396.433,736.5,210.5
127,11894,396.467,698.5,194.5
127,11895,396.5,668.5,180.5
127,11896,396.533,636.5,170.5
127,11897,396.567,606.5,164.5
127,11900,396.667,552.5,162.5
127,11901,396.7,530.5,164.5
127,11902,396.733,510.5,170.5
127,11903,396.767,490.5,178.5
127,11904,396.8,474.5,186.5
127,11905,396.833,460.5,194.5
127,11906,396.867,442.5,210.5
127,11907,396.9,432.5,220.5
127,11908,396.933,422.5,236.5
127,11909,396.967,412.5,250.5
127,11910,397.0,402.5,244.5
127,11911,397.033,390.5,222.5
127,11912,397.067,382.5,200.5
127,11913,397.1,374.5,184.5
127,11914,397.133,366.5,168.5
127,11915,397.167,358.5,156.5
127,11916,397.2,352.5,148.5
127,11917,397.233,346.5,138.5
127,11919,397.3,388.5,144.5
127,11920,397.333,420.5,148.5
127,11921,397.367,460.5,156.5
127,11922,397.4,496.5,168.5
127,11923,397.433,528.5,180.5
127,11924,397.467,576.5,200.5
127,11925,397.5,610.5,218.5
127,11926,397.533,640.5,234.5
127,11927,397.567,688.5,266.5
127,11928,397.6,718.5,288.5
127,11929,397.633,760.5,322.5
127,11930,397.667,798.5,342.5
127,11931,397.7,838.5,330.5
127,11932,397.733,882.5,320.5
127,11933,397.767,916.5,316.5
127,11934,397.8,942.5,310.5
127,11935,397.833,1000.5,312.5
127,11936,397.867,1032.5,316.5
127,11937,397.9,1070.5,324.5
127,11938,397.933,1110.5,332.5
127,11939,397.967,1140.5,342.5
127,11941,398.033,1028.5,264.5
127,11943,398.1,924.5,208.5
127,11944,398.133,880.5,192.5
127,11945,398.167,836.5,178.5
127,11946,398.2,798.5,170.5
127,11947,398.233,756.5,164.5
127,11948,398.267,720.5,164.5
127,11949,398.3,686.5,164.5
127,11950,398.333,652.5,170.5
127,11951,398.367,624.5,178.5
127,11952,398.4,594.5,186.5
127,11953,398.433,570.5,198.5
127,11954,398.467,544.5,212.5
127,11955,398.5,522.5,228.5
127,11956,398.533,502.5,242.5
127,11957,398.567,484.5,260.5
127,11958,398.6,466.5,266.5
127,11959,398.633,450.5,242.5
127,11960,398.667,434.5,218.5
127,11961,398.7,420.5,200.5
127,11962,398.733,404.5,182.5
127,11963,398.767,392.5,170.5
127,11964,398.8,380.5,160.5
127,11965,398.833,368.5,150.5
127,11966,398.867,358.5,146.5
127,11967,398.9,344.5,144.5
127,11968,398.933,366.5,144.5
127,11969,398.967,398.5,146.5
127,11970,399.0,432.5,150.5
127,11971,399.033,466.5,156.5
127,11972,399.067,498.5,166.5
127,11973,399.1,532.5,178.5
127,11974,399.133,568.5,194.5
127,11975,399.167,604.5,212.5
127,11976,399.2,638.5,232.5
127,11977,399.233,676.5,258.5
127,11978,399.267,698.5,276.5
127,11979,399.3,738.5,306.5
127,11980,399.333,768.5,336.5
127,11981,399.367,800.5,322.5
127,11982,399.4,832.5,308.5
127,11983,399.433,862.5,296.5
127,11984,399.467,888.5,290.5
127,11985,399.5,918.5,282.5
127,11986,399.533,946.5,278.5
127,11987,399.567,976.5,278.5
127,11988,399.6,1006.5,286.5
127,11989,399.633,1030.5,294.5
127,11991,399.7,1092.5,318.5
127,11995,399.833,1016.5,266.5
127,11998,399.933,856.5,190.5
127,11999,399.967,808.5,174.5
127,12000,400.0,770.5,164.5
127,12001,400.033,734.5,160.5
127,12002,400.067,694.5,156.5
127,12003,400.1,660.5,156.5
127,12004,400.133,626.5,160.5
127,12005,400.167,594.5,164.5
127,12006,400.2,566.5,172.5
127,12007,400.233,542.5,182.5
127,12008,400.267,518.5,194.5
127,12009,400.3,496.5,208.5
127,12010,400.333,476.5,224.5
127,12011,400.367,456.5,240.5
127,12012,400.4,440.5,244.5
127,12013,400.433,422.5,218.5
127,12014,400.467,408.5,198.5
127,12015,400.5,394.5,182.5
127,12016,400.533,380.5,166.5
127,12017,400.567,368.5,156.5
127,12018,400.6,374.5,148.5
127,12019,400.633,416.5,164.5
127,12020,400.667,454.5,174.5
127,12021,400.7,494.5,190.5
127,12022,400.733,534.5,208.5
127,12023,400.767,576.5,230.5
127,12024,400.8,614.5,252.5
127,12025,400.833,648.5,274.5
127,12026,400.867,716.5,324.5
127,12028,400.933,782.5,356.5
127,12030,401.0,862.5,354.5
127,12033,401.1,998.5,374.5
127,12034,401.133,1042.5,390.5
127,12035,401.167,988.5,352.5
127,12036,401.2,932.5,314.5
127,12037,401.233,882.5,286.5
127,12038,401.267,854.5,270.5
127,12039,401.3,794.5,244.5
127,12040,401.333,758.5,232.5
127,12041,401.367,722.5,224.5
127,12042,401.4,692.5,218.5
127,12043,401.433,660.5,216.5
127,12044,401.467,634.5,216.5
127,12045,401.5,608.5,218.5
127,12046,401.533,584.5,224.5
127,12047,401.567,562.5,230.5
127,12048,401.6,546.5,238.5
127,12049,401.633,528.5,248.5
127,12050,401.667,512.5,262.5
127,12051,401.7,500.5,268.5
127,12052,401.733,486.5,246.5
127,12053,401.767,472.5,220.5
127,12054,401.8,464.5,210.5
127,12055,401.833,454.5,194.5
127,12056,401.867,446.5,182.5
127,12057,401.9,436.5,174.5
127,12058,401.933,430.5,168.5
127,12059,401.967,420.5,164.5
127,12060,402.0,416.5,164.5
127,12061,402.033,442.5,166.5
127,12062,402.067,468.5,172.5
127,12063,402.1,494.5,180.5
127,12064,402.133,520.5,188.5
127,12065,402.167,550.5,202.5
127,12066,402.2,580.5,218.5
127,12067,402.233,608.5,238.5
127,12068,402.267,630.5,252.5
127,12069,402.3,656.5,272.5
127,12070,402.333,686.5,298.5
127,12071,402.367,710.5,294.5
127,12072,402.4,740.5,282.5
127,12073,402.433,760.5,278.5
127,12074,402.467,790.5,272.5
127,12076,402.533,846.5,274.5
127,12077,402.567,868.5,278.5
127,12078,402.6,892.5,286.5
127,12079,402.633,914.5,296.5
127,12080,402.667,936.5,306.5
127,12081,402.7,970.5,330.5
127,12082,402.733,992.5,348.5
127,12083,402.767,978.5,334.5
127,12085,402.833,902.5,278.5
127,12086,402.867,868.5,256.5
127,12087,402.9,836.5,238.5
127,12088,402.933,806.5,224.5
127,12089,402.967,772.5,212.5
127,12090,403.0,742.5,204.5
127,12091,403.033,712.5,198.5
127,12092,403.067,682.5,196.5
127,12093,403.1,654.5,196.5
127,12094,403.133,628.5,200.5
127,12095,403.167,600.5,206.5
127,12096,403.2,578.5,212.5
127,12097,403.233,554.5,222.5
127,12098,403.267,534.5,234.5
127,12099,403.3,510.5,248.5
127,12100,403.333,492.5,262.5
127,12101,403.367,474.5,278.5
127,12102,403.4,456.5,260.5
127,12103,403.433,442.5,242.5
127,12104,403.467,426.5,226.5
127,12105,403.5,414.5,214.5
127,12106,403.533,402.5,204.5
127,12107,403.567,390.5,198.5
127,12108,403.6,376.5,194.5
127,12109,403.633,364.5,190.5
127,12110,403.667,354.5,192.5
127,12111,403.7,370.5,192.5
127,12112,403.733,398.5,194.5
127,12113,403.767,428.5,198.5
127,12114,403.8,454.5,206.5
127,12115,403.833,484.5,218.5
127,12116,403.867,512.5,232.5
127,12117,403.9,538.5,246.5
127,12118,403.933,570.5,266.5
127,12119,403.967,598.5,290.5
127,12120,404.0,626.5,316.5
127,12121,404.033,658.5,342.5
127,12122,404.067,686.5,378.5
127,12123,404.1,708.5,372.5
127,12124,404.133,736.5,362.5
127,12125,404.167,758.5,356.5
127,12126,404.2,784.5,356.5
127,12127,404.233,808.5,354.5
127,12128,404.267,834.5,358.5
127,12131,404.367,758.5,288.5
127,12132,404.4,726.5,268.5
127,12133,404.433,700.5,254.5
127,12134,404.467,676.5,244.5
127,12135,404.5,648.5,238.5
127,12136,404.533,630.5,234.5
127,12137,404.567,610.5,232.5
127,12138,404.6,594.5,234.5
127,12139,404.633,580.5,238.5
127,12140,404.667,566.5,242.5
127,12141,404.7,552.5,250.5
127,12142,404.733,542.5,258.5
127,12143,404.767,534.5,262.5
127,12144,404.8,522.5,242.5
127,12145,404.833,514.5,222.5
127,12146,404.867,506.5,208.5
127,12147,404.9,500.5,194.5
127,12148,404.933,492.5,184.5
127,12149,404.967,486.5,176.5
127,12150,405.0,478.5,172.5
127,12151,405.033,490.5,172.5
127,12152,405.067,512.5,172.5
127,12153,405.1,534.5,178.5
127,12154,405.133,558.5,184.5
127,12155,405.167,582.5,194.5
127,12156,405.2,610.5,206.5
127,12157,405.233,632.5,220.5
127,12158,405.267,654.5,234.5
127,12159,405.3,678.5,250.5
127,12160,405.333,706.5,274.5
127,12161,405.367,740.5,300.5
127,12162,405.4,760.5,326.5
127,12163,405.433,784.5,322.5
127,12164,405.467,812.5,310.5
127,12165,405.5,838.5,308.5
127,12166,405.533,866.5,306.5
127,12167,405.567,892.5,306.5
127,12168,405.6,924.5,310.5
127,12169,405.633,898.5,288.5
127,12170,405.667,856.5,252.5
127,12171,405.7,822.5,228.5
127,12172,405.733,784.5,204.5
127,12173,405.767,754.5,188.5
127,12174,405.8,718.5,172.5
127,12175,405.833,684.5,162.5
127,12176,405.867,654.5,152.5
127,12177,405.9,624.5,150.5
127,12178,405.933,598.5,150.5
127,12179,405.967,572.5,150.5
127,12180,406.0,548.5,154.5
127,12181,406.033,524.5,162.5
127,12182,406.067,502.5,170.5
127,12183,406.1,482.5,182.5
127,12184,406.133,462.5,194.5
127,12185,406.167,444.5,206.5
127,12186,406.2,426.5,222.5
127,12187,406.233,410.5,242.5
127,12188,406.267,392.5,248.5
127,12189,406.3,378.5,224.5
127,12190,406.333,364.5,202.5
127,12191,406.367,350.5,190.5
127,12192,406.4,340.5,178.5
127,12193,406.433,326.5,166.5
127,12194,406.467,312.5,158.5
127,12195,406.5,300.5,150.5
127,12196,406.533,290.5,148.5
127,12197,406.567,278.5,144.5
127,12198,406.6,282.5,150.5
127,12200,406.667,448.5,192.5
127,12204,406.8,764.5,358.5
127,12205,406.833,830.5,356.5
127,12208,406.933,1062.5,346.5
128,12258,408.6,1194.5,540.5
128,12259,408.633,1194.5,550.5
128,12260,408.667,1190.5,562.5
128,12261,408.7,1198.5,560.5
128,12262,408.733,1206.5,552.5
128,12263,408.767,1216.5,546.5
128,12264,408.8,1224.5,542.5
128,12265,408.833,1230.5,544.5
128,12266,408.867,1238.5,544.5
128,12267,408.9,1242.5,550.5
128,12268,408.933,1246.5,556.5
128,12269,408.967,1248.5,566.5
128,12270,409.0,1254.5,564.5
128,12271,409.033,1260.5,562.5
128,12272,409.067,1268.5,560.5
128,12273,409.1,1272.5,560.5
128,12274,409.133,1270.5,564.5
129,12322,410.733,464.5,74.5
129,12325,410.833,524.5,154.5
129,12326,410.867,466.5,146.5
129,12329,410.967,356.5,184.5
129,12330,411.0,352.5,186.5
129,12331,411.033,422.5,146.5
129,12334,411.133,400.5,180.5
129,12337,411.233,344.5,182.5
129,12338,411.267,350.5,178.5
129,12340,411.333,342.5,174.5
129,12344,411.467,622.5,126.5
129,12346,411.533,520.5,148.5
129,12348,411.6,632.5,76.5
129,12352,411.733,408.5,206.5
130,12362,412.067,1270.5,390.5
130,12364,412.133,1264.5,400.5
130,12365,412.167,1260.5,402.5
130,12366,412.2,1258.5,404.5
130,12367,412.233,1254.5,408.5
130,12368,412.267,1248.5,410.5
130,12369,412.3,1246.5,412.5
130,12370,412.333,1244.5,412.5
130,12371,412.367,1234.5,410.5
130,12372,412.4,1230.5,410.5
130,12373,412.433,1224.5,410.5
130,12374,412.467,1220.5,410.5
130,12375,412.5,1214.5,408.5
130,12376,412.533,1212.5,406.5
130,12377,412.567,1206.5,406.5
130,12378,412.6,1200.5,404.5
130,12379,412.633,1194.5,400.5
131,12393,413.1,158.5,524.5
131,12397,413.233,162.5,526.5
131,12401,413.367,190.5,496.5
131,12403,413.433,190.5,496.5
131,12405,413.5,188.5,498.5
131,12406,413.533,190.5,496.5
131,12409,413.633,116.5,560.5
131,12410,413.667,114.5,562.5
131,12412,413.733,108.5,570.5
131,12413,413.767,108.5,576.5
132,12424,414.133,902.5,434.5
132,12426,414.2,892.5,446.5
132,12429,414.3,896.5,454.5
132,12430,414.333,902.5,452.5
132,12432,414.4,910.5,460.5
132,12435,414.5,928.5,464.5
133,12448,414.933,496.5,150.5
133,12452,415.067,476.5,108.5
133,12453,415.1,474.5,100.5
133,12454,415.133,474.5,92.5
133,12457,415.233,314.5,186.5
133,12458,415.267,310.5,180.5
134,12489,416.3,170.5,164.5
134,12490,416.333,174.5,170.5
134,12491,416.367,176.5,180.5
134,12492,416.4,182.5,190.5
134,12493,416.433,184.5,196.5
134,12494,416.467,188.5,204.5
135,12528,417.6,982.5,336.5
135,12529,417.633,976.5,360.5
135,12530,417.667,980.5,378.5
135,12531,417.7,992.5,378.5
135,12532,417.733,998.5,378.5
135,12533,417.767,1008.5,380.5
135,12536,417.867,910.5,252.5
136,12541,418.033,1054.5,472.5
136,12542,418.067,1058.5,484.5
136,12543,418.1,1062.5,490.5
136,12544,418.133,1064.5,498.5
136,12545,418.167,1064.5,506.5
136,12546,418.2,1064.5,512.5
136,12547,418.233,1062.5,518.5
137,12552,418.4,986.5,466.5
137,12553,418.433,948.5,402.5
137,12555,418.5,884.5,298.5
137,12558,418.6,790.5,184.5
137,12559,418.633,762.5,158.5
137,12560,418.667,738.5,140.5
137,12561,418.7,708.5,120.5
137,12562,418.733,680.5,106.5
137,12563,418.767,656.5,100.5
137,12564,418.8,634.5,98.5
137,12565,418.833,614.5,96.5
137,12566,418.867,592.5,98.5
137,12568,418.933,554.5,116.5
137,12569,418.967,536.5,128.5
137,12570,419.0,520.5,142.5
137,12571,419.033,506.5,160.5
137,12572,419.067,492.5,176.5
137,12573,419.1,480.5,196.5
137,12574,419.133,472.5,214.5
137,12576,419.2,452.5,258.5
137,12577,419.233,440.5,284.5
137,12578,419.267,432.5,268.5
137,12579,419.3,422.5,240.5
137,12580,419.333,408.5,210.5
137,12581,419.367,400.5,192.5
137,12582,419.4,390.5,172.5
137,12583,419.433,380.5,156.5
137,12584,419.467,372.5,142.5
137,12585,419.5,362.5,132.5
137,12586,419.533,354.5,124.5
137,12587,419.567,348.5,118.5
137,12588,419.6,338.5,118.5
137,12589,419.633,332.5,116.5
137,12590,419.667,328.5,122.5
137,12591,419.7,328.5,130.5
137,12592,419.733,326.5,140.5
138,12601,420.033,308.5,226.5
138,12602,420.067,306.5,232.5
138,12603,420.1,302.5,238.5
138,12604,420.133,298.5,240.5
138,12605,420.167,294.5,246.5
138,12606,420.2,290.5,246.5
138,12607,420.233,286.5,250.5
138,12608,420.267,286.5,250.5
138,12609,420.3,282.5,252.5
138,12610,420.333,280.5,254.5
138,12611,420.367,278.5,254.5
138,12612,420.4,278.5,254.5
138,12613,420.433,278.5,256.5
138,12614,420.467,274.5,258.5
138,12615,420.5,274.5,260.5
138,12616,420.533,270.5,260.5
138,12617,420.567,272.5,262.5
138,12618,420.6,272.5,264.5
138,12619,420.633,272.5,266.5
138,12620,420.667,274.5,270.5
138,12621,420.7,276.5,270.5
138,12622,420.733,276.5,270.5
138,12623,420.767,274.5,268.5
138,12624,420.8,270.5,258.5
138,12625,420.833,266.5,246.5
138,12626,420.867,258.5,230.5
138,12627,420.9,258.5,218.5
138,12628,420.933,252.5,206.5
138,12629,420.967,250.5,200.5
138,12630,421.0,248.5,190.5
138,12631,421.033,244.5,190.5
138,12632,421.067,242.5,186.5
138,12633,421.1,240.5,190.5
138,12634,421.133,240.5,194.5
138,12635,421.167,238.5,198.5
138,12636,421.2,238.5,210.5
138,12637,421.233,238.5,218.5
138,12638,421.267,244.5,230.5
138,12639,421.3,292.5,252.5
138,12640,421.333,330.5,268.5
138,12641,421.367,374.5,280.5
138,12642,421.4,416.5,268.5
138,12643,421.433,450.5,262.5
138,12644,421.467,488.5,258.5
138,12645,421.5,524.5,258.5
138,12646,421.533,560.5,258.5
138,12647,421.567,598.5,260.5
138,12649,421.633,672.5,276.5
138,12650,421.667,708.5,286.5
138,12651,421.7,752.5,302.5
138,12653,421.767,816.5,328.5
138,12654,421.8,850.5,322.5
138,12655,421.833,882.5,312.5
138,12656,421.867,910.5,308.5
138,12657,421.9,938.5,306.5
138,12659,421.967,934.5,276.5
138,12661,422.033,858.5,236.5
138,12662,422.067,838.5,228.5
138,12663,422.1,800.5,218.5
138,12664,422.133,770.5,210.5
138,12665,422.167,742.5,206.5
138,12666,422.2,710.5,204.5
138,12667,422.233,686.5,202.5
138,12668,422.267,658.5,206.5
138,12670,422.333,604.5,220.5
138,12671,422.367,580.5,230.5
138,12672,422.4,560.5,242.5
138,12673,422.433,536.5,258.5
138,12674,422.467,520.5,266.5
138,12675,422.5,500.5,266.5
138,12676,422.533,484.5,246.5
138,12677,422.567,470.5,232.5
138,12678,422.6,454.5,218.5
138,12679,422.633,440.5,208.5
138,12680,422.667,428.5,200.5
138,12681,422.7,414.5,194.5
138,12682,422.733,434.5,196.5
138,12683,422.767,460.5,208.5
138,12684,422.8,500.5,222.5
138,12685,422.833,536.5,240.5
138,12686,422.867,572.5,258.5
138,12687,422.9,612.5,282.5
138,12688,422.933,638.5,300.5
138,12689,422.967,680.5,334.5
138,12690,423.0,714.5,364.5
138,12691,423.033,752.5,388.5
138,12692,423.067,792.5,386.5
138,12693,423.1,830.5,388.5
138,12694,423.133,870.5,394.5
138,12695,423.167,920.5,410.5
138,12696,423.2,914.5,400.5
138,12697,423.233,854.5,350.5
138,12698,423.267,808.5,322.5
138,12699,423.3,758.5,292.5
138,12700,423.333,726.5,274.5
138,12701,423.367,686.5,256.5
138,12702,423.4,646.5,242.5
138,12703,423.433,624.5,234.5
138,12704,423.467,590.5,228.5
138,12705,423.5,564.5,226.5
138,12706,423.533,542.5,226.5
138,12707,423.567,518.5,230.5
138,12708,423.6,500.5,234.5
138,12709,423.633,482.5,242.5
138,12710,423.667,466.5,250.5
138,12711,423.7,454.5,260.5
138,12712,423.733,438.5,274.5
138,12713,423.767,424.5,254.5
138,12714,423.8,414.5,234.5
138,12715,423.833,402.5,216.5
138,12716,423.867,392.5,202.5
138,12717,423.9,384.5,192.5
138,12718,423.933,376.5,180.5
138,12719,423.967,398.5,182.5
138,12720,424.0,442.5,188.5
138,12721,424.033,478.5,194.5
138,12722,424.067,518.5,206.5
138,12723,424.1,556.5,218.5
138,12724,424.133,598.5,234.5
138,12725,424.167,644.5,254.5
138,12726,424.2,682.5,270.5
138,12728,424.267,766.5,318.5
138,12729,424.3,806.5,342.5
138,12730,424.333,854.5,368.5
138,12731,424.367,894.5,358.5
138,12732,424.4,930.5,352.5
138,12733,424.433,988.5,352.5
138,12734,424.467,1028.5,352.5
138,12736,424.533,1128.5,364.5
138,12737,424.567,1124.5,350.5
139,12742,424.733,860.5,218.5
139,12743,424.767,832.5,214.5
139,12744,424.8,786.5,206.5
139,12745,424.833,746.5,202.5
139,12746,424.867,708.5,204.5
139,12747,424.9,674.5,208.5
139,12748,424.933,642.5,212.5
139,12749,424.967,610.5,222.5
139,12750,425.0,580.5,234.5
139,12751,425.033,558.5,244.5
139,12752,425.067,528.5,260.5
139,12753,425.1,506.5,278.5
139,12754,425.133,484.5,296.5
139,12755,425.167,464.5,286.5
139,12756,425.2,446.5,264.5
139,12757,425.233,426.5,244.5
139,12758,425.267,408.5,226.5
139,12759,425.3,394.5,212.5
139,12760,425.333,376.5,202.5
139,12761,425.367,362.5,194.5
139,12762,425.4,346.5,188.5
139,12763,425.433,334.5,186.5
139,12764,425.467,330.5,186.5
139,12765,425.5,362.5,182.5
139,12766,425.533,398.5,182.5
139,12767,425.567,430.5,186.5
139,12768,425.6,458.5,192.5
139,12769,425.633,492.5,200.5
139,12770,425.667,524.5,212.5
139,12771,425.7,558.5,230.5
139,12772,425.733,554.5,228.5
139,12773,425.767,592.5,246.5
139,12774,425.8,624.5,268.5
139,12775,425.833,650.5,284.5
139,12776,425.867,686.5,314.5
139,12777,425.9,720.5,342.5
139,12778,425.933,744.5,364.5
139,12779,425.967,774.5,352.5
139,12780,426.0,802.5,340.5
139,12781,426.033,830.5,328.5
139,12782,426.067,854.5,324.5
139,12783,426.1,886.5,318.5
139,12784,426.133,916.5,320.5
139,12785,426.167,936.5,324.5
139,12786,426.2,974.5,330.5
139,12787,426.233,994.5,340.5
139,12788,426.267,1022.5,354.5
139,12789,426.3,1046.5,370.5
139,12790,426.333,1064.5,386.5
139,12793,426.433,870.5,270.5
139,12794,426.467,838.5,252.5
139,12795,426.5,782.5,230.5
139,12796,426.533,740.5,214.5
139,12797,426.567,704.5,206.5
139,12798,426.6,664.5,198.5
139,12799,426.633,634.5,196.5
139,12800,426.667,604.5,196.5
139,12801,426.7,582.5,200.5
139,12802,426.733,560.5,204.5
139,12803,426.767,538.5,212.5
139,12804,426.8,520.5,222.5
139,12805,426.833,508.5,230.5
139,12806,426.867,490.5,220.5
139,12807,426.9,478.5,200.5
139,12808,426.933,466.5,184.5
139,12809,426.967,454.5,170.5
139,12810,427.0,444.5,154.5
139,12811,427.033,434.5,148.5
139,12812,427.067,472.5,152.5
139,12813,427.1,508.5,158.5
139,12814,427.133,544.5,166.5
139,12815,427.167,582.5,178.5
139,12816,427.2,618.5,192.5
139,12817,427.233,658.5,210.5
139,12818,427.267,698.5,230.5
139,12819,427.3,736.5,254.5
139,12820,427.333,786.5,288.5
139,12821,427.367,806.5,306.5
139,12822,427.4,848.5,336.5
139,12823,427.433,896.5,324.5
139,12824,427.467,928.5,324.5
139,12825,427.5,978.5,326.5
139,12826,427.533,1016.5,328.5
139,12827,427.567,1062.5,336.5
139,12828,427.6,1108.5,346.5
139,12829,427.633,1150.5,360.5
139,12831,427.7,1170.5,332.5
140,12836,427.867,920.5,96.5
140,12837,427.9,880.5,78.5
140,12838,427.933,832.5,54.5
140,12839,427.967,796.5,40.5
140,12840,428.0,758.5,28.5
140,12841,428.033,718.5,20.5
140,12842,428.067,686.5,18.5
140,12843,428.1,654.5,20.5
140,12844,428.133,622.5,22.5
140,12845,428.167,596.5,28.5
140,12846,428.2,570.5,38.5
140,12847,428.233,546.5,50.5
140,12848,428.267,524.5,62.5
140,12849,428.3,504.5,78.5
140,12850,428.333,484.5,94.5
140,12851,428.367,468.5,112.5
140,12852,428.4,454.5,132.5
140,12853,428.433,438.5,154.5
140,12854,428.467,426.5,174.5
140,12855,428.5,414.5,198.5
140,12856,428.533,406.5,220.5
140,12857,428.567,392.5,230.5
140,12858,428.6,376.5,202.5
140,12859,428.633,366.5,176.5
140,12860,428.667,354.5,154.5
140,12861,428.7,340.5,134.5
140,12862,428.733,330.5,118.5
140,12863,428.767,320.5,104.5
140,12864,428.8,310.5,92.5
140,12865,428.833,298.5,84.5
140,12866,428.867,290.5,80.5
140,12867,428.9,280.5,74.5
140,12868,428.933,272.5,72.5
140,12869,428.967,264.5,74.5
140,12870,429.0,284.5,78.5
140,12871,429.033,304.5,82.5
140,12872,429.067,340.5,90.5
140,12873,429.1,366.5,100.5
140,12874,429.133,396.5,114.5
140,12875,429.167,428.5,130.5
140,12876,429.2,462.5,150.5
140,12877,429.233,496.5,174.5
140,12878,429.267,532.5,202.5
140,12879,429.3,562.5,228.5
140,12880,429.333,586.5,252.5
140,12881,429.367,622.5,288.5
140,12882,429.4,662.5,322.5
140,12883,429.433,686.5,304.5
140,12884,429.467,720.5,282.5
140,12885,429.5,742.5,270.5
140,12886,429.533,766.5,260.5
140,12887,429.567,800.5,250.5
140,12888,429.6,834.5,244.5
140,12889,429.633,858.5,242.5
140,12891,429.7,922.5,248.5
140,12892,429.733,950.5,252.5
140,12893,429.767,986.5,264.5
140,12894,429.8,1006.5,276.5
141,12900,430.0,940.5,208.5
141,12901,430.033,926.5,166.5
141,12903,430.1,814.5,144.5
141,12904,430.133,778.5,130.5
141,12905,430.167,742.5,120.5
141,12906,430.2,710.5,114.5
141,12909,430.3,622.5,118.5
141,12910,430.333,600.5,122.5
141,12911,430.367,578.5,132.5
141,12912,430.4,554.5,144.5
141,12913,430.433,534.5,154.5
141,12914,430.467,514.5,168.5
141,12915,430.5,498.5,182.5
141,12916,430.533,482.5,198.5
141,12917,430.567,468.5,218.5
141,12918,430.6,454.5,234.5
141,12919,430.633,440.5,230.5
141,12920,430.667,430.5,208.5
141,12921,430.7,420.5,188.5
141,12922,430.733,410.5,170.5
141,12923,430.767,402.5,154.5
141,12924,430.8,392.5,140.5
141,12925,430.833,416.5,152.5
141,12926,430.867,454.5,176.5
141,12927,430.9,490.5,204.5
141,12928,430.933,530.5,236.5
141,12929,430.967,562.5,262.5
141,12930,431.0,598.5,294.5
141,12931,431.033,644.5,340.5
141,12932,431.067,694.5,388.5
141,12933,431.1,734.5,392.5
141,12934,431.133,780.5,404.5
141,12935,431.167,826.5,412.5
141,12936,431.2,886.5,434.5
141,12938,431.267,988.5,474.5
141,12939,431.3,938.5,412.5
141,12942,431.4,822.5,298.5
141,12943,431.433,766.5,250.5
141,12944,431.467,742.5,234.5
141,12945,431.5,712.5,218.5
141,12946,431.533,688.5,208.5
141,12947,431.567,660.5,200.5
141,12948,431.6,640.5,196.5
141,12949,431.633,618.5,198.5
141,12950,431.667,600.5,202.5
141,12951,431.7,584.5,208.5
141,12952,431.733,568.5,218.5
141,12953,431.767,558.5,226.5
141,12954,431.8,546.5,240.5
141,12955,431.833,534.5,254.5
141,12956,431.867,524.5,270.5
141,12957,431.9,518.5,286.5
141,12958,431.933,510.5,262.5
141,12959,431.967,506.5,246.5
141,12960,432.0,500.5,224.5
141,12961,432.033,496.5,202.5
141,12962,432.067,492.5,186.5
141,12963,432.1,488.5,174.5
141,12964,432.133,484.5,162.5
141,12965,432.167,480.5,156.5
141,12966,432.2,478.5,150.5
141,12967,432.233,476.5,148.5
141,12968,432.267,474.5,150.5
141,12969,432.3,472.5,154.5
141,12970,432.333,478.5,156.5
141,12971,432.367,496.5,160.5
141,12972,432.4,514.5,162.5
141,12973,432.433,532.5,168.5
141,12974,432.467,552.5,176.5
141,12975,432.5,574.5,188.5
141,12976,432.533,594.5,204.5
141,12977,432.567,612.5,220.5
141,12978,432.6,630.5,236.5
141,12979,432.633,654.5,260.5
141,12980,432.667,684.5,290.5
141,12981,432.7,692.5,310.5
141,12982,432.733,710.5,324.5
141,12983,432.767,730.5,308.5
141,12984,432.8,746.5,298.5
141,12985,432.833,770.5,292.5
141,12986,432.867,790.5,286.5
141,12987,432.9,806.5,282.5
141,12988,432.933,830.5,284.5
141,12989,432.967,850.5,286.5
141,12990,433.0,866.5,292.5
141,12991,433.033,884.5,302.5
141,12992,433.067,904.5,314.5
141,12993,433.1,898.5,312.5
141,12994,433.133,866.5,296.5
141,12995,433.167,838.5,284.5
141,12996,433.2,766.5,254.5
141,12997,433.233,740.5,246.5
141,12998,433.267,704.5,238.5
141,12999,433.3,668.5,230.5
141,13000,433.333,634.5,228.5
141,13001,433.367,604.5,228.5
141,13002,433.4,574.5,230.5
141,13003,433.433,548.5,236.5
141,13004,433.467,518.5,244.5
141,13005,433.5,498.5,250.5
141,13006,433.533,474.5,264.5
141,13007,433.567,454.5,276.5
141,13008,433.6,432.5,274.5
141,13009,433.633,414.5,250.5
141,13010,433.667,392.5,234.5
141,13011,433.7,376.5,220.5
141,13012,433.733,360.5,210.5
141,13013,433.767,344.5,202.5
141,13014,433.8,330.5,200.5
141,13015,433.833,316.5,196.5
141,13017,433.9,362.5,182.5
141,13018,433.933,394.5,180.5
141,13019,433.967,438.5,178.5
141,13020,434.0,476.5,178.5
141,13021,434.033,514.5,182.5
141,13022,434.067,554.5,192.5
141,13023,434.1,596.5,204.5
141,13024,434.133,630.5,216.5
141,13025,434.167,674.5,234.5
141,13026,434.2,712.5,254.5
141,13027,434.233,746.5,274.5
141,13028,434.267,784.5,300.5
141,13029,434.3,818.5,324.5
141,13030,434.333,860.5,346.5
141,13031,434.367,900.5,328.5
141,13032,434.4,930.5,316.5
141,13033,434.433,966.5,300.5
141,13034,434.467,998.5,292.5
141,13035,434.5,1020.5,290.5
141,13038,434.6,1128.5,286.5
141,13039,434.633,1158.5,294.5
141,13040,434.667,1182.5,298.5
141,13044,434.8,936.5,174.5
141,13046,434.867,810.5,138.5
141,13047,434.9,766.5,130.5
141,13048,434.933,718.5,124.5
141,13050,435.0,622.5,124.5
141,13051,435.033,594.5,126.5
141,13052,435.067,558.5,132.5
141,13053,435.1,522.5,142.5
141,13054,435.133,488.5,154.5
141,13055,435.167,462.5,166.5
141,13056,435.2,434.5,182.5
141,13057,435.233,412.5,198.5
141,13058,435.267,392.5,212.5
141,13059,435.3,370.5,232.5
141,13060,435.333,350.5,250.5
141,13061,435.367,328.5,226.5
141,13062,435.4,310.5,202.5
141,13063,435.433,294.5,182.5
141,13064,435.467,282.5,170.5
141,13065,435.5,264.5,150.5
141,13066,435.533,250.5,140.5
141,13067,435.567,250.5,132.5
141,13068,435.6,328.5,144.5
142,13082,436.067,158.5,522.5
142,13083,436.1,158.5,522.5
142,13084,436.133,158.5,522.5
142,13085,436.167,158.5,522.5
142,13086,436.2,158.5,522.5
142,13087,436.233,158.5,522.5
142,13088,436.267,158.5,522.5
142,13089,436.3,158.5,522.5
142,13090,436.333,158.5,522.5
142,13091,436.367,158.5,522.5
142,13092,436.4,158.5,522.5
142,13093,436.433,158.5,520.5
142,13094,436.467,158.5,522.5
142,13095,436.5,156.5,520.5
142,13096,436.533,154.5,520.5
142,13097,436.567,158.5,520.5
142,13098,436.6,156.5,518.5
142,13099,436.633,156.5,518.5
142,13100,436.667,156.5,520.5
143,13145,438.167,156.5,520.5
143,13148,438.267,158.5,522.5
143,13149,438.3,158.5,522.5
143,13150,438.333,158.5,522.5
143,13151,438.367,158.5,522.5
143,13152,438.4,156.5,522.5
143,13153,438.433,158.5,522.5
143,13154,438.467,158.5,522.5
143,13155,438.5,158.5,522.5
143,13156,438.533,158.5,522.5
143,13157,438.567,158.5,522.5
143,13158,438.6,158.5,522.5
143,13159,438.633,158.5,522.5
143,13160,438.667,158.5,522.5
143,13161,438.7,158.5,522.5
143,13162,438.733,158.5,522.5
143,13163,438.767,158.5,522.5
143,13164,438.8,158.5,522.5
143,13165,438.833,158.5,522.5
143,13166,438.867,158.5,522.5
143,13167,438.9,158.5,522.5
143,13168,438.933,158.5,522.5
143,13169,438.967,158.5,522.5
143,13170,439.0,158.5,522.5
143,13171,439.033,158.5,522.5
143,13172,439.067,158.5,522.5
143,13173,439.1,158.5,522.5
143,13174,439.133,158.5,522.5
143,13175,439.167,158.5,522.5
143,13176,439.2,158.5,522.5
143,13177,439.233,158.5,522.5
143,13178,439.267,158.5,522.5
143,13179,439.3,158.5,522.5
143,13180,439.333,158.5,522.5
143,13181,439.367,158.5,522.5
143,13182,439.4,158.5,522.5
143,13183,439.433,158.5,522.5
143,13184,439.467,158.5,522.5
143,13185,439.5,158.5,522.5
143,13186,439.533,158.5,522.5
143,13187,439.567,158.5,522.5
143,13188,439.6,158.5,522.5
143,13189,439.633,158.5,522.5
143,13190,439.667,160.5,522.5
143,13191,439.7,160.5,522.5
143,13192,439.733,160.5,522.5
143,13193,439.767,160.5,522.5
143,13194,439.8,160.5,522.5
143,13195,439.833,160.5,522.5
143,13197,439.9,160.5,522.5
144,13223,440.767,314.5,208.5
144,13226,440.867,370.5,182.5
144,13227,440.9,344.5,172.5
144,13228,440.933,344.5,170.5
144,13229,440.967,348.5,160.5
144,13230,441.0,348.5,156.5
144,13232,441.067,348.5,146.5
145,13237,441.233,354.5,122.5
145,13238,441.267,352.5,112.5
145,13239,441.3,354.5,104.5
145,13240,441.333,352.5,94.5
145,13244,441.467,334.5,208.5
145,13245,441.5,332.5,206.5
145,13246,441.533,332.5,206.5
145,13248,441.6,330.5,204.5
146,13292,443.067,460.5,114.5
146,13293,443.1,452.5,128.5
146,13296,443.2,434.5,162.5
146,13297,443.233,422.5,174.5
146,13298,443.267,414.5,188.5
146,13302,443.4,290.5,240.5
147,13435,447.833,772.5,646.5
147,13436,447.867,758.5,632.5
147,13439,447.967,690.5,598.5
147,13441,448.033,658.5,584.5
147,13443,448.1,644.5,570.5
147,13444,448.133,628.5,572.5
147,13445,448.167,612.5,574.5
147,13446,448.2,592.5,580.5
148,13483,449.433,340.5,222.5
148,13484,449.467,334.5,222.5
148,13486,449.533,232.5,212.5
148,13487,449.567,318.5,222.5
148,13490,449.667,236.5,204.5
148,13491,449.7,238.5,202.5
148,13493,449.767,336.5,220.5
148,13494,449.8,334.5,222.5
148,13497,449.9,344.5,220.5
148,13498,449.933,342.5,218.5
149,13505,450.167,350.5,208.5
149,13507,450.233,352.5,200.5
149,13508,450.267,350.5,198.5
149,13509,450.3,348.5,196.5
149,13510,450.333,348.5,190.5
149,13511,450.367,346.5,184.5
149,13512,450.4,346.5,178.5
149,13513,450.433,344.5,168.5
149,13516,450.533,334.5,134.5
150,13581,452.7,346.5,164.5
150,13582,452.733,350.5,170.5
150,13583,452.767,360.5,178.5
150,13584,452.8,366.5,186.5
150,13585,452.833,368.5,192.5
150,13588,452.933,342.5,210.5
150,13589,452.967,336.5,216.5
151,13656,455.2,992.5,412.5
151,13659,455.3,974.5,410.5
151,13660,455.333,970.5,404.5
151,13661,455.367,960.5,404.5
151,13662,455.4,956.5,398.5
151,13663,455.433,948.5,398.5
151,13664,455.467,944.5,400.5
151,13666,455.533,930.5,398.5
151,13667,455.567,926.5,398.5
151,13668,455.6,924.5,394.5
151,13669,455.633,922.5,390.5
151,13670,455.667,920.5,390.5
151,13671,455.7,918.5,394.5
151,13672,455.733,916.5,394.5
151,13673,455.767,914.5,394.5
151,13674,455.8,914.5,394.5
151,13675,455.833,914.5,394.5
151,13676,455.867,912.5,394.5
151,13677,455.9,912.5,396.5
151,13678,455.933,912.5,396.5
151,13679,455.967,910.5,396.5
151,13680,456.0,910.5,398.5
151,13681,456.033,908.5,400.5
151,13682,456.067,908.5,404.5
151,13685,456.167,904.5,402.5
152,13728,457.6,390.5,92.5
152,13729,457.633,390.5,80.5
152,13730,457.667,390.5,66.5
152,13733,457.767,346.5,198.5
152,13734,457.8,346.5,198.5
152,13735,457.833,344.5,198.5
152,13736,457.867,348.5,198.5
152,13737,457.9,348.5,198.5
152,13738,457.933,348.5,198.5
152,13739,457.967,348.5,198.5
152,13740,458.0,346.5,200.5
152,13741,458.033,346.5,198.5
152,13742,458.067,348.5,198.5
152,13743,458.1,348.5,198.5
152,13744,458.133,350.5,198.5
152,13745,458.167,348.5,198.5
152,13746,458.2,348.5,198.5
152,13747,458.233,350.5,198.5
152,13748,458.267,350.5,200.5
152,13749,458.3,350.5,198.5
152,13750,458.333,348.5,200.5
152,13751,458.367,348.5,200.5
152,13752,458.4,350.5,200.5
152,13754,458.467,350.5,200.5
152,13757,458.567,348.5,200.5
152,13758,458.6,350.5,198.5
152,13761,458.7,350.5,200.5
153,13767,458.9,942.5,468.5
153,13768,458.933,922.5,442.5
153,13769,458.967,894.5,392.5
153,13771,459.033,838.5,312.5
153,13772,459.067,818.5,284.5
153,13773,459.1,798.5,262.5
153,13774,459.133,772.5,232.5
153,13775,459.167,750.5,212.5
153,13776,459.2,726.5,198.5
153,13777,459.233,706.5,188.5
153,13778,459.267,688.5,180.5
153,13779,459.3,670.5,178.5
153,13780,459.333,648.5,178.5
153,13781,459.367,630.5,182.5
153,13782,459.4,614.5,188.5
153,13783,459.433,598.5,200.5
153,13784,459.467,586.5,210.5
153,13785,459.5,570.5,226.5
153,13786,459.533,558.5,240.5
153,13787,459.567,548.5,254.5
153,13788,459.6,536.5,276.5
153,13789,459.633,528.5,294.5
153,13790,459.667,514.5,306.5
153,13791,459.7,508.5,282.5
153,13792,459.733,500.5,260.5
153,13793,459.767,488.5,238.5
153,13794,459.8,480.5,220.5
153,13795,459.833,472.5,204.5
153,13796,459.867,464.5,192.5
153,13797,459.9,456.5,184.5
153,13798,459.933,450.5,176.5
153,13799,459.967,444.5,172.5
153,13800,460.0,436.5,170.5
153,13801,460.033,430.5,174.5
153,13802,460.067,424.5,176.5
153,13803,460.1,420.5,180.5
153,13804,460.133,414.5,194.5
153,13805,460.167,404.5,224.5
153,13806,460.2,400.5,250.5
153,13807,460.233,392.5,280.5
153,13809,460.3,378.5,244.5
153,13810,460.333,368.5,226.5
153,13811,460.367,362.5,208.5
153,13812,460.4,358.5,190.5
153,13813,460.433,352.5,176.5
153,13814,460.467,346.5,162.5
153,13815,460.5,340.5,154.5
153,13816,460.533,334.5,148.5
153,13817,460.567,330.5,144.5
153,13818,460.6,326.5,142.5
153,13819,460.633,322.5,144.5
153,13820,460.667,320.5,150.5
153,13821,460.7,316.5,160.5
153,13822,460.733,314.5,168.5
153,13823,460.767,312.5,178.5
153,13824,460.8,310.5,192.5
153,13825,460.833,310.5,202.5
153,13826,460.867,310.5,198.5
153,13827,460.9,312.5,192.5
153,13828,460.933,314.5,188.5
153,13829,460.967,318.5,190.5
153,13830,461.0,320.5,190.5
153,13831,461.033,322.5,192.5
153,13832,461.067,326.5,200.5
153,13833,461.1,330.5,210.5
153,13834,461.133,334.5,220.5
153,13835,461.167,338.5,232.5
153,13836,461.2,344.5,248.5
153,13837,461.233,348.5,262.5
153,13838,461.267,348.5,282.5
153,13839,461.3,358.5,280.5
153,13840,461.333,358.5,266.5
153,13841,461.367,358.5,256.5
153,13842,461.4,358.5,246.5
153,13843,461.433,360.5,238.5
153,13844,461.467,362.5,230.5
153,13845,461.5,364.5,228.5
153,13846,461.533,366.5,228.5
153,13847,461.567,370.5,230.5
153,13848,461.6,374.5,236.5
153,13849,461.633,376.5,242.5
153,13850,461.667,386.5,242.5
153,13851,461.7,398.5,240.5
153,13852,461.733,414.5,242.5
153,13853,461.767,426.5,244.5
153,13854,461.8,440.5,250.5
153,13855,461.833,454.5,258.5
153,13856,461.867,470.5,268.5
153,13857,461.9,486.5,284.5
153,13858,461.933,500.5,300.5
153,13859,461.967,514.5,326.5
153,13860,462.0,530.5,342.5
153,13861,462.033,546.5,370.5
153,13862,462.067,562.5,384.5
153,13863,462.1,574.5,370.5
153,13864,462.133,586.5,360.5
153,13865,462.167,598.5,354.5
153,13866,462.2,614.5,346.5
153,13867,462.233,626.5,346.5
153,13869,462.3,656.5,354.5
153,13870,462.333,672.5,360.5
153,13871,462.367,684.5,370.5
153,13872,462.4,698.5,388.5
153,13873,462.433,712.5,402.5
153,13874,462.467,726.5,420.5
153,13875,462.5,738.5,442.5
153,13876,462.533,756.5,480.5
153,13877,462.567,764.5,502.5
153,13878,462.6,774.5,530.5
154,13889,462.967,918.5,682.5
154,13890,463.0,930.5,680.5
154,13891,463.033,936.5,676.5
154,13892,463.067,942.5,674.5
154,13893,463.1,944.5,668.5
154,13894,463.133,946.5,658.5
154,13895,463.167,948.5,648.5
154,13896,463.2,950.5,640.5
154,13897,463.233,946.5,634.5
154,13898,463.267,946.5,622.5
154,13899,463.3,944.5,608.5
154,13900,463.333,942.5,594.5
154,13901,463.367,938.5,588.5
154,13902,463.4,942.5,578.5
154,13903,463.433,944.5,564.5
154,13906,463.533,916.5,506.5
154,13907,463.567,890.5,468.5
154,13909,463.633,832.5,370.5
154,13910,463.667,814.5,346.5
154,13911,463.7,776.5,302.5
154,13912,463.733,750.5,276.5
154,13913,463.767,722.5,244.5
154,13914,463.8,702.5,232.5
154,13915,463.833,676.5,218.5
154,13916,463.867,654.5,210.5
154,13917,463.9,632.5,202.5
154,13918,463.933,612.5,202.5
154,13919,463.967,592.5,202.5
154,13921,464.033,556.5,214.5
154,13922,464.067,542.5,224.5
154,13923,464.1,528.5,234.5
154,13924,464.133,514.5,246.5
154,13925,464.167,502.5,264.5
154,13926,464.2,490.5,280.5
154,13927,464.233,478.5,298.5
154,13928,464.267,470.5,310.5
154,13929,464.3,458.5,280.5
154,13930,464.333,450.5,260.5
154,13931,464.367,438.5,236.5
154,13932,464.4,430.5,218.5
154,13933,464.433,422.5,208.5
154,13934,464.467,414.5,198.5
154,13935,464.5,406.5,190.5
154,13936,464.533,398.5,182.5
154,13937,464.567,390.5,180.5
154,13938,464.6,384.5,180.5
154,13939,464.633,378.5,184.5
154,13940,464.667,372.5,188.5
154,13941,464.7,368.5,194.5
154,13943,464.767,358.5,216.5
154,13944,464.8,350.5,218.5
154,13945,464.833,346.5,216.5
154,13946,464.867,340.5,218.5
154,13947,464.9,336.5,222.5
154,13948,464.933,334.5,226.5
154,13949,464.967,334.5,230.5
154,13950,465.0,332.5,234.5
154,13951,465.033,330.5,236.5
154,13952,465.067,326.5,238.5
154,13953,465.1,322.5,240.5
154,13954,465.133,318.5,242.5
154,13955,465.167,312.5,244.5
154,13956,465.2,306.5,246.5
154,13957,465.233,302.5,246.5
154,13958,465.267,298.5,250.5
154,13959,465.3,294.5,252.5
154,13960,465.333,290.5,254.5
154,13961,465.367,284.5,256.5
154,13962,465.4,280.5,258.5
154,13963,465.433,280.5,258.5
154,13964,465.467,278.5,260.5
154,13965,465.5,276.5,262.5
154,13966,465.533,276.5,264.5
154,13967,465.567,278.5,268.5
154,13968,465.6,276.5,268.5
154,13969,465.633,278.5,270.5
155,13974,465.8,278.5,272.5
155,13975,465.833,278.5,262.5
155,13976,465.867,270.5,250.5
155,13977,465.9,266.5,232.5
155,13978,465.933,262.5,212.5
155,13979,465.967,258.5,200.5
155,13980,466.0,256.5,186.5
155,13981,466.033,252.5,176.5
155,13982,466.067,250.5,170.5
155,13983,466.1,250.5,164.5
155,13984,466.133,246.5,162.5
155,13985,466.167,246.5,164.5
155,13986,466.2,246.5,166.5
155,13987,466.233,246.5,174.5
155,13988,466.267,246.5,180.5
155,13989,466.3,248.5,190.5
155,13990,466.333,246.5,202.5
155,13991,466.367,250.5,220.5
155,13992,466.4,264.5,236.5
155,13993,466.433,298.5,250.5
155,13994,466.467,344.5,274.5
155,13995,466.5,384.5,280.5
155,13996,466.533,418.5,272.5
155,13997,466.567,452.5,266.5
155,13998,466.6,488.5,266.5
155,13999,466.633,524.5,266.5
155,14000,466.667,566.5,272.5
155,14001,466.7,602.5,282.5
155,14002,466.733,638.5,292.5
155,14003,466.767,674.5,302.5
155,14004,466.8,712.5,322.5
155,14005,466.833,746.5,340.5
155,14006,466.867,782.5,360.5
155,14007,466.9,816.5,354.5
155,14008,466.933,848.5,346.5
155,14009,466.967,880.5,342.5
155,14010,467.0,910.5,342.5
155,14012,467.067,916.5,316.5
155,14013,467.1,882.5,288.5
155,14014,467.133,852.5,266.5
155,14016,467.2,796.5,232.5
155,14017,467.233,770.5,222.5
155,14018,467.267,742.5,214.5
155,14019,467.3,714.5,210.5
155,14020,467.333,694.5,206.5
155,14021,467.367,674.5,208.5
155,14022,467.4,648.5,212.5
155,14023,467.433,628.5,218.5
155,14024,467.467,610.5,224.5
155,14025,467.5,590.5,234.5
155,14026,467.533,576.5,242.5
155,14027,467.567,554.5,258.5
155,14028,467.6,542.5,268.5
155,14029,467.633,530.5,254.5
155,14030,467.667,518.5,234.5
155,14031,467.7,510.5,222.5
155,14032,467.733,498.5,208.5
155,14033,467.767,488.5,194.5
155,14034,467.8,476.5,188.5
155,14035,467.833,466.5,182.5
155,14036,467.867,474.5,180.5
155,14037,467.9,500.5,180.5
155,14038,467.933,532.5,182.5
155,14039,467.967,566.5,188.5
155,14040,468.0,596.5,196.5
155,14041,468.033,628.5,204.5
155,14042,468.067,658.5,216.5
155,14043,468.1,690.5,230.5
155,14044,468.133,718.5,244.5
155,14045,468.167,754.5,266.5
155,14046,468.2,788.5,288.5
155,14048,468.267,846.5,332.5
155,14049,468.3,886.5,320.5
155,14050,468.333,912.5,314.5
155,14052,468.4,974.5,306.5
155,14053,468.433,1006.5,306.5
155,14054,468.467,1034.5,308.5
155,14055,468.5,1066.5,316.5
155,14056,468.533,1098.5,324.5
155,14057,468.567,1132.5,336.5
155,14059,468.633,1036.5,266.5
155,14062,468.733,890.5,192.5
155,14063,468.767,846.5,180.5
155,14064,468.8,794.5,162.5
155,14065,468.833,754.5,154.5
155,14066,468.867,712.5,148.5
155,14067,468.9,674.5,148.5
155,14068,468.933,638.5,148.5
155,14069,468.967,604.5,152.5
155,14070,469.0,572.5,162.5
155,14071,469.033,542.5,168.5
155,14072,469.067,512.5,182.5
155,14073,469.1,490.5,194.5
155,14074,469.133,466.5,208.5
155,14075,469.167,442.5,228.5
155,14076,469.2,424.5,244.5
155,14077,469.233,424.5,246.5
155,14078,469.267,404.5,250.5
155,14079,469.3,388.5,228.5
155,14080,469.333,372.5,204.5
155,14081,469.367,356.5,186.5
155,14082,469.4,342.5,170.5
155,14083,469.433,328.5,154.5
155,14084,469.467,316.5,146.5
155,14085,469.5,304.5,138.5
155,14086,469.533,292.5,130.5
155,14087,469.567,294.5,126.5
155,14088,469.6,314.5,118.5
155,14089,469.633,342.5,110.5
155,14090,469.667,370.5,106.5
155,14091,469.7,398.5,104.5
155,14092,469.733,428.5,104.5
155,14093,469.767,454.5,108.5
155,14094,469.8,484.5,114.5
155,14095,469.833,514.5,122.5
155,14096,469.867,546.5,136.5
155,14097,469.9,576.5,152.5
155,14098,469.933,608.5,172.5
155,14099,469.967,632.5,188.5
155,14100,470.0,670.5,218.5
155,14101,470.033,692.5,238.5
155,14102,470.067,734.5,280.5
155,14103,470.1,760.5,300.5
155,14104,470.133,782.5,334.5
155,14105,470.167,808.5,376.5
155,14106,470.2,836.5,366.5
155,14107,470.233,862.5,346.5
155,14108,470.267,884.5,332.5
155,14109,470.3,912.5,322.5
155,14112,470.4,994.5,298.5
155,14113,470.433,1014.5,302.5
155,14115,470.5,1066.5,314.5
156,14122,470.733,798.5,156.5
156,14123,470.767,768.5,152.5
156,14124,470.8,736.5,150.5
156,14125,470.833,708.5,154.5
156,14126,470.867,680.5,158.5
156,14127,470.9,654.5,166.5
156,14128,470.933,632.5,176.5
156,14129,470.967,608.5,188.5
156,14130,471.0,586.5,204.5
156,14131,471.033,570.5,220.5
156,14132,471.067,552.5,236.5
156,14133,471.1,534.5,254.5
156,14134,471.133,520.5,276.5
156,14135,471.167,506.5,294.5
156,14136,471.2,490.5,294.5
156,14137,471.233,484.5,272.5
156,14138,471.267,470.5,246.5
156,14139,471.3,460.5,226.5
156,14140,471.333,450.5,210.5
156,14141,471.367,440.5,194.5
156,14142,471.4,432.5,182.5
156,14143,471.433,424.5,174.5
156,14144,471.467,414.5,168.5
156,14145,471.5,406.5,164.5
156,14146,471.533,400.5,164.5
156,14147,471.567,392.5,166.5
156,14148,471.6,386.5,170.5
156,14149,471.633,382.5,176.5
156,14150,471.667,376.5,186.5
156,14151,471.7,382.5,188.5
156,14152,471.733,396.5,190.5
156,14153,471.767,410.5,192.5
156,14154,471.8,424.5,194.5
156,14155,471.833,438.5,202.5
156,14156,471.867,452.5,212.5
156,14157,471.9,468.5,224.5
156,14158,471.933,484.5,236.5
156,14159,471.967,498.5,252.5
156,14160,472.0,512.5,270.5
156,14161,472.033,534.5,296.5
156,14162,472.067,542.5,314.5
156,14163,472.1,540.5,328.5
156,14164,472.133,530.5,322.5
156,14165,472.167,516.5,306.5
156,14166,472.2,510.5,302.5
156,14167,472.233,500.5,294.5
156,14168,472.267,490.5,292.5
156,14169,472.3,482.5,292.5
156,14170,472.333,474.5,294.5
156,14171,472.367,466.5,298.5
156,14172,472.4,458.5,304.5
156,14173,472.433,450.5,294.5
156,14174,472.467,442.5,288.5
156,14175,472.5,434.5,278.5
156,14176,472.533,428.5,276.5
156,14177,472.567,420.5,274.5
156,14178,472.6,412.5,274.5
156,14179,472.633,406.5,278.5
156,14180,472.667,400.5,282.5
156,14181,472.7,392.5,274.5
156,14182,472.733,386.5,264.5
156,14183,472.767,380.5,262.5
156,14184,472.8,374.5,260.5
156,14185,472.833,366.5,260.5
156,14186,472.867,360.5,262.5
156,14187,472.9,356.5,264.5
156,14188,472.933,350.5,260.5
156,14189,472.967,342.5,254.5
156,14190,473.0,334.5,250.5
156,14191,473.033,330.5,246.5
156,14192,473.067,330.5,242.5
156,14193,473.1,326.5,236.5
156,14196,473.2,316.5,226.5
156,14197,473.233,310.5,226.5
156,14198,473.267,304.5,228.5
156,14199,473.3,304.5,232.5
156,14200,473.333,296.5,232.5
156,14201,473.367,294.5,238.5
156,14202,473.4,286.5,240.5
156,14203,473.433,282.5,240.5
156,14204,473.467,286.5,240.5
156,14205,473.5,288.5,240.5
157,14216,473.867,68.5,408.5
157,14219,473.967,254.5,244.5
157,14220,474.0,286.5,238.5
157,14221,474.033,288.5,236.5
157,14225,474.167,286.5,232.5
157,14228,474.267,288.5,234.5
157,14229,474.3,288.5,234.5
158,14235,474.5,218.5,212.5
158,14239,474.633,228.5,198.5
158,14240,474.667,288.5,230.5
158,14242,474.733,294.5,230.5
158,14243,474.767,298.5,230.5
158,14244,474.8,302.5,226.5
158,14246,474.867,310.5,216.5
158,14247,474.9,316.5,208.5
158,14248,474.933,320.5,202.5
158,14249,474.967,324.5,194.5
158,14250,475.0,330.5,186.5
158,14251,475.033,336.5,178.5
158,14252,475.067,338.5,168.5
158,14253,475.1,342.5,160.5
158,14254,475.133,346.5,154.5
158,14255,475.167,350.5,146.5
158,14256,475.2,352.5,144.5
158,14257,475.233,354.5,136.5
158,14258,475.267,354.5,132.5
158,14259,475.3,356.5,128.5
158,14263,475.433,354.5,120.5
158,14264,475.467,350.5,122.5
158,14265,475.5,348.5,126.5
159,14271,475.7,330.5,176.5
159,14272,475.733,332.5,186.5
159,14273,475.767,330.5,200.5
159,14274,475.8,328.5,210.5
159,14275,475.833,326.5,220.5
159,14276,475.867,328.5,224.5
160,14281,476.033,334.5,226.5
160,14282,476.067,336.5,224.5
160,14283,476.1,336.5,222.5
160,14284,476.133,334.5,222.5
160,14285,476.167,336.5,220.5
160,14286,476.2,334.5,218.5
160,14288,476.267,330.5,210.5
160,14289,476.3,324.5,202.5
160,14290,476.333,320.5,186.5
160,14291,476.367,320.5,174.5
161,14302,476.733,416.5,194.5
161,14303,476.767,438.5,226.5
161,14304,476.8,430.5,216.5
161,14305,476.833,502.5,266.5
161,14306,476.867,502.5,266.5
161,14307,476.9,516.5,250.5
161,14308,476.933,536.5,238.5
161,14309,476.967,566.5,224.5
161,14310,477.0,564.5,224.5
161,14311,477.033,582.5,220.5
161,14312,477.067,602.5,218.5
161,14313,477.1,620.5,218.5
161,14314,477.133,638.5,224.5
161,14315,477.167,656.5,228.5
161,14316,477.2,674.5,242.5
161,14317,477.233,694.5,254.5
161,14318,477.267,712.5,270.5
161,14319,477.3,726.5,284.5
161,14320,477.333,748.5,306.5
161,14321,477.367,768.5,336.5
161,14322,477.4,784.5,360.5
161,14323,477.433,800.5,390.5
161,14324,477.467,820.5,378.5
161,14325,477.5,834.5,360.5
161,14326,477.533,850.5,346.5
161,14327,477.567,868.5,340.5
161,14329,477.633,900.5,332.5
161,14330,477.667,918.5,330.5
161,14331,477.7,934.5,332.5
161,14333,477.767,968.5,352.5
161,14334,477.8,980.5,364.5
161,14335,477.833,994.5,378.5
161,14337,477.9,1024.5,226.5
161,14338,477.933,1028.5,226.5
161,14339,477.967,1024.5,226.5
161,14341,478.033,1024.5,226.5
161,14342,478.067,1024.5,228.5
161,14343,478.1,1022.5,228.5
162,14372,479.067,322.5,204.5
162,14373,479.1,318.5,208.5
162,14374,479.133,316.5,210.5
162,14375,479.167,314.5,214.5
162,14376,479.2,310.5,220.5
162,14377,479.233,306.5,222.5
162,14378,479.267,302.5,224.5
163,14393,479.767,860.5,402.5
163,14395,479.833,866.5,314.5
163,14396,479.867,804.5,330.5
163,14397,479.9,760.5,314.5
163,14398,479.933,736.5,304.5
163,14399,479.967,692.5,288.5
163,14400,480.0,658.5,276.5
163,14401,480.033,634.5,270.5
163,14402,480.067,594.5,260.5
163,14403,480.1,568.5,258.5
163,14404,480.133,542.5,258.5
163,14405,480.167,516.5,258.5
163,14406,480.2,492.5,264.5
163,14407,480.233,470.5,270.5
163,14408,480.267,450.5,280.5
163,14409,480.3,430.5,266.5
163,14410,480.333,412.5,250.5
163,14411,480.367,396.5,242.5
163,14412,480.4,380.5,236.5
163,14413,480.433,364.5,230.5
163,14414,480.467,368.5,226.5
163,14415,480.5,386.5,224.5
163,14416,480.533,404.5,222.5
163,14417,480.567,422.5,224.5
163,14418,480.6,442.5,228.5
163,14419,480.633,462.5,232.5
163,14420,480.667,486.5,242.5
163,14421,480.7,510.5,254.5
163,14422,480.733,532.5,264.5
163,14423,480.767,554.5,280.5
163,14424,480.8,578.5,300.5
163,14425,480.833,600.5,320.5
163,14426,480.867,626.5,346.5
163,14427,480.9,646.5,368.5
163,14428,480.933,674.5,380.5
163,14429,480.967,698.5,374.5
163,14430,481.0,726.5,368.5
163,14431,481.033,744.5,366.5
163,14433,481.1,686.5,310.5
163,14434,481.133,662.5,288.5
163,14435,481.167,634.5,272.5
163,14436,481.2,608.5,256.5
163,14437,481.233,582.5,246.5
163,14438,481.267,562.5,238.5
163,14439,481.3,538.5,232.5
163,14440,481.333,520.5,232.5
163,14441,481.367,502.5,232.5
163,14442,481.4,490.5,234.5
163,14443,481.433,476.5,240.5
163,14444,481.467,464.5,244.5
163,14445,481.5,452.5,250.5
163,14446,481.533,442.5,238.5
163,14447,481.567,434.5,222.5
163,14448,481.6,424.5,206.5
163,14449,481.633,418.5,194.5
163,14450,481.667,408.5,186.5
163,14451,481.7,426.5,180.5
163,14452,481.733,448.5,182.5
163,14453,481.767,480.5,180.5
163,14454,481.8,508.5,184.5
163,14455,481.833,536.5,190.5
163,14456,481.867,564.5,200.5
163,14457,481.9,592.5,210.5
163,14458,481.933,618.5,222.5
163,14459,481.967,642.5,234.5
163,14460,482.0,678.5,258.5
163,14461,482.033,698.5,274.5
163,14462,482.067,734.5,302.5
163,14463,482.1,754.5,306.5
163,14464,482.133,786.5,298.5
163,14465,482.167,810.5,292.5
163,14466,482.2,838.5,288.5
163,14467,482.233,866.5,286.5
163,14468,482.267,890.5,290.5
163,14469,482.3,912.5,292.5
163,14470,482.333,938.5,300.5
163,14471,482.367,964.5,312.5
163,14472,482.4,926.5,284.5
163,14473,482.433,870.5,252.5
163,14474,482.467,838.5,234.5
163,14475,482.5,796.5,216.5
163,14476,482.533,756.5,202.5
163,14477,482.567,718.5,192.5
163,14478,482.6,682.5,184.5
163,14479,482.633,646.5,180.5
163,14480,482.667,614.5,178.5
163,14481,482.7,582.5,180.5
163,14482,482.733,552.5,186.5
163,14483,482.767,528.5,192.5
163,14484,482.8,500.5,200.5
163,14485,482.833,476.5,212.5
163,14486,482.867,452.5,226.5
163,14487,482.9,428.5,238.5
163,14488,482.933,412.5,254.5
163,14489,482.967,390.5,256.5
163,14490,483.0,374.5,234.5
163,14491,483.033,358.5,218.5
163,14492,483.067,342.5,202.5
163,14493,483.1,328.5,190.5
163,14494,483.133,312.5,182.5
163,14495,483.167,298.5,176.5
163,14496,483.2,286.5,170.5
163,14497,483.233,274.5,168.5
163,14498,483.267,264.5,168.5
163,14499,483.3,278.5,164.5
163,14501,483.367,310.5,156.5
163,14502,483.4,338.5,150.5
163,14503,483.433,366.5,148.5
163,14504,483.467,394.5,148.5
163,14505,483.5,424.5,152.5
163,14506,483.533,454.5,158.5
163,14507,483.567,484.5,166.5
163,14508,483.6,514.5,178.5
163,14509,483.633,548.5,192.5
163,14510,483.667,580.5,210.5
163,14511,483.7,614.5,232.5
163,14512,483.733,644.5,254.5
163,14513,483.767,676.5,278.5
163,14514,483.8,714.5,308.5
163,14515,483.833,736.5,334.5
163,14516,483.867,770.5,368.5
163,14517,483.9,800.5,358.5
163,14518,483.933,822.5,344.5
163,14519,483.967,850.5,332.5
163,14520,484.0,884.5,320.5
163,14521,484.033,910.5,318.5
163,14524,484.133,992.5,324.5
163,14525,484.167,1018.5,328.5
164,14533,484.433,836.5,230.5
164,14534,484.467,784.5,212.5
164,14535,484.5,738.5,198.5
164,14536,484.533,698.5,192.5
164,14537,484.567,662.5,188.5
164,14538,484.6,628.5,186.5
164,14539,484.633,594.5,188.5
164,14540,484.667,566.5,192.5
164,14541,484.7,538.5,200.5
164,14542,484.733,516.5,208.5
164,14543,484.767,492.5,220.5
164,14544,484.8,468.5,232.5
164,14545,484.833,456.5,246.5
164,14546,484.867,440.5,246.5
164,14547,484.9,422.5,216.5
164,14548,484.933,410.5,198.5
164,14549,484.967,398.5,182.5
164,14550,485.0,386.5,168.5
164,14551,485.033,376.5,158.5
164,14552,485.067,372.5,150.5
164,14553,485.1,390.5,148.5
164,14554,485.133,418.5,148.5
164,14555,485.167,442.5,150.5
164,14556,485.2,468.5,154.5
164,14557,485.233,490.5,162.5
164,14558,485.267,518.5,170.5
164,14559,485.3,542.5,182.5
164,14560,485.333,568.5,198.5
164,14561,485.367,596.5,216.5
164,14562,485.4,620.5,234.5
164,14563,485.433,644.5,256.5
164,14565,485.5,694.5,306.5
164,14566,485.533,720.5,336.5
164,14567,485.567,746.5,354.5
164,14568,485.6,768.5,342.5
164,14569,485.633,794.5,334.5
164,14570,485.667,820.5,328.5
164,14571,485.7,844.5,328.5
164,14572,485.733,868.5,330.5
164,14573,485.767,894.5,336.5
164,14574,485.8,924.5,342.5
164,14575,485.833,944.5,354.5
164,14576,485.867,964.5,366.5
164,14578,485.933,838.5,300.5
164,14579,485.967,790.5,278.5
164,14580,486.0,746.5,264.5
164,14581,486.033,708.5,254.5
164,14582,486.067,676.5,248.5
164,14583,486.1,638.5,244.5
164,14584,486.133,610.5,244.5
164,14585,486.167,582.5,248.5
164,14586,486.2,556.5,250.5
164,14587,486.233,534.5,258.5
164,14588,486.267,514.5,264.5
164,14589,486.3,498.5,268.5
164,14590,486.333,482.5,248.5
164,14591,486.367,462.5,230.5
164,14592,486.4,448.5,214.5
164,14593,486.433,434.5,202.5
164,14594,486.467,422.5,192.5
164,14595,486.5,410.5,182.5
164,14597,486.567,426.5,174.5
164,14598,486.6,454.5,168.5
164,14599,486.633,480.5,164.5
164,14600,486.667,510.5,164.5
164,14601,486.7,536.5,164.5
164,14602,486.733,566.5,168.5
164,14603,486.767,596.5,174.5
164,14604,486.8,624.5,180.5
164,14605,486.833,648.5,188.5
164,14606,486.867,682.5,202.5
164,14607,486.9,712.5,218.5
164,14608,486.933,742.5,234.5
164,14609,486.967,776.5,256.5
164,14610,487.0,800.5,276.5
164,14611,487.033,834.5,300.5
164,14612,487.067,852.5,314.5
164,14613,487.1,884.5,344.5
164,14614,487.133,920.5,336.5
164,14615,487.167,948.5,324.5
164,14616,487.2,972.5,320.5
164,14617,487.233,1004.5,310.5
164,14618,487.267,1030.5,308.5
164,14620,487.333,992.5,274.5
164,14621,487.367,946.5,260.5
164,14622,487.4,882.5,236.5
164,14623,487.433,836.5,222.5
164,14624,487.467,788.5,212.5
164,14625,487.5,746.5,206.5
164,14626,487.533,708.5,206.5
164,14627,487.567,674.5,208.5
164,14628,487.6,638.5,210.5
164,14629,487.633,606.5,216.5
164,14630,487.667,578.5,226.5
164,14631,487.7,552.5,236.5
164,14632,487.733,526.5,250.5
164,14633,487.767,502.5,252.5
164,14634,487.8,486.5,232.5
164,14635,487.833,470.5,216.5
164,14636,487.867,450.5,196.5
164,14637,487.9,434.5,184.5
164,14638,487.933,420.5,174.5
164,14639,487.967,406.5,166.5
164,14640,488.0,396.5,162.5
164,14641,488.033,410.5,158.5
164,14642,488.067,432.5,158.5
164,14643,488.1,452.5,158.5
164,14644,488.133,474.5,162.5
164,14645,488.167,498.5,170.5
164,14646,488.2,516.5,178.5
164,14647,488.233,538.5,190.5
164,14648,488.267,564.5,208.5
164,14649,488.3,586.5,228.5
164,14650,488.333,612.5,250.5
164,14651,488.367,632.5,274.5
164,14652,488.4,656.5,300.5
164,14653,488.433,678.5,334.5
164,14654,488.467,704.5,370.5
164,14655,488.5,724.5,396.5
164,14656,488.533,748.5,386.5
164,14657,488.567,770.5,376.5
164,14658,488.6,790.5,374.5
164,14661,488.7,720.5,284.5
164,14662,488.733,688.5,258.5
164,14663,488.767,654.5,230.5
164,14664,488.8,630.5,216.5
164,14665,488.833,608.5,202.5
164,14666,488.867,582.5,190.5
164,14667,488.9,562.5,182.5
164,14668,488.933,544.5,178.5
164,14669,488.967,528.5,176.5
164,14670,489.0,514.5,176.5
164,14671,489.033,502.5,178.5
164,14672,489.067,490.5,184.5
164,14673,489.1,480.5,188.5
164,14674,489.133,472.5,194.5
164,14675,489.167,464.5,204.5
164,14676,489.2,458.5,214.5
164,14677,489.233,450.5,206.5
164,14678,489.267,442.5,186.5
164,14679,489.3,436.5,170.5
164,14680,489.333,430.5,156.5
164,14681,489.367,424.5,144.5
164,14682,489.4,428.5,136.5
164,14683,489.433,448.5,130.5
164,14684,489.467,468.5,124.5
164,14685,489.5,486.5,124.5
164,14686,489.533,508.5,124.5
164,14687,489.567,532.5,128.5
164,14688,489.6,552.5,134.5
164,14689,489.633,572.5,142.5
164,14690,489.667,596.5,156.5
164,14691,489.7,622.5,172.5
164,14692,489.733,642.5,188.5
164,14693,489.767,670.5,212.5
164,14694,489.8,692.5,236.5
164,14695,489.833,708.5,258.5
164,14696,489.867,728.5,280.5
164,14697,489.9,754.5,312.5
164,14698,489.933,778.5,300.5
164,14699,489.967,798.5,290.5
164,14700,490.0,818.5,282.5
164,14701,490.033,842.5,274.5
164,14702,490.067,862.5,270.5
164,14703,490.1,886.5,266.5
164,14704,490.133,908.5,268.5
164,14705,490.167,932.5,272.5
164,14706,490.2,952.5,278.5
164,14707,490.233,966.5,294.5
164,14708,490.267,996.5,304.5
164,14709,490.3,936.5,270.5
164,14711,490.367,842.5,220.5
164,14712,490.4,774.5,192.5
164,14713,490.433,722.5,176.5
164,14714,490.467,676.5,164.5
164,14715,490.5,630.5,154.5
164,14716,490.533,584.5,148.5
164,14717,490.567,544.5,148.5
164,14718,490.6,506.5,148.5
164,14719,490.633,468.5,154.5
164,14720,490.667,438.5,160.5
164,14721,490.7,406.5,170.5
164,14722,490.733,380.5,180.5
164,14723,490.767,354.5,194.5
164,14724,490.8,328.5,208.5
164,14725,490.833,304.5,226.5
164,14726,490.867,286.5,244.5
164,14727,490.9,270.5,260.5
164,14728,490.933,250.5,282.5
164,14729,490.967,234.5,304.5
164,14730,491.0,226.5,322.5
164,14731,491.033,212.5,346.5
164,14733,491.1,192.5,378.5
164,14734,491.133,178.5,360.5
164,14735,491.167,162.5,346.5
164,14736,491.2,148.5,334.5
164,14737,491.233,134.5,326.5
164,14738,491.267,122.5,314.5
164,14739,491.3,112.5,310.5
164,14740,491.333,102.5,306.5
164,14741,491.367,90.5,304.5
164,14742,491.4,82.5,308.5
164,14743,491.433,72.5,312.5
164,14744,491.467,66.5,314.5
164,14745,491.5,68.5,320.5
164,14746,491.533,70.5,328.5
164,14747,491.567,72.5,344.5
164,14748,491.6,74.5,354.5
164,14749,491.633,76.5,368.5
164,14750,491.667,80.5,380.5
164,14751,491.7,82.5,390.5
164,14752,491.733,76.5,388.5
164,14753,491.767,70.5,384.5
164,14754,491.8,64.5,382.5
164,14755,491.833,60.5,382.5
164,14756,491.867,54.5,386.5
164,14757,491.9,54.5,390.5
165,14954,498.467,420.5,198.5
165,14955,498.5,418.5,196.5
165,14956,498.533,412.5,190.5
165,14957,498.567,414.5,186.5
165,14958,498.6,406.5,180.5
165,14959,498.633,404.5,176.5
165,14960,498.667,402.5,174.5
166,15091,503.033,286.5,560.5
166,15092,503.067,296.5,548.5
166,15093,503.1,310.5,536.5
166,15094,503.133,326.5,536.5
166,15095,503.167,340.5,532.5
167,15284,509.467,274.5,270.5
167,15286,509.533,278.5,266.5
167,15288,509.6,276.5,276.5
167,15289,509.633,270.5,278.5
167,15290,509.667,268.5,280.5
167,15291,509.7,262.5,280.5
167,15292,509.733,256.5,280.5
167,15293,509.767,250.5,278.5
167,15294,509.8,240.5,278.5
167,15295,509.833,234.5,276.5
167,15296,509.867,224.5,274.5
167,15297,509.9,218.5,274.5
167,15298,509.933,214.5,274.5
167,15299,509.967,206.5,270.5
167,15300,510.0,200.5,272.5
167,15301,510.033,134.5,226.5
168,15320,510.667,182.5,260.5
168,15321,510.7,180.5,256.5
168,15322,510.733,174.5,250.5
168,15323,510.767,174.5,244.5
168,15324,510.8,168.5,282.5
168,15325,510.833,158.5,236.5
168,15327,510.9,152.5,238.5
168,15329,510.967,140.5,206.5
168,15330,511.0,136.5,186.5
168,15331,511.033,130.5,174.5
168,15332,511.067,126.5,162.5
168,15333,511.1,122.5,156.5
168,15334,511.133,118.5,150.5
168,15335,511.167,116.5,146.5
168,15336,511.2,116.5,148.5
168,15337,511.233,112.5,150.5
168,15338,511.267,112.5,158.5
168,15339,511.3,112.5,164.5
168,15340,511.333,114.5,176.5
168,15341,511.367,114.5,188.5
168,15342,511.4,116.5,204.5
168,15343,511.433,120.5,218.5
168,15344,511.467,116.5,208.5
168,15345,511.5,112.5,194.5
168,15346,511.533,108.5,182.5
168,15347,511.567,104.5,174.5
168,15348,511.6,104.5,166.5
168,15349,511.633,102.5,162.5
168,15350,511.667,102.5,162.5
168,15351,511.7,102.5,164.5
168,15352,511.733,102.5,166.5
168,15353,511.767,102.5,174.5
168,15354,511.8,104.5,184.5
168,15358,511.933,116.5,186.5
168,15360,512.0,126.5,178.5
