frame,x_px,y_px,score
2,886.5,108.5,0.512
4,886.5,108.5,0.501
6,1130.5,504.5,0.714
7,1202.5,362.5,0.735
9,88.5,134.5,0.603
14,832.5,436.5,0.659
15,824.5,438.5,0.587
16,816.5,442.5,0.797
17,804.5,442.5,0.515
20,786.5,454.5,0.583
21,772.5,452.5,0.605
24,952.5,112.5,0.626
27,730.5,460.5,0.786
28,726.5,466.5,0.762
37,706.5,484.5,0.511
44,648.5,456.5,0.562
46,628.5,464.5,0.56
47,622.5,470.5,0.564
48,614.5,480.5,0.737
49,608.5,490.5,0.588
50,602.5,502.5,0.749
65,726.5,290.5,0.672
68,776.5,472.5,0.901
71,330.5,146.5,0.696
80,614.5,330.5,0.68
81,624.5,330.5,0.702
84,744.5,312.5,0.757
85,754.5,312.5,0.886
86,762.5,312.5,0.809
87,772.5,314.5,0.905
88,782.5,316.5,0.577
90,806.5,322.5,0.596
91,820.5,324.5,0.757
92,838.5,328.5,0.556
94,942.5,478.5,0.542
99,802.5,340.5,0.848
100,678.5,546.5,0.806
101,704.5,538.5,0.619
106,1042.5,410.5,0.792
107,820.5,346.5,0.937
108,790.5,468.5,0.585
109,828.5,336.5,0.686
111,838.5,324.5,0.651
112,800.5,450.5,0.825
121,1090.5,400.5,0.755
135,1054.5,236.5,0.515
137,1124.5,344.5,0.581
138,1112.5,432.5,0.921
141,1018.5,228.5,0.527
142,1022.5,226.5,0.781
143,1146.5,422.5,0.722
145,1166.5,404.5,0.722
146,1158.5,380.5,0.802
147,1170.5,384.5,0.621
148,1170.5,368.5,0.933
149,1174.5,360.5,0.981
156,1022.5,230.5,0.675
165,980.5,356.5,0.597
166,1126.5,250.5,0.595
169,946.5,368.5,0.713
171,936.5,370.5,0.796
179,898.5,348.5,0.918
180,892.5,342.5,0.544
181,1054.5,236.5,0.905
182,886.5,330.5,0.841
183,886.5,320.5,0.986
184,880.5,312.5,0.993
185,880.5,374.5,0.811
186,890.5,244.5,0.992
187,866.5,366.5,0.937
188,946.5,194.5,0.975
189,914.5,194.5,0.993
190,920.5,180.5,0.967
191,918.5,184.5,0.987
192,926.5,168.5,0.995
193,930.5,160.5,0.997
194,934.5,154.5,0.996
195,940.5,154.5,0.995
196,944.5,158.5,0.996
197,946.5,162.5,0.999
198,948.5,172.5,0.998
199,952.5,186.5,0.988
200,952.5,196.5,0.995
201,954.5,212.5,0.985
202,954.5,234.5,0.996
203,952.5,252.5,0.994
204,936.5,290.5,0.548
210,1028.5,194.5,0.509
211,1028.5,198.5,0.922
212,1030.5,200.5,0.624
213,1028.5,202.5,0.888
215,1028.5,210.5,0.683
236,912.5,342.5,0.875
237,894.5,338.5,0.908
238,920.5,340.5,0.899
239,900.5,308.5,0.937
240,900.5,254.5,0.979
241,866.5,370.5,0.97
242,912.5,220.5,0.818
243,916.5,208.5,0.979
244,918.5,192.5,0.997
245,920.5,180.5,0.999
246,922.5,172.5,0.991
247,922.5,164.5,0.996
248,924.5,160.5,0.998
249,922.5,162.5,0.997
250,922.5,168.5,0.993
251,922.5,174.5,0.988
252,920.5,186.5,0.998
253,920.5,198.5,0.997
254,918.5,214.5,0.998
255,916.5,232.5,0.998
256,912.5,254.5,0.989
257,910.5,276.5,0.934
258,906.5,302.5,0.974
259,902.5,322.5,0.998
260,898.5,360.5,0.986
261,894.5,378.5,0.993
262,898.5,358.5,0.989
263,904.5,336.5,0.985
264,910.5,318.5,0.997
265,914.5,300.5,0.997
266,918.5,284.5,0.997
267,922.5,272.5,0.991
268,928.5,264.5,0.977
269,930.5,256.5,0.981
270,934.5,256.5,0.99
271,936.5,256.5,0.983
272,938.5,264.5,0.992
273,940.5,272.5,0.995
274,940.5,284.5,0.986
275,940.5,298.5,0.994
276,940.5,316.5,0.997
277,938.5,334.5,0.991
278,936.5,354.5,0.965
279,938.5,360.5,0.97
280,936.5,364.5,0.942
281,934.5,370.5,0.984
282,934.5,374.5,0.976
283,934.5,378.5,0.98
284,932.5,380.5,0.921
288,998.5,264.5,0.747
293,894.5,340.5,0.657
295,882.5,332.5,0.64
300,860.5,378.5,0.821
301,934.5,362.5,0.888
302,910.5,326.5,0.93
303,918.5,338.5,0.898
304,896.5,314.5,0.973
305,910.5,266.5,0.98
306,924.5,228.5,0.967
307,952.5,200.5,0.981
308,320.5,164.5,0.94
309,900.5,258.5,0.981
310,898.5,258.5,0.988
311,898.5,264.5,0.99
312,896.5,270.5,0.996
313,894.5,278.5,0.999
314,892.5,288.5,0.994
315,368.5,128.5,0.955
316,340.5,344.5,0.838
317,880.5,338.5,0.909
318,874.5,360.5,0.988
319,880.5,346.5,0.993
320,882.5,332.5,0.974
321,888.5,320.5,0.999
322,890.5,312.5,0.985
323,894.5,304.5,0.992
324,896.5,298.5,0.997
325,898.5,298.5,0.995
326,898.5,300.5,0.988
327,902.5,306.5,0.998
328,900.5,314.5,0.998
329,900.5,322.5,0.999
330,898.5,334.5,0.675
331,964.5,352.5,0.969
332,966.5,360.5,0.585
335,890.5,340.5,0.95
336,254.5,212.5,0.806
337,964.5,370.5,0.961
339,964.5,372.5,0.918
340,242.5,214.5,0.543
341,958.5,376.5,0.936
342,230.5,216.5,0.63
345,896.5,282.5,0.874
346,942.5,360.5,0.956
348,922.5,336.5,0.986
349,898.5,310.5,0.832
350,904.5,264.5,0.946
351,874.5,356.5,0.921
352,898.5,234.5,0.996
353,896.5,218.5,0.999
354,894.5,204.5,0.994
355,892.5,192.5,0.995
356,890.5,186.5,0.982
357,886.5,180.5,0.998
358,880.5,180.5,0.998
359,878.5,182.5,0.984
360,872.5,188.5,0.997
361,868.5,196.5,0.999
362,864.5,208.5,0.999
363,860.5,222.5,0.983
364,854.5,238.5,0.983
365,848.5,254.5,0.981
366,840.5,276.5,0.992
367,836.5,300.5,0.994
368,828.5,324.5,0.975
369,820.5,344.5,0.99
370,818.5,360.5,0.994
371,820.5,336.5,0.971
372,826.5,318.5,0.975
373,828.5,304.5,0.996
374,830.5,288.5,0.994
375,830.5,276.5,0.999
376,832.5,268.5,0.998
377,834.5,262.5,0.991
378,836.5,260.5,0.988
379,836.5,262.5,0.997
380,838.5,268.5,0.997
381,838.5,274.5,0.997
382,340.5,216.5,0.98
383,838.5,292.5,0.998
384,974.5,328.5,0.937
385,848.5,300.5,0.969
386,338.5,218.5,0.849
387,342.5,218.5,0.753
389,840.5,462.5,0.643
390,848.5,328.5,0.755
394,902.5,376.5,0.827
396,912.5,370.5,0.63
397,910.5,360.5,0.936
398,362.5,222.5,0.515
399,890.5,336.5,0.562
400,882.5,334.5,0.621
402,354.5,220.5,0.925
403,352.5,220.5,0.817
404,350.5,220.5,0.945
405,348.5,218.5,0.896
406,350.5,220.5,0.893
407,912.5,302.5,0.968
408,920.5,260.5,0.961
409,968.5,218.5,0.786
410,926.5,256.5,0.994
411,930.5,248.5,0.981
412,932.5,242.5,0.994
413,934.5,238.5,0.99
414,936.5,238.5,0.995
415,936.5,242.5,0.994
416,938.5,248.5,0.995
417,938.5,256.5,0.998
418,938.5,268.5,0.997
419,936.5,280.5,0.997
420,936.5,296.5,0.999
421,934.5,314.5,0.998
422,934.5,332.5,0.919
423,358.5,200.5,0.861
424,926.5,374.5,0.963
425,934.5,354.5,0.98
426,942.5,334.5,0.997
427,946.5,322.5,0.997
428,952.5,310.5,0.992
429,958.5,302.5,0.992
430,962.5,296.5,0.989
431,966.5,292.5,0.997
432,970.5,294.5,0.994
433,974.5,300.5,0.994
434,976.5,306.5,0.989
435,978.5,318.5,0.994
436,980.5,330.5,0.999
437,980.5,342.5,0.993
445,1152.5,194.5,0.542
452,1020.5,226.5,0.833
458,1032.5,194.5,0.537
460,1030.5,192.5,0.915
463,1030.5,188.5,0.858
464,1104.5,180.5,0.869
465,1030.5,184.5,0.768
466,1032.5,180.5,0.69
475,950.5,274.5,0.942
476,948.5,278.5,0.929
477,944.5,276.5,0.868
478,176.5,372.5,0.777
479,936.5,290.5,0.934
480,934.5,296.5,0.886
481,934.5,296.5,0.618
483,886.5,382.5,0.854
485,938.5,328.5,0.985
486,910.5,324.5,0.986
487,890.5,308.5,0.995
488,870.5,292.5,0.996
489,850.5,276.5,0.998
490,830.5,264.5,0.992
491,808.5,256.5,0.993
492,788.5,248.5,0.99
493,770.5,246.5,0.991
494,752.5,246.5,0.996
495,734.5,248.5,0.987
496,716.5,252.5,0.987
497,700.5,258.5,0.991
498,288.5,234.5,0.988
499,306.5,232.5,0.986
500,658.5,276.5,0.992
501,650.5,260.5,0.996
502,652.5,252.5,0.966
503,654.5,246.5,0.973
504,658.5,244.5,0.942
505,660.5,242.5,0.956
506,662.5,244.5,0.986
507,666.5,250.5,0.968
508,670.5,256.5,0.991
509,672.5,266.5,0.987
510,674.5,276.5,0.99
511,676.5,290.5,0.947
512,676.5,298.5,0.998
513,678.5,284.5,0.971
514,676.5,278.5,0.972
515,676.5,272.5,0.992
516,676.5,268.5,0.979
517,676.5,266.5,0.984
518,676.5,268.5,0.983
519,676.5,274.5,0.996
520,676.5,280.5,0.992
521,678.5,286.5,0.936
522,676.5,296.5,0.995
523,672.5,308.5,0.998
524,670.5,296.5,0.995
525,670.5,292.5,0.994
526,670.5,282.5,0.987
527,668.5,280.5,0.988
528,668.5,278.5,0.93
529,662.5,282.5,0.996
530,660.5,284.5,0.998
531,660.5,290.5,0.999
532,658.5,298.5,0.999
533,660.5,312.5,0.999
534,656.5,300.5,0.998
535,656.5,292.5,0.999
536,656.5,290.5,0.982
537,652.5,284.5,0.994
538,652.5,286.5,0.989
539,650.5,290.5,0.997
540,648.5,296.5,0.998
541,646.5,302.5,0.998
542,646.5,312.5,1.0
543,644.5,304.5,0.998
544,644.5,296.5,0.999
545,644.5,292.5,0.992
546,644.5,292.5,0.994
547,640.5,294.5,0.998
548,640.5,298.5,0.998
549,636.5,302.5,0.996
550,638.5,314.5,0.998
551,636.5,312.5,0.999
552,636.5,302.5,0.997
553,634.5,298.5,0.996
554,634.5,298.5,0.99
555,632.5,298.5,0.992
556,630.5,300.5,0.997
557,630.5,308.5,1.0
558,630.5,316.5,0.999
559,630.5,310.5,0.999
560,628.5,302.5,0.994
561,628.5,298.5,0.996
562,628.5,302.5,0.957
563,626.5,304.5,0.993
564,626.5,310.5,0.998
565,626.5,316.5,0.982
566,626.5,310.5,0.984
567,624.5,306.5,0.994
568,626.5,304.5,0.918
569,620.5,306.5,0.977
570,620.5,310.5,0.967
571,618.5,312.5,0.895
572,620.5,316.5,0.853
573,616.5,320.5,0.831
574,612.5,320.5,0.929
575,616.5,324.5,0.874
581,626.5,328.5,0.89
583,610.5,310.5,0.534
584,636.5,326.5,0.967
585,640.5,328.5,0.975
586,646.5,330.5,0.997
587,652.5,334.5,0.991
588,656.5,336.5,0.998
589,664.5,338.5,0.998
590,668.5,340.5,0.997
591,674.5,344.5,0.998
592,678.5,344.5,0.999
593,686.5,346.5,0.998
594,690.5,350.5,0.992
595,696.5,352.5,0.998
596,702.5,354.5,0.998
597,708.5,358.5,0.998
598,714.5,360.5,0.993
599,720.5,362.5,0.996
600,724.5,366.5,0.99
601,732.5,368.5,0.995
602,736.5,370.5,0.996
603,742.5,372.5,0.996
604,748.5,376.5,0.994
605,754.5,378.5,0.99
606,758.5,380.5,0.973
608,768.5,384.5,0.839
612,400.5,212.5,0.755
613,308.5,210.5,0.701
614,390.5,216.5,0.593
615,384.5,218.5,0.901
616,374.5,220.5,0.679
617,368.5,224.5,0.908
618,246.5,358.5,0.803
620,338.5,230.5,0.898
621,1080.5,218.5,0.763
626,924.5,380.5,0.721
633,1110.5,354.5,0.786
634,1120.5,336.5,0.836
636,990.5,296.5,0.814
637,1120.5,200.5,0.619
638,242.5,358.5,0.573
639,236.5,358.5,0.774
641,1106.5,182.5,0.989
642,216.5,210.5,0.551
643,1116.5,192.5,0.857
647,198.5,360.5,0.763
648,1030.5,194.5,0.86
650,992.5,290.5,0.916
651,1150.5,212.5,0.725
652,1150.5,216.5,0.722
653,892.5,332.5,0.796
654,902.5,330.5,0.966
655,834.5,324.5,0.987
656,786.5,294.5,0.994
657,748.5,278.5,0.997
658,704.5,260.5,0.993
659,678.5,252.5,0.998
660,638.5,242.5,0.99
661,604.5,236.5,0.992
662,574.5,234.5,0.969
663,542.5,234.5,0.961
664,524.5,238.5,0.98
665,494.5,244.5,0.987
666,472.5,248.5,0.996
667,452.5,252.5,0.991
668,434.5,236.5,0.988
669,418.5,226.5,0.99
670,400.5,214.5,0.981
671,382.5,204.5,0.921
672,392.5,196.5,0.977
673,406.5,192.5,0.99
674,438.5,186.5,0.981
675,464.5,184.5,0.993
676,494.5,182.5,0.996
677,524.5,186.5,0.964
678,548.5,190.5,0.976
679,578.5,196.5,0.966
680,614.5,212.5,0.986
681,642.5,224.5,0.993
682,680.5,244.5,0.996
683,706.5,262.5,0.991
684,740.5,286.5,0.987
685,772.5,312.5,0.976
686,800.5,340.5,0.986
687,832.5,372.5,0.967
688,862.5,392.5,0.979
689,892.5,378.5,0.998
690,928.5,368.5,0.983
691,962.5,362.5,0.976
692,978.5,354.5,0.982
693,930.5,314.5,0.987
694,886.5,284.5,0.996
695,844.5,260.5,0.996
696,810.5,244.5,0.997
697,776.5,230.5,0.989
698,734.5,214.5,0.986
699,706.5,210.5,0.987
700,678.5,204.5,0.993
701,642.5,202.5,0.972
702,618.5,204.5,0.94
703,590.5,208.5,0.977
704,568.5,212.5,0.974
705,544.5,222.5,0.973
706,524.5,230.5,0.979
707,502.5,244.5,0.985
708,488.5,252.5,0.995
709,472.5,266.5,0.994
710,454.5,266.5,0.987
711,442.5,250.5,0.994
712,426.5,230.5,0.997
713,414.5,212.5,0.987
714,402.5,200.5,0.992
715,388.5,188.5,0.994
716,376.5,178.5,0.988
717,366.5,174.5,0.958
718,356.5,172.5,0.963
719,346.5,170.5,0.796
720,370.5,170.5,0.741
721,406.5,174.5,0.986
722,444.5,178.5,0.984
723,476.5,182.5,0.995
724,514.5,194.5,0.992
725,550.5,204.5,0.958
726,592.5,220.5,0.975
727,628.5,236.5,0.995
728,654.5,250.5,0.977
729,698.5,276.5,0.994
730,742.5,308.5,0.93
731,776.5,338.5,0.976
732,812.5,328.5,0.991
733,852.5,314.5,0.983
734,878.5,310.5,0.994
735,918.5,306.5,0.993
736,950.5,302.5,0.998
737,998.5,304.5,0.997
738,1024.5,308.5,0.978
739,1062.5,316.5,0.953
740,1098.5,326.5,0.989
741,1138.5,342.5,0.996
742,1162.5,354.5,0.995
743,1110.5,316.5,0.969
744,1060.5,288.5,0.968
745,1000.5,254.5,0.991
746,950.5,232.5,0.994
747,900.5,214.5,0.996
748,854.5,200.5,0.995
749,808.5,192.5,0.993
750,766.5,184.5,0.968
751,730.5,182.5,0.991
752,694.5,182.5,0.983
753,668.5,186.5,0.955
754,626.5,194.5,0.981
755,596.5,200.5,0.944
756,568.5,212.5,0.959
757,540.5,224.5,0.991
758,522.5,234.5,0.964
759,492.5,252.5,0.992
760,472.5,264.5,0.992
761,454.5,248.5,0.993
762,438.5,226.5,0.995
763,422.5,210.5,0.994
764,408.5,196.5,0.997
765,390.5,182.5,0.988
766,376.5,172.5,0.989
767,360.5,166.5,0.977
768,352.5,162.5,0.887
769,378.5,166.5,0.881
770,414.5,174.5,0.988
771,452.5,182.5,0.992
772,490.5,196.5,0.99
773,530.5,212.5,0.992
774,566.5,228.5,0.991
775,598.5,244.5,0.985
776,636.5,268.5,0.96
777,678.5,296.5,0.986
778,706.5,324.5,0.933
779,750.5,348.5,0.99
780,782.5,342.5,0.996
781,818.5,330.5,0.994
782,854.5,330.5,0.995
783,892.5,332.5,0.987
784,930.5,332.5,0.997
785,970.5,340.5,0.99
786,1010.5,354.5,0.981
787,1034.5,360.5,0.992
788,1014.5,332.5,0.991
789,966.5,284.5,0.932
790,940.5,260.5,0.989
791,908.5,232.5,0.992
792,880.5,212.5,0.998
793,852.5,196.5,0.996
794,826.5,180.5,0.992
795,794.5,168.5,0.987
796,772.5,164.5,0.985
797,750.5,162.5,0.974
798,730.5,162.5,0.966
799,706.5,162.5,0.97
800,688.5,170.5,0.983
801,672.5,176.5,0.993
802,654.5,186.5,0.935
803,640.5,196.5,0.977
804,626.5,210.5,0.984
805,614.5,224.5,0.974
806,602.5,240.5,0.971
807,594.5,252.5,0.959
808,582.5,264.5,0.961
809,576.5,240.5,0.963
810,566.5,218.5,0.965
811,560.5,202.5,0.965
812,552.5,186.5,0.964
813,544.5,174.5,0.959
814,538.5,162.5,0.972
815,532.5,156.5,0.963
816,526.5,152.5,0.966
817,518.5,148.5,0.986
818,512.5,148.5,0.986
819,506.5,152.5,0.983
820,502.5,156.5,0.99
821,498.5,162.5,0.965
822,506.5,156.5,0.942
823,512.5,154.5,0.973
824,520.5,152.5,0.967
825,528.5,152.5,0.972
826,538.5,156.5,0.98
827,548.5,162.5,0.993
828,558.5,170.5,0.981
829,568.5,182.5,0.983
830,578.5,196.5,0.972
831,450.5,164.5,0.951
832,598.5,232.5,0.969
833,608.5,252.5,0.964
834,620.5,280.5,0.978
835,632.5,312.5,0.988
836,644.5,340.5,0.987
837,650.5,376.5,0.944
838,662.5,374.5,0.997
839,670.5,358.5,0.994
840,680.5,348.5,0.999
841,694.5,336.5,0.998
842,704.5,330.5,0.999
843,716.5,328.5,0.998
844,728.5,330.5,0.998
845,738.5,336.5,0.992
846,750.5,344.5,0.996
847,762.5,356.5,0.997
848,774.5,372.5,0.998
849,784.5,392.5,0.998
850,794.5,416.5,0.966
851,806.5,442.5,0.959
853,744.5,362.5,0.619
854,716.5,334.5,0.789
855,682.5,302.5,0.946
856,650.5,282.5,0.965
857,622.5,264.5,0.98
858,594.5,246.5,0.986
859,574.5,238.5,0.968
860,550.5,230.5,0.984
861,530.5,226.5,0.989
862,512.5,226.5,0.993
863,496.5,228.5,0.997
864,480.5,234.5,0.991
865,466.5,240.5,0.993
866,452.5,248.5,0.999
867,440.5,258.5,0.996
868,430.5,272.5,0.992
869,420.5,284.5,0.964
870,408.5,284.5,0.964
871,398.5,264.5,0.934
872,390.5,244.5,0.984
873,380.5,226.5,0.821
874,370.5,210.5,0.981
875,362.5,198.5,0.971
876,354.5,190.5,0.908
877,346.5,182.5,0.868
878,340.5,178.5,0.979
879,328.5,182.5,0.954
880,344.5,182.5,0.967
881,360.5,172.5,0.952
882,438.5,204.5,0.982
883,480.5,214.5,0.991
884,530.5,236.5,0.991
885,562.5,252.5,0.935
887,622.5,280.5,0.978
888,612.5,282.5,0.977
889,1196.5,432.5,0.848
890,600.5,278.5,0.902
891,596.5,266.5,0.997
892,592.5,262.5,0.859
893,588.5,260.5,0.918
894,582.5,258.5,0.985
895,580.5,260.5,0.996
896,574.5,264.5,0.995
897,574.5,256.5,0.979
898,454.5,184.5,0.974
899,564.5,242.5,0.972
900,470.5,194.5,0.973
901,560.5,242.5,0.966
902,558.5,248.5,0.968
903,556.5,240.5,0.982
904,556.5,234.5,0.943
905,504.5,216.5,0.63
906,364.5,190.5,0.839
907,368.5,194.5,0.942
908,374.5,200.5,0.908
909,550.5,240.5,0.955
910,384.5,202.5,0.949
911,390.5,204.5,0.757
915,406.5,208.5,0.822
917,416.5,210.5,0.66
931,1050.5,236.5,0.737
932,1042.5,232.5,0.834
943,792.5,484.5,0.605
956,366.5,254.5,0.823
959,566.5,570.5,0.652
962,500.5,578.5,0.678
964,462.5,220.5,0.806
965,730.5,292.5,0.656
976,462.5,204.5,0.573
995,660.5,310.5,0.947
1006,518.5,218.5,0.578
1007,760.5,308.5,0.634
1008,774.5,310.5,0.815
1009,790.5,314.5,0.799
1010,376.5,250.5,0.781
1011,824.5,318.5,0.656
1015,494.5,230.5,0.889
1022,960.5,518.5,0.653
1023,966.5,516.5,0.797
1024,972.5,508.5,0.89
1025,976.5,504.5,0.966
1026,980.5,496.5,0.93
1027,982.5,490.5,0.978
1028,986.5,480.5,0.976
1030,1044.5,408.5,0.948
1031,302.5,274.5,0.776
1032,1028.5,424.5,0.847
1035,902.5,244.5,0.639
1040,346.5,130.5,0.941
1041,344.5,116.5,0.994
1042,342.5,102.5,0.995
1043,340.5,90.5,0.997
1044,338.5,80.5,0.988
1045,338.5,74.5,0.993
1046,336.5,72.5,0.987
1047,334.5,68.5,0.985
1048,334.5,72.5,0.983
1049,332.5,74.5,0.988
1050,1094.5,394.5,0.991
1051,332.5,88.5,0.897
1052,332.5,94.5,0.868
1060,330.5,152.5,0.913
1061,930.5,388.5,0.883
1062,328.5,158.5,0.934
1063,328.5,168.5,0.97
1064,328.5,176.5,0.981
1065,332.5,186.5,0.658
1067,1002.5,366.5,0.57
1068,1004.5,362.5,0.587
1069,324.5,218.5,0.909
1070,320.5,226.5,0.654
1071,318.5,232.5,0.962
1072,312.5,236.5,0.97
1073,306.5,240.5,0.973
1074,302.5,246.5,0.984
1075,296.5,250.5,0.991
1076,292.5,254.5,0.994
1077,292.5,252.5,0.984
1078,280.5,258.5,0.996
1079,280.5,258.5,0.991
1080,276.5,260.5,0.994
1081,274.5,262.5,0.997
1082,270.5,264.5,0.994
1083,270.5,266.5,0.983
1084,270.5,268.5,0.988
1085,270.5,270.5,0.99
1086,270.5,272.5,0.992
1087,270.5,274.5,0.972
1088,268.5,274.5,0.985
1089,266.5,272.5,0.997
1090,264.5,262.5,0.998
1091,258.5,250.5,0.986
1092,256.5,236.5,0.99
1093,252.5,216.5,0.977
1095,248.5,198.5,0.996
1096,246.5,192.5,0.986
1097,244.5,186.5,0.994
1098,244.5,186.5,0.991
1099,244.5,186.5,0.995
1100,242.5,190.5,0.972
1101,244.5,196.5,0.998
1102,246.5,204.5,0.991
1103,246.5,220.5,0.971
1105,258.5,244.5,0.943
1106,282.5,252.5,0.901
1107,346.5,276.5,0.981
1108,382.5,260.5,0.989
1109,414.5,252.5,0.994
1110,442.5,248.5,0.998
1111,482.5,244.5,0.996
1112,524.5,244.5,0.963
1113,558.5,244.5,0.996
1114,594.5,250.5,0.964
1115,636.5,260.5,0.996
1116,674.5,274.5,0.98
1117,694.5,280.5,0.988
1118,726.5,292.5,0.92
1119,768.5,322.5,0.942
1120,792.5,326.5,0.981
1121,828.5,306.5,0.994
1122,852.5,300.5,0.997
1123,886.5,292.5,0.992
1124,916.5,290.5,0.997
1125,946.5,290.5,0.983
1126,944.5,290.5,0.986
1127,1024.5,306.5,0.962
1128,1022.5,306.5,0.916
1129,1054.5,320.5,0.97
1130,1074.5,332.5,0.933
1131,1046.5,316.5,0.98
1132,1006.5,294.5,0.994
1133,950.5,270.5,0.995
1134,910.5,254.5,0.984
1135,872.5,242.5,0.995
1136,826.5,228.5,0.997
1137,786.5,222.5,0.989
1138,748.5,218.5,0.963
1139,716.5,216.5,0.961
1140,684.5,218.5,0.984
1141,642.5,220.5,0.999
1142,620.5,226.5,0.98
1143,588.5,234.5,0.979
1144,562.5,244.5,0.981
1145,532.5,254.5,0.99
1146,506.5,266.5,0.985
1147,486.5,250.5,0.986
1148,468.5,236.5,0.978
1149,450.5,222.5,0.995
1150,430.5,210.5,0.991
1151,414.5,202.5,0.986
1152,338.5,202.5,0.958
1153,360.5,202.5,0.948
1154,430.5,198.5,0.991
1155,462.5,204.5,0.99
1156,496.5,214.5,0.998
1157,530.5,226.5,0.992
1158,566.5,244.5,0.993
1159,596.5,258.5,0.968
1160,630.5,276.5,0.993
1161,668.5,304.5,0.959
1162,698.5,328.5,0.988
1163,734.5,356.5,0.982
1164,764.5,358.5,0.996
1165,794.5,354.5,0.985
1166,828.5,356.5,0.997
1167,862.5,358.5,0.998
1168,898.5,366.5,0.991
1169,936.5,376.5,0.975
1170,970.5,390.5,0.993
1171,1000.5,402.5,0.969
1172,954.5,356.5,0.554
1173,914.5,314.5,0.985
1174,880.5,284.5,0.991
1175,838.5,250.5,0.992
1176,802.5,224.5,0.991
1177,782.5,212.5,0.988
1178,752.5,196.5,0.985
1179,720.5,180.5,0.985
1180,694.5,172.5,0.97
1181,674.5,166.5,0.996
1182,646.5,164.5,0.995
1183,632.5,166.5,0.994
1184,614.5,168.5,0.98
1185,596.5,174.5,0.979
1186,582.5,180.5,0.991
1187,570.5,192.5,0.979
1188,558.5,202.5,0.976
1189,548.5,212.5,0.981
1190,538.5,226.5,0.994
1191,530.5,238.5,0.933
1192,176.5,362.5,0.883
1193,514.5,222.5,0.958
1194,506.5,204.5,0.992
1195,500.5,186.5,0.997
1196,492.5,172.5,0.995
1197,486.5,160.5,0.996
1198,482.5,150.5,0.996
1199,474.5,142.5,0.981
1200,470.5,138.5,0.99
1201,464.5,136.5,0.983
1202,460.5,134.5,0.987
1203,454.5,136.5,0.976
1204,480.5,140.5,0.967
1205,454.5,154.5,0.958
1206,540.5,156.5,0.972
1207,570.5,166.5,0.989
1208,610.5,182.5,0.991
1209,640.5,198.5,0.997
1210,678.5,222.5,0.995
1211,708.5,242.5,0.996
1212,746.5,272.5,0.989
1213,772.5,292.5,0.99
1214,810.5,328.5,0.967
1215,842.5,368.5,0.974
1216,890.5,398.5,0.986
1217,930.5,394.5,0.998
1218,958.5,396.5,0.998
1219,1002.5,400.5,0.985
1220,1038.5,406.5,0.995
1221,1080.5,414.5,0.968
1222,1016.5,360.5,0.974
1223,400.5,138.5,0.974
1224,910.5,284.5,0.975
1225,858.5,256.5,0.989
1226,806.5,230.5,0.992
1227,764.5,212.5,0.991
1228,726.5,198.5,0.983
1229,684.5,186.5,0.99
1230,644.5,178.5,0.992
1231,620.5,178.5,0.973
1232,590.5,178.5,0.973
1233,558.5,180.5,0.98
1234,536.5,186.5,0.96
1235,512.5,196.5,0.976
1236,492.5,204.5,0.985
1237,472.5,218.5,0.991
1238,456.5,230.5,0.995
1239,442.5,244.5,0.992
1240,428.5,260.5,0.994
1241,420.5,274.5,0.932
1242,404.5,256.5,0.831
1243,390.5,232.5,0.994
1244,378.5,212.5,0.955
1245,366.5,194.5,0.87
1246,354.5,180.5,0.99
1247,342.5,168.5,0.97
1248,332.5,160.5,0.845
1249,324.5,154.5,0.926
1250,312.5,150.5,0.969
1251,304.5,148.5,0.991
1252,296.5,152.5,0.993
1253,290.5,154.5,0.979
1254,284.5,160.5,0.989
1255,278.5,170.5,0.999
1256,314.5,176.5,0.707
1257,360.5,190.5,0.859
1258,422.5,204.5,0.647
1259,484.5,228.5,0.909
1260,436.5,136.5,0.962
1261,454.5,132.5,0.926
1263,774.5,342.5,0.824
1264,822.5,340.5,0.975
1265,872.5,338.5,0.946
1266,994.5,346.5,0.92
1267,1028.5,350.5,0.946
1268,1148.5,374.5,0.935
1269,1188.5,384.5,0.949
1270,1254.5,400.5,0.938
1271,1246.5,360.5,0.971
1272,1218.5,330.5,0.967
1273,1172.5,286.5,0.989
1274,1146.5,264.5,0.694
1275,1118.5,234.5,0.989
1276,1058.5,204.5,0.987
1280,928.5,156.5,0.968
1281,900.5,154.5,0.924
1282,870.5,154.5,0.896
1283,840.5,158.5,0.964
1284,804.5,164.5,0.995
1285,786.5,172.5,0.976
1286,760.5,182.5,0.968
1287,734.5,196.5,0.98
1288,710.5,212.5,0.975
1289,686.5,230.5,0.986
1290,672.5,242.5,0.997
1291,650.5,262.5,0.984
1292,630.5,280.5,0.987
1293,608.5,308.5,0.969
1294,596.5,308.5,0.983
1295,582.5,280.5,0.987
1296,572.5,262.5,0.985
1297,562.5,242.5,0.994
1298,550.5,226.5,0.995
1299,536.5,210.5,0.976
1300,528.5,202.5,0.974
1301,516.5,194.5,0.991
1302,506.5,190.5,0.988
1303,496.5,188.5,0.996
1304,486.5,190.5,0.991
1305,476.5,192.5,0.994
1306,466.5,198.5,0.999
1307,456.5,208.5,0.997
1308,450.5,218.5,0.998
1309,442.5,232.5,0.998
1310,434.5,248.5,0.999
1311,428.5,264.5,0.997
1312,422.5,280.5,0.999
1313,418.5,302.5,0.985
1314,410.5,288.5,0.987
1315,402.5,274.5,0.984
1316,394.5,254.5,0.988
1317,388.5,242.5,0.997
1318,382.5,232.5,0.996
1319,374.5,222.5,0.995
1320,368.5,216.5,0.99
1321,362.5,214.5,0.991
1322,358.5,214.5,0.991
1323,350.5,216.5,0.987
1324,346.5,220.5,0.992
1325,342.5,228.5,0.999
1326,340.5,240.5,0.994
1327,336.5,250.5,0.994
1328,334.5,264.5,0.986
1329,332.5,280.5,0.994
1330,330.5,294.5,0.984
1331,326.5,294.5,0.976
1332,318.5,282.5,0.989
1333,314.5,268.5,0.987
1334,306.5,256.5,0.987
1335,302.5,244.5,0.995
1336,296.5,240.5,0.966
1337,292.5,234.5,0.753
1338,288.5,234.5,0.852
1339,284.5,236.5,0.94
1340,280.5,242.5,0.991
1341,278.5,248.5,0.994
1342,274.5,254.5,0.99
1343,278.5,232.5,0.921
1344,738.5,656.5,0.846
1345,288.5,196.5,0.843
1346,292.5,180.5,0.965
1347,296.5,168.5,0.973
1348,304.5,160.5,0.982
1349,308.5,152.5,0.98
1350,314.5,146.5,0.962
1351,320.5,146.5,0.989
1352,328.5,148.5,0.987
1353,332.5,152.5,0.983
1354,338.5,160.5,0.58
1355,328.5,154.5,0.88
1357,320.5,138.5,0.704
1358,316.5,138.5,0.783
1360,1062.5,194.5,0.586
1362,322.5,168.5,0.93
1363,330.5,178.5,0.757
1364,336.5,186.5,0.895
1365,1022.5,226.5,0.715
1371,860.5,374.5,0.702
1372,1030.5,184.5,0.797
1373,280.5,388.5,0.677
1376,416.5,224.5,0.715
1377,416.5,224.5,0.879
1379,1234.5,376.5,0.655
1381,920.5,346.5,0.753
1383,896.5,378.5,0.666
1384,412.5,224.5,0.643
1389,874.5,400.5,0.775
1390,858.5,386.5,0.569
1391,860.5,410.5,0.622
1393,888.5,298.5,0.697
1401,864.5,278.5,0.84
1402,1036.5,330.5,0.73
1403,908.5,386.5,0.864
1404,870.5,224.5,0.717
1406,910.5,390.5,0.809
1408,1050.5,236.5,0.661
1410,1048.5,234.5,0.824
1411,1050.5,236.5,0.601
1413,1050.5,234.5,0.607
1414,912.5,224.5,0.741
1415,870.5,246.5,0.926
1416,864.5,280.5,0.897
1417,860.5,340.5,0.957
1418,876.5,370.5,0.767
1419,1270.5,564.5,0.806
1420,1050.5,234.5,0.557
1421,1048.5,234.5,0.954
1431,406.5,220.5,0.84
1432,400.5,222.5,0.676
1433,396.5,216.5,0.842
1434,394.5,214.5,0.936
1435,392.5,208.5,0.826
1436,390.5,204.5,0.805
1437,392.5,196.5,0.956
1438,394.5,190.5,0.965
1439,392.5,176.5,0.955
1440,394.5,164.5,0.953
1441,394.5,148.5,0.976
1442,394.5,134.5,0.951
1443,392.5,120.5,0.974
1444,390.5,108.5,0.94
1445,386.5,96.5,0.926
1446,382.5,88.5,0.953
1458,370.5,92.5,0.838
1459,370.5,100.5,0.951
1460,370.5,112.5,0.943
1461,370.5,126.5,0.954
1462,368.5,140.5,0.975
1463,368.5,152.5,0.963
1464,368.5,162.5,0.932
1465,368.5,170.5,0.943
1466,366.5,176.5,0.869
1471,306.5,216.5,0.83
1477,312.5,186.5,0.508
1478,336.5,174.5,0.894
1483,340.5,164.5,0.918
1495,368.5,176.5,0.506
1496,920.5,642.5,0.554
1497,368.5,178.5,0.759
1498,368.5,178.5,0.824
1500,370.5,180.5,0.903
1501,370.5,180.5,0.817
1502,370.5,178.5,0.698
1503,370.5,180.5,0.841
1504,370.5,180.5,0.785
1505,370.5,178.5,0.705
1506,368.5,178.5,0.8
1507,368.5,178.5,0.87
1508,368.5,178.5,0.831
1509,368.5,178.5,0.857
1510,368.5,176.5,0.685
1511,368.5,176.5,0.799
1512,368.5,176.5,0.581
1513,368.5,176.5,0.615
1514,312.5,178.5,0.748
1515,368.5,176.5,0.757
1516,368.5,176.5,0.763
1517,368.5,176.5,0.847
1518,368.5,176.5,0.867
1519,368.5,176.5,0.785
1520,368.5,176.5,0.503
1521,368.5,176.5,0.914
1522,366.5,176.5,0.884
1523,368.5,174.5,0.818
1524,368.5,176.5,0.806
1525,366.5,174.5,0.839
1526,366.5,174.5,0.854
1527,366.5,176.5,0.868
1528,366.5,176.5,0.933
1529,366.5,176.5,0.904
1530,368.5,176.5,0.952
1531,368.5,176.5,0.939
1532,366.5,176.5,0.953
1533,368.5,178.5,0.942
1534,368.5,178.5,0.953
1535,368.5,178.5,0.93
1536,366.5,178.5,0.856
1537,366.5,178.5,0.904
1538,366.5,180.5,0.853
1539,366.5,178.5,0.8
1540,364.5,180.5,0.535
1542,318.5,174.5,0.631
1547,302.5,194.5,0.547
1553,366.5,178.5,0.56
1554,366.5,178.5,0.598
1556,366.5,178.5,0.581
1557,366.5,180.5,0.785
1558,366.5,180.5,0.501
1559,366.5,180.5,0.714
1560,364.5,176.5,0.907
1561,366.5,176.5,0.91
1562,368.5,172.5,0.943
1563,370.5,170.5,0.924
1564,372.5,164.5,0.945
1565,376.5,160.5,0.915
1566,378.5,152.5,0.932
1567,382.5,144.5,0.873
1568,384.5,136.5,0.519
1569,386.5,128.5,0.652
1573,390.5,134.5,0.88
1575,390.5,144.5,0.831
1576,386.5,150.5,0.826
1577,384.5,154.5,0.974
1578,382.5,162.5,0.945
1581,370.5,176.5,0.533
1582,368.5,178.5,0.96
1583,364.5,180.5,0.935
1584,360.5,180.5,0.947
1585,362.5,178.5,0.844
1586,366.5,176.5,0.705
1587,368.5,176.5,0.791
1589,1046.5,232.5,0.675
1593,1042.5,234.5,0.57
1597,1040.5,232.5,0.529
1601,376.5,178.5,0.951
1602,376.5,178.5,0.884
1603,376.5,178.5,0.89
1604,376.5,178.5,0.921
1606,376.5,174.5,0.673
1607,374.5,170.5,0.909
1608,372.5,168.5,0.741
1609,368.5,162.5,0.876
1610,368.5,162.5,0.906
1611,366.5,160.5,0.958
1612,364.5,164.5,0.982
1613,362.5,170.5,0.933
1615,360.5,140.5,0.922
1616,356.5,122.5,0.975
1617,356.5,104.5,0.978
1618,352.5,90.5,0.993
1619,350.5,80.5,0.973
1620,350.5,72.5,0.983
1621,350.5,68.5,0.835
1622,326.5,178.5,0.583
1623,324.5,182.5,0.904
1624,350.5,64.5,0.818
1625,348.5,68.5,0.964
1626,348.5,74.5,0.995
1627,348.5,80.5,0.997
1628,350.5,92.5,0.997
1629,350.5,104.5,0.994
1630,352.5,118.5,0.934
1631,356.5,132.5,0.892
1633,930.5,292.5,0.656
1634,930.5,342.5,0.68
1635,926.5,364.5,0.945
1636,928.5,388.5,0.702
1637,932.5,394.5,0.823
1639,336.5,156.5,0.553
1640,336.5,162.5,0.667
1641,336.5,168.5,0.811
1642,238.5,236.5,0.554
1647,354.5,192.5,0.529
1653,248.5,252.5,0.511
1654,1020.5,226.5,0.732
1659,352.5,186.5,0.708
1661,276.5,216.5,0.842
1662,76.5,234.5,0.682
1663,1066.5,210.5,0.712
1669,406.5,208.5,0.762
1676,328.5,226.5,0.89
1678,328.5,228.5,0.818
1679,320.5,230.5,0.753
1680,320.5,232.5,0.788
1681,340.5,342.5,0.925
1682,352.5,340.5,0.958
1683,310.5,242.5,0.77
1684,310.5,244.5,0.967
1685,308.5,248.5,0.961
1686,302.5,248.5,0.889
1687,300.5,250.5,0.976
1688,298.5,252.5,0.976
1689,294.5,254.5,0.984
1690,292.5,256.5,0.981
1691,288.5,258.5,0.981
1692,286.5,258.5,0.973
1693,284.5,260.5,0.973
1694,282.5,260.5,0.964
1695,280.5,262.5,0.966
1696,276.5,262.5,0.983
1697,274.5,262.5,0.979
1698,272.5,262.5,0.96
1699,272.5,262.5,0.976
1700,272.5,262.5,0.977
1701,270.5,262.5,0.983
1702,270.5,262.5,0.967
1703,268.5,262.5,0.978
1704,268.5,264.5,0.991
1705,268.5,264.5,0.992
1706,268.5,264.5,0.988
1707,268.5,264.5,0.991
1708,268.5,264.5,0.988
1709,270.5,266.5,0.992
1710,270.5,266.5,0.994
1711,272.5,272.5,0.993
1712,274.5,272.5,0.99
1713,274.5,274.5,0.978
1714,274.5,272.5,0.988
1715,272.5,266.5,0.997
1716,268.5,258.5,0.993
1717,264.5,244.5,0.988
1718,256.5,226.5,0.935
1719,250.5,204.5,0.849
1720,246.5,198.5,0.993
1721,244.5,184.5,0.982
1722,242.5,174.5,0.975
1723,240.5,168.5,0.992
1724,236.5,164.5,0.986
1725,236.5,162.5,0.996
1726,234.5,166.5,0.987
1727,234.5,168.5,0.995
1728,234.5,176.5,0.994
1729,232.5,184.5,0.994
1730,232.5,196.5,0.995
1731,236.5,206.5,0.967
1732,228.5,228.5,0.798
1733,236.5,236.5,0.801
1734,266.5,256.5,0.855
1735,302.5,134.5,0.553
1736,366.5,284.5,0.994
1737,412.5,278.5,0.996
1738,458.5,276.5,0.979
1739,506.5,278.5,0.994
1740,548.5,276.5,0.93
1741,598.5,284.5,0.992
1742,640.5,292.5,0.983
1743,684.5,300.5,0.979
1744,732.5,318.5,0.939
1745,782.5,340.5,0.963
1746,818.5,354.5,0.99
1747,862.5,340.5,0.99
1748,916.5,336.5,0.986
1749,946.5,336.5,0.996
1750,990.5,338.5,0.98
1751,1024.5,344.5,0.976
1752,1066.5,354.5,0.986
1753,1040.5,332.5,0.974
1754,1002.5,306.5,0.992
1755,946.5,276.5,0.999
1756,910.5,260.5,0.998
1757,872.5,244.5,0.994
1758,828.5,230.5,0.996
1759,792.5,224.5,0.991
1760,764.5,220.5,0.978
1761,730.5,218.5,0.95
1762,696.5,220.5,0.973
1763,674.5,222.5,0.997
1764,638.5,230.5,0.996
1765,616.5,238.5,0.972
1766,594.5,246.5,0.983
1767,566.5,262.5,0.988
1768,548.5,262.5,0.995
1769,532.5,248.5,0.971
1770,514.5,230.5,0.995
1771,498.5,216.5,0.995
1772,480.5,204.5,0.975
1773,464.5,196.5,0.998
1774,450.5,190.5,0.996
1775,434.5,186.5,0.994
1776,420.5,186.5,0.998
1777,406.5,188.5,0.996
1778,394.5,190.5,0.977
1779,388.5,196.5,0.954
1780,376.5,188.5,0.677
1781,368.5,184.5,0.959
1782,360.5,180.5,0.976
1783,350.5,182.5,0.979
1784,342.5,188.5,0.957
1785,336.5,194.5,0.966
1786,326.5,202.5,0.766
1788,310.5,218.5,0.61
1800,312.5,242.5,0.822
1801,292.5,118.5,0.636
1802,292.5,118.5,0.687
1803,298.5,246.5,0.934
1804,294.5,248.5,0.968
1805,290.5,250.5,0.979
1806,286.5,252.5,0.989
1807,282.5,254.5,0.995
1808,278.5,256.5,0.995
1809,276.5,256.5,0.994
1810,272.5,258.5,0.993
1811,270.5,258.5,0.992
1812,270.5,258.5,0.988
1813,270.5,262.5,0.992
1814,270.5,264.5,0.988
1815,270.5,266.5,0.994
1816,272.5,266.5,0.982
1817,272.5,270.5,0.982
1818,272.5,270.5,0.986
1819,270.5,266.5,0.992
1820,266.5,258.5,0.998
1821,262.5,244.5,0.995
1822,256.5,226.5,0.845
1823,250.5,212.5,0.959
1824,246.5,200.5,0.995
1825,244.5,188.5,0.975
1826,240.5,182.5,0.992
1827,240.5,176.5,0.973
1828,238.5,174.5,0.985
1829,236.5,172.5,0.982
1830,234.5,176.5,0.992
1831,232.5,182.5,0.991
1832,232.5,190.5,0.988
1833,230.5,206.5,0.963
1834,236.5,216.5,0.794
1835,236.5,226.5,0.74
1836,268.5,250.5,0.949
1837,276.5,228.5,0.654
1838,350.5,284.5,0.946
1839,382.5,278.5,0.998
1840,416.5,268.5,0.987
1841,450.5,264.5,0.995
1842,484.5,262.5,0.989
1843,522.5,266.5,0.963
1844,554.5,268.5,0.995
1845,598.5,280.5,0.973
1846,634.5,292.5,0.994
1847,674.5,308.5,0.985
1848,706.5,322.5,0.989
1849,738.5,340.5,0.982
1850,770.5,362.5,0.98
1851,812.5,368.5,0.984
1852,846.5,358.5,0.994
1853,878.5,350.5,0.984
1854,910.5,348.5,0.997
1855,942.5,348.5,0.991
1856,980.5,352.5,0.98
1857,1014.5,358.5,0.989
1858,1014.5,346.5,0.995
1859,984.5,324.5,0.994
1860,934.5,290.5,0.994
1861,888.5,260.5,0.997
1862,850.5,242.5,0.981
1863,808.5,224.5,0.995
1864,772.5,210.5,0.985
1865,732.5,196.5,0.994
1866,704.5,194.5,0.989
1867,674.5,188.5,0.996
1868,636.5,186.5,0.958
1869,604.5,188.5,0.973
1870,574.5,194.5,0.984
1871,544.5,200.5,0.973
1872,520.5,210.5,0.995
1873,494.5,220.5,0.996
1874,474.5,230.5,0.984
1875,450.5,246.5,0.997
1876,426.5,264.5,0.998
1877,408.5,280.5,0.995
1878,392.5,298.5,0.986
1879,374.5,296.5,0.983
1880,360.5,276.5,0.973
1881,344.5,256.5,0.981
1882,328.5,236.5,0.979
1883,316.5,224.5,0.829
1884,302.5,210.5,0.965
1885,288.5,202.5,0.951
1886,276.5,196.5,0.973
1887,264.5,192.5,0.952
1888,254.5,192.5,0.957
1889,244.5,192.5,0.984
1890,230.5,198.5,0.993
1891,268.5,206.5,0.712
1892,294.5,186.5,0.862
1893,318.5,182.5,0.991
1894,476.5,244.5,0.925
1895,380.5,180.5,0.675
1896,376.5,162.5,0.513
1897,700.5,326.5,0.959
1898,778.5,358.5,0.946
1899,850.5,338.5,0.971
1900,932.5,326.5,0.965
1901,972.5,324.5,0.971
1902,1250.5,434.5,0.937
1903,1152.5,324.5,0.945
1904,1180.5,324.5,0.959
1905,1234.5,316.5,0.992
1906,1176.5,278.5,0.995
1907,1116.5,236.5,0.958
1908,1062.5,212.5,0.985
1909,358.5,156.5,0.925
1910,344.5,164.5,0.707
1911,306.5,170.5,0.505
1912,860.5,138.5,0.966
1913,806.5,130.5,0.999
1914,776.5,128.5,0.988
1915,738.5,126.5,0.974
1916,704.5,130.5,0.984
1917,676.5,132.5,0.996
1918,636.5,144.5,0.993
1919,608.5,150.5,0.993
1920,578.5,164.5,0.983
1921,554.5,176.5,0.978
1922,534.5,188.5,0.974
1923,510.5,204.5,0.979
1924,490.5,220.5,0.993
1925,470.5,240.5,0.937
1926,452.5,230.5,0.937
1927,436.5,208.5,0.989
1928,420.5,186.5,0.994
1929,406.5,170.5,0.995
1930,392.5,156.5,0.983
1931,1242.5,258.5,0.973
1932,1244.5,292.5,0.935
1933,394.5,130.5,0.948
1935,422.5,126.5,0.988
1936,450.5,124.5,0.993
1937,476.5,126.5,0.993
1938,502.5,128.5,0.993
1939,528.5,132.5,0.998
1940,556.5,142.5,0.985
1941,580.5,150.5,0.993
1942,612.5,166.5,0.996
1943,638.5,182.5,0.994
1944,668.5,202.5,0.981
1945,692.5,224.5,0.995
1946,716.5,246.5,0.98
1947,742.5,274.5,0.996
1948,758.5,290.5,0.992
1949,792.5,338.5,0.925
1950,810.5,362.5,0.986
1951,834.5,346.5,0.991
1952,856.5,336.5,0.995
1953,882.5,322.5,0.994
1954,902.5,314.5,0.997
1955,928.5,308.5,0.989
1956,950.5,304.5,0.995
1957,976.5,308.5,0.917
1958,1000.5,306.5,0.998
1959,1022.5,316.5,0.932
1960,1040.5,322.5,0.996
1961,1000.5,284.5,0.964
1962,950.5,242.5,0.99
1963,906.5,208.5,0.995
1964,868.5,184.5,0.966
1965,838.5,166.5,0.941
1966,796.5,146.5,0.995
1967,764.5,132.5,0.991
1968,730.5,124.5,0.953
1969,700.5,116.5,0.996
1970,676.5,116.5,0.995
1971,644.5,116.5,0.994
1972,624.5,122.5,0.989
1973,602.5,128.5,0.982
1974,582.5,134.5,0.997
1975,564.5,144.5,0.995
1976,546.5,156.5,0.981
1977,530.5,168.5,0.996
1978,516.5,182.5,0.996
1979,502.5,198.5,0.993
1980,490.5,216.5,0.994
1981,482.5,228.5,0.992
1982,470.5,244.5,0.991
1983,458.5,220.5,0.972
1984,450.5,200.5,0.993
1985,440.5,182.5,0.996
1986,428.5,164.5,0.993
1987,422.5,150.5,0.991
1988,412.5,140.5,0.993
1989,404.5,130.5,0.994
1990,396.5,124.5,0.987
1991,388.5,120.5,0.996
1992,380.5,118.5,0.982
1993,374.5,118.5,0.94
1994,366.5,122.5,0.923
1995,396.5,132.5,0.953
1996,442.5,134.5,0.958
1997,482.5,144.5,0.989
1998,520.5,154.5,0.993
1999,560.5,166.5,0.983
2000,608.5,184.5,0.984
2001,640.5,198.5,0.993
2002,686.5,222.5,0.993
2003,726.5,244.5,0.995
2004,776.5,276.5,0.998
2005,818.5,304.5,0.992
2006,868.5,340.5,0.984
2007,898.5,370.5,0.972
2008,934.5,398.5,0.99
2009,992.5,452.5,0.954
2010,1028.5,492.5,0.94
2011,1076.5,550.5,0.95
2012,1116.5,598.5,0.971
2013,1160.5,368.5,0.621
2017,1244.5,508.5,0.528
2019,342.5,168.5,0.899
2020,334.5,174.5,0.735
2021,324.5,180.5,0.894
2022,308.5,188.5,0.976
2023,294.5,194.5,0.929
2024,280.5,198.5,0.945
2025,270.5,206.5,0.903
2026,252.5,208.5,0.909
2027,238.5,210.5,0.864
2048,246.5,242.5,0.531
2051,278.5,240.5,0.536
2059,1156.5,516.5,0.852
2060,268.5,328.5,0.705
2061,326.5,264.5,0.943
2063,294.5,326.5,0.768
2064,302.5,324.5,0.974
2065,312.5,324.5,0.987
2066,322.5,326.5,0.834
2069,330.5,264.5,0.845
2070,1242.5,382.5,0.84
2073,1222.5,420.5,0.726
2076,400.5,212.5,0.878
2078,390.5,216.5,0.686
2079,386.5,212.5,0.904
2093,1184.5,412.5,0.961
2095,380.5,216.5,0.943
2096,380.5,214.5,0.513
2097,380.5,212.5,0.846
2098,380.5,212.5,0.628
2101,1164.5,386.5,0.601
2105,1150.5,328.5,0.826
2109,1048.5,236.5,0.763
2115,340.5,342.5,0.838
2127,222.5,224.5,0.52
2128,216.5,224.5,0.792
2131,206.5,216.5,0.675
2132,202.5,212.5,0.507
2134,198.5,202.5,0.96
2135,198.5,194.5,0.979
2136,198.5,184.5,0.939
2137,200.5,178.5,0.946
2139,206.5,162.5,0.745
2140,210.5,156.5,0.774
2141,216.5,150.5,0.669
2150,306.5,138.5,0.633
2151,322.5,140.5,0.794
2152,342.5,146.5,0.853
2153,360.5,146.5,0.928
2154,376.5,146.5,0.959
2155,402.5,146.5,0.87
2156,442.5,140.5,0.915
2157,450.5,126.5,0.941
2158,448.5,114.5,0.926
2159,464.5,86.5,0.745
2161,432.5,84.5,0.579
2163,628.5,310.5,0.762
2172,642.5,328.5,0.812
2173,648.5,328.5,0.832
2174,654.5,328.5,0.836
2175,662.5,328.5,0.897
2176,398.5,160.5,0.934
2177,386.5,178.5,0.944
2178,364.5,192.5,0.909
2179,360.5,214.5,0.916
2180,322.5,216.5,0.857
2187,854.5,560.5,0.522
2188,248.5,182.5,0.643
2190,254.5,176.5,0.504
2195,392.5,226.5,0.707
2197,848.5,308.5,0.504
2201,1110.5,464.5,0.861
2203,1112.5,442.5,0.695
2207,1056.5,440.5,0.689
2211,404.5,218.5,0.515
2215,1032.5,442.5,0.868
2216,1038.5,432.5,0.94
2219,1104.5,388.5,0.925
2220,338.5,174.5,0.686
2232,1080.5,224.5,0.635
2233,1078.5,216.5,0.97
2234,1092.5,220.5,0.939
2235,1114.5,228.5,0.796
2249,224.5,606.5,0.798
2253,932.5,380.5,0.826
2257,954.5,326.5,0.994
2258,958.5,314.5,0.938
2260,890.5,380.5,0.535
2261,868.5,376.5,0.564
2262,936.5,282.5,0.605
2265,958.5,200.5,0.996
2266,956.5,200.5,0.997
2267,952.5,202.5,0.997
2268,946.5,206.5,0.995
2269,942.5,214.5,0.998
2270,938.5,224.5,0.998
2271,930.5,234.5,0.999
2272,926.5,248.5,0.982
2273,448.5,128.5,0.949
2274,934.5,232.5,0.896
2277,1104.5,264.5,0.857
2281,436.5,102.5,0.668
2282,434.5,106.5,0.586
2283,430.5,112.5,0.805
2284,422.5,120.5,0.822
2285,418.5,126.5,0.74
2286,920.5,306.5,0.817
2288,916.5,308.5,0.561
2306,364.5,162.5,0.632
2307,364.5,162.5,0.558
2309,368.5,162.5,0.865
2310,370.5,162.5,0.83
2311,374.5,160.5,0.676
2312,378.5,160.5,0.879
2313,382.5,160.5,0.808
2316,420.5,152.5,0.916
2317,440.5,140.5,0.982
2318,454.5,118.5,0.972
2319,462.5,84.5,0.854
2335,372.5,164.5,0.789
2336,1096.5,216.5,0.95
2337,330.5,196.5,0.624
2338,1100.5,222.5,0.928
2339,244.5,362.5,0.887
2345,230.5,374.5,0.601
2349,1098.5,326.5,0.641
2353,382.5,356.5,0.895
2355,1072.5,346.5,0.566
2357,1076.5,184.5,0.578
2358,146.5,236.5,0.851
2359,1076.5,184.5,0.747
2360,1076.5,184.5,0.704
2362,944.5,276.5,0.549
2363,944.5,280.5,0.534
2365,460.5,190.5,0.794
2369,158.5,224.5,0.81
2370,206.5,374.5,0.74
2371,198.5,374.5,0.946
2372,944.5,276.5,0.953
2373,176.5,372.5,0.854
2375,1112.5,226.5,0.824
2376,890.5,374.5,0.818
2377,926.5,276.5,0.735
2380,924.5,308.5,0.995
2381,884.5,318.5,0.997
2382,832.5,342.5,0.977
2383,802.5,330.5,0.979
2384,770.5,308.5,0.934
2385,738.5,290.5,0.992
2386,708.5,276.5,0.987
2387,680.5,266.5,0.982
2388,650.5,258.5,0.986
2389,626.5,254.5,0.986
2390,600.5,250.5,0.961
2391,578.5,250.5,0.977
2392,550.5,252.5,0.98
2393,526.5,258.5,0.993
2394,506.5,264.5,0.987
2395,488.5,276.5,0.998
2396,472.5,280.5,0.992
2397,456.5,266.5,0.998
2398,440.5,250.5,0.997
2399,426.5,238.5,0.992
2400,416.5,232.5,0.992
2401,400.5,226.5,0.996
2402,388.5,220.5,0.899
2403,870.5,370.5,0.706
2404,412.5,220.5,0.983
2405,442.5,222.5,0.988
2406,470.5,226.5,0.993
2407,490.5,230.5,0.993
2408,878.5,394.5,0.96
2409,548.5,252.5,0.976
2410,576.5,264.5,0.989
2411,602.5,286.5,0.981
2412,630.5,306.5,0.98
2413,658.5,328.5,0.99
2414,684.5,354.5,0.971
2415,718.5,392.5,0.961
2416,742.5,390.5,0.983
2417,770.5,388.5,0.988
2418,798.5,388.5,0.985
2419,804.5,374.5,0.944
2420,790.5,348.5,0.973
2421,764.5,328.5,0.925
2422,736.5,304.5,0.942
2423,696.5,280.5,0.968
2424,676.5,268.5,0.997
2425,648.5,256.5,0.993
2426,626.5,246.5,0.988
2427,604.5,242.5,0.974
2428,586.5,240.5,0.984
2429,568.5,242.5,0.996
2430,552.5,242.5,0.991
2431,538.5,250.5,0.975
2432,524.5,256.5,0.989
2433,512.5,264.5,0.989
2434,504.5,272.5,0.981
2435,494.5,250.5,0.993
2436,484.5,232.5,0.99
2437,478.5,218.5,0.991
2438,470.5,206.5,0.994
2439,462.5,194.5,0.991
2440,456.5,188.5,0.994
2441,450.5,182.5,0.963
2442,416.5,182.5,0.801
2443,468.5,182.5,0.953
2444,496.5,182.5,0.991
2445,522.5,186.5,0.954
2446,550.5,192.5,0.973
2447,578.5,200.5,0.985
2448,610.5,212.5,0.991
2449,640.5,228.5,0.998
2450,672.5,244.5,0.999
2451,694.5,260.5,0.994
2452,726.5,280.5,0.99
2453,756.5,308.5,0.932
2454,786.5,338.5,0.983
2455,818.5,346.5,0.991
2456,844.5,338.5,0.994
2457,878.5,332.5,0.988
2458,904.5,324.5,0.995
2459,934.5,322.5,0.999
2460,896.5,294.5,0.982
2461,850.5,270.5,0.991
2462,798.5,242.5,0.995
2463,760.5,228.5,0.996
2464,718.5,212.5,0.986
2465,682.5,202.5,0.987
2466,640.5,194.5,0.989
2467,604.5,188.5,0.96
2468,570.5,188.5,0.921
2469,540.5,188.5,0.956
2470,506.5,192.5,0.99
2471,476.5,198.5,0.997
2472,446.5,206.5,0.996
2473,422.5,214.5,0.995
2474,394.5,228.5,0.998
2475,376.5,240.5,0.992
2476,346.5,258.5,0.995
2477,332.5,270.5,0.96
2478,308.5,272.5,0.974
2479,296.5,254.5,0.947
2480,266.5,236.5,0.936
2481,246.5,220.5,0.972
2482,230.5,212.5,0.984
2483,212.5,202.5,0.981
2484,194.5,196.5,0.978
2485,176.5,192.5,0.974
2486,160.5,190.5,0.972
2487,146.5,192.5,0.947
2488,130.5,198.5,0.989
2489,332.5,230.5,0.885
2490,222.5,220.5,0.735
2491,208.5,168.5,0.949
2492,378.5,252.5,0.936
2493,458.5,276.5,0.844
2494,610.5,308.5,0.597
2495,566.5,310.5,0.92
2496,260.5,104.5,0.819
2497,556.5,300.5,0.965
2498,552.5,302.5,0.952
2499,548.5,292.5,0.999
2500,546.5,282.5,0.997
2501,546.5,272.5,0.998
2502,546.5,264.5,0.994
2503,542.5,260.5,0.994
2504,538.5,260.5,0.99
2505,540.5,260.5,0.992
2506,542.5,252.5,0.963
2507,540.5,242.5,0.983
2508,540.5,238.5,0.946
2509,542.5,234.5,0.918
2510,236.5,164.5,0.566
2511,238.5,180.5,0.949
2512,542.5,242.5,0.967
2513,214.5,196.5,0.532
2519,238.5,330.5,0.842
2520,248.5,330.5,0.75
2521,260.5,328.5,0.67
2523,1198.5,392.5,0.768
2525,1192.5,404.5,0.623
2534,364.5,352.5,0.574
2535,382.5,352.5,0.52
2536,294.5,250.5,0.814
2551,488.5,164.5,0.743
2552,402.5,202.5,0.69
2553,506.5,156.5,0.784
2554,514.5,148.5,0.924
2555,520.5,140.5,0.866
2557,876.5,508.5,0.558
2563,730.5,274.5,0.683
2564,732.5,272.5,0.946
2565,736.5,272.5,0.957
2566,736.5,272.5,0.94
2567,744.5,568.5,0.786
2568,720.5,568.5,0.922
2569,698.5,570.5,0.657
2571,652.5,568.5,0.89
2572,632.5,570.5,0.844
2573,604.5,570.5,0.812
2578,500.5,578.5,0.9
2592,604.5,178.5,0.586
2593,606.5,178.5,0.547
2594,608.5,180.5,0.604
2596,610.5,184.5,0.755
2597,610.5,188.5,0.828
2598,610.5,192.5,0.771
2599,612.5,196.5,0.943
2612,726.5,308.5,0.712
2616,756.5,308.5,0.705
2617,764.5,308.5,0.815
2618,774.5,310.5,0.657
2619,600.5,312.5,0.746
2620,792.5,308.5,0.523
2621,810.5,314.5,0.851
2622,822.5,316.5,0.566
2623,924.5,428.5,0.826
2631,1104.5,180.5,0.655
2632,766.5,322.5,0.802
2635,910.5,306.5,0.876
2637,646.5,200.5,0.909
2638,656.5,280.5,0.62
2643,62.5,296.5,0.56
2659,1024.5,228.5,0.506
2660,1048.5,240.5,0.554
2666,438.5,194.5,0.868
2668,424.5,194.5,0.898
2669,422.5,194.5,0.838
2670,416.5,196.5,0.82
2671,412.5,202.5,0.898
2672,406.5,202.5,0.803
2673,408.5,202.5,0.847
2674,408.5,202.5,0.96
2675,392.5,204.5,0.912
2676,388.5,206.5,0.902
2677,384.5,206.5,0.965
2678,380.5,202.5,0.892
2679,376.5,196.5,0.983
2680,374.5,186.5,0.966
2681,374.5,174.5,0.847
2682,374.5,162.5,0.828
2685,404.5,180.5,0.818
2686,418.5,192.5,0.971
2687,436.5,212.5,0.977
2688,450.5,228.5,0.96
2689,464.5,250.5,0.948
2690,478.5,262.5,0.981
2691,488.5,250.5,0.998
2692,504.5,242.5,0.931
2693,516.5,232.5,0.991
2694,528.5,226.5,0.996
2695,544.5,224.5,0.994
2696,558.5,224.5,0.985
2697,570.5,226.5,0.991
2698,584.5,232.5,0.987
2699,600.5,240.5,0.993
2700,614.5,250.5,0.994
2701,630.5,266.5,0.994
2702,640.5,276.5,0.994
2703,656.5,294.5,0.993
2704,670.5,316.5,0.988
2705,682.5,340.5,0.995
2706,694.5,336.5,0.998
2707,708.5,324.5,0.997
2708,718.5,314.5,0.996
2709,728.5,308.5,0.998
2710,742.5,306.5,0.998
2711,754.5,306.5,0.998
2712,766.5,308.5,0.996
2713,776.5,312.5,0.999
2714,790.5,322.5,0.998
2715,800.5,334.5,0.998
2716,810.5,348.5,0.999
2717,820.5,364.5,0.999
2718,828.5,384.5,0.989
2719,838.5,406.5,0.994
2720,852.5,398.5,0.995
2721,866.5,390.5,0.998
2722,878.5,380.5,0.997
2723,892.5,378.5,0.998
2724,906.5,376.5,0.998
2725,918.5,378.5,0.995
2726,932.5,386.5,0.988
2727,944.5,394.5,0.998
2728,954.5,416.5,0.747
2729,964.5,412.5,0.963
2731,968.5,420.5,0.624
2732,208.5,354.5,0.812
2736,974.5,454.5,0.89
2737,968.5,458.5,0.869
2738,962.5,458.5,0.964
2741,928.5,426.5,0.965
2742,922.5,404.5,0.95
2743,914.5,382.5,0.905
2744,916.5,360.5,0.935
2745,914.5,340.5,0.75
2746,918.5,306.5,0.798
2748,934.5,270.5,0.939
2749,938.5,258.5,0.989
2750,944.5,248.5,0.987
2751,946.5,240.5,0.983
2752,952.5,240.5,0.984
2753,956.5,244.5,0.912
2754,900.5,334.5,0.97
2755,956.5,264.5,0.995
2756,958.5,276.5,0.988
2757,960.5,298.5,0.939
2758,960.5,320.5,0.976
2759,924.5,448.5,0.93
2760,922.5,464.5,0.939
2761,956.5,486.5,0.916
2762,974.5,468.5,0.556
2763,884.5,424.5,0.696
2764,848.5,420.5,0.984
2765,790.5,414.5,0.957
2766,744.5,412.5,0.989
2767,706.5,386.5,0.964
2768,680.5,356.5,0.65
2769,638.5,324.5,0.988
2770,610.5,308.5,0.994
2771,584.5,292.5,0.993
2772,552.5,274.5,0.994
2773,530.5,268.5,0.991
2774,504.5,260.5,0.997
2775,484.5,260.5,0.997
2776,462.5,260.5,0.998
2777,444.5,264.5,0.997
2778,428.5,268.5,0.997
2779,408.5,276.5,0.987
2780,394.5,266.5,0.958
2781,378.5,248.5,0.991
2782,360.5,234.5,0.994
2783,346.5,226.5,0.909
2784,330.5,216.5,0.725
2785,1166.5,136.5,0.599
2786,362.5,208.5,0.916
2787,394.5,206.5,0.985
2788,424.5,204.5,0.996
2789,458.5,206.5,0.998
2790,498.5,210.5,0.997
2791,526.5,216.5,0.992
2792,562.5,228.5,0.997
2793,596.5,240.5,0.994
2794,630.5,258.5,0.975
2795,656.5,270.5,0.975
2796,692.5,290.5,0.96
2797,724.5,312.5,0.969
2798,752.5,332.5,0.979
2799,788.5,324.5,0.972
2800,824.5,310.5,0.997
2801,846.5,308.5,0.994
2802,874.5,306.5,0.998
2803,910.5,306.5,0.985
2804,1102.5,218.5,0.947
2805,936.5,308.5,0.994
2806,966.5,318.5,0.983
2807,986.5,322.5,0.983
2808,942.5,296.5,0.995
2809,898.5,276.5,0.996
2810,856.5,260.5,0.999
2811,812.5,244.5,0.994
2812,780.5,238.5,0.989
2813,746.5,232.5,0.974
2814,712.5,228.5,0.989
2815,682.5,228.5,0.998
2816,646.5,232.5,0.995
2817,626.5,236.5,0.98
2818,606.5,242.5,0.985
2819,582.5,250.5,0.983
2820,562.5,258.5,0.974
2821,546.5,240.5,0.989
2822,528.5,220.5,0.984
2823,514.5,208.5,0.975
2824,500.5,196.5,0.993
2825,482.5,186.5,0.99
2826,470.5,180.5,0.995
2827,456.5,176.5,0.871
2828,452.5,178.5,0.801
2829,478.5,172.5,0.958
2830,502.5,170.5,0.985
2831,528.5,170.5,0.979
2832,548.5,172.5,0.974
2833,576.5,178.5,0.965
2834,596.5,182.5,0.946
2835,628.5,196.5,0.988
2836,644.5,202.5,0.992
2837,680.5,224.5,0.993
2838,708.5,244.5,0.994
2839,736.5,266.5,0.992
2840,762.5,288.5,0.993
2841,784.5,312.5,0.897
2842,806.5,354.5,0.954
2843,836.5,348.5,0.992
2844,860.5,340.5,0.997
2845,892.5,334.5,0.953
2846,916.5,328.5,0.989
2847,944.5,328.5,0.995
2848,972.5,330.5,0.976
2849,998.5,336.5,0.983
2850,1026.5,344.5,0.971
2851,998.5,326.5,0.977
2852,950.5,296.5,0.995
2853,914.5,280.5,0.993
2854,870.5,260.5,0.995
2855,826.5,246.5,0.998
2856,790.5,238.5,0.993
2857,754.5,232.5,0.976
2858,720.5,230.5,0.984
2859,688.5,230.5,0.985
2860,670.5,232.5,0.991
2861,632.5,240.5,0.99
2862,606.5,246.5,0.988
2863,1116.5,196.5,0.959
2864,554.5,268.5,0.996
2865,534.5,280.5,0.997
2866,516.5,280.5,0.996
2867,494.5,256.5,0.978
2868,474.5,242.5,0.984
2869,456.5,228.5,0.994
2870,438.5,216.5,0.996
2871,422.5,208.5,0.987
2872,406.5,202.5,0.994
2875,410.5,192.5,0.968
2876,440.5,190.5,0.989
2877,468.5,188.5,0.996
2878,498.5,190.5,0.996
2879,534.5,194.5,0.989
2880,562.5,198.5,0.965
2881,596.5,208.5,0.967
2882,630.5,218.5,0.98
2883,670.5,234.5,0.994
2884,694.5,246.5,0.993
2885,726.5,264.5,0.99
2886,764.5,288.5,0.996
2887,788.5,306.5,0.984
2888,818.5,326.5,0.964
2889,852.5,360.5,0.994
2890,886.5,348.5,0.989
2891,914.5,342.5,0.986
2892,948.5,332.5,0.989
2893,978.5,326.5,0.974
2894,1006.5,324.5,0.993
2895,1040.5,324.5,0.994
2896,1070.5,328.5,0.987
2897,1092.5,330.5,0.993
2898,1032.5,288.5,0.978
2899,1098.5,218.5,0.987
2900,1100.5,172.5,0.996
2901,888.5,212.5,0.996
2902,842.5,196.5,0.997
2903,792.5,180.5,0.997
2904,758.5,176.5,0.987
2905,714.5,170.5,0.954
2906,682.5,168.5,0.987
2907,638.5,170.5,0.976
2908,604.5,176.5,0.981
2909,570.5,182.5,0.97
2910,540.5,194.5,0.991
2911,508.5,204.5,0.994
2912,480.5,218.5,0.997
2913,454.5,234.5,0.992
2914,426.5,254.5,0.997
2915,408.5,268.5,0.983
2916,378.5,296.5,0.973
2917,356.5,296.5,0.949
2918,338.5,276.5,0.981
2919,320.5,260.5,0.989
2920,294.5,242.5,0.992
2921,278.5,228.5,0.986
2922,254.5,214.5,0.975
2923,232.5,206.5,0.942
2924,212.5,200.5,0.986
2925,194.5,196.5,0.999
2926,176.5,196.5,0.995
2927,158.5,196.5,0.973
2929,126.5,210.5,0.776
2930,116.5,220.5,0.992
2931,100.5,232.5,0.974
2932,94.5,242.5,0.978
2933,114.5,232.5,0.933
2934,186.5,212.5,0.611
2935,228.5,198.5,0.662
2936,282.5,190.5,0.89
2937,316.5,184.5,0.99
2938,366.5,182.5,0.987
2939,412.5,184.5,0.983
2940,458.5,190.5,0.996
2941,496.5,196.5,0.99
2942,548.5,210.5,0.991
2943,592.5,226.5,0.983
2944,632.5,240.5,0.995
2945,676.5,260.5,0.992
2946,704.5,276.5,0.99
2947,312.5,338.5,0.821
2948,774.5,326.5,0.982
2949,796.5,346.5,0.995
2950,858.5,316.5,0.989
2951,888.5,304.5,0.996
2952,926.5,290.5,0.998
2953,954.5,280.5,0.991
2954,1008.5,268.5,0.996
2955,1042.5,262.5,0.96
2956,1074.5,262.5,0.987
2957,1046.5,240.5,0.917
2959,1084.5,220.5,0.958
2960,1092.5,216.5,0.879
2961,1106.5,214.5,0.93
2962,842.5,142.5,0.995
2963,804.5,134.5,0.998
2964,780.5,132.5,0.989
2965,748.5,132.5,0.982
2966,718.5,134.5,0.994
2967,686.5,138.5,0.988
2968,666.5,144.5,0.942
2969,632.5,156.5,0.998
2970,610.5,166.5,0.979
2971,586.5,180.5,0.972
2972,564.5,196.5,0.955
2973,544.5,212.5,0.976
2974,522.5,230.5,0.985
2975,506.5,248.5,0.978
2976,490.5,264.5,0.988
2977,482.5,248.5,0.988
2978,466.5,222.5,0.993
2979,458.5,204.5,0.975
2980,448.5,188.5,0.986
2981,438.5,172.5,0.995
2982,428.5,158.5,0.981
2983,420.5,148.5,0.994
2984,412.5,144.5,0.99
2985,402.5,136.5,0.984
2986,396.5,136.5,0.97
2987,386.5,134.5,0.738
2989,414.5,140.5,0.958
2990,438.5,142.5,0.99
2991,472.5,150.5,0.983
2992,500.5,162.5,0.99
2993,530.5,176.5,0.993
2994,562.5,194.5,0.992
2995,594.5,214.5,0.984
2996,620.5,234.5,0.986
2997,648.5,260.5,0.998
2998,682.5,292.5,0.952
2999,708.5,324.5,0.952
3000,728.5,348.5,0.961
3001,758.5,362.5,0.984
3002,786.5,348.5,0.994
3003,816.5,340.5,0.997
3004,846.5,332.5,0.997
3005,874.5,334.5,0.993
3006,902.5,332.5,0.984
3007,936.5,336.5,0.993
3008,970.5,346.5,0.965
3009,1000.5,356.5,0.978
3010,1030.5,370.5,0.995
3011,998.5,332.5,0.967
3012,952.5,288.5,0.978
3013,918.5,256.5,0.988
3014,880.5,228.5,0.993
3015,844.5,204.5,0.983
3016,800.5,174.5,0.987
3017,778.5,164.5,0.992
3018,742.5,150.5,0.977
3019,714.5,142.5,0.973
3020,686.5,138.5,0.989
3021,662.5,134.5,0.937
3022,634.5,140.5,0.972
3023,610.5,142.5,0.987
3024,588.5,148.5,0.994
3025,570.5,158.5,0.973
3026,550.5,170.5,0.989
3027,532.5,182.5,0.977
3028,514.5,198.5,0.978
3029,502.5,212.5,0.998
3030,488.5,226.5,0.989
3031,472.5,248.5,0.995
3032,462.5,264.5,0.994
3033,454.5,274.5,0.992
3034,440.5,246.5,0.987
3035,428.5,224.5,0.994
3036,418.5,204.5,0.997
3037,406.5,186.5,0.996
3038,398.5,172.5,0.994
3039,388.5,162.5,0.99
3040,378.5,152.5,0.993
3041,370.5,144.5,0.984
3042,362.5,140.5,0.989
3043,352.5,138.5,0.785
3044,348.5,146.5,0.993
3045,380.5,152.5,0.906
3046,430.5,154.5,0.961
3047,464.5,160.5,0.994
3048,510.5,170.5,0.995
3049,552.5,184.5,0.971
3050,592.5,198.5,0.968
3051,634.5,214.5,0.99
3052,684.5,240.5,0.996
3053,720.5,260.5,0.998
3054,758.5,282.5,0.994
3055,788.5,306.5,0.983
3056,838.5,342.5,0.974
3057,876.5,368.5,0.981
3058,920.5,354.5,0.961
3059,964.5,346.5,0.947
3060,1000.5,342.5,0.989
3061,1036.5,340.5,0.985
3062,1078.5,344.5,0.98
3063,1126.5,352.5,0.981
3064,1162.5,358.5,0.992
3065,1202.5,370.5,0.996
3066,1246.5,388.5,0.997
3068,1224.5,362.5,0.991
3069,1162.5,326.5,0.993
3070,1092.5,286.5,0.987
3071,1038.5,260.5,0.969
3072,962.5,230.5,0.961
3073,918.5,214.5,0.991
3074,866.5,200.5,0.992
3075,824.5,194.5,0.98
3076,776.5,186.5,0.968
3077,734.5,184.5,0.973
3078,700.5,186.5,0.978
3079,674.5,188.5,0.987
3080,634.5,196.5,0.994
3081,606.5,204.5,0.967
3082,584.5,212.5,0.931
3083,560.5,226.5,0.983
3084,544.5,236.5,0.973
3085,520.5,250.5,0.991
3086,506.5,264.5,0.994
3087,492.5,246.5,0.981
3088,474.5,220.5,0.995
3089,458.5,202.5,0.995
3090,444.5,186.5,0.988
3091,432.5,170.5,0.987
3092,420.5,160.5,0.95
3093,406.5,152.5,0.994
3094,394.5,148.5,0.732
3096,430.5,142.5,0.971
3097,462.5,142.5,0.993
3098,496.5,140.5,0.997
3099,534.5,146.5,0.97
3100,568.5,150.5,0.986
3101,608.5,160.5,0.992
3102,640.5,168.5,0.994
3103,686.5,184.5,0.993
3104,716.5,196.5,0.988
3105,754.5,214.5,0.987
3106,792.5,234.5,0.993
3107,832.5,260.5,0.998
3108,866.5,282.5,0.997
3109,902.5,308.5,0.984
3110,934.5,332.5,0.998
3111,978.5,338.5,0.992
3112,1004.5,328.5,0.968
3113,1050.5,314.5,0.948
3114,1084.5,306.5,0.965
3115,1114.5,300.5,0.968
3116,1162.5,298.5,0.963
3117,1196.5,298.5,0.964
3118,1228.5,304.5,0.984
3119,1262.5,310.5,0.967
3123,1270.5,314.5,0.798
3124,1214.5,292.5,0.973
3125,1180.5,280.5,0.945
3126,1074.5,252.5,0.95
3127,1040.5,246.5,0.997
3128,954.5,234.5,0.985
3129,904.5,230.5,0.99
3130,858.5,232.5,0.961
3131,794.5,236.5,0.971
3132,748.5,244.5,0.971
3133,712.5,254.5,0.977
3134,678.5,260.5,0.998
3135,634.5,276.5,0.991
3136,596.5,294.5,0.996
3137,592.5,310.5,0.994
3138,596.5,312.5,0.998
3139,598.5,312.5,1.0
3140,600.5,314.5,0.998
3141,604.5,316.5,0.998
3142,606.5,324.5,0.996
3143,608.5,326.5,0.997
3144,612.5,326.5,0.998
3145,614.5,328.5,0.997
3146,616.5,336.5,0.997
3147,616.5,340.5,0.98
3148,616.5,338.5,0.997
3149,616.5,344.5,0.999
3150,618.5,352.5,0.994
3151,618.5,354.5,0.94
3152,616.5,352.5,0.991
3153,616.5,356.5,0.998
3154,616.5,362.5,0.997
3155,614.5,364.5,0.994
3156,612.5,362.5,0.998
3157,612.5,368.5,0.998
3158,610.5,372.5,0.995
3159,606.5,370.5,0.998
3160,604.5,374.5,0.999
3161,600.5,378.5,0.998
3162,598.5,378.5,0.994
3163,596.5,380.5,0.995
3164,596.5,386.5,0.995
3165,590.5,384.5,0.997
3166,590.5,392.5,0.993
3167,586.5,390.5,0.995
3168,584.5,392.5,0.998
3169,582.5,394.5,0.983
3170,578.5,394.5,0.978
3171,580.5,400.5,0.952
3172,574.5,402.5,0.862
3173,570.5,404.5,0.99
3174,570.5,412.5,0.997
3175,568.5,420.5,0.997
3176,566.5,432.5,0.996
3177,564.5,444.5,0.943
3178,560.5,460.5,0.862
3179,560.5,484.5,0.886
3180,558.5,504.5,0.922
3181,558.5,526.5,0.718
3182,556.5,546.5,0.64
3183,556.5,578.5,0.716
3184,556.5,590.5,0.951
3185,556.5,608.5,0.853
3187,550.5,584.5,0.981
3188,548.5,576.5,0.907
3190,546.5,570.5,0.812
3191,544.5,572.5,0.735
3192,544.5,576.5,0.903
3193,544.5,580.5,0.988
3197,738.5,266.5,0.797
3198,720.5,260.5,0.842
3199,706.5,260.5,0.816
3201,300.5,240.5,0.699
3203,596.5,262.5,0.592
3205,418.5,218.5,0.599
3209,578.5,612.5,0.819
3210,560.5,616.5,0.817
3211,558.5,634.5,0.882
3219,378.5,178.5,0.577
3220,376.5,168.5,0.73
3222,160.5,138.5,0.528
3236,278.5,246.5,0.865
3238,488.5,278.5,0.866
3239,488.5,278.5,0.959
3240,480.5,254.5,0.963
3241,478.5,238.5,0.988
3242,474.5,222.5,0.996
3243,472.5,210.5,0.996
3244,472.5,204.5,0.994
3245,468.5,198.5,0.996
3246,466.5,196.5,0.998
3247,466.5,198.5,0.997
3248,464.5,202.5,0.993
3249,464.5,210.5,0.998
3250,464.5,218.5,0.995
3251,464.5,228.5,0.994
3252,462.5,240.5,0.995
3253,464.5,254.5,0.992
3254,464.5,266.5,0.993
3255,464.5,282.5,0.996
3256,462.5,264.5,0.998
3257,458.5,244.5,0.995
3258,456.5,226.5,0.986
3259,456.5,212.5,0.997
3260,454.5,202.5,0.997
3261,454.5,192.5,0.994
3262,452.5,184.5,0.984
3263,452.5,180.5,0.996
3264,450.5,178.5,0.983
3265,450.5,180.5,0.99
3266,450.5,184.5,0.994
3267,450.5,190.5,0.985
3268,450.5,196.5,0.999
3269,452.5,206.5,0.996
3270,452.5,210.5,0.977
3271,448.5,210.5,0.866
3272,448.5,216.5,0.94
3273,448.5,220.5,0.726
3274,444.5,226.5,0.523
3276,432.5,234.5,0.838
3277,424.5,232.5,0.94
3278,416.5,240.5,0.591
3279,1110.5,442.5,0.783
3280,398.5,242.5,0.929
3281,1022.5,228.5,0.961
3282,1022.5,228.5,0.761
3283,370.5,250.5,0.955
3284,360.5,254.5,0.95
3285,352.5,254.5,0.953
3286,342.5,254.5,0.928
3287,334.5,256.5,0.948
3288,322.5,254.5,0.949
3289,314.5,254.5,0.949
3290,308.5,252.5,0.929
3291,302.5,256.5,0.976
3292,296.5,256.5,0.984
3293,290.5,256.5,0.98
3294,286.5,256.5,0.993
3295,282.5,256.5,0.978
3296,280.5,258.5,0.99
3297,280.5,258.5,0.991
3298,278.5,260.5,0.988
3299,276.5,264.5,0.996
3300,278.5,266.5,0.972
3301,278.5,268.5,0.989
3302,280.5,272.5,0.991
3303,280.5,272.5,0.994
3304,276.5,266.5,0.993
3305,274.5,254.5,0.992
3306,270.5,240.5,0.961
3307,264.5,220.5,0.971
3308,262.5,206.5,0.987
3309,260.5,194.5,0.964
3310,256.5,182.5,0.949
3311,304.5,242.5,0.868
3312,314.5,242.5,0.937
3313,322.5,240.5,0.932
3314,330.5,242.5,0.848
3315,250.5,172.5,0.961
3316,250.5,176.5,0.983
3317,250.5,186.5,0.99
3318,250.5,196.5,0.982
3319,240.5,212.5,0.973
3320,252.5,222.5,0.948
3321,254.5,234.5,0.928
3322,286.5,250.5,0.937
3323,356.5,278.5,0.967
3324,382.5,266.5,0.979
3325,428.5,252.5,0.953
3326,458.5,244.5,0.997
3327,492.5,244.5,0.983
3328,532.5,238.5,0.992
3329,568.5,238.5,0.993
3330,604.5,242.5,0.98
3331,634.5,246.5,0.996
3332,678.5,258.5,0.998
3333,706.5,268.5,0.98
3334,740.5,282.5,0.992
3335,764.5,292.5,0.991
3336,804.5,322.5,0.992
3337,838.5,312.5,0.998
3338,858.5,306.5,0.998
3339,894.5,292.5,0.998
3340,922.5,286.5,0.997
3341,952.5,282.5,0.99
3342,184.5,378.5,0.887
3343,1010.5,282.5,0.982
3344,1040.5,288.5,0.979
3345,1058.5,290.5,0.981
3346,1050.5,268.5,0.99
3347,1026.5,244.5,0.985
3348,976.5,200.5,0.97
3349,1136.5,246.5,0.76
3350,1084.5,218.5,0.978
3351,184.5,378.5,0.659
3352,868.5,132.5,0.987
3353,1102.5,170.5,0.998
3354,802.5,106.5,0.992
3355,780.5,102.5,0.995
3356,750.5,100.5,0.996
3357,730.5,102.5,0.983
3358,702.5,106.5,0.98
3359,680.5,112.5,0.993
3360,652.5,122.5,0.974
3361,632.5,132.5,0.999
3362,614.5,144.5,0.986
3363,596.5,156.5,0.981
3364,574.5,174.5,0.965
3365,554.5,194.5,0.987
3366,538.5,212.5,0.987
3367,522.5,232.5,0.966
3368,510.5,248.5,0.9
3369,500.5,228.5,0.972
3370,488.5,204.5,0.991
3371,480.5,188.5,0.99
3372,468.5,170.5,0.998
3373,458.5,156.5,0.995
3374,448.5,144.5,0.981
3375,438.5,138.5,0.991
3376,428.5,130.5,0.983
3379,468.5,138.5,0.957
3380,514.5,148.5,0.992
3381,546.5,162.5,0.991
3382,582.5,178.5,0.98
3383,618.5,196.5,0.986
3384,642.5,210.5,0.995
3385,690.5,244.5,0.999
3386,722.5,268.5,0.983
3387,758.5,302.5,0.797
3388,794.5,344.5,0.963
3389,822.5,368.5,0.995
3390,862.5,342.5,0.992
3391,894.5,340.5,0.994
3392,932.5,330.5,0.967
3393,970.5,330.5,0.972
3394,1002.5,330.5,0.985
3395,1040.5,334.5,0.968
3396,1078.5,342.5,0.987
3397,1116.5,356.5,0.992
3398,1144.5,360.5,0.993
3399,1098.5,326.5,0.969
3400,1050.5,290.5,0.971
3401,998.5,258.5,0.97
3402,958.5,234.5,0.978
3403,916.5,216.5,0.993
3404,878.5,204.5,0.987
3405,838.5,194.5,0.994
3406,794.5,186.5,0.99
3407,766.5,184.5,0.989
3408,734.5,186.5,0.976
3409,708.5,188.5,0.96
3410,682.5,194.5,0.986
3411,650.5,204.5,0.979
3412,632.5,212.5,0.977
3413,608.5,224.5,0.981
3414,586.5,238.5,0.968
3415,572.5,250.5,0.961
3416,550.5,264.5,0.993
3417,534.5,280.5,0.997
3418,522.5,260.5,0.955
3419,500.5,232.5,0.986
3420,488.5,218.5,0.994
3421,474.5,204.5,0.986
3422,462.5,192.5,0.981
3423,448.5,182.5,0.996
3424,434.5,174.5,0.993
3425,422.5,170.5,0.988
3426,258.5,292.5,0.734
3428,434.5,164.5,0.984
3429,452.5,164.5,0.993
3430,472.5,168.5,0.981
3431,496.5,172.5,0.991
3432,520.5,182.5,0.991
3433,544.5,194.5,0.988
3434,564.5,206.5,0.971
3435,594.5,226.5,0.986
3436,614.5,242.5,0.992
3437,642.5,264.5,0.993
3438,660.5,282.5,0.975
3439,684.5,312.5,0.988
3440,708.5,336.5,0.973
3441,730.5,358.5,0.986
3442,750.5,344.5,0.99
3443,770.5,332.5,0.995
3444,794.5,324.5,0.998
3445,818.5,322.5,0.989
3446,838.5,314.5,0.985
3447,860.5,316.5,0.987
3448,882.5,320.5,0.985
3449,900.5,324.5,0.997
3450,928.5,340.5,0.992
3451,950.5,356.5,0.982
3452,966.5,370.5,0.984
3453,988.5,388.5,0.982
3454,974.5,388.5,0.956
3455,936.5,356.5,0.914
3456,890.5,328.5,0.993
3457,854.5,308.5,0.996
3458,820.5,292.5,0.999
3459,778.5,276.5,0.999
3460,738.5,262.5,0.991
3461,712.5,258.5,0.989
3462,680.5,254.5,0.994
3463,650.5,256.5,0.99
3464,622.5,258.5,0.982
3465,596.5,262.5,0.961
3466,574.5,268.5,0.997
3467,554.5,280.5,0.993
3468,534.5,292.5,0.999
3469,516.5,306.5,0.985
3470,502.5,290.5,0.978
3471,492.5,274.5,0.993
3472,474.5,250.5,0.997
3473,464.5,236.5,0.995
3474,454.5,224.5,0.993
3475,442.5,214.5,0.996
3476,432.5,206.5,0.992
3477,424.5,202.5,0.99
3478,414.5,200.5,0.976
3479,1022.5,230.5,0.981
3480,432.5,192.5,0.96
3481,452.5,186.5,0.976
3482,478.5,180.5,0.996
3483,504.5,178.5,0.995
3484,534.5,176.5,0.991
3485,560.5,180.5,0.976
3486,586.5,184.5,0.955
3487,616.5,194.5,0.973
3488,640.5,202.5,0.994
3489,674.5,218.5,0.997
3490,694.5,228.5,0.988
3491,722.5,246.5,0.983
3492,756.5,274.5,0.997
3493,774.5,288.5,0.99
3494,806.5,322.5,0.968
3495,824.5,356.5,0.988
3496,850.5,348.5,0.937
3497,884.5,322.5,0.98
3498,898.5,316.5,0.992
3503,824.5,262.5,0.928
3504,718.5,252.5,0.951
3505,686.5,252.5,0.986
3506,588.5,256.5,0.98
3507,478.5,258.5,0.943
3508,426.5,264.5,0.918
3509,370.5,278.5,0.871
3510,290.5,260.5,0.942
3511,274.5,252.5,0.909
3512,206.5,226.5,0.914
3513,170.5,210.5,0.986
3514,128.5,200.5,0.976
3515,94.5,194.5,0.894
3516,70.5,190.5,0.983
3517,34.5,186.5,0.97
3518,20.5,186.5,0.926
3519,26.5,186.5,0.985
3520,34.5,190.5,0.99
3521,42.5,194.5,0.986
3522,50.5,202.5,0.983
3523,58.5,212.5,0.987
3524,68.5,224.5,0.995
3525,78.5,240.5,0.981
3526,88.5,256.5,0.992
3527,102.5,278.5,0.989
3528,110.5,296.5,0.994
3529,122.5,322.5,0.955
3530,134.5,350.5,0.983
3531,152.5,388.5,0.943
3532,166.5,422.5,0.965
3533,182.5,456.5,0.935
3534,194.5,490.5,0.822
3535,206.5,520.5,0.939
3538,282.5,238.5,0.688
3540,250.5,88.5,0.815
3545,370.5,602.5,0.982
3546,382.5,606.5,0.977
3547,394.5,610.5,0.995
3548,408.5,618.5,0.993
3550,326.5,232.5,0.909
3552,338.5,232.5,0.931
3553,344.5,232.5,0.899
3554,350.5,230.5,0.93
3555,356.5,228.5,0.921
3556,360.5,228.5,0.837
3557,362.5,228.5,0.925
3558,368.5,228.5,0.936
3566,552.5,642.5,0.94
3567,556.5,642.5,0.967
3568,562.5,644.5,0.957
3569,570.5,642.5,0.943
3570,576.5,644.5,0.983
3571,582.5,644.5,0.962
3572,590.5,644.5,0.958
3573,596.5,644.5,0.978
3574,602.5,644.5,0.929
3575,608.5,646.5,0.938
3576,614.5,646.5,0.906
3577,620.5,646.5,0.902
3578,626.5,648.5,0.826
3579,632.5,648.5,0.871
3580,638.5,648.5,0.903
3581,642.5,648.5,0.876
3582,648.5,650.5,0.901
3583,652.5,650.5,0.897
3584,320.5,236.5,0.886
3585,318.5,238.5,0.893
3586,314.5,238.5,0.758
3587,308.5,238.5,0.786
3588,306.5,238.5,0.813
3591,262.5,210.5,0.916
3592,662.5,624.5,0.811
3593,656.5,610.5,0.944
3594,648.5,598.5,0.968
3595,630.5,576.5,0.98
3596,598.5,544.5,0.949
3597,566.5,502.5,0.975
3598,548.5,468.5,0.943
3599,562.5,422.5,0.9
3600,758.5,570.5,0.569
3601,552.5,330.5,0.74
3602,556.5,296.5,0.938
3603,224.5,218.5,0.708
3604,224.5,218.5,0.789
3605,224.5,218.5,0.584
3606,602.5,80.5,0.803
3607,610.5,56.5,0.955
3608,224.5,224.5,0.898
3609,296.5,224.5,0.658
3610,300.5,218.5,0.888
3611,222.5,226.5,0.72
3612,308.5,202.5,0.558
3614,316.5,190.5,0.646
3615,320.5,184.5,0.911
3616,708.5,262.5,0.821
3620,958.5,84.5,0.529
3621,662.5,392.5,0.825
3622,780.5,270.5,0.985
3623,786.5,252.5,0.967
3624,740.5,58.5,0.763
3625,744.5,84.5,0.839
3626,680.5,276.5,0.589
3630,688.5,616.5,0.849
3631,710.5,196.5,0.978
3632,682.5,196.5,0.993
3633,648.5,198.5,0.985
3634,628.5,202.5,0.962
3635,604.5,210.5,0.974
3636,578.5,220.5,0.96
3637,556.5,232.5,0.984
3638,542.5,242.5,0.971
3639,518.5,262.5,0.995
3640,500.5,278.5,0.995
3641,482.5,262.5,0.994
3642,468.5,244.5,0.997
3643,452.5,230.5,0.996
3644,434.5,216.5,0.996
3645,418.5,204.5,0.993
3646,406.5,196.5,0.997
3647,390.5,190.5,0.976
3648,376.5,188.5,0.991
3649,362.5,188.5,0.986
3650,350.5,192.5,0.942
3651,340.5,198.5,0.92
3652,330.5,206.5,0.724
3653,320.5,198.5,0.79
3654,312.5,190.5,0.765
3658,548.5,252.5,0.601
3659,646.5,268.5,0.952
3660,292.5,194.5,0.945
3662,292.5,184.5,0.891
3664,294.5,178.5,0.509
3665,296.5,182.5,0.724
3666,302.5,184.5,0.94
3675,298.5,186.5,0.939
3676,290.5,174.5,0.757
3677,292.5,176.5,0.941
3679,278.5,148.5,0.529
3685,530.5,280.5,0.569
3698,290.5,254.5,0.636
3700,304.5,176.5,0.935
3701,312.5,188.5,0.852
3702,318.5,202.5,0.736
3703,330.5,212.5,0.814
3704,340.5,216.5,0.944
3705,278.5,378.5,0.804
3706,758.5,468.5,0.837
3714,738.5,296.5,0.876
3715,754.5,298.5,0.837
3716,772.5,304.5,0.733
3717,788.5,306.5,0.943
3718,804.5,310.5,0.899
3719,822.5,314.5,0.747
3720,346.5,228.5,0.867
3721,342.5,232.5,0.934
3722,336.5,232.5,0.948
3723,332.5,234.5,0.782
3724,328.5,236.5,0.954
3726,318.5,242.5,0.964
3727,312.5,242.5,0.79
3728,306.5,244.5,0.953
3729,302.5,244.5,0.979
3730,294.5,246.5,0.969
3731,292.5,248.5,0.996
3732,288.5,248.5,0.994
3733,284.5,250.5,0.995
3734,282.5,250.5,0.997
3735,280.5,252.5,0.997
3736,278.5,252.5,0.996
3737,276.5,254.5,0.996
3738,276.5,256.5,0.998
3739,274.5,258.5,0.998
3740,274.5,260.5,0.998
3741,274.5,264.5,0.995
3742,274.5,268.5,0.993
3743,276.5,272.5,0.992
3744,278.5,272.5,0.984
3745,278.5,272.5,0.984
3746,274.5,268.5,0.997
3747,270.5,258.5,0.991
3748,268.5,246.5,0.988
3749,262.5,226.5,0.864
3750,258.5,208.5,0.951
3751,254.5,196.5,0.979
3752,252.5,182.5,0.988
3753,292.5,250.5,0.949
3754,246.5,168.5,0.939
3755,246.5,160.5,0.993
3756,244.5,158.5,0.991
3757,244.5,160.5,0.993
3758,244.5,162.5,0.998
3759,244.5,168.5,0.998
3760,244.5,176.5,0.996
3761,244.5,186.5,0.997
3762,246.5,202.5,0.962
3763,242.5,220.5,0.939
3764,250.5,228.5,0.896
3765,1066.5,206.5,0.939
3766,356.5,274.5,0.806
3767,388.5,286.5,0.594
3768,440.5,276.5,0.987
3769,472.5,268.5,0.965
3770,506.5,262.5,0.898
3771,550.5,260.5,0.987
3772,588.5,264.5,0.964
3773,638.5,270.5,0.97
3774,676.5,276.5,0.991
3775,708.5,288.5,0.949
3777,786.5,316.5,0.975
3778,814.5,330.5,0.907
3779,862.5,362.5,0.988
3780,898.5,356.5,0.954
3781,938.5,348.5,0.962
3782,972.5,338.5,0.974
3783,1002.5,336.5,0.984
3784,1024.5,332.5,0.996
3785,1032.5,298.5,0.823
3786,938.5,276.5,0.999
3787,898.5,258.5,0.996
3788,864.5,244.5,0.995
3789,826.5,230.5,0.995
3790,788.5,220.5,0.987
3791,750.5,214.5,0.983
3792,720.5,212.5,0.99
3793,690.5,212.5,0.987
3794,670.5,216.5,0.984
3795,636.5,222.5,0.988
3796,606.5,228.5,0.99
3797,582.5,238.5,0.952
3798,562.5,246.5,0.99
3799,538.5,260.5,0.983
3800,518.5,276.5,0.989
3801,500.5,272.5,0.909
3802,1076.5,216.5,0.981
3803,450.5,218.5,0.991
3804,450.5,220.5,0.986
3805,438.5,208.5,0.991
3806,422.5,198.5,0.971
3807,384.5,204.5,0.913
3808,468.5,206.5,0.959
3809,508.5,216.5,0.987
3810,550.5,230.5,0.983
3811,594.5,246.5,0.983
3812,638.5,268.5,0.981
3813,454.5,180.5,0.95
3814,718.5,312.5,0.958
3815,770.5,348.5,0.977
3816,808.5,376.5,0.914
3817,852.5,402.5,0.901
3818,894.5,398.5,0.956
3819,942.5,404.5,0.986
3820,992.5,410.5,0.957
3821,420.5,170.5,0.948
3822,410.5,172.5,0.955
3823,400.5,176.5,0.987
3824,872.5,272.5,0.988
3825,828.5,236.5,0.993
3826,788.5,212.5,0.995
3827,754.5,194.5,0.992
3828,710.5,170.5,0.98
3829,678.5,158.5,0.988
3830,642.5,146.5,0.982
3831,614.5,142.5,0.982
3832,586.5,136.5,0.978
3833,556.5,138.5,0.993
3834,534.5,140.5,0.992
3835,512.5,146.5,0.988
3836,492.5,154.5,0.995
3837,474.5,164.5,0.996
3838,458.5,178.5,0.989
3839,442.5,190.5,0.984
3840,430.5,202.5,0.991
3841,418.5,218.5,0.998
3842,408.5,234.5,0.998
3843,398.5,258.5,0.957
3844,390.5,264.5,0.955
3845,378.5,236.5,0.991
3846,370.5,216.5,0.995
3847,360.5,196.5,0.995
3848,352.5,178.5,0.99
3849,344.5,164.5,0.995
3850,334.5,152.5,0.989
3851,328.5,144.5,0.989
3852,322.5,138.5,0.989
3853,316.5,132.5,0.976
3854,1212.5,452.5,0.572
3856,398.5,170.5,0.953
3857,432.5,184.5,0.994
3858,468.5,204.5,0.992
3859,514.5,232.5,0.993
3862,606.5,294.5,0.963
3863,598.5,316.5,0.651
3864,594.5,292.5,0.99
3867,572.5,282.5,0.992
3868,568.5,284.5,0.996
3869,564.5,278.5,0.983
3870,558.5,276.5,0.997
3871,550.5,272.5,0.996
3872,548.5,272.5,0.991
3873,542.5,274.5,0.995
3874,536.5,268.5,0.997
3875,532.5,264.5,0.996
3876,526.5,260.5,0.99
3877,520.5,260.5,0.989
3878,516.5,260.5,0.996
3879,510.5,254.5,0.987
3880,506.5,250.5,0.992
3881,500.5,250.5,0.961
3882,498.5,248.5,0.995
3883,492.5,244.5,0.978
3884,488.5,244.5,0.981
3885,484.5,246.5,0.991
3886,480.5,244.5,0.996
3887,476.5,236.5,0.973
3888,472.5,236.5,0.979
3889,468.5,236.5,0.96
3890,464.5,234.5,0.991
3891,462.5,232.5,0.981
3892,456.5,232.5,0.983
3893,454.5,226.5,0.989
3894,450.5,226.5,0.925
3895,452.5,228.5,0.933
3896,438.5,224.5,0.984
3897,416.5,220.5,0.989
3898,382.5,216.5,0.984
3899,350.5,196.5,0.953
3900,324.5,182.5,0.976
3901,308.5,168.5,0.882
3904,1024.5,230.5,0.613
3907,298.5,170.5,0.894
3908,304.5,180.5,0.952
3909,312.5,192.5,0.917
3910,320.5,202.5,0.923
3911,328.5,218.5,0.957
3913,362.5,234.5,0.593
3919,694.5,570.5,0.791
3920,674.5,570.5,0.859
3921,658.5,570.5,0.896
3922,642.5,570.5,0.745
3924,440.5,194.5,0.823
3925,438.5,194.5,0.93
3926,432.5,196.5,0.964
3927,428.5,200.5,0.96
3928,422.5,204.5,0.975
3929,414.5,208.5,0.977
3930,406.5,210.5,0.974
3931,398.5,212.5,0.962
3932,386.5,214.5,0.963
3933,374.5,216.5,0.958
3935,364.5,216.5,0.72
3936,368.5,216.5,0.851
3937,372.5,216.5,0.905
3938,372.5,216.5,0.786
3939,372.5,216.5,0.959
3940,374.5,216.5,0.952
3941,374.5,216.5,0.948
3942,376.5,216.5,0.931
3943,378.5,216.5,0.941
3944,378.5,216.5,0.935
3945,378.5,216.5,0.875
3946,378.5,216.5,0.956
3947,376.5,216.5,0.908
3948,374.5,218.5,0.891
3949,372.5,216.5,0.947
3950,368.5,216.5,0.812
3951,366.5,218.5,0.981
3952,360.5,218.5,0.937
3953,358.5,218.5,0.948
3954,354.5,218.5,0.643
3956,356.5,218.5,0.78
3957,712.5,318.5,0.942
3958,360.5,216.5,0.782
3959,730.5,320.5,0.634
3964,768.5,316.5,0.763
3965,782.5,318.5,0.615
3966,360.5,220.5,0.901
3967,360.5,216.5,0.844
3968,362.5,210.5,0.969
3969,362.5,202.5,0.973
3970,362.5,192.5,0.964
3971,362.5,178.5,0.908
3972,362.5,158.5,0.952
3973,358.5,138.5,0.966
3974,358.5,122.5,0.92
3977,352.5,82.5,0.802
3978,806.5,326.5,0.826
3981,360.5,84.5,0.759
3982,368.5,96.5,0.844
3984,398.5,122.5,0.919
3985,1008.5,506.5,0.772
3986,426.5,164.5,0.975
3987,464.5,180.5,0.97
3988,484.5,206.5,0.957
3989,504.5,230.5,0.984
3990,520.5,250.5,0.979
3991,538.5,236.5,0.971
3992,550.5,220.5,0.97
3993,560.5,206.5,0.955
3994,574.5,192.5,0.961
3995,590.5,178.5,0.964
3996,604.5,170.5,0.946
3997,618.5,164.5,0.993
3998,632.5,160.5,0.994
3999,644.5,160.5,0.997
4000,662.5,162.5,0.975
4001,678.5,168.5,0.997
4002,692.5,176.5,0.989
4003,706.5,184.5,0.989
4004,722.5,198.5,0.982
4005,736.5,216.5,0.955
4006,746.5,228.5,0.94
4007,762.5,254.5,0.973
4008,774.5,278.5,0.962
4009,782.5,294.5,0.989
4010,788.5,324.5,0.994
4011,810.5,306.5,0.994
4012,820.5,296.5,0.999
4013,838.5,278.5,0.992
4014,852.5,268.5,0.995
4015,868.5,258.5,0.996
4016,882.5,252.5,0.993
4017,896.5,248.5,0.993
4018,912.5,248.5,0.997
4019,868.5,380.5,0.644
4021,886.5,374.5,0.581
4022,922.5,270.5,0.986
4023,924.5,282.5,0.983
4024,926.5,298.5,0.982
4025,930.5,308.5,0.953
4026,1108.5,184.5,0.929
4027,948.5,328.5,0.803
4028,956.5,330.5,0.939
4029,962.5,330.5,0.99
4030,970.5,328.5,0.994
4031,978.5,322.5,0.969
4032,982.5,312.5,0.976
4033,990.5,300.5,0.933
4034,186.5,364.5,0.883
4035,178.5,362.5,0.939
4036,168.5,362.5,0.798
4037,162.5,362.5,0.573
4040,1110.5,184.5,0.734
4041,1032.5,180.5,0.89
4042,1026.5,186.5,0.982
4043,1030.5,186.5,0.964
4047,980.5,232.5,0.914
4048,274.5,230.5,0.508
4052,1028.5,202.5,0.862
4053,950.5,310.5,0.74
4054,886.5,318.5,0.976
4055,842.5,328.5,0.98
4056,818.5,306.5,0.999
4057,788.5,286.5,0.997
4058,754.5,264.5,0.999
4059,724.5,248.5,0.993
4060,694.5,236.5,0.968
4061,674.5,228.5,0.999
4062,642.5,220.5,0.996
4063,622.5,218.5,0.958
4064,254.5,224.5,0.968
4065,578.5,218.5,0.949
4066,558.5,224.5,0.984
4067,542.5,228.5,0.991
4068,528.5,236.5,0.973
4069,516.5,242.5,0.929
4070,500.5,224.5,0.993
4071,486.5,208.5,0.991
4072,474.5,198.5,0.981
4073,462.5,190.5,0.928
4074,152.5,374.5,0.929
4075,466.5,176.5,0.962
4076,484.5,172.5,0.977
4077,498.5,170.5,0.99
4078,516.5,170.5,0.984
4079,530.5,172.5,0.988
4080,546.5,178.5,0.978
4081,562.5,186.5,0.959
4082,580.5,196.5,0.978
4083,596.5,210.5,0.979
4084,614.5,228.5,0.992
4085,630.5,246.5,0.987
4086,644.5,266.5,0.992
4087,666.5,298.5,0.951
4088,682.5,324.5,0.988
4089,366.5,168.5,0.953
4090,712.5,362.5,0.994
4091,726.5,350.5,0.996
4092,742.5,344.5,0.999
4093,758.5,338.5,0.998
4094,772.5,336.5,0.996
4095,788.5,336.5,0.995
4096,804.5,340.5,0.997
4097,820.5,350.5,0.985
4098,798.5,350.5,0.927
4099,790.5,310.5,0.965
4100,750.5,264.5,0.976
4101,712.5,228.5,0.972
4102,676.5,192.5,0.987
4103,642.5,166.5,0.995
4104,624.5,152.5,0.992
4105,592.5,134.5,0.99
4106,568.5,122.5,0.985
4107,548.5,114.5,0.997
4108,524.5,108.5,0.986
4109,506.5,108.5,0.989
4110,488.5,108.5,0.997
4111,474.5,114.5,0.992
4112,476.5,114.5,0.989
4113,458.5,120.5,0.991
4114,446.5,130.5,0.985
4115,436.5,140.5,0.994
4116,428.5,150.5,0.993
4117,420.5,164.5,0.991
4118,410.5,178.5,0.994
4119,404.5,196.5,0.995
4120,1018.5,454.5,0.964
4121,1048.5,458.5,0.984
4122,1064.5,460.5,0.764
4128,1212.5,384.5,0.99
4129,1214.5,380.5,0.968
4136,348.5,240.5,0.816
4142,176.5,330.5,0.558
4148,328.5,180.5,0.641
4151,296.5,272.5,0.651
4158,378.5,136.5,0.891
4159,394.5,148.5,0.934
4160,406.5,158.5,0.943
4161,434.5,178.5,0.991
4162,452.5,196.5,0.99
4163,470.5,220.5,0.987
4164,484.5,240.5,0.97
4165,500.5,260.5,0.966
4166,518.5,262.5,0.997
4167,532.5,250.5,0.993
4168,548.5,242.5,0.994
4169,562.5,238.5,0.99
4170,578.5,234.5,0.979
4171,594.5,234.5,0.988
4172,612.5,238.5,0.994
4173,628.5,242.5,0.994
4174,642.5,248.5,0.987
4175,660.5,258.5,0.997
4176,678.5,274.5,0.997
4177,698.5,292.5,0.97
4178,714.5,312.5,0.964
4179,726.5,328.5,0.982
4180,742.5,366.5,0.815
4181,762.5,362.5,0.99
4182,774.5,352.5,0.997
4183,790.5,342.5,0.998
4184,806.5,334.5,0.997
4185,822.5,330.5,0.999
4186,836.5,330.5,0.999
4187,852.5,334.5,0.999
4188,868.5,340.5,0.998
4189,884.5,352.5,0.994
4190,896.5,364.5,0.99
4191,912.5,380.5,0.984
4192,924.5,392.5,0.55
4193,926.5,404.5,0.991
4194,928.5,404.5,0.988
4195,930.5,404.5,0.989
4196,934.5,408.5,0.987
4197,940.5,412.5,0.979
4198,946.5,416.5,0.967
4199,952.5,424.5,0.979
4200,960.5,432.5,0.983
4201,966.5,440.5,0.987
4202,974.5,448.5,0.967
4203,980.5,456.5,0.977
4204,986.5,464.5,0.953
4205,994.5,470.5,0.98
4206,1000.5,476.5,0.968
4207,1006.5,480.5,0.921
4208,1010.5,488.5,0.986
4209,1016.5,490.5,0.932
4210,1018.5,494.5,0.956
4211,1020.5,496.5,0.606
4212,1022.5,500.5,0.967
4213,1022.5,502.5,0.987
4214,1022.5,504.5,0.984
4215,1022.5,506.5,0.978
4216,1018.5,510.5,0.977
4217,1016.5,512.5,0.981
4218,1014.5,512.5,0.987
4219,1010.5,516.5,0.995
4220,1006.5,518.5,0.983
4221,1002.5,520.5,0.971
4222,998.5,520.5,0.972
4223,992.5,520.5,0.976
4224,984.5,520.5,0.968
4225,978.5,518.5,0.969
4226,404.5,218.5,0.889
4227,960.5,508.5,0.894
4228,406.5,224.5,0.947
4229,238.5,356.5,0.801
4230,922.5,460.5,0.832
4231,896.5,420.5,0.781
4232,900.5,402.5,0.927
4233,900.5,376.5,0.931
4234,900.5,346.5,0.863
4235,208.5,372.5,0.57
4237,920.5,288.5,0.646
4238,930.5,282.5,0.974
4239,932.5,270.5,0.978
4240,936.5,264.5,0.975
4241,942.5,262.5,0.976
4242,944.5,264.5,0.989
4243,946.5,274.5,0.992
4244,948.5,284.5,0.992
4245,950.5,298.5,0.998
4246,950.5,316.5,0.998
4247,950.5,332.5,0.993
4248,950.5,360.5,0.99
4249,950.5,390.5,0.965
4250,954.5,418.5,0.958
4251,928.5,438.5,0.862
4252,886.5,428.5,0.931
4253,836.5,418.5,0.974
4254,794.5,408.5,0.948
4255,750.5,406.5,0.992
4256,722.5,400.5,0.949
4257,690.5,366.5,0.973
4258,664.5,340.5,0.989
4259,630.5,316.5,0.996
4260,612.5,306.5,0.99
4261,586.5,294.5,0.996
4262,562.5,282.5,0.994
4263,544.5,280.5,0.993
4264,522.5,276.5,0.998
4265,506.5,276.5,0.999
4266,490.5,280.5,0.999
4267,472.5,284.5,0.997
4268,458.5,276.5,0.993
4269,442.5,260.5,0.995
4270,426.5,246.5,0.995
4271,414.5,238.5,0.987
4272,402.5,234.5,0.991
4273,390.5,228.5,0.987
4274,404.5,224.5,0.966
4275,434.5,220.5,0.989
4276,458.5,218.5,0.987
4277,490.5,218.5,0.945
4278,518.5,222.5,0.985
4279,548.5,228.5,0.988
4280,578.5,236.5,0.984
4281,610.5,248.5,0.989
4282,640.5,264.5,0.995
4283,664.5,276.5,0.929
4284,696.5,294.5,0.975
4285,724.5,318.5,0.969
4286,756.5,344.5,0.985
4287,782.5,360.5,0.994
4288,802.5,348.5,0.996
4289,834.5,340.5,0.998
4290,860.5,338.5,0.995
4291,888.5,340.5,0.985
4292,906.5,328.5,0.991
4293,882.5,314.5,0.989
4294,826.5,278.5,0.991
4295,786.5,260.5,0.997
4296,750.5,244.5,0.995
4297,712.5,228.5,0.983
4298,678.5,218.5,0.989
4299,640.5,210.5,0.986
4300,608.5,206.5,0.984
4301,578.5,204.5,0.98
4302,552.5,206.5,0.977
4303,528.5,210.5,0.991
4304,502.5,214.5,0.998
4305,480.5,222.5,0.998
4306,456.5,232.5,0.995
4307,440.5,242.5,0.996
4308,422.5,250.5,0.994
4309,402.5,266.5,0.964
4310,384.5,250.5,0.97
4311,370.5,234.5,0.995
4312,352.5,218.5,0.975
4313,338.5,204.5,0.952
4314,346.5,208.5,0.756
4315,350.5,192.5,0.904
4316,384.5,190.5,0.996
4317,418.5,190.5,0.996
4318,450.5,194.5,0.994
4319,478.5,198.5,0.997
4320,516.5,208.5,0.992
4321,544.5,214.5,0.992
4322,578.5,228.5,0.995
4323,614.5,244.5,0.988
4324,646.5,260.5,0.996
4325,678.5,280.5,0.971
4326,704.5,298.5,0.969
4327,738.5,322.5,0.965
4328,768.5,348.5,0.992
4329,796.5,340.5,0.989
4330,828.5,328.5,0.998
4331,864.5,324.5,0.98
4332,890.5,320.5,0.993
4333,924.5,324.5,0.993
4334,914.5,306.5,0.957
4335,872.5,276.5,0.997
4336,828.5,252.5,0.996
4337,788.5,232.5,0.993
4338,752.5,216.5,0.987
4339,722.5,206.5,0.982
4340,686.5,196.5,0.997
4341,648.5,188.5,0.992
4342,626.5,186.5,0.958
4343,600.5,188.5,0.87
4344,572.5,188.5,0.976
4345,550.5,194.5,0.956
4346,530.5,198.5,0.995
4347,506.5,206.5,0.991
4348,490.5,214.5,0.994
4349,472.5,226.5,0.993
4350,456.5,238.5,0.985
4351,440.5,248.5,0.988
4352,426.5,228.5,0.994
4353,408.5,208.5,0.966
4354,398.5,194.5,0.946
4355,386.5,182.5,0.975
4356,374.5,170.5,0.924
4357,390.5,170.5,0.518
4358,374.5,184.5,0.93
4359,454.5,190.5,0.967
4360,492.5,204.5,0.992
4361,530.5,220.5,0.985
4362,566.5,236.5,0.982
4363,598.5,256.5,0.976
4364,634.5,276.5,0.988
4365,680.5,312.5,0.979
4366,720.5,332.5,0.987
4367,752.5,330.5,0.99
4368,782.5,328.5,0.985
4369,828.5,330.5,0.995
4370,866.5,338.5,0.994
4371,904.5,346.5,0.982
4372,954.5,360.5,0.948
4373,984.5,372.5,0.941
4374,984.5,358.5,0.939
4375,936.5,318.5,0.991
4376,896.5,284.5,0.988
4377,856.5,258.5,0.997
4378,814.5,228.5,0.986
4379,784.5,212.5,0.998
4380,750.5,196.5,0.992
4381,716.5,182.5,0.992
4382,690.5,176.5,0.994
4383,662.5,170.5,0.927
4384,634.5,166.5,0.99
4385,610.5,164.5,0.991
4386,588.5,168.5,0.97
4387,566.5,174.5,0.971
4388,548.5,178.5,0.972
4389,532.5,188.5,0.984
4390,514.5,200.5,0.978
4391,502.5,210.5,0.999
4392,490.5,222.5,0.995
4393,476.5,238.5,0.966
4394,464.5,250.5,0.993
4395,456.5,234.5,0.988
4396,444.5,212.5,0.976
4397,436.5,196.5,0.995
4398,426.5,182.5,0.992
4399,416.5,170.5,0.974
4400,408.5,156.5,0.99
4401,398.5,150.5,0.954
4402,392.5,144.5,0.904
4403,410.5,144.5,0.946
4404,434.5,150.5,0.932
4405,456.5,156.5,0.983
4406,484.5,166.5,0.995
4407,512.5,178.5,0.994
4408,538.5,192.5,0.976
4409,566.5,210.5,0.983
4410,596.5,230.5,0.997
4411,620.5,250.5,0.964
4412,640.5,268.5,0.98
4413,680.5,310.5,0.964
4414,700.5,332.5,0.985
4415,728.5,354.5,0.979
4416,754.5,346.5,0.993
4417,782.5,340.5,0.998
4418,808.5,336.5,0.991
4419,840.5,334.5,0.995
4420,872.5,340.5,0.994
4421,900.5,346.5,0.993
4422,934.5,356.5,0.989
4423,962.5,372.5,0.97
4424,990.5,384.5,0.941
4425,920.5,324.5,0.931
4426,872.5,288.5,0.881
4427,824.5,256.5,0.996
4428,778.5,228.5,0.996
4429,742.5,210.5,0.992
4430,702.5,192.5,0.988
4431,674.5,178.5,0.996
4432,634.5,168.5,0.988
4433,602.5,162.5,0.975
4434,574.5,162.5,0.979
4435,550.5,162.5,0.978
4436,526.5,164.5,0.996
4437,504.5,170.5,0.993
4438,486.5,178.5,0.998
4439,468.5,186.5,0.996
4440,450.5,198.5,0.995
4441,438.5,210.5,0.997
4442,426.5,224.5,0.994
4443,414.5,238.5,0.971
4444,402.5,238.5,0.991
4445,388.5,214.5,0.982
4446,378.5,194.5,0.983
4447,366.5,172.5,0.949
4448,358.5,160.5,0.937
4449,348.5,148.5,0.961
4450,340.5,136.5,0.969
4452,394.5,144.5,0.839
4453,434.5,152.5,0.986
4454,482.5,164.5,0.989
4455,524.5,178.5,0.989
4456,568.5,194.5,0.972
4457,610.5,210.5,0.98
4458,644.5,224.5,0.993
4459,686.5,244.5,0.998
4460,730.5,268.5,0.994
4461,772.5,292.5,0.999
4462,824.5,308.5,0.998
4463,858.5,304.5,0.995
4464,896.5,302.5,0.993
4465,942.5,298.5,0.987
4466,998.5,302.5,0.997
4467,1022.5,306.5,0.958
4468,1066.5,312.5,0.919
4469,1114.5,324.5,0.988
4470,1156.5,338.5,0.995
4472,1146.5,326.5,0.993
4473,1110.5,308.5,0.96
4474,1012.5,272.5,0.972
4475,954.5,254.5,0.994
4476,906.5,244.5,0.996
4477,858.5,236.5,0.976
4478,796.5,230.5,0.993
4479,762.5,230.5,0.987
4480,718.5,232.5,0.953
4481,682.5,236.5,0.994
4482,640.5,244.5,0.998
4483,616.5,254.5,0.946
4484,584.5,264.5,0.98
4485,554.5,278.5,0.994
4486,536.5,264.5,0.979
4487,510.5,244.5,0.949
4488,486.5,226.5,0.997
4489,468.5,212.5,0.995
4490,450.5,202.5,0.993
4491,426.5,192.5,0.986
4492,410.5,186.5,0.989
4493,392.5,182.5,0.991
4494,376.5,182.5,0.93
4495,382.5,174.5,0.912
4496,390.5,164.5,0.987
4497,422.5,148.5,0.991
4498,446.5,140.5,0.994
4499,470.5,132.5,0.985
4500,496.5,130.5,0.988
4501,518.5,126.5,0.991
4502,544.5,128.5,0.978
4503,568.5,132.5,0.992
4504,594.5,140.5,0.973
4505,624.5,152.5,0.997
4506,644.5,162.5,0.998
4507,676.5,182.5,0.997
4508,704.5,206.5,0.976
4509,726.5,226.5,0.988
4510,754.5,256.5,0.951
4511,776.5,280.5,0.997
4512,788.5,298.5,0.994
4513,814.5,332.5,0.947
4514,836.5,374.5,0.994
4515,854.5,358.5,0.994
4516,886.5,334.5,0.987
4517,904.5,320.5,0.996
4518,928.5,306.5,0.996
4519,950.5,296.5,0.997
4520,980.5,288.5,0.936
4521,998.5,282.5,0.995
4522,1022.5,282.5,0.966
4523,1046.5,286.5,0.945
4524,1068.5,292.5,0.965
4525,1088.5,300.5,0.95
4526,1108.5,314.5,0.978
4527,1124.5,328.5,0.994
4528,1246.5,458.5,0.836
4529,1152.5,192.5,0.796
4530,766.5,258.5,0.962
4531,690.5,244.5,0.914
4532,568.5,228.5,0.924
4533,520.5,224.5,0.95
4534,432.5,222.5,0.987
4535,378.5,222.5,0.992
4536,330.5,228.5,0.99
4537,280.5,234.5,0.975
4538,238.5,246.5,0.981
4539,214.5,252.5,0.981
4540,184.5,266.5,0.942
4541,166.5,282.5,0.941
4542,142.5,294.5,0.933
4544,182.5,340.5,0.719
4545,198.5,360.5,0.686
4546,218.5,384.5,0.94
4547,218.5,384.5,0.829
4548,226.5,384.5,0.947
4549,236.5,386.5,0.963
4550,246.5,390.5,0.984
4551,256.5,396.5,0.992
4552,264.5,402.5,0.995
4553,278.5,416.5,0.99
4554,288.5,426.5,0.982
4555,300.5,442.5,0.986
4556,312.5,458.5,0.972
4557,326.5,482.5,0.994
4558,336.5,486.5,0.987
4559,346.5,492.5,0.979
4560,358.5,498.5,0.995
4561,368.5,510.5,0.985
4562,380.5,522.5,0.983
4563,390.5,536.5,0.995
4564,404.5,548.5,0.997
4565,416.5,556.5,0.987
4566,430.5,564.5,0.989
4567,440.5,576.5,0.99
4568,454.5,590.5,0.981
4571,356.5,216.5,0.796
4573,368.5,218.5,0.508
4574,374.5,218.5,0.869
4575,552.5,674.5,0.983
4576,568.5,688.5,0.968
4577,584.5,702.5,0.928
4578,598.5,712.5,0.786
4603,1078.5,652.5,0.565
4604,1116.5,642.5,0.927
4605,1006.5,710.5,0.837
4606,1014.5,670.5,0.792
4607,1016.5,642.5,0.973
4608,1018.5,610.5,0.963
4609,1018.5,578.5,0.982
4610,1020.5,552.5,0.991
4611,1020.5,534.5,0.991
4612,1018.5,520.5,0.964
4613,1010.5,508.5,0.829
4614,1008.5,502.5,0.969
4615,998.5,504.5,0.965
4616,994.5,512.5,0.8
4621,1022.5,368.5,0.726
4622,1038.5,350.5,0.956
4623,1058.5,340.5,0.622
4625,398.5,232.5,0.649
4626,396.5,228.5,0.826
4629,376.5,228.5,0.769
4630,368.5,228.5,0.757
4636,1252.5,458.5,0.613
4643,368.5,230.5,0.801
4644,1010.5,336.5,0.732
4645,922.5,340.5,0.743
4646,886.5,356.5,0.838
4647,866.5,368.5,0.902
4648,860.5,302.5,0.911
4649,814.5,312.5,0.978
4650,780.5,318.5,0.996
4651,746.5,330.5,0.991
4652,714.5,344.5,0.991
4653,684.5,364.5,0.967
4654,662.5,378.5,0.983
4655,642.5,390.5,0.994
4656,628.5,358.5,0.969
4657,616.5,328.5,0.989
4658,596.5,296.5,0.997
4659,582.5,268.5,0.979
4660,566.5,244.5,0.996
4661,554.5,226.5,0.964
4662,544.5,216.5,0.99
4663,532.5,206.5,0.966
4664,522.5,200.5,0.973
4665,512.5,196.5,0.992
4666,502.5,194.5,0.994
4667,494.5,200.5,0.988
4668,484.5,202.5,0.996
4669,478.5,210.5,0.998
4670,470.5,220.5,0.996
4671,466.5,230.5,0.994
4672,460.5,246.5,0.996
4673,454.5,260.5,0.998
4674,448.5,266.5,0.983
4675,442.5,252.5,0.997
4676,438.5,234.5,0.998
4677,430.5,216.5,0.991
4678,424.5,202.5,0.996
4679,418.5,190.5,0.99
4680,412.5,180.5,0.992
4681,410.5,162.5,0.817
4683,406.5,190.5,0.836
4684,402.5,204.5,0.917
4685,400.5,212.5,0.958
4686,394.5,218.5,0.639
4687,390.5,224.5,0.59
4689,382.5,226.5,0.945
4690,1124.5,348.5,0.816
4691,368.5,232.5,0.984
4692,360.5,234.5,0.935
4693,354.5,234.5,0.93
4694,352.5,346.5,0.828
4695,338.5,242.5,0.836
4696,328.5,246.5,0.956
4697,320.5,248.5,0.97
4698,312.5,250.5,0.974
4699,308.5,252.5,0.584
4700,302.5,252.5,0.968
4701,296.5,254.5,0.972
4702,288.5,256.5,0.994
4703,286.5,258.5,0.993
4704,284.5,262.5,0.995
4705,282.5,266.5,0.988
4706,282.5,268.5,0.989
4707,280.5,272.5,0.988
4708,284.5,274.5,0.949
4709,280.5,274.5,0.991
4710,278.5,266.5,0.988
4711,274.5,252.5,0.987
4712,270.5,240.5,0.964
4713,264.5,222.5,0.813
4714,258.5,206.5,0.954
4715,252.5,190.5,0.808
4716,248.5,184.5,0.986
4717,308.5,252.5,0.899
4718,244.5,172.5,0.984
4719,242.5,170.5,0.989
4720,240.5,170.5,0.997
4721,238.5,176.5,0.993
4722,236.5,180.5,0.994
4723,234.5,190.5,0.982
4724,234.5,200.5,0.984
4725,236.5,212.5,0.963
4726,236.5,226.5,0.903
4727,262.5,244.5,0.876
4728,316.5,270.5,0.956
4729,362.5,274.5,0.98
4730,406.5,260.5,0.966
4731,450.5,254.5,0.99
4732,488.5,248.5,0.99
4733,532.5,250.5,0.976
4734,578.5,252.5,0.968
4735,614.5,258.5,0.983
4736,652.5,260.5,0.991
4737,700.5,274.5,0.989
4738,748.5,290.5,0.997
4739,774.5,298.5,0.991
4740,828.5,326.5,0.984
4741,860.5,358.5,0.984
4742,906.5,356.5,0.967
4743,948.5,340.5,0.989
4744,978.5,336.5,0.965
4745,1008.5,330.5,0.944
4746,1044.5,324.5,0.955
4747,1128.5,228.5,0.913
4748,998.5,274.5,0.996
4749,958.5,246.5,0.997
4750,924.5,228.5,0.998
4751,890.5,212.5,0.997
4752,856.5,198.5,0.991
4753,824.5,188.5,0.97
4754,790.5,180.5,0.99
4755,758.5,178.5,0.957
4756,728.5,178.5,0.965
4757,698.5,182.5,0.991
4758,674.5,186.5,0.992
4759,640.5,198.5,0.988
4760,614.5,210.5,0.975
4761,590.5,222.5,0.976
4762,570.5,234.5,0.965
4763,548.5,250.5,0.966
4764,522.5,274.5,0.988
4765,506.5,290.5,0.988
4766,486.5,300.5,0.974
4767,474.5,282.5,0.995
4768,460.5,262.5,0.989
4769,442.5,244.5,0.992
4770,430.5,230.5,0.995
4771,416.5,218.5,0.962
4772,402.5,210.5,0.956
4773,240.5,228.5,0.93
4774,374.5,198.5,0.914
4775,360.5,196.5,0.979
4776,350.5,200.5,0.961
4777,338.5,202.5,0.975
4778,322.5,214.5,0.985
4779,342.5,212.5,0.984
4780,386.5,206.5,0.955
4781,432.5,202.5,0.99
4782,472.5,202.5,0.99
4783,520.5,206.5,0.991
4784,568.5,212.5,0.979
4785,612.5,222.5,0.956
4786,646.5,230.5,0.995
4787,694.5,246.5,0.989
4788,742.5,268.5,0.996
4789,786.5,290.5,0.996
4790,818.5,310.5,0.99
4791,860.5,340.5,0.959
4792,900.5,372.5,0.992
4793,942.5,354.5,0.884
4794,992.5,336.5,0.985
4795,1018.5,328.5,0.947
4796,1064.5,318.5,0.961
4797,1108.5,308.5,0.982
4798,1154.5,306.5,0.982
4799,1188.5,308.5,0.967
4800,1224.5,310.5,0.993
4801,1172.5,274.5,0.994
4802,1116.5,238.5,0.99
4803,1068.5,220.5,0.97
4804,280.5,186.5,0.52
4806,262.5,184.5,0.699
4807,844.5,148.5,0.988
4808,796.5,142.5,0.993
4809,750.5,138.5,0.933
4810,714.5,140.5,0.967
4811,680.5,144.5,0.992
4812,634.5,150.5,0.996
4813,604.5,160.5,0.993
4814,572.5,170.5,0.988
4815,540.5,184.5,0.979
4816,520.5,196.5,0.968
4817,490.5,214.5,0.994
4818,468.5,232.5,0.991
4819,452.5,246.5,0.995
4820,436.5,260.5,0.963
4821,414.5,232.5,0.988
4822,402.5,214.5,0.996
4823,386.5,192.5,0.801
4824,370.5,174.5,0.801
4825,354.5,162.5,0.734
4826,344.5,148.5,0.899
4827,330.5,140.5,0.944
4828,318.5,134.5,0.965
4829,306.5,132.5,0.993
4830,296.5,132.5,0.908
4831,304.5,320.5,0.964
4832,400.5,156.5,0.681
4834,390.5,148.5,0.94
4835,426.5,158.5,0.951
4836,468.5,172.5,0.989
4837,510.5,188.5,0.989
4838,564.5,212.5,0.979
4839,610.5,236.5,0.983
4840,654.5,260.5,0.969
4841,408.5,78.5,0.575
4842,744.5,328.5,0.975
4843,806.5,346.5,0.962
4844,852.5,332.5,0.903
4845,906.5,324.5,0.995
4846,962.5,324.5,0.976
4847,1004.5,320.5,0.909
4848,1078.5,326.5,0.989
4849,1142.5,334.5,0.974
4850,1190.5,344.5,0.973
4851,1244.5,358.5,0.982
4854,1268.5,312.5,0.941
4855,1218.5,266.5,0.993
4856,1170.5,230.5,0.984
4857,1124.5,196.5,0.985
4861,952.5,114.5,0.831
4862,894.5,100.5,0.661
4863,856.5,92.5,0.987
4864,812.5,92.5,0.995
4865,782.5,94.5,0.99
4866,750.5,100.5,0.989
4867,716.5,106.5,0.981
4868,686.5,116.5,0.994
4869,652.5,130.5,0.983
4870,630.5,144.5,0.977
4871,604.5,160.5,0.991
4872,582.5,176.5,0.924
4873,556.5,196.5,0.95
4874,536.5,216.5,0.993
4875,520.5,234.5,0.968
4876,502.5,250.5,0.968
4877,486.5,276.5,0.996
4878,472.5,254.5,0.976
4879,462.5,232.5,0.971
4880,452.5,212.5,0.992
4881,368.5,232.5,0.94
4882,426.5,170.5,0.964
4884,408.5,146.5,0.95
4885,398.5,138.5,0.883
4886,386.5,128.5,0.95
4887,378.5,126.5,0.905
4888,368.5,126.5,0.951
4889,360.5,126.5,0.973
4890,354.5,134.5,0.993
4891,458.5,166.5,0.785
4892,340.5,146.5,0.995
4893,390.5,100.5,0.879
4894,394.5,148.5,0.922
4895,436.5,160.5,0.974
4896,474.5,166.5,0.973
4897,512.5,180.5,0.995
4898,546.5,194.5,0.991
4899,584.5,212.5,0.987
4900,622.5,232.5,0.989
4901,644.5,244.5,0.994
4902,680.5,270.5,0.995
4903,724.5,308.5,0.962
4904,754.5,340.5,0.995
4905,776.5,356.5,0.973
4906,834.5,308.5,0.997
4907,874.5,302.5,0.992
4908,910.5,294.5,0.998
4909,948.5,292.5,0.998
4910,1000.5,292.5,0.994
4911,1034.5,294.5,0.981
4912,1072.5,302.5,0.956
4913,1112.5,312.5,0.987
4914,1152.5,326.5,0.996
4915,1192.5,344.5,0.989
4916,1220.5,360.5,0.957
4917,1240.5,360.5,0.963
4918,1206.5,324.5,0.997
4919,1164.5,284.5,0.989
4920,1138.5,262.5,0.968
4921,1084.5,220.5,0.991
4922,1052.5,194.5,0.986
4925,930.5,136.5,0.766
4926,890.5,124.5,0.977
4927,858.5,116.5,0.99
4928,826.5,116.5,0.991
4929,794.5,116.5,0.99
4930,764.5,118.5,0.992
4931,734.5,126.5,0.976
4932,712.5,132.5,0.957
4933,684.5,144.5,0.993
4934,666.5,154.5,0.956
4935,638.5,170.5,0.987
4936,618.5,186.5,0.964
4937,596.5,204.5,0.955
4938,578.5,224.5,0.976
4939,566.5,236.5,0.939
4940,542.5,262.5,0.966
4941,534.5,252.5,0.938
4942,520.5,224.5,0.948
4943,510.5,208.5,0.992
4944,498.5,188.5,0.991
4945,486.5,170.5,0.997
4946,474.5,156.5,0.984
4947,464.5,146.5,0.994
4948,454.5,140.5,0.996
4949,444.5,134.5,0.972
4950,436.5,134.5,0.984
4951,468.5,156.5,0.884
4952,498.5,178.5,0.992
4953,532.5,208.5,0.988
4954,562.5,234.5,0.959
4955,590.5,266.5,0.966
4956,624.5,306.5,0.958
4957,248.5,338.5,0.75
4958,688.5,388.5,0.985
4959,720.5,384.5,0.987
4960,756.5,384.5,0.972
4961,796.5,390.5,0.989
4962,834.5,402.5,0.987
4963,870.5,414.5,0.981
4964,924.5,436.5,0.985
4965,958.5,456.5,0.919
4966,1010.5,488.5,0.71
4967,376.5,152.5,0.776
4968,902.5,352.5,0.975
4970,358.5,162.5,0.921
4971,818.5,266.5,0.981
4972,776.5,228.5,0.994
4973,734.5,194.5,0.994
4974,706.5,176.5,0.994
4975,676.5,158.5,0.987
4976,642.5,144.5,0.977
4977,618.5,136.5,0.962
4978,594.5,132.5,0.976
4979,574.5,134.5,0.983
4980,554.5,138.5,0.987
4981,538.5,146.5,0.99
4982,524.5,156.5,0.98
4983,510.5,168.5,0.993
4984,498.5,184.5,0.997
4985,488.5,200.5,0.997
4986,480.5,218.5,0.996
4987,472.5,236.5,0.989
4988,468.5,250.5,0.977
4989,462.5,274.5,0.966
4990,454.5,280.5,0.995
4991,450.5,264.5,0.972
4992,442.5,234.5,0.985
4993,436.5,212.5,0.996
4994,428.5,188.5,0.99
4995,424.5,172.5,0.996
4996,418.5,154.5,0.997
4997,414.5,144.5,0.993
4998,410.5,132.5,0.995
4999,408.5,126.5,0.989
5000,404.5,120.5,0.995
5001,404.5,122.5,0.962
5002,400.5,120.5,0.814
5003,424.5,126.5,0.972
5004,454.5,132.5,0.963
5005,482.5,140.5,0.952
5006,510.5,152.5,0.996
5007,540.5,166.5,0.99
5008,570.5,184.5,0.967
5009,598.5,202.5,0.967
5010,630.5,228.5,0.995
5011,652.5,246.5,0.955
5012,676.5,268.5,0.981
5013,716.5,314.5,0.852
5014,744.5,346.5,0.97
5015,770.5,372.5,0.961
5016,796.5,360.5,0.997
5017,828.5,350.5,0.995
5018,856.5,340.5,0.997
5019,886.5,338.5,0.99
5020,916.5,334.5,0.994
5021,948.5,336.5,0.994
5022,978.5,340.5,0.988
5023,1012.5,352.5,0.988
5024,1038.5,362.5,0.97
5025,1064.5,372.5,0.98
5026,1016.5,328.5,0.966
5027,954.5,278.5,0.97
5028,912.5,248.5,0.978
5029,870.5,224.5,0.987
5030,830.5,198.5,0.982
5031,786.5,180.5,0.996
5032,748.5,168.5,0.994
5033,716.5,162.5,0.989
5034,682.5,156.5,0.986
5035,644.5,154.5,0.996
5036,622.5,156.5,0.993
5037,598.5,162.5,0.98
5038,572.5,168.5,0.978
5039,550.5,178.5,0.972
5040,530.5,188.5,0.985
5041,510.5,204.5,0.988
5042,490.5,220.5,0.991
5043,476.5,236.5,0.98
5044,462.5,250.5,0.996
5045,450.5,266.5,0.991
5046,438.5,256.5,0.966
5047,424.5,230.5,0.997
5048,410.5,210.5,0.994
5049,402.5,194.5,0.992
5050,390.5,178.5,0.993
5051,378.5,164.5,0.983
5052,370.5,156.5,0.97
5053,358.5,148.5,0.984
5054,350.5,140.5,0.704
5055,368.5,144.5,0.543
5056,406.5,148.5,0.979
5057,440.5,158.5,0.987
5058,476.5,166.5,0.992
5059,514.5,180.5,0.997
5060,552.5,196.5,0.989
5061,590.5,212.5,0.988
5062,628.5,232.5,0.992
5063,676.5,260.5,0.99
5064,704.5,280.5,0.988
5065,748.5,308.5,0.844
5066,786.5,338.5,0.978
5067,828.5,370.5,0.992
5068,868.5,366.5,0.986
5069,910.5,354.5,0.979
5070,964.5,340.5,0.985
5071,998.5,338.5,0.985
5072,1030.5,334.5,0.966
5073,1046.5,318.5,0.99
5074,1006.5,292.5,0.993
5075,952.5,260.5,0.995
5076,912.5,242.5,0.995
5077,866.5,224.5,0.993
5078,828.5,210.5,0.99
5079,784.5,198.5,0.989
5080,750.5,194.5,0.987
5081,716.5,192.5,0.99
5082,684.5,192.5,0.993
5083,648.5,196.5,0.996
5084,626.5,200.5,0.974
5085,600.5,208.5,0.949
5086,574.5,218.5,0.984
5087,552.5,228.5,0.967
5088,532.5,242.5,0.976
5089,506.5,258.5,0.99
5090,490.5,274.5,0.987
5091,470.5,266.5,0.988
5092,458.5,248.5,0.99
5093,442.5,226.5,0.991
5094,428.5,210.5,0.988
5095,414.5,196.5,0.986
5096,402.5,186.5,0.987
5097,390.5,178.5,0.984
5098,378.5,172.5,0.938
5099,398.5,172.5,0.934
5100,432.5,178.5,0.977
5101,464.5,182.5,0.996
5102,498.5,192.5,0.991
5103,534.5,204.5,0.976
5104,566.5,216.5,0.973
5105,606.5,236.5,0.986
5106,644.5,260.5,0.994
5107,674.5,280.5,0.98
5108,698.5,296.5,0.935
5109,732.5,332.5,0.976
5110,758.5,344.5,0.982
5111,790.5,324.5,0.995
5112,828.5,310.5,0.993
5113,848.5,308.5,0.993
5114,878.5,306.5,0.997
5115,912.5,304.5,0.984
5116,936.5,304.5,0.985
5117,900.5,280.5,0.988
5118,860.5,260.5,0.998
5119,824.5,244.5,0.998
5120,784.5,228.5,0.995
5121,754.5,222.5,0.972
5122,720.5,214.5,0.98
5123,694.5,210.5,0.971
5124,672.5,210.5,0.992
5125,638.5,212.5,0.997
5126,612.5,216.5,0.947
5127,588.5,224.5,0.988
5128,568.5,230.5,0.977
5129,550.5,240.5,0.991
5130,530.5,250.5,0.966
5131,514.5,262.5,0.993
5132,496.5,254.5,0.961
5133,480.5,236.5,0.974
5134,466.5,222.5,0.997
5135,452.5,206.5,0.992
5136,440.5,194.5,0.99
5137,426.5,188.5,0.98
5138,420.5,182.5,0.979
5139,436.5,184.5,0.878
5140,468.5,194.5,0.988
5141,492.5,204.5,0.99
5142,518.5,216.5,0.988
5143,548.5,232.5,0.994
5144,568.5,246.5,0.99
5145,602.5,274.5,0.963
5146,626.5,296.5,0.978
5147,654.5,324.5,0.978
5148,670.5,348.5,0.94
5149,710.5,388.5,0.994
5150,734.5,388.5,0.983
5151,760.5,384.5,0.975
5152,788.5,386.5,0.964
5153,822.5,392.5,0.994
5154,810.5,374.5,0.882
5155,758.5,342.5,0.974
5156,726.5,322.5,0.956
5157,666.5,284.5,0.816
5158,630.5,268.5,0.972
5159,594.5,252.5,0.987
5160,564.5,242.5,0.992
5161,534.5,234.5,0.971
5162,510.5,228.5,0.994
5163,486.5,226.5,0.993
5164,466.5,228.5,0.992
5165,448.5,230.5,0.995
5166,432.5,234.5,0.989
5167,418.5,242.5,0.986
5168,406.5,248.5,0.996
5169,392.5,242.5,0.98
5170,378.5,220.5,0.981
5171,372.5,210.5,0.822
5173,408.5,196.5,0.837
5174,448.5,196.5,0.982
5175,480.5,198.5,0.996
5176,1022.5,228.5,0.97
5177,554.5,210.5,0.974
5178,590.5,216.5,0.961
5179,636.5,230.5,0.995
5180,678.5,244.5,0.994
5181,716.5,260.5,0.998
5182,752.5,276.5,0.997
5183,788.5,292.5,0.994
5184,822.5,308.5,0.997
5185,874.5,342.5,0.935
5186,920.5,372.5,0.96
5187,966.5,362.5,0.977
5188,992.5,358.5,0.991
5189,978.5,328.5,0.977
5190,922.5,292.5,0.993
5191,868.5,262.5,0.994
5192,822.5,240.5,0.998
5193,774.5,218.5,0.992
5194,730.5,202.5,0.975
5195,696.5,192.5,0.987
5196,646.5,178.5,0.993
5197,620.5,176.5,0.975
5198,586.5,174.5,0.985
5199,554.5,174.5,0.988
5200,528.5,176.5,0.99
5201,496.5,182.5,0.998
5202,472.5,188.5,0.986
5203,448.5,196.5,0.995
5204,428.5,206.5,0.992
5205,402.5,220.5,0.997
5206,382.5,230.5,0.987
5207,366.5,250.5,0.976
5208,934.5,260.5,0.612
5210,1018.5,228.5,0.615
5211,1022.5,224.5,0.784
5212,298.5,328.5,0.929
5213,1044.5,238.5,0.73
5214,272.5,330.5,0.836
5215,260.5,318.5,0.814
5216,250.5,310.5,0.982
5217,240.5,300.5,0.987
5218,234.5,296.5,0.93
5220,196.5,198.5,0.607
5223,1152.5,218.5,0.739
5229,226.5,318.5,0.91
5230,230.5,324.5,0.992
5231,232.5,332.5,0.972
5232,232.5,328.5,0.971
5233,232.5,322.5,0.973
5234,232.5,320.5,0.971
5235,234.5,320.5,0.973
5236,234.5,322.5,0.97
5237,236.5,324.5,0.953
5238,234.5,326.5,0.925
5239,236.5,322.5,0.968
5240,238.5,322.5,0.938
5241,238.5,322.5,0.824
5242,240.5,320.5,0.94
5243,242.5,320.5,0.743
5244,242.5,320.5,0.583
5245,244.5,318.5,0.864
5246,244.5,318.5,0.847
5247,246.5,318.5,0.712
5248,246.5,318.5,0.538
5250,198.5,352.5,0.819
5251,198.5,352.5,0.609
5252,198.5,352.5,0.661
5253,932.5,416.5,0.845
5254,932.5,402.5,0.735
5255,924.5,382.5,0.778
5256,928.5,366.5,0.943
5257,930.5,348.5,0.975
5258,934.5,328.5,0.96
5265,200.5,352.5,0.568
5269,200.5,352.5,0.661
5271,200.5,352.5,0.579
5279,256.5,264.5,0.727
5283,1044.5,234.5,0.728
5286,256.5,224.5,0.55
5288,206.5,346.5,0.766
5289,216.5,342.5,0.866
5290,232.5,338.5,0.919
5291,248.5,334.5,0.743
5292,262.5,330.5,0.575
5294,296.5,332.5,0.94
5295,308.5,330.5,0.965
5296,322.5,332.5,0.975
5297,334.5,332.5,0.979
5298,1088.5,224.5,0.783
5303,1050.5,322.5,0.802
5304,1002.5,312.5,0.954
5305,1004.5,356.5,0.947
5316,422.5,216.5,0.64
5318,1172.5,442.5,0.839
5320,942.5,410.5,0.552
5321,928.5,394.5,0.887
5322,940.5,374.5,0.815
5323,946.5,362.5,0.902
5325,944.5,294.5,0.843
5339,1088.5,136.5,0.758
5347,1084.5,134.5,0.634
5349,1086.5,134.5,0.609
5351,1048.5,236.5,0.716
5353,1050.5,236.5,0.947
5354,1052.5,238.5,0.799
5356,1054.5,236.5,0.518
5360,392.5,226.5,0.677
5361,382.5,226.5,0.921
5362,376.5,228.5,0.764
5363,1006.5,442.5,0.84
5364,362.5,232.5,0.929
5365,354.5,232.5,0.977
5366,350.5,234.5,0.981
5367,342.5,238.5,0.983
5368,334.5,240.5,0.995
5369,328.5,242.5,0.99
5370,322.5,244.5,0.995
5371,316.5,248.5,0.991
5372,310.5,250.5,0.998
5373,306.5,252.5,0.991
5374,302.5,256.5,0.995
5375,298.5,258.5,0.996
5376,294.5,260.5,0.998
5377,294.5,264.5,0.999
5378,290.5,266.5,0.992
5379,290.5,268.5,0.993
5381,288.5,270.5,0.933
5382,282.5,264.5,0.992
5383,280.5,252.5,0.991
5384,272.5,238.5,0.957
5385,270.5,222.5,0.845
5386,276.5,244.5,0.954
5387,258.5,204.5,0.927
5388,256.5,194.5,0.969
5389,254.5,190.5,0.99
5390,248.5,188.5,0.953
5391,248.5,188.5,0.995
5392,246.5,192.5,0.995
5393,244.5,198.5,0.996
5394,244.5,208.5,0.978
5395,246.5,216.5,0.933
5396,242.5,228.5,0.977
5397,260.5,244.5,0.909
5398,310.5,274.5,0.728
5399,332.5,292.5,0.911
5400,360.5,284.5,0.989
5401,390.5,278.5,0.99
5402,418.5,276.5,0.991
5403,452.5,272.5,0.991
5404,488.5,276.5,0.991
5405,490.5,276.5,0.977
5406,518.5,282.5,0.994
5407,550.5,290.5,0.983
5408,582.5,300.5,0.992
5409,616.5,316.5,0.986
5410,650.5,332.5,0.991
5411,688.5,354.5,0.934
5412,720.5,384.5,0.933
5413,758.5,406.5,0.979
5414,782.5,396.5,0.995
5415,816.5,390.5,0.997
5416,848.5,388.5,0.996
5417,882.5,388.5,0.995
5418,898.5,380.5,0.982
5419,866.5,360.5,0.982
5420,824.5,332.5,0.995
5421,784.5,314.5,0.981
5422,752.5,306.5,0.981
5423,720.5,294.5,0.969
5424,684.5,284.5,0.98
5425,654.5,280.5,0.988
5426,622.5,276.5,0.995
5427,598.5,280.5,0.993
5428,570.5,284.5,0.993
5429,548.5,292.5,0.999
5430,530.5,300.5,0.995
5431,510.5,310.5,0.917
5432,492.5,310.5,0.805
5433,478.5,290.5,0.967
5434,466.5,276.5,0.997
5435,450.5,260.5,0.998
5436,436.5,248.5,0.999
5437,424.5,238.5,0.997
5438,412.5,232.5,0.993
5439,400.5,228.5,0.998
5440,390.5,228.5,0.997
5441,384.5,230.5,0.887
5442,410.5,226.5,0.988
5443,442.5,222.5,0.991
5444,472.5,220.5,0.99
5445,498.5,220.5,0.994
5446,530.5,226.5,0.99
5447,558.5,230.5,0.995
5448,582.5,238.5,0.982
5449,612.5,248.5,0.975
5450,646.5,264.5,0.996
5451,678.5,280.5,0.979
5452,700.5,294.5,0.978
5453,728.5,314.5,0.959
5454,758.5,340.5,0.995
5455,784.5,324.5,0.991
5456,808.5,316.5,0.965
5457,832.5,308.5,0.993
5458,854.5,304.5,0.991
5459,884.5,302.5,0.99
5460,874.5,280.5,0.997
5461,838.5,258.5,0.997
5462,808.5,240.5,0.996
5463,768.5,218.5,0.988
5464,734.5,202.5,0.993
5465,704.5,190.5,0.991
5466,676.5,180.5,0.999
5467,642.5,174.5,0.996
5468,614.5,170.5,0.925
5469,590.5,170.5,0.961
5470,566.5,172.5,0.979
5471,544.5,178.5,0.975
5472,526.5,182.5,0.993
5473,504.5,192.5,0.989
5474,486.5,202.5,0.992
5475,470.5,212.5,0.993
5476,454.5,226.5,0.958
5477,440.5,228.5,0.99
5478,424.5,206.5,0.966
5479,414.5,190.5,0.971
5480,406.5,176.5,0.966
5481,390.5,164.5,0.988
5482,380.5,156.5,0.99
5483,370.5,148.5,0.975
5484,360.5,144.5,0.989
5485,350.5,142.5,0.975
5486,340.5,144.5,0.97
5488,324.5,148.5,0.928
5489,326.5,146.5,0.644
5490,1050.5,618.5,0.697
5491,1066.5,618.5,0.768
5492,1082.5,624.5,0.931
5495,320.5,164.5,0.785
5498,272.5,184.5,0.615
5499,274.5,192.5,0.575
5501,260.5,198.5,0.822
5517,1156.5,164.5,0.784
5520,1046.5,236.5,0.805
5523,306.5,224.5,0.959
5524,316.5,224.5,0.707
5525,322.5,218.5,0.918
5526,330.5,216.5,0.889
5527,338.5,210.5,0.7
5528,342.5,202.5,0.53
5529,372.5,192.5,0.94
5530,372.5,178.5,0.636
5533,92.5,124.5,0.681
5535,378.5,180.5,0.969
5540,354.5,208.5,0.769
5541,744.5,520.5,0.879
5542,726.5,522.5,0.781
5543,338.5,252.5,0.933
5544,684.5,568.5,0.767
5551,302.5,202.5,0.615
5555,362.5,346.5,0.705
5565,414.5,74.5,0.594
5567,414.5,74.5,0.512
5573,776.5,472.5,0.79
5577,418.5,76.5,0.501
5580,426.5,84.5,0.551
5581,428.5,88.5,0.642
5583,432.5,102.5,0.901
5584,432.5,114.5,0.916
5585,432.5,126.5,0.973
5586,434.5,138.5,0.985
5587,432.5,152.5,0.923
5588,432.5,166.5,0.921
5589,430.5,178.5,0.936
5590,432.5,192.5,0.933
5591,428.5,200.5,0.982
5592,422.5,206.5,0.904
5593,418.5,208.5,0.791
5596,422.5,206.5,0.805
5597,418.5,202.5,0.929
5598,416.5,194.5,0.985
5599,414.5,186.5,0.977
5600,410.5,176.5,0.941
5601,408.5,164.5,0.839
5602,406.5,152.5,0.93
5603,906.5,380.5,0.75
5604,402.5,124.5,0.808
5607,408.5,104.5,0.869
5608,832.5,360.5,0.524
5609,424.5,114.5,0.97
5610,436.5,128.5,0.957
5611,452.5,146.5,0.952
5612,464.5,164.5,0.969
5613,484.5,194.5,0.95
5614,496.5,216.5,0.984
5615,514.5,246.5,0.958
5616,524.5,266.5,0.981
5617,538.5,256.5,0.982
5618,550.5,242.5,0.995
5619,560.5,228.5,0.986
5620,574.5,218.5,0.96
5621,420.5,200.5,0.982
5622,600.5,204.5,0.98
5623,614.5,202.5,0.964
5624,626.5,202.5,0.984
5625,642.5,206.5,0.995
5626,654.5,212.5,0.978
5627,672.5,222.5,0.992
5628,684.5,232.5,0.984
5629,696.5,244.5,0.976
5630,712.5,264.5,0.983
5631,726.5,282.5,0.992
5632,742.5,310.5,0.991
5633,754.5,336.5,0.96
5634,766.5,360.5,0.906
5635,776.5,384.5,0.989
5636,792.5,364.5,0.995
5637,804.5,350.5,0.983
5638,818.5,340.5,0.998
5639,832.5,332.5,0.998
5640,844.5,328.5,0.995
5641,858.5,326.5,0.992
5642,872.5,330.5,0.992
5643,886.5,336.5,0.991
5644,898.5,342.5,0.999
5645,906.5,356.5,0.926
5646,898.5,342.5,0.744
5647,202.5,214.5,0.615
5648,322.5,198.5,0.735
5649,318.5,200.5,0.713
5650,320.5,202.5,0.643
5651,320.5,204.5,0.655
5652,320.5,208.5,0.926
5653,324.5,214.5,0.954
5654,1020.5,226.5,0.93
5655,338.5,220.5,0.907
5656,348.5,222.5,0.811
5657,246.5,340.5,0.936
5658,240.5,338.5,0.943
5659,232.5,336.5,0.886
5660,222.5,336.5,0.897
5661,214.5,332.5,0.87
5662,208.5,330.5,0.634
5664,1030.5,200.5,0.688
5667,1028.5,194.5,0.726
5668,328.5,212.5,0.551
5677,952.5,292.5,0.509
5679,950.5,280.5,0.728
5680,952.5,274.5,0.966
5685,946.5,268.5,0.782
5686,946.5,272.5,0.898
5687,942.5,274.5,0.905
5689,930.5,284.5,0.825
5691,1108.5,218.5,0.945
5692,926.5,298.5,0.927
5693,920.5,270.5,0.845
5694,862.5,376.5,0.608
5696,882.5,308.5,0.996
5697,854.5,312.5,0.974
5698,800.5,328.5,0.99
5699,764.5,314.5,0.961
5700,726.5,288.5,0.983
5701,700.5,278.5,0.99
5702,676.5,268.5,0.992
5703,644.5,258.5,0.996
5704,612.5,250.5,0.964
5705,582.5,246.5,0.967
5706,560.5,246.5,0.994
5707,534.5,248.5,0.946
5708,514.5,250.5,0.996
5709,490.5,258.5,0.996
5710,470.5,266.5,0.993
5711,454.5,256.5,0.983
5712,442.5,246.5,0.993
5713,426.5,232.5,0.997
5714,412.5,224.5,0.992
5715,350.5,214.5,0.651
5716,386.5,214.5,0.832
5717,416.5,212.5,0.993
5718,436.5,212.5,0.995
5719,458.5,216.5,0.986
5720,484.5,224.5,0.997
5721,508.5,230.5,0.993
5722,532.5,242.5,0.989
5723,562.5,258.5,0.953
5724,580.5,266.5,0.992
5725,610.5,290.5,0.991
5726,634.5,312.5,0.987
5727,658.5,332.5,0.976
5728,688.5,370.5,0.918
5729,710.5,372.5,0.996
5730,736.5,368.5,0.959
5731,758.5,364.5,0.99
5732,786.5,364.5,0.99
5733,818.5,372.5,0.985
5734,794.5,352.5,0.976
5735,756.5,324.5,0.934
5736,706.5,298.5,0.892
5737,674.5,282.5,0.951
5738,642.5,270.5,0.981
5739,610.5,260.5,0.984
5740,580.5,250.5,0.97
5741,552.5,244.5,0.991
5742,526.5,246.5,0.975
5743,500.5,244.5,0.995
5744,478.5,248.5,0.998
5745,456.5,254.5,0.996
5746,438.5,262.5,0.999
5747,422.5,270.5,0.998
5748,402.5,282.5,0.998
5749,388.5,296.5,0.998
5750,374.5,284.5,0.985
5751,360.5,264.5,0.981
5752,346.5,248.5,0.994
5753,336.5,234.5,0.996
5754,324.5,220.5,0.991
5755,312.5,212.5,0.997
5756,302.5,204.5,0.961
5757,292.5,200.5,0.548
5759,322.5,196.5,0.917
5760,352.5,198.5,0.981
5761,384.5,200.5,0.989
5762,416.5,204.5,0.997
5763,446.5,212.5,0.998
5764,482.5,224.5,0.996
5765,514.5,234.5,0.989
5766,552.5,252.5,0.96
5767,582.5,266.5,0.981
5768,626.5,294.5,0.987
5769,656.5,314.5,0.973
5770,686.5,336.5,0.991
5771,718.5,368.5,0.974
5772,752.5,362.5,0.982
5773,790.5,350.5,0.994
5774,818.5,342.5,0.993
5775,854.5,340.5,0.995
5776,890.5,340.5,0.987
5777,922.5,336.5,0.974
5778,894.5,318.5,0.996
5779,840.5,292.5,0.993
5780,800.5,274.5,0.993
5781,758.5,258.5,0.995
5782,716.5,244.5,0.993
5783,682.5,236.5,0.983
5784,642.5,230.5,0.996
5785,614.5,228.5,0.99
5786,588.5,230.5,0.991
5787,564.5,234.5,0.964
5788,540.5,240.5,0.973
5789,516.5,248.5,0.989
5790,498.5,256.5,0.987
5791,478.5,268.5,0.988
5792,464.5,252.5,0.996
5793,450.5,234.5,0.992
5794,436.5,216.5,0.994
5795,424.5,202.5,0.996
5796,414.5,190.5,0.954
5797,404.5,182.5,0.994
5799,400.5,176.5,0.925
5800,450.5,180.5,0.912
5801,490.5,184.5,0.99
5802,534.5,194.5,0.982
5803,572.5,206.5,0.893
5804,612.5,216.5,0.979
5805,650.5,230.5,0.988
5806,708.5,258.5,0.995
5807,748.5,278.5,0.996
5808,790.5,304.5,0.987
5809,830.5,330.5,0.988
5810,886.5,384.5,0.921
5811,930.5,380.5,0.97
5812,972.5,378.5,0.95
5813,1016.5,376.5,0.953
5814,1062.5,378.5,0.927
5815,1058.5,354.5,0.98
5816,1012.5,322.5,0.991
5817,948.5,280.5,0.992
5818,900.5,254.5,0.997
5819,854.5,230.5,0.992
5820,810.5,212.5,0.994
5821,774.5,198.5,0.983
5822,732.5,186.5,0.982
5823,700.5,180.5,0.988
5824,672.5,176.5,0.986
5825,634.5,174.5,0.991
5826,604.5,176.5,0.984
5827,578.5,178.5,0.956
5828,554.5,186.5,0.948
5829,534.5,192.5,0.986
5830,512.5,202.5,0.993
5831,490.5,214.5,0.994
5832,476.5,226.5,0.993
5833,460.5,238.5,0.991
5834,446.5,250.5,0.994
5835,432.5,230.5,0.992
5836,420.5,214.5,0.993
5837,408.5,196.5,0.989
5838,392.5,182.5,0.991
5839,386.5,170.5,0.979
5840,372.5,160.5,0.992
5841,362.5,152.5,0.631
5842,360.5,150.5,0.886
5843,354.5,146.5,0.94
5844,386.5,152.5,0.866
5845,436.5,172.5,0.967
5846,472.5,184.5,0.993
5847,512.5,202.5,0.988
5848,548.5,220.5,0.993
5849,592.5,244.5,0.993
5850,626.5,268.5,0.982
5852,688.5,314.5,0.69
5853,738.5,332.5,0.975
5854,770.5,328.5,0.989
5855,814.5,326.5,0.996
5856,848.5,328.5,0.988
5857,896.5,338.5,0.985
5858,932.5,342.5,0.991
5859,986.5,358.5,0.985
5860,1020.5,372.5,0.995
5861,1060.5,390.5,0.996
5862,1102.5,416.5,0.978
5863,1098.5,404.5,0.988
5864,1038.5,362.5,0.991
5865,992.5,330.5,0.99
5866,934.5,292.5,0.982
5867,872.5,260.5,0.992
5868,824.5,238.5,0.993
5869,778.5,220.5,0.984
5870,736.5,208.5,0.978
5871,696.5,196.5,0.991
5872,650.5,190.5,0.99
5873,618.5,188.5,0.944
5874,584.5,188.5,0.94
5875,554.5,192.5,0.977
5876,524.5,196.5,0.989
5877,492.5,206.5,0.995
5878,474.5,212.5,0.994
5879,448.5,228.5,0.994
5880,428.5,244.5,0.993
5881,410.5,258.5,0.991
5882,394.5,274.5,0.985
5883,378.5,292.5,0.992
5884,232.5,340.5,0.975
5885,350.5,256.5,0.987
5886,332.5,236.5,0.959
5887,320.5,216.5,0.963
5888,306.5,202.5,0.554
5889,292.5,190.5,0.95
5890,280.5,180.5,0.929
5891,270.5,174.5,0.912
5892,260.5,168.5,0.99
5893,250.5,168.5,0.995
5894,262.5,154.5,0.846
5895,270.5,148.5,0.881
5896,294.5,182.5,0.973
5897,318.5,156.5,0.799
5898,406.5,220.5,0.973
5899,468.5,248.5,0.968
5900,530.5,278.5,0.922
5901,582.5,308.5,0.823
5903,724.5,404.5,0.787
5905,850.5,396.5,0.904
5906,906.5,394.5,0.984
5907,1022.5,404.5,0.946
5908,1060.5,410.5,0.953
5909,1144.5,426.5,0.9
5910,1212.5,416.5,0.806
5911,1146.5,342.5,0.922
5912,1090.5,288.5,0.716
5914,394.5,176.5,0.516
5916,836.5,82.5,0.92
5917,776.5,46.5,0.975
5918,728.5,20.5,0.986
5920,368.5,174.5,0.595
5924,352.5,172.5,0.558
5925,350.5,174.5,0.527
5930,314.5,22.5,0.967
5931,298.5,40.5,0.951
5932,284.5,66.5,0.878
5933,266.5,84.5,0.971
5934,254.5,106.5,0.978
5935,246.5,128.5,0.966
5936,236.5,154.5,0.977
5937,228.5,178.5,0.905
5938,218.5,208.5,0.937
5939,214.5,232.5,0.988
5940,210.5,250.5,0.977
5941,208.5,280.5,0.899
5942,204.5,304.5,0.573
5943,200.5,330.5,0.958
5944,316.5,192.5,0.643
5946,194.5,374.5,0.717
5947,186.5,356.5,0.91
5948,182.5,338.5,0.973
5949,176.5,326.5,0.995
5950,170.5,316.5,0.797
5951,170.5,304.5,0.937
5952,162.5,296.5,0.7
5954,278.5,248.5,0.959
5955,274.5,250.5,0.811
5956,272.5,252.5,0.906
5957,196.5,370.5,0.959
5958,274.5,250.5,0.643
5959,190.5,334.5,0.742
5960,280.5,248.5,0.707
5961,182.5,296.5,0.927
5962,180.5,280.5,0.933
5963,180.5,266.5,0.988
5964,180.5,254.5,0.982
5965,178.5,246.5,0.995
5966,178.5,240.5,0.942
5967,176.5,234.5,0.994
5968,176.5,230.5,0.99
5969,176.5,232.5,0.984
5970,176.5,232.5,0.991
5971,180.5,236.5,0.978
5972,182.5,244.5,0.994
5973,184.5,254.5,0.972
5974,182.5,240.5,0.832
5975,172.5,226.5,0.951
5976,168.5,210.5,0.879
5977,160.5,186.5,0.836
5978,164.5,166.5,0.877
5990,324.5,170.5,0.874
5991,346.5,186.5,0.958
5992,368.5,202.5,0.827
5993,394.5,228.5,0.944
5994,412.5,250.5,0.964
5995,434.5,274.5,0.732
5996,456.5,292.5,0.992
5997,478.5,280.5,0.998
5998,496.5,270.5,0.987
5999,514.5,260.5,0.992
6000,540.5,260.5,0.997
6001,560.5,260.5,0.982
6002,582.5,260.5,0.97
6003,608.5,264.5,0.96
6004,632.5,272.5,0.988
6005,650.5,282.5,0.74
6006,680.5,294.5,0.995
6007,702.5,312.5,0.984
6008,726.5,336.5,0.985
6009,756.5,360.5,0.99
6010,774.5,386.5,0.972
6011,796.5,418.5,0.982
6012,818.5,406.5,0.992
6013,838.5,394.5,0.995
6014,866.5,386.5,0.996
6015,890.5,380.5,0.997
6016,914.5,376.5,0.99
6017,938.5,378.5,0.966
6018,964.5,382.5,0.984
6019,988.5,388.5,0.993
6020,1000.5,420.5,0.655
6024,1022.5,232.5,0.651
6053,416.5,212.5,0.575
6057,402.5,212.5,0.677
6067,1004.5,518.5,0.935
6068,1000.5,516.5,0.609
6069,210.5,364.5,0.605
6074,936.5,436.5,0.894
6075,930.5,416.5,0.984
6076,916.5,376.5,0.941
6077,914.5,346.5,0.916
6079,928.5,310.5,0.56
6080,932.5,292.5,0.971
6081,934.5,282.5,0.994
6082,934.5,272.5,0.925
6083,936.5,264.5,0.973
6084,936.5,262.5,0.96
6085,936.5,266.5,0.983
6086,936.5,272.5,0.988
6087,934.5,282.5,0.994
6088,932.5,296.5,0.998
6089,928.5,312.5,0.997
6090,926.5,334.5,0.974
6091,922.5,354.5,0.988
6092,920.5,378.5,0.979
6093,918.5,402.5,0.976
6094,910.5,402.5,0.763
6095,894.5,382.5,0.848
6096,780.5,438.5,0.958
6097,866.5,332.5,0.912
6099,638.5,334.5,0.984
6100,604.5,312.5,0.987
6101,572.5,294.5,0.997
6102,536.5,276.5,0.996
6103,504.5,264.5,0.987
6104,476.5,260.5,0.998
6105,452.5,258.5,0.992
6106,428.5,258.5,0.99
6107,402.5,260.5,0.996
6108,382.5,266.5,0.995
6109,364.5,274.5,0.987
6110,348.5,276.5,0.973
6111,330.5,260.5,0.997
6112,312.5,242.5,0.994
6113,296.5,228.5,0.989
6114,280.5,218.5,0.941
6115,242.5,210.5,0.575
6116,326.5,196.5,0.978
6117,356.5,188.5,0.972
6118,394.5,180.5,0.995
6119,434.5,178.5,0.995
6120,474.5,178.5,0.992
6121,510.5,180.5,0.998
6122,548.5,186.5,0.95
6123,586.5,194.5,0.979
6124,626.5,204.5,0.96
6125,670.5,220.5,0.993
6126,696.5,230.5,0.988
6127,738.5,252.5,0.989
6128,778.5,276.5,0.998
6129,808.5,294.5,0.987
6130,834.5,312.5,0.997
6131,874.5,342.5,0.99
6132,914.5,324.5,0.996
6133,940.5,316.5,0.996
6134,978.5,304.5,0.963
6135,1004.5,296.5,0.991
6136,1040.5,290.5,0.966
6137,1076.5,290.5,0.95
6138,1098.5,290.5,0.958
6139,1252.5,410.5,0.889
6140,1254.5,396.5,0.692
6142,1114.5,234.5,0.868
6143,1058.5,206.5,0.954
6145,1192.5,152.5,0.956
6146,1206.5,136.5,0.969
6147,744.5,34.5,0.957
6148,1238.5,122.5,0.952
6149,1252.5,120.5,0.912
6158,1130.5,436.5,0.724
6159,142.5,46.5,0.732
6160,106.5,70.5,0.952
6161,80.5,88.5,0.966
6162,58.5,112.5,0.982
6163,36.5,138.5,0.964
6164,22.5,156.5,0.885
6172,128.5,230.5,0.661
6174,1192.5,262.5,0.763
6176,1162.5,324.5,0.966
6177,1160.5,356.5,0.733
6180,170.5,216.5,0.753
6181,164.5,216.5,0.642
6182,156.5,216.5,0.852
6192,244.5,366.5,0.897
6193,220.5,376.5,0.949
6194,194.5,390.5,0.963
6195,160.5,404.5,0.901
6196,130.5,420.5,0.977
6197,96.5,436.5,0.964
6198,64.5,444.5,0.959
6200,122.5,410.5,0.696
6239,1238.5,406.5,0.579
6258,1072.5,212.5,0.791
6259,1066.5,210.5,0.673
6260,30.5,228.5,0.942
6261,48.5,208.5,0.823
6266,62.5,442.5,0.813
6267,82.5,442.5,0.938
6268,108.5,436.5,0.959
6269,148.5,408.5,0.961
6270,176.5,396.5,0.937
6271,198.5,402.5,0.529
6272,222.5,392.5,0.924
6273,250.5,386.5,0.869
6274,270.5,378.5,0.768
6276,282.5,164.5,0.765
6277,316.5,164.5,0.912
6278,314.5,162.5,0.832
6279,346.5,182.5,0.936
6280,384.5,210.5,0.947
6281,404.5,228.5,0.997
6282,434.5,254.5,0.986
6283,460.5,276.5,0.957
6284,486.5,296.5,0.994
6285,502.5,280.5,0.996
6286,522.5,262.5,0.996
6287,546.5,244.5,0.991
6288,562.5,236.5,0.96
6289,580.5,228.5,0.985
6290,602.5,222.5,0.971
6291,624.5,220.5,0.975
6292,642.5,218.5,0.982
6293,668.5,224.5,0.974
6294,686.5,228.5,0.991
6295,708.5,238.5,0.975
6296,724.5,248.5,0.984
6297,748.5,264.5,0.99
6298,770.5,284.5,0.991
6299,782.5,294.5,0.98
6300,806.5,324.5,0.995
6301,818.5,344.5,0.988
6302,836.5,370.5,0.993
6303,850.5,354.5,0.991
6304,870.5,338.5,0.991
6305,894.5,322.5,0.997
6306,916.5,314.5,0.995
6307,930.5,306.5,0.991
6308,928.5,282.5,0.848
6309,936.5,290.5,0.653
6310,958.5,226.5,0.61
6311,962.5,206.5,0.949
6312,966.5,182.5,0.912
6313,974.5,162.5,0.949
6314,978.5,144.5,0.948
6315,980.5,130.5,0.92
6316,980.5,118.5,0.977
6317,980.5,106.5,0.651
6318,982.5,106.5,0.988
6319,984.5,110.5,0.932
6320,982.5,116.5,0.987
6321,982.5,126.5,0.979
6322,984.5,140.5,0.916
6323,982.5,156.5,0.991
6324,982.5,178.5,0.945
6325,974.5,194.5,0.944
6326,968.5,224.5,0.977
6327,964.5,246.5,0.975
6328,958.5,280.5,0.865
6329,954.5,316.5,0.988
6330,950.5,332.5,0.994
6337,1062.5,202.5,0.579
6343,992.5,454.5,0.753
6344,994.5,472.5,0.677
6356,390.5,90.5,0.72
6357,390.5,88.5,0.57
6358,408.5,218.5,0.848
6360,1208.5,584.5,0.508
6362,1192.5,572.5,0.631
6377,368.5,192.5,0.738
6378,360.5,180.5,0.935
6379,356.5,166.5,0.91
6380,352.5,150.5,0.867
6381,350.5,132.5,0.677
6382,1046.5,236.5,0.892
6383,344.5,98.5,0.588
6384,344.5,88.5,0.735
6392,912.5,502.5,0.81
6393,916.5,482.5,0.728
6394,890.5,436.5,0.603
6395,870.5,388.5,0.901
6396,836.5,358.5,0.964
6397,806.5,320.5,0.984
6398,772.5,284.5,0.986
6399,746.5,260.5,0.993
6400,722.5,242.5,0.99
6401,690.5,220.5,0.991
6402,672.5,210.5,0.981
6403,642.5,198.5,0.995
6404,622.5,194.5,0.971
6405,600.5,194.5,0.958
6406,580.5,194.5,0.967
6407,562.5,200.5,0.979
6408,544.5,210.5,0.985
6409,530.5,218.5,0.981
6410,516.5,228.5,0.991
6411,502.5,246.5,0.995
6412,488.5,262.5,0.99
6413,478.5,278.5,0.993
6414,468.5,296.5,0.999
6415,456.5,274.5,0.991
6416,446.5,250.5,0.995
6417,438.5,232.5,0.998
6418,426.5,212.5,0.991
6419,420.5,200.5,0.997
6420,410.5,188.5,0.986
6421,404.5,178.5,0.937
6422,394.5,170.5,0.971
6423,386.5,166.5,0.856
6424,382.5,166.5,0.949
6425,384.5,180.5,0.874
6426,382.5,194.5,0.95
6427,382.5,204.5,0.704
6429,372.5,214.5,0.663
6430,372.5,220.5,0.567
6431,368.5,224.5,0.935
6432,358.5,224.5,0.859
6433,356.5,232.5,0.932
6434,352.5,234.5,0.976
6435,346.5,236.5,0.866
6436,342.5,240.5,0.872
6437,348.5,340.5,0.683
6440,312.5,250.5,0.901
6442,302.5,252.5,0.98
6443,298.5,256.5,0.968
6444,294.5,256.5,0.99
6445,290.5,258.5,0.996
6446,288.5,260.5,0.995
6447,288.5,262.5,0.993
6448,286.5,264.5,0.996
6449,286.5,266.5,0.99
6450,284.5,268.5,0.984
6451,286.5,272.5,0.979
6452,288.5,272.5,0.972
6453,284.5,272.5,0.93
6454,284.5,268.5,0.983
6455,282.5,256.5,0.996
6456,276.5,240.5,0.987
6457,274.5,222.5,0.84
6458,268.5,206.5,0.943
6459,264.5,196.5,0.996
6460,262.5,188.5,0.842
6461,260.5,180.5,0.997
6462,328.5,246.5,0.95
6463,256.5,174.5,0.986
6464,256.5,176.5,0.994
6465,254.5,180.5,0.979
6466,254.5,186.5,0.98
6467,250.5,194.5,0.946
6468,252.5,208.5,0.956
6469,254.5,216.5,0.978
6471,322.5,258.5,0.586
6472,362.5,276.5,0.627
6473,396.5,276.5,0.991
6474,434.5,264.5,0.986
6475,470.5,258.5,0.994
6476,508.5,252.5,0.997
6477,542.5,252.5,0.991
6478,586.5,258.5,0.966
6479,620.5,262.5,0.987
6480,654.5,270.5,0.988
6481,694.5,280.5,0.99
6482,734.5,296.5,0.512
6483,768.5,310.5,0.934
6484,802.5,330.5,0.95
6485,842.5,360.5,0.99
6486,876.5,356.5,0.977
6487,910.5,344.5,0.988
6488,942.5,334.5,0.996
6489,976.5,332.5,0.968
6490,984.5,320.5,0.928
6491,944.5,292.5,0.997
6492,898.5,260.5,0.997
6493,866.5,244.5,0.995
6494,830.5,226.5,0.999
6495,792.5,210.5,0.995
6496,760.5,200.5,0.983
6497,732.5,194.5,0.982
6498,702.5,190.5,0.996
6499,676.5,188.5,0.99
6500,644.5,190.5,0.995
6501,622.5,194.5,0.979
6502,598.5,198.5,0.976
6503,574.5,206.5,0.967
6504,554.5,214.5,0.981
6505,534.5,226.5,0.995
6506,518.5,236.5,0.959
6507,496.5,248.5,0.99
6508,482.5,264.5,0.996
6509,468.5,246.5,0.996
6510,452.5,226.5,0.99
6511,438.5,210.5,0.994
6512,426.5,200.5,0.995
6513,416.5,188.5,0.983
6514,402.5,180.5,0.996
6515,200.5,372.5,0.615
6516,386.5,178.5,0.815
6517,456.5,196.5,0.94
6518,490.5,212.5,0.99
6519,534.5,234.5,0.976
6520,562.5,250.5,0.946
6521,418.5,170.5,0.932
6522,648.5,292.5,0.978
6523,684.5,312.5,0.99
6524,710.5,326.5,0.991
6525,748.5,346.5,0.985
6526,780.5,342.5,0.998
6527,812.5,340.5,0.989
6528,846.5,344.5,0.992
6529,880.5,354.5,0.992
6530,910.5,364.5,0.959
6531,950.5,380.5,0.988
6532,980.5,400.5,0.986
6533,1012.5,420.5,0.996
6534,1044.5,444.5,0.967
6535,1046.5,438.5,0.971
6536,996.5,388.5,0.959
6537,938.5,330.5,0.995
6538,890.5,290.5,0.978
6539,850.5,258.5,0.997
6540,806.5,226.5,0.993
6541,772.5,202.5,0.987
6542,736.5,180.5,0.992
6543,704.5,164.5,0.992
6544,678.5,154.5,0.991
6545,644.5,144.5,0.984
6546,624.5,140.5,0.967
6547,598.5,136.5,0.971
6548,578.5,134.5,0.988
6549,558.5,136.5,0.992
6550,540.5,142.5,0.992
6551,522.5,146.5,0.996
6552,508.5,156.5,0.988
6553,494.5,164.5,0.997
6554,484.5,176.5,0.992
6555,470.5,188.5,0.997
6556,462.5,200.5,0.996
6557,454.5,212.5,0.996
6558,272.5,184.5,0.614
6564,194.5,356.5,0.54
6565,196.5,356.5,0.556
6584,260.5,294.5,0.773
6598,334.5,242.5,0.727
6599,336.5,244.5,0.903
6614,358.5,244.5,0.73
6615,1196.5,408.5,0.931
6616,358.5,236.5,0.886
6617,314.5,272.5,0.678
6618,1154.5,436.5,0.829
6623,320.5,270.5,0.53
6624,1146.5,464.5,0.577
6651,956.5,490.5,0.877
6655,982.5,536.5,0.947
6658,970.5,502.5,0.61
6662,1062.5,192.5,0.684
6678,1128.5,138.5,0.567
6679,1132.5,138.5,0.786
6680,1132.5,138.5,0.834
6681,1134.5,138.5,0.792
6687,1018.5,462.5,0.933
6690,1134.5,138.5,0.823
6692,1062.5,500.5,0.903
6693,392.5,220.5,0.735
6695,380.5,226.5,0.593
6697,1048.5,516.5,0.671
6698,360.5,230.5,0.953
6699,354.5,232.5,0.97
6700,348.5,232.5,0.986
6701,342.5,236.5,0.991
6702,342.5,234.5,0.975
6703,336.5,238.5,0.982
6704,330.5,240.5,0.986
6705,324.5,240.5,0.986
6706,318.5,242.5,0.996
6707,312.5,244.5,0.981
6708,308.5,246.5,0.992
6709,302.5,248.5,0.992
6710,296.5,248.5,0.981
6711,294.5,248.5,0.991
6712,290.5,250.5,0.988
6713,288.5,250.5,0.984
6714,284.5,252.5,0.948
6715,282.5,254.5,0.967
6716,282.5,258.5,0.962
6717,282.5,258.5,0.962
6718,280.5,260.5,0.971
6719,278.5,264.5,0.987
6720,280.5,266.5,0.973
6721,280.5,266.5,0.956
6722,280.5,270.5,0.984
6723,278.5,266.5,0.98
6724,276.5,260.5,0.984
6725,272.5,248.5,0.99
6726,266.5,236.5,0.956
6727,258.5,224.5,0.901
6728,262.5,210.5,0.983
6729,258.5,210.5,0.592
6730,256.5,198.5,0.991
6731,256.5,194.5,0.983
6732,254.5,196.5,0.985
6733,252.5,196.5,0.997
6734,252.5,204.5,0.99
6735,250.5,210.5,0.961
6736,254.5,220.5,0.969
6737,254.5,226.5,0.711
6738,282.5,244.5,0.66
6740,360.5,280.5,0.957
6741,390.5,272.5,0.972
6742,422.5,264.5,0.988
6743,454.5,262.5,0.996
6744,488.5,260.5,0.987
6745,522.5,266.5,0.991
6746,552.5,268.5,0.991
6747,600.5,280.5,0.973
6748,630.5,292.5,0.987
6749,666.5,308.5,0.933
6750,702.5,324.5,0.99
6751,738.5,344.5,0.974
6752,768.5,364.5,0.969
6753,806.5,384.5,0.989
6754,834.5,372.5,0.997
6755,870.5,364.5,0.991
6756,902.5,360.5,0.969
6757,936.5,360.5,0.985
6758,938.5,344.5,0.989
6759,896.5,314.5,0.985
6760,858.5,290.5,0.995
6761,820.5,268.5,0.997
6762,784.5,250.5,0.994
6763,756.5,240.5,0.989
6764,720.5,228.5,0.99
6765,688.5,220.5,0.985
6766,668.5,218.5,0.987
6767,632.5,214.5,0.967
6768,606.5,218.5,0.971
6769,578.5,222.5,0.965
6770,556.5,228.5,0.986
6771,534.5,234.5,0.974
6772,512.5,246.5,0.979
6773,488.5,258.5,0.996
6774,472.5,272.5,0.992
6775,456.5,282.5,0.995
6776,436.5,280.5,0.995
6777,424.5,264.5,0.992
6778,408.5,244.5,0.992
6779,392.5,228.5,0.998
6780,378.5,216.5,0.992
6781,366.5,206.5,0.94
6782,206.5,364.5,0.692
6783,208.5,364.5,0.638
6784,400.5,196.5,0.978
6785,440.5,198.5,0.987
6786,476.5,204.5,0.99
6787,510.5,210.5,0.993
6788,546.5,218.5,0.982
6789,584.5,230.5,0.99
6790,622.5,244.5,0.995
6791,654.5,258.5,0.987
6792,688.5,276.5,0.996
6793,724.5,298.5,0.921
6794,764.5,322.5,0.976
6795,790.5,346.5,0.987
6796,832.5,352.5,0.984
6797,862.5,342.5,0.994
6798,898.5,338.5,0.992
6799,934.5,332.5,0.988
6800,970.5,330.5,0.958
6801,1002.5,332.5,0.981
6802,1038.5,338.5,0.985
6803,1066.5,342.5,0.988
6804,1054.5,324.5,0.977
6805,1006.5,286.5,0.982
6806,956.5,254.5,0.987
6807,916.5,228.5,0.998
6808,878.5,210.5,0.999
6809,838.5,194.5,0.997
6810,794.5,178.5,0.996
6811,768.5,174.5,0.989
6812,734.5,168.5,0.991
6813,702.5,166.5,0.994
6814,682.5,168.5,0.97
6815,646.5,172.5,0.998
6816,630.5,178.5,0.98
6817,606.5,186.5,0.977
6818,588.5,194.5,0.954
6819,566.5,208.5,0.985
6820,550.5,220.5,0.975
6821,534.5,234.5,0.984
6822,516.5,238.5,0.947
6823,506.5,218.5,0.969
6824,494.5,202.5,0.973
6825,484.5,186.5,0.986
6826,472.5,172.5,0.994
6827,462.5,160.5,0.956
6828,452.5,150.5,0.996
6829,442.5,142.5,0.676
6830,432.5,144.5,0.957
6831,200.5,370.5,0.788
6832,514.5,164.5,0.994
6833,548.5,178.5,0.979
6834,590.5,196.5,0.973
6835,622.5,214.5,0.992
6836,670.5,244.5,0.988
6837,692.5,260.5,0.996
6838,726.5,288.5,0.972
6839,764.5,316.5,0.9
6840,804.5,362.5,0.992
6841,844.5,358.5,0.995
6842,880.5,356.5,0.984
6843,926.5,356.5,0.985
6844,972.5,360.5,0.97
6845,1014.5,372.5,0.989
6846,1054.5,382.5,0.968
6847,1096.5,394.5,0.985
6848,1060.5,356.5,0.995
6849,1008.5,312.5,0.98
6850,954.5,276.5,0.987
6851,906.5,244.5,0.993
6852,866.5,222.5,0.993
6853,828.5,202.5,0.98
6854,786.5,184.5,0.995
6855,750.5,174.5,0.981
6856,716.5,164.5,0.988
6857,682.5,158.5,0.994
6858,648.5,156.5,0.996
6859,626.5,158.5,0.994
6860,602.5,162.5,0.976
6861,576.5,166.5,0.984
6862,554.5,174.5,0.971
6863,534.5,184.5,0.994
6864,518.5,194.5,0.982
6865,502.5,206.5,0.994
6866,486.5,220.5,0.998
6867,470.5,236.5,0.989
6868,460.5,250.5,0.994
6869,452.5,260.5,0.996
6870,438.5,236.5,0.991
6871,424.5,214.5,0.995
6872,416.5,196.5,0.987
6873,404.5,180.5,0.997
6874,392.5,170.5,0.991
6875,382.5,156.5,0.987
6876,374.5,152.5,0.991
6877,364.5,144.5,0.912
6878,388.5,152.5,0.917
6879,446.5,178.5,0.941
6880,480.5,194.5,0.996
6881,518.5,212.5,0.99
6882,562.5,236.5,0.983
6883,592.5,258.5,0.969
6884,628.5,276.5,0.929
6885,676.5,316.5,0.972
6887,772.5,372.5,0.946
6888,818.5,374.5,0.983
6889,852.5,380.5,0.995
6890,902.5,390.5,0.986
6891,964.5,404.5,0.971
6892,1014.5,420.5,0.99
6893,1064.5,440.5,0.977
6894,1118.5,462.5,0.97
6895,1086.5,430.5,0.894
6896,1012.5,384.5,0.901
6897,950.5,346.5,0.906
6898,888.5,306.5,0.975
6899,832.5,276.5,0.975
6900,782.5,260.5,0.992
6901,742.5,244.5,0.995
6902,698.5,230.5,0.992
6903,672.5,226.5,0.994
6904,634.5,222.5,0.987
6905,602.5,222.5,0.981
6906,576.5,226.5,0.984
6907,554.5,230.5,0.984
6908,534.5,236.5,0.991
6909,512.5,248.5,0.99
6910,498.5,260.5,0.994
6911,486.5,270.5,0.977
6912,470.5,264.5,0.992
6913,458.5,244.5,0.99
6914,450.5,222.5,0.989
6915,438.5,202.5,0.999
6916,428.5,188.5,0.996
6917,418.5,176.5,0.994
6918,408.5,164.5,0.997
6919,402.5,158.5,0.978
6921,406.5,150.5,0.869
6922,422.5,146.5,0.942
6923,448.5,142.5,0.991
6924,474.5,142.5,0.99
6925,500.5,146.5,0.993
6926,524.5,150.5,0.993
6927,550.5,160.5,0.985
6928,576.5,168.5,0.991
6929,600.5,180.5,0.979
6930,634.5,200.5,0.988
6931,656.5,216.5,0.964
6932,690.5,244.5,0.999
6933,710.5,262.5,0.974
6934,738.5,290.5,0.964
6935,766.5,316.5,0.962
6936,792.5,356.5,0.972
6937,824.5,378.5,0.989
6938,848.5,360.5,0.996
6939,878.5,348.5,0.995
6940,906.5,342.5,0.994
6941,934.5,332.5,0.984
6942,962.5,326.5,0.98
6943,992.5,328.5,0.993
6944,1022.5,330.5,0.988
6945,1056.5,340.5,0.953
6946,1072.5,340.5,0.995
6947,1018.5,308.5,0.985
6948,954.5,278.5,0.959
6949,918.5,260.5,0.995
6950,870.5,244.5,0.994
6951,822.5,230.5,0.996
6952,776.5,222.5,0.976
6953,732.5,214.5,0.987
6954,688.5,214.5,0.991
6955,652.5,216.5,0.983
6956,618.5,222.5,0.974
6957,586.5,228.5,0.985
6958,554.5,240.5,0.981
6959,522.5,250.5,0.995
6960,498.5,266.5,0.992
6961,474.5,280.5,0.979
6962,354.5,346.5,0.847
6963,362.5,346.5,0.963
6964,410.5,328.5,0.92
6965,392.5,304.5,0.979
6966,376.5,282.5,0.991
6967,362.5,260.5,0.984
6968,344.5,240.5,0.984
6969,334.5,228.5,0.957
6970,316.5,210.5,0.936
6971,304.5,202.5,0.946
6972,292.5,196.5,0.989
6973,280.5,192.5,0.952
6974,270.5,192.5,0.989
6975,260.5,194.5,0.994
6976,250.5,202.5,0.732
6977,244.5,206.5,0.989
6978,266.5,202.5,0.978
6979,296.5,198.5,0.973
6980,334.5,192.5,0.961
6981,366.5,190.5,0.976
6982,402.5,196.5,0.958
6983,442.5,200.5,0.987
6984,476.5,208.5,0.998
6985,514.5,222.5,0.987
6986,560.5,244.5,0.992
6987,582.5,254.5,0.958
6988,628.5,276.5,0.558
6989,668.5,310.5,0.943
6990,696.5,330.5,0.977
6991,742.5,370.5,0.858
6992,766.5,400.5,0.954
6993,816.5,424.5,0.974
6994,850.5,406.5,0.981
6995,896.5,388.5,0.991
6996,934.5,380.5,0.925
6997,902.5,324.5,0.846
6998,860.5,288.5,0.822
6999,824.5,262.5,0.983
7000,786.5,230.5,0.991
7001,760.5,212.5,0.99
7002,732.5,194.5,0.984
7003,702.5,178.5,0.989
7004,676.5,166.5,0.997
7005,648.5,156.5,0.996
7006,632.5,156.5,0.997
7007,612.5,156.5,0.988
7008,596.5,158.5,0.987
7009,582.5,162.5,0.988
7010,568.5,168.5,0.987
7011,556.5,178.5,0.978
7012,544.5,188.5,0.977
7013,534.5,200.5,0.993
7014,526.5,212.5,0.989
7015,520.5,226.5,0.992
7016,512.5,234.5,0.961
7017,508.5,212.5,0.977
7018,504.5,190.5,0.977
7019,500.5,172.5,0.997
7020,496.5,156.5,0.993
7021,492.5,144.5,0.992
7022,488.5,134.5,0.997
7023,488.5,126.5,0.982
7024,486.5,120.5,0.995
7025,484.5,114.5,0.728
7027,498.5,120.5,0.944
7028,520.5,132.5,0.982
7029,546.5,144.5,0.983
7030,564.5,154.5,0.986
7031,592.5,172.5,0.982
7032,614.5,190.5,0.984
7033,640.5,212.5,0.998
7034,656.5,228.5,0.866
7035,686.5,262.5,0.992
7036,710.5,292.5,0.97
7037,726.5,322.5,0.853
7038,750.5,324.5,0.989
7039,780.5,314.5,0.995
7040,814.5,310.5,0.993
7041,836.5,310.5,0.993
7042,862.5,312.5,0.989
7043,892.5,320.5,0.989
7044,922.5,328.5,0.991
7045,958.5,344.5,0.964
7046,942.5,328.5,0.987
7047,896.5,300.5,0.975
7048,858.5,276.5,0.996
7049,816.5,258.5,0.996
7050,776.5,240.5,0.99
7051,738.5,226.5,0.983
7052,698.5,216.5,0.993
7053,674.5,212.5,0.996
7054,636.5,210.5,0.98
7055,604.5,212.5,0.977
7056,572.5,216.5,0.985
7057,548.5,222.5,0.966
7058,524.5,228.5,0.985
7059,494.5,244.5,0.978
7060,472.5,252.5,0.997
7061,454.5,266.5,0.998
7062,440.5,278.5,0.998
7063,416.5,294.5,0.979
7064,398.5,274.5,0.969
7065,382.5,256.5,0.988
7066,362.5,236.5,0.997
7067,344.5,220.5,0.991
7068,330.5,212.5,0.848
7069,312.5,202.5,0.961
7070,296.5,194.5,0.977
7071,284.5,192.5,0.837
7072,270.5,192.5,0.546
7073,258.5,192.5,0.975
7074,242.5,198.5,0.988
7075,272.5,208.5,0.886
7076,298.5,204.5,0.749
7077,324.5,182.5,0.968
7078,348.5,182.5,0.989
7079,374.5,180.5,0.746
7080,598.5,282.5,0.915
7081,546.5,298.5,0.816
7082,688.5,296.5,0.909
7083,718.5,312.5,0.885
7084,778.5,332.5,0.973
7085,818.5,340.5,0.988
7086,882.5,322.5,0.99
7087,922.5,324.5,0.996
7088,968.5,324.5,0.996
7089,1014.5,330.5,0.977
7090,1062.5,340.5,0.992
7091,1102.5,350.5,0.974
7092,1140.5,362.5,0.993
7093,1186.5,382.5,0.988
7094,1222.5,402.5,0.994
7095,1228.5,394.5,0.984
7096,1174.5,356.5,0.995
7097,1120.5,314.5,0.979
7098,1066.5,278.5,0.993
7099,1030.5,256.5,0.99
7100,966.5,222.5,0.994
7101,940.5,212.5,0.999
7102,902.5,196.5,0.993
7103,866.5,186.5,0.991
7104,838.5,180.5,0.999
7105,798.5,174.5,0.996
7106,774.5,172.5,0.989
7107,748.5,172.5,0.992
7108,724.5,176.5,0.95
7109,698.5,180.5,0.989
7110,678.5,184.5,0.991
7112,632.5,204.5,0.974
7113,616.5,212.5,0.981
7114,602.5,222.5,0.955
7115,584.5,234.5,0.957
7119,318.5,180.5,0.837
7120,322.5,176.5,0.827
7122,338.5,172.5,0.599
7123,362.5,168.5,0.885
7124,508.5,214.5,0.93
7128,390.5,140.5,0.843
7156,364.5,256.5,0.507
7188,1048.5,410.5,0.694
7193,566.5,206.5,0.507
7194,568.5,192.5,0.748
7195,570.5,174.5,0.927
7196,574.5,158.5,0.959
7197,576.5,146.5,0.858
7198,578.5,134.5,0.836
7199,584.5,112.5,0.852
7200,588.5,102.5,0.973
7201,592.5,92.5,0.986
7202,598.5,84.5,0.996
7203,600.5,78.5,0.981
7204,606.5,74.5,0.971
7205,610.5,72.5,0.969
7206,614.5,72.5,0.976
7207,620.5,76.5,0.985
7208,624.5,82.5,0.995
7209,630.5,90.5,0.992
7210,634.5,100.5,0.982
7211,640.5,114.5,0.997
7212,646.5,130.5,0.992
7213,650.5,150.5,0.964
7215,662.5,200.5,0.933
7216,668.5,228.5,0.809
7217,672.5,248.5,0.752
7218,680.5,294.5,0.962
7219,680.5,318.5,0.975
7220,686.5,344.5,0.998
7221,692.5,326.5,0.999
7222,696.5,308.5,0.998
7223,698.5,292.5,0.995
7224,704.5,278.5,0.995
7225,706.5,268.5,0.981
7226,710.5,260.5,0.983
7227,716.5,256.5,0.922
7228,720.5,256.5,0.942
7229,724.5,258.5,0.914
7230,728.5,266.5,0.987
7231,730.5,274.5,0.992
7232,734.5,282.5,0.956
7233,742.5,306.5,0.984
7234,744.5,322.5,0.987
7235,746.5,344.5,0.983
7236,748.5,368.5,0.981
7242,806.5,292.5,0.679
7243,1044.5,228.5,0.539
7259,1020.5,224.5,0.624
7277,432.5,214.5,0.644
7291,360.5,346.5,0.961
7292,352.5,348.5,0.829
7297,322.5,90.5,0.552
7300,302.5,332.5,0.881
7302,266.5,334.5,0.523
7303,254.5,338.5,0.913
7304,350.5,226.5,0.517
7305,342.5,224.5,0.906
7306,334.5,220.5,0.77
7307,326.5,216.5,0.924
7308,318.5,214.5,0.808
7310,1004.5,532.5,0.919
7311,1000.5,530.5,0.88
7312,994.5,530.5,0.559
7314,306.5,216.5,0.637
7315,968.5,512.5,0.72
7318,924.5,458.5,0.902
7319,922.5,436.5,0.913
7320,892.5,392.5,0.93
7321,898.5,368.5,0.892
7322,898.5,342.5,0.89
7325,918.5,288.5,0.741
7326,920.5,280.5,0.962
7327,926.5,270.5,0.935
7328,928.5,264.5,0.958
7329,930.5,262.5,0.959
7330,1104.5,170.5,0.773
7331,934.5,274.5,0.989
7332,934.5,286.5,0.989
7333,934.5,300.5,0.998
7334,932.5,316.5,0.995
7335,932.5,342.5,0.991
7336,930.5,360.5,0.98
7337,926.5,390.5,0.964
7338,926.5,412.5,0.945
7340,856.5,422.5,0.951
7341,790.5,420.5,0.984
7342,760.5,420.5,0.988
7343,998.5,360.5,0.945
7344,696.5,338.5,0.993
7345,670.5,312.5,0.967
7346,646.5,292.5,0.988
7347,624.5,274.5,0.993
7348,598.5,260.5,0.979
7349,578.5,252.5,0.983
7350,560.5,246.5,0.995
7351,542.5,244.5,0.968
7352,522.5,244.5,0.984
7353,506.5,248.5,0.998
7354,492.5,250.5,0.998
7355,476.5,258.5,0.995
7356,466.5,266.5,0.997
7357,454.5,248.5,0.998
7358,440.5,230.5,0.994
7359,432.5,218.5,0.995
7360,422.5,208.5,0.959
7361,414.5,198.5,0.905
7362,434.5,192.5,0.951
7363,464.5,188.5,0.988
7364,498.5,186.5,0.991
7365,530.5,184.5,0.977
7366,560.5,186.5,0.931
7367,596.5,192.5,0.961
7368,630.5,198.5,0.974
7369,670.5,210.5,0.99
7370,694.5,218.5,0.983
7371,724.5,230.5,0.983
7372,770.5,254.5,0.989
7373,802.5,274.5,0.996
7374,834.5,294.5,0.998
7375,866.5,318.5,0.998
7376,898.5,344.5,0.979
7377,940.5,360.5,0.965
7378,974.5,350.5,0.97
7379,1002.5,342.5,0.979
7380,1034.5,336.5,0.982
7381,1070.5,330.5,0.931
7382,1098.5,328.5,0.996
7383,1058.5,298.5,0.931
7384,1010.5,272.5,0.986
7385,954.5,246.5,0.994
7386,908.5,228.5,0.996
7387,862.5,214.5,0.994
7388,830.5,210.5,0.993
7389,784.5,200.5,0.979
7390,748.5,198.5,0.984
7391,716.5,200.5,0.982
7392,682.5,204.5,0.992
7393,650.5,212.5,0.992
7394,630.5,218.5,0.947
7395,602.5,230.5,0.987
7396,582.5,240.5,0.986
7397,564.5,252.5,0.972
7398,542.5,260.5,0.976
7399,518.5,236.5,0.979
7400,504.5,220.5,0.988
7401,490.5,206.5,0.99
7402,474.5,192.5,0.98
7403,460.5,182.5,0.974
7404,446.5,174.5,0.983
7405,432.5,168.5,0.94
7406,418.5,166.5,0.71
7407,438.5,172.5,0.96
7408,470.5,186.5,0.961
7409,500.5,202.5,0.992
7410,530.5,218.5,0.988
7411,564.5,242.5,0.994
7412,592.5,260.5,0.856
7413,618.5,282.5,0.982
7414,664.5,326.5,0.946
7415,684.5,346.5,0.569
7417,764.5,422.5,0.995
7418,798.5,424.5,0.995
7419,840.5,434.5,0.808
7420,884.5,446.5,0.987
7421,922.5,460.5,0.994
7422,964.5,482.5,0.809
7423,1006.5,506.5,0.784
7424,888.5,380.5,0.978
7425,834.5,330.5,0.982
7426,778.5,282.5,0.968
7427,738.5,252.5,0.993
7428,698.5,224.5,0.996
7429,666.5,202.5,0.974
7430,626.5,180.5,0.994
7431,592.5,166.5,0.993
7432,564.5,158.5,0.98
7433,538.5,152.5,0.981
7434,514.5,150.5,0.988
7435,494.5,152.5,0.99
7436,476.5,156.5,0.984
7437,458.5,164.5,0.997
7438,444.5,174.5,0.986
7439,430.5,184.5,0.997
7440,422.5,196.5,0.993
7441,410.5,212.5,0.995
7442,404.5,226.5,0.998
7443,396.5,242.5,0.994
7444,390.5,258.5,0.984
7445,378.5,236.5,0.989
7446,372.5,214.5,0.985
7447,360.5,192.5,0.962
7448,354.5,176.5,0.983
7449,348.5,160.5,0.986
7450,342.5,146.5,0.993
7451,336.5,136.5,0.971
7452,330.5,128.5,0.972
7453,326.5,122.5,0.615
7455,364.5,118.5,0.669
7456,390.5,118.5,0.979
7457,420.5,120.5,0.99
7458,448.5,124.5,0.995
7459,482.5,132.5,0.995
7460,512.5,140.5,0.996
7461,546.5,152.5,0.994
7462,578.5,166.5,0.976
7463,612.5,182.5,0.972
7464,642.5,198.5,0.99
7465,688.5,228.5,0.998
7466,724.5,256.5,0.993
7467,754.5,278.5,0.996
7468,790.5,312.5,0.985
7469,826.5,346.5,0.952
7470,856.5,370.5,0.993
7471,898.5,346.5,0.985
7472,934.5,332.5,0.998
7473,964.5,324.5,0.989
7474,1006.5,312.5,0.977
7475,1032.5,308.5,0.982
7476,1070.5,306.5,0.969
7477,1108.5,306.5,0.979
7478,1148.5,312.5,0.978
7479,1174.5,318.5,0.952
7480,1204.5,326.5,0.998
7482,1158.5,340.5,0.966
7483,1046.5,332.5,0.913
7484,1106.5,174.5,0.945
7485,914.5,334.5,0.953
7487,744.5,342.5,0.958
7488,672.5,306.5,0.903
7489,622.5,278.5,0.985
7490,588.5,264.5,0.958
7491,536.5,244.5,0.967
7492,498.5,230.5,0.99
7493,466.5,224.5,0.995
7494,434.5,216.5,0.997
7495,398.5,214.5,0.999
7496,368.5,214.5,0.996
7497,342.5,218.5,0.979
7498,318.5,222.5,0.986
7499,298.5,228.5,0.987
7500,172.5,354.5,0.893
7501,254.5,250.5,0.927
7502,244.5,260.5,0.99
7503,232.5,260.5,0.968
7504,174.5,354.5,0.667
7505,222.5,252.5,0.951
7506,212.5,248.5,0.976
7507,198.5,244.5,0.988
7508,184.5,244.5,0.984
7509,174.5,244.5,0.965
7510,174.5,354.5,0.711
7511,174.5,354.5,0.825
7512,174.5,354.5,0.748
7513,138.5,260.5,0.987
7514,130.5,268.5,0.989
7515,122.5,276.5,0.984
7516,120.5,292.5,0.952
7517,112.5,300.5,0.959
7518,174.5,354.5,0.633
7519,102.5,330.5,0.762
7520,98.5,346.5,0.927
7521,94.5,364.5,0.95
7522,90.5,382.5,0.963
7523,82.5,378.5,0.98
7524,74.5,374.5,0.977
7525,68.5,368.5,0.979
7526,60.5,368.5,0.981
7527,54.5,368.5,0.976
7528,48.5,372.5,0.99
7529,44.5,376.5,0.994
7530,38.5,382.5,0.988
7531,36.5,390.5,0.996
7532,204.5,352.5,0.862
7533,218.5,352.5,0.753
7534,192.5,250.5,0.549
7535,302.5,186.5,0.501
7536,308.5,184.5,0.552
7537,272.5,356.5,0.517
7542,1046.5,234.5,0.682
7555,308.5,328.5,0.856
7559,372.5,212.5,0.987
7563,364.5,188.5,0.849
7570,358.5,216.5,0.75
7574,424.5,216.5,0.533
7576,354.5,348.5,0.911
7577,350.5,346.5,0.898
7580,348.5,340.5,0.783
7589,282.5,276.5,0.564
7598,492.5,374.5,0.818
7607,554.5,650.5,0.565
7612,382.5,440.5,0.63
7621,416.5,626.5,0.628
7622,416.5,626.5,0.844
7623,416.5,626.5,0.846
7624,416.5,624.5,0.872
7625,416.5,624.5,0.903
7626,416.5,624.5,0.819
7627,416.5,624.5,0.859
7628,416.5,624.5,0.856
7629,416.5,624.5,0.883
7630,416.5,624.5,0.859
7631,416.5,624.5,0.873
7632,416.5,626.5,0.851
7633,416.5,624.5,0.851
7634,416.5,624.5,0.85
7635,416.5,624.5,0.844
7636,416.5,624.5,0.85
7637,416.5,624.5,0.837
7638,416.5,624.5,0.861
7639,416.5,624.5,0.871
7640,416.5,624.5,0.913
7641,416.5,626.5,0.809
7642,416.5,626.5,0.941
7645,218.5,170.5,0.919
7648,416.5,626.5,0.783
7649,310.5,438.5,0.88
7650,328.5,450.5,0.942
7651,338.5,452.5,0.927
7653,166.5,184.5,0.608
7654,160.5,184.5,0.852
7655,154.5,184.5,0.727
7656,146.5,186.5,0.703
7663,194.5,372.5,0.883
7665,162.5,380.5,0.916
7666,144.5,380.5,0.567
7667,80.5,198.5,0.616
7668,266.5,472.5,0.927
7669,236.5,468.5,0.931
7670,198.5,460.5,0.817
7671,156.5,438.5,0.914
7672,120.5,406.5,0.928
7673,90.5,364.5,0.744
7675,72.5,308.5,0.904
7677,200.5,394.5,0.758
7678,196.5,392.5,0.765
7680,180.5,392.5,0.865
7681,170.5,394.5,0.746
7682,158.5,396.5,0.927
7683,88.5,290.5,0.6
7684,88.5,306.5,0.714
7685,88.5,320.5,0.577
