track,frame,t_s,x_px,y_px
0,14,0.467,832.5,436.5
0,15,0.5,824.5,438.5
0,16,0.533,816.5,442.5
0,17,0.567,804.5,442.5
0,20,0.667,786.5,454.5
0,21,0.7,772.5,452.5
1,44,1.467,648.5,456.5
1,46,1.533,628.5,464.5
1,47,1.567,622.5,470.5
1,48,1.6,614.5,480.5
1,49,1.633,608.5,490.5
1,50,1.667,602.5,502.5
2,80,2.667,614.5,330.5
2,81,2.7,624.5,330.5
2,84,2.8,744.5,312.5
2,85,2.833,754.5,312.5
2,86,2.867,762.5,312.5
2,87,2.9,772.5,314.5
2,88,2.933,782.5,316.5
2,90,3.0,806.5,322.5
2,91,3.033,820.5,324.5
2,92,3.067,838.5,328.5
3,135,4.5,1054.5,236.5
3,137,4.567,1124.5,344.5
3,138,4.6,1112.5,432.5
3,141,4.7,1018.5,228.5
3,142,4.733,1022.5,226.5
3,145,4.833,1166.5,404.5
3,146,4.867,1158.5,380.5
3,147,4.9,1170.5,384.5
3,148,4.933,1170.5,368.5
3,149,4.967,1174.5,360.5
4,179,5.967,898.5,348.5
4,180,6.0,892.5,342.5
4,182,6.067,886.5,330.5
4,183,6.1,886.5,320.5
4,184,6.133,880.5,312.5
4,185,6.167,880.5,374.5
4,187,6.233,866.5,366.5
4,189,6.3,914.5,194.5
4,190,6.333,920.5,180.5
4,191,6.367,918.5,184.5
4,192,6.4,926.5,168.5
4,193,6.433,930.5,160.5
4,194,6.467,934.5,154.5
4,195,6.5,940.5,154.5
4,196,6.533,944.5,158.5
4,197,6.567,946.5,162.5
4,198,6.6,948.5,172.5
4,199,6.633,952.5,186.5
4,200,6.667,952.5,196.5
4,201,6.7,954.5,212.5
4,202,6.733,954.5,234.5
4,203,6.767,952.5,252.5
4,204,6.8,936.5,290.5
5,210,7.0,1028.5,194.5
5,211,7.033,1028.5,198.5
5,212,7.067,1030.5,200.5
5,213,7.1,1028.5,202.5
5,215,7.167,1028.5,210.5
6,236,7.867,912.5,342.5
6,237,7.9,894.5,338.5
6,238,7.933,920.5,340.5
6,239,7.967,900.5,308.5
6,240,8.0,900.5,254.5
6,242,8.067,912.5,220.5
6,243,8.1,916.5,208.5
6,244,8.133,918.5,192.5
6,245,8.167,920.5,180.5
6,246,8.2,922.5,172.5
6,247,8.233,922.5,164.5
6,248,8.267,924.5,160.5
6,249,8.3,922.5,162.5
6,250,8.333,922.5,168.5
6,251,8.367,922.5,174.5
6,252,8.4,920.5,186.5
6,253,8.433,920.5,198.5
6,254,8.467,918.5,214.5
6,255,8.5,916.5,232.5
6,256,8.533,912.5,254.5
6,257,8.567,910.5,276.5
6,258,8.6,906.5,302.5
6,259,8.633,902.5,322.5
6,260,8.667,898.5,360.5
6,261,8.7,894.5,378.5
6,262,8.733,898.5,358.5
6,263,8.767,904.5,336.5
6,264,8.8,910.5,318.5
6,265,8.833,914.5,300.5
6,266,8.867,918.5,284.5
6,267,8.9,922.5,272.5
6,268,8.933,928.5,264.5
6,269,8.967,930.5,256.5
6,270,9.0,934.5,256.5
6,271,9.033,936.5,256.5
6,272,9.067,938.5,264.5
6,273,9.1,940.5,272.5
6,274,9.133,940.5,284.5
6,275,9.167,940.5,298.5
6,276,9.2,940.5,316.5
6,277,9.233,938.5,334.5
6,278,9.267,936.5,354.5
6,279,9.3,938.5,360.5
6,280,9.333,936.5,364.5
6,281,9.367,934.5,370.5
6,282,9.4,934.5,374.5
6,283,9.433,934.5,378.5
6,284,9.467,932.5,380.5
6,288,9.6,998.5,264.5
7,300,10.0,860.5,378.5
7,301,10.033,934.5,362.5
7,302,10.067,910.5,326.5
7,303,10.1,918.5,338.5
7,304,10.133,896.5,314.5
7,305,10.167,910.5,266.5
7,306,10.2,924.5,228.5
7,307,10.233,952.5,200.5
7,309,10.3,900.5,258.5
7,310,10.333,898.5,258.5
7,311,10.367,898.5,264.5
7,312,10.4,896.5,270.5
7,313,10.433,894.5,278.5
7,314,10.467,892.5,288.5
7,317,10.567,880.5,338.5
7,318,10.6,874.5,360.5
7,319,10.633,880.5,346.5
7,320,10.667,882.5,332.5
7,321,10.7,888.5,320.5
7,322,10.733,890.5,312.5
7,323,10.767,894.5,304.5
7,324,10.8,896.5,298.5
7,325,10.833,898.5,298.5
7,326,10.867,898.5,300.5
7,327,10.9,902.5,306.5
7,328,10.933,900.5,314.5
7,329,10.967,900.5,322.5
7,330,11.0,898.5,334.5
7,331,11.033,964.5,352.5
7,332,11.067,966.5,360.5
7,335,11.167,890.5,340.5
7,337,11.233,964.5,370.5
7,339,11.3,964.5,372.5
7,341,11.367,958.5,376.5
7,345,11.5,896.5,282.5
7,348,11.6,922.5,336.5
7,349,11.633,898.5,310.5
7,350,11.667,904.5,264.5
7,352,11.733,898.5,234.5
7,353,11.767,896.5,218.5
7,354,11.8,894.5,204.5
7,355,11.833,892.5,192.5
7,356,11.867,890.5,186.5
7,357,11.9,886.5,180.5
7,358,11.933,880.5,180.5
7,359,11.967,878.5,182.5
7,360,12.0,872.5,188.5
7,361,12.033,868.5,196.5
7,362,12.067,864.5,208.5
7,363,12.1,860.5,222.5
7,364,12.133,854.5,238.5
7,365,12.167,848.5,254.5
7,366,12.2,840.5,276.5
7,367,12.233,836.5,300.5
7,368,12.267,828.5,324.5
7,369,12.3,820.5,344.5
7,370,12.333,818.5,360.5
7,371,12.367,820.5,336.5
7,372,12.4,826.5,318.5
7,373,12.433,828.5,304.5
7,374,12.467,830.5,288.5
7,375,12.5,830.5,276.5
7,376,12.533,832.5,268.5
7,377,12.567,834.5,262.5
7,378,12.6,836.5,260.5
7,379,12.633,836.5,262.5
7,380,12.667,838.5,268.5
7,381,12.7,838.5,274.5
7,383,12.767,838.5,292.5
7,385,12.833,848.5,300.5
7,389,12.967,840.5,462.5
8,394,13.133,902.5,376.5
8,396,13.2,912.5,370.5
8,397,13.233,910.5,360.5
8,399,13.3,890.5,336.5
8,400,13.333,882.5,334.5
9,411,13.7,930.5,248.5
9,412,13.733,932.5,242.5
9,413,13.767,934.5,238.5
9,414,13.8,936.5,238.5
9,415,13.833,936.5,242.5
9,416,13.867,938.5,248.5
9,417,13.9,938.5,256.5
9,418,13.933,938.5,268.5
9,419,13.967,936.5,280.5
9,420,14.0,936.5,296.5
9,421,14.033,934.5,314.5
9,422,14.067,934.5,332.5
9,424,14.133,926.5,374.5
9,425,14.167,934.5,354.5
9,426,14.2,942.5,334.5
9,427,14.233,946.5,322.5
9,428,14.267,952.5,310.5
9,429,14.3,958.5,302.5
9,430,14.333,962.5,296.5
9,431,14.367,966.5,292.5
9,432,14.4,970.5,294.5
9,433,14.433,974.5,300.5
9,434,14.467,976.5,306.5
9,435,14.5,978.5,318.5
9,436,14.533,980.5,330.5
9,437,14.567,980.5,342.5
10,458,15.267,1032.5,194.5
10,460,15.333,1030.5,192.5
10,463,15.433,1030.5,188.5
10,464,15.467,1104.5,180.5
10,465,15.5,1030.5,184.5
10,466,15.533,1032.5,180.5
11,475,15.833,950.5,274.5
11,476,15.867,948.5,278.5
11,477,15.9,944.5,276.5
11,479,15.967,936.5,290.5
11,480,16.0,934.5,296.5
11,481,16.033,934.5,296.5
11,483,16.1,886.5,382.5
11,485,16.167,938.5,328.5
11,486,16.2,910.5,324.5
11,487,16.233,890.5,308.5
11,488,16.267,870.5,292.5
11,489,16.3,850.5,276.5
11,490,16.333,830.5,264.5
11,491,16.367,808.5,256.5
11,492,16.4,788.5,248.5
11,493,16.433,770.5,246.5
11,494,16.467,752.5,246.5
11,495,16.5,734.5,248.5
11,496,16.533,716.5,252.5
11,497,16.567,700.5,258.5
11,500,16.667,658.5,276.5
11,501,16.7,650.5,260.5
11,502,16.733,652.5,252.5
11,503,16.767,654.5,246.5
11,504,16.8,658.5,244.5
11,505,16.833,660.5,242.5
11,506,16.867,662.5,244.5
11,507,16.9,666.5,250.5
11,508,16.933,670.5,256.5
11,509,16.967,672.5,266.5
11,510,17.0,674.5,276.5
11,511,17.033,676.5,290.5
11,512,17.067,676.5,298.5
11,513,17.1,678.5,284.5
11,514,17.133,676.5,278.5
11,515,17.167,676.5,272.5
11,516,17.2,676.5,268.5
11,517,17.233,676.5,266.5
11,518,17.267,676.5,268.5
11,519,17.3,676.5,274.5
11,520,17.333,676.5,280.5
11,521,17.367,678.5,286.5
11,522,17.4,676.5,296.5
11,523,17.433,672.5,308.5
11,524,17.467,670.5,296.5
11,525,17.5,670.5,292.5
11,526,17.533,670.5,282.5
11,527,17.567,668.5,280.5
11,528,17.6,668.5,278.5
11,529,17.633,662.5,282.5
11,530,17.667,660.5,284.5
11,531,17.7,660.5,290.5
11,532,17.733,658.5,298.5
11,533,17.767,660.5,312.5
11,534,17.8,656.5,300.5
11,535,17.833,656.5,292.5
11,536,17.867,656.5,290.5
11,537,17.9,652.5,284.5
11,538,17.933,652.5,286.5
11,539,17.967,650.5,290.5
11,540,18.0,648.5,296.5
11,541,18.033,646.5,302.5
11,542,18.067,646.5,312.5
11,543,18.1,644.5,304.5
11,544,18.133,644.5,296.5
11,545,18.167,644.5,292.5
11,546,18.2,644.5,292.5
11,547,18.233,640.5,294.5
11,548,18.267,640.5,298.5
11,549,18.3,636.5,302.5
11,550,18.333,638.5,314.5
11,551,18.367,636.5,312.5
11,552,18.4,636.5,302.5
11,553,18.433,634.5,298.5
11,554,18.467,634.5,298.5
11,555,18.5,632.5,298.5
11,556,18.533,630.5,300.5
11,557,18.567,630.5,308.5
11,558,18.6,630.5,316.5
11,559,18.633,630.5,310.5
11,560,18.667,628.5,302.5
11,561,18.7,628.5,298.5
11,562,18.733,628.5,302.5
11,563,18.767,626.5,304.5
11,564,18.8,626.5,310.5
11,565,18.833,626.5,316.5
11,566,18.867,626.5,310.5
11,567,18.9,624.5,306.5
11,568,18.933,626.5,304.5
11,569,18.967,620.5,306.5
11,570,19.0,620.5,310.5
11,571,19.033,618.5,312.5
11,572,19.067,620.5,316.5
11,573,19.1,616.5,320.5
11,574,19.133,612.5,320.5
11,575,19.167,616.5,324.5
12,581,19.367,626.5,328.5
12,583,19.433,610.5,310.5
12,584,19.467,636.5,326.5
12,585,19.5,640.5,328.5
12,586,19.533,646.5,330.5
12,587,19.567,652.5,334.5
12,588,19.6,656.5,336.5
12,589,19.633,664.5,338.5
12,590,19.667,668.5,340.5
12,591,19.7,674.5,344.5
12,592,19.733,678.5,344.5
12,593,19.767,686.5,346.5
12,594,19.8,690.5,350.5
12,595,19.833,696.5,352.5
12,596,19.867,702.5,354.5
12,597,19.9,708.5,358.5
12,598,19.933,714.5,360.5
12,599,19.967,720.5,362.5
12,600,20.0,724.5,366.5
12,601,20.033,732.5,368.5
12,602,20.067,736.5,370.5
12,603,20.1,742.5,372.5
12,604,20.133,748.5,376.5
12,605,20.167,754.5,378.5
12,606,20.2,758.5,380.5
12,608,20.267,768.5,384.5
13,613,20.433,308.5,210.5
13,614,20.467,390.5,216.5
13,615,20.5,384.5,218.5
13,616,20.533,374.5,220.5
13,617,20.567,368.5,224.5
13,620,20.667,338.5,230.5
14,657,21.9,748.5,278.5
14,658,21.933,704.5,260.5
14,659,21.967,678.5,252.5
14,660,22.0,638.5,242.5
14,661,22.033,604.5,236.5
14,662,22.067,574.5,234.5
14,663,22.1,542.5,234.5
14,664,22.133,524.5,238.5
14,665,22.167,494.5,244.5
14,666,22.2,472.5,248.5
14,667,22.233,452.5,252.5
14,668,22.267,434.5,236.5
14,669,22.3,418.5,226.5
14,670,22.333,400.5,214.5
14,671,22.367,382.5,204.5
14,672,22.4,392.5,196.5
14,673,22.433,406.5,192.5
14,674,22.467,438.5,186.5
14,675,22.5,464.5,184.5
14,676,22.533,494.5,182.5
14,677,22.567,524.5,186.5
14,678,22.6,548.5,190.5
14,679,22.633,578.5,196.5
14,680,22.667,614.5,212.5
14,681,22.7,642.5,224.5
14,682,22.733,680.5,244.5
14,683,22.767,706.5,262.5
14,684,22.8,740.5,286.5
14,685,22.833,772.5,312.5
14,686,22.867,800.5,340.5
14,687,22.9,832.5,372.5
14,688,22.933,862.5,392.5
14,689,22.967,892.5,378.5
14,690,23.0,928.5,368.5
14,691,23.033,962.5,362.5
14,692,23.067,978.5,354.5
14,693,23.1,930.5,314.5
14,694,23.133,886.5,284.5
14,695,23.167,844.5,260.5
14,696,23.2,810.5,244.5
14,697,23.233,776.5,230.5
14,698,23.267,734.5,214.5
14,699,23.3,706.5,210.5
14,700,23.333,678.5,204.5
14,701,23.367,642.5,202.5
14,702,23.4,618.5,204.5
14,703,23.433,590.5,208.5
14,704,23.467,568.5,212.5
14,705,23.5,544.5,222.5
14,706,23.533,524.5,230.5
14,707,23.567,502.5,244.5
14,708,23.6,488.5,252.5
14,709,23.633,472.5,266.5
14,710,23.667,454.5,266.5
14,711,23.7,442.5,250.5
14,712,23.733,426.5,230.5
14,713,23.767,414.5,212.5
14,714,23.8,402.5,200.5
14,715,23.833,388.5,188.5
14,716,23.867,376.5,178.5
14,717,23.9,366.5,174.5
14,718,23.933,356.5,172.5
14,719,23.967,346.5,170.5
14,720,24.0,370.5,170.5
14,721,24.033,406.5,174.5
14,722,24.067,444.5,178.5
14,723,24.1,476.5,182.5
14,724,24.133,514.5,194.5
14,725,24.167,550.5,204.5
14,726,24.2,592.5,220.5
14,727,24.233,628.5,236.5
14,728,24.267,654.5,250.5
14,729,24.3,698.5,276.5
14,730,24.333,742.5,308.5
14,731,24.367,776.5,338.5
14,732,24.4,812.5,328.5
14,733,24.433,852.5,314.5
14,734,24.467,878.5,310.5
14,735,24.5,918.5,306.5
14,736,24.533,950.5,302.5
14,737,24.567,998.5,304.5
14,738,24.6,1024.5,308.5
14,739,24.633,1062.5,316.5
14,740,24.667,1098.5,326.5
14,741,24.7,1138.5,342.5
14,742,24.733,1162.5,354.5
14,743,24.767,1110.5,316.5
14,744,24.8,1060.5,288.5
14,745,24.833,1000.5,254.5
14,746,24.867,950.5,232.5
14,747,24.9,900.5,214.5
14,748,24.933,854.5,200.5
14,749,24.967,808.5,192.5
14,750,25.0,766.5,184.5
14,751,25.033,730.5,182.5
14,752,25.067,694.5,182.5
14,753,25.1,668.5,186.5
14,754,25.133,626.5,194.5
14,755,25.167,596.5,200.5
14,756,25.2,568.5,212.5
14,757,25.233,540.5,224.5
14,758,25.267,522.5,234.5
14,759,25.3,492.5,252.5
14,760,25.333,472.5,264.5
14,761,25.367,454.5,248.5
14,762,25.4,438.5,226.5
14,763,25.433,422.5,210.5
14,764,25.467,408.5,196.5
14,765,25.5,390.5,182.5
14,766,25.533,376.5,172.5
14,767,25.567,360.5,166.5
14,768,25.6,352.5,162.5
14,769,25.633,378.5,166.5
14,770,25.667,414.5,174.5
14,771,25.7,452.5,182.5
14,772,25.733,490.5,196.5
14,773,25.767,530.5,212.5
14,774,25.8,566.5,228.5
14,775,25.833,598.5,244.5
14,776,25.867,636.5,268.5
14,777,25.9,678.5,296.5
14,778,25.933,706.5,324.5
14,779,25.967,750.5,348.5
14,780,26.0,782.5,342.5
14,781,26.033,818.5,330.5
14,782,26.067,854.5,330.5
14,783,26.1,892.5,332.5
14,784,26.133,930.5,332.5
14,785,26.167,970.5,340.5
14,786,26.2,1010.5,354.5
14,787,26.233,1034.5,360.5
14,788,26.267,1014.5,332.5
14,789,26.3,966.5,284.5
14,790,26.333,940.5,260.5
14,791,26.367,908.5,232.5
14,792,26.4,880.5,212.5
14,793,26.433,852.5,196.5
14,794,26.467,826.5,180.5
14,795,26.5,794.5,168.5
14,796,26.533,772.5,164.5
14,797,26.567,750.5,162.5
14,798,26.6,730.5,162.5
14,799,26.633,706.5,162.5
14,800,26.667,688.5,170.5
14,801,26.7,672.5,176.5
14,802,26.733,654.5,186.5
14,803,26.767,640.5,196.5
14,804,26.8,626.5,210.5
14,805,26.833,614.5,224.5
14,806,26.867,602.5,240.5
14,807,26.9,594.5,252.5
14,808,26.933,582.5,264.5
14,809,26.967,576.5,240.5
14,810,27.0,566.5,218.5
14,811,27.033,560.5,202.5
14,812,27.067,552.5,186.5
14,813,27.1,544.5,174.5
14,814,27.133,538.5,162.5
14,815,27.167,532.5,156.5
14,816,27.2,526.5,152.5
14,817,27.233,518.5,148.5
14,818,27.267,512.5,148.5
14,819,27.3,506.5,152.5
14,820,27.333,502.5,156.5
14,821,27.367,498.5,162.5
14,822,27.4,506.5,156.5
14,823,27.433,512.5,154.5
14,824,27.467,520.5,152.5
14,825,27.5,528.5,152.5
14,826,27.533,538.5,156.5
14,827,27.567,548.5,162.5
14,828,27.6,558.5,170.5
14,829,27.633,568.5,182.5
14,830,27.667,578.5,196.5
14,832,27.733,598.5,232.5
14,833,27.767,608.5,252.5
14,834,27.8,620.5,280.5
14,835,27.833,632.5,312.5
14,836,27.867,644.5,340.5
14,837,27.9,650.5,376.5
14,838,27.933,662.5,374.5
14,839,27.967,670.5,358.5
14,840,28.0,680.5,348.5
14,841,28.033,694.5,336.5
14,842,28.067,704.5,330.5
14,843,28.1,716.5,328.5
14,844,28.133,728.5,330.5
14,845,28.167,738.5,336.5
14,846,28.2,750.5,344.5
14,847,28.233,762.5,356.5
14,848,28.267,774.5,372.5
14,849,28.3,784.5,392.5
14,850,28.333,794.5,416.5
14,851,28.367,806.5,442.5
14,853,28.433,744.5,362.5
14,854,28.467,716.5,334.5
14,855,28.5,682.5,302.5
14,856,28.533,650.5,282.5
14,857,28.567,622.5,264.5
14,858,28.6,594.5,246.5
14,859,28.633,574.5,238.5
14,860,28.667,550.5,230.5
14,861,28.7,530.5,226.5
14,862,28.733,512.5,226.5
14,863,28.767,496.5,228.5
14,864,28.8,480.5,234.5
14,865,28.833,466.5,240.5
14,866,28.867,452.5,248.5
14,867,28.9,440.5,258.5
14,868,28.933,430.5,272.5
14,869,28.967,420.5,284.5
14,870,29.0,408.5,284.5
14,871,29.033,398.5,264.5
14,872,29.067,390.5,244.5
14,873,29.1,380.5,226.5
14,874,29.133,370.5,210.5
14,875,29.167,362.5,198.5
14,876,29.2,354.5,190.5
14,877,29.233,346.5,182.5
14,878,29.267,340.5,178.5
14,879,29.3,328.5,182.5
14,880,29.333,344.5,182.5
14,881,29.367,360.5,172.5
14,882,29.4,438.5,204.5
14,883,29.433,480.5,214.5
14,884,29.467,530.5,236.5
14,885,29.5,562.5,252.5
14,887,29.567,622.5,280.5
14,888,29.6,612.5,282.5
14,890,29.667,600.5,278.5
14,891,29.7,596.5,266.5
14,892,29.733,592.5,262.5
14,893,29.767,588.5,260.5
14,894,29.8,582.5,258.5
14,895,29.833,580.5,260.5
14,896,29.867,574.5,264.5
14,897,29.9,574.5,256.5
14,899,29.967,564.5,242.5
14,901,30.033,560.5,242.5
14,902,30.067,558.5,248.5
14,903,30.1,556.5,240.5
14,904,30.133,556.5,234.5
14,905,30.167,504.5,216.5
14,907,30.233,368.5,194.5
14,908,30.267,374.5,200.5
14,910,30.333,384.5,202.5
14,911,30.367,390.5,204.5
14,915,30.5,406.5,208.5
14,917,30.567,416.5,210.5
15,1022,34.067,960.5,518.5
15,1023,34.1,966.5,516.5
15,1024,34.133,972.5,508.5
15,1025,34.167,976.5,504.5
15,1026,34.2,980.5,496.5
15,1027,34.233,982.5,490.5
15,1028,34.267,986.5,480.5
15,1030,34.333,1044.5,408.5
15,1032,34.4,1028.5,424.5
15,1035,34.5,902.5,244.5
16,1040,34.667,346.5,130.5
16,1041,34.7,344.5,116.5
16,1042,34.733,342.5,102.5
16,1043,34.767,340.5,90.5
16,1044,34.8,338.5,80.5
16,1045,34.833,338.5,74.5
16,1046,34.867,336.5,72.5
16,1047,34.9,334.5,68.5
16,1048,34.933,334.5,72.5
16,1049,34.967,332.5,74.5
16,1051,35.033,332.5,88.5
16,1052,35.067,332.5,94.5
17,1060,35.333,330.5,152.5
17,1062,35.4,328.5,158.5
17,1063,35.433,328.5,168.5
17,1064,35.467,328.5,176.5
17,1065,35.5,332.5,186.5
17,1069,35.633,324.5,218.5
17,1070,35.667,320.5,226.5
17,1071,35.7,318.5,232.5
17,1072,35.733,312.5,236.5
17,1073,35.767,306.5,240.5
17,1074,35.8,302.5,246.5
17,1075,35.833,296.5,250.5
17,1076,35.867,292.5,254.5
17,1077,35.9,292.5,252.5
17,1078,35.933,280.5,258.5
17,1079,35.967,280.5,258.5
17,1080,36.0,276.5,260.5
17,1081,36.033,274.5,262.5
17,1082,36.067,270.5,264.5
17,1083,36.1,270.5,266.5
17,1084,36.133,270.5,268.5
17,1085,36.167,270.5,270.5
17,1086,36.2,270.5,272.5
17,1087,36.233,270.5,274.5
17,1088,36.267,268.5,274.5
17,1089,36.3,266.5,272.5
17,1090,36.333,264.5,262.5
17,1091,36.367,258.5,250.5
17,1092,36.4,256.5,236.5
17,1093,36.433,252.5,216.5
17,1095,36.5,248.5,198.5
17,1096,36.533,246.5,192.5
17,1097,36.567,244.5,186.5
17,1098,36.6,244.5,186.5
17,1099,36.633,244.5,186.5
17,1100,36.667,242.5,190.5
17,1101,36.7,244.5,196.5
17,1102,36.733,246.5,204.5
17,1103,36.767,246.5,220.5
17,1105,36.833,258.5,244.5
17,1106,36.867,282.5,252.5
17,1107,36.9,346.5,276.5
17,1108,36.933,382.5,260.5
17,1109,36.967,414.5,252.5
17,1110,37.0,442.5,248.5
17,1111,37.033,482.5,244.5
17,1112,37.067,524.5,244.5
17,1113,37.1,558.5,244.5
17,1114,37.133,594.5,250.5
17,1115,37.167,636.5,260.5
17,1116,37.2,674.5,274.5
17,1117,37.233,694.5,280.5
17,1118,37.267,726.5,292.5
17,1119,37.3,768.5,322.5
17,1120,37.333,792.5,326.5
17,1121,37.367,828.5,306.5
17,1122,37.4,852.5,300.5
17,1123,37.433,886.5,292.5
17,1124,37.467,916.5,290.5
17,1125,37.5,946.5,290.5
17,1126,37.533,944.5,290.5
17,1127,37.567,1024.5,306.5
17,1128,37.6,1022.5,306.5
17,1129,37.633,1054.5,320.5
17,1130,37.667,1074.5,332.5
17,1131,37.7,1046.5,316.5
17,1132,37.733,1006.5,294.5
17,1133,37.767,950.5,270.5
17,1134,37.8,910.5,254.5
17,1135,37.833,872.5,242.5
17,1136,37.867,826.5,228.5
17,1137,37.9,786.5,222.5
17,1138,37.933,748.5,218.5
17,1139,37.967,716.5,216.5
17,1140,38.0,684.5,218.5
17,1141,38.033,642.5,220.5
17,1142,38.067,620.5,226.5
17,1143,38.1,588.5,234.5
17,1144,38.133,562.5,244.5
17,1145,38.167,532.5,254.5
17,1146,38.2,506.5,266.5
17,1147,38.233,486.5,250.5
17,1148,38.267,468.5,236.5
17,1149,38.3,450.5,222.5
17,1150,38.333,430.5,210.5
17,1151,38.367,414.5,202.5
17,1152,38.4,338.5,202.5
17,1153,38.433,360.5,202.5
17,1154,38.467,430.5,198.5
17,1155,38.5,462.5,204.5
17,1156,38.533,496.5,214.5
17,1157,38.567,530.5,226.5
17,1158,38.6,566.5,244.5
17,1159,38.633,596.5,258.5
17,1160,38.667,630.5,276.5
17,1161,38.7,668.5,304.5
17,1162,38.733,698.5,328.5
17,1163,38.767,734.5,356.5
17,1164,38.8,764.5,358.5
17,1165,38.833,794.5,354.5
17,1166,38.867,828.5,356.5
17,1167,38.9,862.5,358.5
17,1168,38.933,898.5,366.5
17,1169,38.967,936.5,376.5
17,1170,39.0,970.5,390.5
17,1171,39.033,1000.5,402.5
17,1172,39.067,954.5,356.5
17,1173,39.1,914.5,314.5
17,1174,39.133,880.5,284.5
17,1175,39.167,838.5,250.5
17,1176,39.2,802.5,224.5
17,1177,39.233,782.5,212.5
17,1178,39.267,752.5,196.5
17,1179,39.3,720.5,180.5
17,1180,39.333,694.5,172.5
17,1181,39.367,674.5,166.5
17,1182,39.4,646.5,164.5
17,1183,39.433,632.5,166.5
17,1184,39.467,614.5,168.5
17,1185,39.5,596.5,174.5
17,1186,39.533,582.5,180.5
17,1187,39.567,570.5,192.5
17,1188,39.6,558.5,202.5
17,1189,39.633,548.5,212.5
17,1190,39.667,538.5,226.5
17,1191,39.7,530.5,238.5
17,1193,39.767,514.5,222.5
17,1194,39.8,506.5,204.5
17,1195,39.833,500.5,186.5
17,1196,39.867,492.5,172.5
17,1197,39.9,486.5,160.5
17,1198,39.933,482.5,150.5
17,1199,39.967,474.5,142.5
17,1200,40.0,470.5,138.5
17,1201,40.033,464.5,136.5
17,1202,40.067,460.5,134.5
17,1203,40.1,454.5,136.5
17,1204,40.133,480.5,140.5
17,1205,40.167,454.5,154.5
17,1206,40.2,540.5,156.5
17,1207,40.233,570.5,166.5
17,1208,40.267,610.5,182.5
17,1209,40.3,640.5,198.5
17,1210,40.333,678.5,222.5
17,1211,40.367,708.5,242.5
17,1212,40.4,746.5,272.5
17,1213,40.433,772.5,292.5
17,1214,40.467,810.5,328.5
17,1215,40.5,842.5,368.5
17,1216,40.533,890.5,398.5
17,1217,40.567,930.5,394.5
17,1218,40.6,958.5,396.5
17,1219,40.633,1002.5,400.5
17,1220,40.667,1038.5,406.5
17,1221,40.7,1080.5,414.5
17,1222,40.733,1016.5,360.5
17,1224,40.8,910.5,284.5
17,1225,40.833,858.5,256.5
17,1226,40.867,806.5,230.5
17,1227,40.9,764.5,212.5
17,1228,40.933,726.5,198.5
17,1229,40.967,684.5,186.5
17,1230,41.0,644.5,178.5
17,1231,41.033,620.5,178.5
17,1232,41.067,590.5,178.5
17,1233,41.1,558.5,180.5
17,1234,41.133,536.5,186.5
17,1235,41.167,512.5,196.5
17,1236,41.2,492.5,204.5
17,1237,41.233,472.5,218.5
17,1238,41.267,456.5,230.5
17,1239,41.3,442.5,244.5
17,1240,41.333,428.5,260.5
17,1241,41.367,420.5,274.5
17,1242,41.4,404.5,256.5
17,1243,41.433,390.5,232.5
17,1244,41.467,378.5,212.5
17,1245,41.5,366.5,194.5
17,1246,41.533,354.5,180.5
17,1247,41.567,342.5,168.5
17,1248,41.6,332.5,160.5
17,1249,41.633,324.5,154.5
17,1250,41.667,312.5,150.5
17,1251,41.7,304.5,148.5
17,1252,41.733,296.5,152.5
17,1253,41.767,290.5,154.5
17,1254,41.8,284.5,160.5
17,1255,41.833,278.5,170.5
17,1256,41.867,314.5,176.5
17,1257,41.9,360.5,190.5
17,1258,41.933,422.5,204.5
17,1259,41.967,484.5,228.5
17,1261,42.033,454.5,132.5
18,1266,42.2,994.5,346.5
18,1267,42.233,1028.5,350.5
18,1269,42.3,1188.5,384.5
18,1270,42.333,1254.5,400.5
18,1271,42.367,1246.5,360.5
18,1272,42.4,1218.5,330.5
18,1273,42.433,1172.5,286.5
18,1274,42.467,1146.5,264.5
18,1275,42.5,1118.5,234.5
18,1276,42.533,1058.5,204.5
18,1280,42.667,928.5,156.5
18,1281,42.7,900.5,154.5
18,1282,42.733,870.5,154.5
18,1283,42.767,840.5,158.5
18,1284,42.8,804.5,164.5
18,1285,42.833,786.5,172.5
18,1286,42.867,760.5,182.5
18,1287,42.9,734.5,196.5
18,1288,42.933,710.5,212.5
18,1289,42.967,686.5,230.5
18,1290,43.0,672.5,242.5
18,1291,43.033,650.5,262.5
18,1292,43.067,630.5,280.5
18,1293,43.1,608.5,308.5
18,1294,43.133,596.5,308.5
18,1295,43.167,582.5,280.5
18,1296,43.2,572.5,262.5
18,1297,43.233,562.5,242.5
18,1298,43.267,550.5,226.5
18,1299,43.3,536.5,210.5
18,1300,43.333,528.5,202.5
18,1301,43.367,516.5,194.5
18,1302,43.4,506.5,190.5
18,1303,43.433,496.5,188.5
18,1304,43.467,486.5,190.5
18,1305,43.5,476.5,192.5
18,1306,43.533,466.5,198.5
18,1307,43.567,456.5,208.5
18,1308,43.6,450.5,218.5
18,1309,43.633,442.5,232.5
18,1310,43.667,434.5,248.5
18,1311,43.7,428.5,264.5
18,1312,43.733,422.5,280.5
18,1313,43.767,418.5,302.5
18,1314,43.8,410.5,288.5
18,1315,43.833,402.5,274.5
18,1316,43.867,394.5,254.5
18,1317,43.9,388.5,242.5
18,1318,43.933,382.5,232.5
18,1319,43.967,374.5,222.5
18,1320,44.0,368.5,216.5
18,1321,44.033,362.5,214.5
18,1322,44.067,358.5,214.5
18,1323,44.1,350.5,216.5
18,1324,44.133,346.5,220.5
18,1325,44.167,342.5,228.5
18,1326,44.2,340.5,240.5
18,1327,44.233,336.5,250.5
18,1328,44.267,334.5,264.5
18,1329,44.3,332.5,280.5
18,1330,44.333,330.5,294.5
18,1331,44.367,326.5,294.5
18,1332,44.4,318.5,282.5
18,1333,44.433,314.5,268.5
18,1334,44.467,306.5,256.5
18,1335,44.5,302.5,244.5
18,1336,44.533,296.5,240.5
18,1337,44.567,292.5,234.5
18,1338,44.6,288.5,234.5
18,1339,44.633,284.5,236.5
18,1340,44.667,280.5,242.5
18,1341,44.7,278.5,248.5
18,1342,44.733,274.5,254.5
18,1343,44.767,278.5,232.5
18,1345,44.833,288.5,196.5
18,1346,44.867,292.5,180.5
18,1347,44.9,296.5,168.5
18,1348,44.933,304.5,160.5
18,1349,44.967,308.5,152.5
18,1350,45.0,314.5,146.5
18,1351,45.033,320.5,146.5
18,1352,45.067,328.5,148.5
18,1353,45.1,332.5,152.5
18,1354,45.133,338.5,160.5
18,1355,45.167,328.5,154.5
18,1357,45.233,320.5,138.5
18,1358,45.267,316.5,138.5
18,1362,45.4,322.5,168.5
18,1363,45.433,330.5,178.5
18,1364,45.467,336.5,186.5
19,1401,46.7,864.5,278.5
19,1403,46.767,908.5,386.5
19,1406,46.867,910.5,390.5
19,1410,47.0,1048.5,234.5
19,1411,47.033,1050.5,236.5
19,1413,47.1,1050.5,234.5
19,1416,47.2,864.5,280.5
19,1417,47.233,860.5,340.5
19,1418,47.267,876.5,370.5
19,1421,47.367,1048.5,234.5
20,1431,47.7,406.5,220.5
20,1432,47.733,400.5,222.5
20,1433,47.767,396.5,216.5
20,1434,47.8,394.5,214.5
20,1435,47.833,392.5,208.5
20,1436,47.867,390.5,204.5
20,1437,47.9,392.5,196.5
20,1438,47.933,394.5,190.5
20,1439,47.967,392.5,176.5
20,1440,48.0,394.5,164.5
20,1441,48.033,394.5,148.5
20,1442,48.067,394.5,134.5
20,1443,48.1,392.5,120.5
20,1444,48.133,390.5,108.5
20,1445,48.167,386.5,96.5
20,1446,48.2,382.5,88.5
21,1458,48.6,370.5,92.5
21,1459,48.633,370.5,100.5
21,1460,48.667,370.5,112.5
21,1461,48.7,370.5,126.5
21,1462,48.733,368.5,140.5
21,1463,48.767,368.5,152.5
21,1464,48.8,368.5,162.5
21,1465,48.833,368.5,170.5
21,1466,48.867,366.5,176.5
22,1495,49.833,368.5,176.5
22,1497,49.9,368.5,178.5
22,1498,49.933,368.5,178.5
22,1500,50.0,370.5,180.5
22,1501,50.033,370.5,180.5
22,1502,50.067,370.5,178.5
22,1503,50.1,370.5,180.5
22,1504,50.133,370.5,180.5
22,1505,50.167,370.5,178.5
22,1506,50.2,368.5,178.5
22,1507,50.233,368.5,178.5
22,1508,50.267,368.5,178.5
22,1509,50.3,368.5,178.5
22,1510,50.333,368.5,176.5
22,1511,50.367,368.5,176.5
22,1512,50.4,368.5,176.5
22,1513,50.433,368.5,176.5
22,1514,50.467,312.5,178.5
22,1515,50.5,368.5,176.5
22,1516,50.533,368.5,176.5
22,1517,50.567,368.5,176.5
22,1518,50.6,368.5,176.5
22,1519,50.633,368.5,176.5
22,1520,50.667,368.5,176.5
22,1521,50.7,368.5,176.5
22,1522,50.733,366.5,176.5
22,1523,50.767,368.5,174.5
22,1524,50.8,368.5,176.5
22,1525,50.833,366.5,174.5
22,1526,50.867,366.5,174.5
22,1527,50.9,366.5,176.5
22,1528,50.933,366.5,176.5
22,1529,50.967,366.5,176.5
22,1530,51.0,368.5,176.5
22,1531,51.033,368.5,176.5
22,1532,51.067,366.5,176.5
22,1533,51.1,368.5,178.5
22,1534,51.133,368.5,178.5
22,1535,51.167,368.5,178.5
22,1536,51.2,366.5,178.5
22,1537,51.233,366.5,178.5
22,1538,51.267,366.5,180.5
22,1539,51.3,366.5,178.5
22,1540,51.333,364.5,180.5
22,1542,51.4,318.5,174.5
23,1553,51.767,366.5,178.5
23,1554,51.8,366.5,178.5
23,1556,51.867,366.5,178.5
23,1557,51.9,366.5,180.5
23,1558,51.933,366.5,180.5
23,1559,51.967,366.5,180.5
23,1560,52.0,364.5,176.5
23,1561,52.033,366.5,176.5
23,1562,52.067,368.5,172.5
23,1563,52.1,370.5,170.5
23,1564,52.133,372.5,164.5
23,1565,52.167,376.5,160.5
23,1566,52.2,378.5,152.5
23,1567,52.233,382.5,144.5
23,1568,52.267,384.5,136.5
23,1569,52.3,386.5,128.5
23,1573,52.433,390.5,134.5
23,1575,52.5,390.5,144.5
23,1576,52.533,386.5,150.5
23,1577,52.567,384.5,154.5
23,1578,52.6,382.5,162.5
23,1581,52.7,370.5,176.5
23,1582,52.733,368.5,178.5
23,1583,52.767,364.5,180.5
23,1584,52.8,360.5,180.5
23,1585,52.833,362.5,178.5
23,1586,52.867,366.5,176.5
23,1587,52.9,368.5,176.5
24,1602,53.4,376.5,178.5
24,1603,53.433,376.5,178.5
24,1604,53.467,376.5,178.5
24,1606,53.533,376.5,174.5
24,1607,53.567,374.5,170.5
24,1608,53.6,372.5,168.5
24,1609,53.633,368.5,162.5
24,1610,53.667,368.5,162.5
24,1611,53.7,366.5,160.5
24,1612,53.733,364.5,164.5
24,1613,53.767,362.5,170.5
24,1615,53.833,360.5,140.5
24,1616,53.867,356.5,122.5
24,1617,53.9,356.5,104.5
24,1618,53.933,352.5,90.5
24,1619,53.967,350.5,80.5
24,1620,54.0,350.5,72.5
24,1621,54.033,350.5,68.5
24,1623,54.1,324.5,182.5
24,1625,54.167,348.5,68.5
24,1626,54.2,348.5,74.5
24,1627,54.233,348.5,80.5
24,1628,54.267,350.5,92.5
24,1629,54.3,350.5,104.5
24,1630,54.333,352.5,118.5
24,1631,54.367,356.5,132.5
25,1676,55.867,328.5,226.5
25,1678,55.933,328.5,228.5
25,1679,55.967,320.5,230.5
25,1680,56.0,320.5,232.5
25,1682,56.067,352.5,340.5
25,1684,56.133,310.5,244.5
25,1685,56.167,308.5,248.5
25,1686,56.2,302.5,248.5
25,1687,56.233,300.5,250.5
25,1688,56.267,298.5,252.5
25,1689,56.3,294.5,254.5
25,1690,56.333,292.5,256.5
25,1691,56.367,288.5,258.5
25,1692,56.4,286.5,258.5
25,1693,56.433,284.5,260.5
25,1694,56.467,282.5,260.5
25,1695,56.5,280.5,262.5
25,1696,56.533,276.5,262.5
25,1697,56.567,274.5,262.5
25,1698,56.6,272.5,262.5
25,1699,56.633,272.5,262.5
25,1700,56.667,272.5,262.5
25,1701,56.7,270.5,262.5
25,1702,56.733,270.5,262.5
25,1703,56.767,268.5,262.5
25,1704,56.8,268.5,264.5
25,1705,56.833,268.5,264.5
25,1706,56.867,268.5,264.5
25,1707,56.9,268.5,264.5
25,1708,56.933,268.5,264.5
25,1709,56.967,270.5,266.5
25,1710,57.0,270.5,266.5
25,1711,57.033,272.5,272.5
25,1712,57.067,274.5,272.5
25,1713,57.1,274.5,274.5
25,1714,57.133,274.5,272.5
25,1715,57.167,272.5,266.5
25,1716,57.2,268.5,258.5
25,1717,57.233,264.5,244.5
25,1718,57.267,256.5,226.5
25,1719,57.3,250.5,204.5
25,1720,57.333,246.5,198.5
25,1721,57.367,244.5,184.5
25,1722,57.4,242.5,174.5
25,1723,57.433,240.5,168.5
25,1724,57.467,236.5,164.5
25,1725,57.5,236.5,162.5
25,1726,57.533,234.5,166.5
25,1727,57.567,234.5,168.5
25,1728,57.6,234.5,176.5
25,1729,57.633,232.5,184.5
25,1730,57.667,232.5,196.5
25,1731,57.7,236.5,206.5
25,1732,57.733,228.5,228.5
25,1733,57.767,236.5,236.5
25,1734,57.8,266.5,256.5
25,1736,57.867,366.5,284.5
25,1737,57.9,412.5,278.5
25,1738,57.933,458.5,276.5
25,1739,57.967,506.5,278.5
25,1740,58.0,548.5,276.5
25,1741,58.033,598.5,284.5
25,1742,58.067,640.5,292.5
25,1743,58.1,684.5,300.5
25,1744,58.133,732.5,318.5
25,1745,58.167,782.5,340.5
25,1746,58.2,818.5,354.5
25,1747,58.233,862.5,340.5
25,1748,58.267,916.5,336.5
25,1749,58.3,946.5,336.5
25,1750,58.333,990.5,338.5
25,1751,58.367,1024.5,344.5
25,1752,58.4,1066.5,354.5
25,1753,58.433,1040.5,332.5
25,1754,58.467,1002.5,306.5
25,1755,58.5,946.5,276.5
25,1756,58.533,910.5,260.5
25,1757,58.567,872.5,244.5
25,1758,58.6,828.5,230.5
25,1759,58.633,792.5,224.5
25,1760,58.667,764.5,220.5
25,1761,58.7,730.5,218.5
25,1762,58.733,696.5,220.5
25,1763,58.767,674.5,222.5
25,1764,58.8,638.5,230.5
25,1765,58.833,616.5,238.5
25,1766,58.867,594.5,246.5
25,1767,58.9,566.5,262.5
25,1768,58.933,548.5,262.5
25,1769,58.967,532.5,248.5
25,1770,59.0,514.5,230.5
25,1771,59.033,498.5,216.5
25,1772,59.067,480.5,204.5
25,1773,59.1,464.5,196.5
25,1774,59.133,450.5,190.5
25,1775,59.167,434.5,186.5
25,1776,59.2,420.5,186.5
25,1777,59.233,406.5,188.5
25,1778,59.267,394.5,190.5
25,1779,59.3,388.5,196.5
25,1780,59.333,376.5,188.5
25,1781,59.367,368.5,184.5
25,1782,59.4,360.5,180.5
25,1783,59.433,350.5,182.5
25,1784,59.467,342.5,188.5
25,1785,59.5,336.5,194.5
25,1786,59.533,326.5,202.5
25,1788,59.6,310.5,218.5
26,1800,60.0,312.5,242.5
26,1802,60.067,292.5,118.5
26,1804,60.133,294.5,248.5
26,1805,60.167,290.5,250.5
26,1806,60.2,286.5,252.5
26,1807,60.233,282.5,254.5
26,1808,60.267,278.5,256.5
26,1809,60.3,276.5,256.5
26,1810,60.333,272.5,258.5
26,1811,60.367,270.5,258.5
26,1812,60.4,270.5,258.5
26,1813,60.433,270.5,262.5
26,1814,60.467,270.5,264.5
26,1815,60.5,270.5,266.5
26,1816,60.533,272.5,266.5
26,1817,60.567,272.5,270.5
26,1818,60.6,272.5,270.5
26,1819,60.633,270.5,266.5
26,1820,60.667,266.5,258.5
26,1821,60.7,262.5,244.5
26,1822,60.733,256.5,226.5
26,1823,60.767,250.5,212.5
26,1824,60.8,246.5,200.5
26,1825,60.833,244.5,188.5
26,1826,60.867,240.5,182.5
26,1827,60.9,240.5,176.5
26,1828,60.933,238.5,174.5
26,1829,60.967,236.5,172.5
26,1830,61.0,234.5,176.5
26,1831,61.033,232.5,182.5
26,1832,61.067,232.5,190.5
26,1833,61.1,230.5,206.5
26,1834,61.133,236.5,216.5
26,1835,61.167,236.5,226.5
26,1836,61.2,268.5,250.5
26,1837,61.233,276.5,228.5
26,1839,61.3,382.5,278.5
26,1840,61.333,416.5,268.5
26,1841,61.367,450.5,264.5
26,1842,61.4,484.5,262.5
26,1843,61.433,522.5,266.5
26,1844,61.467,554.5,268.5
26,1845,61.5,598.5,280.5
26,1846,61.533,634.5,292.5
26,1847,61.567,674.5,308.5
26,1848,61.6,706.5,322.5
26,1849,61.633,738.5,340.5
26,1850,61.667,770.5,362.5
26,1851,61.7,812.5,368.5
26,1852,61.733,846.5,358.5
26,1853,61.767,878.5,350.5
26,1854,61.8,910.5,348.5
26,1855,61.833,942.5,348.5
26,1856,61.867,980.5,352.5
26,1857,61.9,1014.5,358.5
26,1858,61.933,1014.5,346.5
26,1859,61.967,984.5,324.5
26,1860,62.0,934.5,290.5
26,1861,62.033,888.5,260.5
26,1862,62.067,850.5,242.5
26,1863,62.1,808.5,224.5
26,1864,62.133,772.5,210.5
26,1865,62.167,732.5,196.5
26,1866,62.2,704.5,194.5
26,1867,62.233,674.5,188.5
26,1868,62.267,636.5,186.5
26,1869,62.3,604.5,188.5
26,1870,62.333,574.5,194.5
26,1871,62.367,544.5,200.5
26,1872,62.4,520.5,210.5
26,1873,62.433,494.5,220.5
26,1874,62.467,474.5,230.5
26,1875,62.5,450.5,246.5
26,1876,62.533,426.5,264.5
26,1877,62.567,408.5,280.5
26,1878,62.6,392.5,298.5
26,1879,62.633,374.5,296.5
26,1880,62.667,360.5,276.5
26,1881,62.7,344.5,256.5
26,1882,62.733,328.5,236.5
26,1883,62.767,316.5,224.5
26,1884,62.8,302.5,210.5
26,1885,62.833,288.5,202.5
26,1886,62.867,276.5,196.5
26,1887,62.9,264.5,192.5
26,1888,62.933,254.5,192.5
26,1889,62.967,244.5,192.5
26,1890,63.0,230.5,198.5
26,1891,63.033,268.5,206.5
26,1892,63.067,294.5,186.5
26,1893,63.1,318.5,182.5
26,1895,63.167,380.5,180.5
26,1896,63.2,376.5,162.5
27,1901,63.367,972.5,324.5
27,1903,63.433,1152.5,324.5
27,1904,63.467,1180.5,324.5
27,1905,63.5,1234.5,316.5
27,1906,63.533,1176.5,278.5
27,1907,63.567,1116.5,236.5
27,1908,63.6,1062.5,212.5
27,1912,63.733,860.5,138.5
27,1913,63.767,806.5,130.5
27,1914,63.8,776.5,128.5
27,1915,63.833,738.5,126.5
27,1916,63.867,704.5,130.5
27,1917,63.9,676.5,132.5
27,1918,63.933,636.5,144.5
27,1919,63.967,608.5,150.5
27,1920,64.0,578.5,164.5
27,1921,64.033,554.5,176.5
27,1922,64.067,534.5,188.5
27,1923,64.1,510.5,204.5
27,1924,64.133,490.5,220.5
27,1925,64.167,470.5,240.5
27,1926,64.2,452.5,230.5
27,1927,64.233,436.5,208.5
27,1928,64.267,420.5,186.5
27,1929,64.3,406.5,170.5
27,1930,64.333,392.5,156.5
27,1933,64.433,394.5,130.5
27,1935,64.5,422.5,126.5
27,1936,64.533,450.5,124.5
27,1937,64.567,476.5,126.5
27,1938,64.6,502.5,128.5
27,1939,64.633,528.5,132.5
27,1940,64.667,556.5,142.5
27,1941,64.7,580.5,150.5
27,1942,64.733,612.5,166.5
27,1943,64.767,638.5,182.5
27,1944,64.8,668.5,202.5
27,1945,64.833,692.5,224.5
27,1946,64.867,716.5,246.5
27,1947,64.9,742.5,274.5
27,1948,64.933,758.5,290.5
27,1949,64.967,792.5,338.5
27,1950,65.0,810.5,362.5
27,1951,65.033,834.5,346.5
27,1952,65.067,856.5,336.5
27,1953,65.1,882.5,322.5
27,1954,65.133,902.5,314.5
27,1955,65.167,928.5,308.5
27,1956,65.2,950.5,304.5
27,1957,65.233,976.5,308.5
27,1958,65.267,1000.5,306.5
27,1959,65.3,1022.5,316.5
27,1960,65.333,1040.5,322.5
27,1961,65.367,1000.5,284.5
27,1962,65.4,950.5,242.5
27,1963,65.433,906.5,208.5
27,1964,65.467,868.5,184.5
27,1965,65.5,838.5,166.5
27,1966,65.533,796.5,146.5
27,1967,65.567,764.5,132.5
27,1968,65.6,730.5,124.5
27,1969,65.633,700.5,116.5
27,1970,65.667,676.5,116.5
27,1971,65.7,644.5,116.5
27,1972,65.733,624.5,122.5
27,1973,65.767,602.5,128.5
27,1974,65.8,582.5,134.5
27,1975,65.833,564.5,144.5
27,1976,65.867,546.5,156.5
27,1977,65.9,530.5,168.5
27,1978,65.933,516.5,182.5
27,1979,65.967,502.5,198.5
27,1980,66.0,490.5,216.5
27,1981,66.033,482.5,228.5
27,1982,66.067,470.5,244.5
27,1983,66.1,458.5,220.5
27,1984,66.133,450.5,200.5
27,1985,66.167,440.5,182.5
27,1986,66.2,428.5,164.5
27,1987,66.233,422.5,150.5
27,1988,66.267,412.5,140.5
27,1989,66.3,404.5,130.5
27,1990,66.333,396.5,124.5
27,1991,66.367,388.5,120.5
27,1992,66.4,380.5,118.5
27,1993,66.433,374.5,118.5
27,1994,66.467,366.5,122.5
27,1995,66.5,396.5,132.5
27,1996,66.533,442.5,134.5
27,1997,66.567,482.5,144.5
27,1998,66.6,520.5,154.5
27,1999,66.633,560.5,166.5
27,2000,66.667,608.5,184.5
27,2001,66.7,640.5,198.5
27,2002,66.733,686.5,222.5
27,2003,66.767,726.5,244.5
27,2004,66.8,776.5,276.5
27,2005,66.833,818.5,304.5
27,2006,66.867,868.5,340.5
27,2007,66.9,898.5,370.5
27,2008,66.933,934.5,398.5
27,2009,66.967,992.5,452.5
27,2010,67.0,1028.5,492.5
27,2011,67.033,1076.5,550.5
27,2012,67.067,1116.5,598.5
28,2022,67.4,308.5,188.5
28,2023,67.433,294.5,194.5
28,2024,67.467,280.5,198.5
28,2025,67.5,270.5,206.5
28,2026,67.533,252.5,208.5
28,2027,67.567,238.5,210.5
29,2127,70.9,222.5,224.5
29,2128,70.933,216.5,224.5
29,2131,71.033,206.5,216.5
29,2132,71.067,202.5,212.5
29,2134,71.133,198.5,202.5
29,2135,71.167,198.5,194.5
29,2136,71.2,198.5,184.5
29,2137,71.233,200.5,178.5
29,2139,71.3,206.5,162.5
29,2140,71.333,210.5,156.5
29,2141,71.367,216.5,150.5
30,2150,71.667,306.5,138.5
30,2151,71.7,322.5,140.5
30,2152,71.733,342.5,146.5
30,2153,71.767,360.5,146.5
30,2154,71.8,376.5,146.5
30,2155,71.833,402.5,146.5
30,2156,71.867,442.5,140.5
30,2157,71.9,450.5,126.5
30,2158,71.933,448.5,114.5
30,2159,71.967,464.5,86.5
30,2161,72.033,432.5,84.5
31,2172,72.4,642.5,328.5
31,2173,72.433,648.5,328.5
31,2174,72.467,654.5,328.5
31,2175,72.5,662.5,328.5
31,2179,72.633,360.5,214.5
31,2180,72.667,322.5,216.5
32,2257,75.233,954.5,326.5
32,2258,75.267,958.5,314.5
32,2260,75.333,890.5,380.5
32,2261,75.367,868.5,376.5
32,2265,75.5,958.5,200.5
32,2266,75.533,956.5,200.5
32,2267,75.567,952.5,202.5
32,2268,75.6,946.5,206.5
32,2269,75.633,942.5,214.5
32,2270,75.667,938.5,224.5
32,2271,75.7,930.5,234.5
32,2272,75.733,926.5,248.5
32,2274,75.8,934.5,232.5
32,2277,75.9,1104.5,264.5
33,2306,76.867,364.5,162.5
33,2307,76.9,364.5,162.5
33,2309,76.967,368.5,162.5
33,2310,77.0,370.5,162.5
33,2311,77.033,374.5,160.5
33,2312,77.067,378.5,160.5
33,2313,77.1,382.5,160.5
33,2316,77.2,420.5,152.5
33,2317,77.233,440.5,140.5
33,2318,77.267,454.5,118.5
33,2319,77.3,462.5,84.5
34,2380,79.333,924.5,308.5
34,2381,79.367,884.5,318.5
34,2382,79.4,832.5,342.5
34,2383,79.433,802.5,330.5
34,2384,79.467,770.5,308.5
34,2385,79.5,738.5,290.5
34,2386,79.533,708.5,276.5
34,2387,79.567,680.5,266.5
34,2388,79.6,650.5,258.5
34,2389,79.633,626.5,254.5
34,2390,79.667,600.5,250.5
34,2391,79.7,578.5,250.5
34,2392,79.733,550.5,252.5
34,2393,79.767,526.5,258.5
34,2394,79.8,506.5,264.5
34,2395,79.833,488.5,276.5
34,2396,79.867,472.5,280.5
34,2397,79.9,456.5,266.5
34,2398,79.933,440.5,250.5
34,2399,79.967,426.5,238.5
34,2400,80.0,416.5,232.5
34,2401,80.033,400.5,226.5
34,2402,80.067,388.5,220.5
34,2404,80.133,412.5,220.5
34,2405,80.167,442.5,222.5
34,2406,80.2,470.5,226.5
34,2407,80.233,490.5,230.5
34,2409,80.3,548.5,252.5
34,2410,80.333,576.5,264.5
34,2411,80.367,602.5,286.5
34,2412,80.4,630.5,306.5
34,2413,80.433,658.5,328.5
34,2414,80.467,684.5,354.5
34,2415,80.5,718.5,392.5
34,2416,80.533,742.5,390.5
34,2417,80.567,770.5,388.5
34,2418,80.6,798.5,388.5
34,2419,80.633,804.5,374.5
34,2420,80.667,790.5,348.5
34,2421,80.7,764.5,328.5
34,2422,80.733,736.5,304.5
34,2423,80.767,696.5,280.5
34,2424,80.8,676.5,268.5
34,2425,80.833,648.5,256.5
34,2426,80.867,626.5,246.5
34,2427,80.9,604.5,242.5
34,2428,80.933,586.5,240.5
34,2429,80.967,568.5,242.5
34,2430,81.0,552.5,242.5
34,2431,81.033,538.5,250.5
34,2432,81.067,524.5,256.5
34,2433,81.1,512.5,264.5
34,2434,81.133,504.5,272.5
34,2435,81.167,494.5,250.5
34,2436,81.2,484.5,232.5
34,2437,81.233,478.5,218.5
34,2438,81.267,470.5,206.5
34,2439,81.3,462.5,194.5
34,2440,81.333,456.5,188.5
34,2441,81.367,450.5,182.5
34,2442,81.4,416.5,182.5
34,2443,81.433,468.5,182.5
34,2444,81.467,496.5,182.5
34,2445,81.5,522.5,186.5
34,2446,81.533,550.5,192.5
34,2447,81.567,578.5,200.5
34,2448,81.6,610.5,212.5
34,2449,81.633,640.5,228.5
34,2450,81.667,672.5,244.5
34,2451,81.7,694.5,260.5
34,2452,81.733,726.5,280.5
34,2453,81.767,756.5,308.5
34,2454,81.8,786.5,338.5
34,2455,81.833,818.5,346.5
34,2456,81.867,844.5,338.5
34,2457,81.9,878.5,332.5
34,2458,81.933,904.5,324.5
34,2459,81.967,934.5,322.5
34,2460,82.0,896.5,294.5
34,2461,82.033,850.5,270.5
34,2462,82.067,798.5,242.5
34,2463,82.1,760.5,228.5
34,2464,82.133,718.5,212.5
34,2465,82.167,682.5,202.5
34,2466,82.2,640.5,194.5
34,2467,82.233,604.5,188.5
34,2468,82.267,570.5,188.5
34,2469,82.3,540.5,188.5
34,2470,82.333,506.5,192.5
34,2471,82.367,476.5,198.5
34,2472,82.4,446.5,206.5
34,2473,82.433,422.5,214.5
34,2474,82.467,394.5,228.5
34,2475,82.5,376.5,240.5
34,2476,82.533,346.5,258.5
34,2477,82.567,332.5,270.5
34,2478,82.6,308.5,272.5
34,2479,82.633,296.5,254.5
34,2480,82.667,266.5,236.5
34,2481,82.7,246.5,220.5
34,2482,82.733,230.5,212.5
34,2483,82.767,212.5,202.5
34,2484,82.8,194.5,196.5
34,2485,82.833,176.5,192.5
34,2486,82.867,160.5,190.5
34,2487,82.9,146.5,192.5
34,2488,82.933,130.5,198.5
34,2490,83.0,222.5,220.5
34,2491,83.033,208.5,168.5
35,2496,83.2,260.5,104.5
35,2500,83.333,546.5,282.5
35,2501,83.367,546.5,272.5
35,2502,83.4,546.5,264.5
35,2503,83.433,542.5,260.5
35,2504,83.467,538.5,260.5
35,2505,83.5,540.5,260.5
35,2506,83.533,542.5,252.5
35,2507,83.567,540.5,242.5
35,2508,83.6,540.5,238.5
35,2509,83.633,542.5,234.5
35,2512,83.733,542.5,242.5
36,2592,86.4,604.5,178.5
36,2593,86.433,606.5,178.5
36,2594,86.467,608.5,180.5
36,2596,86.533,610.5,184.5
36,2597,86.567,610.5,188.5
36,2598,86.6,610.5,192.5
36,2599,86.633,612.5,196.5
37,2612,87.067,726.5,308.5
37,2616,87.2,756.5,308.5
37,2617,87.233,764.5,308.5
37,2618,87.267,774.5,310.5
37,2620,87.333,792.5,308.5
37,2621,87.367,810.5,314.5
37,2622,87.4,822.5,316.5
38,2666,88.867,438.5,194.5
38,2668,88.933,424.5,194.5
38,2669,88.967,422.5,194.5
38,2670,89.0,416.5,196.5
38,2671,89.033,412.5,202.5
38,2672,89.067,406.5,202.5
38,2673,89.1,408.5,202.5
38,2674,89.133,408.5,202.5
38,2675,89.167,392.5,204.5
38,2676,89.2,388.5,206.5
38,2677,89.233,384.5,206.5
38,2678,89.267,380.5,202.5
38,2679,89.3,376.5,196.5
38,2680,89.333,374.5,186.5
38,2681,89.367,374.5,174.5
38,2682,89.4,374.5,162.5
38,2685,89.5,404.5,180.5
38,2686,89.533,418.5,192.5
38,2687,89.567,436.5,212.5
38,2688,89.6,450.5,228.5
38,2689,89.633,464.5,250.5
38,2690,89.667,478.5,262.5
38,2691,89.7,488.5,250.5
38,2692,89.733,504.5,242.5
38,2693,89.767,516.5,232.5
38,2694,89.8,528.5,226.5
38,2695,89.833,544.5,224.5
38,2696,89.867,558.5,224.5
38,2697,89.9,570.5,226.5
38,2698,89.933,584.5,232.5
38,2699,89.967,600.5,240.5
38,2700,90.0,614.5,250.5
38,2701,90.033,630.5,266.5
38,2702,90.067,640.5,276.5
38,2703,90.1,656.5,294.5
38,2704,90.133,670.5,316.5
38,2705,90.167,682.5,340.5
38,2706,90.2,694.5,336.5
38,2707,90.233,708.5,324.5
38,2708,90.267,718.5,314.5
38,2709,90.3,728.5,308.5
38,2710,90.333,742.5,306.5
38,2711,90.367,754.5,306.5
38,2712,90.4,766.5,308.5
38,2713,90.433,776.5,312.5
38,2714,90.467,790.5,322.5
38,2715,90.5,800.5,334.5
38,2716,90.533,810.5,348.5
38,2717,90.567,820.5,364.5
38,2718,90.6,828.5,384.5
38,2719,90.633,838.5,406.5
38,2720,90.667,852.5,398.5
38,2721,90.7,866.5,390.5
38,2722,90.733,878.5,380.5
38,2723,90.767,892.5,378.5
38,2724,90.8,906.5,376.5
38,2725,90.833,918.5,378.5
38,2726,90.867,932.5,386.5
38,2727,90.9,944.5,394.5
38,2728,90.933,954.5,416.5
38,2729,90.967,964.5,412.5
38,2731,91.033,968.5,420.5
39,2736,91.2,974.5,454.5
39,2737,91.233,968.5,458.5
39,2738,91.267,962.5,458.5
39,2741,91.367,928.5,426.5
39,2742,91.4,922.5,404.5
39,2743,91.433,914.5,382.5
39,2744,91.467,916.5,360.5
39,2745,91.5,914.5,340.5
39,2746,91.533,918.5,306.5
39,2748,91.6,934.5,270.5
39,2749,91.633,938.5,258.5
39,2750,91.667,944.5,248.5
39,2751,91.7,946.5,240.5
39,2752,91.733,952.5,240.5
39,2753,91.767,956.5,244.5
39,2755,91.833,956.5,264.5
39,2756,91.867,958.5,276.5
39,2757,91.9,960.5,298.5
39,2758,91.933,960.5,320.5
39,2760,92.0,922.5,464.5
39,2761,92.033,956.5,486.5
39,2762,92.067,974.5,468.5
39,2764,92.133,848.5,420.5
39,2765,92.167,790.5,414.5
39,2766,92.2,744.5,412.5
39,2767,92.233,706.5,386.5
39,2768,92.267,680.5,356.5
39,2769,92.3,638.5,324.5
39,2770,92.333,610.5,308.5
39,2771,92.367,584.5,292.5
39,2772,92.4,552.5,274.5
39,2773,92.433,530.5,268.5
39,2774,92.467,504.5,260.5
39,2775,92.5,484.5,260.5
39,2776,92.533,462.5,260.5
39,2777,92.567,444.5,264.5
39,2778,92.6,428.5,268.5
39,2779,92.633,408.5,276.5
39,2780,92.667,394.5,266.5
39,2781,92.7,378.5,248.5
39,2782,92.733,360.5,234.5
39,2783,92.767,346.5,226.5
39,2784,92.8,330.5,216.5
39,2786,92.867,362.5,208.5
39,2787,92.9,394.5,206.5
39,2788,92.933,424.5,204.5
39,2789,92.967,458.5,206.5
39,2790,93.0,498.5,210.5
39,2791,93.033,526.5,216.5
39,2792,93.067,562.5,228.5
39,2793,93.1,596.5,240.5
39,2794,93.133,630.5,258.5
39,2795,93.167,656.5,270.5
39,2796,93.2,692.5,290.5
39,2797,93.233,724.5,312.5
39,2798,93.267,752.5,332.5
39,2799,93.3,788.5,324.5
39,2800,93.333,824.5,310.5
39,2801,93.367,846.5,308.5
39,2802,93.4,874.5,306.5
39,2803,93.433,910.5,306.5
39,2805,93.5,936.5,308.5
39,2806,93.533,966.5,318.5
39,2807,93.567,986.5,322.5
39,2808,93.6,942.5,296.5
39,2809,93.633,898.5,276.5
39,2810,93.667,856.5,260.5
39,2811,93.7,812.5,244.5
39,2812,93.733,780.5,238.5
39,2813,93.767,746.5,232.5
39,2814,93.8,712.5,228.5
39,2815,93.833,682.5,228.5
39,2816,93.867,646.5,232.5
39,2817,93.9,626.5,236.5
39,2818,93.933,606.5,242.5
39,2819,93.967,582.5,250.5
39,2820,94.0,562.5,258.5
39,2821,94.033,546.5,240.5
39,2822,94.067,528.5,220.5
39,2823,94.1,514.5,208.5
39,2824,94.133,500.5,196.5
39,2825,94.167,482.5,186.5
39,2826,94.2,470.5,180.5
39,2827,94.233,456.5,176.5
39,2828,94.267,452.5,178.5
39,2829,94.3,478.5,172.5
39,2830,94.333,502.5,170.5
39,2831,94.367,528.5,170.5
39,2832,94.4,548.5,172.5
39,2833,94.433,576.5,178.5
39,2834,94.467,596.5,182.5
39,2835,94.5,628.5,196.5
39,2836,94.533,644.5,202.5
39,2837,94.567,680.5,224.5
39,2838,94.6,708.5,244.5
39,2839,94.633,736.5,266.5
39,2840,94.667,762.5,288.5
39,2841,94.7,784.5,312.5
39,2842,94.733,806.5,354.5
39,2843,94.767,836.5,348.5
39,2844,94.8,860.5,340.5
39,2845,94.833,892.5,334.5
39,2846,94.867,916.5,328.5
39,2847,94.9,944.5,328.5
39,2848,94.933,972.5,330.5
39,2849,94.967,998.5,336.5
39,2850,95.0,1026.5,344.5
39,2851,95.033,998.5,326.5
39,2852,95.067,950.5,296.5
39,2853,95.1,914.5,280.5
39,2854,95.133,870.5,260.5
39,2855,95.167,826.5,246.5
39,2856,95.2,790.5,238.5
39,2857,95.233,754.5,232.5
39,2858,95.267,720.5,230.5
39,2859,95.3,688.5,230.5
39,2860,95.333,670.5,232.5
39,2861,95.367,632.5,240.5
39,2862,95.4,606.5,246.5
39,2864,95.467,554.5,268.5
39,2865,95.5,534.5,280.5
39,2866,95.533,516.5,280.5
39,2867,95.567,494.5,256.5
39,2868,95.6,474.5,242.5
39,2869,95.633,456.5,228.5
39,2870,95.667,438.5,216.5
39,2871,95.7,422.5,208.5
39,2872,95.733,406.5,202.5
39,2875,95.833,410.5,192.5
39,2876,95.867,440.5,190.5
39,2877,95.9,468.5,188.5
39,2878,95.933,498.5,190.5
39,2879,95.967,534.5,194.5
39,2880,96.0,562.5,198.5
39,2881,96.033,596.5,208.5
39,2882,96.067,630.5,218.5
39,2883,96.1,670.5,234.5
39,2884,96.133,694.5,246.5
39,2885,96.167,726.5,264.5
39,2886,96.2,764.5,288.5
39,2887,96.233,788.5,306.5
39,2888,96.267,818.5,326.5
39,2889,96.3,852.5,360.5
39,2890,96.333,886.5,348.5
39,2891,96.367,914.5,342.5
39,2892,96.4,948.5,332.5
39,2893,96.433,978.5,326.5
39,2894,96.467,1006.5,324.5
39,2895,96.5,1040.5,324.5
39,2896,96.533,1070.5,328.5
39,2897,96.567,1092.5,330.5
39,2898,96.6,1032.5,288.5
39,2900,96.667,1100.5,172.5
39,2904,96.8,758.5,176.5
39,2905,96.833,714.5,170.5
39,2906,96.867,682.5,168.5
39,2907,96.9,638.5,170.5
39,2908,96.933,604.5,176.5
39,2909,96.967,570.5,182.5
39,2910,97.0,540.5,194.5
39,2911,97.033,508.5,204.5
39,2912,97.067,480.5,218.5
39,2913,97.1,454.5,234.5
39,2914,97.133,426.5,254.5
39,2915,97.167,408.5,268.5
39,2916,97.2,378.5,296.5
39,2917,97.233,356.5,296.5
39,2918,97.267,338.5,276.5
39,2919,97.3,320.5,260.5
39,2920,97.333,294.5,242.5
39,2921,97.367,278.5,228.5
39,2922,97.4,254.5,214.5
39,2923,97.433,232.5,206.5
39,2924,97.467,212.5,200.5
39,2925,97.5,194.5,196.5
39,2926,97.533,176.5,196.5
39,2927,97.567,158.5,196.5
39,2929,97.633,126.5,210.5
39,2930,97.667,116.5,220.5
39,2931,97.7,100.5,232.5
39,2932,97.733,94.5,242.5
39,2933,97.767,114.5,232.5
39,2934,97.8,186.5,212.5
39,2935,97.833,228.5,198.5
39,2936,97.867,282.5,190.5
39,2937,97.9,316.5,184.5
39,2938,97.933,366.5,182.5
39,2939,97.967,412.5,184.5
39,2940,98.0,458.5,190.5
39,2941,98.033,496.5,196.5
39,2942,98.067,548.5,210.5
39,2943,98.1,592.5,226.5
39,2944,98.133,632.5,240.5
39,2945,98.167,676.5,260.5
39,2946,98.2,704.5,276.5
39,2948,98.267,774.5,326.5
39,2949,98.3,796.5,346.5
39,2950,98.333,858.5,316.5
39,2951,98.367,888.5,304.5
39,2952,98.4,926.5,290.5
39,2953,98.433,954.5,280.5
39,2954,98.467,1008.5,268.5
39,2955,98.5,1042.5,262.5
39,2956,98.533,1074.5,262.5
39,2957,98.567,1046.5,240.5
39,2959,98.633,1084.5,220.5
39,2960,98.667,1092.5,216.5
39,2961,98.7,1106.5,214.5
40,2966,98.867,718.5,134.5
40,2967,98.9,686.5,138.5
40,2968,98.933,666.5,144.5
40,2969,98.967,632.5,156.5
40,2970,99.0,610.5,166.5
40,2971,99.033,586.5,180.5
40,2972,99.067,564.5,196.5
40,2973,99.1,544.5,212.5
40,2974,99.133,522.5,230.5
40,2975,99.167,506.5,248.5
40,2976,99.2,490.5,264.5
40,2977,99.233,482.5,248.5
40,2978,99.267,466.5,222.5
40,2979,99.3,458.5,204.5
40,2980,99.333,448.5,188.5
40,2981,99.367,438.5,172.5
40,2982,99.4,428.5,158.5
40,2983,99.433,420.5,148.5
40,2984,99.467,412.5,144.5
40,2985,99.5,402.5,136.5
40,2986,99.533,396.5,136.5
40,2987,99.567,386.5,134.5
40,2989,99.633,414.5,140.5
40,2990,99.667,438.5,142.5
40,2991,99.7,472.5,150.5
40,2992,99.733,500.5,162.5
40,2993,99.767,530.5,176.5
40,2994,99.8,562.5,194.5
40,2995,99.833,594.5,214.5
40,2996,99.867,620.5,234.5
40,2997,99.9,648.5,260.5
40,2998,99.933,682.5,292.5
40,2999,99.967,708.5,324.5
40,3000,100.0,728.5,348.5
40,3001,100.033,758.5,362.5
40,3002,100.067,786.5,348.5
40,3003,100.1,816.5,340.5
40,3004,100.133,846.5,332.5
40,3005,100.167,874.5,334.5
40,3006,100.2,902.5,332.5
40,3007,100.233,936.5,336.5
40,3008,100.267,970.5,346.5
40,3009,100.3,1000.5,356.5
40,3010,100.333,1030.5,370.5
40,3011,100.367,998.5,332.5
40,3012,100.4,952.5,288.5
40,3013,100.433,918.5,256.5
40,3014,100.467,880.5,228.5
40,3015,100.5,844.5,204.5
40,3016,100.533,800.5,174.5
40,3017,100.567,778.5,164.5
40,3018,100.6,742.5,150.5
40,3019,100.633,714.5,142.5
40,3020,100.667,686.5,138.5
40,3021,100.7,662.5,134.5
40,3022,100.733,634.5,140.5
40,3023,100.767,610.5,142.5
40,3024,100.8,588.5,148.5
40,3025,100.833,570.5,158.5
40,3026,100.867,550.5,170.5
40,3027,100.9,532.5,182.5
40,3028,100.933,514.5,198.5
40,3029,100.967,502.5,212.5
40,3030,101.0,488.5,226.5
40,3031,101.033,472.5,248.5
40,3032,101.067,462.5,264.5
40,3033,101.1,454.5,274.5
40,3034,101.133,440.5,246.5
40,3035,101.167,428.5,224.5
40,3036,101.2,418.5,204.5
40,3037,101.233,406.5,186.5
40,3038,101.267,398.5,172.5
40,3039,101.3,388.5,162.5
40,3040,101.333,378.5,152.5
40,3041,101.367,370.5,144.5
40,3042,101.4,362.5,140.5
40,3043,101.433,352.5,138.5
40,3044,101.467,348.5,146.5
40,3045,101.5,380.5,152.5
40,3046,101.533,430.5,154.5
40,3047,101.567,464.5,160.5
40,3048,101.6,510.5,170.5
40,3049,101.633,552.5,184.5
40,3050,101.667,592.5,198.5
40,3051,101.7,634.5,214.5
40,3052,101.733,684.5,240.5
40,3053,101.767,720.5,260.5
40,3054,101.8,758.5,282.5
40,3055,101.833,788.5,306.5
40,3056,101.867,838.5,342.5
40,3057,101.9,876.5,368.5
40,3058,101.933,920.5,354.5
40,3059,101.967,964.5,346.5
40,3060,102.0,1000.5,342.5
40,3061,102.033,1036.5,340.5
40,3062,102.067,1078.5,344.5
40,3063,102.1,1126.5,352.5
40,3064,102.133,1162.5,358.5
40,3065,102.167,1202.5,370.5
40,3066,102.2,1246.5,388.5
40,3068,102.267,1224.5,362.5
40,3069,102.3,1162.5,326.5
40,3070,102.333,1092.5,286.5
40,3071,102.367,1038.5,260.5
40,3072,102.4,962.5,230.5
40,3073,102.433,918.5,214.5
40,3074,102.467,866.5,200.5
40,3075,102.5,824.5,194.5
40,3076,102.533,776.5,186.5
40,3077,102.567,734.5,184.5
40,3078,102.6,700.5,186.5
40,3079,102.633,674.5,188.5
40,3080,102.667,634.5,196.5
40,3081,102.7,606.5,204.5
40,3082,102.733,584.5,212.5
40,3083,102.767,560.5,226.5
40,3084,102.8,544.5,236.5
40,3085,102.833,520.5,250.5
40,3086,102.867,506.5,264.5
40,3087,102.9,492.5,246.5
40,3088,102.933,474.5,220.5
40,3089,102.967,458.5,202.5
40,3090,103.0,444.5,186.5
40,3091,103.033,432.5,170.5
40,3092,103.067,420.5,160.5
40,3093,103.1,406.5,152.5
40,3094,103.133,394.5,148.5
40,3096,103.2,430.5,142.5
40,3097,103.233,462.5,142.5
40,3098,103.267,496.5,140.5
40,3099,103.3,534.5,146.5
40,3100,103.333,568.5,150.5
40,3101,103.367,608.5,160.5
40,3102,103.4,640.5,168.5
40,3103,103.433,686.5,184.5
40,3104,103.467,716.5,196.5
40,3105,103.5,754.5,214.5
40,3106,103.533,792.5,234.5
40,3107,103.567,832.5,260.5
40,3108,103.6,866.5,282.5
40,3109,103.633,902.5,308.5
40,3110,103.667,934.5,332.5
40,3111,103.7,978.5,338.5
40,3112,103.733,1004.5,328.5
40,3113,103.767,1050.5,314.5
40,3114,103.8,1084.5,306.5
40,3115,103.833,1114.5,300.5
40,3116,103.867,1162.5,298.5
40,3117,103.9,1196.5,298.5
40,3118,103.933,1228.5,304.5
40,3119,103.967,1262.5,310.5
40,3123,104.1,1270.5,314.5
40,3124,104.133,1214.5,292.5
40,3125,104.167,1180.5,280.5
40,3127,104.233,1040.5,246.5
40,3128,104.267,954.5,234.5
40,3129,104.3,904.5,230.5
40,3130,104.333,858.5,232.5
40,3131,104.367,794.5,236.5
40,3132,104.4,748.5,244.5
40,3133,104.433,712.5,254.5
40,3134,104.467,678.5,260.5
40,3135,104.5,634.5,276.5
40,3136,104.533,596.5,294.5
40,3137,104.567,592.5,310.5
40,3138,104.6,596.5,312.5
40,3139,104.633,598.5,312.5
40,3140,104.667,600.5,314.5
40,3141,104.7,604.5,316.5
40,3142,104.733,606.5,324.5
40,3143,104.767,608.5,326.5
40,3144,104.8,612.5,326.5
40,3145,104.833,614.5,328.5
40,3146,104.867,616.5,336.5
40,3147,104.9,616.5,340.5
40,3148,104.933,616.5,338.5
40,3149,104.967,616.5,344.5
40,3150,105.0,618.5,352.5
40,3151,105.033,618.5,354.5
40,3152,105.067,616.5,352.5
40,3153,105.1,616.5,356.5
40,3154,105.133,616.5,362.5
40,3155,105.167,614.5,364.5
40,3156,105.2,612.5,362.5
40,3157,105.233,612.5,368.5
40,3158,105.267,610.5,372.5
40,3159,105.3,606.5,370.5
40,3160,105.333,604.5,374.5
40,3161,105.367,600.5,378.5
40,3162,105.4,598.5,378.5
40,3163,105.433,596.5,380.5
40,3164,105.467,596.5,386.5
40,3165,105.5,590.5,384.5
40,3166,105.533,590.5,392.5
40,3167,105.567,586.5,390.5
40,3168,105.6,584.5,392.5
40,3169,105.633,582.5,394.5
40,3170,105.667,578.5,394.5
40,3171,105.7,580.5,400.5
40,3172,105.733,574.5,402.5
40,3173,105.767,570.5,404.5
40,3174,105.8,570.5,412.5
40,3175,105.833,568.5,420.5
40,3176,105.867,566.5,432.5
40,3177,105.9,564.5,444.5
40,3178,105.933,560.5,460.5
40,3179,105.967,560.5,484.5
40,3180,106.0,558.5,504.5
40,3181,106.033,558.5,526.5
40,3182,106.067,556.5,546.5
40,3183,106.1,556.5,578.5
40,3184,106.133,556.5,590.5
40,3185,106.167,556.5,608.5
40,3187,106.233,550.5,584.5
40,3188,106.267,548.5,576.5
40,3190,106.333,546.5,570.5
40,3191,106.367,544.5,572.5
40,3192,106.4,544.5,576.5
40,3193,106.433,544.5,580.5
41,3236,107.867,278.5,246.5
41,3239,107.967,488.5,278.5
41,3240,108.0,480.5,254.5
41,3241,108.033,478.5,238.5
41,3242,108.067,474.5,222.5
41,3243,108.1,472.5,210.5
41,3244,108.133,472.5,204.5
41,3245,108.167,468.5,198.5
41,3246,108.2,466.5,196.5
41,3247,108.233,466.5,198.5
41,3248,108.267,464.5,202.5
41,3249,108.3,464.5,210.5
41,3250,108.333,464.5,218.5
41,3251,108.367,464.5,228.5
41,3252,108.4,462.5,240.5
41,3253,108.433,464.5,254.5
41,3254,108.467,464.5,266.5
41,3255,108.5,464.5,282.5
41,3256,108.533,462.5,264.5
41,3257,108.567,458.5,244.5
41,3258,108.6,456.5,226.5
41,3259,108.633,456.5,212.5
41,3260,108.667,454.5,202.5
41,3261,108.7,454.5,192.5
41,3262,108.733,452.5,184.5
41,3263,108.767,452.5,180.5
41,3264,108.8,450.5,178.5
41,3265,108.833,450.5,180.5
41,3266,108.867,450.5,184.5
41,3267,108.9,450.5,190.5
41,3268,108.933,450.5,196.5
41,3269,108.967,452.5,206.5
41,3270,109.0,452.5,210.5
41,3271,109.033,448.5,210.5
41,3272,109.067,448.5,216.5
41,3273,109.1,448.5,220.5
41,3274,109.133,444.5,226.5
41,3276,109.2,432.5,234.5
41,3277,109.233,424.5,232.5
41,3278,109.267,416.5,240.5
41,3280,109.333,398.5,242.5
41,3283,109.433,370.5,250.5
41,3284,109.467,360.5,254.5
41,3285,109.5,352.5,254.5
41,3286,109.533,342.5,254.5
41,3287,109.567,334.5,256.5
41,3288,109.6,322.5,254.5
41,3289,109.633,314.5,254.5
41,3290,109.667,308.5,252.5
41,3291,109.7,302.5,256.5
41,3292,109.733,296.5,256.5
41,3293,109.767,290.5,256.5
41,3294,109.8,286.5,256.5
41,3295,109.833,282.5,256.5
41,3296,109.867,280.5,258.5
41,3297,109.9,280.5,258.5
41,3298,109.933,278.5,260.5
41,3299,109.967,276.5,264.5
41,3300,110.0,278.5,266.5
41,3301,110.033,278.5,268.5
41,3302,110.067,280.5,272.5
41,3303,110.1,280.5,272.5
41,3304,110.133,276.5,266.5
41,3305,110.167,274.5,254.5
41,3306,110.2,270.5,240.5
41,3307,110.233,264.5,220.5
41,3308,110.267,262.5,206.5
41,3309,110.3,260.5,194.5
41,3310,110.333,256.5,182.5
41,3311,110.367,304.5,242.5
41,3312,110.4,314.5,242.5
41,3313,110.433,322.5,240.5
41,3314,110.467,330.5,242.5
41,3316,110.533,250.5,176.5
41,3317,110.567,250.5,186.5
41,3318,110.6,250.5,196.5
41,3319,110.633,240.5,212.5
41,3320,110.667,252.5,222.5
41,3321,110.7,254.5,234.5
41,3322,110.733,286.5,250.5
41,3323,110.767,356.5,278.5
41,3324,110.8,382.5,266.5
41,3325,110.833,428.5,252.5
41,3326,110.867,458.5,244.5
41,3327,110.9,492.5,244.5
41,3328,110.933,532.5,238.5
41,3329,110.967,568.5,238.5
41,3330,111.0,604.5,242.5
41,3331,111.033,634.5,246.5
41,3332,111.067,678.5,258.5
41,3333,111.1,706.5,268.5
41,3334,111.133,740.5,282.5
41,3335,111.167,764.5,292.5
41,3336,111.2,804.5,322.5
41,3337,111.233,838.5,312.5
41,3338,111.267,858.5,306.5
41,3339,111.3,894.5,292.5
41,3340,111.333,922.5,286.5
41,3341,111.367,952.5,282.5
41,3343,111.433,1010.5,282.5
41,3344,111.467,1040.5,288.5
41,3345,111.5,1058.5,290.5
41,3346,111.533,1050.5,268.5
41,3347,111.567,1026.5,244.5
41,3348,111.6,976.5,200.5
41,3350,111.667,1084.5,218.5
41,3353,111.767,1102.5,170.5
42,3358,111.933,702.5,106.5
42,3359,111.967,680.5,112.5
42,3360,112.0,652.5,122.5
42,3361,112.033,632.5,132.5
42,3362,112.067,614.5,144.5
42,3363,112.1,596.5,156.5
42,3364,112.133,574.5,174.5
42,3365,112.167,554.5,194.5
42,3366,112.2,538.5,212.5
42,3367,112.233,522.5,232.5
42,3368,112.267,510.5,248.5
42,3369,112.3,500.5,228.5
42,3370,112.333,488.5,204.5
42,3371,112.367,480.5,188.5
42,3372,112.4,468.5,170.5
42,3373,112.433,458.5,156.5
42,3374,112.467,448.5,144.5
42,3375,112.5,438.5,138.5
42,3376,112.533,428.5,130.5
42,3379,112.633,468.5,138.5
42,3380,112.667,514.5,148.5
42,3381,112.7,546.5,162.5
42,3382,112.733,582.5,178.5
42,3383,112.767,618.5,196.5
42,3384,112.8,642.5,210.5
42,3385,112.833,690.5,244.5
42,3386,112.867,722.5,268.5
42,3387,112.9,758.5,302.5
42,3388,112.933,794.5,344.5
42,3389,112.967,822.5,368.5
42,3390,113.0,862.5,342.5
42,3391,113.033,894.5,340.5
42,3392,113.067,932.5,330.5
42,3393,113.1,970.5,330.5
42,3394,113.133,1002.5,330.5
42,3395,113.167,1040.5,334.5
42,3396,113.2,1078.5,342.5
42,3397,113.233,1116.5,356.5
42,3398,113.267,1144.5,360.5
42,3399,113.3,1098.5,326.5
42,3400,113.333,1050.5,290.5
42,3401,113.367,998.5,258.5
42,3402,113.4,958.5,234.5
42,3403,113.433,916.5,216.5
42,3404,113.467,878.5,204.5
42,3405,113.5,838.5,194.5
42,3406,113.533,794.5,186.5
42,3407,113.567,766.5,184.5
42,3408,113.6,734.5,186.5
42,3409,113.633,708.5,188.5
42,3410,113.667,682.5,194.5
42,3411,113.7,650.5,204.5
42,3412,113.733,632.5,212.5
42,3413,113.767,608.5,224.5
42,3414,113.8,586.5,238.5
42,3415,113.833,572.5,250.5
42,3416,113.867,550.5,264.5
42,3417,113.9,534.5,280.5
42,3418,113.933,522.5,260.5
42,3419,113.967,500.5,232.5
42,3420,114.0,488.5,218.5
42,3421,114.033,474.5,204.5
42,3422,114.067,462.5,192.5
42,3423,114.1,448.5,182.5
42,3424,114.133,434.5,174.5
42,3425,114.167,422.5,170.5
42,3428,114.267,434.5,164.5
42,3429,114.3,452.5,164.5
42,3430,114.333,472.5,168.5
42,3431,114.367,496.5,172.5
42,3432,114.4,520.5,182.5
42,3433,114.433,544.5,194.5
42,3434,114.467,564.5,206.5
42,3435,114.5,594.5,226.5
42,3436,114.533,614.5,242.5
42,3437,114.567,642.5,264.5
42,3438,114.6,660.5,282.5
42,3439,114.633,684.5,312.5
42,3440,114.667,708.5,336.5
42,3441,114.7,730.5,358.5
42,3442,114.733,750.5,344.5
42,3443,114.767,770.5,332.5
42,3444,114.8,794.5,324.5
42,3445,114.833,818.5,322.5
42,3446,114.867,838.5,314.5
42,3447,114.9,860.5,316.5
42,3448,114.933,882.5,320.5
42,3449,114.967,900.5,324.5
42,3450,115.0,928.5,340.5
42,3451,115.033,950.5,356.5
42,3452,115.067,966.5,370.5
42,3453,115.1,988.5,388.5
42,3454,115.133,974.5,388.5
42,3455,115.167,936.5,356.5
42,3456,115.2,890.5,328.5
42,3457,115.233,854.5,308.5
42,3458,115.267,820.5,292.5
42,3459,115.3,778.5,276.5
42,3460,115.333,738.5,262.5
42,3461,115.367,712.5,258.5
42,3462,115.4,680.5,254.5
42,3463,115.433,650.5,256.5
42,3464,115.467,622.5,258.5
42,3465,115.5,596.5,262.5
42,3466,115.533,574.5,268.5
42,3467,115.567,554.5,280.5
42,3468,115.6,534.5,292.5
42,3469,115.633,516.5,306.5
42,3470,115.667,502.5,290.5
42,3471,115.7,492.5,274.5
42,3472,115.733,474.5,250.5
42,3473,115.767,464.5,236.5
42,3474,115.8,454.5,224.5
42,3475,115.833,442.5,214.5
42,3476,115.867,432.5,206.5
42,3477,115.9,424.5,202.5
42,3478,115.933,414.5,200.5
42,3480,116.0,432.5,192.5
42,3481,116.033,452.5,186.5
42,3482,116.067,478.5,180.5
42,3483,116.1,504.5,178.5
42,3484,116.133,534.5,176.5
42,3485,116.167,560.5,180.5
42,3486,116.2,586.5,184.5
42,3487,116.233,616.5,194.5
42,3488,116.267,640.5,202.5
42,3489,116.3,674.5,218.5
42,3490,116.333,694.5,228.5
42,3491,116.367,722.5,246.5
42,3492,116.4,756.5,274.5
42,3493,116.433,774.5,288.5
42,3494,116.467,806.5,322.5
42,3495,116.5,824.5,356.5
42,3496,116.533,850.5,348.5
42,3497,116.567,884.5,322.5
42,3498,116.6,898.5,316.5
43,3503,116.767,824.5,262.5
43,3505,116.833,686.5,252.5
43,3508,116.933,426.5,264.5
43,3509,116.967,370.5,278.5
43,3510,117.0,290.5,260.5
43,3511,117.033,274.5,252.5
43,3512,117.067,206.5,226.5
43,3513,117.1,170.5,210.5
43,3514,117.133,128.5,200.5
43,3515,117.167,94.5,194.5
43,3516,117.2,70.5,190.5
43,3517,117.233,34.5,186.5
43,3518,117.267,20.5,186.5
43,3519,117.3,26.5,186.5
43,3520,117.333,34.5,190.5
43,3521,117.367,42.5,194.5
43,3522,117.4,50.5,202.5
43,3523,117.433,58.5,212.5
43,3524,117.467,68.5,224.5
43,3525,117.5,78.5,240.5
43,3526,117.533,88.5,256.5
43,3527,117.567,102.5,278.5
43,3528,117.6,110.5,296.5
43,3529,117.633,122.5,322.5
43,3530,117.667,134.5,350.5
43,3531,117.7,152.5,388.5
43,3532,117.733,166.5,422.5
43,3533,117.767,182.5,456.5
43,3534,117.8,194.5,490.5
43,3535,117.833,206.5,520.5
44,3553,118.433,344.5,232.5
44,3554,118.467,350.5,230.5
44,3555,118.5,356.5,228.5
44,3556,118.533,360.5,228.5
44,3557,118.567,362.5,228.5
44,3558,118.6,368.5,228.5
45,3566,118.867,552.5,642.5
45,3567,118.9,556.5,642.5
45,3568,118.933,562.5,644.5
45,3569,118.967,570.5,642.5
45,3570,119.0,576.5,644.5
45,3571,119.033,582.5,644.5
45,3572,119.067,590.5,644.5
45,3573,119.1,596.5,644.5
45,3574,119.133,602.5,644.5
45,3575,119.167,608.5,646.5
45,3576,119.2,614.5,646.5
45,3577,119.233,620.5,646.5
45,3578,119.267,626.5,648.5
45,3579,119.3,632.5,648.5
45,3580,119.333,638.5,648.5
45,3581,119.367,642.5,648.5
45,3582,119.4,648.5,650.5
45,3583,119.433,652.5,650.5
46,3596,119.867,598.5,544.5
46,3597,119.9,566.5,502.5
46,3598,119.933,548.5,468.5
46,3599,119.967,562.5,422.5
46,3601,120.033,552.5,330.5
46,3602,120.067,556.5,296.5
46,3606,120.2,602.5,80.5
46,3607,120.233,610.5,56.5
47,3635,121.167,604.5,210.5
47,3636,121.2,578.5,220.5
47,3637,121.233,556.5,232.5
47,3638,121.267,542.5,242.5
47,3639,121.3,518.5,262.5
47,3640,121.333,500.5,278.5
47,3641,121.367,482.5,262.5
47,3642,121.4,468.5,244.5
47,3643,121.433,452.5,230.5
47,3644,121.467,434.5,216.5
47,3645,121.5,418.5,204.5
47,3646,121.533,406.5,196.5
47,3647,121.567,390.5,190.5
47,3648,121.6,376.5,188.5
47,3649,121.633,362.5,188.5
47,3650,121.667,350.5,192.5
47,3651,121.7,340.5,198.5
47,3652,121.733,330.5,206.5
47,3653,121.767,320.5,198.5
47,3654,121.8,312.5,190.5
47,3658,121.933,548.5,252.5
47,3662,122.067,292.5,184.5
47,3664,122.133,294.5,178.5
47,3665,122.167,296.5,182.5
47,3666,122.2,302.5,184.5
48,3698,123.267,290.5,254.5
48,3700,123.333,304.5,176.5
48,3701,123.367,312.5,188.5
48,3702,123.4,318.5,202.5
48,3703,123.433,330.5,212.5
48,3704,123.467,340.5,216.5
49,3714,123.8,738.5,296.5
49,3715,123.833,754.5,298.5
49,3716,123.867,772.5,304.5
49,3717,123.9,788.5,306.5
49,3718,123.933,804.5,310.5
49,3719,123.967,822.5,314.5
50,3724,124.133,328.5,236.5
50,3726,124.2,318.5,242.5
50,3727,124.233,312.5,242.5
50,3728,124.267,306.5,244.5
50,3729,124.3,302.5,244.5
50,3730,124.333,294.5,246.5
50,3731,124.367,292.5,248.5
50,3732,124.4,288.5,248.5
50,3733,124.433,284.5,250.5
50,3734,124.467,282.5,250.5
50,3735,124.5,280.5,252.5
50,3736,124.533,278.5,252.5
50,3737,124.567,276.5,254.5
50,3738,124.6,276.5,256.5
50,3739,124.633,274.5,258.5
50,3740,124.667,274.5,260.5
50,3741,124.7,274.5,264.5
50,3742,124.733,274.5,268.5
50,3743,124.767,276.5,272.5
50,3744,124.8,278.5,272.5
50,3745,124.833,278.5,272.5
50,3746,124.867,274.5,268.5
50,3747,124.9,270.5,258.5
50,3748,124.933,268.5,246.5
50,3749,124.967,262.5,226.5
50,3750,125.0,258.5,208.5
50,3751,125.033,254.5,196.5
50,3752,125.067,252.5,182.5
50,3753,125.1,292.5,250.5
50,3755,125.167,246.5,160.5
50,3756,125.2,244.5,158.5
50,3757,125.233,244.5,160.5
50,3758,125.267,244.5,162.5
50,3759,125.3,244.5,168.5
50,3760,125.333,244.5,176.5
50,3761,125.367,244.5,186.5
50,3762,125.4,246.5,202.5
50,3763,125.433,242.5,220.5
50,3764,125.467,250.5,228.5
50,3766,125.533,356.5,274.5
50,3767,125.567,388.5,286.5
50,3768,125.6,440.5,276.5
50,3769,125.633,472.5,268.5
50,3770,125.667,506.5,262.5
50,3771,125.7,550.5,260.5
50,3772,125.733,588.5,264.5
50,3773,125.767,638.5,270.5
50,3774,125.8,676.5,276.5
50,3775,125.833,708.5,288.5
50,3777,125.9,786.5,316.5
50,3778,125.933,814.5,330.5
50,3779,125.967,862.5,362.5
50,3780,126.0,898.5,356.5
50,3781,126.033,938.5,348.5
50,3782,126.067,972.5,338.5
50,3783,126.1,1002.5,336.5
50,3784,126.133,1024.5,332.5
50,3785,126.167,1032.5,298.5
50,3787,126.233,898.5,258.5
50,3788,126.267,864.5,244.5
50,3789,126.3,826.5,230.5
50,3790,126.333,788.5,220.5
50,3791,126.367,750.5,214.5
50,3792,126.4,720.5,212.5
50,3793,126.433,690.5,212.5
50,3794,126.467,670.5,216.5
50,3795,126.5,636.5,222.5
50,3796,126.533,606.5,228.5
50,3797,126.567,582.5,238.5
50,3798,126.6,562.5,246.5
50,3799,126.633,538.5,260.5
50,3800,126.667,518.5,276.5
50,3801,126.7,500.5,272.5
50,3803,126.767,450.5,218.5
50,3804,126.8,450.5,220.5
50,3805,126.833,438.5,208.5
50,3806,126.867,422.5,198.5
50,3807,126.9,384.5,204.5
50,3808,126.933,468.5,206.5
50,3809,126.967,508.5,216.5
50,3810,127.0,550.5,230.5
50,3811,127.033,594.5,246.5
50,3812,127.067,638.5,268.5
50,3814,127.133,718.5,312.5
50,3815,127.167,770.5,348.5
50,3816,127.2,808.5,376.5
50,3817,127.233,852.5,402.5
50,3818,127.267,894.5,398.5
50,3819,127.3,942.5,404.5
50,3820,127.333,992.5,410.5
50,3824,127.467,872.5,272.5
50,3825,127.5,828.5,236.5
50,3826,127.533,788.5,212.5
50,3827,127.567,754.5,194.5
50,3828,127.6,710.5,170.5
50,3829,127.633,678.5,158.5
50,3830,127.667,642.5,146.5
50,3831,127.7,614.5,142.5
50,3832,127.733,586.5,136.5
50,3833,127.767,556.5,138.5
50,3834,127.8,534.5,140.5
50,3835,127.833,512.5,146.5
50,3836,127.867,492.5,154.5
50,3837,127.9,474.5,164.5
50,3838,127.933,458.5,178.5
50,3839,127.967,442.5,190.5
50,3840,128.0,430.5,202.5
50,3841,128.033,418.5,218.5
50,3842,128.067,408.5,234.5
50,3843,128.1,398.5,258.5
50,3844,128.133,390.5,264.5
50,3845,128.167,378.5,236.5
50,3846,128.2,370.5,216.5
50,3847,128.233,360.5,196.5
50,3848,128.267,352.5,178.5
50,3849,128.3,344.5,164.5
50,3850,128.333,334.5,152.5
50,3851,128.367,328.5,144.5
50,3852,128.4,322.5,138.5
50,3853,128.433,316.5,132.5
50,3856,128.533,398.5,170.5
50,3857,128.567,432.5,184.5
50,3858,128.6,468.5,204.5
50,3859,128.633,514.5,232.5
50,3862,128.733,606.5,294.5
50,3863,128.767,598.5,316.5
50,3864,128.8,594.5,292.5
50,3867,128.9,572.5,282.5
50,3868,128.933,568.5,284.5
50,3869,128.967,564.5,278.5
50,3870,129.0,558.5,276.5
50,3871,129.033,550.5,272.5
50,3872,129.067,548.5,272.5
50,3873,129.1,542.5,274.5
50,3874,129.133,536.5,268.5
50,3875,129.167,532.5,264.5
50,3876,129.2,526.5,260.5
50,3877,129.233,520.5,260.5
50,3878,129.267,516.5,260.5
50,3879,129.3,510.5,254.5
50,3880,129.333,506.5,250.5
50,3881,129.367,500.5,250.5
50,3882,129.4,498.5,248.5
50,3883,129.433,492.5,244.5
50,3884,129.467,488.5,244.5
50,3885,129.5,484.5,246.5
50,3886,129.533,480.5,244.5
50,3887,129.567,476.5,236.5
50,3888,129.6,472.5,236.5
50,3889,129.633,468.5,236.5
50,3890,129.667,464.5,234.5
50,3891,129.7,462.5,232.5
50,3892,129.733,456.5,232.5
50,3893,129.767,454.5,226.5
50,3894,129.8,450.5,226.5
50,3895,129.833,452.5,228.5
50,3896,129.867,438.5,224.5
50,3897,129.9,416.5,220.5
50,3898,129.933,382.5,216.5
50,3899,129.967,350.5,196.5
50,3900,130.0,324.5,182.5
50,3901,130.033,308.5,168.5
51,3907,130.233,298.5,170.5
51,3908,130.267,304.5,180.5
51,3909,130.3,312.5,192.5
51,3910,130.333,320.5,202.5
51,3911,130.367,328.5,218.5
51,3913,130.433,362.5,234.5
52,3927,130.9,428.5,200.5
52,3928,130.933,422.5,204.5
52,3929,130.967,414.5,208.5
52,3930,131.0,406.5,210.5
52,3931,131.033,398.5,212.5
52,3932,131.067,386.5,214.5
52,3933,131.1,374.5,216.5
52,3935,131.167,364.5,216.5
52,3936,131.2,368.5,216.5
52,3937,131.233,372.5,216.5
52,3938,131.267,372.5,216.5
52,3939,131.3,372.5,216.5
52,3940,131.333,374.5,216.5
52,3941,131.367,374.5,216.5
52,3942,131.4,376.5,216.5
52,3943,131.433,378.5,216.5
52,3944,131.467,378.5,216.5
52,3945,131.5,378.5,216.5
52,3946,131.533,378.5,216.5
52,3947,131.567,376.5,216.5
52,3948,131.6,374.5,218.5
52,3949,131.633,372.5,216.5
52,3950,131.667,368.5,216.5
52,3951,131.7,366.5,218.5
52,3952,131.733,360.5,218.5
52,3953,131.767,358.5,218.5
52,3954,131.8,354.5,218.5
52,3956,131.867,356.5,218.5
52,3958,131.933,360.5,216.5
53,3970,132.333,362.5,192.5
53,3971,132.367,362.5,178.5
53,3972,132.4,362.5,158.5
53,3973,132.433,358.5,138.5
53,3974,132.467,358.5,122.5
53,3977,132.567,352.5,82.5
53,3981,132.7,360.5,84.5
53,3982,132.733,368.5,96.5
53,3984,132.8,398.5,122.5
53,3986,132.867,426.5,164.5
53,3987,132.9,464.5,180.5
53,3988,132.933,484.5,206.5
53,3989,132.967,504.5,230.5
53,3990,133.0,520.5,250.5
53,3991,133.033,538.5,236.5
53,3992,133.067,550.5,220.5
53,3993,133.1,560.5,206.5
53,3994,133.133,574.5,192.5
53,3995,133.167,590.5,178.5
53,3996,133.2,604.5,170.5
53,3997,133.233,618.5,164.5
53,3998,133.267,632.5,160.5
53,3999,133.3,644.5,160.5
53,4000,133.333,662.5,162.5
53,4001,133.367,678.5,168.5
53,4002,133.4,692.5,176.5
53,4003,133.433,706.5,184.5
53,4004,133.467,722.5,198.5
53,4005,133.5,736.5,216.5
53,4006,133.533,746.5,228.5
53,4007,133.567,762.5,254.5
53,4008,133.6,774.5,278.5
53,4009,133.633,782.5,294.5
53,4010,133.667,788.5,324.5
53,4011,133.7,810.5,306.5
53,4012,133.733,820.5,296.5
53,4013,133.767,838.5,278.5
53,4014,133.8,852.5,268.5
53,4015,133.833,868.5,258.5
53,4016,133.867,882.5,252.5
53,4017,133.9,896.5,248.5
53,4018,133.933,912.5,248.5
53,4021,134.033,886.5,374.5
53,4023,134.1,924.5,282.5
53,4024,134.133,926.5,298.5
53,4025,134.167,930.5,308.5
53,4027,134.233,948.5,328.5
53,4028,134.267,956.5,330.5
53,4029,134.3,962.5,330.5
53,4030,134.333,970.5,328.5
53,4031,134.367,978.5,322.5
53,4032,134.4,982.5,312.5
53,4033,134.433,990.5,300.5
54,4040,134.667,1110.5,184.5
54,4041,134.7,1032.5,180.5
54,4042,134.733,1026.5,186.5
54,4043,134.767,1030.5,186.5
54,4047,134.9,980.5,232.5
55,4052,135.067,1028.5,202.5
55,4055,135.167,842.5,328.5
55,4056,135.2,818.5,306.5
55,4057,135.233,788.5,286.5
55,4058,135.267,754.5,264.5
55,4059,135.3,724.5,248.5
55,4060,135.333,694.5,236.5
55,4061,135.367,674.5,228.5
55,4062,135.4,642.5,220.5
55,4063,135.433,622.5,218.5
55,4065,135.5,578.5,218.5
55,4066,135.533,558.5,224.5
55,4067,135.567,542.5,228.5
55,4068,135.6,528.5,236.5
55,4069,135.633,516.5,242.5
55,4070,135.667,500.5,224.5
55,4071,135.7,486.5,208.5
55,4072,135.733,474.5,198.5
55,4073,135.767,462.5,190.5
55,4075,135.833,466.5,176.5
55,4076,135.867,484.5,172.5
55,4077,135.9,498.5,170.5
55,4078,135.933,516.5,170.5
55,4079,135.967,530.5,172.5
55,4080,136.0,546.5,178.5
55,4081,136.033,562.5,186.5
55,4082,136.067,580.5,196.5
55,4083,136.1,596.5,210.5
55,4084,136.133,614.5,228.5
55,4085,136.167,630.5,246.5
55,4086,136.2,644.5,266.5
55,4087,136.233,666.5,298.5
55,4088,136.267,682.5,324.5
55,4090,136.333,712.5,362.5
55,4091,136.367,726.5,350.5
55,4092,136.4,742.5,344.5
55,4093,136.433,758.5,338.5
55,4094,136.467,772.5,336.5
55,4095,136.5,788.5,336.5
55,4096,136.533,804.5,340.5
55,4097,136.567,820.5,350.5
55,4098,136.6,798.5,350.5
55,4099,136.633,790.5,310.5
55,4100,136.667,750.5,264.5
55,4101,136.7,712.5,228.5
55,4102,136.733,676.5,192.5
55,4103,136.767,642.5,166.5
55,4104,136.8,624.5,152.5
55,4105,136.833,592.5,134.5
55,4106,136.867,568.5,122.5
55,4107,136.9,548.5,114.5
55,4108,136.933,524.5,108.5
55,4109,136.967,506.5,108.5
55,4110,137.0,488.5,108.5
55,4111,137.033,474.5,114.5
55,4112,137.067,476.5,114.5
55,4113,137.1,458.5,120.5
55,4114,137.133,446.5,130.5
55,4115,137.167,436.5,140.5
55,4116,137.2,428.5,150.5
55,4117,137.233,420.5,164.5
55,4118,137.267,410.5,178.5
55,4119,137.3,404.5,196.5
56,4158,138.6,378.5,136.5
56,4159,138.633,394.5,148.5
56,4160,138.667,406.5,158.5
56,4161,138.7,434.5,178.5
56,4162,138.733,452.5,196.5
56,4163,138.767,470.5,220.5
56,4164,138.8,484.5,240.5
56,4165,138.833,500.5,260.5
56,4166,138.867,518.5,262.5
56,4167,138.9,532.5,250.5
56,4168,138.933,548.5,242.5
56,4169,138.967,562.5,238.5
56,4170,139.0,578.5,234.5
56,4171,139.033,594.5,234.5
56,4172,139.067,612.5,238.5
56,4173,139.1,628.5,242.5
56,4174,139.133,642.5,248.5
56,4175,139.167,660.5,258.5
56,4176,139.2,678.5,274.5
56,4177,139.233,698.5,292.5
56,4178,139.267,714.5,312.5
56,4179,139.3,726.5,328.5
56,4180,139.333,742.5,366.5
56,4181,139.367,762.5,362.5
56,4182,139.4,774.5,352.5
56,4183,139.433,790.5,342.5
56,4184,139.467,806.5,334.5
56,4185,139.5,822.5,330.5
56,4186,139.533,836.5,330.5
56,4187,139.567,852.5,334.5
56,4188,139.6,868.5,340.5
56,4189,139.633,884.5,352.5
56,4190,139.667,896.5,364.5
56,4191,139.7,912.5,380.5
56,4192,139.733,924.5,392.5
56,4193,139.767,926.5,404.5
56,4194,139.8,928.5,404.5
56,4195,139.833,930.5,404.5
56,4196,139.867,934.5,408.5
56,4197,139.9,940.5,412.5
56,4198,139.933,946.5,416.5
56,4199,139.967,952.5,424.5
56,4200,140.0,960.5,432.5
56,4201,140.033,966.5,440.5
56,4202,140.067,974.5,448.5
56,4203,140.1,980.5,456.5
56,4204,140.133,986.5,464.5
56,4205,140.167,994.5,470.5
56,4206,140.2,1000.5,476.5
56,4207,140.233,1006.5,480.5
56,4208,140.267,1010.5,488.5
56,4209,140.3,1016.5,490.5
56,4210,140.333,1018.5,494.5
56,4211,140.367,1020.5,496.5
56,4212,140.4,1022.5,500.5
56,4213,140.433,1022.5,502.5
56,4214,140.467,1022.5,504.5
56,4215,140.5,1022.5,506.5
56,4216,140.533,1018.5,510.5
56,4217,140.567,1016.5,512.5
56,4218,140.6,1014.5,512.5
56,4219,140.633,1010.5,516.5
56,4220,140.667,1006.5,518.5
56,4221,140.7,1002.5,520.5
56,4222,140.733,998.5,520.5
56,4223,140.767,992.5,520.5
56,4224,140.8,984.5,520.5
56,4225,140.833,978.5,518.5
56,4227,140.9,960.5,508.5
56,4230,141.0,922.5,460.5
56,4231,141.033,896.5,420.5
56,4232,141.067,900.5,402.5
56,4233,141.1,900.5,376.5
56,4234,141.133,900.5,346.5
56,4237,141.233,920.5,288.5
56,4238,141.267,930.5,282.5
56,4239,141.3,932.5,270.5
56,4240,141.333,936.5,264.5
56,4241,141.367,942.5,262.5
56,4242,141.4,944.5,264.5
56,4243,141.433,946.5,274.5
56,4244,141.467,948.5,284.5
56,4245,141.5,950.5,298.5
56,4246,141.533,950.5,316.5
56,4247,141.567,950.5,332.5
56,4248,141.6,950.5,360.5
56,4249,141.633,950.5,390.5
56,4250,141.667,954.5,418.5
56,4251,141.7,928.5,438.5
56,4252,141.733,886.5,428.5
56,4253,141.767,836.5,418.5
56,4254,141.8,794.5,408.5
56,4255,141.833,750.5,406.5
56,4256,141.867,722.5,400.5
56,4257,141.9,690.5,366.5
56,4258,141.933,664.5,340.5
56,4259,141.967,630.5,316.5
56,4260,142.0,612.5,306.5
56,4261,142.033,586.5,294.5
56,4262,142.067,562.5,282.5
56,4263,142.1,544.5,280.5
56,4264,142.133,522.5,276.5
56,4265,142.167,506.5,276.5
56,4266,142.2,490.5,280.5
56,4267,142.233,472.5,284.5
56,4268,142.267,458.5,276.5
56,4269,142.3,442.5,260.5
56,4270,142.333,426.5,246.5
56,4271,142.367,414.5,238.5
56,4272,142.4,402.5,234.5
56,4273,142.433,390.5,228.5
56,4274,142.467,404.5,224.5
56,4275,142.5,434.5,220.5
56,4276,142.533,458.5,218.5
56,4277,142.567,490.5,218.5
56,4278,142.6,518.5,222.5
56,4279,142.633,548.5,228.5
56,4280,142.667,578.5,236.5
56,4281,142.7,610.5,248.5
56,4282,142.733,640.5,264.5
56,4283,142.767,664.5,276.5
56,4284,142.8,696.5,294.5
56,4285,142.833,724.5,318.5
56,4286,142.867,756.5,344.5
56,4287,142.9,782.5,360.5
56,4288,142.933,802.5,348.5
56,4289,142.967,834.5,340.5
56,4290,143.0,860.5,338.5
56,4291,143.033,888.5,340.5
56,4292,143.067,906.5,328.5
56,4293,143.1,882.5,314.5
56,4294,143.133,826.5,278.5
56,4295,143.167,786.5,260.5
56,4296,143.2,750.5,244.5
56,4297,143.233,712.5,228.5
56,4298,143.267,678.5,218.5
56,4299,143.3,640.5,210.5
56,4300,143.333,608.5,206.5
56,4301,143.367,578.5,204.5
56,4302,143.4,552.5,206.5
56,4303,143.433,528.5,210.5
56,4304,143.467,502.5,214.5
56,4305,143.5,480.5,222.5
56,4306,143.533,456.5,232.5
56,4307,143.567,440.5,242.5
56,4308,143.6,422.5,250.5
56,4309,143.633,402.5,266.5
56,4310,143.667,384.5,250.5
56,4311,143.7,370.5,234.5
56,4312,143.733,352.5,218.5
56,4313,143.767,338.5,204.5
56,4314,143.8,346.5,208.5
56,4315,143.833,350.5,192.5
56,4316,143.867,384.5,190.5
56,4317,143.9,418.5,190.5
56,4318,143.933,450.5,194.5
56,4319,143.967,478.5,198.5
56,4320,144.0,516.5,208.5
56,4321,144.033,544.5,214.5
56,4322,144.067,578.5,228.5
56,4323,144.1,614.5,244.5
56,4324,144.133,646.5,260.5
56,4325,144.167,678.5,280.5
56,4326,144.2,704.5,298.5
56,4327,144.233,738.5,322.5
56,4328,144.267,768.5,348.5
56,4329,144.3,796.5,340.5
56,4330,144.333,828.5,328.5
56,4331,144.367,864.5,324.5
56,4332,144.4,890.5,320.5
56,4333,144.433,924.5,324.5
56,4334,144.467,914.5,306.5
56,4335,144.5,872.5,276.5
56,4336,144.533,828.5,252.5
56,4337,144.567,788.5,232.5
56,4338,144.6,752.5,216.5
56,4339,144.633,722.5,206.5
56,4340,144.667,686.5,196.5
56,4341,144.7,648.5,188.5
56,4342,144.733,626.5,186.5
56,4343,144.767,600.5,188.5
56,4344,144.8,572.5,188.5
56,4345,144.833,550.5,194.5
56,4346,144.867,530.5,198.5
56,4347,144.9,506.5,206.5
56,4348,144.933,490.5,214.5
56,4349,144.967,472.5,226.5
56,4350,145.0,456.5,238.5
56,4351,145.033,440.5,248.5
56,4352,145.067,426.5,228.5
56,4353,145.1,408.5,208.5
56,4354,145.133,398.5,194.5
56,4355,145.167,386.5,182.5
56,4356,145.2,374.5,170.5
56,4357,145.233,390.5,170.5
56,4358,145.267,374.5,184.5
56,4359,145.3,454.5,190.5
56,4360,145.333,492.5,204.5
56,4361,145.367,530.5,220.5
56,4362,145.4,566.5,236.5
56,4363,145.433,598.5,256.5
56,4364,145.467,634.5,276.5
56,4365,145.5,680.5,312.5
56,4366,145.533,720.5,332.5
56,4367,145.567,752.5,330.5
56,4368,145.6,782.5,328.5
56,4369,145.633,828.5,330.5
56,4370,145.667,866.5,338.5
56,4371,145.7,904.5,346.5
56,4372,145.733,954.5,360.5
56,4373,145.767,984.5,372.5
56,4374,145.8,984.5,358.5
56,4375,145.833,936.5,318.5
56,4376,145.867,896.5,284.5
56,4377,145.9,856.5,258.5
56,4378,145.933,814.5,228.5
56,4379,145.967,784.5,212.5
56,4380,146.0,750.5,196.5
56,4381,146.033,716.5,182.5
56,4382,146.067,690.5,176.5
56,4383,146.1,662.5,170.5
56,4384,146.133,634.5,166.5
56,4385,146.167,610.5,164.5
56,4386,146.2,588.5,168.5
56,4387,146.233,566.5,174.5
56,4388,146.267,548.5,178.5
56,4389,146.3,532.5,188.5
56,4390,146.333,514.5,200.5
56,4391,146.367,502.5,210.5
56,4392,146.4,490.5,222.5
56,4393,146.433,476.5,238.5
56,4394,146.467,464.5,250.5
56,4395,146.5,456.5,234.5
56,4396,146.533,444.5,212.5
56,4397,146.567,436.5,196.5
56,4398,146.6,426.5,182.5
56,4399,146.633,416.5,170.5
56,4400,146.667,408.5,156.5
56,4401,146.7,398.5,150.5
56,4402,146.733,392.5,144.5
56,4403,146.767,410.5,144.5
56,4404,146.8,434.5,150.5
56,4405,146.833,456.5,156.5
56,4406,146.867,484.5,166.5
56,4407,146.9,512.5,178.5
56,4408,146.933,538.5,192.5
56,4409,146.967,566.5,210.5
56,4410,147.0,596.5,230.5
56,4411,147.033,620.5,250.5
56,4412,147.067,640.5,268.5
56,4413,147.1,680.5,310.5
56,4414,147.133,700.5,332.5
56,4415,147.167,728.5,354.5
56,4416,147.2,754.5,346.5
56,4417,147.233,782.5,340.5
56,4418,147.267,808.5,336.5
56,4419,147.3,840.5,334.5
56,4420,147.333,872.5,340.5
56,4421,147.367,900.5,346.5
56,4422,147.4,934.5,356.5
56,4423,147.433,962.5,372.5
56,4424,147.467,990.5,384.5
56,4426,147.533,872.5,288.5
56,4427,147.567,824.5,256.5
56,4428,147.6,778.5,228.5
56,4429,147.633,742.5,210.5
56,4430,147.667,702.5,192.5
56,4431,147.7,674.5,178.5
56,4432,147.733,634.5,168.5
56,4433,147.767,602.5,162.5
56,4434,147.8,574.5,162.5
56,4435,147.833,550.5,162.5
56,4436,147.867,526.5,164.5
56,4437,147.9,504.5,170.5
56,4438,147.933,486.5,178.5
56,4439,147.967,468.5,186.5
56,4440,148.0,450.5,198.5
56,4441,148.033,438.5,210.5
56,4442,148.067,426.5,224.5
56,4443,148.1,414.5,238.5
56,4444,148.133,402.5,238.5
56,4445,148.167,388.5,214.5
56,4446,148.2,378.5,194.5
56,4447,148.233,366.5,172.5
56,4448,148.267,358.5,160.5
56,4449,148.3,348.5,148.5
56,4450,148.333,340.5,136.5
56,4452,148.4,394.5,144.5
56,4453,148.433,434.5,152.5
56,4454,148.467,482.5,164.5
56,4455,148.5,524.5,178.5
56,4456,148.533,568.5,194.5
56,4457,148.567,610.5,210.5
56,4458,148.6,644.5,224.5
56,4459,148.633,686.5,244.5
56,4460,148.667,730.5,268.5
56,4461,148.7,772.5,292.5
56,4462,148.733,824.5,308.5
56,4463,148.767,858.5,304.5
56,4464,148.8,896.5,302.5
56,4465,148.833,942.5,298.5
56,4466,148.867,998.5,302.5
56,4467,148.9,1022.5,306.5
56,4468,148.933,1066.5,312.5
56,4469,148.967,1114.5,324.5
56,4470,149.0,1156.5,338.5
56,4472,149.067,1146.5,326.5
56,4473,149.1,1110.5,308.5
56,4475,149.167,954.5,254.5
56,4476,149.2,906.5,244.5
56,4477,149.233,858.5,236.5
56,4478,149.267,796.5,230.5
56,4479,149.3,762.5,230.5
56,4480,149.333,718.5,232.5
56,4481,149.367,682.5,236.5
56,4482,149.4,640.5,244.5
56,4483,149.433,616.5,254.5
56,4484,149.467,584.5,264.5
56,4485,149.5,554.5,278.5
56,4486,149.533,536.5,264.5
56,4487,149.567,510.5,244.5
56,4488,149.6,486.5,226.5
56,4489,149.633,468.5,212.5
56,4490,149.667,450.5,202.5
56,4491,149.7,426.5,192.5
56,4492,149.733,410.5,186.5
56,4493,149.767,392.5,182.5
56,4494,149.8,376.5,182.5
56,4495,149.833,382.5,174.5
56,4496,149.867,390.5,164.5
56,4497,149.9,422.5,148.5
56,4498,149.933,446.5,140.5
56,4499,149.967,470.5,132.5
56,4500,150.0,496.5,130.5
56,4501,150.033,518.5,126.5
56,4502,150.067,544.5,128.5
56,4503,150.1,568.5,132.5
56,4504,150.133,594.5,140.5
56,4505,150.167,624.5,152.5
56,4506,150.2,644.5,162.5
56,4507,150.233,676.5,182.5
56,4508,150.267,704.5,206.5
56,4509,150.3,726.5,226.5
56,4510,150.333,754.5,256.5
56,4511,150.367,776.5,280.5
56,4512,150.4,788.5,298.5
56,4513,150.433,814.5,332.5
56,4514,150.467,836.5,374.5
56,4515,150.5,854.5,358.5
56,4516,150.533,886.5,334.5
56,4517,150.567,904.5,320.5
56,4518,150.6,928.5,306.5
56,4519,150.633,950.5,296.5
56,4520,150.667,980.5,288.5
56,4521,150.7,998.5,282.5
56,4522,150.733,1022.5,282.5
56,4523,150.767,1046.5,286.5
56,4524,150.8,1068.5,292.5
56,4525,150.833,1088.5,300.5
56,4526,150.867,1108.5,314.5
56,4527,150.9,1124.5,328.5
56,4529,150.967,1152.5,192.5
57,4534,151.133,432.5,222.5
57,4535,151.167,378.5,222.5
57,4536,151.2,330.5,228.5
57,4537,151.233,280.5,234.5
57,4538,151.267,238.5,246.5
57,4539,151.3,214.5,252.5
57,4540,151.333,184.5,266.5
57,4541,151.367,166.5,282.5
57,4542,151.4,142.5,294.5
57,4544,151.467,182.5,340.5
57,4545,151.5,198.5,360.5
57,4546,151.533,218.5,384.5
57,4547,151.567,218.5,384.5
57,4548,151.6,226.5,384.5
57,4549,151.633,236.5,386.5
57,4550,151.667,246.5,390.5
57,4551,151.7,256.5,396.5
57,4552,151.733,264.5,402.5
57,4553,151.767,278.5,416.5
57,4554,151.8,288.5,426.5
57,4555,151.833,300.5,442.5
57,4556,151.867,312.5,458.5
57,4557,151.9,326.5,482.5
57,4558,151.933,336.5,486.5
57,4559,151.967,346.5,492.5
57,4560,152.0,358.5,498.5
57,4561,152.033,368.5,510.5
57,4562,152.067,380.5,522.5
57,4563,152.1,390.5,536.5
57,4564,152.133,404.5,548.5
57,4565,152.167,416.5,556.5
57,4566,152.2,430.5,564.5
57,4567,152.233,440.5,576.5
57,4568,152.267,454.5,590.5
58,4603,153.433,1078.5,652.5
58,4604,153.467,1116.5,642.5
58,4606,153.533,1014.5,670.5
58,4607,153.567,1016.5,642.5
58,4608,153.6,1018.5,610.5
58,4609,153.633,1018.5,578.5
58,4610,153.667,1020.5,552.5
58,4611,153.7,1020.5,534.5
58,4612,153.733,1018.5,520.5
58,4613,153.767,1010.5,508.5
58,4614,153.8,1008.5,502.5
58,4615,153.833,998.5,504.5
58,4616,153.867,994.5,512.5
59,4648,154.933,860.5,302.5
59,4649,154.967,814.5,312.5
59,4650,155.0,780.5,318.5
59,4651,155.033,746.5,330.5
59,4652,155.067,714.5,344.5
59,4653,155.1,684.5,364.5
59,4654,155.133,662.5,378.5
59,4655,155.167,642.5,390.5
59,4656,155.2,628.5,358.5
59,4657,155.233,616.5,328.5
59,4658,155.267,596.5,296.5
59,4659,155.3,582.5,268.5
59,4660,155.333,566.5,244.5
59,4661,155.367,554.5,226.5
59,4662,155.4,544.5,216.5
59,4663,155.433,532.5,206.5
59,4664,155.467,522.5,200.5
59,4665,155.5,512.5,196.5
59,4666,155.533,502.5,194.5
59,4667,155.567,494.5,200.5
59,4668,155.6,484.5,202.5
59,4669,155.633,478.5,210.5
59,4670,155.667,470.5,220.5
59,4671,155.7,466.5,230.5
59,4672,155.733,460.5,246.5
59,4673,155.767,454.5,260.5
59,4674,155.8,448.5,266.5
59,4675,155.833,442.5,252.5
59,4676,155.867,438.5,234.5
59,4677,155.9,430.5,216.5
59,4678,155.933,424.5,202.5
59,4679,155.967,418.5,190.5
59,4680,156.0,412.5,180.5
59,4681,156.033,410.5,162.5
59,4683,156.1,406.5,190.5
59,4684,156.133,402.5,204.5
59,4685,156.167,400.5,212.5
59,4686,156.2,394.5,218.5
59,4687,156.233,390.5,224.5
59,4689,156.3,382.5,226.5
59,4691,156.367,368.5,232.5
59,4692,156.4,360.5,234.5
59,4693,156.433,354.5,234.5
59,4695,156.5,338.5,242.5
59,4696,156.533,328.5,246.5
59,4697,156.567,320.5,248.5
59,4698,156.6,312.5,250.5
59,4699,156.633,308.5,252.5
59,4700,156.667,302.5,252.5
59,4701,156.7,296.5,254.5
59,4702,156.733,288.5,256.5
59,4703,156.767,286.5,258.5
59,4704,156.8,284.5,262.5
59,4705,156.833,282.5,266.5
59,4706,156.867,282.5,268.5
59,4707,156.9,280.5,272.5
59,4708,156.933,284.5,274.5
59,4709,156.967,280.5,274.5
59,4710,157.0,278.5,266.5
59,4711,157.033,274.5,252.5
59,4712,157.067,270.5,240.5
59,4713,157.1,264.5,222.5
59,4714,157.133,258.5,206.5
59,4715,157.167,252.5,190.5
59,4716,157.2,248.5,184.5
59,4718,157.267,244.5,172.5
59,4719,157.3,242.5,170.5
59,4720,157.333,240.5,170.5
59,4721,157.367,238.5,176.5
59,4722,157.4,236.5,180.5
59,4723,157.433,234.5,190.5
59,4724,157.467,234.5,200.5
59,4725,157.5,236.5,212.5
59,4726,157.533,236.5,226.5
59,4727,157.567,262.5,244.5
59,4728,157.6,316.5,270.5
59,4729,157.633,362.5,274.5
59,4730,157.667,406.5,260.5
59,4731,157.7,450.5,254.5
59,4732,157.733,488.5,248.5
59,4733,157.767,532.5,250.5
59,4734,157.8,578.5,252.5
59,4735,157.833,614.5,258.5
59,4736,157.867,652.5,260.5
59,4737,157.9,700.5,274.5
59,4738,157.933,748.5,290.5
59,4739,157.967,774.5,298.5
59,4740,158.0,828.5,326.5
59,4741,158.033,860.5,358.5
59,4742,158.067,906.5,356.5
59,4743,158.1,948.5,340.5
59,4744,158.133,978.5,336.5
59,4745,158.167,1008.5,330.5
59,4746,158.2,1044.5,324.5
59,4748,158.267,998.5,274.5
59,4749,158.3,958.5,246.5
59,4750,158.333,924.5,228.5
59,4751,158.367,890.5,212.5
59,4752,158.4,856.5,198.5
59,4753,158.433,824.5,188.5
59,4754,158.467,790.5,180.5
59,4755,158.5,758.5,178.5
59,4756,158.533,728.5,178.5
59,4757,158.567,698.5,182.5
59,4758,158.6,674.5,186.5
59,4759,158.633,640.5,198.5
59,4760,158.667,614.5,210.5
59,4761,158.7,590.5,222.5
59,4762,158.733,570.5,234.5
59,4763,158.767,548.5,250.5
59,4764,158.8,522.5,274.5
59,4765,158.833,506.5,290.5
59,4766,158.867,486.5,300.5
59,4767,158.9,474.5,282.5
59,4768,158.933,460.5,262.5
59,4769,158.967,442.5,244.5
59,4770,159.0,430.5,230.5
59,4771,159.033,416.5,218.5
59,4772,159.067,402.5,210.5
59,4774,159.133,374.5,198.5
59,4775,159.167,360.5,196.5
59,4776,159.2,350.5,200.5
59,4777,159.233,338.5,202.5
59,4778,159.267,322.5,214.5
59,4779,159.3,342.5,212.5
59,4780,159.333,386.5,206.5
59,4781,159.367,432.5,202.5
59,4782,159.4,472.5,202.5
59,4783,159.433,520.5,206.5
59,4784,159.467,568.5,212.5
59,4785,159.5,612.5,222.5
59,4786,159.533,646.5,230.5
59,4787,159.567,694.5,246.5
59,4788,159.6,742.5,268.5
59,4789,159.633,786.5,290.5
59,4790,159.667,818.5,310.5
59,4791,159.7,860.5,340.5
59,4792,159.733,900.5,372.5
59,4793,159.767,942.5,354.5
59,4794,159.8,992.5,336.5
59,4795,159.833,1018.5,328.5
59,4796,159.867,1064.5,318.5
59,4797,159.9,1108.5,308.5
59,4798,159.933,1154.5,306.5
59,4799,159.967,1188.5,308.5
59,4800,160.0,1224.5,310.5
59,4801,160.033,1172.5,274.5
59,4802,160.067,1116.5,238.5
59,4803,160.1,1068.5,220.5
59,4807,160.233,844.5,148.5
59,4808,160.267,796.5,142.5
59,4809,160.3,750.5,138.5
59,4810,160.333,714.5,140.5
59,4811,160.367,680.5,144.5
59,4812,160.4,634.5,150.5
59,4813,160.433,604.5,160.5
59,4814,160.467,572.5,170.5
59,4815,160.5,540.5,184.5
59,4816,160.533,520.5,196.5
59,4817,160.567,490.5,214.5
59,4818,160.6,468.5,232.5
59,4819,160.633,452.5,246.5
59,4820,160.667,436.5,260.5
59,4821,160.7,414.5,232.5
59,4822,160.733,402.5,214.5
59,4823,160.767,386.5,192.5
59,4824,160.8,370.5,174.5
59,4825,160.833,354.5,162.5
59,4826,160.867,344.5,148.5
59,4827,160.9,330.5,140.5
59,4828,160.933,318.5,134.5
59,4829,160.967,306.5,132.5
59,4830,161.0,296.5,132.5
59,4832,161.067,400.5,156.5
59,4834,161.133,390.5,148.5
59,4835,161.167,426.5,158.5
59,4836,161.2,468.5,172.5
59,4837,161.233,510.5,188.5
59,4838,161.267,564.5,212.5
59,4839,161.3,610.5,236.5
59,4840,161.333,654.5,260.5
59,4842,161.4,744.5,328.5
59,4843,161.433,806.5,346.5
59,4844,161.467,852.5,332.5
59,4845,161.5,906.5,324.5
59,4846,161.533,962.5,324.5
59,4847,161.567,1004.5,320.5
59,4848,161.6,1078.5,326.5
59,4849,161.633,1142.5,334.5
59,4850,161.667,1190.5,344.5
59,4851,161.7,1244.5,358.5
59,4854,161.8,1268.5,312.5
59,4855,161.833,1218.5,266.5
59,4856,161.867,1170.5,230.5
59,4857,161.9,1124.5,196.5
59,4861,162.033,952.5,114.5
59,4862,162.067,894.5,100.5
59,4863,162.1,856.5,92.5
59,4864,162.133,812.5,92.5
59,4865,162.167,782.5,94.5
59,4866,162.2,750.5,100.5
59,4867,162.233,716.5,106.5
59,4868,162.267,686.5,116.5
59,4869,162.3,652.5,130.5
59,4870,162.333,630.5,144.5
59,4871,162.367,604.5,160.5
59,4872,162.4,582.5,176.5
59,4873,162.433,556.5,196.5
59,4874,162.467,536.5,216.5
59,4875,162.5,520.5,234.5
59,4876,162.533,502.5,250.5
59,4877,162.567,486.5,276.5
59,4878,162.6,472.5,254.5
59,4879,162.633,462.5,232.5
59,4880,162.667,452.5,212.5
59,4881,162.7,368.5,232.5
59,4882,162.733,426.5,170.5
59,4884,162.8,408.5,146.5
59,4885,162.833,398.5,138.5
59,4886,162.867,386.5,128.5
59,4887,162.9,378.5,126.5
59,4888,162.933,368.5,126.5
59,4889,162.967,360.5,126.5
59,4890,163.0,354.5,134.5
59,4892,163.067,340.5,146.5
59,4893,163.1,390.5,100.5
59,4894,163.133,394.5,148.5
59,4895,163.167,436.5,160.5
59,4896,163.2,474.5,166.5
59,4897,163.233,512.5,180.5
59,4898,163.267,546.5,194.5
59,4899,163.3,584.5,212.5
59,4900,163.333,622.5,232.5
59,4901,163.367,644.5,244.5
59,4902,163.4,680.5,270.5
59,4903,163.433,724.5,308.5
59,4904,163.467,754.5,340.5
59,4905,163.5,776.5,356.5
59,4906,163.533,834.5,308.5
59,4907,163.567,874.5,302.5
59,4908,163.6,910.5,294.5
59,4909,163.633,948.5,292.5
59,4910,163.667,1000.5,292.5
59,4911,163.7,1034.5,294.5
59,4912,163.733,1072.5,302.5
59,4913,163.767,1112.5,312.5
59,4914,163.8,1152.5,326.5
59,4915,163.833,1192.5,344.5
59,4916,163.867,1220.5,360.5
59,4917,163.9,1240.5,360.5
59,4918,163.933,1206.5,324.5
59,4919,163.967,1164.5,284.5
59,4920,164.0,1138.5,262.5
59,4921,164.033,1084.5,220.5
59,4922,164.067,1052.5,194.5
59,4925,164.167,930.5,136.5
59,4926,164.2,890.5,124.5
59,4927,164.233,858.5,116.5
59,4928,164.267,826.5,116.5
59,4929,164.3,794.5,116.5
59,4930,164.333,764.5,118.5
59,4931,164.367,734.5,126.5
59,4932,164.4,712.5,132.5
59,4933,164.433,684.5,144.5
59,4934,164.467,666.5,154.5
59,4935,164.5,638.5,170.5
59,4936,164.533,618.5,186.5
59,4937,164.567,596.5,204.5
59,4938,164.6,578.5,224.5
59,4939,164.633,566.5,236.5
59,4940,164.667,542.5,262.5
59,4941,164.7,534.5,252.5
59,4942,164.733,520.5,224.5
59,4943,164.767,510.5,208.5
59,4944,164.8,498.5,188.5
59,4945,164.833,486.5,170.5
59,4946,164.867,474.5,156.5
59,4947,164.9,464.5,146.5
59,4948,164.933,454.5,140.5
59,4949,164.967,444.5,134.5
59,4950,165.0,436.5,134.5
59,4951,165.033,468.5,156.5
59,4952,165.067,498.5,178.5
59,4953,165.1,532.5,208.5
59,4954,165.133,562.5,234.5
59,4955,165.167,590.5,266.5
59,4956,165.2,624.5,306.5
59,4958,165.267,688.5,388.5
59,4959,165.3,720.5,384.5
59,4960,165.333,756.5,384.5
59,4961,165.367,796.5,390.5
59,4962,165.4,834.5,402.5
59,4963,165.433,870.5,414.5
59,4964,165.467,924.5,436.5
59,4965,165.5,958.5,456.5
59,4966,165.533,1010.5,488.5
59,4968,165.6,902.5,352.5
59,4971,165.7,818.5,266.5
59,4972,165.733,776.5,228.5
59,4973,165.767,734.5,194.5
59,4974,165.8,706.5,176.5
59,4975,165.833,676.5,158.5
59,4976,165.867,642.5,144.5
59,4977,165.9,618.5,136.5
59,4978,165.933,594.5,132.5
59,4979,165.967,574.5,134.5
59,4980,166.0,554.5,138.5
59,4981,166.033,538.5,146.5
59,4982,166.067,524.5,156.5
59,4983,166.1,510.5,168.5
59,4984,166.133,498.5,184.5
59,4985,166.167,488.5,200.5
59,4986,166.2,480.5,218.5
59,4987,166.233,472.5,236.5
59,4988,166.267,468.5,250.5
59,4989,166.3,462.5,274.5
59,4990,166.333,454.5,280.5
59,4991,166.367,450.5,264.5
59,4992,166.4,442.5,234.5
59,4993,166.433,436.5,212.5
59,4994,166.467,428.5,188.5
59,4995,166.5,424.5,172.5
59,4996,166.533,418.5,154.5
59,4997,166.567,414.5,144.5
59,4998,166.6,410.5,132.5
59,4999,166.633,408.5,126.5
59,5000,166.667,404.5,120.5
59,5001,166.7,404.5,122.5
59,5002,166.733,400.5,120.5
59,5003,166.767,424.5,126.5
59,5004,166.8,454.5,132.5
59,5005,166.833,482.5,140.5
59,5006,166.867,510.5,152.5
59,5007,166.9,540.5,166.5
59,5008,166.933,570.5,184.5
59,5009,166.967,598.5,202.5
59,5010,167.0,630.5,228.5
59,5011,167.033,652.5,246.5
59,5012,167.067,676.5,268.5
59,5013,167.1,716.5,314.5
59,5014,167.133,744.5,346.5
59,5015,167.167,770.5,372.5
59,5016,167.2,796.5,360.5
59,5017,167.233,828.5,350.5
59,5018,167.267,856.5,340.5
59,5019,167.3,886.5,338.5
59,5020,167.333,916.5,334.5
59,5021,167.367,948.5,336.5
59,5022,167.4,978.5,340.5
59,5023,167.433,1012.5,352.5
59,5024,167.467,1038.5,362.5
59,5025,167.5,1064.5,372.5
59,5026,167.533,1016.5,328.5
59,5027,167.567,954.5,278.5
59,5028,167.6,912.5,248.5
59,5029,167.633,870.5,224.5
59,5030,167.667,830.5,198.5
59,5031,167.7,786.5,180.5
59,5032,167.733,748.5,168.5
59,5033,167.767,716.5,162.5
59,5034,167.8,682.5,156.5
59,5035,167.833,644.5,154.5
59,5036,167.867,622.5,156.5
59,5037,167.9,598.5,162.5
59,5038,167.933,572.5,168.5
59,5039,167.967,550.5,178.5
59,5040,168.0,530.5,188.5
59,5041,168.033,510.5,204.5
59,5042,168.067,490.5,220.5
59,5043,168.1,476.5,236.5
59,5044,168.133,462.5,250.5
59,5045,168.167,450.5,266.5
59,5046,168.2,438.5,256.5
59,5047,168.233,424.5,230.5
59,5048,168.267,410.5,210.5
59,5049,168.3,402.5,194.5
59,5050,168.333,390.5,178.5
59,5051,168.367,378.5,164.5
59,5052,168.4,370.5,156.5
59,5053,168.433,358.5,148.5
59,5054,168.467,350.5,140.5
59,5055,168.5,368.5,144.5
59,5056,168.533,406.5,148.5
59,5057,168.567,440.5,158.5
59,5058,168.6,476.5,166.5
59,5059,168.633,514.5,180.5
59,5060,168.667,552.5,196.5
59,5061,168.7,590.5,212.5
59,5062,168.733,628.5,232.5
59,5063,168.767,676.5,260.5
59,5064,168.8,704.5,280.5
59,5065,168.833,748.5,308.5
59,5066,168.867,786.5,338.5
59,5067,168.9,828.5,370.5
59,5068,168.933,868.5,366.5
59,5069,168.967,910.5,354.5
59,5070,169.0,964.5,340.5
59,5071,169.033,998.5,338.5
59,5072,169.067,1030.5,334.5
59,5073,169.1,1046.5,318.5
59,5074,169.133,1006.5,292.5
59,5075,169.167,952.5,260.5
59,5076,169.2,912.5,242.5
59,5077,169.233,866.5,224.5
59,5078,169.267,828.5,210.5
59,5079,169.3,784.5,198.5
59,5080,169.333,750.5,194.5
59,5081,169.367,716.5,192.5
59,5082,169.4,684.5,192.5
59,5083,169.433,648.5,196.5
59,5084,169.467,626.5,200.5
59,5085,169.5,600.5,208.5
59,5086,169.533,574.5,218.5
59,5087,169.567,552.5,228.5
59,5088,169.6,532.5,242.5
59,5089,169.633,506.5,258.5
59,5090,169.667,490.5,274.5
59,5091,169.7,470.5,266.5
59,5092,169.733,458.5,248.5
59,5093,169.767,442.5,226.5
59,5094,169.8,428.5,210.5
59,5095,169.833,414.5,196.5
59,5096,169.867,402.5,186.5
59,5097,169.9,390.5,178.5
59,5098,169.933,378.5,172.5
59,5099,169.967,398.5,172.5
59,5100,170.0,432.5,178.5
59,5101,170.033,464.5,182.5
59,5102,170.067,498.5,192.5
59,5103,170.1,534.5,204.5
59,5104,170.133,566.5,216.5
59,5105,170.167,606.5,236.5
59,5106,170.2,644.5,260.5
59,5107,170.233,674.5,280.5
59,5108,170.267,698.5,296.5
59,5109,170.3,732.5,332.5
59,5110,170.333,758.5,344.5
59,5111,170.367,790.5,324.5
59,5112,170.4,828.5,310.5
59,5113,170.433,848.5,308.5
59,5114,170.467,878.5,306.5
59,5115,170.5,912.5,304.5
59,5116,170.533,936.5,304.5
59,5117,170.567,900.5,280.5
59,5118,170.6,860.5,260.5
59,5119,170.633,824.5,244.5
59,5120,170.667,784.5,228.5
59,5121,170.7,754.5,222.5
59,5122,170.733,720.5,214.5
59,5123,170.767,694.5,210.5
59,5124,170.8,672.5,210.5
59,5125,170.833,638.5,212.5
59,5126,170.867,612.5,216.5
59,5127,170.9,588.5,224.5
59,5128,170.933,568.5,230.5
59,5129,170.967,550.5,240.5
59,5130,171.0,530.5,250.5
59,5131,171.033,514.5,262.5
59,5132,171.067,496.5,254.5
59,5133,171.1,480.5,236.5
59,5134,171.133,466.5,222.5
59,5135,171.167,452.5,206.5
59,5136,171.2,440.5,194.5
59,5137,171.233,426.5,188.5
59,5138,171.267,420.5,182.5
59,5139,171.3,436.5,184.5
59,5140,171.333,468.5,194.5
59,5141,171.367,492.5,204.5
59,5142,171.4,518.5,216.5
59,5143,171.433,548.5,232.5
59,5144,171.467,568.5,246.5
59,5145,171.5,602.5,274.5
59,5146,171.533,626.5,296.5
59,5147,171.567,654.5,324.5
59,5148,171.6,670.5,348.5
59,5149,171.633,710.5,388.5
59,5150,171.667,734.5,388.5
59,5151,171.7,760.5,384.5
59,5152,171.733,788.5,386.5
59,5153,171.767,822.5,392.5
59,5154,171.8,810.5,374.5
59,5155,171.833,758.5,342.5
59,5156,171.867,726.5,322.5
59,5157,171.9,666.5,284.5
59,5158,171.933,630.5,268.5
59,5159,171.967,594.5,252.5
59,5160,172.0,564.5,242.5
59,5161,172.033,534.5,234.5
59,5162,172.067,510.5,228.5
59,5163,172.1,486.5,226.5
59,5164,172.133,466.5,228.5
59,5165,172.167,448.5,230.5
59,5166,172.2,432.5,234.5
59,5167,172.233,418.5,242.5
59,5168,172.267,406.5,248.5
59,5169,172.3,392.5,242.5
59,5170,172.333,378.5,220.5
59,5171,172.367,372.5,210.5
59,5173,172.433,408.5,196.5
59,5174,172.467,448.5,196.5
59,5175,172.5,480.5,198.5
59,5177,172.567,554.5,210.5
59,5178,172.6,590.5,216.5
59,5179,172.633,636.5,230.5
59,5180,172.667,678.5,244.5
59,5181,172.7,716.5,260.5
59,5182,172.733,752.5,276.5
59,5183,172.767,788.5,292.5
59,5184,172.8,822.5,308.5
59,5185,172.833,874.5,342.5
59,5186,172.867,920.5,372.5
59,5187,172.9,966.5,362.5
59,5188,172.933,992.5,358.5
59,5189,172.967,978.5,328.5
59,5190,173.0,922.5,292.5
59,5191,173.033,868.5,262.5
59,5192,173.067,822.5,240.5
59,5193,173.1,774.5,218.5
59,5194,173.133,730.5,202.5
59,5195,173.167,696.5,192.5
59,5196,173.2,646.5,178.5
59,5197,173.233,620.5,176.5
59,5198,173.267,586.5,174.5
59,5199,173.3,554.5,174.5
59,5200,173.333,528.5,176.5
59,5201,173.367,496.5,182.5
59,5202,173.4,472.5,188.5
59,5203,173.433,448.5,196.5
59,5204,173.467,428.5,206.5
59,5205,173.5,402.5,220.5
59,5206,173.533,382.5,230.5
59,5207,173.567,366.5,250.5
60,5212,173.733,298.5,328.5
60,5214,173.8,272.5,330.5
60,5215,173.833,260.5,318.5
60,5216,173.867,250.5,310.5
60,5217,173.9,240.5,300.5
60,5218,173.933,234.5,296.5
60,5220,174.0,196.5,198.5
61,5229,174.3,226.5,318.5
61,5230,174.333,230.5,324.5
61,5231,174.367,232.5,332.5
61,5232,174.4,232.5,328.5
61,5233,174.433,232.5,322.5
61,5234,174.467,232.5,320.5
61,5235,174.5,234.5,320.5
61,5236,174.533,234.5,322.5
61,5237,174.567,236.5,324.5
61,5238,174.6,234.5,326.5
61,5239,174.633,236.5,322.5
61,5240,174.667,238.5,322.5
61,5241,174.7,238.5,322.5
61,5242,174.733,240.5,320.5
61,5243,174.767,242.5,320.5
61,5244,174.8,242.5,320.5
61,5245,174.833,244.5,318.5
61,5246,174.867,244.5,318.5
61,5247,174.9,246.5,318.5
61,5248,174.933,246.5,318.5
61,5250,175.0,198.5,352.5
61,5251,175.033,198.5,352.5
61,5252,175.067,198.5,352.5
62,5286,176.2,256.5,224.5
62,5288,176.267,206.5,346.5
62,5289,176.3,216.5,342.5
62,5290,176.333,232.5,338.5
62,5291,176.367,248.5,334.5
62,5292,176.4,262.5,330.5
62,5294,176.467,296.5,332.5
62,5295,176.5,308.5,330.5
62,5296,176.533,322.5,332.5
62,5297,176.567,334.5,332.5
63,5347,178.233,1084.5,134.5
63,5349,178.3,1086.5,134.5
63,5351,178.367,1048.5,236.5
63,5353,178.433,1050.5,236.5
63,5354,178.467,1052.5,238.5
63,5356,178.533,1054.5,236.5
64,5361,178.7,382.5,226.5
64,5362,178.733,376.5,228.5
64,5364,178.8,362.5,232.5
64,5365,178.833,354.5,232.5
64,5366,178.867,350.5,234.5
64,5367,178.9,342.5,238.5
64,5368,178.933,334.5,240.5
64,5369,178.967,328.5,242.5
64,5370,179.0,322.5,244.5
64,5371,179.033,316.5,248.5
64,5372,179.067,310.5,250.5
64,5373,179.1,306.5,252.5
64,5374,179.133,302.5,256.5
64,5375,179.167,298.5,258.5
64,5376,179.2,294.5,260.5
64,5377,179.233,294.5,264.5
64,5378,179.267,290.5,266.5
64,5379,179.3,290.5,268.5
64,5381,179.367,288.5,270.5
64,5382,179.4,282.5,264.5
64,5383,179.433,280.5,252.5
64,5384,179.467,272.5,238.5
64,5385,179.5,270.5,222.5
64,5386,179.533,276.5,244.5
64,5387,179.567,258.5,204.5
64,5388,179.6,256.5,194.5
64,5389,179.633,254.5,190.5
64,5390,179.667,248.5,188.5
64,5391,179.7,248.5,188.5
64,5392,179.733,246.5,192.5
64,5393,179.767,244.5,198.5
64,5394,179.8,244.5,208.5
64,5395,179.833,246.5,216.5
64,5396,179.867,242.5,228.5
64,5397,179.9,260.5,244.5
64,5398,179.933,310.5,274.5
64,5399,179.967,332.5,292.5
64,5400,180.0,360.5,284.5
64,5401,180.033,390.5,278.5
64,5402,180.067,418.5,276.5
64,5403,180.1,452.5,272.5
64,5404,180.133,488.5,276.5
64,5405,180.167,490.5,276.5
64,5406,180.2,518.5,282.5
64,5407,180.233,550.5,290.5
64,5408,180.267,582.5,300.5
64,5409,180.3,616.5,316.5
64,5410,180.333,650.5,332.5
64,5411,180.367,688.5,354.5
64,5412,180.4,720.5,384.5
64,5413,180.433,758.5,406.5
64,5414,180.467,782.5,396.5
64,5415,180.5,816.5,390.5
64,5416,180.533,848.5,388.5
64,5417,180.567,882.5,388.5
64,5418,180.6,898.5,380.5
64,5419,180.633,866.5,360.5
64,5420,180.667,824.5,332.5
64,5421,180.7,784.5,314.5
64,5422,180.733,752.5,306.5
64,5423,180.767,720.5,294.5
64,5424,180.8,684.5,284.5
64,5425,180.833,654.5,280.5
64,5426,180.867,622.5,276.5
64,5427,180.9,598.5,280.5
64,5428,180.933,570.5,284.5
64,5429,180.967,548.5,292.5
64,5430,181.0,530.5,300.5
64,5431,181.033,510.5,310.5
64,5432,181.067,492.5,310.5
64,5433,181.1,478.5,290.5
64,5434,181.133,466.5,276.5
64,5435,181.167,450.5,260.5
64,5436,181.2,436.5,248.5
64,5437,181.233,424.5,238.5
64,5438,181.267,412.5,232.5
64,5439,181.3,400.5,228.5
64,5440,181.333,390.5,228.5
64,5441,181.367,384.5,230.5
64,5442,181.4,410.5,226.5
64,5443,181.433,442.5,222.5
64,5444,181.467,472.5,220.5
64,5445,181.5,498.5,220.5
64,5446,181.533,530.5,226.5
64,5447,181.567,558.5,230.5
64,5448,181.6,582.5,238.5
64,5449,181.633,612.5,248.5
64,5450,181.667,646.5,264.5
64,5451,181.7,678.5,280.5
64,5452,181.733,700.5,294.5
64,5453,181.767,728.5,314.5
64,5454,181.8,758.5,340.5
64,5455,181.833,784.5,324.5
64,5456,181.867,808.5,316.5
64,5457,181.9,832.5,308.5
64,5458,181.933,854.5,304.5
64,5459,181.967,884.5,302.5
64,5460,182.0,874.5,280.5
64,5461,182.033,838.5,258.5
64,5462,182.067,808.5,240.5
64,5463,182.1,768.5,218.5
64,5464,182.133,734.5,202.5
64,5465,182.167,704.5,190.5
64,5466,182.2,676.5,180.5
64,5467,182.233,642.5,174.5
64,5468,182.267,614.5,170.5
64,5469,182.3,590.5,170.5
64,5470,182.333,566.5,172.5
64,5471,182.367,544.5,178.5
64,5472,182.4,526.5,182.5
64,5473,182.433,504.5,192.5
64,5474,182.467,486.5,202.5
64,5475,182.5,470.5,212.5
64,5476,182.533,454.5,226.5
64,5477,182.567,440.5,228.5
64,5478,182.6,424.5,206.5
64,5479,182.633,414.5,190.5
64,5480,182.667,406.5,176.5
64,5481,182.7,390.5,164.5
64,5482,182.733,380.5,156.5
64,5483,182.767,370.5,148.5
64,5484,182.8,360.5,144.5
64,5485,182.833,350.5,142.5
64,5486,182.867,340.5,144.5
64,5488,182.933,324.5,148.5
64,5489,182.967,326.5,146.5
65,5525,184.167,322.5,218.5
65,5526,184.2,330.5,216.5
65,5527,184.233,338.5,210.5
65,5528,184.267,342.5,202.5
65,5529,184.3,372.5,192.5
65,5530,184.333,372.5,178.5
66,5580,186.0,426.5,84.5
66,5581,186.033,428.5,88.5
66,5583,186.1,432.5,102.5
66,5584,186.133,432.5,114.5
66,5585,186.167,432.5,126.5
66,5586,186.2,434.5,138.5
66,5587,186.233,432.5,152.5
66,5588,186.267,432.5,166.5
66,5589,186.3,430.5,178.5
66,5590,186.333,432.5,192.5
66,5591,186.367,428.5,200.5
66,5592,186.4,422.5,206.5
66,5593,186.433,418.5,208.5
66,5596,186.533,422.5,206.5
66,5597,186.567,418.5,202.5
66,5598,186.6,416.5,194.5
66,5599,186.633,414.5,186.5
66,5600,186.667,410.5,176.5
66,5601,186.7,408.5,164.5
66,5602,186.733,406.5,152.5
66,5604,186.8,402.5,124.5
66,5607,186.9,408.5,104.5
66,5609,186.967,424.5,114.5
66,5610,187.0,436.5,128.5
66,5611,187.033,452.5,146.5
66,5612,187.067,464.5,164.5
66,5613,187.1,484.5,194.5
66,5614,187.133,496.5,216.5
66,5615,187.167,514.5,246.5
66,5616,187.2,524.5,266.5
66,5617,187.233,538.5,256.5
66,5618,187.267,550.5,242.5
66,5619,187.3,560.5,228.5
66,5620,187.333,574.5,218.5
66,5622,187.4,600.5,204.5
66,5623,187.433,614.5,202.5
66,5624,187.467,626.5,202.5
66,5625,187.5,642.5,206.5
66,5626,187.533,654.5,212.5
66,5627,187.567,672.5,222.5
66,5628,187.6,684.5,232.5
66,5629,187.633,696.5,244.5
66,5630,187.667,712.5,264.5
66,5631,187.7,726.5,282.5
66,5632,187.733,742.5,310.5
66,5633,187.767,754.5,336.5
66,5634,187.8,766.5,360.5
66,5635,187.833,776.5,384.5
66,5636,187.867,792.5,364.5
66,5637,187.9,804.5,350.5
66,5638,187.933,818.5,340.5
66,5639,187.967,832.5,332.5
66,5640,188.0,844.5,328.5
66,5641,188.033,858.5,326.5
66,5642,188.067,872.5,330.5
66,5643,188.1,886.5,336.5
66,5644,188.133,898.5,342.5
66,5645,188.167,906.5,356.5
66,5646,188.2,898.5,342.5
67,5651,188.367,320.5,204.5
67,5652,188.4,320.5,208.5
67,5653,188.433,324.5,214.5
67,5655,188.5,338.5,220.5
67,5656,188.533,348.5,222.5
67,5658,188.6,240.5,338.5
67,5659,188.633,232.5,336.5
67,5660,188.667,222.5,336.5
67,5661,188.7,214.5,332.5
67,5662,188.733,208.5,330.5
68,5685,189.5,946.5,268.5
68,5686,189.533,946.5,272.5
68,5687,189.567,942.5,274.5
68,5689,189.633,930.5,284.5
68,5692,189.733,926.5,298.5
68,5693,189.767,920.5,270.5
68,5696,189.867,882.5,308.5
68,5697,189.9,854.5,312.5
68,5698,189.933,800.5,328.5
68,5699,189.967,764.5,314.5
68,5700,190.0,726.5,288.5
68,5701,190.033,700.5,278.5
68,5702,190.067,676.5,268.5
68,5703,190.1,644.5,258.5
68,5704,190.133,612.5,250.5
68,5705,190.167,582.5,246.5
68,5706,190.2,560.5,246.5
68,5707,190.233,534.5,248.5
68,5708,190.267,514.5,250.5
68,5709,190.3,490.5,258.5
68,5710,190.333,470.5,266.5
68,5711,190.367,454.5,256.5
68,5712,190.4,442.5,246.5
68,5713,190.433,426.5,232.5
68,5714,190.467,412.5,224.5
68,5715,190.5,350.5,214.5
68,5716,190.533,386.5,214.5
68,5717,190.567,416.5,212.5
68,5718,190.6,436.5,212.5
68,5719,190.633,458.5,216.5
68,5720,190.667,484.5,224.5
68,5721,190.7,508.5,230.5
68,5722,190.733,532.5,242.5
68,5723,190.767,562.5,258.5
68,5724,190.8,580.5,266.5
68,5725,190.833,610.5,290.5
68,5726,190.867,634.5,312.5
68,5727,190.9,658.5,332.5
68,5728,190.933,688.5,370.5
68,5729,190.967,710.5,372.5
68,5730,191.0,736.5,368.5
68,5731,191.033,758.5,364.5
68,5732,191.067,786.5,364.5
68,5733,191.1,818.5,372.5
68,5734,191.133,794.5,352.5
68,5735,191.167,756.5,324.5
68,5736,191.2,706.5,298.5
68,5737,191.233,674.5,282.5
68,5738,191.267,642.5,270.5
68,5739,191.3,610.5,260.5
68,5740,191.333,580.5,250.5
68,5741,191.367,552.5,244.5
68,5742,191.4,526.5,246.5
68,5743,191.433,500.5,244.5
68,5744,191.467,478.5,248.5
68,5745,191.5,456.5,254.5
68,5746,191.533,438.5,262.5
68,5747,191.567,422.5,270.5
68,5748,191.6,402.5,282.5
68,5749,191.633,388.5,296.5
68,5750,191.667,374.5,284.5
68,5751,191.7,360.5,264.5
68,5752,191.733,346.5,248.5
68,5753,191.767,336.5,234.5
68,5754,191.8,324.5,220.5
68,5755,191.833,312.5,212.5
68,5756,191.867,302.5,204.5
68,5757,191.9,292.5,200.5
68,5759,191.967,322.5,196.5
68,5760,192.0,352.5,198.5
68,5761,192.033,384.5,200.5
68,5762,192.067,416.5,204.5
68,5763,192.1,446.5,212.5
68,5764,192.133,482.5,224.5
68,5765,192.167,514.5,234.5
68,5766,192.2,552.5,252.5
68,5767,192.233,582.5,266.5
68,5768,192.267,626.5,294.5
68,5769,192.3,656.5,314.5
68,5770,192.333,686.5,336.5
68,5771,192.367,718.5,368.5
68,5772,192.4,752.5,362.5
68,5773,192.433,790.5,350.5
68,5774,192.467,818.5,342.5
68,5775,192.5,854.5,340.5
68,5776,192.533,890.5,340.5
68,5777,192.567,922.5,336.5
68,5778,192.6,894.5,318.5
68,5779,192.633,840.5,292.5
68,5780,192.667,800.5,274.5
68,5781,192.7,758.5,258.5
68,5782,192.733,716.5,244.5
68,5783,192.767,682.5,236.5
68,5784,192.8,642.5,230.5
68,5785,192.833,614.5,228.5
68,5786,192.867,588.5,230.5
68,5787,192.9,564.5,234.5
68,5788,192.933,540.5,240.5
68,5789,192.967,516.5,248.5
68,5790,193.0,498.5,256.5
68,5791,193.033,478.5,268.5
68,5792,193.067,464.5,252.5
68,5793,193.1,450.5,234.5
68,5794,193.133,436.5,216.5
68,5795,193.167,424.5,202.5
68,5796,193.2,414.5,190.5
68,5797,193.233,404.5,182.5
68,5799,193.3,400.5,176.5
68,5800,193.333,450.5,180.5
68,5801,193.367,490.5,184.5
68,5802,193.4,534.5,194.5
68,5803,193.433,572.5,206.5
68,5804,193.467,612.5,216.5
68,5805,193.5,650.5,230.5
68,5806,193.533,708.5,258.5
68,5807,193.567,748.5,278.5
68,5808,193.6,790.5,304.5
68,5809,193.633,830.5,330.5
68,5810,193.667,886.5,384.5
68,5811,193.7,930.5,380.5
68,5812,193.733,972.5,378.5
68,5813,193.767,1016.5,376.5
68,5814,193.8,1062.5,378.5
68,5815,193.833,1058.5,354.5
68,5816,193.867,1012.5,322.5
68,5817,193.9,948.5,280.5
68,5818,193.933,900.5,254.5
68,5819,193.967,854.5,230.5
68,5820,194.0,810.5,212.5
68,5821,194.033,774.5,198.5
68,5822,194.067,732.5,186.5
68,5823,194.1,700.5,180.5
68,5824,194.133,672.5,176.5
68,5825,194.167,634.5,174.5
68,5826,194.2,604.5,176.5
68,5827,194.233,578.5,178.5
68,5828,194.267,554.5,186.5
68,5829,194.3,534.5,192.5
68,5830,194.333,512.5,202.5
68,5831,194.367,490.5,214.5
68,5832,194.4,476.5,226.5
68,5833,194.433,460.5,238.5
68,5834,194.467,446.5,250.5
68,5835,194.5,432.5,230.5
68,5836,194.533,420.5,214.5
68,5837,194.567,408.5,196.5
68,5838,194.6,392.5,182.5
68,5839,194.633,386.5,170.5
68,5840,194.667,372.5,160.5
68,5841,194.7,362.5,152.5
68,5842,194.733,360.5,150.5
68,5843,194.767,354.5,146.5
68,5844,194.8,386.5,152.5
68,5845,194.833,436.5,172.5
68,5846,194.867,472.5,184.5
68,5847,194.9,512.5,202.5
68,5848,194.933,548.5,220.5
68,5849,194.967,592.5,244.5
68,5850,195.0,626.5,268.5
68,5852,195.067,688.5,314.5
68,5853,195.1,738.5,332.5
68,5854,195.133,770.5,328.5
68,5855,195.167,814.5,326.5
68,5856,195.2,848.5,328.5
68,5857,195.233,896.5,338.5
68,5858,195.267,932.5,342.5
68,5859,195.3,986.5,358.5
68,5860,195.333,1020.5,372.5
68,5861,195.367,1060.5,390.5
68,5862,195.4,1102.5,416.5
68,5863,195.433,1098.5,404.5
68,5864,195.467,1038.5,362.5
68,5865,195.5,992.5,330.5
68,5866,195.533,934.5,292.5
68,5867,195.567,872.5,260.5
68,5868,195.6,824.5,238.5
68,5869,195.633,778.5,220.5
68,5870,195.667,736.5,208.5
68,5871,195.7,696.5,196.5
68,5872,195.733,650.5,190.5
68,5873,195.767,618.5,188.5
68,5874,195.8,584.5,188.5
68,5875,195.833,554.5,192.5
68,5876,195.867,524.5,196.5
68,5877,195.9,492.5,206.5
68,5878,195.933,474.5,212.5
68,5879,195.967,448.5,228.5
68,5880,196.0,428.5,244.5
68,5881,196.033,410.5,258.5
68,5882,196.067,394.5,274.5
68,5883,196.1,378.5,292.5
68,5885,196.167,350.5,256.5
68,5886,196.2,332.5,236.5
68,5887,196.233,320.5,216.5
68,5888,196.267,306.5,202.5
68,5889,196.3,292.5,190.5
68,5890,196.333,280.5,180.5
68,5891,196.367,270.5,174.5
68,5892,196.4,260.5,168.5
68,5893,196.433,250.5,168.5
68,5894,196.467,262.5,154.5
68,5895,196.5,270.5,148.5
68,5896,196.533,294.5,182.5
68,5897,196.567,318.5,156.5
68,5899,196.633,468.5,248.5
68,5900,196.667,530.5,278.5
68,5901,196.7,582.5,308.5
68,5903,196.767,724.5,404.5
68,5905,196.833,850.5,396.5
68,5906,196.867,906.5,394.5
68,5908,196.933,1060.5,410.5
68,5909,196.967,1144.5,426.5
68,5910,197.0,1212.5,416.5
68,5912,197.067,1090.5,288.5
68,5916,197.2,836.5,82.5
68,5917,197.233,776.5,46.5
68,5918,197.267,728.5,20.5
69,5930,197.667,314.5,22.5
69,5931,197.7,298.5,40.5
69,5932,197.733,284.5,66.5
69,5933,197.767,266.5,84.5
69,5934,197.8,254.5,106.5
69,5935,197.833,246.5,128.5
69,5936,197.867,236.5,154.5
69,5937,197.9,228.5,178.5
69,5938,197.933,218.5,208.5
69,5939,197.967,214.5,232.5
69,5940,198.0,210.5,250.5
69,5941,198.033,208.5,280.5
69,5942,198.067,204.5,304.5
69,5943,198.1,200.5,330.5
69,5946,198.2,194.5,374.5
69,5947,198.233,186.5,356.5
69,5948,198.267,182.5,338.5
69,5949,198.3,176.5,326.5
69,5950,198.333,170.5,316.5
69,5951,198.367,170.5,304.5
69,5952,198.4,162.5,296.5
69,5954,198.467,278.5,248.5
69,5955,198.5,274.5,250.5
69,5956,198.533,272.5,252.5
69,5958,198.6,274.5,250.5
69,5960,198.667,280.5,248.5
69,5962,198.733,180.5,280.5
69,5963,198.767,180.5,266.5
69,5964,198.8,180.5,254.5
69,5965,198.833,178.5,246.5
69,5966,198.867,178.5,240.5
69,5967,198.9,176.5,234.5
69,5968,198.933,176.5,230.5
69,5969,198.967,176.5,232.5
69,5970,199.0,176.5,232.5
69,5971,199.033,180.5,236.5
69,5972,199.067,182.5,244.5
69,5973,199.1,184.5,254.5
69,5974,199.133,182.5,240.5
69,5975,199.167,172.5,226.5
69,5976,199.2,168.5,210.5
69,5977,199.233,160.5,186.5
69,5978,199.267,164.5,166.5
70,5990,199.667,324.5,170.5
70,5991,199.7,346.5,186.5
70,5992,199.733,368.5,202.5
70,5993,199.767,394.5,228.5
70,5994,199.8,412.5,250.5
70,5995,199.833,434.5,274.5
70,5996,199.867,456.5,292.5
70,5997,199.9,478.5,280.5
70,5998,199.933,496.5,270.5
70,5999,199.967,514.5,260.5
70,6000,200.0,540.5,260.5
70,6001,200.033,560.5,260.5
70,6002,200.067,582.5,260.5
70,6003,200.1,608.5,264.5
70,6004,200.133,632.5,272.5
70,6005,200.167,650.5,282.5
70,6006,200.2,680.5,294.5
70,6007,200.233,702.5,312.5
70,6008,200.267,726.5,336.5
70,6009,200.3,756.5,360.5
70,6010,200.333,774.5,386.5
70,6011,200.367,796.5,418.5
70,6012,200.4,818.5,406.5
70,6013,200.433,838.5,394.5
70,6014,200.467,866.5,386.5
70,6015,200.5,890.5,380.5
70,6016,200.533,914.5,376.5
70,6017,200.567,938.5,378.5
70,6018,200.6,964.5,382.5
70,6019,200.633,988.5,388.5
70,6020,200.667,1000.5,420.5
70,6024,200.8,1022.5,232.5
71,6074,202.467,936.5,436.5
71,6075,202.5,930.5,416.5
71,6076,202.533,916.5,376.5
71,6077,202.567,914.5,346.5
71,6079,202.633,928.5,310.5
71,6080,202.667,932.5,292.5
71,6081,202.7,934.5,282.5
71,6082,202.733,934.5,272.5
71,6083,202.767,936.5,264.5
71,6084,202.8,936.5,262.5
71,6085,202.833,936.5,266.5
71,6086,202.867,936.5,272.5
71,6087,202.9,934.5,282.5
71,6088,202.933,932.5,296.5
71,6089,202.967,928.5,312.5
71,6090,203.0,926.5,334.5
71,6091,203.033,922.5,354.5
71,6092,203.067,920.5,378.5
71,6093,203.1,918.5,402.5
71,6094,203.133,910.5,402.5
71,6095,203.167,894.5,382.5
71,6097,203.233,866.5,332.5
71,6100,203.333,604.5,312.5
71,6101,203.367,572.5,294.5
71,6102,203.4,536.5,276.5
71,6103,203.433,504.5,264.5
71,6104,203.467,476.5,260.5
71,6105,203.5,452.5,258.5
71,6106,203.533,428.5,258.5
71,6107,203.567,402.5,260.5
71,6108,203.6,382.5,266.5
71,6109,203.633,364.5,274.5
71,6110,203.667,348.5,276.5
71,6111,203.7,330.5,260.5
71,6112,203.733,312.5,242.5
71,6113,203.767,296.5,228.5
71,6114,203.8,280.5,218.5
71,6115,203.833,242.5,210.5
71,6116,203.867,326.5,196.5
71,6117,203.9,356.5,188.5
71,6118,203.933,394.5,180.5
71,6119,203.967,434.5,178.5
71,6120,204.0,474.5,178.5
71,6121,204.033,510.5,180.5
71,6122,204.067,548.5,186.5
71,6123,204.1,586.5,194.5
71,6124,204.133,626.5,204.5
71,6125,204.167,670.5,220.5
71,6126,204.2,696.5,230.5
71,6127,204.233,738.5,252.5
71,6128,204.267,778.5,276.5
71,6129,204.3,808.5,294.5
71,6130,204.333,834.5,312.5
71,6131,204.367,874.5,342.5
71,6132,204.4,914.5,324.5
71,6133,204.433,940.5,316.5
71,6134,204.467,978.5,304.5
71,6135,204.5,1004.5,296.5
71,6136,204.533,1040.5,290.5
71,6137,204.567,1076.5,290.5
71,6138,204.6,1098.5,290.5
71,6142,204.733,1114.5,234.5
71,6143,204.767,1058.5,206.5
71,6145,204.833,1192.5,152.5
71,6146,204.867,1206.5,136.5
71,6148,204.933,1238.5,122.5
71,6149,204.967,1252.5,120.5
72,6192,206.4,244.5,366.5
72,6193,206.433,220.5,376.5
72,6194,206.467,194.5,390.5
72,6195,206.5,160.5,404.5
72,6196,206.533,130.5,420.5
72,6197,206.567,96.5,436.5
72,6198,206.6,64.5,444.5
72,6200,206.667,122.5,410.5
73,6266,208.867,62.5,442.5
73,6267,208.9,82.5,442.5
73,6268,208.933,108.5,436.5
73,6269,208.967,148.5,408.5
73,6270,209.0,176.5,396.5
73,6271,209.033,198.5,402.5
73,6272,209.067,222.5,392.5
73,6273,209.1,250.5,386.5
73,6274,209.133,270.5,378.5
73,6277,209.233,316.5,164.5
73,6278,209.267,314.5,162.5
73,6279,209.3,346.5,182.5
73,6280,209.333,384.5,210.5
73,6281,209.367,404.5,228.5
73,6282,209.4,434.5,254.5
73,6283,209.433,460.5,276.5
73,6284,209.467,486.5,296.5
73,6285,209.5,502.5,280.5
73,6286,209.533,522.5,262.5
73,6287,209.567,546.5,244.5
73,6288,209.6,562.5,236.5
73,6289,209.633,580.5,228.5
73,6290,209.667,602.5,222.5
73,6291,209.7,624.5,220.5
73,6292,209.733,642.5,218.5
73,6293,209.767,668.5,224.5
73,6294,209.8,686.5,228.5
73,6295,209.833,708.5,238.5
73,6296,209.867,724.5,248.5
73,6297,209.9,748.5,264.5
73,6298,209.933,770.5,284.5
73,6299,209.967,782.5,294.5
73,6300,210.0,806.5,324.5
73,6301,210.033,818.5,344.5
73,6302,210.067,836.5,370.5
73,6303,210.1,850.5,354.5
73,6304,210.133,870.5,338.5
73,6305,210.167,894.5,322.5
73,6306,210.2,916.5,314.5
73,6307,210.233,930.5,306.5
73,6308,210.267,928.5,282.5
73,6309,210.3,936.5,290.5
73,6310,210.333,958.5,226.5
73,6311,210.367,962.5,206.5
73,6312,210.4,966.5,182.5
73,6313,210.433,974.5,162.5
73,6314,210.467,978.5,144.5
73,6315,210.5,980.5,130.5
73,6316,210.533,980.5,118.5
73,6317,210.567,980.5,106.5
73,6318,210.6,982.5,106.5
73,6319,210.633,984.5,110.5
73,6320,210.667,982.5,116.5
73,6321,210.7,982.5,126.5
73,6322,210.733,984.5,140.5
73,6323,210.767,982.5,156.5
73,6324,210.8,982.5,178.5
73,6325,210.833,974.5,194.5
73,6326,210.867,968.5,224.5
73,6327,210.9,964.5,246.5
73,6328,210.933,958.5,280.5
73,6329,210.967,954.5,316.5
73,6330,211.0,950.5,332.5
74,6377,212.567,368.5,192.5
74,6378,212.6,360.5,180.5
74,6379,212.633,356.5,166.5
74,6380,212.667,352.5,150.5
74,6381,212.7,350.5,132.5
74,6383,212.767,344.5,98.5
74,6384,212.8,344.5,88.5
75,6392,213.067,912.5,502.5
75,6393,213.1,916.5,482.5
75,6394,213.133,890.5,436.5
75,6395,213.167,870.5,388.5
75,6396,213.2,836.5,358.5
75,6397,213.233,806.5,320.5
75,6398,213.267,772.5,284.5
75,6399,213.3,746.5,260.5
75,6400,213.333,722.5,242.5
75,6401,213.367,690.5,220.5
75,6402,213.4,672.5,210.5
75,6403,213.433,642.5,198.5
75,6404,213.467,622.5,194.5
75,6405,213.5,600.5,194.5
75,6406,213.533,580.5,194.5
75,6407,213.567,562.5,200.5
75,6408,213.6,544.5,210.5
75,6409,213.633,530.5,218.5
75,6410,213.667,516.5,228.5
75,6411,213.7,502.5,246.5
75,6412,213.733,488.5,262.5
75,6413,213.767,478.5,278.5
75,6414,213.8,468.5,296.5
75,6415,213.833,456.5,274.5
75,6416,213.867,446.5,250.5
75,6417,213.9,438.5,232.5
75,6418,213.933,426.5,212.5
75,6419,213.967,420.5,200.5
75,6420,214.0,410.5,188.5
75,6421,214.033,404.5,178.5
75,6422,214.067,394.5,170.5
75,6423,214.1,386.5,166.5
75,6424,214.133,382.5,166.5
75,6425,214.167,384.5,180.5
75,6426,214.2,382.5,194.5
75,6427,214.233,382.5,204.5
75,6429,214.3,372.5,214.5
75,6430,214.333,372.5,220.5
75,6431,214.367,368.5,224.5
75,6432,214.4,358.5,224.5
75,6433,214.433,356.5,232.5
75,6434,214.467,352.5,234.5
75,6435,214.5,346.5,236.5
75,6436,214.533,342.5,240.5
75,6440,214.667,312.5,250.5
75,6442,214.733,302.5,252.5
75,6443,214.767,298.5,256.5
75,6444,214.8,294.5,256.5
75,6445,214.833,290.5,258.5
75,6446,214.867,288.5,260.5
75,6447,214.9,288.5,262.5
75,6448,214.933,286.5,264.5
75,6449,214.967,286.5,266.5
75,6450,215.0,284.5,268.5
75,6451,215.033,286.5,272.5
75,6452,215.067,288.5,272.5
75,6453,215.1,284.5,272.5
75,6454,215.133,284.5,268.5
75,6455,215.167,282.5,256.5
75,6456,215.2,276.5,240.5
75,6457,215.233,274.5,222.5
75,6458,215.267,268.5,206.5
75,6459,215.3,264.5,196.5
75,6460,215.333,262.5,188.5
75,6461,215.367,260.5,180.5
75,6463,215.433,256.5,174.5
75,6464,215.467,256.5,176.5
75,6465,215.5,254.5,180.5
75,6466,215.533,254.5,186.5
75,6467,215.567,250.5,194.5
75,6468,215.6,252.5,208.5
75,6469,215.633,254.5,216.5
75,6471,215.7,322.5,258.5
75,6472,215.733,362.5,276.5
75,6473,215.767,396.5,276.5
75,6474,215.8,434.5,264.5
75,6475,215.833,470.5,258.5
75,6476,215.867,508.5,252.5
75,6477,215.9,542.5,252.5
75,6478,215.933,586.5,258.5
75,6479,215.967,620.5,262.5
75,6480,216.0,654.5,270.5
75,6481,216.033,694.5,280.5
75,6482,216.067,734.5,296.5
75,6483,216.1,768.5,310.5
75,6484,216.133,802.5,330.5
75,6485,216.167,842.5,360.5
75,6486,216.2,876.5,356.5
75,6487,216.233,910.5,344.5
75,6488,216.267,942.5,334.5
75,6489,216.3,976.5,332.5
75,6490,216.333,984.5,320.5
75,6491,216.367,944.5,292.5
75,6492,216.4,898.5,260.5
75,6493,216.433,866.5,244.5
75,6494,216.467,830.5,226.5
75,6495,216.5,792.5,210.5
75,6496,216.533,760.5,200.5
75,6497,216.567,732.5,194.5
75,6498,216.6,702.5,190.5
75,6499,216.633,676.5,188.5
75,6500,216.667,644.5,190.5
75,6501,216.7,622.5,194.5
75,6502,216.733,598.5,198.5
75,6503,216.767,574.5,206.5
75,6504,216.8,554.5,214.5
75,6505,216.833,534.5,226.5
75,6506,216.867,518.5,236.5
75,6507,216.9,496.5,248.5
75,6508,216.933,482.5,264.5
75,6509,216.967,468.5,246.5
75,6510,217.0,452.5,226.5
75,6511,217.033,438.5,210.5
75,6512,217.067,426.5,200.5
75,6513,217.1,416.5,188.5
75,6514,217.133,402.5,180.5
75,6516,217.2,386.5,178.5
75,6517,217.233,456.5,196.5
75,6518,217.267,490.5,212.5
75,6519,217.3,534.5,234.5
75,6520,217.333,562.5,250.5
75,6522,217.4,648.5,292.5
75,6523,217.433,684.5,312.5
75,6524,217.467,710.5,326.5
75,6525,217.5,748.5,346.5
75,6526,217.533,780.5,342.5
75,6527,217.567,812.5,340.5
75,6528,217.6,846.5,344.5
75,6529,217.633,880.5,354.5
75,6530,217.667,910.5,364.5
75,6531,217.7,950.5,380.5
75,6532,217.733,980.5,400.5
75,6533,217.767,1012.5,420.5
75,6534,217.8,1044.5,444.5
75,6535,217.833,1046.5,438.5
75,6536,217.867,996.5,388.5
75,6537,217.9,938.5,330.5
75,6538,217.933,890.5,290.5
75,6539,217.967,850.5,258.5
75,6540,218.0,806.5,226.5
75,6541,218.033,772.5,202.5
75,6542,218.067,736.5,180.5
75,6543,218.1,704.5,164.5
75,6544,218.133,678.5,154.5
75,6545,218.167,644.5,144.5
75,6546,218.2,624.5,140.5
75,6547,218.233,598.5,136.5
75,6548,218.267,578.5,134.5
75,6549,218.3,558.5,136.5
75,6550,218.333,540.5,142.5
75,6551,218.367,522.5,146.5
75,6552,218.4,508.5,156.5
75,6553,218.433,494.5,164.5
75,6554,218.467,484.5,176.5
75,6555,218.5,470.5,188.5
75,6556,218.533,462.5,200.5
75,6557,218.567,454.5,212.5
76,6702,223.4,342.5,234.5
76,6703,223.433,336.5,238.5
76,6704,223.467,330.5,240.5
76,6705,223.5,324.5,240.5
76,6706,223.533,318.5,242.5
76,6707,223.567,312.5,244.5
76,6708,223.6,308.5,246.5
76,6709,223.633,302.5,248.5
76,6710,223.667,296.5,248.5
76,6711,223.7,294.5,248.5
76,6712,223.733,290.5,250.5
76,6713,223.767,288.5,250.5
76,6714,223.8,284.5,252.5
76,6715,223.833,282.5,254.5
76,6716,223.867,282.5,258.5
76,6717,223.9,282.5,258.5
76,6718,223.933,280.5,260.5
76,6719,223.967,278.5,264.5
76,6720,224.0,280.5,266.5
76,6721,224.033,280.5,266.5
76,6722,224.067,280.5,270.5
76,6723,224.1,278.5,266.5
76,6724,224.133,276.5,260.5
76,6725,224.167,272.5,248.5
76,6726,224.2,266.5,236.5
76,6727,224.233,258.5,224.5
76,6728,224.267,262.5,210.5
76,6729,224.3,258.5,210.5
76,6730,224.333,256.5,198.5
76,6731,224.367,256.5,194.5
76,6732,224.4,254.5,196.5
76,6733,224.433,252.5,196.5
76,6734,224.467,252.5,204.5
76,6735,224.5,250.5,210.5
76,6736,224.533,254.5,220.5
76,6737,224.567,254.5,226.5
76,6738,224.6,282.5,244.5
76,6740,224.667,360.5,280.5
76,6741,224.7,390.5,272.5
76,6742,224.733,422.5,264.5
76,6743,224.767,454.5,262.5
76,6744,224.8,488.5,260.5
76,6745,224.833,522.5,266.5
76,6746,224.867,552.5,268.5
76,6747,224.9,600.5,280.5
76,6748,224.933,630.5,292.5
76,6749,224.967,666.5,308.5
76,6750,225.0,702.5,324.5
76,6751,225.033,738.5,344.5
76,6752,225.067,768.5,364.5
76,6753,225.1,806.5,384.5
76,6754,225.133,834.5,372.5
76,6755,225.167,870.5,364.5
76,6756,225.2,902.5,360.5
76,6757,225.233,936.5,360.5
76,6758,225.267,938.5,344.5
76,6759,225.3,896.5,314.5
76,6760,225.333,858.5,290.5
76,6761,225.367,820.5,268.5
76,6762,225.4,784.5,250.5
76,6763,225.433,756.5,240.5
76,6764,225.467,720.5,228.5
76,6765,225.5,688.5,220.5
76,6766,225.533,668.5,218.5
76,6767,225.567,632.5,214.5
76,6768,225.6,606.5,218.5
76,6769,225.633,578.5,222.5
76,6770,225.667,556.5,228.5
76,6771,225.7,534.5,234.5
76,6772,225.733,512.5,246.5
76,6773,225.767,488.5,258.5
76,6774,225.8,472.5,272.5
76,6775,225.833,456.5,282.5
76,6776,225.867,436.5,280.5
76,6777,225.9,424.5,264.5
76,6778,225.933,408.5,244.5
76,6779,225.967,392.5,228.5
76,6780,226.0,378.5,216.5
76,6781,226.033,366.5,206.5
76,6784,226.133,400.5,196.5
76,6785,226.167,440.5,198.5
76,6786,226.2,476.5,204.5
76,6787,226.233,510.5,210.5
76,6788,226.267,546.5,218.5
76,6789,226.3,584.5,230.5
76,6790,226.333,622.5,244.5
76,6791,226.367,654.5,258.5
76,6792,226.4,688.5,276.5
76,6793,226.433,724.5,298.5
76,6794,226.467,764.5,322.5
76,6795,226.5,790.5,346.5
76,6796,226.533,832.5,352.5
76,6797,226.567,862.5,342.5
76,6798,226.6,898.5,338.5
76,6799,226.633,934.5,332.5
76,6800,226.667,970.5,330.5
76,6801,226.7,1002.5,332.5
76,6802,226.733,1038.5,338.5
76,6803,226.767,1066.5,342.5
76,6804,226.8,1054.5,324.5
76,6805,226.833,1006.5,286.5
76,6806,226.867,956.5,254.5
76,6807,226.9,916.5,228.5
76,6808,226.933,878.5,210.5
76,6809,226.967,838.5,194.5
76,6810,227.0,794.5,178.5
76,6811,227.033,768.5,174.5
76,6812,227.067,734.5,168.5
76,6813,227.1,702.5,166.5
76,6814,227.133,682.5,168.5
76,6815,227.167,646.5,172.5
76,6816,227.2,630.5,178.5
76,6817,227.233,606.5,186.5
76,6818,227.267,588.5,194.5
76,6819,227.3,566.5,208.5
76,6820,227.333,550.5,220.5
76,6821,227.367,534.5,234.5
76,6822,227.4,516.5,238.5
76,6823,227.433,506.5,218.5
76,6824,227.467,494.5,202.5
76,6825,227.5,484.5,186.5
76,6826,227.533,472.5,172.5
76,6827,227.567,462.5,160.5
76,6828,227.6,452.5,150.5
76,6829,227.633,442.5,142.5
76,6830,227.667,432.5,144.5
76,6832,227.733,514.5,164.5
76,6833,227.767,548.5,178.5
76,6834,227.8,590.5,196.5
76,6835,227.833,622.5,214.5
76,6836,227.867,670.5,244.5
76,6837,227.9,692.5,260.5
76,6838,227.933,726.5,288.5
76,6839,227.967,764.5,316.5
76,6840,228.0,804.5,362.5
76,6841,228.033,844.5,358.5
76,6842,228.067,880.5,356.5
76,6843,228.1,926.5,356.5
76,6844,228.133,972.5,360.5
76,6845,228.167,1014.5,372.5
76,6846,228.2,1054.5,382.5
76,6847,228.233,1096.5,394.5
76,6848,228.267,1060.5,356.5
76,6849,228.3,1008.5,312.5
76,6850,228.333,954.5,276.5
76,6851,228.367,906.5,244.5
76,6852,228.4,866.5,222.5
76,6853,228.433,828.5,202.5
76,6854,228.467,786.5,184.5
76,6855,228.5,750.5,174.5
76,6856,228.533,716.5,164.5
76,6857,228.567,682.5,158.5
76,6858,228.6,648.5,156.5
76,6859,228.633,626.5,158.5
76,6860,228.667,602.5,162.5
76,6861,228.7,576.5,166.5
76,6862,228.733,554.5,174.5
76,6863,228.767,534.5,184.5
76,6864,228.8,518.5,194.5
76,6865,228.833,502.5,206.5
76,6866,228.867,486.5,220.5
76,6867,228.9,470.5,236.5
76,6868,228.933,460.5,250.5
76,6869,228.967,452.5,260.5
76,6870,229.0,438.5,236.5
76,6871,229.033,424.5,214.5
76,6872,229.067,416.5,196.5
76,6873,229.1,404.5,180.5
76,6874,229.133,392.5,170.5
76,6875,229.167,382.5,156.5
76,6876,229.2,374.5,152.5
76,6877,229.233,364.5,144.5
76,6878,229.267,388.5,152.5
76,6879,229.3,446.5,178.5
76,6880,229.333,480.5,194.5
76,6881,229.367,518.5,212.5
76,6882,229.4,562.5,236.5
76,6883,229.433,592.5,258.5
76,6884,229.467,628.5,276.5
76,6885,229.5,676.5,316.5
76,6887,229.567,772.5,372.5
76,6888,229.6,818.5,374.5
76,6889,229.633,852.5,380.5
76,6890,229.667,902.5,390.5
76,6891,229.7,964.5,404.5
76,6892,229.733,1014.5,420.5
76,6893,229.767,1064.5,440.5
76,6894,229.8,1118.5,462.5
76,6895,229.833,1086.5,430.5
76,6896,229.867,1012.5,384.5
76,6897,229.9,950.5,346.5
76,6898,229.933,888.5,306.5
76,6899,229.967,832.5,276.5
76,6900,230.0,782.5,260.5
76,6901,230.033,742.5,244.5
76,6902,230.067,698.5,230.5
76,6903,230.1,672.5,226.5
76,6904,230.133,634.5,222.5
76,6905,230.167,602.5,222.5
76,6906,230.2,576.5,226.5
76,6907,230.233,554.5,230.5
76,6908,230.267,534.5,236.5
76,6909,230.3,512.5,248.5
76,6910,230.333,498.5,260.5
76,6911,230.367,486.5,270.5
76,6912,230.4,470.5,264.5
76,6913,230.433,458.5,244.5
76,6914,230.467,450.5,222.5
76,6915,230.5,438.5,202.5
76,6916,230.533,428.5,188.5
76,6917,230.567,418.5,176.5
76,6918,230.6,408.5,164.5
76,6919,230.633,402.5,158.5
76,6921,230.7,406.5,150.5
76,6922,230.733,422.5,146.5
76,6923,230.767,448.5,142.5
76,6924,230.8,474.5,142.5
76,6925,230.833,500.5,146.5
76,6926,230.867,524.5,150.5
76,6927,230.9,550.5,160.5
76,6928,230.933,576.5,168.5
76,6929,230.967,600.5,180.5
76,6930,231.0,634.5,200.5
76,6931,231.033,656.5,216.5
76,6932,231.067,690.5,244.5
76,6933,231.1,710.5,262.5
76,6934,231.133,738.5,290.5
76,6935,231.167,766.5,316.5
76,6936,231.2,792.5,356.5
76,6937,231.233,824.5,378.5
76,6938,231.267,848.5,360.5
76,6939,231.3,878.5,348.5
76,6940,231.333,906.5,342.5
76,6941,231.367,934.5,332.5
76,6942,231.4,962.5,326.5
76,6943,231.433,992.5,328.5
76,6944,231.467,1022.5,330.5
76,6945,231.5,1056.5,340.5
76,6946,231.533,1072.5,340.5
76,6947,231.567,1018.5,308.5
76,6948,231.6,954.5,278.5
76,6949,231.633,918.5,260.5
76,6950,231.667,870.5,244.5
76,6951,231.7,822.5,230.5
76,6952,231.733,776.5,222.5
76,6953,231.767,732.5,214.5
76,6954,231.8,688.5,214.5
76,6955,231.833,652.5,216.5
76,6956,231.867,618.5,222.5
76,6957,231.9,586.5,228.5
76,6958,231.933,554.5,240.5
76,6959,231.967,522.5,250.5
76,6960,232.0,498.5,266.5
76,6961,232.033,474.5,280.5
76,6963,232.1,362.5,346.5
76,6964,232.133,410.5,328.5
76,6965,232.167,392.5,304.5
76,6966,232.2,376.5,282.5
76,6967,232.233,362.5,260.5
76,6968,232.267,344.5,240.5
76,6969,232.3,334.5,228.5
76,6970,232.333,316.5,210.5
76,6971,232.367,304.5,202.5
76,6972,232.4,292.5,196.5
76,6973,232.433,280.5,192.5
76,6974,232.467,270.5,192.5
76,6975,232.5,260.5,194.5
76,6976,232.533,250.5,202.5
76,6977,232.567,244.5,206.5
76,6978,232.6,266.5,202.5
76,6979,232.633,296.5,198.5
76,6980,232.667,334.5,192.5
76,6981,232.7,366.5,190.5
76,6982,232.733,402.5,196.5
76,6983,232.767,442.5,200.5
76,6984,232.8,476.5,208.5
76,6985,232.833,514.5,222.5
76,6986,232.867,560.5,244.5
76,6987,232.9,582.5,254.5
76,6988,232.933,628.5,276.5
76,6989,232.967,668.5,310.5
76,6990,233.0,696.5,330.5
76,6991,233.033,742.5,370.5
76,6992,233.067,766.5,400.5
76,6993,233.1,816.5,424.5
76,6994,233.133,850.5,406.5
76,6995,233.167,896.5,388.5
76,6996,233.2,934.5,380.5
76,6997,233.233,902.5,324.5
76,6998,233.267,860.5,288.5
76,6999,233.3,824.5,262.5
76,7000,233.333,786.5,230.5
76,7001,233.367,760.5,212.5
76,7002,233.4,732.5,194.5
76,7003,233.433,702.5,178.5
76,7004,233.467,676.5,166.5
76,7005,233.5,648.5,156.5
76,7006,233.533,632.5,156.5
76,7007,233.567,612.5,156.5
76,7008,233.6,596.5,158.5
76,7009,233.633,582.5,162.5
76,7010,233.667,568.5,168.5
76,7011,233.7,556.5,178.5
76,7012,233.733,544.5,188.5
76,7013,233.767,534.5,200.5
76,7014,233.8,526.5,212.5
76,7015,233.833,520.5,226.5
76,7016,233.867,512.5,234.5
76,7017,233.9,508.5,212.5
76,7018,233.933,504.5,190.5
76,7019,233.967,500.5,172.5
76,7020,234.0,496.5,156.5
76,7021,234.033,492.5,144.5
76,7022,234.067,488.5,134.5
76,7023,234.1,488.5,126.5
76,7024,234.133,486.5,120.5
76,7025,234.167,484.5,114.5
76,7027,234.233,498.5,120.5
76,7028,234.267,520.5,132.5
76,7029,234.3,546.5,144.5
76,7030,234.333,564.5,154.5
76,7031,234.367,592.5,172.5
76,7032,234.4,614.5,190.5
76,7033,234.433,640.5,212.5
76,7034,234.467,656.5,228.5
76,7035,234.5,686.5,262.5
76,7036,234.533,710.5,292.5
76,7037,234.567,726.5,322.5
76,7038,234.6,750.5,324.5
76,7039,234.633,780.5,314.5
76,7040,234.667,814.5,310.5
76,7041,234.7,836.5,310.5
76,7042,234.733,862.5,312.5
76,7043,234.767,892.5,320.5
76,7044,234.8,922.5,328.5
76,7045,234.833,958.5,344.5
76,7046,234.867,942.5,328.5
76,7047,234.9,896.5,300.5
76,7048,234.933,858.5,276.5
76,7049,234.967,816.5,258.5
76,7050,235.0,776.5,240.5
76,7051,235.033,738.5,226.5
76,7052,235.067,698.5,216.5
76,7053,235.1,674.5,212.5
76,7054,235.133,636.5,210.5
76,7055,235.167,604.5,212.5
76,7056,235.2,572.5,216.5
76,7057,235.233,548.5,222.5
76,7058,235.267,524.5,228.5
76,7059,235.3,494.5,244.5
76,7060,235.333,472.5,252.5
76,7061,235.367,454.5,266.5
76,7062,235.4,440.5,278.5
76,7063,235.433,416.5,294.5
76,7064,235.467,398.5,274.5
76,7065,235.5,382.5,256.5
76,7066,235.533,362.5,236.5
76,7067,235.567,344.5,220.5
76,7068,235.6,330.5,212.5
76,7069,235.633,312.5,202.5
76,7070,235.667,296.5,194.5
76,7071,235.7,284.5,192.5
76,7072,235.733,270.5,192.5
76,7073,235.767,258.5,192.5
76,7074,235.8,242.5,198.5
76,7075,235.833,272.5,208.5
76,7076,235.867,298.5,204.5
76,7077,235.9,324.5,182.5
76,7078,235.933,348.5,182.5
76,7079,235.967,374.5,180.5
77,7084,236.133,778.5,332.5
77,7085,236.167,818.5,340.5
77,7086,236.2,882.5,322.5
77,7087,236.233,922.5,324.5
77,7088,236.267,968.5,324.5
77,7089,236.3,1014.5,330.5
77,7090,236.333,1062.5,340.5
77,7091,236.367,1102.5,350.5
77,7092,236.4,1140.5,362.5
77,7093,236.433,1186.5,382.5
77,7094,236.467,1222.5,402.5
77,7095,236.5,1228.5,394.5
77,7096,236.533,1174.5,356.5
77,7097,236.567,1120.5,314.5
77,7098,236.6,1066.5,278.5
77,7099,236.633,1030.5,256.5
77,7100,236.667,966.5,222.5
77,7101,236.7,940.5,212.5
77,7102,236.733,902.5,196.5
77,7103,236.767,866.5,186.5
77,7104,236.8,838.5,180.5
77,7105,236.833,798.5,174.5
77,7106,236.867,774.5,172.5
77,7107,236.9,748.5,172.5
77,7108,236.933,724.5,176.5
77,7109,236.967,698.5,180.5
77,7110,237.0,678.5,184.5
77,7112,237.067,632.5,204.5
77,7113,237.1,616.5,212.5
77,7114,237.133,602.5,222.5
77,7115,237.167,584.5,234.5
77,7119,237.3,318.5,180.5
77,7120,237.333,322.5,176.5
77,7122,237.4,338.5,172.5
77,7123,237.433,362.5,168.5
78,7193,239.767,566.5,206.5
78,7194,239.8,568.5,192.5
78,7195,239.833,570.5,174.5
78,7196,239.867,574.5,158.5
78,7197,239.9,576.5,146.5
78,7198,239.933,578.5,134.5
78,7199,239.967,584.5,112.5
78,7200,240.0,588.5,102.5
78,7201,240.033,592.5,92.5
78,7202,240.067,598.5,84.5
78,7203,240.1,600.5,78.5
78,7204,240.133,606.5,74.5
78,7205,240.167,610.5,72.5
78,7206,240.2,614.5,72.5
78,7207,240.233,620.5,76.5
78,7208,240.267,624.5,82.5
78,7209,240.3,630.5,90.5
78,7210,240.333,634.5,100.5
78,7211,240.367,640.5,114.5
78,7212,240.4,646.5,130.5
78,7213,240.433,650.5,150.5
78,7215,240.5,662.5,200.5
78,7216,240.533,668.5,228.5
78,7217,240.567,672.5,248.5
78,7218,240.6,680.5,294.5
78,7219,240.633,680.5,318.5
78,7220,240.667,686.5,344.5
78,7221,240.7,692.5,326.5
78,7222,240.733,696.5,308.5
78,7223,240.767,698.5,292.5
78,7224,240.8,704.5,278.5
78,7225,240.833,706.5,268.5
78,7226,240.867,710.5,260.5
78,7227,240.9,716.5,256.5
78,7228,240.933,720.5,256.5
78,7229,240.967,724.5,258.5
78,7230,241.0,728.5,266.5
78,7231,241.033,730.5,274.5
78,7232,241.067,734.5,282.5
78,7233,241.1,742.5,306.5
78,7234,241.133,744.5,322.5
78,7235,241.167,746.5,344.5
78,7236,241.2,748.5,368.5
79,7297,243.233,322.5,90.5
79,7300,243.333,302.5,332.5
79,7302,243.4,266.5,334.5
79,7303,243.433,254.5,338.5
79,7305,243.5,342.5,224.5
79,7306,243.533,334.5,220.5
79,7307,243.567,326.5,216.5
79,7308,243.6,318.5,214.5
80,7319,243.967,922.5,436.5
80,7320,244.0,892.5,392.5
80,7321,244.033,898.5,368.5
80,7322,244.067,898.5,342.5
80,7325,244.167,918.5,288.5
80,7326,244.2,920.5,280.5
80,7327,244.233,926.5,270.5
80,7328,244.267,928.5,264.5
80,7329,244.3,930.5,262.5
80,7331,244.367,934.5,274.5
80,7332,244.4,934.5,286.5
80,7333,244.433,934.5,300.5
80,7334,244.467,932.5,316.5
80,7335,244.5,932.5,342.5
80,7336,244.533,930.5,360.5
80,7337,244.567,926.5,390.5
80,7338,244.6,926.5,412.5
80,7340,244.667,856.5,422.5
80,7341,244.7,790.5,420.5
80,7342,244.733,760.5,420.5
80,7344,244.8,696.5,338.5
80,7345,244.833,670.5,312.5
80,7346,244.867,646.5,292.5
80,7347,244.9,624.5,274.5
80,7348,244.933,598.5,260.5
80,7349,244.967,578.5,252.5
80,7350,245.0,560.5,246.5
80,7351,245.033,542.5,244.5
80,7352,245.067,522.5,244.5
80,7353,245.1,506.5,248.5
80,7354,245.133,492.5,250.5
80,7355,245.167,476.5,258.5
80,7356,245.2,466.5,266.5
80,7357,245.233,454.5,248.5
80,7358,245.267,440.5,230.5
80,7359,245.3,432.5,218.5
80,7360,245.333,422.5,208.5
80,7361,245.367,414.5,198.5
80,7362,245.4,434.5,192.5
80,7363,245.433,464.5,188.5
80,7364,245.467,498.5,186.5
80,7365,245.5,530.5,184.5
80,7366,245.533,560.5,186.5
80,7367,245.567,596.5,192.5
80,7368,245.6,630.5,198.5
80,7369,245.633,670.5,210.5
80,7370,245.667,694.5,218.5
80,7371,245.7,724.5,230.5
80,7372,245.733,770.5,254.5
80,7373,245.767,802.5,274.5
80,7374,245.8,834.5,294.5
80,7375,245.833,866.5,318.5
80,7376,245.867,898.5,344.5
80,7377,245.9,940.5,360.5
80,7378,245.933,974.5,350.5
80,7379,245.967,1002.5,342.5
80,7380,246.0,1034.5,336.5
80,7381,246.033,1070.5,330.5
80,7382,246.067,1098.5,328.5
80,7383,246.1,1058.5,298.5
80,7384,246.133,1010.5,272.5
80,7385,246.167,954.5,246.5
80,7386,246.2,908.5,228.5
80,7387,246.233,862.5,214.5
80,7388,246.267,830.5,210.5
80,7389,246.3,784.5,200.5
80,7390,246.333,748.5,198.5
80,7391,246.367,716.5,200.5
80,7392,246.4,682.5,204.5
80,7393,246.433,650.5,212.5
80,7394,246.467,630.5,218.5
80,7395,246.5,602.5,230.5
80,7396,246.533,582.5,240.5
80,7397,246.567,564.5,252.5
80,7398,246.6,542.5,260.5
80,7399,246.633,518.5,236.5
80,7400,246.667,504.5,220.5
80,7401,246.7,490.5,206.5
80,7402,246.733,474.5,192.5
80,7403,246.767,460.5,182.5
80,7404,246.8,446.5,174.5
80,7405,246.833,432.5,168.5
80,7406,246.867,418.5,166.5
80,7407,246.9,438.5,172.5
80,7408,246.933,470.5,186.5
80,7409,246.967,500.5,202.5
80,7410,247.0,530.5,218.5
80,7411,247.033,564.5,242.5
80,7412,247.067,592.5,260.5
80,7413,247.1,618.5,282.5
80,7414,247.133,664.5,326.5
80,7415,247.167,684.5,346.5
80,7417,247.233,764.5,422.5
80,7418,247.267,798.5,424.5
80,7419,247.3,840.5,434.5
80,7420,247.333,884.5,446.5
80,7421,247.367,922.5,460.5
80,7422,247.4,964.5,482.5
80,7423,247.433,1006.5,506.5
81,7428,247.6,698.5,224.5
81,7429,247.633,666.5,202.5
81,7430,247.667,626.5,180.5
81,7431,247.7,592.5,166.5
81,7432,247.733,564.5,158.5
81,7433,247.767,538.5,152.5
81,7434,247.8,514.5,150.5
81,7435,247.833,494.5,152.5
81,7436,247.867,476.5,156.5
81,7437,247.9,458.5,164.5
81,7438,247.933,444.5,174.5
81,7439,247.967,430.5,184.5
81,7440,248.0,422.5,196.5
81,7441,248.033,410.5,212.5
81,7442,248.067,404.5,226.5
81,7443,248.1,396.5,242.5
81,7444,248.133,390.5,258.5
81,7445,248.167,378.5,236.5
81,7446,248.2,372.5,214.5
81,7447,248.233,360.5,192.5
81,7448,248.267,354.5,176.5
81,7449,248.3,348.5,160.5
81,7450,248.333,342.5,146.5
81,7451,248.367,336.5,136.5
81,7452,248.4,330.5,128.5
81,7453,248.433,326.5,122.5
81,7455,248.5,364.5,118.5
81,7456,248.533,390.5,118.5
81,7457,248.567,420.5,120.5
81,7458,248.6,448.5,124.5
81,7459,248.633,482.5,132.5
81,7460,248.667,512.5,140.5
81,7461,248.7,546.5,152.5
81,7462,248.733,578.5,166.5
81,7463,248.767,612.5,182.5
81,7464,248.8,642.5,198.5
81,7465,248.833,688.5,228.5
81,7466,248.867,724.5,256.5
81,7467,248.9,754.5,278.5
81,7468,248.933,790.5,312.5
81,7469,248.967,826.5,346.5
81,7470,249.0,856.5,370.5
81,7471,249.033,898.5,346.5
81,7472,249.067,934.5,332.5
81,7473,249.1,964.5,324.5
81,7474,249.133,1006.5,312.5
81,7475,249.167,1032.5,308.5
81,7476,249.2,1070.5,306.5
81,7477,249.233,1108.5,306.5
81,7478,249.267,1148.5,312.5
81,7479,249.3,1174.5,318.5
81,7480,249.333,1204.5,326.5
81,7482,249.4,1158.5,340.5
81,7484,249.467,1106.5,174.5
82,7489,249.633,622.5,278.5
82,7490,249.667,588.5,264.5
82,7491,249.7,536.5,244.5
82,7492,249.733,498.5,230.5
82,7493,249.767,466.5,224.5
82,7494,249.8,434.5,216.5
82,7495,249.833,398.5,214.5
82,7496,249.867,368.5,214.5
82,7497,249.9,342.5,218.5
82,7498,249.933,318.5,222.5
82,7499,249.967,298.5,228.5
82,7501,250.033,254.5,250.5
82,7502,250.067,244.5,260.5
82,7503,250.1,232.5,260.5
82,7505,250.167,222.5,252.5
82,7506,250.2,212.5,248.5
82,7507,250.233,198.5,244.5
82,7508,250.267,184.5,244.5
82,7509,250.3,174.5,244.5
82,7511,250.367,174.5,354.5
82,7512,250.4,174.5,354.5
82,7514,250.467,130.5,268.5
82,7515,250.5,122.5,276.5
82,7516,250.533,120.5,292.5
82,7517,250.567,112.5,300.5
82,7518,250.6,174.5,354.5
82,7519,250.633,102.5,330.5
82,7520,250.667,98.5,346.5
82,7521,250.7,94.5,364.5
82,7522,250.733,90.5,382.5
82,7523,250.767,82.5,378.5
82,7524,250.8,74.5,374.5
82,7525,250.833,68.5,368.5
82,7526,250.867,60.5,368.5
82,7527,250.9,54.5,368.5
82,7528,250.933,48.5,372.5
82,7529,250.967,44.5,376.5
82,7530,251.0,38.5,382.5
82,7531,251.033,36.5,390.5
82,7534,251.133,192.5,250.5
82,7536,251.2,308.5,184.5
83,7570,252.333,358.5,216.5
83,7574,252.467,424.5,216.5
83,7576,252.533,354.5,348.5
83,7577,252.567,350.5,346.5
83,7580,252.667,348.5,340.5
84,7621,254.033,416.5,626.5
84,7622,254.067,416.5,626.5
84,7623,254.1,416.5,626.5
84,7624,254.133,416.5,624.5
84,7625,254.167,416.5,624.5
84,7626,254.2,416.5,624.5
84,7627,254.233,416.5,624.5
84,7628,254.267,416.5,624.5
84,7629,254.3,416.5,624.5
84,7630,254.333,416.5,624.5
84,7631,254.367,416.5,624.5
84,7632,254.4,416.5,626.5
84,7633,254.433,416.5,624.5
84,7634,254.467,416.5,624.5
84,7635,254.5,416.5,624.5
84,7636,254.533,416.5,624.5
84,7637,254.567,416.5,624.5
84,7638,254.6,416.5,624.5
84,7639,254.633,416.5,624.5
84,7640,254.667,416.5,624.5
84,7641,254.7,416.5,626.5
84,7642,254.733,416.5,626.5
85,7663,255.433,194.5,372.5
85,7665,255.5,162.5,380.5
85,7666,255.533,144.5,380.5
85,7668,255.6,266.5,472.5
85,7669,255.633,236.5,468.5
85,7670,255.667,198.5,460.5
85,7671,255.7,156.5,438.5
85,7672,255.733,120.5,406.5
85,7673,255.767,90.5,364.5
85,7675,255.833,72.5,308.5
85,7677,255.9,200.5,394.5
85,7678,255.933,196.5,392.5
85,7680,256.0,180.5,392.5
85,7681,256.033,170.5,394.5
85,7682,256.067,158.5,396.5
85,7684,256.133,88.5,306.5
85,7685,256.167,88.5,320.5
