frame,x_px,y_px,score
6,814.5,516.5,0.944
7,474.5,262.5,0.842
13,848.5,508.5,0.618
14,496.5,588.5,0.715
16,854.5,516.5,0.86
17,494.5,588.5,0.587
18,496.5,588.5,0.661
19,494.5,588.5,0.521
22,494.5,588.5,0.566
23,864.5,512.5,0.502
25,868.5,510.5,0.844
26,872.5,506.5,0.53
27,374.5,210.5,0.584
31,1048.5,236.5,0.937
32,896.5,476.5,0.889
33,898.5,468.5,0.909
34,898.5,460.5,0.86
35,904.5,452.5,0.963
36,908.5,444.5,0.838
37,912.5,440.5,0.814
38,912.5,434.5,0.553
40,916.5,424.5,0.958
41,916.5,420.5,0.939
42,916.5,418.5,0.829
43,918.5,414.5,0.696
44,232.5,162.5,0.628
45,232.5,166.5,0.711
46,238.5,168.5,0.856
47,230.5,178.5,0.921
61,988.5,208.5,0.849
65,976.5,216.5,0.94
66,956.5,236.5,0.945
67,342.5,222.5,0.607
68,354.5,218.5,0.793
69,370.5,216.5,0.917
70,386.5,212.5,0.982
71,394.5,196.5,0.985
72,402.5,180.5,0.951
73,414.5,170.5,0.961
74,414.5,156.5,0.948
75,410.5,146.5,0.935
76,400.5,134.5,0.748
80,198.5,138.5,0.546
81,192.5,146.5,0.725
82,394.5,140.5,0.868
83,398.5,152.5,0.86
84,400.5,164.5,0.951
85,394.5,176.5,0.892
86,386.5,186.5,0.903
87,374.5,200.5,0.907
88,356.5,212.5,0.977
89,326.5,212.5,0.963
90,284.5,198.5,0.941
91,250.5,194.5,0.934
92,176.5,220.5,0.574
93,194.5,212.5,0.874
100,1024.5,232.5,0.598
101,1024.5,232.5,0.711
102,1024.5,232.5,0.585
103,934.5,478.5,0.642
104,186.5,226.5,0.93
105,172.5,240.5,0.936
106,878.5,442.5,0.866
107,302.5,226.5,0.926
108,314.5,214.5,0.96
109,322.5,208.5,0.875
110,816.5,318.5,0.938
111,806.5,290.5,0.977
112,784.5,258.5,0.978
113,758.5,226.5,0.969
114,742.5,208.5,0.987
115,722.5,190.5,0.974
116,704.5,178.5,0.979
117,684.5,166.5,0.985
118,670.5,162.5,0.983
119,648.5,160.5,0.987
120,634.5,162.5,0.991
121,620.5,166.5,0.982
122,606.5,176.5,0.981
123,592.5,186.5,0.988
124,580.5,198.5,0.978
125,568.5,214.5,0.976
126,558.5,230.5,0.948
127,548.5,248.5,0.979
128,538.5,268.5,0.983
129,530.5,286.5,0.987
130,210.5,232.5,0.965
131,514.5,300.5,0.991
132,504.5,274.5,0.995
133,494.5,250.5,0.995
134,486.5,232.5,0.997
135,478.5,214.5,0.984
136,470.5,202.5,0.998
137,462.5,190.5,0.986
138,454.5,182.5,0.997
139,446.5,176.5,0.996
140,438.5,176.5,0.992
141,432.5,176.5,0.991
142,426.5,178.5,0.993
143,420.5,184.5,0.998
144,416.5,194.5,0.998
145,412.5,204.5,0.994
146,406.5,216.5,0.999
147,404.5,230.5,0.998
148,400.5,248.5,0.995
149,398.5,264.5,0.997
150,394.5,274.5,0.995
151,390.5,256.5,0.993
152,380.5,234.5,0.997
153,374.5,222.5,0.996
154,370.5,210.5,0.996
155,362.5,200.5,0.995
156,358.5,190.5,0.994
157,352.5,184.5,0.982
158,348.5,182.5,0.982
159,342.5,182.5,0.993
160,338.5,184.5,0.983
161,334.5,188.5,0.994
162,332.5,194.5,0.977
163,328.5,206.5,0.971
164,326.5,214.5,0.947
165,326.5,228.5,0.888
166,326.5,230.5,0.984
167,322.5,214.5,0.983
168,316.5,202.5,0.987
169,310.5,188.5,0.959
170,304.5,176.5,0.811
178,300.5,160.5,0.577
179,304.5,170.5,0.858
183,336.5,228.5,0.766
195,1048.5,240.5,0.504
221,496.5,588.5,0.582
222,496.5,588.5,0.548
223,496.5,588.5,0.559
225,496.5,588.5,0.507
226,496.5,588.5,0.5
227,496.5,588.5,0.501
228,496.5,588.5,0.503
229,496.5,588.5,0.505
230,350.5,218.5,0.514
233,350.5,218.5,0.678
235,496.5,588.5,0.51
237,344.5,224.5,0.936
239,342.5,228.5,0.839
240,334.5,232.5,0.938
241,330.5,234.5,0.939
242,324.5,232.5,0.954
243,318.5,236.5,0.989
244,314.5,236.5,0.968
245,310.5,240.5,0.986
246,304.5,240.5,0.988
247,300.5,242.5,0.987
248,296.5,246.5,0.991
249,292.5,248.5,0.995
250,288.5,248.5,0.985
251,286.5,252.5,0.996
252,284.5,254.5,0.991
253,282.5,256.5,0.995
254,280.5,256.5,0.988
255,280.5,258.5,0.986
256,278.5,258.5,0.991
257,278.5,260.5,0.996
258,278.5,262.5,0.994
259,278.5,264.5,0.975
260,278.5,266.5,0.992
261,278.5,268.5,0.996
262,276.5,262.5,0.993
263,274.5,252.5,0.957
264,268.5,240.5,0.663
265,496.5,588.5,0.588
266,264.5,224.5,0.973
267,262.5,218.5,0.972
268,262.5,212.5,0.989
269,260.5,212.5,0.979
270,260.5,216.5,0.987
271,262.5,220.5,0.99
272,262.5,226.5,0.991
273,262.5,236.5,0.996
274,286.5,254.5,0.939
275,300.5,234.5,0.589
276,378.5,286.5,0.936
277,404.5,276.5,0.97
278,438.5,264.5,0.992
279,474.5,258.5,0.996
280,506.5,252.5,0.996
281,540.5,254.5,0.993
282,576.5,258.5,0.984
283,606.5,262.5,0.994
284,642.5,270.5,0.993
285,678.5,284.5,0.964
286,706.5,294.5,0.973
287,738.5,308.5,0.99
288,770.5,328.5,0.99
289,798.5,336.5,0.988
290,828.5,326.5,0.984
291,860.5,314.5,0.969
292,882.5,310.5,0.992
293,916.5,306.5,0.995
294,942.5,304.5,0.997
295,970.5,308.5,0.95
296,1000.5,312.5,0.991
297,1026.5,322.5,0.969
298,1036.5,322.5,0.98
299,1006.5,298.5,0.977
300,956.5,268.5,0.996
301,930.5,254.5,0.999
302,900.5,240.5,0.998
303,866.5,228.5,0.998
304,834.5,218.5,0.993
305,800.5,212.5,0.994
306,778.5,212.5,0.991
307,750.5,212.5,0.998
308,724.5,216.5,0.949
309,698.5,222.5,0.987
310,678.5,228.5,0.997
311,654.5,240.5,0.97
312,634.5,250.5,0.963
313,616.5,260.5,0.967
314,596.5,266.5,0.994
315,584.5,248.5,0.989
316,570.5,230.5,0.98
317,558.5,218.5,0.975
318,544.5,208.5,0.984
319,532.5,200.5,0.992
320,520.5,194.5,0.994
321,506.5,188.5,0.986
322,496.5,188.5,0.985
323,458.5,196.5,0.938
324,498.5,188.5,0.941
325,518.5,188.5,0.961
326,538.5,188.5,0.977
327,558.5,192.5,0.969
328,578.5,196.5,0.991
329,604.5,208.5,0.958
330,626.5,222.5,0.982
331,642.5,232.5,0.997
332,674.5,258.5,0.989
333,692.5,276.5,0.993
334,714.5,298.5,0.965
335,734.5,324.5,0.987
336,754.5,352.5,0.983
337,778.5,388.5,0.972
338,796.5,380.5,0.989
339,816.5,374.5,0.993
340,838.5,368.5,0.992
341,856.5,368.5,0.945
342,888.5,372.5,0.892
343,848.5,338.5,0.971
344,804.5,314.5,0.909
345,772.5,290.5,0.994
346,734.5,268.5,0.996
347,700.5,254.5,0.992
348,674.5,242.5,0.996
349,632.5,228.5,0.989
350,604.5,226.5,0.982
351,574.5,222.5,0.989
352,548.5,222.5,0.991
353,526.5,226.5,0.989
354,500.5,230.5,0.993
355,478.5,238.5,0.991
356,456.5,246.5,0.999
357,440.5,258.5,0.998
358,422.5,268.5,0.997
359,408.5,284.5,0.996
360,390.5,300.5,0.998
361,376.5,284.5,0.983
362,362.5,264.5,0.976
363,350.5,250.5,0.956
364,338.5,232.5,0.963
365,324.5,220.5,0.979
366,314.5,210.5,0.981
367,304.5,206.5,0.965
368,294.5,202.5,0.982
369,284.5,202.5,0.959
370,274.5,202.5,0.965
371,266.5,206.5,0.98
372,282.5,212.5,0.992
373,1118.5,370.5,0.936
374,396.5,224.5,0.836
375,450.5,232.5,0.99
376,512.5,248.5,0.988
377,356.5,138.5,0.976
378,616.5,280.5,0.963
379,674.5,306.5,0.966
380,730.5,330.5,0.98
381,780.5,326.5,0.968
382,838.5,316.5,0.968
383,874.5,310.5,0.998
384,934.5,304.5,0.99
385,974.5,302.5,0.957
386,1020.5,304.5,0.974
387,1068.5,308.5,0.914
388,1070.5,292.5,0.974
389,1036.5,258.5,0.968
391,970.5,204.5,0.925
392,1090.5,218.5,0.848
393,902.5,162.5,0.664
394,870.5,148.5,0.976
395,838.5,132.5,0.996
396,802.5,122.5,0.993
397,774.5,116.5,0.992
398,750.5,116.5,0.985
399,720.5,116.5,0.988
400,690.5,118.5,0.988
401,670.5,124.5,0.99
402,640.5,134.5,0.998
403,616.5,144.5,0.991
404,590.5,158.5,0.983
405,570.5,170.5,0.972
406,546.5,188.5,0.984
407,526.5,204.5,0.992
408,506.5,226.5,0.983
409,484.5,246.5,0.994
410,468.5,266.5,0.998
411,450.5,288.5,0.982
412,436.5,296.5,0.982
413,422.5,268.5,0.995
414,410.5,250.5,0.991
415,400.5,234.5,0.985
416,384.5,214.5,0.964
417,372.5,202.5,0.992
418,362.5,192.5,0.952
419,350.5,184.5,0.943
420,338.5,178.5,0.98
421,330.5,176.5,0.981
422,320.5,178.5,0.974
423,310.5,180.5,0.985
424,302.5,186.5,0.967
425,294.5,194.5,0.979
426,284.5,204.5,0.966
427,286.5,214.5,0.988
428,326.5,216.5,0.725
429,428.5,240.5,0.955
430,466.5,246.5,0.98
431,538.5,266.5,0.966
432,616.5,300.5,0.791
433,406.5,138.5,0.931
434,738.5,336.5,0.98
435,786.5,324.5,0.977
436,860.5,312.5,0.981
437,906.5,308.5,0.995
438,956.5,306.5,0.97
439,1016.5,306.5,0.952
440,1078.5,308.5,0.932
441,1122.5,314.5,0.921
442,1178.5,324.5,0.973
443,1156.5,296.5,0.991
444,1114.5,262.5,0.981
445,1062.5,222.5,0.918
447,1236.5,286.5,0.593
449,920.5,148.5,0.652
450,880.5,134.5,0.99
451,844.5,124.5,0.997
452,802.5,118.5,0.995
453,768.5,116.5,0.992
454,736.5,116.5,0.99
455,704.5,122.5,0.945
456,678.5,126.5,0.992
457,646.5,136.5,0.986
458,620.5,146.5,0.994
459,594.5,158.5,0.981
460,570.5,172.5,0.964
461,544.5,188.5,0.987
462,522.5,204.5,0.987
463,504.5,220.5,0.982
464,478.5,244.5,0.992
465,462.5,260.5,0.984
466,448.5,276.5,0.996
467,432.5,252.5,0.977
468,420.5,234.5,0.997
469,404.5,210.5,0.969
470,390.5,194.5,0.954
471,376.5,180.5,0.973
472,364.5,170.5,0.936
473,354.5,164.5,0.96
474,340.5,156.5,0.981
475,332.5,154.5,0.984
476,322.5,154.5,0.99
477,314.5,156.5,0.989
478,304.5,164.5,0.989
479,294.5,170.5,0.951
480,292.5,178.5,0.999
481,310.5,164.5,0.991
482,326.5,148.5,0.965
483,398.5,172.5,0.975
484,422.5,174.5,0.977
485,472.5,186.5,0.996
486,508.5,196.5,0.997
487,554.5,214.5,0.982
488,594.5,232.5,0.987
489,646.5,260.5,0.982
490,496.5,588.5,0.515
491,728.5,312.5,0.974
492,770.5,346.5,0.971
493,810.5,378.5,0.84
494,496.5,588.5,0.516
495,910.5,428.5,0.958
496,960.5,420.5,0.984
497,1020.5,414.5,0.995
498,1068.5,414.5,0.99
499,1132.5,418.5,0.984
500,1156.5,388.5,0.978
501,1108.5,328.5,0.96
502,272.5,120.5,0.956
503,496.5,588.5,0.591
504,258.5,132.5,0.916
505,250.5,138.5,0.613
506,244.5,144.5,0.781
507,818.5,74.5,0.988
508,782.5,56.5,0.985
509,738.5,38.5,0.982
510,704.5,30.5,0.993
511,674.5,24.5,0.997
512,640.5,22.5,0.995
513,608.5,26.5,0.992
514,586.5,34.5,0.984
515,558.5,42.5,0.99
516,534.5,54.5,0.975
517,514.5,70.5,0.991
518,496.5,86.5,0.993
519,480.5,104.5,0.995
520,464.5,126.5,0.99
521,450.5,148.5,0.992
522,438.5,172.5,0.994
523,424.5,200.5,0.996
524,420.5,218.5,0.997
525,408.5,248.5,0.994
526,404.5,266.5,0.912
527,396.5,282.5,0.874
528,384.5,246.5,0.954
529,376.5,218.5,0.955
530,368.5,192.5,0.882
531,360.5,168.5,0.977
532,354.5,152.5,0.905
533,302.5,272.5,0.963
534,342.5,120.5,0.983
535,338.5,108.5,0.751
536,332.5,102.5,0.961
537,330.5,96.5,0.978
538,326.5,92.5,0.995
539,322.5,94.5,0.943
540,320.5,96.5,0.992
541,318.5,102.5,0.994
542,318.5,110.5,0.989
543,316.5,118.5,0.996
544,314.5,130.5,0.983
545,306.5,148.5,0.985
546,326.5,140.5,0.959
547,314.5,172.5,0.906
548,316.5,188.5,0.968
549,316.5,206.5,0.962
550,456.5,150.5,0.957
551,476.5,152.5,0.902
552,324.5,266.5,0.887
553,492.5,152.5,0.928
554,496.5,588.5,0.577
555,496.5,588.5,0.545
556,496.5,588.5,0.624
557,496.5,588.5,0.619
558,496.5,588.5,0.605
559,472.5,160.5,0.63
560,496.5,588.5,0.616
561,316.5,272.5,0.934
562,310.5,260.5,0.974
563,496.5,588.5,0.613
564,306.5,252.5,0.979
565,1248.5,372.5,0.955
566,304.5,252.5,0.979
567,496.5,588.5,0.62
568,306.5,258.5,0.947
569,306.5,268.5,0.945
570,496.5,588.5,0.594
571,424.5,184.5,0.885
572,418.5,190.5,0.834
573,414.5,194.5,0.743
574,1268.5,396.5,0.646
575,496.5,588.5,0.64
576,496.5,588.5,0.616
577,300.5,276.5,0.774
578,496.5,588.5,0.618
579,496.5,588.5,0.595
580,496.5,588.5,0.611
581,496.5,588.5,0.619
582,496.5,588.5,0.592
583,496.5,588.5,0.606
584,496.5,588.5,0.603
585,496.5,588.5,0.592
586,496.5,588.5,0.615
587,496.5,588.5,0.618
588,496.5,588.5,0.619
589,496.5,588.5,0.62
590,496.5,588.5,0.62
591,496.5,588.5,0.623
592,496.5,588.5,0.604
593,496.5,588.5,0.628
594,496.5,588.5,0.615
595,1212.5,376.5,0.825
596,1046.5,236.5,0.931
597,496.5,588.5,0.62
598,496.5,588.5,0.621
599,496.5,588.5,0.646
600,496.5,588.5,0.557
601,496.5,588.5,0.603
602,496.5,588.5,0.599
603,496.5,588.5,0.586
604,496.5,588.5,0.592
605,496.5,588.5,0.604
606,496.5,588.5,0.596
607,496.5,588.5,0.585
608,496.5,588.5,0.594
609,496.5,588.5,0.587
610,496.5,588.5,0.597
611,800.5,578.5,0.78
612,496.5,588.5,0.594
613,496.5,588.5,0.59
614,496.5,588.5,0.589
615,496.5,588.5,0.573
616,496.5,588.5,0.587
617,496.5,588.5,0.584
618,760.5,484.5,0.942
619,724.5,458.5,0.76
620,562.5,546.5,0.622
621,708.5,454.5,0.809
622,702.5,504.5,0.519
624,496.5,588.5,0.621
625,496.5,588.5,0.838
626,406.5,226.5,0.837
627,400.5,226.5,0.794
628,394.5,226.5,0.62
630,384.5,232.5,0.893
631,380.5,234.5,0.764
634,368.5,242.5,0.703
636,592.5,362.5,0.566
644,764.5,348.5,0.572
649,746.5,328.5,0.547
651,772.5,356.5,0.797
653,772.5,348.5,0.668
665,532.5,512.5,0.753
666,552.5,508.5,0.784
667,570.5,500.5,0.771
668,592.5,500.5,0.657
670,942.5,378.5,0.672
672,690.5,500.5,0.819
681,1136.5,520.5,0.552
693,376.5,196.5,0.88
695,378.5,198.5,0.559
696,288.5,260.5,0.536
701,366.5,204.5,0.74
702,366.5,208.5,0.741
704,360.5,212.5,0.941
705,356.5,214.5,0.97
706,352.5,216.5,0.93
707,348.5,218.5,0.941
708,342.5,218.5,0.986
709,338.5,222.5,0.956
710,332.5,222.5,0.981
711,326.5,226.5,0.987
712,322.5,228.5,0.994
713,318.5,230.5,0.985
714,314.5,232.5,0.982
715,310.5,234.5,0.984
716,306.5,236.5,0.984
717,302.5,238.5,0.991
718,298.5,240.5,0.979
719,294.5,242.5,0.994
720,292.5,242.5,0.995
721,290.5,246.5,0.995
722,288.5,248.5,0.992
723,286.5,250.5,0.994
724,286.5,252.5,0.993
725,284.5,254.5,0.99
726,284.5,256.5,0.992
727,282.5,256.5,0.992
728,282.5,258.5,0.992
729,282.5,260.5,0.995
730,282.5,264.5,0.995
731,284.5,264.5,0.992
732,282.5,266.5,0.991
733,284.5,266.5,0.993
734,282.5,266.5,0.993
735,280.5,260.5,0.998
736,276.5,254.5,0.997
737,272.5,244.5,0.992
738,268.5,232.5,0.937
739,262.5,220.5,0.982
741,260.5,212.5,0.987
742,256.5,208.5,0.964
743,254.5,210.5,0.981
744,252.5,214.5,0.983
745,252.5,222.5,0.979
746,248.5,228.5,0.995
747,258.5,242.5,0.981
748,296.5,260.5,0.901
749,358.5,284.5,0.973
750,392.5,274.5,0.985
751,434.5,264.5,0.991
752,478.5,256.5,0.994
753,518.5,252.5,0.996
754,562.5,256.5,0.967
755,604.5,258.5,0.991
756,650.5,260.5,0.997
757,690.5,272.5,0.986
758,732.5,282.5,0.993
759,768.5,294.5,0.994
760,806.5,316.5,0.977
761,852.5,336.5,0.972
762,898.5,370.5,0.958
763,938.5,364.5,0.946
764,976.5,350.5,0.979
765,1006.5,342.5,0.976
766,1036.5,338.5,0.977
767,1074.5,334.5,0.992
768,1078.5,318.5,0.934
769,1032.5,268.5,0.987
770,1016.5,250.5,0.935
771,968.5,208.5,0.98
772,952.5,198.5,0.983
774,886.5,158.5,0.957
775,858.5,148.5,0.98
776,830.5,142.5,0.99
777,800.5,136.5,0.996
778,770.5,134.5,0.989
779,746.5,138.5,0.973
780,720.5,142.5,0.982
781,696.5,150.5,0.986
782,676.5,160.5,0.996
783,650.5,174.5,0.997
784,630.5,186.5,0.986
785,610.5,202.5,0.982
786,590.5,222.5,0.982
787,576.5,238.5,0.951
788,552.5,262.5,0.957
789,542.5,280.5,0.978
790,530.5,280.5,0.969
791,520.5,254.5,0.969
792,512.5,236.5,0.986
793,502.5,216.5,0.996
794,490.5,198.5,0.981
795,484.5,186.5,0.998
796,476.5,174.5,0.988
797,468.5,166.5,0.998
798,460.5,162.5,0.989
799,452.5,158.5,0.987
800,444.5,158.5,0.988
801,438.5,162.5,0.996
802,430.5,166.5,0.992
803,426.5,174.5,0.978
804,424.5,182.5,0.957
805,464.5,200.5,0.979
806,496.5,220.5,0.982
807,530.5,242.5,0.982
808,564.5,266.5,0.995
809,598.5,292.5,0.983
810,630.5,326.5,0.804
811,666.5,360.5,0.966
812,698.5,356.5,0.983
813,726.5,356.5,0.981
814,758.5,356.5,0.989
815,796.5,358.5,0.985
816,830.5,362.5,0.994
817,866.5,374.5,0.978
818,900.5,384.5,0.952
819,938.5,410.5,0.993
820,984.5,436.5,0.988
821,1016.5,460.5,0.984
822,1064.5,498.5,0.984
823,1022.5,452.5,0.959
824,972.5,404.5,0.909
825,316.5,194.5,0.946
826,874.5,316.5,0.99
827,828.5,282.5,0.988
828,794.5,260.5,0.996
829,766.5,244.5,0.994
830,734.5,228.5,0.996
831,704.5,216.5,0.988
832,678.5,210.5,0.995
833,658.5,208.5,0.981
834,634.5,208.5,0.983
835,616.5,210.5,0.991
836,600.5,218.5,0.982
837,584.5,226.5,0.992
838,572.5,234.5,0.969
839,562.5,244.5,0.991
840,550.5,260.5,0.995
841,538.5,268.5,0.995
842,532.5,252.5,0.983
843,528.5,232.5,0.966
844,520.5,210.5,0.98
845,516.5,196.5,0.995
846,510.5,184.5,0.992
847,504.5,170.5,0.993
848,502.5,162.5,0.995
849,496.5,158.5,0.966
850,492.5,152.5,0.945
851,460.5,170.5,0.841
852,510.5,150.5,0.979
853,534.5,150.5,0.987
854,554.5,152.5,0.946
855,572.5,156.5,0.971
856,594.5,164.5,0.987
857,614.5,176.5,0.987
858,634.5,188.5,0.968
859,658.5,206.5,0.982
860,678.5,226.5,0.995
861,698.5,244.5,0.976
862,724.5,276.5,0.986
863,744.5,306.5,0.954
864,762.5,332.5,0.954
865,780.5,352.5,0.987
866,798.5,336.5,0.991
867,820.5,324.5,0.993
868,842.5,312.5,0.979
869,860.5,308.5,0.996
870,882.5,302.5,0.992
871,902.5,300.5,0.989
872,924.5,304.5,0.973
873,944.5,308.5,0.994
874,966.5,320.5,0.993
875,986.5,332.5,0.975
876,1006.5,346.5,0.976
877,1028.5,368.5,0.989
878,496.5,588.5,0.505
879,496.5,588.5,0.512
880,262.5,186.5,0.673
881,496.5,588.5,0.508
882,1000.5,388.5,0.987
883,976.5,372.5,0.974
884,906.5,324.5,0.996
885,866.5,302.5,0.989
886,826.5,280.5,0.998
887,778.5,260.5,0.996
888,746.5,252.5,0.98
889,714.5,244.5,0.988
890,684.5,242.5,0.994
891,650.5,240.5,0.993
892,630.5,242.5,0.966
893,608.5,246.5,0.978
894,588.5,254.5,0.971
895,566.5,264.5,0.994
896,550.5,266.5,0.982
897,534.5,248.5,0.98
898,520.5,228.5,0.995
899,506.5,214.5,0.99
900,494.5,202.5,0.982
901,482.5,192.5,0.994
902,470.5,186.5,0.991
903,458.5,180.5,0.986
904,450.5,178.5,0.968
905,462.5,174.5,0.884
906,484.5,166.5,0.98
907,508.5,164.5,0.996
908,538.5,160.5,0.977
909,564.5,162.5,0.971
910,594.5,164.5,0.995
911,624.5,172.5,0.972
912,650.5,180.5,0.997
913,686.5,194.5,0.996
914,716.5,210.5,0.988
915,742.5,226.5,0.986
916,770.5,244.5,0.991
917,806.5,272.5,0.998
918,836.5,298.5,0.99
919,854.5,316.5,0.995
920,880.5,346.5,0.969
921,922.5,352.5,0.95
922,952.5,334.5,0.997
923,976.5,326.5,0.994
924,1006.5,316.5,0.975
925,1036.5,312.5,0.977
926,1066.5,308.5,0.966
927,1100.5,308.5,0.975
928,1126.5,314.5,0.951
929,1156.5,322.5,0.992
930,1180.5,332.5,0.99
931,1206.5,346.5,0.995
933,496.5,588.5,0.508
935,1202.5,340.5,0.986
936,1140.5,292.5,0.969
937,1092.5,258.5,0.946
941,838.5,138.5,0.959
942,790.5,128.5,0.99
943,742.5,118.5,0.981
944,698.5,116.5,0.987
945,666.5,116.5,0.995
946,622.5,122.5,0.994
947,588.5,130.5,0.998
948,558.5,138.5,0.994
949,530.5,150.5,0.992
950,504.5,164.5,0.997
951,480.5,182.5,0.996
952,458.5,200.5,0.996
953,440.5,218.5,0.992
954,424.5,236.5,0.993
955,408.5,252.5,0.993
956,390.5,230.5,0.893
958,354.5,186.5,0.951
959,264.5,168.5,0.775
960,318.5,152.5,0.864
961,300.5,138.5,0.963
962,298.5,314.5,0.824
963,496.5,588.5,0.531
964,268.5,122.5,0.968
965,496.5,588.5,0.569
966,496.5,588.5,0.554
967,456.5,180.5,0.98
968,292.5,258.5,0.758
969,744.5,344.5,0.921
970,652.5,284.5,0.939
971,736.5,342.5,0.981
972,770.5,340.5,0.781
973,864.5,328.5,0.887
974,936.5,320.5,0.974
975,978.5,316.5,0.868
976,1054.5,320.5,0.847
977,1164.5,328.5,0.939
978,1210.5,334.5,0.969
979,1272.5,346.5,0.702
980,496.5,588.5,0.557
981,356.5,132.5,0.885
982,1244.5,198.5,0.97
983,1200.5,144.5,0.984
984,322.5,138.5,0.673
985,496.5,588.5,0.541
986,496.5,588.5,0.535
987,496.5,588.5,0.549
988,496.5,588.5,0.53
989,496.5,588.5,0.527
990,496.5,588.5,0.604
993,496.5,588.5,0.537
994,496.5,588.5,0.525
996,496.5,588.5,0.506
998,496.5,588.5,0.565
999,650.5,22.5,0.984
1000,632.5,46.5,0.973
1001,610.5,72.5,0.982
1002,590.5,98.5,0.993
1003,570.5,128.5,0.977
1004,554.5,152.5,0.984
1005,538.5,182.5,0.962
1006,522.5,210.5,0.989
1007,510.5,234.5,0.941
1008,496.5,262.5,0.953
1009,486.5,262.5,0.965
1010,472.5,232.5,0.973
1011,464.5,202.5,0.986
1012,456.5,180.5,0.998
1013,444.5,156.5,0.979
1014,436.5,138.5,0.994
1015,426.5,122.5,0.99
1016,416.5,106.5,0.984
1017,408.5,96.5,0.983
1018,400.5,88.5,0.974
1019,392.5,82.5,0.987
1020,384.5,80.5,0.973
1021,376.5,80.5,0.976
1022,368.5,82.5,0.988
1023,362.5,86.5,0.985
1024,356.5,94.5,0.98
1025,350.5,104.5,0.993
1026,344.5,114.5,0.996
1027,342.5,130.5,0.988
1028,336.5,146.5,0.969
1029,332.5,162.5,0.934
1030,330.5,184.5,0.574
1031,328.5,198.5,0.993
1032,328.5,212.5,0.994
1033,328.5,228.5,0.994
1034,328.5,244.5,0.994
1035,328.5,264.5,0.997
1036,330.5,290.5,0.976
1037,328.5,286.5,0.981
1038,326.5,274.5,0.979
1039,322.5,264.5,0.987
1040,318.5,256.5,0.995
1041,316.5,250.5,0.965
1042,312.5,246.5,0.969
1043,310.5,248.5,0.985
1044,308.5,252.5,0.987
1045,308.5,258.5,0.992
1046,306.5,266.5,0.988
1047,306.5,276.5,0.993
1048,306.5,292.5,0.957
1049,308.5,308.5,0.98
1050,308.5,326.5,0.996
1051,310.5,346.5,0.969
1052,312.5,372.5,0.762
1053,314.5,396.5,0.777
1054,318.5,424.5,0.788
1055,320.5,454.5,0.621
1056,496.5,588.5,0.55
1057,328.5,514.5,0.824
1058,496.5,588.5,0.529
1060,328.5,546.5,0.981
1061,324.5,536.5,0.98
1062,320.5,528.5,0.948
1063,316.5,522.5,0.935
1064,312.5,520.5,0.91
1065,308.5,520.5,0.956
1066,306.5,522.5,0.798
1067,304.5,528.5,0.96
1068,302.5,534.5,0.977
1069,300.5,544.5,0.988
1070,300.5,558.5,0.965
1071,298.5,570.5,0.968
1072,298.5,586.5,0.985
1073,496.5,588.5,0.516
1074,496.5,588.5,0.526
1075,496.5,588.5,0.528
1076,496.5,588.5,0.522
1078,496.5,588.5,0.547
1080,1136.5,370.5,0.7
1081,1130.5,350.5,0.659
1084,496.5,588.5,0.501
1086,1126.5,342.5,0.865
1087,1126.5,354.5,0.973
1092,496.5,588.5,0.629
1093,496.5,588.5,0.606
1094,496.5,588.5,0.588
1095,496.5,588.5,0.601
1096,496.5,588.5,0.529
1097,144.5,326.5,0.855
1098,160.5,308.5,0.744
1099,496.5,588.5,0.574
1100,496.5,588.5,0.558
1101,496.5,588.5,0.531
1102,128.5,298.5,0.667
1103,142.5,324.5,0.889
1104,496.5,588.5,0.609
1105,496.5,588.5,0.602
1106,496.5,588.5,0.588
1107,496.5,588.5,0.59
1108,496.5,588.5,0.602
1109,496.5,588.5,0.588
1110,496.5,588.5,0.607
1111,496.5,588.5,0.604
1112,496.5,588.5,0.587
1113,496.5,588.5,0.581
1114,496.5,588.5,0.606
1115,496.5,588.5,0.591
1116,496.5,588.5,0.583
1117,496.5,588.5,0.593
1118,496.5,588.5,0.586
1119,496.5,588.5,0.581
1120,264.5,380.5,0.982
1121,276.5,390.5,0.977
1122,296.5,402.5,0.729
1123,496.5,588.5,0.589
1124,496.5,588.5,0.548
1125,496.5,588.5,0.591
1126,496.5,588.5,0.579
1127,496.5,588.5,0.588
1128,496.5,588.5,0.569
1129,262.5,466.5,0.766
1130,268.5,482.5,0.768
1131,496.5,588.5,0.8
1132,280.5,512.5,0.811
1134,496.5,588.5,0.548
1135,384.5,428.5,0.722
1136,406.5,614.5,0.592
1137,314.5,586.5,0.763
1138,406.5,444.5,0.728
1139,408.5,450.5,0.858
1140,352.5,330.5,0.643
1141,496.5,588.5,0.522
1143,494.5,588.5,0.648
1144,496.5,588.5,0.566
1145,494.5,588.5,0.528
1146,496.5,588.5,0.539
1147,496.5,588.5,0.527
1148,494.5,588.5,0.562
1149,494.5,588.5,0.545
1150,400.5,346.5,0.691
1151,350.5,326.5,0.76
1152,424.5,444.5,0.828
1153,362.5,596.5,0.957
1154,374.5,578.5,0.894
1155,388.5,552.5,0.962
1156,406.5,522.5,0.958
1157,438.5,492.5,0.932
1158,456.5,456.5,0.932
1159,474.5,422.5,0.978
1160,490.5,394.5,0.964
1161,516.5,358.5,0.895
1162,532.5,336.5,0.981
1163,548.5,316.5,0.973
1164,564.5,300.5,0.996
1165,582.5,288.5,0.99
1166,600.5,278.5,0.993
1167,618.5,274.5,0.982
1168,634.5,268.5,0.969
1169,648.5,266.5,0.995
1170,662.5,272.5,0.955
1171,678.5,276.5,0.992
1172,694.5,288.5,0.958
1173,708.5,296.5,0.986
1174,720.5,308.5,0.993
1175,728.5,326.5,0.995
1176,742.5,346.5,0.997
1177,752.5,368.5,0.963
1178,762.5,354.5,0.992
1179,770.5,336.5,0.99
1180,776.5,316.5,0.996
1181,782.5,300.5,0.984
1182,788.5,290.5,0.999
1183,794.5,278.5,0.996
1184,800.5,272.5,0.994
1185,808.5,268.5,0.969
1186,814.5,266.5,0.984
1187,818.5,270.5,0.977
1188,824.5,274.5,0.999
1189,826.5,282.5,0.997
1190,830.5,290.5,0.999
1191,834.5,306.5,0.998
1192,838.5,320.5,0.985
1193,838.5,338.5,0.998
1194,838.5,358.5,0.991
1195,850.5,346.5,0.981
1196,854.5,330.5,0.998
1197,862.5,314.5,0.995
1198,868.5,304.5,0.997
1199,874.5,294.5,0.998
1200,880.5,286.5,0.994
1201,886.5,282.5,0.995
1202,892.5,282.5,0.995
1203,896.5,286.5,0.995
1204,902.5,290.5,0.998
1205,902.5,298.5,0.997
1206,906.5,286.5,0.933
1207,906.5,260.5,0.977
1208,904.5,228.5,0.99
1209,904.5,200.5,0.995
1210,904.5,180.5,0.915
1211,900.5,156.5,0.966
1212,896.5,138.5,0.995
1213,894.5,122.5,0.996
1214,890.5,112.5,0.981
1215,888.5,102.5,0.98
1216,882.5,96.5,0.998
1217,878.5,96.5,0.993
1218,872.5,98.5,0.998
1219,866.5,106.5,0.997
1220,862.5,116.5,0.992
1221,854.5,128.5,0.997
1222,850.5,146.5,0.991
1223,842.5,162.5,0.975
1224,836.5,184.5,0.998
1225,830.5,204.5,0.983
1226,822.5,228.5,0.98
1227,828.5,218.5,0.616
1230,1058.5,240.5,0.851
1231,896.5,204.5,0.585
1232,952.5,224.5,0.966
1235,314.5,330.5,0.553
1245,1024.5,232.5,0.645
1247,948.5,392.5,0.94
1248,948.5,404.5,0.818
1250,496.5,588.5,0.669
1251,496.5,588.5,0.543
1252,496.5,588.5,0.559
1253,496.5,588.5,0.556
1254,496.5,588.5,0.538
1255,990.5,458.5,0.708
1256,496.5,588.5,0.549
1257,496.5,588.5,0.559
1258,496.5,588.5,0.578
1259,496.5,588.5,0.516
1260,494.5,588.5,0.589
1261,494.5,588.5,0.542
1262,494.5,588.5,0.571
1263,496.5,588.5,0.618
1264,494.5,588.5,0.589
1265,496.5,588.5,0.533
1266,496.5,588.5,0.678
1267,496.5,588.5,0.628
1268,496.5,588.5,0.631
1269,496.5,588.5,0.627
1270,496.5,588.5,0.636
1271,496.5,588.5,0.692
1272,496.5,588.5,0.68
1273,496.5,588.5,0.707
1274,496.5,588.5,0.683
1275,496.5,588.5,0.665
1276,496.5,588.5,0.705
1277,496.5,588.5,0.706
1278,496.5,588.5,0.69
1279,496.5,588.5,0.685
1280,496.5,588.5,0.689
1281,496.5,588.5,0.702
1282,306.5,156.5,0.809
1283,496.5,588.5,0.685
1284,496.5,588.5,0.717
1285,1024.5,230.5,0.851
1286,340.5,228.5,0.842
1287,496.5,588.5,0.705
1288,496.5,588.5,0.707
1289,496.5,588.5,0.702
1290,496.5,588.5,0.691
1291,496.5,588.5,0.702
1292,496.5,588.5,0.692
1293,496.5,588.5,0.695
1294,496.5,588.5,0.706
1295,496.5,588.5,0.703
1296,496.5,588.5,0.692
1297,408.5,156.5,0.714
1298,496.5,588.5,0.657
1299,496.5,588.5,0.67
1300,496.5,588.5,0.676
1301,496.5,588.5,0.674
1302,496.5,588.5,0.667
1303,496.5,588.5,0.661
1304,496.5,588.5,0.683
1305,394.5,158.5,0.933
1306,396.5,168.5,0.927
1307,294.5,90.5,0.777
1308,294.5,76.5,0.686
1309,496.5,588.5,0.672
1310,496.5,588.5,0.66
1311,496.5,588.5,0.68
1312,496.5,588.5,0.663
1313,496.5,588.5,0.642
1314,294.5,94.5,0.935
1315,296.5,108.5,0.943
1316,298.5,124.5,0.717
1317,496.5,588.5,0.678
1318,496.5,588.5,0.692
1319,496.5,588.5,0.649
1320,496.5,588.5,0.645
1321,496.5,588.5,0.663
1322,496.5,588.5,0.667
1323,496.5,588.5,0.66
1324,496.5,588.5,0.673
1325,496.5,588.5,0.664
1326,496.5,588.5,0.664
1327,496.5,588.5,0.661
1328,496.5,588.5,0.682
1329,818.5,328.5,0.919
1330,818.5,324.5,0.777
1331,496.5,588.5,0.674
1332,866.5,316.5,0.72
1333,822.5,304.5,0.892
1334,822.5,284.5,0.841
1335,822.5,268.5,0.796
1336,822.5,254.5,0.984
1337,824.5,242.5,0.993
1338,824.5,234.5,0.968
1339,824.5,224.5,0.971
1340,826.5,224.5,0.976
1341,824.5,226.5,0.979
1342,824.5,234.5,0.983
1343,824.5,242.5,0.998
1344,824.5,252.5,0.994
1345,822.5,268.5,0.998
1346,820.5,282.5,0.998
1347,818.5,302.5,0.993
1348,816.5,328.5,0.992
1349,812.5,348.5,0.977
1350,810.5,376.5,0.981
1351,806.5,392.5,0.947
1352,808.5,408.5,0.971
1353,812.5,388.5,0.977
1354,822.5,364.5,0.995
1355,830.5,346.5,0.994
1356,836.5,330.5,0.995
1357,844.5,320.5,0.982
1358,850.5,310.5,0.989
1359,858.5,306.5,0.991
1360,864.5,304.5,0.988
1361,872.5,304.5,0.99
1362,878.5,308.5,0.99
1363,884.5,316.5,0.995
1364,888.5,330.5,0.992
1365,892.5,344.5,0.986
1366,896.5,360.5,0.967
1367,898.5,376.5,0.74
1368,496.5,588.5,0.672
1369,496.5,588.5,0.668
1370,932.5,392.5,0.887
1371,938.5,392.5,0.941
1372,936.5,392.5,0.896
1373,496.5,588.5,0.65
1374,496.5,588.5,0.703
1375,496.5,588.5,0.701
1376,496.5,588.5,0.702
1377,496.5,588.5,0.708
1378,496.5,588.5,0.682
1379,496.5,588.5,0.712
1380,496.5,588.5,0.699
1381,496.5,588.5,0.719
1382,496.5,588.5,0.717
1383,406.5,140.5,0.818
1384,406.5,122.5,0.87
1385,400.5,106.5,0.727
1386,496.5,588.5,0.685
1387,496.5,588.5,0.745
1388,496.5,588.5,0.694
1389,822.5,334.5,0.946
1390,830.5,370.5,0.847
1391,812.5,358.5,0.727
1392,806.5,360.5,0.862
1393,826.5,306.5,0.917
1394,822.5,276.5,0.975
1395,824.5,256.5,0.995
1396,820.5,238.5,0.99
1397,818.5,220.5,0.993
1398,816.5,208.5,0.993
1399,814.5,198.5,0.99
1400,812.5,192.5,0.98
1401,808.5,188.5,0.992
1402,802.5,188.5,0.893
1403,800.5,194.5,0.99
1404,796.5,202.5,0.98
1405,792.5,210.5,0.995
1406,788.5,224.5,0.997
1407,784.5,240.5,0.99
1408,780.5,256.5,0.97
1409,776.5,276.5,0.983
1410,772.5,294.5,0.992
1411,764.5,320.5,0.98
1412,762.5,342.5,0.993
1413,760.5,356.5,1.0
1414,762.5,338.5,0.982
1415,768.5,314.5,0.991
1416,772.5,296.5,0.995
1417,774.5,284.5,0.985
1418,778.5,272.5,0.994
1419,782.5,262.5,0.987
1420,786.5,256.5,0.899
1421,790.5,252.5,0.882
1422,794.5,252.5,0.811
1423,796.5,256.5,0.967
1424,798.5,262.5,0.99
1425,800.5,272.5,0.999
1426,802.5,282.5,0.998
1427,804.5,298.5,0.999
1428,806.5,316.5,0.993
1429,806.5,332.5,0.995
1430,808.5,356.5,0.999
1431,808.5,374.5,0.996
1432,808.5,390.5,0.995
1433,818.5,372.5,0.993
1434,824.5,358.5,0.997
1435,830.5,342.5,0.998
1436,834.5,330.5,0.999
1437,840.5,324.5,0.994
1438,846.5,322.5,0.995
1439,852.5,320.5,0.985
1440,856.5,322.5,0.99
1441,862.5,330.5,0.991
1442,864.5,338.5,0.998
1443,868.5,348.5,0.995
1444,870.5,364.5,0.999
1445,876.5,376.5,0.998
1446,882.5,372.5,0.986
1447,496.5,588.5,0.719
1448,900.5,368.5,0.81
1449,496.5,588.5,0.716
1450,496.5,588.5,0.749
1451,496.5,588.5,0.717
1452,932.5,406.5,0.919
1453,496.5,588.5,0.712
1454,496.5,588.5,0.709
1455,496.5,588.5,0.728
1456,496.5,588.5,0.72
1457,496.5,588.5,0.729
1458,496.5,588.5,0.697
1459,496.5,588.5,0.732
1460,496.5,588.5,0.726
1461,496.5,588.5,0.729
1462,496.5,588.5,0.726
1463,496.5,588.5,0.718
1464,496.5,588.5,0.75
1465,982.5,532.5,0.832
1466,982.5,536.5,0.932
1467,978.5,536.5,0.85
1468,972.5,536.5,0.952
1469,966.5,534.5,0.958
1470,960.5,530.5,0.845
1471,324.5,216.5,0.766
1472,496.5,588.5,0.761
1473,496.5,588.5,0.75
1474,922.5,468.5,0.981
1475,912.5,444.5,0.953
1476,496.5,588.5,0.753
1477,496.5,588.5,0.762
1478,496.5,588.5,0.758
1479,496.5,588.5,0.76
1480,496.5,588.5,0.759
1481,920.5,302.5,0.957
1482,926.5,292.5,0.997
1483,928.5,282.5,0.982
1484,932.5,272.5,0.919
1485,934.5,272.5,0.986
1486,936.5,278.5,0.942
1487,938.5,288.5,0.993
1488,938.5,298.5,0.996
1489,938.5,312.5,0.992
1490,938.5,330.5,0.996
1491,938.5,356.5,0.986
1492,920.5,498.5,0.953
1493,934.5,404.5,0.982
1494,934.5,402.5,0.959
1495,930.5,430.5,0.983
1496,926.5,452.5,0.966
1497,886.5,448.5,0.962
1498,824.5,440.5,0.93
1499,770.5,404.5,0.867
1500,738.5,368.5,0.934
1501,712.5,344.5,0.986
1502,678.5,320.5,0.974
1503,648.5,298.5,0.976
1504,618.5,284.5,0.986
1505,596.5,276.5,0.985
1506,572.5,266.5,0.997
1507,554.5,266.5,0.996
1508,528.5,262.5,0.993
1509,510.5,264.5,0.994
1510,492.5,268.5,0.987
1511,476.5,274.5,0.986
1512,460.5,256.5,0.982
1513,450.5,244.5,0.991
1514,434.5,232.5,0.99
1515,420.5,220.5,0.991
1516,406.5,214.5,0.96
1517,436.5,212.5,0.969
1518,472.5,210.5,0.988
1519,508.5,210.5,0.972
1520,542.5,212.5,0.984
1521,576.5,218.5,0.966
1522,610.5,226.5,0.981
1523,644.5,234.5,0.984
1524,688.5,250.5,0.995
1525,718.5,262.5,0.998
1526,750.5,278.5,0.996
1527,786.5,300.5,0.991
1528,824.5,328.5,0.955
1529,862.5,336.5,0.978
1530,890.5,324.5,0.998
1531,926.5,320.5,0.99
1532,956.5,318.5,0.991
1533,998.5,318.5,0.996
1534,1032.5,322.5,0.962
1535,1060.5,326.5,0.981
1536,1092.5,336.5,0.992
1537,1132.5,350.5,0.986
1538,1154.5,362.5,0.974
1539,1188.5,382.5,0.93
1540,496.5,588.5,0.683
1541,1156.5,344.5,0.996
1542,1110.5,306.5,0.996
1543,1062.5,272.5,0.997
1544,1030.5,250.5,0.995
1545,966.5,212.5,0.983
1546,938.5,200.5,0.996
1547,898.5,184.5,0.947
1548,856.5,172.5,0.962
1549,822.5,164.5,0.996
1550,788.5,160.5,0.99
1551,756.5,160.5,0.975
1552,726.5,162.5,0.952
1553,698.5,166.5,0.99
1554,678.5,172.5,0.991
1555,648.5,184.5,0.993
1556,630.5,194.5,0.982
1557,608.5,208.5,0.956
1558,590.5,222.5,0.967
1559,576.5,236.5,0.956
1560,564.5,250.5,0.931
1561,496.5,588.5,0.577
1562,496.5,588.5,0.544
1563,496.5,588.5,0.559
1564,496.5,588.5,0.536
1565,324.5,184.5,0.712
1566,496.5,588.5,0.54
1567,496.5,588.5,0.542
1568,496.5,588.5,0.532
1569,496.5,588.5,0.543
1570,496.5,588.5,0.536
1571,496.5,588.5,0.574
1573,374.5,226.5,0.875
1574,382.5,242.5,0.95
1576,334.5,218.5,0.586
1577,496.5,588.5,0.571
1578,496.5,588.5,0.523
1579,496.5,588.5,0.533
1580,496.5,588.5,0.517
1581,496.5,588.5,0.533
1582,496.5,588.5,0.533
1583,496.5,588.5,0.552
1584,496.5,588.5,0.513
1585,496.5,588.5,0.533
1586,496.5,588.5,0.576
1588,320.5,244.5,0.953
1589,322.5,240.5,0.941
1590,294.5,164.5,0.92
1591,330.5,230.5,0.947
1592,334.5,226.5,0.946
1593,338.5,222.5,0.886
1594,304.5,144.5,0.782
1595,232.5,300.5,0.677
1596,496.5,588.5,0.608
1597,496.5,588.5,0.65
1598,496.5,588.5,0.614
1599,386.5,228.5,0.939
1600,386.5,220.5,0.944
1601,388.5,216.5,0.954
1602,390.5,212.5,0.971
1603,392.5,206.5,0.936
1604,392.5,202.5,0.947
1605,394.5,200.5,0.966
1606,394.5,194.5,0.982
1607,394.5,188.5,0.96
1608,394.5,184.5,0.981
1609,394.5,176.5,0.958
1610,394.5,170.5,0.964
1611,392.5,160.5,0.994
1612,390.5,148.5,0.961
1613,390.5,136.5,0.699
1614,496.5,588.5,0.598
1615,496.5,588.5,0.595
1616,496.5,588.5,0.609
1617,496.5,588.5,0.607
1618,410.5,124.5,0.612
1619,426.5,138.5,0.979
1620,442.5,152.5,0.98
1621,454.5,164.5,0.995
1622,474.5,184.5,0.985
1623,498.5,212.5,0.986
1624,514.5,236.5,0.968
1625,532.5,262.5,0.972
1626,546.5,260.5,0.987
1627,560.5,244.5,0.991
1628,572.5,236.5,0.973
1629,586.5,226.5,0.991
1630,600.5,220.5,0.986
1631,616.5,216.5,0.98
1632,632.5,216.5,0.986
1633,646.5,216.5,0.989
1634,664.5,222.5,0.982
1635,680.5,228.5,0.997
1636,696.5,240.5,0.989
1637,712.5,252.5,0.986
1638,726.5,266.5,0.992
1639,742.5,284.5,0.987
1640,762.5,310.5,0.972
1641,774.5,332.5,0.978
1642,788.5,356.5,0.994
1643,802.5,346.5,0.996
1644,820.5,330.5,0.998
1645,836.5,326.5,0.993
1646,854.5,316.5,0.997
1647,868.5,314.5,0.989
1648,884.5,314.5,0.988
1649,900.5,314.5,0.99
1650,916.5,320.5,0.991
1651,932.5,328.5,0.999
1652,948.5,338.5,0.99
1653,964.5,356.5,0.969
1654,968.5,338.5,0.959
1655,972.5,324.5,0.993
1656,978.5,308.5,0.946
1657,978.5,292.5,0.995
1658,980.5,282.5,0.979
1659,982.5,274.5,0.988
1660,982.5,268.5,0.996
1661,982.5,268.5,0.994
1662,984.5,274.5,0.997
1663,982.5,282.5,0.985
1664,982.5,292.5,0.979
1665,982.5,306.5,0.98
1666,976.5,324.5,0.998
1667,974.5,340.5,0.985
1668,970.5,356.5,0.922
1669,496.5,588.5,0.594
1670,496.5,588.5,0.594
1671,496.5,588.5,0.604
1672,496.5,588.5,0.589
1673,496.5,588.5,0.599
1674,496.5,588.5,0.591
1675,496.5,588.5,0.59
1676,496.5,588.5,0.597
1677,496.5,588.5,0.604
1678,496.5,588.5,0.593
1679,496.5,588.5,0.577
1680,496.5,588.5,0.591
1681,496.5,588.5,0.607
1682,496.5,588.5,0.574
1683,496.5,588.5,0.651
1684,496.5,588.5,0.594
1685,496.5,588.5,0.609
1686,496.5,588.5,0.613
1687,496.5,588.5,0.62
1688,496.5,588.5,0.62
1689,496.5,588.5,0.609
1690,496.5,588.5,0.626
1691,496.5,588.5,0.58
1692,496.5,588.5,0.646
1693,496.5,588.5,0.643
1694,496.5,588.5,0.627
1695,496.5,588.5,0.687
1696,496.5,588.5,0.584
1697,496.5,588.5,0.645
1698,496.5,588.5,0.634
1699,496.5,588.5,0.644
1700,496.5,588.5,0.642
1701,496.5,588.5,0.666
1702,496.5,588.5,0.594
1703,496.5,588.5,0.589
1704,496.5,588.5,0.602
1705,496.5,588.5,0.598
1706,496.5,588.5,0.593
1707,496.5,588.5,0.582
1708,496.5,588.5,0.616
1709,496.5,588.5,0.61
1710,496.5,588.5,0.58
1711,496.5,588.5,0.617
1712,496.5,588.5,0.602
1713,496.5,588.5,0.606
1714,496.5,588.5,0.606
1715,496.5,588.5,0.612
1716,496.5,588.5,0.589
1717,496.5,588.5,0.616
1718,496.5,588.5,0.605
1719,496.5,588.5,0.568
1720,496.5,588.5,0.653
1721,496.5,588.5,0.614
1722,496.5,588.5,0.582
1723,496.5,588.5,0.603
1724,496.5,588.5,0.617
1725,496.5,588.5,0.603
1726,496.5,588.5,0.601
1727,496.5,588.5,0.607
1728,496.5,588.5,0.612
1729,496.5,588.5,0.61
1730,496.5,588.5,0.614
1731,496.5,588.5,0.593
1732,496.5,588.5,0.621
1733,496.5,588.5,0.639
1734,496.5,588.5,0.619
1735,496.5,588.5,0.614
1736,496.5,588.5,0.583
1737,496.5,588.5,0.562
1738,496.5,588.5,0.579
1739,496.5,588.5,0.595
1740,496.5,588.5,0.583
1741,496.5,588.5,0.608
1742,316.5,332.5,0.844
1743,302.5,334.5,0.845
1744,496.5,588.5,0.61
1745,496.5,588.5,0.603
1746,496.5,588.5,0.595
1747,496.5,588.5,0.595
1748,496.5,588.5,0.619
1750,496.5,588.5,0.815
1751,496.5,588.5,0.797
1752,496.5,588.5,0.776
1753,496.5,588.5,0.795
1754,496.5,588.5,0.785
1755,496.5,588.5,0.789
1756,496.5,588.5,0.791
1757,496.5,588.5,0.786
1758,496.5,588.5,0.803
1759,496.5,588.5,0.792
1760,496.5,588.5,0.79
1761,496.5,588.5,0.791
1762,496.5,588.5,0.79
1763,496.5,588.5,0.786
1764,496.5,588.5,0.774
1765,496.5,588.5,0.781
1766,496.5,588.5,0.784
1767,496.5,588.5,0.785
1768,496.5,588.5,0.788
1769,936.5,432.5,0.895
1770,932.5,406.5,0.987
1771,1070.5,330.5,0.868
1772,496.5,588.5,0.788
1773,496.5,588.5,0.768
1774,496.5,588.5,0.794
1775,932.5,294.5,0.99
1776,934.5,282.5,0.995
1777,934.5,272.5,0.97
1778,936.5,268.5,0.925
1779,936.5,268.5,0.92
1780,934.5,272.5,0.982
1781,934.5,280.5,0.994
1782,932.5,290.5,0.995
1783,932.5,308.5,0.998
1784,930.5,324.5,0.974
1785,928.5,350.5,0.972
1786,920.5,370.5,0.914
1787,918.5,394.5,0.927
1788,916.5,426.5,0.972
1789,866.5,428.5,0.95
1790,496.5,588.5,0.799
1791,772.5,420.5,0.947
1792,722.5,404.5,0.876
1793,686.5,370.5,0.929
1794,658.5,346.5,0.976
1795,626.5,324.5,0.991
1796,594.5,306.5,0.996
1797,568.5,292.5,0.993
1798,538.5,282.5,0.995
1799,518.5,278.5,0.998
1800,494.5,276.5,0.994
1801,474.5,276.5,0.998
1802,452.5,276.5,0.999
1803,436.5,282.5,0.998
1804,418.5,284.5,0.997
1805,402.5,264.5,0.992
1806,388.5,254.5,0.985
1807,374.5,242.5,0.99
1808,358.5,232.5,0.991
1809,346.5,228.5,0.898
1810,494.5,588.5,0.797
1811,378.5,212.5,0.983
1812,406.5,202.5,0.984
1813,434.5,196.5,0.996
1814,466.5,196.5,0.997
1815,492.5,194.5,0.997
1816,526.5,198.5,0.997
1817,558.5,204.5,0.958
1818,588.5,212.5,0.985
1819,622.5,226.5,0.976
1820,642.5,234.5,0.995
1821,686.5,258.5,0.998
1822,710.5,274.5,0.988
1823,740.5,296.5,0.976
1824,774.5,326.5,0.985
1825,804.5,354.5,0.985
1826,830.5,366.5,0.99
1827,856.5,348.5,0.989
1828,880.5,340.5,0.995
1829,910.5,328.5,0.992
1830,936.5,324.5,0.988
1831,962.5,322.5,0.987
1832,986.5,322.5,0.987
1833,1014.5,324.5,0.978
1834,494.5,588.5,0.692
1835,494.5,588.5,0.711
1836,494.5,588.5,0.69
1837,494.5,588.5,0.7
1838,494.5,588.5,0.699
1839,1036.5,324.5,0.886
1840,1006.5,306.5,0.991
1841,936.5,272.5,0.999
1842,884.5,250.5,0.997
1843,838.5,234.5,0.998
1844,794.5,224.5,0.996
1845,756.5,216.5,0.987
1846,720.5,212.5,0.995
1847,686.5,212.5,0.998
1848,660.5,216.5,0.979
1849,630.5,222.5,0.973
1850,604.5,228.5,0.99
1851,584.5,238.5,0.973
1852,566.5,246.5,0.986
1853,546.5,260.5,0.995
1854,530.5,242.5,0.987
1855,512.5,218.5,0.981
1856,498.5,202.5,0.982
1857,484.5,186.5,0.996
1858,470.5,174.5,0.99
1859,458.5,166.5,0.986
1860,446.5,160.5,0.976
1861,434.5,154.5,0.939
1862,438.5,160.5,0.934
1863,462.5,164.5,0.985
1864,484.5,170.5,0.992
1865,506.5,180.5,0.996
1866,534.5,194.5,0.991
1867,568.5,212.5,0.987
1868,598.5,230.5,0.989
1869,626.5,248.5,0.975
1870,656.5,266.5,0.726
1871,714.5,312.5,0.886
1872,736.5,330.5,0.824
1873,798.5,380.5,0.96
1874,210.5,184.5,0.928
1875,886.5,466.5,0.972
1876,922.5,500.5,0.977
1877,986.5,568.5,0.95
1878,1046.5,630.5,0.982
1879,1088.5,678.5,0.924
1880,270.5,210.5,0.793
1881,282.5,204.5,0.798
1882,496.5,588.5,0.597
1883,496.5,588.5,0.6
1884,496.5,588.5,0.591
1885,496.5,588.5,0.575
1886,496.5,588.5,0.57
1887,496.5,588.5,0.564
1888,496.5,588.5,0.568
1889,496.5,588.5,0.566
1890,496.5,588.5,0.568
1891,496.5,588.5,0.564
1892,494.5,588.5,0.573
1893,496.5,588.5,0.564
1894,328.5,176.5,0.628
1895,326.5,166.5,0.932
1896,320.5,156.5,0.624
1897,312.5,142.5,0.865
1898,306.5,130.5,0.81
1899,496.5,588.5,0.574
1900,496.5,588.5,0.546
1901,496.5,588.5,0.562
1902,496.5,588.5,0.552
1903,496.5,588.5,0.555
1904,496.5,588.5,0.593
1905,496.5,588.5,0.585
1906,496.5,588.5,0.589
1907,496.5,588.5,0.576
1908,496.5,588.5,0.586
1909,496.5,588.5,0.581
1910,496.5,588.5,0.55
1911,496.5,588.5,0.563
1912,262.5,180.5,0.881
1913,496.5,588.5,0.574
1914,496.5,588.5,0.572
1915,496.5,588.5,0.574
1916,496.5,588.5,0.569
1917,264.5,170.5,0.646
1918,496.5,588.5,0.567
1919,494.5,588.5,0.522
1920,1250.5,458.5,0.688
1921,1238.5,472.5,0.784
1922,496.5,588.5,0.619
1923,496.5,588.5,0.611
1924,1192.5,514.5,0.789
1925,496.5,588.5,0.611
1926,496.5,588.5,0.587
1927,496.5,588.5,0.589
1928,496.5,588.5,0.604
1929,496.5,588.5,0.579
1930,496.5,588.5,0.569
1931,1162.5,614.5,0.773
1932,1112.5,594.5,0.748
1933,1098.5,598.5,0.618
1934,496.5,588.5,0.513
1935,496.5,588.5,0.641
1936,496.5,588.5,0.584
1937,496.5,588.5,0.607
1938,496.5,588.5,0.581
1939,280.5,130.5,0.8
1940,282.5,146.5,0.825
1941,496.5,588.5,0.61
1942,496.5,588.5,0.553
1943,496.5,588.5,0.65
1944,496.5,588.5,0.625
1945,496.5,588.5,0.622
1946,496.5,588.5,0.615
1947,996.5,632.5,0.688
1948,244.5,174.5,0.934
1949,496.5,588.5,0.619
1950,496.5,588.5,0.609
1951,496.5,588.5,0.609
1952,496.5,588.5,0.603
1953,246.5,152.5,0.664
1954,496.5,588.5,0.605
1955,826.5,552.5,0.937
1956,496.5,588.5,0.63
1957,496.5,588.5,0.533
1958,496.5,588.5,0.714
1959,496.5,588.5,0.622
1960,496.5,588.5,0.655
1961,496.5,588.5,0.65
1962,674.5,686.5,0.806
1963,496.5,588.5,0.648
1964,628.5,640.5,0.731
1965,496.5,588.5,0.649
1966,496.5,588.5,0.594
1967,582.5,576.5,0.543
1968,572.5,560.5,0.697
1969,232.5,236.5,0.513
1971,496.5,588.5,0.745
1972,496.5,588.5,0.726
1977,700.5,578.5,0.817
1989,778.5,358.5,0.84
1998,764.5,358.5,0.896
2013,534.5,538.5,0.608
2014,560.5,532.5,0.919
2023,948.5,362.5,0.567
2024,646.5,232.5,0.984
2025,630.5,196.5,0.962
2026,612.5,162.5,0.955
2027,594.5,132.5,0.985
2028,580.5,112.5,0.982
2029,562.5,92.5,0.985
2030,548.5,80.5,0.983
2031,534.5,70.5,0.994
2032,522.5,68.5,0.975
2033,512.5,68.5,0.983
2034,500.5,70.5,0.997
2035,492.5,76.5,0.982
2036,484.5,84.5,0.998
2037,476.5,98.5,0.996
2038,470.5,110.5,0.995
2039,464.5,124.5,0.987
2040,458.5,142.5,0.989
2041,454.5,160.5,0.994
2042,450.5,178.5,0.995
2043,444.5,196.5,0.993
2044,440.5,216.5,0.995
2045,440.5,236.5,0.995
2046,436.5,250.5,0.997
2047,434.5,232.5,0.984
2048,424.5,204.5,0.993
2049,420.5,186.5,0.997
2050,414.5,164.5,0.985
2051,410.5,148.5,0.994
2052,406.5,134.5,0.994
2053,402.5,122.5,0.986
2054,398.5,114.5,0.857
2055,390.5,84.5,0.959
2056,390.5,104.5,0.997
2057,386.5,124.5,0.693
2058,372.5,140.5,0.751
2060,362.5,162.5,0.718
2076,350.5,230.5,0.681
2077,344.5,234.5,0.637
2078,338.5,234.5,0.646
2079,334.5,236.5,0.812
2080,326.5,236.5,0.948
2081,322.5,240.5,0.921
2082,316.5,244.5,0.984
2083,310.5,246.5,0.985
2084,304.5,248.5,0.971
2085,300.5,248.5,0.988
2086,294.5,250.5,0.971
2087,288.5,250.5,0.987
2088,286.5,254.5,0.971
2089,282.5,254.5,0.963
2090,280.5,256.5,0.979
2091,278.5,256.5,0.983
2092,278.5,258.5,0.987
2093,276.5,260.5,0.991
2094,278.5,260.5,0.995
2095,276.5,264.5,0.993
2096,278.5,266.5,0.988
2097,278.5,268.5,0.989
2098,280.5,270.5,0.992
2099,280.5,272.5,0.99
2100,280.5,268.5,0.998
2101,278.5,258.5,0.993
2102,272.5,246.5,0.982
2103,268.5,232.5,0.95
2104,266.5,224.5,0.765
2105,264.5,218.5,0.969
2106,260.5,212.5,0.995
2107,260.5,210.5,0.98
2108,256.5,212.5,0.98
2109,256.5,216.5,0.968
2110,254.5,220.5,0.96
2111,254.5,228.5,0.958
2112,256.5,236.5,0.982
2113,282.5,248.5,0.947
2115,396.5,276.5,0.993
2116,430.5,270.5,0.993
2117,472.5,262.5,0.995
2118,508.5,260.5,0.998
2119,550.5,260.5,0.995
2120,592.5,264.5,0.972
2121,638.5,270.5,0.982
2122,680.5,282.5,0.973
2123,712.5,292.5,0.966
2124,750.5,306.5,0.963
2125,786.5,322.5,0.984
2126,818.5,340.5,0.99
2127,854.5,332.5,0.987
2128,890.5,324.5,0.995
2129,926.5,318.5,0.991
2130,956.5,318.5,0.993
2131,998.5,318.5,0.991
2132,1028.5,322.5,0.99
2133,1054.5,326.5,0.994
2134,1038.5,308.5,0.95
2135,1002.5,284.5,0.961
2136,952.5,252.5,0.998
2137,926.5,240.5,0.992
2138,884.5,220.5,0.994
2139,850.5,208.5,0.998
2140,818.5,196.5,0.999
2141,782.5,188.5,0.99
2142,750.5,184.5,0.992
2143,718.5,180.5,0.998
2144,692.5,182.5,0.985
2145,672.5,184.5,0.993
2146,638.5,192.5,0.99
2147,614.5,198.5,0.977
2148,590.5,208.5,0.988
2149,570.5,218.5,0.959
2150,548.5,228.5,0.975
2151,530.5,242.5,0.977
2152,506.5,258.5,0.989
2153,494.5,248.5,0.991
2154,476.5,228.5,0.991
2155,462.5,212.5,0.976
2156,446.5,198.5,0.985
2157,434.5,190.5,0.954
2158,422.5,182.5,0.971
2159,458.5,190.5,0.979
2160,492.5,196.5,0.988
2161,530.5,210.5,0.99
2162,566.5,226.5,0.986
2163,600.5,242.5,0.985
2164,626.5,254.5,0.991
2165,672.5,290.5,0.939
2166,706.5,306.5,0.941
2167,744.5,340.5,0.97
2168,768.5,362.5,0.979
2169,814.5,382.5,0.984
2170,846.5,380.5,0.996
2171,888.5,384.5,0.965
2172,928.5,394.5,0.994
2173,964.5,402.5,0.998
2174,1000.5,416.5,0.973
2175,1034.5,426.5,0.976
2176,994.5,386.5,0.985
2177,946.5,344.5,0.964
2178,906.5,314.5,0.966
2179,864.5,282.5,0.991
2180,826.5,260.5,0.998
2181,792.5,242.5,0.993
2182,756.5,226.5,0.992
2183,726.5,216.5,0.977
2184,698.5,210.5,0.983
2185,672.5,206.5,0.993
2186,642.5,206.5,0.994
2187,620.5,210.5,0.98
2188,598.5,214.5,0.979
2189,578.5,222.5,0.963
2190,562.5,230.5,0.991
2191,546.5,242.5,0.987
2192,530.5,256.5,0.991
2193,518.5,268.5,0.996
2194,510.5,284.5,0.994
2195,494.5,284.5,0.974
2196,486.5,260.5,0.987
2197,474.5,242.5,0.991
2198,466.5,224.5,0.997
2199,458.5,206.5,0.995
2200,450.5,194.5,0.998
2201,442.5,186.5,0.992
2202,436.5,178.5,0.992
2203,428.5,172.5,0.985
2204,422.5,170.5,0.988
2205,416.5,170.5,0.953
2206,438.5,176.5,0.965
2207,460.5,180.5,0.996
2208,496.5,188.5,0.994
2209,526.5,196.5,0.996
2210,556.5,208.5,0.984
2211,592.5,224.5,0.974
2212,624.5,240.5,0.99
2213,656.5,258.5,0.981
2214,688.5,278.5,0.993
2215,716.5,294.5,0.89
2216,758.5,324.5,0.99
2217,778.5,348.5,0.987
2218,816.5,372.5,0.996
2219,846.5,360.5,0.996
2220,882.5,354.5,0.994
2221,918.5,348.5,0.981
2222,954.5,352.5,0.958
2223,990.5,352.5,0.992
2224,1024.5,356.5,0.981
2225,1058.5,364.5,0.967
2226,1090.5,374.5,0.984
2227,1118.5,386.5,0.835
2229,496.5,588.5,0.514
2230,1028.5,434.5,0.617
2231,496.5,588.5,0.531
2232,1106.5,370.5,0.993
2233,1060.5,344.5,0.994
2234,1014.5,320.5,0.957
2235,948.5,290.5,0.998
2236,902.5,274.5,0.999
2237,858.5,260.5,0.999
2238,816.5,252.5,0.994
2239,778.5,248.5,0.982
2240,746.5,248.5,0.976
2241,718.5,250.5,0.978
2242,686.5,256.5,0.997
2243,656.5,264.5,0.996
2244,644.5,268.5,0.994
2245,646.5,276.5,0.995
2246,658.5,284.5,0.992
2247,668.5,284.5,0.964
2248,676.5,282.5,0.984
2249,356.5,200.5,0.894
2250,690.5,280.5,0.991
2251,698.5,282.5,0.971
2252,706.5,292.5,0.96
2253,712.5,294.5,0.956
2254,720.5,290.5,0.969
2255,724.5,288.5,0.971
2256,730.5,288.5,0.947
2257,738.5,288.5,0.986
2258,742.5,292.5,0.995
2259,750.5,300.5,0.947
2260,754.5,294.5,0.977
2261,760.5,290.5,0.985
2262,766.5,290.5,0.963
2263,772.5,294.5,0.967
2264,776.5,298.5,0.965
2265,784.5,298.5,0.975
2266,788.5,296.5,0.959
2267,794.5,296.5,0.95
2268,800.5,298.5,0.978
2269,806.5,302.5,0.945
2270,812.5,304.5,0.964
2271,818.5,300.5,0.966
2272,824.5,300.5,0.97
2273,830.5,302.5,0.969
2274,836.5,306.5,0.999
2275,840.5,314.5,0.985
2277,418.5,216.5,0.719
2278,418.5,218.5,0.855
2283,418.5,224.5,0.565
2285,416.5,226.5,0.61
2287,1132.5,212.5,0.817
2288,1096.5,182.5,0.766
2292,914.5,412.5,0.978
2293,916.5,416.5,0.999
2294,920.5,424.5,0.997
2295,922.5,430.5,0.994
2296,922.5,440.5,0.865
2298,934.5,460.5,0.972
2299,936.5,452.5,0.987
2300,942.5,448.5,0.986
2301,948.5,444.5,0.982
2302,950.5,440.5,0.914
2306,842.5,316.5,0.98
2307,826.5,296.5,0.98
2308,802.5,276.5,0.999
2309,776.5,258.5,0.992
2310,756.5,244.5,0.988
2311,738.5,234.5,0.98
2312,718.5,224.5,0.972
2313,694.5,216.5,0.971
2314,678.5,212.5,0.998
2315,660.5,212.5,0.961
2316,640.5,208.5,0.984
2317,624.5,210.5,0.984
2318,608.5,212.5,0.99
2319,590.5,218.5,0.963
2320,576.5,224.5,0.991
2321,560.5,232.5,0.989
2322,548.5,240.5,0.855
2324,384.5,210.5,0.802
2325,388.5,216.5,0.777
2326,1104.5,232.5,0.865
2338,294.5,260.5,0.717
2345,278.5,196.5,0.612
2352,280.5,186.5,0.506
2355,278.5,172.5,0.761
2356,494.5,588.5,0.509
2357,280.5,166.5,0.717
2358,494.5,588.5,0.527
2359,494.5,588.5,0.519
2360,494.5,588.5,0.521
2361,384.5,228.5,0.912
2362,388.5,226.5,0.893
2363,388.5,218.5,0.542
2364,390.5,224.5,0.966
2365,390.5,216.5,0.942
2366,392.5,210.5,0.954
2367,496.5,588.5,0.541
2368,394.5,198.5,0.728
2369,396.5,192.5,0.575
2370,398.5,186.5,0.765
2371,494.5,588.5,0.503
2372,310.5,332.5,0.632
2373,400.5,174.5,0.693
2374,400.5,172.5,0.52
2375,496.5,588.5,0.501
2376,400.5,172.5,0.732
2377,496.5,588.5,0.504
2378,398.5,176.5,0.741
2385,1004.5,468.5,0.576
2386,994.5,444.5,0.622
2387,976.5,428.5,0.847
2391,350.5,218.5,0.626
2392,344.5,218.5,0.503
2393,338.5,220.5,0.808
2394,330.5,224.5,0.946
2395,324.5,226.5,0.982
2396,320.5,228.5,0.985
2397,314.5,230.5,0.988
2398,310.5,234.5,0.984
2399,304.5,236.5,0.994
2400,298.5,238.5,0.913
2401,294.5,242.5,0.961
2402,290.5,244.5,0.984
2403,288.5,248.5,0.991
2404,286.5,252.5,0.985
2405,282.5,254.5,0.989
2406,280.5,256.5,0.992
2407,278.5,258.5,0.978
2408,278.5,262.5,0.983
2409,278.5,264.5,0.995
2410,278.5,268.5,0.987
2411,278.5,272.5,0.997
2412,278.5,274.5,0.982
2413,278.5,274.5,0.994
2414,276.5,272.5,0.978
2415,274.5,262.5,0.993
2416,268.5,250.5,0.928
2417,262.5,234.5,0.975
2418,260.5,220.5,0.977
2419,258.5,210.5,0.99
2420,254.5,202.5,0.99
2421,252.5,196.5,0.996
2422,252.5,192.5,0.979
2423,248.5,192.5,0.969
2424,248.5,196.5,0.991
2425,248.5,202.5,0.99
2426,248.5,208.5,0.993
2427,246.5,220.5,0.974
2428,248.5,232.5,0.974
2429,268.5,250.5,0.939
2430,320.5,274.5,0.923
2431,346.5,282.5,0.881
2432,378.5,264.5,0.976
2433,410.5,256.5,0.977
2434,442.5,246.5,0.993
2435,470.5,242.5,0.995
2436,500.5,242.5,0.976
2437,536.5,242.5,0.977
2438,566.5,244.5,0.986
2439,600.5,250.5,0.965
2440,630.5,262.5,0.975
2441,654.5,268.5,0.989
2442,692.5,290.5,0.972
2443,724.5,306.5,0.989
2444,752.5,324.5,0.99
2445,778.5,346.5,0.994
2446,800.5,340.5,0.972
2447,832.5,328.5,0.981
2448,868.5,316.5,0.988
2449,890.5,312.5,0.998
2450,928.5,306.5,0.995
2451,948.5,304.5,0.999
2452,982.5,308.5,0.98
2453,1010.5,312.5,0.979
2454,1040.5,324.5,0.991
2455,1058.5,332.5,0.979
2456,1044.5,314.5,0.965
2457,1010.5,288.5,0.973
2458,956.5,250.5,0.996
2459,922.5,228.5,0.998
2460,888.5,212.5,0.998
2461,852.5,196.5,0.998
2462,818.5,186.5,0.996
2463,784.5,178.5,0.992
2464,752.5,174.5,0.988
2465,726.5,174.5,0.987
2466,696.5,176.5,0.978
2467,676.5,178.5,0.992
2468,644.5,188.5,0.992
2469,622.5,196.5,0.984
2470,602.5,208.5,0.968
2471,582.5,218.5,0.973
2472,562.5,232.5,0.981
2473,546.5,244.5,0.984
2474,532.5,258.5,0.996
2475,516.5,236.5,0.984
2476,504.5,218.5,0.989
2477,494.5,202.5,0.989
2478,482.5,188.5,0.993
2479,472.5,178.5,0.993
2480,462.5,168.5,0.977
2481,452.5,162.5,0.982
2482,444.5,156.5,0.947
2483,476.5,158.5,0.965
2484,510.5,160.5,0.993
2485,542.5,164.5,0.991
2486,580.5,174.5,0.966
2487,612.5,182.5,0.974
2488,646.5,196.5,0.996
2489,686.5,216.5,0.996
2490,724.5,242.5,0.996
2491,756.5,262.5,0.996
2492,802.5,298.5,0.987
2493,824.5,324.5,0.979
2494,860.5,360.5,0.961
2495,900.5,396.5,0.931
2496,932.5,388.5,0.99
2497,974.5,374.5,0.988
2498,1004.5,370.5,0.984
2499,1038.5,364.5,0.962
2500,1072.5,362.5,0.935
2501,1082.5,338.5,0.969
2502,1026.5,280.5,0.943
2503,368.5,158.5,0.799
2504,958.5,216.5,0.96
2505,496.5,588.5,0.576
2506,254.5,176.5,0.726
2507,848.5,132.5,0.97
2508,808.5,110.5,0.997
2509,786.5,100.5,0.994
2510,758.5,92.5,0.952
2511,734.5,88.5,0.987
2512,710.5,86.5,0.986
2513,690.5,86.5,0.986
2514,672.5,90.5,0.984
2515,650.5,98.5,0.993
2516,634.5,106.5,0.996
2517,618.5,114.5,0.992
2518,604.5,128.5,0.982
2519,592.5,138.5,0.993
2520,580.5,154.5,0.99
2521,568.5,170.5,0.988
2522,558.5,186.5,0.973
2523,550.5,202.5,0.986
2524,542.5,218.5,0.979
2525,536.5,236.5,0.927
2526,496.5,588.5,0.612
2527,496.5,588.5,0.63
2528,496.5,588.5,0.602
2529,496.5,588.5,0.616
2530,496.5,588.5,0.624
2531,496.5,588.5,0.601
2532,496.5,588.5,0.621
2533,496.5,588.5,0.603
2534,496.5,588.5,0.61
2535,496.5,588.5,0.61
2536,412.5,228.5,0.851
2537,422.5,232.5,0.708
2538,496.5,588.5,0.595
2539,496.5,588.5,0.61
2540,496.5,588.5,0.607
2541,496.5,588.5,0.616
2542,496.5,588.5,0.616
2543,496.5,588.5,0.617
2544,496.5,588.5,0.607
2545,496.5,588.5,0.612
2546,496.5,588.5,0.612
2547,496.5,588.5,0.616
2548,496.5,588.5,0.607
2549,496.5,588.5,0.609
2550,496.5,588.5,0.6
2551,1254.5,414.5,0.713
2552,1252.5,436.5,0.932
2553,1246.5,450.5,0.795
2554,496.5,588.5,0.613
2555,496.5,588.5,0.607
2556,424.5,228.5,0.976
2557,496.5,588.5,0.6
2558,422.5,212.5,0.93
2559,422.5,206.5,0.928
2560,422.5,200.5,0.877
2561,422.5,196.5,0.865
2562,496.5,588.5,0.592
2563,496.5,588.5,0.601
2564,420.5,184.5,0.735
2565,496.5,588.5,0.619
2566,496.5,588.5,0.606
2567,416.5,170.5,0.936
2568,496.5,588.5,0.605
2569,412.5,154.5,0.796
2570,496.5,588.5,0.605
2571,496.5,588.5,0.614
2572,496.5,588.5,0.649
2573,496.5,588.5,0.58
2574,496.5,588.5,0.608
2575,496.5,588.5,0.597
2576,438.5,130.5,0.798
2577,450.5,138.5,0.948
2578,468.5,158.5,0.991
2579,476.5,172.5,0.993
2580,500.5,198.5,0.976
2581,466.5,164.5,0.856
2582,534.5,248.5,0.972
2583,550.5,268.5,0.998
2584,566.5,260.5,0.993
2585,584.5,250.5,0.983
2586,600.5,242.5,0.995
2587,616.5,240.5,0.996
2588,632.5,236.5,0.996
2589,648.5,238.5,0.986
2590,672.5,242.5,0.998
2591,688.5,250.5,0.99
2592,706.5,260.5,0.994
2593,726.5,274.5,0.993
2594,742.5,288.5,0.983
2595,768.5,312.5,0.964
2596,782.5,328.5,0.984
2597,804.5,356.5,0.989
2598,822.5,388.5,0.973
2599,838.5,408.5,0.984
2600,854.5,396.5,0.994
2601,874.5,388.5,0.989
2602,894.5,384.5,0.979
2603,914.5,382.5,0.944
2604,934.5,386.5,0.938
2605,950.5,390.5,0.996
2606,968.5,400.5,0.992
2607,986.5,412.5,0.984
2608,1002.5,426.5,0.977
2609,1014.5,440.5,0.984
2610,494.5,588.5,0.587
2611,496.5,588.5,0.661
2612,496.5,588.5,0.631
2613,496.5,588.5,0.63
2614,496.5,588.5,0.664
2615,496.5,588.5,0.704
2616,496.5,588.5,0.72
2617,984.5,394.5,0.707
2618,978.5,402.5,0.966
2619,970.5,408.5,0.883
2620,496.5,588.5,0.67
2621,960.5,426.5,0.898
2622,954.5,438.5,0.778
2623,952.5,450.5,0.966
2624,950.5,466.5,0.967
2625,948.5,480.5,0.953
2626,950.5,494.5,0.94
2627,950.5,510.5,0.781
2628,496.5,588.5,0.674
2629,496.5,588.5,0.68
2630,496.5,588.5,0.69
2631,496.5,588.5,0.681
2632,496.5,588.5,0.687
2633,496.5,588.5,0.674
2634,496.5,588.5,0.673
2635,496.5,588.5,0.723
2636,496.5,588.5,0.689
2637,496.5,588.5,0.692
2638,496.5,588.5,0.717
2639,496.5,588.5,0.751
2641,496.5,588.5,0.714
2642,496.5,588.5,0.637
2643,496.5,588.5,0.631
2644,496.5,588.5,0.626
2645,496.5,588.5,0.622
2646,496.5,588.5,0.631
2647,496.5,588.5,0.613
2648,422.5,218.5,0.642
2649,496.5,588.5,0.626
2650,496.5,588.5,0.615
2651,992.5,532.5,0.72
2652,992.5,530.5,0.641
2653,496.5,588.5,0.656
2654,496.5,588.5,0.628
2655,994.5,524.5,0.859
2656,496.5,588.5,0.605
2657,1000.5,528.5,0.838
2658,1002.5,530.5,0.919
2659,1004.5,534.5,0.958
2660,1008.5,534.5,0.963
2661,1010.5,536.5,0.989
2662,1016.5,540.5,0.954
2663,1018.5,542.5,0.935
2664,1024.5,544.5,0.961
2665,1026.5,550.5,0.964
2666,1030.5,550.5,0.896
2667,1032.5,552.5,0.949
2668,1036.5,554.5,0.899
2669,1038.5,556.5,0.932
2670,1040.5,556.5,0.897
2671,1042.5,558.5,0.783
2672,1044.5,560.5,0.912
2673,1044.5,560.5,0.842
2674,1044.5,562.5,0.804
2675,496.5,588.5,0.662
2676,496.5,588.5,0.653
2677,496.5,588.5,0.656
2678,496.5,588.5,0.648
2679,496.5,588.5,0.669
2680,496.5,588.5,0.656
2681,496.5,588.5,0.672
2682,1024.5,562.5,0.923
2683,1020.5,558.5,0.756
2684,496.5,588.5,0.623
2685,1008.5,554.5,0.932
2686,1000.5,548.5,0.916
2687,494.5,588.5,0.683
2688,496.5,588.5,0.665
2689,496.5,588.5,0.675
2690,496.5,588.5,0.668
2691,496.5,588.5,0.678
2692,304.5,148.5,0.718
2693,310.5,166.5,0.832
2694,312.5,178.5,0.917
2695,312.5,190.5,0.904
2696,312.5,202.5,0.873
2697,496.5,588.5,0.706
2698,922.5,292.5,0.975
2699,926.5,276.5,0.996
2700,928.5,264.5,0.982
2701,930.5,258.5,0.972
2702,930.5,254.5,0.907
2703,930.5,256.5,0.973
2704,930.5,262.5,0.994
2705,930.5,270.5,0.986
2706,928.5,282.5,0.995
2707,926.5,298.5,0.989
2708,924.5,318.5,0.99
2709,920.5,344.5,0.976
2710,918.5,366.5,0.941
2711,978.5,486.5,0.812
2712,914.5,426.5,0.763
2713,882.5,444.5,0.902
2714,910.5,382.5,0.903
2715,780.5,438.5,0.884
2716,900.5,336.5,0.883
2717,678.5,378.5,0.912
2718,646.5,354.5,0.986
2719,604.5,324.5,0.988
2720,1088.5,222.5,0.997
2721,538.5,294.5,0.995
2722,512.5,284.5,0.998
2723,488.5,280.5,0.994
2724,462.5,278.5,0.999
2725,438.5,276.5,0.998
2726,418.5,280.5,0.997
2727,400.5,284.5,0.997
2728,380.5,278.5,0.977
2729,362.5,262.5,0.994
2730,344.5,248.5,0.993
2731,328.5,236.5,0.99
2732,312.5,228.5,0.99
2733,298.5,226.5,0.938
2734,496.5,588.5,0.677
2735,356.5,216.5,0.985
2736,382.5,214.5,0.997
2737,414.5,216.5,0.996
2738,448.5,224.5,0.997
2739,478.5,230.5,0.996
2740,514.5,244.5,0.992
2741,542.5,254.5,0.978
2742,582.5,272.5,0.995
2743,610.5,288.5,0.98
2744,646.5,312.5,0.981
2745,676.5,336.5,0.98
2746,706.5,342.5,0.995
2747,734.5,332.5,0.993
2748,768.5,324.5,0.996
2749,796.5,324.5,0.997
2750,828.5,326.5,0.992
2751,860.5,332.5,0.995
2752,890.5,338.5,0.99
2753,920.5,346.5,0.951
2754,954.5,362.5,0.964
2755,978.5,374.5,0.986
2756,1014.5,400.5,0.989
2757,1038.5,418.5,0.977
2758,1000.5,386.5,0.985
2759,964.5,354.5,0.915
2760,918.5,320.5,0.983
2761,876.5,290.5,0.997
2762,842.5,274.5,0.997
2763,802.5,252.5,0.989
2764,770.5,242.5,0.995
2765,734.5,228.5,0.997
2766,706.5,224.5,0.987
2767,678.5,220.5,0.991
2768,648.5,220.5,0.99
2769,626.5,224.5,0.983
2770,602.5,228.5,0.99
2771,582.5,234.5,0.966
2772,564.5,242.5,0.982
2773,544.5,256.5,0.973
2774,526.5,264.5,0.991
2775,510.5,282.5,0.992
2776,498.5,262.5,0.996
2777,488.5,244.5,0.986
2778,474.5,226.5,0.997
2779,464.5,210.5,0.989
2780,454.5,200.5,0.996
2781,444.5,192.5,0.983
2782,434.5,186.5,0.994
2783,424.5,180.5,0.972
2784,440.5,180.5,0.918
2785,466.5,182.5,0.962
2786,502.5,188.5,0.99
2787,544.5,196.5,0.989
2788,576.5,208.5,0.971
2789,606.5,216.5,0.989
2790,640.5,230.5,0.997
2791,678.5,252.5,0.993
2792,712.5,274.5,0.988
2793,740.5,294.5,0.981
2794,784.5,328.5,0.979
2795,806.5,348.5,0.972
2796,842.5,362.5,0.995
2797,874.5,354.5,0.993
2798,906.5,346.5,0.993
2799,944.5,342.5,0.989
2800,978.5,342.5,0.992
2801,370.5,166.5,0.939
2802,372.5,164.5,0.952
2803,1046.5,354.5,0.966
2804,1050.5,338.5,0.992
2805,1010.5,300.5,0.946
2806,964.5,260.5,0.951
2807,930.5,232.5,0.991
2808,892.5,206.5,0.995
2809,860.5,188.5,0.983
2810,824.5,166.5,0.943
2811,788.5,152.5,0.994
2812,1136.5,256.5,0.983
2813,728.5,136.5,0.952
2814,700.5,132.5,0.995
2815,676.5,132.5,0.998
2816,646.5,136.5,0.996
2817,626.5,140.5,0.994
2818,606.5,146.5,0.993
2819,586.5,158.5,0.97
2820,566.5,168.5,0.985
2821,550.5,180.5,0.988
2822,534.5,194.5,0.994
2823,520.5,208.5,0.993
2824,504.5,226.5,0.992
2825,492.5,244.5,0.974
2826,482.5,252.5,0.985
2827,472.5,234.5,0.987
2828,458.5,210.5,0.979
2829,450.5,194.5,0.992
2830,440.5,178.5,0.996
2831,432.5,164.5,0.994
2832,422.5,154.5,0.997
2833,414.5,146.5,0.992
2834,404.5,140.5,0.989
2835,398.5,138.5,0.991
2836,390.5,136.5,0.983
2837,384.5,136.5,0.845
2838,372.5,144.5,0.887
2839,448.5,154.5,0.932
2840,476.5,162.5,0.994
2841,508.5,172.5,0.996
2842,544.5,190.5,0.979
2843,578.5,208.5,0.988
2844,614.5,228.5,0.992
2845,638.5,244.5,0.976
2846,678.5,276.5,0.978
2847,706.5,302.5,0.975
2848,738.5,316.5,0.993
2849,762.5,310.5,0.986
2850,798.5,300.5,0.991
2851,824.5,298.5,0.989
2852,860.5,294.5,0.995
2853,890.5,296.5,0.99
2854,920.5,298.5,0.99
2855,948.5,308.5,0.994
2856,986.5,322.5,0.978
2857,1018.5,334.5,0.986
2858,1050.5,352.5,0.991
2859,1080.5,372.5,0.99
2860,1106.5,392.5,0.984
2861,1138.5,420.5,0.988
2862,1170.5,456.5,0.97
2863,1194.5,490.5,0.978
2864,1220.5,530.5,0.948
2865,1240.5,564.5,0.91
2866,496.5,588.5,0.609
2867,1260.5,646.5,0.847
2868,1258.5,662.5,0.917
2869,496.5,588.5,0.58
2870,496.5,588.5,0.595
2871,496.5,588.5,0.592
2872,496.5,588.5,0.597
2873,1238.5,356.5,0.926
2874,1202.5,370.5,0.872
2875,496.5,588.5,0.633
2876,496.5,588.5,0.634
2877,496.5,588.5,0.63
2878,496.5,588.5,0.63
2879,496.5,588.5,0.616
2880,496.5,588.5,0.718
2881,496.5,588.5,0.692
2882,496.5,588.5,0.71
2883,496.5,588.5,0.647
2884,496.5,588.5,0.674
2885,496.5,588.5,0.661
2886,496.5,588.5,0.653
2887,496.5,588.5,0.672
2888,496.5,588.5,0.658
2889,496.5,588.5,0.671
2890,496.5,588.5,0.673
2891,302.5,186.5,0.969
2892,496.5,588.5,0.668
2893,496.5,588.5,0.664
2894,496.5,588.5,0.658
2895,496.5,588.5,0.644
2896,496.5,588.5,0.651
2897,496.5,588.5,0.664
2898,496.5,588.5,0.658
2899,496.5,588.5,0.641
2900,496.5,588.5,0.652
2901,496.5,588.5,0.647
2902,496.5,588.5,0.656
2903,496.5,588.5,0.65
2904,496.5,588.5,0.638
2905,496.5,588.5,0.647
2906,302.5,236.5,0.901
2907,496.5,588.5,0.646
2908,496.5,588.5,0.649
2909,496.5,588.5,0.648
2910,496.5,588.5,0.652
2911,496.5,588.5,0.644
2912,496.5,588.5,0.63
2913,496.5,588.5,0.646
2914,496.5,588.5,0.633
2915,496.5,588.5,0.637
2916,1246.5,484.5,0.799
2917,1238.5,492.5,0.898
2918,1236.5,502.5,0.798
2919,496.5,588.5,0.651
2920,496.5,588.5,0.66
2921,496.5,588.5,0.656
2922,496.5,588.5,0.639
2923,1214.5,506.5,0.931
2924,1212.5,500.5,0.735
2925,1216.5,494.5,0.881
2926,1216.5,486.5,0.939
2927,1222.5,474.5,0.758
2928,496.5,588.5,0.637
2929,1238.5,462.5,0.947
2930,496.5,588.5,0.619
2931,496.5,588.5,0.633
2932,496.5,588.5,0.632
2933,496.5,588.5,0.633
2934,496.5,588.5,0.623
2935,496.5,588.5,0.631
2936,496.5,588.5,0.633
2937,496.5,588.5,0.621
2938,496.5,588.5,0.655
2939,496.5,588.5,0.626
2940,494.5,588.5,0.537
2941,496.5,588.5,0.645
2942,494.5,588.5,0.624
2943,494.5,588.5,0.594
2944,496.5,588.5,0.598
2945,496.5,588.5,0.603
2946,494.5,588.5,0.608
2947,496.5,588.5,0.606
2948,494.5,588.5,0.601
2949,1232.5,558.5,0.69
2950,1218.5,554.5,0.635
2951,496.5,588.5,0.594
2952,494.5,588.5,0.597
2953,496.5,588.5,0.611
2954,496.5,588.5,0.617
2955,496.5,588.5,0.583
2956,496.5,588.5,0.619
2957,496.5,588.5,0.635
2958,496.5,588.5,0.618
2959,496.5,588.5,0.621
2960,496.5,588.5,0.635
2961,496.5,588.5,0.625
2962,398.5,228.5,0.693
2963,392.5,230.5,0.743
2964,384.5,228.5,0.921
2965,388.5,244.5,0.93
2966,368.5,240.5,0.773
2967,496.5,588.5,0.608
2968,496.5,588.5,0.678
2969,496.5,588.5,0.649
2970,496.5,588.5,0.641
2971,496.5,588.5,0.66
2972,496.5,588.5,0.661
2973,496.5,588.5,0.687
2974,496.5,588.5,0.63
2975,496.5,588.5,0.656
2976,496.5,588.5,0.665
2977,496.5,588.5,0.626
2978,496.5,588.5,0.666
2979,496.5,588.5,0.657
2980,496.5,588.5,0.663
2981,496.5,588.5,0.658
2982,496.5,588.5,0.657
2983,496.5,588.5,0.65
2984,496.5,588.5,0.665
2985,496.5,588.5,0.66
2986,496.5,588.5,0.657
2987,992.5,560.5,0.743
2988,496.5,588.5,0.653
2989,496.5,588.5,0.653
2990,496.5,588.5,0.67
2991,496.5,588.5,0.657
2992,496.5,588.5,0.656
2993,496.5,588.5,0.665
2994,928.5,524.5,0.86
2995,496.5,588.5,0.638
2996,922.5,494.5,0.709
2997,920.5,474.5,0.845
2998,496.5,588.5,0.648
2999,904.5,422.5,0.754
3000,496.5,588.5,0.661
3001,496.5,588.5,0.705
3002,496.5,588.5,0.691
3003,496.5,588.5,0.674
3004,496.5,588.5,0.706
3005,930.5,288.5,0.994
3006,936.5,278.5,0.993
3007,942.5,272.5,0.995
3008,948.5,272.5,0.983
3009,952.5,278.5,0.968
3010,954.5,286.5,0.973
3011,956.5,298.5,0.983
3012,960.5,314.5,0.984
3013,962.5,330.5,0.992
3014,964.5,356.5,0.957
3015,962.5,378.5,0.986
3016,964.5,402.5,0.967
3017,964.5,434.5,0.909
3018,922.5,442.5,0.862
3019,848.5,424.5,0.683
3020,792.5,416.5,0.852
3021,746.5,412.5,0.971
3022,702.5,410.5,0.989
3023,666.5,380.5,0.793
3024,626.5,350.5,0.775
3025,594.5,324.5,0.991
3026,562.5,308.5,0.993
3027,530.5,294.5,0.994
3028,504.5,284.5,0.995
3029,482.5,280.5,0.999
3030,458.5,278.5,0.997
3031,436.5,278.5,0.996
3032,418.5,282.5,0.999
3033,398.5,286.5,0.991
3034,380.5,276.5,0.977
3035,362.5,262.5,0.988
3036,344.5,248.5,0.995
3037,328.5,238.5,0.974
3038,314.5,232.5,0.971
3039,330.5,226.5,0.867
3040,366.5,212.5,0.977
3041,398.5,206.5,0.989
3042,426.5,200.5,0.992
3043,454.5,196.5,0.997
3044,486.5,196.5,0.994
3045,518.5,198.5,0.986
3046,554.5,204.5,0.943
3047,588.5,212.5,0.985
3048,624.5,224.5,0.97
3049,644.5,230.5,0.997
3050,684.5,248.5,0.996
3051,716.5,266.5,0.989
3052,750.5,288.5,0.993
3053,774.5,306.5,0.972
3054,814.5,334.5,0.986
3055,844.5,360.5,0.99
3056,874.5,346.5,0.995
3057,906.5,336.5,0.986
3058,932.5,326.5,0.989
3059,960.5,320.5,0.994
3060,994.5,314.5,0.955
3061,1018.5,314.5,0.916
3062,1046.5,316.5,0.956
3063,1070.5,320.5,0.961
3064,496.5,588.5,0.642
3065,494.5,588.5,0.595
3066,1050.5,308.5,0.838
3067,1008.5,290.5,0.966
3068,906.5,258.5,0.984
3069,842.5,242.5,0.991
3070,776.5,228.5,0.981
3071,724.5,224.5,0.97
3072,680.5,220.5,0.981
3073,626.5,222.5,0.958
3074,582.5,226.5,0.982
3075,542.5,230.5,0.985
3076,512.5,240.5,0.989
3077,474.5,250.5,0.999
3078,446.5,264.5,0.996
3079,420.5,274.5,0.996
3080,394.5,252.5,0.989
3081,374.5,234.5,0.958
3082,494.5,588.5,0.559
3083,324.5,198.5,0.954
3084,304.5,186.5,0.964
3085,496.5,588.5,0.555
3086,264.5,172.5,0.976
3087,242.5,178.5,0.983
3088,264.5,164.5,0.995
3089,496.5,588.5,0.523
3090,494.5,588.5,0.505
3091,460.5,158.5,0.993
3092,512.5,164.5,0.976
3093,356.5,110.5,0.922
3094,674.5,200.5,0.98
3095,708.5,212.5,0.973
3096,772.5,238.5,0.979
3097,836.5,266.5,0.986
3098,902.5,298.5,0.989
3099,958.5,332.5,0.995
3100,1014.5,370.5,0.992
3101,1070.5,410.5,0.989
3102,1124.5,454.5,0.987
3103,494.5,588.5,0.575
3104,1218.5,548.5,0.971
3105,496.5,588.5,0.504
3106,494.5,588.5,0.588
3107,494.5,588.5,0.598
3108,496.5,588.5,0.535
3109,352.5,106.5,0.854
3110,346.5,118.5,0.923
3111,338.5,132.5,0.941
3112,1240.5,496.5,0.954
3113,1186.5,456.5,0.98
3114,1156.5,436.5,0.998
3115,1124.5,418.5,0.998
3116,1092.5,402.5,0.996
3117,1058.5,388.5,0.985
3118,1030.5,380.5,0.973
3119,1002.5,372.5,0.995
3120,978.5,370.5,0.991
3121,494.5,588.5,0.575
3122,494.5,588.5,0.565
3123,494.5,588.5,0.502
3124,496.5,588.5,0.665
3125,496.5,588.5,0.608
3126,496.5,588.5,0.612
3127,496.5,588.5,0.651
3128,496.5,588.5,0.703
3129,496.5,588.5,0.672
3130,308.5,146.5,0.737
3131,496.5,588.5,0.678
3132,496.5,588.5,0.679
3133,496.5,588.5,0.682
3134,496.5,588.5,0.659
3135,496.5,588.5,0.59
3136,496.5,588.5,0.616
3137,496.5,588.5,0.623
3138,496.5,588.5,0.656
3139,496.5,588.5,0.626
3140,496.5,588.5,0.62
3141,496.5,588.5,0.631
3142,496.5,588.5,0.641
3143,496.5,588.5,0.62
3144,496.5,588.5,0.619
3145,496.5,588.5,0.634
3146,496.5,588.5,0.621
3147,496.5,588.5,0.678
3148,496.5,588.5,0.572
3149,496.5,588.5,0.594
3150,496.5,588.5,0.641
3151,496.5,588.5,0.62
3152,496.5,588.5,0.636
3153,496.5,588.5,0.648
3154,496.5,588.5,0.644
3155,496.5,588.5,0.634
3156,496.5,588.5,0.618
3157,496.5,588.5,0.628
3158,496.5,588.5,0.629
3159,496.5,588.5,0.598
3160,496.5,588.5,0.677
3161,496.5,588.5,0.651
3162,496.5,588.5,0.649
3163,496.5,588.5,0.646
3164,496.5,588.5,0.643
3165,496.5,588.5,0.644
3166,496.5,588.5,0.632
3167,496.5,588.5,0.63
3168,496.5,588.5,0.644
3169,496.5,588.5,0.649
3170,870.5,482.5,0.823
3171,496.5,588.5,0.613
3172,496.5,588.5,0.615
3173,496.5,588.5,0.628
3174,496.5,588.5,0.627
3175,496.5,588.5,0.626
3176,496.5,588.5,0.633
3177,436.5,180.5,0.71
3178,496.5,588.5,0.621
3179,496.5,588.5,0.674
3180,630.5,522.5,0.757
3181,616.5,522.5,0.8
3182,602.5,524.5,0.856
3183,586.5,526.5,0.685
3184,494.5,588.5,0.625
3185,726.5,242.5,0.865
3186,426.5,184.5,0.781
3189,456.5,192.5,0.865
3191,480.5,200.5,0.752
3192,498.5,586.5,0.797
3193,506.5,202.5,0.903
3194,496.5,588.5,0.601
3197,498.5,588.5,0.8
3198,496.5,588.5,0.878
3200,496.5,588.5,0.784
3223,708.5,242.5,0.601
3228,516.5,306.5,0.698
3230,530.5,298.5,0.635
3235,518.5,524.5,0.718
3237,816.5,338.5,0.892
3245,962.5,356.5,0.663
3248,964.5,356.5,0.794
3251,820.5,326.5,0.642
3274,544.5,194.5,0.573
3279,1056.5,242.5,0.539
3284,1150.5,460.5,0.714
3285,480.5,194.5,0.774
3286,474.5,192.5,0.78
3287,470.5,194.5,0.761
3288,462.5,192.5,0.893
3289,456.5,192.5,0.603
3290,1024.5,232.5,0.916
3291,446.5,194.5,0.88
3292,1086.5,434.5,0.634
3293,430.5,198.5,0.715
3294,426.5,200.5,0.543
3295,422.5,202.5,0.691
3298,408.5,208.5,0.88
3300,398.5,210.5,0.779
3301,390.5,212.5,0.822
3303,384.5,212.5,0.821
3306,1026.5,232.5,0.822
3307,366.5,216.5,0.928
3308,364.5,218.5,0.945
3309,358.5,220.5,0.959
3310,352.5,220.5,0.959
3311,350.5,224.5,0.991
3312,342.5,224.5,0.981
3313,338.5,226.5,0.988
3314,334.5,228.5,0.991
3315,328.5,232.5,0.993
3316,322.5,232.5,0.987
3317,318.5,234.5,0.994
3318,314.5,236.5,0.989
3319,310.5,240.5,0.992
3320,306.5,242.5,0.992
3321,304.5,244.5,0.993
3322,300.5,250.5,0.996
3323,298.5,254.5,0.997
3324,298.5,258.5,0.992
3325,298.5,264.5,0.996
3326,296.5,268.5,0.996
3327,298.5,272.5,0.995
3331,314.5,274.5,0.851
3332,294.5,270.5,0.995
3333,288.5,258.5,0.986
3334,282.5,242.5,0.993
3335,280.5,228.5,0.911
3336,270.5,214.5,0.856
3337,258.5,182.5,0.974
3338,254.5,168.5,0.979
3339,250.5,160.5,0.988
3340,248.5,148.5,0.997
3341,242.5,140.5,0.979
3342,240.5,138.5,0.958
3343,236.5,136.5,0.967
3344,236.5,138.5,0.987
3345,234.5,142.5,0.982
3346,232.5,148.5,0.999
3347,232.5,156.5,0.998
3348,230.5,168.5,0.997
3349,232.5,180.5,0.993
3350,232.5,196.5,0.996
3351,232.5,216.5,0.896
3352,234.5,230.5,0.983
3353,268.5,254.5,0.949
3354,310.5,276.5,0.816
3355,354.5,294.5,0.989
3356,390.5,286.5,0.972
3357,428.5,278.5,0.997
3358,464.5,276.5,0.997
3359,502.5,274.5,0.994
3360,546.5,274.5,0.991
3361,578.5,276.5,0.993
3362,618.5,286.5,0.993
3363,662.5,298.5,0.97
3364,698.5,310.5,0.979
3365,736.5,330.5,0.98
3366,770.5,348.5,0.989
3367,814.5,372.5,0.981
3368,850.5,380.5,0.989
3369,888.5,372.5,0.989
3370,936.5,362.5,0.967
3371,978.5,360.5,0.988
3372,1008.5,358.5,0.994
3373,982.5,326.5,0.985
3374,944.5,292.5,0.998
3375,902.5,260.5,0.998
3376,874.5,242.5,0.997
3377,832.5,216.5,0.998
3378,796.5,196.5,0.998
3379,770.5,188.5,0.991
3380,742.5,178.5,0.989
3381,714.5,172.5,0.965
3382,686.5,170.5,0.986
3383,658.5,170.5,0.984
3384,634.5,172.5,0.971
3385,610.5,176.5,0.983
3386,590.5,182.5,0.983
3387,570.5,192.5,0.983
3388,548.5,202.5,0.974
3389,532.5,212.5,0.982
3390,514.5,226.5,0.977
3391,494.5,244.5,0.969
3392,482.5,254.5,0.985
3393,468.5,268.5,0.996
3394,458.5,248.5,0.992
3395,442.5,224.5,0.995
3396,432.5,208.5,0.992
3397,422.5,194.5,0.996
3398,410.5,184.5,0.989
3399,402.5,172.5,0.918
3400,432.5,176.5,0.932
3401,468.5,182.5,0.988
3402,508.5,192.5,0.996
3403,546.5,204.5,0.973
3404,582.5,216.5,0.971
3405,626.5,236.5,0.988
3406,650.5,246.5,0.987
3407,694.5,274.5,0.993
3408,738.5,306.5,0.97
3409,770.5,332.5,0.956
3410,802.5,330.5,0.99
3411,836.5,326.5,0.973
3412,878.5,320.5,0.994
3413,908.5,318.5,0.998
3414,942.5,318.5,0.998
3415,980.5,324.5,0.988
3416,1020.5,330.5,0.978
3417,1054.5,340.5,0.994
3418,1090.5,354.5,0.998
3419,1124.5,370.5,0.994
3420,1158.5,388.5,0.997
3421,1190.5,412.5,0.992
3422,1220.5,436.5,0.988
3423,1248.5,460.5,0.977
3424,1204.5,434.5,0.936
3425,1144.5,394.5,0.994
3426,1088.5,360.5,0.991
3427,1038.5,334.5,0.987
3428,1002.5,316.5,0.978
3429,944.5,292.5,0.997
3430,890.5,276.5,0.998
3431,846.5,264.5,0.997
3432,814.5,260.5,0.997
3433,774.5,256.5,0.979
3434,742.5,256.5,0.975
3435,714.5,258.5,0.974
3436,686.5,260.5,0.997
3437,656.5,270.5,0.988
3438,634.5,276.5,0.994
3439,636.5,284.5,0.992
3440,646.5,290.5,0.991
3441,652.5,292.5,0.993
3442,660.5,290.5,0.997
3443,664.5,292.5,0.997
3444,672.5,294.5,0.998
3445,676.5,300.5,0.998
3446,682.5,302.5,0.989
3447,688.5,300.5,0.995
3448,694.5,302.5,0.999
3449,700.5,306.5,0.997
3450,706.5,312.5,0.997
3451,712.5,314.5,0.996
3452,718.5,312.5,0.996
3453,724.5,314.5,0.998
3454,730.5,320.5,0.997
3455,734.5,322.5,0.995
3456,742.5,322.5,0.999
3457,748.5,326.5,0.996
3458,754.5,330.5,0.997
3459,758.5,332.5,0.997
3460,766.5,334.5,0.996
3461,770.5,336.5,0.996
3462,776.5,340.5,0.996
3463,784.5,338.5,0.999
3464,790.5,342.5,0.999
3465,796.5,344.5,0.998
3466,802.5,346.5,0.997
3467,810.5,350.5,0.996
3468,814.5,352.5,0.998
3469,822.5,354.5,0.999
3470,828.5,356.5,0.997
3471,834.5,360.5,0.997
3472,842.5,360.5,0.998
3473,848.5,362.5,0.998
3474,854.5,364.5,0.997
3475,862.5,368.5,0.999
3476,868.5,368.5,0.999
3477,874.5,370.5,0.997
3478,882.5,374.5,0.993
3479,888.5,376.5,0.997
3480,896.5,378.5,0.998
3481,902.5,380.5,0.996
3482,908.5,382.5,0.961
3494,980.5,360.5,0.982
3495,986.5,362.5,0.905
3496,988.5,374.5,0.985
3497,988.5,382.5,0.958
3498,988.5,390.5,0.99
3499,984.5,398.5,0.864
3500,982.5,408.5,0.983
3501,984.5,416.5,0.931
3502,1074.5,216.5,0.888
3503,1078.5,220.5,0.881
3505,388.5,226.5,0.862
3507,378.5,228.5,0.834
3508,372.5,234.5,0.82
3513,1108.5,194.5,0.589
3516,496.5,588.5,0.502
3517,496.5,588.5,0.511
3518,496.5,588.5,0.517
3520,496.5,588.5,0.513
3521,1040.5,468.5,0.844
3522,1010.5,442.5,0.843
3523,976.5,396.5,0.973
3524,954.5,360.5,0.935
3525,916.5,316.5,0.923
3526,876.5,270.5,0.997
3527,850.5,244.5,0.995
3528,818.5,216.5,0.993
3529,790.5,194.5,0.998
3530,764.5,180.5,0.994
3531,736.5,166.5,0.992
3532,710.5,158.5,0.978
3533,686.5,152.5,0.992
3534,662.5,150.5,0.992
3535,636.5,154.5,0.992
3536,616.5,160.5,0.995
3537,596.5,166.5,0.991
3538,576.5,178.5,0.992
3539,560.5,190.5,0.979
3540,544.5,204.5,0.982
3541,530.5,220.5,0.988
3542,516.5,238.5,0.969
3543,502.5,254.5,0.991
3544,488.5,280.5,0.997
3545,478.5,298.5,0.993
3546,470.5,280.5,0.994
3547,456.5,250.5,0.995
3548,448.5,230.5,0.996
3549,438.5,212.5,0.998
3550,426.5,194.5,0.995
3551,418.5,182.5,0.998
3552,410.5,172.5,0.992
3553,402.5,164.5,0.995
3554,392.5,160.5,0.969
3555,384.5,156.5,0.978
3556,376.5,158.5,0.958
3557,370.5,160.5,0.975
3558,364.5,166.5,0.968
3559,358.5,174.5,0.974
3560,354.5,182.5,0.959
3562,340.5,194.5,0.974
3563,336.5,184.5,0.943
3564,496.5,588.5,0.549
3565,496.5,588.5,0.513
3566,496.5,588.5,0.504
3567,496.5,588.5,0.536
3568,496.5,588.5,0.502
3569,496.5,588.5,0.516
3570,496.5,588.5,0.525
3572,330.5,210.5,0.867
3573,496.5,588.5,0.508
3574,332.5,216.5,0.729
3575,324.5,226.5,0.866
3576,322.5,230.5,0.892
3577,318.5,234.5,0.929
3578,314.5,236.5,0.79
3579,496.5,588.5,0.533
3580,304.5,244.5,0.991
3581,300.5,248.5,0.985
3582,296.5,250.5,0.979
3583,294.5,250.5,0.992
3584,292.5,252.5,0.989
3585,290.5,252.5,0.989
3586,288.5,254.5,0.993
3587,286.5,256.5,0.987
3588,286.5,256.5,0.994
3589,284.5,256.5,0.987
3590,282.5,258.5,0.967
3591,282.5,258.5,0.983
3592,282.5,260.5,0.994
3593,280.5,260.5,0.986
3594,280.5,260.5,0.99
3595,278.5,260.5,0.992
3596,278.5,260.5,0.988
3597,276.5,260.5,0.997
3598,276.5,260.5,0.994
3599,276.5,260.5,0.995
3600,276.5,260.5,0.992
3601,276.5,260.5,0.991
3602,278.5,262.5,0.993
3603,278.5,264.5,0.99
3604,278.5,264.5,0.981
3605,280.5,264.5,0.983
3606,282.5,266.5,0.977
3607,282.5,266.5,0.988
3608,282.5,268.5,0.988
3609,284.5,268.5,0.989
3610,284.5,268.5,0.978
3611,286.5,268.5,0.992
3612,286.5,270.5,0.985
3613,284.5,266.5,0.991
3614,282.5,258.5,0.998
3615,280.5,246.5,0.997
3616,272.5,230.5,0.973
3618,262.5,198.5,0.973
3619,260.5,188.5,0.988
3620,252.5,182.5,0.945
3621,252.5,172.5,0.97
3622,250.5,168.5,0.973
3623,246.5,168.5,0.971
3624,246.5,170.5,0.99
3625,246.5,176.5,0.993
3626,244.5,182.5,0.996
3627,244.5,190.5,0.994
3628,244.5,202.5,0.991
3629,248.5,216.5,0.989
3630,266.5,224.5,0.93
3631,316.5,258.5,0.944
3632,496.5,588.5,0.531
3633,388.5,280.5,0.993
3634,414.5,268.5,0.99
3635,440.5,260.5,0.999
3636,470.5,252.5,0.998
3637,502.5,248.5,0.994
3638,530.5,248.5,0.987
3639,562.5,248.5,0.985
3640,594.5,254.5,0.993
3641,620.5,260.5,0.987
3642,650.5,268.5,0.992
3643,686.5,286.5,0.965
3644,710.5,298.5,0.971
3645,746.5,322.5,0.971
3646,772.5,340.5,0.99
3647,798.5,362.5,0.991
3648,830.5,358.5,0.996
3649,866.5,340.5,0.993
3650,898.5,338.5,0.993
3651,934.5,332.5,0.987
3652,966.5,330.5,0.95
3653,998.5,330.5,0.974
3654,1034.5,336.5,0.982
3655,1066.5,342.5,0.99
3656,1098.5,354.5,0.992
3657,1124.5,366.5,0.986
3658,1158.5,386.5,0.994
3659,1186.5,404.5,0.994
3660,1146.5,370.5,0.994
3661,1096.5,330.5,0.996
3662,1050.5,296.5,0.972
3663,1008.5,272.5,0.995
3664,950.5,234.5,0.989
3665,914.5,216.5,0.997
3666,874.5,198.5,0.997
3667,832.5,184.5,0.998
3668,792.5,176.5,0.995
3669,760.5,170.5,0.968
3670,728.5,166.5,0.979
3671,690.5,164.5,0.964
3672,694.5,166.5,0.951
3673,670.5,168.5,0.984
3674,636.5,174.5,0.992
3675,610.5,180.5,0.974
3676,584.5,192.5,0.961
3677,562.5,202.5,0.973
3678,540.5,214.5,0.977
3679,522.5,226.5,0.992
3680,498.5,246.5,0.985
3681,484.5,254.5,0.993
3682,470.5,240.5,0.983
3683,454.5,218.5,0.996
3684,438.5,200.5,0.995
3685,424.5,186.5,0.991
3686,412.5,172.5,0.983
3687,402.5,164.5,0.967
3688,374.5,172.5,0.911
3689,446.5,172.5,0.962
3690,486.5,182.5,0.993
3691,520.5,196.5,0.992
3692,562.5,214.5,0.984
3693,594.5,230.5,0.988
3694,630.5,250.5,0.989
3695,1180.5,412.5,0.633
3696,720.5,312.5,0.87
3697,748.5,342.5,0.966
3698,788.5,364.5,0.99
3699,826.5,362.5,0.982
3700,862.5,358.5,0.993
3701,904.5,360.5,0.982
3702,944.5,364.5,0.978
3703,988.5,374.5,0.99
3704,1032.5,388.5,0.998
3705,1076.5,404.5,0.996
3706,1088.5,394.5,0.998
3707,1042.5,356.5,0.986
3708,1010.5,330.5,0.972
3709,948.5,284.5,0.99
3710,908.5,258.5,0.998
3711,876.5,242.5,0.996
3712,840.5,222.5,0.995
3713,808.5,210.5,0.996
3714,770.5,196.5,0.986
3715,746.5,194.5,0.986
3716,720.5,192.5,0.985
3717,694.5,192.5,0.976
3718,676.5,194.5,0.996
3719,650.5,202.5,0.991
3720,634.5,210.5,0.992
3721,616.5,218.5,0.983
3722,602.5,228.5,0.986
3723,588.5,240.5,0.989
3724,578.5,252.5,0.972
3725,564.5,268.5,0.997
3726,552.5,248.5,0.987
3727,544.5,228.5,0.97
3728,534.5,212.5,0.982
3729,526.5,196.5,0.988
3730,518.5,184.5,0.996
3731,508.5,170.5,0.983
3732,502.5,164.5,0.997
3733,494.5,158.5,0.979
3734,488.5,156.5,0.991
3735,480.5,156.5,0.92
3736,452.5,166.5,0.895
3737,522.5,170.5,0.97
3738,556.5,186.5,0.963
3739,594.5,204.5,0.979
3740,626.5,224.5,0.989
3741,644.5,236.5,0.985
3742,684.5,268.5,0.99
3743,496.5,168.5,0.617
3744,760.5,340.5,0.97
3745,790.5,374.5,0.97
3746,830.5,406.5,0.958
3747,862.5,404.5,0.925
3748,906.5,404.5,0.89
3749,940.5,414.5,0.997
3750,990.5,424.5,0.98
3751,436.5,152.5,0.968
3752,426.5,152.5,0.902
3753,888.5,338.5,0.971
3754,830.5,298.5,0.971
3755,786.5,276.5,0.992
3756,742.5,258.5,0.996
3757,700.5,242.5,0.994
3758,666.5,228.5,0.995
3759,622.5,218.5,0.968
3760,588.5,214.5,0.996
3761,556.5,212.5,0.995
3762,530.5,214.5,0.988
3763,506.5,218.5,0.971
3764,482.5,226.5,0.998
3765,460.5,236.5,0.992
3766,442.5,246.5,0.998
3767,424.5,258.5,0.995
3768,408.5,272.5,0.996
3769,396.5,284.5,0.996
3770,384.5,278.5,0.968
3771,370.5,252.5,0.962
3772,356.5,230.5,0.997
3773,344.5,212.5,0.991
3774,330.5,196.5,0.851
3775,320.5,184.5,0.875
3776,312.5,176.5,0.849
3777,302.5,170.5,0.926
3778,294.5,168.5,0.972
3779,286.5,164.5,0.981
3780,280.5,168.5,0.939
3781,274.5,174.5,0.988
3782,296.5,164.5,0.976
3783,312.5,152.5,0.966
3784,326.5,138.5,0.815
3785,428.5,188.5,0.857
3786,476.5,198.5,0.994
3787,514.5,210.5,0.99
3788,562.5,230.5,0.967
3789,608.5,252.5,0.985
3790,652.5,282.5,0.959
3791,694.5,296.5,0.939
3792,728.5,328.5,0.841
3793,780.5,340.5,0.979
3794,822.5,328.5,0.973
3795,876.5,316.5,0.997
3796,926.5,310.5,0.993
3797,968.5,310.5,0.961
3798,1014.5,310.5,0.966
3799,1064.5,314.5,0.932
3800,1114.5,324.5,0.98
3801,1164.5,338.5,0.991
3802,1214.5,354.5,0.997
3803,312.5,130.5,0.901
3804,308.5,138.5,0.94
3805,1214.5,296.5,0.94
3806,1170.5,248.5,0.962
3807,1126.5,202.5,0.804
3808,292.5,164.5,0.653
3811,906.5,52.5,0.948
3812,856.5,30.5,0.961
3813,814.5,18.5,0.958
3814,774.5,8.5,0.797
3818,622.5,6.5,0.873
3819,590.5,12.5,0.971
3820,560.5,22.5,0.996
3821,528.5,36.5,0.986
3822,502.5,52.5,0.953
3823,476.5,70.5,0.99
3824,454.5,88.5,0.993
3825,436.5,104.5,0.994
3826,414.5,130.5,0.982
3827,396.5,152.5,0.968
3828,374.5,182.5,0.976
3829,362.5,204.5,0.968
3830,344.5,234.5,0.986
3831,332.5,258.5,0.972
3832,324.5,246.5,0.955
3833,306.5,214.5,0.944
3834,292.5,190.5,0.971
3835,278.5,164.5,0.981
3836,262.5,144.5,0.975
3837,246.5,124.5,0.975
3838,236.5,112.5,0.967
3839,226.5,100.5,0.979
3840,212.5,90.5,0.986
3841,202.5,84.5,0.979
3842,192.5,82.5,0.989
3843,182.5,80.5,0.976
3844,174.5,82.5,0.981
3845,166.5,86.5,0.994
3846,158.5,92.5,0.935
3847,150.5,100.5,0.836
3848,162.5,110.5,0.957
3849,180.5,98.5,0.736
3852,388.5,124.5,0.987
3853,448.5,140.5,0.983
3854,502.5,156.5,0.995
3855,554.5,176.5,0.878
3856,626.5,208.5,0.943
3857,648.5,218.5,0.984
3858,710.5,256.5,0.996
3859,756.5,284.5,0.995
3860,816.5,314.5,0.969
3861,860.5,294.5,0.997
3862,914.5,274.5,0.996
3863,946.5,266.5,0.991
3864,1002.5,252.5,0.88
3865,1044.5,246.5,0.993
3866,204.5,72.5,0.515
3867,1166.5,240.5,0.99
3868,1204.5,242.5,0.97
3869,1244.5,244.5,0.987
3870,494.5,588.5,0.507
3871,494.5,588.5,0.509
3872,494.5,588.5,0.527
3874,494.5,588.5,0.514
3875,494.5,588.5,0.504
3876,1252.5,150.5,0.98
3877,1208.5,120.5,0.999
3878,494.5,588.5,0.52
3879,494.5,588.5,0.525
3880,152.5,194.5,0.535
3881,1012.5,26.5,0.993
3882,970.5,14.5,0.998
3883,924.5,6.5,0.932
3884,494.5,588.5,0.532
3885,494.5,588.5,0.515
3886,494.5,588.5,0.524
3887,762.5,6.5,0.722
3888,728.5,14.5,0.958
3889,696.5,22.5,0.972
3890,658.5,38.5,0.962
3891,626.5,54.5,0.967
3892,598.5,70.5,0.995
3893,568.5,90.5,0.998
3894,550.5,104.5,0.991
3895,524.5,130.5,0.995
3896,502.5,152.5,0.991
3897,478.5,178.5,0.994
3898,458.5,202.5,0.992
3899,440.5,228.5,0.992
3900,426.5,248.5,0.94
3901,412.5,228.5,0.985
3902,398.5,202.5,0.983
3903,386.5,180.5,0.985
3904,370.5,158.5,0.975
3905,356.5,140.5,0.98
3906,342.5,124.5,0.99
3907,328.5,110.5,0.983
3908,316.5,100.5,0.982
3909,306.5,92.5,0.974
3910,294.5,90.5,0.987
3911,280.5,86.5,0.981
3912,272.5,88.5,0.978
3913,260.5,90.5,0.987
3914,252.5,94.5,0.961
3915,246.5,102.5,0.981
3916,238.5,110.5,0.73
3917,206.5,150.5,0.878
3918,204.5,168.5,0.9
3919,350.5,164.5,0.98
3920,390.5,182.5,0.987
3921,434.5,206.5,0.997
3922,484.5,234.5,0.976
3923,532.5,258.5,0.96
3924,588.5,296.5,0.944
3925,646.5,332.5,0.834
3926,686.5,350.5,0.542
3927,494.5,588.5,0.518
3928,802.5,418.5,0.742
3929,842.5,420.5,0.747
3930,930.5,422.5,0.986
3931,986.5,428.5,0.976
3932,1062.5,440.5,0.969
3933,1128.5,454.5,0.961
3935,1176.5,442.5,0.929
3936,1112.5,398.5,0.995
3937,1064.5,370.5,0.991
3938,1014.5,344.5,0.954
3939,964.5,324.5,0.99
3940,918.5,308.5,0.952
3941,860.5,292.5,0.986
3942,814.5,290.5,0.99
3943,768.5,286.5,0.988
3944,732.5,292.5,0.969
3945,686.5,294.5,0.926
3946,642.5,308.5,0.982
3947,608.5,316.5,0.992
3948,576.5,332.5,0.982
3949,540.5,354.5,0.993
3950,518.5,368.5,0.95
3951,488.5,394.5,0.994
3952,458.5,422.5,0.992
3953,438.5,450.5,0.964
3954,422.5,468.5,0.976
3955,404.5,498.5,0.946
3956,384.5,534.5,0.953
3957,374.5,554.5,0.947
3958,362.5,580.5,0.935
3959,344.5,590.5,0.967
3960,336.5,574.5,0.979
3961,320.5,552.5,0.987
3962,308.5,536.5,0.989
3963,296.5,522.5,0.977
3964,286.5,512.5,0.967
3965,274.5,500.5,0.992
3966,266.5,496.5,0.973
3967,256.5,490.5,0.97
3968,248.5,490.5,0.967
3969,240.5,492.5,0.97
3970,234.5,496.5,0.974
3971,228.5,504.5,0.99
3972,224.5,512.5,0.99
3973,220.5,522.5,0.981
3974,216.5,536.5,0.994
3976,200.5,532.5,0.988
3977,190.5,522.5,0.973
3978,178.5,514.5,0.975
3979,170.5,506.5,0.948
3980,160.5,502.5,0.957
3981,156.5,502.5,0.655
3982,150.5,290.5,0.845
3984,504.5,264.5,0.679
3988,40.5,376.5,0.845
3991,1168.5,386.5,0.506
3993,148.5,310.5,0.535
4000,494.5,588.5,0.635
4001,494.5,588.5,0.533
4002,494.5,588.5,0.529
4003,494.5,588.5,0.561
4004,494.5,588.5,0.545
4005,494.5,588.5,0.507
4006,494.5,588.5,0.525
4007,494.5,588.5,0.519
4008,1132.5,224.5,0.754
4009,494.5,588.5,0.533
4010,494.5,588.5,0.528
4011,906.5,378.5,0.823
4013,1076.5,216.5,0.866
4014,1070.5,212.5,0.876
4015,38.5,378.5,0.743
4016,46.5,372.5,0.988
4017,54.5,370.5,0.988
4018,62.5,372.5,0.967
4019,72.5,376.5,0.966
4020,82.5,380.5,0.971
4021,90.5,386.5,0.986
4022,104.5,340.5,0.908
4023,118.5,294.5,0.799
4024,82.5,344.5,0.829
4025,90.5,338.5,0.78
4026,162.5,178.5,0.937
4027,176.5,144.5,0.955
4028,192.5,116.5,0.966
4029,206.5,86.5,0.965
4030,222.5,68.5,0.975
4031,238.5,46.5,0.945
4032,1106.5,184.5,0.964
4033,276.5,16.5,0.856
4034,318.5,16.5,0.516
4035,150.5,228.5,0.795
4040,400.5,12.5,0.807
4041,418.5,24.5,0.956
4042,434.5,36.5,0.968
4043,450.5,52.5,0.956
4044,466.5,70.5,0.99
4045,480.5,88.5,0.993
4046,494.5,108.5,0.987
4047,512.5,132.5,0.987
4048,520.5,150.5,0.992
4049,540.5,182.5,0.967
4050,552.5,208.5,0.962
4051,564.5,230.5,0.953
4052,580.5,264.5,0.973
4053,588.5,256.5,0.91
4054,592.5,232.5,0.935
4055,896.5,360.5,0.818
4056,600.5,186.5,0.949
4057,606.5,166.5,0.966
4058,610.5,148.5,0.969
4059,614.5,136.5,0.994
4060,620.5,122.5,0.976
4061,626.5,114.5,0.991
4062,630.5,106.5,0.986
4063,636.5,102.5,0.985
4064,642.5,100.5,0.978
4065,646.5,100.5,0.991
4066,652.5,104.5,0.983
4067,658.5,110.5,0.971
4068,660.5,120.5,0.994
4069,666.5,130.5,0.994
4070,668.5,142.5,0.97
4071,672.5,156.5,0.969
4072,676.5,172.5,0.946
4073,680.5,190.5,0.939
4074,682.5,208.5,0.799
4075,686.5,230.5,0.897
4076,688.5,252.5,0.959
4077,690.5,268.5,0.894
4079,494.5,588.5,0.528
4095,640.5,140.5,0.557
4096,494.5,588.5,0.606
4097,494.5,588.5,0.513
4098,494.5,588.5,0.534
4099,494.5,588.5,0.53
4100,494.5,588.5,0.501
4101,494.5,588.5,0.543
4102,494.5,588.5,0.526
4103,494.5,588.5,0.525
4104,494.5,588.5,0.513
4105,958.5,328.5,0.919
4106,950.5,328.5,0.653
4107,1072.5,184.5,0.787
4108,1072.5,192.5,0.813
4109,1050.5,158.5,0.824
4110,494.5,588.5,0.502
4112,494.5,588.5,0.538
4121,1050.5,236.5,0.859
4123,944.5,124.5,0.84
4124,940.5,126.5,0.687
4125,934.5,130.5,0.699
4126,930.5,132.5,0.74
4127,926.5,136.5,0.832
4128,920.5,140.5,0.559
4129,914.5,144.5,0.788
4130,910.5,148.5,0.805
4131,906.5,152.5,0.626
4140,496.5,588.5,0.588
4141,496.5,590.5,0.596
4142,496.5,588.5,0.58
4143,496.5,588.5,0.545
4144,496.5,588.5,0.516
4145,496.5,588.5,0.619
4146,496.5,588.5,0.543
4147,496.5,588.5,0.598
4148,496.5,588.5,0.501
4149,496.5,588.5,0.539
4150,496.5,588.5,0.541
4151,496.5,588.5,0.54
4153,496.5,588.5,0.645
4154,494.5,590.5,0.507
4155,496.5,588.5,0.547
4161,496.5,588.5,0.509
4170,644.5,180.5,0.677
4171,644.5,176.5,0.751
4172,496.5,588.5,0.505
4173,894.5,154.5,0.871
4174,898.5,152.5,0.557
4175,902.5,148.5,0.552
4176,496.5,588.5,0.533
4177,496.5,588.5,0.548
4179,496.5,588.5,0.701
4180,496.5,588.5,0.634
4181,496.5,588.5,0.618
4182,496.5,588.5,0.624
4183,496.5,588.5,0.608
4184,496.5,588.5,0.617
4185,810.5,364.5,0.923
4186,496.5,588.5,0.614
4187,496.5,588.5,0.619
4188,496.5,588.5,0.617
4189,496.5,588.5,0.599
4190,496.5,588.5,0.647
4191,496.5,588.5,0.609
4192,496.5,588.5,0.603
4193,496.5,588.5,0.614
4194,496.5,588.5,0.592
4195,496.5,588.5,0.584
4196,496.5,588.5,0.607
4197,890.5,378.5,0.777
4198,496.5,588.5,0.592
4199,496.5,588.5,0.66
4200,494.5,588.5,0.645
4202,874.5,340.5,0.732
4203,942.5,264.5,0.812
4204,948.5,272.5,0.681
4205,496.5,588.5,0.587
4206,496.5,588.5,0.652
4207,496.5,588.5,0.636
4208,908.5,374.5,0.848
4209,496.5,588.5,0.624
4210,496.5,588.5,0.635
4211,496.5,588.5,0.649
4212,496.5,588.5,0.647
4213,496.5,588.5,0.643
4214,500.5,192.5,0.651
4215,494.5,190.5,0.926
4216,484.5,192.5,0.912
4217,934.5,242.5,0.929
4218,464.5,194.5,0.733
4219,456.5,196.5,0.873
4220,450.5,198.5,0.909
4221,448.5,202.5,0.844
4222,932.5,252.5,0.977
4223,438.5,210.5,0.952
4224,496.5,588.5,0.608
4225,496.5,588.5,0.601
4226,496.5,588.5,0.592
4227,496.5,588.5,0.599
4228,496.5,588.5,0.598
4229,496.5,588.5,0.591
4230,496.5,588.5,0.587
4231,496.5,588.5,0.597
4232,496.5,588.5,0.598
4233,496.5,588.5,0.592
4234,496.5,588.5,0.621
4235,496.5,588.5,0.603
4236,496.5,588.5,0.598
4237,496.5,588.5,0.598
4238,496.5,588.5,0.593
4239,496.5,588.5,0.591
4240,898.5,354.5,0.831
4241,496.5,588.5,0.597
4242,900.5,376.5,0.8
4243,496.5,588.5,0.679
4244,496.5,588.5,0.65
4245,496.5,588.5,0.657
4246,496.5,588.5,0.654
4247,496.5,588.5,0.654
4248,496.5,588.5,0.66
4249,496.5,588.5,0.797
4258,1024.5,224.5,0.98
4259,1024.5,228.5,0.948
4260,1024.5,230.5,0.963
4261,1024.5,230.5,0.917
4262,1026.5,230.5,0.929
4263,494.5,588.5,0.589
4264,494.5,588.5,0.564
4265,494.5,588.5,0.534
4266,496.5,588.5,0.596
4267,496.5,588.5,0.594
4268,496.5,588.5,0.557
4269,494.5,588.5,0.536
4270,496.5,588.5,0.568
4271,496.5,588.5,0.553
4272,496.5,588.5,0.56
4273,496.5,588.5,0.585
4274,496.5,588.5,0.546
4275,496.5,588.5,0.605
4276,496.5,588.5,0.63
4277,494.5,588.5,0.599
4278,494.5,588.5,0.581
4279,494.5,588.5,0.597
4280,494.5,588.5,0.514
4281,496.5,588.5,0.696
4282,496.5,588.5,0.669
4283,496.5,588.5,0.65
4284,496.5,588.5,0.644
4285,496.5,588.5,0.673
4286,496.5,588.5,0.642
4287,496.5,588.5,0.651
4288,496.5,588.5,0.65
4289,496.5,588.5,0.656
4290,496.5,588.5,0.648
4291,496.5,588.5,0.6
4292,496.5,588.5,0.697
4293,496.5,588.5,0.643
4294,496.5,588.5,0.649
4295,496.5,588.5,0.66
4296,412.5,194.5,0.781
4297,408.5,188.5,0.647
4298,404.5,176.5,0.796
4299,496.5,588.5,0.652
4300,494.5,588.5,0.63
4301,496.5,588.5,0.638
4302,496.5,588.5,0.647
4303,426.5,164.5,0.715
4304,436.5,178.5,0.971
4305,456.5,194.5,0.977
4306,468.5,226.5,0.902
4307,484.5,248.5,0.976
4308,498.5,264.5,0.99
4309,508.5,250.5,0.955
4310,520.5,238.5,0.977
4311,530.5,228.5,0.997
4312,544.5,222.5,0.989
4313,452.5,192.5,0.963
4314,568.5,214.5,0.978
4315,582.5,216.5,0.98
4316,596.5,218.5,0.975
4317,610.5,226.5,0.988
4318,624.5,234.5,0.989
4319,638.5,244.5,0.987
4320,652.5,260.5,0.99
4321,666.5,282.5,0.949
4322,680.5,296.5,0.994
4323,694.5,322.5,0.995
4324,708.5,344.5,0.995
4325,718.5,352.5,0.989
4326,728.5,340.5,0.998
4327,740.5,328.5,0.997
4328,752.5,314.5,0.996
4329,764.5,312.5,0.992
4330,776.5,310.5,0.982
4331,786.5,310.5,0.99
4332,800.5,314.5,0.983
4333,810.5,322.5,0.984
4334,822.5,328.5,0.997
4335,832.5,342.5,0.998
4336,842.5,360.5,0.998
4337,852.5,376.5,0.987
4338,844.5,390.5,0.574
4339,496.5,588.5,0.635
4340,820.5,492.5,0.58
4341,896.5,342.5,0.683
4342,932.5,328.5,0.579
4343,496.5,588.5,0.586
4344,496.5,588.5,0.636
4345,496.5,588.5,0.631
4346,496.5,588.5,0.631
4347,496.5,588.5,0.626
4348,496.5,588.5,0.638
4349,496.5,588.5,0.6
4350,496.5,588.5,0.619
4351,288.5,156.5,0.948
4352,288.5,168.5,0.931
4353,292.5,184.5,0.782
4354,1028.5,480.5,0.738
4355,1030.5,490.5,0.992
4356,1030.5,500.5,0.991
4357,1030.5,506.5,0.993
4358,1032.5,512.5,0.979
4359,1030.5,516.5,0.971
4360,1028.5,520.5,0.973
4361,1024.5,518.5,0.939
4362,1016.5,518.5,0.799
4363,496.5,588.5,0.577
4364,496.5,588.5,0.604
4365,496.5,588.5,0.561
4366,968.5,466.5,0.879
4367,960.5,440.5,0.939
4368,950.5,416.5,0.948
4369,942.5,388.5,0.921
4370,496.5,588.5,0.605
4371,496.5,588.5,0.611
4372,944.5,314.5,0.875
4373,946.5,300.5,0.998
4374,948.5,288.5,0.994
4375,946.5,276.5,0.979
4376,944.5,272.5,0.944
4377,942.5,272.5,0.987
4378,936.5,276.5,0.986
4379,934.5,286.5,0.996
4380,932.5,298.5,0.997
4381,928.5,312.5,0.997
4382,922.5,330.5,0.988
4383,918.5,352.5,0.979
4384,914.5,372.5,0.942
4385,968.5,472.5,0.704
4386,906.5,428.5,0.986
4387,858.5,442.5,0.931
4388,496.5,588.5,0.607
4389,756.5,428.5,0.914
4390,496.5,588.5,0.607
4391,666.5,352.5,0.976
4392,630.5,328.5,0.976
4393,602.5,310.5,0.989
4394,570.5,294.5,0.987
4395,536.5,280.5,0.993
4396,514.5,274.5,0.988
4397,486.5,268.5,0.998
4398,464.5,268.5,0.998
4399,442.5,268.5,0.997
4400,424.5,272.5,0.994
4401,408.5,276.5,0.994
4402,390.5,260.5,0.981
4403,372.5,244.5,0.987
4404,358.5,234.5,0.977
4405,496.5,588.5,0.641
4406,382.5,222.5,0.985
4407,410.5,222.5,0.994
4408,438.5,222.5,0.997
4409,474.5,228.5,0.996
4410,510.5,238.5,0.978
4411,536.5,244.5,0.989
4412,576.5,260.5,0.971
4413,612.5,276.5,0.987
4414,646.5,292.5,0.987
4415,676.5,312.5,0.964
4416,720.5,340.5,0.981
4417,748.5,362.5,0.989
4418,790.5,386.5,0.969
4419,826.5,376.5,0.986
4420,860.5,376.5,0.987
4421,896.5,378.5,0.997
4422,934.5,386.5,0.997
4423,970.5,394.5,0.982
4424,998.5,394.5,0.99
4425,968.5,364.5,0.934
4426,916.5,322.5,0.986
4427,876.5,288.5,0.995
4428,836.5,260.5,0.995
4429,804.5,242.5,0.995
4430,770.5,226.5,0.996
4431,738.5,212.5,0.996
4432,702.5,200.5,0.993
4433,674.5,194.5,0.995
4434,640.5,192.5,0.993
4435,612.5,194.5,0.974
4436,584.5,196.5,0.972
4437,558.5,202.5,0.977
4438,534.5,212.5,0.98
4439,508.5,224.5,0.991
4440,492.5,236.5,0.962
4441,468.5,248.5,0.998
4442,446.5,268.5,0.994
4443,430.5,286.5,0.99
4444,412.5,306.5,0.996
4445,394.5,326.5,0.98
4446,382.5,308.5,0.978
4447,370.5,290.5,0.986
4448,354.5,268.5,0.941
4449,338.5,250.5,0.99
4450,322.5,232.5,0.959
4451,310.5,220.5,0.975
4452,296.5,212.5,0.977
4453,286.5,206.5,0.912
4454,274.5,202.5,0.962
4455,262.5,202.5,0.976
4456,252.5,204.5,0.987
4457,244.5,208.5,0.992
4458,234.5,216.5,0.976
4459,226.5,226.5,0.987
4460,252.5,230.5,0.98
4461,300.5,224.5,0.953
4462,336.5,222.5,0.986
4463,390.5,222.5,0.994
4464,438.5,228.5,0.996
4465,488.5,238.5,0.95
4466,526.5,246.5,0.959
4467,576.5,260.5,0.955
4468,624.5,276.5,0.981
4469,494.5,588.5,0.647
4470,696.5,310.5,0.962
4471,742.5,340.5,0.985
4472,780.5,328.5,0.992
4473,830.5,308.5,0.991
4474,860.5,300.5,0.997
4475,896.5,292.5,0.999
4476,938.5,282.5,0.983
4477,970.5,280.5,0.952
4478,1006.5,280.5,0.992
4479,1040.5,282.5,0.961
4480,1068.5,286.5,0.964
4481,1038.5,264.5,0.983
4482,496.5,588.5,0.598
4483,952.5,216.5,0.995
4484,914.5,198.5,0.996
4485,882.5,188.5,0.997
4486,844.5,174.5,0.987
4487,800.5,164.5,0.998
4488,776.5,162.5,0.978
4489,742.5,160.5,0.97
4490,712.5,160.5,0.959
4491,684.5,162.5,0.985
4492,652.5,170.5,0.994
4493,628.5,176.5,0.989
4494,602.5,184.5,0.962
4495,576.5,196.5,0.977
4496,556.5,208.5,0.977
4497,534.5,220.5,0.973
4498,512.5,236.5,0.975
4499,490.5,254.5,0.99
4500,468.5,268.5,0.991
4501,454.5,250.5,0.994
4502,440.5,234.5,0.997
4503,424.5,218.5,0.994
4504,410.5,202.5,0.974
4505,398.5,190.5,0.813
4506,384.5,182.5,0.814
4507,1106.5,174.5,0.871
4508,360.5,172.5,0.954
4509,350.5,172.5,0.879
4510,496.5,588.5,0.751
4511,326.5,180.5,0.979
4512,318.5,184.5,0.972
4513,306.5,190.5,0.956
4514,302.5,200.5,0.976
4515,332.5,204.5,0.951
4516,342.5,184.5,0.91
4517,420.5,222.5,0.925
4518,454.5,228.5,0.972
4519,500.5,244.5,0.97
4520,544.5,260.5,0.983
4521,580.5,274.5,0.873
4522,532.5,306.5,0.797
4523,596.5,292.5,0.981
4524,588.5,298.5,0.986
4525,496.5,588.5,0.736
4526,580.5,300.5,0.973
4527,494.5,588.5,0.744
4528,576.5,284.5,0.996
4529,572.5,280.5,0.994
4530,572.5,280.5,0.991
4531,568.5,280.5,0.993
4532,564.5,280.5,0.998
4533,562.5,286.5,0.991
4534,560.5,296.5,0.954
4535,560.5,288.5,0.99
4536,560.5,280.5,0.997
4537,560.5,276.5,0.997
4538,560.5,274.5,0.995
4539,558.5,274.5,0.994
4540,560.5,278.5,0.996
4541,560.5,286.5,0.992
4542,560.5,284.5,0.994
4543,562.5,276.5,0.998
4544,562.5,272.5,0.997
4545,566.5,270.5,0.992
4546,566.5,272.5,0.995
4547,568.5,280.5,0.995
4548,568.5,284.5,0.993
4549,568.5,276.5,0.994
4550,570.5,270.5,0.996
4551,572.5,270.5,0.996
4552,574.5,270.5,0.993
4553,576.5,274.5,0.997
4554,578.5,280.5,0.991
4555,578.5,274.5,0.998
4556,580.5,270.5,0.996
4557,580.5,268.5,0.988
4558,582.5,272.5,0.996
4559,582.5,276.5,0.994
4560,584.5,274.5,0.992
4561,586.5,270.5,0.996
4562,588.5,268.5,0.99
4563,590.5,268.5,0.986
4564,590.5,274.5,0.996
4565,592.5,274.5,0.996
4566,592.5,266.5,0.996
4567,594.5,266.5,0.99
4568,596.5,268.5,0.984
4569,596.5,272.5,0.995
4570,598.5,268.5,0.987
4571,600.5,268.5,0.979
4572,602.5,268.5,0.96
4573,496.5,588.5,0.633
4574,604.5,268.5,0.964
4575,606.5,266.5,0.905
4576,604.5,268.5,0.929
4577,496.5,588.5,0.666
4578,408.5,182.5,0.798
4579,608.5,266.5,0.813
4580,494.5,588.5,0.621
4581,576.5,532.5,0.71
4582,610.5,266.5,0.842
4583,430.5,174.5,0.666
4584,496.5,588.5,0.555
4585,496.5,588.5,0.604
4586,496.5,588.5,0.722
4587,496.5,586.5,0.86
4594,562.5,276.5,0.983
4595,548.5,276.5,0.97
4596,532.5,278.5,0.993
4597,516.5,280.5,0.995
4598,500.5,280.5,0.997
4599,486.5,280.5,0.998
4600,470.5,280.5,0.998
4601,456.5,282.5,0.998
4602,444.5,282.5,0.994
4603,432.5,282.5,0.998
4604,418.5,282.5,0.997
4605,406.5,284.5,0.997
4606,396.5,288.5,0.98
4607,384.5,288.5,0.981
4608,374.5,286.5,0.997
4609,362.5,286.5,0.983
4610,360.5,290.5,0.902
4611,370.5,286.5,0.942
4612,380.5,286.5,0.993
4613,388.5,284.5,0.981
4614,394.5,284.5,0.994
4615,400.5,282.5,0.996
4616,408.5,282.5,0.996
4617,414.5,282.5,0.996
4618,418.5,282.5,0.98
4619,424.5,282.5,0.993
4620,428.5,282.5,0.986
4621,432.5,282.5,0.994
4622,434.5,280.5,0.985
4623,438.5,280.5,0.996
4624,438.5,282.5,0.995
4625,442.5,280.5,0.986
4626,442.5,280.5,0.989
4627,444.5,280.5,0.986
4628,446.5,282.5,0.985
4629,448.5,282.5,0.989
4630,454.5,280.5,0.89
4631,914.5,428.5,0.699
4632,592.5,532.5,0.827
4633,612.5,530.5,0.655
4635,990.5,500.5,0.582
4636,1006.5,500.5,0.507
4637,440.5,260.5,0.674
4638,442.5,258.5,0.672
4639,954.5,354.5,0.833
4640,462.5,244.5,0.912
4650,462.5,210.5,0.542
4651,460.5,198.5,0.657
4653,454.5,176.5,0.741
4656,460.5,166.5,0.769
4657,1052.5,460.5,0.943
4658,488.5,196.5,0.926
4659,504.5,218.5,0.955
4660,520.5,238.5,0.967
4661,538.5,262.5,0.98
4662,552.5,264.5,0.993
4663,566.5,260.5,0.987
4664,582.5,250.5,0.987
4665,598.5,244.5,0.993
4666,614.5,244.5,0.998
4667,630.5,244.5,0.998
4668,644.5,248.5,0.997
4669,658.5,256.5,0.987
4670,678.5,264.5,0.996
4671,694.5,276.5,0.993
4672,712.5,292.5,0.969
4673,730.5,308.5,0.988
4674,744.5,328.5,0.987
4675,762.5,354.5,0.977
4676,780.5,364.5,0.988
4677,794.5,356.5,0.994
4678,810.5,346.5,0.991
4679,832.5,340.5,0.994
4680,850.5,338.5,0.994
4681,868.5,338.5,0.997
4682,886.5,342.5,0.996
4683,900.5,346.5,0.993
4684,918.5,356.5,0.987
4686,336.5,336.5,0.891
4703,1030.5,192.5,0.704
4712,274.5,154.5,0.929
4713,278.5,168.5,0.957
4714,286.5,188.5,0.839
4715,286.5,200.5,0.713
4720,974.5,316.5,0.807
4733,944.5,310.5,0.593
4735,886.5,374.5,0.972
4736,872.5,376.5,0.915
4737,860.5,376.5,0.794
4738,894.5,292.5,0.971
4739,876.5,292.5,0.907
4740,820.5,332.5,0.948
4741,770.5,312.5,0.975
4742,734.5,300.5,0.92
4743,690.5,288.5,0.98
4744,650.5,276.5,0.971
4745,612.5,270.5,0.954
4746,576.5,264.5,0.994
4747,544.5,260.5,0.998
4748,510.5,260.5,0.998
4749,486.5,266.5,0.996
4750,460.5,270.5,0.997
4751,434.5,276.5,0.997
4752,410.5,262.5,0.989
4753,390.5,250.5,0.993
4754,372.5,240.5,0.977
4755,354.5,232.5,0.956
4756,366.5,228.5,0.971
4757,390.5,228.5,0.994
4758,414.5,232.5,0.997
4759,438.5,236.5,0.987
4760,466.5,244.5,0.998
4761,488.5,252.5,0.996
4762,514.5,262.5,0.993
4763,542.5,280.5,0.985
4764,572.5,300.5,0.992
4765,596.5,316.5,0.991
4766,626.5,340.5,0.961
4767,658.5,372.5,0.983
4768,682.5,382.5,0.989
4769,710.5,376.5,0.973
4770,740.5,376.5,0.973
4771,766.5,376.5,0.982
4772,798.5,384.5,0.984
4773,832.5,398.5,0.947
4774,838.5,494.5,0.801
4776,758.5,312.5,0.94
4777,738.5,290.5,0.989
4778,706.5,264.5,0.988
4779,682.5,246.5,0.992
4780,660.5,234.5,0.962
4781,638.5,226.5,0.988
4782,618.5,220.5,0.973
4783,598.5,218.5,0.973
4784,582.5,218.5,0.969
4785,568.5,222.5,0.99
4786,554.5,226.5,0.994
4787,542.5,234.5,0.977
4788,530.5,244.5,0.99
4789,518.5,258.5,0.995
4790,510.5,272.5,0.983
4791,502.5,278.5,0.993
4792,498.5,256.5,0.971
4793,492.5,234.5,0.978
4794,488.5,218.5,0.997
4795,484.5,204.5,0.996
4796,480.5,192.5,0.996
4797,478.5,184.5,0.992
4798,474.5,176.5,0.984
4799,470.5,170.5,0.988
4800,468.5,170.5,0.936
4801,440.5,174.5,0.534
4802,484.5,174.5,0.952
4803,510.5,180.5,0.991
4804,532.5,186.5,0.985
4805,558.5,196.5,0.98
4806,582.5,208.5,0.983
4807,610.5,224.5,0.978
4808,630.5,238.5,0.99
4809,656.5,258.5,0.998
4810,678.5,280.5,0.974
4811,702.5,300.5,0.982
4812,726.5,332.5,0.98
4813,750.5,330.5,0.993
4814,772.5,316.5,0.995
4815,802.5,312.5,0.994
4816,822.5,306.5,0.995
4817,846.5,306.5,0.991
4818,870.5,306.5,0.993
4819,894.5,310.5,0.989
4820,920.5,316.5,0.983
4821,948.5,328.5,0.997
4822,966.5,338.5,0.982
4823,994.5,360.5,0.991
4824,970.5,340.5,0.994
4825,946.5,326.5,0.997
4826,894.5,292.5,0.998
4827,860.5,276.5,0.998
4828,820.5,258.5,0.998
4829,782.5,244.5,0.993
4830,746.5,236.5,0.982
4831,714.5,230.5,0.989
4832,682.5,228.5,0.995
4833,644.5,228.5,0.994
4834,618.5,232.5,0.98
4835,588.5,240.5,0.988
4836,568.5,244.5,0.984
4837,538.5,260.5,0.996
4838,514.5,268.5,0.997
4839,490.5,284.5,0.994
4840,470.5,298.5,0.993
4841,450.5,310.5,0.991
4842,434.5,290.5,0.997
4843,418.5,274.5,0.994
4844,396.5,258.5,0.986
4845,380.5,244.5,0.989
4846,362.5,234.5,0.981
4847,346.5,228.5,0.989
4848,332.5,224.5,0.966
4849,318.5,224.5,0.969
4850,304.5,226.5,0.971
4851,290.5,230.5,0.953
4852,278.5,236.5,0.976
4853,308.5,230.5,0.967
4854,358.5,224.5,0.932
4855,396.5,220.5,0.996
4856,434.5,218.5,0.995
4857,474.5,220.5,0.997
4858,518.5,226.5,0.976
4859,556.5,234.5,0.98
4860,602.5,246.5,0.974
4861,632.5,258.5,0.991
4862,660.5,266.5,0.985
4863,708.5,294.5,0.973
4864,742.5,312.5,0.982
4865,766.5,326.5,0.994
4866,810.5,306.5,0.994
4867,828.5,298.5,0.999
4868,866.5,284.5,0.998
4869,894.5,276.5,0.995
4870,922.5,272.5,0.994
4871,950.5,268.5,0.997
4872,980.5,268.5,0.907
4873,1010.5,272.5,0.995
4874,1030.5,276.5,0.987
4875,1058.5,286.5,0.975
4876,1078.5,296.5,0.981
4877,1108.5,314.5,0.993
4878,1124.5,326.5,0.99
4879,1142.5,344.5,0.998
4880,1108.5,314.5,0.997
4881,1056.5,274.5,0.99
4882,1028.5,252.5,0.959
4883,950.5,204.5,0.996
4884,246.5,186.5,0.911
4885,866.5,164.5,0.951
4886,804.5,138.5,0.995
4887,776.5,130.5,0.997
4888,730.5,118.5,0.983
4889,686.5,112.5,0.99
4890,644.5,110.5,0.996
4891,606.5,110.5,0.997
4892,570.5,112.5,0.997
4893,536.5,118.5,0.996
4894,502.5,126.5,0.994
4895,470.5,136.5,0.991
4896,442.5,148.5,0.993
4897,412.5,164.5,0.995
4898,382.5,184.5,0.997
4899,362.5,200.5,0.971
4900,336.5,224.5,0.967
4901,316.5,242.5,0.955
4902,296.5,270.5,0.816
4903,276.5,260.5,0.898
4904,260.5,240.5,0.917
4905,238.5,216.5,0.924
4906,218.5,198.5,0.929
4907,204.5,184.5,0.96
4908,186.5,170.5,0.99
4909,170.5,160.5,0.963
4910,158.5,154.5,0.96
4911,144.5,148.5,0.952
4912,132.5,148.5,0.991
4913,118.5,148.5,0.971
4914,106.5,148.5,0.884
4915,96.5,156.5,0.772
4916,84.5,164.5,0.96
4917,494.5,588.5,0.55
4918,494.5,588.5,0.538
4919,494.5,588.5,0.563
4920,266.5,164.5,0.913
4921,320.5,172.5,0.978
4922,374.5,184.5,0.991
4923,426.5,196.5,0.994
4924,478.5,214.5,0.985
4925,544.5,244.5,0.99
4926,574.5,258.5,0.935
4927,628.5,282.5,0.988
4928,690.5,322.5,0.955
4929,730.5,342.5,0.989
4930,784.5,328.5,0.99
4931,850.5,312.5,0.979
4932,892.5,306.5,0.995
4933,944.5,296.5,0.993
4934,1002.5,292.5,0.986
4935,1046.5,292.5,0.976
4936,1094.5,294.5,0.964
4937,1144.5,302.5,0.969
4938,1186.5,308.5,0.981
4939,1238.5,324.5,0.979
4940,1236.5,308.5,0.988
4941,1186.5,268.5,0.995
4942,1128.5,224.5,0.879
4943,496.5,588.5,0.628
4944,496.5,588.5,0.624
4945,496.5,588.5,0.58
4946,496.5,588.5,0.684
4947,892.5,122.5,0.903
4948,850.5,116.5,0.972
4949,806.5,112.5,0.997
4950,768.5,112.5,0.986
4951,730.5,114.5,0.976
4952,696.5,118.5,0.986
4953,664.5,126.5,0.991
4954,630.5,136.5,0.991
4955,596.5,150.5,0.988
4956,566.5,164.5,0.99
4957,538.5,182.5,0.994
4958,516.5,198.5,0.993
4959,496.5,216.5,0.983
4960,472.5,242.5,0.988
4961,450.5,262.5,0.992
4962,436.5,282.5,0.997
4963,420.5,260.5,0.989
4964,406.5,238.5,0.995
4965,390.5,214.5,0.997
4966,378.5,196.5,0.993
4967,364.5,178.5,0.973
4968,366.5,180.5,0.961
4969,352.5,166.5,0.991
4970,340.5,154.5,0.993
4971,328.5,148.5,0.992
4972,318.5,140.5,0.982
4973,308.5,138.5,0.99
4974,298.5,138.5,0.966
4975,290.5,142.5,0.885
4976,316.5,148.5,0.85
4977,362.5,160.5,0.98
4978,400.5,174.5,0.989
4979,436.5,190.5,0.995
4980,478.5,210.5,0.998
4981,522.5,236.5,0.97
4982,540.5,250.5,0.887
4983,584.5,276.5,0.957
4984,630.5,320.5,0.966
4985,496.5,588.5,0.625
4986,700.5,368.5,0.987
4987,734.5,356.5,0.995
4988,770.5,346.5,0.996
4989,800.5,344.5,0.991
4990,842.5,344.5,0.985
4991,876.5,344.5,0.996
4992,914.5,354.5,0.987
4993,950.5,364.5,0.988
4994,990.5,380.5,0.987
4995,1030.5,400.5,0.994
4996,1060.5,416.5,0.983
4997,1022.5,376.5,0.933
4998,970.5,330.5,0.99
4999,942.5,308.5,0.984
5000,884.5,262.5,0.993
5001,844.5,238.5,0.995
5002,808.5,216.5,0.996
5003,770.5,198.5,0.989
5004,748.5,192.5,0.981
5005,716.5,180.5,0.993
5006,692.5,178.5,0.991
5007,672.5,178.5,0.991
5008,646.5,178.5,0.995
5009,628.5,184.5,0.988
5010,610.5,192.5,0.982
5011,594.5,200.5,0.987
5012,582.5,210.5,0.987
5013,568.5,224.5,0.991
5014,558.5,234.5,0.971
5015,548.5,250.5,0.973
5016,538.5,264.5,0.996
5017,532.5,248.5,0.983
5018,526.5,228.5,0.964
5019,518.5,208.5,0.986
5020,514.5,192.5,0.988
5021,508.5,176.5,0.99
5022,504.5,166.5,0.997
5023,500.5,156.5,0.993
5024,496.5,150.5,0.993
5025,492.5,144.5,0.99
5026,488.5,144.5,0.981
5027,484.5,144.5,0.968
5028,482.5,148.5,0.95
5029,500.5,156.5,0.947
5030,524.5,168.5,0.972
5031,550.5,182.5,0.988
5032,574.5,198.5,0.988
5033,598.5,214.5,0.988
5034,628.5,240.5,0.995
5035,652.5,260.5,0.996
5036,456.5,170.5,0.965
5037,708.5,322.5,0.956
5038,742.5,354.5,0.99
5039,764.5,352.5,0.993
5040,794.5,348.5,0.996
5041,826.5,346.5,0.995
5042,864.5,350.5,0.99
5043,896.5,356.5,0.995
5044,932.5,364.5,0.949
5045,970.5,376.5,0.987
5046,938.5,350.5,0.88
5047,898.5,320.5,0.992
5048,846.5,284.5,0.994
5049,806.5,262.5,0.996
5050,770.5,244.5,0.991
5051,732.5,230.5,0.996
5052,698.5,222.5,0.982
5053,670.5,214.5,0.996
5054,636.5,212.5,0.98
5055,604.5,212.5,0.979
5056,576.5,212.5,0.992
5057,554.5,218.5,0.942
5058,526.5,226.5,0.988
5059,504.5,236.5,0.979
5060,482.5,246.5,0.998
5061,460.5,260.5,0.996
5062,442.5,276.5,0.995
5063,426.5,290.5,0.993
5064,410.5,282.5,0.982
5065,394.5,260.5,0.989
5066,378.5,242.5,0.991
5067,364.5,226.5,0.978
5068,352.5,216.5,0.973
5069,336.5,206.5,0.978
5070,324.5,200.5,0.975
5071,312.5,196.5,0.946
5072,298.5,194.5,0.957
5073,290.5,196.5,0.991
5074,278.5,202.5,0.944
5075,266.5,208.5,0.906
5076,290.5,204.5,0.985
5077,306.5,186.5,0.96
5078,310.5,168.5,0.759
5079,426.5,204.5,0.97
5080,466.5,208.5,0.997
5081,510.5,216.5,0.985
5082,558.5,228.5,0.976
5083,606.5,244.5,0.982
5084,652.5,262.5,0.994
5085,688.5,284.5,0.931
5086,740.5,308.5,0.975
5087,776.5,332.5,0.981
5088,824.5,350.5,0.985
5089,862.5,340.5,0.975
5090,910.5,324.5,0.998
5091,954.5,318.5,0.998
5092,1008.5,310.5,0.962
5093,1042.5,310.5,0.964
5094,1098.5,310.5,0.934
5095,1140.5,318.5,0.95
5096,1178.5,326.5,0.987
5097,1222.5,340.5,0.983
5098,1194.5,308.5,0.964
5099,1156.5,280.5,0.96
5100,1100.5,240.5,0.962
5101,1062.5,220.5,0.882
5103,496.5,588.5,0.563
5104,262.5,182.5,0.605
5105,852.5,142.5,0.98
5106,804.5,134.5,0.996
5107,766.5,132.5,0.993
5108,732.5,134.5,0.993
5109,700.5,138.5,0.969
5110,670.5,144.5,0.993
5111,632.5,154.5,0.986
5112,600.5,166.5,0.978
5113,572.5,180.5,0.987
5114,546.5,196.5,0.983
5115,522.5,214.5,0.992
5116,502.5,230.5,0.99
5117,484.5,248.5,0.994
5118,466.5,270.5,0.992
5119,452.5,262.5,0.981
5120,436.5,238.5,0.994
5121,422.5,212.5,0.996
5122,406.5,192.5,0.957
5123,394.5,176.5,0.841
5124,382.5,162.5,0.91
5125,372.5,154.5,0.88
5126,358.5,146.5,0.923
5127,348.5,140.5,0.878
5128,338.5,136.5,0.962
5129,330.5,138.5,0.967
5130,322.5,140.5,0.973
5131,314.5,144.5,0.952
5132,306.5,152.5,0.977
5133,300.5,160.5,0.935
5134,328.5,162.5,0.997
5135,346.5,152.5,0.968
5136,424.5,176.5,0.832
5137,474.5,186.5,0.991
5138,514.5,200.5,0.984
5139,564.5,220.5,0.965
5140,620.5,244.5,0.986
5141,656.5,262.5,0.982
5142,712.5,296.5,0.825
5143,760.5,328.5,0.94
5144,818.5,364.5,0.993
5145,862.5,358.5,0.981
5146,494.5,588.5,0.507
5147,988.5,346.5,0.965
5148,1028.5,346.5,0.737
5149,1082.5,348.5,0.945
5150,1142.5,356.5,0.994
5151,1202.5,368.5,0.993
5152,1250.5,380.5,0.981
5153,494.5,588.5,0.509
5154,1270.5,344.5,0.968
5155,1236.5,310.5,0.994
5156,1182.5,264.5,0.991
5157,1122.5,216.5,0.886
5159,1062.5,180.5,0.902
5162,1108.5,546.5,0.664
5163,890.5,114.5,0.958
5164,854.5,108.5,0.993
5165,824.5,108.5,0.988
5166,794.5,112.5,0.994
5167,766.5,116.5,0.988
5168,740.5,122.5,0.97
5169,716.5,132.5,0.989
5170,694.5,142.5,0.976
5171,674.5,154.5,0.997
5172,652.5,172.5,0.994
5173,636.5,184.5,0.99
5174,618.5,200.5,0.973
5175,602.5,220.5,0.964
5176,586.5,238.5,0.958
5177,574.5,250.5,0.987
5178,568.5,232.5,0.812
5179,554.5,204.5,0.911
5180,546.5,184.5,0.983
5181,538.5,168.5,0.99
5182,528.5,152.5,0.99
5183,520.5,140.5,0.996
5184,512.5,132.5,0.997
5185,506.5,126.5,0.991
5186,498.5,120.5,0.996
5187,490.5,118.5,0.971
5188,484.5,118.5,0.963
5189,498.5,130.5,0.966
5190,520.5,146.5,0.978
5191,544.5,164.5,0.984
5192,564.5,184.5,0.984
5193,582.5,208.5,0.978
5194,610.5,242.5,0.953
5195,630.5,270.5,0.936
5196,480.5,178.5,0.958
5197,474.5,176.5,0.892
5198,694.5,392.5,0.868
5199,718.5,414.5,0.987
5200,742.5,414.5,0.975
5201,774.5,420.5,0.945
5202,446.5,170.5,0.974
5203,438.5,168.5,0.972
5204,866.5,458.5,0.988
5205,892.5,478.5,0.99
5206,416.5,164.5,0.85
5208,828.5,374.5,0.893
5209,810.5,360.5,0.942
5210,760.5,312.5,0.867
5211,726.5,282.5,0.973
5212,696.5,260.5,0.992
5213,676.5,248.5,0.996
5214,646.5,234.5,0.992
5215,628.5,228.5,0.993
5216,610.5,226.5,0.987
5217,596.5,226.5,0.988
5218,582.5,232.5,0.992
5219,570.5,236.5,0.985
5220,560.5,244.5,0.995
5221,550.5,258.5,0.984
5222,542.5,268.5,0.998
5223,534.5,280.5,0.996
5224,530.5,292.5,0.999
5225,524.5,268.5,0.997
5226,520.5,248.5,0.982
5227,518.5,224.5,0.986
5228,514.5,210.5,0.994
5229,512.5,194.5,0.992
5230,508.5,182.5,0.991
5231,508.5,174.5,0.986
5232,506.5,166.5,0.974
5233,504.5,162.5,0.984
5234,502.5,160.5,0.982
5235,502.5,164.5,0.94
5236,500.5,168.5,0.885
5237,510.5,170.5,0.981
5238,530.5,172.5,0.987
5239,548.5,176.5,0.981
5240,566.5,182.5,0.986
5241,588.5,192.5,0.971
5242,610.5,206.5,0.978
5243,628.5,218.5,0.99
5244,646.5,232.5,0.993
5245,676.5,258.5,0.998
5246,692.5,276.5,0.993
5247,724.5,306.5,0.935
5248,742.5,332.5,0.977
5249,762.5,358.5,0.981
5250,784.5,354.5,0.994
5251,808.5,340.5,0.994
5252,836.5,330.5,0.998
5253,864.5,328.5,0.995
5254,888.5,324.5,0.995
5255,912.5,324.5,0.995
5256,942.5,330.5,0.992
5257,964.5,336.5,0.974
5258,962.5,324.5,0.98
5259,918.5,292.5,0.994
5260,876.5,262.5,0.998
5261,840.5,242.5,0.998
5262,794.5,218.5,0.997
5263,764.5,206.5,0.986
5264,728.5,194.5,0.991
5265,692.5,186.5,0.964
5266,666.5,182.5,0.989
5267,632.5,180.5,0.992
5268,604.5,184.5,0.978
5269,576.5,190.5,0.973
5270,552.5,196.5,0.979
5271,530.5,206.5,0.978
5272,508.5,216.5,0.985
5273,486.5,232.5,0.995
5274,466.5,246.5,0.995
5275,446.5,264.5,0.993
5276,432.5,278.5,0.996
5277,418.5,262.5,0.99
5278,404.5,242.5,0.992
5279,384.5,220.5,0.985
5280,370.5,208.5,0.988
5281,358.5,194.5,0.994
5282,342.5,184.5,0.984
5283,328.5,178.5,0.99
5284,318.5,174.5,0.961
5285,306.5,172.5,0.974
5286,294.5,172.5,0.984
5287,282.5,174.5,0.79
5288,274.5,182.5,0.995
5289,294.5,186.5,0.984
5290,326.5,178.5,0.685
5291,454.5,234.5,0.614
5292,490.5,250.5,0.99
5293,394.5,148.5,0.798
5294,602.5,300.5,0.935
5295,570.5,292.5,0.902
5296,598.5,292.5,0.957
5297,590.5,292.5,0.761
5298,584.5,294.5,0.959
5299,580.5,280.5,0.996
5300,576.5,276.5,0.997
5301,572.5,270.5,0.996
5302,566.5,272.5,0.996
5303,564.5,266.5,0.998
5304,562.5,262.5,0.996
5305,556.5,260.5,0.997
5306,554.5,260.5,0.992
5307,558.5,260.5,0.739
5308,556.5,254.5,0.772
5309,548.5,250.5,0.941
5310,548.5,244.5,0.962
5311,546.5,240.5,0.953
5312,354.5,182.5,0.758
5313,350.5,186.5,0.684
5314,544.5,242.5,0.984
5315,494.5,588.5,0.52
5316,494.5,588.5,0.53
5317,548.5,242.5,0.964
5318,546.5,230.5,0.97
5319,540.5,222.5,0.964
5320,534.5,210.5,0.964
5321,526.5,202.5,0.966
5322,520.5,198.5,0.989
5323,514.5,190.5,0.97
5324,510.5,190.5,0.971
5325,502.5,190.5,0.979
5326,498.5,192.5,0.956
5327,490.5,196.5,0.959
5328,488.5,202.5,0.987
5329,490.5,180.5,0.961
5330,1150.5,274.5,0.956
5331,494.5,588.5,0.526
5332,1114.5,342.5,0.974
5333,494.5,588.5,0.535
5334,494.5,588.5,0.524
5335,494.5,588.5,0.537
5336,494.5,588.5,0.525
5337,494.5,588.5,0.525
5338,384.5,182.5,0.64
5339,494.5,588.5,0.525
5341,950.5,690.5,0.758
5342,938.5,698.5,0.549
5344,494.5,588.5,0.556
5345,494.5,588.5,0.545
5346,494.5,588.5,0.565
5347,494.5,588.5,0.563
5348,1182.5,338.5,0.654
5349,494.5,588.5,0.562
5350,494.5,588.5,0.539
5351,494.5,588.5,0.577
5352,494.5,588.5,0.567
5353,494.5,588.5,0.58
5354,494.5,588.5,0.564
5355,1100.5,428.5,0.672
5356,494.5,588.5,0.581
5357,494.5,588.5,0.561
5358,494.5,588.5,0.576
5359,494.5,588.5,0.582
5360,842.5,500.5,0.863
5361,816.5,504.5,0.971
5362,788.5,512.5,0.971
5363,758.5,514.5,0.965
5364,890.5,450.5,0.727
5365,860.5,498.5,0.963
5366,654.5,528.5,0.962
5367,800.5,502.5,0.942
5368,598.5,534.5,0.933
5369,576.5,542.5,0.91
5370,552.5,544.5,0.953
5371,434.5,150.5,0.885
5372,496.5,590.5,0.698
5373,496.5,590.5,0.656
5377,856.5,356.5,0.588
5378,846.5,356.5,0.589
5379,840.5,360.5,0.649
5380,834.5,356.5,0.527
5382,830.5,368.5,0.538
5392,618.5,392.5,0.617
5395,792.5,358.5,0.808
5399,704.5,334.5,0.608
5402,698.5,332.5,0.513
5403,422.5,178.5,0.727
5410,504.5,182.5,0.854
5411,496.5,184.5,0.75
5412,492.5,182.5,0.62
5413,480.5,186.5,0.926
5414,472.5,184.5,0.643
5431,586.5,552.5,0.691
5432,604.5,554.5,0.576
5433,962.5,356.5,0.619
5434,646.5,584.5,0.546
5435,312.5,274.5,0.734
5437,964.5,354.5,0.502
5448,352.5,226.5,0.886
5449,346.5,232.5,0.937
5450,342.5,232.5,0.984
5451,336.5,234.5,0.99
5452,334.5,238.5,0.974
5453,326.5,240.5,0.991
5454,320.5,240.5,0.994
5455,316.5,242.5,0.983
5456,312.5,246.5,0.995
5457,306.5,248.5,0.995
5458,302.5,248.5,0.995
5459,298.5,252.5,0.993
5460,294.5,254.5,0.986
5461,290.5,256.5,0.994
5462,288.5,256.5,0.993
5463,286.5,258.5,0.985
5464,282.5,262.5,0.995
5465,280.5,264.5,0.986
5466,280.5,266.5,0.982
5467,280.5,268.5,0.989
5468,282.5,272.5,0.995
5469,282.5,272.5,0.993
5470,282.5,274.5,0.986
5471,284.5,274.5,0.976
5472,284.5,276.5,0.979
5473,284.5,276.5,0.994
5474,280.5,270.5,0.999
5475,278.5,260.5,0.998
5476,274.5,246.5,0.992
5477,268.5,230.5,0.979
5478,266.5,216.5,0.991
5479,262.5,204.5,0.993
5480,260.5,196.5,0.988
5481,256.5,188.5,0.978
5482,254.5,184.5,0.991
5483,252.5,184.5,0.977
5484,254.5,184.5,0.988
5485,252.5,190.5,0.985
5486,250.5,194.5,0.995
5487,252.5,204.5,0.992
5488,250.5,214.5,0.987
5489,252.5,228.5,0.981
5490,280.5,244.5,0.942
5491,320.5,260.5,0.953
5492,344.5,274.5,0.957
5493,378.5,286.5,0.98
5494,408.5,276.5,0.993
5495,432.5,270.5,0.993
5496,462.5,266.5,0.997
5497,490.5,266.5,0.995
5498,516.5,266.5,0.989
5499,542.5,268.5,0.99
5500,572.5,276.5,0.993
5501,600.5,286.5,0.987
5502,632.5,298.5,0.989
5503,662.5,314.5,0.995
5504,684.5,330.5,0.992
5505,714.5,332.5,0.991
5506,746.5,324.5,0.989
5507,776.5,320.5,0.984
5508,806.5,324.5,0.992
5509,838.5,326.5,0.983
5510,866.5,332.5,0.992
5511,896.5,340.5,0.969
5512,922.5,352.5,0.793
5513,962.5,362.5,0.985
5514,942.5,346.5,0.978
5515,918.5,324.5,0.998
5516,882.5,292.5,0.998
5517,856.5,276.5,0.998
5518,828.5,256.5,0.993
5519,802.5,242.5,0.996
5520,772.5,228.5,0.992
5521,744.5,218.5,0.977
5522,720.5,212.5,0.991
5523,694.5,208.5,0.979
5524,676.5,208.5,0.994
5525,648.5,210.5,0.992
5526,628.5,212.5,0.994
5527,610.5,218.5,0.974
5528,588.5,226.5,0.98
5529,570.5,236.5,0.956
5530,550.5,246.5,0.992
5531,532.5,260.5,0.993
5532,518.5,274.5,0.997
5533,502.5,280.5,0.993
5534,488.5,260.5,0.994
5535,478.5,244.5,0.996
5536,468.5,232.5,0.993
5537,456.5,220.5,0.997
5538,446.5,212.5,0.993
5539,434.5,206.5,0.993
5540,424.5,200.5,0.992
5541,416.5,200.5,0.949
5542,444.5,210.5,0.966
5543,490.5,230.5,0.983
5544,526.5,246.5,0.935
5545,566.5,266.5,0.979
5546,610.5,290.5,0.98
5547,650.5,314.5,0.906
5548,696.5,346.5,0.95
5549,366.5,212.5,0.882
5550,782.5,398.5,0.974
5551,828.5,404.5,0.946
5552,368.5,210.5,0.678
5553,930.5,422.5,0.993
5554,974.5,436.5,0.987
5555,1022.5,454.5,0.984
5556,1062.5,466.5,0.988
5557,390.5,176.5,0.938
5558,926.5,380.5,0.952
5559,880.5,348.5,0.987
5560,832.5,328.5,0.987
5561,786.5,314.5,0.703
5562,744.5,298.5,0.978
5563,688.5,282.5,0.98
5564,648.5,272.5,0.984
5565,618.5,272.5,0.945
5566,578.5,268.5,0.996
5567,548.5,268.5,0.995
5568,516.5,276.5,0.995
5569,490.5,288.5,0.995
5570,466.5,296.5,0.996
5571,444.5,310.5,0.996
5572,424.5,324.5,0.993
5573,406.5,340.5,0.926
5574,388.5,314.5,0.993
5575,376.5,294.5,0.994
5576,360.5,274.5,0.987
5577,346.5,254.5,0.992
5578,332.5,240.5,0.992
5579,322.5,232.5,0.994
5580,310.5,224.5,0.992
5581,300.5,220.5,0.918
5582,290.5,218.5,0.914
5583,282.5,220.5,0.967
5584,274.5,224.5,0.815
5585,266.5,230.5,0.875
5586,262.5,238.5,0.87
5587,256.5,250.5,0.991
5588,282.5,244.5,0.948
5589,312.5,238.5,0.885
5590,370.5,226.5,0.964
5591,412.5,226.5,0.995
5592,452.5,226.5,0.995
5593,492.5,228.5,0.996
5594,542.5,236.5,0.965
5595,592.5,248.5,0.984
5596,630.5,262.5,0.988
5597,680.5,284.5,0.947
5598,716.5,296.5,0.674
5599,758.5,314.5,0.986
5600,820.5,356.5,0.956
5601,842.5,378.5,0.977
5602,894.5,392.5,0.979
5603,944.5,376.5,0.969
5604,988.5,364.5,0.974
5605,1030.5,356.5,0.956
5606,1074.5,352.5,0.959
5607,1118.5,350.5,0.989
5613,1174.5,248.5,0.98
5614,1128.5,204.5,0.972
5618,916.5,70.5,0.993
5619,874.5,54.5,0.928
5620,820.5,40.5,0.954
5621,782.5,34.5,0.964
5622,746.5,32.5,0.992
5623,714.5,32.5,0.981
5624,680.5,36.5,0.964
5625,650.5,42.5,0.969
5626,620.5,52.5,0.98
5627,588.5,66.5,0.995
5628,568.5,76.5,0.986
5629,544.5,90.5,0.997
5630,522.5,110.5,0.99
5631,502.5,128.5,0.993
5632,482.5,148.5,0.992
5633,466.5,168.5,0.99
5634,450.5,194.5,0.989
5635,436.5,214.5,0.988
5636,424.5,238.5,0.989
5637,406.5,222.5,0.966
5638,394.5,196.5,0.983
5639,386.5,178.5,0.984
5640,372.5,154.5,0.984
5641,360.5,136.5,0.988
5642,348.5,120.5,0.943
5643,336.5,108.5,0.986
5644,326.5,98.5,0.991
5645,318.5,90.5,0.968
5646,308.5,88.5,0.994
5647,300.5,84.5,0.981
5648,292.5,84.5,0.987
5649,284.5,86.5,0.96
5650,494.5,588.5,0.501
5651,336.5,96.5,0.967
5652,370.5,104.5,0.921
5653,400.5,114.5,0.989
5654,430.5,124.5,0.994
5655,462.5,138.5,0.996
5656,496.5,154.5,0.997
5657,530.5,174.5,0.991
5658,570.5,196.5,0.981
5659,608.5,220.5,0.971
5660,640.5,242.5,0.991
5661,686.5,280.5,0.975
5662,716.5,298.5,0.934
5663,748.5,326.5,0.933
5664,792.5,362.5,0.969
5665,1252.5,474.5,0.784
5666,890.5,430.5,0.716
5667,930.5,426.5,0.997
5668,976.5,426.5,0.986
5669,1024.5,426.5,0.989
5670,1070.5,432.5,0.992
5671,1114.5,436.5,0.981
5672,1034.5,378.5,0.975
5673,980.5,342.5,0.985
5674,938.5,316.5,0.818
5675,870.5,282.5,0.979
5676,820.5,260.5,0.996
5677,774.5,244.5,0.99
5678,730.5,234.5,0.99
5679,688.5,228.5,0.992
5680,650.5,224.5,0.996
5681,618.5,226.5,0.985
5682,586.5,228.5,0.991
5683,558.5,234.5,0.978
5684,532.5,244.5,0.988
5685,506.5,256.5,0.996
5686,488.5,266.5,0.998
5687,466.5,284.5,0.994
5688,450.5,300.5,0.995
5689,434.5,316.5,0.995
5690,418.5,298.5,0.985
5691,404.5,272.5,0.974
5692,390.5,250.5,0.998
5693,378.5,232.5,0.989
5694,366.5,216.5,0.914
5695,1220.5,602.5,0.819
5696,342.5,192.5,0.961
5697,332.5,186.5,0.948
5698,322.5,182.5,0.951
5699,314.5,180.5,0.97
5700,306.5,182.5,0.953
5701,290.5,212.5,0.927
5702,296.5,196.5,0.907
5703,314.5,180.5,0.975
5704,340.5,166.5,0.905
5705,374.5,162.5,0.904
5706,394.5,158.5,0.95
5707,420.5,156.5,0.975
5708,448.5,160.5,0.993
5709,476.5,164.5,0.997
5710,502.5,174.5,0.994
5711,530.5,186.5,0.993
5712,562.5,204.5,0.99
5713,592.5,226.5,0.983
5714,616.5,244.5,0.978
5715,644.5,268.5,0.992
5716,678.5,296.5,0.969
5717,694.5,326.5,0.953
5718,718.5,348.5,0.979
5719,744.5,400.5,0.806
5720,772.5,382.5,0.977
5721,798.5,360.5,0.996
5722,836.5,342.5,0.991
5723,866.5,336.5,0.995
5724,900.5,324.5,0.993
5725,932.5,322.5,0.995
5726,962.5,322.5,0.992
5727,996.5,324.5,0.986
5728,1026.5,326.5,0.983
5729,1058.5,338.5,0.975
5730,1080.5,342.5,0.997
5731,1036.5,306.5,0.854
5733,948.5,240.5,0.972
5734,900.5,210.5,0.987
5735,862.5,186.5,0.951
5736,816.5,166.5,0.937
5737,780.5,154.5,0.989
5738,746.5,146.5,0.989
5739,712.5,140.5,0.96
5740,680.5,138.5,0.975
5741,650.5,140.5,0.993
5742,626.5,144.5,0.989
5743,602.5,150.5,0.994
5744,578.5,160.5,0.986
5745,556.5,172.5,0.971
5746,536.5,186.5,0.986
5747,518.5,200.5,0.997
5748,502.5,218.5,0.997
5749,488.5,236.5,0.984
5750,474.5,256.5,0.993
5751,466.5,270.5,0.987
5752,452.5,282.5,0.995
5753,442.5,256.5,0.984
5754,438.5,234.5,0.998
5755,430.5,212.5,0.992
5756,424.5,194.5,0.997
5757,422.5,178.5,0.974
5758,414.5,166.5,0.919
5759,410.5,154.5,0.84
5760,494.5,588.5,0.606
5761,494.5,588.5,0.634
5762,398.5,140.5,0.889
5763,494.5,588.5,0.62
5764,494.5,588.5,0.597
5765,392.5,150.5,0.955
5766,388.5,156.5,0.934
5767,386.5,166.5,0.934
5768,390.5,180.5,0.903
5769,388.5,190.5,0.929
5770,390.5,200.5,0.953
5771,404.5,198.5,0.989
5772,422.5,200.5,0.994
5773,438.5,202.5,0.977
5774,462.5,212.5,0.967
5775,482.5,220.5,0.986
5776,500.5,232.5,0.994
5777,522.5,246.5,0.983
5778,546.5,268.5,0.993
5779,580.5,296.5,0.989
5780,596.5,316.5,0.983
5781,626.5,356.5,0.983
5782,650.5,390.5,0.958
5783,672.5,398.5,0.985
5784,700.5,392.5,0.99
5785,732.5,390.5,0.974
5786,764.5,388.5,0.947
5787,794.5,390.5,0.923
5788,828.5,398.5,0.948
5789,862.5,404.5,0.87
5790,898.5,426.5,0.857
5791,928.5,444.5,0.991
5792,964.5,468.5,0.965
5793,1002.5,494.5,0.972
5794,494.5,588.5,0.534
5795,934.5,386.5,0.935
5796,878.5,308.5,0.729
5797,834.5,250.5,0.964
5798,794.5,206.5,0.995
5799,760.5,170.5,0.992
5800,724.5,136.5,0.978
5801,694.5,112.5,0.988
5802,664.5,90.5,0.991
5803,634.5,72.5,0.995
5804,608.5,62.5,0.977
5805,580.5,52.5,0.983
5806,558.5,50.5,0.985
5807,534.5,48.5,0.993
5808,514.5,52.5,0.986
5809,494.5,58.5,0.962
5810,474.5,68.5,0.985
5811,458.5,80.5,0.993
5812,444.5,92.5,0.981
5813,428.5,108.5,0.984
5814,418.5,124.5,0.989
5815,406.5,144.5,0.99
5816,394.5,162.5,0.99
5817,384.5,182.5,0.954
5818,376.5,208.5,0.991
5819,366.5,230.5,0.993
5820,360.5,252.5,0.99
5821,354.5,268.5,0.959
5822,342.5,246.5,0.967
5823,338.5,224.5,0.983
5824,330.5,196.5,0.979
5825,326.5,178.5,0.991
5826,318.5,158.5,0.986
5827,312.5,142.5,0.995
5828,308.5,130.5,0.995
5829,304.5,122.5,0.989
5830,300.5,112.5,0.995
5831,294.5,108.5,0.996
5832,292.5,104.5,0.985
5833,288.5,106.5,0.991
5834,286.5,110.5,0.951
5835,286.5,116.5,0.979
5836,270.5,134.5,0.945
5837,286.5,150.5,0.907
5838,290.5,148.5,0.942
5839,424.5,156.5,0.973
5840,482.5,178.5,0.993
5841,528.5,198.5,0.957
5842,582.5,224.5,0.962
5843,632.5,248.5,0.982
5844,688.5,284.5,0.968
5845,746.5,316.5,0.907
5846,800.5,312.5,0.982
5847,840.5,302.5,0.99
5848,888.5,292.5,0.999
5849,940.5,284.5,0.987
5850,1006.5,280.5,0.967
5851,1044.5,280.5,0.921
5852,1092.5,284.5,0.954
5853,1144.5,292.5,0.983
5854,242.5,192.5,0.979
5855,1240.5,312.5,0.987
5856,226.5,196.5,0.948
5857,218.5,200.5,0.906
5858,1246.5,296.5,0.988
5859,1190.5,268.5,0.983
5860,1156.5,254.5,0.935
5861,1080.5,226.5,0.984
5862,494.5,588.5,0.606
5863,966.5,200.5,0.937
5864,926.5,196.5,0.995
5865,888.5,194.5,0.996
5866,844.5,194.5,0.999
5867,796.5,196.5,0.999
5868,766.5,204.5,0.98
5869,734.5,212.5,0.976
5870,698.5,226.5,0.991
5871,676.5,234.5,0.993
5872,644.5,226.5,0.997
5873,626.5,210.5,0.994
5874,598.5,192.5,0.985
5875,576.5,180.5,0.992
5876,550.5,168.5,0.986
5877,530.5,162.5,0.996
5878,504.5,156.5,0.99
5879,484.5,154.5,0.988
5880,464.5,156.5,0.991
5881,444.5,160.5,0.981
5882,424.5,166.5,0.988
5883,408.5,174.5,0.99
5884,390.5,184.5,0.992
5885,370.5,200.5,0.986
5886,356.5,214.5,0.985
5887,342.5,230.5,0.993
5888,328.5,248.5,0.994
5889,318.5,272.5,0.976
5890,298.5,260.5,0.966
5891,280.5,240.5,0.958
5892,266.5,224.5,0.981
5893,250.5,210.5,0.96
5894,236.5,196.5,0.551
5895,220.5,190.5,0.961
5896,208.5,188.5,0.936
5897,194.5,182.5,0.977
5898,184.5,180.5,0.981
5899,170.5,182.5,0.987
5900,160.5,188.5,0.986
5901,150.5,194.5,0.992
5902,140.5,202.5,0.97
5903,134.5,212.5,0.847
5904,142.5,198.5,0.915
5905,168.5,158.5,0.865
5906,182.5,144.5,0.958
5907,208.5,116.5,0.953
5908,236.5,92.5,0.945
5909,262.5,76.5,0.928
5910,290.5,58.5,0.867
5911,320.5,46.5,0.972
5912,350.5,38.5,0.98
5913,384.5,32.5,0.987
5914,416.5,30.5,0.993
5915,448.5,32.5,0.994
5916,484.5,38.5,0.973
5917,520.5,48.5,0.987
5918,558.5,64.5,0.982
5919,590.5,80.5,0.996
5920,624.5,100.5,0.999
5921,650.5,116.5,0.993
5922,692.5,150.5,0.995
5923,722.5,180.5,0.995
5924,754.5,212.5,0.992
5925,782.5,246.5,0.971
5926,804.5,276.5,0.984
5927,828.5,308.5,0.981
5928,856.5,354.5,0.976
5929,880.5,396.5,0.803
5930,908.5,386.5,0.966
5931,938.5,356.5,0.896
5932,968.5,330.5,0.984
5933,1002.5,302.5,0.989
5934,1030.5,282.5,0.95
5935,1054.5,266.5,0.959
5936,1082.5,254.5,0.895
5937,494.5,588.5,0.553
5938,1154.5,230.5,0.866
5939,1180.5,230.5,0.997
5940,1210.5,230.5,0.96
5941,1234.5,234.5,0.99
5942,1266.5,244.5,0.951
5943,494.5,588.5,0.581
5944,494.5,588.5,0.565
5945,494.5,588.5,0.57
5946,494.5,588.5,0.575
5947,494.5,588.5,0.585
5948,494.5,588.5,0.577
5949,494.5,588.5,0.596
5950,1224.5,288.5,0.959
5951,1174.5,266.5,0.978
5952,494.5,588.5,0.593
5953,494.5,588.5,0.607
5954,954.5,196.5,0.751
5955,898.5,186.5,0.896
5956,852.5,184.5,0.981
5957,794.5,182.5,0.989
5958,762.5,186.5,0.979
5959,722.5,194.5,0.983
5960,684.5,202.5,0.992
5961,648.5,216.5,0.999
5962,622.5,228.5,0.994
5963,600.5,240.5,0.971
5964,578.5,256.5,0.987
5965,552.5,272.5,0.989
5966,528.5,268.5,0.977
5967,518.5,248.5,0.973
5968,500.5,220.5,0.981
5969,486.5,202.5,0.995
5970,470.5,184.5,0.997
5971,458.5,170.5,0.988
5972,446.5,162.5,0.983
5973,434.5,152.5,0.987
5974,422.5,146.5,0.993
5975,412.5,144.5,0.953
5976,494.5,588.5,0.603
5977,458.5,170.5,0.975
5978,494.5,188.5,0.991
5979,542.5,216.5,0.973
5980,574.5,236.5,0.958
5981,628.5,276.5,0.989
5982,388.5,188.5,0.942
5983,718.5,344.5,0.991
5984,752.5,340.5,0.992
5985,802.5,328.5,0.981
5986,860.5,330.5,0.989
5987,904.5,326.5,0.993
5988,956.5,332.5,0.989
5989,1012.5,342.5,0.959
5990,1062.5,354.5,0.986
5991,1122.5,374.5,0.994
5992,1172.5,394.5,0.984
5993,1192.5,378.5,0.99
5994,1130.5,296.5,0.854
5995,494.5,588.5,0.573
5996,494.5,588.5,0.567
5997,1240.5,532.5,0.735
5998,494.5,588.5,0.569
5999,494.5,588.5,0.727
6000,876.5,54.5,0.722
6001,838.5,34.5,0.937
6002,802.5,20.5,0.972
6003,768.5,10.5,0.955
6004,736.5,6.5,0.789
6005,702.5,6.5,0.776
6006,674.5,6.5,0.765
6007,644.5,10.5,0.905
6008,620.5,18.5,0.99
6009,596.5,26.5,0.981
6010,572.5,40.5,0.98
6011,550.5,56.5,0.98
6012,532.5,72.5,0.995
6013,514.5,90.5,0.994
6014,498.5,112.5,0.992
6015,484.5,130.5,0.987
6016,468.5,152.5,0.994
6017,454.5,178.5,0.997
6018,440.5,202.5,0.996
6019,430.5,226.5,0.994
6020,424.5,246.5,0.956
6021,408.5,244.5,0.985
6022,402.5,226.5,0.985
6023,392.5,198.5,0.99
6024,380.5,172.5,0.981
6025,372.5,152.5,0.989
6026,362.5,136.5,0.991
6027,354.5,122.5,0.988
6028,344.5,110.5,0.991
6029,338.5,100.5,0.995
6030,328.5,94.5,0.992
6031,322.5,90.5,0.979
6032,314.5,88.5,0.99
6033,306.5,88.5,0.987
6034,300.5,92.5,0.98
6035,294.5,98.5,0.994
6036,290.5,106.5,0.991
6037,288.5,118.5,0.989
6039,294.5,138.5,0.859
6040,324.5,148.5,0.967
6041,354.5,156.5,0.982
6042,382.5,168.5,0.994
6043,416.5,184.5,0.997
6044,448.5,200.5,0.998
6045,486.5,226.5,0.979
6046,518.5,246.5,0.977
6047,554.5,266.5,0.963
6048,594.5,300.5,0.991
6049,632.5,330.5,0.842
6050,680.5,374.5,0.975
6051,712.5,362.5,0.979
6052,750.5,356.5,0.996
6053,786.5,348.5,0.988
6054,830.5,342.5,0.986
6055,874.5,346.5,0.995
6056,912.5,354.5,0.981
6057,960.5,362.5,0.979
6058,1002.5,374.5,0.993
6059,1040.5,388.5,0.986
6060,1048.5,378.5,0.968
6061,994.5,342.5,0.989
6062,946.5,310.5,0.994
6063,898.5,284.5,0.984
6064,850.5,258.5,0.998
6065,808.5,242.5,0.998
6066,766.5,228.5,0.995
6067,730.5,220.5,0.981
6068,694.5,212.5,0.988
6069,670.5,210.5,0.993
6070,632.5,212.5,0.977
6071,604.5,214.5,0.987
6072,578.5,222.5,0.963
6073,556.5,228.5,0.983
6074,534.5,238.5,0.984
6075,510.5,250.5,0.996
6076,494.5,262.5,0.994
6077,478.5,278.5,0.992
6078,460.5,278.5,0.991
6079,448.5,258.5,0.964
6080,434.5,238.5,0.997
6081,420.5,218.5,0.997
6082,408.5,204.5,0.997
6083,396.5,192.5,0.99
6084,386.5,182.5,0.996
6085,376.5,176.5,0.995
6086,366.5,172.5,0.959
6088,396.5,176.5,0.877
6089,430.5,180.5,0.995
6090,470.5,186.5,0.994
6091,510.5,196.5,0.995
6092,552.5,208.5,0.947
6093,588.5,220.5,0.968
6094,624.5,232.5,0.985
6095,676.5,256.5,0.992
6096,706.5,272.5,0.991
6097,740.5,290.5,0.991
6098,782.5,318.5,0.97
6099,828.5,310.5,0.978
6100,856.5,306.5,0.996
6101,894.5,296.5,0.998
6102,928.5,292.5,0.998
6103,968.5,292.5,0.967
6104,1006.5,290.5,0.995
6105,1038.5,292.5,0.993
6106,1080.5,300.5,0.976
6107,1114.5,308.5,0.973
6108,1080.5,282.5,0.973
6109,1036.5,256.5,0.987
6111,946.5,212.5,0.997
6112,904.5,198.5,0.997
6113,858.5,186.5,0.995
6114,806.5,176.5,0.995
6115,776.5,174.5,0.991
6116,736.5,172.5,0.977
6117,700.5,174.5,0.991
6118,676.5,178.5,0.996
6119,634.5,188.5,0.987
6120,602.5,198.5,0.979
6121,574.5,212.5,0.991
6122,552.5,224.5,0.975
6123,524.5,242.5,0.978
6124,500.5,256.5,0.991
6125,478.5,276.5,0.994
6126,462.5,262.5,0.981
6127,446.5,242.5,0.995
6128,424.5,220.5,0.996
6129,408.5,204.5,0.996
6130,392.5,192.5,0.991
6131,376.5,180.5,0.995
6132,360.5,174.5,0.921
6133,352.5,172.5,0.669
6134,396.5,180.5,0.975
6135,436.5,194.5,0.997
6136,478.5,210.5,0.997
6137,514.5,226.5,0.981
6138,552.5,248.5,0.989
6139,610.5,282.5,0.971
6140,638.5,302.5,0.947
6141,670.5,330.5,0.711
6142,730.5,378.5,0.939
6143,772.5,420.5,0.807
6144,368.5,184.5,0.67
6145,866.5,532.5,0.992
6146,904.5,582.5,0.963
6147,952.5,648.5,0.96
6148,994.5,708.5,0.676
6149,342.5,176.5,0.66
6150,340.5,180.5,0.574
6151,330.5,182.5,0.868
6152,322.5,186.5,0.871
6153,312.5,192.5,0.632
6154,292.5,194.5,0.845
6155,278.5,200.5,0.903
6156,292.5,186.5,0.805
6157,256.5,220.5,0.536
6158,494.5,588.5,0.51
6160,494.5,588.5,0.509
6163,494.5,588.5,0.506
6165,494.5,588.5,0.509
6166,494.5,588.5,0.503
6168,494.5,588.5,0.501
6169,494.5,588.5,0.503
6170,494.5,588.5,0.504
6171,1242.5,448.5,0.572
6172,494.5,588.5,0.51
6173,494.5,588.5,0.522
6174,494.5,588.5,0.508
6175,494.5,588.5,0.513
6176,494.5,588.5,0.508
6177,494.5,588.5,0.509
6178,1008.5,616.5,0.885
6179,494.5,588.5,0.521
6180,982.5,646.5,0.546
6181,854.5,362.5,0.688
6184,494.5,588.5,0.502
6194,496.5,588.5,0.777
6195,494.5,588.5,0.684
6196,494.5,588.5,0.692
6197,494.5,588.5,0.697
6198,494.5,588.5,0.689
6199,494.5,588.5,0.684
6200,496.5,588.5,0.692
6201,494.5,588.5,0.679
6202,494.5,588.5,0.703
6203,494.5,588.5,0.695
6204,494.5,588.5,0.655
6205,494.5,588.5,0.671
6206,494.5,588.5,0.692
6207,494.5,588.5,0.681
6208,308.5,326.5,0.729
6209,494.5,588.5,0.688
6210,494.5,588.5,0.69
6211,494.5,588.5,0.706
6212,494.5,588.5,0.715
6213,494.5,588.5,0.69
6214,494.5,588.5,0.683
6215,494.5,588.5,0.692
6216,494.5,588.5,0.679
6217,494.5,588.5,0.692
6218,494.5,588.5,0.69
6219,494.5,588.5,0.692
6220,494.5,588.5,0.688
6221,494.5,588.5,0.696
6222,494.5,588.5,0.699
6223,494.5,588.5,0.689
6224,494.5,588.5,0.691
6225,494.5,588.5,0.711
6226,494.5,588.5,0.685
6227,494.5,588.5,0.683
6228,494.5,588.5,0.69
6229,494.5,588.5,0.684
6230,494.5,588.5,0.684
6231,494.5,588.5,0.69
6232,494.5,588.5,0.68
6233,494.5,588.5,0.701
6234,494.5,588.5,0.693
6235,494.5,588.5,0.676
6236,494.5,588.5,0.716
6237,494.5,588.5,0.699
6238,494.5,588.5,0.697
6239,388.5,170.5,0.991
6240,494.5,588.5,0.711
6241,494.5,588.5,0.702
6242,494.5,588.5,0.702
6243,494.5,588.5,0.713
6244,394.5,166.5,0.963
6245,494.5,588.5,0.705
6246,494.5,588.5,0.713
6247,494.5,588.5,0.726
6248,494.5,588.5,0.71
6249,494.5,588.5,0.81
6251,494.5,588.5,0.529
6252,494.5,588.5,0.543
6253,494.5,588.5,0.527
6254,494.5,588.5,0.531
6255,494.5,588.5,0.542
6256,494.5,588.5,0.546
6258,494.5,588.5,0.594
6259,494.5,588.5,0.567
6260,494.5,588.5,0.535
6261,494.5,588.5,0.561
6262,494.5,588.5,0.558
6263,494.5,588.5,0.557
6264,494.5,588.5,0.553
6265,494.5,588.5,0.546
6266,494.5,588.5,0.565
6267,494.5,588.5,0.554
6268,494.5,588.5,0.568
6269,494.5,588.5,0.54
6270,494.5,588.5,0.55
6271,494.5,588.5,0.544
6272,494.5,588.5,0.535
6273,494.5,588.5,0.549
6274,494.5,588.5,0.541
6275,494.5,588.5,0.522
6276,494.5,588.5,0.531
6277,494.5,588.5,0.527
6278,494.5,588.5,0.514
6279,494.5,588.5,0.525
6280,494.5,588.5,0.516
6281,494.5,588.5,0.52
6282,494.5,588.5,0.521
6283,494.5,588.5,0.526
6284,494.5,588.5,0.533
6285,494.5,588.5,0.522
6286,494.5,588.5,0.531
6287,494.5,588.5,0.524
6288,494.5,588.5,0.516
6289,494.5,588.5,0.548
6290,398.5,226.5,0.567
6291,494.5,588.5,0.535
6292,494.5,588.5,0.515
6293,494.5,588.5,0.514
6294,494.5,588.5,0.526
6295,494.5,588.5,0.527
6296,494.5,588.5,0.517
6297,494.5,588.5,0.528
6298,494.5,588.5,0.53
6299,494.5,588.5,0.531
6300,494.5,588.5,0.517
6301,494.5,588.5,0.523
6303,494.5,588.5,0.595
6304,494.5,588.5,0.55
6305,494.5,588.5,0.57
6306,494.5,588.5,0.541
6307,494.5,588.5,0.573
6308,354.5,388.5,0.675
6309,494.5,588.5,0.587
6310,494.5,588.5,0.603
6311,494.5,588.5,0.567
6312,494.5,588.5,0.563
6313,494.5,588.5,0.592
6314,494.5,588.5,0.581
6315,494.5,588.5,0.586
6316,370.5,246.5,0.698
6317,494.5,588.5,0.595
6318,362.5,240.5,0.648
6319,374.5,250.5,0.853
6320,494.5,588.5,0.583
6321,378.5,250.5,0.608
6322,494.5,588.5,0.567
6323,494.5,588.5,0.579
6324,494.5,588.5,0.56
6325,494.5,588.5,0.589
6326,494.5,588.5,0.561
6327,494.5,588.5,0.592
6328,494.5,588.5,0.565
6329,494.5,588.5,0.587
6330,494.5,588.5,0.579
6331,494.5,588.5,0.581
6332,368.5,252.5,0.622
6333,366.5,252.5,0.87
6334,368.5,240.5,0.894
6335,378.5,260.5,0.811
6336,378.5,248.5,0.925
6337,378.5,234.5,0.976
6338,374.5,218.5,0.968
6339,370.5,202.5,0.942
6340,362.5,194.5,0.65
6341,356.5,184.5,0.912
6342,494.5,590.5,0.524
6343,340.5,166.5,0.78
6344,494.5,588.5,0.563
6345,494.5,588.5,0.557
6346,494.5,588.5,0.609
6348,494.5,590.5,0.531
6349,494.5,590.5,0.534
6350,494.5,590.5,0.53
6351,494.5,590.5,0.518
6352,494.5,590.5,0.526
6353,494.5,590.5,0.532
6354,494.5,590.5,0.527
6355,494.5,590.5,0.528
6356,494.5,590.5,0.529
6357,494.5,590.5,0.524
6358,494.5,590.5,0.528
6360,494.5,588.5,0.568
6361,494.5,588.5,0.578
6362,494.5,588.5,0.567
6363,256.5,266.5,0.662
6364,494.5,588.5,0.566
6365,494.5,588.5,0.587
6366,494.5,588.5,0.579
6367,494.5,588.5,0.583
6368,494.5,588.5,0.584
6369,494.5,588.5,0.583
6370,494.5,588.5,0.603
6371,494.5,588.5,0.592
6372,494.5,588.5,0.601
6373,494.5,588.5,0.603
6374,494.5,588.5,0.596
6375,494.5,588.5,0.594
6376,494.5,588.5,0.6
6377,256.5,226.5,0.693
6378,256.5,208.5,0.811
6379,240.5,200.5,0.854
6380,238.5,180.5,0.845
6381,238.5,162.5,0.928
6382,228.5,142.5,0.723
6383,494.5,588.5,0.602
6384,494.5,588.5,0.612
6385,494.5,588.5,0.614
6386,494.5,588.5,0.616
6387,494.5,588.5,0.589
6388,194.5,236.5,0.659
6389,196.5,230.5,0.73
6390,494.5,588.5,0.577
6391,494.5,588.5,0.558
6392,494.5,588.5,0.563
6393,494.5,588.5,0.568
6394,494.5,588.5,0.559
6395,494.5,588.5,0.562
6396,494.5,588.5,0.554
6397,494.5,588.5,0.561
6398,494.5,588.5,0.556
6399,494.5,588.5,0.551
6400,494.5,588.5,0.573
6401,302.5,74.5,0.797
6402,304.5,74.5,0.556
6403,494.5,588.5,0.546
6404,494.5,588.5,0.531
6405,494.5,588.5,0.524
6406,1232.5,582.5,0.71
6407,1194.5,554.5,0.622
6408,1214.5,606.5,0.576
6409,1182.5,590.5,0.725
6410,842.5,706.5,0.704
6411,816.5,702.5,0.807
6412,794.5,690.5,0.615
6413,494.5,588.5,0.527
6414,494.5,588.5,0.529
6415,494.5,588.5,0.539
6416,494.5,588.5,0.539
6417,494.5,588.5,0.533
6418,494.5,588.5,0.522
6419,494.5,588.5,0.501
6421,494.5,588.5,0.517
6422,640.5,636.5,0.749
6423,626.5,628.5,0.728
6424,612.5,622.5,0.605
6425,600.5,614.5,0.717
6433,780.5,374.5,0.944
6434,780.5,368.5,0.836
6435,750.5,360.5,0.84
6436,730.5,352.5,0.619
6437,718.5,348.5,0.737
6438,502.5,598.5,0.913
6439,500.5,598.5,0.739
6442,554.5,376.5,0.701
6445,734.5,348.5,0.62
6458,484.5,582.5,0.625
6459,484.5,580.5,0.789
6460,484.5,582.5,0.654
6463,486.5,584.5,0.81
6464,486.5,588.5,0.851
6465,484.5,584.5,0.738
6466,486.5,582.5,0.929
6467,488.5,582.5,0.804
6468,488.5,582.5,0.761
6469,490.5,584.5,0.689
6470,490.5,586.5,0.81
6471,488.5,586.5,0.655
6472,488.5,580.5,0.947
6473,494.5,576.5,0.911
6474,496.5,570.5,0.636
6476,740.5,348.5,0.618
6477,744.5,346.5,0.671
6479,526.5,284.5,0.82
6488,896.5,388.5,0.532
6494,732.5,342.5,0.698
6495,258.5,194.5,0.854
6496,260.5,196.5,0.573
6497,260.5,194.5,0.73
6498,258.5,194.5,0.843
6499,258.5,194.5,0.89
6501,746.5,228.5,0.992
6502,726.5,218.5,0.985
6503,706.5,210.5,0.986
6504,684.5,206.5,0.969
6505,666.5,204.5,0.983
6506,648.5,210.5,0.991
6507,630.5,214.5,0.991
6508,616.5,224.5,0.99
6509,602.5,236.5,0.966
6510,590.5,248.5,0.982
6511,578.5,264.5,0.991
6512,566.5,282.5,0.993
6513,558.5,298.5,0.993
6514,550.5,316.5,0.991
6515,550.5,336.5,0.985
6516,556.5,326.5,0.996
6517,564.5,316.5,0.998
6518,572.5,310.5,0.997
6519,578.5,304.5,0.994
6520,586.5,304.5,0.994
6521,594.5,304.5,0.998
6522,602.5,310.5,0.998
6523,608.5,316.5,0.998
6524,616.5,324.5,0.999
6525,622.5,334.5,0.993
6526,632.5,340.5,0.997
6527,638.5,330.5,0.998
6528,646.5,324.5,0.999
6529,654.5,318.5,0.998
6530,660.5,316.5,0.999
6531,670.5,316.5,0.998
6532,676.5,320.5,0.999
6533,684.5,328.5,0.999
6534,692.5,336.5,0.999
6535,696.5,346.5,0.998
6536,706.5,344.5,0.997
6537,710.5,334.5,0.998
6538,720.5,330.5,0.999
6539,726.5,328.5,0.999
6540,736.5,328.5,0.997
6541,742.5,330.5,0.999
6542,748.5,336.5,0.998
6543,754.5,344.5,1.0
6544,758.5,352.5,0.997
6545,768.5,352.5,0.998
6546,774.5,342.5,0.999
6547,780.5,336.5,0.997
6548,788.5,334.5,0.997
6549,796.5,334.5,0.996
6550,802.5,338.5,0.999
6551,808.5,346.5,0.998
6552,814.5,354.5,0.998
6553,820.5,358.5,0.998
6554,826.5,348.5,0.997
6555,834.5,344.5,0.998
6556,840.5,338.5,0.998
6557,848.5,340.5,0.994
6558,834.5,320.5,0.984
6559,818.5,304.5,0.996
6560,786.5,276.5,0.981
6561,770.5,262.5,0.996
6562,750.5,250.5,0.982
6563,730.5,240.5,0.985
6564,710.5,232.5,0.985
6565,692.5,228.5,0.998
6566,676.5,226.5,0.999
6567,660.5,228.5,0.984
6568,642.5,232.5,0.995
6569,628.5,238.5,0.995
6570,614.5,246.5,0.996
6571,600.5,256.5,0.99
6572,586.5,266.5,0.985
6573,576.5,274.5,0.996
6574,566.5,260.5,0.992
6575,560.5,244.5,0.995
6576,552.5,232.5,0.971
6577,546.5,222.5,0.979
6578,538.5,212.5,0.974
6579,532.5,208.5,0.959
6580,526.5,206.5,0.97
6581,518.5,206.5,0.944
6582,512.5,208.5,0.985
6583,508.5,212.5,0.993
6584,502.5,218.5,0.991
6585,496.5,226.5,0.993
6586,494.5,238.5,0.975
6587,488.5,242.5,0.991
6588,482.5,230.5,0.992
6589,478.5,220.5,0.991
6590,472.5,210.5,0.995
6591,466.5,204.5,0.986
6592,462.5,198.5,0.974
6593,456.5,196.5,0.989
6594,452.5,196.5,0.988
6595,448.5,200.5,0.931
6596,444.5,202.5,0.968
6597,442.5,208.5,0.945
6598,440.5,206.5,0.979
6599,438.5,202.5,0.971
6600,432.5,198.5,0.835
6601,430.5,198.5,0.852
6602,424.5,200.5,0.952
6603,420.5,198.5,0.925
6604,416.5,202.5,0.782
6605,410.5,204.5,0.861
6606,406.5,208.5,0.928
6607,400.5,210.5,0.923
6608,394.5,218.5,0.756
6610,382.5,222.5,0.632
6611,376.5,226.5,0.839
6613,364.5,234.5,0.693
6615,348.5,236.5,0.969
6616,342.5,240.5,0.98
6617,334.5,240.5,0.974
6618,326.5,242.5,0.988
6619,320.5,244.5,0.993
6620,314.5,246.5,0.97
6621,306.5,248.5,0.98
6622,302.5,250.5,0.986
6623,296.5,250.5,0.991
6624,292.5,252.5,0.984
6625,288.5,254.5,0.995
6626,286.5,256.5,0.99
6627,282.5,256.5,0.993
6628,280.5,258.5,0.992
6629,278.5,260.5,0.995
6630,278.5,262.5,0.994
6631,280.5,264.5,0.984
6632,278.5,268.5,0.992
6633,280.5,272.5,0.994
6634,282.5,272.5,0.987
6635,282.5,274.5,0.995
6636,282.5,270.5,0.998
6637,282.5,260.5,0.998
6638,280.5,248.5,0.982
6639,276.5,232.5,0.966
6640,272.5,216.5,0.97
6641,268.5,206.5,0.979
6642,266.5,198.5,0.981
6643,266.5,194.5,0.989
6644,316.5,258.5,0.924
6645,322.5,258.5,0.808
6646,266.5,194.5,0.952
6647,266.5,198.5,0.946
6648,268.5,208.5,0.985
6649,268.5,216.5,0.997
6650,266.5,228.5,0.988
6651,272.5,236.5,0.982
6652,494.5,588.5,0.913
6653,496.5,588.5,0.583
6654,372.5,276.5,0.986
6655,400.5,268.5,0.986
6656,430.5,260.5,0.999
6657,466.5,254.5,0.994
6658,498.5,252.5,0.999
6659,526.5,252.5,0.985
6660,562.5,260.5,0.993
6661,592.5,266.5,0.989
6662,626.5,276.5,0.997
6663,662.5,290.5,0.977
6664,690.5,302.5,0.987
6665,726.5,322.5,0.993
6666,752.5,340.5,0.99
6667,780.5,330.5,0.997
6668,810.5,324.5,0.99
6669,850.5,316.5,0.982
6670,878.5,314.5,0.985
6671,908.5,314.5,0.992
6672,940.5,318.5,0.991
6673,970.5,324.5,0.993
6674,996.5,332.5,0.985
6675,1026.5,344.5,0.994
6676,1056.5,360.5,0.985
6677,1074.5,372.5,0.983
6678,1106.5,396.5,0.989
6679,1124.5,414.5,0.986
6680,1076.5,384.5,0.997
6681,1028.5,356.5,0.997
6682,980.5,330.5,0.996
6683,936.5,308.5,0.999
6684,888.5,290.5,0.999
6685,842.5,276.5,0.999
6686,800.5,266.5,0.994
6687,758.5,258.5,0.981
6688,718.5,254.5,0.988
6689,684.5,252.5,0.988
6690,638.5,252.5,0.986
6691,608.5,258.5,0.99
6692,574.5,262.5,0.99
6693,546.5,266.5,0.979
6694,538.5,266.5,0.992
6695,514.5,278.5,0.994
6696,488.5,290.5,0.99
6697,460.5,304.5,0.99
6698,438.5,296.5,0.994
6699,416.5,276.5,0.996
6700,394.5,264.5,0.983
6701,374.5,252.5,0.986
6702,354.5,244.5,0.994
6703,334.5,240.5,0.966
6704,312.5,236.5,0.949
6705,298.5,236.5,0.942
6706,316.5,232.5,0.909
6707,350.5,228.5,0.989
6708,380.5,228.5,0.998
6709,414.5,230.5,0.998
6710,442.5,234.5,0.99
6711,480.5,244.5,0.998
6712,506.5,252.5,0.995
6713,546.5,268.5,0.995
6714,578.5,288.5,0.984
6715,612.5,308.5,0.992
6716,642.5,326.5,0.992
6717,670.5,348.5,0.969
6718,702.5,356.5,0.99
6719,730.5,346.5,0.991
6720,756.5,336.5,0.979
6721,782.5,326.5,0.995
6722,810.5,324.5,0.995
6723,838.5,326.5,0.986
6724,866.5,326.5,0.998
6725,890.5,334.5,0.984
6726,918.5,342.5,0.969
6727,494.5,588.5,0.539
6728,930.5,344.5,0.862
6729,898.5,316.5,0.967
6730,850.5,282.5,0.995
6731,808.5,258.5,0.998
6732,768.5,236.5,0.993
6733,732.5,220.5,0.989
6734,698.5,206.5,0.978
6735,670.5,196.5,0.998
6736,636.5,190.5,0.99
6737,608.5,186.5,0.966
6738,1046.5,376.5,0.944
6739,562.5,188.5,0.983
6740,540.5,194.5,0.984
6741,522.5,200.5,0.984
6742,508.5,208.5,0.985
6743,488.5,220.5,0.998
6744,476.5,230.5,0.985
6745,460.5,246.5,0.992
6746,454.5,248.5,0.992
6747,444.5,224.5,0.994
6748,434.5,202.5,0.996
6749,426.5,188.5,0.993
6750,420.5,174.5,0.984
6751,412.5,164.5,0.928
6752,400.5,152.5,0.973
6753,424.5,154.5,0.953
6754,462.5,164.5,0.957
6755,490.5,172.5,0.988
6756,528.5,184.5,0.993
6757,564.5,198.5,0.989
6758,594.5,212.5,0.991
6759,626.5,230.5,0.989
6760,654.5,248.5,0.914
6761,692.5,276.5,0.994
6762,738.5,310.5,0.973
6763,768.5,338.5,0.973
6764,794.5,364.5,0.964
6765,834.5,378.5,0.995
6766,876.5,380.5,0.994
6767,906.5,382.5,0.99
6768,952.5,390.5,0.996
6769,994.5,400.5,0.993
6770,1034.5,410.5,0.985
6771,998.5,374.5,0.988
6772,952.5,336.5,0.985
6773,916.5,310.5,0.97
6774,868.5,278.5,0.995
6775,830.5,256.5,0.995
6776,786.5,234.5,0.993
6777,756.5,224.5,0.988
6778,720.5,212.5,0.992
6779,690.5,206.5,0.992
6780,666.5,204.5,0.979
6781,636.5,204.5,0.977
6782,610.5,208.5,0.98
6783,588.5,214.5,0.984
6784,570.5,222.5,0.974
6785,550.5,232.5,0.991
6786,536.5,242.5,0.991
6787,518.5,260.5,0.997
6788,504.5,276.5,0.995
6789,490.5,292.5,0.985
6790,484.5,276.5,0.992
6791,470.5,250.5,0.995
6792,464.5,232.5,0.982
6793,454.5,214.5,0.998
6794,446.5,200.5,0.996
6795,438.5,188.5,0.997
6796,432.5,178.5,0.994
6797,426.5,172.5,0.99
6798,420.5,168.5,0.987
6799,412.5,166.5,0.963
6800,412.5,186.5,0.984
6801,436.5,186.5,0.934
6802,480.5,168.5,0.992
6803,508.5,170.5,0.995
6804,544.5,176.5,0.99
6805,576.5,184.5,0.988
6806,610.5,194.5,0.994
6807,644.5,210.5,0.988
6808,676.5,224.5,0.998
6809,706.5,242.5,0.995
6810,738.5,262.5,0.998
6811,774.5,290.5,0.998
6812,790.5,306.5,0.984
6813,826.5,338.5,0.978
6814,860.5,342.5,0.984
6815,890.5,326.5,0.991
6816,914.5,320.5,0.99
6817,940.5,312.5,0.995
6818,976.5,310.5,0.987
6819,1006.5,306.5,0.982
6820,1032.5,308.5,0.981
6821,1060.5,314.5,0.935
6822,1092.5,324.5,0.992
6823,1118.5,334.5,0.991
6824,1144.5,348.5,0.984
6825,1174.5,370.5,0.997
6826,1198.5,390.5,0.993
6827,1220.5,412.5,0.983
6828,1242.5,438.5,0.988
6829,494.5,588.5,0.565
6830,494.5,588.5,0.568
6831,1184.5,460.5,0.803
6832,494.5,588.5,0.548
6833,494.5,588.5,0.583
6834,494.5,588.5,0.566
6835,494.5,590.5,0.572
6836,494.5,588.5,0.583
6837,494.5,588.5,0.585
6838,494.5,590.5,0.585
6839,494.5,590.5,0.604
6840,494.5,588.5,0.578
6841,494.5,588.5,0.576
6842,746.5,344.5,0.701
6843,494.5,588.5,0.572
6844,1270.5,502.5,0.674
6845,494.5,590.5,0.56
6846,494.5,590.5,0.533
6847,494.5,590.5,0.55
6848,1248.5,588.5,0.99
6849,1234.5,594.5,0.979
6850,1214.5,600.5,0.985
6851,1200.5,610.5,0.974
6852,1190.5,608.5,0.99
6853,1198.5,596.5,0.998
6854,1202.5,588.5,0.987
6855,1206.5,582.5,0.981
6856,1210.5,580.5,0.983
6857,1214.5,578.5,0.992
6858,1214.5,582.5,0.969
6859,1214.5,586.5,0.951
6860,1214.5,592.5,0.952
6861,1212.5,598.5,0.904
6862,494.5,588.5,0.561
6863,494.5,588.5,0.563
6864,494.5,588.5,0.551
6865,494.5,588.5,0.546
6866,494.5,588.5,0.537
6867,494.5,588.5,0.561
6868,494.5,588.5,0.539
6869,494.5,588.5,0.565
6870,1220.5,594.5,0.968
6871,1222.5,596.5,0.922
6872,1222.5,596.5,0.964
6873,1222.5,594.5,0.947
6874,494.5,588.5,0.59
6875,1222.5,592.5,0.799
6876,1224.5,592.5,0.839
6877,1224.5,592.5,0.774
6878,1224.5,592.5,0.807
6879,1224.5,588.5,0.958
6880,1224.5,586.5,0.957
6881,494.5,588.5,0.558
6882,494.5,588.5,0.642
6883,494.5,588.5,0.659
6884,494.5,588.5,0.652
6885,494.5,588.5,0.649
6886,494.5,588.5,0.669
6887,1156.5,572.5,0.797
6888,494.5,588.5,0.648
6889,494.5,588.5,0.654
6890,494.5,588.5,0.632
6891,494.5,588.5,0.642
6892,494.5,588.5,0.647
6893,494.5,588.5,0.636
6894,494.5,588.5,0.649
6895,494.5,588.5,0.642
6896,494.5,588.5,0.646
6897,494.5,588.5,0.654
6898,494.5,588.5,0.617
6899,494.5,588.5,0.554
6900,494.5,588.5,0.725
6901,494.5,588.5,0.671
6902,494.5,588.5,0.662
6903,494.5,588.5,0.673
6904,384.5,240.5,0.89
6905,372.5,240.5,0.888
6906,362.5,242.5,0.913
6907,354.5,246.5,0.703
6908,494.5,588.5,0.653
6909,494.5,588.5,0.679
6910,494.5,588.5,0.677
6911,494.5,588.5,0.673
6912,494.5,588.5,0.666
6913,494.5,588.5,0.673
6914,494.5,588.5,0.666
6915,494.5,588.5,0.674
6916,494.5,588.5,0.674
6917,494.5,588.5,0.676
6918,494.5,588.5,0.668
6919,494.5,588.5,0.667
6920,494.5,588.5,0.673
6921,494.5,588.5,0.665
6922,494.5,588.5,0.674
6923,494.5,588.5,0.659
6924,494.5,588.5,0.672
6925,494.5,588.5,0.65
6926,494.5,588.5,0.717
6927,494.5,588.5,0.683
6928,494.5,588.5,0.698
6929,494.5,588.5,0.688
6930,494.5,588.5,0.691
6931,494.5,588.5,0.687
6932,494.5,588.5,0.692
6933,494.5,588.5,0.673
6934,494.5,588.5,0.711
6935,494.5,588.5,0.684
6936,494.5,588.5,0.722
6937,494.5,588.5,0.622
6938,494.5,588.5,0.67
6939,494.5,588.5,0.682
6940,494.5,588.5,0.689
6941,494.5,588.5,0.669
6942,494.5,588.5,0.661
6943,494.5,588.5,0.675
6944,494.5,588.5,0.682
6945,494.5,588.5,0.678
6946,494.5,588.5,0.686
6947,998.5,546.5,0.968
6948,994.5,542.5,0.952
6949,988.5,538.5,0.961
6950,982.5,530.5,0.84
6951,494.5,588.5,0.689
6952,494.5,588.5,0.678
6953,946.5,474.5,0.698
6954,936.5,450.5,0.95
6955,930.5,420.5,0.964
6956,914.5,374.5,0.9
6957,964.5,354.5,0.772
6958,494.5,588.5,0.676
6959,494.5,588.5,0.566
6960,926.5,294.5,0.918
6961,928.5,278.5,0.981
6962,928.5,268.5,0.961
6963,928.5,260.5,0.867
6964,924.5,256.5,0.955
6965,922.5,258.5,0.97
6966,920.5,266.5,0.991
6967,918.5,274.5,0.996
6968,914.5,290.5,0.997
6969,910.5,308.5,0.976
6970,904.5,324.5,0.996
6971,902.5,350.5,0.974
6972,898.5,374.5,0.975
6973,956.5,476.5,0.761
6974,494.5,588.5,0.756
6975,880.5,448.5,0.814
6976,818.5,424.5,0.894
6977,784.5,404.5,0.882
6978,752.5,394.5,0.952
6979,720.5,388.5,0.996
6980,690.5,386.5,0.967
6981,662.5,368.5,0.958
6982,644.5,344.5,0.989
6983,618.5,324.5,0.996
6984,596.5,310.5,0.993
6985,578.5,300.5,0.986
6986,568.5,294.5,0.999
6987,576.5,290.5,0.999
6988,586.5,290.5,0.997
6989,596.5,294.5,0.998
6990,606.5,298.5,0.999
6991,616.5,306.5,0.994
6992,626.5,310.5,0.997
6993,630.5,302.5,0.996
6994,638.5,294.5,0.997
6995,644.5,288.5,0.996
6996,652.5,288.5,0.997
6997,658.5,288.5,0.997
6998,664.5,290.5,0.999
6999,670.5,296.5,0.998
7000,676.5,304.5,0.999
7001,680.5,308.5,0.98
7002,684.5,298.5,0.997
7003,690.5,296.5,0.998
7004,694.5,292.5,0.999
7005,698.5,292.5,0.991
7006,702.5,296.5,0.999
7007,706.5,300.5,0.998
7008,710.5,308.5,0.999
7009,714.5,316.5,0.995
7010,718.5,306.5,0.998
7011,722.5,302.5,0.992
7012,726.5,300.5,0.997
7013,732.5,302.5,0.988
7014,736.5,304.5,0.998
7015,738.5,308.5,0.999
7016,740.5,316.5,0.997
7017,746.5,314.5,0.995
7018,748.5,308.5,0.996
7019,754.5,308.5,0.999
7020,758.5,308.5,0.996
7021,762.5,310.5,0.997
7022,766.5,314.5,0.999
7023,770.5,322.5,0.998
7024,772.5,314.5,0.999
7025,776.5,312.5,0.996
7026,782.5,312.5,0.997
7027,786.5,314.5,0.999
7028,790.5,318.5,0.999
7029,792.5,324.5,0.999
7030,796.5,320.5,0.997
7031,800.5,318.5,0.997
7032,804.5,316.5,0.994
7033,810.5,320.5,0.994
7034,812.5,324.5,0.998
7035,816.5,328.5,0.999
7036,820.5,324.5,0.999
7037,824.5,324.5,0.996
7038,828.5,322.5,0.998
7039,832.5,326.5,0.999
7040,836.5,330.5,0.999
7041,838.5,328.5,0.998
7042,844.5,324.5,0.994
7043,848.5,326.5,0.998
7044,850.5,330.5,0.998
7045,854.5,334.5,0.998
7046,858.5,330.5,0.996
7047,862.5,330.5,0.997
7048,866.5,332.5,0.997
7049,868.5,336.5,0.999
7050,872.5,336.5,0.998
7051,876.5,332.5,0.997
7052,880.5,334.5,0.998
7053,882.5,338.5,0.999
7054,886.5,338.5,0.997
7055,892.5,336.5,0.996
7056,894.5,338.5,0.997
7057,898.5,340.5,0.997
7058,900.5,338.5,0.997
7059,904.5,340.5,0.99
7060,908.5,344.5,0.993
7061,912.5,342.5,0.995
7062,916.5,342.5,0.998
7063,918.5,344.5,0.992
7064,922.5,344.5,0.99
7065,926.5,344.5,0.993
7066,928.5,346.5,0.995
7067,932.5,346.5,0.987
7068,494.5,588.5,0.54
7069,494.5,588.5,0.54
7070,494.5,588.5,0.543
7071,494.5,588.5,0.523
7072,494.5,588.5,0.577
7073,494.5,588.5,0.54
7074,494.5,588.5,0.562
7075,494.5,588.5,0.548
7076,494.5,588.5,0.55
7077,494.5,588.5,0.552
7078,494.5,588.5,0.558
7079,494.5,588.5,0.52
7080,1094.5,208.5,0.871
7081,494.5,588.5,0.539
7082,494.5,588.5,0.533
7083,494.5,588.5,0.586
7084,878.5,334.5,0.696
7085,866.5,338.5,0.774
7086,862.5,340.5,0.89
7087,870.5,350.5,0.663
7088,494.5,588.5,0.523
7089,494.5,588.5,0.541
7090,494.5,588.5,0.532
7091,494.5,588.5,0.55
7093,494.5,588.5,0.598
7094,1038.5,172.5,0.971
7095,1040.5,172.5,0.919
7096,1040.5,172.5,0.947
7097,494.5,588.5,0.575
7098,494.5,588.5,0.575
7099,494.5,588.5,0.573
7100,494.5,588.5,0.583
7101,1038.5,180.5,0.608
7102,494.5,588.5,0.58
7103,494.5,588.5,0.599
7104,494.5,588.5,0.581
7105,384.5,226.5,0.845
7106,1122.5,460.5,0.761
7107,1114.5,458.5,0.921
7108,364.5,224.5,0.822
7109,494.5,588.5,0.572
7110,494.5,588.5,0.596
7111,1030.5,200.5,0.813
7112,1028.5,202.5,0.759
7113,1026.5,204.5,0.688
7114,494.5,588.5,0.579
7115,494.5,588.5,0.594
7116,494.5,588.5,0.559
7117,494.5,588.5,0.577
7118,494.5,588.5,0.539
7119,494.5,588.5,0.551
7120,494.5,588.5,0.558
7121,494.5,588.5,0.591
7122,1108.5,518.5,0.626
7123,494.5,588.5,0.645
7124,494.5,588.5,0.587
7125,494.5,588.5,0.589
7126,386.5,218.5,0.767
7127,494.5,588.5,0.581
7128,494.5,588.5,0.575
7129,494.5,588.5,0.577
7130,374.5,216.5,0.752
7131,494.5,588.5,0.588
7132,494.5,588.5,0.579
7133,494.5,588.5,0.603
7134,354.5,222.5,0.688
7135,494.5,588.5,0.561
7136,494.5,588.5,0.564
7137,494.5,588.5,0.54
7138,494.5,588.5,0.632
7139,494.5,588.5,0.599
7140,494.5,588.5,0.591
7141,494.5,588.5,0.598
7142,494.5,588.5,0.591
7143,494.5,588.5,0.592
7144,494.5,588.5,0.619
7145,698.5,330.5,0.832
7146,494.5,588.5,0.622
7147,494.5,588.5,0.603
7148,1044.5,164.5,0.789
7149,494.5,588.5,0.594
7150,494.5,588.5,0.607
7151,698.5,330.5,0.819
7152,494.5,588.5,0.596
7153,494.5,588.5,0.619
7154,494.5,588.5,0.622
7155,494.5,588.5,0.615
7156,494.5,588.5,0.613
7157,494.5,588.5,0.627
7158,494.5,588.5,0.607
7159,388.5,88.5,0.67
7160,1064.5,194.5,0.942
7161,494.5,588.5,0.632
7162,494.5,588.5,0.625
7163,494.5,588.5,0.611
7164,494.5,588.5,0.632
7165,494.5,588.5,0.624
7166,494.5,588.5,0.621
7167,494.5,588.5,0.632
7168,494.5,588.5,0.568
7169,494.5,588.5,0.623
7170,494.5,588.5,0.589
7171,494.5,588.5,0.602
7172,494.5,588.5,0.59
7173,494.5,588.5,0.568
7174,494.5,588.5,0.596
7175,494.5,588.5,0.565
7176,494.5,588.5,0.609
7177,494.5,588.5,0.595
7178,494.5,588.5,0.593
7179,494.5,588.5,0.582
7180,494.5,588.5,0.576
7181,358.5,224.5,0.757
7182,494.5,588.5,0.572
7183,352.5,232.5,0.669
7184,494.5,588.5,0.589
7185,494.5,588.5,0.586
7186,496.5,588.5,0.603
7187,494.5,588.5,0.616
7188,494.5,588.5,0.61
7189,494.5,588.5,0.607
7190,494.5,588.5,0.606
7191,494.5,588.5,0.6
7192,494.5,588.5,0.613
7193,494.5,588.5,0.631
7194,494.5,588.5,0.603
7195,494.5,588.5,0.619
7196,494.5,588.5,0.612
7197,494.5,588.5,0.624
7198,494.5,588.5,0.629
7199,1000.5,540.5,0.911
7200,990.5,538.5,0.943
7201,982.5,532.5,0.979
7202,968.5,526.5,0.923
7204,494.5,588.5,0.522
7205,924.5,470.5,0.753
7206,1064.5,332.5,0.944
7207,898.5,410.5,0.546
7208,494.5,588.5,0.541
7210,494.5,588.5,0.53
7212,494.5,588.5,0.52
7213,906.5,294.5,0.977
7214,910.5,284.5,0.992
7215,912.5,274.5,0.971
7216,912.5,274.5,0.939
7217,914.5,276.5,0.971
7218,914.5,286.5,0.99
7219,914.5,296.5,0.998
7220,916.5,310.5,0.971
7221,914.5,328.5,0.995
7222,912.5,350.5,0.966
7223,912.5,374.5,0.933
7224,916.5,498.5,0.895
7225,904.5,428.5,0.91
7226,914.5,540.5,0.747
7227,818.5,430.5,0.829
7228,776.5,424.5,0.934
7229,740.5,424.5,0.92
7230,690.5,356.5,0.913
7231,664.5,328.5,0.979
7232,638.5,306.5,0.956
7233,610.5,282.5,0.996
7234,582.5,264.5,0.994
7235,562.5,254.5,0.975
7236,538.5,242.5,0.994
7237,518.5,238.5,0.991
7238,500.5,234.5,0.991
7239,484.5,234.5,0.986
7240,468.5,236.5,0.996
7241,454.5,242.5,0.996
7242,440.5,248.5,0.994
7243,426.5,234.5,0.988
7244,416.5,218.5,0.948
7245,404.5,204.5,0.905
7246,426.5,204.5,0.971
7247,454.5,208.5,0.959
7248,486.5,212.5,0.987
7249,516.5,222.5,0.98
7250,550.5,234.5,0.969
7251,582.5,248.5,0.984
7252,606.5,260.5,0.977
7253,494.5,588.5,0.741
7254,624.5,276.5,0.911
7255,616.5,282.5,0.98
7256,614.5,286.5,0.877
7257,610.5,280.5,0.949
7258,602.5,268.5,0.994
7259,598.5,264.5,0.966
7260,592.5,260.5,0.996
7261,588.5,260.5,0.983
7262,582.5,260.5,0.992
7263,578.5,264.5,0.997
7264,576.5,268.5,0.986
7265,568.5,266.5,0.998
7266,564.5,258.5,0.997
7267,562.5,254.5,0.935
7268,556.5,248.5,0.958
7269,552.5,250.5,0.969
7270,548.5,250.5,0.94
7271,544.5,252.5,0.985
7272,538.5,256.5,0.986
7273,534.5,250.5,0.934
7274,532.5,244.5,0.994
7275,526.5,240.5,0.99
7276,522.5,238.5,0.949
7277,518.5,240.5,0.97
7278,516.5,242.5,0.991
7279,512.5,244.5,0.993
7280,510.5,240.5,0.983
7281,504.5,234.5,0.971
7282,500.5,230.5,0.981
7283,496.5,230.5,0.96
7284,492.5,232.5,0.967
7285,492.5,236.5,0.961
7286,486.5,230.5,0.974
7287,484.5,224.5,0.982
7288,478.5,222.5,0.951
7289,476.5,220.5,0.959
7290,472.5,224.5,0.976
7291,470.5,228.5,0.993
7292,468.5,218.5,0.921
7293,468.5,220.5,0.899
7294,722.5,562.5,0.759
7295,456.5,220.5,0.978
7296,446.5,218.5,0.966
7297,434.5,216.5,0.976
7298,420.5,216.5,0.991
7299,406.5,212.5,0.97
7300,394.5,212.5,0.96
7301,380.5,210.5,0.921
7302,368.5,210.5,0.775
7303,496.5,588.5,0.747
7304,496.5,588.5,0.664
7305,496.5,588.5,0.808
7306,496.5,586.5,0.803
7312,496.5,588.5,0.841
7313,496.5,588.5,0.658
7314,496.5,588.5,0.783
7315,494.5,588.5,0.73
7316,496.5,588.5,0.743
7317,496.5,588.5,0.808
7318,496.5,588.5,0.783
7319,496.5,588.5,0.733
7320,496.5,588.5,0.572
7321,496.5,588.5,0.651
7322,496.5,588.5,0.511
7323,382.5,210.5,0.681
7325,496.5,588.5,0.932
7333,792.5,342.5,0.852
7334,318.5,194.5,0.977
7335,318.5,188.5,0.942
7336,318.5,168.5,0.947
7337,320.5,152.5,0.95
7338,320.5,136.5,0.978
7339,320.5,122.5,0.983
7340,322.5,110.5,0.981
7341,324.5,102.5,0.99
7342,326.5,96.5,0.973
7343,330.5,94.5,0.933
7344,332.5,94.5,0.955
7345,334.5,96.5,0.968
7346,338.5,100.5,0.991
7347,340.5,106.5,0.971
7348,344.5,114.5,0.987
7349,348.5,124.5,0.967
7359,360.5,178.5,0.842
7364,798.5,326.5,0.651
7371,800.5,330.5,0.53
7375,358.5,224.5,0.713
7376,600.5,310.5,0.662
7378,358.5,230.5,0.582
7380,352.5,232.5,0.706
7382,344.5,228.5,0.929
7392,336.5,234.5,0.611
7394,328.5,242.5,0.963
7395,326.5,242.5,0.659
7396,320.5,244.5,0.964
7397,314.5,246.5,0.923
7398,310.5,248.5,0.977
7399,302.5,248.5,0.976
7400,298.5,250.5,0.978
7401,292.5,250.5,0.988
7402,288.5,250.5,0.984
7403,284.5,252.5,0.987
7404,282.5,252.5,0.98
7405,280.5,254.5,0.991
7406,278.5,254.5,0.98
7407,276.5,254.5,0.977
7408,274.5,256.5,0.987
7409,272.5,256.5,0.985
7410,272.5,256.5,0.975
7411,272.5,258.5,0.977
7412,272.5,258.5,0.972
7413,272.5,260.5,0.949
7414,272.5,262.5,0.95
7415,272.5,264.5,0.88
7416,274.5,264.5,0.908
7417,274.5,268.5,0.945
7418,276.5,270.5,0.987
7419,278.5,272.5,0.996
7420,276.5,268.5,0.995
7421,272.5,258.5,0.998
7422,266.5,244.5,0.984
7423,268.5,246.5,0.989
7424,260.5,220.5,0.944
7425,256.5,208.5,0.972
7426,254.5,200.5,0.984
7427,252.5,192.5,0.994
7428,250.5,188.5,0.986
7429,248.5,188.5,0.993
7430,248.5,192.5,0.99
7431,248.5,196.5,0.998
7432,248.5,204.5,0.998
7433,246.5,216.5,0.994
7434,250.5,226.5,0.982
7435,252.5,236.5,0.975
7436,282.5,250.5,0.949
7437,334.5,268.5,0.961
7438,386.5,284.5,0.965
7439,416.5,278.5,0.995
7440,452.5,274.5,0.991
7441,490.5,268.5,0.997
7442,526.5,268.5,0.993
7443,568.5,270.5,0.927
7444,606.5,276.5,0.99
7445,646.5,284.5,0.981
7446,680.5,292.5,0.98
7447,714.5,302.5,0.974
7448,758.5,320.5,0.981
7449,784.5,326.5,0.993
7450,810.5,324.5,0.989
7451,850.5,316.5,0.993
7452,878.5,314.5,0.981
7453,906.5,316.5,0.987
7454,936.5,318.5,0.996
7455,966.5,324.5,0.993
7456,994.5,334.5,0.98
7457,1012.5,340.5,0.997
7458,996.5,324.5,0.998
7459,948.5,290.5,0.999
7460,912.5,266.5,0.998
7461,872.5,244.5,0.999
7462,836.5,228.5,0.999
7463,794.5,210.5,0.998
7464,764.5,202.5,0.989
7465,734.5,196.5,0.993
7466,702.5,192.5,0.987
7467,674.5,190.5,0.995
7468,638.5,190.5,0.994
7469,606.5,194.5,0.976
7470,578.5,198.5,0.959
7471,552.5,208.5,0.971
7472,526.5,218.5,0.993
7473,502.5,228.5,0.989
7474,474.5,244.5,0.997
7475,454.5,258.5,0.995
7476,434.5,274.5,0.989
7477,410.5,292.5,0.997
7478,394.5,276.5,0.977
7479,374.5,256.5,0.991
7480,358.5,242.5,0.996
7481,342.5,228.5,0.997
7482,326.5,218.5,0.984
7483,312.5,210.5,0.971
7484,294.5,206.5,0.972
7485,280.5,202.5,0.981
7486,266.5,202.5,0.863
7489,288.5,242.5,0.531
7490,284.5,246.5,0.762
7491,278.5,244.5,0.728
7501,292.5,232.5,0.847
7502,294.5,234.5,0.854
7503,294.5,236.5,0.804
7504,294.5,240.5,0.936
7505,292.5,240.5,0.953
7506,290.5,242.5,0.927
7507,288.5,244.5,0.984
7508,286.5,246.5,0.975
7509,284.5,250.5,0.941
7510,280.5,250.5,0.988
7511,278.5,254.5,0.974
7512,278.5,256.5,0.99
7513,274.5,256.5,0.989
7514,272.5,258.5,0.989
7515,272.5,260.5,0.987
7516,272.5,262.5,0.964
7517,270.5,264.5,0.964
7518,270.5,264.5,0.938
7519,270.5,264.5,0.97
7520,270.5,266.5,0.948
7521,272.5,266.5,0.948
7522,272.5,268.5,0.962
7523,272.5,272.5,0.969
7524,276.5,272.5,0.991
7525,278.5,274.5,0.976
7526,278.5,272.5,0.999
7527,274.5,262.5,0.998
7528,268.5,250.5,0.998
7529,262.5,234.5,0.985
7530,262.5,218.5,0.94
7531,254.5,202.5,0.982
7532,252.5,192.5,0.981
7533,248.5,184.5,0.988
7534,246.5,178.5,0.993
7535,244.5,172.5,0.969
7536,242.5,172.5,0.758
7537,242.5,176.5,0.956
7538,244.5,180.5,0.983
7539,242.5,186.5,0.979
7540,244.5,194.5,0.992
7541,244.5,202.5,0.995
7542,250.5,218.5,0.945
7543,268.5,230.5,0.853
7544,294.5,228.5,0.613
7545,370.5,268.5,0.896
7546,396.5,260.5,0.972
7547,436.5,248.5,0.994
7548,462.5,244.5,0.999
7549,502.5,238.5,0.983
7550,544.5,234.5,0.931
7551,576.5,232.5,0.978
7552,610.5,234.5,0.924
7553,644.5,236.5,0.968
7554,686.5,242.5,0.996
7555,718.5,248.5,0.981
7556,762.5,260.5,0.992
7557,798.5,274.5,0.997
7558,832.5,286.5,0.998
7559,872.5,306.5,0.996
7560,906.5,324.5,0.997
7561,938.5,344.5,0.941
7562,980.5,372.5,0.996
7563,1018.5,402.5,0.995
7564,1044.5,422.5,0.993
7565,1080.5,456.5,0.983
7566,494.5,588.5,0.54
7567,494.5,588.5,0.564
7568,494.5,588.5,0.568
7569,494.5,588.5,0.566
7570,494.5,588.5,0.576
7571,494.5,588.5,0.581
7572,494.5,588.5,0.518
7573,494.5,588.5,0.562
7574,494.5,588.5,0.558
7575,494.5,588.5,0.555
7576,494.5,588.5,0.562
7577,494.5,588.5,0.57
7578,494.5,588.5,0.548
7579,280.5,164.5,0.775
7580,306.5,330.5,0.829
7581,272.5,140.5,0.637
7582,494.5,588.5,0.579
7583,494.5,588.5,0.568
7584,494.5,588.5,0.526
7585,494.5,588.5,0.578
7586,494.5,588.5,0.567
7587,494.5,588.5,0.574
7588,494.5,588.5,0.566
7589,1202.5,394.5,0.943
7590,1198.5,404.5,0.719
7591,494.5,588.5,0.578
7592,494.5,588.5,0.575
7593,494.5,588.5,0.573
7594,494.5,588.5,0.567
7595,494.5,588.5,0.574
7596,494.5,588.5,0.575
7597,262.5,312.5,0.626
7598,494.5,588.5,0.574
7599,494.5,588.5,0.577
7600,494.5,588.5,0.561
7601,1238.5,614.5,0.99
7602,1220.5,610.5,0.977
7603,1206.5,606.5,0.959
7604,1190.5,602.5,0.952
7605,1176.5,598.5,0.932
7606,1166.5,596.5,0.96
7607,1154.5,592.5,0.914
7608,1146.5,590.5,0.927
7609,494.5,588.5,0.581
7610,494.5,588.5,0.563
7611,494.5,588.5,0.568
7612,494.5,588.5,0.57
7613,494.5,588.5,0.558
7614,494.5,588.5,0.558
7615,494.5,588.5,0.581
7616,494.5,588.5,0.55
7617,494.5,588.5,0.569
7618,494.5,588.5,0.558
7619,494.5,588.5,0.539
7620,494.5,588.5,0.554
7621,1128.5,584.5,0.912
7622,494.5,588.5,0.502
7623,494.5,588.5,0.585
7624,494.5,588.5,0.54
7625,494.5,588.5,0.539
7626,494.5,588.5,0.548
7627,494.5,588.5,0.571
7628,494.5,588.5,0.569
7629,494.5,588.5,0.593
7630,494.5,588.5,0.558
7631,494.5,588.5,0.558
7632,494.5,588.5,0.567
7633,494.5,588.5,0.576
7634,494.5,588.5,0.535
7635,1044.5,520.5,0.621
7636,494.5,588.5,0.653
7637,494.5,588.5,0.578
7638,494.5,588.5,0.553
7639,494.5,588.5,0.589
7640,494.5,588.5,0.562
7641,494.5,588.5,0.573
7642,494.5,588.5,0.579
7643,494.5,588.5,0.56
7644,494.5,588.5,0.59
7645,494.5,588.5,0.572
7646,494.5,588.5,0.576
7647,494.5,588.5,0.596
7648,494.5,588.5,0.614
7649,494.5,588.5,0.582
7650,494.5,588.5,0.561
7651,1050.5,312.5,0.613
7652,494.5,588.5,0.559
7653,494.5,588.5,0.549
7654,494.5,588.5,0.55
7655,494.5,588.5,0.577
7656,494.5,588.5,0.563
7657,794.5,582.5,0.791
7658,766.5,582.5,0.743
7659,740.5,582.5,0.836
7660,710.5,582.5,0.898
7661,680.5,578.5,0.771
7662,652.5,574.5,0.63
7663,628.5,568.5,0.854
7664,608.5,568.5,0.896
7665,582.5,564.5,0.801
7666,568.5,566.5,0.841
7670,496.5,588.5,0.661
7671,494.5,588.5,0.736
7685,714.5,372.5,0.62
7686,882.5,340.5,0.624
7688,328.5,204.5,0.757
7695,878.5,340.5,0.604
7697,874.5,340.5,0.716
7698,386.5,178.5,0.798
7699,386.5,180.5,0.551
7700,870.5,340.5,0.515
7701,388.5,182.5,0.984
7702,388.5,204.5,0.73
7703,372.5,188.5,0.966
7704,382.5,214.5,0.567
7708,690.5,358.5,0.752
7711,236.5,260.5,0.562
7713,788.5,308.5,0.843
7714,878.5,338.5,0.692
7715,584.5,536.5,0.941
7716,620.5,534.5,0.99
7717,652.5,532.5,0.992
7718,676.5,524.5,0.956
7719,686.5,510.5,0.923
7721,736.5,278.5,0.503
7722,742.5,274.5,0.769
7724,278.5,164.5,0.549
7725,606.5,276.5,0.973
7726,582.5,250.5,0.992
7727,570.5,234.5,0.984
7728,556.5,218.5,0.969
7729,544.5,206.5,0.965
7730,532.5,198.5,0.985
7731,522.5,194.5,0.973
7732,512.5,194.5,0.996
7733,502.5,198.5,0.995
7734,494.5,204.5,0.981
7735,494.5,204.5,0.993
7736,472.5,234.5,0.996
7737,472.5,232.5,0.987
7738,468.5,246.5,0.999
7739,462.5,262.5,0.995
7740,458.5,278.5,0.999
7741,454.5,290.5,0.999
7742,450.5,270.5,0.994
7743,444.5,246.5,0.994
7744,440.5,226.5,0.998
7745,436.5,210.5,0.999
7746,432.5,196.5,0.996
7747,428.5,184.5,0.996
7748,424.5,176.5,0.994
7749,422.5,168.5,0.983
7750,420.5,164.5,0.998
7751,414.5,166.5,0.939
7752,414.5,166.5,0.991
7753,412.5,170.5,0.987
7754,412.5,176.5,0.995
7755,410.5,188.5,0.99
7756,412.5,212.5,0.925
7757,410.5,200.5,0.981
7758,1022.5,230.5,0.955
7759,400.5,182.5,0.925
7760,396.5,178.5,0.624
7761,396.5,174.5,0.909
7762,392.5,172.5,0.876
7763,388.5,180.5,0.87
7764,386.5,188.5,0.966
7765,380.5,194.5,0.975
7766,376.5,202.5,0.965
7767,372.5,208.5,0.795
7768,368.5,216.5,0.899
7769,1062.5,200.5,0.571
7773,336.5,240.5,0.619
7775,322.5,244.5,0.969
7776,316.5,246.5,0.962
7777,310.5,248.5,0.991
7778,304.5,250.5,0.994
7779,298.5,250.5,0.975
7780,294.5,252.5,0.995
7781,288.5,252.5,0.974
7782,286.5,252.5,0.987
7783,284.5,256.5,0.994
7784,282.5,256.5,0.994
7785,282.5,258.5,0.98
7786,282.5,260.5,0.988
7787,282.5,264.5,0.985
7788,284.5,266.5,0.995
7789,284.5,270.5,0.996
7790,282.5,266.5,0.998
7791,280.5,256.5,0.997
7792,276.5,244.5,0.987
7793,272.5,228.5,0.987
7794,268.5,216.5,0.947
7795,266.5,208.5,0.988
7796,264.5,200.5,0.983
7797,262.5,194.5,0.99
7798,262.5,192.5,0.991
7799,262.5,194.5,0.984
7800,260.5,196.5,0.997
7801,260.5,202.5,0.988
7802,262.5,210.5,0.998
7803,262.5,220.5,0.984
7804,264.5,232.5,0.997
7805,288.5,244.5,0.938
7806,330.5,270.5,0.873
7807,366.5,286.5,0.988
7808,400.5,278.5,0.995
7809,436.5,274.5,0.995
7810,466.5,270.5,0.996
7811,498.5,268.5,0.997
7812,534.5,268.5,0.974
7813,568.5,276.5,0.993
7814,602.5,284.5,0.993
7815,642.5,298.5,0.988
7816,670.5,308.5,0.991
7817,708.5,328.5,0.98
7818,744.5,352.5,0.978
7819,770.5,346.5,0.995
7820,804.5,338.5,0.991
7821,834.5,332.5,0.998
7822,866.5,332.5,0.994
7823,900.5,328.5,0.987
7824,930.5,334.5,0.998
7825,958.5,338.5,0.993
7826,990.5,350.5,0.973
7827,966.5,328.5,0.978
7828,934.5,306.5,0.995
7829,898.5,282.5,0.995
7830,858.5,260.5,0.999
7831,828.5,246.5,0.998
7832,790.5,230.5,0.987
7833,762.5,224.5,0.985
7834,730.5,216.5,0.982
7835,700.5,212.5,0.99
7836,676.5,210.5,0.994
7837,642.5,212.5,0.997
7838,620.5,216.5,0.97
7839,596.5,222.5,0.98
7840,572.5,230.5,0.987
7841,550.5,242.5,0.977
7842,528.5,250.5,0.993
7843,510.5,262.5,0.996
7844,490.5,280.5,0.996
7845,474.5,280.5,0.992
7846,460.5,260.5,0.988
7847,444.5,244.5,0.993
7848,430.5,230.5,0.996
7849,416.5,218.5,0.984
7850,402.5,208.5,0.993
7851,386.5,198.5,0.859
7852,380.5,198.5,0.944
7853,366.5,210.5,0.921
7854,458.5,232.5,0.958
7855,488.5,248.5,0.996
7856,520.5,268.5,0.991
7857,564.5,298.5,0.985
7858,596.5,320.5,0.971
7859,410.5,212.5,0.598
7860,678.5,392.5,0.993
7861,712.5,392.5,0.955
7862,752.5,392.5,0.94
7863,788.5,404.5,0.96
7864,824.5,412.5,0.8
7865,370.5,196.5,0.687
7866,922.5,450.5,0.99
7867,960.5,470.5,0.671
7869,240.5,190.5,0.624
7870,856.5,362.5,0.965
7871,832.5,354.5,0.923
7872,786.5,318.5,0.894
7873,752.5,310.5,0.962
7874,720.5,292.5,0.976
7875,688.5,278.5,0.982
7876,1190.5,196.5,0.933
7877,638.5,274.5,0.963
7878,614.5,276.5,0.996
7879,592.5,278.5,0.983
7880,568.5,284.5,0.986
7881,550.5,296.5,0.991
7882,534.5,308.5,0.994
7883,520.5,324.5,0.995
7884,508.5,340.5,0.99
7885,514.5,356.5,0.995
7886,522.5,344.5,0.998
7887,530.5,332.5,0.996
7888,536.5,324.5,0.998
7889,546.5,318.5,0.985
7890,552.5,316.5,0.998
7891,560.5,314.5,0.998
7892,570.5,318.5,0.997
7893,578.5,324.5,0.999
7894,586.5,332.5,0.992
7895,594.5,340.5,0.998
7896,600.5,354.5,0.997
7897,610.5,366.5,0.995
7898,616.5,354.5,0.999
7899,624.5,346.5,0.997
7900,632.5,338.5,0.998
7901,640.5,332.5,0.999
7902,648.5,332.5,0.999
7903,654.5,334.5,0.998
7904,662.5,338.5,1.0
7905,670.5,346.5,0.997
7906,678.5,356.5,0.999
7907,682.5,370.5,0.989
7908,692.5,374.5,0.994
7909,698.5,362.5,0.994
7910,706.5,354.5,0.999
7911,712.5,348.5,0.997
7912,722.5,346.5,0.999
7913,730.5,348.5,0.999
7914,736.5,352.5,0.999
7915,742.5,360.5,0.999
7916,750.5,370.5,0.998
7917,756.5,386.5,0.974
7918,766.5,380.5,0.992
7919,772.5,370.5,0.999
7920,778.5,364.5,0.992
7921,786.5,362.5,0.999
7922,796.5,364.5,0.997
7923,802.5,368.5,0.999
7924,810.5,376.5,0.998
7925,814.5,384.5,0.996
7926,820.5,394.5,0.976
7927,820.5,386.5,0.999
7928,814.5,394.5,0.996
7929,816.5,400.5,0.995
7930,816.5,408.5,0.864
7931,818.5,416.5,0.965
7932,818.5,420.5,0.999
7933,818.5,426.5,0.991
7934,822.5,432.5,0.992
7935,824.5,438.5,0.99
7936,826.5,442.5,0.98
7937,828.5,448.5,0.983
7938,830.5,452.5,0.973
7939,832.5,458.5,0.968
7940,836.5,462.5,0.938
7941,840.5,464.5,0.962
7942,844.5,468.5,0.677
7943,848.5,472.5,0.957
7944,852.5,476.5,0.992
7945,856.5,484.5,0.998
7946,860.5,496.5,0.992
7947,860.5,508.5,0.894
7948,862.5,506.5,0.939
7949,862.5,494.5,0.988
7950,858.5,486.5,0.976
7951,856.5,484.5,0.96
7952,854.5,484.5,0.98
7953,850.5,488.5,0.98
7954,850.5,496.5,0.94
7955,846.5,504.5,0.991
7956,842.5,514.5,0.989
7957,840.5,526.5,0.99
7958,836.5,542.5,0.991
7959,832.5,556.5,0.919
7960,830.5,576.5,0.961
7961,826.5,592.5,0.98
7962,824.5,582.5,0.981
7963,822.5,570.5,0.982
7964,820.5,558.5,0.967
7965,818.5,550.5,0.983
7966,818.5,544.5,0.929
7967,816.5,540.5,0.882
7968,494.5,588.5,0.664
7969,1098.5,468.5,0.672
7970,494.5,588.5,0.656
7971,796.5,552.5,0.667
7972,794.5,558.5,0.929
7973,792.5,570.5,0.987
7974,788.5,580.5,0.995
7975,786.5,572.5,0.942
7976,784.5,564.5,0.979
7977,784.5,558.5,0.937
7978,782.5,554.5,0.951
7979,780.5,552.5,0.933
7980,778.5,554.5,0.801
7981,776.5,558.5,0.939
7982,772.5,562.5,0.982
7983,776.5,568.5,0.954
7984,784.5,568.5,0.963
7985,792.5,572.5,0.989
7986,494.5,588.5,0.622
7987,334.5,228.5,0.974
7988,494.5,588.5,0.597
7989,812.5,594.5,0.973
7990,820.5,594.5,0.989
7991,826.5,600.5,0.937
7992,832.5,606.5,0.962
7993,840.5,608.5,0.96
7994,844.5,612.5,0.951
7995,850.5,616.5,0.953
7996,288.5,182.5,0.98
7997,864.5,626.5,0.99
7998,868.5,630.5,0.987
7999,874.5,636.5,0.975
8000,274.5,124.5,0.876
8001,886.5,644.5,0.986
8002,886.5,644.5,0.954
8003,888.5,644.5,0.898
8004,494.5,588.5,0.741
8005,494.5,588.5,0.745
8006,494.5,588.5,0.741
8007,494.5,588.5,0.742
8008,494.5,588.5,0.734
8009,494.5,588.5,0.741
8010,494.5,588.5,0.738
8011,494.5,588.5,0.72
8012,494.5,588.5,0.702
8013,1032.5,476.5,0.78
8014,494.5,588.5,0.697
8015,494.5,588.5,0.677
8016,494.5,588.5,0.688
8017,494.5,588.5,0.691
8018,494.5,588.5,0.677
8019,494.5,588.5,0.691
8020,322.5,130.5,0.927
8021,328.5,146.5,0.955
8022,494.5,588.5,0.725
8023,494.5,588.5,0.727
8024,494.5,588.5,0.729
8025,494.5,588.5,0.712
8026,494.5,588.5,0.71
8027,494.5,588.5,0.718
8028,494.5,588.5,0.73
8029,494.5,588.5,0.713
8030,1052.5,518.5,0.966
8031,1052.5,518.5,0.862
8032,1052.5,520.5,0.96
8033,1054.5,520.5,0.975
8034,1052.5,524.5,0.986
8035,1050.5,526.5,0.981
8036,1046.5,528.5,0.99
8037,1042.5,528.5,0.973
8038,1038.5,528.5,0.961
8039,1032.5,530.5,0.916
8040,494.5,588.5,0.715
8041,494.5,588.5,0.682
8042,494.5,588.5,0.658
8043,494.5,588.5,0.684
8044,968.5,476.5,0.846
8045,958.5,456.5,0.822
8046,946.5,432.5,0.928
8047,936.5,402.5,0.983
8048,1146.5,446.5,0.806
8049,494.5,588.5,0.67
8050,494.5,588.5,0.662
8051,938.5,300.5,0.738
8052,946.5,284.5,0.939
8053,944.5,270.5,0.996
8054,944.5,260.5,0.986
8055,946.5,252.5,0.835
8056,946.5,250.5,0.945
8057,946.5,256.5,0.947
8058,946.5,264.5,0.997
8059,946.5,274.5,0.992
8060,942.5,290.5,0.989
8061,938.5,306.5,0.997
8062,936.5,328.5,0.992
8063,934.5,354.5,0.979
8064,918.5,494.5,0.88
8065,494.5,588.5,0.655
8066,494.5,588.5,0.655
8067,494.5,588.5,0.647
8068,820.5,438.5,0.833
8069,770.5,432.5,0.944
8070,728.5,388.5,0.732
8071,692.5,346.5,0.973
8072,670.5,322.5,0.977
8073,628.5,284.5,0.983
8074,614.5,276.5,0.99
8075,582.5,258.5,0.986
8076,562.5,248.5,0.99
8077,542.5,242.5,0.985
8078,520.5,236.5,0.993
8079,504.5,236.5,0.99
8080,486.5,238.5,0.992
8081,470.5,242.5,0.998
8082,456.5,248.5,0.998
8083,442.5,256.5,0.995
8084,432.5,242.5,0.99
8085,420.5,224.5,0.988
8086,408.5,210.5,0.947
8087,398.5,196.5,0.849
8088,412.5,196.5,0.757
8089,452.5,190.5,0.988
8090,486.5,190.5,0.992
8091,520.5,192.5,0.99
8092,558.5,196.5,0.979
8093,590.5,202.5,0.958
8094,626.5,210.5,0.992
8095,666.5,224.5,0.981
8096,690.5,232.5,0.987
8097,736.5,254.5,0.986
8098,770.5,272.5,0.997
8099,808.5,294.5,0.997
8100,832.5,310.5,0.993
8101,872.5,342.5,0.991
8102,910.5,368.5,0.95
8103,950.5,356.5,0.886
8104,990.5,352.5,0.984
8105,1042.5,468.5,0.975
8106,1058.5,344.5,0.961
8107,1098.5,348.5,0.975
8108,1138.5,354.5,0.985
8109,1162.5,356.5,0.969
8110,1154.5,336.5,0.969
8111,1094.5,292.5,0.989
8112,1034.5,254.5,0.976
8113,494.5,588.5,0.633
8114,932.5,202.5,0.968
8115,494.5,588.5,0.632
8116,802.5,152.5,0.996
8117,768.5,146.5,0.987
8118,722.5,136.5,0.974
8119,682.5,132.5,0.996
8120,640.5,132.5,0.999
8121,606.5,136.5,0.992
8122,576.5,140.5,0.987
8123,544.5,148.5,0.994
8124,520.5,156.5,0.997
8125,494.5,170.5,0.996
8126,472.5,182.5,0.997
8127,448.5,198.5,0.996
8128,430.5,214.5,0.994
8129,410.5,236.5,0.996
8130,394.5,248.5,0.993
8131,380.5,228.5,0.972
8132,368.5,206.5,0.982
8133,354.5,184.5,0.962
8134,340.5,164.5,0.976
8135,326.5,148.5,0.987
8136,314.5,138.5,0.974
8137,304.5,128.5,0.963
8138,290.5,118.5,0.922
8139,282.5,116.5,0.836
8140,316.5,114.5,0.922
8141,350.5,112.5,0.943
8142,388.5,116.5,0.991
8143,420.5,118.5,0.984
8144,456.5,126.5,0.996
8145,492.5,136.5,0.995
8146,528.5,150.5,0.992
8147,566.5,166.5,0.97
8148,608.5,186.5,0.976
8149,644.5,208.5,0.995
8150,690.5,238.5,0.996
8151,720.5,260.5,0.997
8152,754.5,286.5,0.986
8153,494.5,588.5,0.637
8154,838.5,364.5,0.975
8155,882.5,388.5,0.964
8156,910.5,378.5,0.979
8157,970.5,358.5,0.971
8158,1004.5,352.5,0.959
8159,1048.5,342.5,0.961
8160,1086.5,342.5,0.987
8161,1134.5,342.5,0.989
8162,1172.5,346.5,0.965
8163,1182.5,330.5,0.993
8164,1128.5,292.5,0.976
8165,1074.5,260.5,0.919
8166,494.5,588.5,0.686
8167,494.5,588.5,0.687
8168,948.5,200.5,0.661
8169,494.5,588.5,0.664
8170,852.5,178.5,0.843
8171,802.5,170.5,0.991
8172,772.5,170.5,0.979
8173,734.5,172.5,0.971
8174,702.5,178.5,0.993
8175,676.5,180.5,0.997
8176,640.5,194.5,0.995
8177,610.5,208.5,0.928
8178,586.5,220.5,0.975
8179,562.5,234.5,0.978
8180,540.5,250.5,0.982
8181,522.5,262.5,0.993
8182,498.5,286.5,0.992
8183,474.5,308.5,0.984
8184,456.5,296.5,0.969
8185,442.5,272.5,0.99
8186,426.5,252.5,0.996
8187,412.5,234.5,0.997
8188,394.5,216.5,0.992
8189,380.5,204.5,0.97
8190,366.5,196.5,0.99
8191,352.5,188.5,0.988
8192,340.5,184.5,0.995
8193,326.5,182.5,0.968
8194,494.5,588.5,0.63
8195,322.5,182.5,0.953
8196,340.5,180.5,0.935
8197,364.5,180.5,0.987
8198,386.5,182.5,0.994
8199,408.5,186.5,0.986
8200,434.5,194.5,0.997
8201,456.5,202.5,0.992
8202,482.5,214.5,0.997
8203,506.5,228.5,0.992
8204,530.5,246.5,0.978
8205,554.5,264.5,0.994
8206,584.5,292.5,0.987
8207,606.5,312.5,0.993
8208,630.5,340.5,0.976
8209,648.5,342.5,0.997
8210,662.5,328.5,0.998
8211,680.5,316.5,0.996
8212,696.5,306.5,0.993
8213,712.5,300.5,0.997
8214,734.5,300.5,0.976
8215,752.5,296.5,0.97
8216,770.5,300.5,0.978
8217,788.5,306.5,0.984
8218,804.5,316.5,0.974
8219,832.5,330.5,0.951
8220,494.5,588.5,0.566
8221,752.5,294.5,0.962
8222,718.5,280.5,0.977
8223,682.5,268.5,0.974
8224,648.5,260.5,0.998
8225,612.5,250.5,0.959
8226,590.5,248.5,0.954
8227,560.5,246.5,0.989
8228,538.5,250.5,0.969
8229,514.5,250.5,0.996
8230,494.5,258.5,0.991
8231,482.5,244.5,0.989
8232,466.5,228.5,0.992
8233,452.5,212.5,0.996
8234,436.5,200.5,0.997
8235,424.5,190.5,0.971
8236,396.5,198.5,0.957
8237,422.5,200.5,0.967
8238,458.5,186.5,0.96
8239,488.5,186.5,0.975
8240,516.5,190.5,0.995
8241,546.5,198.5,0.978
8242,578.5,208.5,0.973
8243,598.5,214.5,0.965
8244,628.5,228.5,0.96
8245,648.5,240.5,0.996
8246,638.5,242.5,0.992
8247,624.5,244.5,0.998
8248,612.5,250.5,0.979
8249,602.5,258.5,0.971
8250,494.5,588.5,0.793
8251,370.5,172.5,0.806
8252,494.5,588.5,0.744
8253,358.5,178.5,0.893
8254,350.5,178.5,0.875
8255,344.5,182.5,0.974
8256,336.5,186.5,0.97
8257,494.5,588.5,0.74
8258,494.5,588.5,0.706
8259,494.5,588.5,0.753
8260,494.5,588.5,0.706
8261,494.5,588.5,0.72
8262,494.5,588.5,0.729
8263,494.5,588.5,0.742
8264,494.5,588.5,0.72
8265,494.5,588.5,0.735
8266,494.5,588.5,0.743
8267,494.5,588.5,0.729
8268,494.5,588.5,0.739
8269,494.5,588.5,0.73
8270,494.5,588.5,0.735
8271,494.5,588.5,0.738
8272,494.5,588.5,0.735
8273,494.5,588.5,0.737
8274,494.5,588.5,0.736
8275,494.5,588.5,0.722
8276,494.5,588.5,0.728
8277,494.5,588.5,0.733
8278,254.5,306.5,0.765
8279,494.5,588.5,0.722
8280,494.5,588.5,0.721
8281,494.5,588.5,0.737
8282,494.5,588.5,0.699
8283,494.5,588.5,0.709
8284,494.5,588.5,0.71
8285,494.5,588.5,0.713
8286,494.5,588.5,0.718
8287,494.5,588.5,0.716
8288,494.5,588.5,0.717
8289,494.5,588.5,0.721
8290,494.5,588.5,0.712
8291,494.5,588.5,0.723
8292,494.5,588.5,0.714
8293,494.5,588.5,0.719
8294,494.5,588.5,0.67
8295,494.5,588.5,0.782
8296,494.5,588.5,0.765
8297,494.5,588.5,0.765
8298,494.5,588.5,0.763
8299,494.5,588.5,0.759
8300,494.5,588.5,0.761
8301,626.5,538.5,0.767
8302,494.5,588.5,0.752
8303,494.5,588.5,0.715
8304,490.5,282.5,0.81
8305,494.5,588.5,0.625
8306,494.5,588.5,0.643
8307,494.5,588.5,0.745
8308,494.5,586.5,0.819
8309,496.5,586.5,0.774
8323,478.5,580.5,0.837
8328,474.5,196.5,0.783
8329,474.5,188.5,0.888
8330,474.5,186.5,0.952
8331,474.5,184.5,0.937
8332,472.5,180.5,0.917
8333,470.5,178.5,0.893
8334,466.5,174.5,0.813
8335,464.5,174.5,0.859
8336,462.5,170.5,0.599
8337,734.5,346.5,0.67
8341,732.5,344.5,0.744
8342,756.5,362.5,0.702
8343,430.5,170.5,0.646
8351,764.5,354.5,0.56
8353,540.5,92.5,0.504
8356,926.5,424.5,0.512
8357,544.5,548.5,0.876
8358,564.5,548.5,0.876
8359,586.5,546.5,0.936
8360,604.5,550.5,0.951
8361,450.5,144.5,0.926
8362,466.5,162.5,0.958
8363,474.5,172.5,0.978
8364,488.5,196.5,0.986
8365,502.5,220.5,0.817
8366,520.5,244.5,0.966
8367,528.5,228.5,0.99
8368,538.5,220.5,0.988
8369,548.5,210.5,0.996
8370,560.5,204.5,0.986
8371,570.5,200.5,0.972
8372,582.5,200.5,0.984
8373,594.5,200.5,0.978
8374,608.5,204.5,0.991
8375,618.5,210.5,0.989
8376,632.5,220.5,0.991
8377,642.5,230.5,0.999
8378,656.5,246.5,0.991
8379,674.5,266.5,0.933
8380,680.5,282.5,0.99
8381,694.5,304.5,0.98
8382,702.5,326.5,0.983
8383,714.5,330.5,0.998
8384,726.5,312.5,0.99
8385,740.5,304.5,0.978
8386,750.5,296.5,0.975
8387,760.5,292.5,0.993
8388,774.5,290.5,0.996
8389,786.5,292.5,0.997
8390,798.5,296.5,0.99
8391,808.5,302.5,0.998
8392,818.5,310.5,0.998
8393,830.5,324.5,0.991
8394,838.5,340.5,0.988
8395,840.5,360.5,0.925
8398,886.5,340.5,0.595
8399,708.5,326.5,0.832
8400,930.5,338.5,0.66
8402,1090.5,224.5,0.507
8405,1028.5,200.5,0.884
8406,1030.5,198.5,0.901
8407,1108.5,374.5,0.809
8408,368.5,224.5,0.561
8409,976.5,336.5,0.713
8410,980.5,326.5,0.628
8412,352.5,228.5,0.67
8426,1032.5,196.5,0.676
8427,968.5,316.5,0.783
8428,970.5,324.5,0.771
8429,950.5,312.5,0.88
8430,950.5,324.5,0.955
8431,936.5,326.5,0.937
8432,878.5,342.5,0.946
8433,850.5,340.5,0.938
8434,798.5,310.5,0.981
8435,758.5,296.5,0.995
8436,718.5,288.5,0.996
8437,686.5,282.5,0.981
8438,634.5,274.5,0.964
8439,634.5,274.5,0.946
8440,608.5,276.5,0.965
8441,568.5,270.5,0.988
8442,538.5,274.5,0.996
8443,512.5,278.5,0.997
8444,490.5,284.5,0.995
8445,462.5,282.5,0.993
8446,436.5,266.5,0.993
8447,420.5,258.5,0.989
8448,394.5,250.5,0.991
8449,376.5,244.5,0.994
8450,356.5,240.5,0.953
8451,344.5,250.5,0.833
8452,376.5,222.5,0.99
8453,396.5,212.5,0.998
8454,424.5,200.5,0.992
8455,450.5,194.5,0.997
8456,478.5,186.5,0.991
8457,504.5,182.5,0.997
8458,530.5,180.5,0.991
8459,562.5,182.5,0.98
8460,592.5,186.5,0.964
8461,626.5,194.5,0.989
8462,648.5,198.5,0.997
8463,686.5,212.5,0.997
8464,722.5,230.5,0.995
8465,752.5,246.5,0.994
8466,776.5,260.5,0.994
8467,816.5,290.5,0.994
8468,840.5,308.5,0.994
8469,876.5,340.5,0.973
8470,888.5,362.5,0.62
8471,902.5,356.5,0.903
8472,916.5,354.5,0.664
8477,1024.5,228.5,0.89
8483,1066.5,212.5,0.65
8484,176.5,372.5,0.635
8489,1182.5,362.5,0.748
8490,1182.5,354.5,0.583
8498,1152.5,210.5,0.705
8506,988.5,328.5,0.864
8507,942.5,332.5,0.948
8508,872.5,344.5,0.813
8509,826.5,340.5,0.964
8510,790.5,316.5,0.955
8511,752.5,292.5,0.998
8512,708.5,268.5,0.986
8513,680.5,256.5,0.994
8514,640.5,242.5,0.994
8515,608.5,232.5,0.992
8516,580.5,226.5,0.98
8517,552.5,224.5,0.978
8518,526.5,224.5,0.983
8519,502.5,226.5,0.993
8520,484.5,232.5,0.987
8521,462.5,238.5,0.993
8522,442.5,248.5,0.992
8523,426.5,252.5,0.991
8524,408.5,234.5,0.998
8525,394.5,220.5,0.991
8526,380.5,208.5,0.899
8527,1024.5,232.5,0.959
8528,1024.5,230.5,0.966
8529,414.5,186.5,0.976
8530,436.5,182.5,0.988
8531,460.5,180.5,0.99
8532,482.5,180.5,0.998
8533,504.5,182.5,0.991
8534,530.5,190.5,0.99
8535,554.5,196.5,0.991
8536,582.5,210.5,0.988
8537,610.5,226.5,0.991
8538,634.5,242.5,0.987
8539,654.5,258.5,0.991
8540,680.5,282.5,0.964
8541,712.5,308.5,0.96
8542,744.5,344.5,0.98
8543,766.5,370.5,0.932
8544,786.5,406.5,0.869
8545,816.5,410.5,0.974
8546,840.5,398.5,0.959
8547,866.5,390.5,0.97
8548,866.5,378.5,0.885
8549,864.5,360.5,0.962
8550,826.5,332.5,0.972
8551,770.5,304.5,0.961
8552,736.5,284.5,0.986
8553,692.5,264.5,0.988
8554,650.5,248.5,0.986
8555,622.5,242.5,0.99
8556,588.5,234.5,0.986
8557,558.5,232.5,0.985
8558,532.5,232.5,0.962
8559,508.5,236.5,0.964
8560,484.5,240.5,0.981
8561,462.5,246.5,0.997
8562,442.5,256.5,0.995
8563,422.5,266.5,0.996
8564,408.5,278.5,0.998
8565,390.5,294.5,0.997
8566,374.5,282.5,0.986
8567,360.5,260.5,0.996
8568,346.5,244.5,0.987
8569,336.5,228.5,0.994
8570,322.5,216.5,0.997
8571,312.5,206.5,0.99
8572,298.5,196.5,0.672
8573,266.5,170.5,0.921
8574,292.5,180.5,0.744
8575,358.5,196.5,0.975
8576,388.5,198.5,0.994
8577,420.5,204.5,0.994
8578,450.5,212.5,0.997
8579,482.5,222.5,0.994
8580,516.5,238.5,0.984
8581,548.5,252.5,0.953
8582,578.5,268.5,0.978
8583,608.5,286.5,0.981
8584,644.5,310.5,0.973
8585,676.5,334.5,0.984
8586,702.5,328.5,0.997
8587,730.5,316.5,0.989
8588,754.5,310.5,0.993
8589,788.5,302.5,0.99
8590,812.5,300.5,0.991
8591,838.5,300.5,0.991
8592,868.5,304.5,0.987
8593,890.5,308.5,0.993
8594,916.5,316.5,0.983
8595,938.5,324.5,0.996
8596,900.5,298.5,0.991
8597,866.5,280.5,0.999
8598,826.5,260.5,0.999
8599,790.5,246.5,0.994
8600,766.5,240.5,0.978
8601,732.5,232.5,0.989
8602,704.5,228.5,0.997
8603,680.5,228.5,0.996
8604,648.5,228.5,0.995
8605,630.5,232.5,0.972
8606,610.5,238.5,0.993
8607,584.5,246.5,0.972
8608,570.5,256.5,0.979
8609,550.5,264.5,0.995
8610,534.5,246.5,0.981
8611,520.5,230.5,0.988
8612,506.5,216.5,0.993
8613,492.5,204.5,0.988
8614,480.5,196.5,0.996
8615,468.5,190.5,0.993
8616,456.5,186.5,0.981
8617,412.5,184.5,0.943
8618,460.5,184.5,0.955
8619,486.5,184.5,0.992
8620,508.5,186.5,0.985
8621,534.5,192.5,0.985
8622,562.5,198.5,0.985
8623,590.5,210.5,0.98
8624,616.5,222.5,0.974
8625,640.5,234.5,0.994
8626,674.5,258.5,0.994
8627,694.5,274.5,0.995
8628,388.5,176.5,0.947
8629,744.5,318.5,0.987
8630,774.5,354.5,0.994
8631,794.5,346.5,0.997
8632,822.5,340.5,0.995
8633,850.5,338.5,0.996
8634,878.5,338.5,0.992
8635,904.5,338.5,0.99
8636,932.5,342.5,0.974
8637,910.5,324.5,0.994
8638,872.5,306.5,0.979
8639,826.5,284.5,0.998
8640,784.5,272.5,0.995
8641,748.5,260.5,0.997
8642,710.5,252.5,0.983
8643,680.5,248.5,0.993
8644,638.5,244.5,0.997
8645,606.5,248.5,0.985
8646,578.5,254.5,0.985
8647,542.5,260.5,0.997
8648,518.5,268.5,0.997
8649,492.5,278.5,0.998
8650,466.5,292.5,0.997
8651,440.5,312.5,0.99
8652,422.5,322.5,0.982
8653,404.5,306.5,0.995
8654,380.5,284.5,0.991
8655,362.5,270.5,0.99
8656,342.5,256.5,0.992
8657,326.5,246.5,0.997
8658,310.5,240.5,0.977
8659,294.5,236.5,0.982
8660,280.5,234.5,0.961
8661,262.5,236.5,0.991
8662,248.5,240.5,0.966
8663,234.5,244.5,0.971
8664,230.5,252.5,0.985
8665,270.5,248.5,0.941
8666,310.5,244.5,0.935
8667,352.5,244.5,0.967
8668,398.5,246.5,0.991
8669,440.5,252.5,0.992
8670,478.5,262.5,0.995
8671,526.5,276.5,0.989
8672,578.5,296.5,0.985
8673,612.5,308.5,0.968
8674,652.5,330.5,0.98
8675,702.5,356.5,0.957
8676,734.5,368.5,0.992
8677,766.5,354.5,0.991
8678,810.5,342.5,0.992
8679,848.5,334.5,0.996
8680,886.5,332.5,0.968
8681,924.5,330.5,0.992
8682,958.5,332.5,0.989
8683,960.5,318.5,0.991
8684,918.5,290.5,0.994
8685,874.5,264.5,0.996
8686,838.5,246.5,0.997
8687,798.5,228.5,0.997
8688,766.5,216.5,0.996
8689,734.5,208.5,0.984
8690,698.5,198.5,0.992
8691,674.5,194.5,0.996
8692,640.5,194.5,0.985
8693,612.5,194.5,0.964
8694,584.5,196.5,0.978
8695,560.5,202.5,0.958
8696,538.5,210.5,0.984
8697,516.5,218.5,0.988
8698,494.5,228.5,0.995
8699,476.5,242.5,0.988
8700,458.5,252.5,0.997
8701,442.5,268.5,0.997
8702,424.5,254.5,0.988
8703,410.5,236.5,0.998
8704,396.5,220.5,0.995
8705,384.5,204.5,0.99
8706,370.5,194.5,0.99
8707,354.5,182.5,0.968
8708,348.5,182.5,0.507
8709,370.5,180.5,0.953
8710,406.5,188.5,0.953
8711,438.5,196.5,0.996
8712,466.5,206.5,0.993
8713,498.5,218.5,0.993
8714,532.5,234.5,0.995
8715,556.5,248.5,0.982
8716,588.5,268.5,0.979
8717,618.5,284.5,0.993
8718,660.5,320.5,0.989
8719,688.5,338.5,0.988
8720,712.5,330.5,0.996
8721,744.5,322.5,0.994
8722,776.5,316.5,0.995
8723,806.5,320.5,0.986
8724,838.5,320.5,0.995
8725,870.5,326.5,0.994
8726,898.5,330.5,0.993
8727,926.5,344.5,0.981
8728,914.5,328.5,0.988
8729,884.5,312.5,0.993
8730,840.5,290.5,0.998
8731,806.5,276.5,0.999
8732,770.5,264.5,0.995
8733,738.5,258.5,0.986
8734,710.5,254.5,0.989
8735,682.5,252.5,0.995
8736,654.5,256.5,0.98
8737,630.5,258.5,0.987
8738,612.5,262.5,0.964
8739,586.5,268.5,0.977
8740,570.5,276.5,0.994
8741,556.5,260.5,0.96
8742,538.5,240.5,0.991
8743,524.5,226.5,0.986
8744,510.5,218.5,0.993
8745,496.5,210.5,0.995
8746,484.5,204.5,0.995
8747,472.5,202.5,0.98
8748,458.5,200.5,0.974
8749,432.5,194.5,0.803
8750,480.5,200.5,0.97
8751,502.5,202.5,0.984
8752,526.5,204.5,0.979
8753,548.5,210.5,0.972
8754,568.5,218.5,0.958
8755,594.5,230.5,0.992
8756,614.5,242.5,0.992
8757,644.5,264.5,0.992
8758,656.5,270.5,0.975
8759,682.5,298.5,0.985
8760,712.5,328.5,0.97
8761,734.5,356.5,0.991
8762,750.5,354.5,0.985
8763,772.5,346.5,0.996
8764,794.5,346.5,0.996
8765,820.5,344.5,0.982
8766,848.5,346.5,0.968
8767,830.5,330.5,0.877
8768,778.5,314.5,0.715
8769,740.5,302.5,0.938
8770,688.5,286.5,0.916
8771,646.5,272.5,0.974
8772,614.5,270.5,0.849
8773,578.5,262.5,0.987
8774,544.5,260.5,0.998
8775,508.5,260.5,0.999
8776,482.5,262.5,0.996
8777,454.5,268.5,0.997
8778,428.5,278.5,0.997
8779,406.5,286.5,0.994
8780,380.5,298.5,0.998
8781,358.5,286.5,0.968
8782,340.5,274.5,0.957
8783,322.5,258.5,0.989
8784,298.5,242.5,0.937
8785,282.5,234.5,0.937
8786,262.5,226.5,0.938
8787,242.5,224.5,0.811
8788,236.5,224.5,0.786
8789,494.5,588.5,0.613
8790,252.5,218.5,0.907
8791,286.5,214.5,0.961
8792,318.5,212.5,0.985
8793,352.5,212.5,0.991
8794,396.5,218.5,0.989
8795,436.5,228.5,0.999
8796,476.5,240.5,0.989
8797,508.5,248.5,0.989
8798,556.5,268.5,0.989
8799,596.5,290.5,0.984
8800,636.5,312.5,0.941
8801,688.5,348.5,0.919
8802,724.5,372.5,0.932
8803,766.5,404.5,0.986
8804,798.5,390.5,0.988
8805,846.5,374.5,0.989
8806,888.5,366.5,0.979
8807,924.5,360.5,0.946
8808,914.5,336.5,0.937
8809,888.5,312.5,0.934
8810,838.5,276.5,0.996
8811,794.5,252.5,0.991
8812,756.5,232.5,0.987
8813,720.5,216.5,0.988
8814,690.5,208.5,0.994
8815,654.5,196.5,0.997
8816,628.5,194.5,0.987
8817,598.5,192.5,0.983
8818,572.5,194.5,0.976
8819,544.5,196.5,0.98
8820,524.5,202.5,0.982
8821,500.5,210.5,0.996
8822,478.5,222.5,0.995
8823,462.5,234.5,0.993
8824,444.5,248.5,0.996
8825,430.5,262.5,0.996
8826,416.5,276.5,0.991
8827,404.5,288.5,0.987
8828,392.5,266.5,0.986
8829,380.5,244.5,0.996
8830,370.5,226.5,0.998
8831,360.5,210.5,0.995
8832,352.5,198.5,0.996
8833,344.5,188.5,0.998
8834,336.5,180.5,0.997
8835,328.5,176.5,0.979
8836,322.5,172.5,0.807
8837,494.5,588.5,0.658
8838,494.5,588.5,0.67
8839,358.5,182.5,0.96
8840,386.5,190.5,0.992
8841,414.5,198.5,0.997
8842,442.5,210.5,0.995
8843,474.5,224.5,0.996
8844,504.5,242.5,0.986
8845,534.5,258.5,0.993
8846,562.5,274.5,0.97
8847,588.5,300.5,0.952
8848,586.5,306.5,0.945
8849,580.5,308.5,0.976
8850,572.5,300.5,0.99
8851,494.5,588.5,0.701
8852,560.5,290.5,0.974
8853,552.5,288.5,0.996
8854,548.5,292.5,0.998
8855,542.5,294.5,0.994
8856,534.5,290.5,0.997
8857,530.5,282.5,0.998
8858,524.5,280.5,0.996
8859,518.5,278.5,0.999
8860,518.5,278.5,0.998
8861,512.5,278.5,0.998
8862,508.5,280.5,0.995
8863,502.5,276.5,0.998
8864,496.5,268.5,0.99
8865,492.5,266.5,0.994
8866,486.5,266.5,0.998
8867,482.5,266.5,0.985
8868,478.5,266.5,0.997
8869,474.5,260.5,0.994
8870,468.5,256.5,0.998
8871,464.5,256.5,0.996
8872,460.5,256.5,0.996
8873,456.5,256.5,0.996
8874,452.5,250.5,0.993
8875,448.5,248.5,0.996
8876,444.5,248.5,0.996
8877,440.5,250.5,0.994
8878,436.5,246.5,0.997
8879,432.5,242.5,0.996
8880,428.5,240.5,0.992
8881,424.5,240.5,0.985
8882,420.5,242.5,0.994
8883,418.5,236.5,0.822
8884,414.5,234.5,0.993
8885,412.5,234.5,0.989
8886,408.5,232.5,0.96
8887,406.5,230.5,0.935
8888,404.5,232.5,0.98
8889,400.5,232.5,0.985
8890,392.5,232.5,0.993
8891,384.5,232.5,0.979
8892,374.5,232.5,0.991
8893,368.5,234.5,0.973
8894,358.5,234.5,0.953
8895,494.5,588.5,0.662
8896,338.5,236.5,0.952
8897,332.5,236.5,0.722
8898,494.5,588.5,0.671
8899,494.5,588.5,0.674
8900,494.5,588.5,0.679
8901,746.5,486.5,0.731
8902,494.5,588.5,0.677
8903,494.5,588.5,0.68
8904,494.5,588.5,0.675
8905,752.5,238.5,0.897
8906,738.5,238.5,0.862
8907,726.5,240.5,0.937
8908,718.5,242.5,0.899
8909,494.5,588.5,0.628
8910,494.5,588.5,0.535
8912,494.5,588.5,0.59
8913,494.5,588.5,0.611
8914,494.5,588.5,0.521
8915,494.5,588.5,0.683
8916,494.5,586.5,0.742
8933,668.5,326.5,0.62
8936,542.5,78.5,0.695
8949,322.5,210.5,0.516
8952,320.5,184.5,0.968
8953,320.5,176.5,0.952
8954,322.5,168.5,0.841
8955,322.5,164.5,0.922
8956,324.5,162.5,0.973
8957,326.5,164.5,0.958
8958,326.5,168.5,0.856
8959,330.5,172.5,0.981
8960,332.5,178.5,0.994
8961,334.5,188.5,0.98
8962,334.5,186.5,0.949
8963,328.5,176.5,0.986
8964,324.5,168.5,0.97
8965,320.5,162.5,0.988
8966,316.5,158.5,0.99
8967,312.5,154.5,0.989
8968,308.5,154.5,0.988
8969,306.5,156.5,0.989
8970,304.5,162.5,0.996
8971,302.5,168.5,0.987
8972,298.5,178.5,0.996
8973,296.5,190.5,0.978
8974,294.5,188.5,0.98
8975,292.5,176.5,0.993
8976,288.5,164.5,0.998
8977,286.5,156.5,0.99
8978,284.5,148.5,0.995
8979,280.5,142.5,0.987
8980,280.5,142.5,0.962
8981,278.5,142.5,0.983
8982,276.5,146.5,0.994
8983,276.5,150.5,0.998
8984,276.5,158.5,0.993
8985,276.5,168.5,0.995
8986,276.5,180.5,0.994
8987,280.5,178.5,0.975
8988,282.5,164.5,0.991
8989,288.5,150.5,0.997
8990,292.5,140.5,0.994
8991,298.5,132.5,0.994
8992,302.5,128.5,0.973
8993,310.5,124.5,0.986
8994,316.5,124.5,0.986
8995,322.5,124.5,0.975
8996,328.5,130.5,0.982
8997,336.5,136.5,0.981
8998,342.5,144.5,0.983
8999,348.5,156.5,0.786
9000,356.5,164.5,0.955
9001,368.5,164.5,0.85
9002,378.5,164.5,0.871
9003,392.5,166.5,0.944
9004,404.5,170.5,0.953
9005,412.5,176.5,0.982
9006,422.5,178.5,0.992
9007,436.5,184.5,0.988
9008,442.5,190.5,0.991
9009,452.5,200.5,0.998
9010,462.5,210.5,0.994
9011,470.5,224.5,0.992
9012,482.5,230.5,0.991
9013,488.5,218.5,0.996
9014,496.5,208.5,0.966
9015,504.5,200.5,0.991
9016,512.5,194.5,0.991
9017,520.5,190.5,0.995
9018,530.5,188.5,0.977
9019,538.5,188.5,0.977
9020,546.5,190.5,0.947
9021,554.5,194.5,0.983
9022,562.5,200.5,0.948
9023,570.5,208.5,0.974
9024,578.5,220.5,0.954
9025,586.5,232.5,0.985
9026,594.5,244.5,0.97
9027,598.5,258.5,0.874
9049,496.5,156.5,0.856
9051,580.5,248.5,0.799
9052,594.5,254.5,0.771
9055,628.5,114.5,0.773
9056,544.5,172.5,0.741
9059,678.5,280.5,0.546
9065,742.5,298.5,0.787
9071,718.5,212.5,0.617
9098,640.5,170.5,0.546
9099,636.5,168.5,0.775
9100,632.5,168.5,0.753
9101,628.5,164.5,0.557
9103,620.5,162.5,0.565
9116,566.5,182.5,0.798
9117,558.5,174.5,0.597
9118,1024.5,230.5,0.867
9119,544.5,164.5,0.939
9120,534.5,162.5,0.898
9121,528.5,164.5,0.73
9122,1020.5,232.5,0.547
9128,536.5,74.5,0.694
9133,1022.5,234.5,0.836
9134,1024.5,232.5,0.99
9135,1140.5,246.5,0.991
9136,610.5,164.5,0.964
9137,610.5,164.5,0.936
9138,620.5,148.5,0.972
9139,628.5,132.5,0.991
9140,628.5,122.5,0.986
9141,630.5,114.5,0.969
9142,626.5,108.5,0.879
9143,624.5,106.5,0.678
9144,620.5,112.5,0.957
9145,612.5,116.5,0.993
9146,606.5,126.5,0.975
9147,596.5,136.5,0.983
9148,584.5,148.5,0.984
9149,568.5,162.5,0.978
9150,546.5,176.5,0.951
9151,520.5,184.5,0.99
9152,496.5,194.5,0.972
9153,466.5,196.5,0.967
9154,442.5,196.5,0.957
9155,416.5,190.5,0.918
9156,394.5,182.5,0.936
9157,378.5,170.5,0.981
9158,370.5,160.5,0.874
9159,362.5,144.5,0.869
9160,358.5,132.5,0.769
9161,494.5,588.5,0.537
9162,494.5,588.5,0.541
9163,494.5,588.5,0.543
9164,494.5,588.5,0.541
9165,494.5,588.5,0.543
9166,494.5,588.5,0.542
9167,348.5,130.5,0.812
9168,348.5,144.5,0.931
9169,348.5,156.5,0.934
9170,352.5,172.5,0.681
9171,334.5,186.5,0.812
9172,374.5,204.5,0.895
9173,394.5,216.5,0.777
9174,414.5,222.5,0.941
9175,434.5,220.5,0.968
9176,456.5,216.5,0.967
9177,474.5,210.5,0.982
9178,486.5,198.5,0.972
9179,496.5,186.5,0.965
9180,502.5,176.5,0.99
9181,502.5,164.5,0.99
9182,506.5,156.5,0.988
9183,506.5,150.5,0.907
9184,506.5,146.5,0.974
9185,502.5,150.5,0.988
9186,502.5,160.5,0.989
9187,498.5,168.5,0.992
9188,488.5,180.5,0.982
9189,480.5,194.5,0.949
9190,466.5,204.5,0.967
9191,450.5,216.5,0.98
9192,430.5,224.5,0.967
9193,410.5,230.5,0.939
9194,392.5,234.5,0.979
9195,376.5,236.5,0.979
9196,362.5,236.5,0.931
9197,350.5,238.5,0.905
9198,336.5,240.5,0.898
9199,326.5,242.5,0.889
9200,316.5,242.5,0.979
9201,308.5,242.5,0.962
9202,300.5,244.5,0.984
9203,294.5,248.5,0.99
9204,288.5,248.5,0.988
9205,286.5,250.5,0.991
9206,280.5,254.5,0.992
9207,278.5,256.5,0.996
9208,274.5,258.5,0.995
9209,274.5,260.5,0.989
9210,272.5,262.5,0.982
9211,270.5,264.5,0.991
9212,272.5,266.5,0.992
9213,272.5,268.5,0.976
9214,272.5,270.5,0.985
9215,270.5,272.5,0.992
9216,272.5,272.5,0.996
9217,268.5,266.5,0.997
9218,266.5,254.5,0.988
9219,260.5,238.5,0.938
9220,256.5,220.5,0.993
9221,254.5,208.5,0.966
9222,250.5,196.5,0.99
9223,248.5,188.5,0.997
9224,248.5,184.5,0.986
9225,246.5,178.5,0.994
9226,246.5,178.5,0.989
9227,244.5,180.5,0.991
9228,244.5,186.5,0.99
9229,246.5,192.5,0.995
9230,246.5,202.5,0.996
9231,246.5,210.5,0.99
9232,248.5,226.5,0.973
9233,250.5,238.5,0.966
9234,268.5,252.5,0.898
9235,330.5,272.5,0.933
9236,366.5,280.5,0.981
9237,408.5,276.5,0.994
9238,448.5,274.5,0.992
9239,496.5,276.5,0.997
9240,536.5,276.5,0.994
9241,564.5,278.5,0.714
9242,494.5,588.5,0.676
9243,494.5,588.5,0.673
9244,598.5,284.5,0.911
9245,594.5,286.5,0.965
9246,588.5,294.5,0.973
9247,494.5,588.5,0.67
9248,588.5,278.5,0.993
9249,588.5,270.5,0.994
9250,588.5,266.5,0.995
9251,588.5,264.5,0.974
9252,584.5,264.5,0.99
9253,586.5,266.5,0.995
9254,584.5,270.5,0.994
9255,588.5,266.5,0.995
9256,588.5,258.5,0.994
9257,590.5,254.5,0.965
9258,592.5,250.5,0.871
9259,592.5,248.5,0.86
9260,494.5,588.5,0.654
9261,596.5,256.5,0.944
9262,596.5,256.5,0.966
9263,596.5,246.5,0.949
9264,598.5,240.5,0.963
9265,600.5,238.5,0.742
9266,600.5,236.5,0.951
9267,602.5,238.5,0.87
9268,604.5,240.5,0.927
9269,604.5,246.5,0.962
9270,604.5,254.5,0.958
9271,494.5,588.5,0.628
9272,494.5,588.5,0.625
9273,494.5,588.5,0.657
9274,494.5,588.5,0.658
9275,494.5,588.5,0.651
9276,494.5,588.5,0.657
9277,494.5,588.5,0.664
9278,494.5,588.5,0.654
9279,326.5,178.5,0.719
9280,494.5,588.5,0.658
9281,494.5,588.5,0.655
9282,298.5,146.5,0.834
9283,288.5,130.5,0.706
9284,1104.5,218.5,0.938
9285,1094.5,222.5,0.899
9286,1080.5,222.5,0.786
9287,494.5,588.5,0.648
9288,494.5,588.5,0.652
9289,494.5,588.5,0.646
9290,494.5,588.5,0.654
9291,494.5,588.5,0.653
9292,494.5,588.5,0.65
9293,494.5,588.5,0.651
9294,494.5,588.5,0.661
9295,494.5,588.5,0.661
9296,494.5,588.5,0.637
9297,494.5,588.5,0.662
9298,494.5,588.5,0.648
9299,494.5,588.5,0.635
9300,494.5,588.5,0.644
9301,494.5,588.5,0.657
9302,204.5,118.5,0.74
9303,200.5,134.5,0.804
9304,202.5,156.5,0.951
9305,204.5,174.5,0.978
9306,208.5,192.5,0.84
9307,494.5,588.5,0.637
9308,226.5,218.5,0.75
9309,494.5,588.5,0.64
9310,494.5,588.5,0.634
9311,494.5,588.5,0.635
9312,494.5,588.5,0.644
9313,494.5,588.5,0.634
9314,494.5,588.5,0.631
9315,494.5,588.5,0.63
9316,494.5,588.5,0.618
9317,494.5,588.5,0.643
9318,494.5,588.5,0.639
9319,494.5,588.5,0.637
9320,494.5,588.5,0.632
9321,494.5,588.5,0.661
9322,958.5,350.5,0.79
9323,494.5,588.5,0.657
9324,926.5,356.5,0.966
9325,916.5,366.5,0.872
9326,494.5,588.5,0.652
9327,494.5,588.5,0.645
9328,494.5,588.5,0.641
9329,744.5,494.5,0.753
9330,658.5,454.5,0.969
9331,622.5,474.5,0.947
9332,590.5,498.5,0.964
9333,566.5,514.5,0.959
9334,544.5,528.5,0.858
9335,522.5,532.5,0.868
9337,496.5,588.5,0.53
9339,98.5,316.5,0.564
9342,730.5,342.5,0.791
9344,718.5,340.5,0.86
9346,710.5,340.5,0.653
9361,122.5,452.5,0.616
9365,96.5,448.5,0.639
9366,126.5,416.5,0.609
9380,952.5,116.5,0.637
9384,816.5,362.5,0.595
9385,780.5,344.5,0.561
9391,950.5,360.5,0.651
9392,962.5,356.5,0.559
9395,690.5,518.5,0.734
9396,870.5,310.5,0.824
9398,908.5,300.5,0.51
9402,122.5,468.5,0.717
9411,1048.5,238.5,0.709
9413,1040.5,170.5,0.965
9418,142.5,298.5,0.817
9419,158.5,284.5,0.59
9422,180.5,234.5,0.959
9427,186.5,208.5,0.932
9428,200.5,216.5,0.815
9429,1028.5,206.5,0.845
9430,1028.5,206.5,0.602
9431,1030.5,210.5,0.868
9434,1066.5,212.5,0.89
9447,282.5,228.5,0.688
9449,294.5,214.5,0.803
9451,330.5,192.5,0.968
9453,318.5,200.5,0.699
9463,538.5,90.5,0.527
9466,294.5,326.5,0.83
9478,400.5,206.5,0.543
9479,412.5,206.5,0.846
9483,458.5,188.5,0.83
9484,474.5,184.5,0.948
9485,492.5,178.5,0.962
9486,506.5,164.5,0.984
9488,498.5,166.5,0.558
9491,524.5,150.5,0.975
9522,908.5,374.5,0.8
9527,898.5,382.5,0.78
9533,1048.5,234.5,0.637
9540,560.5,162.5,0.531
9542,560.5,152.5,0.706
9548,632.5,200.5,0.765
9552,626.5,192.5,0.903
9553,634.5,180.5,0.993
9554,640.5,170.5,0.967
9555,646.5,162.5,0.988
9556,652.5,156.5,0.94
9557,658.5,152.5,0.946
9558,662.5,148.5,0.984
9559,670.5,150.5,0.964
9560,676.5,152.5,0.973
9561,682.5,158.5,0.967
9562,688.5,164.5,0.992
9563,694.5,174.5,0.976
9564,702.5,186.5,0.959
9565,706.5,198.5,0.939
9566,714.5,218.5,0.936
9567,1026.5,230.5,0.918
9568,728.5,264.5,0.938
9569,732.5,280.5,0.925
9570,740.5,310.5,0.987
9571,742.5,300.5,0.986
9572,748.5,286.5,0.987
9573,752.5,274.5,0.998
9574,756.5,266.5,0.948
9575,760.5,258.5,0.952
9576,766.5,256.5,0.939
9577,768.5,256.5,0.728
9578,774.5,256.5,0.833
9579,778.5,262.5,0.965
9580,782.5,270.5,0.993
9581,784.5,278.5,0.999
9582,788.5,292.5,0.999
9583,790.5,306.5,0.977
9584,794.5,326.5,0.996
9585,794.5,346.5,0.996
9586,796.5,364.5,0.987
9587,804.5,368.5,0.998
9588,808.5,356.5,0.999
9589,812.5,346.5,0.998
9590,818.5,336.5,0.997
9591,822.5,330.5,0.999
9592,830.5,330.5,0.999
9593,834.5,332.5,0.998
9594,838.5,338.5,0.999
9595,842.5,346.5,0.997
9596,846.5,358.5,0.999
9597,850.5,372.5,0.998
9598,854.5,390.5,0.999
9599,854.5,410.5,0.997
9600,854.5,428.5,0.955
9601,494.5,588.5,0.719
9602,868.5,422.5,0.994
9603,872.5,412.5,0.994
9604,880.5,404.5,0.993
9605,886.5,402.5,0.996
9606,890.5,404.5,0.985
9607,896.5,410.5,0.834
9608,900.5,420.5,0.986
9609,902.5,432.5,0.998
9610,906.5,444.5,0.985
9611,906.5,460.5,0.99
9612,494.5,588.5,0.717
9613,494.5,588.5,0.721
9614,914.5,460.5,0.868
9615,920.5,462.5,0.953
9616,924.5,464.5,0.939
9617,932.5,468.5,0.97
9618,940.5,472.5,0.982
9619,950.5,476.5,0.975
9620,960.5,480.5,0.952
9621,970.5,488.5,0.905
9622,982.5,494.5,0.954
9623,994.5,500.5,0.919
9624,1004.5,506.5,0.924
9625,1014.5,512.5,0.969
9626,1024.5,518.5,0.964
9627,1032.5,522.5,0.912
9628,1040.5,524.5,0.895
9629,1048.5,526.5,0.947
9630,1052.5,528.5,0.959
9631,1056.5,528.5,0.93
9632,494.5,588.5,0.682
9633,494.5,588.5,0.684
9634,1058.5,528.5,0.793
9635,1060.5,532.5,0.939
9636,1060.5,532.5,0.922
9637,1062.5,534.5,0.941
9638,1062.5,536.5,0.885
9639,1062.5,536.5,0.942
9640,1062.5,536.5,0.793
9641,1062.5,536.5,0.858
9642,1062.5,536.5,0.891
9643,1060.5,536.5,0.917
9644,1058.5,536.5,0.778
9645,1054.5,538.5,0.927
9646,1050.5,538.5,0.916
9647,1044.5,536.5,0.929
9648,1036.5,536.5,0.957
9649,1026.5,532.5,0.937
9650,494.5,588.5,0.677
9651,494.5,588.5,0.691
9652,494.5,588.5,0.686
9653,964.5,476.5,0.758
9654,952.5,452.5,0.869
9655,934.5,422.5,0.956
9656,934.5,402.5,0.99
9657,494.5,588.5,0.685
9658,494.5,588.5,0.656
9659,494.5,588.5,0.651
9660,934.5,306.5,0.819
9661,934.5,294.5,0.988
9662,936.5,286.5,0.978
9663,938.5,272.5,0.977
9664,938.5,272.5,0.956
9665,938.5,274.5,0.948
9666,936.5,280.5,0.98
9667,936.5,290.5,0.997
9668,934.5,306.5,0.994
9669,930.5,322.5,0.992
9670,928.5,346.5,0.96
9671,922.5,362.5,0.862
9672,896.5,482.5,0.932
9673,916.5,516.5,0.933
9674,494.5,588.5,0.68
9675,860.5,450.5,0.687
9676,806.5,438.5,0.973
9677,770.5,436.5,0.96
9678,932.5,300.5,0.715
9679,702.5,354.5,0.977
9680,676.5,326.5,0.982
9681,646.5,304.5,0.985
9682,614.5,282.5,0.986
9683,592.5,268.5,0.993
9684,572.5,262.5,0.993
9685,554.5,256.5,0.98
9686,532.5,250.5,0.995
9687,516.5,250.5,0.998
9688,500.5,252.5,0.998
9689,484.5,260.5,0.998
9690,468.5,266.5,0.998
9691,454.5,252.5,0.99
9692,444.5,242.5,0.976
9693,434.5,226.5,0.993
9694,420.5,214.5,0.995
9695,408.5,204.5,0.976
9696,418.5,196.5,0.955
9697,442.5,194.5,0.981
9698,468.5,188.5,0.995
9699,498.5,188.5,0.993
9700,526.5,190.5,0.994
9701,556.5,194.5,0.973
9702,584.5,198.5,0.981
9703,612.5,208.5,0.984
9704,642.5,218.5,0.989
9705,674.5,234.5,0.996
9706,708.5,254.5,0.995
9707,738.5,274.5,0.998
9708,754.5,286.5,0.994
9709,788.5,318.5,0.977
9710,820.5,344.5,0.991
9711,846.5,334.5,0.992
9712,874.5,322.5,0.993
9713,894.5,316.5,0.994
9714,924.5,310.5,0.991
9715,946.5,308.5,0.997
9716,976.5,310.5,0.973
9717,1002.5,314.5,0.983
9718,1028.5,324.5,0.984
9719,1052.5,334.5,0.981
9720,1076.5,348.5,0.995
9721,1102.5,366.5,0.977
9722,1124.5,386.5,0.986
9723,1138.5,402.5,0.969
9724,1078.5,356.5,0.994
9725,1026.5,318.5,0.972
9726,954.5,270.5,0.977
9727,916.5,250.5,0.997
9728,866.5,224.5,0.998
9729,818.5,204.5,0.983
9730,824.5,208.5,0.989
9731,776.5,190.5,0.99
9732,734.5,178.5,0.99
9733,698.5,170.5,0.97
9734,662.5,166.5,0.991
9735,622.5,164.5,0.996
9736,592.5,166.5,0.98
9737,566.5,172.5,0.941
9738,540.5,178.5,0.985
9739,510.5,188.5,0.997
9740,490.5,198.5,0.992
9741,472.5,210.5,0.99
9742,452.5,224.5,0.991
9743,436.5,236.5,0.989
9744,420.5,238.5,0.978
9745,404.5,216.5,0.996
9746,388.5,196.5,0.996
9747,374.5,178.5,0.988
9748,360.5,166.5,0.98
9749,1128.5,552.5,0.932
9750,310.5,154.5,0.535
9751,374.5,152.5,0.826
9752,402.5,158.5,0.965
9753,430.5,164.5,0.976
9754,454.5,172.5,0.983
9755,480.5,184.5,0.998
9756,510.5,200.5,0.994
9757,540.5,220.5,0.982
9758,564.5,238.5,0.968
9759,594.5,262.5,0.984
9760,616.5,282.5,0.979
9761,650.5,318.5,0.96
9762,676.5,346.5,0.939
9763,700.5,364.5,0.992
9764,726.5,354.5,0.983
9765,752.5,348.5,0.997
9766,780.5,346.5,0.998
9767,808.5,346.5,0.989
9768,838.5,354.5,0.98
9769,864.5,362.5,0.994
9770,894.5,376.5,0.985
9771,930.5,400.5,0.984
9772,950.5,416.5,0.894
9773,494.5,588.5,0.522
9774,874.5,350.5,0.957
9775,830.5,324.5,0.961
9776,786.5,292.5,0.986
9777,748.5,274.5,0.998
9778,712.5,258.5,0.994
9779,678.5,242.5,0.998
9780,642.5,232.5,0.989
9781,612.5,226.5,0.973
9782,590.5,226.5,0.978
9783,566.5,226.5,0.976
9784,546.5,228.5,0.991
9785,526.5,236.5,0.974
9786,506.5,244.5,0.987
9787,494.5,250.5,0.992
9788,478.5,264.5,0.997
9789,466.5,276.5,0.997
9790,454.5,280.5,0.981
9791,444.5,254.5,0.98
9792,434.5,236.5,0.997
9793,424.5,218.5,0.997
9794,414.5,202.5,0.992
9795,406.5,192.5,0.993
9796,398.5,182.5,0.99
9797,392.5,176.5,0.992
9798,386.5,170.5,0.908
9799,494.5,588.5,0.523
9800,418.5,170.5,0.955
9801,438.5,172.5,0.996
9802,468.5,178.5,0.995
9803,492.5,184.5,0.995
9804,520.5,194.5,0.992
9805,548.5,208.5,0.977
9806,578.5,222.5,0.992
9807,608.5,240.5,0.991
9808,628.5,252.5,0.976
9809,652.5,268.5,0.989
9810,690.5,300.5,0.984
9811,714.5,324.5,0.979
9812,744.5,330.5,0.983
9813,772.5,316.5,0.997
9814,802.5,312.5,0.986
9815,824.5,306.5,0.986
9816,854.5,304.5,0.988
9817,880.5,302.5,0.993
9818,910.5,306.5,0.992
9819,938.5,312.5,0.992
9820,966.5,322.5,0.997
9821,996.5,338.5,0.984
9822,984.5,326.5,0.777
9823,942.5,302.5,0.992
9824,894.5,276.5,0.996
9825,854.5,260.5,0.999
9826,810.5,244.5,0.997
9827,774.5,236.5,0.978
9828,732.5,228.5,0.995
9829,698.5,226.5,0.982
9830,676.5,226.5,0.998
9831,636.5,230.5,0.995
9832,604.5,236.5,0.985
9833,578.5,242.5,0.98
9834,554.5,254.5,0.963
9835,524.5,264.5,0.997
9836,504.5,278.5,0.997
9837,482.5,288.5,0.975
9838,466.5,274.5,0.995
9839,444.5,250.5,0.995
9840,430.5,236.5,0.995
9841,412.5,222.5,0.993
9842,400.5,214.5,0.996
9843,386.5,208.5,0.989
9844,370.5,202.5,0.99
9845,358.5,198.5,0.989
9846,348.5,198.5,0.966
9847,362.5,194.5,0.987
9848,406.5,184.5,0.987
9849,442.5,180.5,0.985
9850,474.5,176.5,0.996
9851,506.5,176.5,0.998
9852,538.5,178.5,0.984
9853,574.5,184.5,0.98
9854,610.5,194.5,0.981
9855,642.5,202.5,0.988
9856,678.5,216.5,0.99
9857,706.5,230.5,0.981
9858,744.5,252.5,0.988
9859,784.5,278.5,0.998
9860,816.5,302.5,0.981
9861,836.5,322.5,0.98
9862,866.5,342.5,0.991
9863,896.5,322.5,0.996
9864,926.5,306.5,0.997
9865,948.5,294.5,0.998
9866,982.5,286.5,0.9
9867,1008.5,278.5,0.996
9868,1038.5,274.5,0.964
9869,1064.5,276.5,0.969
9870,1084.5,276.5,0.996
9871,494.5,588.5,0.744
9872,494.5,588.5,0.743
9873,494.5,588.5,0.744
9874,1060.5,266.5,0.973
9875,1028.5,256.5,0.971
9876,950.5,238.5,0.988
9877,902.5,228.5,0.998
9878,850.5,226.5,0.996
9879,798.5,224.5,0.993
9880,750.5,226.5,0.978
9881,716.5,230.5,0.985
9882,678.5,238.5,0.991
9883,636.5,248.5,0.985
9884,608.5,260.5,0.981
9885,570.5,276.5,0.996
9886,542.5,294.5,0.987
9887,516.5,280.5,0.983
9888,488.5,252.5,0.994
9889,468.5,240.5,0.987
9890,448.5,226.5,0.996
9891,420.5,210.5,0.994
9892,400.5,202.5,0.978
9893,378.5,196.5,0.98
9894,358.5,190.5,0.956
9895,494.5,588.5,0.718
9896,320.5,192.5,0.931
9897,304.5,196.5,0.96
9898,494.5,588.5,0.717
9899,494.5,588.5,0.736
9900,316.5,178.5,0.755
9901,340.5,164.5,0.978
9902,360.5,158.5,0.967
9903,382.5,152.5,0.942
9904,406.5,148.5,0.991
9905,430.5,150.5,0.995
9906,452.5,154.5,0.989
9907,482.5,164.5,0.998
9908,502.5,172.5,0.996
9909,530.5,188.5,0.992
9910,562.5,210.5,0.995
9911,588.5,230.5,0.983
9912,610.5,248.5,0.951
9913,634.5,274.5,0.97
9914,664.5,306.5,0.939
9915,690.5,338.5,0.979
9916,494.5,588.5,0.678
9917,738.5,410.5,0.971
9918,758.5,396.5,0.969
9919,780.5,378.5,0.991
9920,804.5,362.5,0.992
9921,830.5,346.5,0.992
9922,858.5,338.5,0.994
9923,882.5,334.5,0.991
9924,906.5,328.5,0.962
9925,934.5,332.5,0.992
9926,962.5,338.5,0.985
9927,984.5,344.5,0.978
9928,1012.5,358.5,0.992
9929,1034.5,372.5,0.987
9930,494.5,588.5,0.702
9931,494.5,588.5,0.7
9932,494.5,588.5,0.703
9933,494.5,588.5,0.702
9934,804.5,110.5,0.987
9935,768.5,82.5,0.987
9936,734.5,60.5,0.971
9937,694.5,36.5,0.986
9938,656.5,20.5,0.995
9939,626.5,12.5,0.963
9940,592.5,6.5,0.931
9941,562.5,6.5,0.868
9942,536.5,6.5,0.887
9943,510.5,12.5,0.976
9944,486.5,22.5,0.988
9945,464.5,36.5,0.97
9946,446.5,50.5,0.983
9947,426.5,68.5,0.991
9948,410.5,84.5,0.987
9949,396.5,104.5,0.975
9950,382.5,128.5,0.974
9951,372.5,148.5,0.992
9952,360.5,176.5,0.984
9953,350.5,200.5,0.986
9954,344.5,222.5,0.992
9955,338.5,244.5,0.945
9956,328.5,266.5,0.986
9957,320.5,244.5,0.799
9958,310.5,218.5,0.92
9959,300.5,186.5,0.877
9960,290.5,164.5,0.949
9961,494.5,588.5,0.721
9962,274.5,124.5,0.939
9963,266.5,110.5,0.964
9964,262.5,98.5,0.993
9965,256.5,90.5,0.989
9966,250.5,84.5,0.988
9967,246.5,80.5,0.982
9968,240.5,78.5,0.984
9969,236.5,80.5,0.993
9970,232.5,84.5,0.995
9971,230.5,92.5,0.995
9972,228.5,100.5,0.993
9973,228.5,110.5,0.992
9974,224.5,118.5,0.979
9975,238.5,136.5,0.97
9976,258.5,126.5,0.968
9977,278.5,114.5,0.863
9978,494.5,588.5,0.703
9979,378.5,140.5,0.835
9980,420.5,150.5,0.992
9981,454.5,162.5,0.999
9982,496.5,180.5,0.997
9983,532.5,200.5,0.969
9984,578.5,228.5,0.981
9985,616.5,252.5,0.981
9986,494.5,588.5,0.713
9987,710.5,326.5,0.982
9988,740.5,356.5,0.934
9989,794.5,376.5,0.944
9990,842.5,362.5,0.988
9991,890.5,356.5,0.989
9992,494.5,588.5,0.721
9993,998.5,350.5,0.921
9994,1060.5,352.5,0.961
9995,1110.5,356.5,0.979
9996,1174.5,368.5,0.991
9997,1190.5,346.5,0.96
9998,1138.5,294.5,0.942
9999,494.5,588.5,0.686
10000,494.5,588.5,0.702
10001,1242.5,358.5,0.939
10002,494.5,588.5,0.715
10003,494.5,588.5,0.714
10004,836.5,84.5,0.989
10005,794.5,68.5,0.987
10006,748.5,54.5,0.985
10007,712.5,48.5,0.982
10008,674.5,40.5,0.983
10009,638.5,42.5,0.99
10010,604.5,44.5,0.984
10011,572.5,50.5,0.998
10012,544.5,56.5,0.981
10013,514.5,68.5,0.995
10014,488.5,82.5,0.994
10015,462.5,98.5,0.997
10016,440.5,114.5,0.996
10017,420.5,130.5,0.993
10018,398.5,150.5,0.996
10019,380.5,170.5,0.988
10020,362.5,194.5,0.984
10021,344.5,218.5,0.988
10022,330.5,242.5,0.962
10023,314.5,268.5,0.987
10024,306.5,282.5,0.901
10025,288.5,278.5,0.933
10026,278.5,260.5,0.992
10027,262.5,226.5,0.977
10028,250.5,208.5,0.985
10029,238.5,188.5,0.984
10030,226.5,170.5,0.99
10031,214.5,156.5,0.98
10032,206.5,146.5,0.982
10033,194.5,138.5,0.978
10034,184.5,134.5,0.989
10035,176.5,130.5,0.99
10036,168.5,130.5,0.992
10037,160.5,132.5,0.995
10038,154.5,140.5,0.989
10039,150.5,146.5,0.994
10040,144.5,156.5,0.976
10041,138.5,172.5,0.985
10042,160.5,176.5,0.972
10043,232.5,180.5,0.949
10044,272.5,182.5,0.979
10045,226.5,134.5,0.94
10046,402.5,204.5,0.99
10047,252.5,112.5,0.975
10048,532.5,244.5,0.942
10049,494.5,588.5,0.592
10050,494.5,588.5,0.524
10051,742.5,330.5,0.927
10052,790.5,360.5,0.949
10053,858.5,376.5,0.94
10054,934.5,358.5,0.843
10055,994.5,352.5,0.966
10056,1054.5,344.5,0.692
10057,1096.5,342.5,0.948
10058,1166.5,340.5,0.997
10059,1124.5,294.5,0.998
10060,1082.5,258.5,0.966
10061,494.5,588.5,0.658
10062,494.5,588.5,0.652
10063,494.5,588.5,0.642
10064,494.5,588.5,0.647
10065,870.5,124.5,0.903
10066,826.5,110.5,0.992
10067,794.5,100.5,0.995
10068,758.5,92.5,0.959
10069,724.5,88.5,0.958
10070,692.5,86.5,0.983
10071,666.5,88.5,0.986
10072,632.5,92.5,0.988
10073,606.5,100.5,0.998
10074,582.5,106.5,0.99
10075,558.5,118.5,0.994
10076,530.5,132.5,0.994
10077,510.5,146.5,0.997
10078,490.5,162.5,0.995
10079,472.5,178.5,0.995
10080,450.5,196.5,0.995
10081,430.5,218.5,0.998
10082,414.5,238.5,0.995
10083,398.5,258.5,0.983
10084,386.5,270.5,0.97
10085,374.5,250.5,0.986
10086,360.5,226.5,0.992
10087,346.5,206.5,0.988
10088,334.5,186.5,0.989
10089,324.5,174.5,0.987
10090,312.5,162.5,0.996
10091,302.5,152.5,0.99
10092,294.5,144.5,0.997
10093,284.5,140.5,0.989
10094,274.5,138.5,0.906
10095,268.5,140.5,0.786
10096,300.5,138.5,0.887
10097,328.5,136.5,0.979
10098,358.5,136.5,0.978
10099,392.5,140.5,0.99
10100,426.5,148.5,0.994
10101,458.5,156.5,0.995
10102,494.5,168.5,0.997
10103,528.5,184.5,0.996
10104,562.5,200.5,0.982
10105,596.5,222.5,0.982
10106,632.5,244.5,0.984
10107,656.5,260.5,0.98
10108,698.5,294.5,0.938
10109,736.5,324.5,0.972
10110,774.5,358.5,0.993
10111,798.5,342.5,0.994
10112,822.5,328.5,0.992
10113,856.5,312.5,0.985
10114,886.5,302.5,0.99
10115,914.5,294.5,0.998
10116,946.5,290.5,0.996
10117,978.5,288.5,0.944
10118,1006.5,286.5,0.992
10119,1038.5,292.5,0.937
10120,1012.5,274.5,0.941
10121,950.5,244.5,0.997
10122,902.5,226.5,0.997
10123,850.5,206.5,0.996
10124,808.5,194.5,0.995
10125,762.5,180.5,0.996
10126,718.5,172.5,0.974
10127,684.5,168.5,0.986
10128,644.5,168.5,0.985
10129,614.5,170.5,0.934
10130,584.5,174.5,0.98
10131,556.5,180.5,0.98
10132,528.5,188.5,0.989
10133,504.5,196.5,0.996
10134,482.5,208.5,0.994
10135,460.5,220.5,0.992
10136,438.5,236.5,0.996
10137,422.5,248.5,0.997
10138,404.5,232.5,0.988
10139,390.5,212.5,0.992
10140,376.5,196.5,0.995
10141,362.5,180.5,0.971
10142,350.5,170.5,0.943
10143,340.5,160.5,0.939
10144,1098.5,168.5,0.822
10145,368.5,152.5,0.888
10146,404.5,156.5,0.984
10147,434.5,160.5,0.995
10148,468.5,168.5,0.995
10149,500.5,178.5,0.997
10150,534.5,190.5,0.98
10151,576.5,210.5,0.978
10152,610.5,226.5,0.995
10153,640.5,244.5,0.996
10154,678.5,270.5,0.99
10155,706.5,292.5,0.973
10156,740.5,318.5,0.96
10157,778.5,356.5,0.987
10158,808.5,354.5,0.99
10159,842.5,344.5,0.989
10160,876.5,340.5,0.998
10161,914.5,338.5,0.963
10162,912.5,322.5,0.999
10163,858.5,296.5,0.981
10164,814.5,276.5,0.993
10165,818.5,278.5,0.991
10166,772.5,260.5,0.996
10167,728.5,246.5,0.994
10168,694.5,240.5,0.989
10169,654.5,230.5,0.988
10170,624.5,228.5,0.992
10171,596.5,228.5,0.977
10172,568.5,228.5,0.992
10173,542.5,232.5,0.976
10174,520.5,238.5,0.992
10175,496.5,244.5,0.994
10176,478.5,252.5,0.996
10177,458.5,262.5,0.995
10178,442.5,248.5,0.993
10179,426.5,230.5,0.997
10180,410.5,214.5,0.991
10181,396.5,202.5,0.978
10182,384.5,192.5,0.977
10183,372.5,184.5,0.971
10184,344.5,180.5,0.928
10185,402.5,178.5,0.974
10186,430.5,178.5,0.991
10187,454.5,178.5,0.99
10188,482.5,180.5,0.996
10189,516.5,188.5,0.998
10190,546.5,196.5,0.986
10191,580.5,210.5,0.989
10192,612.5,224.5,0.991
10193,642.5,238.5,0.994
10194,678.5,258.5,0.999
10195,704.5,276.5,0.998
10196,740.5,306.5,0.975
10197,762.5,316.5,0.97
10198,802.5,346.5,0.992
10199,830.5,338.5,0.995
10200,862.5,332.5,0.996
10201,894.5,324.5,0.996
10202,922.5,322.5,0.989
10203,886.5,306.5,0.992
10204,834.5,288.5,0.998
10205,790.5,278.5,0.998
10206,744.5,270.5,0.994
10207,702.5,264.5,0.983
10208,654.5,260.5,0.995
10209,622.5,262.5,0.982
10210,586.5,266.5,0.991
10211,556.5,268.5,0.996
10212,524.5,278.5,0.994
10213,496.5,286.5,0.987
10214,466.5,294.5,0.995
10215,444.5,282.5,0.997
10216,422.5,268.5,0.997
10217,392.5,252.5,0.989
10218,374.5,244.5,0.989
10219,352.5,236.5,0.986
10220,332.5,232.5,0.953
10221,314.5,230.5,0.965
10222,296.5,228.5,0.985
10223,1002.5,458.5,0.899
10224,342.5,220.5,0.942
10225,374.5,216.5,0.987
10226,400.5,218.5,0.994
10227,432.5,220.5,0.995
10228,460.5,224.5,0.997
10229,490.5,230.5,0.994
10230,524.5,242.5,0.992
10231,556.5,256.5,0.973
10232,586.5,266.5,0.986
10233,614.5,280.5,0.978
10234,654.5,304.5,0.981
10235,682.5,324.5,0.987
10236,712.5,346.5,0.993
10237,734.5,340.5,0.993
10238,758.5,326.5,0.993
10239,786.5,316.5,0.994
10240,816.5,310.5,0.995
10241,836.5,308.5,0.989
10242,856.5,306.5,0.998
10243,814.5,276.5,0.996
10244,780.5,258.5,0.993
10245,742.5,240.5,0.989
10246,708.5,226.5,0.989
10247,676.5,214.5,0.995
10248,642.5,206.5,0.994
10249,612.5,202.5,0.898
10250,590.5,200.5,0.974
10251,564.5,200.5,0.955
10252,540.5,204.5,0.965
10253,518.5,208.5,0.997
10254,498.5,214.5,0.994
10255,478.5,226.5,0.995
10256,462.5,234.5,0.985
10257,446.5,248.5,0.987
10258,434.5,236.5,0.987
10259,422.5,218.5,0.997
10260,406.5,202.5,0.995
10261,396.5,188.5,0.984
10262,336.5,184.5,0.875
10263,356.5,182.5,0.771
10264,430.5,174.5,0.959
10265,462.5,178.5,0.99
10266,492.5,182.5,0.996
10267,530.5,194.5,0.994
10268,566.5,204.5,0.967
10269,600.5,216.5,0.972
10270,638.5,232.5,0.994
10271,682.5,254.5,0.987
10272,718.5,276.5,0.992
10273,742.5,292.5,0.975
10274,790.5,324.5,0.973
10275,822.5,350.5,0.969
10276,870.5,390.5,0.969
10277,908.5,386.5,0.956
10278,952.5,384.5,0.871
10279,494.5,588.5,0.683
10280,914.5,344.5,0.959
10281,872.5,322.5,0.998
10282,836.5,308.5,0.996
10283,798.5,292.5,0.998
10284,764.5,282.5,0.993
10285,736.5,276.5,0.998
10286,708.5,274.5,0.982
10287,682.5,272.5,0.986
10288,650.5,274.5,0.984
10289,626.5,276.5,0.998
10290,612.5,282.5,0.999
10291,610.5,290.5,0.997
10292,620.5,302.5,0.984
10293,628.5,298.5,0.995
10294,636.5,292.5,0.996
10295,646.5,292.5,0.998
10296,652.5,292.5,0.994
10297,660.5,296.5,1.0
10298,670.5,300.5,0.997
10299,676.5,308.5,0.999
10300,684.5,316.5,0.996
10301,694.5,308.5,0.997
10302,700.5,304.5,0.996
10303,710.5,306.5,0.998
10304,718.5,308.5,0.995
10305,724.5,312.5,0.999
10306,732.5,322.5,0.979
10307,742.5,330.5,0.995
10308,750.5,322.5,0.996
10309,758.5,320.5,0.997
10310,766.5,320.5,0.998
10311,774.5,322.5,0.999
10312,782.5,328.5,0.997
10313,790.5,338.5,0.992
10314,798.5,336.5,0.989
10315,804.5,330.5,0.996
10316,814.5,330.5,0.998
10317,822.5,332.5,0.998
10318,830.5,336.5,0.999
10319,838.5,344.5,0.996
10320,846.5,350.5,0.962
10321,852.5,344.5,0.998
10322,862.5,344.5,0.999
10323,868.5,342.5,0.973
10324,878.5,346.5,0.999
10325,884.5,352.5,0.996
10326,888.5,364.5,0.846
10327,494.5,588.5,0.746
10328,952.5,368.5,0.818
10329,964.5,352.5,0.989
10330,984.5,346.5,0.976
10331,494.5,588.5,0.715
10332,494.5,588.5,0.72
10333,494.5,588.5,0.716
10334,494.5,588.5,0.72
10335,494.5,588.5,0.724
10336,494.5,588.5,0.723
10337,982.5,366.5,0.96
10338,980.5,378.5,0.99
10339,978.5,390.5,0.958
10340,494.5,588.5,0.677
10341,494.5,588.5,0.67
10342,494.5,588.5,0.683
10343,494.5,588.5,0.691
10344,494.5,588.5,0.693
10345,494.5,588.5,0.691
10346,494.5,588.5,0.697
10347,494.5,588.5,0.692
10348,494.5,588.5,0.693
10349,494.5,588.5,0.691
10350,494.5,588.5,0.693
10351,494.5,588.5,0.688
10352,494.5,588.5,0.695
10353,494.5,588.5,0.706
10354,494.5,588.5,0.688
10355,398.5,238.5,0.788
10356,494.5,588.5,0.698
10357,926.5,488.5,0.717
10358,926.5,464.5,0.953
10359,900.5,424.5,0.929
10360,1022.5,230.5,0.959
10361,842.5,336.5,0.838
10362,812.5,300.5,0.979
10363,788.5,276.5,0.996
10364,758.5,246.5,0.987
10365,736.5,228.5,0.996
10366,708.5,210.5,0.988
10367,682.5,194.5,0.992
10368,658.5,188.5,0.989
10369,634.5,180.5,0.992
10370,614.5,180.5,0.993
10371,594.5,182.5,0.987
10372,576.5,188.5,0.983
10373,558.5,196.5,0.987
10374,542.5,208.5,0.986
10375,530.5,218.5,0.991
10376,514.5,234.5,0.993
10377,500.5,250.5,0.997
10378,490.5,268.5,0.997
10379,478.5,290.5,0.992
10380,470.5,308.5,0.997
10381,458.5,290.5,0.993
10382,448.5,266.5,0.994
10383,440.5,246.5,0.997
10384,426.5,226.5,0.996
10385,418.5,212.5,0.997
10386,408.5,200.5,0.998
10387,400.5,190.5,0.993
10388,390.5,182.5,0.996
10389,382.5,178.5,0.989
10390,374.5,176.5,0.969
10391,368.5,178.5,0.996
10392,362.5,184.5,0.972
10393,354.5,190.5,0.978
10394,350.5,198.5,0.992
10395,346.5,208.5,0.993
10396,494.5,588.5,0.679
10397,494.5,588.5,0.688
10398,494.5,588.5,0.689
10399,334.5,190.5,0.987
10400,332.5,178.5,0.987
10401,332.5,168.5,0.907
10402,330.5,162.5,0.878
10403,1090.5,338.5,0.96
10404,1080.5,354.5,0.954
10405,1076.5,382.5,0.779
10406,328.5,164.5,0.719
10407,494.5,588.5,0.701
10408,338.5,180.5,0.889
10409,494.5,588.5,0.693
10410,494.5,588.5,0.718
10411,494.5,588.5,0.7
10412,494.5,588.5,0.703
10413,494.5,588.5,0.7
10414,312.5,174.5,0.825
10415,312.5,182.5,0.873
10416,312.5,192.5,0.889
10417,314.5,202.5,0.927
10418,314.5,210.5,0.931
10419,316.5,218.5,0.833
10420,494.5,588.5,0.698
10421,494.5,588.5,0.693
10422,314.5,242.5,0.798
10423,310.5,246.5,0.764
10424,302.5,250.5,0.757
10425,494.5,588.5,0.704
10426,494.5,588.5,0.692
10427,298.5,258.5,0.779
10428,296.5,258.5,0.904
10429,294.5,258.5,0.962
10430,292.5,260.5,0.966
10431,288.5,260.5,0.985
10432,288.5,264.5,0.983
10433,288.5,264.5,0.991
10434,288.5,266.5,0.995
10435,288.5,268.5,0.993
10436,288.5,272.5,0.992
10437,286.5,268.5,0.994
10438,282.5,260.5,0.996
10439,276.5,248.5,0.976
10440,272.5,228.5,0.932
10441,264.5,214.5,0.984
10442,260.5,202.5,0.995
10443,258.5,192.5,0.983
10444,254.5,182.5,0.988
10445,252.5,176.5,0.987
10446,248.5,172.5,0.988
10447,246.5,170.5,0.982
10448,244.5,172.5,0.986
10449,244.5,176.5,0.997
10450,242.5,182.5,0.998
10451,242.5,192.5,0.994
10452,244.5,202.5,0.982
10453,242.5,216.5,0.993
10454,244.5,228.5,0.988
10455,260.5,242.5,0.923
10456,294.5,252.5,0.951
10457,354.5,276.5,0.969
10458,386.5,294.5,0.989
10459,418.5,294.5,0.998
10460,452.5,290.5,0.983
10461,488.5,284.5,0.99
10462,522.5,292.5,0.988
10463,556.5,294.5,0.997
10464,588.5,298.5,0.994
10465,626.5,308.5,0.988
10466,656.5,318.5,0.992
10467,692.5,330.5,0.992
10468,726.5,348.5,0.985
10469,760.5,370.5,0.985
10470,790.5,362.5,0.993
10471,822.5,360.5,0.995
10472,854.5,358.5,0.993
10473,886.5,356.5,0.992
10474,914.5,362.5,0.982
10475,942.5,364.5,0.862
10476,918.5,340.5,0.977
10477,890.5,314.5,0.985
10478,850.5,282.5,0.998
10479,818.5,260.5,0.998
10480,790.5,244.5,0.991
10481,760.5,228.5,0.99
10482,730.5,216.5,0.982
10483,704.5,210.5,0.979
10484,678.5,204.5,0.987
10485,650.5,204.5,0.977
10486,630.5,204.5,0.969
10487,608.5,208.5,0.979
10488,588.5,212.5,0.986
10489,568.5,222.5,0.966
10490,548.5,230.5,0.988
10491,534.5,242.5,0.99
10492,514.5,252.5,0.994
10493,500.5,268.5,0.998
10494,486.5,280.5,0.997
10495,474.5,258.5,0.994
10496,466.5,244.5,0.996
10497,454.5,226.5,0.999
10498,446.5,210.5,0.996
10499,436.5,200.5,0.998
10500,428.5,192.5,0.994
10501,420.5,186.5,0.988
10502,412.5,184.5,0.985
10503,404.5,182.5,0.908
10504,394.5,182.5,0.989
10505,402.5,196.5,0.958
10506,406.5,210.5,0.977
10507,404.5,218.5,0.95
10508,400.5,226.5,0.917
10509,390.5,232.5,0.795
10510,384.5,232.5,0.876
10511,494.5,588.5,0.643
10512,262.5,362.5,0.71
10513,360.5,242.5,0.808
10514,350.5,244.5,0.8
10515,344.5,246.5,0.948
10516,336.5,246.5,0.897
10517,328.5,246.5,0.924
10518,322.5,246.5,0.971
10519,316.5,248.5,0.974
10520,310.5,248.5,0.994
10521,304.5,250.5,0.992
10522,298.5,250.5,0.985
10523,294.5,250.5,0.976
10524,288.5,250.5,0.984
10525,286.5,252.5,0.995
10526,286.5,256.5,0.991
10527,286.5,258.5,0.978
10528,286.5,260.5,0.993
10529,286.5,264.5,0.987
10530,288.5,268.5,0.996
10531,288.5,268.5,0.989
10532,286.5,268.5,0.996
10533,282.5,260.5,0.996
10534,276.5,248.5,0.993
10535,274.5,236.5,0.931
10536,268.5,218.5,0.979
10537,266.5,208.5,0.987
10538,262.5,200.5,0.995
10539,258.5,192.5,0.983
10540,256.5,188.5,0.975
10541,252.5,186.5,0.979
10542,338.5,246.5,0.965
10543,250.5,192.5,0.981
10544,248.5,196.5,0.997
10545,250.5,206.5,0.985
10546,248.5,214.5,0.983
10547,248.5,228.5,0.971
10548,264.5,242.5,0.972
10549,314.5,276.5,0.957
10550,332.5,284.5,0.871
10551,354.5,278.5,0.994
10552,378.5,274.5,0.994
10553,410.5,274.5,0.99
10554,440.5,276.5,0.997
10555,470.5,280.5,0.988
10556,502.5,288.5,0.993
10557,530.5,298.5,0.994
10558,562.5,312.5,0.992
10559,598.5,328.5,0.977
10560,640.5,354.5,0.873
10561,666.5,378.5,0.923
10562,698.5,398.5,0.991
10563,728.5,394.5,0.968
10564,758.5,388.5,0.963
10565,790.5,388.5,0.974
10566,826.5,388.5,0.976
10567,854.5,394.5,0.955
10568,882.5,400.5,0.917
10569,840.5,372.5,0.962
10570,790.5,346.5,0.975
10571,756.5,324.5,0.965
10572,716.5,308.5,0.955
10573,682.5,296.5,0.973
10574,650.5,292.5,0.956
10575,614.5,284.5,0.991
10576,588.5,284.5,0.992
10577,558.5,284.5,0.995
10578,534.5,288.5,0.991
10579,510.5,294.5,0.997
10580,490.5,300.5,0.995
10581,468.5,308.5,0.993
10582,450.5,316.5,0.995
10583,434.5,300.5,0.991
10584,418.5,282.5,0.998
10585,402.5,266.5,0.996
10586,390.5,256.5,0.989
10587,374.5,244.5,0.993
10588,376.5,244.5,0.99
10589,362.5,238.5,0.986
10590,350.5,234.5,0.832
10591,324.5,216.5,0.695
10592,384.5,230.5,0.993
10593,412.5,230.5,0.997
10594,444.5,230.5,0.997
10595,476.5,234.5,0.984
10596,512.5,240.5,0.993
10597,544.5,246.5,0.989
10598,582.5,260.5,0.973
10599,622.5,276.5,0.993
10600,654.5,288.5,0.975
10601,686.5,302.5,0.978
10602,724.5,326.5,0.983
10603,756.5,354.5,0.925
10604,792.5,362.5,0.988
10605,818.5,346.5,0.989
10606,850.5,340.5,0.997
10607,886.5,334.5,0.99
10608,902.5,324.5,0.997
10609,862.5,296.5,0.987
10610,826.5,276.5,0.999
10611,792.5,258.5,0.996
10612,762.5,244.5,0.99
10613,726.5,230.5,0.982
10614,700.5,224.5,0.987
10615,674.5,218.5,0.992
10616,644.5,216.5,0.991
10617,626.5,216.5,0.965
10618,602.5,220.5,0.958
10619,582.5,224.5,0.979
10620,562.5,230.5,0.984
10621,544.5,240.5,0.989
10622,528.5,248.5,0.987
10623,512.5,260.5,0.996
10624,500.5,250.5,0.996
10625,484.5,230.5,0.997
10626,474.5,216.5,0.996
10627,464.5,204.5,0.987
10628,454.5,194.5,0.998
10629,442.5,186.5,0.97
10630,436.5,180.5,0.969
10631,460.5,186.5,0.94
10632,500.5,196.5,0.994
10633,532.5,206.5,0.986
10634,448.5,168.5,0.983
10635,598.5,236.5,0.984
10636,642.5,264.5,0.988
10637,674.5,286.5,0.889
10638,704.5,306.5,0.955
10639,736.5,340.5,0.98
10640,772.5,384.5,0.817
10641,804.5,380.5,0.971
10642,846.5,386.5,0.973
10643,880.5,388.5,0.987
10644,916.5,396.5,0.92
10645,900.5,362.5,0.952
10646,866.5,332.5,0.976
10647,840.5,304.5,0.985
10648,802.5,274.5,0.998
10649,768.5,248.5,0.989
10650,740.5,232.5,0.987
10651,714.5,218.5,0.967
10652,690.5,210.5,0.991
10653,668.5,202.5,0.974
10654,642.5,196.5,0.994
10655,622.5,196.5,0.991
10656,602.5,198.5,0.972
10657,584.5,204.5,0.974
10658,570.5,210.5,0.988
10659,554.5,218.5,0.974
10660,542.5,230.5,0.981
10661,530.5,242.5,0.975
10662,518.5,256.5,0.993
10663,510.5,270.5,0.988
10664,500.5,268.5,0.986
10665,492.5,248.5,0.994
10666,484.5,228.5,0.995
10667,478.5,212.5,0.995
10668,470.5,198.5,0.998
10669,464.5,188.5,0.994
10670,458.5,180.5,0.993
10671,456.5,174.5,0.985
10672,450.5,170.5,0.987
10673,444.5,170.5,0.963
10674,412.5,180.5,0.919
10675,434.5,190.5,0.95
10676,506.5,210.5,0.976
10677,534.5,232.5,0.994
10678,546.5,246.5,0.986
10679,576.5,272.5,0.967
10680,610.5,312.5,0.99
10681,494.5,588.5,0.634
10682,664.5,392.5,0.963
10683,686.5,420.5,0.986
10684,712.5,422.5,0.985
10685,742.5,428.5,0.984
10686,782.5,438.5,0.926
10687,444.5,154.5,0.837
10688,842.5,478.5,0.909
10689,880.5,500.5,0.995
10690,918.5,532.5,0.994
10691,960.5,572.5,0.892
10692,996.5,606.5,0.963
10693,284.5,166.5,0.713
10694,932.5,470.5,0.891
10695,868.5,352.5,0.955
10696,822.5,280.5,0.876
10697,788.5,234.5,0.945
10698,758.5,194.5,0.987
10699,726.5,156.5,0.973
10700,692.5,126.5,0.992
10701,672.5,110.5,0.992
10702,642.5,90.5,0.997
10703,620.5,82.5,0.991
10704,596.5,76.5,0.983
10705,576.5,78.5,0.978
10706,558.5,82.5,0.994
10707,540.5,90.5,0.995
10708,526.5,100.5,0.996
10709,512.5,116.5,0.997
10710,500.5,132.5,0.996
10711,488.5,150.5,0.996
10712,480.5,170.5,0.99
10713,472.5,194.5,0.997
10714,464.5,216.5,0.993
10715,456.5,246.5,0.995
10716,452.5,266.5,0.996
10717,448.5,294.5,0.99
10718,444.5,320.5,0.967
10719,438.5,316.5,0.644
10720,428.5,280.5,0.986
10721,422.5,250.5,0.983
10722,412.5,224.5,0.993
10723,406.5,198.5,0.998
10724,400.5,178.5,0.994
10725,394.5,162.5,0.994
10726,390.5,146.5,0.998
10727,386.5,136.5,0.996
10728,382.5,128.5,0.993
10729,380.5,124.5,0.989
10730,374.5,122.5,0.98
10731,372.5,126.5,0.987
10732,370.5,128.5,0.99
10733,368.5,136.5,0.982
10734,370.5,142.5,0.775
10735,384.5,136.5,0.922
10736,408.5,128.5,0.982
10737,432.5,122.5,0.989
10738,454.5,118.5,0.993
10739,478.5,116.5,0.996
10740,502.5,120.5,0.995
10741,526.5,126.5,0.989
10742,550.5,132.5,0.994
10743,578.5,146.5,0.99
10744,600.5,160.5,0.974
10745,628.5,178.5,0.995
10746,642.5,188.5,0.988
10747,674.5,218.5,0.992
10748,696.5,242.5,0.996
10749,720.5,268.5,0.966
10750,734.5,286.5,0.954
10751,762.5,324.5,0.938
10752,774.5,348.5,0.99
10753,796.5,336.5,0.988
10754,822.5,306.5,0.996
10755,838.5,294.5,0.996
10756,858.5,278.5,0.995
10757,880.5,266.5,0.996
10758,898.5,258.5,0.993
10759,918.5,250.5,0.991
10760,936.5,246.5,0.997
10761,954.5,246.5,0.994
10762,978.5,252.5,0.73
10763,998.5,258.5,0.997
10764,1012.5,266.5,0.996
10765,1026.5,276.5,0.975
10766,1042.5,292.5,0.982
10767,494.5,588.5,0.651
10768,1008.5,292.5,0.912
10769,942.5,260.5,0.994
10770,886.5,238.5,0.992
10771,824.5,216.5,0.996
10772,766.5,200.5,0.986
10773,716.5,192.5,0.972
10774,668.5,184.5,0.974
10775,618.5,180.5,0.99
10776,578.5,180.5,0.984
10777,542.5,184.5,0.977
10778,506.5,192.5,0.996
10779,472.5,200.5,0.993
10780,440.5,212.5,0.996
10781,412.5,226.5,0.997
10782,392.5,236.5,0.99
10783,364.5,256.5,0.994
10784,342.5,266.5,0.977
10785,322.5,244.5,0.988
10786,302.5,220.5,0.974
10787,280.5,202.5,0.978
10788,262.5,186.5,0.971
10789,244.5,174.5,0.978
10790,230.5,164.5,0.96
10791,198.5,194.5,0.981
10792,306.5,190.5,0.965
10793,350.5,208.5,0.97
10794,396.5,228.5,0.995
10795,444.5,252.5,0.977
10796,488.5,274.5,0.981
10797,528.5,298.5,0.981
10798,568.5,316.5,0.98
10799,612.5,338.5,0.979
10800,640.5,356.5,0.963
10801,680.5,388.5,0.959
10802,714.5,390.5,0.985
10803,748.5,390.5,0.976
10804,782.5,392.5,0.956
10805,820.5,404.5,0.977
10806,850.5,412.5,0.953
10807,160.5,248.5,0.866
10808,928.5,448.5,0.995
10809,962.5,468.5,0.968
10810,1000.5,494.5,0.993
10811,980.5,454.5,0.807
10812,940.5,402.5,0.967
10813,904.5,354.5,0.952
10814,874.5,316.5,0.994
10815,850.5,290.5,0.987
10816,822.5,264.5,0.991
10817,802.5,246.5,0.997
10818,778.5,228.5,0.987
10819,756.5,216.5,0.984
10820,738.5,210.5,0.984
10821,718.5,204.5,0.966
10822,700.5,202.5,0.956
10823,686.5,204.5,0.985
10824,672.5,208.5,0.995
10825,658.5,216.5,0.993
10826,646.5,226.5,0.997
10827,636.5,234.5,0.978
10828,624.5,248.5,0.994
10829,616.5,258.5,0.966
10830,608.5,280.5,0.863
10831,602.5,258.5,0.952
10832,600.5,240.5,0.929
10833,322.5,208.5,0.876
10834,1138.5,414.5,0.886
10835,590.5,190.5,0.96
10836,588.5,178.5,0.983
10837,584.5,172.5,0.96
10838,582.5,166.5,0.937
10839,580.5,162.5,0.982
10840,576.5,162.5,0.97
10841,574.5,164.5,0.965
10842,574.5,170.5,0.956
10843,572.5,176.5,0.976
10844,570.5,182.5,0.969
10845,568.5,192.5,0.989
10846,568.5,202.5,0.979
10847,566.5,216.5,0.987
10848,566.5,230.5,0.99
10849,368.5,196.5,0.737
10850,494.5,588.5,0.623
10851,494.5,588.5,0.623
10852,1078.5,470.5,0.927
10853,494.5,588.5,0.628
10854,494.5,588.5,0.627
10855,494.5,588.5,0.618
10856,494.5,588.5,0.626
10857,1248.5,296.5,0.817
10858,494.5,588.5,0.623
10859,494.5,588.5,0.539
10860,954.5,360.5,0.741
10861,494.5,588.5,0.724
10862,494.5,588.5,0.686
10863,1106.5,174.5,0.966
10864,1160.5,260.5,0.906
10865,432.5,196.5,0.88
10866,438.5,198.5,0.723
10867,440.5,192.5,0.744
10868,446.5,190.5,0.738
10869,448.5,188.5,0.871
10870,450.5,184.5,0.84
10871,452.5,180.5,0.903
10872,494.5,588.5,0.66
10873,456.5,172.5,0.915
10874,458.5,168.5,0.879
10875,494.5,588.5,0.655
10876,460.5,160.5,0.835
10877,462.5,154.5,0.871
10878,464.5,152.5,0.727
10879,494.5,588.5,0.656
10880,1022.5,230.5,0.886
10881,494.5,588.5,0.687
10882,494.5,588.5,0.641
10883,464.5,138.5,0.767
10884,494.5,588.5,0.651
10885,1082.5,376.5,0.845
10886,1062.5,382.5,0.863
10887,494.5,588.5,0.656
10888,494.5,588.5,0.66
10889,1044.5,236.5,0.806
10890,1014.5,448.5,0.727
10891,992.5,456.5,0.93
10892,974.5,466.5,0.961
10893,950.5,472.5,0.89
10894,494.5,588.5,0.655
10895,494.5,588.5,0.686
10896,906.5,518.5,0.83
10897,494.5,588.5,0.72
10898,730.5,468.5,0.767
10899,494.5,588.5,0.649
10900,494.5,588.5,0.756
10901,942.5,572.5,0.726
10902,494.5,588.5,0.679
10903,586.5,426.5,0.971
10904,886.5,434.5,0.882
10905,522.5,186.5,0.942
10906,566.5,416.5,0.975
10907,504.5,186.5,0.85
10908,500.5,184.5,0.947
10909,632.5,432.5,0.953
10910,820.5,360.5,0.942
10911,494.5,588.5,0.678
10912,850.5,402.5,0.786
10913,666.5,402.5,0.834
10914,804.5,324.5,0.882
10915,800.5,330.5,0.844
10916,638.5,326.5,0.776
10917,494.5,588.5,0.687
10918,512.5,198.5,0.862
10919,374.5,140.5,0.922
10920,620.5,422.5,0.781
10921,576.5,440.5,0.934
10922,766.5,546.5,0.898
10923,854.5,632.5,0.78
10925,368.5,150.5,0.737
10928,376.5,168.5,0.909
10933,368.5,224.5,0.552
10941,294.5,244.5,0.661
10942,448.5,210.5,0.858
10944,286.5,256.5,0.518
10969,1208.5,626.5,0.518
10970,1174.5,614.5,0.511
10971,1086.5,628.5,0.575
10973,1234.5,632.5,0.857
10974,1202.5,612.5,0.833
10975,376.5,204.5,0.815
10976,368.5,194.5,0.93
10977,358.5,186.5,0.961
10978,350.5,174.5,0.946
10979,340.5,158.5,0.787
10980,334.5,144.5,0.867
10981,322.5,124.5,0.622
10982,838.5,506.5,0.515
10983,1044.5,582.5,0.648
10987,494.5,588.5,0.503
10988,624.5,610.5,0.763
10990,580.5,632.5,0.782
10992,560.5,618.5,0.739
10993,550.5,614.5,0.505
10994,508.5,140.5,0.533
10998,784.5,364.5,0.612
11000,742.5,348.5,0.718
11001,732.5,344.5,0.852
11002,722.5,336.5,0.751
11003,712.5,328.5,0.784
11004,704.5,324.5,0.812
11005,696.5,320.5,0.547
11006,688.5,314.5,0.585
11007,680.5,310.5,0.699
11008,546.5,72.5,0.586
11010,298.5,90.5,0.745
11029,670.5,310.5,0.516
11030,276.5,184.5,0.812
11037,446.5,156.5,0.865
11042,324.5,110.5,0.894
11043,320.5,120.5,0.931
11044,320.5,134.5,0.947
11045,314.5,148.5,0.825
11046,316.5,172.5,0.928
11047,334.5,188.5,0.891
11054,710.5,618.5,0.672
11059,694.5,586.5,0.869
11062,700.5,590.5,0.57
11065,700.5,596.5,0.713
11066,700.5,596.5,0.646
11067,702.5,600.5,0.858
11068,360.5,228.5,0.805
11069,358.5,228.5,0.772
11075,352.5,218.5,0.94
11076,352.5,212.5,0.946
11077,350.5,206.5,0.952
11078,350.5,194.5,0.911
11079,348.5,186.5,0.936
11080,350.5,176.5,0.935
11082,354.5,160.5,0.863
11083,354.5,144.5,0.835
11087,790.5,482.5,0.929
11089,800.5,488.5,0.713
11093,404.5,148.5,0.953
11094,418.5,164.5,0.995
11095,422.5,180.5,0.993
11096,424.5,194.5,0.994
11097,456.5,224.5,0.991
11098,472.5,250.5,0.986
11099,486.5,270.5,0.995
11100,492.5,252.5,0.992
11101,498.5,240.5,0.973
11102,504.5,224.5,0.995
11103,510.5,210.5,0.995
11104,516.5,200.5,0.997
11105,524.5,192.5,0.989
11106,530.5,186.5,0.97
11107,538.5,184.5,0.962
11108,546.5,184.5,0.957
11109,554.5,188.5,0.971
11110,562.5,194.5,0.986
11111,570.5,202.5,0.979
11112,578.5,212.5,0.989
11113,586.5,226.5,0.986
11114,594.5,242.5,0.98
11115,600.5,256.5,0.981
11116,610.5,280.5,0.995
11117,616.5,304.5,0.992
11118,622.5,326.5,0.976
11119,630.5,322.5,0.997
11120,634.5,306.5,0.996
11121,644.5,290.5,0.998
11122,650.5,278.5,0.989
11123,660.5,268.5,0.99
11124,668.5,264.5,0.921
11125,676.5,260.5,0.998
11126,682.5,260.5,0.979
11127,690.5,264.5,0.986
11128,698.5,270.5,0.976
11129,706.5,276.5,0.995
11130,714.5,292.5,0.956
11131,720.5,302.5,0.979
11132,730.5,322.5,0.991
11133,730.5,340.5,0.995
11134,740.5,360.5,0.993
11135,744.5,386.5,0.986
11136,754.5,378.5,0.997
11137,760.5,364.5,0.996
11138,770.5,354.5,0.995
11139,778.5,346.5,0.998
11140,788.5,338.5,0.998
11141,796.5,334.5,0.994
11142,806.5,334.5,0.998
11143,814.5,338.5,0.995
11144,820.5,346.5,0.997
11145,830.5,358.5,0.996
11146,836.5,370.5,0.998
11147,842.5,384.5,0.971
11148,846.5,396.5,0.996
11149,850.5,392.5,0.994
11150,854.5,390.5,0.995
11151,860.5,382.5,0.949
11152,870.5,374.5,0.949
11155,940.5,356.5,0.654
11158,966.5,394.5,0.934
11163,342.5,152.5,0.927
11164,342.5,172.5,0.973
11165,340.5,190.5,0.916
11166,330.5,204.5,0.685
11168,306.5,232.5,0.724
11169,1012.5,546.5,0.824
11170,1014.5,556.5,0.913
11171,1016.5,566.5,0.932
11172,1018.5,572.5,0.855
11174,1020.5,576.5,0.555
11177,1018.5,568.5,0.614
11178,1016.5,568.5,0.923
11179,264.5,192.5,0.91
11180,262.5,186.5,0.935
11181,1022.5,552.5,0.951
11182,1024.5,548.5,0.909
11183,244.5,144.5,0.856
11184,1030.5,538.5,0.935
11185,1036.5,536.5,0.901
11186,1040.5,530.5,0.924
11187,1046.5,526.5,0.811
11188,1050.5,520.5,0.627
11189,1056.5,518.5,0.941
11190,1062.5,514.5,0.842
11193,1076.5,502.5,0.905
11194,1082.5,500.5,0.788
11195,1088.5,496.5,0.716
11196,1090.5,492.5,0.664
11198,1098.5,486.5,0.875
11199,1104.5,486.5,0.883
11200,1108.5,486.5,0.948
11201,1110.5,486.5,0.88
11202,1114.5,488.5,0.882
11203,1120.5,490.5,0.961
11204,1120.5,492.5,0.958
11211,280.5,148.5,0.797
11212,302.5,164.5,0.669
11213,306.5,176.5,0.965
11214,318.5,186.5,0.94
11216,342.5,208.5,0.525
11217,356.5,212.5,0.882
11218,368.5,222.5,0.902
11219,370.5,214.5,0.935
11220,374.5,210.5,0.922
11221,370.5,204.5,0.551
11222,374.5,212.5,0.652
11226,372.5,196.5,0.738
11227,370.5,198.5,0.518
11229,998.5,478.5,0.889
11230,996.5,482.5,0.965
11231,994.5,484.5,0.98
11232,992.5,486.5,0.93
11233,992.5,490.5,0.953
11234,992.5,492.5,0.93
11235,994.5,498.5,0.942
11236,996.5,500.5,0.958
11237,998.5,504.5,0.927
11238,1000.5,506.5,0.903
11239,1002.5,512.5,0.725
11240,1004.5,518.5,0.902
11241,1006.5,520.5,0.945
11242,1010.5,522.5,0.97
11243,1012.5,524.5,0.961
11244,1016.5,528.5,0.943
11245,1020.5,532.5,0.934
11246,1024.5,534.5,0.979
11247,1028.5,538.5,0.98
11248,1032.5,538.5,0.975
11249,1036.5,540.5,0.929
11250,1038.5,544.5,0.977
11251,1044.5,546.5,0.972
11252,1048.5,548.5,0.975
11253,1050.5,550.5,0.967
11254,1054.5,552.5,0.964
11255,1056.5,552.5,0.972
11256,1060.5,554.5,0.977
11257,1062.5,556.5,0.943
11258,1064.5,556.5,0.861
11259,1066.5,558.5,0.819
11260,1064.5,560.5,0.724
11261,1066.5,560.5,0.736
11262,1064.5,560.5,0.515
11263,1062.5,560.5,0.893
11264,1060.5,560.5,0.924
11265,1054.5,560.5,0.951
11266,1048.5,558.5,0.937
11267,1040.5,554.5,0.967
11268,1030.5,548.5,0.979
11269,366.5,222.5,0.792
11270,368.5,224.5,0.799
11273,956.5,474.5,0.547
11274,944.5,450.5,0.898
11275,932.5,414.5,0.924
11276,932.5,394.5,0.919
11280,938.5,302.5,0.918
11281,938.5,290.5,0.987
11282,940.5,276.5,0.969
11283,942.5,272.5,0.98
11284,942.5,268.5,0.891
11285,942.5,272.5,0.978
11286,940.5,282.5,0.952
11287,938.5,292.5,0.992
11288,936.5,306.5,0.999
11289,934.5,324.5,0.994
11290,932.5,348.5,0.991
11291,920.5,482.5,0.972
11292,918.5,496.5,0.918
11293,920.5,426.5,0.909
11294,494.5,588.5,0.642
11295,494.5,588.5,0.65
11296,798.5,424.5,0.911
11297,760.5,422.5,0.965
11298,722.5,390.5,0.932
11299,684.5,348.5,0.973
11300,664.5,328.5,0.992
11301,634.5,308.5,0.982
11302,606.5,290.5,0.99
11303,580.5,274.5,0.993
11304,558.5,266.5,0.993
11305,538.5,262.5,0.995
11306,518.5,260.5,0.998
11307,500.5,260.5,0.997
11308,482.5,266.5,0.998
11309,468.5,268.5,0.998
11310,452.5,250.5,0.996
11311,440.5,236.5,0.992
11312,426.5,224.5,0.994
11313,416.5,216.5,0.99
11314,404.5,208.5,0.952
11315,416.5,204.5,0.965
11316,444.5,202.5,0.974
11317,470.5,202.5,0.983
11318,498.5,204.5,0.994
11319,528.5,210.5,0.988
11320,550.5,214.5,0.963
11321,580.5,226.5,0.993
11322,612.5,242.5,0.996
11323,646.5,260.5,0.992
11324,658.5,266.5,0.991
11325,696.5,294.5,0.985
11326,728.5,322.5,0.993
11327,754.5,346.5,0.994
11328,778.5,344.5,0.995
11329,802.5,330.5,0.994
11330,830.5,330.5,0.996
11331,854.5,330.5,0.993
11332,884.5,330.5,0.995
11333,906.5,332.5,0.99
11334,934.5,342.5,0.992
11335,964.5,354.5,0.991
11336,986.5,366.5,0.963
11337,1006.5,376.5,0.963
11338,962.5,324.5,0.988
11339,922.5,278.5,0.997
11340,898.5,256.5,0.995
11341,864.5,226.5,0.997
11342,830.5,198.5,0.998
11343,794.5,172.5,0.996
11344,772.5,162.5,0.995
11345,742.5,146.5,0.988
11346,712.5,134.5,0.974
11347,688.5,130.5,0.978
11348,666.5,126.5,0.981
11349,642.5,128.5,0.987
11350,620.5,130.5,0.986
11351,600.5,136.5,0.976
11352,582.5,142.5,0.994
11353,564.5,154.5,0.986
11354,550.5,162.5,0.975
11355,534.5,178.5,0.996
11356,520.5,192.5,0.994
11357,506.5,208.5,0.993
11358,494.5,226.5,0.984
11359,486.5,242.5,0.966
11360,476.5,248.5,0.992
11361,468.5,228.5,0.994
11362,456.5,204.5,0.994
11363,448.5,186.5,0.993
11364,440.5,170.5,0.996
11365,432.5,158.5,0.985
11366,424.5,148.5,0.997
11367,418.5,138.5,0.989
11368,410.5,134.5,0.985
11369,404.5,130.5,0.987
11370,410.5,140.5,0.812
11371,444.5,164.5,0.961
11372,480.5,194.5,0.971
11373,500.5,210.5,0.926
11374,532.5,244.5,0.968
11375,398.5,178.5,0.867
11376,394.5,178.5,0.751
11377,568.5,314.5,0.938
11378,392.5,182.5,0.87
11379,548.5,312.5,0.989
11380,384.5,180.5,0.847
11381,524.5,304.5,0.964
11382,516.5,306.5,0.997
11383,506.5,306.5,0.997
11384,498.5,310.5,0.998
11385,488.5,316.5,0.99
11386,478.5,310.5,0.989
11387,468.5,306.5,0.998
11388,456.5,304.5,0.991
11389,446.5,304.5,0.997
11390,438.5,308.5,0.999
11391,428.5,314.5,0.998
11392,418.5,310.5,0.999
11393,410.5,304.5,0.997
11394,400.5,302.5,0.998
11395,390.5,302.5,0.998
11396,380.5,304.5,0.999
11397,372.5,308.5,0.999
11398,364.5,306.5,0.998
11399,354.5,302.5,0.995
11400,344.5,300.5,0.993
11401,336.5,300.5,0.987
11402,328.5,304.5,0.991
11403,320.5,308.5,0.992
11404,312.5,302.5,0.969
11405,302.5,298.5,0.983
11406,294.5,298.5,0.959
11407,286.5,300.5,0.954
11408,278.5,304.5,0.994
11409,272.5,312.5,0.995
11410,264.5,320.5,0.994
11411,260.5,330.5,0.984
11412,254.5,344.5,0.985
11413,250.5,356.5,0.96
11414,246.5,374.5,0.963
11415,244.5,392.5,0.973
11416,242.5,410.5,0.829
11417,240.5,432.5,0.939
11418,238.5,450.5,0.986
11419,230.5,442.5,0.973
11420,222.5,432.5,0.983
11421,210.5,422.5,0.993
11422,202.5,414.5,0.95
11423,194.5,410.5,0.96
11424,186.5,408.5,0.929
11425,178.5,406.5,0.945
11426,170.5,408.5,0.998
11427,182.5,358.5,0.89
11428,328.5,278.5,0.939
11429,198.5,278.5,0.987
11430,190.5,258.5,0.97
11431,570.5,90.5,0.956
11432,494.5,588.5,0.7
11433,494.5,588.5,0.702
11434,494.5,588.5,0.7
11435,494.5,588.5,0.691
11436,1230.5,122.5,0.943
11437,1254.5,140.5,0.934
11438,494.5,588.5,0.703
11439,494.5,588.5,0.698
11440,112.5,250.5,0.918
11441,290.5,332.5,0.73
11442,494.5,588.5,0.696
11443,494.5,588.5,0.698
11444,494.5,588.5,0.607
11445,494.5,588.5,0.723
11446,494.5,588.5,0.695
11447,494.5,588.5,0.702
11448,494.5,588.5,0.693
11449,494.5,588.5,0.704
11450,494.5,588.5,0.703
11451,828.5,512.5,0.924
11452,494.5,588.5,0.7
11453,796.5,404.5,0.772
11454,494.5,588.5,0.7
11455,494.5,588.5,0.703
11456,494.5,588.5,0.706
11457,494.5,588.5,0.718
11458,494.5,588.5,0.714
11459,494.5,588.5,0.701
11460,958.5,508.5,0.753
11461,30.5,250.5,0.914
11462,494.5,588.5,0.712
11463,494.5,588.5,0.72
11464,494.5,588.5,0.702
11465,494.5,588.5,0.711
11466,494.5,588.5,0.723
11467,494.5,588.5,0.68
11468,494.5,588.5,0.689
11469,494.5,588.5,0.702
11470,494.5,588.5,0.703
11471,494.5,588.5,0.705
11472,494.5,588.5,0.69
11473,622.5,430.5,0.955
11474,610.5,428.5,0.981
11475,602.5,428.5,0.892
11476,596.5,426.5,0.77
11477,494.5,588.5,0.675
11478,494.5,588.5,0.677
11479,494.5,588.5,0.68
11480,108.5,328.5,0.738
11481,494.5,588.5,0.682
11482,494.5,588.5,0.619
11483,494.5,588.5,0.535
11484,494.5,588.5,0.637
11487,510.5,558.5,0.649
11490,496.5,586.5,0.552
11493,676.5,292.5,0.817
11494,496.5,586.5,0.905
11502,184.5,516.5,0.549
11504,466.5,216.5,0.637
11505,184.5,516.5,0.576
11512,164.5,266.5,0.853
11513,502.5,580.5,0.571
11515,494.5,586.5,0.753
11519,184.5,514.5,0.504
11522,494.5,588.5,0.694
11523,494.5,588.5,0.743
11524,494.5,588.5,0.735
11525,494.5,588.5,0.663
11526,494.5,588.5,0.673
11527,494.5,588.5,0.67
11528,494.5,588.5,0.566
11529,494.5,588.5,0.546
11530,494.5,588.5,0.517
11539,484.5,464.5,0.81
11548,564.5,278.5,0.657
11552,432.5,588.5,0.755
11556,494.5,588.5,0.529
11557,494.5,588.5,0.544
11558,494.5,588.5,0.633
