track,frame,t_s,x_px,y_px
0,31,1.033,1048.5,236.5
0,34,1.133,898.5,460.5
0,35,1.167,904.5,452.5
0,36,1.2,908.5,444.5
0,37,1.233,912.5,440.5
0,38,1.267,912.5,434.5
0,40,1.333,916.5,424.5
0,41,1.367,916.5,420.5
0,42,1.4,916.5,418.5
0,43,1.433,918.5,414.5
1,71,2.367,394.5,196.5
1,72,2.4,402.5,180.5
1,73,2.433,414.5,170.5
1,74,2.467,414.5,156.5
1,75,2.5,410.5,146.5
1,76,2.533,400.5,134.5
1,80,2.667,198.5,138.5
1,81,2.7,192.5,146.5
1,84,2.8,400.5,164.5
1,85,2.833,394.5,176.5
1,86,2.867,386.5,186.5
1,87,2.9,374.5,200.5
1,88,2.933,356.5,212.5
1,89,2.967,326.5,212.5
1,90,3.0,284.5,198.5
1,91,3.033,250.5,194.5
1,92,3.067,176.5,220.5
1,93,3.1,194.5,212.5
2,100,3.333,1024.5,232.5
2,101,3.367,1024.5,232.5
2,102,3.4,1024.5,232.5
2,106,3.533,878.5,442.5
2,110,3.667,816.5,318.5
2,111,3.7,806.5,290.5
2,112,3.733,784.5,258.5
2,113,3.767,758.5,226.5
2,114,3.8,742.5,208.5
2,115,3.833,722.5,190.5
2,116,3.867,704.5,178.5
2,117,3.9,684.5,166.5
2,118,3.933,670.5,162.5
2,119,3.967,648.5,160.5
2,120,4.0,634.5,162.5
2,121,4.033,620.5,166.5
2,122,4.067,606.5,176.5
2,123,4.1,592.5,186.5
2,124,4.133,580.5,198.5
2,125,4.167,568.5,214.5
2,126,4.2,558.5,230.5
2,127,4.233,548.5,248.5
2,128,4.267,538.5,268.5
2,129,4.3,530.5,286.5
2,131,4.367,514.5,300.5
2,132,4.4,504.5,274.5
2,133,4.433,494.5,250.5
2,134,4.467,486.5,232.5
2,135,4.5,478.5,214.5
2,136,4.533,470.5,202.5
2,137,4.567,462.5,190.5
2,138,4.6,454.5,182.5
2,139,4.633,446.5,176.5
2,140,4.667,438.5,176.5
2,141,4.7,432.5,176.5
2,142,4.733,426.5,178.5
2,143,4.767,420.5,184.5
2,144,4.8,416.5,194.5
2,145,4.833,412.5,204.5
2,146,4.867,406.5,216.5
2,147,4.9,404.5,230.5
2,148,4.933,400.5,248.5
2,149,4.967,398.5,264.5
2,150,5.0,394.5,274.5
2,151,5.033,390.5,256.5
2,152,5.067,380.5,234.5
2,153,5.1,374.5,222.5
2,154,5.133,370.5,210.5
2,155,5.167,362.5,200.5
2,156,5.2,358.5,190.5
2,157,5.233,352.5,184.5
2,158,5.267,348.5,182.5
2,159,5.3,342.5,182.5
2,160,5.333,338.5,184.5
2,161,5.367,334.5,188.5
2,162,5.4,332.5,194.5
2,163,5.433,328.5,206.5
2,164,5.467,326.5,214.5
2,165,5.5,326.5,228.5
2,166,5.533,326.5,230.5
2,167,5.567,322.5,214.5
2,168,5.6,316.5,202.5
2,169,5.633,310.5,188.5
2,170,5.667,304.5,176.5
3,230,7.667,350.5,218.5
3,233,7.767,350.5,218.5
3,237,7.9,344.5,224.5
3,239,7.967,342.5,228.5
3,240,8.0,334.5,232.5
3,241,8.033,330.5,234.5
3,242,8.067,324.5,232.5
3,243,8.1,318.5,236.5
3,244,8.133,314.5,236.5
3,245,8.167,310.5,240.5
3,246,8.2,304.5,240.5
3,247,8.233,300.5,242.5
3,248,8.267,296.5,246.5
3,249,8.3,292.5,248.5
3,250,8.333,288.5,248.5
3,251,8.367,286.5,252.5
3,252,8.4,284.5,254.5
4,263,8.767,274.5,252.5
4,264,8.8,268.5,240.5
4,266,8.867,264.5,224.5
4,267,8.9,262.5,218.5
4,268,8.933,262.5,212.5
4,269,8.967,260.5,212.5
4,270,9.0,260.5,216.5
4,271,9.033,262.5,220.5
4,272,9.067,262.5,226.5
4,273,9.1,262.5,236.5
4,274,9.133,286.5,254.5
4,275,9.167,300.5,234.5
4,277,9.233,404.5,276.5
4,278,9.267,438.5,264.5
4,279,9.3,474.5,258.5
4,280,9.333,506.5,252.5
4,281,9.367,540.5,254.5
4,282,9.4,576.5,258.5
4,283,9.433,606.5,262.5
4,284,9.467,642.5,270.5
4,285,9.5,678.5,284.5
4,286,9.533,706.5,294.5
4,287,9.567,738.5,308.5
4,288,9.6,770.5,328.5
4,289,9.633,798.5,336.5
4,290,9.667,828.5,326.5
4,291,9.7,860.5,314.5
4,292,9.733,882.5,310.5
4,293,9.767,916.5,306.5
4,294,9.8,942.5,304.5
4,295,9.833,970.5,308.5
4,296,9.867,1000.5,312.5
4,297,9.9,1026.5,322.5
4,298,9.933,1036.5,322.5
4,299,9.967,1006.5,298.5
4,300,10.0,956.5,268.5
4,301,10.033,930.5,254.5
4,302,10.067,900.5,240.5
4,303,10.1,866.5,228.5
4,304,10.133,834.5,218.5
4,305,10.167,800.5,212.5
4,306,10.2,778.5,212.5
4,307,10.233,750.5,212.5
4,308,10.267,724.5,216.5
4,309,10.3,698.5,222.5
4,310,10.333,678.5,228.5
4,311,10.367,654.5,240.5
4,312,10.4,634.5,250.5
4,313,10.433,616.5,260.5
4,314,10.467,596.5,266.5
4,315,10.5,584.5,248.5
4,316,10.533,570.5,230.5
4,317,10.567,558.5,218.5
4,318,10.6,544.5,208.5
4,319,10.633,532.5,200.5
4,320,10.667,520.5,194.5
4,321,10.7,506.5,188.5
4,322,10.733,496.5,188.5
4,323,10.767,458.5,196.5
4,324,10.8,498.5,188.5
4,325,10.833,518.5,188.5
4,326,10.867,538.5,188.5
4,327,10.9,558.5,192.5
4,328,10.933,578.5,196.5
4,329,10.967,604.5,208.5
4,330,11.0,626.5,222.5
4,331,11.033,642.5,232.5
4,332,11.067,674.5,258.5
4,333,11.1,692.5,276.5
4,334,11.133,714.5,298.5
4,335,11.167,734.5,324.5
4,336,11.2,754.5,352.5
4,337,11.233,778.5,388.5
4,338,11.267,796.5,380.5
4,339,11.3,816.5,374.5
4,340,11.333,838.5,368.5
4,341,11.367,856.5,368.5
4,342,11.4,888.5,372.5
4,343,11.433,848.5,338.5
4,344,11.467,804.5,314.5
4,345,11.5,772.5,290.5
4,346,11.533,734.5,268.5
4,347,11.567,700.5,254.5
4,348,11.6,674.5,242.5
4,349,11.633,632.5,228.5
4,350,11.667,604.5,226.5
4,351,11.7,574.5,222.5
4,352,11.733,548.5,222.5
4,353,11.767,526.5,226.5
4,354,11.8,500.5,230.5
4,355,11.833,478.5,238.5
4,356,11.867,456.5,246.5
4,357,11.9,440.5,258.5
4,358,11.933,422.5,268.5
4,359,11.967,408.5,284.5
4,360,12.0,390.5,300.5
4,361,12.033,376.5,284.5
4,362,12.067,362.5,264.5
4,363,12.1,350.5,250.5
4,364,12.133,338.5,232.5
4,365,12.167,324.5,220.5
4,366,12.2,314.5,210.5
4,367,12.233,304.5,206.5
4,368,12.267,294.5,202.5
4,369,12.3,284.5,202.5
4,370,12.333,274.5,202.5
4,371,12.367,266.5,206.5
4,372,12.4,282.5,212.5
4,374,12.467,396.5,224.5
4,375,12.5,450.5,232.5
4,376,12.533,512.5,248.5
4,378,12.6,616.5,280.5
4,379,12.633,674.5,306.5
4,380,12.667,730.5,330.5
4,381,12.7,780.5,326.5
4,382,12.733,838.5,316.5
4,383,12.767,874.5,310.5
4,384,12.8,934.5,304.5
4,385,12.833,974.5,302.5
4,386,12.867,1020.5,304.5
4,387,12.9,1068.5,308.5
4,388,12.933,1070.5,292.5
4,389,12.967,1036.5,258.5
4,391,13.033,970.5,204.5
4,393,13.1,902.5,162.5
4,394,13.133,870.5,148.5
4,395,13.167,838.5,132.5
4,396,13.2,802.5,122.5
4,397,13.233,774.5,116.5
4,398,13.267,750.5,116.5
4,399,13.3,720.5,116.5
4,400,13.333,690.5,118.5
4,401,13.367,670.5,124.5
4,402,13.4,640.5,134.5
4,403,13.433,616.5,144.5
4,404,13.467,590.5,158.5
4,405,13.5,570.5,170.5
4,406,13.533,546.5,188.5
4,407,13.567,526.5,204.5
4,408,13.6,506.5,226.5
4,409,13.633,484.5,246.5
4,410,13.667,468.5,266.5
4,411,13.7,450.5,288.5
4,412,13.733,436.5,296.5
4,413,13.767,422.5,268.5
4,414,13.8,410.5,250.5
4,415,13.833,400.5,234.5
4,416,13.867,384.5,214.5
4,417,13.9,372.5,202.5
4,418,13.933,362.5,192.5
4,419,13.967,350.5,184.5
4,420,14.0,338.5,178.5
4,421,14.033,330.5,176.5
4,422,14.067,320.5,178.5
4,423,14.1,310.5,180.5
4,424,14.133,302.5,186.5
4,425,14.167,294.5,194.5
4,426,14.2,284.5,204.5
4,427,14.233,286.5,214.5
4,428,14.267,326.5,216.5
4,430,14.333,466.5,246.5
4,431,14.367,538.5,266.5
4,432,14.4,616.5,300.5
4,434,14.467,738.5,336.5
4,435,14.5,786.5,324.5
4,436,14.533,860.5,312.5
4,437,14.567,906.5,308.5
4,438,14.6,956.5,306.5
4,439,14.633,1016.5,306.5
4,440,14.667,1078.5,308.5
4,441,14.7,1122.5,314.5
4,442,14.733,1178.5,324.5
4,443,14.767,1156.5,296.5
4,444,14.8,1114.5,262.5
4,445,14.833,1062.5,222.5
4,449,14.967,920.5,148.5
4,450,15.0,880.5,134.5
4,451,15.033,844.5,124.5
4,452,15.067,802.5,118.5
4,453,15.1,768.5,116.5
4,454,15.133,736.5,116.5
4,455,15.167,704.5,122.5
4,456,15.2,678.5,126.5
4,457,15.233,646.5,136.5
4,458,15.267,620.5,146.5
4,459,15.3,594.5,158.5
4,460,15.333,570.5,172.5
4,461,15.367,544.5,188.5
4,462,15.4,522.5,204.5
4,463,15.433,504.5,220.5
4,464,15.467,478.5,244.5
4,465,15.5,462.5,260.5
4,466,15.533,448.5,276.5
4,467,15.567,432.5,252.5
4,468,15.6,420.5,234.5
4,469,15.633,404.5,210.5
4,470,15.667,390.5,194.5
4,471,15.7,376.5,180.5
4,472,15.733,364.5,170.5
4,473,15.767,354.5,164.5
4,474,15.8,340.5,156.5
4,475,15.833,332.5,154.5
4,476,15.867,322.5,154.5
4,477,15.9,314.5,156.5
4,478,15.933,304.5,164.5
4,479,15.967,294.5,170.5
4,480,16.0,292.5,178.5
4,481,16.033,310.5,164.5
4,482,16.067,326.5,148.5
4,483,16.1,398.5,172.5
4,484,16.133,422.5,174.5
4,485,16.167,472.5,186.5
4,486,16.2,508.5,196.5
4,487,16.233,554.5,214.5
4,488,16.267,594.5,232.5
4,489,16.3,646.5,260.5
4,491,16.367,728.5,312.5
4,492,16.4,770.5,346.5
4,493,16.433,810.5,378.5
4,495,16.5,910.5,428.5
4,496,16.533,960.5,420.5
4,497,16.567,1020.5,414.5
4,498,16.6,1068.5,414.5
4,499,16.633,1132.5,418.5
4,500,16.667,1156.5,388.5
4,501,16.7,1108.5,328.5
5,511,17.033,674.5,24.5
5,512,17.067,640.5,22.5
5,513,17.1,608.5,26.5
5,514,17.133,586.5,34.5
5,515,17.167,558.5,42.5
5,516,17.2,534.5,54.5
5,517,17.233,514.5,70.5
5,518,17.267,496.5,86.5
5,519,17.3,480.5,104.5
5,520,17.333,464.5,126.5
5,521,17.367,450.5,148.5
5,522,17.4,438.5,172.5
5,523,17.433,424.5,200.5
5,524,17.467,420.5,218.5
5,525,17.5,408.5,248.5
5,526,17.533,404.5,266.5
5,527,17.567,396.5,282.5
5,528,17.6,384.5,246.5
5,529,17.633,376.5,218.5
5,530,17.667,368.5,192.5
5,531,17.7,360.5,168.5
5,532,17.733,354.5,152.5
5,534,17.8,342.5,120.5
5,535,17.833,338.5,108.5
5,536,17.867,332.5,102.5
5,537,17.9,330.5,96.5
5,538,17.933,326.5,92.5
5,539,17.967,322.5,94.5
5,540,18.0,320.5,96.5
5,541,18.033,318.5,102.5
5,542,18.067,318.5,110.5
5,543,18.1,316.5,118.5
5,544,18.133,314.5,130.5
5,545,18.167,306.5,148.5
5,546,18.2,326.5,140.5
5,547,18.233,314.5,172.5
5,548,18.267,316.5,188.5
5,549,18.3,316.5,206.5
5,551,18.367,476.5,152.5
5,553,18.433,492.5,152.5
6,559,18.633,472.5,160.5
6,562,18.733,310.5,260.5
6,564,18.8,306.5,252.5
6,566,18.867,304.5,252.5
6,568,18.933,306.5,258.5
6,569,18.967,306.5,268.5
6,571,19.033,424.5,184.5
6,572,19.067,418.5,190.5
6,573,19.1,414.5,194.5
6,577,19.233,300.5,276.5
7,627,20.9,400.5,226.5
7,628,20.933,394.5,226.5
7,630,21.0,384.5,232.5
7,631,21.033,380.5,234.5
7,634,21.133,368.5,242.5
8,665,22.167,532.5,512.5
8,666,22.2,552.5,508.5
8,667,22.233,570.5,500.5
8,668,22.267,592.5,500.5
8,672,22.4,690.5,500.5
9,701,23.367,366.5,204.5
9,702,23.4,366.5,208.5
9,704,23.467,360.5,212.5
9,705,23.5,356.5,214.5
9,706,23.533,352.5,216.5
9,707,23.567,348.5,218.5
9,708,23.6,342.5,218.5
9,709,23.633,338.5,222.5
9,710,23.667,332.5,222.5
9,711,23.7,326.5,226.5
9,712,23.733,322.5,228.5
9,713,23.767,318.5,230.5
9,714,23.8,314.5,232.5
9,715,23.833,310.5,234.5
9,716,23.867,306.5,236.5
9,717,23.9,302.5,238.5
9,718,23.933,298.5,240.5
9,719,23.967,294.5,242.5
9,720,24.0,292.5,242.5
9,721,24.033,290.5,246.5
9,722,24.067,288.5,248.5
9,723,24.1,286.5,250.5
9,724,24.133,286.5,252.5
9,725,24.167,284.5,254.5
10,736,24.533,276.5,254.5
10,737,24.567,272.5,244.5
10,738,24.6,268.5,232.5
10,739,24.633,262.5,220.5
10,741,24.7,260.5,212.5
10,742,24.733,256.5,208.5
10,743,24.767,254.5,210.5
10,744,24.8,252.5,214.5
10,745,24.833,252.5,222.5
10,746,24.867,248.5,228.5
10,747,24.9,258.5,242.5
10,748,24.933,296.5,260.5
10,749,24.967,358.5,284.5
10,750,25.0,392.5,274.5
10,751,25.033,434.5,264.5
10,752,25.067,478.5,256.5
10,753,25.1,518.5,252.5
10,754,25.133,562.5,256.5
10,755,25.167,604.5,258.5
10,756,25.2,650.5,260.5
10,757,25.233,690.5,272.5
10,758,25.267,732.5,282.5
10,759,25.3,768.5,294.5
10,760,25.333,806.5,316.5
10,761,25.367,852.5,336.5
10,762,25.4,898.5,370.5
10,763,25.433,938.5,364.5
10,764,25.467,976.5,350.5
10,765,25.5,1006.5,342.5
10,766,25.533,1036.5,338.5
10,767,25.567,1074.5,334.5
10,768,25.6,1078.5,318.5
10,769,25.633,1032.5,268.5
10,770,25.667,1016.5,250.5
10,771,25.7,968.5,208.5
10,772,25.733,952.5,198.5
10,774,25.8,886.5,158.5
10,775,25.833,858.5,148.5
10,776,25.867,830.5,142.5
10,777,25.9,800.5,136.5
10,778,25.933,770.5,134.5
10,779,25.967,746.5,138.5
10,780,26.0,720.5,142.5
10,781,26.033,696.5,150.5
10,782,26.067,676.5,160.5
10,783,26.1,650.5,174.5
10,784,26.133,630.5,186.5
10,785,26.167,610.5,202.5
10,786,26.2,590.5,222.5
10,787,26.233,576.5,238.5
10,788,26.267,552.5,262.5
10,789,26.3,542.5,280.5
10,790,26.333,530.5,280.5
10,791,26.367,520.5,254.5
10,792,26.4,512.5,236.5
10,793,26.433,502.5,216.5
10,794,26.467,490.5,198.5
10,795,26.5,484.5,186.5
10,796,26.533,476.5,174.5
10,797,26.567,468.5,166.5
10,798,26.6,460.5,162.5
10,799,26.633,452.5,158.5
10,800,26.667,444.5,158.5
10,801,26.7,438.5,162.5
10,802,26.733,430.5,166.5
10,803,26.767,426.5,174.5
10,804,26.8,424.5,182.5
10,805,26.833,464.5,200.5
10,806,26.867,496.5,220.5
10,807,26.9,530.5,242.5
10,808,26.933,564.5,266.5
10,809,26.967,598.5,292.5
10,810,27.0,630.5,326.5
10,811,27.033,666.5,360.5
10,812,27.067,698.5,356.5
10,813,27.1,726.5,356.5
10,814,27.133,758.5,356.5
10,815,27.167,796.5,358.5
10,816,27.2,830.5,362.5
10,817,27.233,866.5,374.5
10,818,27.267,900.5,384.5
10,819,27.3,938.5,410.5
10,820,27.333,984.5,436.5
10,821,27.367,1016.5,460.5
10,822,27.4,1064.5,498.5
10,823,27.433,1022.5,452.5
10,824,27.467,972.5,404.5
10,826,27.533,874.5,316.5
10,827,27.567,828.5,282.5
10,828,27.6,794.5,260.5
10,829,27.633,766.5,244.5
10,830,27.667,734.5,228.5
10,831,27.7,704.5,216.5
10,832,27.733,678.5,210.5
10,833,27.767,658.5,208.5
10,834,27.8,634.5,208.5
10,835,27.833,616.5,210.5
10,836,27.867,600.5,218.5
10,837,27.9,584.5,226.5
10,838,27.933,572.5,234.5
10,839,27.967,562.5,244.5
10,840,28.0,550.5,260.5
10,841,28.033,538.5,268.5
10,842,28.067,532.5,252.5
10,843,28.1,528.5,232.5
10,844,28.133,520.5,210.5
10,845,28.167,516.5,196.5
10,846,28.2,510.5,184.5
10,847,28.233,504.5,170.5
10,848,28.267,502.5,162.5
10,849,28.3,496.5,158.5
10,850,28.333,492.5,152.5
10,851,28.367,460.5,170.5
10,852,28.4,510.5,150.5
10,853,28.433,534.5,150.5
10,854,28.467,554.5,152.5
10,855,28.5,572.5,156.5
10,856,28.533,594.5,164.5
10,857,28.567,614.5,176.5
10,858,28.6,634.5,188.5
10,859,28.633,658.5,206.5
10,860,28.667,678.5,226.5
10,861,28.7,698.5,244.5
10,862,28.733,724.5,276.5
10,863,28.767,744.5,306.5
10,864,28.8,762.5,332.5
10,865,28.833,780.5,352.5
10,866,28.867,798.5,336.5
10,867,28.9,820.5,324.5
10,868,28.933,842.5,312.5
10,869,28.967,860.5,308.5
10,870,29.0,882.5,302.5
10,871,29.033,902.5,300.5
10,872,29.067,924.5,304.5
10,873,29.1,944.5,308.5
10,874,29.133,966.5,320.5
10,875,29.167,986.5,332.5
10,876,29.2,1006.5,346.5
10,877,29.233,1028.5,368.5
11,882,29.4,1000.5,388.5
11,883,29.433,976.5,372.5
11,884,29.467,906.5,324.5
11,885,29.5,866.5,302.5
11,886,29.533,826.5,280.5
11,887,29.567,778.5,260.5
11,888,29.6,746.5,252.5
11,889,29.633,714.5,244.5
11,890,29.667,684.5,242.5
11,891,29.7,650.5,240.5
11,892,29.733,630.5,242.5
11,893,29.767,608.5,246.5
11,894,29.8,588.5,254.5
11,895,29.833,566.5,264.5
11,896,29.867,550.5,266.5
11,897,29.9,534.5,248.5
11,898,29.933,520.5,228.5
11,899,29.967,506.5,214.5
11,900,30.0,494.5,202.5
11,901,30.033,482.5,192.5
11,902,30.067,470.5,186.5
11,903,30.1,458.5,180.5
11,904,30.133,450.5,178.5
11,905,30.167,462.5,174.5
11,906,30.2,484.5,166.5
11,907,30.233,508.5,164.5
11,908,30.267,538.5,160.5
11,909,30.3,564.5,162.5
11,910,30.333,594.5,164.5
11,911,30.367,624.5,172.5
11,912,30.4,650.5,180.5
11,913,30.433,686.5,194.5
11,914,30.467,716.5,210.5
11,915,30.5,742.5,226.5
11,916,30.533,770.5,244.5
11,917,30.567,806.5,272.5
11,918,30.6,836.5,298.5
11,919,30.633,854.5,316.5
11,920,30.667,880.5,346.5
11,921,30.7,922.5,352.5
11,922,30.733,952.5,334.5
11,923,30.767,976.5,326.5
11,924,30.8,1006.5,316.5
11,925,30.833,1036.5,312.5
11,926,30.867,1066.5,308.5
11,927,30.9,1100.5,308.5
11,928,30.933,1126.5,314.5
11,929,30.967,1156.5,322.5
11,930,31.0,1180.5,332.5
11,931,31.033,1206.5,346.5
11,935,31.167,1202.5,340.5
11,936,31.2,1140.5,292.5
11,937,31.233,1092.5,258.5
11,941,31.367,838.5,138.5
11,942,31.4,790.5,128.5
11,943,31.433,742.5,118.5
11,944,31.467,698.5,116.5
11,945,31.5,666.5,116.5
11,946,31.533,622.5,122.5
11,947,31.567,588.5,130.5
11,948,31.6,558.5,138.5
11,949,31.633,530.5,150.5
11,950,31.667,504.5,164.5
11,951,31.7,480.5,182.5
11,952,31.733,458.5,200.5
11,953,31.767,440.5,218.5
11,954,31.8,424.5,236.5
11,955,31.833,408.5,252.5
11,956,31.867,390.5,230.5
11,958,31.933,354.5,186.5
11,960,32.0,318.5,152.5
11,961,32.033,300.5,138.5
11,964,32.133,268.5,122.5
11,967,32.233,456.5,180.5
11,970,32.333,652.5,284.5
11,972,32.4,770.5,340.5
11,974,32.467,936.5,320.5
11,975,32.5,978.5,316.5
11,976,32.533,1054.5,320.5
11,978,32.6,1210.5,334.5
11,979,32.633,1272.5,346.5
11,982,32.733,1244.5,198.5
11,983,32.767,1200.5,144.5
12,999,33.3,650.5,22.5
12,1000,33.333,632.5,46.5
12,1001,33.367,610.5,72.5
12,1002,33.4,590.5,98.5
12,1003,33.433,570.5,128.5
12,1004,33.467,554.5,152.5
12,1005,33.5,538.5,182.5
12,1006,33.533,522.5,210.5
12,1007,33.567,510.5,234.5
12,1008,33.6,496.5,262.5
12,1009,33.633,486.5,262.5
12,1010,33.667,472.5,232.5
12,1011,33.7,464.5,202.5
12,1012,33.733,456.5,180.5
12,1013,33.767,444.5,156.5
12,1014,33.8,436.5,138.5
12,1015,33.833,426.5,122.5
12,1016,33.867,416.5,106.5
12,1017,33.9,408.5,96.5
12,1018,33.933,400.5,88.5
12,1019,33.967,392.5,82.5
12,1020,34.0,384.5,80.5
12,1021,34.033,376.5,80.5
12,1022,34.067,368.5,82.5
12,1023,34.1,362.5,86.5
12,1024,34.133,356.5,94.5
12,1025,34.167,350.5,104.5
12,1026,34.2,344.5,114.5
12,1027,34.233,342.5,130.5
12,1028,34.267,336.5,146.5
12,1029,34.3,332.5,162.5
12,1030,34.333,330.5,184.5
12,1031,34.367,328.5,198.5
12,1032,34.4,328.5,212.5
12,1033,34.433,328.5,228.5
12,1034,34.467,328.5,244.5
12,1035,34.5,328.5,264.5
12,1036,34.533,330.5,290.5
12,1037,34.567,328.5,286.5
12,1038,34.6,326.5,274.5
12,1039,34.633,322.5,264.5
12,1040,34.667,318.5,256.5
12,1041,34.7,316.5,250.5
12,1042,34.733,312.5,246.5
12,1043,34.767,310.5,248.5
12,1044,34.8,308.5,252.5
12,1045,34.833,308.5,258.5
12,1046,34.867,306.5,266.5
12,1047,34.9,306.5,276.5
12,1048,34.933,306.5,292.5
12,1049,34.967,308.5,308.5
12,1050,35.0,308.5,326.5
12,1051,35.033,310.5,346.5
12,1052,35.067,312.5,372.5
12,1053,35.1,314.5,396.5
12,1054,35.133,318.5,424.5
12,1055,35.167,320.5,454.5
12,1057,35.233,328.5,514.5
12,1060,35.333,328.5,546.5
12,1061,35.367,324.5,536.5
12,1062,35.4,320.5,528.5
12,1063,35.433,316.5,522.5
12,1064,35.467,312.5,520.5
12,1065,35.5,308.5,520.5
12,1066,35.533,306.5,522.5
12,1067,35.567,304.5,528.5
12,1068,35.6,302.5,534.5
12,1069,35.633,300.5,544.5
12,1070,35.667,300.5,558.5
12,1071,35.7,298.5,570.5
12,1072,35.733,298.5,586.5
13,1129,37.633,262.5,466.5
13,1130,37.667,268.5,482.5
13,1132,37.733,280.5,512.5
13,1135,37.833,384.5,428.5
13,1137,37.9,314.5,586.5
13,1139,37.967,408.5,450.5
14,1150,38.333,400.5,346.5
14,1151,38.367,350.5,326.5
14,1154,38.467,374.5,578.5
14,1155,38.5,388.5,552.5
14,1156,38.533,406.5,522.5
14,1157,38.567,438.5,492.5
14,1158,38.6,456.5,456.5
14,1159,38.633,474.5,422.5
14,1160,38.667,490.5,394.5
14,1161,38.7,516.5,358.5
14,1162,38.733,532.5,336.5
14,1163,38.767,548.5,316.5
14,1164,38.8,564.5,300.5
14,1165,38.833,582.5,288.5
14,1166,38.867,600.5,278.5
14,1167,38.9,618.5,274.5
14,1168,38.933,634.5,268.5
14,1169,38.967,648.5,266.5
14,1170,39.0,662.5,272.5
14,1171,39.033,678.5,276.5
14,1172,39.067,694.5,288.5
14,1173,39.1,708.5,296.5
14,1174,39.133,720.5,308.5
14,1175,39.167,728.5,326.5
14,1176,39.2,742.5,346.5
14,1177,39.233,752.5,368.5
14,1178,39.267,762.5,354.5
14,1179,39.3,770.5,336.5
14,1180,39.333,776.5,316.5
14,1181,39.367,782.5,300.5
14,1182,39.4,788.5,290.5
14,1183,39.433,794.5,278.5
14,1184,39.467,800.5,272.5
14,1185,39.5,808.5,268.5
14,1186,39.533,814.5,266.5
14,1187,39.567,818.5,270.5
14,1188,39.6,824.5,274.5
14,1189,39.633,826.5,282.5
14,1190,39.667,830.5,290.5
14,1191,39.7,834.5,306.5
14,1192,39.733,838.5,320.5
14,1193,39.767,838.5,338.5
14,1194,39.8,838.5,358.5
14,1195,39.833,850.5,346.5
14,1196,39.867,854.5,330.5
14,1197,39.9,862.5,314.5
14,1198,39.933,868.5,304.5
14,1199,39.967,874.5,294.5
14,1200,40.0,880.5,286.5
14,1201,40.033,886.5,282.5
14,1202,40.067,892.5,282.5
14,1203,40.1,896.5,286.5
14,1204,40.133,902.5,290.5
14,1205,40.167,902.5,298.5
14,1206,40.2,906.5,286.5
14,1207,40.233,906.5,260.5
14,1208,40.267,904.5,228.5
14,1209,40.3,904.5,200.5
14,1210,40.333,904.5,180.5
14,1211,40.367,900.5,156.5
14,1212,40.4,896.5,138.5
14,1213,40.433,894.5,122.5
14,1214,40.467,890.5,112.5
14,1215,40.5,888.5,102.5
14,1216,40.533,882.5,96.5
14,1217,40.567,878.5,96.5
14,1218,40.6,872.5,98.5
14,1219,40.633,866.5,106.5
14,1220,40.667,862.5,116.5
14,1221,40.7,854.5,128.5
14,1222,40.733,850.5,146.5
14,1223,40.767,842.5,162.5
14,1224,40.8,836.5,184.5
14,1225,40.833,830.5,204.5
14,1226,40.867,822.5,228.5
14,1227,40.9,828.5,218.5
14,1230,41.0,1058.5,240.5
14,1232,41.067,952.5,224.5
15,1329,44.3,818.5,328.5
15,1330,44.333,818.5,324.5
15,1332,44.4,866.5,316.5
15,1333,44.433,822.5,304.5
15,1334,44.467,822.5,284.5
15,1335,44.5,822.5,268.5
15,1336,44.533,822.5,254.5
15,1337,44.567,824.5,242.5
15,1338,44.6,824.5,234.5
15,1339,44.633,824.5,224.5
15,1340,44.667,826.5,224.5
15,1341,44.7,824.5,226.5
15,1342,44.733,824.5,234.5
15,1343,44.767,824.5,242.5
15,1344,44.8,824.5,252.5
15,1345,44.833,822.5,268.5
15,1346,44.867,820.5,282.5
15,1347,44.9,818.5,302.5
15,1348,44.933,816.5,328.5
15,1349,44.967,812.5,348.5
15,1350,45.0,810.5,376.5
15,1351,45.033,806.5,392.5
15,1352,45.067,808.5,408.5
15,1353,45.1,812.5,388.5
15,1354,45.133,822.5,364.5
15,1355,45.167,830.5,346.5
15,1356,45.2,836.5,330.5
15,1357,45.233,844.5,320.5
15,1358,45.267,850.5,310.5
15,1359,45.3,858.5,306.5
15,1360,45.333,864.5,304.5
15,1361,45.367,872.5,304.5
15,1362,45.4,878.5,308.5
15,1363,45.433,884.5,316.5
15,1364,45.467,888.5,330.5
15,1365,45.5,892.5,344.5
15,1366,45.533,896.5,360.5
15,1367,45.567,898.5,376.5
15,1370,45.667,932.5,392.5
15,1371,45.7,938.5,392.5
15,1372,45.733,936.5,392.5
16,1390,46.333,830.5,370.5
16,1391,46.367,812.5,358.5
16,1392,46.4,806.5,360.5
16,1393,46.433,826.5,306.5
16,1394,46.467,822.5,276.5
16,1395,46.5,824.5,256.5
16,1396,46.533,820.5,238.5
16,1397,46.567,818.5,220.5
16,1398,46.6,816.5,208.5
16,1399,46.633,814.5,198.5
16,1400,46.667,812.5,192.5
16,1401,46.7,808.5,188.5
16,1402,46.733,802.5,188.5
16,1403,46.767,800.5,194.5
16,1404,46.8,796.5,202.5
16,1405,46.833,792.5,210.5
16,1406,46.867,788.5,224.5
16,1407,46.9,784.5,240.5
16,1408,46.933,780.5,256.5
16,1409,46.967,776.5,276.5
16,1410,47.0,772.5,294.5
16,1411,47.033,764.5,320.5
16,1412,47.067,762.5,342.5
16,1413,47.1,760.5,356.5
16,1414,47.133,762.5,338.5
16,1415,47.167,768.5,314.5
16,1416,47.2,772.5,296.5
16,1417,47.233,774.5,284.5
16,1418,47.267,778.5,272.5
16,1419,47.3,782.5,262.5
16,1420,47.333,786.5,256.5
16,1421,47.367,790.5,252.5
16,1422,47.4,794.5,252.5
16,1423,47.433,796.5,256.5
16,1424,47.467,798.5,262.5
16,1425,47.5,800.5,272.5
16,1426,47.533,802.5,282.5
16,1427,47.567,804.5,298.5
16,1428,47.6,806.5,316.5
16,1429,47.633,806.5,332.5
16,1430,47.667,808.5,356.5
16,1431,47.7,808.5,374.5
16,1432,47.733,808.5,390.5
16,1433,47.767,818.5,372.5
16,1434,47.8,824.5,358.5
16,1435,47.833,830.5,342.5
16,1436,47.867,834.5,330.5
16,1437,47.9,840.5,324.5
16,1438,47.933,846.5,322.5
16,1439,47.967,852.5,320.5
16,1440,48.0,856.5,322.5
16,1441,48.033,862.5,330.5
16,1442,48.067,864.5,338.5
16,1443,48.1,868.5,348.5
16,1444,48.133,870.5,364.5
16,1445,48.167,876.5,376.5
16,1446,48.2,882.5,372.5
16,1448,48.267,900.5,368.5
16,1452,48.4,932.5,406.5
17,1465,48.833,982.5,532.5
17,1466,48.867,982.5,536.5
17,1467,48.9,978.5,536.5
17,1468,48.933,972.5,536.5
17,1469,48.967,966.5,534.5
17,1470,49.0,960.5,530.5
17,1474,49.133,922.5,468.5
17,1475,49.167,912.5,444.5
18,1481,49.367,920.5,302.5
18,1482,49.4,926.5,292.5
18,1483,49.433,928.5,282.5
18,1484,49.467,932.5,272.5
18,1485,49.5,934.5,272.5
18,1486,49.533,936.5,278.5
18,1487,49.567,938.5,288.5
18,1488,49.6,938.5,298.5
18,1489,49.633,938.5,312.5
18,1490,49.667,938.5,330.5
18,1491,49.7,938.5,356.5
18,1493,49.767,934.5,404.5
18,1494,49.8,934.5,402.5
18,1495,49.833,930.5,430.5
18,1496,49.867,926.5,452.5
18,1497,49.9,886.5,448.5
18,1498,49.933,824.5,440.5
18,1499,49.967,770.5,404.5
18,1500,50.0,738.5,368.5
18,1501,50.033,712.5,344.5
18,1502,50.067,678.5,320.5
18,1503,50.1,648.5,298.5
18,1504,50.133,618.5,284.5
18,1505,50.167,596.5,276.5
18,1506,50.2,572.5,266.5
18,1507,50.233,554.5,266.5
18,1508,50.267,528.5,262.5
18,1509,50.3,510.5,264.5
18,1510,50.333,492.5,268.5
18,1511,50.367,476.5,274.5
18,1512,50.4,460.5,256.5
18,1513,50.433,450.5,244.5
18,1514,50.467,434.5,232.5
18,1515,50.5,420.5,220.5
18,1516,50.533,406.5,214.5
18,1517,50.567,436.5,212.5
18,1518,50.6,472.5,210.5
18,1519,50.633,508.5,210.5
18,1520,50.667,542.5,212.5
18,1521,50.7,576.5,218.5
18,1522,50.733,610.5,226.5
18,1523,50.767,644.5,234.5
18,1524,50.8,688.5,250.5
18,1525,50.833,718.5,262.5
18,1526,50.867,750.5,278.5
18,1527,50.9,786.5,300.5
18,1528,50.933,824.5,328.5
18,1529,50.967,862.5,336.5
18,1530,51.0,890.5,324.5
18,1531,51.033,926.5,320.5
18,1532,51.067,956.5,318.5
18,1533,51.1,998.5,318.5
18,1534,51.133,1032.5,322.5
18,1535,51.167,1060.5,326.5
18,1536,51.2,1092.5,336.5
18,1537,51.233,1132.5,350.5
18,1538,51.267,1154.5,362.5
18,1539,51.3,1188.5,382.5
18,1541,51.367,1156.5,344.5
18,1542,51.4,1110.5,306.5
18,1543,51.433,1062.5,272.5
18,1544,51.467,1030.5,250.5
18,1545,51.5,966.5,212.5
18,1546,51.533,938.5,200.5
18,1547,51.567,898.5,184.5
18,1548,51.6,856.5,172.5
18,1549,51.633,822.5,164.5
18,1550,51.667,788.5,160.5
18,1551,51.7,756.5,160.5
18,1552,51.733,726.5,162.5
18,1553,51.767,698.5,166.5
18,1554,51.8,678.5,172.5
18,1555,51.833,648.5,184.5
18,1556,51.867,630.5,194.5
18,1557,51.9,608.5,208.5
18,1558,51.933,590.5,222.5
18,1559,51.967,576.5,236.5
18,1560,52.0,564.5,250.5
19,1588,52.933,320.5,244.5
19,1589,52.967,322.5,240.5
19,1590,53.0,294.5,164.5
19,1591,53.033,330.5,230.5
19,1592,53.067,334.5,226.5
19,1593,53.1,338.5,222.5
19,1594,53.133,304.5,144.5
20,1599,53.3,386.5,228.5
20,1600,53.333,386.5,220.5
20,1601,53.367,388.5,216.5
20,1602,53.4,390.5,212.5
20,1603,53.433,392.5,206.5
20,1604,53.467,392.5,202.5
20,1605,53.5,394.5,200.5
20,1606,53.533,394.5,194.5
20,1607,53.567,394.5,188.5
20,1608,53.6,394.5,184.5
20,1609,53.633,394.5,176.5
20,1610,53.667,394.5,170.5
20,1611,53.7,392.5,160.5
20,1612,53.733,390.5,148.5
20,1613,53.767,390.5,136.5
21,1618,53.933,410.5,124.5
21,1619,53.967,426.5,138.5
21,1620,54.0,442.5,152.5
21,1621,54.033,454.5,164.5
21,1622,54.067,474.5,184.5
21,1623,54.1,498.5,212.5
21,1624,54.133,514.5,236.5
21,1625,54.167,532.5,262.5
21,1626,54.2,546.5,260.5
21,1627,54.233,560.5,244.5
21,1628,54.267,572.5,236.5
21,1629,54.3,586.5,226.5
21,1630,54.333,600.5,220.5
21,1631,54.367,616.5,216.5
21,1632,54.4,632.5,216.5
21,1633,54.433,646.5,216.5
21,1634,54.467,664.5,222.5
21,1635,54.5,680.5,228.5
21,1636,54.533,696.5,240.5
21,1637,54.567,712.5,252.5
21,1638,54.6,726.5,266.5
21,1639,54.633,742.5,284.5
21,1640,54.667,762.5,310.5
21,1641,54.7,774.5,332.5
21,1642,54.733,788.5,356.5
21,1643,54.767,802.5,346.5
21,1644,54.8,820.5,330.5
21,1645,54.833,836.5,326.5
21,1646,54.867,854.5,316.5
21,1647,54.9,868.5,314.5
21,1648,54.933,884.5,314.5
21,1649,54.967,900.5,314.5
21,1650,55.0,916.5,320.5
21,1651,55.033,932.5,328.5
21,1652,55.067,948.5,338.5
21,1653,55.1,964.5,356.5
21,1654,55.133,968.5,338.5
21,1655,55.167,972.5,324.5
21,1656,55.2,978.5,308.5
21,1657,55.233,978.5,292.5
21,1658,55.267,980.5,282.5
21,1659,55.3,982.5,274.5
21,1660,55.333,982.5,268.5
21,1661,55.367,982.5,268.5
21,1662,55.4,984.5,274.5
21,1663,55.433,982.5,282.5
21,1664,55.467,982.5,292.5
21,1665,55.5,982.5,306.5
21,1666,55.533,976.5,324.5
21,1667,55.567,974.5,340.5
21,1668,55.6,970.5,356.5
22,1775,59.167,932.5,294.5
22,1776,59.2,934.5,282.5
22,1777,59.233,934.5,272.5
22,1778,59.267,936.5,268.5
22,1779,59.3,936.5,268.5
22,1780,59.333,934.5,272.5
22,1781,59.367,934.5,280.5
22,1782,59.4,932.5,290.5
22,1783,59.433,932.5,308.5
22,1784,59.467,930.5,324.5
22,1785,59.5,928.5,350.5
22,1786,59.533,920.5,370.5
22,1787,59.567,918.5,394.5
22,1788,59.6,916.5,426.5
22,1789,59.633,866.5,428.5
22,1791,59.7,772.5,420.5
22,1792,59.733,722.5,404.5
22,1793,59.767,686.5,370.5
22,1794,59.8,658.5,346.5
22,1795,59.833,626.5,324.5
22,1796,59.867,594.5,306.5
22,1797,59.9,568.5,292.5
22,1798,59.933,538.5,282.5
22,1799,59.967,518.5,278.5
22,1800,60.0,494.5,276.5
22,1801,60.033,474.5,276.5
22,1802,60.067,452.5,276.5
22,1803,60.1,436.5,282.5
22,1804,60.133,418.5,284.5
22,1805,60.167,402.5,264.5
22,1806,60.2,388.5,254.5
22,1807,60.233,374.5,242.5
22,1808,60.267,358.5,232.5
22,1809,60.3,346.5,228.5
22,1811,60.367,378.5,212.5
22,1812,60.4,406.5,202.5
22,1813,60.433,434.5,196.5
22,1814,60.467,466.5,196.5
22,1815,60.5,492.5,194.5
22,1816,60.533,526.5,198.5
22,1817,60.567,558.5,204.5
22,1818,60.6,588.5,212.5
22,1819,60.633,622.5,226.5
22,1820,60.667,642.5,234.5
22,1821,60.7,686.5,258.5
22,1822,60.733,710.5,274.5
22,1823,60.767,740.5,296.5
22,1824,60.8,774.5,326.5
22,1825,60.833,804.5,354.5
22,1826,60.867,830.5,366.5
22,1827,60.9,856.5,348.5
22,1828,60.933,880.5,340.5
22,1829,60.967,910.5,328.5
22,1830,61.0,936.5,324.5
22,1831,61.033,962.5,322.5
22,1832,61.067,986.5,322.5
22,1833,61.1,1014.5,324.5
23,1839,61.3,1036.5,324.5
23,1840,61.333,1006.5,306.5
23,1841,61.367,936.5,272.5
23,1842,61.4,884.5,250.5
23,1843,61.433,838.5,234.5
23,1844,61.467,794.5,224.5
23,1845,61.5,756.5,216.5
23,1846,61.533,720.5,212.5
23,1847,61.567,686.5,212.5
23,1848,61.6,660.5,216.5
23,1849,61.633,630.5,222.5
23,1850,61.667,604.5,228.5
23,1851,61.7,584.5,238.5
23,1852,61.733,566.5,246.5
23,1853,61.767,546.5,260.5
23,1854,61.8,530.5,242.5
23,1855,61.833,512.5,218.5
23,1856,61.867,498.5,202.5
23,1857,61.9,484.5,186.5
23,1858,61.933,470.5,174.5
23,1859,61.967,458.5,166.5
23,1860,62.0,446.5,160.5
23,1861,62.033,434.5,154.5
23,1862,62.067,438.5,160.5
23,1863,62.1,462.5,164.5
23,1864,62.133,484.5,170.5
23,1865,62.167,506.5,180.5
23,1866,62.2,534.5,194.5
23,1867,62.233,568.5,212.5
23,1868,62.267,598.5,230.5
23,1869,62.3,626.5,248.5
23,1870,62.333,656.5,266.5
23,1871,62.367,714.5,312.5
23,1872,62.4,736.5,330.5
23,1873,62.433,798.5,380.5
23,1875,62.5,886.5,466.5
23,1876,62.533,922.5,500.5
23,1878,62.6,1046.5,630.5
23,1879,62.633,1088.5,678.5
24,1894,63.133,328.5,176.5
24,1895,63.167,326.5,166.5
24,1896,63.2,320.5,156.5
24,1897,63.233,312.5,142.5
24,1898,63.267,306.5,130.5
25,2028,67.6,580.5,112.5
25,2029,67.633,562.5,92.5
25,2030,67.667,548.5,80.5
25,2031,67.7,534.5,70.5
25,2032,67.733,522.5,68.5
25,2033,67.767,512.5,68.5
25,2034,67.8,500.5,70.5
25,2035,67.833,492.5,76.5
25,2036,67.867,484.5,84.5
25,2037,67.9,476.5,98.5
25,2038,67.933,470.5,110.5
25,2039,67.967,464.5,124.5
25,2040,68.0,458.5,142.5
25,2041,68.033,454.5,160.5
25,2042,68.067,450.5,178.5
25,2043,68.1,444.5,196.5
25,2044,68.133,440.5,216.5
25,2045,68.167,440.5,236.5
25,2046,68.2,436.5,250.5
25,2047,68.233,434.5,232.5
25,2048,68.267,424.5,204.5
25,2049,68.3,420.5,186.5
25,2050,68.333,414.5,164.5
25,2051,68.367,410.5,148.5
25,2052,68.4,406.5,134.5
25,2053,68.433,402.5,122.5
25,2054,68.467,398.5,114.5
25,2055,68.5,390.5,84.5
25,2056,68.533,390.5,104.5
25,2057,68.567,386.5,124.5
25,2058,68.6,372.5,140.5
25,2060,68.667,362.5,162.5
26,2076,69.2,350.5,230.5
26,2077,69.233,344.5,234.5
26,2078,69.267,338.5,234.5
26,2079,69.3,334.5,236.5
26,2080,69.333,326.5,236.5
26,2081,69.367,322.5,240.5
26,2082,69.4,316.5,244.5
26,2083,69.433,310.5,246.5
26,2084,69.467,304.5,248.5
26,2085,69.5,300.5,248.5
26,2086,69.533,294.5,250.5
26,2087,69.567,288.5,250.5
26,2088,69.6,286.5,254.5
26,2089,69.633,282.5,254.5
27,2099,69.967,280.5,272.5
27,2102,70.067,272.5,246.5
27,2103,70.1,268.5,232.5
27,2104,70.133,266.5,224.5
27,2105,70.167,264.5,218.5
27,2106,70.2,260.5,212.5
27,2107,70.233,260.5,210.5
27,2108,70.267,256.5,212.5
27,2109,70.3,256.5,216.5
27,2110,70.333,254.5,220.5
27,2111,70.367,254.5,228.5
27,2112,70.4,256.5,236.5
27,2113,70.433,282.5,248.5
27,2115,70.5,396.5,276.5
27,2116,70.533,430.5,270.5
27,2117,70.567,472.5,262.5
27,2118,70.6,508.5,260.5
27,2119,70.633,550.5,260.5
27,2120,70.667,592.5,264.5
27,2121,70.7,638.5,270.5
27,2122,70.733,680.5,282.5
27,2123,70.767,712.5,292.5
27,2124,70.8,750.5,306.5
27,2125,70.833,786.5,322.5
27,2126,70.867,818.5,340.5
27,2127,70.9,854.5,332.5
27,2128,70.933,890.5,324.5
27,2129,70.967,926.5,318.5
27,2130,71.0,956.5,318.5
27,2131,71.033,998.5,318.5
27,2132,71.067,1028.5,322.5
27,2133,71.1,1054.5,326.5
27,2134,71.133,1038.5,308.5
27,2135,71.167,1002.5,284.5
27,2136,71.2,952.5,252.5
27,2137,71.233,926.5,240.5
27,2138,71.267,884.5,220.5
27,2139,71.3,850.5,208.5
27,2140,71.333,818.5,196.5
27,2141,71.367,782.5,188.5
27,2142,71.4,750.5,184.5
27,2143,71.433,718.5,180.5
27,2144,71.467,692.5,182.5
27,2145,71.5,672.5,184.5
27,2146,71.533,638.5,192.5
27,2147,71.567,614.5,198.5
27,2148,71.6,590.5,208.5
27,2149,71.633,570.5,218.5
27,2150,71.667,548.5,228.5
27,2151,71.7,530.5,242.5
27,2152,71.733,506.5,258.5
27,2153,71.767,494.5,248.5
27,2154,71.8,476.5,228.5
27,2155,71.833,462.5,212.5
27,2156,71.867,446.5,198.5
27,2157,71.9,434.5,190.5
27,2158,71.933,422.5,182.5
27,2159,71.967,458.5,190.5
27,2160,72.0,492.5,196.5
27,2161,72.033,530.5,210.5
27,2162,72.067,566.5,226.5
27,2163,72.1,600.5,242.5
27,2164,72.133,626.5,254.5
27,2165,72.167,672.5,290.5
27,2166,72.2,706.5,306.5
27,2167,72.233,744.5,340.5
27,2168,72.267,768.5,362.5
27,2169,72.3,814.5,382.5
27,2170,72.333,846.5,380.5
27,2171,72.367,888.5,384.5
27,2172,72.4,928.5,394.5
27,2173,72.433,964.5,402.5
27,2174,72.467,1000.5,416.5
27,2175,72.5,1034.5,426.5
27,2176,72.533,994.5,386.5
27,2177,72.567,946.5,344.5
27,2178,72.6,906.5,314.5
27,2179,72.633,864.5,282.5
27,2180,72.667,826.5,260.5
27,2181,72.7,792.5,242.5
27,2182,72.733,756.5,226.5
27,2183,72.767,726.5,216.5
27,2184,72.8,698.5,210.5
27,2185,72.833,672.5,206.5
27,2186,72.867,642.5,206.5
27,2187,72.9,620.5,210.5
27,2188,72.933,598.5,214.5
27,2189,72.967,578.5,222.5
27,2190,73.0,562.5,230.5
27,2191,73.033,546.5,242.5
27,2192,73.067,530.5,256.5
27,2193,73.1,518.5,268.5
27,2194,73.133,510.5,284.5
27,2195,73.167,494.5,284.5
27,2196,73.2,486.5,260.5
27,2197,73.233,474.5,242.5
27,2198,73.267,466.5,224.5
27,2199,73.3,458.5,206.5
27,2200,73.333,450.5,194.5
27,2201,73.367,442.5,186.5
27,2202,73.4,436.5,178.5
27,2203,73.433,428.5,172.5
27,2204,73.467,422.5,170.5
27,2205,73.5,416.5,170.5
27,2206,73.533,438.5,176.5
27,2207,73.567,460.5,180.5
27,2208,73.6,496.5,188.5
27,2209,73.633,526.5,196.5
27,2210,73.667,556.5,208.5
27,2211,73.7,592.5,224.5
27,2212,73.733,624.5,240.5
27,2213,73.767,656.5,258.5
27,2214,73.8,688.5,278.5
27,2215,73.833,716.5,294.5
27,2216,73.867,758.5,324.5
27,2217,73.9,778.5,348.5
27,2218,73.933,816.5,372.5
27,2219,73.967,846.5,360.5
27,2220,74.0,882.5,354.5
27,2221,74.033,918.5,348.5
27,2222,74.067,954.5,352.5
27,2223,74.1,990.5,352.5
27,2224,74.133,1024.5,356.5
27,2225,74.167,1058.5,364.5
27,2226,74.2,1090.5,374.5
27,2227,74.233,1118.5,386.5
27,2230,74.333,1028.5,434.5
27,2232,74.4,1106.5,370.5
27,2233,74.433,1060.5,344.5
27,2234,74.467,1014.5,320.5
27,2235,74.5,948.5,290.5
27,2236,74.533,902.5,274.5
27,2237,74.567,858.5,260.5
27,2238,74.6,816.5,252.5
27,2239,74.633,778.5,248.5
27,2240,74.667,746.5,248.5
27,2241,74.7,718.5,250.5
27,2242,74.733,686.5,256.5
27,2243,74.767,656.5,264.5
27,2244,74.8,644.5,268.5
27,2245,74.833,646.5,276.5
27,2246,74.867,658.5,284.5
27,2247,74.9,668.5,284.5
27,2248,74.933,676.5,282.5
27,2250,75.0,690.5,280.5
27,2251,75.033,698.5,282.5
27,2252,75.067,706.5,292.5
27,2253,75.1,712.5,294.5
27,2254,75.133,720.5,290.5
27,2255,75.167,724.5,288.5
27,2256,75.2,730.5,288.5
27,2257,75.233,738.5,288.5
27,2258,75.267,742.5,292.5
27,2259,75.3,750.5,300.5
27,2260,75.333,754.5,294.5
27,2261,75.367,760.5,290.5
27,2262,75.4,766.5,290.5
27,2263,75.433,772.5,294.5
27,2264,75.467,776.5,298.5
27,2265,75.5,784.5,298.5
27,2266,75.533,788.5,296.5
27,2267,75.567,794.5,296.5
27,2268,75.6,800.5,298.5
27,2269,75.633,806.5,302.5
27,2270,75.667,812.5,304.5
27,2271,75.7,818.5,300.5
27,2272,75.733,824.5,300.5
27,2273,75.767,830.5,302.5
27,2274,75.8,836.5,306.5
27,2275,75.833,840.5,314.5
28,2292,76.4,914.5,412.5
28,2293,76.433,916.5,416.5
28,2294,76.467,920.5,424.5
28,2295,76.5,922.5,430.5
28,2296,76.533,922.5,440.5
28,2298,76.6,934.5,460.5
28,2299,76.633,936.5,452.5
28,2300,76.667,942.5,448.5
28,2301,76.7,948.5,444.5
28,2302,76.733,950.5,440.5
28,2306,76.867,842.5,316.5
28,2307,76.9,826.5,296.5
28,2308,76.933,802.5,276.5
28,2309,76.967,776.5,258.5
28,2310,77.0,756.5,244.5
28,2311,77.033,738.5,234.5
28,2312,77.067,718.5,224.5
28,2313,77.1,694.5,216.5
28,2314,77.133,678.5,212.5
28,2315,77.167,660.5,212.5
28,2316,77.2,640.5,208.5
28,2317,77.233,624.5,210.5
28,2318,77.267,608.5,212.5
28,2319,77.3,590.5,218.5
28,2320,77.333,576.5,224.5
28,2321,77.367,560.5,232.5
28,2322,77.4,548.5,240.5
28,2324,77.467,384.5,210.5
28,2325,77.5,388.5,216.5
29,2352,78.4,280.5,186.5
29,2355,78.5,278.5,172.5
29,2357,78.567,280.5,166.5
29,2361,78.7,384.5,228.5
29,2362,78.733,388.5,226.5
29,2363,78.767,388.5,218.5
29,2364,78.8,390.5,224.5
29,2365,78.833,390.5,216.5
29,2366,78.867,392.5,210.5
29,2368,78.933,394.5,198.5
29,2369,78.967,396.5,192.5
29,2370,79.0,398.5,186.5
29,2372,79.067,310.5,332.5
29,2376,79.2,400.5,172.5
29,2378,79.267,398.5,176.5
30,2392,79.733,344.5,218.5
30,2393,79.767,338.5,220.5
30,2394,79.8,330.5,224.5
30,2395,79.833,324.5,226.5
30,2396,79.867,320.5,228.5
30,2397,79.9,314.5,230.5
30,2398,79.933,310.5,234.5
30,2399,79.967,304.5,236.5
30,2400,80.0,298.5,238.5
30,2401,80.033,294.5,242.5
30,2402,80.067,290.5,244.5
30,2403,80.1,288.5,248.5
30,2404,80.133,286.5,252.5
30,2405,80.167,282.5,254.5
31,2411,80.367,278.5,272.5
31,2412,80.4,278.5,274.5
31,2413,80.433,278.5,274.5
31,2414,80.467,276.5,272.5
31,2416,80.533,268.5,250.5
31,2417,80.567,262.5,234.5
31,2418,80.6,260.5,220.5
31,2419,80.633,258.5,210.5
31,2420,80.667,254.5,202.5
31,2421,80.7,252.5,196.5
31,2422,80.733,252.5,192.5
31,2423,80.767,248.5,192.5
31,2424,80.8,248.5,196.5
31,2425,80.833,248.5,202.5
31,2426,80.867,248.5,208.5
31,2427,80.9,246.5,220.5
31,2428,80.933,248.5,232.5
31,2429,80.967,268.5,250.5
31,2430,81.0,320.5,274.5
31,2431,81.033,346.5,282.5
31,2432,81.067,378.5,264.5
31,2433,81.1,410.5,256.5
31,2434,81.133,442.5,246.5
31,2435,81.167,470.5,242.5
31,2436,81.2,500.5,242.5
31,2437,81.233,536.5,242.5
31,2438,81.267,566.5,244.5
31,2439,81.3,600.5,250.5
31,2440,81.333,630.5,262.5
31,2441,81.367,654.5,268.5
31,2442,81.4,692.5,290.5
31,2443,81.433,724.5,306.5
31,2444,81.467,752.5,324.5
31,2445,81.5,778.5,346.5
31,2446,81.533,800.5,340.5
31,2447,81.567,832.5,328.5
31,2448,81.6,868.5,316.5
31,2449,81.633,890.5,312.5
31,2450,81.667,928.5,306.5
31,2451,81.7,948.5,304.5
31,2452,81.733,982.5,308.5
31,2453,81.767,1010.5,312.5
31,2454,81.8,1040.5,324.5
31,2455,81.833,1058.5,332.5
31,2456,81.867,1044.5,314.5
31,2457,81.9,1010.5,288.5
31,2458,81.933,956.5,250.5
31,2459,81.967,922.5,228.5
31,2460,82.0,888.5,212.5
31,2461,82.033,852.5,196.5
31,2462,82.067,818.5,186.5
31,2463,82.1,784.5,178.5
31,2464,82.133,752.5,174.5
31,2465,82.167,726.5,174.5
31,2466,82.2,696.5,176.5
31,2467,82.233,676.5,178.5
31,2468,82.267,644.5,188.5
31,2469,82.3,622.5,196.5
31,2470,82.333,602.5,208.5
31,2471,82.367,582.5,218.5
31,2472,82.4,562.5,232.5
31,2473,82.433,546.5,244.5
31,2474,82.467,532.5,258.5
31,2475,82.5,516.5,236.5
31,2476,82.533,504.5,218.5
31,2477,82.567,494.5,202.5
31,2478,82.6,482.5,188.5
31,2479,82.633,472.5,178.5
31,2480,82.667,462.5,168.5
31,2481,82.7,452.5,162.5
31,2482,82.733,444.5,156.5
31,2483,82.767,476.5,158.5
31,2484,82.8,510.5,160.5
31,2485,82.833,542.5,164.5
31,2486,82.867,580.5,174.5
31,2487,82.9,612.5,182.5
31,2488,82.933,646.5,196.5
31,2489,82.967,686.5,216.5
31,2490,83.0,724.5,242.5
31,2491,83.033,756.5,262.5
31,2492,83.067,802.5,298.5
31,2493,83.1,824.5,324.5
31,2494,83.133,860.5,360.5
31,2495,83.167,900.5,396.5
31,2496,83.2,932.5,388.5
31,2497,83.233,974.5,374.5
31,2498,83.267,1004.5,370.5
31,2499,83.3,1038.5,364.5
31,2500,83.333,1072.5,362.5
31,2501,83.367,1082.5,338.5
31,2502,83.4,1026.5,280.5
31,2504,83.467,958.5,216.5
31,2507,83.567,848.5,132.5
31,2508,83.6,808.5,110.5
31,2509,83.633,786.5,100.5
31,2510,83.667,758.5,92.5
31,2511,83.7,734.5,88.5
31,2512,83.733,710.5,86.5
31,2513,83.767,690.5,86.5
31,2514,83.8,672.5,90.5
31,2515,83.833,650.5,98.5
31,2516,83.867,634.5,106.5
31,2517,83.9,618.5,114.5
31,2518,83.933,604.5,128.5
31,2519,83.967,592.5,138.5
31,2520,84.0,580.5,154.5
31,2521,84.033,568.5,170.5
31,2522,84.067,558.5,186.5
31,2523,84.1,550.5,202.5
31,2524,84.133,542.5,218.5
31,2525,84.167,536.5,236.5
32,2558,85.267,422.5,212.5
32,2559,85.3,422.5,206.5
32,2560,85.333,422.5,200.5
32,2561,85.367,422.5,196.5
32,2564,85.467,420.5,184.5
32,2567,85.567,416.5,170.5
32,2569,85.633,412.5,154.5
33,2576,85.867,438.5,130.5
33,2577,85.9,450.5,138.5
33,2578,85.933,468.5,158.5
33,2579,85.967,476.5,172.5
33,2580,86.0,500.5,198.5
33,2581,86.033,466.5,164.5
33,2583,86.1,550.5,268.5
33,2584,86.133,566.5,260.5
33,2585,86.167,584.5,250.5
33,2586,86.2,600.5,242.5
33,2587,86.233,616.5,240.5
33,2588,86.267,632.5,236.5
33,2589,86.3,648.5,238.5
33,2590,86.333,672.5,242.5
33,2591,86.367,688.5,250.5
33,2592,86.4,706.5,260.5
33,2593,86.433,726.5,274.5
33,2594,86.467,742.5,288.5
33,2595,86.5,768.5,312.5
33,2596,86.533,782.5,328.5
33,2597,86.567,804.5,356.5
33,2598,86.6,822.5,388.5
33,2599,86.633,838.5,408.5
33,2600,86.667,854.5,396.5
33,2601,86.7,874.5,388.5
33,2602,86.733,894.5,384.5
33,2603,86.767,914.5,382.5
33,2604,86.8,934.5,386.5
33,2605,86.833,950.5,390.5
33,2606,86.867,968.5,400.5
33,2607,86.9,986.5,412.5
33,2608,86.933,1002.5,426.5
33,2609,86.967,1014.5,440.5
34,2617,87.233,984.5,394.5
34,2618,87.267,978.5,402.5
34,2619,87.3,970.5,408.5
34,2621,87.367,960.5,426.5
34,2622,87.4,954.5,438.5
34,2623,87.433,952.5,450.5
34,2624,87.467,950.5,466.5
34,2625,87.5,948.5,480.5
34,2626,87.533,950.5,494.5
34,2627,87.567,950.5,510.5
35,2655,88.5,994.5,524.5
35,2657,88.567,1000.5,528.5
35,2658,88.6,1002.5,530.5
35,2659,88.633,1004.5,534.5
35,2660,88.667,1008.5,534.5
35,2661,88.7,1010.5,536.5
35,2662,88.733,1016.5,540.5
35,2663,88.767,1018.5,542.5
35,2664,88.8,1024.5,544.5
35,2665,88.833,1026.5,550.5
35,2666,88.867,1030.5,550.5
35,2667,88.9,1032.5,552.5
35,2668,88.933,1036.5,554.5
35,2669,88.967,1038.5,556.5
35,2670,89.0,1040.5,556.5
35,2671,89.033,1042.5,558.5
35,2672,89.067,1044.5,560.5
35,2673,89.1,1044.5,560.5
35,2674,89.133,1044.5,562.5
36,2692,89.733,304.5,148.5
36,2693,89.767,310.5,166.5
36,2694,89.8,312.5,178.5
36,2695,89.833,312.5,190.5
36,2696,89.867,312.5,202.5
37,2701,90.033,930.5,258.5
37,2702,90.067,930.5,254.5
37,2703,90.1,930.5,256.5
37,2704,90.133,930.5,262.5
37,2705,90.167,930.5,270.5
37,2706,90.2,928.5,282.5
37,2707,90.233,926.5,298.5
37,2708,90.267,924.5,318.5
37,2709,90.3,920.5,344.5
37,2710,90.333,918.5,366.5
37,2712,90.4,914.5,426.5
37,2713,90.433,882.5,444.5
37,2714,90.467,910.5,382.5
37,2716,90.533,900.5,336.5
37,2720,90.667,1088.5,222.5
38,2725,90.833,438.5,276.5
38,2726,90.867,418.5,280.5
38,2727,90.9,400.5,284.5
38,2728,90.933,380.5,278.5
38,2729,90.967,362.5,262.5
38,2730,91.0,344.5,248.5
38,2731,91.033,328.5,236.5
38,2732,91.067,312.5,228.5
38,2733,91.1,298.5,226.5
38,2735,91.167,356.5,216.5
38,2736,91.2,382.5,214.5
38,2737,91.233,414.5,216.5
38,2738,91.267,448.5,224.5
38,2739,91.3,478.5,230.5
38,2740,91.333,514.5,244.5
38,2741,91.367,542.5,254.5
38,2742,91.4,582.5,272.5
38,2743,91.433,610.5,288.5
38,2744,91.467,646.5,312.5
38,2745,91.5,676.5,336.5
38,2746,91.533,706.5,342.5
38,2747,91.567,734.5,332.5
38,2748,91.6,768.5,324.5
38,2749,91.633,796.5,324.5
38,2750,91.667,828.5,326.5
38,2751,91.7,860.5,332.5
38,2752,91.733,890.5,338.5
38,2753,91.767,920.5,346.5
38,2754,91.8,954.5,362.5
38,2755,91.833,978.5,374.5
38,2756,91.867,1014.5,400.5
38,2757,91.9,1038.5,418.5
38,2758,91.933,1000.5,386.5
38,2759,91.967,964.5,354.5
38,2760,92.0,918.5,320.5
38,2761,92.033,876.5,290.5
38,2762,92.067,842.5,274.5
38,2763,92.1,802.5,252.5
38,2764,92.133,770.5,242.5
38,2765,92.167,734.5,228.5
38,2766,92.2,706.5,224.5
38,2767,92.233,678.5,220.5
38,2768,92.267,648.5,220.5
38,2769,92.3,626.5,224.5
38,2770,92.333,602.5,228.5
38,2771,92.367,582.5,234.5
38,2772,92.4,564.5,242.5
38,2773,92.433,544.5,256.5
38,2774,92.467,526.5,264.5
38,2775,92.5,510.5,282.5
38,2776,92.533,498.5,262.5
38,2777,92.567,488.5,244.5
38,2778,92.6,474.5,226.5
38,2779,92.633,464.5,210.5
38,2780,92.667,454.5,200.5
38,2781,92.7,444.5,192.5
38,2782,92.733,434.5,186.5
38,2783,92.767,424.5,180.5
38,2784,92.8,440.5,180.5
38,2785,92.833,466.5,182.5
38,2786,92.867,502.5,188.5
38,2787,92.9,544.5,196.5
38,2788,92.933,576.5,208.5
38,2789,92.967,606.5,216.5
38,2790,93.0,640.5,230.5
38,2791,93.033,678.5,252.5
38,2792,93.067,712.5,274.5
38,2793,93.1,740.5,294.5
38,2794,93.133,784.5,328.5
38,2795,93.167,806.5,348.5
38,2796,93.2,842.5,362.5
38,2797,93.233,874.5,354.5
38,2798,93.267,906.5,346.5
38,2799,93.3,944.5,342.5
38,2800,93.333,978.5,342.5
38,2803,93.433,1046.5,354.5
38,2804,93.467,1050.5,338.5
38,2805,93.5,1010.5,300.5
38,2806,93.533,964.5,260.5
38,2807,93.567,930.5,232.5
38,2808,93.6,892.5,206.5
38,2809,93.633,860.5,188.5
38,2810,93.667,824.5,166.5
38,2811,93.7,788.5,152.5
38,2813,93.767,728.5,136.5
38,2814,93.8,700.5,132.5
38,2815,93.833,676.5,132.5
38,2816,93.867,646.5,136.5
38,2817,93.9,626.5,140.5
38,2818,93.933,606.5,146.5
38,2819,93.967,586.5,158.5
38,2820,94.0,566.5,168.5
38,2821,94.033,550.5,180.5
38,2822,94.067,534.5,194.5
38,2823,94.1,520.5,208.5
38,2824,94.133,504.5,226.5
38,2825,94.167,492.5,244.5
38,2826,94.2,482.5,252.5
38,2827,94.233,472.5,234.5
38,2828,94.267,458.5,210.5
38,2829,94.3,450.5,194.5
38,2830,94.333,440.5,178.5
38,2831,94.367,432.5,164.5
38,2832,94.4,422.5,154.5
38,2833,94.433,414.5,146.5
38,2834,94.467,404.5,140.5
38,2835,94.5,398.5,138.5
38,2836,94.533,390.5,136.5
38,2837,94.567,384.5,136.5
38,2838,94.6,372.5,144.5
38,2839,94.633,448.5,154.5
38,2840,94.667,476.5,162.5
38,2841,94.7,508.5,172.5
38,2842,94.733,544.5,190.5
38,2843,94.767,578.5,208.5
38,2844,94.8,614.5,228.5
38,2845,94.833,638.5,244.5
38,2846,94.867,678.5,276.5
38,2847,94.9,706.5,302.5
38,2848,94.933,738.5,316.5
38,2849,94.967,762.5,310.5
38,2850,95.0,798.5,300.5
38,2851,95.033,824.5,298.5
38,2852,95.067,860.5,294.5
38,2853,95.1,890.5,296.5
38,2854,95.133,920.5,298.5
38,2855,95.167,948.5,308.5
38,2856,95.2,986.5,322.5
38,2857,95.233,1018.5,334.5
38,2858,95.267,1050.5,352.5
38,2859,95.3,1080.5,372.5
38,2860,95.333,1106.5,392.5
38,2861,95.367,1138.5,420.5
38,2862,95.4,1170.5,456.5
38,2863,95.433,1194.5,490.5
38,2864,95.467,1220.5,530.5
38,2865,95.5,1240.5,564.5
38,2867,95.567,1260.5,646.5
38,2868,95.6,1258.5,662.5
39,2923,97.433,1214.5,506.5
39,2924,97.467,1212.5,500.5
39,2925,97.5,1216.5,494.5
39,2926,97.533,1216.5,486.5
39,2927,97.567,1222.5,474.5
39,2929,97.633,1238.5,462.5
40,2962,98.733,398.5,228.5
40,2963,98.767,392.5,230.5
40,2964,98.8,384.5,228.5
40,2965,98.833,388.5,244.5
40,2966,98.867,368.5,240.5
41,3005,100.167,930.5,288.5
41,3006,100.2,936.5,278.5
41,3007,100.233,942.5,272.5
41,3008,100.267,948.5,272.5
41,3009,100.3,952.5,278.5
41,3010,100.333,954.5,286.5
41,3011,100.367,956.5,298.5
41,3012,100.4,960.5,314.5
41,3013,100.433,962.5,330.5
41,3014,100.467,964.5,356.5
41,3015,100.5,962.5,378.5
41,3016,100.533,964.5,402.5
41,3017,100.567,964.5,434.5
41,3018,100.6,922.5,442.5
41,3019,100.633,848.5,424.5
41,3020,100.667,792.5,416.5
41,3021,100.7,746.5,412.5
41,3022,100.733,702.5,410.5
41,3023,100.767,666.5,380.5
41,3024,100.8,626.5,350.5
41,3025,100.833,594.5,324.5
41,3026,100.867,562.5,308.5
41,3027,100.9,530.5,294.5
41,3028,100.933,504.5,284.5
41,3029,100.967,482.5,280.5
41,3030,101.0,458.5,278.5
41,3031,101.033,436.5,278.5
41,3032,101.067,418.5,282.5
41,3033,101.1,398.5,286.5
41,3034,101.133,380.5,276.5
41,3035,101.167,362.5,262.5
41,3036,101.2,344.5,248.5
41,3037,101.233,328.5,238.5
41,3038,101.267,314.5,232.5
41,3039,101.3,330.5,226.5
41,3040,101.333,366.5,212.5
41,3041,101.367,398.5,206.5
41,3042,101.4,426.5,200.5
41,3043,101.433,454.5,196.5
41,3044,101.467,486.5,196.5
41,3045,101.5,518.5,198.5
41,3046,101.533,554.5,204.5
41,3047,101.567,588.5,212.5
41,3048,101.6,624.5,224.5
41,3049,101.633,644.5,230.5
41,3050,101.667,684.5,248.5
41,3051,101.7,716.5,266.5
41,3052,101.733,750.5,288.5
41,3053,101.767,774.5,306.5
41,3054,101.8,814.5,334.5
41,3055,101.833,844.5,360.5
41,3056,101.867,874.5,346.5
41,3057,101.9,906.5,336.5
41,3058,101.933,932.5,326.5
41,3059,101.967,960.5,320.5
41,3060,102.0,994.5,314.5
41,3061,102.033,1018.5,314.5
41,3062,102.067,1046.5,316.5
41,3063,102.1,1070.5,320.5
41,3066,102.2,1050.5,308.5
41,3067,102.233,1008.5,290.5
41,3069,102.3,842.5,242.5
41,3070,102.333,776.5,228.5
41,3071,102.367,724.5,224.5
41,3072,102.4,680.5,220.5
41,3073,102.433,626.5,222.5
41,3074,102.467,582.5,226.5
41,3075,102.5,542.5,230.5
41,3076,102.533,512.5,240.5
41,3077,102.567,474.5,250.5
41,3078,102.6,446.5,264.5
41,3079,102.633,420.5,274.5
41,3080,102.667,394.5,252.5
41,3081,102.7,374.5,234.5
41,3083,102.767,324.5,198.5
41,3084,102.8,304.5,186.5
41,3086,102.867,264.5,172.5
41,3087,102.9,242.5,178.5
41,3088,102.933,264.5,164.5
41,3091,103.033,460.5,158.5
41,3092,103.067,512.5,164.5
41,3094,103.133,674.5,200.5
41,3095,103.167,708.5,212.5
41,3096,103.2,772.5,238.5
41,3097,103.233,836.5,266.5
41,3098,103.267,902.5,298.5
41,3099,103.3,958.5,332.5
41,3100,103.333,1014.5,370.5
41,3101,103.367,1070.5,410.5
41,3102,103.4,1124.5,454.5
41,3104,103.467,1218.5,548.5
42,3116,103.867,1092.5,402.5
42,3117,103.9,1058.5,388.5
42,3118,103.933,1030.5,380.5
42,3119,103.967,1002.5,372.5
42,3120,104.0,978.5,370.5
43,3289,109.633,456.5,192.5
43,3291,109.7,446.5,194.5
43,3293,109.767,430.5,198.5
43,3294,109.8,426.5,200.5
43,3295,109.833,422.5,202.5
43,3298,109.933,408.5,208.5
43,3300,110.0,398.5,210.5
43,3301,110.033,390.5,212.5
43,3303,110.1,384.5,212.5
43,3307,110.233,366.5,216.5
43,3308,110.267,364.5,218.5
43,3309,110.3,358.5,220.5
43,3310,110.333,352.5,220.5
43,3311,110.367,350.5,224.5
43,3312,110.4,342.5,224.5
43,3313,110.433,338.5,226.5
43,3314,110.467,334.5,228.5
43,3315,110.5,328.5,232.5
43,3316,110.533,322.5,232.5
43,3317,110.567,318.5,234.5
43,3318,110.6,314.5,236.5
43,3319,110.633,310.5,240.5
43,3320,110.667,306.5,242.5
43,3321,110.7,304.5,244.5
43,3322,110.733,300.5,250.5
43,3323,110.767,298.5,254.5
43,3324,110.8,298.5,258.5
43,3325,110.833,298.5,264.5
43,3326,110.867,296.5,268.5
43,3327,110.9,298.5,272.5
43,3331,111.033,314.5,274.5
43,3332,111.067,294.5,270.5
43,3333,111.1,288.5,258.5
43,3334,111.133,282.5,242.5
43,3335,111.167,280.5,228.5
43,3336,111.2,270.5,214.5
43,3337,111.233,258.5,182.5
43,3338,111.267,254.5,168.5
43,3339,111.3,250.5,160.5
43,3340,111.333,248.5,148.5
43,3341,111.367,242.5,140.5
43,3342,111.4,240.5,138.5
43,3343,111.433,236.5,136.5
43,3344,111.467,236.5,138.5
43,3345,111.5,234.5,142.5
43,3346,111.533,232.5,148.5
43,3347,111.567,232.5,156.5
43,3348,111.6,230.5,168.5
43,3349,111.633,232.5,180.5
43,3350,111.667,232.5,196.5
43,3351,111.7,232.5,216.5
43,3352,111.733,234.5,230.5
43,3353,111.767,268.5,254.5
43,3354,111.8,310.5,276.5
43,3355,111.833,354.5,294.5
43,3356,111.867,390.5,286.5
43,3357,111.9,428.5,278.5
43,3358,111.933,464.5,276.5
43,3359,111.967,502.5,274.5
43,3360,112.0,546.5,274.5
43,3361,112.033,578.5,276.5
43,3362,112.067,618.5,286.5
43,3363,112.1,662.5,298.5
43,3364,112.133,698.5,310.5
43,3365,112.167,736.5,330.5
43,3366,112.2,770.5,348.5
43,3367,112.233,814.5,372.5
43,3368,112.267,850.5,380.5
43,3369,112.3,888.5,372.5
43,3370,112.333,936.5,362.5
43,3371,112.367,978.5,360.5
43,3372,112.4,1008.5,358.5
43,3373,112.433,982.5,326.5
43,3374,112.467,944.5,292.5
43,3375,112.5,902.5,260.5
43,3376,112.533,874.5,242.5
43,3377,112.567,832.5,216.5
43,3378,112.6,796.5,196.5
43,3379,112.633,770.5,188.5
43,3380,112.667,742.5,178.5
43,3381,112.7,714.5,172.5
43,3382,112.733,686.5,170.5
43,3383,112.767,658.5,170.5
43,3384,112.8,634.5,172.5
43,3385,112.833,610.5,176.5
43,3386,112.867,590.5,182.5
43,3387,112.9,570.5,192.5
43,3388,112.933,548.5,202.5
43,3389,112.967,532.5,212.5
43,3390,113.0,514.5,226.5
43,3391,113.033,494.5,244.5
43,3392,113.067,482.5,254.5
43,3393,113.1,468.5,268.5
43,3394,113.133,458.5,248.5
43,3395,113.167,442.5,224.5
43,3396,113.2,432.5,208.5
43,3397,113.233,422.5,194.5
43,3398,113.267,410.5,184.5
43,3399,113.3,402.5,172.5
43,3400,113.333,432.5,176.5
43,3401,113.367,468.5,182.5
43,3402,113.4,508.5,192.5
43,3403,113.433,546.5,204.5
43,3404,113.467,582.5,216.5
43,3405,113.5,626.5,236.5
43,3406,113.533,650.5,246.5
43,3407,113.567,694.5,274.5
43,3408,113.6,738.5,306.5
43,3409,113.633,770.5,332.5
43,3410,113.667,802.5,330.5
43,3411,113.7,836.5,326.5
43,3412,113.733,878.5,320.5
43,3413,113.767,908.5,318.5
43,3414,113.8,942.5,318.5
43,3415,113.833,980.5,324.5
43,3416,113.867,1020.5,330.5
43,3417,113.9,1054.5,340.5
43,3418,113.933,1090.5,354.5
43,3419,113.967,1124.5,370.5
43,3420,114.0,1158.5,388.5
43,3421,114.033,1190.5,412.5
43,3422,114.067,1220.5,436.5
43,3423,114.1,1248.5,460.5
43,3424,114.133,1204.5,434.5
43,3425,114.167,1144.5,394.5
43,3426,114.2,1088.5,360.5
43,3427,114.233,1038.5,334.5
43,3428,114.267,1002.5,316.5
43,3429,114.3,944.5,292.5
43,3430,114.333,890.5,276.5
43,3431,114.367,846.5,264.5
43,3432,114.4,814.5,260.5
43,3433,114.433,774.5,256.5
43,3434,114.467,742.5,256.5
43,3435,114.5,714.5,258.5
43,3436,114.533,686.5,260.5
43,3437,114.567,656.5,270.5
43,3438,114.6,634.5,276.5
43,3439,114.633,636.5,284.5
43,3440,114.667,646.5,290.5
43,3441,114.7,652.5,292.5
43,3442,114.733,660.5,290.5
43,3443,114.767,664.5,292.5
43,3444,114.8,672.5,294.5
43,3445,114.833,676.5,300.5
43,3446,114.867,682.5,302.5
43,3447,114.9,688.5,300.5
43,3448,114.933,694.5,302.5
43,3449,114.967,700.5,306.5
43,3450,115.0,706.5,312.5
43,3451,115.033,712.5,314.5
43,3452,115.067,718.5,312.5
43,3453,115.1,724.5,314.5
43,3454,115.133,730.5,320.5
43,3455,115.167,734.5,322.5
43,3456,115.2,742.5,322.5
43,3457,115.233,748.5,326.5
43,3458,115.267,754.5,330.5
43,3459,115.3,758.5,332.5
43,3460,115.333,766.5,334.5
43,3461,115.367,770.5,336.5
43,3462,115.4,776.5,340.5
43,3463,115.433,784.5,338.5
43,3464,115.467,790.5,342.5
43,3465,115.5,796.5,344.5
43,3466,115.533,802.5,346.5
43,3467,115.567,810.5,350.5
43,3468,115.6,814.5,352.5
43,3469,115.633,822.5,354.5
43,3470,115.667,828.5,356.5
43,3471,115.7,834.5,360.5
43,3472,115.733,842.5,360.5
43,3473,115.767,848.5,362.5
43,3474,115.8,854.5,364.5
43,3475,115.833,862.5,368.5
43,3476,115.867,868.5,368.5
43,3477,115.9,874.5,370.5
43,3478,115.933,882.5,374.5
43,3479,115.967,888.5,376.5
43,3480,116.0,896.5,378.5
43,3481,116.033,902.5,380.5
43,3482,116.067,908.5,382.5
44,3494,116.467,980.5,360.5
44,3495,116.5,986.5,362.5
44,3496,116.533,988.5,374.5
44,3497,116.567,988.5,382.5
44,3498,116.6,988.5,390.5
44,3499,116.633,984.5,398.5
44,3500,116.667,982.5,408.5
44,3501,116.7,984.5,416.5
45,3521,117.367,1040.5,468.5
45,3522,117.4,1010.5,442.5
45,3523,117.433,976.5,396.5
45,3524,117.467,954.5,360.5
45,3525,117.5,916.5,316.5
45,3526,117.533,876.5,270.5
45,3527,117.567,850.5,244.5
45,3528,117.6,818.5,216.5
45,3529,117.633,790.5,194.5
45,3530,117.667,764.5,180.5
45,3531,117.7,736.5,166.5
45,3532,117.733,710.5,158.5
45,3533,117.767,686.5,152.5
45,3534,117.8,662.5,150.5
45,3535,117.833,636.5,154.5
45,3536,117.867,616.5,160.5
45,3537,117.9,596.5,166.5
45,3538,117.933,576.5,178.5
45,3539,117.967,560.5,190.5
45,3540,118.0,544.5,204.5
45,3541,118.033,530.5,220.5
45,3542,118.067,516.5,238.5
45,3543,118.1,502.5,254.5
45,3544,118.133,488.5,280.5
45,3545,118.167,478.5,298.5
45,3546,118.2,470.5,280.5
45,3547,118.233,456.5,250.5
45,3548,118.267,448.5,230.5
45,3549,118.3,438.5,212.5
45,3550,118.333,426.5,194.5
45,3551,118.367,418.5,182.5
45,3552,118.4,410.5,172.5
45,3553,118.433,402.5,164.5
45,3554,118.467,392.5,160.5
45,3555,118.5,384.5,156.5
45,3556,118.533,376.5,158.5
45,3557,118.567,370.5,160.5
45,3558,118.6,364.5,166.5
45,3559,118.633,358.5,174.5
45,3560,118.667,354.5,182.5
45,3562,118.733,340.5,194.5
45,3563,118.767,336.5,184.5
46,3572,119.067,330.5,210.5
46,3574,119.133,332.5,216.5
46,3575,119.167,324.5,226.5
46,3576,119.2,322.5,230.5
46,3577,119.233,318.5,234.5
46,3578,119.267,314.5,236.5
46,3580,119.333,304.5,244.5
46,3581,119.367,300.5,248.5
46,3582,119.4,296.5,250.5
46,3583,119.433,294.5,250.5
46,3584,119.467,292.5,252.5
46,3585,119.5,290.5,252.5
46,3586,119.533,288.5,254.5
47,3615,120.5,280.5,246.5
47,3616,120.533,272.5,230.5
47,3618,120.6,262.5,198.5
47,3619,120.633,260.5,188.5
47,3620,120.667,252.5,182.5
47,3621,120.7,252.5,172.5
47,3622,120.733,250.5,168.5
47,3623,120.767,246.5,168.5
47,3624,120.8,246.5,170.5
47,3625,120.833,246.5,176.5
47,3626,120.867,244.5,182.5
47,3627,120.9,244.5,190.5
47,3628,120.933,244.5,202.5
47,3629,120.967,248.5,216.5
47,3630,121.0,266.5,224.5
47,3631,121.033,316.5,258.5
47,3633,121.1,388.5,280.5
47,3634,121.133,414.5,268.5
47,3635,121.167,440.5,260.5
47,3636,121.2,470.5,252.5
47,3637,121.233,502.5,248.5
47,3638,121.267,530.5,248.5
47,3639,121.3,562.5,248.5
47,3640,121.333,594.5,254.5
47,3641,121.367,620.5,260.5
47,3642,121.4,650.5,268.5
47,3643,121.433,686.5,286.5
47,3644,121.467,710.5,298.5
47,3645,121.5,746.5,322.5
47,3646,121.533,772.5,340.5
47,3647,121.567,798.5,362.5
47,3648,121.6,830.5,358.5
47,3649,121.633,866.5,340.5
47,3650,121.667,898.5,338.5
47,3651,121.7,934.5,332.5
47,3652,121.733,966.5,330.5
47,3653,121.767,998.5,330.5
47,3654,121.8,1034.5,336.5
47,3655,121.833,1066.5,342.5
47,3656,121.867,1098.5,354.5
47,3657,121.9,1124.5,366.5
47,3658,121.933,1158.5,386.5
47,3659,121.967,1186.5,404.5
47,3660,122.0,1146.5,370.5
47,3661,122.033,1096.5,330.5
47,3662,122.067,1050.5,296.5
47,3663,122.1,1008.5,272.5
47,3664,122.133,950.5,234.5
47,3665,122.167,914.5,216.5
47,3666,122.2,874.5,198.5
47,3667,122.233,832.5,184.5
47,3668,122.267,792.5,176.5
47,3669,122.3,760.5,170.5
47,3670,122.333,728.5,166.5
47,3671,122.367,690.5,164.5
47,3672,122.4,694.5,166.5
47,3673,122.433,670.5,168.5
47,3674,122.467,636.5,174.5
47,3675,122.5,610.5,180.5
47,3676,122.533,584.5,192.5
47,3677,122.567,562.5,202.5
47,3678,122.6,540.5,214.5
47,3679,122.633,522.5,226.5
47,3680,122.667,498.5,246.5
47,3681,122.7,484.5,254.5
47,3682,122.733,470.5,240.5
47,3683,122.767,454.5,218.5
47,3684,122.8,438.5,200.5
47,3685,122.833,424.5,186.5
47,3686,122.867,412.5,172.5
47,3687,122.9,402.5,164.5
47,3688,122.933,374.5,172.5
47,3689,122.967,446.5,172.5
47,3690,123.0,486.5,182.5
47,3691,123.033,520.5,196.5
47,3692,123.067,562.5,214.5
47,3693,123.1,594.5,230.5
47,3694,123.133,630.5,250.5
47,3696,123.2,720.5,312.5
47,3697,123.233,748.5,342.5
47,3698,123.267,788.5,364.5
47,3699,123.3,826.5,362.5
47,3700,123.333,862.5,358.5
47,3701,123.367,904.5,360.5
47,3702,123.4,944.5,364.5
47,3703,123.433,988.5,374.5
47,3704,123.467,1032.5,388.5
47,3705,123.5,1076.5,404.5
47,3706,123.533,1088.5,394.5
47,3707,123.567,1042.5,356.5
47,3708,123.6,1010.5,330.5
47,3709,123.633,948.5,284.5
47,3710,123.667,908.5,258.5
47,3711,123.7,876.5,242.5
47,3712,123.733,840.5,222.5
47,3713,123.767,808.5,210.5
47,3714,123.8,770.5,196.5
47,3715,123.833,746.5,194.5
47,3716,123.867,720.5,192.5
47,3717,123.9,694.5,192.5
47,3718,123.933,676.5,194.5
47,3719,123.967,650.5,202.5
47,3720,124.0,634.5,210.5
47,3721,124.033,616.5,218.5
47,3722,124.067,602.5,228.5
47,3723,124.1,588.5,240.5
47,3724,124.133,578.5,252.5
47,3725,124.167,564.5,268.5
47,3726,124.2,552.5,248.5
47,3727,124.233,544.5,228.5
47,3728,124.267,534.5,212.5
47,3729,124.3,526.5,196.5
47,3730,124.333,518.5,184.5
47,3731,124.367,508.5,170.5
47,3732,124.4,502.5,164.5
47,3733,124.433,494.5,158.5
47,3734,124.467,488.5,156.5
47,3735,124.5,480.5,156.5
47,3736,124.533,452.5,166.5
47,3737,124.567,522.5,170.5
47,3738,124.6,556.5,186.5
47,3739,124.633,594.5,204.5
47,3740,124.667,626.5,224.5
47,3741,124.7,644.5,236.5
47,3742,124.733,684.5,268.5
47,3744,124.8,760.5,340.5
47,3745,124.833,790.5,374.5
47,3746,124.867,830.5,406.5
47,3747,124.9,862.5,404.5
47,3748,124.933,906.5,404.5
47,3749,124.967,940.5,414.5
47,3750,125.0,990.5,424.5
47,3753,125.1,888.5,338.5
47,3754,125.133,830.5,298.5
47,3755,125.167,786.5,276.5
47,3756,125.2,742.5,258.5
47,3757,125.233,700.5,242.5
47,3758,125.267,666.5,228.5
47,3759,125.3,622.5,218.5
47,3760,125.333,588.5,214.5
47,3761,125.367,556.5,212.5
47,3762,125.4,530.5,214.5
47,3763,125.433,506.5,218.5
47,3764,125.467,482.5,226.5
47,3765,125.5,460.5,236.5
47,3766,125.533,442.5,246.5
47,3767,125.567,424.5,258.5
47,3768,125.6,408.5,272.5
47,3769,125.633,396.5,284.5
47,3770,125.667,384.5,278.5
47,3771,125.7,370.5,252.5
47,3772,125.733,356.5,230.5
47,3773,125.767,344.5,212.5
47,3774,125.8,330.5,196.5
47,3775,125.833,320.5,184.5
47,3776,125.867,312.5,176.5
47,3777,125.9,302.5,170.5
47,3778,125.933,294.5,168.5
47,3779,125.967,286.5,164.5
47,3780,126.0,280.5,168.5
47,3781,126.033,274.5,174.5
47,3782,126.067,296.5,164.5
47,3783,126.1,312.5,152.5
47,3784,126.133,326.5,138.5
47,3786,126.2,476.5,198.5
47,3787,126.233,514.5,210.5
47,3788,126.267,562.5,230.5
47,3789,126.3,608.5,252.5
47,3790,126.333,652.5,282.5
47,3791,126.367,694.5,296.5
47,3792,126.4,728.5,328.5
47,3793,126.433,780.5,340.5
47,3794,126.467,822.5,328.5
47,3795,126.5,876.5,316.5
47,3796,126.533,926.5,310.5
47,3797,126.567,968.5,310.5
47,3798,126.6,1014.5,310.5
47,3799,126.633,1064.5,314.5
47,3800,126.667,1114.5,324.5
47,3801,126.7,1164.5,338.5
47,3802,126.733,1214.5,354.5
47,3805,126.833,1214.5,296.5
47,3806,126.867,1170.5,248.5
47,3807,126.9,1126.5,202.5
47,3811,127.033,906.5,52.5
47,3812,127.067,856.5,30.5
47,3813,127.1,814.5,18.5
47,3814,127.133,774.5,8.5
47,3818,127.267,622.5,6.5
47,3819,127.3,590.5,12.5
47,3820,127.333,560.5,22.5
47,3821,127.367,528.5,36.5
47,3822,127.4,502.5,52.5
47,3823,127.433,476.5,70.5
47,3824,127.467,454.5,88.5
47,3825,127.5,436.5,104.5
47,3826,127.533,414.5,130.5
47,3827,127.567,396.5,152.5
47,3828,127.6,374.5,182.5
47,3829,127.633,362.5,204.5
47,3830,127.667,344.5,234.5
47,3831,127.7,332.5,258.5
47,3832,127.733,324.5,246.5
47,3833,127.767,306.5,214.5
47,3834,127.8,292.5,190.5
47,3835,127.833,278.5,164.5
47,3836,127.867,262.5,144.5
47,3837,127.9,246.5,124.5
47,3838,127.933,236.5,112.5
47,3839,127.967,226.5,100.5
47,3840,128.0,212.5,90.5
47,3841,128.033,202.5,84.5
47,3842,128.067,192.5,82.5
47,3843,128.1,182.5,80.5
47,3844,128.133,174.5,82.5
47,3845,128.167,166.5,86.5
47,3846,128.2,158.5,92.5
47,3847,128.233,150.5,100.5
47,3848,128.267,162.5,110.5
47,3849,128.3,180.5,98.5
47,3852,128.4,388.5,124.5
47,3853,128.433,448.5,140.5
47,3854,128.467,502.5,156.5
47,3855,128.5,554.5,176.5
47,3856,128.533,626.5,208.5
47,3857,128.567,648.5,218.5
47,3858,128.6,710.5,256.5
47,3859,128.633,756.5,284.5
47,3860,128.667,816.5,314.5
47,3861,128.7,860.5,294.5
47,3862,128.733,914.5,274.5
47,3863,128.767,946.5,266.5
47,3864,128.8,1002.5,252.5
47,3865,128.833,1044.5,246.5
47,3867,128.9,1166.5,240.5
47,3868,128.933,1204.5,242.5
47,3869,128.967,1244.5,244.5
48,3876,129.2,1252.5,150.5
48,3877,129.233,1208.5,120.5
48,3881,129.367,1012.5,26.5
48,3882,129.4,970.5,14.5
48,3883,129.433,924.5,6.5
48,3887,129.567,762.5,6.5
48,3888,129.6,728.5,14.5
48,3889,129.633,696.5,22.5
48,3890,129.667,658.5,38.5
48,3891,129.7,626.5,54.5
48,3892,129.733,598.5,70.5
48,3893,129.767,568.5,90.5
48,3894,129.8,550.5,104.5
48,3895,129.833,524.5,130.5
48,3896,129.867,502.5,152.5
48,3897,129.9,478.5,178.5
48,3898,129.933,458.5,202.5
48,3899,129.967,440.5,228.5
48,3900,130.0,426.5,248.5
48,3901,130.033,412.5,228.5
48,3902,130.067,398.5,202.5
48,3903,130.1,386.5,180.5
48,3904,130.133,370.5,158.5
48,3905,130.167,356.5,140.5
48,3906,130.2,342.5,124.5
48,3907,130.233,328.5,110.5
48,3908,130.267,316.5,100.5
48,3909,130.3,306.5,92.5
48,3910,130.333,294.5,90.5
48,3911,130.367,280.5,86.5
48,3912,130.4,272.5,88.5
48,3913,130.433,260.5,90.5
48,3914,130.467,252.5,94.5
48,3915,130.5,246.5,102.5
48,3916,130.533,238.5,110.5
48,3917,130.567,206.5,150.5
48,3918,130.6,204.5,168.5
48,3921,130.7,434.5,206.5
48,3922,130.733,484.5,234.5
48,3923,130.767,532.5,258.5
48,3924,130.8,588.5,296.5
48,3925,130.833,646.5,332.5
48,3926,130.867,686.5,350.5
48,3928,130.933,802.5,418.5
48,3929,130.967,842.5,420.5
48,3930,131.0,930.5,422.5
48,3931,131.033,986.5,428.5
48,3932,131.067,1062.5,440.5
48,3933,131.1,1128.5,454.5
48,3935,131.167,1176.5,442.5
48,3936,131.2,1112.5,398.5
48,3937,131.233,1064.5,370.5
48,3938,131.267,1014.5,344.5
48,3939,131.3,964.5,324.5
48,3940,131.333,918.5,308.5
48,3941,131.367,860.5,292.5
48,3942,131.4,814.5,290.5
48,3943,131.433,768.5,286.5
48,3944,131.467,732.5,292.5
48,3945,131.5,686.5,294.5
48,3946,131.533,642.5,308.5
48,3947,131.567,608.5,316.5
48,3948,131.6,576.5,332.5
48,3949,131.633,540.5,354.5
48,3950,131.667,518.5,368.5
48,3951,131.7,488.5,394.5
48,3952,131.733,458.5,422.5
48,3953,131.767,438.5,450.5
48,3954,131.8,422.5,468.5
48,3955,131.833,404.5,498.5
48,3956,131.867,384.5,534.5
48,3957,131.9,374.5,554.5
48,3958,131.933,362.5,580.5
48,3959,131.967,344.5,590.5
48,3960,132.0,336.5,574.5
48,3961,132.033,320.5,552.5
48,3962,132.067,308.5,536.5
48,3963,132.1,296.5,522.5
48,3964,132.133,286.5,512.5
48,3965,132.167,274.5,500.5
48,3966,132.2,266.5,496.5
48,3967,132.233,256.5,490.5
48,3968,132.267,248.5,490.5
48,3969,132.3,240.5,492.5
48,3970,132.333,234.5,496.5
48,3971,132.367,228.5,504.5
48,3972,132.4,224.5,512.5
48,3973,132.433,220.5,522.5
48,3974,132.467,216.5,536.5
48,3976,132.533,200.5,532.5
48,3977,132.567,190.5,522.5
48,3978,132.6,178.5,514.5
48,3979,132.633,170.5,506.5
48,3980,132.667,160.5,502.5
48,3981,132.7,156.5,502.5
49,4019,133.967,72.5,376.5
49,4020,134.0,82.5,380.5
49,4021,134.033,90.5,386.5
49,4022,134.067,104.5,340.5
49,4023,134.1,118.5,294.5
49,4024,134.133,82.5,344.5
49,4025,134.167,90.5,338.5
49,4028,134.267,192.5,116.5
49,4029,134.3,206.5,86.5
49,4030,134.333,222.5,68.5
49,4031,134.367,238.5,46.5
49,4033,134.433,276.5,16.5
49,4034,134.467,318.5,16.5
50,4040,134.667,400.5,12.5
50,4041,134.7,418.5,24.5
50,4042,134.733,434.5,36.5
50,4043,134.767,450.5,52.5
50,4044,134.8,466.5,70.5
50,4045,134.833,480.5,88.5
50,4046,134.867,494.5,108.5
50,4047,134.9,512.5,132.5
50,4048,134.933,520.5,150.5
50,4049,134.967,540.5,182.5
50,4050,135.0,552.5,208.5
50,4051,135.033,564.5,230.5
50,4052,135.067,580.5,264.5
50,4053,135.1,588.5,256.5
50,4054,135.133,592.5,232.5
50,4056,135.2,600.5,186.5
50,4057,135.233,606.5,166.5
50,4058,135.267,610.5,148.5
50,4059,135.3,614.5,136.5
50,4060,135.333,620.5,122.5
50,4061,135.367,626.5,114.5
50,4062,135.4,630.5,106.5
50,4063,135.433,636.5,102.5
50,4064,135.467,642.5,100.5
50,4065,135.5,646.5,100.5
50,4066,135.533,652.5,104.5
50,4067,135.567,658.5,110.5
50,4068,135.6,660.5,120.5
50,4069,135.633,666.5,130.5
50,4070,135.667,668.5,142.5
50,4071,135.7,672.5,156.5
50,4072,135.733,676.5,172.5
50,4073,135.767,680.5,190.5
50,4074,135.8,682.5,208.5
50,4075,135.833,686.5,230.5
50,4076,135.867,688.5,252.5
50,4077,135.9,690.5,268.5
51,4121,137.367,1050.5,236.5
51,4123,137.433,944.5,124.5
51,4124,137.467,940.5,126.5
51,4125,137.5,934.5,130.5
51,4126,137.533,930.5,132.5
51,4127,137.567,926.5,136.5
51,4128,137.6,920.5,140.5
51,4129,137.633,914.5,144.5
51,4130,137.667,910.5,148.5
51,4131,137.7,906.5,152.5
52,4214,140.467,500.5,192.5
52,4215,140.5,494.5,190.5
52,4216,140.533,484.5,192.5
52,4218,140.6,464.5,194.5
52,4219,140.633,456.5,196.5
52,4220,140.667,450.5,198.5
52,4221,140.7,448.5,202.5
52,4223,140.767,438.5,210.5
53,4258,141.933,1024.5,224.5
53,4259,141.967,1024.5,228.5
53,4260,142.0,1024.5,230.5
53,4261,142.033,1024.5,230.5
53,4262,142.067,1026.5,230.5
54,4303,143.433,426.5,164.5
54,4304,143.467,436.5,178.5
54,4305,143.5,456.5,194.5
54,4306,143.533,468.5,226.5
54,4307,143.567,484.5,248.5
54,4308,143.6,498.5,264.5
54,4309,143.633,508.5,250.5
54,4310,143.667,520.5,238.5
54,4311,143.7,530.5,228.5
54,4312,143.733,544.5,222.5
54,4314,143.8,568.5,214.5
54,4315,143.833,582.5,216.5
54,4316,143.867,596.5,218.5
54,4317,143.9,610.5,226.5
54,4318,143.933,624.5,234.5
54,4319,143.967,638.5,244.5
54,4320,144.0,652.5,260.5
54,4321,144.033,666.5,282.5
54,4322,144.067,680.5,296.5
54,4323,144.1,694.5,322.5
54,4324,144.133,708.5,344.5
54,4325,144.167,718.5,352.5
54,4326,144.2,728.5,340.5
54,4327,144.233,740.5,328.5
54,4328,144.267,752.5,314.5
54,4329,144.3,764.5,312.5
54,4330,144.333,776.5,310.5
54,4331,144.367,786.5,310.5
54,4332,144.4,800.5,314.5
54,4333,144.433,810.5,322.5
54,4334,144.467,822.5,328.5
54,4335,144.5,832.5,342.5
54,4336,144.533,842.5,360.5
54,4337,144.567,852.5,376.5
54,4338,144.6,844.5,390.5
54,4340,144.667,820.5,492.5
55,4358,145.267,1032.5,512.5
55,4359,145.3,1030.5,516.5
55,4360,145.333,1028.5,520.5
55,4361,145.367,1024.5,518.5
55,4362,145.4,1016.5,518.5
55,4366,145.533,968.5,466.5
55,4367,145.567,960.5,440.5
55,4368,145.6,950.5,416.5
55,4369,145.633,942.5,388.5
55,4372,145.733,944.5,314.5
55,4373,145.767,946.5,300.5
55,4374,145.8,948.5,288.5
55,4375,145.833,946.5,276.5
55,4376,145.867,944.5,272.5
55,4377,145.9,942.5,272.5
55,4378,145.933,936.5,276.5
55,4379,145.967,934.5,286.5
55,4380,146.0,932.5,298.5
55,4381,146.033,928.5,312.5
55,4382,146.067,922.5,330.5
55,4383,146.1,918.5,352.5
55,4384,146.133,914.5,372.5
55,4386,146.2,906.5,428.5
55,4387,146.233,858.5,442.5
55,4389,146.3,756.5,428.5
55,4391,146.367,666.5,352.5
55,4392,146.4,630.5,328.5
55,4393,146.433,602.5,310.5
55,4394,146.467,570.5,294.5
55,4395,146.5,536.5,280.5
55,4396,146.533,514.5,274.5
55,4397,146.567,486.5,268.5
55,4398,146.6,464.5,268.5
55,4399,146.633,442.5,268.5
55,4400,146.667,424.5,272.5
55,4401,146.7,408.5,276.5
55,4402,146.733,390.5,260.5
55,4403,146.767,372.5,244.5
55,4404,146.8,358.5,234.5
55,4406,146.867,382.5,222.5
55,4407,146.9,410.5,222.5
55,4408,146.933,438.5,222.5
55,4409,146.967,474.5,228.5
55,4410,147.0,510.5,238.5
55,4411,147.033,536.5,244.5
55,4412,147.067,576.5,260.5
55,4413,147.1,612.5,276.5
55,4414,147.133,646.5,292.5
55,4415,147.167,676.5,312.5
55,4416,147.2,720.5,340.5
55,4417,147.233,748.5,362.5
55,4418,147.267,790.5,386.5
55,4419,147.3,826.5,376.5
55,4420,147.333,860.5,376.5
55,4421,147.367,896.5,378.5
55,4422,147.4,934.5,386.5
55,4423,147.433,970.5,394.5
55,4424,147.467,998.5,394.5
55,4425,147.5,968.5,364.5
55,4426,147.533,916.5,322.5
55,4427,147.567,876.5,288.5
55,4428,147.6,836.5,260.5
55,4429,147.633,804.5,242.5
55,4430,147.667,770.5,226.5
55,4431,147.7,738.5,212.5
55,4432,147.733,702.5,200.5
55,4433,147.767,674.5,194.5
55,4434,147.8,640.5,192.5
55,4435,147.833,612.5,194.5
55,4436,147.867,584.5,196.5
55,4437,147.9,558.5,202.5
55,4438,147.933,534.5,212.5
55,4439,147.967,508.5,224.5
55,4440,148.0,492.5,236.5
55,4441,148.033,468.5,248.5
55,4442,148.067,446.5,268.5
55,4443,148.1,430.5,286.5
55,4444,148.133,412.5,306.5
55,4445,148.167,394.5,326.5
55,4446,148.2,382.5,308.5
55,4447,148.233,370.5,290.5
55,4448,148.267,354.5,268.5
55,4449,148.3,338.5,250.5
55,4450,148.333,322.5,232.5
55,4451,148.367,310.5,220.5
55,4452,148.4,296.5,212.5
55,4453,148.433,286.5,206.5
55,4454,148.467,274.5,202.5
55,4455,148.5,262.5,202.5
55,4456,148.533,252.5,204.5
55,4457,148.567,244.5,208.5
55,4458,148.6,234.5,216.5
55,4459,148.633,226.5,226.5
55,4460,148.667,252.5,230.5
55,4461,148.7,300.5,224.5
55,4462,148.733,336.5,222.5
55,4463,148.767,390.5,222.5
55,4464,148.8,438.5,228.5
55,4465,148.833,488.5,238.5
55,4466,148.867,526.5,246.5
55,4467,148.9,576.5,260.5
55,4468,148.933,624.5,276.5
55,4470,149.0,696.5,310.5
55,4471,149.033,742.5,340.5
55,4472,149.067,780.5,328.5
55,4473,149.1,830.5,308.5
55,4474,149.133,860.5,300.5
55,4475,149.167,896.5,292.5
55,4476,149.2,938.5,282.5
55,4477,149.233,970.5,280.5
55,4478,149.267,1006.5,280.5
55,4479,149.3,1040.5,282.5
55,4480,149.333,1068.5,286.5
55,4481,149.367,1038.5,264.5
55,4483,149.433,952.5,216.5
55,4484,149.467,914.5,198.5
55,4485,149.5,882.5,188.5
55,4486,149.533,844.5,174.5
55,4487,149.567,800.5,164.5
55,4488,149.6,776.5,162.5
55,4489,149.633,742.5,160.5
55,4490,149.667,712.5,160.5
55,4491,149.7,684.5,162.5
55,4492,149.733,652.5,170.5
55,4493,149.767,628.5,176.5
55,4494,149.8,602.5,184.5
55,4495,149.833,576.5,196.5
55,4496,149.867,556.5,208.5
55,4497,149.9,534.5,220.5
55,4498,149.933,512.5,236.5
55,4499,149.967,490.5,254.5
55,4500,150.0,468.5,268.5
55,4501,150.033,454.5,250.5
55,4502,150.067,440.5,234.5
55,4503,150.1,424.5,218.5
55,4504,150.133,410.5,202.5
55,4505,150.167,398.5,190.5
55,4506,150.2,384.5,182.5
55,4508,150.267,360.5,172.5
55,4509,150.3,350.5,172.5
55,4511,150.367,326.5,180.5
55,4512,150.4,318.5,184.5
55,4513,150.433,306.5,190.5
55,4514,150.467,302.5,200.5
55,4515,150.5,332.5,204.5
55,4516,150.533,342.5,184.5
55,4517,150.567,420.5,222.5
55,4518,150.6,454.5,228.5
55,4519,150.633,500.5,244.5
55,4520,150.667,544.5,260.5
55,4521,150.7,580.5,274.5
55,4522,150.733,532.5,306.5
55,4523,150.767,596.5,292.5
55,4524,150.8,588.5,298.5
55,4526,150.867,580.5,300.5
55,4528,150.933,576.5,284.5
55,4529,150.967,572.5,280.5
55,4530,151.0,572.5,280.5
55,4531,151.033,568.5,280.5
55,4532,151.067,564.5,280.5
55,4533,151.1,562.5,286.5
55,4534,151.133,560.5,296.5
55,4535,151.167,560.5,288.5
55,4536,151.2,560.5,280.5
55,4537,151.233,560.5,276.5
55,4538,151.267,560.5,274.5
55,4539,151.3,558.5,274.5
55,4540,151.333,560.5,278.5
55,4541,151.367,560.5,286.5
55,4542,151.4,560.5,284.5
55,4543,151.433,562.5,276.5
55,4544,151.467,562.5,272.5
55,4545,151.5,566.5,270.5
55,4546,151.533,566.5,272.5
55,4547,151.567,568.5,280.5
55,4548,151.6,568.5,284.5
55,4549,151.633,568.5,276.5
55,4550,151.667,570.5,270.5
55,4551,151.7,572.5,270.5
55,4552,151.733,574.5,270.5
55,4553,151.767,576.5,274.5
55,4554,151.8,578.5,280.5
55,4555,151.833,578.5,274.5
55,4556,151.867,580.5,270.5
55,4557,151.9,580.5,268.5
55,4558,151.933,582.5,272.5
55,4559,151.967,582.5,276.5
55,4560,152.0,584.5,274.5
55,4561,152.033,586.5,270.5
55,4562,152.067,588.5,268.5
55,4563,152.1,590.5,268.5
55,4564,152.133,590.5,274.5
55,4565,152.167,592.5,274.5
55,4566,152.2,592.5,266.5
55,4567,152.233,594.5,266.5
55,4568,152.267,596.5,268.5
55,4569,152.3,596.5,272.5
55,4570,152.333,598.5,268.5
55,4571,152.367,600.5,268.5
55,4572,152.4,602.5,268.5
55,4574,152.467,604.5,268.5
55,4575,152.5,606.5,266.5
55,4576,152.533,604.5,268.5
55,4579,152.633,608.5,266.5
55,4582,152.733,610.5,266.5
56,4594,153.133,562.5,276.5
56,4595,153.167,548.5,276.5
56,4596,153.2,532.5,278.5
56,4597,153.233,516.5,280.5
56,4598,153.267,500.5,280.5
56,4599,153.3,486.5,280.5
56,4600,153.333,470.5,280.5
56,4601,153.367,456.5,282.5
56,4602,153.4,444.5,282.5
56,4603,153.433,432.5,282.5
56,4604,153.467,418.5,282.5
56,4605,153.5,406.5,284.5
56,4606,153.533,396.5,288.5
56,4607,153.567,384.5,288.5
56,4608,153.6,374.5,286.5
56,4609,153.633,362.5,286.5
56,4610,153.667,360.5,290.5
56,4611,153.7,370.5,286.5
56,4612,153.733,380.5,286.5
56,4613,153.767,388.5,284.5
56,4614,153.8,394.5,284.5
56,4615,153.833,400.5,282.5
56,4616,153.867,408.5,282.5
56,4617,153.9,414.5,282.5
56,4618,153.933,418.5,282.5
56,4619,153.967,424.5,282.5
56,4620,154.0,428.5,282.5
56,4621,154.033,432.5,282.5
56,4622,154.067,434.5,280.5
56,4623,154.1,438.5,280.5
56,4624,154.133,438.5,282.5
56,4625,154.167,442.5,280.5
56,4626,154.2,442.5,280.5
56,4627,154.233,444.5,280.5
56,4628,154.267,446.5,282.5
56,4629,154.3,448.5,282.5
56,4630,154.333,454.5,280.5
57,4650,155.0,462.5,210.5
57,4651,155.033,460.5,198.5
57,4653,155.1,454.5,176.5
57,4656,155.2,460.5,166.5
57,4658,155.267,488.5,196.5
57,4659,155.3,504.5,218.5
57,4660,155.333,520.5,238.5
57,4661,155.367,538.5,262.5
57,4662,155.4,552.5,264.5
57,4663,155.433,566.5,260.5
57,4664,155.467,582.5,250.5
57,4665,155.5,598.5,244.5
57,4666,155.533,614.5,244.5
57,4667,155.567,630.5,244.5
57,4668,155.6,644.5,248.5
57,4669,155.633,658.5,256.5
57,4670,155.667,678.5,264.5
57,4671,155.7,694.5,276.5
57,4672,155.733,712.5,292.5
57,4673,155.767,730.5,308.5
57,4674,155.8,744.5,328.5
57,4675,155.833,762.5,354.5
57,4676,155.867,780.5,364.5
57,4677,155.9,794.5,356.5
57,4678,155.933,810.5,346.5
57,4679,155.967,832.5,340.5
57,4680,156.0,850.5,338.5
57,4681,156.033,868.5,338.5
57,4682,156.067,886.5,342.5
57,4683,156.1,900.5,346.5
57,4684,156.133,918.5,356.5
58,4733,157.767,944.5,310.5
58,4735,157.833,886.5,374.5
58,4736,157.867,872.5,376.5
58,4737,157.9,860.5,376.5
58,4739,157.967,876.5,292.5
58,4740,158.0,820.5,332.5
58,4741,158.033,770.5,312.5
58,4742,158.067,734.5,300.5
58,4743,158.1,690.5,288.5
58,4744,158.133,650.5,276.5
58,4745,158.167,612.5,270.5
58,4746,158.2,576.5,264.5
58,4747,158.233,544.5,260.5
58,4748,158.267,510.5,260.5
58,4749,158.3,486.5,266.5
58,4750,158.333,460.5,270.5
58,4751,158.367,434.5,276.5
58,4752,158.4,410.5,262.5
58,4753,158.433,390.5,250.5
58,4754,158.467,372.5,240.5
58,4755,158.5,354.5,232.5
58,4756,158.533,366.5,228.5
58,4757,158.567,390.5,228.5
58,4758,158.6,414.5,232.5
58,4759,158.633,438.5,236.5
58,4760,158.667,466.5,244.5
58,4761,158.7,488.5,252.5
58,4762,158.733,514.5,262.5
58,4763,158.767,542.5,280.5
58,4764,158.8,572.5,300.5
58,4765,158.833,596.5,316.5
58,4766,158.867,626.5,340.5
58,4767,158.9,658.5,372.5
58,4768,158.933,682.5,382.5
58,4769,158.967,710.5,376.5
58,4770,159.0,740.5,376.5
58,4771,159.033,766.5,376.5
58,4772,159.067,798.5,384.5
58,4773,159.1,832.5,398.5
58,4776,159.2,758.5,312.5
58,4777,159.233,738.5,290.5
58,4778,159.267,706.5,264.5
58,4779,159.3,682.5,246.5
58,4780,159.333,660.5,234.5
58,4781,159.367,638.5,226.5
58,4782,159.4,618.5,220.5
58,4783,159.433,598.5,218.5
58,4784,159.467,582.5,218.5
58,4785,159.5,568.5,222.5
58,4786,159.533,554.5,226.5
58,4787,159.567,542.5,234.5
58,4788,159.6,530.5,244.5
58,4789,159.633,518.5,258.5
58,4790,159.667,510.5,272.5
58,4791,159.7,502.5,278.5
58,4792,159.733,498.5,256.5
58,4793,159.767,492.5,234.5
58,4794,159.8,488.5,218.5
58,4795,159.833,484.5,204.5
58,4796,159.867,480.5,192.5
58,4797,159.9,478.5,184.5
58,4798,159.933,474.5,176.5
58,4799,159.967,470.5,170.5
58,4800,160.0,468.5,170.5
58,4801,160.033,440.5,174.5
58,4802,160.067,484.5,174.5
58,4803,160.1,510.5,180.5
58,4804,160.133,532.5,186.5
58,4805,160.167,558.5,196.5
58,4806,160.2,582.5,208.5
58,4807,160.233,610.5,224.5
58,4808,160.267,630.5,238.5
58,4809,160.3,656.5,258.5
58,4810,160.333,678.5,280.5
58,4811,160.367,702.5,300.5
58,4812,160.4,726.5,332.5
58,4813,160.433,750.5,330.5
58,4814,160.467,772.5,316.5
58,4815,160.5,802.5,312.5
58,4816,160.533,822.5,306.5
58,4817,160.567,846.5,306.5
58,4818,160.6,870.5,306.5
58,4819,160.633,894.5,310.5
58,4820,160.667,920.5,316.5
58,4821,160.7,948.5,328.5
58,4822,160.733,966.5,338.5
58,4823,160.767,994.5,360.5
58,4824,160.8,970.5,340.5
58,4825,160.833,946.5,326.5
58,4826,160.867,894.5,292.5
58,4827,160.9,860.5,276.5
58,4828,160.933,820.5,258.5
58,4829,160.967,782.5,244.5
58,4830,161.0,746.5,236.5
58,4831,161.033,714.5,230.5
58,4832,161.067,682.5,228.5
58,4833,161.1,644.5,228.5
58,4834,161.133,618.5,232.5
58,4835,161.167,588.5,240.5
58,4836,161.2,568.5,244.5
58,4837,161.233,538.5,260.5
58,4838,161.267,514.5,268.5
58,4839,161.3,490.5,284.5
58,4840,161.333,470.5,298.5
58,4841,161.367,450.5,310.5
58,4842,161.4,434.5,290.5
58,4843,161.433,418.5,274.5
58,4844,161.467,396.5,258.5
58,4845,161.5,380.5,244.5
58,4846,161.533,362.5,234.5
58,4847,161.567,346.5,228.5
58,4848,161.6,332.5,224.5
58,4849,161.633,318.5,224.5
58,4850,161.667,304.5,226.5
58,4851,161.7,290.5,230.5
58,4852,161.733,278.5,236.5
58,4853,161.767,308.5,230.5
58,4854,161.8,358.5,224.5
58,4855,161.833,396.5,220.5
58,4856,161.867,434.5,218.5
58,4857,161.9,474.5,220.5
58,4858,161.933,518.5,226.5
58,4859,161.967,556.5,234.5
58,4860,162.0,602.5,246.5
58,4861,162.033,632.5,258.5
58,4862,162.067,660.5,266.5
58,4863,162.1,708.5,294.5
58,4864,162.133,742.5,312.5
58,4865,162.167,766.5,326.5
58,4866,162.2,810.5,306.5
58,4867,162.233,828.5,298.5
58,4868,162.267,866.5,284.5
58,4869,162.3,894.5,276.5
58,4870,162.333,922.5,272.5
58,4871,162.367,950.5,268.5
58,4872,162.4,980.5,268.5
58,4873,162.433,1010.5,272.5
58,4874,162.467,1030.5,276.5
58,4875,162.5,1058.5,286.5
58,4876,162.533,1078.5,296.5
58,4877,162.567,1108.5,314.5
58,4878,162.6,1124.5,326.5
58,4879,162.633,1142.5,344.5
58,4880,162.667,1108.5,314.5
58,4881,162.7,1056.5,274.5
58,4882,162.733,1028.5,252.5
58,4885,162.833,866.5,164.5
58,4886,162.867,804.5,138.5
58,4887,162.9,776.5,130.5
58,4888,162.933,730.5,118.5
58,4889,162.967,686.5,112.5
58,4890,163.0,644.5,110.5
58,4891,163.033,606.5,110.5
58,4892,163.067,570.5,112.5
58,4893,163.1,536.5,118.5
58,4894,163.133,502.5,126.5
58,4895,163.167,470.5,136.5
58,4896,163.2,442.5,148.5
58,4897,163.233,412.5,164.5
58,4898,163.267,382.5,184.5
58,4899,163.3,362.5,200.5
58,4900,163.333,336.5,224.5
58,4901,163.367,316.5,242.5
58,4902,163.4,296.5,270.5
58,4904,163.467,260.5,240.5
58,4905,163.5,238.5,216.5
58,4906,163.533,218.5,198.5
58,4907,163.567,204.5,184.5
58,4908,163.6,186.5,170.5
58,4909,163.633,170.5,160.5
58,4910,163.667,158.5,154.5
58,4911,163.7,144.5,148.5
58,4912,163.733,132.5,148.5
58,4913,163.767,118.5,148.5
58,4914,163.8,106.5,148.5
58,4915,163.833,96.5,156.5
58,4916,163.867,84.5,164.5
58,4920,164.0,266.5,164.5
58,4921,164.033,320.5,172.5
58,4922,164.067,374.5,184.5
58,4923,164.1,426.5,196.5
58,4924,164.133,478.5,214.5
58,4925,164.167,544.5,244.5
58,4926,164.2,574.5,258.5
58,4927,164.233,628.5,282.5
58,4928,164.267,690.5,322.5
58,4929,164.3,730.5,342.5
58,4930,164.333,784.5,328.5
58,4931,164.367,850.5,312.5
58,4932,164.4,892.5,306.5
58,4933,164.433,944.5,296.5
58,4934,164.467,1002.5,292.5
58,4935,164.5,1046.5,292.5
58,4936,164.533,1094.5,294.5
58,4937,164.567,1144.5,302.5
58,4938,164.6,1186.5,308.5
58,4939,164.633,1238.5,324.5
58,4940,164.667,1236.5,308.5
58,4941,164.7,1186.5,268.5
58,4942,164.733,1128.5,224.5
59,4947,164.9,892.5,122.5
59,4948,164.933,850.5,116.5
59,4949,164.967,806.5,112.5
59,4950,165.0,768.5,112.5
59,4951,165.033,730.5,114.5
59,4952,165.067,696.5,118.5
59,4953,165.1,664.5,126.5
59,4954,165.133,630.5,136.5
59,4955,165.167,596.5,150.5
59,4956,165.2,566.5,164.5
59,4957,165.233,538.5,182.5
59,4958,165.267,516.5,198.5
59,4959,165.3,496.5,216.5
59,4960,165.333,472.5,242.5
59,4961,165.367,450.5,262.5
59,4962,165.4,436.5,282.5
59,4963,165.433,420.5,260.5
59,4964,165.467,406.5,238.5
59,4965,165.5,390.5,214.5
59,4966,165.533,378.5,196.5
59,4967,165.567,364.5,178.5
59,4968,165.6,366.5,180.5
59,4969,165.633,352.5,166.5
59,4970,165.667,340.5,154.5
59,4971,165.7,328.5,148.5
59,4972,165.733,318.5,140.5
59,4973,165.767,308.5,138.5
59,4974,165.8,298.5,138.5
59,4975,165.833,290.5,142.5
59,4976,165.867,316.5,148.5
59,4977,165.9,362.5,160.5
59,4978,165.933,400.5,174.5
59,4979,165.967,436.5,190.5
59,4980,166.0,478.5,210.5
59,4981,166.033,522.5,236.5
59,4982,166.067,540.5,250.5
59,4983,166.1,584.5,276.5
59,4984,166.133,630.5,320.5
59,4986,166.2,700.5,368.5
59,4987,166.233,734.5,356.5
59,4988,166.267,770.5,346.5
59,4989,166.3,800.5,344.5
59,4990,166.333,842.5,344.5
59,4991,166.367,876.5,344.5
59,4992,166.4,914.5,354.5
59,4993,166.433,950.5,364.5
59,4994,166.467,990.5,380.5
59,4995,166.5,1030.5,400.5
59,4996,166.533,1060.5,416.5
59,4997,166.567,1022.5,376.5
59,4998,166.6,970.5,330.5
59,4999,166.633,942.5,308.5
59,5000,166.667,884.5,262.5
59,5001,166.7,844.5,238.5
59,5002,166.733,808.5,216.5
59,5003,166.767,770.5,198.5
59,5004,166.8,748.5,192.5
59,5005,166.833,716.5,180.5
59,5006,166.867,692.5,178.5
59,5007,166.9,672.5,178.5
59,5008,166.933,646.5,178.5
59,5009,166.967,628.5,184.5
59,5010,167.0,610.5,192.5
59,5011,167.033,594.5,200.5
59,5012,167.067,582.5,210.5
59,5013,167.1,568.5,224.5
59,5014,167.133,558.5,234.5
59,5015,167.167,548.5,250.5
59,5016,167.2,538.5,264.5
59,5017,167.233,532.5,248.5
59,5018,167.267,526.5,228.5
59,5019,167.3,518.5,208.5
59,5020,167.333,514.5,192.5
59,5021,167.367,508.5,176.5
59,5022,167.4,504.5,166.5
59,5023,167.433,500.5,156.5
59,5024,167.467,496.5,150.5
59,5025,167.5,492.5,144.5
59,5026,167.533,488.5,144.5
59,5027,167.567,484.5,144.5
59,5028,167.6,482.5,148.5
59,5029,167.633,500.5,156.5
59,5030,167.667,524.5,168.5
59,5031,167.7,550.5,182.5
59,5032,167.733,574.5,198.5
59,5033,167.767,598.5,214.5
59,5034,167.8,628.5,240.5
59,5035,167.833,652.5,260.5
59,5037,167.9,708.5,322.5
59,5038,167.933,742.5,354.5
59,5039,167.967,764.5,352.5
59,5040,168.0,794.5,348.5
59,5041,168.033,826.5,346.5
59,5042,168.067,864.5,350.5
59,5043,168.1,896.5,356.5
59,5044,168.133,932.5,364.5
59,5045,168.167,970.5,376.5
59,5046,168.2,938.5,350.5
59,5047,168.233,898.5,320.5
59,5048,168.267,846.5,284.5
59,5049,168.3,806.5,262.5
59,5050,168.333,770.5,244.5
59,5051,168.367,732.5,230.5
59,5052,168.4,698.5,222.5
59,5053,168.433,670.5,214.5
59,5054,168.467,636.5,212.5
59,5055,168.5,604.5,212.5
59,5056,168.533,576.5,212.5
59,5057,168.567,554.5,218.5
59,5058,168.6,526.5,226.5
59,5059,168.633,504.5,236.5
59,5060,168.667,482.5,246.5
59,5061,168.7,460.5,260.5
59,5062,168.733,442.5,276.5
59,5063,168.767,426.5,290.5
59,5064,168.8,410.5,282.5
59,5065,168.833,394.5,260.5
59,5066,168.867,378.5,242.5
59,5067,168.9,364.5,226.5
59,5068,168.933,352.5,216.5
59,5069,168.967,336.5,206.5
59,5070,169.0,324.5,200.5
59,5071,169.033,312.5,196.5
59,5072,169.067,298.5,194.5
59,5073,169.1,290.5,196.5
59,5074,169.133,278.5,202.5
59,5075,169.167,266.5,208.5
59,5076,169.2,290.5,204.5
59,5077,169.233,306.5,186.5
59,5078,169.267,310.5,168.5
59,5080,169.333,466.5,208.5
59,5081,169.367,510.5,216.5
59,5082,169.4,558.5,228.5
59,5083,169.433,606.5,244.5
59,5084,169.467,652.5,262.5
59,5085,169.5,688.5,284.5
59,5086,169.533,740.5,308.5
59,5087,169.567,776.5,332.5
59,5088,169.6,824.5,350.5
59,5089,169.633,862.5,340.5
59,5090,169.667,910.5,324.5
59,5091,169.7,954.5,318.5
59,5092,169.733,1008.5,310.5
59,5093,169.767,1042.5,310.5
59,5094,169.8,1098.5,310.5
59,5095,169.833,1140.5,318.5
59,5096,169.867,1178.5,326.5
59,5097,169.9,1222.5,340.5
59,5098,169.933,1194.5,308.5
59,5099,169.967,1156.5,280.5
59,5100,170.0,1100.5,240.5
59,5101,170.033,1062.5,220.5
59,5105,170.167,852.5,142.5
59,5106,170.2,804.5,134.5
59,5107,170.233,766.5,132.5
59,5108,170.267,732.5,134.5
59,5109,170.3,700.5,138.5
59,5110,170.333,670.5,144.5
59,5111,170.367,632.5,154.5
59,5112,170.4,600.5,166.5
59,5113,170.433,572.5,180.5
59,5114,170.467,546.5,196.5
59,5115,170.5,522.5,214.5
59,5116,170.533,502.5,230.5
59,5117,170.567,484.5,248.5
59,5118,170.6,466.5,270.5
59,5119,170.633,452.5,262.5
59,5120,170.667,436.5,238.5
59,5121,170.7,422.5,212.5
59,5122,170.733,406.5,192.5
59,5123,170.767,394.5,176.5
59,5124,170.8,382.5,162.5
59,5125,170.833,372.5,154.5
59,5126,170.867,358.5,146.5
59,5127,170.9,348.5,140.5
59,5128,170.933,338.5,136.5
59,5129,170.967,330.5,138.5
59,5130,171.0,322.5,140.5
59,5131,171.033,314.5,144.5
59,5132,171.067,306.5,152.5
59,5133,171.1,300.5,160.5
59,5134,171.133,328.5,162.5
59,5135,171.167,346.5,152.5
59,5136,171.2,424.5,176.5
59,5137,171.233,474.5,186.5
59,5138,171.267,514.5,200.5
59,5139,171.3,564.5,220.5
59,5140,171.333,620.5,244.5
59,5141,171.367,656.5,262.5
59,5142,171.4,712.5,296.5
59,5143,171.433,760.5,328.5
59,5144,171.467,818.5,364.5
59,5145,171.5,862.5,358.5
59,5147,171.567,988.5,346.5
59,5148,171.6,1028.5,346.5
59,5149,171.633,1082.5,348.5
59,5150,171.667,1142.5,356.5
59,5151,171.7,1202.5,368.5
59,5152,171.733,1250.5,380.5
59,5154,171.8,1270.5,344.5
59,5155,171.833,1236.5,310.5
59,5156,171.867,1182.5,264.5
59,5157,171.9,1122.5,216.5
59,5159,171.967,1062.5,180.5
59,5163,172.1,890.5,114.5
59,5164,172.133,854.5,108.5
59,5165,172.167,824.5,108.5
59,5166,172.2,794.5,112.5
59,5167,172.233,766.5,116.5
59,5168,172.267,740.5,122.5
59,5169,172.3,716.5,132.5
59,5170,172.333,694.5,142.5
59,5171,172.367,674.5,154.5
59,5172,172.4,652.5,172.5
59,5173,172.433,636.5,184.5
59,5174,172.467,618.5,200.5
59,5175,172.5,602.5,220.5
59,5176,172.533,586.5,238.5
59,5177,172.567,574.5,250.5
59,5178,172.6,568.5,232.5
59,5179,172.633,554.5,204.5
59,5180,172.667,546.5,184.5
59,5181,172.7,538.5,168.5
59,5182,172.733,528.5,152.5
59,5183,172.767,520.5,140.5
59,5184,172.8,512.5,132.5
59,5185,172.833,506.5,126.5
59,5186,172.867,498.5,120.5
59,5187,172.9,490.5,118.5
59,5188,172.933,484.5,118.5
59,5189,172.967,498.5,130.5
59,5190,173.0,520.5,146.5
59,5191,173.033,544.5,164.5
59,5192,173.067,564.5,184.5
59,5193,173.1,582.5,208.5
59,5194,173.133,610.5,242.5
59,5195,173.167,630.5,270.5
59,5198,173.267,694.5,392.5
59,5199,173.3,718.5,414.5
59,5200,173.333,742.5,414.5
59,5201,173.367,774.5,420.5
59,5204,173.467,866.5,458.5
59,5205,173.5,892.5,478.5
59,5208,173.6,828.5,374.5
59,5209,173.633,810.5,360.5
59,5210,173.667,760.5,312.5
59,5211,173.7,726.5,282.5
59,5212,173.733,696.5,260.5
59,5213,173.767,676.5,248.5
59,5214,173.8,646.5,234.5
59,5215,173.833,628.5,228.5
59,5216,173.867,610.5,226.5
59,5217,173.9,596.5,226.5
59,5218,173.933,582.5,232.5
59,5219,173.967,570.5,236.5
59,5220,174.0,560.5,244.5
59,5221,174.033,550.5,258.5
59,5222,174.067,542.5,268.5
59,5223,174.1,534.5,280.5
59,5224,174.133,530.5,292.5
59,5225,174.167,524.5,268.5
59,5226,174.2,520.5,248.5
59,5227,174.233,518.5,224.5
59,5228,174.267,514.5,210.5
59,5229,174.3,512.5,194.5
59,5230,174.333,508.5,182.5
59,5231,174.367,508.5,174.5
59,5232,174.4,506.5,166.5
59,5233,174.433,504.5,162.5
59,5234,174.467,502.5,160.5
59,5235,174.5,502.5,164.5
59,5236,174.533,500.5,168.5
59,5237,174.567,510.5,170.5
59,5238,174.6,530.5,172.5
59,5239,174.633,548.5,176.5
59,5240,174.667,566.5,182.5
59,5241,174.7,588.5,192.5
59,5242,174.733,610.5,206.5
59,5243,174.767,628.5,218.5
59,5244,174.8,646.5,232.5
59,5245,174.833,676.5,258.5
59,5246,174.867,692.5,276.5
59,5247,174.9,724.5,306.5
59,5248,174.933,742.5,332.5
59,5249,174.967,762.5,358.5
59,5250,175.0,784.5,354.5
59,5251,175.033,808.5,340.5
59,5252,175.067,836.5,330.5
59,5253,175.1,864.5,328.5
59,5254,175.133,888.5,324.5
59,5255,175.167,912.5,324.5
59,5256,175.2,942.5,330.5
59,5257,175.233,964.5,336.5
59,5258,175.267,962.5,324.5
59,5259,175.3,918.5,292.5
59,5260,175.333,876.5,262.5
59,5261,175.367,840.5,242.5
59,5262,175.4,794.5,218.5
59,5263,175.433,764.5,206.5
59,5264,175.467,728.5,194.5
59,5265,175.5,692.5,186.5
59,5266,175.533,666.5,182.5
59,5267,175.567,632.5,180.5
59,5268,175.6,604.5,184.5
59,5269,175.633,576.5,190.5
59,5270,175.667,552.5,196.5
59,5271,175.7,530.5,206.5
59,5272,175.733,508.5,216.5
59,5273,175.767,486.5,232.5
59,5274,175.8,466.5,246.5
59,5275,175.833,446.5,264.5
59,5276,175.867,432.5,278.5
59,5277,175.9,418.5,262.5
59,5278,175.933,404.5,242.5
59,5279,175.967,384.5,220.5
59,5280,176.0,370.5,208.5
59,5281,176.033,358.5,194.5
59,5282,176.067,342.5,184.5
59,5283,176.1,328.5,178.5
59,5284,176.133,318.5,174.5
59,5285,176.167,306.5,172.5
59,5286,176.2,294.5,172.5
59,5287,176.233,282.5,174.5
59,5288,176.267,274.5,182.5
59,5289,176.3,294.5,186.5
59,5290,176.333,326.5,178.5
59,5292,176.4,490.5,250.5
59,5294,176.467,602.5,300.5
59,5295,176.5,570.5,292.5
59,5296,176.533,598.5,292.5
59,5297,176.567,590.5,292.5
59,5298,176.6,584.5,294.5
59,5299,176.633,580.5,280.5
59,5300,176.667,576.5,276.5
59,5301,176.7,572.5,270.5
59,5302,176.733,566.5,272.5
59,5303,176.767,564.5,266.5
59,5304,176.8,562.5,262.5
59,5305,176.833,556.5,260.5
59,5306,176.867,554.5,260.5
59,5307,176.9,558.5,260.5
59,5308,176.933,556.5,254.5
59,5309,176.967,548.5,250.5
59,5310,177.0,548.5,244.5
59,5311,177.033,546.5,240.5
59,5314,177.133,544.5,242.5
59,5317,177.233,548.5,242.5
59,5318,177.267,546.5,230.5
59,5319,177.3,540.5,222.5
59,5320,177.333,534.5,210.5
59,5321,177.367,526.5,202.5
59,5322,177.4,520.5,198.5
59,5323,177.433,514.5,190.5
59,5324,177.467,510.5,190.5
59,5325,177.5,502.5,190.5
59,5326,177.533,498.5,192.5
59,5327,177.567,490.5,196.5
59,5328,177.6,488.5,202.5
59,5329,177.633,490.5,180.5
60,5360,178.667,842.5,500.5
60,5361,178.7,816.5,504.5
60,5362,178.733,788.5,512.5
60,5363,178.767,758.5,514.5
60,5365,178.833,860.5,498.5
60,5367,178.9,800.5,502.5
60,5370,179.0,552.5,544.5
61,5377,179.233,856.5,356.5
61,5378,179.267,846.5,356.5
61,5379,179.3,840.5,360.5
61,5380,179.333,834.5,356.5
61,5382,179.4,830.5,368.5
62,5410,180.333,504.5,182.5
62,5411,180.367,496.5,184.5
62,5412,180.4,492.5,182.5
62,5413,180.433,480.5,186.5
62,5414,180.467,472.5,184.5
63,5448,181.6,352.5,226.5
63,5449,181.633,346.5,232.5
63,5450,181.667,342.5,232.5
63,5451,181.7,336.5,234.5
63,5452,181.733,334.5,238.5
63,5453,181.767,326.5,240.5
63,5454,181.8,320.5,240.5
63,5455,181.833,316.5,242.5
63,5456,181.867,312.5,246.5
63,5457,181.9,306.5,248.5
63,5458,181.933,302.5,248.5
63,5459,181.967,298.5,252.5
63,5460,182.0,294.5,254.5
63,5461,182.033,290.5,256.5
63,5462,182.067,288.5,256.5
64,5468,182.267,282.5,272.5
64,5469,182.3,282.5,272.5
64,5470,182.333,282.5,274.5
64,5471,182.367,284.5,274.5
64,5472,182.4,284.5,276.5
64,5473,182.433,284.5,276.5
64,5476,182.533,274.5,246.5
64,5477,182.567,268.5,230.5
64,5478,182.6,266.5,216.5
64,5479,182.633,262.5,204.5
64,5480,182.667,260.5,196.5
64,5481,182.7,256.5,188.5
64,5482,182.733,254.5,184.5
64,5483,182.767,252.5,184.5
64,5484,182.8,254.5,184.5
64,5485,182.833,252.5,190.5
64,5486,182.867,250.5,194.5
64,5487,182.9,252.5,204.5
64,5488,182.933,250.5,214.5
64,5489,182.967,252.5,228.5
64,5490,183.0,280.5,244.5
64,5491,183.033,320.5,260.5
64,5492,183.067,344.5,274.5
64,5493,183.1,378.5,286.5
64,5494,183.133,408.5,276.5
64,5495,183.167,432.5,270.5
64,5496,183.2,462.5,266.5
64,5497,183.233,490.5,266.5
64,5498,183.267,516.5,266.5
64,5499,183.3,542.5,268.5
64,5500,183.333,572.5,276.5
64,5501,183.367,600.5,286.5
64,5502,183.4,632.5,298.5
64,5503,183.433,662.5,314.5
64,5504,183.467,684.5,330.5
64,5505,183.5,714.5,332.5
64,5506,183.533,746.5,324.5
64,5507,183.567,776.5,320.5
64,5508,183.6,806.5,324.5
64,5509,183.633,838.5,326.5
64,5510,183.667,866.5,332.5
64,5511,183.7,896.5,340.5
64,5512,183.733,922.5,352.5
64,5513,183.767,962.5,362.5
64,5514,183.8,942.5,346.5
64,5515,183.833,918.5,324.5
64,5516,183.867,882.5,292.5
64,5517,183.9,856.5,276.5
64,5518,183.933,828.5,256.5
64,5519,183.967,802.5,242.5
64,5520,184.0,772.5,228.5
64,5521,184.033,744.5,218.5
64,5522,184.067,720.5,212.5
64,5523,184.1,694.5,208.5
64,5524,184.133,676.5,208.5
64,5525,184.167,648.5,210.5
64,5526,184.2,628.5,212.5
64,5527,184.233,610.5,218.5
64,5528,184.267,588.5,226.5
64,5529,184.3,570.5,236.5
64,5530,184.333,550.5,246.5
64,5531,184.367,532.5,260.5
64,5532,184.4,518.5,274.5
64,5533,184.433,502.5,280.5
64,5534,184.467,488.5,260.5
64,5535,184.5,478.5,244.5
64,5536,184.533,468.5,232.5
64,5537,184.567,456.5,220.5
64,5538,184.6,446.5,212.5
64,5539,184.633,434.5,206.5
64,5540,184.667,424.5,200.5
64,5541,184.7,416.5,200.5
64,5542,184.733,444.5,210.5
64,5543,184.767,490.5,230.5
64,5544,184.8,526.5,246.5
64,5545,184.833,566.5,266.5
64,5546,184.867,610.5,290.5
64,5547,184.9,650.5,314.5
64,5548,184.933,696.5,346.5
64,5550,185.0,782.5,398.5
64,5551,185.033,828.5,404.5
64,5553,185.1,930.5,422.5
64,5554,185.133,974.5,436.5
64,5555,185.167,1022.5,454.5
64,5556,185.2,1062.5,466.5
64,5558,185.267,926.5,380.5
64,5559,185.3,880.5,348.5
64,5560,185.333,832.5,328.5
64,5561,185.367,786.5,314.5
64,5562,185.4,744.5,298.5
64,5563,185.433,688.5,282.5
64,5564,185.467,648.5,272.5
64,5565,185.5,618.5,272.5
64,5566,185.533,578.5,268.5
64,5567,185.567,548.5,268.5
64,5568,185.6,516.5,276.5
64,5569,185.633,490.5,288.5
64,5570,185.667,466.5,296.5
64,5571,185.7,444.5,310.5
64,5572,185.733,424.5,324.5
64,5573,185.767,406.5,340.5
64,5574,185.8,388.5,314.5
64,5575,185.833,376.5,294.5
64,5576,185.867,360.5,274.5
64,5577,185.9,346.5,254.5
64,5578,185.933,332.5,240.5
64,5579,185.967,322.5,232.5
64,5580,186.0,310.5,224.5
64,5581,186.033,300.5,220.5
64,5582,186.067,290.5,218.5
64,5583,186.1,282.5,220.5
64,5584,186.133,274.5,224.5
64,5585,186.167,266.5,230.5
64,5586,186.2,262.5,238.5
64,5587,186.233,256.5,250.5
64,5588,186.267,282.5,244.5
64,5589,186.3,312.5,238.5
64,5590,186.333,370.5,226.5
64,5591,186.367,412.5,226.5
64,5592,186.4,452.5,226.5
64,5593,186.433,492.5,228.5
64,5594,186.467,542.5,236.5
64,5595,186.5,592.5,248.5
64,5596,186.533,630.5,262.5
64,5597,186.567,680.5,284.5
64,5598,186.6,716.5,296.5
64,5599,186.633,758.5,314.5
64,5600,186.667,820.5,356.5
64,5601,186.7,842.5,378.5
64,5602,186.733,894.5,392.5
64,5603,186.767,944.5,376.5
64,5604,186.8,988.5,364.5
64,5605,186.833,1030.5,356.5
64,5606,186.867,1074.5,352.5
64,5607,186.9,1118.5,350.5
65,5613,187.1,1174.5,248.5
65,5614,187.133,1128.5,204.5
65,5618,187.267,916.5,70.5
65,5619,187.3,874.5,54.5
65,5620,187.333,820.5,40.5
65,5621,187.367,782.5,34.5
65,5622,187.4,746.5,32.5
65,5623,187.433,714.5,32.5
65,5624,187.467,680.5,36.5
65,5625,187.5,650.5,42.5
65,5626,187.533,620.5,52.5
65,5627,187.567,588.5,66.5
65,5628,187.6,568.5,76.5
65,5629,187.633,544.5,90.5
65,5630,187.667,522.5,110.5
65,5631,187.7,502.5,128.5
65,5632,187.733,482.5,148.5
65,5633,187.767,466.5,168.5
65,5634,187.8,450.5,194.5
65,5635,187.833,436.5,214.5
65,5636,187.867,424.5,238.5
65,5637,187.9,406.5,222.5
65,5638,187.933,394.5,196.5
65,5639,187.967,386.5,178.5
65,5640,188.0,372.5,154.5
65,5641,188.033,360.5,136.5
65,5642,188.067,348.5,120.5
65,5643,188.1,336.5,108.5
65,5644,188.133,326.5,98.5
65,5645,188.167,318.5,90.5
65,5646,188.2,308.5,88.5
65,5647,188.233,300.5,84.5
65,5648,188.267,292.5,84.5
65,5649,188.3,284.5,86.5
65,5651,188.367,336.5,96.5
65,5652,188.4,370.5,104.5
65,5653,188.433,400.5,114.5
65,5654,188.467,430.5,124.5
65,5655,188.5,462.5,138.5
65,5656,188.533,496.5,154.5
65,5657,188.567,530.5,174.5
65,5658,188.6,570.5,196.5
65,5659,188.633,608.5,220.5
65,5660,188.667,640.5,242.5
65,5661,188.7,686.5,280.5
65,5662,188.733,716.5,298.5
65,5663,188.767,748.5,326.5
65,5664,188.8,792.5,362.5
65,5666,188.867,890.5,430.5
65,5667,188.9,930.5,426.5
65,5668,188.933,976.5,426.5
65,5669,188.967,1024.5,426.5
65,5670,189.0,1070.5,432.5
65,5671,189.033,1114.5,436.5
65,5673,189.1,980.5,342.5
65,5674,189.133,938.5,316.5
65,5675,189.167,870.5,282.5
65,5676,189.2,820.5,260.5
65,5677,189.233,774.5,244.5
65,5678,189.267,730.5,234.5
65,5679,189.3,688.5,228.5
65,5680,189.333,650.5,224.5
65,5681,189.367,618.5,226.5
65,5682,189.4,586.5,228.5
65,5683,189.433,558.5,234.5
65,5684,189.467,532.5,244.5
65,5685,189.5,506.5,256.5
65,5686,189.533,488.5,266.5
65,5687,189.567,466.5,284.5
65,5688,189.6,450.5,300.5
65,5689,189.633,434.5,316.5
65,5690,189.667,418.5,298.5
65,5691,189.7,404.5,272.5
65,5692,189.733,390.5,250.5
65,5693,189.767,378.5,232.5
65,5694,189.8,366.5,216.5
65,5696,189.867,342.5,192.5
65,5697,189.9,332.5,186.5
65,5698,189.933,322.5,182.5
65,5699,189.967,314.5,180.5
65,5700,190.0,306.5,182.5
65,5701,190.033,290.5,212.5
65,5702,190.067,296.5,196.5
65,5703,190.1,314.5,180.5
65,5704,190.133,340.5,166.5
65,5705,190.167,374.5,162.5
65,5706,190.2,394.5,158.5
65,5707,190.233,420.5,156.5
65,5708,190.267,448.5,160.5
65,5709,190.3,476.5,164.5
65,5710,190.333,502.5,174.5
65,5711,190.367,530.5,186.5
65,5712,190.4,562.5,204.5
65,5713,190.433,592.5,226.5
65,5714,190.467,616.5,244.5
65,5715,190.5,644.5,268.5
65,5716,190.533,678.5,296.5
65,5717,190.567,694.5,326.5
65,5718,190.6,718.5,348.5
65,5719,190.633,744.5,400.5
65,5720,190.667,772.5,382.5
65,5721,190.7,798.5,360.5
65,5722,190.733,836.5,342.5
65,5723,190.767,866.5,336.5
65,5724,190.8,900.5,324.5
65,5725,190.833,932.5,322.5
65,5726,190.867,962.5,322.5
65,5727,190.9,996.5,324.5
65,5728,190.933,1026.5,326.5
65,5729,190.967,1058.5,338.5
65,5730,191.0,1080.5,342.5
65,5731,191.033,1036.5,306.5
65,5733,191.1,948.5,240.5
65,5734,191.133,900.5,210.5
65,5735,191.167,862.5,186.5
65,5736,191.2,816.5,166.5
65,5737,191.233,780.5,154.5
65,5738,191.267,746.5,146.5
65,5739,191.3,712.5,140.5
65,5740,191.333,680.5,138.5
65,5741,191.367,650.5,140.5
65,5742,191.4,626.5,144.5
65,5743,191.433,602.5,150.5
65,5744,191.467,578.5,160.5
65,5745,191.5,556.5,172.5
65,5746,191.533,536.5,186.5
65,5747,191.567,518.5,200.5
65,5748,191.6,502.5,218.5
65,5749,191.633,488.5,236.5
65,5750,191.667,474.5,256.5
65,5751,191.7,466.5,270.5
65,5752,191.733,452.5,282.5
65,5753,191.767,442.5,256.5
65,5754,191.8,438.5,234.5
65,5755,191.833,430.5,212.5
65,5756,191.867,424.5,194.5
65,5757,191.9,422.5,178.5
65,5758,191.933,414.5,166.5
65,5759,191.967,410.5,154.5
65,5762,192.067,398.5,140.5
65,5765,192.167,392.5,150.5
65,5766,192.2,388.5,156.5
65,5767,192.233,386.5,166.5
65,5768,192.267,390.5,180.5
65,5769,192.3,388.5,190.5
65,5770,192.333,390.5,200.5
65,5771,192.367,404.5,198.5
65,5772,192.4,422.5,200.5
65,5773,192.433,438.5,202.5
65,5774,192.467,462.5,212.5
65,5775,192.5,482.5,220.5
65,5776,192.533,500.5,232.5
65,5777,192.567,522.5,246.5
65,5778,192.6,546.5,268.5
65,5779,192.633,580.5,296.5
65,5780,192.667,596.5,316.5
65,5781,192.7,626.5,356.5
65,5782,192.733,650.5,390.5
65,5783,192.767,672.5,398.5
65,5784,192.8,700.5,392.5
65,5785,192.833,732.5,390.5
65,5786,192.867,764.5,388.5
65,5787,192.9,794.5,390.5
65,5788,192.933,828.5,398.5
65,5789,192.967,862.5,404.5
65,5790,193.0,898.5,426.5
65,5791,193.033,928.5,444.5
65,5792,193.067,964.5,468.5
65,5793,193.1,1002.5,494.5
65,5795,193.167,934.5,386.5
65,5797,193.233,834.5,250.5
65,5798,193.267,794.5,206.5
65,5799,193.3,760.5,170.5
65,5800,193.333,724.5,136.5
65,5801,193.367,694.5,112.5
65,5802,193.4,664.5,90.5
65,5803,193.433,634.5,72.5
65,5804,193.467,608.5,62.5
65,5805,193.5,580.5,52.5
65,5806,193.533,558.5,50.5
65,5807,193.567,534.5,48.5
65,5808,193.6,514.5,52.5
65,5809,193.633,494.5,58.5
65,5810,193.667,474.5,68.5
65,5811,193.7,458.5,80.5
65,5812,193.733,444.5,92.5
65,5813,193.767,428.5,108.5
65,5814,193.8,418.5,124.5
65,5815,193.833,406.5,144.5
65,5816,193.867,394.5,162.5
65,5817,193.9,384.5,182.5
65,5818,193.933,376.5,208.5
65,5819,193.967,366.5,230.5
65,5820,194.0,360.5,252.5
65,5821,194.033,354.5,268.5
65,5822,194.067,342.5,246.5
65,5823,194.1,338.5,224.5
65,5824,194.133,330.5,196.5
65,5825,194.167,326.5,178.5
65,5826,194.2,318.5,158.5
65,5827,194.233,312.5,142.5
65,5828,194.267,308.5,130.5
65,5829,194.3,304.5,122.5
65,5830,194.333,300.5,112.5
65,5831,194.367,294.5,108.5
65,5832,194.4,292.5,104.5
65,5833,194.433,288.5,106.5
65,5834,194.467,286.5,110.5
65,5835,194.5,286.5,116.5
65,5836,194.533,270.5,134.5
65,5837,194.567,286.5,150.5
65,5838,194.6,290.5,148.5
65,5841,194.7,528.5,198.5
65,5842,194.733,582.5,224.5
65,5843,194.767,632.5,248.5
65,5844,194.8,688.5,284.5
65,5845,194.833,746.5,316.5
65,5846,194.867,800.5,312.5
65,5847,194.9,840.5,302.5
65,5848,194.933,888.5,292.5
65,5849,194.967,940.5,284.5
65,5850,195.0,1006.5,280.5
65,5851,195.033,1044.5,280.5
65,5852,195.067,1092.5,284.5
65,5853,195.1,1144.5,292.5
65,5855,195.167,1240.5,312.5
65,5858,195.267,1246.5,296.5
65,5859,195.3,1190.5,268.5
65,5860,195.333,1156.5,254.5
65,5861,195.367,1080.5,226.5
65,5863,195.433,966.5,200.5
65,5864,195.467,926.5,196.5
65,5865,195.5,888.5,194.5
65,5866,195.533,844.5,194.5
65,5867,195.567,796.5,196.5
65,5868,195.6,766.5,204.5
65,5869,195.633,734.5,212.5
65,5870,195.667,698.5,226.5
65,5871,195.7,676.5,234.5
65,5872,195.733,644.5,226.5
65,5873,195.767,626.5,210.5
65,5874,195.8,598.5,192.5
65,5875,195.833,576.5,180.5
65,5876,195.867,550.5,168.5
65,5877,195.9,530.5,162.5
65,5878,195.933,504.5,156.5
65,5879,195.967,484.5,154.5
65,5880,196.0,464.5,156.5
65,5881,196.033,444.5,160.5
65,5882,196.067,424.5,166.5
65,5883,196.1,408.5,174.5
65,5884,196.133,390.5,184.5
65,5885,196.167,370.5,200.5
65,5886,196.2,356.5,214.5
65,5887,196.233,342.5,230.5
65,5888,196.267,328.5,248.5
65,5889,196.3,318.5,272.5
65,5890,196.333,298.5,260.5
65,5891,196.367,280.5,240.5
65,5892,196.4,266.5,224.5
65,5893,196.433,250.5,210.5
65,5894,196.467,236.5,196.5
65,5895,196.5,220.5,190.5
65,5896,196.533,208.5,188.5
65,5897,196.567,194.5,182.5
65,5898,196.6,184.5,180.5
65,5899,196.633,170.5,182.5
65,5900,196.667,160.5,188.5
65,5901,196.7,150.5,194.5
65,5902,196.733,140.5,202.5
65,5903,196.767,134.5,212.5
65,5904,196.8,142.5,198.5
65,5905,196.833,168.5,158.5
65,5906,196.867,182.5,144.5
65,5907,196.9,208.5,116.5
65,5908,196.933,236.5,92.5
65,5909,196.967,262.5,76.5
65,5910,197.0,290.5,58.5
65,5911,197.033,320.5,46.5
65,5912,197.067,350.5,38.5
65,5913,197.1,384.5,32.5
65,5914,197.133,416.5,30.5
65,5915,197.167,448.5,32.5
65,5916,197.2,484.5,38.5
65,5917,197.233,520.5,48.5
65,5918,197.267,558.5,64.5
65,5919,197.3,590.5,80.5
65,5920,197.333,624.5,100.5
65,5921,197.367,650.5,116.5
65,5922,197.4,692.5,150.5
65,5923,197.433,722.5,180.5
65,5924,197.467,754.5,212.5
65,5925,197.5,782.5,246.5
65,5926,197.533,804.5,276.5
65,5927,197.567,828.5,308.5
65,5928,197.6,856.5,354.5
65,5929,197.633,880.5,396.5
65,5930,197.667,908.5,386.5
65,5931,197.7,938.5,356.5
65,5932,197.733,968.5,330.5
65,5933,197.767,1002.5,302.5
65,5934,197.8,1030.5,282.5
65,5935,197.833,1054.5,266.5
65,5936,197.867,1082.5,254.5
65,5938,197.933,1154.5,230.5
65,5939,197.967,1180.5,230.5
65,5940,198.0,1210.5,230.5
65,5941,198.033,1234.5,234.5
65,5942,198.067,1266.5,244.5
66,5950,198.333,1224.5,288.5
66,5951,198.367,1174.5,266.5
66,5954,198.467,954.5,196.5
66,5955,198.5,898.5,186.5
66,5956,198.533,852.5,184.5
66,5957,198.567,794.5,182.5
66,5958,198.6,762.5,186.5
66,5959,198.633,722.5,194.5
66,5960,198.667,684.5,202.5
66,5961,198.7,648.5,216.5
66,5962,198.733,622.5,228.5
66,5963,198.767,600.5,240.5
66,5964,198.8,578.5,256.5
66,5965,198.833,552.5,272.5
66,5966,198.867,528.5,268.5
66,5967,198.9,518.5,248.5
66,5968,198.933,500.5,220.5
66,5969,198.967,486.5,202.5
66,5970,199.0,470.5,184.5
66,5971,199.033,458.5,170.5
66,5972,199.067,446.5,162.5
66,5973,199.1,434.5,152.5
66,5974,199.133,422.5,146.5
66,5975,199.167,412.5,144.5
66,5977,199.233,458.5,170.5
66,5978,199.267,494.5,188.5
66,5979,199.3,542.5,216.5
66,5980,199.333,574.5,236.5
66,5981,199.367,628.5,276.5
66,5983,199.433,718.5,344.5
66,5984,199.467,752.5,340.5
66,5985,199.5,802.5,328.5
66,5986,199.533,860.5,330.5
66,5987,199.567,904.5,326.5
66,5988,199.6,956.5,332.5
66,5989,199.633,1012.5,342.5
66,5990,199.667,1062.5,354.5
66,5991,199.7,1122.5,374.5
66,5992,199.733,1172.5,394.5
66,5993,199.767,1192.5,378.5
66,5997,199.9,1240.5,532.5
67,6002,200.067,802.5,20.5
67,6003,200.1,768.5,10.5
67,6004,200.133,736.5,6.5
67,6005,200.167,702.5,6.5
67,6006,200.2,674.5,6.5
67,6007,200.233,644.5,10.5
67,6008,200.267,620.5,18.5
67,6009,200.3,596.5,26.5
67,6010,200.333,572.5,40.5
67,6011,200.367,550.5,56.5
67,6012,200.4,532.5,72.5
67,6013,200.433,514.5,90.5
67,6014,200.467,498.5,112.5
67,6015,200.5,484.5,130.5
67,6016,200.533,468.5,152.5
67,6017,200.567,454.5,178.5
67,6018,200.6,440.5,202.5
67,6019,200.633,430.5,226.5
67,6020,200.667,424.5,246.5
67,6021,200.7,408.5,244.5
67,6022,200.733,402.5,226.5
67,6023,200.767,392.5,198.5
67,6024,200.8,380.5,172.5
67,6025,200.833,372.5,152.5
67,6026,200.867,362.5,136.5
67,6027,200.9,354.5,122.5
67,6028,200.933,344.5,110.5
67,6029,200.967,338.5,100.5
67,6030,201.0,328.5,94.5
67,6031,201.033,322.5,90.5
67,6032,201.067,314.5,88.5
67,6033,201.1,306.5,88.5
67,6034,201.133,300.5,92.5
67,6035,201.167,294.5,98.5
67,6036,201.2,290.5,106.5
67,6037,201.233,288.5,118.5
67,6039,201.3,294.5,138.5
67,6040,201.333,324.5,148.5
67,6041,201.367,354.5,156.5
67,6042,201.4,382.5,168.5
67,6043,201.433,416.5,184.5
67,6044,201.467,448.5,200.5
67,6045,201.5,486.5,226.5
67,6046,201.533,518.5,246.5
67,6047,201.567,554.5,266.5
67,6048,201.6,594.5,300.5
67,6049,201.633,632.5,330.5
67,6050,201.667,680.5,374.5
67,6051,201.7,712.5,362.5
67,6052,201.733,750.5,356.5
67,6053,201.767,786.5,348.5
67,6054,201.8,830.5,342.5
67,6055,201.833,874.5,346.5
67,6056,201.867,912.5,354.5
67,6057,201.9,960.5,362.5
67,6058,201.933,1002.5,374.5
67,6059,201.967,1040.5,388.5
67,6060,202.0,1048.5,378.5
67,6061,202.033,994.5,342.5
67,6062,202.067,946.5,310.5
67,6063,202.1,898.5,284.5
67,6064,202.133,850.5,258.5
67,6065,202.167,808.5,242.5
67,6066,202.2,766.5,228.5
67,6067,202.233,730.5,220.5
67,6068,202.267,694.5,212.5
67,6069,202.3,670.5,210.5
67,6070,202.333,632.5,212.5
67,6071,202.367,604.5,214.5
67,6072,202.4,578.5,222.5
67,6073,202.433,556.5,228.5
67,6074,202.467,534.5,238.5
67,6075,202.5,510.5,250.5
67,6076,202.533,494.5,262.5
67,6077,202.567,478.5,278.5
67,6078,202.6,460.5,278.5
67,6079,202.633,448.5,258.5
67,6080,202.667,434.5,238.5
67,6081,202.7,420.5,218.5
67,6082,202.733,408.5,204.5
67,6083,202.767,396.5,192.5
67,6084,202.8,386.5,182.5
67,6085,202.833,376.5,176.5
67,6086,202.867,366.5,172.5
67,6088,202.933,396.5,176.5
67,6089,202.967,430.5,180.5
67,6090,203.0,470.5,186.5
67,6091,203.033,510.5,196.5
67,6092,203.067,552.5,208.5
67,6093,203.1,588.5,220.5
67,6094,203.133,624.5,232.5
67,6095,203.167,676.5,256.5
67,6096,203.2,706.5,272.5
67,6097,203.233,740.5,290.5
67,6098,203.267,782.5,318.5
67,6099,203.3,828.5,310.5
67,6100,203.333,856.5,306.5
67,6101,203.367,894.5,296.5
67,6102,203.4,928.5,292.5
67,6103,203.433,968.5,292.5
67,6104,203.467,1006.5,290.5
67,6105,203.5,1038.5,292.5
67,6106,203.533,1080.5,300.5
67,6107,203.567,1114.5,308.5
67,6108,203.6,1080.5,282.5
67,6109,203.633,1036.5,256.5
67,6111,203.7,946.5,212.5
67,6112,203.733,904.5,198.5
67,6113,203.767,858.5,186.5
67,6114,203.8,806.5,176.5
67,6115,203.833,776.5,174.5
67,6116,203.867,736.5,172.5
67,6117,203.9,700.5,174.5
67,6118,203.933,676.5,178.5
67,6119,203.967,634.5,188.5
67,6120,204.0,602.5,198.5
67,6121,204.033,574.5,212.5
67,6122,204.067,552.5,224.5
67,6123,204.1,524.5,242.5
67,6124,204.133,500.5,256.5
67,6125,204.167,478.5,276.5
67,6126,204.2,462.5,262.5
67,6127,204.233,446.5,242.5
67,6128,204.267,424.5,220.5
67,6129,204.3,408.5,204.5
67,6130,204.333,392.5,192.5
67,6131,204.367,376.5,180.5
67,6132,204.4,360.5,174.5
67,6133,204.433,352.5,172.5
67,6134,204.467,396.5,180.5
67,6135,204.5,436.5,194.5
67,6136,204.533,478.5,210.5
67,6137,204.567,514.5,226.5
67,6138,204.6,552.5,248.5
67,6139,204.633,610.5,282.5
67,6140,204.667,638.5,302.5
67,6141,204.7,670.5,330.5
67,6142,204.733,730.5,378.5
67,6143,204.767,772.5,420.5
67,6145,204.833,866.5,532.5
67,6146,204.867,904.5,582.5
67,6147,204.9,952.5,648.5
67,6148,204.933,994.5,708.5
68,6153,205.1,312.5,192.5
68,6154,205.133,292.5,194.5
68,6155,205.167,278.5,200.5
68,6156,205.2,292.5,186.5
68,6157,205.233,256.5,220.5
69,6332,211.067,368.5,252.5
69,6333,211.1,366.5,252.5
69,6334,211.133,368.5,240.5
69,6335,211.167,378.5,260.5
69,6336,211.2,378.5,248.5
69,6337,211.233,378.5,234.5
69,6338,211.267,374.5,218.5
69,6339,211.3,370.5,202.5
69,6340,211.333,362.5,194.5
69,6341,211.367,356.5,184.5
69,6343,211.433,340.5,166.5
70,6377,212.567,256.5,226.5
70,6378,212.6,256.5,208.5
70,6379,212.633,240.5,200.5
70,6380,212.667,238.5,180.5
70,6381,212.7,238.5,162.5
70,6382,212.733,228.5,142.5
71,6433,214.433,780.5,374.5
71,6434,214.467,780.5,368.5
71,6435,214.5,750.5,360.5
71,6436,214.533,730.5,352.5
71,6437,214.567,718.5,348.5
72,6504,216.8,684.5,206.5
72,6505,216.833,666.5,204.5
72,6506,216.867,648.5,210.5
72,6507,216.9,630.5,214.5
72,6508,216.933,616.5,224.5
72,6509,216.967,602.5,236.5
72,6510,217.0,590.5,248.5
72,6511,217.033,578.5,264.5
72,6512,217.067,566.5,282.5
72,6513,217.1,558.5,298.5
72,6514,217.133,550.5,316.5
72,6515,217.167,550.5,336.5
72,6516,217.2,556.5,326.5
72,6517,217.233,564.5,316.5
72,6518,217.267,572.5,310.5
72,6519,217.3,578.5,304.5
72,6520,217.333,586.5,304.5
72,6521,217.367,594.5,304.5
72,6522,217.4,602.5,310.5
72,6523,217.433,608.5,316.5
72,6524,217.467,616.5,324.5
72,6525,217.5,622.5,334.5
72,6526,217.533,632.5,340.5
72,6527,217.567,638.5,330.5
72,6528,217.6,646.5,324.5
72,6529,217.633,654.5,318.5
72,6530,217.667,660.5,316.5
72,6531,217.7,670.5,316.5
72,6532,217.733,676.5,320.5
72,6533,217.767,684.5,328.5
72,6534,217.8,692.5,336.5
72,6535,217.833,696.5,346.5
72,6536,217.867,706.5,344.5
72,6537,217.9,710.5,334.5
72,6538,217.933,720.5,330.5
72,6539,217.967,726.5,328.5
72,6540,218.0,736.5,328.5
72,6541,218.033,742.5,330.5
72,6542,218.067,748.5,336.5
72,6543,218.1,754.5,344.5
72,6544,218.133,758.5,352.5
72,6545,218.167,768.5,352.5
72,6546,218.2,774.5,342.5
72,6547,218.233,780.5,336.5
72,6548,218.267,788.5,334.5
72,6549,218.3,796.5,334.5
72,6550,218.333,802.5,338.5
72,6551,218.367,808.5,346.5
72,6552,218.4,814.5,354.5
72,6553,218.433,820.5,358.5
72,6554,218.467,826.5,348.5
72,6555,218.5,834.5,344.5
72,6556,218.533,840.5,338.5
72,6557,218.567,848.5,340.5
72,6558,218.6,834.5,320.5
72,6559,218.633,818.5,304.5
72,6560,218.667,786.5,276.5
72,6561,218.7,770.5,262.5
72,6562,218.733,750.5,250.5
72,6563,218.767,730.5,240.5
72,6564,218.8,710.5,232.5
72,6565,218.833,692.5,228.5
72,6566,218.867,676.5,226.5
72,6567,218.9,660.5,228.5
72,6568,218.933,642.5,232.5
72,6569,218.967,628.5,238.5
72,6570,219.0,614.5,246.5
72,6571,219.033,600.5,256.5
72,6572,219.067,586.5,266.5
72,6573,219.1,576.5,274.5
72,6574,219.133,566.5,260.5
72,6575,219.167,560.5,244.5
72,6576,219.2,552.5,232.5
72,6577,219.233,546.5,222.5
72,6578,219.267,538.5,212.5
72,6579,219.3,532.5,208.5
72,6580,219.333,526.5,206.5
72,6581,219.367,518.5,206.5
72,6582,219.4,512.5,208.5
72,6583,219.433,508.5,212.5
72,6584,219.467,502.5,218.5
72,6585,219.5,496.5,226.5
72,6586,219.533,494.5,238.5
72,6587,219.567,488.5,242.5
72,6588,219.6,482.5,230.5
72,6589,219.633,478.5,220.5
72,6590,219.667,472.5,210.5
72,6591,219.7,466.5,204.5
72,6592,219.733,462.5,198.5
72,6593,219.767,456.5,196.5
72,6594,219.8,452.5,196.5
72,6595,219.833,448.5,200.5
72,6596,219.867,444.5,202.5
72,6597,219.9,442.5,208.5
72,6598,219.933,440.5,206.5
72,6599,219.967,438.5,202.5
72,6600,220.0,432.5,198.5
72,6601,220.033,430.5,198.5
72,6602,220.067,424.5,200.5
72,6603,220.1,420.5,198.5
72,6604,220.133,416.5,202.5
72,6605,220.167,410.5,204.5
72,6606,220.2,406.5,208.5
72,6607,220.233,400.5,210.5
72,6608,220.267,394.5,218.5
72,6610,220.333,382.5,222.5
72,6611,220.367,376.5,226.5
72,6613,220.433,364.5,234.5
72,6615,220.5,348.5,236.5
72,6616,220.533,342.5,240.5
72,6617,220.567,334.5,240.5
72,6618,220.6,326.5,242.5
72,6619,220.633,320.5,244.5
72,6620,220.667,314.5,246.5
72,6621,220.7,306.5,248.5
72,6622,220.733,302.5,250.5
72,6623,220.767,296.5,250.5
72,6624,220.8,292.5,252.5
72,6625,220.833,288.5,254.5
73,6633,221.1,280.5,272.5
73,6634,221.133,282.5,272.5
73,6635,221.167,282.5,274.5
73,6638,221.267,280.5,248.5
73,6639,221.3,276.5,232.5
73,6640,221.333,272.5,216.5
73,6641,221.367,268.5,206.5
73,6642,221.4,266.5,198.5
73,6643,221.433,266.5,194.5
73,6644,221.467,316.5,258.5
73,6645,221.5,322.5,258.5
73,6646,221.533,266.5,194.5
73,6647,221.567,266.5,198.5
73,6648,221.6,268.5,208.5
73,6649,221.633,268.5,216.5
73,6650,221.667,266.5,228.5
73,6651,221.7,272.5,236.5
73,6654,221.8,372.5,276.5
73,6655,221.833,400.5,268.5
73,6656,221.867,430.5,260.5
73,6657,221.9,466.5,254.5
73,6658,221.933,498.5,252.5
73,6659,221.967,526.5,252.5
73,6660,222.0,562.5,260.5
73,6661,222.033,592.5,266.5
73,6662,222.067,626.5,276.5
73,6663,222.1,662.5,290.5
73,6664,222.133,690.5,302.5
73,6665,222.167,726.5,322.5
73,6666,222.2,752.5,340.5
73,6667,222.233,780.5,330.5
73,6668,222.267,810.5,324.5
73,6669,222.3,850.5,316.5
73,6670,222.333,878.5,314.5
73,6671,222.367,908.5,314.5
73,6672,222.4,940.5,318.5
73,6673,222.433,970.5,324.5
73,6674,222.467,996.5,332.5
73,6675,222.5,1026.5,344.5
73,6676,222.533,1056.5,360.5
73,6677,222.567,1074.5,372.5
73,6678,222.6,1106.5,396.5
73,6679,222.633,1124.5,414.5
73,6680,222.667,1076.5,384.5
73,6681,222.7,1028.5,356.5
73,6682,222.733,980.5,330.5
73,6683,222.767,936.5,308.5
73,6684,222.8,888.5,290.5
73,6685,222.833,842.5,276.5
73,6686,222.867,800.5,266.5
73,6687,222.9,758.5,258.5
73,6688,222.933,718.5,254.5
73,6689,222.967,684.5,252.5
73,6690,223.0,638.5,252.5
73,6691,223.033,608.5,258.5
73,6692,223.067,574.5,262.5
73,6693,223.1,546.5,266.5
73,6694,223.133,538.5,266.5
73,6695,223.167,514.5,278.5
73,6696,223.2,488.5,290.5
73,6697,223.233,460.5,304.5
73,6698,223.267,438.5,296.5
73,6699,223.3,416.5,276.5
73,6700,223.333,394.5,264.5
73,6701,223.367,374.5,252.5
73,6702,223.4,354.5,244.5
73,6703,223.433,334.5,240.5
73,6704,223.467,312.5,236.5
73,6705,223.5,298.5,236.5
73,6706,223.533,316.5,232.5
73,6707,223.567,350.5,228.5
73,6708,223.6,380.5,228.5
73,6709,223.633,414.5,230.5
73,6710,223.667,442.5,234.5
73,6711,223.7,480.5,244.5
73,6712,223.733,506.5,252.5
73,6713,223.767,546.5,268.5
73,6714,223.8,578.5,288.5
73,6715,223.833,612.5,308.5
73,6716,223.867,642.5,326.5
73,6717,223.9,670.5,348.5
73,6718,223.933,702.5,356.5
73,6719,223.967,730.5,346.5
73,6720,224.0,756.5,336.5
73,6721,224.033,782.5,326.5
73,6722,224.067,810.5,324.5
73,6723,224.1,838.5,326.5
73,6724,224.133,866.5,326.5
73,6725,224.167,890.5,334.5
73,6726,224.2,918.5,342.5
73,6728,224.267,930.5,344.5
73,6729,224.3,898.5,316.5
73,6730,224.333,850.5,282.5
73,6731,224.367,808.5,258.5
73,6732,224.4,768.5,236.5
73,6733,224.433,732.5,220.5
73,6734,224.467,698.5,206.5
73,6735,224.5,670.5,196.5
73,6736,224.533,636.5,190.5
73,6737,224.567,608.5,186.5
73,6739,224.633,562.5,188.5
73,6740,224.667,540.5,194.5
73,6741,224.7,522.5,200.5
73,6742,224.733,508.5,208.5
73,6743,224.767,488.5,220.5
73,6744,224.8,476.5,230.5
73,6745,224.833,460.5,246.5
73,6746,224.867,454.5,248.5
73,6747,224.9,444.5,224.5
73,6748,224.933,434.5,202.5
73,6749,224.967,426.5,188.5
73,6750,225.0,420.5,174.5
73,6751,225.033,412.5,164.5
73,6752,225.067,400.5,152.5
73,6753,225.1,424.5,154.5
73,6754,225.133,462.5,164.5
73,6755,225.167,490.5,172.5
73,6756,225.2,528.5,184.5
73,6757,225.233,564.5,198.5
73,6758,225.267,594.5,212.5
73,6759,225.3,626.5,230.5
73,6760,225.333,654.5,248.5
73,6761,225.367,692.5,276.5
73,6762,225.4,738.5,310.5
73,6763,225.433,768.5,338.5
73,6764,225.467,794.5,364.5
73,6765,225.5,834.5,378.5
73,6766,225.533,876.5,380.5
73,6767,225.567,906.5,382.5
73,6768,225.6,952.5,390.5
73,6769,225.633,994.5,400.5
73,6770,225.667,1034.5,410.5
73,6771,225.7,998.5,374.5
73,6772,225.733,952.5,336.5
73,6773,225.767,916.5,310.5
73,6774,225.8,868.5,278.5
73,6775,225.833,830.5,256.5
73,6776,225.867,786.5,234.5
73,6777,225.9,756.5,224.5
73,6778,225.933,720.5,212.5
73,6779,225.967,690.5,206.5
73,6780,226.0,666.5,204.5
73,6781,226.033,636.5,204.5
73,6782,226.067,610.5,208.5
73,6783,226.1,588.5,214.5
73,6784,226.133,570.5,222.5
73,6785,226.167,550.5,232.5
73,6786,226.2,536.5,242.5
73,6787,226.233,518.5,260.5
73,6788,226.267,504.5,276.5
73,6789,226.3,490.5,292.5
73,6790,226.333,484.5,276.5
73,6791,226.367,470.5,250.5
73,6792,226.4,464.5,232.5
73,6793,226.433,454.5,214.5
73,6794,226.467,446.5,200.5
73,6795,226.5,438.5,188.5
73,6796,226.533,432.5,178.5
73,6797,226.567,426.5,172.5
73,6798,226.6,420.5,168.5
73,6799,226.633,412.5,166.5
73,6800,226.667,412.5,186.5
73,6801,226.7,436.5,186.5
73,6802,226.733,480.5,168.5
73,6803,226.767,508.5,170.5
73,6804,226.8,544.5,176.5
73,6805,226.833,576.5,184.5
73,6806,226.867,610.5,194.5
73,6807,226.9,644.5,210.5
73,6808,226.933,676.5,224.5
73,6809,226.967,706.5,242.5
73,6810,227.0,738.5,262.5
73,6811,227.033,774.5,290.5
73,6812,227.067,790.5,306.5
73,6813,227.1,826.5,338.5
73,6814,227.133,860.5,342.5
73,6815,227.167,890.5,326.5
73,6816,227.2,914.5,320.5
73,6817,227.233,940.5,312.5
73,6818,227.267,976.5,310.5
73,6819,227.3,1006.5,306.5
73,6820,227.333,1032.5,308.5
73,6821,227.367,1060.5,314.5
73,6822,227.4,1092.5,324.5
73,6823,227.433,1118.5,334.5
73,6824,227.467,1144.5,348.5
73,6825,227.5,1174.5,370.5
73,6826,227.533,1198.5,390.5
73,6827,227.567,1220.5,412.5
73,6828,227.6,1242.5,438.5
73,6831,227.7,1184.5,460.5
74,6848,228.267,1248.5,588.5
74,6849,228.3,1234.5,594.5
74,6850,228.333,1214.5,600.5
74,6851,228.367,1200.5,610.5
74,6852,228.4,1190.5,608.5
74,6853,228.433,1198.5,596.5
74,6854,228.467,1202.5,588.5
74,6855,228.5,1206.5,582.5
74,6856,228.533,1210.5,580.5
74,6857,228.567,1214.5,578.5
74,6858,228.6,1214.5,582.5
74,6859,228.633,1214.5,586.5
74,6860,228.667,1214.5,592.5
74,6861,228.7,1212.5,598.5
75,6870,229.0,1220.5,594.5
75,6871,229.033,1222.5,596.5
75,6872,229.067,1222.5,596.5
75,6873,229.1,1222.5,594.5
75,6875,229.167,1222.5,592.5
75,6876,229.2,1224.5,592.5
75,6877,229.233,1224.5,592.5
75,6878,229.267,1224.5,592.5
75,6879,229.3,1224.5,588.5
75,6880,229.333,1224.5,586.5
76,6947,231.567,998.5,546.5
76,6948,231.6,994.5,542.5
76,6949,231.633,988.5,538.5
76,6950,231.667,982.5,530.5
76,6953,231.767,946.5,474.5
76,6954,231.8,936.5,450.5
76,6955,231.833,930.5,420.5
76,6956,231.867,914.5,374.5
76,6957,231.9,964.5,354.5
76,6960,232.0,926.5,294.5
76,6961,232.033,928.5,278.5
76,6962,232.067,928.5,268.5
76,6963,232.1,928.5,260.5
76,6964,232.133,924.5,256.5
76,6965,232.167,922.5,258.5
76,6966,232.2,920.5,266.5
76,6967,232.233,918.5,274.5
76,6968,232.267,914.5,290.5
76,6969,232.3,910.5,308.5
76,6970,232.333,904.5,324.5
76,6971,232.367,902.5,350.5
76,6972,232.4,898.5,374.5
76,6975,232.5,880.5,448.5
76,6976,232.533,818.5,424.5
76,6977,232.567,784.5,404.5
76,6978,232.6,752.5,394.5
76,6979,232.633,720.5,388.5
76,6980,232.667,690.5,386.5
76,6981,232.7,662.5,368.5
76,6982,232.733,644.5,344.5
76,6983,232.767,618.5,324.5
76,6984,232.8,596.5,310.5
76,6985,232.833,578.5,300.5
76,6986,232.867,568.5,294.5
76,6987,232.9,576.5,290.5
76,6988,232.933,586.5,290.5
76,6989,232.967,596.5,294.5
76,6990,233.0,606.5,298.5
76,6991,233.033,616.5,306.5
76,6992,233.067,626.5,310.5
76,6993,233.1,630.5,302.5
76,6994,233.133,638.5,294.5
76,6995,233.167,644.5,288.5
76,6996,233.2,652.5,288.5
76,6997,233.233,658.5,288.5
76,6998,233.267,664.5,290.5
76,6999,233.3,670.5,296.5
76,7000,233.333,676.5,304.5
76,7001,233.367,680.5,308.5
76,7002,233.4,684.5,298.5
76,7003,233.433,690.5,296.5
76,7004,233.467,694.5,292.5
76,7005,233.5,698.5,292.5
76,7006,233.533,702.5,296.5
76,7007,233.567,706.5,300.5
76,7008,233.6,710.5,308.5
76,7009,233.633,714.5,316.5
76,7010,233.667,718.5,306.5
76,7011,233.7,722.5,302.5
76,7012,233.733,726.5,300.5
76,7013,233.767,732.5,302.5
76,7014,233.8,736.5,304.5
76,7015,233.833,738.5,308.5
76,7016,233.867,740.5,316.5
76,7017,233.9,746.5,314.5
76,7018,233.933,748.5,308.5
76,7019,233.967,754.5,308.5
76,7020,234.0,758.5,308.5
76,7021,234.033,762.5,310.5
76,7022,234.067,766.5,314.5
76,7023,234.1,770.5,322.5
76,7024,234.133,772.5,314.5
76,7025,234.167,776.5,312.5
76,7026,234.2,782.5,312.5
76,7027,234.233,786.5,314.5
76,7028,234.267,790.5,318.5
76,7029,234.3,792.5,324.5
76,7030,234.333,796.5,320.5
76,7031,234.367,800.5,318.5
76,7032,234.4,804.5,316.5
76,7033,234.433,810.5,320.5
76,7034,234.467,812.5,324.5
76,7035,234.5,816.5,328.5
76,7036,234.533,820.5,324.5
76,7037,234.567,824.5,324.5
76,7038,234.6,828.5,322.5
76,7039,234.633,832.5,326.5
76,7040,234.667,836.5,330.5
76,7041,234.7,838.5,328.5
76,7042,234.733,844.5,324.5
76,7043,234.767,848.5,326.5
76,7044,234.8,850.5,330.5
76,7045,234.833,854.5,334.5
76,7046,234.867,858.5,330.5
76,7047,234.9,862.5,330.5
76,7048,234.933,866.5,332.5
76,7049,234.967,868.5,336.5
76,7050,235.0,872.5,336.5
76,7051,235.033,876.5,332.5
76,7052,235.067,880.5,334.5
76,7053,235.1,882.5,338.5
76,7054,235.133,886.5,338.5
76,7055,235.167,892.5,336.5
76,7056,235.2,894.5,338.5
76,7057,235.233,898.5,340.5
76,7058,235.267,900.5,338.5
76,7059,235.3,904.5,340.5
76,7060,235.333,908.5,344.5
76,7061,235.367,912.5,342.5
76,7062,235.4,916.5,342.5
76,7063,235.433,918.5,344.5
76,7064,235.467,922.5,344.5
76,7065,235.5,926.5,344.5
76,7066,235.533,928.5,346.5
76,7067,235.567,932.5,346.5
77,7080,236.0,1094.5,208.5
77,7084,236.133,878.5,334.5
77,7085,236.167,866.5,338.5
77,7086,236.2,862.5,340.5
77,7087,236.233,870.5,350.5
78,7106,236.867,1122.5,460.5
78,7107,236.9,1114.5,458.5
78,7111,237.033,1030.5,200.5
78,7112,237.067,1028.5,202.5
78,7113,237.1,1026.5,204.5
79,7199,239.967,1000.5,540.5
79,7200,240.0,990.5,538.5
79,7201,240.033,982.5,532.5
79,7202,240.067,968.5,526.5
79,7205,240.167,924.5,470.5
79,7207,240.233,898.5,410.5
80,7213,240.433,906.5,294.5
80,7214,240.467,910.5,284.5
80,7215,240.5,912.5,274.5
80,7216,240.533,912.5,274.5
80,7217,240.567,914.5,276.5
80,7218,240.6,914.5,286.5
80,7219,240.633,914.5,296.5
80,7220,240.667,916.5,310.5
80,7221,240.7,914.5,328.5
80,7222,240.733,912.5,350.5
80,7223,240.767,912.5,374.5
80,7225,240.833,904.5,428.5
80,7227,240.9,818.5,430.5
80,7228,240.933,776.5,424.5
80,7229,240.967,740.5,424.5
80,7230,241.0,690.5,356.5
80,7231,241.033,664.5,328.5
80,7232,241.067,638.5,306.5
80,7233,241.1,610.5,282.5
80,7234,241.133,582.5,264.5
80,7235,241.167,562.5,254.5
80,7236,241.2,538.5,242.5
80,7237,241.233,518.5,238.5
80,7238,241.267,500.5,234.5
80,7239,241.3,484.5,234.5
80,7240,241.333,468.5,236.5
80,7241,241.367,454.5,242.5
80,7242,241.4,440.5,248.5
80,7243,241.433,426.5,234.5
80,7244,241.467,416.5,218.5
80,7245,241.5,404.5,204.5
80,7246,241.533,426.5,204.5
80,7247,241.567,454.5,208.5
80,7248,241.6,486.5,212.5
80,7249,241.633,516.5,222.5
80,7250,241.667,550.5,234.5
80,7251,241.7,582.5,248.5
80,7252,241.733,606.5,260.5
80,7254,241.8,624.5,276.5
80,7255,241.833,616.5,282.5
80,7256,241.867,614.5,286.5
80,7257,241.9,610.5,280.5
80,7258,241.933,602.5,268.5
80,7259,241.967,598.5,264.5
80,7260,242.0,592.5,260.5
80,7261,242.033,588.5,260.5
80,7262,242.067,582.5,260.5
80,7263,242.1,578.5,264.5
80,7264,242.133,576.5,268.5
80,7265,242.167,568.5,266.5
80,7266,242.2,564.5,258.5
80,7267,242.233,562.5,254.5
80,7268,242.267,556.5,248.5
80,7269,242.3,552.5,250.5
80,7270,242.333,548.5,250.5
80,7271,242.367,544.5,252.5
80,7272,242.4,538.5,256.5
80,7273,242.433,534.5,250.5
80,7274,242.467,532.5,244.5
80,7275,242.5,526.5,240.5
80,7276,242.533,522.5,238.5
80,7277,242.567,518.5,240.5
80,7278,242.6,516.5,242.5
80,7279,242.633,512.5,244.5
80,7280,242.667,510.5,240.5
80,7281,242.7,504.5,234.5
80,7282,242.733,500.5,230.5
80,7283,242.767,496.5,230.5
80,7284,242.8,492.5,232.5
80,7285,242.833,492.5,236.5
80,7286,242.867,486.5,230.5
80,7287,242.9,484.5,224.5
80,7288,242.933,478.5,222.5
80,7289,242.967,476.5,220.5
80,7290,243.0,472.5,224.5
80,7291,243.033,470.5,228.5
80,7292,243.067,468.5,218.5
80,7293,243.1,468.5,220.5
80,7295,243.167,456.5,220.5
80,7296,243.2,446.5,218.5
80,7297,243.233,434.5,216.5
80,7298,243.267,420.5,216.5
80,7299,243.3,406.5,212.5
80,7300,243.333,394.5,212.5
80,7301,243.367,380.5,210.5
80,7302,243.4,368.5,210.5
81,7338,244.6,320.5,136.5
81,7339,244.633,320.5,122.5
81,7340,244.667,322.5,110.5
81,7341,244.7,324.5,102.5
81,7342,244.733,326.5,96.5
81,7343,244.767,330.5,94.5
81,7344,244.8,332.5,94.5
81,7345,244.833,334.5,96.5
81,7346,244.867,338.5,100.5
81,7347,244.9,340.5,106.5
81,7348,244.933,344.5,114.5
81,7349,244.967,348.5,124.5
82,7392,246.4,336.5,234.5
82,7394,246.467,328.5,242.5
82,7395,246.5,326.5,242.5
82,7396,246.533,320.5,244.5
82,7397,246.567,314.5,246.5
82,7398,246.6,310.5,248.5
82,7399,246.633,302.5,248.5
82,7400,246.667,298.5,250.5
82,7401,246.7,292.5,250.5
82,7402,246.733,288.5,250.5
82,7403,246.767,284.5,252.5
82,7404,246.8,282.5,252.5
82,7405,246.833,280.5,254.5
82,7406,246.867,278.5,254.5
82,7407,246.9,276.5,254.5
83,7419,247.3,278.5,272.5
83,7422,247.4,266.5,244.5
83,7423,247.433,268.5,246.5
83,7424,247.467,260.5,220.5
83,7425,247.5,256.5,208.5
83,7426,247.533,254.5,200.5
83,7427,247.567,252.5,192.5
83,7428,247.6,250.5,188.5
83,7429,247.633,248.5,188.5
83,7430,247.667,248.5,192.5
83,7431,247.7,248.5,196.5
83,7432,247.733,248.5,204.5
83,7433,247.767,246.5,216.5
83,7434,247.8,250.5,226.5
83,7435,247.833,252.5,236.5
83,7436,247.867,282.5,250.5
83,7437,247.9,334.5,268.5
83,7438,247.933,386.5,284.5
83,7439,247.967,416.5,278.5
83,7440,248.0,452.5,274.5
83,7441,248.033,490.5,268.5
83,7442,248.067,526.5,268.5
83,7443,248.1,568.5,270.5
83,7444,248.133,606.5,276.5
83,7445,248.167,646.5,284.5
83,7446,248.2,680.5,292.5
83,7447,248.233,714.5,302.5
83,7448,248.267,758.5,320.5
83,7449,248.3,784.5,326.5
83,7450,248.333,810.5,324.5
83,7451,248.367,850.5,316.5
83,7452,248.4,878.5,314.5
83,7453,248.433,906.5,316.5
83,7454,248.467,936.5,318.5
83,7455,248.5,966.5,324.5
83,7456,248.533,994.5,334.5
83,7457,248.567,1012.5,340.5
83,7458,248.6,996.5,324.5
83,7459,248.633,948.5,290.5
83,7460,248.667,912.5,266.5
83,7461,248.7,872.5,244.5
83,7462,248.733,836.5,228.5
83,7463,248.767,794.5,210.5
83,7464,248.8,764.5,202.5
83,7465,248.833,734.5,196.5
83,7466,248.867,702.5,192.5
83,7467,248.9,674.5,190.5
83,7468,248.933,638.5,190.5
83,7469,248.967,606.5,194.5
83,7470,249.0,578.5,198.5
83,7471,249.033,552.5,208.5
83,7472,249.067,526.5,218.5
83,7473,249.1,502.5,228.5
83,7474,249.133,474.5,244.5
83,7475,249.167,454.5,258.5
83,7476,249.2,434.5,274.5
83,7477,249.233,410.5,292.5
83,7478,249.267,394.5,276.5
83,7479,249.3,374.5,256.5
83,7480,249.333,358.5,242.5
83,7481,249.367,342.5,228.5
83,7482,249.4,326.5,218.5
83,7483,249.433,312.5,210.5
83,7484,249.467,294.5,206.5
83,7485,249.5,280.5,202.5
83,7486,249.533,266.5,202.5
83,7489,249.633,288.5,242.5
83,7490,249.667,284.5,246.5
83,7491,249.7,278.5,244.5
84,7501,250.033,292.5,232.5
84,7502,250.067,294.5,234.5
84,7503,250.1,294.5,236.5
84,7504,250.133,294.5,240.5
84,7505,250.167,292.5,240.5
84,7506,250.2,290.5,242.5
84,7507,250.233,288.5,244.5
84,7508,250.267,286.5,246.5
84,7509,250.3,284.5,250.5
84,7510,250.333,280.5,250.5
84,7511,250.367,278.5,254.5
85,7517,250.567,270.5,264.5
85,7518,250.6,270.5,264.5
85,7519,250.633,270.5,264.5
85,7520,250.667,270.5,266.5
85,7523,250.767,272.5,272.5
85,7524,250.8,276.5,272.5
85,7525,250.833,278.5,274.5
85,7526,250.867,278.5,272.5
85,7528,250.933,268.5,250.5
85,7529,250.967,262.5,234.5
85,7530,251.0,262.5,218.5
85,7531,251.033,254.5,202.5
85,7532,251.067,252.5,192.5
85,7533,251.1,248.5,184.5
85,7534,251.133,246.5,178.5
85,7535,251.167,244.5,172.5
85,7536,251.2,242.5,172.5
85,7537,251.233,242.5,176.5
85,7538,251.267,244.5,180.5
85,7539,251.3,242.5,186.5
85,7540,251.333,244.5,194.5
85,7541,251.367,244.5,202.5
85,7542,251.4,250.5,218.5
85,7543,251.433,268.5,230.5
85,7544,251.467,294.5,228.5
85,7545,251.5,370.5,268.5
85,7546,251.533,396.5,260.5
85,7547,251.567,436.5,248.5
85,7548,251.6,462.5,244.5
85,7549,251.633,502.5,238.5
85,7550,251.667,544.5,234.5
85,7551,251.7,576.5,232.5
85,7552,251.733,610.5,234.5
85,7553,251.767,644.5,236.5
85,7554,251.8,686.5,242.5
85,7555,251.833,718.5,248.5
85,7556,251.867,762.5,260.5
85,7557,251.9,798.5,274.5
85,7558,251.933,832.5,286.5
85,7559,251.967,872.5,306.5
85,7560,252.0,906.5,324.5
85,7561,252.033,938.5,344.5
85,7562,252.067,980.5,372.5
85,7563,252.1,1018.5,402.5
85,7564,252.133,1044.5,422.5
85,7565,252.167,1080.5,456.5
86,7602,253.4,1220.5,610.5
86,7603,253.433,1206.5,606.5
86,7604,253.467,1190.5,602.5
86,7605,253.5,1176.5,598.5
86,7606,253.533,1166.5,596.5
86,7607,253.567,1154.5,592.5
86,7608,253.6,1146.5,590.5
87,7657,255.233,794.5,582.5
87,7658,255.267,766.5,582.5
87,7659,255.3,740.5,582.5
87,7660,255.333,710.5,582.5
87,7661,255.367,680.5,578.5
87,7662,255.4,652.5,574.5
87,7663,255.433,628.5,568.5
87,7664,255.467,608.5,568.5
87,7665,255.5,582.5,564.5
87,7666,255.533,568.5,566.5
88,7713,257.1,788.5,308.5
88,7717,257.233,652.5,532.5
88,7718,257.267,676.5,524.5
88,7719,257.3,686.5,510.5
88,7722,257.4,742.5,274.5
88,7725,257.5,606.5,276.5
88,7726,257.533,582.5,250.5
88,7727,257.567,570.5,234.5
88,7728,257.6,556.5,218.5
88,7729,257.633,544.5,206.5
88,7730,257.667,532.5,198.5
88,7731,257.7,522.5,194.5
88,7732,257.733,512.5,194.5
88,7733,257.767,502.5,198.5
88,7734,257.8,494.5,204.5
88,7735,257.833,494.5,204.5
88,7736,257.867,472.5,234.5
88,7737,257.9,472.5,232.5
88,7738,257.933,468.5,246.5
88,7739,257.967,462.5,262.5
88,7740,258.0,458.5,278.5
88,7741,258.033,454.5,290.5
88,7742,258.067,450.5,270.5
88,7743,258.1,444.5,246.5
88,7744,258.133,440.5,226.5
88,7745,258.167,436.5,210.5
88,7746,258.2,432.5,196.5
88,7747,258.233,428.5,184.5
88,7748,258.267,424.5,176.5
88,7749,258.3,422.5,168.5
88,7750,258.333,420.5,164.5
88,7751,258.367,414.5,166.5
88,7752,258.4,414.5,166.5
88,7753,258.433,412.5,170.5
88,7754,258.467,412.5,176.5
88,7755,258.5,410.5,188.5
88,7756,258.533,412.5,212.5
88,7757,258.567,410.5,200.5
88,7759,258.633,400.5,182.5
88,7760,258.667,396.5,178.5
88,7761,258.7,396.5,174.5
88,7762,258.733,392.5,172.5
88,7763,258.767,388.5,180.5
88,7764,258.8,386.5,188.5
88,7765,258.833,380.5,194.5
88,7766,258.867,376.5,202.5
88,7767,258.9,372.5,208.5
88,7768,258.933,368.5,216.5
89,7773,259.1,336.5,240.5
89,7775,259.167,322.5,244.5
89,7776,259.2,316.5,246.5
89,7777,259.233,310.5,248.5
89,7778,259.267,304.5,250.5
89,7779,259.3,298.5,250.5
89,7780,259.333,294.5,252.5
89,7781,259.367,288.5,252.5
89,7782,259.4,286.5,252.5
90,7792,259.733,276.5,244.5
90,7793,259.767,272.5,228.5
90,7794,259.8,268.5,216.5
90,7795,259.833,266.5,208.5
90,7796,259.867,264.5,200.5
90,7797,259.9,262.5,194.5
90,7798,259.933,262.5,192.5
90,7799,259.967,262.5,194.5
90,7800,260.0,260.5,196.5
90,7801,260.033,260.5,202.5
90,7802,260.067,262.5,210.5
90,7803,260.1,262.5,220.5
90,7804,260.133,264.5,232.5
90,7805,260.167,288.5,244.5
90,7806,260.2,330.5,270.5
90,7807,260.233,366.5,286.5
90,7808,260.267,400.5,278.5
90,7809,260.3,436.5,274.5
90,7810,260.333,466.5,270.5
90,7811,260.367,498.5,268.5
90,7812,260.4,534.5,268.5
90,7813,260.433,568.5,276.5
90,7814,260.467,602.5,284.5
90,7815,260.5,642.5,298.5
90,7816,260.533,670.5,308.5
90,7817,260.567,708.5,328.5
90,7818,260.6,744.5,352.5
90,7819,260.633,770.5,346.5
90,7820,260.667,804.5,338.5
90,7821,260.7,834.5,332.5
90,7822,260.733,866.5,332.5
90,7823,260.767,900.5,328.5
90,7824,260.8,930.5,334.5
90,7825,260.833,958.5,338.5
90,7826,260.867,990.5,350.5
90,7827,260.9,966.5,328.5
90,7828,260.933,934.5,306.5
90,7829,260.967,898.5,282.5
90,7830,261.0,858.5,260.5
90,7831,261.033,828.5,246.5
90,7832,261.067,790.5,230.5
90,7833,261.1,762.5,224.5
90,7834,261.133,730.5,216.5
90,7835,261.167,700.5,212.5
90,7836,261.2,676.5,210.5
90,7837,261.233,642.5,212.5
90,7838,261.267,620.5,216.5
90,7839,261.3,596.5,222.5
90,7840,261.333,572.5,230.5
90,7841,261.367,550.5,242.5
90,7842,261.4,528.5,250.5
90,7843,261.433,510.5,262.5
90,7844,261.467,490.5,280.5
90,7845,261.5,474.5,280.5
90,7846,261.533,460.5,260.5
90,7847,261.567,444.5,244.5
90,7848,261.6,430.5,230.5
90,7849,261.633,416.5,218.5
90,7850,261.667,402.5,208.5
90,7851,261.7,386.5,198.5
90,7852,261.733,380.5,198.5
90,7853,261.767,366.5,210.5
90,7855,261.833,488.5,248.5
90,7856,261.867,520.5,268.5
90,7857,261.9,564.5,298.5
90,7858,261.933,596.5,320.5
90,7860,262.0,678.5,392.5
90,7861,262.033,712.5,392.5
90,7862,262.067,752.5,392.5
90,7863,262.1,788.5,404.5
90,7864,262.133,824.5,412.5
90,7866,262.2,922.5,450.5
90,7867,262.233,960.5,470.5
90,7870,262.333,856.5,362.5
90,7871,262.367,832.5,354.5
90,7872,262.4,786.5,318.5
90,7873,262.433,752.5,310.5
90,7874,262.467,720.5,292.5
90,7875,262.5,688.5,278.5
90,7877,262.567,638.5,274.5
90,7878,262.6,614.5,276.5
90,7879,262.633,592.5,278.5
90,7880,262.667,568.5,284.5
90,7881,262.7,550.5,296.5
90,7882,262.733,534.5,308.5
90,7883,262.767,520.5,324.5
90,7884,262.8,508.5,340.5
90,7885,262.833,514.5,356.5
90,7886,262.867,522.5,344.5
90,7887,262.9,530.5,332.5
90,7888,262.933,536.5,324.5
90,7889,262.967,546.5,318.5
90,7890,263.0,552.5,316.5
90,7891,263.033,560.5,314.5
90,7892,263.067,570.5,318.5
90,7893,263.1,578.5,324.5
90,7894,263.133,586.5,332.5
90,7895,263.167,594.5,340.5
90,7896,263.2,600.5,354.5
90,7897,263.233,610.5,366.5
90,7898,263.267,616.5,354.5
90,7899,263.3,624.5,346.5
90,7900,263.333,632.5,338.5
90,7901,263.367,640.5,332.5
90,7902,263.4,648.5,332.5
90,7903,263.433,654.5,334.5
90,7904,263.467,662.5,338.5
90,7905,263.5,670.5,346.5
90,7906,263.533,678.5,356.5
90,7907,263.567,682.5,370.5
90,7908,263.6,692.5,374.5
90,7909,263.633,698.5,362.5
90,7910,263.667,706.5,354.5
90,7911,263.7,712.5,348.5
90,7912,263.733,722.5,346.5
90,7913,263.767,730.5,348.5
90,7914,263.8,736.5,352.5
90,7915,263.833,742.5,360.5
90,7916,263.867,750.5,370.5
90,7917,263.9,756.5,386.5
90,7918,263.933,766.5,380.5
90,7919,263.967,772.5,370.5
90,7920,264.0,778.5,364.5
90,7921,264.033,786.5,362.5
90,7922,264.067,796.5,364.5
90,7923,264.1,802.5,368.5
90,7924,264.133,810.5,376.5
90,7925,264.167,814.5,384.5
90,7926,264.2,820.5,394.5
90,7927,264.233,820.5,386.5
90,7928,264.267,814.5,394.5
90,7929,264.3,816.5,400.5
90,7930,264.333,816.5,408.5
90,7931,264.367,818.5,416.5
90,7932,264.4,818.5,420.5
90,7933,264.433,818.5,426.5
90,7934,264.467,822.5,432.5
90,7935,264.5,824.5,438.5
90,7936,264.533,826.5,442.5
90,7937,264.567,828.5,448.5
90,7938,264.6,830.5,452.5
90,7939,264.633,832.5,458.5
90,7940,264.667,836.5,462.5
90,7941,264.7,840.5,464.5
90,7942,264.733,844.5,468.5
90,7943,264.767,848.5,472.5
90,7944,264.8,852.5,476.5
90,7945,264.833,856.5,484.5
90,7946,264.867,860.5,496.5
90,7947,264.9,860.5,508.5
90,7948,264.933,862.5,506.5
90,7949,264.967,862.5,494.5
90,7950,265.0,858.5,486.5
90,7951,265.033,856.5,484.5
90,7952,265.067,854.5,484.5
90,7953,265.1,850.5,488.5
90,7954,265.133,850.5,496.5
90,7955,265.167,846.5,504.5
90,7956,265.2,842.5,514.5
90,7957,265.233,840.5,526.5
90,7958,265.267,836.5,542.5
90,7959,265.3,832.5,556.5
90,7960,265.333,830.5,576.5
90,7961,265.367,826.5,592.5
90,7962,265.4,824.5,582.5
90,7963,265.433,822.5,570.5
90,7964,265.467,820.5,558.5
90,7965,265.5,818.5,550.5
90,7966,265.533,818.5,544.5
90,7967,265.567,816.5,540.5
90,7971,265.7,796.5,552.5
90,7972,265.733,794.5,558.5
90,7973,265.767,792.5,570.5
90,7974,265.8,788.5,580.5
90,7975,265.833,786.5,572.5
90,7976,265.867,784.5,564.5
90,7977,265.9,784.5,558.5
90,7978,265.933,782.5,554.5
90,7979,265.967,780.5,552.5
90,7980,266.0,778.5,554.5
90,7981,266.033,776.5,558.5
90,7982,266.067,772.5,562.5
90,7983,266.1,776.5,568.5
90,7984,266.133,784.5,568.5
90,7985,266.167,792.5,572.5
90,7989,266.3,812.5,594.5
90,7990,266.333,820.5,594.5
90,7991,266.367,826.5,600.5
90,7992,266.4,832.5,606.5
90,7993,266.433,840.5,608.5
90,7994,266.467,844.5,612.5
90,7995,266.5,850.5,616.5
90,7997,266.567,864.5,626.5
90,7998,266.6,868.5,630.5
90,7999,266.633,874.5,636.5
90,8001,266.7,886.5,644.5
90,8002,266.733,886.5,644.5
90,8003,266.767,888.5,644.5
91,8030,267.667,1052.5,518.5
91,8031,267.7,1052.5,518.5
91,8032,267.733,1052.5,520.5
91,8033,267.767,1054.5,520.5
91,8034,267.8,1052.5,524.5
91,8035,267.833,1050.5,526.5
91,8036,267.867,1046.5,528.5
91,8037,267.9,1042.5,528.5
91,8038,267.933,1038.5,528.5
91,8039,267.967,1032.5,530.5
92,8044,268.133,968.5,476.5
92,8045,268.167,958.5,456.5
92,8046,268.2,946.5,432.5
92,8047,268.233,936.5,402.5
92,8051,268.367,938.5,300.5
92,8052,268.4,946.5,284.5
92,8053,268.433,944.5,270.5
92,8054,268.467,944.5,260.5
92,8055,268.5,946.5,252.5
92,8056,268.533,946.5,250.5
92,8057,268.567,946.5,256.5
92,8058,268.6,946.5,264.5
92,8059,268.633,946.5,274.5
92,8060,268.667,942.5,290.5
92,8061,268.7,938.5,306.5
92,8062,268.733,936.5,328.5
92,8063,268.767,934.5,354.5
93,8068,268.933,820.5,438.5
93,8069,268.967,770.5,432.5
93,8070,269.0,728.5,388.5
93,8071,269.033,692.5,346.5
93,8072,269.067,670.5,322.5
93,8073,269.1,628.5,284.5
93,8074,269.133,614.5,276.5
93,8075,269.167,582.5,258.5
93,8076,269.2,562.5,248.5
93,8077,269.233,542.5,242.5
93,8078,269.267,520.5,236.5
93,8079,269.3,504.5,236.5
93,8080,269.333,486.5,238.5
93,8081,269.367,470.5,242.5
93,8082,269.4,456.5,248.5
93,8083,269.433,442.5,256.5
93,8084,269.467,432.5,242.5
93,8085,269.5,420.5,224.5
93,8086,269.533,408.5,210.5
93,8087,269.567,398.5,196.5
93,8088,269.6,412.5,196.5
93,8089,269.633,452.5,190.5
93,8090,269.667,486.5,190.5
93,8091,269.7,520.5,192.5
93,8092,269.733,558.5,196.5
93,8093,269.767,590.5,202.5
93,8094,269.8,626.5,210.5
93,8095,269.833,666.5,224.5
93,8096,269.867,690.5,232.5
93,8097,269.9,736.5,254.5
93,8098,269.933,770.5,272.5
93,8099,269.967,808.5,294.5
93,8100,270.0,832.5,310.5
93,8101,270.033,872.5,342.5
93,8102,270.067,910.5,368.5
93,8103,270.1,950.5,356.5
93,8104,270.133,990.5,352.5
93,8106,270.2,1058.5,344.5
93,8107,270.233,1098.5,348.5
93,8108,270.267,1138.5,354.5
93,8109,270.3,1162.5,356.5
93,8110,270.333,1154.5,336.5
93,8111,270.367,1094.5,292.5
93,8112,270.4,1034.5,254.5
93,8114,270.467,932.5,202.5
93,8116,270.533,802.5,152.5
93,8117,270.567,768.5,146.5
93,8118,270.6,722.5,136.5
93,8119,270.633,682.5,132.5
93,8120,270.667,640.5,132.5
93,8121,270.7,606.5,136.5
93,8122,270.733,576.5,140.5
93,8123,270.767,544.5,148.5
93,8124,270.8,520.5,156.5
93,8125,270.833,494.5,170.5
93,8126,270.867,472.5,182.5
93,8127,270.9,448.5,198.5
93,8128,270.933,430.5,214.5
93,8129,270.967,410.5,236.5
93,8130,271.0,394.5,248.5
93,8131,271.033,380.5,228.5
93,8132,271.067,368.5,206.5
93,8133,271.1,354.5,184.5
93,8134,271.133,340.5,164.5
93,8135,271.167,326.5,148.5
93,8136,271.2,314.5,138.5
93,8137,271.233,304.5,128.5
93,8138,271.267,290.5,118.5
93,8139,271.3,282.5,116.5
93,8140,271.333,316.5,114.5
93,8141,271.367,350.5,112.5
93,8142,271.4,388.5,116.5
93,8143,271.433,420.5,118.5
93,8144,271.467,456.5,126.5
93,8145,271.5,492.5,136.5
93,8146,271.533,528.5,150.5
93,8147,271.567,566.5,166.5
93,8148,271.6,608.5,186.5
93,8149,271.633,644.5,208.5
93,8150,271.667,690.5,238.5
93,8151,271.7,720.5,260.5
93,8152,271.733,754.5,286.5
93,8154,271.8,838.5,364.5
93,8155,271.833,882.5,388.5
93,8156,271.867,910.5,378.5
93,8157,271.9,970.5,358.5
93,8158,271.933,1004.5,352.5
93,8159,271.967,1048.5,342.5
93,8160,272.0,1086.5,342.5
93,8161,272.033,1134.5,342.5
93,8162,272.067,1172.5,346.5
93,8163,272.1,1182.5,330.5
93,8164,272.133,1128.5,292.5
93,8165,272.167,1074.5,260.5
93,8168,272.267,948.5,200.5
93,8170,272.333,852.5,178.5
93,8171,272.367,802.5,170.5
93,8172,272.4,772.5,170.5
93,8173,272.433,734.5,172.5
93,8174,272.467,702.5,178.5
93,8175,272.5,676.5,180.5
93,8176,272.533,640.5,194.5
93,8177,272.567,610.5,208.5
93,8178,272.6,586.5,220.5
93,8179,272.633,562.5,234.5
93,8180,272.667,540.5,250.5
93,8181,272.7,522.5,262.5
93,8182,272.733,498.5,286.5
93,8183,272.767,474.5,308.5
93,8184,272.8,456.5,296.5
93,8185,272.833,442.5,272.5
93,8186,272.867,426.5,252.5
93,8187,272.9,412.5,234.5
93,8188,272.933,394.5,216.5
93,8189,272.967,380.5,204.5
93,8190,273.0,366.5,196.5
93,8191,273.033,352.5,188.5
93,8192,273.067,340.5,184.5
93,8193,273.1,326.5,182.5
93,8195,273.167,322.5,182.5
93,8196,273.2,340.5,180.5
93,8197,273.233,364.5,180.5
93,8198,273.267,386.5,182.5
93,8199,273.3,408.5,186.5
93,8200,273.333,434.5,194.5
93,8201,273.367,456.5,202.5
93,8202,273.4,482.5,214.5
93,8203,273.433,506.5,228.5
93,8204,273.467,530.5,246.5
93,8205,273.5,554.5,264.5
93,8206,273.533,584.5,292.5
93,8207,273.567,606.5,312.5
93,8208,273.6,630.5,340.5
93,8209,273.633,648.5,342.5
93,8210,273.667,662.5,328.5
93,8211,273.7,680.5,316.5
93,8212,273.733,696.5,306.5
93,8213,273.767,712.5,300.5
93,8214,273.8,734.5,300.5
93,8215,273.833,752.5,296.5
93,8216,273.867,770.5,300.5
93,8217,273.9,788.5,306.5
93,8218,273.933,804.5,316.5
93,8219,273.967,832.5,330.5
93,8221,274.033,752.5,294.5
93,8222,274.067,718.5,280.5
93,8223,274.1,682.5,268.5
93,8224,274.133,648.5,260.5
93,8225,274.167,612.5,250.5
93,8226,274.2,590.5,248.5
93,8227,274.233,560.5,246.5
93,8228,274.267,538.5,250.5
93,8229,274.3,514.5,250.5
93,8230,274.333,494.5,258.5
93,8231,274.367,482.5,244.5
93,8232,274.4,466.5,228.5
93,8233,274.433,452.5,212.5
93,8234,274.467,436.5,200.5
93,8235,274.5,424.5,190.5
93,8236,274.533,396.5,198.5
93,8237,274.567,422.5,200.5
93,8238,274.6,458.5,186.5
93,8239,274.633,488.5,186.5
93,8240,274.667,516.5,190.5
93,8241,274.7,546.5,198.5
93,8242,274.733,578.5,208.5
93,8243,274.767,598.5,214.5
93,8244,274.8,628.5,228.5
93,8245,274.833,648.5,240.5
93,8246,274.867,638.5,242.5
93,8247,274.9,624.5,244.5
93,8248,274.933,612.5,250.5
93,8249,274.967,602.5,258.5
93,8253,275.1,358.5,178.5
93,8254,275.133,350.5,178.5
93,8255,275.167,344.5,182.5
93,8256,275.2,336.5,186.5
94,8328,277.6,474.5,196.5
94,8329,277.633,474.5,188.5
94,8330,277.667,474.5,186.5
94,8331,277.7,474.5,184.5
94,8332,277.733,472.5,180.5
94,8333,277.767,470.5,178.5
94,8334,277.8,466.5,174.5
94,8335,277.833,464.5,174.5
94,8336,277.867,462.5,170.5
95,8365,278.833,502.5,220.5
95,8366,278.867,520.5,244.5
95,8367,278.9,528.5,228.5
95,8368,278.933,538.5,220.5
95,8369,278.967,548.5,210.5
95,8370,279.0,560.5,204.5
95,8371,279.033,570.5,200.5
95,8372,279.067,582.5,200.5
95,8373,279.1,594.5,200.5
95,8374,279.133,608.5,204.5
95,8375,279.167,618.5,210.5
95,8376,279.2,632.5,220.5
95,8377,279.233,642.5,230.5
95,8378,279.267,656.5,246.5
95,8379,279.3,674.5,266.5
95,8380,279.333,680.5,282.5
95,8381,279.367,694.5,304.5
95,8382,279.4,702.5,326.5
95,8383,279.433,714.5,330.5
95,8384,279.467,726.5,312.5
95,8385,279.5,740.5,304.5
95,8386,279.533,750.5,296.5
95,8387,279.567,760.5,292.5
95,8388,279.6,774.5,290.5
95,8389,279.633,786.5,292.5
95,8390,279.667,798.5,296.5
95,8391,279.7,808.5,302.5
95,8392,279.733,818.5,310.5
95,8393,279.767,830.5,324.5
95,8394,279.8,838.5,340.5
95,8395,279.833,840.5,360.5
95,8398,279.933,886.5,340.5
95,8400,280.0,930.5,338.5
96,8426,280.867,1032.5,196.5
96,8428,280.933,970.5,324.5
96,8429,280.967,950.5,312.5
96,8430,281.0,950.5,324.5
96,8431,281.033,936.5,326.5
96,8432,281.067,878.5,342.5
96,8433,281.1,850.5,340.5
96,8434,281.133,798.5,310.5
96,8435,281.167,758.5,296.5
96,8436,281.2,718.5,288.5
96,8437,281.233,686.5,282.5
96,8438,281.267,634.5,274.5
96,8439,281.3,634.5,274.5
96,8440,281.333,608.5,276.5
96,8441,281.367,568.5,270.5
96,8442,281.4,538.5,274.5
96,8443,281.433,512.5,278.5
96,8444,281.467,490.5,284.5
96,8445,281.5,462.5,282.5
96,8446,281.533,436.5,266.5
96,8447,281.567,420.5,258.5
96,8448,281.6,394.5,250.5
96,8449,281.633,376.5,244.5
96,8450,281.667,356.5,240.5
96,8451,281.7,344.5,250.5
96,8452,281.733,376.5,222.5
96,8453,281.767,396.5,212.5
96,8454,281.8,424.5,200.5
96,8455,281.833,450.5,194.5
96,8456,281.867,478.5,186.5
96,8457,281.9,504.5,182.5
96,8458,281.933,530.5,180.5
96,8459,281.967,562.5,182.5
96,8460,282.0,592.5,186.5
96,8461,282.033,626.5,194.5
96,8462,282.067,648.5,198.5
96,8463,282.1,686.5,212.5
96,8464,282.133,722.5,230.5
96,8465,282.167,752.5,246.5
96,8466,282.2,776.5,260.5
96,8467,282.233,816.5,290.5
96,8468,282.267,840.5,308.5
96,8469,282.3,876.5,340.5
96,8470,282.333,888.5,362.5
96,8471,282.367,902.5,356.5
96,8472,282.4,916.5,354.5
97,8506,283.533,988.5,328.5
97,8507,283.567,942.5,332.5
97,8508,283.6,872.5,344.5
97,8509,283.633,826.5,340.5
97,8510,283.667,790.5,316.5
97,8511,283.7,752.5,292.5
97,8512,283.733,708.5,268.5
97,8513,283.767,680.5,256.5
97,8514,283.8,640.5,242.5
97,8515,283.833,608.5,232.5
97,8516,283.867,580.5,226.5
97,8517,283.9,552.5,224.5
97,8518,283.933,526.5,224.5
97,8519,283.967,502.5,226.5
97,8520,284.0,484.5,232.5
97,8521,284.033,462.5,238.5
97,8522,284.067,442.5,248.5
97,8523,284.1,426.5,252.5
97,8524,284.133,408.5,234.5
97,8525,284.167,394.5,220.5
97,8526,284.2,380.5,208.5
97,8529,284.3,414.5,186.5
97,8530,284.333,436.5,182.5
97,8531,284.367,460.5,180.5
97,8532,284.4,482.5,180.5
97,8533,284.433,504.5,182.5
97,8534,284.467,530.5,190.5
97,8535,284.5,554.5,196.5
97,8536,284.533,582.5,210.5
97,8537,284.567,610.5,226.5
97,8538,284.6,634.5,242.5
97,8539,284.633,654.5,258.5
97,8540,284.667,680.5,282.5
97,8541,284.7,712.5,308.5
97,8542,284.733,744.5,344.5
97,8543,284.767,766.5,370.5
97,8544,284.8,786.5,406.5
97,8545,284.833,816.5,410.5
97,8546,284.867,840.5,398.5
97,8547,284.9,866.5,390.5
97,8548,284.933,866.5,378.5
97,8549,284.967,864.5,360.5
97,8550,285.0,826.5,332.5
97,8551,285.033,770.5,304.5
97,8552,285.067,736.5,284.5
97,8553,285.1,692.5,264.5
97,8554,285.133,650.5,248.5
97,8555,285.167,622.5,242.5
97,8556,285.2,588.5,234.5
97,8557,285.233,558.5,232.5
97,8558,285.267,532.5,232.5
97,8559,285.3,508.5,236.5
97,8560,285.333,484.5,240.5
97,8561,285.367,462.5,246.5
97,8562,285.4,442.5,256.5
97,8563,285.433,422.5,266.5
97,8564,285.467,408.5,278.5
97,8565,285.5,390.5,294.5
97,8566,285.533,374.5,282.5
97,8567,285.567,360.5,260.5
97,8568,285.6,346.5,244.5
97,8569,285.633,336.5,228.5
97,8570,285.667,322.5,216.5
97,8571,285.7,312.5,206.5
97,8572,285.733,298.5,196.5
97,8573,285.767,266.5,170.5
97,8574,285.8,292.5,180.5
97,8575,285.833,358.5,196.5
97,8576,285.867,388.5,198.5
97,8577,285.9,420.5,204.5
97,8578,285.933,450.5,212.5
97,8579,285.967,482.5,222.5
97,8580,286.0,516.5,238.5
97,8581,286.033,548.5,252.5
97,8582,286.067,578.5,268.5
97,8583,286.1,608.5,286.5
97,8584,286.133,644.5,310.5
97,8585,286.167,676.5,334.5
97,8586,286.2,702.5,328.5
97,8587,286.233,730.5,316.5
97,8588,286.267,754.5,310.5
97,8589,286.3,788.5,302.5
97,8590,286.333,812.5,300.5
97,8591,286.367,838.5,300.5
97,8592,286.4,868.5,304.5
97,8593,286.433,890.5,308.5
97,8594,286.467,916.5,316.5
97,8595,286.5,938.5,324.5
97,8596,286.533,900.5,298.5
97,8597,286.567,866.5,280.5
97,8598,286.6,826.5,260.5
97,8599,286.633,790.5,246.5
97,8600,286.667,766.5,240.5
97,8601,286.7,732.5,232.5
97,8602,286.733,704.5,228.5
97,8603,286.767,680.5,228.5
97,8604,286.8,648.5,228.5
97,8605,286.833,630.5,232.5
97,8606,286.867,610.5,238.5
97,8607,286.9,584.5,246.5
97,8608,286.933,570.5,256.5
97,8609,286.967,550.5,264.5
97,8610,287.0,534.5,246.5
97,8611,287.033,520.5,230.5
97,8612,287.067,506.5,216.5
97,8613,287.1,492.5,204.5
97,8614,287.133,480.5,196.5
97,8615,287.167,468.5,190.5
97,8616,287.2,456.5,186.5
97,8617,287.233,412.5,184.5
97,8618,287.267,460.5,184.5
97,8619,287.3,486.5,184.5
97,8620,287.333,508.5,186.5
97,8621,287.367,534.5,192.5
97,8622,287.4,562.5,198.5
97,8623,287.433,590.5,210.5
97,8624,287.467,616.5,222.5
97,8625,287.5,640.5,234.5
97,8626,287.533,674.5,258.5
97,8627,287.567,694.5,274.5
97,8629,287.633,744.5,318.5
97,8630,287.667,774.5,354.5
97,8631,287.7,794.5,346.5
97,8632,287.733,822.5,340.5
97,8633,287.767,850.5,338.5
97,8634,287.8,878.5,338.5
97,8635,287.833,904.5,338.5
97,8636,287.867,932.5,342.5
97,8637,287.9,910.5,324.5
97,8638,287.933,872.5,306.5
97,8639,287.967,826.5,284.5
97,8640,288.0,784.5,272.5
97,8641,288.033,748.5,260.5
97,8642,288.067,710.5,252.5
97,8643,288.1,680.5,248.5
97,8644,288.133,638.5,244.5
97,8645,288.167,606.5,248.5
97,8646,288.2,578.5,254.5
97,8647,288.233,542.5,260.5
97,8648,288.267,518.5,268.5
97,8649,288.3,492.5,278.5
97,8650,288.333,466.5,292.5
97,8651,288.367,440.5,312.5
97,8652,288.4,422.5,322.5
97,8653,288.433,404.5,306.5
97,8654,288.467,380.5,284.5
97,8655,288.5,362.5,270.5
97,8656,288.533,342.5,256.5
97,8657,288.567,326.5,246.5
97,8658,288.6,310.5,240.5
97,8659,288.633,294.5,236.5
97,8660,288.667,280.5,234.5
97,8661,288.7,262.5,236.5
97,8662,288.733,248.5,240.5
97,8663,288.767,234.5,244.5
97,8664,288.8,230.5,252.5
97,8665,288.833,270.5,248.5
97,8666,288.867,310.5,244.5
97,8667,288.9,352.5,244.5
97,8668,288.933,398.5,246.5
97,8669,288.967,440.5,252.5
97,8670,289.0,478.5,262.5
97,8671,289.033,526.5,276.5
97,8672,289.067,578.5,296.5
97,8673,289.1,612.5,308.5
97,8674,289.133,652.5,330.5
97,8675,289.167,702.5,356.5
97,8676,289.2,734.5,368.5
97,8677,289.233,766.5,354.5
97,8678,289.267,810.5,342.5
97,8679,289.3,848.5,334.5
97,8680,289.333,886.5,332.5
97,8681,289.367,924.5,330.5
97,8682,289.4,958.5,332.5
97,8683,289.433,960.5,318.5
97,8684,289.467,918.5,290.5
97,8685,289.5,874.5,264.5
97,8686,289.533,838.5,246.5
97,8687,289.567,798.5,228.5
97,8688,289.6,766.5,216.5
97,8689,289.633,734.5,208.5
97,8690,289.667,698.5,198.5
97,8691,289.7,674.5,194.5
97,8692,289.733,640.5,194.5
97,8693,289.767,612.5,194.5
97,8694,289.8,584.5,196.5
97,8695,289.833,560.5,202.5
97,8696,289.867,538.5,210.5
97,8697,289.9,516.5,218.5
97,8698,289.933,494.5,228.5
97,8699,289.967,476.5,242.5
97,8700,290.0,458.5,252.5
97,8701,290.033,442.5,268.5
97,8702,290.067,424.5,254.5
97,8703,290.1,410.5,236.5
97,8704,290.133,396.5,220.5
97,8705,290.167,384.5,204.5
97,8706,290.2,370.5,194.5
97,8707,290.233,354.5,182.5
97,8708,290.267,348.5,182.5
97,8709,290.3,370.5,180.5
97,8710,290.333,406.5,188.5
97,8711,290.367,438.5,196.5
97,8712,290.4,466.5,206.5
97,8713,290.433,498.5,218.5
97,8714,290.467,532.5,234.5
97,8715,290.5,556.5,248.5
97,8716,290.533,588.5,268.5
97,8717,290.567,618.5,284.5
97,8718,290.6,660.5,320.5
97,8719,290.633,688.5,338.5
97,8720,290.667,712.5,330.5
97,8721,290.7,744.5,322.5
97,8722,290.733,776.5,316.5
97,8723,290.767,806.5,320.5
97,8724,290.8,838.5,320.5
97,8725,290.833,870.5,326.5
97,8726,290.867,898.5,330.5
97,8727,290.9,926.5,344.5
97,8728,290.933,914.5,328.5
97,8729,290.967,884.5,312.5
97,8730,291.0,840.5,290.5
97,8731,291.033,806.5,276.5
97,8732,291.067,770.5,264.5
97,8733,291.1,738.5,258.5
97,8734,291.133,710.5,254.5
97,8735,291.167,682.5,252.5
97,8736,291.2,654.5,256.5
97,8737,291.233,630.5,258.5
97,8738,291.267,612.5,262.5
97,8739,291.3,586.5,268.5
97,8740,291.333,570.5,276.5
97,8741,291.367,556.5,260.5
97,8742,291.4,538.5,240.5
97,8743,291.433,524.5,226.5
97,8744,291.467,510.5,218.5
97,8745,291.5,496.5,210.5
97,8746,291.533,484.5,204.5
97,8747,291.567,472.5,202.5
97,8748,291.6,458.5,200.5
97,8749,291.633,432.5,194.5
97,8750,291.667,480.5,200.5
97,8751,291.7,502.5,202.5
97,8752,291.733,526.5,204.5
97,8753,291.767,548.5,210.5
97,8754,291.8,568.5,218.5
97,8755,291.833,594.5,230.5
97,8756,291.867,614.5,242.5
97,8757,291.9,644.5,264.5
97,8758,291.933,656.5,270.5
97,8759,291.967,682.5,298.5
97,8760,292.0,712.5,328.5
97,8761,292.033,734.5,356.5
97,8762,292.067,750.5,354.5
97,8763,292.1,772.5,346.5
97,8764,292.133,794.5,346.5
97,8765,292.167,820.5,344.5
97,8766,292.2,848.5,346.5
97,8767,292.233,830.5,330.5
97,8768,292.267,778.5,314.5
97,8769,292.3,740.5,302.5
97,8770,292.333,688.5,286.5
97,8771,292.367,646.5,272.5
97,8772,292.4,614.5,270.5
97,8773,292.433,578.5,262.5
97,8774,292.467,544.5,260.5
97,8775,292.5,508.5,260.5
97,8776,292.533,482.5,262.5
97,8777,292.567,454.5,268.5
97,8778,292.6,428.5,278.5
97,8779,292.633,406.5,286.5
97,8780,292.667,380.5,298.5
97,8781,292.7,358.5,286.5
97,8782,292.733,340.5,274.5
97,8783,292.767,322.5,258.5
97,8784,292.8,298.5,242.5
97,8785,292.833,282.5,234.5
97,8786,292.867,262.5,226.5
97,8787,292.9,242.5,224.5
97,8788,292.933,236.5,224.5
97,8790,293.0,252.5,218.5
97,8791,293.033,286.5,214.5
97,8792,293.067,318.5,212.5
97,8793,293.1,352.5,212.5
97,8794,293.133,396.5,218.5
97,8795,293.167,436.5,228.5
97,8796,293.2,476.5,240.5
97,8797,293.233,508.5,248.5
97,8798,293.267,556.5,268.5
97,8799,293.3,596.5,290.5
97,8800,293.333,636.5,312.5
97,8801,293.367,688.5,348.5
97,8802,293.4,724.5,372.5
97,8803,293.433,766.5,404.5
97,8804,293.467,798.5,390.5
97,8805,293.5,846.5,374.5
97,8806,293.533,888.5,366.5
97,8807,293.567,924.5,360.5
97,8808,293.6,914.5,336.5
97,8809,293.633,888.5,312.5
97,8810,293.667,838.5,276.5
97,8811,293.7,794.5,252.5
97,8812,293.733,756.5,232.5
97,8813,293.767,720.5,216.5
97,8814,293.8,690.5,208.5
97,8815,293.833,654.5,196.5
97,8816,293.867,628.5,194.5
97,8817,293.9,598.5,192.5
97,8818,293.933,572.5,194.5
97,8819,293.967,544.5,196.5
97,8820,294.0,524.5,202.5
97,8821,294.033,500.5,210.5
97,8822,294.067,478.5,222.5
97,8823,294.1,462.5,234.5
97,8824,294.133,444.5,248.5
97,8825,294.167,430.5,262.5
97,8826,294.2,416.5,276.5
97,8827,294.233,404.5,288.5
97,8828,294.267,392.5,266.5
97,8829,294.3,380.5,244.5
97,8830,294.333,370.5,226.5
97,8831,294.367,360.5,210.5
97,8832,294.4,352.5,198.5
97,8833,294.433,344.5,188.5
97,8834,294.467,336.5,180.5
97,8835,294.5,328.5,176.5
97,8836,294.533,322.5,172.5
97,8839,294.633,358.5,182.5
97,8840,294.667,386.5,190.5
97,8841,294.7,414.5,198.5
97,8842,294.733,442.5,210.5
97,8843,294.767,474.5,224.5
97,8844,294.8,504.5,242.5
97,8845,294.833,534.5,258.5
97,8846,294.867,562.5,274.5
97,8847,294.9,588.5,300.5
97,8848,294.933,586.5,306.5
97,8849,294.967,580.5,308.5
97,8850,295.0,572.5,300.5
97,8852,295.067,560.5,290.5
97,8853,295.1,552.5,288.5
97,8854,295.133,548.5,292.5
97,8855,295.167,542.5,294.5
97,8856,295.2,534.5,290.5
97,8857,295.233,530.5,282.5
97,8858,295.267,524.5,280.5
97,8859,295.3,518.5,278.5
97,8860,295.333,518.5,278.5
97,8861,295.367,512.5,278.5
97,8862,295.4,508.5,280.5
97,8863,295.433,502.5,276.5
97,8864,295.467,496.5,268.5
97,8865,295.5,492.5,266.5
97,8866,295.533,486.5,266.5
97,8867,295.567,482.5,266.5
97,8868,295.6,478.5,266.5
97,8869,295.633,474.5,260.5
97,8870,295.667,468.5,256.5
97,8871,295.7,464.5,256.5
97,8872,295.733,460.5,256.5
97,8873,295.767,456.5,256.5
97,8874,295.8,452.5,250.5
97,8875,295.833,448.5,248.5
97,8876,295.867,444.5,248.5
97,8877,295.9,440.5,250.5
97,8878,295.933,436.5,246.5
97,8879,295.967,432.5,242.5
97,8880,296.0,428.5,240.5
97,8881,296.033,424.5,240.5
97,8882,296.067,420.5,242.5
97,8883,296.1,418.5,236.5
97,8884,296.133,414.5,234.5
97,8885,296.167,412.5,234.5
97,8886,296.2,408.5,232.5
97,8887,296.233,406.5,230.5
97,8888,296.267,404.5,232.5
97,8889,296.3,400.5,232.5
97,8890,296.333,392.5,232.5
97,8891,296.367,384.5,232.5
97,8892,296.4,374.5,232.5
97,8893,296.433,368.5,234.5
97,8894,296.467,358.5,234.5
97,8896,296.533,338.5,236.5
97,8897,296.567,332.5,236.5
98,8949,298.3,322.5,210.5
98,8952,298.4,320.5,184.5
98,8953,298.433,320.5,176.5
98,8954,298.467,322.5,168.5
98,8955,298.5,322.5,164.5
98,8956,298.533,324.5,162.5
98,8957,298.567,326.5,164.5
98,8958,298.6,326.5,168.5
98,8959,298.633,330.5,172.5
98,8960,298.667,332.5,178.5
98,8961,298.7,334.5,188.5
98,8962,298.733,334.5,186.5
98,8963,298.767,328.5,176.5
98,8964,298.8,324.5,168.5
98,8965,298.833,320.5,162.5
98,8966,298.867,316.5,158.5
98,8967,298.9,312.5,154.5
98,8968,298.933,308.5,154.5
98,8969,298.967,306.5,156.5
98,8970,299.0,304.5,162.5
98,8971,299.033,302.5,168.5
98,8972,299.067,298.5,178.5
98,8973,299.1,296.5,190.5
98,8974,299.133,294.5,188.5
98,8975,299.167,292.5,176.5
98,8976,299.2,288.5,164.5
98,8977,299.233,286.5,156.5
98,8978,299.267,284.5,148.5
98,8979,299.3,280.5,142.5
98,8980,299.333,280.5,142.5
98,8981,299.367,278.5,142.5
98,8982,299.4,276.5,146.5
98,8983,299.433,276.5,150.5
98,8984,299.467,276.5,158.5
98,8985,299.5,276.5,168.5
98,8986,299.533,276.5,180.5
98,8987,299.567,280.5,178.5
98,8988,299.6,282.5,164.5
98,8989,299.633,288.5,150.5
98,8990,299.667,292.5,140.5
98,8991,299.7,298.5,132.5
98,8992,299.733,302.5,128.5
98,8993,299.767,310.5,124.5
98,8994,299.8,316.5,124.5
98,8995,299.833,322.5,124.5
98,8996,299.867,328.5,130.5
98,8997,299.9,336.5,136.5
98,8998,299.933,342.5,144.5
98,8999,299.967,348.5,156.5
98,9000,300.0,356.5,164.5
98,9001,300.033,368.5,164.5
98,9002,300.067,378.5,164.5
98,9003,300.1,392.5,166.5
98,9004,300.133,404.5,170.5
98,9005,300.167,412.5,176.5
98,9006,300.2,422.5,178.5
98,9007,300.233,436.5,184.5
98,9008,300.267,442.5,190.5
98,9009,300.3,452.5,200.5
98,9010,300.333,462.5,210.5
98,9011,300.367,470.5,224.5
98,9012,300.4,482.5,230.5
98,9013,300.433,488.5,218.5
98,9014,300.467,496.5,208.5
98,9015,300.5,504.5,200.5
98,9016,300.533,512.5,194.5
98,9017,300.567,520.5,190.5
98,9018,300.6,530.5,188.5
98,9019,300.633,538.5,188.5
98,9020,300.667,546.5,190.5
98,9021,300.7,554.5,194.5
98,9022,300.733,562.5,200.5
98,9023,300.767,570.5,208.5
98,9024,300.8,578.5,220.5
98,9025,300.833,586.5,232.5
98,9026,300.867,594.5,244.5
98,9027,300.9,598.5,258.5
99,9049,301.633,496.5,156.5
99,9051,301.7,580.5,248.5
99,9052,301.733,594.5,254.5
99,9055,301.833,628.5,114.5
99,9059,301.967,678.5,280.5
100,9098,303.267,640.5,170.5
100,9099,303.3,636.5,168.5
100,9100,303.333,632.5,168.5
100,9101,303.367,628.5,164.5
100,9103,303.433,620.5,162.5
101,9116,303.867,566.5,182.5
101,9117,303.9,558.5,174.5
101,9119,303.967,544.5,164.5
101,9120,304.0,534.5,162.5
101,9121,304.033,528.5,164.5
102,9139,304.633,628.5,132.5
102,9140,304.667,628.5,122.5
102,9141,304.7,630.5,114.5
102,9142,304.733,626.5,108.5
102,9143,304.767,624.5,106.5
102,9144,304.8,620.5,112.5
102,9145,304.833,612.5,116.5
102,9146,304.867,606.5,126.5
102,9147,304.9,596.5,136.5
102,9148,304.933,584.5,148.5
102,9149,304.967,568.5,162.5
102,9150,305.0,546.5,176.5
102,9151,305.033,520.5,184.5
102,9152,305.067,496.5,194.5
102,9153,305.1,466.5,196.5
102,9154,305.133,442.5,196.5
102,9155,305.167,416.5,190.5
102,9156,305.2,394.5,182.5
102,9157,305.233,378.5,170.5
102,9158,305.267,370.5,160.5
102,9159,305.3,362.5,144.5
102,9160,305.333,358.5,132.5
103,9167,305.567,348.5,130.5
103,9168,305.6,348.5,144.5
103,9169,305.633,348.5,156.5
103,9170,305.667,352.5,172.5
103,9171,305.7,334.5,186.5
103,9172,305.733,374.5,204.5
103,9173,305.767,394.5,216.5
103,9174,305.8,414.5,222.5
103,9175,305.833,434.5,220.5
103,9176,305.867,456.5,216.5
103,9177,305.9,474.5,210.5
103,9178,305.933,486.5,198.5
103,9179,305.967,496.5,186.5
103,9180,306.0,502.5,176.5
103,9181,306.033,502.5,164.5
103,9182,306.067,506.5,156.5
103,9183,306.1,506.5,150.5
103,9184,306.133,506.5,146.5
103,9185,306.167,502.5,150.5
103,9186,306.2,502.5,160.5
103,9187,306.233,498.5,168.5
103,9188,306.267,488.5,180.5
103,9189,306.3,480.5,194.5
103,9190,306.333,466.5,204.5
103,9191,306.367,450.5,216.5
103,9192,306.4,430.5,224.5
103,9193,306.433,410.5,230.5
103,9194,306.467,392.5,234.5
103,9195,306.5,376.5,236.5
103,9196,306.533,362.5,236.5
103,9197,306.567,350.5,238.5
103,9198,306.6,336.5,240.5
103,9199,306.633,326.5,242.5
103,9200,306.667,316.5,242.5
103,9201,306.7,308.5,242.5
103,9202,306.733,300.5,244.5
103,9203,306.767,294.5,248.5
103,9204,306.8,288.5,248.5
103,9205,306.833,286.5,250.5
103,9206,306.867,280.5,254.5
104,9211,307.033,270.5,264.5
104,9215,307.167,270.5,272.5
104,9216,307.2,272.5,272.5
104,9217,307.233,268.5,266.5
104,9218,307.267,266.5,254.5
104,9219,307.3,260.5,238.5
104,9220,307.333,256.5,220.5
104,9221,307.367,254.5,208.5
104,9222,307.4,250.5,196.5
104,9223,307.433,248.5,188.5
104,9224,307.467,248.5,184.5
104,9225,307.5,246.5,178.5
104,9226,307.533,246.5,178.5
104,9227,307.567,244.5,180.5
104,9228,307.6,244.5,186.5
104,9229,307.633,246.5,192.5
104,9230,307.667,246.5,202.5
104,9231,307.7,246.5,210.5
104,9232,307.733,248.5,226.5
104,9233,307.767,250.5,238.5
104,9234,307.8,268.5,252.5
104,9235,307.833,330.5,272.5
104,9236,307.867,366.5,280.5
104,9237,307.9,408.5,276.5
104,9238,307.933,448.5,274.5
104,9239,307.967,496.5,276.5
104,9240,308.0,536.5,276.5
104,9241,308.033,564.5,278.5
104,9244,308.133,598.5,284.5
104,9245,308.167,594.5,286.5
104,9246,308.2,588.5,294.5
104,9248,308.267,588.5,278.5
104,9249,308.3,588.5,270.5
104,9250,308.333,588.5,266.5
104,9251,308.367,588.5,264.5
104,9252,308.4,584.5,264.5
104,9253,308.433,586.5,266.5
104,9254,308.467,584.5,270.5
104,9255,308.5,588.5,266.5
104,9256,308.533,588.5,258.5
104,9257,308.567,590.5,254.5
104,9258,308.6,592.5,250.5
104,9259,308.633,592.5,248.5
104,9261,308.7,596.5,256.5
104,9262,308.733,596.5,256.5
104,9263,308.767,596.5,246.5
104,9264,308.8,598.5,240.5
104,9265,308.833,600.5,238.5
104,9266,308.867,600.5,236.5
104,9267,308.9,602.5,238.5
104,9268,308.933,604.5,240.5
104,9269,308.967,604.5,246.5
104,9270,309.0,604.5,254.5
105,9302,310.067,204.5,118.5
105,9303,310.1,200.5,134.5
105,9304,310.133,202.5,156.5
105,9305,310.167,204.5,174.5
105,9306,310.2,208.5,192.5
105,9308,310.267,226.5,218.5
106,9322,310.733,958.5,350.5
106,9324,310.8,926.5,356.5
106,9325,310.833,916.5,366.5
106,9329,310.967,744.5,494.5
106,9331,311.033,622.5,474.5
106,9332,311.067,590.5,498.5
106,9333,311.1,566.5,514.5
106,9334,311.133,544.5,528.5
106,9335,311.167,522.5,532.5
107,9478,315.933,400.5,206.5
107,9479,315.967,412.5,206.5
107,9483,316.1,458.5,188.5
107,9484,316.133,474.5,184.5
107,9485,316.167,492.5,178.5
107,9486,316.2,506.5,164.5
107,9488,316.267,498.5,166.5
107,9491,316.367,524.5,150.5
108,9548,318.267,632.5,200.5
108,9552,318.4,626.5,192.5
108,9553,318.433,634.5,180.5
108,9554,318.467,640.5,170.5
108,9555,318.5,646.5,162.5
108,9556,318.533,652.5,156.5
108,9557,318.567,658.5,152.5
108,9558,318.6,662.5,148.5
108,9559,318.633,670.5,150.5
108,9560,318.667,676.5,152.5
108,9561,318.7,682.5,158.5
108,9562,318.733,688.5,164.5
108,9563,318.767,694.5,174.5
108,9564,318.8,702.5,186.5
108,9565,318.833,706.5,198.5
108,9566,318.867,714.5,218.5
108,9568,318.933,728.5,264.5
108,9569,318.967,732.5,280.5
108,9570,319.0,740.5,310.5
108,9571,319.033,742.5,300.5
108,9572,319.067,748.5,286.5
108,9573,319.1,752.5,274.5
108,9574,319.133,756.5,266.5
108,9575,319.167,760.5,258.5
108,9576,319.2,766.5,256.5
108,9577,319.233,768.5,256.5
108,9578,319.267,774.5,256.5
108,9579,319.3,778.5,262.5
108,9580,319.333,782.5,270.5
108,9581,319.367,784.5,278.5
108,9582,319.4,788.5,292.5
108,9583,319.433,790.5,306.5
108,9584,319.467,794.5,326.5
108,9585,319.5,794.5,346.5
108,9586,319.533,796.5,364.5
108,9587,319.567,804.5,368.5
108,9588,319.6,808.5,356.5
108,9589,319.633,812.5,346.5
108,9590,319.667,818.5,336.5
108,9591,319.7,822.5,330.5
108,9592,319.733,830.5,330.5
108,9593,319.767,834.5,332.5
108,9594,319.8,838.5,338.5
108,9595,319.833,842.5,346.5
108,9596,319.867,846.5,358.5
108,9597,319.9,850.5,372.5
108,9598,319.933,854.5,390.5
108,9599,319.967,854.5,410.5
108,9600,320.0,854.5,428.5
108,9602,320.067,868.5,422.5
108,9603,320.1,872.5,412.5
108,9604,320.133,880.5,404.5
108,9605,320.167,886.5,402.5
108,9606,320.2,890.5,404.5
108,9607,320.233,896.5,410.5
108,9608,320.267,900.5,420.5
108,9609,320.3,902.5,432.5
108,9610,320.333,906.5,444.5
108,9611,320.367,906.5,460.5
108,9614,320.467,914.5,460.5
108,9615,320.5,920.5,462.5
108,9616,320.533,924.5,464.5
108,9617,320.567,932.5,468.5
108,9618,320.6,940.5,472.5
108,9619,320.633,950.5,476.5
108,9620,320.667,960.5,480.5
108,9621,320.7,970.5,488.5
108,9622,320.733,982.5,494.5
108,9623,320.767,994.5,500.5
108,9624,320.8,1004.5,506.5
108,9625,320.833,1014.5,512.5
108,9626,320.867,1024.5,518.5
108,9627,320.9,1032.5,522.5
108,9628,320.933,1040.5,524.5
108,9629,320.967,1048.5,526.5
108,9630,321.0,1052.5,528.5
108,9631,321.033,1056.5,528.5
108,9634,321.133,1058.5,528.5
108,9635,321.167,1060.5,532.5
108,9636,321.2,1060.5,532.5
108,9637,321.233,1062.5,534.5
108,9638,321.267,1062.5,536.5
108,9639,321.3,1062.5,536.5
108,9640,321.333,1062.5,536.5
108,9641,321.367,1062.5,536.5
108,9642,321.4,1062.5,536.5
108,9643,321.433,1060.5,536.5
108,9644,321.467,1058.5,536.5
108,9645,321.5,1054.5,538.5
108,9646,321.533,1050.5,538.5
108,9647,321.567,1044.5,536.5
108,9648,321.6,1036.5,536.5
108,9649,321.633,1026.5,532.5
108,9653,321.767,964.5,476.5
108,9654,321.8,952.5,452.5
108,9655,321.833,934.5,422.5
108,9656,321.867,934.5,402.5
108,9660,322.0,934.5,306.5
108,9661,322.033,934.5,294.5
108,9662,322.067,936.5,286.5
108,9663,322.1,938.5,272.5
108,9664,322.133,938.5,272.5
108,9665,322.167,938.5,274.5
108,9666,322.2,936.5,280.5
108,9667,322.233,936.5,290.5
108,9668,322.267,934.5,306.5
108,9669,322.3,930.5,322.5
108,9670,322.333,928.5,346.5
108,9671,322.367,922.5,362.5
108,9673,322.433,916.5,516.5
108,9675,322.5,860.5,450.5
108,9676,322.533,806.5,438.5
108,9677,322.567,770.5,436.5
108,9679,322.633,702.5,354.5
108,9680,322.667,676.5,326.5
108,9681,322.7,646.5,304.5
108,9682,322.733,614.5,282.5
108,9683,322.767,592.5,268.5
108,9684,322.8,572.5,262.5
108,9685,322.833,554.5,256.5
108,9686,322.867,532.5,250.5
108,9687,322.9,516.5,250.5
108,9688,322.933,500.5,252.5
108,9689,322.967,484.5,260.5
108,9690,323.0,468.5,266.5
108,9691,323.033,454.5,252.5
108,9692,323.067,444.5,242.5
108,9693,323.1,434.5,226.5
108,9694,323.133,420.5,214.5
108,9695,323.167,408.5,204.5
108,9696,323.2,418.5,196.5
108,9697,323.233,442.5,194.5
108,9698,323.267,468.5,188.5
108,9699,323.3,498.5,188.5
108,9700,323.333,526.5,190.5
108,9701,323.367,556.5,194.5
108,9702,323.4,584.5,198.5
108,9703,323.433,612.5,208.5
108,9704,323.467,642.5,218.5
108,9705,323.5,674.5,234.5
108,9706,323.533,708.5,254.5
108,9707,323.567,738.5,274.5
108,9708,323.6,754.5,286.5
108,9709,323.633,788.5,318.5
108,9710,323.667,820.5,344.5
108,9711,323.7,846.5,334.5
108,9712,323.733,874.5,322.5
108,9713,323.767,894.5,316.5
108,9714,323.8,924.5,310.5
108,9715,323.833,946.5,308.5
108,9716,323.867,976.5,310.5
108,9717,323.9,1002.5,314.5
108,9718,323.933,1028.5,324.5
108,9719,323.967,1052.5,334.5
108,9720,324.0,1076.5,348.5
108,9721,324.033,1102.5,366.5
108,9722,324.067,1124.5,386.5
108,9723,324.1,1138.5,402.5
108,9724,324.133,1078.5,356.5
108,9725,324.167,1026.5,318.5
108,9726,324.2,954.5,270.5
108,9727,324.233,916.5,250.5
108,9728,324.267,866.5,224.5
108,9729,324.3,818.5,204.5
108,9730,324.333,824.5,208.5
108,9731,324.367,776.5,190.5
108,9732,324.4,734.5,178.5
108,9733,324.433,698.5,170.5
108,9734,324.467,662.5,166.5
108,9735,324.5,622.5,164.5
108,9736,324.533,592.5,166.5
108,9737,324.567,566.5,172.5
108,9738,324.6,540.5,178.5
108,9739,324.633,510.5,188.5
108,9740,324.667,490.5,198.5
108,9741,324.7,472.5,210.5
108,9742,324.733,452.5,224.5
108,9743,324.767,436.5,236.5
108,9744,324.8,420.5,238.5
108,9745,324.833,404.5,216.5
108,9746,324.867,388.5,196.5
108,9747,324.9,374.5,178.5
108,9748,324.933,360.5,166.5
108,9750,325.0,310.5,154.5
108,9751,325.033,374.5,152.5
108,9752,325.067,402.5,158.5
108,9753,325.1,430.5,164.5
108,9754,325.133,454.5,172.5
108,9755,325.167,480.5,184.5
108,9756,325.2,510.5,200.5
108,9757,325.233,540.5,220.5
108,9758,325.267,564.5,238.5
108,9759,325.3,594.5,262.5
108,9760,325.333,616.5,282.5
108,9761,325.367,650.5,318.5
108,9762,325.4,676.5,346.5
108,9763,325.433,700.5,364.5
108,9764,325.467,726.5,354.5
108,9765,325.5,752.5,348.5
108,9766,325.533,780.5,346.5
108,9767,325.567,808.5,346.5
108,9768,325.6,838.5,354.5
108,9769,325.633,864.5,362.5
108,9770,325.667,894.5,376.5
108,9771,325.7,930.5,400.5
108,9772,325.733,950.5,416.5
108,9774,325.8,874.5,350.5
108,9775,325.833,830.5,324.5
108,9776,325.867,786.5,292.5
108,9777,325.9,748.5,274.5
108,9778,325.933,712.5,258.5
108,9779,325.967,678.5,242.5
108,9780,326.0,642.5,232.5
108,9781,326.033,612.5,226.5
108,9782,326.067,590.5,226.5
108,9783,326.1,566.5,226.5
108,9784,326.133,546.5,228.5
108,9785,326.167,526.5,236.5
108,9786,326.2,506.5,244.5
108,9787,326.233,494.5,250.5
108,9788,326.267,478.5,264.5
108,9789,326.3,466.5,276.5
108,9790,326.333,454.5,280.5
108,9791,326.367,444.5,254.5
108,9792,326.4,434.5,236.5
108,9793,326.433,424.5,218.5
108,9794,326.467,414.5,202.5
108,9795,326.5,406.5,192.5
108,9796,326.533,398.5,182.5
108,9797,326.567,392.5,176.5
108,9798,326.6,386.5,170.5
108,9800,326.667,418.5,170.5
108,9801,326.7,438.5,172.5
108,9802,326.733,468.5,178.5
108,9803,326.767,492.5,184.5
108,9804,326.8,520.5,194.5
108,9805,326.833,548.5,208.5
108,9806,326.867,578.5,222.5
108,9807,326.9,608.5,240.5
108,9808,326.933,628.5,252.5
108,9809,326.967,652.5,268.5
108,9810,327.0,690.5,300.5
108,9811,327.033,714.5,324.5
108,9812,327.067,744.5,330.5
108,9813,327.1,772.5,316.5
108,9814,327.133,802.5,312.5
108,9815,327.167,824.5,306.5
108,9816,327.2,854.5,304.5
108,9817,327.233,880.5,302.5
108,9818,327.267,910.5,306.5
108,9819,327.3,938.5,312.5
108,9820,327.333,966.5,322.5
108,9821,327.367,996.5,338.5
108,9822,327.4,984.5,326.5
108,9823,327.433,942.5,302.5
108,9824,327.467,894.5,276.5
108,9825,327.5,854.5,260.5
108,9826,327.533,810.5,244.5
108,9827,327.567,774.5,236.5
108,9828,327.6,732.5,228.5
108,9829,327.633,698.5,226.5
108,9830,327.667,676.5,226.5
108,9831,327.7,636.5,230.5
108,9832,327.733,604.5,236.5
108,9833,327.767,578.5,242.5
108,9834,327.8,554.5,254.5
108,9835,327.833,524.5,264.5
108,9836,327.867,504.5,278.5
108,9837,327.9,482.5,288.5
108,9838,327.933,466.5,274.5
108,9839,327.967,444.5,250.5
108,9840,328.0,430.5,236.5
108,9841,328.033,412.5,222.5
108,9842,328.067,400.5,214.5
108,9843,328.1,386.5,208.5
108,9844,328.133,370.5,202.5
108,9845,328.167,358.5,198.5
108,9846,328.2,348.5,198.5
108,9847,328.233,362.5,194.5
108,9848,328.267,406.5,184.5
108,9849,328.3,442.5,180.5
108,9850,328.333,474.5,176.5
108,9851,328.367,506.5,176.5
108,9852,328.4,538.5,178.5
108,9853,328.433,574.5,184.5
108,9854,328.467,610.5,194.5
108,9855,328.5,642.5,202.5
108,9856,328.533,678.5,216.5
108,9857,328.567,706.5,230.5
108,9858,328.6,744.5,252.5
108,9859,328.633,784.5,278.5
108,9860,328.667,816.5,302.5
108,9861,328.7,836.5,322.5
108,9862,328.733,866.5,342.5
108,9863,328.767,896.5,322.5
108,9864,328.8,926.5,306.5
108,9865,328.833,948.5,294.5
108,9866,328.867,982.5,286.5
108,9867,328.9,1008.5,278.5
108,9868,328.933,1038.5,274.5
108,9869,328.967,1064.5,276.5
108,9870,329.0,1084.5,276.5
108,9874,329.133,1060.5,266.5
108,9875,329.167,1028.5,256.5
108,9876,329.2,950.5,238.5
108,9877,329.233,902.5,228.5
108,9878,329.267,850.5,226.5
108,9879,329.3,798.5,224.5
108,9880,329.333,750.5,226.5
108,9881,329.367,716.5,230.5
108,9882,329.4,678.5,238.5
108,9883,329.433,636.5,248.5
108,9884,329.467,608.5,260.5
108,9885,329.5,570.5,276.5
108,9886,329.533,542.5,294.5
108,9887,329.567,516.5,280.5
108,9888,329.6,488.5,252.5
108,9889,329.633,468.5,240.5
108,9890,329.667,448.5,226.5
108,9891,329.7,420.5,210.5
108,9892,329.733,400.5,202.5
108,9893,329.767,378.5,196.5
108,9894,329.8,358.5,190.5
108,9896,329.867,320.5,192.5
108,9897,329.9,304.5,196.5
108,9900,330.0,316.5,178.5
108,9901,330.033,340.5,164.5
108,9902,330.067,360.5,158.5
108,9903,330.1,382.5,152.5
108,9904,330.133,406.5,148.5
108,9905,330.167,430.5,150.5
108,9906,330.2,452.5,154.5
108,9907,330.233,482.5,164.5
108,9908,330.267,502.5,172.5
108,9909,330.3,530.5,188.5
108,9910,330.333,562.5,210.5
108,9911,330.367,588.5,230.5
108,9912,330.4,610.5,248.5
108,9913,330.433,634.5,274.5
108,9914,330.467,664.5,306.5
108,9915,330.5,690.5,338.5
108,9917,330.567,738.5,410.5
108,9918,330.6,758.5,396.5
108,9919,330.633,780.5,378.5
108,9920,330.667,804.5,362.5
108,9921,330.7,830.5,346.5
108,9922,330.733,858.5,338.5
108,9923,330.767,882.5,334.5
108,9924,330.8,906.5,328.5
108,9925,330.833,934.5,332.5
108,9926,330.867,962.5,338.5
108,9927,330.9,984.5,344.5
108,9928,330.933,1012.5,358.5
108,9929,330.967,1034.5,372.5
109,9934,331.133,804.5,110.5
109,9935,331.167,768.5,82.5
109,9936,331.2,734.5,60.5
109,9937,331.233,694.5,36.5
109,9938,331.267,656.5,20.5
109,9939,331.3,626.5,12.5
109,9940,331.333,592.5,6.5
109,9941,331.367,562.5,6.5
109,9942,331.4,536.5,6.5
109,9943,331.433,510.5,12.5
109,9944,331.467,486.5,22.5
109,9945,331.5,464.5,36.5
109,9946,331.533,446.5,50.5
109,9947,331.567,426.5,68.5
109,9948,331.6,410.5,84.5
109,9949,331.633,396.5,104.5
109,9950,331.667,382.5,128.5
109,9951,331.7,372.5,148.5
109,9952,331.733,360.5,176.5
109,9953,331.767,350.5,200.5
109,9954,331.8,344.5,222.5
109,9955,331.833,338.5,244.5
109,9956,331.867,328.5,266.5
109,9957,331.9,320.5,244.5
109,9958,331.933,310.5,218.5
109,9959,331.967,300.5,186.5
109,9960,332.0,290.5,164.5
109,9962,332.067,274.5,124.5
109,9963,332.1,266.5,110.5
109,9964,332.133,262.5,98.5
109,9965,332.167,256.5,90.5
109,9966,332.2,250.5,84.5
109,9967,332.233,246.5,80.5
109,9968,332.267,240.5,78.5
109,9969,332.3,236.5,80.5
109,9970,332.333,232.5,84.5
109,9971,332.367,230.5,92.5
109,9972,332.4,228.5,100.5
109,9973,332.433,228.5,110.5
109,9974,332.467,224.5,118.5
109,9975,332.5,238.5,136.5
109,9976,332.533,258.5,126.5
109,9977,332.567,278.5,114.5
109,9979,332.633,378.5,140.5
109,9980,332.667,420.5,150.5
109,9981,332.7,454.5,162.5
109,9982,332.733,496.5,180.5
109,9983,332.767,532.5,200.5
109,9984,332.8,578.5,228.5
109,9985,332.833,616.5,252.5
109,9987,332.9,710.5,326.5
109,9988,332.933,740.5,356.5
109,9989,332.967,794.5,376.5
109,9990,333.0,842.5,362.5
109,9991,333.033,890.5,356.5
109,9993,333.1,998.5,350.5
109,9994,333.133,1060.5,352.5
109,9995,333.167,1110.5,356.5
109,9996,333.2,1174.5,368.5
109,9997,333.233,1190.5,346.5
109,9998,333.267,1138.5,294.5
109,10001,333.367,1242.5,358.5
110,10006,333.533,748.5,54.5
110,10007,333.567,712.5,48.5
110,10008,333.6,674.5,40.5
110,10009,333.633,638.5,42.5
110,10010,333.667,604.5,44.5
110,10011,333.7,572.5,50.5
110,10012,333.733,544.5,56.5
110,10013,333.767,514.5,68.5
110,10014,333.8,488.5,82.5
110,10015,333.833,462.5,98.5
110,10016,333.867,440.5,114.5
110,10017,333.9,420.5,130.5
110,10018,333.933,398.5,150.5
110,10019,333.967,380.5,170.5
110,10020,334.0,362.5,194.5
110,10021,334.033,344.5,218.5
110,10022,334.067,330.5,242.5
110,10023,334.1,314.5,268.5
110,10024,334.133,306.5,282.5
110,10025,334.167,288.5,278.5
110,10027,334.233,262.5,226.5
110,10028,334.267,250.5,208.5
110,10029,334.3,238.5,188.5
110,10030,334.333,226.5,170.5
110,10031,334.367,214.5,156.5
110,10032,334.4,206.5,146.5
110,10033,334.433,194.5,138.5
110,10034,334.467,184.5,134.5
110,10035,334.5,176.5,130.5
110,10036,334.533,168.5,130.5
110,10037,334.567,160.5,132.5
110,10038,334.6,154.5,140.5
110,10039,334.633,150.5,146.5
110,10040,334.667,144.5,156.5
110,10041,334.7,138.5,172.5
110,10042,334.733,160.5,176.5
110,10043,334.767,232.5,180.5
110,10044,334.8,272.5,182.5
110,10045,334.833,226.5,134.5
110,10047,334.9,252.5,112.5
111,10052,335.067,790.5,360.5
111,10053,335.1,858.5,376.5
111,10054,335.133,934.5,358.5
111,10055,335.167,994.5,352.5
111,10056,335.2,1054.5,344.5
111,10057,335.233,1096.5,342.5
111,10058,335.267,1166.5,340.5
111,10059,335.3,1124.5,294.5
111,10060,335.333,1082.5,258.5
112,10065,335.5,870.5,124.5
112,10066,335.533,826.5,110.5
112,10067,335.567,794.5,100.5
112,10068,335.6,758.5,92.5
112,10069,335.633,724.5,88.5
112,10070,335.667,692.5,86.5
112,10071,335.7,666.5,88.5
112,10072,335.733,632.5,92.5
112,10073,335.767,606.5,100.5
112,10074,335.8,582.5,106.5
112,10075,335.833,558.5,118.5
112,10076,335.867,530.5,132.5
112,10077,335.9,510.5,146.5
112,10078,335.933,490.5,162.5
112,10079,335.967,472.5,178.5
112,10080,336.0,450.5,196.5
112,10081,336.033,430.5,218.5
112,10082,336.067,414.5,238.5
112,10083,336.1,398.5,258.5
112,10084,336.133,386.5,270.5
112,10085,336.167,374.5,250.5
112,10086,336.2,360.5,226.5
112,10087,336.233,346.5,206.5
112,10088,336.267,334.5,186.5
112,10089,336.3,324.5,174.5
112,10090,336.333,312.5,162.5
112,10091,336.367,302.5,152.5
112,10092,336.4,294.5,144.5
112,10093,336.433,284.5,140.5
112,10094,336.467,274.5,138.5
112,10095,336.5,268.5,140.5
112,10096,336.533,300.5,138.5
112,10097,336.567,328.5,136.5
112,10098,336.6,358.5,136.5
112,10099,336.633,392.5,140.5
112,10100,336.667,426.5,148.5
112,10101,336.7,458.5,156.5
112,10102,336.733,494.5,168.5
112,10103,336.767,528.5,184.5
112,10104,336.8,562.5,200.5
112,10105,336.833,596.5,222.5
112,10106,336.867,632.5,244.5
112,10107,336.9,656.5,260.5
112,10108,336.933,698.5,294.5
112,10109,336.967,736.5,324.5
112,10110,337.0,774.5,358.5
112,10111,337.033,798.5,342.5
112,10112,337.067,822.5,328.5
112,10113,337.1,856.5,312.5
112,10114,337.133,886.5,302.5
112,10115,337.167,914.5,294.5
112,10116,337.2,946.5,290.5
112,10117,337.233,978.5,288.5
112,10118,337.267,1006.5,286.5
112,10119,337.3,1038.5,292.5
112,10120,337.333,1012.5,274.5
112,10121,337.367,950.5,244.5
112,10122,337.4,902.5,226.5
112,10123,337.433,850.5,206.5
112,10124,337.467,808.5,194.5
112,10125,337.5,762.5,180.5
112,10126,337.533,718.5,172.5
112,10127,337.567,684.5,168.5
112,10128,337.6,644.5,168.5
112,10129,337.633,614.5,170.5
112,10130,337.667,584.5,174.5
112,10131,337.7,556.5,180.5
112,10132,337.733,528.5,188.5
112,10133,337.767,504.5,196.5
112,10134,337.8,482.5,208.5
112,10135,337.833,460.5,220.5
112,10136,337.867,438.5,236.5
112,10137,337.9,422.5,248.5
112,10138,337.933,404.5,232.5
112,10139,337.967,390.5,212.5
112,10140,338.0,376.5,196.5
112,10141,338.033,362.5,180.5
112,10142,338.067,350.5,170.5
112,10143,338.1,340.5,160.5
112,10145,338.167,368.5,152.5
112,10146,338.2,404.5,156.5
112,10147,338.233,434.5,160.5
112,10148,338.267,468.5,168.5
112,10149,338.3,500.5,178.5
112,10150,338.333,534.5,190.5
112,10151,338.367,576.5,210.5
112,10152,338.4,610.5,226.5
112,10153,338.433,640.5,244.5
112,10154,338.467,678.5,270.5
112,10155,338.5,706.5,292.5
112,10156,338.533,740.5,318.5
112,10157,338.567,778.5,356.5
112,10158,338.6,808.5,354.5
112,10159,338.633,842.5,344.5
112,10160,338.667,876.5,340.5
112,10161,338.7,914.5,338.5
112,10162,338.733,912.5,322.5
112,10163,338.767,858.5,296.5
112,10164,338.8,814.5,276.5
112,10165,338.833,818.5,278.5
112,10166,338.867,772.5,260.5
112,10167,338.9,728.5,246.5
112,10168,338.933,694.5,240.5
112,10169,338.967,654.5,230.5
112,10170,339.0,624.5,228.5
112,10171,339.033,596.5,228.5
112,10172,339.067,568.5,228.5
112,10173,339.1,542.5,232.5
112,10174,339.133,520.5,238.5
112,10175,339.167,496.5,244.5
112,10176,339.2,478.5,252.5
112,10177,339.233,458.5,262.5
112,10178,339.267,442.5,248.5
112,10179,339.3,426.5,230.5
112,10180,339.333,410.5,214.5
112,10181,339.367,396.5,202.5
112,10182,339.4,384.5,192.5
112,10183,339.433,372.5,184.5
112,10184,339.467,344.5,180.5
112,10185,339.5,402.5,178.5
112,10186,339.533,430.5,178.5
112,10187,339.567,454.5,178.5
112,10188,339.6,482.5,180.5
112,10189,339.633,516.5,188.5
112,10190,339.667,546.5,196.5
112,10191,339.7,580.5,210.5
112,10192,339.733,612.5,224.5
112,10193,339.767,642.5,238.5
112,10194,339.8,678.5,258.5
112,10195,339.833,704.5,276.5
112,10196,339.867,740.5,306.5
112,10197,339.9,762.5,316.5
112,10198,339.933,802.5,346.5
112,10199,339.967,830.5,338.5
112,10200,340.0,862.5,332.5
112,10201,340.033,894.5,324.5
112,10202,340.067,922.5,322.5
112,10203,340.1,886.5,306.5
112,10204,340.133,834.5,288.5
112,10205,340.167,790.5,278.5
112,10206,340.2,744.5,270.5
112,10207,340.233,702.5,264.5
112,10208,340.267,654.5,260.5
112,10209,340.3,622.5,262.5
112,10210,340.333,586.5,266.5
112,10211,340.367,556.5,268.5
112,10212,340.4,524.5,278.5
112,10213,340.433,496.5,286.5
112,10214,340.467,466.5,294.5
112,10215,340.5,444.5,282.5
112,10216,340.533,422.5,268.5
112,10217,340.567,392.5,252.5
112,10218,340.6,374.5,244.5
112,10219,340.633,352.5,236.5
112,10220,340.667,332.5,232.5
112,10221,340.7,314.5,230.5
112,10222,340.733,296.5,228.5
112,10224,340.8,342.5,220.5
112,10225,340.833,374.5,216.5
112,10226,340.867,400.5,218.5
112,10227,340.9,432.5,220.5
112,10228,340.933,460.5,224.5
112,10229,340.967,490.5,230.5
112,10230,341.0,524.5,242.5
112,10231,341.033,556.5,256.5
112,10232,341.067,586.5,266.5
112,10233,341.1,614.5,280.5
112,10234,341.133,654.5,304.5
112,10235,341.167,682.5,324.5
112,10236,341.2,712.5,346.5
112,10237,341.233,734.5,340.5
112,10238,341.267,758.5,326.5
112,10239,341.3,786.5,316.5
112,10240,341.333,816.5,310.5
112,10241,341.367,836.5,308.5
112,10242,341.4,856.5,306.5
112,10243,341.433,814.5,276.5
112,10244,341.467,780.5,258.5
112,10245,341.5,742.5,240.5
112,10246,341.533,708.5,226.5
112,10247,341.567,676.5,214.5
112,10248,341.6,642.5,206.5
112,10249,341.633,612.5,202.5
112,10250,341.667,590.5,200.5
112,10251,341.7,564.5,200.5
112,10252,341.733,540.5,204.5
112,10253,341.767,518.5,208.5
112,10254,341.8,498.5,214.5
112,10255,341.833,478.5,226.5
112,10256,341.867,462.5,234.5
112,10257,341.9,446.5,248.5
112,10258,341.933,434.5,236.5
112,10259,341.967,422.5,218.5
112,10260,342.0,406.5,202.5
112,10261,342.033,396.5,188.5
112,10262,342.067,336.5,184.5
112,10263,342.1,356.5,182.5
112,10264,342.133,430.5,174.5
112,10265,342.167,462.5,178.5
112,10266,342.2,492.5,182.5
112,10267,342.233,530.5,194.5
112,10268,342.267,566.5,204.5
112,10269,342.3,600.5,216.5
112,10270,342.333,638.5,232.5
112,10271,342.367,682.5,254.5
112,10272,342.4,718.5,276.5
112,10273,342.433,742.5,292.5
112,10274,342.467,790.5,324.5
112,10275,342.5,822.5,350.5
112,10276,342.533,870.5,390.5
112,10277,342.567,908.5,386.5
112,10278,342.6,952.5,384.5
112,10280,342.667,914.5,344.5
112,10281,342.7,872.5,322.5
112,10282,342.733,836.5,308.5
112,10283,342.767,798.5,292.5
112,10284,342.8,764.5,282.5
112,10285,342.833,736.5,276.5
112,10286,342.867,708.5,274.5
112,10287,342.9,682.5,272.5
112,10288,342.933,650.5,274.5
112,10289,342.967,626.5,276.5
112,10290,343.0,612.5,282.5
112,10291,343.033,610.5,290.5
112,10292,343.067,620.5,302.5
112,10293,343.1,628.5,298.5
112,10294,343.133,636.5,292.5
112,10295,343.167,646.5,292.5
112,10296,343.2,652.5,292.5
112,10297,343.233,660.5,296.5
112,10298,343.267,670.5,300.5
112,10299,343.3,676.5,308.5
112,10300,343.333,684.5,316.5
112,10301,343.367,694.5,308.5
112,10302,343.4,700.5,304.5
112,10303,343.433,710.5,306.5
112,10304,343.467,718.5,308.5
112,10305,343.5,724.5,312.5
112,10306,343.533,732.5,322.5
112,10307,343.567,742.5,330.5
112,10308,343.6,750.5,322.5
112,10309,343.633,758.5,320.5
112,10310,343.667,766.5,320.5
112,10311,343.7,774.5,322.5
112,10312,343.733,782.5,328.5
112,10313,343.767,790.5,338.5
112,10314,343.8,798.5,336.5
112,10315,343.833,804.5,330.5
112,10316,343.867,814.5,330.5
112,10317,343.9,822.5,332.5
112,10318,343.933,830.5,336.5
112,10319,343.967,838.5,344.5
112,10320,344.0,846.5,350.5
112,10321,344.033,852.5,344.5
112,10322,344.067,862.5,344.5
112,10323,344.1,868.5,342.5
112,10324,344.133,878.5,346.5
112,10325,344.167,884.5,352.5
112,10326,344.2,888.5,364.5
112,10328,344.267,952.5,368.5
112,10329,344.3,964.5,352.5
112,10330,344.333,984.5,346.5
113,10360,345.333,1022.5,230.5
113,10363,345.433,788.5,276.5
113,10364,345.467,758.5,246.5
113,10365,345.5,736.5,228.5
113,10366,345.533,708.5,210.5
113,10367,345.567,682.5,194.5
113,10368,345.6,658.5,188.5
113,10369,345.633,634.5,180.5
113,10370,345.667,614.5,180.5
113,10371,345.7,594.5,182.5
113,10372,345.733,576.5,188.5
113,10373,345.767,558.5,196.5
113,10374,345.8,542.5,208.5
113,10375,345.833,530.5,218.5
113,10376,345.867,514.5,234.5
113,10377,345.9,500.5,250.5
113,10378,345.933,490.5,268.5
113,10379,345.967,478.5,290.5
113,10380,346.0,470.5,308.5
113,10381,346.033,458.5,290.5
113,10382,346.067,448.5,266.5
113,10383,346.1,440.5,246.5
113,10384,346.133,426.5,226.5
113,10385,346.167,418.5,212.5
113,10386,346.2,408.5,200.5
113,10387,346.233,400.5,190.5
113,10388,346.267,390.5,182.5
113,10389,346.3,382.5,178.5
113,10390,346.333,374.5,176.5
113,10391,346.367,368.5,178.5
113,10392,346.4,362.5,184.5
113,10393,346.433,354.5,190.5
113,10394,346.467,350.5,198.5
113,10395,346.5,346.5,208.5
113,10399,346.633,334.5,190.5
113,10400,346.667,332.5,178.5
113,10401,346.7,332.5,168.5
113,10402,346.733,330.5,162.5
113,10406,346.867,328.5,164.5
113,10408,346.933,338.5,180.5
114,10414,347.133,312.5,174.5
114,10415,347.167,312.5,182.5
114,10416,347.2,312.5,192.5
114,10417,347.233,314.5,202.5
114,10418,347.267,314.5,210.5
114,10419,347.3,316.5,218.5
114,10422,347.4,314.5,242.5
114,10423,347.433,310.5,246.5
114,10424,347.467,302.5,250.5
114,10427,347.567,298.5,258.5
114,10428,347.6,296.5,258.5
114,10429,347.633,294.5,258.5
114,10430,347.667,292.5,260.5
114,10431,347.7,288.5,260.5
114,10432,347.733,288.5,264.5
114,10433,347.767,288.5,264.5
114,10434,347.8,288.5,266.5
114,10435,347.833,288.5,268.5
114,10436,347.867,288.5,272.5
114,10439,347.967,276.5,248.5
114,10440,348.0,272.5,228.5
114,10441,348.033,264.5,214.5
114,10442,348.067,260.5,202.5
114,10443,348.1,258.5,192.5
114,10444,348.133,254.5,182.5
114,10445,348.167,252.5,176.5
114,10446,348.2,248.5,172.5
114,10447,348.233,246.5,170.5
114,10448,348.267,244.5,172.5
114,10449,348.3,244.5,176.5
114,10450,348.333,242.5,182.5
114,10451,348.367,242.5,192.5
114,10452,348.4,244.5,202.5
114,10453,348.433,242.5,216.5
114,10454,348.467,244.5,228.5
114,10455,348.5,260.5,242.5
114,10456,348.533,294.5,252.5
114,10457,348.567,354.5,276.5
114,10458,348.6,386.5,294.5
114,10459,348.633,418.5,294.5
114,10460,348.667,452.5,290.5
114,10461,348.7,488.5,284.5
114,10462,348.733,522.5,292.5
114,10463,348.767,556.5,294.5
114,10464,348.8,588.5,298.5
114,10465,348.833,626.5,308.5
114,10466,348.867,656.5,318.5
114,10467,348.9,692.5,330.5
114,10468,348.933,726.5,348.5
114,10469,348.967,760.5,370.5
114,10470,349.0,790.5,362.5
114,10471,349.033,822.5,360.5
114,10472,349.067,854.5,358.5
114,10473,349.1,886.5,356.5
114,10474,349.133,914.5,362.5
114,10475,349.167,942.5,364.5
114,10476,349.2,918.5,340.5
114,10477,349.233,890.5,314.5
114,10478,349.267,850.5,282.5
114,10479,349.3,818.5,260.5
114,10480,349.333,790.5,244.5
114,10481,349.367,760.5,228.5
114,10482,349.4,730.5,216.5
114,10483,349.433,704.5,210.5
114,10484,349.467,678.5,204.5
114,10485,349.5,650.5,204.5
114,10486,349.533,630.5,204.5
114,10487,349.567,608.5,208.5
114,10488,349.6,588.5,212.5
114,10489,349.633,568.5,222.5
114,10490,349.667,548.5,230.5
114,10491,349.7,534.5,242.5
114,10492,349.733,514.5,252.5
114,10493,349.767,500.5,268.5
114,10494,349.8,486.5,280.5
114,10495,349.833,474.5,258.5
114,10496,349.867,466.5,244.5
114,10497,349.9,454.5,226.5
114,10498,349.933,446.5,210.5
114,10499,349.967,436.5,200.5
114,10500,350.0,428.5,192.5
114,10501,350.033,420.5,186.5
114,10502,350.067,412.5,184.5
114,10503,350.1,404.5,182.5
114,10504,350.133,394.5,182.5
114,10505,350.167,402.5,196.5
114,10506,350.2,406.5,210.5
114,10507,350.233,404.5,218.5
114,10508,350.267,400.5,226.5
114,10509,350.3,390.5,232.5
114,10510,350.333,384.5,232.5
114,10512,350.4,262.5,362.5
114,10514,350.467,350.5,244.5
114,10515,350.5,344.5,246.5
114,10516,350.533,336.5,246.5
114,10517,350.567,328.5,246.5
114,10518,350.6,322.5,246.5
114,10519,350.633,316.5,248.5
114,10520,350.667,310.5,248.5
114,10521,350.7,304.5,250.5
114,10522,350.733,298.5,250.5
114,10523,350.767,294.5,250.5
114,10524,350.8,288.5,250.5
114,10525,350.833,286.5,252.5
115,10530,351.0,288.5,268.5
115,10531,351.033,288.5,268.5
115,10534,351.133,276.5,248.5
115,10535,351.167,274.5,236.5
115,10536,351.2,268.5,218.5
115,10537,351.233,266.5,208.5
115,10538,351.267,262.5,200.5
115,10539,351.3,258.5,192.5
115,10540,351.333,256.5,188.5
115,10541,351.367,252.5,186.5
115,10543,351.433,250.5,192.5
115,10544,351.467,248.5,196.5
115,10545,351.5,250.5,206.5
115,10546,351.533,248.5,214.5
115,10547,351.567,248.5,228.5
115,10548,351.6,264.5,242.5
115,10549,351.633,314.5,276.5
115,10550,351.667,332.5,284.5
115,10551,351.7,354.5,278.5
115,10552,351.733,378.5,274.5
115,10553,351.767,410.5,274.5
115,10554,351.8,440.5,276.5
115,10555,351.833,470.5,280.5
115,10556,351.867,502.5,288.5
115,10557,351.9,530.5,298.5
115,10558,351.933,562.5,312.5
115,10559,351.967,598.5,328.5
115,10560,352.0,640.5,354.5
115,10561,352.033,666.5,378.5
115,10562,352.067,698.5,398.5
115,10563,352.1,728.5,394.5
115,10564,352.133,758.5,388.5
115,10565,352.167,790.5,388.5
115,10566,352.2,826.5,388.5
115,10567,352.233,854.5,394.5
115,10568,352.267,882.5,400.5
115,10569,352.3,840.5,372.5
115,10570,352.333,790.5,346.5
115,10571,352.367,756.5,324.5
115,10572,352.4,716.5,308.5
115,10573,352.433,682.5,296.5
115,10574,352.467,650.5,292.5
115,10575,352.5,614.5,284.5
115,10576,352.533,588.5,284.5
115,10577,352.567,558.5,284.5
115,10578,352.6,534.5,288.5
115,10579,352.633,510.5,294.5
115,10580,352.667,490.5,300.5
115,10581,352.7,468.5,308.5
115,10582,352.733,450.5,316.5
115,10583,352.767,434.5,300.5
115,10584,352.8,418.5,282.5
115,10585,352.833,402.5,266.5
115,10586,352.867,390.5,256.5
115,10587,352.9,374.5,244.5
115,10588,352.933,376.5,244.5
115,10589,352.967,362.5,238.5
115,10590,353.0,350.5,234.5
115,10591,353.033,324.5,216.5
115,10592,353.067,384.5,230.5
115,10593,353.1,412.5,230.5
115,10594,353.133,444.5,230.5
115,10595,353.167,476.5,234.5
115,10596,353.2,512.5,240.5
115,10597,353.233,544.5,246.5
115,10598,353.267,582.5,260.5
115,10599,353.3,622.5,276.5
115,10600,353.333,654.5,288.5
115,10601,353.367,686.5,302.5
115,10602,353.4,724.5,326.5
115,10603,353.433,756.5,354.5
115,10604,353.467,792.5,362.5
115,10605,353.5,818.5,346.5
115,10606,353.533,850.5,340.5
115,10607,353.567,886.5,334.5
115,10608,353.6,902.5,324.5
115,10609,353.633,862.5,296.5
115,10610,353.667,826.5,276.5
115,10611,353.7,792.5,258.5
115,10612,353.733,762.5,244.5
115,10613,353.767,726.5,230.5
115,10614,353.8,700.5,224.5
115,10615,353.833,674.5,218.5
115,10616,353.867,644.5,216.5
115,10617,353.9,626.5,216.5
115,10618,353.933,602.5,220.5
115,10619,353.967,582.5,224.5
115,10620,354.0,562.5,230.5
115,10621,354.033,544.5,240.5
115,10622,354.067,528.5,248.5
115,10623,354.1,512.5,260.5
115,10624,354.133,500.5,250.5
115,10625,354.167,484.5,230.5
115,10626,354.2,474.5,216.5
115,10627,354.233,464.5,204.5
115,10628,354.267,454.5,194.5
115,10629,354.3,442.5,186.5
115,10630,354.333,436.5,180.5
115,10631,354.367,460.5,186.5
115,10632,354.4,500.5,196.5
115,10633,354.433,532.5,206.5
115,10635,354.5,598.5,236.5
115,10636,354.533,642.5,264.5
115,10637,354.567,674.5,286.5
115,10638,354.6,704.5,306.5
115,10639,354.633,736.5,340.5
115,10640,354.667,772.5,384.5
115,10641,354.7,804.5,380.5
115,10642,354.733,846.5,386.5
115,10643,354.767,880.5,388.5
115,10644,354.8,916.5,396.5
115,10645,354.833,900.5,362.5
115,10646,354.867,866.5,332.5
115,10647,354.9,840.5,304.5
115,10648,354.933,802.5,274.5
115,10649,354.967,768.5,248.5
115,10650,355.0,740.5,232.5
115,10651,355.033,714.5,218.5
115,10652,355.067,690.5,210.5
115,10653,355.1,668.5,202.5
115,10654,355.133,642.5,196.5
115,10655,355.167,622.5,196.5
115,10656,355.2,602.5,198.5
115,10657,355.233,584.5,204.5
115,10658,355.267,570.5,210.5
115,10659,355.3,554.5,218.5
115,10660,355.333,542.5,230.5
115,10661,355.367,530.5,242.5
115,10662,355.4,518.5,256.5
115,10663,355.433,510.5,270.5
115,10664,355.467,500.5,268.5
115,10665,355.5,492.5,248.5
115,10666,355.533,484.5,228.5
115,10667,355.567,478.5,212.5
115,10668,355.6,470.5,198.5
115,10669,355.633,464.5,188.5
115,10670,355.667,458.5,180.5
115,10671,355.7,456.5,174.5
115,10672,355.733,450.5,170.5
115,10673,355.767,444.5,170.5
115,10674,355.8,412.5,180.5
115,10675,355.833,434.5,190.5
115,10676,355.867,506.5,210.5
115,10677,355.9,534.5,232.5
115,10678,355.933,546.5,246.5
115,10679,355.967,576.5,272.5
115,10680,356.0,610.5,312.5
115,10682,356.067,664.5,392.5
115,10683,356.1,686.5,420.5
115,10684,356.133,712.5,422.5
115,10685,356.167,742.5,428.5
115,10686,356.2,782.5,438.5
115,10688,356.267,842.5,478.5
115,10689,356.3,880.5,500.5
115,10690,356.333,918.5,532.5
115,10691,356.367,960.5,572.5
115,10692,356.4,996.5,606.5
115,10694,356.467,932.5,470.5
115,10698,356.6,758.5,194.5
115,10699,356.633,726.5,156.5
115,10700,356.667,692.5,126.5
115,10701,356.7,672.5,110.5
115,10702,356.733,642.5,90.5
115,10703,356.767,620.5,82.5
115,10704,356.8,596.5,76.5
115,10705,356.833,576.5,78.5
115,10706,356.867,558.5,82.5
115,10707,356.9,540.5,90.5
115,10708,356.933,526.5,100.5
115,10709,356.967,512.5,116.5
115,10710,357.0,500.5,132.5
115,10711,357.033,488.5,150.5
115,10712,357.067,480.5,170.5
115,10713,357.1,472.5,194.5
115,10714,357.133,464.5,216.5
115,10715,357.167,456.5,246.5
115,10716,357.2,452.5,266.5
115,10717,357.233,448.5,294.5
115,10718,357.267,444.5,320.5
115,10719,357.3,438.5,316.5
115,10720,357.333,428.5,280.5
115,10721,357.367,422.5,250.5
115,10722,357.4,412.5,224.5
115,10723,357.433,406.5,198.5
115,10724,357.467,400.5,178.5
115,10725,357.5,394.5,162.5
115,10726,357.533,390.5,146.5
115,10727,357.567,386.5,136.5
115,10728,357.6,382.5,128.5
115,10729,357.633,380.5,124.5
115,10730,357.667,374.5,122.5
115,10731,357.7,372.5,126.5
115,10732,357.733,370.5,128.5
115,10733,357.767,368.5,136.5
115,10734,357.8,370.5,142.5
115,10735,357.833,384.5,136.5
115,10736,357.867,408.5,128.5
115,10737,357.9,432.5,122.5
115,10738,357.933,454.5,118.5
115,10739,357.967,478.5,116.5
115,10740,358.0,502.5,120.5
115,10741,358.033,526.5,126.5
115,10742,358.067,550.5,132.5
115,10743,358.1,578.5,146.5
115,10744,358.133,600.5,160.5
115,10745,358.167,628.5,178.5
115,10746,358.2,642.5,188.5
115,10747,358.233,674.5,218.5
115,10748,358.267,696.5,242.5
115,10749,358.3,720.5,268.5
115,10750,358.333,734.5,286.5
115,10751,358.367,762.5,324.5
115,10752,358.4,774.5,348.5
115,10753,358.433,796.5,336.5
115,10754,358.467,822.5,306.5
115,10755,358.5,838.5,294.5
115,10756,358.533,858.5,278.5
115,10757,358.567,880.5,266.5
115,10758,358.6,898.5,258.5
115,10759,358.633,918.5,250.5
115,10760,358.667,936.5,246.5
115,10761,358.7,954.5,246.5
115,10762,358.733,978.5,252.5
115,10763,358.767,998.5,258.5
115,10764,358.8,1012.5,266.5
115,10765,358.833,1026.5,276.5
115,10766,358.867,1042.5,292.5
115,10768,358.933,1008.5,292.5
115,10769,358.967,942.5,260.5
115,10770,359.0,886.5,238.5
115,10771,359.033,824.5,216.5
115,10772,359.067,766.5,200.5
115,10773,359.1,716.5,192.5
115,10774,359.133,668.5,184.5
115,10775,359.167,618.5,180.5
115,10776,359.2,578.5,180.5
115,10777,359.233,542.5,184.5
115,10778,359.267,506.5,192.5
115,10779,359.3,472.5,200.5
115,10780,359.333,440.5,212.5
115,10781,359.367,412.5,226.5
115,10782,359.4,392.5,236.5
115,10783,359.433,364.5,256.5
115,10784,359.467,342.5,266.5
115,10785,359.5,322.5,244.5
115,10786,359.533,302.5,220.5
115,10787,359.567,280.5,202.5
115,10788,359.6,262.5,186.5
115,10789,359.633,244.5,174.5
115,10790,359.667,230.5,164.5
115,10791,359.7,198.5,194.5
115,10793,359.767,350.5,208.5
115,10794,359.8,396.5,228.5
115,10795,359.833,444.5,252.5
115,10796,359.867,488.5,274.5
115,10797,359.9,528.5,298.5
115,10798,359.933,568.5,316.5
115,10799,359.967,612.5,338.5
115,10800,360.0,640.5,356.5
115,10801,360.033,680.5,388.5
115,10802,360.067,714.5,390.5
115,10803,360.1,748.5,390.5
115,10804,360.133,782.5,392.5
115,10805,360.167,820.5,404.5
115,10806,360.2,850.5,412.5
115,10808,360.267,928.5,448.5
115,10809,360.3,962.5,468.5
115,10810,360.333,1000.5,494.5
115,10811,360.367,980.5,454.5
115,10812,360.4,940.5,402.5
115,10813,360.433,904.5,354.5
115,10814,360.467,874.5,316.5
115,10815,360.5,850.5,290.5
115,10816,360.533,822.5,264.5
115,10817,360.567,802.5,246.5
115,10818,360.6,778.5,228.5
115,10819,360.633,756.5,216.5
115,10820,360.667,738.5,210.5
115,10821,360.7,718.5,204.5
115,10822,360.733,700.5,202.5
115,10823,360.767,686.5,204.5
115,10824,360.8,672.5,208.5
115,10825,360.833,658.5,216.5
115,10826,360.867,646.5,226.5
115,10827,360.9,636.5,234.5
115,10828,360.933,624.5,248.5
115,10829,360.967,616.5,258.5
115,10830,361.0,608.5,280.5
115,10831,361.033,602.5,258.5
115,10832,361.067,600.5,240.5
115,10835,361.167,590.5,190.5
115,10836,361.2,588.5,178.5
115,10837,361.233,584.5,172.5
115,10838,361.267,582.5,166.5
115,10839,361.3,580.5,162.5
115,10840,361.333,576.5,162.5
115,10841,361.367,574.5,164.5
115,10842,361.4,574.5,170.5
115,10843,361.433,572.5,176.5
115,10844,361.467,570.5,182.5
115,10845,361.5,568.5,192.5
115,10846,361.533,568.5,202.5
115,10847,361.567,566.5,216.5
115,10848,361.6,566.5,230.5
116,10868,362.267,446.5,190.5
116,10869,362.3,448.5,188.5
116,10870,362.333,450.5,184.5
116,10871,362.367,452.5,180.5
116,10873,362.433,456.5,172.5
116,10874,362.467,458.5,168.5
116,10876,362.533,460.5,160.5
116,10877,362.567,462.5,154.5
116,10878,362.6,464.5,152.5
117,10969,365.633,1208.5,626.5
117,10970,365.667,1174.5,614.5
117,10971,365.7,1086.5,628.5
117,10973,365.767,1234.5,632.5
117,10974,365.8,1202.5,612.5
118,10998,366.6,784.5,364.5
118,11000,366.667,742.5,348.5
118,11001,366.7,732.5,344.5
118,11002,366.733,722.5,336.5
118,11003,366.767,712.5,328.5
118,11004,366.8,704.5,324.5
118,11005,366.833,696.5,320.5
118,11006,366.867,688.5,314.5
118,11007,366.9,680.5,310.5
119,11042,368.067,324.5,110.5
119,11043,368.1,320.5,120.5
119,11044,368.133,320.5,134.5
119,11045,368.167,314.5,148.5
119,11046,368.2,316.5,172.5
119,11047,368.233,334.5,188.5
120,11059,368.633,694.5,586.5
120,11062,368.733,700.5,590.5
120,11065,368.833,700.5,596.5
120,11066,368.867,700.5,596.5
120,11067,368.9,702.5,600.5
121,11075,369.167,352.5,218.5
121,11076,369.2,352.5,212.5
121,11077,369.233,350.5,206.5
121,11078,369.267,350.5,194.5
121,11079,369.3,348.5,186.5
121,11080,369.333,350.5,176.5
121,11082,369.4,354.5,160.5
121,11083,369.433,354.5,144.5
122,11094,369.8,418.5,164.5
122,11095,369.833,422.5,180.5
122,11096,369.867,424.5,194.5
122,11097,369.9,456.5,224.5
122,11098,369.933,472.5,250.5
122,11099,369.967,486.5,270.5
122,11100,370.0,492.5,252.5
122,11101,370.033,498.5,240.5
122,11102,370.067,504.5,224.5
122,11103,370.1,510.5,210.5
122,11104,370.133,516.5,200.5
122,11105,370.167,524.5,192.5
122,11106,370.2,530.5,186.5
122,11107,370.233,538.5,184.5
122,11108,370.267,546.5,184.5
122,11109,370.3,554.5,188.5
122,11110,370.333,562.5,194.5
122,11111,370.367,570.5,202.5
122,11112,370.4,578.5,212.5
122,11113,370.433,586.5,226.5
122,11114,370.467,594.5,242.5
122,11115,370.5,600.5,256.5
122,11116,370.533,610.5,280.5
122,11117,370.567,616.5,304.5
122,11118,370.6,622.5,326.5
122,11119,370.633,630.5,322.5
122,11120,370.667,634.5,306.5
122,11121,370.7,644.5,290.5
122,11122,370.733,650.5,278.5
122,11123,370.767,660.5,268.5
122,11124,370.8,668.5,264.5
122,11125,370.833,676.5,260.5
122,11126,370.867,682.5,260.5
122,11127,370.9,690.5,264.5
122,11128,370.933,698.5,270.5
122,11129,370.967,706.5,276.5
122,11130,371.0,714.5,292.5
122,11131,371.033,720.5,302.5
122,11132,371.067,730.5,322.5
122,11133,371.1,730.5,340.5
122,11134,371.133,740.5,360.5
122,11135,371.167,744.5,386.5
122,11136,371.2,754.5,378.5
122,11137,371.233,760.5,364.5
122,11138,371.267,770.5,354.5
122,11139,371.3,778.5,346.5
122,11140,371.333,788.5,338.5
122,11141,371.367,796.5,334.5
122,11142,371.4,806.5,334.5
122,11143,371.433,814.5,338.5
122,11144,371.467,820.5,346.5
122,11145,371.5,830.5,358.5
122,11146,371.533,836.5,370.5
122,11147,371.567,842.5,384.5
122,11148,371.6,846.5,396.5
122,11149,371.633,850.5,392.5
122,11150,371.667,854.5,390.5
122,11151,371.7,860.5,382.5
122,11152,371.733,870.5,374.5
122,11155,371.833,940.5,356.5
122,11158,371.933,966.5,394.5
123,11163,372.1,342.5,152.5
123,11164,372.133,342.5,172.5
123,11165,372.167,340.5,190.5
123,11166,372.2,330.5,204.5
123,11168,372.267,306.5,232.5
124,11174,372.467,1020.5,576.5
124,11177,372.567,1018.5,568.5
124,11178,372.6,1016.5,568.5
124,11181,372.7,1022.5,552.5
124,11182,372.733,1024.5,548.5
124,11184,372.8,1030.5,538.5
124,11185,372.833,1036.5,536.5
124,11186,372.867,1040.5,530.5
124,11187,372.9,1046.5,526.5
124,11188,372.933,1050.5,520.5
124,11189,372.967,1056.5,518.5
124,11190,373.0,1062.5,514.5
124,11193,373.1,1076.5,502.5
124,11194,373.133,1082.5,500.5
124,11195,373.167,1088.5,496.5
124,11196,373.2,1090.5,492.5
124,11198,373.267,1098.5,486.5
124,11199,373.3,1104.5,486.5
124,11200,373.333,1108.5,486.5
124,11201,373.367,1110.5,486.5
124,11202,373.4,1114.5,488.5
124,11203,373.433,1120.5,490.5
124,11204,373.467,1120.5,492.5
125,11211,373.7,280.5,148.5
125,11212,373.733,302.5,164.5
125,11213,373.767,306.5,176.5
125,11214,373.8,318.5,186.5
125,11216,373.867,342.5,208.5
125,11217,373.9,356.5,212.5
125,11218,373.933,368.5,222.5
125,11219,373.967,370.5,214.5
125,11220,374.0,374.5,210.5
125,11221,374.033,370.5,204.5
125,11222,374.067,374.5,212.5
125,11226,374.2,372.5,196.5
125,11227,374.233,370.5,198.5
126,11232,374.4,992.5,486.5
126,11233,374.433,992.5,490.5
126,11234,374.467,992.5,492.5
126,11235,374.5,994.5,498.5
126,11236,374.533,996.5,500.5
126,11237,374.567,998.5,504.5
126,11238,374.6,1000.5,506.5
126,11239,374.633,1002.5,512.5
126,11240,374.667,1004.5,518.5
126,11241,374.7,1006.5,520.5
126,11242,374.733,1010.5,522.5
126,11243,374.767,1012.5,524.5
126,11244,374.8,1016.5,528.5
126,11245,374.833,1020.5,532.5
126,11246,374.867,1024.5,534.5
126,11247,374.9,1028.5,538.5
126,11248,374.933,1032.5,538.5
126,11249,374.967,1036.5,540.5
126,11250,375.0,1038.5,544.5
126,11251,375.033,1044.5,546.5
126,11252,375.067,1048.5,548.5
126,11253,375.1,1050.5,550.5
126,11254,375.133,1054.5,552.5
126,11255,375.167,1056.5,552.5
126,11256,375.2,1060.5,554.5
126,11257,375.233,1062.5,556.5
126,11258,375.267,1064.5,556.5
126,11259,375.3,1066.5,558.5
126,11260,375.333,1064.5,560.5
126,11261,375.367,1066.5,560.5
126,11262,375.4,1064.5,560.5
126,11263,375.433,1062.5,560.5
126,11264,375.467,1060.5,560.5
126,11265,375.5,1054.5,560.5
126,11266,375.533,1048.5,558.5
126,11267,375.567,1040.5,554.5
126,11268,375.6,1030.5,548.5
127,11273,375.767,956.5,474.5
127,11274,375.8,944.5,450.5
127,11275,375.833,932.5,414.5
127,11276,375.867,932.5,394.5
127,11280,376.0,938.5,302.5
127,11281,376.033,938.5,290.5
127,11282,376.067,940.5,276.5
127,11283,376.1,942.5,272.5
127,11284,376.133,942.5,268.5
127,11285,376.167,942.5,272.5
127,11286,376.2,940.5,282.5
127,11287,376.233,938.5,292.5
127,11288,376.267,936.5,306.5
127,11289,376.3,934.5,324.5
127,11290,376.333,932.5,348.5
127,11292,376.4,918.5,496.5
127,11293,376.433,920.5,426.5
127,11296,376.533,798.5,424.5
127,11297,376.567,760.5,422.5
127,11298,376.6,722.5,390.5
127,11299,376.633,684.5,348.5
127,11300,376.667,664.5,328.5
127,11301,376.7,634.5,308.5
127,11302,376.733,606.5,290.5
127,11303,376.767,580.5,274.5
127,11304,376.8,558.5,266.5
127,11305,376.833,538.5,262.5
127,11306,376.867,518.5,260.5
127,11307,376.9,500.5,260.5
127,11308,376.933,482.5,266.5
127,11309,376.967,468.5,268.5
127,11310,377.0,452.5,250.5
127,11311,377.033,440.5,236.5
127,11312,377.067,426.5,224.5
127,11313,377.1,416.5,216.5
127,11314,377.133,404.5,208.5
127,11315,377.167,416.5,204.5
127,11316,377.2,444.5,202.5
127,11317,377.233,470.5,202.5
127,11318,377.267,498.5,204.5
127,11319,377.3,528.5,210.5
127,11320,377.333,550.5,214.5
127,11321,377.367,580.5,226.5
127,11322,377.4,612.5,242.5
127,11323,377.433,646.5,260.5
127,11324,377.467,658.5,266.5
127,11325,377.5,696.5,294.5
127,11326,377.533,728.5,322.5
127,11327,377.567,754.5,346.5
127,11328,377.6,778.5,344.5
127,11329,377.633,802.5,330.5
127,11330,377.667,830.5,330.5
127,11331,377.7,854.5,330.5
127,11332,377.733,884.5,330.5
127,11333,377.767,906.5,332.5
127,11334,377.8,934.5,342.5
127,11335,377.833,964.5,354.5
127,11336,377.867,986.5,366.5
127,11337,377.9,1006.5,376.5
127,11338,377.933,962.5,324.5
127,11339,377.967,922.5,278.5
127,11340,378.0,898.5,256.5
127,11341,378.033,864.5,226.5
127,11342,378.067,830.5,198.5
127,11343,378.1,794.5,172.5
127,11344,378.133,772.5,162.5
127,11345,378.167,742.5,146.5
127,11346,378.2,712.5,134.5
127,11347,378.233,688.5,130.5
127,11348,378.267,666.5,126.5
127,11349,378.3,642.5,128.5
127,11350,378.333,620.5,130.5
127,11351,378.367,600.5,136.5
127,11352,378.4,582.5,142.5
127,11353,378.433,564.5,154.5
127,11354,378.467,550.5,162.5
127,11355,378.5,534.5,178.5
127,11356,378.533,520.5,192.5
127,11357,378.567,506.5,208.5
127,11358,378.6,494.5,226.5
127,11359,378.633,486.5,242.5
127,11360,378.667,476.5,248.5
127,11361,378.7,468.5,228.5
127,11362,378.733,456.5,204.5
127,11363,378.767,448.5,186.5
127,11364,378.8,440.5,170.5
127,11365,378.833,432.5,158.5
127,11366,378.867,424.5,148.5
127,11367,378.9,418.5,138.5
127,11368,378.933,410.5,134.5
127,11369,378.967,404.5,130.5
127,11370,379.0,410.5,140.5
127,11371,379.033,444.5,164.5
127,11372,379.067,480.5,194.5
127,11373,379.1,500.5,210.5
127,11374,379.133,532.5,244.5
127,11376,379.2,394.5,178.5
127,11378,379.267,392.5,182.5
127,11380,379.333,384.5,180.5
127,11383,379.433,506.5,306.5
127,11384,379.467,498.5,310.5
127,11385,379.5,488.5,316.5
127,11386,379.533,478.5,310.5
127,11387,379.567,468.5,306.5
127,11388,379.6,456.5,304.5
127,11389,379.633,446.5,304.5
127,11390,379.667,438.5,308.5
127,11391,379.7,428.5,314.5
127,11392,379.733,418.5,310.5
127,11393,379.767,410.5,304.5
127,11394,379.8,400.5,302.5
127,11395,379.833,390.5,302.5
127,11396,379.867,380.5,304.5
127,11397,379.9,372.5,308.5
127,11398,379.933,364.5,306.5
127,11399,379.967,354.5,302.5
127,11400,380.0,344.5,300.5
127,11401,380.033,336.5,300.5
127,11402,380.067,328.5,304.5
127,11403,380.1,320.5,308.5
127,11404,380.133,312.5,302.5
127,11405,380.167,302.5,298.5
127,11406,380.2,294.5,298.5
127,11407,380.233,286.5,300.5
127,11408,380.267,278.5,304.5
127,11409,380.3,272.5,312.5
127,11410,380.333,264.5,320.5
127,11411,380.367,260.5,330.5
127,11412,380.4,254.5,344.5
127,11413,380.433,250.5,356.5
127,11414,380.467,246.5,374.5
127,11415,380.5,244.5,392.5
127,11416,380.533,242.5,410.5
127,11417,380.567,240.5,432.5
127,11418,380.6,238.5,450.5
127,11419,380.633,230.5,442.5
127,11420,380.667,222.5,432.5
127,11421,380.7,210.5,422.5
127,11422,380.733,202.5,414.5
127,11423,380.767,194.5,410.5
127,11424,380.8,186.5,408.5
127,11425,380.833,178.5,406.5
127,11426,380.867,170.5,408.5
127,11427,380.9,182.5,358.5
127,11429,380.967,198.5,278.5
127,11430,381.0,190.5,258.5
