frame,x_px,y_px,score
7,224.5,500.5,0.991
10,856.5,340.5,0.88
13,816.5,338.5,0.918
51,246.5,562.5,0.718
52,242.5,578.5,0.949
54,258.5,600.5,0.933
55,254.5,616.5,0.987
56,260.5,630.5,0.987
57,268.5,642.5,0.99
58,270.5,658.5,0.991
60,292.5,670.5,0.974
61,298.5,676.5,0.982
67,284.5,688.5,0.916
69,312.5,668.5,0.928
80,200.5,498.5,0.926
81,186.5,440.5,0.984
82,184.5,430.5,0.997
83,186.5,424.5,0.99
115,506.5,466.5,0.904
128,460.5,438.5,0.96
129,276.5,480.5,0.72
130,280.5,478.5,0.995
131,280.5,474.5,0.991
140,186.5,260.5,0.993
141,236.5,412.5,0.981
154,308.5,668.5,0.815
165,748.5,312.5,0.819
178,290.5,712.5,0.968
179,290.5,712.5,0.993
180,290.5,704.5,0.994
181,292.5,692.5,0.991
184,264.5,344.5,0.975
220,848.5,282.5,0.705
221,834.5,602.5,0.996
222,838.5,590.5,0.993
223,840.5,576.5,0.993
224,844.5,562.5,0.99
225,850.5,544.5,0.986
226,854.5,528.5,0.994
227,858.5,512.5,0.993
257,334.5,220.5,0.938
270,918.5,688.5,0.549
271,904.5,372.5,0.5
272,934.5,672.5,0.843
275,1014.5,154.5,0.919
276,1040.5,334.5,0.515
281,932.5,336.5,0.694
287,980.5,112.5,0.604
289,1036.5,656.5,0.845
292,980.5,310.5,0.959
293,982.5,316.5,0.995
294,990.5,318.5,0.991
295,996.5,326.5,0.992
296,1002.5,332.5,0.993
297,1008.5,336.5,0.993
299,986.5,372.5,0.994
303,966.5,330.5,0.878
330,370.5,140.5,0.989
339,1098.5,224.5,0.543
343,992.5,298.5,0.851
345,972.5,340.5,0.989
346,968.5,352.5,0.635
347,970.5,348.5,0.998
348,972.5,338.5,0.999
349,980.5,322.5,0.998
350,992.5,298.5,0.821
351,1008.5,280.5,0.614
358,898.5,280.5,0.952
359,852.5,300.5,0.998
360,814.5,320.5,0.998
361,778.5,338.5,0.999
362,748.5,356.5,0.999
363,722.5,368.5,0.998
364,702.5,328.5,0.998
365,684.5,296.5,0.999
366,666.5,270.5,0.998
367,648.5,244.5,0.998
368,630.5,226.5,1.0
369,612.5,208.5,1.0
370,596.5,196.5,0.999
371,578.5,186.5,0.999
372,564.5,180.5,0.999
373,548.5,176.5,0.999
374,534.5,176.5,0.999
375,522.5,178.5,0.998
376,508.5,182.5,0.997
377,498.5,190.5,0.997
378,486.5,200.5,0.999
379,476.5,212.5,0.998
380,466.5,226.5,0.998
381,458.5,242.5,0.999
382,450.5,258.5,0.998
383,442.5,274.5,0.999
384,432.5,252.5,0.996
385,422.5,232.5,0.997
386,412.5,212.5,0.999
387,402.5,198.5,0.999
388,394.5,186.5,0.999
389,386.5,176.5,0.998
390,376.5,168.5,0.999
391,370.5,164.5,0.997
392,362.5,164.5,0.998
393,354.5,164.5,0.998
394,348.5,166.5,0.998
395,342.5,172.5,0.999
396,338.5,178.5,0.996
397,330.5,178.5,0.998
398,326.5,170.5,0.996
399,324.5,162.5,0.98
403,328.5,162.5,0.991
404,334.5,166.5,0.994
405,340.5,168.5,0.997
406,346.5,170.5,0.997
407,352.5,168.5,0.997
408,356.5,166.5,0.995
409,362.5,160.5,0.995
410,368.5,152.5,0.998
411,372.5,144.5,0.999
412,376.5,134.5,0.998
413,380.5,122.5,0.997
414,1052.5,236.5,0.996
415,382.5,96.5,0.995
416,384.5,80.5,0.996
417,384.5,68.5,0.991
418,384.5,52.5,0.96
419,388.5,50.5,0.972
420,388.5,40.5,0.955
426,394.5,52.5,0.988
427,396.5,66.5,0.995
428,398.5,76.5,0.993
429,402.5,92.5,0.992
430,404.5,108.5,0.997
431,406.5,126.5,0.998
432,408.5,144.5,0.998
433,412.5,164.5,0.997
434,414.5,188.5,0.998
435,418.5,212.5,0.998
436,422.5,236.5,0.998
437,420.5,224.5,0.999
438,418.5,204.5,0.998
439,416.5,182.5,0.998
440,414.5,164.5,0.998
441,414.5,148.5,0.998
442,414.5,136.5,0.999
443,412.5,126.5,0.999
444,412.5,118.5,0.999
445,412.5,112.5,0.997
446,412.5,108.5,0.996
447,412.5,106.5,0.996
448,412.5,110.5,0.997
449,414.5,112.5,0.997
450,414.5,118.5,0.998
451,414.5,126.5,0.998
452,416.5,134.5,0.998
453,418.5,148.5,0.998
454,418.5,160.5,0.999
455,420.5,176.5,0.999
456,422.5,192.5,0.999
457,424.5,210.5,0.998
458,426.5,230.5,0.998
459,428.5,232.5,0.998
460,426.5,212.5,0.998
461,426.5,198.5,0.998
462,424.5,184.5,0.999
463,424.5,172.5,0.999
464,422.5,164.5,0.998
465,424.5,156.5,0.999
466,422.5,150.5,0.997
467,424.5,148.5,0.996
468,424.5,150.5,0.996
469,424.5,150.5,0.998
470,426.5,156.5,0.998
471,426.5,162.5,0.998
472,428.5,168.5,0.999
473,428.5,180.5,0.998
474,430.5,192.5,0.999
475,432.5,204.5,0.997
476,434.5,222.5,0.997
477,434.5,238.5,0.998
478,434.5,228.5,0.998
479,434.5,212.5,0.996
480,434.5,200.5,0.994
481,434.5,192.5,0.995
482,432.5,182.5,0.999
483,430.5,180.5,0.998
484,430.5,176.5,0.998
485,432.5,174.5,0.998
486,432.5,176.5,0.998
487,432.5,180.5,0.997
488,432.5,186.5,0.999
489,434.5,192.5,0.999
490,434.5,198.5,0.999
491,432.5,198.5,0.995
492,428.5,200.5,0.993
493,426.5,204.5,0.996
494,426.5,204.5,0.993
495,426.5,202.5,0.997
496,426.5,198.5,0.997
497,428.5,190.5,0.997
498,428.5,180.5,0.996
499,428.5,166.5,0.994
500,426.5,148.5,0.988
501,426.5,130.5,0.996
502,422.5,112.5,0.995
503,420.5,94.5,0.992
504,414.5,72.5,0.995
505,412.5,58.5,0.992
506,410.5,48.5,0.995
507,406.5,38.5,0.993
508,404.5,32.5,0.995
509,402.5,28.5,0.992
510,400.5,24.5,0.989
511,398.5,28.5,0.988
512,398.5,32.5,0.992
513,396.5,36.5,0.995
514,396.5,44.5,0.994
515,394.5,54.5,0.996
516,394.5,68.5,0.998
517,394.5,82.5,0.998
518,394.5,98.5,0.998
519,394.5,116.5,0.997
520,394.5,134.5,0.999
521,396.5,156.5,0.998
522,398.5,180.5,0.998
523,400.5,204.5,0.997
524,402.5,228.5,0.996
525,402.5,242.5,0.995
526,398.5,216.5,0.998
527,396.5,196.5,0.997
528,394.5,178.5,0.999
529,392.5,160.5,0.999
530,390.5,146.5,0.999
531,390.5,132.5,0.998
532,388.5,124.5,0.999
533,386.5,114.5,0.998
534,386.5,108.5,0.998
535,386.5,106.5,0.998
536,386.5,104.5,0.999
537,386.5,108.5,0.997
538,388.5,112.5,0.998
539,388.5,118.5,0.998
540,390.5,128.5,0.999
541,390.5,136.5,0.999
542,390.5,150.5,0.998
543,394.5,164.5,0.998
544,394.5,180.5,0.998
545,394.5,184.5,0.998
546,394.5,188.5,0.997
547,390.5,192.5,0.997
548,386.5,196.5,0.996
549,382.5,204.5,0.995
550,376.5,208.5,0.995
551,368.5,216.5,0.992
552,358.5,222.5,0.989
553,352.5,230.5,0.96
554,344.5,236.5,0.995
556,328.5,242.5,0.93
557,322.5,246.5,0.926
558,316.5,248.5,0.982
559,310.5,250.5,0.991
560,304.5,252.5,0.723
566,284.5,256.5,0.992
567,282.5,256.5,0.994
568,278.5,256.5,0.996
569,270.5,256.5,0.998
570,264.5,254.5,0.999
571,258.5,248.5,0.999
572,252.5,240.5,0.998
573,244.5,232.5,0.994
574,238.5,220.5,0.997
575,230.5,206.5,0.997
576,226.5,192.5,0.998
577,218.5,174.5,0.993
578,214.5,158.5,0.998
579,212.5,144.5,0.999
580,208.5,130.5,0.998
581,206.5,120.5,0.999
582,206.5,116.5,0.999
583,204.5,110.5,0.998
584,204.5,110.5,0.999
585,202.5,110.5,0.999
586,204.5,116.5,0.999
587,206.5,120.5,0.999
588,206.5,130.5,0.999
589,208.5,140.5,0.996
590,210.5,154.5,0.998
591,212.5,170.5,0.997
592,216.5,186.5,0.998
593,220.5,206.5,0.999
594,224.5,224.5,0.999
595,234.5,246.5,0.994
596,270.5,264.5,0.778
598,336.5,292.5,0.997
599,364.5,282.5,0.996
600,390.5,276.5,0.997
601,418.5,274.5,0.998
602,446.5,274.5,0.998
603,474.5,276.5,0.999
604,500.5,282.5,0.999
605,528.5,290.5,0.999
606,556.5,302.5,0.999
607,582.5,314.5,0.999
608,610.5,332.5,0.998
609,636.5,350.5,0.999
610,662.5,364.5,0.999
611,684.5,356.5,0.997
612,706.5,354.5,0.999
613,728.5,354.5,0.999
614,750.5,356.5,0.998
615,770.5,360.5,0.999
616,794.5,370.5,0.999
617,784.5,358.5,0.998
618,740.5,330.5,0.998
619,700.5,304.5,0.999
620,662.5,284.5,0.998
621,628.5,270.5,0.999
622,596.5,256.5,0.999
623,568.5,248.5,0.998
624,542.5,244.5,0.998
625,518.5,240.5,0.998
626,498.5,240.5,0.996
627,476.5,242.5,0.997
628,458.5,246.5,0.998
629,442.5,252.5,0.998
630,428.5,252.5,0.998
631,412.5,234.5,0.998
632,398.5,218.5,0.998
633,382.5,206.5,0.998
634,1024.5,470.5,0.992
635,388.5,184.5,0.955
636,406.5,168.5,0.997
637,428.5,158.5,0.999
638,448.5,148.5,0.998
639,470.5,142.5,0.998
640,492.5,138.5,0.999
641,514.5,134.5,0.997
642,534.5,134.5,0.998
643,558.5,136.5,0.999
644,582.5,140.5,0.999
645,606.5,148.5,0.999
646,628.5,158.5,0.999
647,652.5,168.5,0.998
648,676.5,184.5,1.0
649,700.5,200.5,0.999
650,724.5,220.5,0.999
651,746.5,242.5,0.999
652,768.5,262.5,0.998
653,792.5,288.5,0.999
654,812.5,314.5,0.998
655,834.5,326.5,0.998
656,854.5,308.5,0.998
657,874.5,294.5,0.997
658,894.5,280.5,0.999
659,912.5,272.5,0.999
660,932.5,264.5,0.999
661,950.5,260.5,0.994
662,1168.5,402.5,0.968
663,1154.5,384.5,0.599
669,850.5,246.5,0.994
670,786.5,242.5,0.997
671,728.5,242.5,0.997
672,676.5,242.5,0.997
673,626.5,248.5,0.996
674,582.5,258.5,0.997
675,544.5,266.5,0.997
676,504.5,282.5,0.998
677,470.5,284.5,0.999
678,436.5,260.5,0.998
679,402.5,240.5,0.999
680,370.5,226.5,0.999
681,340.5,212.5,0.999
682,310.5,204.5,0.999
683,282.5,198.5,0.998
684,258.5,196.5,0.999
685,236.5,196.5,0.997
686,212.5,198.5,0.999
687,192.5,202.5,0.998
688,172.5,210.5,0.995
689,160.5,214.5,0.998
690,182.5,198.5,0.993
691,208.5,184.5,0.998
692,234.5,174.5,0.998
693,262.5,166.5,0.996
694,290.5,160.5,0.999
695,320.5,156.5,0.998
696,350.5,154.5,0.999
697,380.5,156.5,0.999
698,410.5,160.5,0.999
699,444.5,166.5,0.999
700,476.5,176.5,1.0
701,508.5,188.5,0.997
702,540.5,204.5,0.997
703,572.5,220.5,0.998
704,604.5,240.5,0.999
705,636.5,260.5,0.998
706,668.5,286.5,0.999
707,700.5,312.5,0.999
708,730.5,340.5,0.999
709,760.5,350.5,1.0
710,786.5,332.5,0.996
711,810.5,316.5,0.999
712,836.5,304.5,0.999
713,862.5,292.5,0.998
714,888.5,288.5,0.999
715,912.5,284.5,0.997
716,940.5,284.5,0.998
717,1172.5,466.5,0.987
723,908.5,268.5,0.993
724,844.5,244.5,0.995
725,782.5,228.5,0.995
726,722.5,214.5,0.995
727,674.5,208.5,0.999
728,624.5,204.5,0.997
729,582.5,206.5,0.997
730,544.5,210.5,0.999
731,508.5,216.5,0.999
732,478.5,226.5,0.999
733,450.5,236.5,0.998
734,424.5,250.5,0.998
735,398.5,236.5,0.998
736,374.5,214.5,0.997
737,352.5,196.5,0.998
738,330.5,180.5,0.997
739,310.5,170.5,0.998
740,292.5,160.5,0.998
741,276.5,154.5,0.96
742,290.5,142.5,0.991
743,306.5,126.5,0.999
744,328.5,114.5,0.999
745,346.5,102.5,0.998
746,368.5,92.5,0.997
747,386.5,84.5,0.997
748,410.5,80.5,0.999
749,432.5,76.5,0.997
750,454.5,76.5,0.999
751,478.5,76.5,0.998
752,502.5,82.5,0.999
753,526.5,86.5,0.999
754,550.5,96.5,0.999
755,576.5,106.5,0.998
756,602.5,120.5,0.999
757,626.5,138.5,0.999
758,654.5,156.5,0.997
759,678.5,178.5,1.0
760,704.5,200.5,0.999
761,730.5,226.5,0.999
762,756.5,256.5,0.999
763,780.5,286.5,0.998
764,804.5,318.5,0.998
765,830.5,352.5,0.999
766,852.5,376.5,0.999
767,874.5,352.5,1.0
768,896.5,332.5,0.998
769,918.5,316.5,0.999
770,938.5,302.5,0.998
771,960.5,290.5,0.998
772,980.5,284.5,0.996
773,830.5,356.5,0.99
774,832.5,356.5,0.987
775,832.5,356.5,0.989
776,1230.5,494.5,0.992
777,830.5,356.5,0.991
778,1104.5,302.5,0.996
779,1122.5,318.5,0.994
780,778.5,342.5,0.982
782,910.5,250.5,0.995
783,836.5,234.5,0.995
784,774.5,224.5,0.997
785,716.5,218.5,0.996
786,668.5,216.5,0.993
787,618.5,218.5,0.996
788,578.5,226.5,0.999
789,542.5,232.5,0.999
790,508.5,244.5,0.996
791,478.5,256.5,0.998
792,452.5,270.5,0.999
793,424.5,244.5,0.999
794,396.5,218.5,0.998
795,370.5,198.5,0.998
796,344.5,182.5,0.996
797,322.5,168.5,0.997
798,300.5,160.5,0.998
799,280.5,152.5,0.997
800,262.5,148.5,0.995
801,246.5,148.5,0.992
802,230.5,148.5,0.997
803,218.5,150.5,0.988
804,252.5,148.5,0.99
806,346.5,156.5,0.98
807,390.5,162.5,0.995
808,436.5,174.5,0.996
809,484.5,190.5,0.998
810,532.5,210.5,0.998
811,580.5,234.5,0.997
812,628.5,260.5,0.996
813,678.5,292.5,0.997
814,728.5,328.5,0.997
815,772.5,338.5,0.998
816,818.5,328.5,0.999
817,868.5,320.5,0.998
818,914.5,314.5,0.993
819,966.5,314.5,0.997
820,1018.5,316.5,0.989
821,1070.5,324.5,0.997
824,1054.5,268.5,0.984
825,938.5,200.5,0.996
826,830.5,142.5,0.996
827,744.5,106.5,0.996
828,674.5,80.5,0.997
829,602.5,56.5,0.975
830,542.5,44.5,0.987
831,488.5,36.5,0.992
832,442.5,34.5,0.996
833,402.5,36.5,0.995
834,366.5,42.5,0.996
835,334.5,50.5,0.997
836,306.5,60.5,0.994
837,282.5,72.5,0.996
838,258.5,88.5,0.998
839,242.5,104.5,0.998
840,226.5,120.5,0.998
841,210.5,138.5,0.997
842,198.5,156.5,0.993
843,208.5,176.5,0.996
844,224.5,196.5,0.994
845,238.5,214.5,0.997
846,256.5,238.5,0.996
847,272.5,260.5,0.995
850,322.5,340.5,0.997
851,338.5,370.5,0.995
852,342.5,366.5,0.995
853,346.5,358.5,0.996
854,348.5,352.5,0.996
855,354.5,348.5,0.997
856,356.5,346.5,0.998
857,362.5,344.5,0.998
858,366.5,348.5,0.994
859,370.5,348.5,0.99
860,376.5,356.5,0.993
861,382.5,364.5,0.996
862,386.5,372.5,0.991
863,392.5,384.5,0.994
864,396.5,398.5,0.996
865,402.5,414.5,0.995
866,408.5,430.5,0.994
869,420.5,432.5,0.7
871,424.5,436.5,0.992
872,428.5,440.5,0.994
873,432.5,450.5,0.995
874,434.5,458.5,0.995
875,438.5,462.5,0.988
876,442.5,462.5,0.99
877,444.5,464.5,0.992
878,448.5,468.5,0.995
879,450.5,476.5,0.994
880,454.5,480.5,0.993
881,456.5,482.5,0.996
882,458.5,484.5,0.997
883,462.5,490.5,0.994
884,466.5,492.5,0.992
885,468.5,496.5,0.995
886,472.5,500.5,0.994
887,474.5,502.5,0.996
888,476.5,506.5,0.996
889,476.5,512.5,0.599
890,478.5,512.5,0.994
891,478.5,512.5,0.893
892,480.5,508.5,0.795
893,478.5,504.5,0.991
894,478.5,502.5,0.99
902,488.5,496.5,0.55
903,490.5,496.5,0.88
904,490.5,496.5,0.765
905,490.5,494.5,0.919
906,1060.5,618.5,0.952
907,490.5,492.5,0.986
908,490.5,492.5,0.971
909,490.5,492.5,0.981
910,492.5,492.5,0.897
911,492.5,490.5,0.97
912,490.5,488.5,0.989
913,490.5,488.5,0.988
914,492.5,490.5,0.72
924,476.5,486.5,0.987
926,476.5,488.5,0.785
937,232.5,360.5,0.919
964,660.5,174.5,0.518
965,852.5,714.5,0.982
966,832.5,712.5,0.957
972,674.5,688.5,0.918
975,574.5,670.5,0.917
976,560.5,652.5,0.974
977,486.5,452.5,0.987
987,606.5,586.5,0.749
990,550.5,582.5,0.986
991,528.5,578.5,0.939
1008,486.5,576.5,0.983
1012,356.5,496.5,0.973
1016,458.5,504.5,0.949
1017,450.5,502.5,0.988
1038,440.5,394.5,0.989
1039,438.5,380.5,0.995
1040,432.5,360.5,0.997
1043,428.5,300.5,0.993
1044,428.5,288.5,0.999
1045,428.5,278.5,0.997
1046,428.5,274.5,0.997
1047,428.5,272.5,0.994
1048,430.5,272.5,0.997
1049,430.5,274.5,0.997
1050,430.5,276.5,0.998
1051,430.5,286.5,0.998
1052,432.5,294.5,0.998
1053,434.5,304.5,0.998
1054,434.5,290.5,0.998
1055,434.5,276.5,0.997
1056,432.5,262.5,0.998
1057,434.5,254.5,0.998
1058,434.5,246.5,0.999
1059,434.5,242.5,0.998
1060,436.5,240.5,0.999
1061,436.5,240.5,0.999
1062,438.5,244.5,0.998
1063,438.5,250.5,0.998
1064,440.5,258.5,0.997
1065,442.5,266.5,0.998
1066,442.5,276.5,0.997
1067,442.5,260.5,0.998
1068,442.5,248.5,0.997
1069,442.5,240.5,0.998
1070,444.5,232.5,0.997
1071,444.5,228.5,0.995
1072,444.5,226.5,0.996
1073,446.5,226.5,0.994
1074,446.5,228.5,0.997
1075,446.5,232.5,0.996
1076,448.5,240.5,0.998
1077,450.5,246.5,0.997
1078,450.5,254.5,0.996
1079,450.5,242.5,0.996
1080,450.5,230.5,0.997
1081,450.5,226.5,0.993
1082,450.5,220.5,0.992
1083,450.5,218.5,0.991
1084,452.5,218.5,0.99
1085,452.5,220.5,0.996
1086,452.5,222.5,0.994
1087,454.5,226.5,0.995
1088,458.5,222.5,0.995
1089,454.5,222.5,0.991
1090,452.5,220.5,0.992
1091,450.5,216.5,0.989
1092,446.5,214.5,0.92
1093,442.5,212.5,0.989
1094,436.5,212.5,0.989
1095,432.5,210.5,0.991
1096,426.5,208.5,0.994
1097,422.5,208.5,0.995
1098,418.5,208.5,0.992
1099,412.5,210.5,0.995
1100,408.5,210.5,0.992
1101,404.5,212.5,0.991
1102,400.5,212.5,0.988
1103,396.5,212.5,0.993
1104,392.5,214.5,0.847
1105,388.5,214.5,0.989
1106,386.5,216.5,0.933
1107,382.5,216.5,0.943
1108,378.5,216.5,0.993
1109,376.5,216.5,0.992
1110,374.5,218.5,0.991
1111,374.5,216.5,0.993
1112,370.5,216.5,0.988
1113,378.5,212.5,0.991
1116,388.5,200.5,0.676
1117,392.5,188.5,0.916
1118,394.5,176.5,0.989
1119,396.5,160.5,0.989
1120,402.5,110.5,0.98
1121,402.5,136.5,0.918
1122,404.5,122.5,0.794
1124,398.5,92.5,0.994
1125,398.5,84.5,0.996
1126,398.5,78.5,0.992
1127,398.5,72.5,0.993
1128,398.5,70.5,0.989
1129,400.5,72.5,0.992
1130,400.5,76.5,0.992
1131,402.5,80.5,0.996
1132,402.5,86.5,0.996
1133,404.5,96.5,0.993
1134,406.5,108.5,0.993
1135,408.5,120.5,0.99
1136,410.5,148.5,0.984
1139,428.5,184.5,0.999
1140,450.5,204.5,0.997
1141,470.5,226.5,0.998
1142,492.5,250.5,0.996
1143,510.5,246.5,0.996
1144,530.5,244.5,0.997
1145,548.5,242.5,0.998
1146,570.5,244.5,0.998
1147,592.5,248.5,0.999
1148,614.5,256.5,0.999
1149,638.5,266.5,0.999
1150,662.5,280.5,0.998
1151,686.5,294.5,0.999
1152,712.5,316.5,0.999
1153,738.5,338.5,0.999
1154,764.5,362.5,0.999
1155,788.5,368.5,0.999
1156,812.5,362.5,0.999
1157,836.5,362.5,0.999
1158,862.5,364.5,0.997
1159,858.5,354.5,0.996
1160,802.5,324.5,0.998
1161,748.5,298.5,0.998
1162,696.5,276.5,0.995
1163,650.5,260.5,0.996
1164,608.5,248.5,0.999
1165,568.5,240.5,0.999
1166,534.5,234.5,0.999
1167,500.5,232.5,0.998
1168,470.5,232.5,0.998
1169,444.5,236.5,0.998
1170,420.5,242.5,0.998
1171,398.5,246.5,0.998
1172,378.5,258.5,0.995
1173,358.5,266.5,0.998
1174,340.5,244.5,0.996
1175,322.5,226.5,0.998
1176,306.5,212.5,0.999
1177,292.5,200.5,0.994
1178,302.5,188.5,0.993
1179,322.5,176.5,0.998
1180,346.5,164.5,0.998
1181,370.5,156.5,0.997
1182,392.5,150.5,0.995
1183,418.5,148.5,0.998
1184,442.5,148.5,0.998
1185,466.5,150.5,0.998
1186,494.5,154.5,0.999
1187,520.5,164.5,0.999
1188,546.5,172.5,0.998
1189,574.5,184.5,0.999
1190,600.5,200.5,0.999
1191,626.5,218.5,0.999
1192,654.5,236.5,0.995
1193,680.5,260.5,0.999
1194,706.5,284.5,0.996
1195,732.5,310.5,0.999
1196,756.5,340.5,0.999
1197,778.5,334.5,0.998
1198,800.5,316.5,0.998
1199,822.5,302.5,0.999
1200,842.5,290.5,0.999
1201,864.5,280.5,0.999
1202,886.5,274.5,0.999
1203,906.5,272.5,0.998
1204,926.5,272.5,0.999
1205,948.5,274.5,0.999
1206,968.5,280.5,0.999
1212,880.5,268.5,0.997
1213,832.5,256.5,0.999
1214,784.5,248.5,0.998
1215,742.5,244.5,0.997
1216,702.5,244.5,0.999
1217,668.5,248.5,0.997
1218,632.5,254.5,0.998
1219,602.5,262.5,0.997
1220,572.5,272.5,0.999
1221,546.5,284.5,0.999
1222,520.5,272.5,0.999
1223,494.5,250.5,0.996
1224,466.5,234.5,0.999
1225,444.5,220.5,0.998
1226,420.5,210.5,0.998
1227,400.5,204.5,0.997
1228,380.5,198.5,0.998
1229,362.5,198.5,0.997
1230,344.5,200.5,0.998
1231,326.5,202.5,0.999
1232,314.5,208.5,0.998
1233,298.5,214.5,0.995
1234,310.5,202.5,0.999
1235,326.5,186.5,1.0
1236,342.5,172.5,0.999
1237,360.5,160.5,0.998
1238,378.5,150.5,0.999
1239,398.5,144.5,0.999
1240,418.5,138.5,0.998
1241,438.5,136.5,0.999
1242,458.5,136.5,0.999
1243,480.5,140.5,0.997
1244,502.5,146.5,0.999
1245,526.5,154.5,0.999
1246,548.5,166.5,0.998
1247,572.5,180.5,0.998
1248,596.5,196.5,0.999
1249,620.5,216.5,0.999
1250,642.5,238.5,0.999
1251,668.5,260.5,0.996
1252,690.5,288.5,0.999
1253,714.5,318.5,0.999
1254,738.5,350.5,0.999
1255,758.5,366.5,0.999
1256,774.5,348.5,0.998
1257,792.5,332.5,0.997
1258,810.5,320.5,0.998
1259,826.5,308.5,0.998
1260,844.5,302.5,0.996
1261,862.5,296.5,0.998
1262,878.5,296.5,0.998
1263,928.5,296.5,0.981
1264,826.5,274.5,0.999
1265,766.5,254.5,0.996
1266,710.5,240.5,0.998
1267,660.5,228.5,0.994
1268,614.5,220.5,0.998
1269,574.5,218.5,0.999
1270,536.5,218.5,0.999
1271,504.5,220.5,0.999
1272,474.5,224.5,0.999
1273,448.5,230.5,0.998
1274,426.5,240.5,0.999
1275,404.5,250.5,0.999
1276,386.5,260.5,0.997
1277,368.5,254.5,0.998
1278,350.5,230.5,0.998
1279,336.5,212.5,0.998
1280,322.5,196.5,0.997
1281,306.5,180.5,0.998
1282,294.5,172.5,0.997
1283,304.5,162.5,0.989
1284,324.5,156.5,0.998
1285,342.5,148.5,0.997
1286,362.5,146.5,0.999
1287,382.5,146.5,0.999
1288,404.5,146.5,0.999
1289,426.5,150.5,0.998
1290,448.5,156.5,0.998
1291,470.5,164.5,0.998
1292,492.5,176.5,0.999
1293,516.5,192.5,0.999
1294,540.5,208.5,0.999
1295,562.5,226.5,1.0
1296,588.5,246.5,0.999
1297,612.5,272.5,0.999
1298,636.5,296.5,0.999
1299,658.5,324.5,0.999
1300,682.5,346.5,0.999
1301,700.5,328.5,0.999
1302,720.5,316.5,0.996
1303,738.5,306.5,0.999
1304,758.5,300.5,0.998
1305,780.5,294.5,0.998
1306,798.5,294.5,0.997
1307,820.5,296.5,0.998
1308,840.5,300.5,0.991
1309,796.5,284.5,0.996
1310,748.5,270.5,0.997
1311,702.5,258.5,1.0
1312,660.5,250.5,0.997
1313,620.5,244.5,0.999
1314,582.5,242.5,0.999
1315,548.5,242.5,0.999
1316,516.5,244.5,0.997
1317,486.5,252.5,0.998
1318,456.5,258.5,0.999
1319,430.5,268.5,0.998
1320,404.5,278.5,0.997
1321,382.5,290.5,0.998
1322,360.5,274.5,0.999
1323,340.5,256.5,0.999
1324,320.5,240.5,0.999
1325,300.5,228.5,0.999
1326,282.5,218.5,0.999
1327,264.5,210.5,0.998
1328,248.5,206.5,0.999
1329,234.5,204.5,0.999
1330,218.5,204.5,0.994
1331,206.5,208.5,0.998
1332,222.5,194.5,0.997
1333,244.5,178.5,0.997
1334,270.5,168.5,0.999
1335,294.5,160.5,0.998
1336,320.5,152.5,0.997
1337,346.5,150.5,0.998
1338,372.5,150.5,0.997
1339,402.5,152.5,0.999
1340,430.5,158.5,0.999
1341,458.5,166.5,0.999
1342,486.5,178.5,0.999
1343,516.5,192.5,1.0
1344,546.5,210.5,0.999
1345,576.5,230.5,0.999
1346,606.5,254.5,0.999
1347,634.5,280.5,0.999
1348,662.5,308.5,0.999
1349,690.5,338.5,0.999
1350,714.5,366.5,0.999
1351,736.5,344.5,0.999
1352,758.5,324.5,0.997
1353,782.5,310.5,0.998
1354,804.5,298.5,0.999
1355,828.5,290.5,0.999
1356,850.5,282.5,0.998
1357,874.5,280.5,1.0
1358,834.5,262.5,0.998
1359,772.5,242.5,0.999
1360,720.5,228.5,0.999
1361,676.5,220.5,0.999
1362,634.5,214.5,0.998
1363,598.5,212.5,0.998
1364,566.5,212.5,0.998
1365,540.5,216.5,0.999
1366,514.5,222.5,0.999
1367,494.5,228.5,0.998
1368,474.5,238.5,0.999
1369,458.5,228.5,0.998
1370,442.5,204.5,0.999
1371,428.5,186.5,0.998
1372,416.5,172.5,0.994
1373,402.5,158.5,0.999
1376,416.5,128.5,0.971
1377,428.5,116.5,0.996
1378,442.5,108.5,0.998
1379,454.5,102.5,0.996
1380,470.5,100.5,0.997
1381,484.5,98.5,0.999
1382,498.5,98.5,0.998
1383,514.5,100.5,0.997
1384,528.5,108.5,0.997
1385,544.5,116.5,0.998
1386,558.5,128.5,0.999
1387,574.5,142.5,0.998
1388,590.5,158.5,0.999
1389,606.5,176.5,0.999
1390,622.5,198.5,0.999
1391,638.5,224.5,0.999
1392,654.5,252.5,0.998
1393,668.5,280.5,0.998
1394,682.5,312.5,0.998
1395,696.5,344.5,0.998
1396,708.5,348.5,0.999
1397,718.5,328.5,0.998
1398,730.5,314.5,0.998
1399,742.5,302.5,0.998
1400,754.5,292.5,0.998
1401,766.5,288.5,0.998
1402,778.5,284.5,0.998
1403,788.5,284.5,0.999
1404,800.5,288.5,0.996
1405,794.5,286.5,0.998
1406,744.5,272.5,0.997
1407,696.5,258.5,0.998
1408,654.5,248.5,0.999
1409,614.5,244.5,0.998
1410,578.5,244.5,0.999
1411,544.5,244.5,0.998
1412,512.5,248.5,0.998
1413,484.5,256.5,0.999
1414,458.5,262.5,0.999
1415,434.5,274.5,0.998
1416,412.5,286.5,0.998
1417,390.5,292.5,0.998
1418,370.5,268.5,0.998
1419,352.5,248.5,0.997
1420,334.5,230.5,0.999
1421,316.5,218.5,0.999
1422,300.5,208.5,0.999
1423,286.5,200.5,0.999
1424,270.5,196.5,0.998
1425,258.5,192.5,0.998
1426,246.5,192.5,0.998
1427,234.5,196.5,0.997
1428,224.5,200.5,0.997
1429,226.5,198.5,0.998
1430,250.5,188.5,0.993
1431,274.5,180.5,0.999
1432,300.5,172.5,0.998
1433,326.5,168.5,0.998
1434,354.5,166.5,0.998
1435,382.5,166.5,0.999
1436,412.5,172.5,0.999
1437,440.5,178.5,0.999
1438,470.5,188.5,0.999
1439,500.5,200.5,0.999
1440,530.5,214.5,0.998
1441,560.5,232.5,0.999
1442,590.5,252.5,0.998
1443,620.5,274.5,0.999
1444,648.5,298.5,0.998
1445,674.5,324.5,0.999
1446,702.5,334.5,0.999
1447,724.5,316.5,0.999
1448,748.5,302.5,0.998
1449,770.5,290.5,0.999
1450,794.5,280.5,0.998
1451,816.5,274.5,0.999
1452,838.5,272.5,0.999
1453,862.5,272.5,0.999
1454,882.5,276.5,0.999
1455,904.5,280.5,0.999
1456,926.5,290.5,0.999
1457,944.5,302.5,0.995
1459,900.5,276.5,0.996
1460,850.5,250.5,0.997
1461,800.5,226.5,0.999
1462,754.5,210.5,0.999
1463,708.5,194.5,0.999
1464,668.5,186.5,0.997
1465,624.5,180.5,0.997
1466,586.5,180.5,0.997
1467,550.5,182.5,0.998
1468,518.5,188.5,0.998
1469,486.5,194.5,0.999
1470,458.5,204.5,0.998
1471,430.5,216.5,0.998
1472,406.5,232.5,0.998
1473,386.5,250.5,0.997
1474,364.5,268.5,0.994
1475,346.5,282.5,0.998
1476,322.5,256.5,0.998
1477,298.5,234.5,0.999
1478,276.5,216.5,0.999
1479,258.5,200.5,0.998
1480,238.5,188.5,0.997
1481,218.5,180.5,0.997
1482,202.5,174.5,0.998
1483,186.5,170.5,0.997
1484,170.5,168.5,0.997
1485,156.5,170.5,0.998
1486,142.5,176.5,0.998
1487,178.5,170.5,0.815
1488,232.5,136.5,0.98
1489,294.5,110.5,0.985
1490,446.5,164.5,0.996
1491,546.5,170.5,0.994
1492,646.5,180.5,0.993
1493,754.5,196.5,0.994
1494,864.5,216.5,0.996
1495,964.5,240.5,0.995
1496,1074.5,268.5,0.983
1500,1102.5,398.5,0.995
1501,1088.5,394.5,0.992
1504,1164.5,272.5,0.949
1527,354.5,170.5,0.991
1538,1100.5,172.5,0.884
1553,872.5,540.5,0.771
1569,890.5,460.5,0.988
1641,490.5,586.5,0.724
1657,336.5,112.5,0.514
1662,362.5,92.5,0.992
1671,1092.5,170.5,0.87
1672,908.5,684.5,0.842
1673,920.5,674.5,0.908
1681,1150.5,144.5,0.906
1700,992.5,602.5,0.932
1702,738.5,298.5,0.898
1705,338.5,142.5,0.788
1709,344.5,102.5,0.868
1719,394.5,150.5,0.96
1720,398.5,162.5,0.503
1722,402.5,188.5,0.76
1761,1252.5,456.5,0.99
1762,1240.5,452.5,0.992
1763,1226.5,448.5,0.945
1764,1212.5,446.5,0.846
1765,1198.5,442.5,0.992
1766,1184.5,440.5,0.994
1767,1174.5,440.5,0.627
1771,1128.5,436.5,0.946
1772,1116.5,436.5,0.53
1779,1156.5,590.5,0.977
1782,1100.5,170.5,0.986
1783,1096.5,362.5,0.901
1784,1088.5,360.5,0.99
1795,962.5,378.5,0.991
1796,962.5,376.5,0.885
1805,738.5,298.5,0.598
1818,394.5,204.5,0.954
1819,938.5,706.5,0.938
1823,974.5,358.5,0.991
1826,974.5,358.5,0.99
1827,972.5,360.5,0.983
1828,972.5,362.5,0.974
1829,970.5,366.5,0.991
1830,974.5,372.5,0.989
1831,974.5,380.5,0.992
1832,974.5,388.5,0.995
1833,972.5,398.5,0.992
1834,974.5,408.5,0.995
1835,850.5,714.5,0.972
1850,940.5,258.5,0.54
1858,940.5,264.5,0.846
1879,836.5,712.5,0.99
1880,834.5,712.5,0.981
1881,828.5,714.5,0.983
1893,978.5,366.5,0.997
1894,982.5,354.5,0.996
1895,988.5,340.5,0.991
1898,994.5,328.5,0.995
1899,990.5,348.5,0.995
1912,850.5,324.5,0.995
1913,796.5,326.5,0.998
1914,748.5,304.5,0.999
1915,706.5,288.5,0.997
1916,664.5,272.5,0.998
1917,624.5,260.5,0.999
1918,588.5,254.5,0.997
1919,554.5,250.5,0.998
1920,520.5,248.5,0.998
1921,490.5,250.5,0.997
1922,460.5,254.5,0.998
1923,434.5,260.5,0.998
1924,408.5,264.5,0.998
1925,386.5,248.5,0.997
1926,364.5,236.5,0.998
1927,342.5,226.5,0.999
1928,322.5,220.5,0.998
1929,302.5,214.5,0.998
1930,306.5,204.5,0.998
1931,324.5,190.5,0.998
1932,344.5,178.5,0.997
1933,364.5,166.5,0.999
1934,386.5,160.5,0.997
1935,406.5,154.5,0.999
1936,426.5,150.5,0.998
1937,448.5,148.5,0.997
1938,470.5,152.5,0.997
1939,494.5,154.5,0.998
1940,516.5,162.5,0.999
1941,538.5,170.5,0.999
1942,560.5,180.5,0.999
1943,582.5,194.5,0.999
1944,606.5,208.5,0.999
1945,628.5,226.5,1.0
1946,648.5,244.5,0.998
1947,672.5,266.5,0.997
1948,692.5,290.5,0.999
1949,712.5,308.5,0.998
1950,728.5,290.5,0.998
1951,744.5,274.5,1.0
1952,758.5,260.5,0.998
1953,774.5,250.5,0.999
1954,790.5,242.5,0.999
1955,806.5,236.5,0.999
1956,820.5,234.5,0.999
1957,836.5,234.5,0.999
1958,850.5,238.5,0.998
1962,782.5,226.5,0.998
1963,726.5,212.5,0.998
1964,676.5,204.5,0.999
1965,626.5,200.5,0.998
1966,582.5,200.5,0.998
1967,542.5,202.5,0.998
1968,504.5,208.5,0.999
1969,466.5,214.5,0.996
1970,436.5,226.5,0.999
1971,406.5,236.5,0.999
1972,378.5,252.5,0.999
1973,352.5,240.5,0.999
1974,326.5,220.5,0.999
1975,302.5,204.5,0.997
1976,280.5,194.5,0.99
1977,294.5,180.5,0.992
1978,324.5,164.5,0.996
1979,358.5,156.5,0.997
1980,390.5,146.5,0.998
1981,422.5,140.5,0.997
1982,456.5,136.5,0.997
1983,490.5,134.5,0.997
1984,524.5,134.5,0.998
1985,556.5,136.5,0.999
1986,590.5,140.5,0.998
1987,624.5,148.5,0.998
1988,660.5,158.5,0.993
1989,692.5,170.5,0.999
1990,726.5,184.5,0.999
1991,760.5,202.5,0.999
1992,792.5,220.5,0.999
1993,824.5,242.5,0.999
1994,858.5,266.5,0.999
1995,890.5,290.5,1.0
1996,920.5,318.5,0.998
1997,950.5,346.5,0.998
1998,978.5,372.5,0.997
1999,1010.5,410.5,0.998
2007,1192.5,538.5,0.996
2008,1206.5,530.5,0.996
2009,1220.5,524.5,0.996
2010,1236.5,520.5,0.998
2011,1252.5,520.5,0.998
2012,1266.5,524.5,0.995
2013,1272.5,528.5,0.984
2026,1012.5,528.5,0.977
2036,1192.5,688.5,0.937
2089,1162.5,432.5,0.541
2090,1156.5,422.5,0.988
2091,1074.5,712.5,0.951
2101,812.5,360.5,0.963
2113,928.5,440.5,0.95
2114,938.5,448.5,0.83
2116,912.5,496.5,0.962
2124,1022.5,712.5,0.992
2130,852.5,270.5,0.99
2173,488.5,578.5,0.52
2191,668.5,538.5,0.549
2192,696.5,534.5,0.734
2209,844.5,714.5,0.951
2210,846.5,698.5,0.727
2211,852.5,682.5,0.987
2212,856.5,666.5,0.762
2226,978.5,374.5,0.99
2227,972.5,376.5,0.995
2228,972.5,380.5,0.997
2229,974.5,372.5,0.996
2230,982.5,362.5,0.996
2233,994.5,330.5,0.99
2234,994.5,344.5,0.997
2235,980.5,364.5,0.991
2236,970.5,380.5,0.995
2237,820.5,714.5,0.939
2241,1060.5,348.5,0.962
2247,864.5,714.5,0.807
2249,836.5,326.5,0.994
2250,792.5,336.5,0.997
2251,754.5,306.5,0.999
2252,722.5,288.5,0.999
2253,690.5,270.5,0.998
2254,658.5,256.5,0.999
2255,628.5,244.5,0.999
2256,598.5,238.5,0.998
2257,572.5,234.5,0.999
2258,546.5,232.5,0.998
2259,522.5,234.5,0.998
2260,498.5,238.5,0.997
2261,476.5,244.5,0.997
2262,456.5,254.5,0.998
2263,436.5,264.5,0.999
2264,418.5,266.5,0.998
2265,400.5,248.5,0.997
2266,382.5,236.5,0.999
2267,364.5,224.5,0.999
2268,348.5,216.5,0.999
2269,332.5,210.5,0.999
2270,318.5,208.5,0.999
2271,304.5,206.5,0.997
2272,290.5,206.5,0.998
2273,278.5,210.5,0.997
2274,266.5,216.5,0.997
2275,258.5,224.5,0.996
2276,262.5,222.5,0.992
2277,282.5,212.5,0.996
2278,304.5,206.5,0.998
2279,326.5,200.5,0.998
2280,352.5,198.5,0.996
2281,376.5,198.5,0.995
2282,402.5,200.5,0.999
2283,430.5,208.5,0.999
2284,458.5,216.5,0.999
2285,486.5,228.5,0.998
2286,518.5,244.5,0.997
2287,548.5,264.5,0.999
2288,580.5,288.5,0.999
2289,610.5,312.5,0.998
2290,642.5,338.5,0.999
2291,674.5,372.5,0.999
2292,706.5,408.5,0.999
2293,738.5,428.5,0.999
2294,768.5,418.5,0.999
2295,800.5,408.5,0.999
2296,832.5,404.5,0.998
2297,864.5,402.5,0.998
2299,798.5,360.5,0.999
2300,722.5,330.5,0.996
2301,660.5,308.5,0.997
2302,608.5,292.5,0.996
2303,566.5,284.5,0.996
2304,528.5,276.5,0.998
2305,498.5,276.5,0.998
2306,470.5,276.5,0.998
2307,446.5,280.5,0.999
2308,426.5,272.5,0.999
2309,404.5,246.5,0.997
2310,386.5,226.5,0.999
2311,372.5,208.5,0.998
2312,354.5,194.5,0.999
2313,342.5,184.5,0.999
2314,330.5,178.5,0.997
2315,320.5,172.5,0.994
2316,336.5,162.5,0.99
2317,350.5,152.5,0.999
2318,364.5,146.5,0.998
2319,380.5,140.5,0.997
2320,398.5,138.5,0.998
2321,414.5,136.5,0.998
2322,432.5,140.5,0.997
2323,450.5,144.5,0.999
2324,470.5,150.5,0.997
2325,490.5,160.5,0.999
2326,508.5,170.5,0.998
2327,528.5,184.5,0.999
2328,550.5,202.5,0.999
2329,570.5,220.5,0.999
2330,590.5,242.5,0.999
2331,610.5,264.5,0.998
2332,630.5,290.5,0.999
2333,650.5,316.5,0.999
2334,670.5,328.5,0.998
2335,684.5,310.5,0.998
2336,702.5,296.5,0.999
2337,718.5,284.5,0.997
2338,734.5,276.5,0.998
2339,750.5,272.5,0.999
2340,766.5,270.5,0.998
2341,784.5,268.5,0.996
2342,800.5,272.5,0.999
2343,816.5,278.5,0.997
2344,832.5,286.5,0.998
2345,836.5,292.5,0.848
2346,790.5,272.5,0.999
2347,748.5,258.5,0.999
2348,708.5,244.5,0.999
2349,674.5,238.5,0.998
2350,638.5,232.5,0.999
2351,604.5,230.5,0.998
2352,574.5,230.5,0.998
2353,546.5,236.5,0.998
2354,518.5,242.5,0.997
2355,494.5,248.5,0.997
2356,472.5,260.5,0.998
2357,450.5,270.5,0.999
2358,432.5,276.5,0.997
2359,412.5,256.5,0.999
2360,396.5,236.5,0.995
2361,378.5,224.5,0.997
2362,364.5,212.5,0.999
2363,350.5,204.5,0.996
2364,334.5,198.5,0.993
2365,322.5,194.5,0.998
2366,310.5,194.5,0.998
2367,298.5,196.5,0.998
2368,290.5,198.5,0.993
2369,300.5,202.5,0.968
2370,364.5,196.5,0.976
2371,430.5,196.5,0.813
2372,512.5,198.5,0.994
2373,592.5,208.5,0.995
2374,676.5,224.5,0.998
2375,754.5,242.5,0.998
2376,846.5,268.5,0.996
2377,940.5,298.5,0.993
2378,1036.5,338.5,0.996
2379,1130.5,382.5,0.989
2386,1224.5,668.5,0.997
2387,1194.5,666.5,0.994
2389,502.5,172.5,0.979
2390,1180.5,570.5,0.998
2391,1174.5,546.5,0.999
2392,1166.5,524.5,0.998
2393,1158.5,506.5,0.999
2394,1148.5,490.5,0.998
2395,1138.5,480.5,0.998
2396,1128.5,470.5,0.997
2397,1116.5,464.5,0.999
2398,1106.5,462.5,0.998
2399,1094.5,460.5,0.998
2400,1082.5,464.5,0.998
2401,1070.5,468.5,0.997
2402,1060.5,476.5,0.998
2403,1046.5,486.5,0.998
2404,1036.5,498.5,0.999
2405,1024.5,512.5,0.999
2406,1014.5,528.5,0.999
2407,1002.5,544.5,0.999
2408,994.5,548.5,0.997
2409,984.5,530.5,0.999
2410,976.5,514.5,0.998
2411,968.5,502.5,0.997
2412,958.5,492.5,0.997
2413,950.5,484.5,0.997
2414,940.5,480.5,0.998
2415,930.5,478.5,0.997
2416,922.5,476.5,0.997
2417,910.5,482.5,0.996
2418,900.5,488.5,0.997
2419,890.5,496.5,0.996
2420,876.5,502.5,0.966
2421,874.5,494.5,0.995
2423,856.5,482.5,0.998
2424,850.5,478.5,0.995
2456,870.5,386.5,0.964
2459,642.5,440.5,0.992
2460,868.5,468.5,0.992
2461,634.5,438.5,0.991
2462,860.5,480.5,0.98
2463,626.5,436.5,0.996
2464,622.5,436.5,0.993
2465,620.5,436.5,0.995
2466,618.5,434.5,0.915
2469,606.5,434.5,0.991
2470,604.5,434.5,0.992
2471,602.5,434.5,0.948
2472,600.5,434.5,0.907
2478,774.5,536.5,0.724
2493,892.5,378.5,0.736
2494,508.5,602.5,0.983
2497,528.5,546.5,0.522
2500,818.5,544.5,0.507
2517,1146.5,412.5,0.767
2521,524.5,188.5,0.921
2522,482.5,574.5,0.984
2523,554.5,230.5,0.988
2525,560.5,236.5,0.586
2527,494.5,570.5,0.986
2537,468.5,596.5,0.991
2549,488.5,544.5,0.517
2563,686.5,358.5,0.93
2564,698.5,356.5,0.991
2565,708.5,358.5,0.988
2570,608.5,224.5,0.987
2571,612.5,218.5,0.968
2572,602.5,214.5,0.811
2573,608.5,206.5,0.926
2574,600.5,200.5,0.82
2575,734.5,572.5,0.832
2576,940.5,554.5,0.795
2579,840.5,312.5,0.696
2590,1008.5,540.5,0.665
2614,1112.5,300.5,0.554
2620,420.5,198.5,0.973
2621,420.5,198.5,0.988
2622,416.5,200.5,0.99
2623,414.5,200.5,0.997
2624,410.5,200.5,0.998
2625,406.5,202.5,0.997
2626,404.5,202.5,0.994
2627,402.5,204.5,0.995
2628,400.5,204.5,0.926
2629,394.5,206.5,0.99
2632,386.5,206.5,0.546
2633,382.5,208.5,0.947
2635,376.5,214.5,0.891
2637,372.5,214.5,0.977
2638,368.5,216.5,0.991
2639,366.5,216.5,0.994
2640,362.5,216.5,0.996
2641,360.5,218.5,0.993
2642,356.5,220.5,0.985
2643,354.5,220.5,0.994
2644,354.5,220.5,0.982
2645,352.5,222.5,0.959
2649,340.5,228.5,0.992
2650,336.5,230.5,0.99
2651,332.5,230.5,0.992
2652,330.5,232.5,0.996
2653,324.5,232.5,0.996
2654,320.5,234.5,0.992
2655,314.5,234.5,0.999
2656,308.5,234.5,0.994
2657,302.5,232.5,0.997
2658,292.5,232.5,0.998
2659,282.5,228.5,0.998
2660,274.5,222.5,0.997
2661,262.5,212.5,0.996
2662,254.5,200.5,0.998
2663,246.5,186.5,0.997
2664,238.5,168.5,0.998
2665,234.5,154.5,0.995
2666,230.5,142.5,0.999
2667,226.5,132.5,0.998
2668,224.5,124.5,0.998
2669,222.5,118.5,0.998
2670,220.5,116.5,0.998
2671,218.5,116.5,0.998
2672,216.5,118.5,0.998
2673,216.5,124.5,0.998
2674,216.5,130.5,0.999
2675,216.5,140.5,0.999
2676,216.5,150.5,0.998
2677,218.5,164.5,0.997
2678,220.5,180.5,0.998
2679,220.5,198.5,0.996
2680,224.5,216.5,0.996
2681,232.5,238.5,0.994
2682,274.5,260.5,0.991
2683,318.5,290.5,0.99
2684,354.5,282.5,0.979
2685,386.5,274.5,0.992
2686,420.5,268.5,0.998
2687,454.5,264.5,0.998
2688,490.5,264.5,0.999
2689,526.5,266.5,0.997
2690,562.5,274.5,0.999
2691,598.5,284.5,0.999
2692,636.5,296.5,0.999
2693,672.5,312.5,0.999
2694,706.5,334.5,0.999
2695,742.5,354.5,0.999
2696,774.5,380.5,0.998
2697,806.5,396.5,0.999
2698,838.5,386.5,0.999
2699,870.5,380.5,0.998
2700,882.5,366.5,0.984
2701,826.5,326.5,0.998
2702,772.5,292.5,0.998
2703,722.5,262.5,0.998
2704,676.5,238.5,0.999
2705,636.5,218.5,0.998
2706,598.5,202.5,0.999
2707,562.5,190.5,0.999
2708,532.5,180.5,0.999
2709,502.5,174.5,0.998
2710,476.5,170.5,0.998
2711,452.5,170.5,0.999
2712,430.5,170.5,0.999
2713,412.5,174.5,0.999
2714,394.5,178.5,0.996
2715,380.5,186.5,0.998
2716,364.5,192.5,0.996
2717,352.5,204.5,0.996
2718,340.5,214.5,0.995
2719,332.5,224.5,0.993
2720,322.5,240.5,0.873
2721,316.5,250.5,0.984
2722,306.5,262.5,0.988
2727,354.5,262.5,0.722
2734,300.5,260.5,0.976
2735,302.5,264.5,0.986
2747,1098.5,356.5,0.98
2753,1076.5,352.5,0.803
2754,1074.5,356.5,0.668
2768,1096.5,370.5,0.622
2769,1100.5,360.5,0.647
2773,360.5,252.5,0.553
2777,380.5,242.5,0.986
2778,388.5,240.5,0.938
2780,396.5,236.5,0.992
2781,400.5,234.5,0.552
2794,1112.5,366.5,0.975
2795,1174.5,258.5,0.763
2822,402.5,232.5,0.83
2823,392.5,230.5,0.984
2824,1092.5,356.5,0.916
2825,374.5,230.5,0.994
2826,366.5,230.5,0.504
2827,356.5,232.5,0.982
2828,342.5,232.5,0.996
2829,332.5,232.5,0.986
2830,322.5,228.5,0.981
2831,308.5,222.5,0.996
2832,298.5,216.5,0.992
2833,286.5,206.5,0.998
2834,276.5,194.5,0.998
2835,268.5,182.5,0.997
2836,260.5,172.5,0.996
2837,254.5,160.5,0.998
2838,250.5,148.5,0.998
2839,244.5,142.5,0.998
2840,242.5,134.5,0.997
2841,238.5,132.5,0.995
2842,234.5,130.5,0.999
2843,232.5,132.5,0.996
2844,232.5,136.5,0.998
2845,230.5,144.5,0.999
2846,228.5,152.5,0.998
2847,228.5,164.5,0.996
2848,228.5,178.5,0.997
2849,228.5,192.5,0.996
2850,230.5,210.5,0.999
2851,230.5,228.5,0.998
2852,264.5,248.5,0.998
2853,300.5,274.5,0.994
2854,334.5,294.5,0.997
2855,362.5,288.5,0.997
2856,390.5,282.5,0.998
2857,418.5,280.5,0.999
2858,448.5,280.5,0.998
2859,480.5,284.5,0.998
2860,510.5,290.5,0.999
2861,542.5,302.5,0.998
2862,572.5,314.5,0.999
2863,604.5,332.5,0.998
2864,634.5,352.5,0.999
2865,666.5,376.5,0.999
2866,696.5,402.5,0.999
2867,728.5,420.5,0.999
2868,756.5,414.5,0.999
2869,786.5,410.5,0.998
2870,816.5,410.5,0.999
2871,848.5,414.5,0.998
2872,878.5,420.5,0.998
2873,878.5,404.5,0.992
2874,836.5,358.5,0.998
2875,800.5,320.5,0.998
2876,764.5,288.5,0.998
2877,732.5,260.5,0.999
2878,702.5,240.5,1.0
2879,676.5,224.5,1.0
2880,648.5,212.5,0.997
2881,626.5,206.5,0.998
2882,606.5,202.5,0.999
2883,586.5,202.5,0.998
2884,568.5,204.5,0.999
2885,552.5,210.5,0.999
2886,536.5,216.5,0.998
2887,524.5,226.5,0.999
2888,514.5,236.5,0.993
2889,502.5,250.5,0.998
2890,492.5,264.5,0.999
2891,482.5,258.5,0.997
2892,476.5,236.5,0.999
2893,468.5,216.5,0.998
2894,462.5,198.5,0.998
2895,454.5,184.5,0.999
2896,448.5,172.5,0.997
2897,442.5,164.5,0.998
2898,438.5,156.5,0.999
2899,434.5,152.5,0.998
2900,426.5,150.5,0.998
2901,422.5,150.5,0.997
2902,418.5,154.5,0.998
2903,418.5,162.5,0.982
2904,434.5,160.5,0.996
2905,462.5,160.5,0.999
2906,492.5,164.5,0.998
2907,526.5,170.5,0.998
2908,560.5,180.5,0.999
2909,596.5,196.5,0.999
2910,632.5,212.5,0.999
2911,674.5,236.5,0.998
2912,708.5,260.5,0.999
2913,746.5,290.5,0.999
2914,788.5,322.5,0.999
2915,828.5,360.5,0.999
2916,870.5,404.5,0.997
2917,916.5,416.5,0.999
2918,968.5,408.5,0.998
2919,1022.5,404.5,0.997
2920,1078.5,404.5,0.995
2921,1138.5,410.5,0.996
2922,1092.5,368.5,0.997
2923,990.5,302.5,0.997
2924,898.5,252.5,0.996
2925,818.5,210.5,0.997
2926,750.5,180.5,0.997
2927,686.5,154.5,0.997
2928,630.5,138.5,0.996
2929,582.5,126.5,0.998
2930,538.5,120.5,0.998
2931,500.5,116.5,0.998
2932,466.5,116.5,0.998
2933,436.5,122.5,0.999
2934,410.5,128.5,0.999
2935,386.5,136.5,0.998
2936,366.5,148.5,0.999
2937,348.5,160.5,0.996
2938,330.5,174.5,0.996
2939,314.5,192.5,0.995
2940,304.5,208.5,0.996
2941,294.5,224.5,0.995
2942,284.5,242.5,0.996
2943,278.5,260.5,0.991
2946,260.5,316.5,0.996
2947,130.5,290.5,0.997
2948,246.5,284.5,0.999
2949,250.5,274.5,0.998
2950,252.5,262.5,0.996
2951,252.5,256.5,0.989
2953,262.5,246.5,0.993
2954,266.5,242.5,0.997
2956,274.5,244.5,0.996
2957,278.5,246.5,0.997
2958,284.5,250.5,0.986
2959,288.5,258.5,0.995
2960,292.5,264.5,0.997
2961,296.5,274.5,0.988
2965,320.5,328.5,0.999
2966,326.5,344.5,0.998
2967,334.5,364.5,0.995
2968,336.5,364.5,0.995
2969,334.5,356.5,0.996
2970,334.5,348.5,0.996
2971,332.5,342.5,0.997
2972,332.5,340.5,0.996
2973,332.5,338.5,0.998
2974,332.5,338.5,0.997
2975,334.5,340.5,0.997
2976,334.5,344.5,0.997
2977,334.5,350.5,0.997
2978,336.5,356.5,0.996
2979,338.5,366.5,0.996
2980,336.5,364.5,0.993
2981,334.5,360.5,0.995
2982,332.5,358.5,0.99
2983,328.5,360.5,0.893
2984,326.5,360.5,0.986
2985,326.5,366.5,0.98
2987,322.5,366.5,0.883
2988,322.5,366.5,0.993
2989,322.5,368.5,0.994
2990,320.5,368.5,0.99
2991,320.5,368.5,0.915
2992,316.5,368.5,0.964
2994,314.5,368.5,0.923
3006,300.5,328.5,0.992
3017,1020.5,120.5,0.901
3019,376.5,232.5,0.715
3022,412.5,234.5,0.996
3030,418.5,230.5,0.993
3031,1040.5,282.5,0.974
3033,418.5,230.5,0.744
3037,420.5,230.5,0.622
3038,420.5,230.5,0.805
3039,420.5,230.5,0.981
3040,420.5,232.5,0.69
3041,420.5,228.5,0.995
3042,420.5,228.5,0.992
3043,420.5,228.5,0.993
3044,420.5,228.5,0.994
3045,420.5,228.5,0.993
3046,420.5,226.5,0.992
3047,420.5,228.5,0.993
3048,420.5,228.5,0.991
3049,420.5,226.5,0.99
3050,424.5,228.5,0.628
3051,426.5,232.5,0.587
3056,426.5,232.5,0.953
3057,424.5,230.5,0.986
3058,424.5,230.5,0.969
3059,426.5,232.5,0.837
3061,424.5,232.5,0.935
3062,426.5,232.5,0.951
3064,422.5,230.5,0.988
3065,422.5,228.5,0.99
3066,418.5,226.5,0.994
3067,416.5,228.5,0.992
3068,412.5,226.5,0.988
3069,408.5,226.5,0.993
3070,404.5,226.5,0.992
3071,400.5,226.5,0.994
3072,396.5,226.5,0.995
3073,394.5,226.5,0.994
3074,390.5,226.5,0.991
3075,388.5,226.5,0.989
3076,386.5,228.5,0.907
3078,380.5,228.5,0.966
3079,380.5,226.5,0.934
3081,386.5,226.5,0.55
3082,388.5,224.5,0.773
3083,386.5,222.5,0.99
3084,388.5,220.5,0.769
3085,390.5,218.5,0.813
3086,392.5,218.5,0.985
3087,392.5,218.5,0.944
3088,392.5,218.5,0.994
3089,394.5,214.5,0.993
3090,398.5,212.5,0.995
3091,402.5,206.5,0.995
3092,938.5,392.5,0.996
3093,418.5,170.5,0.992
3094,428.5,150.5,0.997
3095,438.5,132.5,0.992
3096,450.5,118.5,0.994
3097,462.5,104.5,0.997
3098,472.5,94.5,0.997
3099,484.5,86.5,0.996
3100,498.5,80.5,0.998
3101,510.5,78.5,0.997
3102,524.5,78.5,0.998
3103,538.5,80.5,0.999
3104,554.5,86.5,0.998
3105,568.5,96.5,0.999
3106,582.5,108.5,0.998
3107,598.5,122.5,0.999
3108,614.5,140.5,0.999
3109,628.5,162.5,0.999
3110,642.5,184.5,0.998
3111,658.5,210.5,0.997
3112,672.5,238.5,0.998
3113,684.5,268.5,0.997
3114,698.5,300.5,0.996
3115,712.5,336.5,0.999
3116,722.5,360.5,0.999
3117,734.5,336.5,0.999
3118,748.5,312.5,0.999
3119,758.5,292.5,0.998
3120,770.5,276.5,0.999
3121,782.5,260.5,0.998
3122,796.5,250.5,0.999
3123,808.5,242.5,0.999
3124,820.5,238.5,0.999
3125,834.5,236.5,0.998
3126,846.5,240.5,0.994
3127,852.5,226.5,0.981
3132,858.5,318.5,0.925
3154,972.5,374.5,0.991
3155,972.5,374.5,0.994
3156,972.5,376.5,0.934
3157,972.5,376.5,0.996
3158,974.5,374.5,0.996
3164,370.5,216.5,0.565
3166,970.5,380.5,0.766
3167,968.5,394.5,0.991
3176,844.5,334.5,0.997
3177,808.5,304.5,0.999
3178,774.5,280.5,0.999
3179,740.5,258.5,1.0
3180,706.5,242.5,1.0
3181,676.5,228.5,1.0
3182,642.5,216.5,0.999
3183,614.5,210.5,0.999
3184,586.5,206.5,0.997
3185,560.5,206.5,0.998
3186,534.5,208.5,0.999
3187,510.5,212.5,0.999
3188,488.5,218.5,0.998
3189,466.5,228.5,0.997
3190,446.5,238.5,0.998
3191,430.5,252.5,0.998
3192,410.5,258.5,0.997
3193,394.5,240.5,0.999
3194,380.5,224.5,0.999
3195,364.5,210.5,0.999
3196,350.5,200.5,0.999
3197,338.5,192.5,0.995
3198,324.5,188.5,0.999
3199,312.5,184.5,0.998
3200,298.5,182.5,0.998
3201,290.5,186.5,0.996
3202,278.5,188.5,0.996
3203,270.5,196.5,0.997
3204,260.5,204.5,0.994
3205,290.5,198.5,0.925
3206,328.5,196.5,0.987
3207,372.5,192.5,0.998
3208,416.5,194.5,0.996
3209,458.5,198.5,0.993
3210,504.5,208.5,0.998
3211,548.5,218.5,0.998
3212,594.5,232.5,0.996
3213,640.5,250.5,0.998
3214,690.5,272.5,0.998
3215,734.5,294.5,0.998
3216,780.5,322.5,0.997
3217,826.5,356.5,0.999
3218,870.5,348.5,0.997
3219,914.5,338.5,0.997
3220,958.5,332.5,0.998
3221,1002.5,330.5,0.998
3222,1046.5,330.5,0.998
3223,1076.5,330.5,0.992
3224,1008.5,306.5,0.998
3225,944.5,288.5,0.998
3226,882.5,274.5,0.999
3227,828.5,260.5,0.995
3228,776.5,252.5,0.995
3229,732.5,248.5,0.998
3230,686.5,244.5,0.999
3231,646.5,244.5,0.997
3232,612.5,246.5,0.997
3233,578.5,250.5,0.998
3234,550.5,256.5,0.999
3235,520.5,262.5,0.998
3236,494.5,260.5,0.998
3237,470.5,242.5,0.998
3238,448.5,226.5,0.997
3239,426.5,212.5,0.998
3240,408.5,204.5,0.998
3241,390.5,196.5,0.997
3242,372.5,192.5,0.999
3243,356.5,188.5,0.999
3244,342.5,188.5,0.999
3245,328.5,188.5,0.996
3246,314.5,192.5,0.995
3247,304.5,198.5,0.995
3248,312.5,192.5,0.994
3249,330.5,178.5,0.997
3250,350.5,170.5,0.997
3251,370.5,164.5,0.995
3252,392.5,156.5,0.998
3253,414.5,156.5,0.997
3254,438.5,156.5,0.999
3255,462.5,160.5,0.999
3256,484.5,166.5,0.998
3257,512.5,176.5,0.999
3258,534.5,186.5,0.999
3259,562.5,202.5,0.998
3260,588.5,220.5,0.998
3261,614.5,240.5,0.999
3262,638.5,262.5,0.998
3263,666.5,288.5,0.999
3264,690.5,318.5,0.998
3265,714.5,336.5,0.999
3266,738.5,320.5,0.999
3267,760.5,306.5,0.999
3268,784.5,294.5,0.999
3269,808.5,286.5,0.998
3270,832.5,280.5,0.999
3271,858.5,278.5,0.998
3272,880.5,278.5,0.998
3273,906.5,282.5,0.999
3274,928.5,290.5,0.999
3275,950.5,298.5,0.999
3276,934.5,292.5,0.996
3277,884.5,272.5,0.997
3278,830.5,252.5,0.997
3279,784.5,240.5,0.998
3280,738.5,228.5,0.998
3281,694.5,222.5,0.998
3282,654.5,220.5,0.993
3283,618.5,220.5,0.996
3284,582.5,224.5,0.999
3285,548.5,230.5,0.998
3286,518.5,238.5,0.995
3287,492.5,248.5,0.998
3288,464.5,260.5,0.998
3289,440.5,274.5,0.998
3290,418.5,290.5,0.999
3291,396.5,274.5,0.998
3292,378.5,254.5,0.998
3293,358.5,236.5,0.999
3294,340.5,220.5,0.999
3295,322.5,208.5,0.999
3296,306.5,198.5,0.998
3297,292.5,192.5,0.998
3298,278.5,188.5,0.999
3299,264.5,188.5,0.998
3300,252.5,190.5,0.996
3301,240.5,194.5,0.996
3302,230.5,200.5,0.997
3303,222.5,208.5,0.996
3304,212.5,218.5,0.998
3305,204.5,228.5,0.996
3306,198.5,240.5,0.997
3307,194.5,252.5,0.996
3308,206.5,234.5,0.996
3309,218.5,218.5,0.998
3310,230.5,204.5,0.998
3311,242.5,192.5,0.992
3312,254.5,182.5,0.994
3313,266.5,174.5,0.995
3314,282.5,168.5,0.996
3315,292.5,164.5,0.988
3316,306.5,162.5,0.989
3317,322.5,164.5,0.997
3318,336.5,166.5,0.998
3319,350.5,174.5,0.998
3320,364.5,180.5,0.997
3321,378.5,192.5,0.999
3322,394.5,204.5,0.999
3323,408.5,218.5,0.998
3324,424.5,236.5,0.998
3325,438.5,252.5,0.999
3326,452.5,272.5,0.999
3327,464.5,284.5,0.998
3328,470.5,270.5,0.998
3329,478.5,256.5,0.997
3330,484.5,246.5,0.996
3331,490.5,236.5,0.997
3332,498.5,230.5,0.997
3333,506.5,228.5,0.998
3334,514.5,228.5,0.998
3335,522.5,230.5,0.998
3336,530.5,234.5,0.997
3337,538.5,240.5,0.998
3338,546.5,248.5,0.997
3339,554.5,260.5,0.998
3340,562.5,274.5,0.997
3341,568.5,292.5,0.998
3342,576.5,308.5,0.998
3343,584.5,328.5,0.999
3344,586.5,318.5,0.999
3345,586.5,306.5,0.999
3346,588.5,296.5,0.997
3347,590.5,290.5,0.997
3348,592.5,286.5,0.997
3349,592.5,284.5,0.996
3350,594.5,286.5,0.995
3351,594.5,290.5,0.997
3352,596.5,296.5,0.998
3353,598.5,306.5,0.999
3354,598.5,316.5,0.999
3355,600.5,332.5,0.999
3356,602.5,348.5,0.998
3357,602.5,368.5,0.998
3358,600.5,364.5,0.999
3359,596.5,352.5,0.999
3360,592.5,344.5,0.998
3361,586.5,338.5,0.998
3362,582.5,336.5,0.998
3363,578.5,334.5,0.998
3364,574.5,338.5,0.998
3365,568.5,342.5,0.998
3366,566.5,352.5,0.998
3367,560.5,360.5,0.998
3368,556.5,374.5,0.999
3369,554.5,392.5,0.997
3370,550.5,410.5,0.999
3371,546.5,432.5,0.998
3372,542.5,452.5,0.996
3373,540.5,476.5,0.998
3374,538.5,502.5,0.997
3375,536.5,530.5,0.997
3376,534.5,560.5,0.996
3379,524.5,572.5,0.996
3380,518.5,562.5,0.999
3381,512.5,552.5,0.998
3382,506.5,544.5,0.999
3383,502.5,538.5,0.999
3384,494.5,536.5,0.997
3385,490.5,536.5,0.998
3386,484.5,540.5,0.999
3387,480.5,544.5,0.997
3388,474.5,554.5,0.998
3389,468.5,544.5,0.998
3390,468.5,534.5,0.993
3391,474.5,524.5,0.987
3392,486.5,518.5,0.986
3394,526.5,522.5,0.891
3402,606.5,576.5,0.894
3415,90.5,446.5,0.869
3437,566.5,544.5,0.752
3441,892.5,376.5,0.78
3452,508.5,564.5,0.828
3472,762.5,320.5,0.718
3497,836.5,714.5,0.981
3521,966.5,388.5,0.991
3522,968.5,384.5,0.995
3523,978.5,376.5,0.997
3524,982.5,360.5,0.99
3527,986.5,352.5,0.993
3528,980.5,368.5,0.987
3529,968.5,384.5,0.993
3535,1052.5,380.5,0.989
3538,1046.5,350.5,0.904
3539,998.5,336.5,0.998
3542,818.5,338.5,0.997
3543,768.5,330.5,0.996
3544,722.5,310.5,0.998
3545,680.5,296.5,0.998
3546,638.5,284.5,0.997
3547,600.5,276.5,0.997
3548,578.5,266.5,0.998
3549,558.5,258.5,0.998
3550,540.5,252.5,0.998
3551,520.5,250.5,0.997
3552,502.5,250.5,0.997
3553,486.5,252.5,0.997
3554,470.5,256.5,0.997
3555,454.5,264.5,0.998
3556,442.5,272.5,0.998
3557,428.5,280.5,0.998
3558,412.5,268.5,0.997
3559,396.5,256.5,0.999
3560,382.5,246.5,0.997
3561,368.5,240.5,0.997
3562,354.5,238.5,0.999
3563,342.5,236.5,1.0
3564,330.5,236.5,0.998
3565,318.5,240.5,0.997
3566,308.5,244.5,0.997
3567,304.5,248.5,0.995
3568,320.5,232.5,0.994
3569,336.5,220.5,0.997
3570,352.5,210.5,0.998
3571,370.5,202.5,0.998
3572,388.5,196.5,0.998
3573,406.5,192.5,0.999
3574,424.5,192.5,0.998
3575,442.5,192.5,0.999
3576,460.5,196.5,0.998
3577,480.5,202.5,0.998
3578,500.5,212.5,0.999
3579,518.5,222.5,0.998
3580,540.5,236.5,0.998
3581,558.5,252.5,0.996
3582,578.5,270.5,0.999
3583,596.5,290.5,0.999
3584,614.5,312.5,0.999
3585,632.5,336.5,0.999
3586,646.5,322.5,0.999
3587,658.5,308.5,0.998
3588,670.5,294.5,0.998
3589,682.5,288.5,0.998
3590,694.5,282.5,0.998
3591,708.5,280.5,0.999
3592,722.5,280.5,0.998
3593,734.5,284.5,0.998
3594,746.5,290.5,0.999
3595,758.5,298.5,0.999
3596,768.5,308.5,0.997
3597,780.5,322.5,0.997
3598,792.5,340.5,0.998
3599,794.5,350.5,0.995
3600,796.5,342.5,0.997
3601,802.5,338.5,0.997
3602,808.5,338.5,0.998
3603,814.5,342.5,0.997
3604,824.5,344.5,0.994
3625,968.5,374.5,0.97
3626,968.5,376.5,0.956
3627,970.5,368.5,0.996
3628,974.5,362.5,0.985
3630,788.5,714.5,0.501
3632,978.5,364.5,0.505
3633,978.5,384.5,0.977
3643,830.5,714.5,0.827
3644,838.5,318.5,0.998
3645,798.5,298.5,0.998
3646,758.5,282.5,0.999
3647,722.5,270.5,0.998
3648,686.5,260.5,0.999
3649,652.5,256.5,0.999
3650,620.5,252.5,0.998
3651,590.5,252.5,0.997
3652,562.5,256.5,0.999
3653,536.5,260.5,0.998
3654,512.5,268.5,0.996
3655,490.5,260.5,0.998
3656,468.5,244.5,0.997
3657,450.5,232.5,0.998
3658,430.5,224.5,0.998
3659,414.5,216.5,0.997
3660,396.5,212.5,0.998
3661,380.5,212.5,0.994
3663,386.5,198.5,0.997
3664,402.5,188.5,0.998
3665,418.5,180.5,0.998
3666,434.5,172.5,0.996
3667,450.5,168.5,0.998
3668,466.5,166.5,0.997
3669,482.5,166.5,0.998
3670,500.5,170.5,0.999
3671,518.5,174.5,0.998
3672,536.5,182.5,0.998
3673,554.5,192.5,0.999
3674,572.5,204.5,0.998
3675,592.5,220.5,0.997
3676,610.5,238.5,0.998
3677,628.5,256.5,1.0
3678,646.5,276.5,0.996
3679,666.5,302.5,0.999
3680,684.5,330.5,0.999
3681,700.5,338.5,0.999
3682,714.5,322.5,0.998
3683,728.5,310.5,0.997
3684,742.5,300.5,0.998
3685,758.5,292.5,0.997
3686,772.5,290.5,0.999
3687,788.5,288.5,0.999
3688,802.5,290.5,0.998
3689,816.5,294.5,0.996
3690,850.5,276.5,0.975
3691,742.5,284.5,0.993
3692,676.5,274.5,0.997
3693,616.5,268.5,0.994
3694,562.5,266.5,0.998
3695,512.5,264.5,0.997
3696,468.5,268.5,0.998
3697,428.5,272.5,0.998
3698,390.5,278.5,0.997
3699,358.5,284.5,0.998
3700,328.5,276.5,0.998
3701,300.5,256.5,0.998
3702,272.5,238.5,0.998
3703,248.5,224.5,0.999
3704,226.5,214.5,0.996
3705,208.5,208.5,0.995
3706,190.5,202.5,0.991
3707,174.5,200.5,0.994
3708,174.5,194.5,0.992
3709,194.5,178.5,0.995
3710,214.5,166.5,0.994
3711,236.5,160.5,0.997
3712,260.5,152.5,0.997
3713,286.5,148.5,0.997
3714,310.5,148.5,0.995
3715,340.5,152.5,0.999
3716,368.5,160.5,0.999
3717,398.5,168.5,0.999
3718,426.5,182.5,0.999
3719,454.5,198.5,0.998
3720,484.5,218.5,0.999
3721,516.5,242.5,0.996
3722,544.5,266.5,0.998
3723,574.5,296.5,0.998
3724,606.5,328.5,0.999
3725,634.5,366.5,0.999
3726,662.5,400.5,0.999
3727,690.5,384.5,0.999
3728,718.5,366.5,0.999
3729,744.5,354.5,0.999
3730,772.5,342.5,0.998
3731,804.5,336.5,0.999
3732,834.5,330.5,0.998
3733,864.5,330.5,0.998
3734,896.5,334.5,0.997
3735,926.5,340.5,0.998
3736,938.5,344.5,0.978
3737,844.5,310.5,0.996
3738,770.5,288.5,0.998
3739,704.5,270.5,0.995
3740,646.5,258.5,0.998
3741,598.5,250.5,0.998
3742,558.5,246.5,0.997
3743,524.5,248.5,0.999
3744,492.5,252.5,0.996
3745,466.5,256.5,0.998
3746,442.5,264.5,0.998
3747,420.5,244.5,0.998
3748,400.5,220.5,0.997
3749,382.5,198.5,0.998
3750,366.5,182.5,0.997
3751,352.5,172.5,0.997
3752,340.5,164.5,0.988
3753,342.5,152.5,0.991
3754,360.5,142.5,0.987
3755,378.5,130.5,0.999
3756,400.5,120.5,0.999
3757,418.5,116.5,0.998
3758,438.5,110.5,0.998
3759,460.5,108.5,0.998
3760,482.5,108.5,0.998
3761,504.5,110.5,0.998
3762,526.5,116.5,0.999
3763,550.5,122.5,0.999
3764,574.5,132.5,0.998
3765,596.5,146.5,0.999
3766,620.5,162.5,0.999
3767,644.5,180.5,0.999
3768,670.5,200.5,0.999
3769,692.5,224.5,0.999
3770,714.5,248.5,0.999
3771,738.5,276.5,0.996
3772,762.5,308.5,0.998
3773,784.5,342.5,0.998
3774,806.5,378.5,0.999
3775,828.5,364.5,0.999
3776,848.5,348.5,0.997
3777,868.5,336.5,0.999
3778,890.5,324.5,0.996
3779,910.5,320.5,0.997
3780,932.5,314.5,0.997
3781,954.5,314.5,0.998
3782,974.5,320.5,0.998
3783,996.5,324.5,0.998
3784,1016.5,336.5,0.999
3785,976.5,330.5,0.998
3786,890.5,308.5,0.995
3787,812.5,296.5,0.997
3788,742.5,284.5,0.994
3789,678.5,278.5,0.993
3790,622.5,274.5,0.998
3791,572.5,272.5,0.998
3792,526.5,276.5,0.996
3793,482.5,276.5,0.998
3794,444.5,282.5,0.997
3795,408.5,288.5,0.999
3796,376.5,296.5,0.999
3797,346.5,288.5,0.999
3798,318.5,266.5,0.998
3799,290.5,250.5,0.999
3800,268.5,236.5,0.999
3801,246.5,224.5,0.999
3802,224.5,216.5,0.997
3803,204.5,210.5,0.998
3804,186.5,208.5,0.997
3805,170.5,206.5,0.995
3806,212.5,208.5,0.978
3807,238.5,132.5,0.821
3808,330.5,224.5,0.991
3809,392.5,236.5,0.993
3810,454.5,256.5,0.997
3811,514.5,278.5,0.997
3812,572.5,300.5,0.995
3813,622.5,314.5,0.997
3814,668.5,332.5,0.993
3815,716.5,352.5,0.998
3816,764.5,376.5,0.996
3817,810.5,374.5,0.997
3818,860.5,374.5,0.998
3819,908.5,376.5,0.998
3820,962.5,386.5,0.998
3821,1008.5,394.5,0.993
3822,1058.5,408.5,0.997
3823,1064.5,406.5,0.997
3824,1018.5,388.5,0.995
3825,974.5,374.5,0.998
3826,930.5,364.5,0.997
3827,886.5,356.5,0.998
3828,844.5,354.5,0.998
3829,802.5,354.5,0.999
3830,758.5,358.5,0.997
3831,718.5,364.5,0.997
3832,678.5,374.5,0.997
3833,640.5,386.5,0.999
3834,598.5,402.5,0.999
3835,560.5,422.5,0.998
3836,522.5,444.5,0.997
3837,486.5,468.5,0.999
3838,450.5,498.5,0.999
3839,416.5,524.5,0.998
3840,384.5,554.5,0.999
3841,352.5,586.5,0.998
3842,354.5,570.5,0.999
3843,360.5,552.5,0.999
3844,366.5,538.5,0.999
3845,372.5,528.5,0.999
3846,376.5,520.5,0.999
3847,382.5,516.5,0.997
3848,388.5,516.5,0.997
3849,394.5,518.5,0.998
3850,398.5,520.5,0.999
3851,404.5,528.5,0.999
3852,408.5,534.5,0.999
3853,412.5,544.5,0.999
3854,416.5,556.5,0.998
3855,422.5,556.5,0.998
3856,422.5,544.5,0.999
3857,426.5,532.5,0.998
3858,428.5,524.5,0.998
3859,432.5,516.5,0.997
3860,434.5,514.5,0.995
3861,440.5,514.5,0.994
3862,442.5,514.5,0.996
3863,446.5,518.5,0.997
3864,450.5,524.5,0.997
3865,454.5,532.5,0.998
3866,458.5,542.5,0.999
3867,462.5,548.5,0.998
3868,464.5,536.5,0.998
3869,466.5,530.5,0.997
3870,468.5,526.5,0.996
3871,470.5,522.5,0.996
3872,474.5,524.5,0.995
3873,474.5,526.5,0.995
3874,478.5,530.5,0.996
3875,480.5,532.5,0.997
3876,478.5,528.5,0.996
3877,478.5,526.5,0.993
3878,478.5,528.5,0.976
3879,478.5,528.5,0.995
3880,478.5,526.5,0.991
3881,478.5,524.5,0.989
3882,478.5,522.5,0.994
3883,476.5,522.5,0.992
3884,474.5,522.5,0.996
3885,472.5,520.5,0.995
3886,470.5,520.5,0.995
3887,470.5,520.5,0.996
3888,468.5,520.5,0.996
3889,466.5,520.5,0.996
3890,466.5,520.5,0.995
3891,464.5,520.5,0.995
3892,462.5,520.5,0.994
3893,460.5,520.5,0.996
3894,458.5,520.5,0.997
3895,456.5,520.5,0.995
3896,454.5,520.5,0.996
3897,452.5,520.5,0.996
3898,450.5,520.5,0.996
3899,448.5,520.5,0.996
3900,446.5,520.5,0.995
3901,444.5,520.5,0.996
3902,442.5,520.5,0.995
3903,438.5,520.5,0.995
3904,438.5,520.5,0.996
3905,434.5,518.5,0.996
3906,434.5,520.5,0.995
3907,430.5,518.5,0.996
3908,430.5,520.5,0.996
3909,426.5,518.5,0.997
3910,424.5,518.5,0.995
3911,422.5,518.5,0.994
3912,422.5,518.5,0.994
3913,420.5,518.5,0.996
3914,418.5,518.5,0.996
3915,418.5,516.5,0.995
3916,416.5,516.5,0.996
3917,414.5,516.5,0.996
3918,414.5,516.5,0.996
3919,412.5,516.5,0.996
3920,410.5,516.5,0.997
3921,408.5,516.5,0.996
3922,406.5,516.5,0.995
3923,406.5,516.5,0.994
3924,406.5,516.5,0.997
3925,404.5,514.5,0.996
3926,404.5,514.5,0.993
3927,402.5,514.5,0.996
3928,402.5,514.5,0.996
3929,400.5,514.5,0.996
3930,400.5,514.5,0.997
3931,398.5,512.5,0.998
3932,398.5,512.5,0.996
3933,398.5,512.5,0.995
3934,398.5,512.5,0.991
3935,394.5,512.5,0.982
3936,394.5,514.5,0.793
3941,394.5,514.5,0.992
3943,388.5,516.5,0.981
3944,376.5,508.5,0.99
3945,362.5,486.5,0.99
3946,346.5,452.5,0.993
3947,340.5,414.5,0.992
3948,332.5,374.5,0.987
3951,324.5,288.5,0.998
3952,320.5,262.5,0.997
3953,318.5,244.5,0.999
3954,316.5,226.5,0.998
3955,316.5,212.5,0.998
3956,314.5,202.5,0.999
3957,314.5,194.5,0.997
3958,312.5,190.5,0.996
3959,314.5,188.5,0.993
3960,316.5,188.5,0.981
3961,316.5,192.5,0.994
3962,316.5,196.5,0.998
3963,318.5,204.5,0.999
3964,320.5,214.5,0.999
3965,322.5,228.5,0.998
3966,324.5,242.5,0.999
3967,328.5,258.5,0.997
3968,330.5,276.5,0.998
3969,332.5,294.5,0.998
3970,332.5,278.5,0.998
3971,332.5,260.5,0.997
3972,330.5,244.5,0.998
3973,330.5,228.5,0.997
3974,330.5,218.5,1.0
3975,330.5,208.5,0.997
3976,332.5,204.5,0.998
3977,332.5,198.5,0.998
3978,334.5,198.5,0.998
3979,336.5,198.5,0.996
3980,338.5,204.5,0.996
3981,340.5,208.5,0.999
3982,342.5,216.5,1.0
3983,346.5,226.5,0.998
3984,348.5,240.5,0.997
3985,352.5,252.5,0.988
3995,864.5,714.5,0.882
3996,314.5,244.5,0.99
3997,314.5,246.5,0.913
3998,314.5,244.5,0.991
4000,310.5,246.5,0.946
4001,308.5,248.5,0.841
4007,1100.5,408.5,0.701
4008,1106.5,408.5,0.703
4013,926.5,470.5,0.652
4015,282.5,256.5,0.95
4016,282.5,258.5,0.991
4017,282.5,258.5,0.976
4018,282.5,260.5,0.997
4019,282.5,258.5,0.997
4020,282.5,260.5,0.997
4021,282.5,260.5,0.995
4022,282.5,260.5,0.998
4023,282.5,262.5,0.994
4024,282.5,260.5,0.997
4025,280.5,262.5,0.991
4027,1100.5,170.5,0.981
4028,1098.5,172.5,0.635
4029,280.5,264.5,0.984
4030,278.5,264.5,0.983
4031,280.5,264.5,0.991
4032,280.5,268.5,0.993
4033,282.5,268.5,0.988
4034,280.5,270.5,0.988
4035,280.5,272.5,0.98
4037,282.5,272.5,0.987
4038,282.5,274.5,0.966
4048,282.5,278.5,0.977
4051,274.5,270.5,0.985
4052,274.5,268.5,0.992
4053,270.5,264.5,0.995
4054,266.5,260.5,0.997
4055,258.5,254.5,0.994
4056,252.5,244.5,0.995
4057,244.5,232.5,0.995
4058,236.5,218.5,0.994
4059,228.5,202.5,0.995
4060,222.5,184.5,0.997
4061,216.5,166.5,0.993
4062,214.5,152.5,0.997
4063,208.5,136.5,0.997
4064,206.5,128.5,0.999
4065,204.5,118.5,0.999
4066,202.5,112.5,0.999
4067,200.5,110.5,0.999
4068,198.5,110.5,0.999
4069,198.5,112.5,0.998
4070,198.5,116.5,0.996
4071,198.5,124.5,0.999
4072,200.5,132.5,0.995
4073,200.5,144.5,0.999
4074,204.5,156.5,0.998
4075,206.5,172.5,0.998
4076,208.5,188.5,0.998
4077,210.5,206.5,0.998
4078,218.5,226.5,0.998
4079,258.5,236.5,0.997
4080,298.5,250.5,0.996
4081,338.5,264.5,0.996
4082,376.5,276.5,0.997
4083,406.5,266.5,0.998
4084,438.5,258.5,0.998
4085,466.5,252.5,0.998
4086,496.5,248.5,0.996
4087,528.5,248.5,0.998
4088,556.5,250.5,0.998
4089,586.5,254.5,0.998
4090,614.5,260.5,0.999
4091,642.5,268.5,0.999
4092,672.5,276.5,0.998
4093,698.5,288.5,0.999
4094,724.5,302.5,0.999
4095,748.5,302.5,0.998
4096,772.5,296.5,0.999
4097,796.5,292.5,0.997
4098,820.5,292.5,0.998
4099,844.5,292.5,0.998
4100,866.5,296.5,0.997
4101,888.5,304.5,0.997
4102,910.5,310.5,0.999
4103,878.5,292.5,0.998
4104,842.5,272.5,0.999
4105,810.5,258.5,0.999
4106,780.5,244.5,0.999
4107,750.5,232.5,0.999
4108,724.5,226.5,0.999
4109,700.5,222.5,0.998
4110,676.5,218.5,0.999
4111,654.5,216.5,0.998
4112,634.5,218.5,0.998
4113,614.5,220.5,0.999
4114,596.5,224.5,0.999
4115,578.5,228.5,0.997
4116,564.5,236.5,0.999
4117,550.5,244.5,0.994
4118,892.5,376.5,0.735
4121,892.5,376.5,0.841
4123,962.5,446.5,0.68
4125,958.5,358.5,0.956
4126,950.5,400.5,0.989
4127,824.5,360.5,0.834
4135,1130.5,632.5,0.588
4140,974.5,310.5,0.965
4145,970.5,288.5,0.717
4150,882.5,378.5,0.574
4153,1012.5,322.5,0.985
4155,990.5,330.5,0.973
4160,888.5,376.5,0.706
4185,892.5,376.5,0.588
4197,1070.5,636.5,0.594
4204,1072.5,212.5,0.991
4205,1068.5,208.5,0.995
4208,1062.5,188.5,0.994
4209,1066.5,180.5,0.99
4221,1084.5,166.5,0.991
4234,1082.5,222.5,0.653
4236,998.5,368.5,0.984
4237,1000.5,374.5,0.795
4238,1002.5,384.5,0.819
4241,1002.5,310.5,0.979
4244,958.5,382.5,0.949
4245,944.5,402.5,0.975
4246,938.5,432.5,0.971
4262,278.5,240.5,0.77
4268,1030.5,460.5,0.982
4276,292.5,242.5,0.539
4277,292.5,246.5,0.89
4279,294.5,250.5,0.994
4280,290.5,252.5,0.989
4283,292.5,256.5,0.97
4284,290.5,256.5,0.991
4285,288.5,260.5,0.996
4286,286.5,260.5,0.995
4287,284.5,262.5,0.99
4288,282.5,264.5,0.995
4289,278.5,268.5,0.989
4290,274.5,268.5,0.995
4291,272.5,268.5,0.995
4292,268.5,264.5,0.997
4293,262.5,260.5,0.997
4294,252.5,254.5,0.998
4295,246.5,242.5,0.998
4296,238.5,226.5,0.998
4297,232.5,210.5,0.998
4298,224.5,188.5,0.99
4299,218.5,166.5,0.994
4300,214.5,148.5,0.997
4301,212.5,132.5,0.998
4302,210.5,118.5,0.998
4303,208.5,108.5,0.998
4304,206.5,100.5,0.999
4305,204.5,96.5,0.998
4306,202.5,92.5,0.996
4307,202.5,90.5,0.996
4308,202.5,94.5,0.997
4309,204.5,100.5,0.997
4310,204.5,106.5,0.998
4311,206.5,116.5,0.995
4312,206.5,128.5,0.996
4313,210.5,140.5,0.996
4314,212.5,156.5,0.996
4315,214.5,174.5,0.994
4316,218.5,192.5,0.996
4317,220.5,212.5,0.996
4318,226.5,236.5,0.996
4319,230.5,258.5,0.989
4320,234.5,282.5,0.997
4321,238.5,308.5,0.998
4322,244.5,334.5,0.997
4323,248.5,360.5,0.998
4324,254.5,388.5,0.997
4325,256.5,406.5,0.997
4326,256.5,392.5,0.998
4327,254.5,378.5,0.998
4328,252.5,368.5,0.998
4329,252.5,358.5,0.998
4330,250.5,352.5,0.997
4331,250.5,346.5,0.995
4332,250.5,342.5,0.996
4333,252.5,342.5,0.995
4334,252.5,342.5,0.992
4335,254.5,346.5,0.996
4336,256.5,352.5,0.997
4337,258.5,358.5,0.998
4338,258.5,366.5,0.998
4339,262.5,376.5,0.998
4340,264.5,388.5,0.996
4341,268.5,400.5,0.996
4342,270.5,410.5,0.996
4343,272.5,402.5,0.995
4344,272.5,396.5,0.992
4345,274.5,390.5,0.995
4346,276.5,390.5,0.992
4347,278.5,390.5,0.992
4348,282.5,392.5,0.997
4349,284.5,396.5,0.994
4350,284.5,404.5,0.99
4353,300.5,408.5,0.992
4354,298.5,406.5,0.997
4355,298.5,404.5,0.996
4356,300.5,408.5,0.995
4357,300.5,412.5,0.989
4360,306.5,412.5,0.988
4361,308.5,418.5,0.951
4365,1128.5,426.5,0.99
4371,300.5,338.5,0.988
4372,300.5,324.5,0.995
4378,306.5,268.5,0.992
4379,306.5,262.5,0.995
4380,308.5,258.5,0.988
4381,308.5,254.5,0.991
4383,306.5,248.5,0.992
4384,302.5,246.5,0.995
4385,298.5,246.5,0.997
4386,298.5,244.5,0.996
4387,294.5,244.5,0.989
4388,290.5,242.5,0.995
4389,288.5,242.5,0.995
4390,286.5,242.5,0.99
4391,282.5,242.5,0.994
4392,280.5,244.5,0.982
4393,280.5,246.5,0.901
4394,276.5,246.5,0.87
4395,274.5,246.5,0.99
4396,274.5,246.5,0.992
4397,272.5,246.5,0.715
4398,268.5,246.5,0.992
4399,268.5,248.5,0.997
4400,264.5,246.5,0.997
4401,260.5,246.5,0.996
4402,256.5,242.5,0.997
4403,250.5,238.5,0.997
4404,246.5,232.5,0.997
4405,238.5,224.5,0.999
4406,230.5,212.5,0.998
4407,224.5,198.5,0.999
4408,218.5,180.5,0.996
4409,212.5,164.5,0.995
4410,210.5,148.5,0.998
4411,206.5,134.5,0.998
4412,204.5,124.5,0.998
4413,202.5,114.5,0.999
4414,202.5,108.5,0.998
4415,200.5,102.5,0.998
4416,202.5,102.5,0.998
4417,202.5,104.5,0.999
4418,202.5,108.5,0.999
4419,202.5,116.5,0.998
4420,206.5,124.5,0.997
4421,206.5,134.5,0.998
4422,210.5,148.5,0.998
4423,214.5,164.5,0.997
4424,216.5,180.5,0.997
4425,220.5,198.5,0.999
4426,224.5,220.5,0.992
4427,252.5,234.5,0.992
4428,286.5,246.5,0.996
4429,322.5,262.5,0.993
4430,356.5,278.5,0.998
4431,390.5,288.5,0.999
4432,416.5,276.5,0.998
4433,442.5,272.5,0.999
4434,470.5,268.5,0.999
4435,496.5,266.5,0.997
4436,524.5,266.5,0.998
4437,550.5,270.5,0.999
4438,578.5,276.5,0.998
4439,604.5,286.5,0.998
4440,630.5,298.5,0.999
4441,656.5,312.5,0.999
4442,682.5,330.5,0.999
4443,706.5,346.5,0.999
4444,730.5,338.5,0.999
4445,752.5,332.5,0.997
4446,776.5,330.5,0.998
4447,800.5,328.5,0.998
4448,822.5,332.5,0.999
4449,846.5,336.5,0.997
4450,838.5,328.5,0.996
4451,806.5,306.5,0.999
4452,776.5,290.5,0.999
4453,748.5,276.5,0.999
4454,722.5,268.5,0.998
4455,698.5,260.5,0.998
4456,676.5,258.5,1.0
4457,654.5,256.5,0.999
4458,644.5,258.5,0.998
4459,656.5,264.5,0.998
4460,666.5,274.5,0.998
4461,678.5,282.5,0.997
4462,686.5,274.5,0.997
4463,694.5,270.5,0.998
4464,704.5,266.5,0.997
4465,712.5,266.5,0.999
4466,720.5,268.5,0.997
4467,728.5,272.5,0.999
4468,734.5,278.5,0.998
4469,742.5,288.5,0.999
4470,750.5,296.5,0.998
4471,758.5,292.5,0.998
4472,768.5,288.5,0.998
4473,776.5,284.5,0.999
4474,786.5,286.5,0.996
4475,794.5,288.5,0.998
4476,802.5,292.5,0.998
4477,808.5,300.5,0.999
4478,814.5,308.5,0.998
4479,824.5,308.5,0.998
4480,832.5,304.5,0.996
4481,842.5,300.5,0.998
4482,850.5,300.5,0.995
4483,858.5,304.5,0.998
4484,864.5,308.5,0.998
4485,872.5,316.5,0.999
4486,878.5,324.5,0.998
4487,886.5,320.5,0.999
4488,894.5,316.5,0.997
4489,904.5,314.5,0.999
4490,912.5,316.5,0.996
4491,920.5,320.5,0.998
4492,926.5,324.5,0.998
4493,932.5,332.5,0.999
4494,942.5,336.5,0.997
4495,950.5,330.5,0.999
4496,958.5,328.5,0.999
4497,966.5,328.5,0.999
4498,974.5,332.5,0.998
4499,1086.5,168.5,0.99
4501,1026.5,442.5,0.993
4502,1026.5,434.5,0.973
4503,1002.5,384.5,1.0
4504,1024.5,402.5,0.794
4506,1024.5,320.5,0.998
4507,1030.5,290.5,0.998
4508,1036.5,260.5,0.996
4512,1018.5,356.5,0.757
4513,1080.5,360.5,0.903
4515,1028.5,330.5,0.98
4516,1026.5,328.5,0.906
4517,1026.5,326.5,0.719
4542,946.5,292.5,0.998
4543,888.5,308.5,0.997
4544,838.5,324.5,0.998
4545,802.5,308.5,0.998
4546,770.5,278.5,0.999
4547,742.5,250.5,0.999
4548,714.5,228.5,0.999
4549,686.5,210.5,1.0
4550,660.5,194.5,0.998
4551,638.5,182.5,0.996
4552,614.5,174.5,0.998
4553,592.5,168.5,0.998
4554,572.5,166.5,0.997
4555,554.5,168.5,0.998
4556,536.5,170.5,0.998
4557,520.5,176.5,0.997
4558,504.5,182.5,0.997
4559,490.5,192.5,0.999
4560,478.5,202.5,0.998
4561,470.5,206.5,0.997
4562,466.5,206.5,0.995
4563,462.5,208.5,0.996
4564,458.5,210.5,0.994
4565,452.5,212.5,0.996
4566,446.5,214.5,0.994
4567,436.5,218.5,0.995
4568,426.5,220.5,0.994
4569,418.5,222.5,0.96
4570,404.5,226.5,0.983
4571,388.5,232.5,0.992
4572,376.5,232.5,0.988
4573,364.5,236.5,0.991
4574,1094.5,354.5,0.985
4575,340.5,238.5,0.982
4576,332.5,242.5,0.988
4577,322.5,242.5,0.813
4578,312.5,244.5,0.988
4579,306.5,246.5,0.923
4580,298.5,244.5,0.995
4581,292.5,246.5,0.992
4582,286.5,246.5,0.995
4583,282.5,246.5,0.997
4584,278.5,248.5,0.997
4585,276.5,250.5,0.997
4586,274.5,252.5,0.993
4587,274.5,254.5,0.992
4588,274.5,256.5,0.994
4589,274.5,258.5,0.996
4590,274.5,262.5,0.995
4591,276.5,266.5,0.992
4592,274.5,268.5,0.991
4593,272.5,270.5,0.98
4594,270.5,268.5,0.993
4595,266.5,264.5,0.997
4596,258.5,260.5,0.997
4597,250.5,256.5,0.992
4598,242.5,244.5,0.997
4599,234.5,228.5,0.997
4600,226.5,212.5,0.998
4601,220.5,192.5,0.998
4602,216.5,168.5,0.996
4603,212.5,152.5,0.996
4604,208.5,134.5,0.997
4605,204.5,122.5,0.998
4606,202.5,112.5,0.999
4607,202.5,104.5,0.999
4608,200.5,100.5,0.997
4609,198.5,98.5,0.998
4610,198.5,98.5,0.998
4611,198.5,100.5,0.997
4612,198.5,108.5,0.999
4613,198.5,114.5,0.999
4614,200.5,124.5,0.999
4615,200.5,136.5,0.997
4616,202.5,148.5,0.999
4617,206.5,166.5,0.997
4618,208.5,182.5,0.999
4619,210.5,204.5,0.997
4620,214.5,224.5,0.999
4621,218.5,244.5,0.98
4622,222.5,272.5,0.994
4623,226.5,294.5,0.997
4624,230.5,320.5,0.997
4625,236.5,346.5,0.998
4626,240.5,372.5,0.996
4627,244.5,400.5,0.998
4628,246.5,414.5,0.998
4629,242.5,398.5,0.999
4630,240.5,384.5,0.999
4631,236.5,372.5,0.997
4632,234.5,362.5,0.998
4633,230.5,356.5,0.997
4634,230.5,350.5,0.998
4635,228.5,346.5,0.995
4636,226.5,344.5,0.996
4637,226.5,346.5,0.992
4638,226.5,350.5,0.993
4639,226.5,354.5,0.997
4640,226.5,360.5,0.997
4641,226.5,370.5,0.998
4642,226.5,380.5,0.998
4643,228.5,392.5,0.999
4644,230.5,406.5,0.998
4645,234.5,420.5,0.998
4646,232.5,420.5,0.996
4647,230.5,410.5,0.999
4648,230.5,404.5,0.996
4649,228.5,400.5,0.994
4650,228.5,398.5,0.995
4651,226.5,396.5,0.996
4656,230.5,426.5,0.996
4657,238.5,426.5,0.99
4659,240.5,418.5,0.975
4696,284.5,244.5,0.973
4697,284.5,244.5,0.988
4698,284.5,246.5,0.909
4699,280.5,246.5,0.99
4700,280.5,248.5,0.988
4702,276.5,252.5,0.995
4703,274.5,252.5,0.993
4704,274.5,252.5,0.994
4707,266.5,256.5,0.778
4708,266.5,252.5,0.993
4709,262.5,248.5,0.997
4710,258.5,246.5,0.998
4711,252.5,240.5,0.998
4712,246.5,236.5,0.999
4713,240.5,228.5,0.999
4714,234.5,216.5,0.998
4715,226.5,200.5,0.999
4716,222.5,184.5,0.998
4717,218.5,168.5,0.996
4718,214.5,152.5,0.999
4719,210.5,142.5,0.998
4720,208.5,132.5,0.998
4721,206.5,126.5,0.997
4722,206.5,120.5,0.997
4723,204.5,120.5,0.998
4724,204.5,122.5,0.998
4725,204.5,126.5,0.996
4726,206.5,132.5,0.996
4727,206.5,140.5,0.998
4728,208.5,150.5,0.998
4729,210.5,164.5,0.998
4730,212.5,180.5,0.998
4731,214.5,196.5,0.997
4732,218.5,214.5,0.996
4733,240.5,230.5,0.987
4734,282.5,242.5,0.998
4735,324.5,256.5,0.995
4736,364.5,270.5,0.997
4737,404.5,288.5,0.999
4738,442.5,300.5,0.999
4739,472.5,290.5,0.999
4740,502.5,284.5,0.999
4741,534.5,278.5,0.996
4742,566.5,276.5,0.997
4743,596.5,278.5,0.998
4744,626.5,282.5,0.999
4745,658.5,290.5,0.999
4746,688.5,298.5,0.998
4747,718.5,308.5,0.998
4748,748.5,324.5,0.999
4749,776.5,340.5,0.998
4750,804.5,362.5,0.999
4751,830.5,354.5,0.999
4752,858.5,348.5,0.998
4753,884.5,346.5,0.999
4754,910.5,342.5,0.995
4755,892.5,326.5,0.997
4756,852.5,304.5,0.997
4757,812.5,280.5,0.999
4758,774.5,264.5,0.999
4759,740.5,250.5,1.0
4760,708.5,240.5,1.0
4761,678.5,232.5,1.0
4762,648.5,228.5,0.998
4763,622.5,226.5,0.999
4764,598.5,226.5,0.999
4765,574.5,228.5,0.999
4766,552.5,230.5,0.998
4767,532.5,236.5,0.998
4768,512.5,244.5,0.995
4769,494.5,252.5,0.996
4770,478.5,250.5,0.996
4771,462.5,234.5,0.997
4772,448.5,220.5,0.997
4774,444.5,204.5,0.91
4775,462.5,204.5,0.98
4776,482.5,208.5,0.995
4777,502.5,214.5,0.997
4778,524.5,222.5,0.998
4779,546.5,232.5,0.999
4780,568.5,244.5,0.998
4781,592.5,262.5,0.998
4782,616.5,282.5,0.999
4783,640.5,306.5,0.999
4784,662.5,330.5,0.999
4785,684.5,356.5,0.997
4786,708.5,364.5,0.999
4787,730.5,360.5,0.999
4788,752.5,360.5,0.999
4789,776.5,364.5,0.999
4790,798.5,368.5,0.999
4791,824.5,378.5,0.999
4792,810.5,372.5,0.997
4793,752.5,340.5,0.997
4794,702.5,320.5,0.996
4795,654.5,300.5,0.997
4796,612.5,288.5,0.998
4797,572.5,276.5,0.998
4798,536.5,270.5,0.999
4799,502.5,268.5,0.999
4800,472.5,268.5,0.998
4801,444.5,270.5,0.998
4802,420.5,274.5,0.998
4803,398.5,280.5,0.999
4804,376.5,290.5,0.998
4805,358.5,286.5,0.998
4806,340.5,264.5,0.999
4807,322.5,246.5,0.999
4808,308.5,232.5,0.997
4809,292.5,222.5,0.999
4810,278.5,212.5,0.997
4811,268.5,208.5,0.999
4812,256.5,204.5,0.997
4813,246.5,204.5,0.999
4814,238.5,204.5,0.996
4815,230.5,208.5,0.997
4816,222.5,214.5,0.991
4817,246.5,200.5,0.997
4818,276.5,190.5,0.991
4819,306.5,180.5,0.995
4820,336.5,174.5,0.996
4821,368.5,168.5,0.997
4822,400.5,168.5,0.997
4823,434.5,172.5,0.997
4824,466.5,178.5,0.999
4825,500.5,184.5,0.999
4826,534.5,196.5,0.999
4827,568.5,210.5,0.999
4828,600.5,228.5,0.999
4829,634.5,246.5,0.998
4830,666.5,270.5,0.998
4831,698.5,294.5,0.999
4832,728.5,320.5,0.999
4833,756.5,320.5,1.0
4834,784.5,304.5,0.999
4835,814.5,292.5,0.998
4836,842.5,282.5,0.999
4837,870.5,276.5,0.999
4838,900.5,272.5,0.999
4839,926.5,272.5,0.999
4840,954.5,274.5,0.999
4841,980.5,278.5,0.997
4842,1008.5,288.5,0.998
4846,948.5,274.5,0.998
4847,876.5,250.5,0.994
4848,804.5,234.5,0.997
4849,740.5,222.5,0.997
4850,684.5,216.5,0.997
4851,628.5,212.5,0.997
4852,580.5,212.5,0.996
4853,534.5,218.5,0.998
4854,494.5,226.5,0.999
4855,458.5,234.5,0.998
4856,424.5,246.5,0.998
4857,394.5,260.5,0.998
4858,362.5,244.5,0.998
4859,330.5,224.5,0.999
4860,300.5,208.5,0.999
4861,270.5,192.5,0.999
4862,244.5,182.5,0.997
4863,218.5,174.5,0.996
4864,194.5,168.5,0.998
4865,172.5,166.5,0.992
4866,202.5,154.5,0.98
4867,964.5,244.5,0.894
4868,310.5,132.5,0.987
4869,370.5,128.5,0.996
4870,432.5,126.5,0.994
4871,494.5,128.5,0.996
4872,556.5,136.5,0.993
4873,620.5,146.5,0.988
4874,688.5,158.5,0.995
4875,754.5,176.5,0.997
4876,820.5,196.5,0.996
4877,886.5,220.5,0.99
4878,956.5,252.5,0.995
4879,1026.5,286.5,0.997
4880,326.5,250.5,0.539
4882,326.5,250.5,0.691
4891,1210.5,570.5,0.998
4892,1192.5,546.5,0.998
4893,1174.5,528.5,0.999
4894,254.5,110.5,0.811
4898,250.5,190.5,0.777
4905,972.5,482.5,0.997
4906,958.5,468.5,0.997
4907,944.5,456.5,0.997
4909,916.5,442.5,0.998
4910,902.5,436.5,0.995
4917,958.5,498.5,0.989
4918,948.5,508.5,0.986
4919,942.5,522.5,0.995
4920,946.5,534.5,0.69
4924,1098.5,168.5,0.99
4933,914.5,492.5,0.952
4935,886.5,478.5,0.729
4991,498.5,584.5,0.552
5000,502.5,140.5,0.997
5001,508.5,126.5,0.998
5002,514.5,112.5,0.999
5003,522.5,100.5,0.999
5004,528.5,90.5,0.998
5005,536.5,84.5,0.998
5006,544.5,78.5,0.998
5007,552.5,76.5,0.999
5008,560.5,74.5,0.997
5009,570.5,76.5,0.999
5010,578.5,80.5,0.998
5011,588.5,88.5,0.999
5012,596.5,98.5,0.998
5013,606.5,112.5,0.999
5014,616.5,128.5,0.999
5015,628.5,150.5,0.998
5016,638.5,170.5,0.999
5017,646.5,196.5,0.998
5018,660.5,224.5,0.997
5019,670.5,254.5,0.998
5020,678.5,286.5,0.998
5021,690.5,322.5,0.997
5022,698.5,356.5,0.997
5023,708.5,396.5,0.999
5024,718.5,376.5,0.999
5025,726.5,354.5,0.999
5026,734.5,336.5,0.999
5027,742.5,320.5,0.999
5028,750.5,306.5,0.999
5029,758.5,292.5,0.998
5030,768.5,284.5,0.998
5031,766.5,288.5,0.997
5055,748.5,300.5,0.977
5056,964.5,372.5,0.979
5057,966.5,374.5,0.992
5058,968.5,372.5,0.992
5059,972.5,364.5,0.996
5060,978.5,350.5,0.997
5066,964.5,390.5,0.986
5067,1042.5,402.5,0.919
5075,996.5,326.5,0.986
5078,826.5,354.5,0.994
5079,786.5,330.5,0.998
5080,748.5,306.5,0.999
5081,712.5,290.5,0.999
5082,676.5,274.5,0.999
5083,640.5,262.5,0.999
5084,608.5,256.5,0.999
5085,576.5,252.5,0.998
5086,546.5,252.5,0.997
5087,518.5,254.5,0.999
5088,490.5,258.5,0.999
5089,466.5,266.5,0.999
5090,444.5,274.5,0.998
5091,422.5,286.5,0.998
5092,400.5,280.5,0.999
5093,378.5,264.5,0.998
5094,354.5,250.5,0.999
5095,334.5,240.5,0.997
5096,312.5,232.5,0.997
5097,294.5,226.5,0.998
5098,276.5,224.5,0.999
5099,260.5,224.5,0.999
5100,242.5,226.5,0.997
5101,230.5,230.5,0.993
5102,242.5,224.5,0.997
5103,264.5,212.5,0.999
5104,288.5,204.5,0.996
5105,312.5,196.5,0.998
5106,336.5,192.5,0.999
5107,362.5,190.5,0.999
5108,388.5,192.5,0.999
5109,414.5,194.5,0.999
5110,442.5,200.5,0.999
5111,468.5,210.5,0.999
5112,494.5,222.5,0.999
5113,520.5,234.5,0.998
5114,546.5,252.5,0.999
5115,570.5,270.5,0.999
5116,596.5,288.5,0.999
5117,618.5,306.5,0.998
5118,642.5,322.5,0.999
5119,660.5,308.5,0.998
5120,678.5,296.5,0.999
5121,698.5,288.5,0.998
5122,718.5,282.5,0.998
5123,736.5,280.5,0.998
5124,754.5,280.5,0.999
5125,772.5,284.5,0.999
5126,790.5,288.5,0.999
5127,808.5,296.5,0.998
5128,796.5,278.5,0.999
5129,768.5,250.5,0.999
5130,740.5,228.5,0.999
5131,714.5,208.5,1.0
5132,688.5,192.5,1.0
5133,662.5,178.5,0.999
5134,638.5,168.5,0.999
5135,612.5,162.5,0.999
5136,588.5,158.5,0.998
5137,564.5,158.5,0.999
5138,544.5,160.5,0.999
5139,524.5,164.5,0.997
5140,502.5,172.5,0.999
5141,482.5,182.5,0.999
5142,464.5,194.5,0.999
5143,448.5,210.5,0.998
5144,432.5,224.5,0.998
5145,416.5,242.5,0.997
5146,402.5,260.5,0.997
5147,390.5,282.5,0.999
5148,378.5,270.5,0.997
5149,364.5,248.5,0.998
5150,352.5,228.5,0.998
5151,340.5,214.5,0.999
5152,330.5,200.5,0.998
5153,318.5,190.5,0.997
5154,308.5,182.5,0.998
5155,298.5,176.5,0.999
5156,290.5,174.5,0.998
5157,280.5,174.5,0.998
5158,274.5,176.5,0.996
5159,266.5,180.5,0.998
5160,258.5,188.5,0.998
5161,266.5,194.5,0.586
5162,356.5,210.5,0.968
5163,444.5,232.5,0.995
5164,534.5,256.5,0.997
5165,612.5,286.5,0.995
5166,696.5,318.5,0.995
5167,786.5,356.5,0.998
5168,874.5,368.5,0.999
5169,962.5,360.5,0.998
5170,1054.5,358.5,0.995
5175,454.5,118.5,0.786
5177,474.5,130.5,0.512
5181,498.5,158.5,0.996
5182,494.5,164.5,0.994
5183,488.5,170.5,0.986
5185,472.5,176.5,0.921
5188,412.5,190.5,0.978
5191,368.5,200.5,0.949
5236,1064.5,204.5,0.988
5237,1064.5,200.5,0.631
5238,1064.5,192.5,0.989
5243,946.5,514.5,0.799
5246,1042.5,312.5,0.848
5250,314.5,250.5,0.611
5254,1092.5,168.5,0.955
5255,1084.5,168.5,0.99
5268,1038.5,714.5,0.853
5269,1014.5,714.5,0.99
5270,990.5,714.5,0.99
5314,288.5,688.5,0.605
5318,216.5,570.5,0.897
5321,190.5,580.5,0.868
5322,172.5,570.5,0.524
5323,160.5,564.5,0.706
5325,174.5,594.5,0.885
5329,122.5,528.5,0.569
5331,110.5,520.5,0.988
5334,100.5,498.5,0.995
5335,98.5,494.5,0.851
5336,98.5,488.5,0.979
5337,96.5,486.5,0.99
5338,98.5,488.5,0.936
5339,848.5,340.5,0.947
5344,90.5,468.5,0.983
5347,86.5,476.5,0.975
5353,906.5,554.5,0.953
5363,120.5,476.5,0.992
5364,116.5,482.5,0.621
5366,136.5,474.5,0.989
5367,138.5,476.5,0.518
5369,124.5,480.5,0.991
5370,130.5,480.5,0.994
5371,160.5,478.5,0.994
5372,164.5,484.5,0.711
5373,170.5,488.5,0.994
5374,172.5,492.5,0.986
5375,178.5,504.5,0.991
5376,168.5,498.5,0.988
5377,188.5,518.5,0.984
5378,188.5,518.5,0.989
5379,198.5,528.5,0.994
5381,1122.5,496.5,0.801
5385,220.5,534.5,0.992
5386,242.5,536.5,0.993
5387,230.5,532.5,0.988
5388,242.5,530.5,0.991
5389,244.5,522.5,0.997
5390,252.5,516.5,0.991
5391,260.5,516.5,0.992
5392,270.5,518.5,0.699
5393,274.5,516.5,0.989
5394,276.5,514.5,0.991
5395,1022.5,592.5,0.969
5396,1038.5,574.5,0.983
5397,1050.5,560.5,0.836
5398,290.5,512.5,0.994
5399,292.5,512.5,0.592
5400,810.5,328.5,0.956
5401,292.5,504.5,0.97
5402,300.5,504.5,0.731
5404,296.5,500.5,0.972
5407,304.5,496.5,0.963
5412,1126.5,522.5,0.576
5413,316.5,488.5,0.865
5430,228.5,426.5,0.79
5442,250.5,254.5,0.643
5450,212.5,468.5,0.994
5479,360.5,498.5,0.515
5480,350.5,498.5,0.988
5487,314.5,468.5,0.591
5492,262.5,466.5,0.971
5493,252.5,472.5,0.99
5494,242.5,484.5,0.809
5495,234.5,498.5,0.968
5503,232.5,664.5,0.95
5504,246.5,660.5,0.965
5506,294.5,660.5,0.968
5511,344.5,660.5,0.988
5512,362.5,664.5,0.97
5513,356.5,652.5,0.99
5514,364.5,644.5,0.992
5515,376.5,640.5,0.977
5516,382.5,638.5,0.927
5517,388.5,636.5,0.992
5518,394.5,638.5,0.951
5519,386.5,630.5,0.994
5520,394.5,624.5,0.879
5521,398.5,628.5,0.989
5522,396.5,636.5,0.994
5523,402.5,632.5,0.987
5524,402.5,630.5,0.995
5525,406.5,628.5,0.995
5526,406.5,630.5,0.996
5528,400.5,634.5,0.997
5529,404.5,634.5,0.997
5531,402.5,634.5,0.971
5532,402.5,634.5,0.991
5656,270.5,210.5,0.983
5668,890.5,376.5,0.519
5709,1272.5,424.5,0.696
5711,1244.5,408.5,0.86
5712,1232.5,402.5,0.825
5714,1208.5,396.5,0.991
5715,1198.5,394.5,0.994
5716,1188.5,398.5,0.988
5717,1184.5,404.5,0.993
5718,1178.5,412.5,0.987
5719,1176.5,420.5,0.985
5720,1176.5,434.5,0.977
5721,1180.5,442.5,0.949
5745,1116.5,592.5,0.902
5747,1066.5,176.5,0.966
5757,938.5,462.5,0.817
5760,924.5,442.5,0.991
5761,924.5,426.5,0.89
5762,920.5,416.5,0.991
5763,918.5,408.5,0.986
5768,926.5,294.5,0.978
5774,1086.5,136.5,0.504
5788,450.5,236.5,0.872
5812,976.5,356.5,0.996
5813,976.5,354.5,0.991
5814,974.5,356.5,0.943
5822,978.5,342.5,0.994
5823,978.5,344.5,0.987
5824,978.5,344.5,0.984
5825,978.5,346.5,0.988
5826,978.5,346.5,0.992
5827,980.5,346.5,0.97
5828,978.5,346.5,0.987
5830,978.5,354.5,0.969
5831,976.5,360.5,0.968
5834,978.5,362.5,0.976
5835,976.5,352.5,0.995
5836,980.5,340.5,0.996
5842,972.5,382.5,0.947
5853,816.5,314.5,0.998
5854,774.5,292.5,0.998
5855,734.5,272.5,1.0
5856,696.5,256.5,1.0
5857,662.5,244.5,0.998
5858,626.5,234.5,0.998
5859,594.5,228.5,0.999
5860,564.5,224.5,1.0
5861,534.5,224.5,0.999
5862,508.5,224.5,0.999
5863,482.5,228.5,0.998
5864,460.5,232.5,0.999
5865,438.5,240.5,0.999
5866,418.5,248.5,0.998
5867,398.5,242.5,0.997
5868,378.5,224.5,0.999
5869,386.5,216.5,0.993
5870,414.5,212.5,0.999
5871,444.5,210.5,0.995
5872,474.5,212.5,0.998
5873,504.5,214.5,0.998
5874,534.5,218.5,0.999
5875,564.5,226.5,1.0
5876,594.5,236.5,0.998
5877,624.5,246.5,0.999
5878,654.5,260.5,0.999
5879,684.5,276.5,0.997
5880,716.5,296.5,0.999
5881,744.5,304.5,0.999
5882,772.5,296.5,0.999
5883,800.5,292.5,0.999
5884,828.5,288.5,0.999
5885,854.5,288.5,0.999
5886,882.5,290.5,0.999
5887,910.5,294.5,0.999
5888,912.5,288.5,0.999
5889,868.5,258.5,0.999
5890,828.5,232.5,0.999
5891,788.5,212.5,0.999
5892,750.5,194.5,1.0
5893,714.5,178.5,0.999
5894,678.5,166.5,0.998
5895,646.5,158.5,0.999
5896,616.5,152.5,0.998
5897,586.5,148.5,0.997
5898,558.5,148.5,0.999
5899,532.5,148.5,0.999
5900,508.5,152.5,0.999
5901,482.5,158.5,0.999
5902,460.5,164.5,0.998
5903,438.5,172.5,0.998
5904,420.5,184.5,0.999
5905,402.5,196.5,0.998
5906,384.5,208.5,0.998
5907,368.5,222.5,0.995
5908,354.5,236.5,0.995
5909,338.5,252.5,0.994
5910,340.5,264.5,0.799
5913,290.5,322.5,0.996
5917,1140.5,348.5,0.994
5918,244.5,292.5,0.994
5919,238.5,284.5,0.994
5920,230.5,280.5,0.996
5921,224.5,276.5,0.996
5922,218.5,276.5,0.997
5923,210.5,276.5,0.998
5924,206.5,278.5,0.998
5925,210.5,284.5,0.998
5926,212.5,288.5,0.988
5928,224.5,308.5,0.988
5929,226.5,316.5,0.989
5930,232.5,330.5,0.987
5931,234.5,334.5,0.988
5932,232.5,328.5,0.993
5933,232.5,328.5,0.853
5934,1104.5,366.5,0.966
5935,226.5,326.5,0.8
5937,228.5,328.5,0.504
5938,228.5,332.5,0.989
5939,228.5,338.5,0.992
5940,228.5,346.5,0.996
5941,228.5,344.5,0.972
5942,228.5,344.5,0.983
5943,228.5,344.5,0.57
5944,228.5,346.5,0.963
5945,228.5,350.5,0.96
5954,1158.5,406.5,0.921
5962,254.5,288.5,0.525
5974,328.5,220.5,0.705
5977,340.5,216.5,0.767
5982,358.5,216.5,0.934
5987,382.5,222.5,0.765
5989,388.5,224.5,0.911
6001,414.5,234.5,0.742
6004,414.5,230.5,0.962
6005,414.5,232.5,0.978
6007,416.5,232.5,0.633
6011,418.5,232.5,0.804
6015,418.5,232.5,0.588
6026,420.5,232.5,0.866
6027,420.5,232.5,0.542
6030,416.5,232.5,0.938
6031,416.5,232.5,0.947
6032,416.5,232.5,0.802
6034,416.5,232.5,0.816
6035,416.5,232.5,0.88
6036,416.5,232.5,0.791
6037,416.5,232.5,0.919
6038,418.5,232.5,0.644
6039,416.5,232.5,0.764
6054,418.5,232.5,0.977
6056,414.5,228.5,0.987
6057,412.5,228.5,0.99
6058,408.5,226.5,0.982
6059,404.5,226.5,0.906
6060,402.5,226.5,0.962
6061,396.5,224.5,0.938
6062,396.5,224.5,0.971
6064,388.5,224.5,0.951
6065,386.5,222.5,0.949
6066,384.5,220.5,0.974
6067,382.5,220.5,0.989
6068,382.5,218.5,0.984
6069,382.5,216.5,0.99
6071,386.5,216.5,0.937
6074,388.5,218.5,0.517
6075,390.5,216.5,0.951
6076,390.5,216.5,0.97
6077,392.5,216.5,0.971
6078,390.5,216.5,0.988
6079,392.5,214.5,0.905
6080,392.5,214.5,0.991
6081,394.5,212.5,0.995
6082,394.5,210.5,0.996
6083,394.5,208.5,0.992
6084,394.5,208.5,0.99
6085,394.5,206.5,0.991
6086,394.5,206.5,0.993
6087,394.5,206.5,0.98
6088,396.5,206.5,0.99
6089,394.5,206.5,0.991
6090,394.5,208.5,0.985
6091,394.5,208.5,0.991
6092,394.5,212.5,0.977
6093,390.5,210.5,0.993
6094,390.5,212.5,0.994
6095,1102.5,170.5,0.99
6096,386.5,216.5,0.955
6103,388.5,212.5,0.945
6104,388.5,208.5,0.987
6105,392.5,200.5,0.993
6106,398.5,186.5,0.998
6107,400.5,172.5,0.989
6108,402.5,154.5,0.959
6109,406.5,146.5,0.956
6111,402.5,108.5,0.984
6112,402.5,98.5,0.997
6113,402.5,86.5,0.997
6114,402.5,78.5,0.996
6115,402.5,72.5,0.995
6116,402.5,68.5,0.992
6117,404.5,70.5,0.982
6118,404.5,70.5,0.99
6119,406.5,72.5,0.99
6120,406.5,78.5,0.997
6121,406.5,84.5,0.993
6122,406.5,94.5,0.996
6123,410.5,102.5,0.994
6124,402.5,130.5,0.989
6125,410.5,140.5,0.592
6126,888.5,376.5,0.885
6128,430.5,184.5,0.99
6129,448.5,206.5,0.994
6130,468.5,232.5,0.999
6131,486.5,228.5,0.997
6132,504.5,226.5,0.998
6133,524.5,226.5,0.999
6134,546.5,226.5,0.999
6135,568.5,230.5,0.998
6136,592.5,238.5,0.997
6137,616.5,246.5,0.999
6138,642.5,260.5,0.999
6139,668.5,274.5,0.998
6140,696.5,294.5,0.999
6141,724.5,316.5,0.999
6142,752.5,340.5,0.999
6143,778.5,366.5,0.999
6144,806.5,364.5,0.999
6145,834.5,360.5,0.999
6146,866.5,356.5,0.998
6147,894.5,358.5,0.999
6148,924.5,360.5,0.985
6149,890.5,338.5,0.996
6150,844.5,312.5,0.998
6151,798.5,292.5,0.998
6152,758.5,278.5,0.999
6153,720.5,266.5,0.999
6154,686.5,258.5,1.0
6155,652.5,254.5,0.998
6156,622.5,250.5,0.999
6157,594.5,252.5,0.999
6158,570.5,254.5,0.998
6159,546.5,260.5,0.998
6160,524.5,268.5,0.998
6161,502.5,276.5,0.998
6162,484.5,274.5,0.999
6163,470.5,256.5,0.998
6164,454.5,238.5,0.999
6165,442.5,224.5,0.999
6166,428.5,212.5,0.997
6167,414.5,204.5,0.997
6168,402.5,198.5,0.998
6169,392.5,196.5,0.997
6170,382.5,196.5,0.998
6171,372.5,196.5,0.999
6172,364.5,200.5,0.999
6173,354.5,206.5,0.997
6174,348.5,214.5,0.99
6175,356.5,212.5,0.992
6176,376.5,204.5,0.999
6177,396.5,196.5,0.998
6178,418.5,194.5,0.997
6179,438.5,192.5,0.998
6180,462.5,194.5,0.999
6181,482.5,196.5,0.999
6182,508.5,204.5,0.999
6183,530.5,212.5,0.999
6184,554.5,224.5,0.999
6185,578.5,238.5,0.997
6186,600.5,254.5,0.999
6187,626.5,274.5,0.999
6188,648.5,294.5,0.997
6189,672.5,312.5,0.999
6190,690.5,302.5,0.998
6191,710.5,294.5,0.997
6192,732.5,288.5,0.999
6193,752.5,286.5,0.997
6194,772.5,286.5,0.999
6195,792.5,288.5,0.999
6196,814.5,292.5,0.997
6197,834.5,302.5,0.997
6198,854.5,312.5,0.997
6199,814.5,292.5,0.998
6200,772.5,274.5,0.999
6201,732.5,260.5,0.999
6202,694.5,250.5,0.999
6203,658.5,242.5,0.999
6204,622.5,236.5,0.998
6205,588.5,236.5,0.998
6206,554.5,236.5,0.998
6207,524.5,242.5,0.998
6208,494.5,246.5,0.998
6209,466.5,256.5,0.999
6210,438.5,268.5,0.999
6211,416.5,280.5,0.999
6212,390.5,296.5,0.998
6213,370.5,282.5,0.996
6214,348.5,264.5,0.997
6215,328.5,252.5,0.999
6216,308.5,240.5,0.999
6217,290.5,232.5,0.999
6218,274.5,228.5,0.999
6219,254.5,226.5,0.99
6220,272.5,224.5,0.992
6221,332.5,226.5,0.994
6222,392.5,228.5,0.994
6223,450.5,238.5,0.997
6224,510.5,248.5,0.997
6225,570.5,262.5,0.998
6226,628.5,282.5,0.997
6227,686.5,300.5,0.997
6228,744.5,322.5,0.997
6229,788.5,348.5,0.993
6230,846.5,344.5,0.997
6231,898.5,336.5,0.998
6232,946.5,328.5,0.995
6233,998.5,324.5,0.996
6234,1048.5,324.5,0.996
6235,1096.5,324.5,0.993
6243,1066.5,194.5,0.994
6244,1052.5,188.5,0.989
6246,1028.5,420.5,0.992
6247,1032.5,192.5,0.99
6248,1022.5,228.5,0.989
6252,1024.5,300.5,0.863
6253,300.5,202.5,0.989
6254,300.5,200.5,0.971
6283,1096.5,640.5,0.969
6284,1096.5,624.5,0.99
6285,1094.5,612.5,0.937
6303,1200.5,572.5,0.506
6350,254.5,226.5,0.986
6354,276.5,240.5,0.756
6363,278.5,236.5,0.822
6375,306.5,234.5,0.973
6378,306.5,230.5,0.681
6407,344.5,204.5,0.536
6442,314.5,156.5,0.641
6450,332.5,152.5,0.689
6453,338.5,178.5,0.986
6459,340.5,232.5,0.932
6483,348.5,192.5,0.931
6484,342.5,170.5,0.943
6486,892.5,374.5,0.554
6488,332.5,144.5,0.976
6497,360.5,198.5,0.972
6498,356.5,212.5,0.786
6518,1236.5,38.5,0.676
6519,1178.5,34.5,0.996
6520,1124.5,36.5,0.995
6521,1074.5,42.5,0.991
6522,1026.5,50.5,0.992
6523,982.5,60.5,0.995
6524,934.5,74.5,0.991
6525,894.5,88.5,0.994
6526,852.5,106.5,0.992
6527,816.5,124.5,0.993
6528,778.5,146.5,0.999
6529,742.5,168.5,0.999
6530,710.5,190.5,0.999
6531,680.5,212.5,0.999
6532,650.5,236.5,0.997
6533,626.5,258.5,0.999
6534,604.5,248.5,0.999
6535,586.5,222.5,0.999
6536,568.5,200.5,0.998
6537,550.5,180.5,0.999
6538,532.5,162.5,0.999
6539,514.5,148.5,0.999
6540,498.5,136.5,0.999
6541,482.5,128.5,0.999
6542,466.5,122.5,0.998
6543,450.5,118.5,0.997
6544,434.5,118.5,0.997
6545,420.5,120.5,0.998
6546,406.5,124.5,0.999
6547,394.5,130.5,0.997
6548,382.5,138.5,0.998
6549,370.5,148.5,0.998
6550,358.5,162.5,0.998
6558,330.5,136.5,0.758
6560,332.5,134.5,0.983
6562,308.5,158.5,0.992
6563,312.5,164.5,0.993
6564,314.5,172.5,0.993
6565,318.5,180.5,0.993
6566,324.5,186.5,0.995
6567,332.5,192.5,0.994
6568,338.5,196.5,0.982
6569,342.5,200.5,0.992
6570,348.5,200.5,0.993
6571,352.5,202.5,0.99
6572,358.5,204.5,0.992
6573,360.5,204.5,0.987
6574,364.5,204.5,0.993
6577,372.5,208.5,0.975
6578,372.5,208.5,0.989
6579,374.5,208.5,0.992
6580,374.5,210.5,0.989
6581,374.5,212.5,0.989
6582,374.5,214.5,0.99
6583,376.5,216.5,0.945
6584,376.5,218.5,0.825
6585,374.5,218.5,0.991
6586,376.5,218.5,0.99
6587,378.5,220.5,0.992
6588,378.5,222.5,0.987
6589,320.5,240.5,0.989
6590,386.5,224.5,0.992
6591,386.5,222.5,0.993
6596,418.5,190.5,0.81
6597,420.5,178.5,0.987
6598,424.5,162.5,0.978
6603,424.5,92.5,0.997
6604,424.5,84.5,0.995
6605,424.5,76.5,0.998
6606,424.5,72.5,0.997
6607,424.5,70.5,0.997
6608,424.5,72.5,0.995
6609,426.5,74.5,0.993
6610,426.5,80.5,0.997
6611,426.5,84.5,0.995
6612,428.5,94.5,0.996
6613,430.5,104.5,0.991
6614,428.5,120.5,0.563
6615,1250.5,652.5,0.971
6616,442.5,152.5,0.587
6618,444.5,186.5,0.998
6619,458.5,212.5,0.997
6620,470.5,228.5,0.995
6621,480.5,220.5,0.998
6622,492.5,212.5,0.998
6623,504.5,208.5,0.998
6624,518.5,204.5,0.999
6625,530.5,204.5,0.998
6626,546.5,208.5,0.997
6627,560.5,212.5,0.998
6628,576.5,220.5,0.997
6629,594.5,230.5,0.998
6630,612.5,244.5,0.999
6631,628.5,260.5,0.998
6632,648.5,280.5,0.997
6633,666.5,304.5,0.999
6634,686.5,328.5,0.999
6635,704.5,356.5,0.998
6636,724.5,390.5,0.998
6637,742.5,380.5,0.999
6638,760.5,372.5,0.998
6639,778.5,366.5,0.998
6640,798.5,364.5,0.998
6641,816.5,364.5,0.998
6642,836.5,368.5,0.997
6643,796.5,342.5,0.996
6644,740.5,312.5,0.998
6645,688.5,288.5,0.998
6646,638.5,268.5,0.996
6647,598.5,254.5,0.998
6648,560.5,244.5,0.999
6649,524.5,238.5,0.996
6650,492.5,234.5,0.997
6651,462.5,234.5,0.999
6652,436.5,238.5,0.999
6653,412.5,242.5,0.998
6654,390.5,250.5,0.999
6655,372.5,260.5,0.996
6656,354.5,268.5,0.997
6657,338.5,270.5,0.997
6658,320.5,246.5,0.997
6659,304.5,228.5,0.998
6660,290.5,212.5,0.998
6661,274.5,198.5,0.998
6662,262.5,190.5,0.998
6663,250.5,182.5,0.998
6664,242.5,178.5,0.996
6665,250.5,172.5,0.995
6666,274.5,162.5,0.999
6667,302.5,156.5,0.99
6668,330.5,154.5,0.998
6669,358.5,154.5,0.998
6670,388.5,156.5,0.999
6671,418.5,162.5,0.999
6672,448.5,168.5,0.999
6673,480.5,180.5,0.999
6674,510.5,194.5,0.999
6675,542.5,210.5,0.999
6676,572.5,230.5,0.998
6677,604.5,252.5,0.999
6678,634.5,276.5,0.998
6679,664.5,304.5,0.999
6680,690.5,332.5,0.999
6681,718.5,328.5,0.999
6682,742.5,312.5,0.999
6683,768.5,296.5,0.999
6684,794.5,288.5,0.999
6685,820.5,280.5,0.999
6686,846.5,274.5,0.999
6687,872.5,272.5,0.999
6688,898.5,274.5,0.999
6689,924.5,276.5,0.997
6690,948.5,284.5,0.999
6691,972.5,294.5,0.997
6692,996.5,306.5,0.998
6696,928.5,280.5,0.995
6697,870.5,252.5,0.997
6698,816.5,228.5,0.997
6699,764.5,212.5,0.998
6700,718.5,200.5,0.999
6701,674.5,194.5,0.999
6702,630.5,192.5,0.998
6703,592.5,192.5,0.999
6704,558.5,196.5,0.999
6705,524.5,202.5,0.999
6706,494.5,212.5,0.999
6707,466.5,222.5,0.999
6708,442.5,236.5,0.998
6709,418.5,250.5,0.998
6710,398.5,268.5,0.997
6711,374.5,262.5,0.998
6712,350.5,240.5,1.0
6713,326.5,220.5,1.0
6714,302.5,204.5,0.999
6715,282.5,192.5,0.999
6716,262.5,180.5,0.997
6717,242.5,174.5,0.998
6718,222.5,168.5,0.997
6719,208.5,168.5,0.995
6720,190.5,168.5,0.998
6721,210.5,154.5,0.988
6722,236.5,140.5,0.987
6723,268.5,130.5,0.997
6724,296.5,120.5,0.998
6725,326.5,114.5,0.997
6726,358.5,112.5,0.998
6727,390.5,110.5,0.998
6728,424.5,112.5,0.998
6729,456.5,116.5,0.997
6730,490.5,124.5,0.998
6731,524.5,134.5,0.999
6732,556.5,148.5,0.999
6733,590.5,162.5,0.998
6734,624.5,180.5,0.997
6735,656.5,200.5,0.998
6736,690.5,226.5,1.0
6737,720.5,250.5,0.999
6738,750.5,276.5,0.998
6739,780.5,306.5,0.999
6740,808.5,336.5,0.999
6741,834.5,324.5,0.999
6742,858.5,304.5,0.999
6743,884.5,286.5,0.999
6744,908.5,272.5,0.999
6745,930.5,258.5,0.999
6746,956.5,248.5,0.999
6747,980.5,244.5,0.998
6748,1004.5,242.5,0.999
6749,1024.5,242.5,0.997
6750,1046.5,244.5,0.996
6751,1068.5,250.5,0.998
6752,1088.5,260.5,0.997
6753,1108.5,272.5,0.998
6755,260.5,200.5,0.511
6756,1096.5,290.5,0.997
6757,1030.5,266.5,0.998
6758,962.5,244.5,0.995
6759,902.5,230.5,0.996
6760,846.5,220.5,0.995
6761,790.5,214.5,0.997
6762,740.5,212.5,0.997
6763,692.5,216.5,0.998
6764,646.5,220.5,0.998
6765,608.5,228.5,0.999
6766,570.5,238.5,0.998
6767,536.5,250.5,0.998
6768,504.5,264.5,0.998
6769,474.5,278.5,0.999
6770,444.5,270.5,0.999
6771,412.5,248.5,0.999
6772,382.5,232.5,0.999
6773,354.5,220.5,0.999
6774,326.5,208.5,1.0
6775,300.5,200.5,1.0
6776,274.5,196.5,0.999
6777,250.5,194.5,0.993
6778,230.5,194.5,0.997
6779,210.5,196.5,0.997
6780,190.5,202.5,0.995
6781,176.5,208.5,0.996
6782,196.5,190.5,0.996
6783,218.5,176.5,0.999
6784,242.5,162.5,0.999
6785,266.5,150.5,0.997
6786,290.5,144.5,0.999
6787,318.5,136.5,0.999
6788,344.5,134.5,0.998
6789,372.5,134.5,0.998
6790,400.5,136.5,0.998
6791,430.5,142.5,0.998
6792,458.5,148.5,0.999
6793,488.5,158.5,0.999
6794,518.5,172.5,0.998
6795,548.5,188.5,0.999
6796,578.5,204.5,0.999
6797,608.5,226.5,1.0
6798,638.5,246.5,0.999
6799,668.5,274.5,0.999
6800,696.5,300.5,0.999
6801,722.5,328.5,0.998
6802,748.5,354.5,0.999
6803,770.5,336.5,0.999
6804,792.5,316.5,0.999
6805,814.5,300.5,0.998
6806,836.5,288.5,0.999
6807,856.5,276.5,0.999
6808,876.5,268.5,0.998
6809,898.5,264.5,0.999
6810,918.5,264.5,0.999
6811,916.5,256.5,0.999
6812,858.5,242.5,0.998
6813,804.5,228.5,0.997
6814,752.5,218.5,0.998
6815,706.5,212.5,0.998
6816,664.5,210.5,0.997
6817,622.5,210.5,0.999
6818,586.5,212.5,0.997
6819,552.5,218.5,0.999
6820,522.5,226.5,0.999
6821,494.5,232.5,0.998
6822,466.5,244.5,0.998
6823,444.5,256.5,0.999
6824,422.5,268.5,0.999
6825,396.5,248.5,0.999
6826,368.5,232.5,0.998
6827,342.5,220.5,0.999
6828,318.5,210.5,0.999
6829,294.5,202.5,1.0
6830,274.5,196.5,0.999
6831,254.5,194.5,0.996
6832,236.5,192.5,0.998
6833,218.5,194.5,0.998
6834,202.5,198.5,0.996
6835,188.5,206.5,0.995
6836,174.5,212.5,0.997
6837,162.5,222.5,0.997
6838,150.5,232.5,0.998
6839,140.5,244.5,0.996
6840,130.5,260.5,0.998
6841,130.5,274.5,0.997
6842,136.5,292.5,0.996
6843,144.5,308.5,0.996
6844,150.5,328.5,0.998
6845,158.5,350.5,0.996
6846,166.5,372.5,0.996
6847,168.5,370.5,0.996
6848,168.5,364.5,0.995
6849,170.5,360.5,0.995
6850,172.5,360.5,0.997
6851,174.5,362.5,0.993
6852,176.5,364.5,0.994
6853,178.5,368.5,0.997
6854,182.5,376.5,0.998
6855,186.5,384.5,0.997
6856,190.5,394.5,0.998
6857,194.5,406.5,0.998
6858,198.5,420.5,0.996
6859,202.5,420.5,0.985
6860,206.5,420.5,0.984
6861,212.5,418.5,0.988
6862,214.5,420.5,0.997
6863,218.5,422.5,0.998
6864,224.5,430.5,0.996
6865,230.5,438.5,0.998
6866,234.5,446.5,0.998
6867,240.5,448.5,0.996
6868,242.5,450.5,0.996
6869,246.5,454.5,0.998
6870,252.5,462.5,0.998
6871,254.5,464.5,0.998
6872,258.5,468.5,0.998
6873,262.5,472.5,0.999
6874,266.5,476.5,0.997
6875,270.5,480.5,0.998
6876,274.5,482.5,0.998
6877,278.5,488.5,0.998
6878,282.5,492.5,0.998
6879,286.5,496.5,0.998
6880,290.5,500.5,0.997
6881,294.5,504.5,0.998
6882,298.5,506.5,0.998
6883,302.5,512.5,0.998
6884,306.5,514.5,0.997
6885,310.5,518.5,0.998
6886,314.5,522.5,0.999
6887,318.5,526.5,0.997
6888,322.5,528.5,0.997
6889,326.5,534.5,0.997
6890,330.5,536.5,0.998
6891,334.5,542.5,0.997
6892,340.5,544.5,0.998
6893,344.5,548.5,0.998
6894,348.5,550.5,0.998
6895,354.5,554.5,0.997
6896,358.5,558.5,0.998
6897,362.5,560.5,0.998
6898,366.5,564.5,0.997
6899,370.5,566.5,0.998
6900,374.5,570.5,0.999
6901,378.5,574.5,0.998
6902,382.5,578.5,0.998
6903,386.5,580.5,0.998
6904,390.5,584.5,0.999
6905,394.5,588.5,0.998
6906,396.5,592.5,0.997
6907,400.5,594.5,0.997
6908,404.5,598.5,0.997
6909,408.5,600.5,0.998
6910,410.5,604.5,0.997
6911,414.5,608.5,0.997
6912,416.5,610.5,0.996
6913,418.5,614.5,0.997
6914,422.5,616.5,0.998
6915,424.5,618.5,0.997
6916,424.5,620.5,0.993
6926,268.5,490.5,0.971
6931,276.5,506.5,0.609
6933,274.5,506.5,0.775
6940,924.5,714.5,0.942
6965,464.5,512.5,0.542
6981,236.5,198.5,0.947
6984,598.5,560.5,0.88
6991,554.5,374.5,0.99
6992,556.5,364.5,0.992
6993,558.5,356.5,0.99
6994,560.5,352.5,0.992
6995,562.5,352.5,0.993
6996,566.5,354.5,0.997
6997,568.5,360.5,0.998
6998,568.5,368.5,0.997
6999,572.5,380.5,0.994
7000,574.5,392.5,0.998
7001,574.5,408.5,0.999
7002,578.5,426.5,0.999
7003,580.5,446.5,0.998
7004,582.5,466.5,0.999
7005,582.5,490.5,0.999
7006,582.5,514.5,0.998
7007,584.5,538.5,0.998
7008,584.5,564.5,0.997
7009,586.5,576.5,0.998
7010,594.5,554.5,0.999
7011,602.5,536.5,0.999
7012,608.5,520.5,0.998
7013,616.5,508.5,0.997
7014,624.5,500.5,0.992
7015,632.5,490.5,0.996
7016,640.5,486.5,0.991
7017,646.5,484.5,0.99
7018,654.5,484.5,0.991
7019,662.5,488.5,0.992
7042,844.5,572.5,0.705
7048,758.5,714.5,0.94
7049,776.5,714.5,0.51
7054,866.5,690.5,0.907
7055,882.5,682.5,0.978
7059,764.5,500.5,0.982
7061,766.5,498.5,0.903
7062,768.5,500.5,0.978
7063,768.5,498.5,0.752
7064,770.5,498.5,0.966
7065,770.5,498.5,0.635
7066,770.5,496.5,0.985
7067,772.5,496.5,0.978
7068,772.5,496.5,0.961
7069,772.5,496.5,0.98
7070,772.5,494.5,0.99
7071,772.5,494.5,0.932
7072,772.5,494.5,0.988
7073,880.5,356.5,0.991
7074,234.5,202.5,0.944
7075,1000.5,610.5,0.894
7077,952.5,608.5,0.971
7084,778.5,492.5,0.969
7085,982.5,362.5,0.882
7086,986.5,366.5,0.978
7089,778.5,494.5,0.823
7112,1072.5,552.5,0.99
7122,1112.5,532.5,0.682
7123,1110.5,518.5,0.985
7124,1108.5,498.5,0.991
7125,1098.5,474.5,0.992
7128,968.5,324.5,0.999
7129,922.5,286.5,0.998
7130,880.5,256.5,0.998
7131,838.5,226.5,0.999
7132,798.5,202.5,0.999
7133,760.5,184.5,0.998
7134,722.5,166.5,0.998
7135,686.5,154.5,0.999
7136,648.5,146.5,0.997
7137,616.5,138.5,0.997
7138,584.5,136.5,0.997
7139,554.5,136.5,0.998
7140,526.5,136.5,0.999
7141,498.5,144.5,0.999
7142,472.5,148.5,0.995
7143,450.5,160.5,0.998
7144,426.5,168.5,0.999
7145,404.5,182.5,0.994
7146,386.5,194.5,0.998
7147,378.5,190.5,0.997
7148,374.5,192.5,0.51
7155,336.5,206.5,0.696
7156,334.5,208.5,0.968
7157,332.5,212.5,0.992
7158,332.5,214.5,0.995
7159,334.5,218.5,0.723
7160,986.5,372.5,0.532
7163,334.5,220.5,0.619
7164,336.5,220.5,0.957
7165,336.5,222.5,0.729
7166,338.5,224.5,0.918
7167,340.5,222.5,0.982
7168,340.5,224.5,0.953
7170,346.5,224.5,0.989
7171,350.5,224.5,0.992
7172,354.5,224.5,0.989
7173,358.5,222.5,0.997
7177,386.5,204.5,0.989
7178,394.5,188.5,0.865
7179,398.5,174.5,0.991
7180,392.5,122.5,0.966
7181,404.5,140.5,0.971
7182,404.5,124.5,0.982
7183,404.5,110.5,0.988
7184,402.5,98.5,0.991
7185,404.5,88.5,0.996
7186,402.5,80.5,0.997
7187,404.5,76.5,0.994
7188,406.5,72.5,0.996
7189,404.5,70.5,0.996
7190,406.5,72.5,0.995
7191,408.5,76.5,0.994
7192,410.5,82.5,0.994
7193,410.5,90.5,0.994
7194,408.5,120.5,0.99
7197,424.5,150.5,0.561
7200,438.5,192.5,0.998
7201,454.5,216.5,0.991
7202,470.5,240.5,0.998
7203,486.5,252.5,0.997
7204,500.5,246.5,0.994
7205,518.5,246.5,0.995
7206,534.5,246.5,0.995
7207,554.5,250.5,0.998
7208,574.5,256.5,0.999
7209,594.5,266.5,0.998
7210,616.5,280.5,0.998
7211,638.5,294.5,0.998
7212,664.5,316.5,0.999
7213,688.5,338.5,0.999
7214,714.5,364.5,0.999
7215,738.5,392.5,0.999
7216,764.5,418.5,0.999
7217,790.5,414.5,0.998
7218,818.5,412.5,0.997
7219,844.5,414.5,0.998
7221,800.5,378.5,0.997
7222,748.5,352.5,0.999
7223,700.5,330.5,0.998
7224,658.5,316.5,0.998
7225,622.5,304.5,0.999
7226,590.5,296.5,0.999
7227,560.5,292.5,0.998
7228,534.5,290.5,0.999
7229,512.5,288.5,0.999
7230,492.5,288.5,0.999
7231,474.5,288.5,0.999
7232,458.5,268.5,0.998
7233,444.5,250.5,0.998
7234,430.5,238.5,0.998
7235,418.5,228.5,0.997
7236,406.5,220.5,0.998
7237,396.5,216.5,0.999
7238,386.5,214.5,0.999
7239,378.5,214.5,0.998
7241,390.5,196.5,0.996
7242,404.5,180.5,0.995
7243,420.5,168.5,0.998
7244,436.5,156.5,0.999
7245,452.5,146.5,0.998
7246,470.5,140.5,0.999
7247,486.5,134.5,0.996
7248,506.5,132.5,0.997
7249,524.5,130.5,0.999
7250,542.5,132.5,0.998
7251,562.5,138.5,0.999
7252,582.5,144.5,0.999
7253,602.5,154.5,0.999
7254,622.5,164.5,0.998
7255,642.5,180.5,0.997
7256,666.5,200.5,0.998
7257,684.5,220.5,0.999
7258,706.5,244.5,0.998
7259,724.5,270.5,0.998
7260,746.5,298.5,0.998
7261,766.5,328.5,0.998
7262,786.5,366.5,0.999
7263,806.5,400.5,0.999
7264,824.5,380.5,0.999
7265,842.5,362.5,0.999
7266,862.5,346.5,0.997
7267,880.5,336.5,0.998
7268,900.5,326.5,0.998
7269,918.5,320.5,0.998
7270,938.5,320.5,0.994
7271,958.5,320.5,0.998
7272,976.5,324.5,0.997
7273,994.5,332.5,0.998
7274,930.5,322.5,0.997
7275,834.5,308.5,0.996
7276,748.5,296.5,0.998
7277,674.5,292.5,0.998
7278,610.5,290.5,0.998
7279,550.5,288.5,0.997
7280,498.5,290.5,0.997
7281,456.5,296.5,0.998
7282,418.5,304.5,0.998
7283,380.5,282.5,0.998
7284,344.5,258.5,0.999
7285,316.5,238.5,0.999
7286,288.5,220.5,0.993
7287,264.5,208.5,0.999
7288,242.5,198.5,0.998
7289,222.5,194.5,0.998
7290,202.5,192.5,0.996
7291,186.5,190.5,0.994
7292,202.5,184.5,0.994
7293,228.5,176.5,0.999
7294,258.5,172.5,0.996
7295,288.5,168.5,0.997
7296,320.5,170.5,0.997
7297,352.5,172.5,0.997
7298,386.5,180.5,0.999
7299,418.5,188.5,0.999
7300,450.5,198.5,0.999
7301,486.5,214.5,0.998
7302,518.5,230.5,0.995
7303,550.5,250.5,0.997
7304,582.5,270.5,0.999
7305,614.5,292.5,0.998
7306,646.5,316.5,0.999
7307,674.5,314.5,0.998
7308,704.5,302.5,0.998
7309,730.5,292.5,0.998
7310,758.5,288.5,0.999
7311,786.5,284.5,0.997
7312,814.5,282.5,0.999
7313,842.5,284.5,0.998
7314,870.5,290.5,0.999
7315,896.5,298.5,0.998
7316,922.5,308.5,0.997
7317,916.5,298.5,0.999
7318,882.5,264.5,0.999
7319,848.5,236.5,0.999
7320,814.5,210.5,0.999
7321,784.5,194.5,1.0
7322,754.5,178.5,1.0
7323,722.5,164.5,0.999
7324,694.5,156.5,0.999
7325,668.5,152.5,0.998
7326,640.5,152.5,0.998
7327,614.5,152.5,0.999
7328,590.5,156.5,0.998
7329,568.5,164.5,0.997
7330,546.5,174.5,0.998
7331,528.5,184.5,0.999
7332,508.5,198.5,0.998
7333,492.5,214.5,0.999
7334,474.5,230.5,0.999
7335,460.5,250.5,0.999
7336,448.5,270.5,0.998
7337,432.5,248.5,0.996
7338,418.5,228.5,0.998
7339,406.5,210.5,0.999
7340,392.5,194.5,0.997
7341,380.5,180.5,0.997
7342,366.5,168.5,0.997
7343,356.5,162.5,0.998
7344,344.5,156.5,0.996
7345,334.5,154.5,0.995
7346,324.5,154.5,0.998
7347,314.5,156.5,0.998
7348,306.5,160.5,0.999
7349,298.5,166.5,0.998
7350,292.5,176.5,0.996
7351,310.5,168.5,0.993
7352,338.5,162.5,0.995
7353,364.5,158.5,0.994
7354,394.5,156.5,0.998
7355,420.5,158.5,0.999
7356,450.5,162.5,0.999
7357,480.5,168.5,0.998
7358,510.5,178.5,0.998
7359,542.5,192.5,0.999
7360,572.5,208.5,0.999
7361,602.5,226.5,0.999
7362,632.5,246.5,0.998
7363,662.5,270.5,0.997
7364,690.5,294.5,0.999
7365,720.5,322.5,0.999
7366,748.5,340.5,0.998
7367,770.5,322.5,0.999
7368,796.5,308.5,0.998
7369,818.5,296.5,0.998
7370,844.5,288.5,0.998
7371,866.5,280.5,0.999
7372,892.5,276.5,0.996
7373,914.5,276.5,0.998
7374,940.5,280.5,0.998
7375,964.5,288.5,0.995
7379,830.5,270.5,0.998
7380,738.5,256.5,0.996
7381,658.5,246.5,0.993
7382,590.5,244.5,0.998
7383,528.5,244.5,0.995
7384,474.5,250.5,0.995
7385,428.5,260.5,0.995
7386,388.5,272.5,0.996
7387,348.5,250.5,0.988
7388,310.5,224.5,0.998
7389,274.5,204.5,0.993
7390,242.5,188.5,0.997
7391,214.5,176.5,0.998
7392,188.5,166.5,0.997
7394,100.5,84.5,0.996
7395,50.5,34.5,0.988
7399,146.5,96.5,0.992
7402,136.5,128.5,0.769
7403,132.5,136.5,0.651
7404,818.5,338.5,0.965
7407,1020.5,412.5,0.523
7454,894.5,376.5,0.891
7491,492.5,580.5,0.987
7492,488.5,590.5,0.98
7495,488.5,592.5,0.941
7525,12.5,72.5,0.736
7527,6.5,68.5,0.963
7528,12.5,64.5,0.994
7529,20.5,60.5,0.992
7530,30.5,58.5,0.99
7531,40.5,56.5,0.99
7532,48.5,56.5,0.989
7533,58.5,58.5,0.992
7534,68.5,60.5,0.995
7535,80.5,64.5,0.997
7536,92.5,68.5,0.997
7537,104.5,72.5,0.998
7538,114.5,76.5,0.997
7539,122.5,80.5,0.999
7540,132.5,84.5,0.996
7541,142.5,94.5,0.998
7542,150.5,100.5,0.993
7543,158.5,108.5,0.995
7544,164.5,116.5,0.992
7545,172.5,130.5,0.998
7546,180.5,140.5,0.997
7547,186.5,152.5,0.997
7548,190.5,166.5,0.998
7549,194.5,180.5,0.997
7550,194.5,180.5,0.996
7552,190.5,236.5,0.987
7559,914.5,712.5,0.988
7560,930.5,714.5,0.988
7561,946.5,714.5,0.993
7571,314.5,234.5,0.993
7572,322.5,236.5,0.99
7573,330.5,236.5,0.994
7574,340.5,234.5,0.996
7575,354.5,226.5,0.981
7576,366.5,218.5,0.985
7577,380.5,204.5,0.991
7578,394.5,192.5,0.986
7579,410.5,184.5,0.996
7580,426.5,176.5,0.995
7581,440.5,170.5,0.998
7582,458.5,166.5,0.997
7583,474.5,166.5,0.998
7584,492.5,168.5,0.999
7585,508.5,174.5,0.998
7586,528.5,182.5,0.998
7587,546.5,194.5,0.999
7588,564.5,208.5,0.999
7589,582.5,224.5,0.999
7590,600.5,240.5,0.999
7591,616.5,260.5,0.997
7592,634.5,284.5,0.998
7593,650.5,308.5,0.999
7594,666.5,332.5,0.999
7595,680.5,316.5,0.998
7596,694.5,298.5,0.999
7597,708.5,284.5,0.998
7598,722.5,274.5,0.999
7599,734.5,264.5,0.999
7600,748.5,260.5,0.999
7601,762.5,256.5,0.999
7602,774.5,258.5,0.999
7603,788.5,260.5,0.999
7604,800.5,266.5,0.997
7605,814.5,276.5,0.998
7606,824.5,288.5,0.999
7607,836.5,302.5,0.998
7608,846.5,316.5,0.998
7609,860.5,312.5,0.998
7610,864.5,310.5,0.997
7611,870.5,312.5,0.997
7612,876.5,316.5,0.997
7613,882.5,320.5,0.996
7624,964.5,688.5,0.957
7632,976.5,358.5,0.986
7633,978.5,354.5,0.99
7638,978.5,358.5,0.99
7639,978.5,360.5,0.989
7640,978.5,366.5,0.938
7641,976.5,370.5,0.647
7642,974.5,372.5,0.996
7644,976.5,376.5,0.991
7645,978.5,370.5,0.996
7646,982.5,362.5,0.997
7647,988.5,348.5,0.997
7650,996.5,340.5,0.991
7652,974.5,380.5,0.986
7665,822.5,338.5,0.995
7666,780.5,332.5,0.996
7667,740.5,310.5,0.998
7668,702.5,292.5,0.998
7669,668.5,280.5,0.998
7670,632.5,272.5,0.998
7671,600.5,264.5,0.998
7672,570.5,262.5,0.998
7673,540.5,260.5,0.999
7674,512.5,264.5,0.998
7675,486.5,270.5,0.998
7676,464.5,276.5,0.998
7677,440.5,286.5,0.999
7678,418.5,272.5,0.998
7679,394.5,260.5,0.998
7680,372.5,248.5,0.998
7681,350.5,242.5,0.998
7682,330.5,238.5,0.998
7683,310.5,236.5,0.998
7684,316.5,230.5,0.993
7685,336.5,220.5,0.999
7686,358.5,210.5,0.996
7687,382.5,204.5,0.997
7688,406.5,200.5,0.999
7689,430.5,198.5,0.997
7690,452.5,198.5,0.998
7691,478.5,200.5,0.999
7692,502.5,208.5,0.999
7693,526.5,214.5,0.998
7694,552.5,224.5,0.999
7695,578.5,236.5,0.998
7696,604.5,250.5,0.998
7697,628.5,268.5,0.998
7698,654.5,286.5,0.998
7699,678.5,306.5,0.999
7700,702.5,326.5,0.998
7701,726.5,340.5,0.998
7702,744.5,324.5,0.997
7703,764.5,314.5,0.998
7704,782.5,306.5,0.998
7705,802.5,300.5,0.996
7706,820.5,298.5,0.999
7707,840.5,298.5,0.999
7708,820.5,292.5,0.995
7709,764.5,284.5,0.988
7710,714.5,278.5,0.993
7711,664.5,276.5,0.993
7712,622.5,276.5,0.997
7713,578.5,276.5,0.997
7714,542.5,280.5,0.998
7715,506.5,286.5,0.999
7716,474.5,294.5,0.998
7717,444.5,292.5,0.999
7718,418.5,274.5,0.998
7719,390.5,258.5,0.999
7720,366.5,246.5,0.996
7721,344.5,236.5,0.999
7722,324.5,230.5,0.999
7723,306.5,226.5,0.998
7724,294.5,220.5,0.994
7725,320.5,212.5,0.999
7726,348.5,202.5,0.999
7727,376.5,194.5,0.998
7728,404.5,190.5,0.999
7729,434.5,188.5,0.999
7730,464.5,188.5,0.998
7731,494.5,192.5,0.999
7732,526.5,196.5,0.998
7733,556.5,204.5,0.998
7734,588.5,216.5,0.998
7735,616.5,228.5,0.999
7736,646.5,244.5,0.999
7737,676.5,260.5,0.999
7738,704.5,280.5,0.998
7739,734.5,302.5,0.999
7740,762.5,326.5,0.999
7741,790.5,332.5,0.999
7742,814.5,316.5,0.999
7743,838.5,302.5,0.998
7744,862.5,290.5,0.999
7745,886.5,282.5,0.999
7746,910.5,276.5,0.998
7747,934.5,274.5,0.999
7748,956.5,276.5,0.989
7749,912.5,260.5,0.998
7750,862.5,246.5,0.998
7751,816.5,238.5,0.996
7752,770.5,232.5,0.997
7753,730.5,228.5,0.996
7754,690.5,228.5,0.998
7755,654.5,230.5,0.997
7756,620.5,236.5,0.998
7757,588.5,244.5,0.998
7758,556.5,252.5,0.997
7759,528.5,262.5,0.998
7760,502.5,276.5,0.998
7761,478.5,280.5,0.999
7762,450.5,262.5,0.999
7763,426.5,250.5,0.999
7764,402.5,240.5,0.996
7765,378.5,230.5,0.997
7766,356.5,224.5,0.998
7767,334.5,222.5,0.998
7768,316.5,220.5,0.998
7769,298.5,224.5,0.846
7770,286.5,228.5,0.964
7771,290.5,220.5,0.999
7772,294.5,218.5,0.996
7773,298.5,218.5,0.995
7774,304.5,220.5,0.996
7775,310.5,226.5,0.997
7776,316.5,232.5,0.998
7777,324.5,244.5,0.999
7778,332.5,256.5,0.998
7779,342.5,272.5,0.998
7780,350.5,290.5,0.995
7781,362.5,314.5,0.998
7782,372.5,340.5,0.999
7783,384.5,366.5,0.998
7784,396.5,396.5,0.999
7785,408.5,426.5,0.998
7786,420.5,460.5,0.997
7787,434.5,498.5,0.997
7788,446.5,536.5,0.997
7789,460.5,578.5,0.997
7790,250.5,144.5,0.811
7795,528.5,576.5,0.997
7796,538.5,572.5,0.999
7797,550.5,568.5,0.999
7798,562.5,570.5,0.998
7799,574.5,572.5,0.998
7800,584.5,578.5,0.999
7801,596.5,586.5,0.999
7802,608.5,596.5,0.997
7803,620.5,610.5,0.998
7804,630.5,626.5,0.999
7805,642.5,644.5,0.998
7806,652.5,662.5,0.998
7807,662.5,682.5,0.999
7808,676.5,680.5,0.999
7809,692.5,680.5,0.999
7810,706.5,682.5,0.999
7811,722.5,690.5,0.999
7812,736.5,696.5,0.999
7813,752.5,708.5,1.0
7814,766.5,714.5,0.998
7839,970.5,368.5,0.986
7842,1064.5,428.5,0.99
7843,1056.5,440.5,0.994
7844,1054.5,456.5,0.986
7846,1044.5,484.5,0.771
7848,1040.5,520.5,0.771
7851,1084.5,574.5,0.597
7852,278.5,214.5,0.816
7853,1000.5,690.5,0.804
7857,1010.5,562.5,0.708
7860,1100.5,642.5,0.631
7861,938.5,642.5,0.759
7871,1008.5,522.5,0.62
7874,882.5,458.5,0.979
7880,1092.5,460.5,0.769
7892,292.5,216.5,0.984
7893,294.5,218.5,0.649
7894,292.5,218.5,0.614
7906,506.5,568.5,0.825
7935,492.5,560.5,0.95
7936,504.5,544.5,0.911
7954,870.5,468.5,0.68
7959,866.5,690.5,0.669
7963,738.5,298.5,0.975
7992,992.5,364.5,0.992
7993,982.5,380.5,0.991
7994,976.5,394.5,0.989
8005,852.5,330.5,0.996
8006,804.5,306.5,0.999
8007,760.5,288.5,0.999
8008,720.5,272.5,0.999
8009,680.5,260.5,0.999
8010,644.5,252.5,0.999
8011,610.5,246.5,0.998
8012,576.5,244.5,0.999
8013,546.5,244.5,0.998
8014,516.5,244.5,0.997
8015,490.5,250.5,0.997
8016,464.5,256.5,0.998
8017,440.5,248.5,0.999
8018,418.5,236.5,0.996
8019,398.5,224.5,0.999
8020,378.5,216.5,0.998
8021,382.5,210.5,0.998
8022,404.5,202.5,0.998
8023,426.5,198.5,0.999
8024,450.5,196.5,0.999
8025,474.5,196.5,0.998
8026,496.5,200.5,0.998
8027,522.5,208.5,0.999
8028,546.5,214.5,0.998
8029,570.5,226.5,0.999
8030,596.5,238.5,0.999
8031,622.5,252.5,0.998
8032,646.5,268.5,0.999
8033,674.5,290.5,0.999
8034,698.5,310.5,0.998
8035,722.5,320.5,0.999
8036,744.5,308.5,0.998
8037,766.5,302.5,0.998
8038,788.5,296.5,0.999
8039,810.5,292.5,0.997
8040,832.5,292.5,0.998
8041,854.5,296.5,0.998
8042,840.5,288.5,0.998
8043,790.5,270.5,0.997
8044,746.5,256.5,0.998
8045,704.5,244.5,0.999
8046,662.5,236.5,0.997
8047,622.5,228.5,0.998
8048,584.5,228.5,0.998
8049,550.5,228.5,0.999
8050,514.5,230.5,0.997
8051,484.5,234.5,0.998
8052,454.5,242.5,0.999
8053,426.5,252.5,0.998
8054,398.5,262.5,0.998
8055,374.5,276.5,0.997
8056,352.5,272.5,0.996
8057,328.5,252.5,0.999
8058,308.5,238.5,0.999
8059,288.5,226.5,0.998
8060,280.5,214.5,0.989
8061,304.5,200.5,0.999
8062,332.5,186.5,0.999
8063,358.5,176.5,0.999
8064,384.5,168.5,0.999
8065,414.5,164.5,0.999
8066,442.5,162.5,0.999
8067,472.5,160.5,0.999
8068,502.5,162.5,0.999
8069,532.5,168.5,0.999
8070,562.5,176.5,0.999
8071,592.5,186.5,0.999
8072,622.5,196.5,0.998
8073,650.5,212.5,0.996
8074,680.5,228.5,0.999
8075,710.5,248.5,0.999
8076,738.5,270.5,0.999
8077,764.5,292.5,0.998
8078,790.5,318.5,0.999
8079,814.5,340.5,0.998
8080,834.5,322.5,0.999
8081,854.5,302.5,0.998
8082,874.5,286.5,0.999
8083,894.5,272.5,0.999
8084,912.5,262.5,0.998
8085,932.5,254.5,0.998
8086,950.5,248.5,0.999
8087,966.5,246.5,0.995
8088,970.5,248.5,0.58
8089,910.5,226.5,0.997
8090,852.5,210.5,0.991
8091,798.5,200.5,0.999
8092,748.5,194.5,0.998
8093,702.5,188.5,0.997
8094,658.5,188.5,0.991
8095,620.5,188.5,0.996
8096,582.5,192.5,0.999
8097,548.5,198.5,0.998
8098,518.5,206.5,0.999
8099,490.5,216.5,0.999
8100,464.5,226.5,0.998
8101,438.5,238.5,0.999
8102,418.5,244.5,0.997
8103,394.5,222.5,0.999
8104,376.5,204.5,0.998
8105,358.5,188.5,0.999
8106,340.5,176.5,0.999
8107,324.5,166.5,0.996
8108,310.5,158.5,0.998
8109,294.5,154.5,0.998
8110,282.5,154.5,0.995
8111,292.5,146.5,0.997
8112,314.5,140.5,0.998
8113,334.5,134.5,0.997
8114,354.5,134.5,0.997
8115,374.5,134.5,0.996
8116,396.5,136.5,0.999
8117,418.5,142.5,0.999
8118,442.5,148.5,0.999
8119,466.5,156.5,0.998
8120,490.5,168.5,0.999
8121,514.5,180.5,0.999
8122,538.5,196.5,0.999
8123,562.5,212.5,0.999
8124,588.5,232.5,0.999
8125,610.5,252.5,0.999
8126,626.5,268.5,0.997
8127,622.5,274.5,0.996
8128,614.5,278.5,0.997
8129,610.5,288.5,0.995
8130,606.5,282.5,0.996
8131,600.5,272.5,0.998
8132,598.5,266.5,0.998
8133,594.5,260.5,0.998
8134,588.5,260.5,0.998
8135,586.5,258.5,0.998
8136,582.5,260.5,0.997
8137,578.5,266.5,0.998
8138,576.5,272.5,0.997
8139,572.5,262.5,0.999
8140,570.5,256.5,0.998
8141,566.5,252.5,0.998
8142,562.5,248.5,0.998
8143,558.5,246.5,0.997
8144,556.5,248.5,0.997
8145,554.5,252.5,0.997
8146,550.5,256.5,0.998
8147,548.5,248.5,0.998
8148,544.5,244.5,0.997
8149,542.5,240.5,0.996
8150,538.5,238.5,0.996
8151,534.5,236.5,0.996
8152,532.5,240.5,0.996
8153,530.5,244.5,0.998
8154,530.5,240.5,0.996
8155,526.5,232.5,0.995
8156,522.5,230.5,0.997
8157,518.5,228.5,0.995
8158,516.5,230.5,0.996
8159,514.5,232.5,0.993
8160,510.5,232.5,0.994
8161,508.5,228.5,0.997
8162,506.5,224.5,0.997
8163,502.5,224.5,0.995
8164,498.5,222.5,0.995
8165,498.5,226.5,0.997
8166,494.5,226.5,0.998
8167,492.5,220.5,0.993
8168,490.5,216.5,0.997
8169,486.5,216.5,0.995
8170,484.5,218.5,0.995
8171,482.5,220.5,0.993
8172,480.5,226.5,0.995
8225,382.5,196.5,0.534
8226,378.5,198.5,0.817
8230,500.5,596.5,0.906
8233,364.5,198.5,0.716
8234,366.5,198.5,0.55
8235,366.5,198.5,0.592
8236,366.5,198.5,0.968
8237,364.5,200.5,0.55
8238,364.5,200.5,0.992
8239,362.5,200.5,0.99
8240,362.5,200.5,0.995
8241,364.5,202.5,0.989
8242,362.5,204.5,0.99
8243,362.5,204.5,0.989
8244,364.5,206.5,0.762
8245,364.5,206.5,0.595
8246,362.5,206.5,0.938
8247,364.5,206.5,0.922
8248,364.5,206.5,0.899
8249,364.5,208.5,0.991
8250,364.5,208.5,0.993
8251,364.5,208.5,0.993
8252,366.5,210.5,0.995
8253,368.5,212.5,0.995
8254,370.5,212.5,0.973
8255,370.5,214.5,0.975
8257,372.5,218.5,0.648
8258,384.5,218.5,0.809
8262,944.5,702.5,0.786
8263,404.5,202.5,0.972
8264,408.5,190.5,0.991
8265,412.5,176.5,0.996
8266,416.5,162.5,0.991
8267,416.5,144.5,0.973
8270,414.5,100.5,0.991
8271,414.5,94.5,0.997
8272,412.5,84.5,0.997
8273,412.5,80.5,0.997
8274,410.5,76.5,0.996
8275,410.5,74.5,0.994
8276,410.5,78.5,0.995
8277,410.5,80.5,0.997
8278,410.5,86.5,0.998
8279,412.5,92.5,0.996
8280,412.5,100.5,0.996
8281,414.5,112.5,0.989
8282,414.5,128.5,0.982
8283,418.5,146.5,0.964
8284,978.5,356.5,0.835
8286,432.5,184.5,0.998
8287,448.5,202.5,0.996
8288,464.5,224.5,0.999
8289,480.5,244.5,0.995
8290,494.5,252.5,0.995
8291,510.5,250.5,0.997
8292,528.5,252.5,0.996
8293,544.5,254.5,0.997
8294,562.5,260.5,0.998
8295,582.5,268.5,0.998
8296,602.5,278.5,0.998
8297,622.5,290.5,0.998
8298,644.5,306.5,0.999
8299,666.5,324.5,0.999
8300,690.5,344.5,0.999
8301,712.5,368.5,0.999
8302,736.5,368.5,0.999
8303,758.5,366.5,0.999
8304,784.5,368.5,0.999
8305,806.5,372.5,0.998
8307,786.5,358.5,0.998
8308,740.5,340.5,0.998
8309,694.5,322.5,0.998
8310,654.5,310.5,0.998
8311,618.5,302.5,0.998
8312,584.5,296.5,0.998
8313,552.5,292.5,0.998
8314,526.5,290.5,0.999
8315,500.5,290.5,0.999
8316,478.5,292.5,0.998
8317,456.5,296.5,0.998
8318,438.5,280.5,0.999
8319,420.5,266.5,0.998
8320,404.5,256.5,0.998
8321,388.5,246.5,0.995
8322,374.5,240.5,0.998
8323,362.5,236.5,0.998
8324,350.5,236.5,0.998
8325,340.5,236.5,0.997
8326,334.5,236.5,0.993
8327,352.5,220.5,0.994
8328,372.5,208.5,0.999
8329,390.5,196.5,0.996
8330,410.5,188.5,0.998
8331,432.5,180.5,0.998
8332,454.5,176.5,0.999
8333,476.5,174.5,0.998
8334,498.5,174.5,0.999
8335,524.5,176.5,0.999
8336,546.5,182.5,0.998
8337,570.5,190.5,0.998
8338,594.5,200.5,0.999
8339,620.5,212.5,0.998
8340,642.5,228.5,0.999
8341,668.5,246.5,0.999
8342,692.5,268.5,0.999
8343,716.5,290.5,0.999
8344,738.5,314.5,0.998
8345,760.5,340.5,0.999
8346,780.5,354.5,0.999
8347,800.5,336.5,0.999
8348,820.5,322.5,0.999
8349,840.5,310.5,0.997
8350,858.5,304.5,0.998
8351,878.5,296.5,0.998
8352,872.5,288.5,0.999
8353,818.5,274.5,0.999
8354,764.5,260.5,0.998
8355,716.5,252.5,0.996
8356,670.5,244.5,0.998
8357,626.5,242.5,0.999
8358,584.5,242.5,0.999
8359,546.5,244.5,0.999
8360,510.5,246.5,0.998
8361,478.5,254.5,0.997
8362,446.5,262.5,0.998
8363,418.5,272.5,0.999
8364,392.5,284.5,0.999
8365,368.5,288.5,0.997
8366,346.5,266.5,0.999
8367,324.5,248.5,0.998
8368,304.5,234.5,0.998
8369,286.5,224.5,0.999
8370,266.5,214.5,0.999
8371,250.5,210.5,0.999
8372,234.5,206.5,0.997
8373,220.5,208.5,0.995
8374,236.5,212.5,0.948
8375,298.5,226.5,0.996
8376,358.5,242.5,0.998
8377,418.5,262.5,0.997
8378,480.5,286.5,0.996
8379,532.5,316.5,0.996
8380,564.5,306.5,0.997
8381,558.5,288.5,0.998
8382,550.5,268.5,0.999
8383,542.5,254.5,0.998
8384,534.5,242.5,0.998
8385,528.5,232.5,0.998
8386,520.5,226.5,0.997
8387,514.5,222.5,0.998
8388,508.5,222.5,0.996
8389,502.5,222.5,0.998
8390,498.5,226.5,0.998
8391,492.5,230.5,0.997
8392,488.5,238.5,0.995
8393,484.5,248.5,0.997
8394,480.5,260.5,0.998
8395,476.5,274.5,0.999
8396,472.5,274.5,0.998
8397,472.5,256.5,0.998
8398,470.5,242.5,0.997
8399,470.5,232.5,0.998
8400,470.5,224.5,0.998
8401,470.5,216.5,0.998
8402,470.5,212.5,0.994
8403,470.5,212.5,0.992
8404,470.5,214.5,0.994
8405,470.5,216.5,0.995
8406,470.5,220.5,0.999
8407,470.5,228.5,0.995
8408,470.5,236.5,0.997
8409,472.5,246.5,0.995
8410,474.5,260.5,0.995
8411,476.5,250.5,0.994
8412,478.5,240.5,0.996
8413,482.5,230.5,0.997
8414,484.5,224.5,0.997
8415,492.5,216.5,0.997
8418,1098.5,170.5,0.995
8422,428.5,226.5,0.818
8429,996.5,714.5,0.987
8449,366.5,200.5,0.99
8450,366.5,202.5,0.763
8451,362.5,202.5,0.988
8454,356.5,202.5,0.921
8456,352.5,204.5,0.628
8458,348.5,204.5,0.927
8459,346.5,202.5,0.617
8461,342.5,202.5,0.916
8467,348.5,200.5,0.881
8469,352.5,200.5,0.965
8470,356.5,198.5,0.988
8471,358.5,198.5,0.988
8472,360.5,198.5,0.987
8473,362.5,198.5,0.992
8474,364.5,198.5,0.995
8475,364.5,198.5,0.993
8476,366.5,198.5,0.991
8477,366.5,196.5,0.994
8478,366.5,196.5,0.993
8479,368.5,198.5,0.991
8480,368.5,196.5,0.992
8481,368.5,198.5,0.993
8482,368.5,196.5,0.992
8483,370.5,198.5,0.995
8484,370.5,198.5,0.994
8485,370.5,198.5,0.994
8486,370.5,198.5,0.995
8487,370.5,198.5,0.995
8488,370.5,198.5,0.993
8489,370.5,198.5,0.995
8490,370.5,200.5,0.994
8491,372.5,198.5,0.994
8492,374.5,200.5,0.994
8493,374.5,200.5,0.994
8494,374.5,198.5,0.995
8495,374.5,200.5,0.995
8496,374.5,200.5,0.995
8497,374.5,200.5,0.996
8498,374.5,200.5,0.996
8499,374.5,200.5,0.994
8500,374.5,200.5,0.995
8501,372.5,200.5,0.996
8502,372.5,200.5,0.996
8503,372.5,200.5,0.997
8504,372.5,200.5,0.997
8505,372.5,200.5,0.996
8506,370.5,198.5,0.996
8507,372.5,196.5,0.994
8508,372.5,194.5,0.995
8509,372.5,190.5,0.996
8510,372.5,182.5,0.993
8511,370.5,178.5,0.991
8512,370.5,174.5,0.99
8513,368.5,166.5,0.993
8514,368.5,162.5,0.99
8515,366.5,156.5,0.992
8516,364.5,154.5,0.993
8518,362.5,146.5,0.95
8522,372.5,144.5,0.991
8523,374.5,136.5,0.996
8524,374.5,132.5,0.995
8525,374.5,128.5,0.997
8526,372.5,124.5,0.948
8527,370.5,122.5,0.993
8532,362.5,124.5,0.968
8534,354.5,130.5,0.995
8535,354.5,136.5,0.99
8542,340.5,146.5,0.564
8548,372.5,134.5,0.984
8549,372.5,128.5,0.973
8559,1034.5,470.5,0.932
8568,1088.5,220.5,0.847
8569,1106.5,214.5,0.97
8571,340.5,128.5,0.517
8589,368.5,156.5,0.993
8590,374.5,150.5,0.995
8591,380.5,148.5,0.995
8592,384.5,150.5,0.988
8599,378.5,162.5,0.635
8600,376.5,162.5,0.987
8601,378.5,162.5,0.996
8602,380.5,162.5,0.993
8603,386.5,162.5,0.633
8604,386.5,164.5,0.995
8605,386.5,164.5,0.995
8606,386.5,164.5,0.994
8607,388.5,166.5,0.996
8608,388.5,168.5,0.998
8609,388.5,172.5,0.994
8610,386.5,174.5,0.995
8611,384.5,178.5,0.995
8612,382.5,182.5,0.996
8613,380.5,184.5,0.998
8614,378.5,184.5,0.995
8615,378.5,184.5,0.994
8616,378.5,182.5,0.995
8617,380.5,178.5,0.995
8618,384.5,178.5,0.993
8619,386.5,176.5,0.993
8620,390.5,176.5,0.991
8621,392.5,174.5,0.994
8622,396.5,176.5,0.993
8623,394.5,176.5,0.995
8624,394.5,178.5,0.996
8625,394.5,180.5,0.996
8626,392.5,182.5,0.994
8627,390.5,184.5,0.996
8628,388.5,186.5,0.995
8629,386.5,188.5,0.993
8630,384.5,190.5,0.993
8631,382.5,192.5,0.99
8632,380.5,192.5,0.991
8633,380.5,194.5,0.996
8634,380.5,196.5,0.997
8635,380.5,198.5,0.995
8636,380.5,200.5,0.998
8637,382.5,202.5,0.995
8638,382.5,204.5,0.991
8639,380.5,204.5,0.997
8641,1118.5,356.5,0.991
8642,1124.5,346.5,0.924
8644,396.5,190.5,0.859
8645,398.5,182.5,0.995
8646,402.5,170.5,0.998
8647,404.5,158.5,0.996
8648,406.5,142.5,0.994
8650,406.5,110.5,0.994
8651,404.5,98.5,0.991
8652,402.5,88.5,0.997
8653,404.5,80.5,0.997
8654,402.5,74.5,0.997
8655,404.5,70.5,0.995
8656,406.5,68.5,0.992
8657,406.5,70.5,0.993
8658,406.5,72.5,0.996
8659,408.5,78.5,0.996
8660,408.5,84.5,0.994
8661,410.5,94.5,0.996
8662,412.5,104.5,0.994
8663,402.5,134.5,0.977
8664,416.5,140.5,0.558
8665,420.5,156.5,0.922
8667,430.5,184.5,0.638
8668,446.5,206.5,0.997
8669,462.5,230.5,0.996
8670,478.5,236.5,0.998
8671,494.5,230.5,0.997
8672,510.5,228.5,0.998
8673,528.5,228.5,0.998
8674,546.5,228.5,0.998
8675,566.5,232.5,0.999
8676,586.5,240.5,0.999
8677,606.5,248.5,0.999
8678,626.5,260.5,0.998
8679,650.5,278.5,0.997
8680,672.5,294.5,0.998
8681,694.5,316.5,0.999
8682,716.5,340.5,0.998
8683,738.5,366.5,0.999
8684,758.5,358.5,0.998
8685,778.5,354.5,0.999
8686,800.5,352.5,0.999
8687,820.5,352.5,0.999
8688,842.5,356.5,0.997
8689,852.5,358.5,0.99
8690,800.5,330.5,0.996
8691,750.5,308.5,0.999
8692,706.5,290.5,0.998
8693,662.5,276.5,0.996
8694,622.5,264.5,0.999
8695,584.5,258.5,0.998
8696,550.5,254.5,0.999
8697,518.5,252.5,0.998
8698,488.5,254.5,0.998
8699,458.5,258.5,0.999
8700,434.5,264.5,0.998
8701,410.5,272.5,0.999
8702,388.5,282.5,0.999
8703,370.5,292.5,0.996
8704,350.5,284.5,0.996
8705,330.5,264.5,0.996
8706,312.5,248.5,0.999
8707,296.5,236.5,0.999
8708,280.5,226.5,0.997
8709,266.5,218.5,0.997
8710,252.5,214.5,0.996
8711,240.5,212.5,0.998
8712,226.5,210.5,0.998
8713,216.5,214.5,0.997
8714,206.5,220.5,0.997
8715,198.5,226.5,0.992
8716,202.5,224.5,0.998
8717,226.5,212.5,0.999
8718,252.5,202.5,0.996
8719,276.5,192.5,0.999
8720,304.5,186.5,0.998
8721,332.5,182.5,0.998
8722,362.5,180.5,0.999
8723,392.5,184.5,0.999
8724,422.5,188.5,0.999
8725,454.5,196.5,0.999
8726,488.5,210.5,0.999
8727,518.5,222.5,0.999
8728,552.5,240.5,0.999
8729,586.5,260.5,0.997
8730,618.5,282.5,0.998
8731,650.5,306.5,0.999
8732,682.5,334.5,0.999
8733,714.5,364.5,0.999
8734,742.5,368.5,1.0
8735,768.5,352.5,0.999
8736,794.5,338.5,0.999
8737,820.5,328.5,0.999
8738,848.5,322.5,0.999
8739,876.5,316.5,0.997
8740,902.5,316.5,0.997
8741,882.5,312.5,0.996
8742,810.5,306.5,0.997
8743,750.5,302.5,0.998
8744,694.5,300.5,0.997
8745,646.5,304.5,0.998
8746,606.5,308.5,0.997
8747,582.5,312.5,0.998
8748,582.5,314.5,0.999
8749,586.5,312.5,0.998
8750,592.5,314.5,0.998
8751,594.5,314.5,0.997
8752,598.5,314.5,0.998
8753,602.5,316.5,0.998
8754,606.5,316.5,0.997
8755,606.5,316.5,0.998
8756,608.5,316.5,0.997
8757,610.5,316.5,0.998
8758,612.5,316.5,0.999
8759,612.5,316.5,0.999
8760,614.5,316.5,0.999
8761,616.5,316.5,0.999
8762,618.5,316.5,0.998
8763,620.5,316.5,0.997
8764,622.5,316.5,0.998
8765,622.5,316.5,0.998
8766,624.5,314.5,0.998
8767,626.5,316.5,0.998
8768,626.5,314.5,0.999
8769,630.5,314.5,0.999
8770,630.5,314.5,0.999
8771,632.5,314.5,0.999
8772,634.5,314.5,0.999
8773,636.5,314.5,0.999
8774,636.5,312.5,0.999
8775,638.5,312.5,0.998
8776,640.5,312.5,0.999
8777,642.5,312.5,0.999
8778,642.5,312.5,0.999
8779,646.5,312.5,0.999
8780,646.5,312.5,0.999
8781,648.5,312.5,0.999
8782,650.5,312.5,0.999
8783,650.5,310.5,0.999
8784,652.5,310.5,0.999
8785,654.5,310.5,0.999
8786,656.5,310.5,0.999
8787,658.5,310.5,0.999
8788,658.5,310.5,0.999
8789,660.5,310.5,0.999
8790,660.5,310.5,0.998
8791,662.5,310.5,0.997
8792,662.5,310.5,0.998
8793,666.5,308.5,0.999
8794,666.5,308.5,0.999
8795,670.5,308.5,0.999
8796,670.5,308.5,0.998
8797,672.5,308.5,0.998
8798,672.5,306.5,0.998
8799,674.5,306.5,0.998
8800,676.5,306.5,0.998
8801,678.5,306.5,0.998
8802,678.5,306.5,0.998
8803,678.5,304.5,0.997
8804,680.5,304.5,0.998
8805,682.5,304.5,0.999
8806,682.5,304.5,0.998
8807,684.5,304.5,0.997
8808,686.5,304.5,0.997
8809,686.5,302.5,0.997
8810,688.5,302.5,0.995
8811,690.5,302.5,0.995
8812,690.5,300.5,0.995
8813,692.5,302.5,0.996
8814,692.5,300.5,0.995
8815,694.5,300.5,0.996
8816,694.5,298.5,0.998
8817,696.5,300.5,0.997
8818,698.5,296.5,0.998
8819,698.5,298.5,0.998
8820,698.5,296.5,0.997
8821,698.5,294.5,0.998
8822,702.5,300.5,0.994
8823,708.5,302.5,0.992
8824,712.5,308.5,0.995
8825,716.5,312.5,0.997
8826,722.5,318.5,0.995
8827,726.5,322.5,0.997
8828,730.5,326.5,0.999
8829,736.5,330.5,0.998
8830,740.5,334.5,0.998
8831,744.5,338.5,0.998
8832,748.5,340.5,0.999
8833,754.5,344.5,0.999
8834,758.5,348.5,0.999
8835,762.5,350.5,0.999
8836,764.5,352.5,0.998
8837,768.5,356.5,0.999
8838,770.5,356.5,0.999
8839,774.5,362.5,0.999
8840,778.5,366.5,0.999
8841,782.5,364.5,0.969
8842,786.5,364.5,0.997
8843,800.5,362.5,0.938
8862,344.5,214.5,0.957
8868,962.5,630.5,0.596
8869,958.5,642.5,0.602
8872,1032.5,366.5,0.582
8873,1032.5,380.5,0.592
8875,1048.5,400.5,0.941
8878,1094.5,426.5,0.86
8890,316.5,216.5,0.778
8914,998.5,358.5,0.992
8916,982.5,386.5,0.99
8924,1026.5,360.5,0.99
8925,866.5,712.5,0.965
8926,850.5,336.5,0.998
8927,800.5,318.5,0.998
8928,754.5,304.5,0.998
8929,706.5,292.5,0.998
8930,664.5,284.5,0.997
8931,622.5,278.5,0.998
8932,582.5,278.5,0.996
8933,546.5,278.5,0.998
8934,512.5,282.5,0.998
8935,480.5,288.5,0.999
8936,448.5,296.5,0.999
8937,420.5,280.5,0.999
8938,394.5,268.5,0.998
8939,368.5,260.5,0.996
8940,344.5,252.5,0.996
8941,318.5,248.5,0.998
8942,304.5,244.5,0.998
8943,324.5,228.5,0.997
8944,348.5,214.5,0.999
8945,372.5,202.5,0.999
8946,398.5,192.5,0.999
8947,422.5,184.5,0.999
8948,450.5,180.5,0.999
8949,476.5,178.5,0.999
8950,502.5,178.5,0.999
8951,530.5,180.5,0.999
8952,558.5,184.5,0.999
8953,586.5,194.5,0.999
8954,614.5,202.5,0.999
8955,640.5,214.5,0.998
8956,670.5,230.5,0.999
8957,696.5,248.5,0.999
8958,724.5,268.5,0.998
8959,750.5,290.5,0.999
8960,776.5,314.5,0.999
8961,802.5,340.5,0.999
8962,826.5,364.5,0.999
8963,846.5,342.5,0.999
8964,864.5,324.5,0.998
8965,884.5,312.5,0.999
8966,904.5,298.5,0.998
8967,924.5,290.5,0.998
8968,942.5,284.5,0.998
8969,958.5,280.5,0.998
8970,976.5,280.5,0.997
8971,996.5,284.5,0.998
8972,1012.5,290.5,0.999
8973,1026.5,300.5,0.998
8974,1040.5,310.5,0.995
8975,1056.5,322.5,0.985
8987,996.5,336.5,0.546
8988,974.5,332.5,0.981
8990,932.5,304.5,0.982
8991,914.5,298.5,0.985
8992,902.5,286.5,0.993
8993,894.5,276.5,0.996
8994,888.5,272.5,0.992
8995,882.5,272.5,0.698
8996,1134.5,632.5,0.955
8997,890.5,276.5,0.992
8998,892.5,286.5,0.993
8999,892.5,298.5,0.956
9007,918.5,714.5,0.973
9047,884.5,714.5,0.95
9050,826.5,336.5,0.999
9051,784.5,314.5,0.998
9052,742.5,296.5,0.998
9053,702.5,280.5,0.999
9054,662.5,270.5,0.997
9055,624.5,262.5,0.998
9056,590.5,258.5,0.998
9057,556.5,256.5,0.999
9058,524.5,258.5,0.999
9059,492.5,262.5,0.998
9060,464.5,268.5,0.998
9061,436.5,278.5,0.998
9062,410.5,288.5,0.999
9063,388.5,286.5,0.998
9064,366.5,268.5,0.997
9065,346.5,258.5,0.999
9066,324.5,246.5,0.996
9067,306.5,240.5,0.998
9068,288.5,236.5,0.996
9069,300.5,228.5,0.997
9070,330.5,220.5,0.999
9071,362.5,214.5,0.998
9072,396.5,212.5,0.994
9073,430.5,212.5,0.996
9074,464.5,212.5,0.996
9075,496.5,218.5,0.999
9076,530.5,226.5,0.999
9077,566.5,236.5,0.999
9078,600.5,248.5,0.998
9079,634.5,262.5,0.998
9080,668.5,280.5,0.999
9081,704.5,300.5,0.998
9082,738.5,324.5,0.998
9083,770.5,350.5,0.999
9084,802.5,368.5,0.999
9085,830.5,352.5,0.999
9086,860.5,338.5,0.999
9087,890.5,330.5,0.999
9088,918.5,324.5,0.999
9089,948.5,320.5,0.999
9090,950.5,312.5,0.996
9091,888.5,290.5,0.999
9092,832.5,272.5,0.998
9093,774.5,256.5,0.998
9094,726.5,244.5,0.998
9095,678.5,236.5,0.999
9096,636.5,232.5,0.999
9097,596.5,228.5,0.998
9098,560.5,230.5,0.998
9099,528.5,232.5,0.998
9100,500.5,238.5,0.997
9101,472.5,244.5,0.997
9102,448.5,252.5,0.997
9103,426.5,260.5,0.997
9104,404.5,260.5,0.997
9105,388.5,240.5,0.998
9106,368.5,222.5,0.995
9107,352.5,208.5,0.999
9108,348.5,198.5,0.996
9109,370.5,188.5,0.999
9110,396.5,180.5,0.998
9111,422.5,178.5,0.999
9112,448.5,176.5,0.999
9113,474.5,176.5,0.999
9114,500.5,178.5,0.999
9115,528.5,182.5,0.999
9116,554.5,192.5,0.998
9117,582.5,200.5,0.999
9118,610.5,212.5,0.999
9119,638.5,228.5,0.999
9120,670.5,246.5,0.998
9121,696.5,266.5,0.999
9122,726.5,288.5,0.999
9123,754.5,314.5,0.999
9124,782.5,342.5,0.998
9125,810.5,358.5,0.999
9126,834.5,342.5,0.999
9127,862.5,330.5,0.999
9128,886.5,322.5,0.999
9129,912.5,314.5,0.996
9130,940.5,312.5,0.998
9131,964.5,312.5,0.997
9132,952.5,306.5,0.999
9133,878.5,288.5,0.997
9134,808.5,274.5,0.999
9135,748.5,262.5,0.997
9136,692.5,256.5,0.999
9137,644.5,252.5,0.997
9138,600.5,250.5,0.998
9139,562.5,250.5,0.997
9140,528.5,252.5,0.998
9141,496.5,256.5,0.998
9142,468.5,260.5,0.998
9143,446.5,252.5,0.998
9144,424.5,232.5,0.998
9145,402.5,216.5,0.998
9146,386.5,204.5,0.995
9147,370.5,192.5,0.999
9148,358.5,184.5,0.975
9149,372.5,174.5,0.961
9150,382.5,170.5,0.987
9151,396.5,164.5,0.993
9152,408.5,162.5,0.997
9153,422.5,160.5,0.999
9154,434.5,162.5,0.999
9155,446.5,166.5,0.998
9156,462.5,176.5,0.999
9157,476.5,184.5,0.999
9158,490.5,196.5,0.998
9159,504.5,212.5,0.998
9160,518.5,232.5,0.998
9161,532.5,254.5,0.999
9162,546.5,278.5,0.997
9163,562.5,308.5,0.998
9164,576.5,338.5,0.998
9165,588.5,370.5,0.996
9166,600.5,360.5,0.999
9167,610.5,346.5,0.998
9168,622.5,336.5,0.998
9169,632.5,328.5,0.998
9170,646.5,324.5,0.998
9171,658.5,322.5,0.997
9172,670.5,324.5,0.997
9173,682.5,328.5,0.999
9174,694.5,336.5,0.999
9175,706.5,348.5,0.995
9176,700.5,338.5,0.981
9177,670.5,304.5,0.999
9178,644.5,274.5,0.999
9179,620.5,254.5,0.999
9180,598.5,236.5,0.999
9181,580.5,224.5,0.999
9182,562.5,214.5,0.997
9183,546.5,210.5,0.999
9184,532.5,208.5,0.999
9185,520.5,210.5,0.999
9186,510.5,212.5,0.998
9187,500.5,218.5,0.999
9188,490.5,224.5,0.998
9189,484.5,232.5,0.998
9190,478.5,242.5,0.997
9191,470.5,246.5,0.997
9192,464.5,224.5,0.998
9193,458.5,206.5,0.998
9194,450.5,190.5,0.999
9195,444.5,178.5,1.0
9196,438.5,168.5,0.991
9197,454.5,162.5,0.987
9198,482.5,158.5,0.98
9199,506.5,156.5,0.995
9200,532.5,160.5,0.998
9201,558.5,162.5,0.998
9202,584.5,168.5,0.999
9203,612.5,178.5,0.999
9204,638.5,188.5,0.998
9205,666.5,202.5,0.998
9206,692.5,218.5,1.0
9207,718.5,236.5,0.999
9208,746.5,256.5,0.999
9209,772.5,278.5,0.998
9210,798.5,300.5,0.999
9211,820.5,286.5,0.999
9212,842.5,274.5,0.999
9213,866.5,266.5,0.999
9214,890.5,258.5,0.999
9215,914.5,256.5,0.998
9216,936.5,252.5,0.999
9217,958.5,256.5,0.998
9218,982.5,258.5,0.999
9219,1004.5,266.5,0.998
9220,1024.5,276.5,0.998
9221,1046.5,288.5,0.999
9222,1064.5,302.5,0.998
9223,1084.5,322.5,0.998
9224,1100.5,340.5,0.996
9225,1116.5,362.5,0.999
9226,1074.5,344.5,0.995
9227,1008.5,308.5,0.996
9228,946.5,282.5,0.997
9229,886.5,258.5,0.999
9230,832.5,242.5,0.999
9231,776.5,228.5,0.998
9232,726.5,220.5,0.998
9233,676.5,216.5,0.998
9234,630.5,214.5,0.997
9235,588.5,216.5,0.998
9236,548.5,224.5,0.999
9237,510.5,230.5,0.996
9238,474.5,240.5,0.999
9239,442.5,252.5,0.998
9240,412.5,268.5,0.998
9241,382.5,284.5,0.998
9242,348.5,264.5,0.999
9243,316.5,246.5,0.998
9244,284.5,234.5,0.999
9245,252.5,222.5,0.999
9246,222.5,214.5,0.998
9247,196.5,210.5,0.999
9248,166.5,206.5,0.997
9249,142.5,208.5,0.995
9250,118.5,210.5,0.998
9251,96.5,214.5,0.995
9252,74.5,224.5,0.993
9253,90.5,210.5,0.995
9254,120.5,188.5,0.969
9255,150.5,172.5,0.997
9256,184.5,158.5,0.997
9257,220.5,146.5,0.998
9258,256.5,138.5,0.998
9259,294.5,132.5,0.998
9260,332.5,132.5,0.998
9261,370.5,132.5,0.998
9262,410.5,138.5,0.998
9263,450.5,148.5,0.998
9264,488.5,158.5,0.998
9265,526.5,172.5,0.998
9266,564.5,192.5,0.999
9267,600.5,210.5,0.999
9268,636.5,232.5,0.999
9269,672.5,258.5,0.999
9270,704.5,282.5,0.998
9271,734.5,310.5,0.999
9272,764.5,340.5,0.998
9273,794.5,336.5,0.999
9274,824.5,312.5,0.999
9275,852.5,292.5,0.999
9276,882.5,276.5,0.999
9277,914.5,264.5,0.999
9278,944.5,252.5,0.998
9279,972.5,244.5,0.996
9280,1000.5,242.5,0.999
9281,1028.5,240.5,0.998
9282,1054.5,244.5,0.995
9283,1082.5,250.5,0.992
9284,1066.5,246.5,0.991
9285,1002.5,230.5,0.995
9286,942.5,222.5,0.995
9287,884.5,216.5,0.994
9288,828.5,212.5,0.994
9289,774.5,212.5,0.997
9290,724.5,218.5,0.998
9291,678.5,224.5,0.999
9292,636.5,232.5,0.998
9293,594.5,244.5,0.999
9294,554.5,258.5,0.999
9295,518.5,272.5,0.998
9296,486.5,288.5,0.999
9297,454.5,306.5,0.999
9298,428.5,286.5,0.999
9299,402.5,264.5,0.999
9300,378.5,246.5,0.999
9301,354.5,230.5,0.999
9302,334.5,220.5,0.999
9303,312.5,212.5,0.999
9304,290.5,206.5,0.998
9305,270.5,202.5,0.999
9306,254.5,202.5,1.0
9307,236.5,206.5,0.999
9308,222.5,210.5,0.999
9309,208.5,216.5,0.998
9310,194.5,226.5,0.998
9311,182.5,236.5,0.998
9312,174.5,252.5,0.997
9313,168.5,260.5,0.998
9314,194.5,244.5,0.997
9315,222.5,232.5,0.999
9316,252.5,220.5,0.996
9317,278.5,212.5,0.999
9318,310.5,206.5,0.998
9319,342.5,204.5,0.999
9320,374.5,204.5,0.999
9321,408.5,206.5,0.999
9322,444.5,212.5,0.998
9323,478.5,220.5,0.998
9324,516.5,234.5,0.998
9325,552.5,250.5,0.998
9326,590.5,268.5,0.998
9327,626.5,290.5,0.999
9328,660.5,314.5,0.998
9329,694.5,340.5,0.998
9330,728.5,370.5,0.999
9331,764.5,402.5,0.999
9332,794.5,386.5,1.0
9333,826.5,372.5,0.999
9334,858.5,360.5,0.999
9335,890.5,354.5,1.0
9336,922.5,348.5,0.998
9337,956.5,348.5,0.997
9338,948.5,338.5,0.996
9339,864.5,306.5,0.998
9340,792.5,280.5,0.996
9341,726.5,260.5,0.997
9342,672.5,248.5,0.999
9343,618.5,238.5,0.997
9344,574.5,232.5,0.998
9345,534.5,230.5,0.996
9346,498.5,230.5,0.996
9347,466.5,234.5,0.998
9348,436.5,240.5,0.999
9349,410.5,246.5,0.998
9350,388.5,254.5,0.999
9351,368.5,260.5,0.997
9352,350.5,236.5,0.998
9353,332.5,216.5,0.999
9354,314.5,198.5,0.999
9355,310.5,186.5,0.997
9356,328.5,176.5,0.996
9357,344.5,168.5,0.998
9358,362.5,162.5,0.998
9359,382.5,160.5,0.999
9360,400.5,160.5,0.998
9361,422.5,160.5,0.999
9362,442.5,164.5,0.999
9363,464.5,172.5,0.998
9364,488.5,180.5,0.999
9365,512.5,194.5,0.999
9366,536.5,210.5,1.0
9367,562.5,228.5,0.999
9368,586.5,250.5,0.998
9369,612.5,276.5,0.999
9370,638.5,304.5,0.999
9371,660.5,332.5,0.999
9372,686.5,366.5,0.999
9373,712.5,402.5,0.999
9374,734.5,402.5,0.999
9375,758.5,388.5,0.999
9376,782.5,374.5,0.999
9377,806.5,366.5,0.999
9378,832.5,360.5,0.999
9379,858.5,358.5,0.997
9380,886.5,358.5,0.997
9382,796.5,318.5,0.998
9383,738.5,296.5,0.997
9384,690.5,284.5,0.996
9385,648.5,274.5,0.998
9386,614.5,270.5,0.998
9387,582.5,268.5,0.998
9388,558.5,266.5,0.998
9389,534.5,270.5,0.999
9390,514.5,276.5,0.998
9391,498.5,260.5,0.998
9392,482.5,236.5,0.998
9393,470.5,218.5,0.999
9394,458.5,202.5,0.999
9395,448.5,190.5,0.996
9396,438.5,180.5,0.999
9397,428.5,176.5,0.939
9398,442.5,162.5,0.989
9399,458.5,150.5,0.991
9400,476.5,142.5,0.994
9401,494.5,134.5,0.995
9402,512.5,130.5,0.998
9403,532.5,128.5,0.999
9404,552.5,128.5,0.999
9405,570.5,130.5,0.999
9406,590.5,134.5,0.997
9407,612.5,142.5,0.998
9408,630.5,152.5,0.999
9409,650.5,164.5,0.998
9410,674.5,180.5,0.999
9411,692.5,198.5,0.999
9412,712.5,218.5,0.999
9413,732.5,240.5,1.0
9414,750.5,264.5,0.999
9415,768.5,292.5,0.997
9416,788.5,322.5,0.998
9417,804.5,338.5,0.999
9418,822.5,320.5,0.999
9419,838.5,304.5,0.999
9420,856.5,292.5,0.998
9421,872.5,282.5,0.999
9422,890.5,276.5,0.998
9423,906.5,272.5,0.998
9424,924.5,270.5,0.998
9425,940.5,272.5,0.999
9426,954.5,278.5,0.996
9428,898.5,264.5,0.998
9429,844.5,250.5,0.995
9430,792.5,242.5,0.998
9431,746.5,236.5,0.995
9432,702.5,234.5,0.999
9433,662.5,236.5,0.996
9434,626.5,240.5,0.999
9435,592.5,244.5,0.998
9436,560.5,252.5,0.998
9437,530.5,260.5,0.999
9438,504.5,274.5,0.999
9439,480.5,268.5,0.998
9440,456.5,246.5,0.999
9441,434.5,228.5,0.998
9442,414.5,214.5,0.997
9443,396.5,204.5,0.999
9444,378.5,196.5,0.997
9445,358.5,188.5,0.999
9446,342.5,188.5,0.998
9447,344.5,194.5,0.571
9448,362.5,174.5,0.714
9449,386.5,166.5,0.998
9450,410.5,162.5,0.644
9451,432.5,160.5,0.997
9452,454.5,162.5,0.999
9453,478.5,164.5,0.999
9454,502.5,170.5,0.999
9455,528.5,178.5,0.999
9456,552.5,188.5,0.999
9457,578.5,204.5,0.998
9458,604.5,220.5,0.998
9459,630.5,242.5,1.0
9460,654.5,262.5,0.997
9461,678.5,290.5,0.999
9462,704.5,318.5,0.998
9463,730.5,350.5,0.999
9464,756.5,386.5,0.999
9465,780.5,402.5,0.999
9466,802.5,388.5,0.999
9467,822.5,378.5,0.999
9468,846.5,370.5,0.999
9469,868.5,364.5,0.998
9470,892.5,360.5,0.998
9471,914.5,364.5,0.995
9472,930.5,366.5,0.991
9473,856.5,334.5,0.999
9474,788.5,310.5,0.995
9475,730.5,290.5,0.998
9476,676.5,274.5,0.998
9477,626.5,264.5,0.998
9478,584.5,258.5,0.998
9479,548.5,256.5,0.999
9480,514.5,254.5,0.998
9481,484.5,256.5,0.999
9482,456.5,260.5,0.998
9483,434.5,268.5,0.997
9484,414.5,276.5,0.997
9485,396.5,284.5,0.997
9486,376.5,262.5,0.998
9487,360.5,240.5,0.999
9488,344.5,224.5,0.999
9489,330.5,210.5,0.998
9490,318.5,198.5,0.995
9491,306.5,190.5,0.998
9492,296.5,184.5,0.999
9493,286.5,180.5,0.996
9494,276.5,182.5,0.997
9495,282.5,174.5,0.945
9497,324.5,142.5,0.532
9498,342.5,132.5,0.991
9499,364.5,124.5,0.998
9500,382.5,118.5,0.997
9501,402.5,114.5,0.999
9502,424.5,112.5,0.999
9503,446.5,114.5,0.999
9504,466.5,116.5,0.998
9505,490.5,124.5,0.999
9506,510.5,132.5,0.998
9507,532.5,146.5,1.0
9508,554.5,162.5,0.999
9509,576.5,180.5,0.998
9510,596.5,200.5,0.999
9511,618.5,224.5,0.999
9512,638.5,248.5,0.999
9513,656.5,276.5,0.993
9514,676.5,308.5,0.998
9515,694.5,340.5,0.997
9516,708.5,344.5,0.998
9517,720.5,324.5,0.997
9518,732.5,310.5,0.998
9519,742.5,296.5,0.998
9520,754.5,286.5,0.998
9521,766.5,278.5,0.998
9522,776.5,274.5,0.999
9523,788.5,272.5,0.999
9524,798.5,274.5,0.998
9525,810.5,280.5,0.999
9526,820.5,288.5,0.999
9527,830.5,300.5,0.998
9528,838.5,314.5,0.999
9529,792.5,290.5,0.993
9530,742.5,264.5,0.998
9531,698.5,242.5,0.999
9532,660.5,226.5,0.999
9533,626.5,216.5,0.998
9534,596.5,208.5,0.999
9535,570.5,204.5,0.998
9536,548.5,204.5,0.999
9537,526.5,204.5,0.997
9538,508.5,208.5,0.999
9539,492.5,212.5,0.998
9540,478.5,220.5,0.998
9541,466.5,228.5,0.998
9542,454.5,232.5,0.997
9543,442.5,208.5,0.999
9544,430.5,190.5,0.998
9545,418.5,174.5,0.998
9546,410.5,162.5,0.999
9547,402.5,152.5,0.997
9548,874.5,372.5,0.988
9550,424.5,140.5,0.988
9551,436.5,142.5,0.948
9552,448.5,146.5,0.995
9553,460.5,150.5,0.998
9554,474.5,160.5,0.999
9555,486.5,172.5,0.999
9556,498.5,186.5,0.999
9557,512.5,204.5,0.996
9558,524.5,224.5,0.999
9559,538.5,246.5,0.997
9560,550.5,270.5,0.998
9561,564.5,300.5,0.997
9562,566.5,318.5,0.999
9563,560.5,320.5,0.998
9564,550.5,320.5,0.998
9565,542.5,322.5,0.997
9566,532.5,320.5,0.999
9567,522.5,322.5,0.999
9568,514.5,322.5,0.997
9569,506.5,324.5,0.998
9570,498.5,326.5,0.993
9572,478.5,326.5,0.998
9573,470.5,326.5,0.998
9574,462.5,326.5,0.998
9575,454.5,328.5,0.999
9576,446.5,328.5,0.999
9577,438.5,330.5,0.999
9578,430.5,330.5,0.998
9579,422.5,332.5,0.999
9580,414.5,332.5,0.998
9581,406.5,334.5,0.998
9582,396.5,334.5,0.998
9583,388.5,334.5,0.996
9584,380.5,336.5,0.996
9585,374.5,336.5,0.998
9586,366.5,340.5,0.998
9587,358.5,346.5,1.0
9588,352.5,354.5,0.999
9589,346.5,364.5,0.999
9590,340.5,378.5,0.999
9591,336.5,392.5,0.999
9592,332.5,408.5,0.999
9593,328.5,428.5,0.999
9594,326.5,448.5,0.999
9595,322.5,468.5,0.999
9596,322.5,492.5,0.998
9597,314.5,494.5,0.998
9598,306.5,484.5,0.998
9599,298.5,472.5,0.999
9600,290.5,466.5,0.999
9601,282.5,460.5,0.999
9602,274.5,456.5,0.998
9603,268.5,456.5,0.998
9604,262.5,458.5,0.999
9605,254.5,460.5,0.998
9606,250.5,466.5,0.998
9607,244.5,474.5,0.999
9608,240.5,484.5,0.998
9609,236.5,496.5,0.999
9610,234.5,508.5,0.998
9611,226.5,506.5,0.997
9612,220.5,502.5,0.995
9613,212.5,500.5,0.997
9614,206.5,500.5,0.997
9615,198.5,500.5,0.996
9616,194.5,506.5,0.998
9617,190.5,512.5,0.998
9618,186.5,516.5,0.997
9619,178.5,514.5,0.995
9620,174.5,514.5,0.995
9624,178.5,514.5,0.996
9625,190.5,508.5,0.998
9626,200.5,506.5,0.997
9627,210.5,500.5,0.996
9628,218.5,496.5,0.995
9629,226.5,496.5,0.992
9630,234.5,494.5,0.995
9631,240.5,492.5,0.994
9632,246.5,490.5,0.997
9634,250.5,486.5,0.989
9637,890.5,376.5,0.547
9644,902.5,374.5,0.646
9646,500.5,562.5,0.635
9649,504.5,552.5,0.851
9650,516.5,542.5,0.984
9651,528.5,536.5,0.633
9654,134.5,448.5,0.992
9655,130.5,444.5,0.951
9657,290.5,226.5,0.994
9658,304.5,218.5,0.994
9659,322.5,212.5,0.997
9660,340.5,208.5,0.998
9661,356.5,204.5,0.999
9662,374.5,204.5,0.998
9663,394.5,208.5,0.999
9664,412.5,212.5,0.997
9665,432.5,220.5,0.996
9666,450.5,230.5,0.997
9667,474.5,246.5,0.997
9668,494.5,260.5,0.998
9669,514.5,280.5,0.999
9670,534.5,300.5,0.999
9671,554.5,324.5,0.998
9672,574.5,348.5,0.997
9673,592.5,358.5,0.997
9674,606.5,340.5,0.997
9675,622.5,326.5,0.998
9676,636.5,316.5,0.997
9677,652.5,308.5,0.997
9678,666.5,304.5,0.998
9679,682.5,300.5,0.998
9680,696.5,300.5,0.997
9681,712.5,304.5,0.998
9682,726.5,310.5,0.996
9683,742.5,320.5,0.999
9684,756.5,332.5,0.997
9685,768.5,346.5,0.998
9686,782.5,364.5,0.998
9687,794.5,382.5,0.999
9688,806.5,404.5,0.995
9689,818.5,396.5,0.998
9690,830.5,380.5,0.998
9691,842.5,368.5,0.998
9692,852.5,358.5,0.996
9693,864.5,352.5,0.995
9694,876.5,348.5,0.997
9695,886.5,348.5,0.999
9696,896.5,352.5,0.998
9697,904.5,356.5,0.994
9698,912.5,366.5,0.994
9704,364.5,204.5,0.988
9705,970.5,692.5,0.987
9708,422.5,194.5,0.62
9720,976.5,714.5,0.712
9733,976.5,372.5,0.992
9734,978.5,368.5,0.995
9738,1032.5,346.5,0.985
9740,986.5,358.5,0.994
9741,980.5,370.5,0.951
9742,976.5,384.5,0.974
9751,814.5,338.5,0.997
9752,770.5,316.5,0.997
9753,728.5,296.5,0.998
9754,686.5,278.5,0.998
9755,648.5,268.5,0.998
9756,612.5,260.5,0.998
9757,578.5,256.5,0.999
9758,546.5,252.5,0.998
9759,514.5,252.5,0.998
9760,486.5,256.5,0.999
9761,458.5,260.5,0.999
9762,432.5,268.5,0.997
9763,410.5,254.5,0.999
9764,386.5,242.5,0.998
9765,364.5,232.5,0.999
9766,342.5,224.5,0.995
9767,326.5,220.5,0.999
9768,340.5,206.5,0.997
9769,354.5,194.5,0.998
9770,370.5,182.5,0.999
9771,386.5,176.5,0.997
9772,402.5,168.5,0.997
9773,418.5,164.5,0.998
9774,434.5,164.5,0.998
9775,452.5,164.5,0.997
9776,470.5,170.5,0.999
9777,488.5,176.5,0.999
9778,508.5,184.5,0.999
9779,526.5,198.5,0.997
9780,546.5,212.5,0.999
9781,566.5,230.5,0.998
9782,586.5,250.5,0.999
9783,608.5,274.5,0.999
9784,628.5,300.5,0.999
9785,650.5,328.5,0.999
9786,670.5,356.5,0.997
9787,690.5,388.5,0.997
9788,706.5,376.5,0.999
9789,722.5,360.5,0.999
9790,738.5,346.5,0.998
9791,756.5,336.5,0.999
9792,770.5,328.5,0.997
9793,790.5,324.5,0.995
9794,806.5,324.5,0.995
9795,782.5,314.5,0.906
9796,712.5,292.5,0.997
9797,648.5,274.5,0.995
9798,594.5,264.5,0.998
9799,546.5,254.5,0.998
9800,504.5,250.5,0.997
9801,466.5,246.5,0.998
9802,434.5,246.5,0.999
9803,406.5,252.5,0.999
9804,382.5,256.5,0.999
9805,362.5,262.5,0.996
9806,342.5,256.5,0.998
9807,322.5,232.5,0.998
9808,304.5,212.5,0.994
9809,290.5,196.5,0.999
9810,276.5,184.5,0.996
9811,262.5,172.5,0.993
9812,252.5,166.5,0.997
9813,244.5,162.5,0.996
9814,234.5,160.5,0.998
9815,250.5,146.5,0.997
9816,266.5,134.5,0.997
9817,286.5,124.5,0.996
9818,306.5,116.5,0.992
9819,326.5,112.5,0.998
9820,346.5,110.5,0.996
9821,368.5,112.5,0.995
9822,390.5,116.5,0.998
9823,414.5,124.5,0.998
9824,436.5,134.5,0.998
9825,460.5,148.5,0.998
9826,484.5,166.5,0.998
9827,510.5,186.5,0.998
9828,532.5,210.5,1.0
9829,558.5,236.5,0.999
9830,580.5,266.5,0.999
9831,606.5,298.5,0.997
9832,628.5,334.5,0.999
9833,650.5,368.5,0.999
9834,672.5,350.5,0.999
9835,694.5,332.5,0.999
9836,718.5,320.5,0.998
9837,742.5,308.5,0.999
9838,768.5,300.5,0.998
9839,792.5,296.5,0.999
9840,818.5,296.5,0.998
9841,846.5,298.5,0.998
9842,824.5,288.5,0.992
9843,754.5,260.5,0.996
9844,692.5,242.5,0.999
9845,636.5,226.5,0.998
9846,588.5,216.5,0.998
9847,546.5,210.5,0.999
9848,508.5,206.5,0.998
9849,472.5,204.5,0.997
9850,442.5,204.5,0.999
9851,416.5,208.5,0.999
9852,390.5,212.5,0.998
9853,370.5,220.5,0.999
9854,354.5,228.5,0.998
9855,336.5,236.5,0.995
9856,322.5,246.5,0.996
9857,308.5,260.5,0.995
9858,298.5,272.5,0.997
9861,1064.5,204.5,0.72
9862,266.5,324.5,0.996
9863,258.5,308.5,0.999
9865,246.5,282.5,0.999
9866,250.5,276.5,0.999
9867,258.5,272.5,0.997
9868,264.5,270.5,0.997
9869,270.5,272.5,0.997
9870,278.5,272.5,0.997
9871,284.5,276.5,0.997
9872,314.5,250.5,0.936
9873,314.5,250.5,0.941
9874,314.5,250.5,0.955
9875,1120.5,454.5,0.921
9877,332.5,328.5,0.999
9878,342.5,342.5,0.997
9879,344.5,336.5,0.998
9880,346.5,330.5,0.998
9894,1048.5,384.5,0.74
9900,1068.5,366.5,0.612
9904,1050.5,372.5,0.99
9905,1042.5,386.5,0.753
9914,1056.5,432.5,0.991
9916,1090.5,398.5,0.957
9917,1100.5,386.5,0.945
9918,1104.5,376.5,0.915
9952,1048.5,434.5,0.969
9954,1056.5,378.5,0.99
9957,1064.5,360.5,0.979
9960,1006.5,330.5,0.921
9961,1084.5,168.5,0.985
9962,1024.5,344.5,0.984
9976,1084.5,684.5,0.985
10017,364.5,214.5,0.636
10023,1068.5,334.5,0.994
10027,996.5,510.5,0.817
10029,370.5,218.5,0.992
10030,376.5,218.5,0.982
10031,378.5,218.5,0.994
10032,380.5,216.5,0.989
10033,380.5,216.5,0.999
10035,1052.5,394.5,0.989
10038,404.5,182.5,0.967
10039,406.5,168.5,0.994
10040,408.5,150.5,0.953
10043,406.5,100.5,0.994
10044,404.5,88.5,0.996
10045,402.5,76.5,0.997
10046,402.5,68.5,0.996
10047,402.5,62.5,0.994
10048,402.5,56.5,0.993
10049,404.5,54.5,0.981
10050,404.5,56.5,0.978
10051,406.5,58.5,0.988
10052,406.5,64.5,0.996
10053,406.5,70.5,0.996
10054,408.5,78.5,0.998
10055,410.5,88.5,0.997
10056,410.5,100.5,0.997
10057,410.5,116.5,0.995
10058,414.5,132.5,0.979
10059,414.5,160.5,0.967
10061,430.5,190.5,0.991
10062,446.5,212.5,0.997
10063,462.5,238.5,0.997
10064,478.5,236.5,0.998
10065,494.5,232.5,0.998
10066,510.5,230.5,0.997
10067,528.5,232.5,0.997
10068,548.5,236.5,0.999
10069,568.5,244.5,0.998
10070,590.5,252.5,0.998
10071,612.5,266.5,0.999
10072,636.5,280.5,0.999
10073,658.5,302.5,0.999
10074,684.5,324.5,0.999
10075,708.5,350.5,0.999
10076,734.5,376.5,0.999
10077,756.5,392.5,0.999
10078,782.5,386.5,0.999
10079,806.5,384.5,0.999
10080,832.5,384.5,0.999
10081,858.5,388.5,0.998
10082,868.5,384.5,0.944
10083,810.5,352.5,0.998
10084,760.5,324.5,0.998
10085,714.5,302.5,0.998
10086,672.5,284.5,0.997
10087,632.5,272.5,0.998
10088,598.5,262.5,0.997
10089,566.5,256.5,0.999
10090,536.5,252.5,0.999
10091,510.5,252.5,0.997
10092,486.5,256.5,0.998
10093,462.5,260.5,0.997
10094,444.5,266.5,0.998
10095,426.5,274.5,0.998
10096,410.5,276.5,0.997
10097,394.5,256.5,0.999
10098,380.5,238.5,0.998
10099,366.5,222.5,0.999
10100,354.5,210.5,0.999
10101,342.5,200.5,1.0
10102,332.5,196.5,0.997
10103,322.5,190.5,0.998
10104,314.5,188.5,0.998
10105,306.5,188.5,0.996
10106,298.5,192.5,0.996
10107,292.5,196.5,0.988
10108,298.5,196.5,0.988
10109,316.5,186.5,0.995
10110,336.5,178.5,0.998
10111,356.5,172.5,0.997
10112,378.5,166.5,0.998
10113,402.5,166.5,0.996
10114,424.5,168.5,0.998
10115,448.5,172.5,0.997
10116,474.5,180.5,0.999
10117,498.5,188.5,0.998
10118,524.5,202.5,0.999
10119,550.5,218.5,0.999
10120,576.5,236.5,0.998
10121,602.5,258.5,0.999
10122,628.5,282.5,0.999
10123,654.5,308.5,0.998
10124,680.5,338.5,0.999
10125,704.5,340.5,0.998
10126,724.5,326.5,0.998
10127,750.5,316.5,0.998
10128,772.5,308.5,0.998
10129,796.5,302.5,0.998
10130,820.5,300.5,0.998
10131,844.5,302.5,0.996
10132,868.5,306.5,0.999
10133,886.5,310.5,0.993
10134,834.5,292.5,0.998
10135,780.5,276.5,0.998
10136,732.5,264.5,0.998
10137,684.5,258.5,0.999
10138,640.5,252.5,0.997
10139,600.5,250.5,0.998
10140,564.5,252.5,0.999
10141,530.5,256.5,0.999
10142,498.5,262.5,0.998
10143,468.5,272.5,0.999
10144,440.5,280.5,0.999
10145,414.5,292.5,0.998
10146,392.5,280.5,0.999
10147,370.5,260.5,0.998
10148,350.5,244.5,0.998
10149,330.5,228.5,0.999
10150,310.5,218.5,0.999
10151,294.5,212.5,0.997
10152,276.5,204.5,0.998
10153,262.5,204.5,0.999
10154,248.5,204.5,0.998
10155,234.5,206.5,0.998
10156,222.5,210.5,0.994
10157,220.5,212.5,0.996
10158,242.5,196.5,0.997
10159,268.5,188.5,0.995
10160,292.5,180.5,0.998
10161,318.5,176.5,0.998
10162,344.5,172.5,0.999
10163,370.5,172.5,0.999
10164,398.5,176.5,0.999
10165,428.5,182.5,0.998
10166,458.5,192.5,0.999
10167,486.5,204.5,0.999
10168,518.5,220.5,0.999
10169,548.5,238.5,0.999
10170,578.5,258.5,0.999
10171,610.5,284.5,0.997
10172,640.5,308.5,0.998
10173,668.5,338.5,0.999
10174,694.5,366.5,0.999
10175,720.5,346.5,0.998
10176,742.5,330.5,0.998
10177,768.5,316.5,0.998
10178,790.5,306.5,0.999
10179,816.5,298.5,0.998
10180,840.5,294.5,0.998
10181,864.5,292.5,0.998
10182,886.5,294.5,0.998
10183,848.5,280.5,0.999
10184,792.5,264.5,0.998
10185,742.5,254.5,0.999
10186,698.5,244.5,0.997
10187,660.5,240.5,0.999
10188,626.5,240.5,0.999
10189,594.5,240.5,0.999
10190,566.5,242.5,0.999
10191,542.5,246.5,0.998
10192,520.5,254.5,0.999
10193,500.5,252.5,0.998
10194,482.5,230.5,0.998
10195,466.5,212.5,0.998
10196,452.5,196.5,0.999
10197,438.5,184.5,0.998
10198,426.5,174.5,0.998
10199,414.5,166.5,0.999
10200,408.5,164.5,0.985
10201,420.5,150.5,0.985
10203,446.5,136.5,0.99
10204,460.5,132.5,0.993
10205,474.5,128.5,0.998
10206,488.5,128.5,0.998
10207,504.5,132.5,0.997
10208,518.5,136.5,0.998
10209,532.5,144.5,0.999
10210,548.5,154.5,0.999
10211,562.5,168.5,0.998
10212,578.5,184.5,0.998
10213,592.5,202.5,0.998
10214,608.5,224.5,0.999
10215,622.5,248.5,0.999
10216,638.5,276.5,0.996
10217,652.5,308.5,0.997
10218,666.5,340.5,0.997
10219,678.5,352.5,0.999
10220,688.5,336.5,0.999
10221,698.5,324.5,0.998
10222,708.5,314.5,0.999
10223,720.5,306.5,0.997
10224,730.5,302.5,0.998
10225,742.5,300.5,0.999
10226,752.5,304.5,0.997
10227,762.5,308.5,0.998
10229,722.5,292.5,0.996
10230,680.5,274.5,0.999
10231,640.5,260.5,0.998
10232,606.5,252.5,0.998
10233,572.5,244.5,0.998
10234,542.5,242.5,0.999
10235,516.5,242.5,0.998
10236,490.5,244.5,0.996
10237,466.5,246.5,0.997
10238,448.5,252.5,0.997
10239,428.5,260.5,0.997
10240,412.5,268.5,0.997
10241,394.5,252.5,0.998
10242,376.5,232.5,0.998
10243,360.5,216.5,0.998
10244,344.5,204.5,0.998
10245,330.5,192.5,0.998
10246,322.5,184.5,0.996
10247,348.5,164.5,0.998
10248,374.5,148.5,0.996
10249,398.5,134.5,0.998
10250,426.5,124.5,0.998
10251,454.5,114.5,0.999
10252,480.5,106.5,0.997
10253,508.5,102.5,0.998
10254,534.5,100.5,0.998
10255,562.5,100.5,0.999
10256,590.5,102.5,0.998
10257,618.5,108.5,0.999
10258,646.5,114.5,0.998
10259,674.5,124.5,0.999
10260,700.5,136.5,0.999
10261,724.5,150.5,0.999
10262,748.5,164.5,0.998
10263,772.5,182.5,0.998
10264,796.5,200.5,0.999
10265,820.5,224.5,0.999
10266,840.5,244.5,0.998
10267,862.5,270.5,0.998
10268,880.5,292.5,0.996
10269,900.5,320.5,0.998
10272,946.5,400.5,0.999
10273,962.5,430.5,0.994
10274,972.5,416.5,0.994
10275,980.5,400.5,0.998
10276,988.5,386.5,0.998
10277,996.5,374.5,0.998
10278,1004.5,364.5,0.997
10279,1010.5,356.5,0.995
10280,1018.5,350.5,0.993
10281,1022.5,348.5,0.993
10282,1028.5,346.5,0.918
10283,1036.5,348.5,0.781
10284,1040.5,352.5,0.98
10285,1030.5,390.5,0.991
10286,1022.5,440.5,0.992
10287,1030.5,422.5,0.996
10288,1042.5,402.5,0.999
10289,1054.5,384.5,0.999
10290,1066.5,368.5,0.997
10291,1076.5,352.5,0.999
10292,1086.5,340.5,0.996
10293,1096.5,330.5,0.998
10294,1106.5,322.5,0.997
10295,1116.5,318.5,0.993
10296,1124.5,314.5,0.997
10297,1134.5,314.5,0.995
10298,1142.5,316.5,0.996
10299,1146.5,322.5,0.985
10310,1156.5,340.5,0.994
10311,1156.5,362.5,0.927
10313,1158.5,414.5,0.52
10343,1086.5,170.5,0.985
10348,1092.5,712.5,0.993
10349,1098.5,170.5,0.987
10392,508.5,552.5,0.53
10396,762.5,304.5,0.814
10422,536.5,260.5,0.622
10429,760.5,344.5,0.549
10431,852.5,714.5,0.942
10434,850.5,682.5,0.979
10435,852.5,672.5,0.674
10458,902.5,282.5,0.54
10467,986.5,358.5,0.996
10469,972.5,390.5,0.984
10477,858.5,714.5,0.596
10479,836.5,332.5,0.998
10480,790.5,306.5,0.998
10481,754.5,288.5,0.998
10482,714.5,270.5,0.998
10483,678.5,258.5,1.0
10484,644.5,248.5,0.999
10485,612.5,242.5,0.999
10486,582.5,240.5,0.999
10487,554.5,240.5,0.999
10488,526.5,242.5,0.997
10489,500.5,246.5,0.996
10490,476.5,254.5,0.997
10491,454.5,258.5,0.999
10492,436.5,242.5,1.0
10493,418.5,228.5,0.997
10494,400.5,218.5,0.998
10495,382.5,210.5,0.998
10496,374.5,204.5,0.999
10497,392.5,194.5,0.998
10498,410.5,184.5,0.999
10499,428.5,178.5,0.998
10500,446.5,174.5,0.998
10501,466.5,172.5,0.998
10502,484.5,172.5,0.999
10503,504.5,176.5,0.999
10504,526.5,182.5,0.998
10505,548.5,192.5,0.999
10506,568.5,202.5,0.999
10507,590.5,214.5,0.999
10508,612.5,232.5,0.999
10509,636.5,250.5,0.999
10510,658.5,274.5,0.998
10511,680.5,298.5,0.999
10512,702.5,322.5,0.999
10513,724.5,352.5,1.0
10514,748.5,376.5,0.999
10515,766.5,360.5,0.999
10516,786.5,352.5,0.998
10517,806.5,340.5,0.997
10518,828.5,336.5,0.998
10519,850.5,334.5,0.996
10521,738.5,302.5,0.998
10522,674.5,290.5,0.997
10523,618.5,278.5,0.996
10524,562.5,272.5,0.999
10525,516.5,268.5,0.998
10526,474.5,266.5,0.998
10527,436.5,268.5,0.998
10528,402.5,270.5,0.998
10529,374.5,274.5,0.999
10530,346.5,278.5,0.999
10531,320.5,266.5,0.996
10532,298.5,248.5,0.999
10533,276.5,230.5,0.999
10534,258.5,218.5,0.991
10535,264.5,204.5,0.998
10536,286.5,192.5,0.999
10537,306.5,182.5,0.996
10538,328.5,174.5,0.999
10539,352.5,168.5,0.999
10540,374.5,166.5,0.997
10541,400.5,164.5,0.998
10542,426.5,168.5,0.999
10543,452.5,174.5,0.999
10544,478.5,180.5,0.999
10545,506.5,192.5,0.999
10546,532.5,204.5,0.999
10547,560.5,220.5,0.998
10548,586.5,238.5,0.999
10549,614.5,258.5,0.999
10550,638.5,278.5,0.998
10551,666.5,306.5,0.999
10552,690.5,328.5,0.998
10553,712.5,336.5,0.999
10554,732.5,318.5,0.998
10555,754.5,302.5,0.997
10556,772.5,290.5,0.999
10557,792.5,278.5,0.997
10558,812.5,272.5,0.999
10559,832.5,268.5,0.998
10560,852.5,266.5,0.999
10561,870.5,268.5,0.999
10562,862.5,262.5,0.998
10563,814.5,244.5,0.999
10564,764.5,226.5,0.999
10565,718.5,212.5,0.999
10566,678.5,206.5,0.999
10567,638.5,200.5,0.999
10568,602.5,198.5,0.998
10569,568.5,198.5,0.998
10570,538.5,202.5,0.999
10571,510.5,208.5,0.999
10572,484.5,214.5,0.998
10573,460.5,224.5,0.998
10574,436.5,234.5,0.998
10575,418.5,246.5,0.997
10576,400.5,240.5,0.998
10577,382.5,218.5,0.998
10578,368.5,200.5,0.999
10579,354.5,188.5,0.997
10580,338.5,174.5,0.998
10582,350.5,154.5,0.972
10583,370.5,148.5,0.99
10584,390.5,144.5,0.99
10585,412.5,140.5,0.997
10586,432.5,140.5,0.998
10587,452.5,144.5,0.999
10588,474.5,148.5,0.999
10589,496.5,160.5,0.998
10590,518.5,170.5,0.998
10591,542.5,184.5,0.999
10592,564.5,206.5,0.999
10593,588.5,228.5,0.999
10594,610.5,254.5,0.999
10595,632.5,282.5,0.998
10596,654.5,312.5,0.998
10597,676.5,348.5,0.999
10598,698.5,388.5,0.998
10599,720.5,420.5,0.997
10600,738.5,404.5,0.999
10601,756.5,390.5,0.996
10602,778.5,378.5,0.998
10603,798.5,370.5,0.999
10604,820.5,364.5,0.999
10605,842.5,364.5,0.997
10606,860.5,366.5,0.988
10607,826.5,324.5,0.981
10608,778.5,286.5,0.991
10609,740.5,256.5,0.999
10610,706.5,232.5,0.999
10611,676.5,216.5,1.0
10612,648.5,202.5,0.999
10613,626.5,196.5,0.999
10614,604.5,192.5,0.999
10615,586.5,192.5,0.998
10616,568.5,194.5,0.998
10617,554.5,200.5,0.998
10618,540.5,206.5,0.998
10619,530.5,214.5,0.998
10620,518.5,226.5,0.999
10621,512.5,236.5,0.995
10622,502.5,248.5,0.998
10623,494.5,226.5,0.999
10624,486.5,204.5,0.999
10625,478.5,184.5,0.999
10626,472.5,170.5,0.999
10627,466.5,156.5,0.998
10628,460.5,148.5,0.997
10629,456.5,140.5,0.997
10630,450.5,134.5,0.993
10631,446.5,132.5,0.991
10632,442.5,128.5,0.892
10636,426.5,156.5,0.924
10637,452.5,150.5,0.994
10638,466.5,160.5,0.997
10639,478.5,166.5,0.998
10640,490.5,180.5,0.998
10641,502.5,192.5,0.999
10642,516.5,208.5,0.999
10643,528.5,224.5,0.997
10644,540.5,242.5,0.996
10650,228.5,78.5,0.785
10652,228.5,92.5,0.588
10653,228.5,98.5,0.992
10654,230.5,100.5,0.799
10658,228.5,104.5,0.745
10659,228.5,106.5,0.956
10660,226.5,108.5,0.606
10670,1004.5,582.5,0.81
10671,1134.5,186.5,0.57
10674,232.5,114.5,0.575
10676,1076.5,440.5,0.575
10680,1068.5,202.5,0.736
10686,1086.5,168.5,0.995
10693,1066.5,714.5,0.698
10701,956.5,714.5,0.93
10702,936.5,714.5,0.987
10723,336.5,204.5,0.981
10746,668.5,312.5,0.692
10752,756.5,346.5,0.891
10754,762.5,344.5,0.769
10763,612.5,310.5,0.92
10768,596.5,412.5,0.836
10779,572.5,266.5,0.877
10781,768.5,574.5,0.538
10784,712.5,604.5,0.833
10785,686.5,618.5,0.97
10796,566.5,714.5,0.992
10805,344.5,236.5,0.918
10806,410.5,714.5,0.663
10807,510.5,442.5,0.517
10808,460.5,692.5,0.99
10815,482.5,560.5,0.988
10816,242.5,398.5,0.991
10817,236.5,404.5,0.93
10819,226.5,406.5,0.993
10822,220.5,416.5,0.989
10842,484.5,560.5,0.65
10854,486.5,568.5,0.989
10855,484.5,568.5,0.996
10857,504.5,528.5,0.957
10875,170.5,170.5,0.938
10876,174.5,172.5,0.547
10878,186.5,168.5,0.646
