track,frame,t_s,x_px,y_px
0,51,1.7,246.5,562.5
0,52,1.733,242.5,578.5
0,54,1.8,258.5,600.5
0,55,1.833,254.5,616.5
0,56,1.867,260.5,630.5
0,57,1.9,268.5,642.5
0,58,1.933,270.5,658.5
0,60,2.0,292.5,670.5
0,61,2.033,298.5,676.5
1,220,7.333,848.5,282.5
1,224,7.467,844.5,562.5
1,225,7.5,850.5,544.5
1,226,7.533,854.5,528.5
1,227,7.567,858.5,512.5
2,292,9.733,980.5,310.5
2,293,9.767,982.5,316.5
2,294,9.8,990.5,318.5
2,295,9.833,996.5,326.5
2,296,9.867,1002.5,332.5
2,297,9.9,1008.5,336.5
2,299,9.967,986.5,372.5
2,303,10.1,966.5,330.5
3,339,11.3,1098.5,224.5
3,343,11.433,992.5,298.5
3,345,11.5,972.5,340.5
3,346,11.533,968.5,352.5
3,347,11.567,970.5,348.5
3,348,11.6,972.5,338.5
3,349,11.633,980.5,322.5
3,350,11.667,992.5,298.5
3,351,11.7,1008.5,280.5
4,358,11.933,898.5,280.5
4,359,11.967,852.5,300.5
4,360,12.0,814.5,320.5
4,361,12.033,778.5,338.5
4,362,12.067,748.5,356.5
4,363,12.1,722.5,368.5
4,364,12.133,702.5,328.5
4,365,12.167,684.5,296.5
4,366,12.2,666.5,270.5
4,367,12.233,648.5,244.5
4,368,12.267,630.5,226.5
4,369,12.3,612.5,208.5
4,370,12.333,596.5,196.5
4,371,12.367,578.5,186.5
4,372,12.4,564.5,180.5
4,373,12.433,548.5,176.5
4,374,12.467,534.5,176.5
4,375,12.5,522.5,178.5
4,376,12.533,508.5,182.5
4,377,12.567,498.5,190.5
4,378,12.6,486.5,200.5
4,379,12.633,476.5,212.5
4,380,12.667,466.5,226.5
4,381,12.7,458.5,242.5
4,382,12.733,450.5,258.5
4,383,12.767,442.5,274.5
4,384,12.8,432.5,252.5
4,385,12.833,422.5,232.5
4,386,12.867,412.5,212.5
4,387,12.9,402.5,198.5
4,388,12.933,394.5,186.5
4,389,12.967,386.5,176.5
4,390,13.0,376.5,168.5
4,391,13.033,370.5,164.5
4,392,13.067,362.5,164.5
4,393,13.1,354.5,164.5
4,394,13.133,348.5,166.5
4,395,13.167,342.5,172.5
4,396,13.2,338.5,178.5
4,397,13.233,330.5,178.5
4,398,13.267,326.5,170.5
4,399,13.3,324.5,162.5
4,403,13.433,328.5,162.5
4,404,13.467,334.5,166.5
4,405,13.5,340.5,168.5
4,406,13.533,346.5,170.5
4,407,13.567,352.5,168.5
4,408,13.6,356.5,166.5
4,409,13.633,362.5,160.5
4,410,13.667,368.5,152.5
4,411,13.7,372.5,144.5
4,412,13.733,376.5,134.5
4,413,13.767,380.5,122.5
4,415,13.833,382.5,96.5
4,416,13.867,384.5,80.5
4,417,13.9,384.5,68.5
4,418,13.933,384.5,52.5
4,419,13.967,388.5,50.5
4,420,14.0,388.5,40.5
5,426,14.2,394.5,52.5
5,427,14.233,396.5,66.5
5,428,14.267,398.5,76.5
5,429,14.3,402.5,92.5
5,430,14.333,404.5,108.5
5,431,14.367,406.5,126.5
5,432,14.4,408.5,144.5
5,433,14.433,412.5,164.5
5,434,14.467,414.5,188.5
5,435,14.5,418.5,212.5
5,436,14.533,422.5,236.5
5,437,14.567,420.5,224.5
5,438,14.6,418.5,204.5
5,439,14.633,416.5,182.5
5,440,14.667,414.5,164.5
5,441,14.7,414.5,148.5
5,442,14.733,414.5,136.5
5,443,14.767,412.5,126.5
5,444,14.8,412.5,118.5
5,445,14.833,412.5,112.5
5,446,14.867,412.5,108.5
5,447,14.9,412.5,106.5
5,448,14.933,412.5,110.5
5,449,14.967,414.5,112.5
5,450,15.0,414.5,118.5
5,451,15.033,414.5,126.5
5,452,15.067,416.5,134.5
5,453,15.1,418.5,148.5
5,454,15.133,418.5,160.5
5,455,15.167,420.5,176.5
5,456,15.2,422.5,192.5
5,457,15.233,424.5,210.5
5,458,15.267,426.5,230.5
5,459,15.3,428.5,232.5
5,460,15.333,426.5,212.5
5,461,15.367,426.5,198.5
5,462,15.4,424.5,184.5
5,463,15.433,424.5,172.5
5,464,15.467,422.5,164.5
5,465,15.5,424.5,156.5
5,466,15.533,422.5,150.5
5,467,15.567,424.5,148.5
5,468,15.6,424.5,150.5
5,469,15.633,424.5,150.5
5,470,15.667,426.5,156.5
5,471,15.7,426.5,162.5
5,472,15.733,428.5,168.5
5,473,15.767,428.5,180.5
5,474,15.8,430.5,192.5
5,475,15.833,432.5,204.5
5,476,15.867,434.5,222.5
5,477,15.9,434.5,238.5
5,478,15.933,434.5,228.5
5,479,15.967,434.5,212.5
5,480,16.0,434.5,200.5
5,481,16.033,434.5,192.5
5,482,16.067,432.5,182.5
5,483,16.1,430.5,180.5
5,484,16.133,430.5,176.5
5,485,16.167,432.5,174.5
5,486,16.2,432.5,176.5
5,487,16.233,432.5,180.5
5,488,16.267,432.5,186.5
5,489,16.3,434.5,192.5
5,490,16.333,434.5,198.5
5,491,16.367,432.5,198.5
5,492,16.4,428.5,200.5
5,493,16.433,426.5,204.5
5,494,16.467,426.5,204.5
5,495,16.5,426.5,202.5
5,496,16.533,426.5,198.5
5,497,16.567,428.5,190.5
5,498,16.6,428.5,180.5
5,499,16.633,428.5,166.5
5,500,16.667,426.5,148.5
5,501,16.7,426.5,130.5
5,502,16.733,422.5,112.5
5,503,16.767,420.5,94.5
5,504,16.8,414.5,72.5
5,505,16.833,412.5,58.5
5,506,16.867,410.5,48.5
5,507,16.9,406.5,38.5
5,508,16.933,404.5,32.5
5,509,16.967,402.5,28.5
5,510,17.0,400.5,24.5
5,511,17.033,398.5,28.5
5,512,17.067,398.5,32.5
5,513,17.1,396.5,36.5
5,514,17.133,396.5,44.5
5,515,17.167,394.5,54.5
5,516,17.2,394.5,68.5
5,517,17.233,394.5,82.5
5,518,17.267,394.5,98.5
5,519,17.3,394.5,116.5
5,520,17.333,394.5,134.5
5,521,17.367,396.5,156.5
5,522,17.4,398.5,180.5
5,523,17.433,400.5,204.5
5,524,17.467,402.5,228.5
5,525,17.5,402.5,242.5
5,526,17.533,398.5,216.5
5,527,17.567,396.5,196.5
5,528,17.6,394.5,178.5
5,529,17.633,392.5,160.5
5,530,17.667,390.5,146.5
5,531,17.7,390.5,132.5
5,532,17.733,388.5,124.5
5,533,17.767,386.5,114.5
5,534,17.8,386.5,108.5
5,535,17.833,386.5,106.5
5,536,17.867,386.5,104.5
5,537,17.9,386.5,108.5
5,538,17.933,388.5,112.5
5,539,17.967,388.5,118.5
5,540,18.0,390.5,128.5
5,541,18.033,390.5,136.5
5,542,18.067,390.5,150.5
5,543,18.1,394.5,164.5
5,544,18.133,394.5,180.5
5,545,18.167,394.5,184.5
5,546,18.2,394.5,188.5
5,547,18.233,390.5,192.5
5,548,18.267,386.5,196.5
5,549,18.3,382.5,204.5
5,550,18.333,376.5,208.5
5,551,18.367,368.5,216.5
5,552,18.4,358.5,222.5
5,553,18.433,352.5,230.5
5,554,18.467,344.5,236.5
5,556,18.533,328.5,242.5
5,557,18.567,322.5,246.5
5,558,18.6,316.5,248.5
5,559,18.633,310.5,250.5
5,560,18.667,304.5,252.5
6,566,18.867,284.5,256.5
6,567,18.9,282.5,256.5
6,568,18.933,278.5,256.5
6,569,18.967,270.5,256.5
6,570,19.0,264.5,254.5
6,571,19.033,258.5,248.5
6,572,19.067,252.5,240.5
6,573,19.1,244.5,232.5
6,574,19.133,238.5,220.5
6,575,19.167,230.5,206.5
6,576,19.2,226.5,192.5
6,577,19.233,218.5,174.5
6,578,19.267,214.5,158.5
6,579,19.3,212.5,144.5
6,580,19.333,208.5,130.5
6,581,19.367,206.5,120.5
6,582,19.4,206.5,116.5
6,583,19.433,204.5,110.5
6,584,19.467,204.5,110.5
6,585,19.5,202.5,110.5
6,586,19.533,204.5,116.5
6,587,19.567,206.5,120.5
6,588,19.6,206.5,130.5
6,589,19.633,208.5,140.5
6,590,19.667,210.5,154.5
6,591,19.7,212.5,170.5
6,592,19.733,216.5,186.5
6,593,19.767,220.5,206.5
6,594,19.8,224.5,224.5
6,595,19.833,234.5,246.5
6,596,19.867,270.5,264.5
6,598,19.933,336.5,292.5
6,599,19.967,364.5,282.5
6,600,20.0,390.5,276.5
6,601,20.033,418.5,274.5
6,602,20.067,446.5,274.5
6,603,20.1,474.5,276.5
6,604,20.133,500.5,282.5
6,605,20.167,528.5,290.5
6,606,20.2,556.5,302.5
6,607,20.233,582.5,314.5
6,608,20.267,610.5,332.5
6,609,20.3,636.5,350.5
6,610,20.333,662.5,364.5
6,611,20.367,684.5,356.5
6,612,20.4,706.5,354.5
6,613,20.433,728.5,354.5
6,614,20.467,750.5,356.5
6,615,20.5,770.5,360.5
6,616,20.533,794.5,370.5
6,617,20.567,784.5,358.5
6,618,20.6,740.5,330.5
6,619,20.633,700.5,304.5
6,620,20.667,662.5,284.5
6,621,20.7,628.5,270.5
6,622,20.733,596.5,256.5
6,623,20.767,568.5,248.5
6,624,20.8,542.5,244.5
6,625,20.833,518.5,240.5
6,626,20.867,498.5,240.5
6,627,20.9,476.5,242.5
6,628,20.933,458.5,246.5
6,629,20.967,442.5,252.5
6,630,21.0,428.5,252.5
6,631,21.033,412.5,234.5
6,632,21.067,398.5,218.5
6,633,21.1,382.5,206.5
6,635,21.167,388.5,184.5
6,636,21.2,406.5,168.5
6,637,21.233,428.5,158.5
6,638,21.267,448.5,148.5
6,639,21.3,470.5,142.5
6,640,21.333,492.5,138.5
6,641,21.367,514.5,134.5
6,642,21.4,534.5,134.5
6,643,21.433,558.5,136.5
6,644,21.467,582.5,140.5
6,645,21.5,606.5,148.5
6,646,21.533,628.5,158.5
6,647,21.567,652.5,168.5
6,648,21.6,676.5,184.5
6,649,21.633,700.5,200.5
6,650,21.667,724.5,220.5
6,651,21.7,746.5,242.5
6,652,21.733,768.5,262.5
6,653,21.767,792.5,288.5
6,654,21.8,812.5,314.5
6,655,21.833,834.5,326.5
6,656,21.867,854.5,308.5
6,657,21.9,874.5,294.5
6,658,21.933,894.5,280.5
6,659,21.967,912.5,272.5
6,660,22.0,932.5,264.5
6,661,22.033,950.5,260.5
7,669,22.3,850.5,246.5
7,670,22.333,786.5,242.5
7,671,22.367,728.5,242.5
7,672,22.4,676.5,242.5
7,673,22.433,626.5,248.5
7,674,22.467,582.5,258.5
7,675,22.5,544.5,266.5
7,676,22.533,504.5,282.5
7,677,22.567,470.5,284.5
7,678,22.6,436.5,260.5
7,679,22.633,402.5,240.5
7,680,22.667,370.5,226.5
7,681,22.7,340.5,212.5
7,682,22.733,310.5,204.5
7,683,22.767,282.5,198.5
7,684,22.8,258.5,196.5
7,685,22.833,236.5,196.5
7,686,22.867,212.5,198.5
7,687,22.9,192.5,202.5
7,688,22.933,172.5,210.5
7,689,22.967,160.5,214.5
7,690,23.0,182.5,198.5
7,691,23.033,208.5,184.5
7,692,23.067,234.5,174.5
7,693,23.1,262.5,166.5
7,694,23.133,290.5,160.5
7,695,23.167,320.5,156.5
7,696,23.2,350.5,154.5
7,697,23.233,380.5,156.5
7,698,23.267,410.5,160.5
7,699,23.3,444.5,166.5
7,700,23.333,476.5,176.5
7,701,23.367,508.5,188.5
7,702,23.4,540.5,204.5
7,703,23.433,572.5,220.5
7,704,23.467,604.5,240.5
7,705,23.5,636.5,260.5
7,706,23.533,668.5,286.5
7,707,23.567,700.5,312.5
7,708,23.6,730.5,340.5
7,709,23.633,760.5,350.5
7,710,23.667,786.5,332.5
7,711,23.7,810.5,316.5
7,712,23.733,836.5,304.5
7,713,23.767,862.5,292.5
7,714,23.8,888.5,288.5
7,715,23.833,912.5,284.5
7,716,23.867,940.5,284.5
8,723,24.1,908.5,268.5
8,724,24.133,844.5,244.5
8,725,24.167,782.5,228.5
8,726,24.2,722.5,214.5
8,727,24.233,674.5,208.5
8,728,24.267,624.5,204.5
8,729,24.3,582.5,206.5
8,730,24.333,544.5,210.5
8,731,24.367,508.5,216.5
8,732,24.4,478.5,226.5
8,733,24.433,450.5,236.5
8,734,24.467,424.5,250.5
8,735,24.5,398.5,236.5
8,736,24.533,374.5,214.5
8,737,24.567,352.5,196.5
8,738,24.6,330.5,180.5
8,739,24.633,310.5,170.5
8,740,24.667,292.5,160.5
8,741,24.7,276.5,154.5
8,742,24.733,290.5,142.5
8,743,24.767,306.5,126.5
8,744,24.8,328.5,114.5
8,745,24.833,346.5,102.5
8,746,24.867,368.5,92.5
8,747,24.9,386.5,84.5
8,748,24.933,410.5,80.5
8,749,24.967,432.5,76.5
8,750,25.0,454.5,76.5
8,751,25.033,478.5,76.5
8,752,25.067,502.5,82.5
8,753,25.1,526.5,86.5
8,754,25.133,550.5,96.5
8,755,25.167,576.5,106.5
8,756,25.2,602.5,120.5
8,757,25.233,626.5,138.5
8,758,25.267,654.5,156.5
8,759,25.3,678.5,178.5
8,760,25.333,704.5,200.5
8,761,25.367,730.5,226.5
8,762,25.4,756.5,256.5
8,763,25.433,780.5,286.5
8,764,25.467,804.5,318.5
8,765,25.5,830.5,352.5
8,766,25.533,852.5,376.5
8,767,25.567,874.5,352.5
8,768,25.6,896.5,332.5
8,769,25.633,918.5,316.5
8,770,25.667,938.5,302.5
8,771,25.7,960.5,290.5
8,772,25.733,980.5,284.5
8,774,25.8,832.5,356.5
8,775,25.833,832.5,356.5
8,777,25.9,830.5,356.5
8,780,26.0,778.5,342.5
8,782,26.067,910.5,250.5
8,783,26.1,836.5,234.5
8,784,26.133,774.5,224.5
8,785,26.167,716.5,218.5
8,786,26.2,668.5,216.5
8,787,26.233,618.5,218.5
8,788,26.267,578.5,226.5
8,789,26.3,542.5,232.5
8,790,26.333,508.5,244.5
8,791,26.367,478.5,256.5
8,792,26.4,452.5,270.5
8,793,26.433,424.5,244.5
8,794,26.467,396.5,218.5
8,795,26.5,370.5,198.5
8,796,26.533,344.5,182.5
8,797,26.567,322.5,168.5
8,798,26.6,300.5,160.5
8,799,26.633,280.5,152.5
8,800,26.667,262.5,148.5
8,801,26.7,246.5,148.5
8,802,26.733,230.5,148.5
8,803,26.767,218.5,150.5
8,804,26.8,252.5,148.5
8,806,26.867,346.5,156.5
8,807,26.9,390.5,162.5
8,808,26.933,436.5,174.5
8,809,26.967,484.5,190.5
8,810,27.0,532.5,210.5
8,811,27.033,580.5,234.5
8,812,27.067,628.5,260.5
8,813,27.1,678.5,292.5
8,814,27.133,728.5,328.5
8,815,27.167,772.5,338.5
8,816,27.2,818.5,328.5
8,817,27.233,868.5,320.5
8,818,27.267,914.5,314.5
8,819,27.3,966.5,314.5
8,820,27.333,1018.5,316.5
8,821,27.367,1070.5,324.5
8,824,27.467,1054.5,268.5
9,829,27.633,602.5,56.5
9,830,27.667,542.5,44.5
9,831,27.7,488.5,36.5
9,832,27.733,442.5,34.5
9,833,27.767,402.5,36.5
9,834,27.8,366.5,42.5
9,835,27.833,334.5,50.5
9,836,27.867,306.5,60.5
9,837,27.9,282.5,72.5
9,838,27.933,258.5,88.5
9,839,27.967,242.5,104.5
9,840,28.0,226.5,120.5
9,841,28.033,210.5,138.5
9,842,28.067,198.5,156.5
9,843,28.1,208.5,176.5
9,844,28.133,224.5,196.5
9,845,28.167,238.5,214.5
9,846,28.2,256.5,238.5
9,847,28.233,272.5,260.5
9,850,28.333,322.5,340.5
9,851,28.367,338.5,370.5
9,852,28.4,342.5,366.5
9,853,28.433,346.5,358.5
9,854,28.467,348.5,352.5
9,855,28.5,354.5,348.5
9,856,28.533,356.5,346.5
9,857,28.567,362.5,344.5
9,858,28.6,366.5,348.5
9,859,28.633,370.5,348.5
9,860,28.667,376.5,356.5
9,861,28.7,382.5,364.5
9,862,28.733,386.5,372.5
9,863,28.767,392.5,384.5
9,864,28.8,396.5,398.5
9,865,28.833,402.5,414.5
9,866,28.867,408.5,430.5
9,869,28.967,420.5,432.5
9,871,29.033,424.5,436.5
9,872,29.067,428.5,440.5
9,873,29.1,432.5,450.5
9,874,29.133,434.5,458.5
9,875,29.167,438.5,462.5
9,876,29.2,442.5,462.5
9,877,29.233,444.5,464.5
9,878,29.267,448.5,468.5
9,879,29.3,450.5,476.5
9,880,29.333,454.5,480.5
9,881,29.367,456.5,482.5
9,882,29.4,458.5,484.5
9,883,29.433,462.5,490.5
9,884,29.467,466.5,492.5
9,885,29.5,468.5,496.5
9,886,29.533,472.5,500.5
9,887,29.567,474.5,502.5
9,888,29.6,476.5,506.5
9,889,29.633,476.5,512.5
9,890,29.667,478.5,512.5
9,891,29.7,478.5,512.5
9,892,29.733,480.5,508.5
9,893,29.767,478.5,504.5
9,894,29.8,478.5,502.5
10,902,30.067,488.5,496.5
10,903,30.1,490.5,496.5
10,904,30.133,490.5,496.5
10,905,30.167,490.5,494.5
10,907,30.233,490.5,492.5
10,908,30.267,490.5,492.5
10,909,30.3,490.5,492.5
10,910,30.333,492.5,492.5
10,911,30.367,492.5,490.5
10,912,30.4,490.5,488.5
10,913,30.433,490.5,488.5
10,914,30.467,492.5,490.5
11,1038,34.6,440.5,394.5
11,1039,34.633,438.5,380.5
11,1040,34.667,432.5,360.5
11,1043,34.767,428.5,300.5
11,1044,34.8,428.5,288.5
11,1045,34.833,428.5,278.5
11,1046,34.867,428.5,274.5
11,1047,34.9,428.5,272.5
11,1048,34.933,430.5,272.5
11,1049,34.967,430.5,274.5
11,1050,35.0,430.5,276.5
11,1051,35.033,430.5,286.5
11,1052,35.067,432.5,294.5
11,1053,35.1,434.5,304.5
11,1054,35.133,434.5,290.5
11,1055,35.167,434.5,276.5
11,1056,35.2,432.5,262.5
11,1057,35.233,434.5,254.5
11,1058,35.267,434.5,246.5
11,1059,35.3,434.5,242.5
11,1060,35.333,436.5,240.5
11,1061,35.367,436.5,240.5
11,1062,35.4,438.5,244.5
11,1063,35.433,438.5,250.5
11,1064,35.467,440.5,258.5
11,1065,35.5,442.5,266.5
11,1066,35.533,442.5,276.5
11,1067,35.567,442.5,260.5
11,1068,35.6,442.5,248.5
11,1069,35.633,442.5,240.5
11,1070,35.667,444.5,232.5
11,1071,35.7,444.5,228.5
11,1072,35.733,444.5,226.5
11,1073,35.767,446.5,226.5
11,1074,35.8,446.5,228.5
11,1075,35.833,446.5,232.5
11,1076,35.867,448.5,240.5
11,1077,35.9,450.5,246.5
11,1078,35.933,450.5,254.5
11,1079,35.967,450.5,242.5
11,1080,36.0,450.5,230.5
11,1081,36.033,450.5,226.5
11,1082,36.067,450.5,220.5
11,1083,36.1,450.5,218.5
11,1084,36.133,452.5,218.5
11,1085,36.167,452.5,220.5
11,1086,36.2,452.5,222.5
11,1087,36.233,454.5,226.5
11,1088,36.267,458.5,222.5
11,1089,36.3,454.5,222.5
11,1090,36.333,452.5,220.5
11,1091,36.367,450.5,216.5
11,1092,36.4,446.5,214.5
11,1093,36.433,442.5,212.5
11,1094,36.467,436.5,212.5
11,1095,36.5,432.5,210.5
11,1096,36.533,426.5,208.5
11,1097,36.567,422.5,208.5
11,1098,36.6,418.5,208.5
11,1099,36.633,412.5,210.5
11,1100,36.667,408.5,210.5
11,1101,36.7,404.5,212.5
11,1102,36.733,400.5,212.5
11,1103,36.767,396.5,212.5
11,1104,36.8,392.5,214.5
11,1105,36.833,388.5,214.5
11,1106,36.867,386.5,216.5
11,1107,36.9,382.5,216.5
11,1108,36.933,378.5,216.5
11,1109,36.967,376.5,216.5
11,1110,37.0,374.5,218.5
11,1111,37.033,374.5,216.5
11,1112,37.067,370.5,216.5
11,1113,37.1,378.5,212.5
11,1116,37.2,388.5,200.5
11,1117,37.233,392.5,188.5
11,1118,37.267,394.5,176.5
11,1119,37.3,396.5,160.5
11,1120,37.333,402.5,110.5
11,1121,37.367,402.5,136.5
11,1122,37.4,404.5,122.5
11,1124,37.467,398.5,92.5
11,1125,37.5,398.5,84.5
11,1126,37.533,398.5,78.5
11,1127,37.567,398.5,72.5
11,1128,37.6,398.5,70.5
11,1129,37.633,400.5,72.5
11,1130,37.667,400.5,76.5
11,1131,37.7,402.5,80.5
11,1132,37.733,402.5,86.5
11,1133,37.767,404.5,96.5
11,1134,37.8,406.5,108.5
11,1135,37.833,408.5,120.5
11,1136,37.867,410.5,148.5
11,1139,37.967,428.5,184.5
11,1140,38.0,450.5,204.5
11,1141,38.033,470.5,226.5
11,1142,38.067,492.5,250.5
11,1143,38.1,510.5,246.5
11,1144,38.133,530.5,244.5
11,1145,38.167,548.5,242.5
11,1146,38.2,570.5,244.5
11,1147,38.233,592.5,248.5
11,1148,38.267,614.5,256.5
11,1149,38.3,638.5,266.5
11,1150,38.333,662.5,280.5
11,1151,38.367,686.5,294.5
11,1152,38.4,712.5,316.5
11,1153,38.433,738.5,338.5
11,1154,38.467,764.5,362.5
11,1155,38.5,788.5,368.5
11,1156,38.533,812.5,362.5
11,1157,38.567,836.5,362.5
11,1158,38.6,862.5,364.5
11,1159,38.633,858.5,354.5
11,1160,38.667,802.5,324.5
11,1161,38.7,748.5,298.5
11,1162,38.733,696.5,276.5
11,1163,38.767,650.5,260.5
11,1164,38.8,608.5,248.5
11,1165,38.833,568.5,240.5
11,1166,38.867,534.5,234.5
11,1167,38.9,500.5,232.5
11,1168,38.933,470.5,232.5
11,1169,38.967,444.5,236.5
11,1170,39.0,420.5,242.5
11,1171,39.033,398.5,246.5
11,1172,39.067,378.5,258.5
11,1173,39.1,358.5,266.5
11,1174,39.133,340.5,244.5
11,1175,39.167,322.5,226.5
11,1176,39.2,306.5,212.5
11,1177,39.233,292.5,200.5
11,1178,39.267,302.5,188.5
11,1179,39.3,322.5,176.5
11,1180,39.333,346.5,164.5
11,1181,39.367,370.5,156.5
11,1182,39.4,392.5,150.5
11,1183,39.433,418.5,148.5
11,1184,39.467,442.5,148.5
11,1185,39.5,466.5,150.5
11,1186,39.533,494.5,154.5
11,1187,39.567,520.5,164.5
11,1188,39.6,546.5,172.5
11,1189,39.633,574.5,184.5
11,1190,39.667,600.5,200.5
11,1191,39.7,626.5,218.5
11,1192,39.733,654.5,236.5
11,1193,39.767,680.5,260.5
11,1194,39.8,706.5,284.5
11,1195,39.833,732.5,310.5
11,1196,39.867,756.5,340.5
11,1197,39.9,778.5,334.5
11,1198,39.933,800.5,316.5
11,1199,39.967,822.5,302.5
11,1200,40.0,842.5,290.5
11,1201,40.033,864.5,280.5
11,1202,40.067,886.5,274.5
11,1203,40.1,906.5,272.5
11,1204,40.133,926.5,272.5
11,1205,40.167,948.5,274.5
11,1206,40.2,968.5,280.5
12,1212,40.4,880.5,268.5
12,1213,40.433,832.5,256.5
12,1214,40.467,784.5,248.5
12,1215,40.5,742.5,244.5
12,1216,40.533,702.5,244.5
12,1217,40.567,668.5,248.5
12,1218,40.6,632.5,254.5
12,1219,40.633,602.5,262.5
12,1220,40.667,572.5,272.5
12,1221,40.7,546.5,284.5
12,1222,40.733,520.5,272.5
12,1223,40.767,494.5,250.5
12,1224,40.8,466.5,234.5
12,1225,40.833,444.5,220.5
12,1226,40.867,420.5,210.5
12,1227,40.9,400.5,204.5
12,1228,40.933,380.5,198.5
12,1229,40.967,362.5,198.5
12,1230,41.0,344.5,200.5
12,1231,41.033,326.5,202.5
12,1232,41.067,314.5,208.5
12,1233,41.1,298.5,214.5
12,1234,41.133,310.5,202.5
12,1235,41.167,326.5,186.5
12,1236,41.2,342.5,172.5
12,1237,41.233,360.5,160.5
12,1238,41.267,378.5,150.5
12,1239,41.3,398.5,144.5
12,1240,41.333,418.5,138.5
12,1241,41.367,438.5,136.5
12,1242,41.4,458.5,136.5
12,1243,41.433,480.5,140.5
12,1244,41.467,502.5,146.5
12,1245,41.5,526.5,154.5
12,1246,41.533,548.5,166.5
12,1247,41.567,572.5,180.5
12,1248,41.6,596.5,196.5
12,1249,41.633,620.5,216.5
12,1250,41.667,642.5,238.5
12,1251,41.7,668.5,260.5
12,1252,41.733,690.5,288.5
12,1253,41.767,714.5,318.5
12,1254,41.8,738.5,350.5
12,1255,41.833,758.5,366.5
12,1256,41.867,774.5,348.5
12,1257,41.9,792.5,332.5
12,1258,41.933,810.5,320.5
12,1259,41.967,826.5,308.5
12,1260,42.0,844.5,302.5
12,1261,42.033,862.5,296.5
12,1262,42.067,878.5,296.5
12,1263,42.1,928.5,296.5
12,1265,42.167,766.5,254.5
12,1266,42.2,710.5,240.5
12,1267,42.233,660.5,228.5
12,1268,42.267,614.5,220.5
12,1269,42.3,574.5,218.5
12,1270,42.333,536.5,218.5
12,1271,42.367,504.5,220.5
12,1272,42.4,474.5,224.5
12,1273,42.433,448.5,230.5
12,1274,42.467,426.5,240.5
12,1275,42.5,404.5,250.5
12,1276,42.533,386.5,260.5
12,1277,42.567,368.5,254.5
12,1278,42.6,350.5,230.5
12,1279,42.633,336.5,212.5
12,1280,42.667,322.5,196.5
12,1281,42.7,306.5,180.5
12,1282,42.733,294.5,172.5
12,1283,42.767,304.5,162.5
12,1284,42.8,324.5,156.5
12,1285,42.833,342.5,148.5
12,1286,42.867,362.5,146.5
12,1287,42.9,382.5,146.5
12,1288,42.933,404.5,146.5
12,1289,42.967,426.5,150.5
12,1290,43.0,448.5,156.5
12,1291,43.033,470.5,164.5
12,1292,43.067,492.5,176.5
12,1293,43.1,516.5,192.5
12,1294,43.133,540.5,208.5
12,1295,43.167,562.5,226.5
12,1296,43.2,588.5,246.5
12,1297,43.233,612.5,272.5
12,1298,43.267,636.5,296.5
12,1299,43.3,658.5,324.5
12,1300,43.333,682.5,346.5
12,1301,43.367,700.5,328.5
12,1302,43.4,720.5,316.5
12,1303,43.433,738.5,306.5
12,1304,43.467,758.5,300.5
12,1305,43.5,780.5,294.5
12,1306,43.533,798.5,294.5
12,1307,43.567,820.5,296.5
12,1308,43.6,840.5,300.5
12,1309,43.633,796.5,284.5
12,1310,43.667,748.5,270.5
12,1311,43.7,702.5,258.5
12,1312,43.733,660.5,250.5
12,1313,43.767,620.5,244.5
12,1314,43.8,582.5,242.5
12,1315,43.833,548.5,242.5
12,1316,43.867,516.5,244.5
12,1317,43.9,486.5,252.5
12,1318,43.933,456.5,258.5
12,1319,43.967,430.5,268.5
12,1320,44.0,404.5,278.5
12,1321,44.033,382.5,290.5
12,1322,44.067,360.5,274.5
12,1323,44.1,340.5,256.5
12,1324,44.133,320.5,240.5
12,1325,44.167,300.5,228.5
12,1326,44.2,282.5,218.5
12,1327,44.233,264.5,210.5
12,1328,44.267,248.5,206.5
12,1329,44.3,234.5,204.5
12,1330,44.333,218.5,204.5
12,1331,44.367,206.5,208.5
12,1332,44.4,222.5,194.5
12,1333,44.433,244.5,178.5
12,1334,44.467,270.5,168.5
12,1335,44.5,294.5,160.5
12,1336,44.533,320.5,152.5
12,1337,44.567,346.5,150.5
12,1338,44.6,372.5,150.5
12,1339,44.633,402.5,152.5
12,1340,44.667,430.5,158.5
12,1341,44.7,458.5,166.5
12,1342,44.733,486.5,178.5
12,1343,44.767,516.5,192.5
12,1344,44.8,546.5,210.5
12,1345,44.833,576.5,230.5
12,1346,44.867,606.5,254.5
12,1347,44.9,634.5,280.5
12,1348,44.933,662.5,308.5
12,1349,44.967,690.5,338.5
12,1350,45.0,714.5,366.5
12,1351,45.033,736.5,344.5
12,1352,45.067,758.5,324.5
12,1353,45.1,782.5,310.5
12,1354,45.133,804.5,298.5
12,1355,45.167,828.5,290.5
12,1356,45.2,850.5,282.5
12,1357,45.233,874.5,280.5
12,1358,45.267,834.5,262.5
12,1359,45.3,772.5,242.5
12,1360,45.333,720.5,228.5
12,1361,45.367,676.5,220.5
12,1362,45.4,634.5,214.5
12,1363,45.433,598.5,212.5
12,1364,45.467,566.5,212.5
12,1365,45.5,540.5,216.5
12,1366,45.533,514.5,222.5
12,1367,45.567,494.5,228.5
12,1368,45.6,474.5,238.5
12,1369,45.633,458.5,228.5
12,1370,45.667,442.5,204.5
12,1371,45.7,428.5,186.5
12,1372,45.733,416.5,172.5
12,1373,45.767,402.5,158.5
12,1376,45.867,416.5,128.5
12,1377,45.9,428.5,116.5
12,1378,45.933,442.5,108.5
12,1379,45.967,454.5,102.5
12,1380,46.0,470.5,100.5
12,1381,46.033,484.5,98.5
12,1382,46.067,498.5,98.5
12,1383,46.1,514.5,100.5
12,1384,46.133,528.5,108.5
12,1385,46.167,544.5,116.5
12,1386,46.2,558.5,128.5
12,1387,46.233,574.5,142.5
12,1388,46.267,590.5,158.5
12,1389,46.3,606.5,176.5
12,1390,46.333,622.5,198.5
12,1391,46.367,638.5,224.5
12,1392,46.4,654.5,252.5
12,1393,46.433,668.5,280.5
12,1394,46.467,682.5,312.5
12,1395,46.5,696.5,344.5
12,1396,46.533,708.5,348.5
12,1397,46.567,718.5,328.5
12,1398,46.6,730.5,314.5
12,1399,46.633,742.5,302.5
12,1400,46.667,754.5,292.5
12,1401,46.7,766.5,288.5
12,1402,46.733,778.5,284.5
12,1403,46.767,788.5,284.5
12,1404,46.8,800.5,288.5
12,1405,46.833,794.5,286.5
12,1406,46.867,744.5,272.5
12,1407,46.9,696.5,258.5
12,1408,46.933,654.5,248.5
12,1409,46.967,614.5,244.5
12,1410,47.0,578.5,244.5
12,1411,47.033,544.5,244.5
12,1412,47.067,512.5,248.5
12,1413,47.1,484.5,256.5
12,1414,47.133,458.5,262.5
12,1415,47.167,434.5,274.5
12,1416,47.2,412.5,286.5
12,1417,47.233,390.5,292.5
12,1418,47.267,370.5,268.5
12,1419,47.3,352.5,248.5
12,1420,47.333,334.5,230.5
12,1421,47.367,316.5,218.5
12,1422,47.4,300.5,208.5
12,1423,47.433,286.5,200.5
12,1424,47.467,270.5,196.5
12,1425,47.5,258.5,192.5
12,1426,47.533,246.5,192.5
12,1427,47.567,234.5,196.5
12,1428,47.6,224.5,200.5
12,1429,47.633,226.5,198.5
12,1430,47.667,250.5,188.5
12,1431,47.7,274.5,180.5
12,1432,47.733,300.5,172.5
12,1433,47.767,326.5,168.5
12,1434,47.8,354.5,166.5
12,1435,47.833,382.5,166.5
12,1436,47.867,412.5,172.5
12,1437,47.9,440.5,178.5
12,1438,47.933,470.5,188.5
12,1439,47.967,500.5,200.5
12,1440,48.0,530.5,214.5
12,1441,48.033,560.5,232.5
12,1442,48.067,590.5,252.5
12,1443,48.1,620.5,274.5
12,1444,48.133,648.5,298.5
12,1445,48.167,674.5,324.5
12,1446,48.2,702.5,334.5
12,1447,48.233,724.5,316.5
12,1448,48.267,748.5,302.5
12,1449,48.3,770.5,290.5
12,1450,48.333,794.5,280.5
12,1451,48.367,816.5,274.5
12,1452,48.4,838.5,272.5
12,1453,48.433,862.5,272.5
12,1454,48.467,882.5,276.5
12,1455,48.5,904.5,280.5
12,1456,48.533,926.5,290.5
12,1457,48.567,944.5,302.5
12,1459,48.633,900.5,276.5
12,1460,48.667,850.5,250.5
12,1461,48.7,800.5,226.5
12,1462,48.733,754.5,210.5
12,1463,48.767,708.5,194.5
12,1464,48.8,668.5,186.5
12,1465,48.833,624.5,180.5
12,1466,48.867,586.5,180.5
12,1467,48.9,550.5,182.5
12,1468,48.933,518.5,188.5
12,1469,48.967,486.5,194.5
12,1470,49.0,458.5,204.5
12,1471,49.033,430.5,216.5
12,1472,49.067,406.5,232.5
12,1473,49.1,386.5,250.5
12,1474,49.133,364.5,268.5
12,1475,49.167,346.5,282.5
12,1476,49.2,322.5,256.5
12,1477,49.233,298.5,234.5
12,1478,49.267,276.5,216.5
12,1479,49.3,258.5,200.5
12,1480,49.333,238.5,188.5
12,1481,49.367,218.5,180.5
12,1482,49.4,202.5,174.5
12,1483,49.433,186.5,170.5
12,1484,49.467,170.5,168.5
12,1485,49.5,156.5,170.5
12,1486,49.533,142.5,176.5
12,1487,49.567,178.5,170.5
12,1488,49.6,232.5,136.5
12,1489,49.633,294.5,110.5
13,1761,58.7,1252.5,456.5
13,1762,58.733,1240.5,452.5
13,1763,58.767,1226.5,448.5
13,1764,58.8,1212.5,446.5
13,1765,58.833,1198.5,442.5
13,1766,58.867,1184.5,440.5
13,1767,58.9,1174.5,440.5
13,1771,59.033,1128.5,436.5
13,1772,59.067,1116.5,436.5
14,1823,60.767,974.5,358.5
14,1826,60.867,974.5,358.5
14,1827,60.9,972.5,360.5
14,1828,60.933,972.5,362.5
14,1829,60.967,970.5,366.5
14,1830,61.0,974.5,372.5
14,1831,61.033,974.5,380.5
14,1832,61.067,974.5,388.5
14,1833,61.1,972.5,398.5
14,1834,61.133,974.5,408.5
15,1893,63.1,978.5,366.5
15,1894,63.133,982.5,354.5
15,1895,63.167,988.5,340.5
15,1898,63.267,994.5,328.5
15,1899,63.3,990.5,348.5
16,1912,63.733,850.5,324.5
16,1913,63.767,796.5,326.5
16,1914,63.8,748.5,304.5
16,1915,63.833,706.5,288.5
16,1916,63.867,664.5,272.5
16,1917,63.9,624.5,260.5
16,1918,63.933,588.5,254.5
16,1919,63.967,554.5,250.5
16,1920,64.0,520.5,248.5
16,1921,64.033,490.5,250.5
16,1922,64.067,460.5,254.5
16,1923,64.1,434.5,260.5
16,1924,64.133,408.5,264.5
16,1925,64.167,386.5,248.5
16,1926,64.2,364.5,236.5
16,1927,64.233,342.5,226.5
16,1928,64.267,322.5,220.5
16,1929,64.3,302.5,214.5
16,1930,64.333,306.5,204.5
16,1931,64.367,324.5,190.5
16,1932,64.4,344.5,178.5
16,1933,64.433,364.5,166.5
16,1934,64.467,386.5,160.5
16,1935,64.5,406.5,154.5
16,1936,64.533,426.5,150.5
16,1937,64.567,448.5,148.5
16,1938,64.6,470.5,152.5
16,1939,64.633,494.5,154.5
16,1940,64.667,516.5,162.5
16,1941,64.7,538.5,170.5
16,1942,64.733,560.5,180.5
16,1943,64.767,582.5,194.5
16,1944,64.8,606.5,208.5
16,1945,64.833,628.5,226.5
16,1946,64.867,648.5,244.5
16,1947,64.9,672.5,266.5
16,1948,64.933,692.5,290.5
16,1949,64.967,712.5,308.5
16,1950,65.0,728.5,290.5
16,1951,65.033,744.5,274.5
16,1952,65.067,758.5,260.5
16,1953,65.1,774.5,250.5
16,1954,65.133,790.5,242.5
16,1955,65.167,806.5,236.5
16,1956,65.2,820.5,234.5
16,1957,65.233,836.5,234.5
16,1958,65.267,850.5,238.5
16,1962,65.4,782.5,226.5
16,1963,65.433,726.5,212.5
16,1964,65.467,676.5,204.5
16,1965,65.5,626.5,200.5
16,1966,65.533,582.5,200.5
16,1967,65.567,542.5,202.5
16,1968,65.6,504.5,208.5
16,1969,65.633,466.5,214.5
16,1970,65.667,436.5,226.5
16,1971,65.7,406.5,236.5
16,1972,65.733,378.5,252.5
16,1973,65.767,352.5,240.5
16,1974,65.8,326.5,220.5
16,1975,65.833,302.5,204.5
16,1976,65.867,280.5,194.5
16,1977,65.9,294.5,180.5
16,1978,65.933,324.5,164.5
16,1979,65.967,358.5,156.5
16,1980,66.0,390.5,146.5
16,1981,66.033,422.5,140.5
16,1982,66.067,456.5,136.5
16,1983,66.1,490.5,134.5
16,1984,66.133,524.5,134.5
16,1985,66.167,556.5,136.5
16,1986,66.2,590.5,140.5
16,1987,66.233,624.5,148.5
16,1988,66.267,660.5,158.5
16,1989,66.3,692.5,170.5
16,1990,66.333,726.5,184.5
16,1991,66.367,760.5,202.5
16,1992,66.4,792.5,220.5
16,1993,66.433,824.5,242.5
16,1994,66.467,858.5,266.5
16,1995,66.5,890.5,290.5
16,1996,66.533,920.5,318.5
16,1997,66.567,950.5,346.5
16,1998,66.6,978.5,372.5
16,1999,66.633,1010.5,410.5
17,2007,66.9,1192.5,538.5
17,2008,66.933,1206.5,530.5
17,2009,66.967,1220.5,524.5
17,2010,67.0,1236.5,520.5
17,2011,67.033,1252.5,520.5
17,2012,67.067,1266.5,524.5
17,2013,67.1,1272.5,528.5
18,2226,74.2,978.5,374.5
18,2227,74.233,972.5,376.5
18,2228,74.267,972.5,380.5
18,2229,74.3,974.5,372.5
18,2230,74.333,982.5,362.5
18,2233,74.433,994.5,330.5
18,2234,74.467,994.5,344.5
18,2235,74.5,980.5,364.5
18,2236,74.533,970.5,380.5
19,2252,75.067,722.5,288.5
19,2253,75.1,690.5,270.5
19,2254,75.133,658.5,256.5
19,2255,75.167,628.5,244.5
19,2256,75.2,598.5,238.5
19,2257,75.233,572.5,234.5
19,2258,75.267,546.5,232.5
19,2259,75.3,522.5,234.5
19,2260,75.333,498.5,238.5
19,2261,75.367,476.5,244.5
19,2262,75.4,456.5,254.5
19,2263,75.433,436.5,264.5
19,2264,75.467,418.5,266.5
19,2265,75.5,400.5,248.5
19,2266,75.533,382.5,236.5
19,2267,75.567,364.5,224.5
19,2268,75.6,348.5,216.5
19,2269,75.633,332.5,210.5
19,2270,75.667,318.5,208.5
19,2271,75.7,304.5,206.5
19,2272,75.733,290.5,206.5
19,2273,75.767,278.5,210.5
19,2274,75.8,266.5,216.5
19,2275,75.833,258.5,224.5
19,2276,75.867,262.5,222.5
19,2277,75.9,282.5,212.5
19,2278,75.933,304.5,206.5
19,2279,75.967,326.5,200.5
19,2280,76.0,352.5,198.5
19,2281,76.033,376.5,198.5
19,2282,76.067,402.5,200.5
19,2283,76.1,430.5,208.5
19,2284,76.133,458.5,216.5
19,2285,76.167,486.5,228.5
19,2286,76.2,518.5,244.5
19,2287,76.233,548.5,264.5
19,2288,76.267,580.5,288.5
19,2289,76.3,610.5,312.5
19,2290,76.333,642.5,338.5
19,2291,76.367,674.5,372.5
19,2292,76.4,706.5,408.5
19,2293,76.433,738.5,428.5
19,2294,76.467,768.5,418.5
19,2295,76.5,800.5,408.5
19,2296,76.533,832.5,404.5
19,2297,76.567,864.5,402.5
19,2299,76.633,798.5,360.5
19,2300,76.667,722.5,330.5
19,2301,76.7,660.5,308.5
19,2302,76.733,608.5,292.5
19,2303,76.767,566.5,284.5
19,2304,76.8,528.5,276.5
19,2305,76.833,498.5,276.5
19,2306,76.867,470.5,276.5
19,2307,76.9,446.5,280.5
19,2308,76.933,426.5,272.5
19,2309,76.967,404.5,246.5
19,2310,77.0,386.5,226.5
19,2311,77.033,372.5,208.5
19,2312,77.067,354.5,194.5
19,2313,77.1,342.5,184.5
19,2314,77.133,330.5,178.5
19,2315,77.167,320.5,172.5
19,2316,77.2,336.5,162.5
19,2317,77.233,350.5,152.5
19,2318,77.267,364.5,146.5
19,2319,77.3,380.5,140.5
19,2320,77.333,398.5,138.5
19,2321,77.367,414.5,136.5
19,2322,77.4,432.5,140.5
19,2323,77.433,450.5,144.5
19,2324,77.467,470.5,150.5
19,2325,77.5,490.5,160.5
19,2326,77.533,508.5,170.5
19,2327,77.567,528.5,184.5
19,2328,77.6,550.5,202.5
19,2329,77.633,570.5,220.5
19,2330,77.667,590.5,242.5
19,2331,77.7,610.5,264.5
19,2332,77.733,630.5,290.5
19,2333,77.767,650.5,316.5
19,2334,77.8,670.5,328.5
19,2335,77.833,684.5,310.5
19,2336,77.867,702.5,296.5
19,2337,77.9,718.5,284.5
19,2338,77.933,734.5,276.5
19,2339,77.967,750.5,272.5
19,2340,78.0,766.5,270.5
19,2341,78.033,784.5,268.5
19,2342,78.067,800.5,272.5
19,2343,78.1,816.5,278.5
19,2344,78.133,832.5,286.5
19,2345,78.167,836.5,292.5
19,2346,78.2,790.5,272.5
19,2347,78.233,748.5,258.5
19,2348,78.267,708.5,244.5
19,2349,78.3,674.5,238.5
19,2350,78.333,638.5,232.5
19,2351,78.367,604.5,230.5
19,2352,78.4,574.5,230.5
19,2353,78.433,546.5,236.5
19,2354,78.467,518.5,242.5
19,2355,78.5,494.5,248.5
19,2356,78.533,472.5,260.5
19,2357,78.567,450.5,270.5
19,2358,78.6,432.5,276.5
19,2359,78.633,412.5,256.5
19,2360,78.667,396.5,236.5
19,2361,78.7,378.5,224.5
19,2362,78.733,364.5,212.5
19,2363,78.767,350.5,204.5
19,2364,78.8,334.5,198.5
19,2365,78.833,322.5,194.5
19,2366,78.867,310.5,194.5
19,2367,78.9,298.5,196.5
19,2368,78.933,290.5,198.5
19,2369,78.967,300.5,202.5
19,2370,79.0,364.5,196.5
19,2371,79.033,430.5,196.5
19,2372,79.067,512.5,198.5
19,2373,79.1,592.5,208.5
19,2374,79.133,676.5,224.5
19,2375,79.167,754.5,242.5
20,2386,79.533,1224.5,668.5
20,2387,79.567,1194.5,666.5
20,2390,79.667,1180.5,570.5
20,2391,79.7,1174.5,546.5
20,2392,79.733,1166.5,524.5
20,2393,79.767,1158.5,506.5
20,2394,79.8,1148.5,490.5
20,2395,79.833,1138.5,480.5
20,2396,79.867,1128.5,470.5
20,2397,79.9,1116.5,464.5
20,2398,79.933,1106.5,462.5
20,2399,79.967,1094.5,460.5
20,2400,80.0,1082.5,464.5
20,2401,80.033,1070.5,468.5
20,2402,80.067,1060.5,476.5
20,2403,80.1,1046.5,486.5
20,2404,80.133,1036.5,498.5
20,2405,80.167,1024.5,512.5
20,2406,80.2,1014.5,528.5
20,2407,80.233,1002.5,544.5
20,2408,80.267,994.5,548.5
20,2409,80.3,984.5,530.5
20,2410,80.333,976.5,514.5
20,2411,80.367,968.5,502.5
20,2412,80.4,958.5,492.5
20,2413,80.433,950.5,484.5
20,2414,80.467,940.5,480.5
20,2415,80.5,930.5,478.5
20,2416,80.533,922.5,476.5
20,2417,80.567,910.5,482.5
20,2418,80.6,900.5,488.5
20,2419,80.633,890.5,496.5
20,2420,80.667,876.5,502.5
20,2421,80.7,874.5,494.5
20,2423,80.767,856.5,482.5
20,2424,80.8,850.5,478.5
21,2456,81.867,870.5,386.5
21,2459,81.967,642.5,440.5
21,2461,82.033,634.5,438.5
21,2463,82.1,626.5,436.5
21,2464,82.133,622.5,436.5
21,2465,82.167,620.5,436.5
21,2466,82.2,618.5,434.5
21,2469,82.3,606.5,434.5
21,2470,82.333,604.5,434.5
21,2471,82.367,602.5,434.5
21,2472,82.4,600.5,434.5
22,2570,85.667,608.5,224.5
22,2571,85.7,612.5,218.5
22,2572,85.733,602.5,214.5
22,2573,85.767,608.5,206.5
22,2574,85.8,600.5,200.5
23,2620,87.333,420.5,198.5
23,2621,87.367,420.5,198.5
23,2622,87.4,416.5,200.5
23,2623,87.433,414.5,200.5
23,2624,87.467,410.5,200.5
23,2625,87.5,406.5,202.5
23,2626,87.533,404.5,202.5
23,2627,87.567,402.5,204.5
23,2628,87.6,400.5,204.5
23,2629,87.633,394.5,206.5
23,2632,87.733,386.5,206.5
23,2633,87.767,382.5,208.5
23,2635,87.833,376.5,214.5
23,2637,87.9,372.5,214.5
23,2638,87.933,368.5,216.5
23,2639,87.967,366.5,216.5
23,2640,88.0,362.5,216.5
23,2641,88.033,360.5,218.5
23,2642,88.067,356.5,220.5
23,2643,88.1,354.5,220.5
23,2644,88.133,354.5,220.5
23,2645,88.167,352.5,222.5
23,2649,88.3,340.5,228.5
23,2650,88.333,336.5,230.5
23,2651,88.367,332.5,230.5
23,2652,88.4,330.5,232.5
23,2653,88.433,324.5,232.5
23,2654,88.467,320.5,234.5
23,2655,88.5,314.5,234.5
23,2656,88.533,308.5,234.5
23,2657,88.567,302.5,232.5
23,2658,88.6,292.5,232.5
23,2659,88.633,282.5,228.5
23,2660,88.667,274.5,222.5
23,2661,88.7,262.5,212.5
23,2662,88.733,254.5,200.5
23,2663,88.767,246.5,186.5
23,2664,88.8,238.5,168.5
23,2665,88.833,234.5,154.5
23,2666,88.867,230.5,142.5
23,2667,88.9,226.5,132.5
23,2668,88.933,224.5,124.5
23,2669,88.967,222.5,118.5
23,2670,89.0,220.5,116.5
23,2671,89.033,218.5,116.5
23,2672,89.067,216.5,118.5
23,2673,89.1,216.5,124.5
23,2674,89.133,216.5,130.5
23,2675,89.167,216.5,140.5
23,2676,89.2,216.5,150.5
23,2677,89.233,218.5,164.5
23,2678,89.267,220.5,180.5
23,2679,89.3,220.5,198.5
23,2680,89.333,224.5,216.5
23,2681,89.367,232.5,238.5
23,2682,89.4,274.5,260.5
23,2683,89.433,318.5,290.5
23,2684,89.467,354.5,282.5
23,2685,89.5,386.5,274.5
23,2686,89.533,420.5,268.5
23,2687,89.567,454.5,264.5
23,2688,89.6,490.5,264.5
23,2689,89.633,526.5,266.5
23,2690,89.667,562.5,274.5
23,2691,89.7,598.5,284.5
23,2692,89.733,636.5,296.5
23,2693,89.767,672.5,312.5
23,2694,89.8,706.5,334.5
23,2695,89.833,742.5,354.5
23,2696,89.867,774.5,380.5
23,2697,89.9,806.5,396.5
23,2698,89.933,838.5,386.5
23,2699,89.967,870.5,380.5
23,2700,90.0,882.5,366.5
23,2701,90.033,826.5,326.5
23,2702,90.067,772.5,292.5
23,2703,90.1,722.5,262.5
23,2704,90.133,676.5,238.5
23,2705,90.167,636.5,218.5
23,2706,90.2,598.5,202.5
23,2707,90.233,562.5,190.5
23,2708,90.267,532.5,180.5
23,2709,90.3,502.5,174.5
23,2710,90.333,476.5,170.5
23,2711,90.367,452.5,170.5
23,2712,90.4,430.5,170.5
23,2713,90.433,412.5,174.5
23,2714,90.467,394.5,178.5
23,2715,90.5,380.5,186.5
23,2716,90.533,364.5,192.5
23,2717,90.567,352.5,204.5
23,2718,90.6,340.5,214.5
23,2719,90.633,332.5,224.5
23,2720,90.667,322.5,240.5
23,2721,90.7,316.5,250.5
23,2722,90.733,306.5,262.5
24,2822,94.067,402.5,232.5
24,2823,94.1,392.5,230.5
24,2825,94.167,374.5,230.5
24,2826,94.2,366.5,230.5
24,2827,94.233,356.5,232.5
24,2828,94.267,342.5,232.5
24,2829,94.3,332.5,232.5
24,2830,94.333,322.5,228.5
24,2831,94.367,308.5,222.5
24,2832,94.4,298.5,216.5
24,2833,94.433,286.5,206.5
24,2834,94.467,276.5,194.5
24,2835,94.5,268.5,182.5
24,2836,94.533,260.5,172.5
24,2837,94.567,254.5,160.5
24,2838,94.6,250.5,148.5
24,2839,94.633,244.5,142.5
24,2840,94.667,242.5,134.5
24,2841,94.7,238.5,132.5
24,2842,94.733,234.5,130.5
24,2843,94.767,232.5,132.5
24,2844,94.8,232.5,136.5
24,2845,94.833,230.5,144.5
24,2846,94.867,228.5,152.5
24,2847,94.9,228.5,164.5
24,2848,94.933,228.5,178.5
24,2849,94.967,228.5,192.5
24,2850,95.0,230.5,210.5
24,2851,95.033,230.5,228.5
24,2852,95.067,264.5,248.5
24,2853,95.1,300.5,274.5
24,2854,95.133,334.5,294.5
24,2855,95.167,362.5,288.5
24,2856,95.2,390.5,282.5
24,2857,95.233,418.5,280.5
24,2858,95.267,448.5,280.5
24,2859,95.3,480.5,284.5
24,2860,95.333,510.5,290.5
24,2861,95.367,542.5,302.5
24,2862,95.4,572.5,314.5
24,2863,95.433,604.5,332.5
24,2864,95.467,634.5,352.5
24,2865,95.5,666.5,376.5
24,2866,95.533,696.5,402.5
24,2867,95.567,728.5,420.5
24,2868,95.6,756.5,414.5
24,2869,95.633,786.5,410.5
24,2870,95.667,816.5,410.5
24,2871,95.7,848.5,414.5
24,2872,95.733,878.5,420.5
24,2873,95.767,878.5,404.5
24,2874,95.8,836.5,358.5
24,2875,95.833,800.5,320.5
24,2876,95.867,764.5,288.5
24,2877,95.9,732.5,260.5
24,2878,95.933,702.5,240.5
24,2879,95.967,676.5,224.5
24,2880,96.0,648.5,212.5
24,2881,96.033,626.5,206.5
24,2882,96.067,606.5,202.5
24,2883,96.1,586.5,202.5
24,2884,96.133,568.5,204.5
24,2885,96.167,552.5,210.5
24,2886,96.2,536.5,216.5
24,2887,96.233,524.5,226.5
24,2888,96.267,514.5,236.5
24,2889,96.3,502.5,250.5
24,2890,96.333,492.5,264.5
24,2891,96.367,482.5,258.5
24,2892,96.4,476.5,236.5
24,2893,96.433,468.5,216.5
24,2894,96.467,462.5,198.5
24,2895,96.5,454.5,184.5
24,2896,96.533,448.5,172.5
24,2897,96.567,442.5,164.5
24,2898,96.6,438.5,156.5
24,2899,96.633,434.5,152.5
24,2900,96.667,426.5,150.5
24,2901,96.7,422.5,150.5
24,2902,96.733,418.5,154.5
24,2903,96.767,418.5,162.5
24,2904,96.8,434.5,160.5
24,2905,96.833,462.5,160.5
24,2906,96.867,492.5,164.5
24,2907,96.9,526.5,170.5
24,2908,96.933,560.5,180.5
24,2909,96.967,596.5,196.5
24,2910,97.0,632.5,212.5
24,2911,97.033,674.5,236.5
24,2912,97.067,708.5,260.5
24,2913,97.1,746.5,290.5
24,2914,97.133,788.5,322.5
24,2915,97.167,828.5,360.5
24,2916,97.2,870.5,404.5
24,2917,97.233,916.5,416.5
24,2918,97.267,968.5,408.5
24,2919,97.3,1022.5,404.5
24,2920,97.333,1078.5,404.5
24,2921,97.367,1138.5,410.5
24,2922,97.4,1092.5,368.5
25,2927,97.567,686.5,154.5
25,2928,97.6,630.5,138.5
25,2929,97.633,582.5,126.5
25,2930,97.667,538.5,120.5
25,2931,97.7,500.5,116.5
25,2932,97.733,466.5,116.5
25,2933,97.767,436.5,122.5
25,2934,97.8,410.5,128.5
25,2935,97.833,386.5,136.5
25,2936,97.867,366.5,148.5
25,2937,97.9,348.5,160.5
25,2938,97.933,330.5,174.5
25,2939,97.967,314.5,192.5
25,2940,98.0,304.5,208.5
25,2941,98.033,294.5,224.5
25,2942,98.067,284.5,242.5
25,2943,98.1,278.5,260.5
25,2946,98.2,260.5,316.5
25,2948,98.267,246.5,284.5
25,2949,98.3,250.5,274.5
25,2950,98.333,252.5,262.5
25,2951,98.367,252.5,256.5
25,2953,98.433,262.5,246.5
25,2954,98.467,266.5,242.5
25,2956,98.533,274.5,244.5
25,2957,98.567,278.5,246.5
25,2958,98.6,284.5,250.5
25,2959,98.633,288.5,258.5
25,2960,98.667,292.5,264.5
25,2961,98.7,296.5,274.5
25,2965,98.833,320.5,328.5
25,2966,98.867,326.5,344.5
25,2967,98.9,334.5,364.5
25,2968,98.933,336.5,364.5
25,2969,98.967,334.5,356.5
25,2970,99.0,334.5,348.5
25,2971,99.033,332.5,342.5
25,2972,99.067,332.5,340.5
25,2973,99.1,332.5,338.5
25,2974,99.133,332.5,338.5
25,2975,99.167,334.5,340.5
25,2976,99.2,334.5,344.5
25,2977,99.233,334.5,350.5
25,2978,99.267,336.5,356.5
25,2979,99.3,338.5,366.5
25,2980,99.333,336.5,364.5
25,2981,99.367,334.5,360.5
25,2982,99.4,332.5,358.5
25,2983,99.433,328.5,360.5
25,2984,99.467,326.5,360.5
25,2985,99.5,326.5,366.5
25,2987,99.567,322.5,366.5
25,2988,99.6,322.5,366.5
25,2989,99.633,322.5,368.5
25,2990,99.667,320.5,368.5
25,2991,99.7,320.5,368.5
25,2992,99.733,316.5,368.5
25,2994,99.8,314.5,368.5
26,3030,101.0,418.5,230.5
26,3033,101.1,418.5,230.5
26,3037,101.233,420.5,230.5
26,3038,101.267,420.5,230.5
26,3039,101.3,420.5,230.5
26,3040,101.333,420.5,232.5
26,3041,101.367,420.5,228.5
26,3042,101.4,420.5,228.5
26,3043,101.433,420.5,228.5
26,3044,101.467,420.5,228.5
26,3045,101.5,420.5,228.5
26,3046,101.533,420.5,226.5
26,3047,101.567,420.5,228.5
26,3048,101.6,420.5,228.5
26,3049,101.633,420.5,226.5
26,3050,101.667,424.5,228.5
26,3051,101.7,426.5,232.5
27,3056,101.867,426.5,232.5
27,3057,101.9,424.5,230.5
27,3058,101.933,424.5,230.5
27,3059,101.967,426.5,232.5
27,3061,102.033,424.5,232.5
27,3062,102.067,426.5,232.5
27,3064,102.133,422.5,230.5
27,3065,102.167,422.5,228.5
27,3066,102.2,418.5,226.5
27,3067,102.233,416.5,228.5
27,3068,102.267,412.5,226.5
27,3069,102.3,408.5,226.5
27,3070,102.333,404.5,226.5
27,3071,102.367,400.5,226.5
27,3072,102.4,396.5,226.5
27,3073,102.433,394.5,226.5
27,3074,102.467,390.5,226.5
27,3075,102.5,388.5,226.5
27,3076,102.533,386.5,228.5
27,3078,102.6,380.5,228.5
27,3079,102.633,380.5,226.5
27,3081,102.7,386.5,226.5
27,3082,102.733,388.5,224.5
27,3083,102.767,386.5,222.5
27,3084,102.8,388.5,220.5
27,3085,102.833,390.5,218.5
27,3086,102.867,392.5,218.5
27,3087,102.9,392.5,218.5
27,3088,102.933,392.5,218.5
27,3089,102.967,394.5,214.5
27,3090,103.0,398.5,212.5
27,3091,103.033,402.5,206.5
27,3093,103.1,418.5,170.5
27,3094,103.133,428.5,150.5
27,3095,103.167,438.5,132.5
27,3096,103.2,450.5,118.5
27,3097,103.233,462.5,104.5
27,3098,103.267,472.5,94.5
27,3099,103.3,484.5,86.5
27,3100,103.333,498.5,80.5
27,3101,103.367,510.5,78.5
27,3102,103.4,524.5,78.5
27,3103,103.433,538.5,80.5
27,3104,103.467,554.5,86.5
27,3105,103.5,568.5,96.5
27,3106,103.533,582.5,108.5
27,3107,103.567,598.5,122.5
27,3108,103.6,614.5,140.5
27,3109,103.633,628.5,162.5
27,3110,103.667,642.5,184.5
27,3111,103.7,658.5,210.5
27,3112,103.733,672.5,238.5
27,3113,103.767,684.5,268.5
27,3114,103.8,698.5,300.5
27,3115,103.833,712.5,336.5
27,3116,103.867,722.5,360.5
27,3117,103.9,734.5,336.5
27,3118,103.933,748.5,312.5
27,3119,103.967,758.5,292.5
27,3120,104.0,770.5,276.5
27,3121,104.033,782.5,260.5
27,3122,104.067,796.5,250.5
27,3123,104.1,808.5,242.5
27,3124,104.133,820.5,238.5
27,3125,104.167,834.5,236.5
27,3126,104.2,846.5,240.5
27,3127,104.233,852.5,226.5
28,3154,105.133,972.5,374.5
28,3155,105.167,972.5,374.5
28,3156,105.2,972.5,376.5
28,3157,105.233,972.5,376.5
28,3158,105.267,974.5,374.5
29,3176,105.867,844.5,334.5
29,3177,105.9,808.5,304.5
29,3178,105.933,774.5,280.5
29,3179,105.967,740.5,258.5
29,3180,106.0,706.5,242.5
29,3181,106.033,676.5,228.5
29,3182,106.067,642.5,216.5
29,3183,106.1,614.5,210.5
29,3184,106.133,586.5,206.5
29,3185,106.167,560.5,206.5
29,3186,106.2,534.5,208.5
29,3187,106.233,510.5,212.5
29,3188,106.267,488.5,218.5
29,3189,106.3,466.5,228.5
29,3190,106.333,446.5,238.5
29,3191,106.367,430.5,252.5
29,3192,106.4,410.5,258.5
29,3193,106.433,394.5,240.5
29,3194,106.467,380.5,224.5
29,3195,106.5,364.5,210.5
29,3196,106.533,350.5,200.5
29,3197,106.567,338.5,192.5
29,3198,106.6,324.5,188.5
29,3199,106.633,312.5,184.5
29,3200,106.667,298.5,182.5
29,3201,106.7,290.5,186.5
29,3202,106.733,278.5,188.5
29,3203,106.767,270.5,196.5
29,3204,106.8,260.5,204.5
29,3205,106.833,290.5,198.5
29,3206,106.867,328.5,196.5
29,3207,106.9,372.5,192.5
29,3208,106.933,416.5,194.5
29,3209,106.967,458.5,198.5
29,3210,107.0,504.5,208.5
29,3211,107.033,548.5,218.5
29,3212,107.067,594.5,232.5
29,3213,107.1,640.5,250.5
29,3214,107.133,690.5,272.5
29,3215,107.167,734.5,294.5
29,3216,107.2,780.5,322.5
29,3217,107.233,826.5,356.5
29,3218,107.267,870.5,348.5
29,3219,107.3,914.5,338.5
29,3220,107.333,958.5,332.5
29,3221,107.367,1002.5,330.5
29,3222,107.4,1046.5,330.5
29,3223,107.433,1076.5,330.5
29,3224,107.467,1008.5,306.5
29,3225,107.5,944.5,288.5
29,3226,107.533,882.5,274.5
29,3227,107.567,828.5,260.5
29,3228,107.6,776.5,252.5
29,3229,107.633,732.5,248.5
29,3230,107.667,686.5,244.5
29,3231,107.7,646.5,244.5
29,3232,107.733,612.5,246.5
29,3233,107.767,578.5,250.5
29,3234,107.8,550.5,256.5
29,3235,107.833,520.5,262.5
29,3236,107.867,494.5,260.5
29,3237,107.9,470.5,242.5
29,3238,107.933,448.5,226.5
29,3239,107.967,426.5,212.5
29,3240,108.0,408.5,204.5
29,3241,108.033,390.5,196.5
29,3242,108.067,372.5,192.5
29,3243,108.1,356.5,188.5
29,3244,108.133,342.5,188.5
29,3245,108.167,328.5,188.5
29,3246,108.2,314.5,192.5
29,3247,108.233,304.5,198.5
29,3248,108.267,312.5,192.5
29,3249,108.3,330.5,178.5
29,3250,108.333,350.5,170.5
29,3251,108.367,370.5,164.5
29,3252,108.4,392.5,156.5
29,3253,108.433,414.5,156.5
29,3254,108.467,438.5,156.5
29,3255,108.5,462.5,160.5
29,3256,108.533,484.5,166.5
29,3257,108.567,512.5,176.5
29,3258,108.6,534.5,186.5
29,3259,108.633,562.5,202.5
29,3260,108.667,588.5,220.5
29,3261,108.7,614.5,240.5
29,3262,108.733,638.5,262.5
29,3263,108.767,666.5,288.5
29,3264,108.8,690.5,318.5
29,3265,108.833,714.5,336.5
29,3266,108.867,738.5,320.5
29,3267,108.9,760.5,306.5
29,3268,108.933,784.5,294.5
29,3269,108.967,808.5,286.5
29,3270,109.0,832.5,280.5
29,3271,109.033,858.5,278.5
29,3272,109.067,880.5,278.5
29,3273,109.1,906.5,282.5
29,3274,109.133,928.5,290.5
29,3275,109.167,950.5,298.5
29,3276,109.2,934.5,292.5
29,3277,109.233,884.5,272.5
29,3278,109.267,830.5,252.5
29,3279,109.3,784.5,240.5
29,3280,109.333,738.5,228.5
29,3281,109.367,694.5,222.5
29,3282,109.4,654.5,220.5
29,3283,109.433,618.5,220.5
29,3284,109.467,582.5,224.5
29,3285,109.5,548.5,230.5
29,3286,109.533,518.5,238.5
29,3287,109.567,492.5,248.5
29,3288,109.6,464.5,260.5
29,3289,109.633,440.5,274.5
29,3290,109.667,418.5,290.5
29,3291,109.7,396.5,274.5
29,3292,109.733,378.5,254.5
29,3293,109.767,358.5,236.5
29,3294,109.8,340.5,220.5
29,3295,109.833,322.5,208.5
29,3296,109.867,306.5,198.5
29,3297,109.9,292.5,192.5
29,3298,109.933,278.5,188.5
29,3299,109.967,264.5,188.5
29,3300,110.0,252.5,190.5
29,3301,110.033,240.5,194.5
29,3302,110.067,230.5,200.5
29,3303,110.1,222.5,208.5
29,3304,110.133,212.5,218.5
29,3305,110.167,204.5,228.5
29,3306,110.2,198.5,240.5
29,3307,110.233,194.5,252.5
29,3308,110.267,206.5,234.5
29,3309,110.3,218.5,218.5
29,3310,110.333,230.5,204.5
29,3311,110.367,242.5,192.5
29,3312,110.4,254.5,182.5
29,3313,110.433,266.5,174.5
29,3314,110.467,282.5,168.5
29,3315,110.5,292.5,164.5
29,3316,110.533,306.5,162.5
29,3317,110.567,322.5,164.5
29,3318,110.6,336.5,166.5
29,3319,110.633,350.5,174.5
29,3320,110.667,364.5,180.5
29,3321,110.7,378.5,192.5
29,3322,110.733,394.5,204.5
29,3323,110.767,408.5,218.5
29,3324,110.8,424.5,236.5
29,3325,110.833,438.5,252.5
29,3326,110.867,452.5,272.5
29,3327,110.9,464.5,284.5
29,3328,110.933,470.5,270.5
29,3329,110.967,478.5,256.5
29,3330,111.0,484.5,246.5
29,3331,111.033,490.5,236.5
29,3332,111.067,498.5,230.5
29,3333,111.1,506.5,228.5
29,3334,111.133,514.5,228.5
29,3335,111.167,522.5,230.5
29,3336,111.2,530.5,234.5
29,3337,111.233,538.5,240.5
29,3338,111.267,546.5,248.5
29,3339,111.3,554.5,260.5
29,3340,111.333,562.5,274.5
29,3341,111.367,568.5,292.5
29,3342,111.4,576.5,308.5
29,3343,111.433,584.5,328.5
29,3344,111.467,586.5,318.5
29,3345,111.5,586.5,306.5
29,3346,111.533,588.5,296.5
29,3347,111.567,590.5,290.5
29,3348,111.6,592.5,286.5
29,3349,111.633,592.5,284.5
29,3350,111.667,594.5,286.5
29,3351,111.7,594.5,290.5
29,3352,111.733,596.5,296.5
29,3353,111.767,598.5,306.5
29,3354,111.8,598.5,316.5
29,3355,111.833,600.5,332.5
29,3356,111.867,602.5,348.5
29,3357,111.9,602.5,368.5
29,3358,111.933,600.5,364.5
29,3359,111.967,596.5,352.5
29,3360,112.0,592.5,344.5
29,3361,112.033,586.5,338.5
29,3362,112.067,582.5,336.5
29,3363,112.1,578.5,334.5
29,3364,112.133,574.5,338.5
29,3365,112.167,568.5,342.5
29,3366,112.2,566.5,352.5
29,3367,112.233,560.5,360.5
29,3368,112.267,556.5,374.5
29,3369,112.3,554.5,392.5
29,3370,112.333,550.5,410.5
29,3371,112.367,546.5,432.5
29,3372,112.4,542.5,452.5
29,3373,112.433,540.5,476.5
29,3374,112.467,538.5,502.5
29,3375,112.5,536.5,530.5
29,3376,112.533,534.5,560.5
29,3379,112.633,524.5,572.5
29,3380,112.667,518.5,562.5
29,3381,112.7,512.5,552.5
29,3382,112.733,506.5,544.5
29,3383,112.767,502.5,538.5
29,3384,112.8,494.5,536.5
29,3385,112.833,490.5,536.5
29,3386,112.867,484.5,540.5
29,3387,112.9,480.5,544.5
29,3388,112.933,474.5,554.5
29,3389,112.967,468.5,544.5
29,3390,113.0,468.5,534.5
29,3391,113.033,474.5,524.5
29,3392,113.067,486.5,518.5
29,3394,113.133,526.5,522.5
30,3521,117.367,966.5,388.5
30,3522,117.4,968.5,384.5
30,3523,117.433,978.5,376.5
30,3524,117.467,982.5,360.5
30,3527,117.567,986.5,352.5
30,3528,117.6,980.5,368.5
30,3529,117.633,968.5,384.5
31,3535,117.833,1052.5,380.5
31,3538,117.933,1046.5,350.5
31,3539,117.967,998.5,336.5
31,3542,118.067,818.5,338.5
31,3543,118.1,768.5,330.5
31,3544,118.133,722.5,310.5
31,3545,118.167,680.5,296.5
31,3546,118.2,638.5,284.5
31,3547,118.233,600.5,276.5
31,3548,118.267,578.5,266.5
31,3549,118.3,558.5,258.5
31,3550,118.333,540.5,252.5
31,3551,118.367,520.5,250.5
31,3552,118.4,502.5,250.5
31,3553,118.433,486.5,252.5
31,3554,118.467,470.5,256.5
31,3555,118.5,454.5,264.5
31,3556,118.533,442.5,272.5
31,3557,118.567,428.5,280.5
31,3558,118.6,412.5,268.5
31,3559,118.633,396.5,256.5
31,3560,118.667,382.5,246.5
31,3561,118.7,368.5,240.5
31,3562,118.733,354.5,238.5
31,3563,118.767,342.5,236.5
31,3564,118.8,330.5,236.5
31,3565,118.833,318.5,240.5
31,3566,118.867,308.5,244.5
31,3567,118.9,304.5,248.5
31,3568,118.933,320.5,232.5
31,3569,118.967,336.5,220.5
31,3570,119.0,352.5,210.5
31,3571,119.033,370.5,202.5
31,3572,119.067,388.5,196.5
31,3573,119.1,406.5,192.5
31,3574,119.133,424.5,192.5
31,3575,119.167,442.5,192.5
31,3576,119.2,460.5,196.5
31,3577,119.233,480.5,202.5
31,3578,119.267,500.5,212.5
31,3579,119.3,518.5,222.5
31,3580,119.333,540.5,236.5
31,3581,119.367,558.5,252.5
31,3582,119.4,578.5,270.5
31,3583,119.433,596.5,290.5
31,3584,119.467,614.5,312.5
31,3585,119.5,632.5,336.5
31,3586,119.533,646.5,322.5
31,3587,119.567,658.5,308.5
31,3588,119.6,670.5,294.5
31,3589,119.633,682.5,288.5
31,3590,119.667,694.5,282.5
31,3591,119.7,708.5,280.5
31,3592,119.733,722.5,280.5
31,3593,119.767,734.5,284.5
31,3594,119.8,746.5,290.5
31,3595,119.833,758.5,298.5
31,3596,119.867,768.5,308.5
31,3597,119.9,780.5,322.5
31,3598,119.933,792.5,340.5
31,3599,119.967,794.5,350.5
31,3600,120.0,796.5,342.5
31,3601,120.033,802.5,338.5
31,3602,120.067,808.5,338.5
31,3603,120.1,814.5,342.5
31,3604,120.133,824.5,344.5
32,3625,120.833,968.5,374.5
32,3626,120.867,968.5,376.5
32,3627,120.9,970.5,368.5
32,3628,120.933,974.5,362.5
32,3632,121.067,978.5,364.5
32,3633,121.1,978.5,384.5
33,3648,121.6,686.5,260.5
33,3649,121.633,652.5,256.5
33,3650,121.667,620.5,252.5
33,3651,121.7,590.5,252.5
33,3652,121.733,562.5,256.5
33,3653,121.767,536.5,260.5
33,3654,121.8,512.5,268.5
33,3655,121.833,490.5,260.5
33,3656,121.867,468.5,244.5
33,3657,121.9,450.5,232.5
33,3658,121.933,430.5,224.5
33,3659,121.967,414.5,216.5
33,3660,122.0,396.5,212.5
33,3661,122.033,380.5,212.5
33,3663,122.1,386.5,198.5
33,3664,122.133,402.5,188.5
33,3665,122.167,418.5,180.5
33,3666,122.2,434.5,172.5
33,3667,122.233,450.5,168.5
33,3668,122.267,466.5,166.5
33,3669,122.3,482.5,166.5
33,3670,122.333,500.5,170.5
33,3671,122.367,518.5,174.5
33,3672,122.4,536.5,182.5
33,3673,122.433,554.5,192.5
33,3674,122.467,572.5,204.5
33,3675,122.5,592.5,220.5
33,3676,122.533,610.5,238.5
33,3677,122.567,628.5,256.5
33,3678,122.6,646.5,276.5
33,3679,122.633,666.5,302.5
33,3680,122.667,684.5,330.5
33,3681,122.7,700.5,338.5
33,3682,122.733,714.5,322.5
33,3683,122.767,728.5,310.5
33,3684,122.8,742.5,300.5
33,3685,122.833,758.5,292.5
33,3686,122.867,772.5,290.5
33,3687,122.9,788.5,288.5
33,3688,122.933,802.5,290.5
33,3689,122.967,816.5,294.5
33,3690,123.0,850.5,276.5
33,3692,123.067,676.5,274.5
33,3693,123.1,616.5,268.5
33,3694,123.133,562.5,266.5
33,3695,123.167,512.5,264.5
33,3696,123.2,468.5,268.5
33,3697,123.233,428.5,272.5
33,3698,123.267,390.5,278.5
33,3699,123.3,358.5,284.5
33,3700,123.333,328.5,276.5
33,3701,123.367,300.5,256.5
33,3702,123.4,272.5,238.5
33,3703,123.433,248.5,224.5
33,3704,123.467,226.5,214.5
33,3705,123.5,208.5,208.5
33,3706,123.533,190.5,202.5
33,3707,123.567,174.5,200.5
33,3708,123.6,174.5,194.5
33,3709,123.633,194.5,178.5
33,3710,123.667,214.5,166.5
33,3711,123.7,236.5,160.5
33,3712,123.733,260.5,152.5
33,3713,123.767,286.5,148.5
33,3714,123.8,310.5,148.5
33,3715,123.833,340.5,152.5
33,3716,123.867,368.5,160.5
33,3717,123.9,398.5,168.5
33,3718,123.933,426.5,182.5
33,3719,123.967,454.5,198.5
33,3720,124.0,484.5,218.5
33,3721,124.033,516.5,242.5
33,3722,124.067,544.5,266.5
33,3723,124.1,574.5,296.5
33,3724,124.133,606.5,328.5
33,3725,124.167,634.5,366.5
33,3726,124.2,662.5,400.5
33,3727,124.233,690.5,384.5
33,3728,124.267,718.5,366.5
33,3729,124.3,744.5,354.5
33,3730,124.333,772.5,342.5
33,3731,124.367,804.5,336.5
33,3732,124.4,834.5,330.5
33,3733,124.433,864.5,330.5
33,3734,124.467,896.5,334.5
33,3735,124.5,926.5,340.5
33,3736,124.533,938.5,344.5
33,3738,124.6,770.5,288.5
33,3739,124.633,704.5,270.5
33,3740,124.667,646.5,258.5
33,3741,124.7,598.5,250.5
33,3742,124.733,558.5,246.5
33,3743,124.767,524.5,248.5
33,3744,124.8,492.5,252.5
33,3745,124.833,466.5,256.5
33,3746,124.867,442.5,264.5
33,3747,124.9,420.5,244.5
33,3748,124.933,400.5,220.5
33,3749,124.967,382.5,198.5
33,3750,125.0,366.5,182.5
33,3751,125.033,352.5,172.5
33,3752,125.067,340.5,164.5
33,3753,125.1,342.5,152.5
33,3754,125.133,360.5,142.5
33,3755,125.167,378.5,130.5
33,3756,125.2,400.5,120.5
33,3757,125.233,418.5,116.5
33,3758,125.267,438.5,110.5
33,3759,125.3,460.5,108.5
33,3760,125.333,482.5,108.5
33,3761,125.367,504.5,110.5
33,3762,125.4,526.5,116.5
33,3763,125.433,550.5,122.5
33,3764,125.467,574.5,132.5
33,3765,125.5,596.5,146.5
33,3766,125.533,620.5,162.5
33,3767,125.567,644.5,180.5
33,3768,125.6,670.5,200.5
33,3769,125.633,692.5,224.5
33,3770,125.667,714.5,248.5
33,3771,125.7,738.5,276.5
33,3772,125.733,762.5,308.5
33,3773,125.767,784.5,342.5
33,3774,125.8,806.5,378.5
33,3775,125.833,828.5,364.5
33,3776,125.867,848.5,348.5
33,3777,125.9,868.5,336.5
33,3778,125.933,890.5,324.5
33,3779,125.967,910.5,320.5
33,3780,126.0,932.5,314.5
33,3781,126.033,954.5,314.5
33,3782,126.067,974.5,320.5
33,3783,126.1,996.5,324.5
33,3784,126.133,1016.5,336.5
33,3785,126.167,976.5,330.5
33,3786,126.2,890.5,308.5
33,3787,126.233,812.5,296.5
33,3788,126.267,742.5,284.5
33,3789,126.3,678.5,278.5
33,3790,126.333,622.5,274.5
33,3791,126.367,572.5,272.5
33,3792,126.4,526.5,276.5
33,3793,126.433,482.5,276.5
33,3794,126.467,444.5,282.5
33,3795,126.5,408.5,288.5
33,3796,126.533,376.5,296.5
33,3797,126.567,346.5,288.5
33,3798,126.6,318.5,266.5
33,3799,126.633,290.5,250.5
33,3800,126.667,268.5,236.5
33,3801,126.7,246.5,224.5
33,3802,126.733,224.5,216.5
33,3803,126.767,204.5,210.5
33,3804,126.8,186.5,208.5
33,3805,126.833,170.5,206.5
33,3806,126.867,212.5,208.5
33,3807,126.9,238.5,132.5
33,3810,127.0,454.5,256.5
33,3811,127.033,514.5,278.5
33,3812,127.067,572.5,300.5
33,3813,127.1,622.5,314.5
33,3814,127.133,668.5,332.5
33,3815,127.167,716.5,352.5
33,3816,127.2,764.5,376.5
33,3817,127.233,810.5,374.5
33,3818,127.267,860.5,374.5
33,3819,127.3,908.5,376.5
33,3820,127.333,962.5,386.5
33,3821,127.367,1008.5,394.5
33,3822,127.4,1058.5,408.5
33,3823,127.433,1064.5,406.5
33,3824,127.467,1018.5,388.5
33,3825,127.5,974.5,374.5
33,3826,127.533,930.5,364.5
33,3827,127.567,886.5,356.5
33,3828,127.6,844.5,354.5
33,3829,127.633,802.5,354.5
33,3830,127.667,758.5,358.5
33,3831,127.7,718.5,364.5
33,3832,127.733,678.5,374.5
33,3833,127.767,640.5,386.5
33,3834,127.8,598.5,402.5
33,3835,127.833,560.5,422.5
33,3836,127.867,522.5,444.5
33,3837,127.9,486.5,468.5
33,3838,127.933,450.5,498.5
33,3839,127.967,416.5,524.5
33,3840,128.0,384.5,554.5
33,3841,128.033,352.5,586.5
33,3842,128.067,354.5,570.5
33,3843,128.1,360.5,552.5
33,3844,128.133,366.5,538.5
33,3845,128.167,372.5,528.5
33,3846,128.2,376.5,520.5
33,3847,128.233,382.5,516.5
33,3848,128.267,388.5,516.5
33,3849,128.3,394.5,518.5
33,3850,128.333,398.5,520.5
33,3851,128.367,404.5,528.5
33,3852,128.4,408.5,534.5
33,3853,128.433,412.5,544.5
33,3854,128.467,416.5,556.5
33,3855,128.5,422.5,556.5
33,3856,128.533,422.5,544.5
33,3857,128.567,426.5,532.5
33,3858,128.6,428.5,524.5
33,3859,128.633,432.5,516.5
33,3860,128.667,434.5,514.5
33,3861,128.7,440.5,514.5
33,3862,128.733,442.5,514.5
33,3863,128.767,446.5,518.5
33,3864,128.8,450.5,524.5
33,3865,128.833,454.5,532.5
33,3866,128.867,458.5,542.5
33,3867,128.9,462.5,548.5
33,3868,128.933,464.5,536.5
33,3869,128.967,466.5,530.5
33,3870,129.0,468.5,526.5
33,3871,129.033,470.5,522.5
33,3872,129.067,474.5,524.5
33,3873,129.1,474.5,526.5
33,3874,129.133,478.5,530.5
33,3875,129.167,480.5,532.5
33,3876,129.2,478.5,528.5
33,3877,129.233,478.5,526.5
33,3878,129.267,478.5,528.5
33,3879,129.3,478.5,528.5
33,3880,129.333,478.5,526.5
33,3881,129.367,478.5,524.5
33,3882,129.4,478.5,522.5
33,3883,129.433,476.5,522.5
33,3884,129.467,474.5,522.5
33,3885,129.5,472.5,520.5
33,3886,129.533,470.5,520.5
33,3887,129.567,470.5,520.5
33,3888,129.6,468.5,520.5
33,3889,129.633,466.5,520.5
33,3890,129.667,466.5,520.5
33,3891,129.7,464.5,520.5
33,3892,129.733,462.5,520.5
33,3893,129.767,460.5,520.5
33,3894,129.8,458.5,520.5
33,3895,129.833,456.5,520.5
33,3896,129.867,454.5,520.5
33,3897,129.9,452.5,520.5
33,3898,129.933,450.5,520.5
33,3899,129.967,448.5,520.5
33,3900,130.0,446.5,520.5
33,3901,130.033,444.5,520.5
33,3902,130.067,442.5,520.5
33,3903,130.1,438.5,520.5
33,3904,130.133,438.5,520.5
33,3905,130.167,434.5,518.5
33,3906,130.2,434.5,520.5
33,3907,130.233,430.5,518.5
33,3908,130.267,430.5,520.5
33,3909,130.3,426.5,518.5
33,3910,130.333,424.5,518.5
33,3911,130.367,422.5,518.5
33,3912,130.4,422.5,518.5
33,3913,130.433,420.5,518.5
33,3914,130.467,418.5,518.5
33,3915,130.5,418.5,516.5
33,3916,130.533,416.5,516.5
33,3917,130.567,414.5,516.5
33,3918,130.6,414.5,516.5
33,3919,130.633,412.5,516.5
33,3920,130.667,410.5,516.5
33,3921,130.7,408.5,516.5
33,3922,130.733,406.5,516.5
33,3923,130.767,406.5,516.5
33,3924,130.8,406.5,516.5
33,3925,130.833,404.5,514.5
33,3926,130.867,404.5,514.5
33,3927,130.9,402.5,514.5
33,3928,130.933,402.5,514.5
33,3929,130.967,400.5,514.5
33,3930,131.0,400.5,514.5
33,3931,131.033,398.5,512.5
33,3932,131.067,398.5,512.5
33,3933,131.1,398.5,512.5
33,3934,131.133,398.5,512.5
33,3935,131.167,394.5,512.5
33,3936,131.2,394.5,514.5
34,3941,131.367,394.5,514.5
34,3943,131.433,388.5,516.5
34,3944,131.467,376.5,508.5
34,3945,131.5,362.5,486.5
34,3946,131.533,346.5,452.5
34,3947,131.567,340.5,414.5
34,3948,131.6,332.5,374.5
34,3951,131.7,324.5,288.5
34,3952,131.733,320.5,262.5
34,3953,131.767,318.5,244.5
34,3954,131.8,316.5,226.5
34,3955,131.833,316.5,212.5
34,3956,131.867,314.5,202.5
34,3957,131.9,314.5,194.5
34,3958,131.933,312.5,190.5
34,3959,131.967,314.5,188.5
34,3960,132.0,316.5,188.5
34,3961,132.033,316.5,192.5
34,3962,132.067,316.5,196.5
34,3963,132.1,318.5,204.5
34,3964,132.133,320.5,214.5
34,3965,132.167,322.5,228.5
34,3966,132.2,324.5,242.5
34,3967,132.233,328.5,258.5
34,3968,132.267,330.5,276.5
34,3969,132.3,332.5,294.5
34,3970,132.333,332.5,278.5
34,3971,132.367,332.5,260.5
34,3972,132.4,330.5,244.5
34,3973,132.433,330.5,228.5
34,3974,132.467,330.5,218.5
34,3975,132.5,330.5,208.5
34,3976,132.533,332.5,204.5
34,3977,132.567,332.5,198.5
34,3978,132.6,334.5,198.5
34,3979,132.633,336.5,198.5
34,3980,132.667,338.5,204.5
34,3981,132.7,340.5,208.5
34,3982,132.733,342.5,216.5
34,3983,132.767,346.5,226.5
34,3984,132.8,348.5,240.5
34,3985,132.833,352.5,252.5
35,4018,133.933,282.5,260.5
35,4019,133.967,282.5,258.5
35,4020,134.0,282.5,260.5
35,4021,134.033,282.5,260.5
35,4022,134.067,282.5,260.5
35,4023,134.1,282.5,262.5
35,4024,134.133,282.5,260.5
35,4025,134.167,280.5,262.5
35,4029,134.3,280.5,264.5
35,4030,134.333,278.5,264.5
35,4031,134.367,280.5,264.5
35,4032,134.4,280.5,268.5
35,4033,134.433,282.5,268.5
35,4034,134.467,280.5,270.5
35,4035,134.5,280.5,272.5
35,4037,134.567,282.5,272.5
35,4038,134.6,282.5,274.5
36,4048,134.933,282.5,278.5
36,4051,135.033,274.5,270.5
36,4052,135.067,274.5,268.5
36,4053,135.1,270.5,264.5
36,4054,135.133,266.5,260.5
36,4055,135.167,258.5,254.5
36,4056,135.2,252.5,244.5
36,4057,135.233,244.5,232.5
36,4058,135.267,236.5,218.5
36,4059,135.3,228.5,202.5
36,4060,135.333,222.5,184.5
36,4061,135.367,216.5,166.5
36,4062,135.4,214.5,152.5
36,4063,135.433,208.5,136.5
36,4064,135.467,206.5,128.5
36,4065,135.5,204.5,118.5
36,4066,135.533,202.5,112.5
36,4067,135.567,200.5,110.5
36,4068,135.6,198.5,110.5
36,4069,135.633,198.5,112.5
36,4070,135.667,198.5,116.5
36,4071,135.7,198.5,124.5
36,4072,135.733,200.5,132.5
36,4073,135.767,200.5,144.5
36,4074,135.8,204.5,156.5
36,4075,135.833,206.5,172.5
36,4076,135.867,208.5,188.5
36,4077,135.9,210.5,206.5
36,4078,135.933,218.5,226.5
36,4079,135.967,258.5,236.5
36,4080,136.0,298.5,250.5
36,4081,136.033,338.5,264.5
36,4082,136.067,376.5,276.5
36,4083,136.1,406.5,266.5
36,4084,136.133,438.5,258.5
36,4085,136.167,466.5,252.5
36,4086,136.2,496.5,248.5
36,4087,136.233,528.5,248.5
36,4088,136.267,556.5,250.5
36,4089,136.3,586.5,254.5
36,4090,136.333,614.5,260.5
36,4091,136.367,642.5,268.5
36,4092,136.4,672.5,276.5
36,4093,136.433,698.5,288.5
36,4094,136.467,724.5,302.5
36,4095,136.5,748.5,302.5
36,4096,136.533,772.5,296.5
36,4097,136.567,796.5,292.5
36,4098,136.6,820.5,292.5
36,4099,136.633,844.5,292.5
36,4100,136.667,866.5,296.5
36,4101,136.7,888.5,304.5
36,4102,136.733,910.5,310.5
36,4103,136.767,878.5,292.5
36,4104,136.8,842.5,272.5
36,4105,136.833,810.5,258.5
36,4106,136.867,780.5,244.5
36,4107,136.9,750.5,232.5
36,4108,136.933,724.5,226.5
36,4109,136.967,700.5,222.5
36,4110,137.0,676.5,218.5
36,4111,137.033,654.5,216.5
36,4112,137.067,634.5,218.5
36,4113,137.1,614.5,220.5
36,4114,137.133,596.5,224.5
36,4115,137.167,578.5,228.5
36,4116,137.2,564.5,236.5
36,4117,137.233,550.5,244.5
37,4234,141.133,1082.5,222.5
37,4236,141.2,998.5,368.5
37,4237,141.233,1000.5,374.5
37,4238,141.267,1002.5,384.5
37,4241,141.367,1002.5,310.5
37,4244,141.467,958.5,382.5
37,4245,141.5,944.5,402.5
37,4246,141.533,938.5,432.5
38,4276,142.533,292.5,242.5
38,4277,142.567,292.5,246.5
38,4279,142.633,294.5,250.5
38,4280,142.667,290.5,252.5
38,4283,142.767,292.5,256.5
38,4284,142.8,290.5,256.5
38,4285,142.833,288.5,260.5
38,4286,142.867,286.5,260.5
38,4287,142.9,284.5,262.5
38,4288,142.933,282.5,264.5
38,4289,142.967,278.5,268.5
38,4290,143.0,274.5,268.5
38,4291,143.033,272.5,268.5
38,4292,143.067,268.5,264.5
38,4293,143.1,262.5,260.5
38,4294,143.133,252.5,254.5
38,4295,143.167,246.5,242.5
38,4296,143.2,238.5,226.5
38,4297,143.233,232.5,210.5
38,4298,143.267,224.5,188.5
38,4299,143.3,218.5,166.5
38,4300,143.333,214.5,148.5
38,4301,143.367,212.5,132.5
38,4302,143.4,210.5,118.5
38,4303,143.433,208.5,108.5
38,4304,143.467,206.5,100.5
38,4305,143.5,204.5,96.5
38,4306,143.533,202.5,92.5
38,4307,143.567,202.5,90.5
38,4308,143.6,202.5,94.5
38,4309,143.633,204.5,100.5
38,4310,143.667,204.5,106.5
38,4311,143.7,206.5,116.5
38,4312,143.733,206.5,128.5
38,4313,143.767,210.5,140.5
38,4314,143.8,212.5,156.5
38,4315,143.833,214.5,174.5
38,4316,143.867,218.5,192.5
38,4317,143.9,220.5,212.5
38,4318,143.933,226.5,236.5
38,4319,143.967,230.5,258.5
38,4320,144.0,234.5,282.5
38,4321,144.033,238.5,308.5
38,4322,144.067,244.5,334.5
38,4323,144.1,248.5,360.5
38,4324,144.133,254.5,388.5
38,4325,144.167,256.5,406.5
38,4326,144.2,256.5,392.5
38,4327,144.233,254.5,378.5
38,4328,144.267,252.5,368.5
38,4329,144.3,252.5,358.5
38,4330,144.333,250.5,352.5
38,4331,144.367,250.5,346.5
38,4332,144.4,250.5,342.5
38,4333,144.433,252.5,342.5
38,4334,144.467,252.5,342.5
38,4335,144.5,254.5,346.5
38,4336,144.533,256.5,352.5
38,4337,144.567,258.5,358.5
38,4338,144.6,258.5,366.5
38,4339,144.633,262.5,376.5
38,4340,144.667,264.5,388.5
38,4341,144.7,268.5,400.5
38,4342,144.733,270.5,410.5
38,4343,144.767,272.5,402.5
38,4344,144.8,272.5,396.5
38,4345,144.833,274.5,390.5
38,4346,144.867,276.5,390.5
38,4347,144.9,278.5,390.5
38,4348,144.933,282.5,392.5
38,4349,144.967,284.5,396.5
38,4350,145.0,284.5,404.5
38,4353,145.1,300.5,408.5
38,4354,145.133,298.5,406.5
38,4355,145.167,298.5,404.5
38,4356,145.2,300.5,408.5
38,4357,145.233,300.5,412.5
38,4360,145.333,306.5,412.5
38,4361,145.367,308.5,418.5
39,4378,145.933,306.5,268.5
39,4379,145.967,306.5,262.5
39,4380,146.0,308.5,258.5
39,4381,146.033,308.5,254.5
39,4383,146.1,306.5,248.5
39,4384,146.133,302.5,246.5
39,4385,146.167,298.5,246.5
39,4386,146.2,298.5,244.5
39,4387,146.233,294.5,244.5
39,4388,146.267,290.5,242.5
39,4389,146.3,288.5,242.5
39,4390,146.333,286.5,242.5
39,4391,146.367,282.5,242.5
39,4392,146.4,280.5,244.5
39,4393,146.433,280.5,246.5
39,4394,146.467,276.5,246.5
39,4395,146.5,274.5,246.5
39,4396,146.533,274.5,246.5
39,4397,146.567,272.5,246.5
39,4398,146.6,268.5,246.5
39,4399,146.633,268.5,248.5
39,4400,146.667,264.5,246.5
39,4401,146.7,260.5,246.5
39,4402,146.733,256.5,242.5
39,4403,146.767,250.5,238.5
39,4404,146.8,246.5,232.5
39,4405,146.833,238.5,224.5
39,4406,146.867,230.5,212.5
39,4407,146.9,224.5,198.5
39,4408,146.933,218.5,180.5
39,4409,146.967,212.5,164.5
39,4410,147.0,210.5,148.5
39,4411,147.033,206.5,134.5
39,4412,147.067,204.5,124.5
39,4413,147.1,202.5,114.5
39,4414,147.133,202.5,108.5
39,4415,147.167,200.5,102.5
39,4416,147.2,202.5,102.5
39,4417,147.233,202.5,104.5
39,4418,147.267,202.5,108.5
39,4419,147.3,202.5,116.5
39,4420,147.333,206.5,124.5
39,4421,147.367,206.5,134.5
39,4422,147.4,210.5,148.5
39,4423,147.433,214.5,164.5
39,4424,147.467,216.5,180.5
39,4425,147.5,220.5,198.5
39,4426,147.533,224.5,220.5
39,4427,147.567,252.5,234.5
39,4428,147.6,286.5,246.5
39,4429,147.633,322.5,262.5
39,4430,147.667,356.5,278.5
39,4431,147.7,390.5,288.5
39,4432,147.733,416.5,276.5
39,4433,147.767,442.5,272.5
39,4434,147.8,470.5,268.5
39,4435,147.833,496.5,266.5
39,4436,147.867,524.5,266.5
39,4437,147.9,550.5,270.5
39,4438,147.933,578.5,276.5
39,4439,147.967,604.5,286.5
39,4440,148.0,630.5,298.5
39,4441,148.033,656.5,312.5
39,4442,148.067,682.5,330.5
39,4443,148.1,706.5,346.5
39,4444,148.133,730.5,338.5
39,4445,148.167,752.5,332.5
39,4446,148.2,776.5,330.5
39,4447,148.233,800.5,328.5
39,4448,148.267,822.5,332.5
39,4449,148.3,846.5,336.5
39,4450,148.333,838.5,328.5
39,4451,148.367,806.5,306.5
39,4452,148.4,776.5,290.5
39,4453,148.433,748.5,276.5
39,4454,148.467,722.5,268.5
39,4455,148.5,698.5,260.5
39,4456,148.533,676.5,258.5
39,4457,148.567,654.5,256.5
39,4458,148.6,644.5,258.5
39,4459,148.633,656.5,264.5
39,4460,148.667,666.5,274.5
39,4461,148.7,678.5,282.5
39,4462,148.733,686.5,274.5
39,4463,148.767,694.5,270.5
39,4464,148.8,704.5,266.5
39,4465,148.833,712.5,266.5
39,4466,148.867,720.5,268.5
39,4467,148.9,728.5,272.5
39,4468,148.933,734.5,278.5
39,4469,148.967,742.5,288.5
39,4470,149.0,750.5,296.5
39,4471,149.033,758.5,292.5
39,4472,149.067,768.5,288.5
39,4473,149.1,776.5,284.5
39,4474,149.133,786.5,286.5
39,4475,149.167,794.5,288.5
39,4476,149.2,802.5,292.5
39,4477,149.233,808.5,300.5
39,4478,149.267,814.5,308.5
39,4479,149.3,824.5,308.5
39,4480,149.333,832.5,304.5
39,4481,149.367,842.5,300.5
39,4482,149.4,850.5,300.5
39,4483,149.433,858.5,304.5
39,4484,149.467,864.5,308.5
39,4485,149.5,872.5,316.5
39,4486,149.533,878.5,324.5
39,4487,149.567,886.5,320.5
39,4488,149.6,894.5,316.5
39,4489,149.633,904.5,314.5
39,4490,149.667,912.5,316.5
39,4491,149.7,920.5,320.5
39,4492,149.733,926.5,324.5
39,4493,149.767,932.5,332.5
39,4494,149.8,942.5,336.5
39,4495,149.833,950.5,330.5
39,4496,149.867,958.5,328.5
39,4497,149.9,966.5,328.5
39,4498,149.933,974.5,332.5
39,4501,150.033,1026.5,442.5
39,4502,150.067,1026.5,434.5
39,4503,150.1,1002.5,384.5
39,4504,150.133,1024.5,402.5
39,4506,150.2,1024.5,320.5
39,4507,150.233,1030.5,290.5
39,4508,150.267,1036.5,260.5
39,4512,150.4,1018.5,356.5
39,4513,150.433,1080.5,360.5
39,4515,150.5,1028.5,330.5
39,4516,150.533,1026.5,328.5
39,4517,150.567,1026.5,326.5
40,4542,151.4,946.5,292.5
40,4543,151.433,888.5,308.5
40,4544,151.467,838.5,324.5
40,4545,151.5,802.5,308.5
40,4546,151.533,770.5,278.5
40,4547,151.567,742.5,250.5
40,4548,151.6,714.5,228.5
40,4549,151.633,686.5,210.5
40,4550,151.667,660.5,194.5
40,4551,151.7,638.5,182.5
40,4552,151.733,614.5,174.5
40,4553,151.767,592.5,168.5
40,4554,151.8,572.5,166.5
40,4555,151.833,554.5,168.5
40,4556,151.867,536.5,170.5
40,4557,151.9,520.5,176.5
40,4558,151.933,504.5,182.5
40,4559,151.967,490.5,192.5
40,4560,152.0,478.5,202.5
40,4561,152.033,470.5,206.5
40,4562,152.067,466.5,206.5
40,4563,152.1,462.5,208.5
40,4564,152.133,458.5,210.5
40,4565,152.167,452.5,212.5
40,4566,152.2,446.5,214.5
40,4567,152.233,436.5,218.5
40,4568,152.267,426.5,220.5
40,4569,152.3,418.5,222.5
40,4570,152.333,404.5,226.5
40,4571,152.367,388.5,232.5
40,4572,152.4,376.5,232.5
40,4573,152.433,364.5,236.5
40,4575,152.5,340.5,238.5
40,4576,152.533,332.5,242.5
40,4577,152.567,322.5,242.5
40,4578,152.6,312.5,244.5
40,4579,152.633,306.5,246.5
40,4580,152.667,298.5,244.5
40,4581,152.7,292.5,246.5
40,4582,152.733,286.5,246.5
40,4583,152.767,282.5,246.5
40,4584,152.8,278.5,248.5
40,4585,152.833,276.5,250.5
40,4586,152.867,274.5,252.5
40,4587,152.9,274.5,254.5
40,4588,152.933,274.5,256.5
40,4589,152.967,274.5,258.5
40,4590,153.0,274.5,262.5
40,4591,153.033,276.5,266.5
40,4592,153.067,274.5,268.5
40,4593,153.1,272.5,270.5
40,4594,153.133,270.5,268.5
40,4595,153.167,266.5,264.5
40,4596,153.2,258.5,260.5
40,4597,153.233,250.5,256.5
40,4598,153.267,242.5,244.5
40,4599,153.3,234.5,228.5
40,4600,153.333,226.5,212.5
40,4601,153.367,220.5,192.5
40,4602,153.4,216.5,168.5
40,4603,153.433,212.5,152.5
40,4604,153.467,208.5,134.5
40,4605,153.5,204.5,122.5
40,4606,153.533,202.5,112.5
40,4607,153.567,202.5,104.5
40,4608,153.6,200.5,100.5
40,4609,153.633,198.5,98.5
40,4610,153.667,198.5,98.5
40,4611,153.7,198.5,100.5
40,4612,153.733,198.5,108.5
40,4613,153.767,198.5,114.5
40,4614,153.8,200.5,124.5
40,4615,153.833,200.5,136.5
40,4616,153.867,202.5,148.5
40,4617,153.9,206.5,166.5
40,4618,153.933,208.5,182.5
40,4619,153.967,210.5,204.5
40,4620,154.0,214.5,224.5
40,4621,154.033,218.5,244.5
40,4622,154.067,222.5,272.5
40,4623,154.1,226.5,294.5
40,4624,154.133,230.5,320.5
40,4625,154.167,236.5,346.5
40,4626,154.2,240.5,372.5
40,4627,154.233,244.5,400.5
40,4628,154.267,246.5,414.5
40,4629,154.3,242.5,398.5
40,4630,154.333,240.5,384.5
40,4631,154.367,236.5,372.5
40,4632,154.4,234.5,362.5
40,4633,154.433,230.5,356.5
40,4634,154.467,230.5,350.5
40,4635,154.5,228.5,346.5
40,4636,154.533,226.5,344.5
40,4637,154.567,226.5,346.5
40,4638,154.6,226.5,350.5
40,4639,154.633,226.5,354.5
40,4640,154.667,226.5,360.5
40,4641,154.7,226.5,370.5
40,4642,154.733,226.5,380.5
40,4643,154.767,228.5,392.5
40,4644,154.8,230.5,406.5
40,4645,154.833,234.5,420.5
40,4646,154.867,232.5,420.5
40,4647,154.9,230.5,410.5
40,4648,154.933,230.5,404.5
40,4649,154.967,228.5,400.5
40,4650,155.0,228.5,398.5
40,4651,155.033,226.5,396.5
41,4696,156.533,284.5,244.5
41,4697,156.567,284.5,244.5
41,4698,156.6,284.5,246.5
41,4699,156.633,280.5,246.5
41,4700,156.667,280.5,248.5
41,4702,156.733,276.5,252.5
41,4703,156.767,274.5,252.5
41,4704,156.8,274.5,252.5
41,4707,156.9,266.5,256.5
41,4708,156.933,266.5,252.5
41,4709,156.967,262.5,248.5
41,4710,157.0,258.5,246.5
41,4711,157.033,252.5,240.5
41,4712,157.067,246.5,236.5
41,4713,157.1,240.5,228.5
41,4714,157.133,234.5,216.5
41,4715,157.167,226.5,200.5
41,4716,157.2,222.5,184.5
41,4717,157.233,218.5,168.5
41,4718,157.267,214.5,152.5
41,4719,157.3,210.5,142.5
41,4720,157.333,208.5,132.5
41,4721,157.367,206.5,126.5
41,4722,157.4,206.5,120.5
41,4723,157.433,204.5,120.5
41,4724,157.467,204.5,122.5
41,4725,157.5,204.5,126.5
41,4726,157.533,206.5,132.5
41,4727,157.567,206.5,140.5
41,4728,157.6,208.5,150.5
41,4729,157.633,210.5,164.5
41,4730,157.667,212.5,180.5
41,4731,157.7,214.5,196.5
41,4732,157.733,218.5,214.5
41,4733,157.767,240.5,230.5
41,4734,157.8,282.5,242.5
41,4735,157.833,324.5,256.5
41,4736,157.867,364.5,270.5
41,4737,157.9,404.5,288.5
41,4738,157.933,442.5,300.5
41,4739,157.967,472.5,290.5
41,4740,158.0,502.5,284.5
41,4741,158.033,534.5,278.5
41,4742,158.067,566.5,276.5
41,4743,158.1,596.5,278.5
41,4744,158.133,626.5,282.5
41,4745,158.167,658.5,290.5
41,4746,158.2,688.5,298.5
41,4747,158.233,718.5,308.5
41,4748,158.267,748.5,324.5
41,4749,158.3,776.5,340.5
41,4750,158.333,804.5,362.5
41,4751,158.367,830.5,354.5
41,4752,158.4,858.5,348.5
41,4753,158.433,884.5,346.5
41,4754,158.467,910.5,342.5
41,4755,158.5,892.5,326.5
41,4756,158.533,852.5,304.5
41,4757,158.567,812.5,280.5
41,4758,158.6,774.5,264.5
41,4759,158.633,740.5,250.5
41,4760,158.667,708.5,240.5
41,4761,158.7,678.5,232.5
41,4762,158.733,648.5,228.5
41,4763,158.767,622.5,226.5
41,4764,158.8,598.5,226.5
41,4765,158.833,574.5,228.5
41,4766,158.867,552.5,230.5
41,4767,158.9,532.5,236.5
41,4768,158.933,512.5,244.5
41,4769,158.967,494.5,252.5
41,4770,159.0,478.5,250.5
41,4771,159.033,462.5,234.5
41,4772,159.067,448.5,220.5
41,4774,159.133,444.5,204.5
41,4775,159.167,462.5,204.5
41,4776,159.2,482.5,208.5
41,4777,159.233,502.5,214.5
41,4778,159.267,524.5,222.5
41,4779,159.3,546.5,232.5
41,4780,159.333,568.5,244.5
41,4781,159.367,592.5,262.5
41,4782,159.4,616.5,282.5
41,4783,159.433,640.5,306.5
41,4784,159.467,662.5,330.5
41,4785,159.5,684.5,356.5
41,4786,159.533,708.5,364.5
41,4787,159.567,730.5,360.5
41,4788,159.6,752.5,360.5
41,4789,159.633,776.5,364.5
41,4790,159.667,798.5,368.5
41,4791,159.7,824.5,378.5
41,4792,159.733,810.5,372.5
41,4793,159.767,752.5,340.5
41,4794,159.8,702.5,320.5
41,4795,159.833,654.5,300.5
41,4796,159.867,612.5,288.5
41,4797,159.9,572.5,276.5
41,4798,159.933,536.5,270.5
41,4799,159.967,502.5,268.5
41,4800,160.0,472.5,268.5
41,4801,160.033,444.5,270.5
41,4802,160.067,420.5,274.5
41,4803,160.1,398.5,280.5
41,4804,160.133,376.5,290.5
41,4805,160.167,358.5,286.5
41,4806,160.2,340.5,264.5
41,4807,160.233,322.5,246.5
41,4808,160.267,308.5,232.5
41,4809,160.3,292.5,222.5
41,4810,160.333,278.5,212.5
41,4811,160.367,268.5,208.5
41,4812,160.4,256.5,204.5
41,4813,160.433,246.5,204.5
41,4814,160.467,238.5,204.5
41,4815,160.5,230.5,208.5
41,4816,160.533,222.5,214.5
41,4817,160.567,246.5,200.5
41,4818,160.6,276.5,190.5
41,4819,160.633,306.5,180.5
41,4820,160.667,336.5,174.5
41,4821,160.7,368.5,168.5
41,4822,160.733,400.5,168.5
41,4823,160.767,434.5,172.5
41,4824,160.8,466.5,178.5
41,4825,160.833,500.5,184.5
41,4826,160.867,534.5,196.5
41,4827,160.9,568.5,210.5
41,4828,160.933,600.5,228.5
41,4829,160.967,634.5,246.5
41,4830,161.0,666.5,270.5
41,4831,161.033,698.5,294.5
41,4832,161.067,728.5,320.5
41,4833,161.1,756.5,320.5
41,4834,161.133,784.5,304.5
41,4835,161.167,814.5,292.5
41,4836,161.2,842.5,282.5
41,4837,161.233,870.5,276.5
41,4838,161.267,900.5,272.5
41,4839,161.3,926.5,272.5
41,4840,161.333,954.5,274.5
41,4841,161.367,980.5,278.5
41,4842,161.4,1008.5,288.5
41,4846,161.533,948.5,274.5
41,4847,161.567,876.5,250.5
41,4848,161.6,804.5,234.5
41,4849,161.633,740.5,222.5
41,4850,161.667,684.5,216.5
41,4851,161.7,628.5,212.5
41,4852,161.733,580.5,212.5
41,4853,161.767,534.5,218.5
41,4854,161.8,494.5,226.5
41,4855,161.833,458.5,234.5
41,4856,161.867,424.5,246.5
41,4857,161.9,394.5,260.5
41,4858,161.933,362.5,244.5
41,4859,161.967,330.5,224.5
41,4860,162.0,300.5,208.5
41,4861,162.033,270.5,192.5
41,4862,162.067,244.5,182.5
41,4863,162.1,218.5,174.5
41,4864,162.133,194.5,168.5
41,4865,162.167,172.5,166.5
41,4866,162.2,202.5,154.5
41,4868,162.267,310.5,132.5
41,4869,162.3,370.5,128.5
41,4870,162.333,432.5,126.5
41,4871,162.367,494.5,128.5
41,4872,162.4,556.5,136.5
41,4873,162.433,620.5,146.5
41,4874,162.467,688.5,158.5
41,4875,162.5,754.5,176.5
41,4876,162.533,820.5,196.5
41,4877,162.567,886.5,220.5
41,4878,162.6,956.5,252.5
41,4879,162.633,1026.5,286.5
42,4905,163.5,972.5,482.5
42,4906,163.533,958.5,468.5
42,4907,163.567,944.5,456.5
42,4909,163.633,916.5,442.5
42,4910,163.667,902.5,436.5
43,5000,166.667,502.5,140.5
43,5001,166.7,508.5,126.5
43,5002,166.733,514.5,112.5
43,5003,166.767,522.5,100.5
43,5004,166.8,528.5,90.5
43,5005,166.833,536.5,84.5
43,5006,166.867,544.5,78.5
43,5007,166.9,552.5,76.5
43,5008,166.933,560.5,74.5
43,5009,166.967,570.5,76.5
43,5010,167.0,578.5,80.5
43,5011,167.033,588.5,88.5
43,5012,167.067,596.5,98.5
43,5013,167.1,606.5,112.5
43,5014,167.133,616.5,128.5
43,5015,167.167,628.5,150.5
43,5016,167.2,638.5,170.5
43,5017,167.233,646.5,196.5
43,5018,167.267,660.5,224.5
43,5019,167.3,670.5,254.5
43,5020,167.333,678.5,286.5
43,5021,167.367,690.5,322.5
43,5022,167.4,698.5,356.5
43,5023,167.433,708.5,396.5
43,5024,167.467,718.5,376.5
43,5025,167.5,726.5,354.5
43,5026,167.533,734.5,336.5
43,5027,167.567,742.5,320.5
43,5028,167.6,750.5,306.5
43,5029,167.633,758.5,292.5
43,5030,167.667,768.5,284.5
43,5031,167.7,766.5,288.5
44,5075,169.167,996.5,326.5
44,5078,169.267,826.5,354.5
44,5079,169.3,786.5,330.5
44,5080,169.333,748.5,306.5
44,5081,169.367,712.5,290.5
44,5082,169.4,676.5,274.5
44,5083,169.433,640.5,262.5
44,5084,169.467,608.5,256.5
44,5085,169.5,576.5,252.5
44,5086,169.533,546.5,252.5
44,5087,169.567,518.5,254.5
44,5088,169.6,490.5,258.5
44,5089,169.633,466.5,266.5
44,5090,169.667,444.5,274.5
44,5091,169.7,422.5,286.5
44,5092,169.733,400.5,280.5
44,5093,169.767,378.5,264.5
44,5094,169.8,354.5,250.5
44,5095,169.833,334.5,240.5
44,5096,169.867,312.5,232.5
44,5097,169.9,294.5,226.5
44,5098,169.933,276.5,224.5
44,5099,169.967,260.5,224.5
44,5100,170.0,242.5,226.5
44,5101,170.033,230.5,230.5
44,5102,170.067,242.5,224.5
44,5103,170.1,264.5,212.5
44,5104,170.133,288.5,204.5
44,5105,170.167,312.5,196.5
44,5106,170.2,336.5,192.5
44,5107,170.233,362.5,190.5
44,5108,170.267,388.5,192.5
44,5109,170.3,414.5,194.5
44,5110,170.333,442.5,200.5
44,5111,170.367,468.5,210.5
44,5112,170.4,494.5,222.5
44,5113,170.433,520.5,234.5
44,5114,170.467,546.5,252.5
44,5115,170.5,570.5,270.5
44,5116,170.533,596.5,288.5
44,5117,170.567,618.5,306.5
44,5118,170.6,642.5,322.5
44,5119,170.633,660.5,308.5
44,5120,170.667,678.5,296.5
44,5121,170.7,698.5,288.5
44,5122,170.733,718.5,282.5
44,5123,170.767,736.5,280.5
44,5124,170.8,754.5,280.5
44,5125,170.833,772.5,284.5
44,5126,170.867,790.5,288.5
44,5127,170.9,808.5,296.5
44,5128,170.933,796.5,278.5
44,5129,170.967,768.5,250.5
44,5130,171.0,740.5,228.5
44,5131,171.033,714.5,208.5
44,5132,171.067,688.5,192.5
44,5133,171.1,662.5,178.5
44,5134,171.133,638.5,168.5
44,5135,171.167,612.5,162.5
44,5136,171.2,588.5,158.5
44,5137,171.233,564.5,158.5
44,5138,171.267,544.5,160.5
44,5139,171.3,524.5,164.5
44,5140,171.333,502.5,172.5
44,5141,171.367,482.5,182.5
44,5142,171.4,464.5,194.5
44,5143,171.433,448.5,210.5
44,5144,171.467,432.5,224.5
44,5145,171.5,416.5,242.5
44,5146,171.533,402.5,260.5
44,5147,171.567,390.5,282.5
44,5148,171.6,378.5,270.5
44,5149,171.633,364.5,248.5
44,5150,171.667,352.5,228.5
44,5151,171.7,340.5,214.5
44,5152,171.733,330.5,200.5
44,5153,171.767,318.5,190.5
44,5154,171.8,308.5,182.5
44,5155,171.833,298.5,176.5
44,5156,171.867,290.5,174.5
44,5157,171.9,280.5,174.5
44,5158,171.933,274.5,176.5
44,5159,171.967,266.5,180.5
44,5160,172.0,258.5,188.5
44,5161,172.033,266.5,194.5
44,5165,172.167,612.5,286.5
44,5166,172.2,696.5,318.5
44,5169,172.3,962.5,360.5
45,5175,172.5,454.5,118.5
45,5177,172.567,474.5,130.5
45,5181,172.7,498.5,158.5
45,5182,172.733,494.5,164.5
45,5183,172.767,488.5,170.5
45,5185,172.833,472.5,176.5
45,5188,172.933,412.5,190.5
45,5191,173.033,368.5,200.5
46,5314,177.133,288.5,688.5
46,5318,177.267,216.5,570.5
46,5321,177.367,190.5,580.5
46,5322,177.4,172.5,570.5
46,5323,177.433,160.5,564.5
46,5325,177.5,174.5,594.5
46,5329,177.633,122.5,528.5
46,5331,177.7,110.5,520.5
46,5334,177.8,100.5,498.5
46,5335,177.833,98.5,494.5
46,5336,177.867,98.5,488.5
46,5337,177.9,96.5,486.5
46,5338,177.933,98.5,488.5
47,5363,178.767,120.5,476.5
47,5364,178.8,116.5,482.5
47,5366,178.867,136.5,474.5
47,5367,178.9,138.5,476.5
47,5369,178.967,124.5,480.5
47,5370,179.0,130.5,480.5
47,5371,179.033,160.5,478.5
47,5372,179.067,164.5,484.5
47,5373,179.1,170.5,488.5
47,5374,179.133,172.5,492.5
47,5375,179.167,178.5,504.5
47,5376,179.2,168.5,498.5
47,5377,179.233,188.5,518.5
47,5378,179.267,188.5,518.5
47,5379,179.3,198.5,528.5
48,5385,179.5,220.5,534.5
48,5386,179.533,242.5,536.5
48,5387,179.567,230.5,532.5
48,5388,179.6,242.5,530.5
48,5389,179.633,244.5,522.5
48,5390,179.667,252.5,516.5
48,5391,179.7,260.5,516.5
48,5392,179.733,270.5,518.5
48,5393,179.767,274.5,516.5
48,5394,179.8,276.5,514.5
48,5398,179.933,290.5,512.5
48,5399,179.967,292.5,512.5
48,5401,180.033,292.5,504.5
48,5402,180.067,300.5,504.5
48,5404,180.133,296.5,500.5
48,5407,180.233,304.5,496.5
49,5511,183.7,344.5,660.5
49,5512,183.733,362.5,664.5
49,5513,183.767,356.5,652.5
49,5514,183.8,364.5,644.5
49,5515,183.833,376.5,640.5
49,5516,183.867,382.5,638.5
49,5517,183.9,388.5,636.5
49,5518,183.933,394.5,638.5
49,5519,183.967,386.5,630.5
49,5520,184.0,394.5,624.5
49,5521,184.033,398.5,628.5
49,5522,184.067,396.5,636.5
49,5523,184.1,402.5,632.5
49,5524,184.133,402.5,630.5
49,5525,184.167,406.5,628.5
49,5526,184.2,406.5,630.5
49,5528,184.267,400.5,634.5
49,5529,184.3,404.5,634.5
49,5531,184.367,402.5,634.5
49,5532,184.4,402.5,634.5
50,5709,190.3,1272.5,424.5
50,5711,190.367,1244.5,408.5
50,5712,190.4,1232.5,402.5
50,5714,190.467,1208.5,396.5
50,5715,190.5,1198.5,394.5
50,5716,190.533,1188.5,398.5
50,5717,190.567,1184.5,404.5
50,5718,190.6,1178.5,412.5
50,5719,190.633,1176.5,420.5
50,5720,190.667,1176.5,434.5
50,5721,190.7,1180.5,442.5
51,5757,191.9,938.5,462.5
51,5760,192.0,924.5,442.5
51,5761,192.033,924.5,426.5
51,5762,192.067,920.5,416.5
51,5763,192.1,918.5,408.5
52,5822,194.067,978.5,342.5
52,5823,194.1,978.5,344.5
52,5824,194.133,978.5,344.5
52,5825,194.167,978.5,346.5
52,5826,194.2,978.5,346.5
52,5827,194.233,980.5,346.5
52,5828,194.267,978.5,346.5
52,5830,194.333,978.5,354.5
52,5831,194.367,976.5,360.5
52,5834,194.467,978.5,362.5
52,5835,194.5,976.5,352.5
52,5836,194.533,980.5,340.5
53,5853,195.1,816.5,314.5
53,5854,195.133,774.5,292.5
53,5855,195.167,734.5,272.5
53,5856,195.2,696.5,256.5
53,5857,195.233,662.5,244.5
53,5858,195.267,626.5,234.5
53,5859,195.3,594.5,228.5
53,5860,195.333,564.5,224.5
53,5861,195.367,534.5,224.5
53,5862,195.4,508.5,224.5
53,5863,195.433,482.5,228.5
53,5864,195.467,460.5,232.5
53,5865,195.5,438.5,240.5
53,5866,195.533,418.5,248.5
53,5867,195.567,398.5,242.5
53,5868,195.6,378.5,224.5
53,5869,195.633,386.5,216.5
53,5870,195.667,414.5,212.5
53,5871,195.7,444.5,210.5
53,5872,195.733,474.5,212.5
53,5873,195.767,504.5,214.5
53,5874,195.8,534.5,218.5
53,5875,195.833,564.5,226.5
53,5876,195.867,594.5,236.5
53,5877,195.9,624.5,246.5
53,5878,195.933,654.5,260.5
53,5879,195.967,684.5,276.5
53,5880,196.0,716.5,296.5
53,5881,196.033,744.5,304.5
53,5882,196.067,772.5,296.5
53,5883,196.1,800.5,292.5
53,5884,196.133,828.5,288.5
53,5885,196.167,854.5,288.5
53,5886,196.2,882.5,290.5
53,5887,196.233,910.5,294.5
53,5888,196.267,912.5,288.5
53,5889,196.3,868.5,258.5
53,5890,196.333,828.5,232.5
53,5891,196.367,788.5,212.5
53,5892,196.4,750.5,194.5
53,5893,196.433,714.5,178.5
53,5894,196.467,678.5,166.5
53,5895,196.5,646.5,158.5
53,5896,196.533,616.5,152.5
53,5897,196.567,586.5,148.5
53,5898,196.6,558.5,148.5
53,5899,196.633,532.5,148.5
53,5900,196.667,508.5,152.5
53,5901,196.7,482.5,158.5
53,5902,196.733,460.5,164.5
53,5903,196.767,438.5,172.5
53,5904,196.8,420.5,184.5
53,5905,196.833,402.5,196.5
53,5906,196.867,384.5,208.5
53,5907,196.9,368.5,222.5
53,5908,196.933,354.5,236.5
53,5909,196.967,338.5,252.5
53,5910,197.0,340.5,264.5
53,5913,197.1,290.5,322.5
54,5918,197.267,244.5,292.5
54,5919,197.3,238.5,284.5
54,5920,197.333,230.5,280.5
54,5921,197.367,224.5,276.5
54,5922,197.4,218.5,276.5
54,5923,197.433,210.5,276.5
54,5924,197.467,206.5,278.5
54,5925,197.5,210.5,284.5
54,5926,197.533,212.5,288.5
54,5928,197.6,224.5,308.5
54,5929,197.633,226.5,316.5
54,5930,197.667,232.5,330.5
54,5931,197.7,234.5,334.5
54,5932,197.733,232.5,328.5
54,5933,197.767,232.5,328.5
54,5935,197.833,226.5,326.5
54,5937,197.9,228.5,328.5
54,5938,197.933,228.5,332.5
54,5939,197.967,228.5,338.5
54,5940,198.0,228.5,346.5
54,5941,198.033,228.5,344.5
54,5942,198.067,228.5,344.5
54,5943,198.1,228.5,344.5
54,5944,198.133,228.5,346.5
54,5945,198.167,228.5,350.5
55,6001,200.033,414.5,234.5
55,6004,200.133,414.5,230.5
55,6005,200.167,414.5,232.5
55,6007,200.233,416.5,232.5
55,6011,200.367,418.5,232.5
55,6015,200.5,418.5,232.5
56,6026,200.867,420.5,232.5
56,6027,200.9,420.5,232.5
56,6030,201.0,416.5,232.5
56,6031,201.033,416.5,232.5
56,6032,201.067,416.5,232.5
56,6034,201.133,416.5,232.5
56,6035,201.167,416.5,232.5
56,6036,201.2,416.5,232.5
56,6037,201.233,416.5,232.5
56,6038,201.267,418.5,232.5
56,6039,201.3,416.5,232.5
57,6054,201.8,418.5,232.5
57,6056,201.867,414.5,228.5
57,6057,201.9,412.5,228.5
57,6058,201.933,408.5,226.5
57,6059,201.967,404.5,226.5
57,6060,202.0,402.5,226.5
57,6061,202.033,396.5,224.5
57,6062,202.067,396.5,224.5
57,6064,202.133,388.5,224.5
57,6065,202.167,386.5,222.5
57,6066,202.2,384.5,220.5
57,6067,202.233,382.5,220.5
57,6068,202.267,382.5,218.5
57,6069,202.3,382.5,216.5
57,6071,202.367,386.5,216.5
57,6074,202.467,388.5,218.5
57,6075,202.5,390.5,216.5
57,6076,202.533,390.5,216.5
57,6077,202.567,392.5,216.5
57,6078,202.6,390.5,216.5
57,6079,202.633,392.5,214.5
57,6080,202.667,392.5,214.5
57,6081,202.7,394.5,212.5
57,6082,202.733,394.5,210.5
57,6083,202.767,394.5,208.5
57,6084,202.8,394.5,208.5
57,6085,202.833,394.5,206.5
57,6086,202.867,394.5,206.5
57,6087,202.9,394.5,206.5
57,6088,202.933,396.5,206.5
57,6089,202.967,394.5,206.5
57,6090,203.0,394.5,208.5
57,6091,203.033,394.5,208.5
57,6092,203.067,394.5,212.5
57,6093,203.1,390.5,210.5
57,6094,203.133,390.5,212.5
57,6096,203.2,386.5,216.5
58,6103,203.433,388.5,212.5
58,6104,203.467,388.5,208.5
58,6105,203.5,392.5,200.5
58,6106,203.533,398.5,186.5
58,6107,203.567,400.5,172.5
58,6108,203.6,402.5,154.5
58,6109,203.633,406.5,146.5
58,6111,203.7,402.5,108.5
58,6112,203.733,402.5,98.5
58,6113,203.767,402.5,86.5
58,6114,203.8,402.5,78.5
58,6115,203.833,402.5,72.5
58,6116,203.867,402.5,68.5
58,6117,203.9,404.5,70.5
58,6118,203.933,404.5,70.5
58,6119,203.967,406.5,72.5
58,6120,204.0,406.5,78.5
58,6121,204.033,406.5,84.5
58,6122,204.067,406.5,94.5
58,6123,204.1,410.5,102.5
58,6124,204.133,402.5,130.5
58,6125,204.167,410.5,140.5
58,6128,204.267,430.5,184.5
58,6129,204.3,448.5,206.5
58,6130,204.333,468.5,232.5
58,6131,204.367,486.5,228.5
58,6132,204.4,504.5,226.5
58,6133,204.433,524.5,226.5
58,6134,204.467,546.5,226.5
58,6135,204.5,568.5,230.5
58,6136,204.533,592.5,238.5
58,6137,204.567,616.5,246.5
58,6138,204.6,642.5,260.5
58,6139,204.633,668.5,274.5
58,6140,204.667,696.5,294.5
58,6141,204.7,724.5,316.5
58,6142,204.733,752.5,340.5
58,6143,204.767,778.5,366.5
58,6144,204.8,806.5,364.5
58,6145,204.833,834.5,360.5
58,6146,204.867,866.5,356.5
58,6147,204.9,894.5,358.5
58,6148,204.933,924.5,360.5
58,6149,204.967,890.5,338.5
58,6150,205.0,844.5,312.5
58,6151,205.033,798.5,292.5
58,6152,205.067,758.5,278.5
58,6153,205.1,720.5,266.5
58,6154,205.133,686.5,258.5
58,6155,205.167,652.5,254.5
58,6156,205.2,622.5,250.5
58,6157,205.233,594.5,252.5
58,6158,205.267,570.5,254.5
58,6159,205.3,546.5,260.5
58,6160,205.333,524.5,268.5
58,6161,205.367,502.5,276.5
58,6162,205.4,484.5,274.5
58,6163,205.433,470.5,256.5
58,6164,205.467,454.5,238.5
58,6165,205.5,442.5,224.5
58,6166,205.533,428.5,212.5
58,6167,205.567,414.5,204.5
58,6168,205.6,402.5,198.5
58,6169,205.633,392.5,196.5
58,6170,205.667,382.5,196.5
58,6171,205.7,372.5,196.5
58,6172,205.733,364.5,200.5
58,6173,205.767,354.5,206.5
58,6174,205.8,348.5,214.5
58,6175,205.833,356.5,212.5
58,6176,205.867,376.5,204.5
58,6177,205.9,396.5,196.5
58,6178,205.933,418.5,194.5
58,6179,205.967,438.5,192.5
58,6180,206.0,462.5,194.5
58,6181,206.033,482.5,196.5
58,6182,206.067,508.5,204.5
58,6183,206.1,530.5,212.5
58,6184,206.133,554.5,224.5
58,6185,206.167,578.5,238.5
58,6186,206.2,600.5,254.5
58,6187,206.233,626.5,274.5
58,6188,206.267,648.5,294.5
58,6189,206.3,672.5,312.5
58,6190,206.333,690.5,302.5
58,6191,206.367,710.5,294.5
58,6192,206.4,732.5,288.5
58,6193,206.433,752.5,286.5
58,6194,206.467,772.5,286.5
58,6195,206.5,792.5,288.5
58,6196,206.533,814.5,292.5
58,6197,206.567,834.5,302.5
58,6198,206.6,854.5,312.5
58,6199,206.633,814.5,292.5
58,6200,206.667,772.5,274.5
58,6201,206.7,732.5,260.5
58,6202,206.733,694.5,250.5
58,6203,206.767,658.5,242.5
58,6204,206.8,622.5,236.5
58,6205,206.833,588.5,236.5
58,6206,206.867,554.5,236.5
58,6207,206.9,524.5,242.5
58,6208,206.933,494.5,246.5
58,6209,206.967,466.5,256.5
58,6210,207.0,438.5,268.5
58,6211,207.033,416.5,280.5
58,6212,207.067,390.5,296.5
58,6213,207.1,370.5,282.5
58,6214,207.133,348.5,264.5
58,6215,207.167,328.5,252.5
58,6216,207.2,308.5,240.5
58,6217,207.233,290.5,232.5
58,6218,207.267,274.5,228.5
58,6219,207.3,254.5,226.5
58,6220,207.333,272.5,224.5
58,6221,207.367,332.5,226.5
58,6222,207.4,392.5,228.5
58,6223,207.433,450.5,238.5
58,6224,207.467,510.5,248.5
58,6225,207.5,570.5,262.5
58,6226,207.533,628.5,282.5
58,6227,207.567,686.5,300.5
58,6228,207.6,744.5,322.5
58,6229,207.633,788.5,348.5
58,6230,207.667,846.5,344.5
58,6231,207.7,898.5,336.5
58,6232,207.733,946.5,328.5
58,6233,207.767,998.5,324.5
58,6234,207.8,1048.5,324.5
58,6235,207.833,1096.5,324.5
59,6243,208.1,1066.5,194.5
59,6244,208.133,1052.5,188.5
59,6247,208.233,1032.5,192.5
59,6248,208.267,1022.5,228.5
59,6252,208.4,1024.5,300.5
60,6518,217.267,1236.5,38.5
60,6519,217.3,1178.5,34.5
60,6520,217.333,1124.5,36.5
60,6521,217.367,1074.5,42.5
60,6522,217.4,1026.5,50.5
60,6523,217.433,982.5,60.5
60,6524,217.467,934.5,74.5
60,6525,217.5,894.5,88.5
60,6526,217.533,852.5,106.5
60,6527,217.567,816.5,124.5
60,6528,217.6,778.5,146.5
60,6529,217.633,742.5,168.5
60,6530,217.667,710.5,190.5
60,6531,217.7,680.5,212.5
60,6532,217.733,650.5,236.5
60,6533,217.767,626.5,258.5
60,6534,217.8,604.5,248.5
60,6535,217.833,586.5,222.5
60,6536,217.867,568.5,200.5
60,6537,217.9,550.5,180.5
60,6538,217.933,532.5,162.5
60,6539,217.967,514.5,148.5
60,6540,218.0,498.5,136.5
60,6541,218.033,482.5,128.5
60,6542,218.067,466.5,122.5
60,6543,218.1,450.5,118.5
60,6544,218.133,434.5,118.5
60,6545,218.167,420.5,120.5
60,6546,218.2,406.5,124.5
60,6547,218.233,394.5,130.5
60,6548,218.267,382.5,138.5
60,6549,218.3,370.5,148.5
60,6550,218.333,358.5,162.5
61,6558,218.6,330.5,136.5
61,6560,218.667,332.5,134.5
61,6562,218.733,308.5,158.5
61,6563,218.767,312.5,164.5
61,6564,218.8,314.5,172.5
61,6565,218.833,318.5,180.5
61,6566,218.867,324.5,186.5
61,6567,218.9,332.5,192.5
61,6568,218.933,338.5,196.5
61,6569,218.967,342.5,200.5
61,6570,219.0,348.5,200.5
61,6571,219.033,352.5,202.5
61,6572,219.067,358.5,204.5
61,6573,219.1,360.5,204.5
61,6574,219.133,364.5,204.5
61,6577,219.233,372.5,208.5
61,6578,219.267,372.5,208.5
61,6579,219.3,374.5,208.5
61,6580,219.333,374.5,210.5
61,6581,219.367,374.5,212.5
61,6582,219.4,374.5,214.5
61,6583,219.433,376.5,216.5
61,6584,219.467,376.5,218.5
61,6585,219.5,374.5,218.5
61,6586,219.533,376.5,218.5
61,6587,219.567,378.5,220.5
61,6588,219.6,378.5,222.5
61,6589,219.633,320.5,240.5
61,6590,219.667,386.5,224.5
61,6591,219.7,386.5,222.5
62,6603,220.1,424.5,92.5
62,6604,220.133,424.5,84.5
62,6605,220.167,424.5,76.5
62,6606,220.2,424.5,72.5
62,6607,220.233,424.5,70.5
62,6608,220.267,424.5,72.5
62,6609,220.3,426.5,74.5
62,6610,220.333,426.5,80.5
62,6611,220.367,426.5,84.5
62,6612,220.4,428.5,94.5
62,6613,220.433,430.5,104.5
62,6614,220.467,428.5,120.5
62,6616,220.533,442.5,152.5
62,6618,220.6,444.5,186.5
62,6619,220.633,458.5,212.5
62,6620,220.667,470.5,228.5
62,6621,220.7,480.5,220.5
62,6622,220.733,492.5,212.5
62,6623,220.767,504.5,208.5
62,6624,220.8,518.5,204.5
62,6625,220.833,530.5,204.5
62,6626,220.867,546.5,208.5
62,6627,220.9,560.5,212.5
62,6628,220.933,576.5,220.5
62,6629,220.967,594.5,230.5
62,6630,221.0,612.5,244.5
62,6631,221.033,628.5,260.5
62,6632,221.067,648.5,280.5
62,6633,221.1,666.5,304.5
62,6634,221.133,686.5,328.5
62,6635,221.167,704.5,356.5
62,6636,221.2,724.5,390.5
62,6637,221.233,742.5,380.5
62,6638,221.267,760.5,372.5
62,6639,221.3,778.5,366.5
62,6640,221.333,798.5,364.5
62,6641,221.367,816.5,364.5
62,6642,221.4,836.5,368.5
62,6643,221.433,796.5,342.5
62,6644,221.467,740.5,312.5
62,6645,221.5,688.5,288.5
62,6646,221.533,638.5,268.5
62,6647,221.567,598.5,254.5
62,6648,221.6,560.5,244.5
62,6649,221.633,524.5,238.5
62,6650,221.667,492.5,234.5
62,6651,221.7,462.5,234.5
62,6652,221.733,436.5,238.5
62,6653,221.767,412.5,242.5
62,6654,221.8,390.5,250.5
62,6655,221.833,372.5,260.5
62,6656,221.867,354.5,268.5
62,6657,221.9,338.5,270.5
62,6658,221.933,320.5,246.5
62,6659,221.967,304.5,228.5
62,6660,222.0,290.5,212.5
62,6661,222.033,274.5,198.5
62,6662,222.067,262.5,190.5
62,6663,222.1,250.5,182.5
62,6664,222.133,242.5,178.5
62,6665,222.167,250.5,172.5
62,6666,222.2,274.5,162.5
62,6667,222.233,302.5,156.5
62,6668,222.267,330.5,154.5
62,6669,222.3,358.5,154.5
62,6670,222.333,388.5,156.5
62,6671,222.367,418.5,162.5
62,6672,222.4,448.5,168.5
62,6673,222.433,480.5,180.5
62,6674,222.467,510.5,194.5
62,6675,222.5,542.5,210.5
62,6676,222.533,572.5,230.5
62,6677,222.567,604.5,252.5
62,6678,222.6,634.5,276.5
62,6679,222.633,664.5,304.5
62,6680,222.667,690.5,332.5
62,6681,222.7,718.5,328.5
62,6682,222.733,742.5,312.5
62,6683,222.767,768.5,296.5
62,6684,222.8,794.5,288.5
62,6685,222.833,820.5,280.5
62,6686,222.867,846.5,274.5
62,6687,222.9,872.5,272.5
62,6688,222.933,898.5,274.5
62,6689,222.967,924.5,276.5
62,6690,223.0,948.5,284.5
62,6691,223.033,972.5,294.5
62,6692,223.067,996.5,306.5
62,6696,223.2,928.5,280.5
62,6697,223.233,870.5,252.5
62,6698,223.267,816.5,228.5
62,6699,223.3,764.5,212.5
62,6700,223.333,718.5,200.5
62,6701,223.367,674.5,194.5
62,6702,223.4,630.5,192.5
62,6703,223.433,592.5,192.5
62,6704,223.467,558.5,196.5
62,6705,223.5,524.5,202.5
62,6706,223.533,494.5,212.5
62,6707,223.567,466.5,222.5
62,6708,223.6,442.5,236.5
62,6709,223.633,418.5,250.5
62,6710,223.667,398.5,268.5
62,6711,223.7,374.5,262.5
62,6712,223.733,350.5,240.5
62,6713,223.767,326.5,220.5
62,6714,223.8,302.5,204.5
62,6715,223.833,282.5,192.5
62,6716,223.867,262.5,180.5
62,6717,223.9,242.5,174.5
62,6718,223.933,222.5,168.5
62,6719,223.967,208.5,168.5
62,6720,224.0,190.5,168.5
62,6721,224.033,210.5,154.5
62,6722,224.067,236.5,140.5
62,6723,224.1,268.5,130.5
62,6724,224.133,296.5,120.5
62,6725,224.167,326.5,114.5
62,6726,224.2,358.5,112.5
62,6727,224.233,390.5,110.5
62,6728,224.267,424.5,112.5
62,6729,224.3,456.5,116.5
62,6730,224.333,490.5,124.5
62,6731,224.367,524.5,134.5
62,6732,224.4,556.5,148.5
62,6733,224.433,590.5,162.5
62,6734,224.467,624.5,180.5
62,6735,224.5,656.5,200.5
62,6736,224.533,690.5,226.5
62,6737,224.567,720.5,250.5
62,6738,224.6,750.5,276.5
62,6739,224.633,780.5,306.5
62,6740,224.667,808.5,336.5
62,6741,224.7,834.5,324.5
62,6742,224.733,858.5,304.5
62,6743,224.767,884.5,286.5
62,6744,224.8,908.5,272.5
62,6745,224.833,930.5,258.5
62,6746,224.867,956.5,248.5
62,6747,224.9,980.5,244.5
62,6748,224.933,1004.5,242.5
62,6749,224.967,1024.5,242.5
62,6750,225.0,1046.5,244.5
62,6751,225.033,1068.5,250.5
62,6752,225.067,1088.5,260.5
62,6753,225.1,1108.5,272.5
62,6756,225.2,1096.5,290.5
62,6757,225.233,1030.5,266.5
62,6758,225.267,962.5,244.5
62,6759,225.3,902.5,230.5
62,6760,225.333,846.5,220.5
62,6761,225.367,790.5,214.5
62,6762,225.4,740.5,212.5
62,6763,225.433,692.5,216.5
62,6764,225.467,646.5,220.5
62,6765,225.5,608.5,228.5
62,6766,225.533,570.5,238.5
62,6767,225.567,536.5,250.5
62,6768,225.6,504.5,264.5
62,6769,225.633,474.5,278.5
62,6770,225.667,444.5,270.5
62,6771,225.7,412.5,248.5
62,6772,225.733,382.5,232.5
62,6773,225.767,354.5,220.5
62,6774,225.8,326.5,208.5
62,6775,225.833,300.5,200.5
62,6776,225.867,274.5,196.5
62,6777,225.9,250.5,194.5
62,6778,225.933,230.5,194.5
62,6779,225.967,210.5,196.5
62,6780,226.0,190.5,202.5
62,6781,226.033,176.5,208.5
62,6782,226.067,196.5,190.5
62,6783,226.1,218.5,176.5
62,6784,226.133,242.5,162.5
62,6785,226.167,266.5,150.5
62,6786,226.2,290.5,144.5
62,6787,226.233,318.5,136.5
62,6788,226.267,344.5,134.5
62,6789,226.3,372.5,134.5
62,6790,226.333,400.5,136.5
62,6791,226.367,430.5,142.5
62,6792,226.4,458.5,148.5
62,6793,226.433,488.5,158.5
62,6794,226.467,518.5,172.5
62,6795,226.5,548.5,188.5
62,6796,226.533,578.5,204.5
62,6797,226.567,608.5,226.5
62,6798,226.6,638.5,246.5
62,6799,226.633,668.5,274.5
62,6800,226.667,696.5,300.5
62,6801,226.7,722.5,328.5
62,6802,226.733,748.5,354.5
62,6803,226.767,770.5,336.5
62,6804,226.8,792.5,316.5
62,6805,226.833,814.5,300.5
62,6806,226.867,836.5,288.5
62,6807,226.9,856.5,276.5
62,6808,226.933,876.5,268.5
62,6809,226.967,898.5,264.5
62,6810,227.0,918.5,264.5
62,6811,227.033,916.5,256.5
62,6812,227.067,858.5,242.5
62,6813,227.1,804.5,228.5
62,6814,227.133,752.5,218.5
62,6815,227.167,706.5,212.5
62,6816,227.2,664.5,210.5
62,6817,227.233,622.5,210.5
62,6818,227.267,586.5,212.5
62,6819,227.3,552.5,218.5
62,6820,227.333,522.5,226.5
62,6821,227.367,494.5,232.5
62,6822,227.4,466.5,244.5
62,6823,227.433,444.5,256.5
62,6824,227.467,422.5,268.5
62,6825,227.5,396.5,248.5
62,6826,227.533,368.5,232.5
62,6827,227.567,342.5,220.5
62,6828,227.6,318.5,210.5
62,6829,227.633,294.5,202.5
62,6830,227.667,274.5,196.5
62,6831,227.7,254.5,194.5
62,6832,227.733,236.5,192.5
62,6833,227.767,218.5,194.5
62,6834,227.8,202.5,198.5
62,6835,227.833,188.5,206.5
62,6836,227.867,174.5,212.5
62,6837,227.9,162.5,222.5
62,6838,227.933,150.5,232.5
62,6839,227.967,140.5,244.5
62,6840,228.0,130.5,260.5
62,6841,228.033,130.5,274.5
62,6842,228.067,136.5,292.5
62,6843,228.1,144.5,308.5
62,6844,228.133,150.5,328.5
62,6845,228.167,158.5,350.5
62,6846,228.2,166.5,372.5
62,6847,228.233,168.5,370.5
62,6848,228.267,168.5,364.5
62,6849,228.3,170.5,360.5
62,6850,228.333,172.5,360.5
62,6851,228.367,174.5,362.5
62,6852,228.4,176.5,364.5
62,6853,228.433,178.5,368.5
62,6854,228.467,182.5,376.5
62,6855,228.5,186.5,384.5
62,6856,228.533,190.5,394.5
62,6857,228.567,194.5,406.5
62,6858,228.6,198.5,420.5
62,6859,228.633,202.5,420.5
62,6860,228.667,206.5,420.5
62,6861,228.7,212.5,418.5
62,6862,228.733,214.5,420.5
62,6863,228.767,218.5,422.5
62,6864,228.8,224.5,430.5
62,6865,228.833,230.5,438.5
62,6866,228.867,234.5,446.5
62,6867,228.9,240.5,448.5
62,6868,228.933,242.5,450.5
62,6869,228.967,246.5,454.5
62,6870,229.0,252.5,462.5
62,6871,229.033,254.5,464.5
62,6872,229.067,258.5,468.5
62,6873,229.1,262.5,472.5
62,6874,229.133,266.5,476.5
62,6875,229.167,270.5,480.5
62,6876,229.2,274.5,482.5
62,6877,229.233,278.5,488.5
62,6878,229.267,282.5,492.5
62,6879,229.3,286.5,496.5
62,6880,229.333,290.5,500.5
62,6881,229.367,294.5,504.5
62,6882,229.4,298.5,506.5
62,6883,229.433,302.5,512.5
62,6884,229.467,306.5,514.5
62,6885,229.5,310.5,518.5
62,6886,229.533,314.5,522.5
62,6887,229.567,318.5,526.5
62,6888,229.6,322.5,528.5
62,6889,229.633,326.5,534.5
62,6890,229.667,330.5,536.5
62,6891,229.7,334.5,542.5
62,6892,229.733,340.5,544.5
62,6893,229.767,344.5,548.5
62,6894,229.8,348.5,550.5
62,6895,229.833,354.5,554.5
62,6896,229.867,358.5,558.5
62,6897,229.9,362.5,560.5
62,6898,229.933,366.5,564.5
62,6899,229.967,370.5,566.5
62,6900,230.0,374.5,570.5
62,6901,230.033,378.5,574.5
62,6902,230.067,382.5,578.5
62,6903,230.1,386.5,580.5
62,6904,230.133,390.5,584.5
62,6905,230.167,394.5,588.5
62,6906,230.2,396.5,592.5
62,6907,230.233,400.5,594.5
62,6908,230.267,404.5,598.5
62,6909,230.3,408.5,600.5
62,6910,230.333,410.5,604.5
62,6911,230.367,414.5,608.5
62,6912,230.4,416.5,610.5
62,6913,230.433,418.5,614.5
62,6914,230.467,422.5,616.5
62,6915,230.5,424.5,618.5
62,6916,230.533,424.5,620.5
63,6991,233.033,554.5,374.5
63,6992,233.067,556.5,364.5
63,6993,233.1,558.5,356.5
63,6994,233.133,560.5,352.5
63,6995,233.167,562.5,352.5
63,6996,233.2,566.5,354.5
63,6997,233.233,568.5,360.5
63,6998,233.267,568.5,368.5
63,6999,233.3,572.5,380.5
63,7000,233.333,574.5,392.5
63,7001,233.367,574.5,408.5
63,7002,233.4,578.5,426.5
63,7003,233.433,580.5,446.5
63,7004,233.467,582.5,466.5
63,7005,233.5,582.5,490.5
63,7006,233.533,582.5,514.5
63,7007,233.567,584.5,538.5
63,7008,233.6,584.5,564.5
63,7009,233.633,586.5,576.5
63,7010,233.667,594.5,554.5
63,7011,233.7,602.5,536.5
63,7012,233.733,608.5,520.5
63,7013,233.767,616.5,508.5
63,7014,233.8,624.5,500.5
63,7015,233.833,632.5,490.5
63,7016,233.867,640.5,486.5
63,7017,233.9,646.5,484.5
63,7018,233.933,654.5,484.5
63,7019,233.967,662.5,488.5
64,7054,235.133,866.5,690.5
64,7055,235.167,882.5,682.5
64,7059,235.3,764.5,500.5
64,7061,235.367,766.5,498.5
64,7062,235.4,768.5,500.5
64,7063,235.433,768.5,498.5
64,7064,235.467,770.5,498.5
64,7065,235.5,770.5,498.5
64,7066,235.533,770.5,496.5
64,7067,235.567,772.5,496.5
64,7068,235.6,772.5,496.5
64,7069,235.633,772.5,496.5
64,7070,235.667,772.5,494.5
64,7071,235.7,772.5,494.5
64,7072,235.733,772.5,494.5
64,7075,235.833,1000.5,610.5
64,7077,235.9,952.5,608.5
65,7122,237.4,1112.5,532.5
65,7123,237.433,1110.5,518.5
65,7124,237.467,1108.5,498.5
65,7125,237.5,1098.5,474.5
65,7128,237.6,968.5,324.5
65,7129,237.633,922.5,286.5
65,7130,237.667,880.5,256.5
65,7131,237.7,838.5,226.5
65,7132,237.733,798.5,202.5
65,7133,237.767,760.5,184.5
65,7134,237.8,722.5,166.5
65,7135,237.833,686.5,154.5
65,7136,237.867,648.5,146.5
65,7137,237.9,616.5,138.5
65,7138,237.933,584.5,136.5
65,7139,237.967,554.5,136.5
65,7140,238.0,526.5,136.5
65,7141,238.033,498.5,144.5
65,7142,238.067,472.5,148.5
65,7143,238.1,450.5,160.5
65,7144,238.133,426.5,168.5
65,7145,238.167,404.5,182.5
65,7146,238.2,386.5,194.5
65,7147,238.233,378.5,190.5
65,7148,238.267,374.5,192.5
66,7155,238.5,336.5,206.5
66,7156,238.533,334.5,208.5
66,7157,238.567,332.5,212.5
66,7158,238.6,332.5,214.5
66,7159,238.633,334.5,218.5
66,7163,238.767,334.5,220.5
66,7164,238.8,336.5,220.5
66,7165,238.833,336.5,222.5
66,7166,238.867,338.5,224.5
66,7167,238.9,340.5,222.5
66,7168,238.933,340.5,224.5
66,7170,239.0,346.5,224.5
66,7171,239.033,350.5,224.5
66,7172,239.067,354.5,224.5
66,7173,239.1,358.5,222.5
66,7177,239.233,386.5,204.5
66,7178,239.267,394.5,188.5
66,7179,239.3,398.5,174.5
66,7180,239.333,392.5,122.5
66,7181,239.367,404.5,140.5
66,7182,239.4,404.5,124.5
66,7183,239.433,404.5,110.5
66,7184,239.467,402.5,98.5
66,7185,239.5,404.5,88.5
66,7186,239.533,402.5,80.5
66,7187,239.567,404.5,76.5
66,7188,239.6,406.5,72.5
66,7189,239.633,404.5,70.5
66,7190,239.667,406.5,72.5
66,7191,239.7,408.5,76.5
66,7192,239.733,410.5,82.5
66,7193,239.767,410.5,90.5
66,7194,239.8,408.5,120.5
66,7197,239.9,424.5,150.5
66,7200,240.0,438.5,192.5
66,7201,240.033,454.5,216.5
66,7202,240.067,470.5,240.5
66,7203,240.1,486.5,252.5
66,7204,240.133,500.5,246.5
66,7205,240.167,518.5,246.5
66,7206,240.2,534.5,246.5
66,7207,240.233,554.5,250.5
66,7208,240.267,574.5,256.5
66,7209,240.3,594.5,266.5
66,7210,240.333,616.5,280.5
66,7211,240.367,638.5,294.5
66,7212,240.4,664.5,316.5
66,7213,240.433,688.5,338.5
66,7214,240.467,714.5,364.5
66,7215,240.5,738.5,392.5
66,7216,240.533,764.5,418.5
66,7217,240.567,790.5,414.5
66,7218,240.6,818.5,412.5
66,7219,240.633,844.5,414.5
66,7221,240.7,800.5,378.5
66,7222,240.733,748.5,352.5
66,7223,240.767,700.5,330.5
66,7224,240.8,658.5,316.5
66,7225,240.833,622.5,304.5
66,7226,240.867,590.5,296.5
66,7227,240.9,560.5,292.5
66,7228,240.933,534.5,290.5
66,7229,240.967,512.5,288.5
66,7230,241.0,492.5,288.5
66,7231,241.033,474.5,288.5
66,7232,241.067,458.5,268.5
66,7233,241.1,444.5,250.5
66,7234,241.133,430.5,238.5
66,7235,241.167,418.5,228.5
66,7236,241.2,406.5,220.5
66,7237,241.233,396.5,216.5
66,7238,241.267,386.5,214.5
66,7239,241.3,378.5,214.5
66,7241,241.367,390.5,196.5
66,7242,241.4,404.5,180.5
66,7243,241.433,420.5,168.5
66,7244,241.467,436.5,156.5
66,7245,241.5,452.5,146.5
66,7246,241.533,470.5,140.5
66,7247,241.567,486.5,134.5
66,7248,241.6,506.5,132.5
66,7249,241.633,524.5,130.5
66,7250,241.667,542.5,132.5
66,7251,241.7,562.5,138.5
66,7252,241.733,582.5,144.5
66,7253,241.767,602.5,154.5
66,7254,241.8,622.5,164.5
66,7255,241.833,642.5,180.5
66,7256,241.867,666.5,200.5
66,7257,241.9,684.5,220.5
66,7258,241.933,706.5,244.5
66,7259,241.967,724.5,270.5
66,7260,242.0,746.5,298.5
66,7261,242.033,766.5,328.5
66,7262,242.067,786.5,366.5
66,7263,242.1,806.5,400.5
66,7264,242.133,824.5,380.5
66,7265,242.167,842.5,362.5
66,7266,242.2,862.5,346.5
66,7267,242.233,880.5,336.5
66,7268,242.267,900.5,326.5
66,7269,242.3,918.5,320.5
66,7270,242.333,938.5,320.5
66,7271,242.367,958.5,320.5
66,7272,242.4,976.5,324.5
66,7273,242.433,994.5,332.5
66,7274,242.467,930.5,322.5
66,7277,242.567,674.5,292.5
66,7278,242.6,610.5,290.5
66,7279,242.633,550.5,288.5
66,7280,242.667,498.5,290.5
66,7281,242.7,456.5,296.5
66,7282,242.733,418.5,304.5
66,7283,242.767,380.5,282.5
66,7284,242.8,344.5,258.5
66,7285,242.833,316.5,238.5
66,7286,242.867,288.5,220.5
66,7287,242.9,264.5,208.5
66,7288,242.933,242.5,198.5
66,7289,242.967,222.5,194.5
66,7290,243.0,202.5,192.5
66,7291,243.033,186.5,190.5
66,7292,243.067,202.5,184.5
66,7293,243.1,228.5,176.5
66,7294,243.133,258.5,172.5
66,7295,243.167,288.5,168.5
66,7296,243.2,320.5,170.5
66,7297,243.233,352.5,172.5
66,7298,243.267,386.5,180.5
66,7299,243.3,418.5,188.5
66,7300,243.333,450.5,198.5
66,7301,243.367,486.5,214.5
66,7302,243.4,518.5,230.5
66,7303,243.433,550.5,250.5
66,7304,243.467,582.5,270.5
66,7305,243.5,614.5,292.5
66,7306,243.533,646.5,316.5
66,7307,243.567,674.5,314.5
66,7308,243.6,704.5,302.5
66,7309,243.633,730.5,292.5
66,7310,243.667,758.5,288.5
66,7311,243.7,786.5,284.5
66,7312,243.733,814.5,282.5
66,7313,243.767,842.5,284.5
66,7314,243.8,870.5,290.5
66,7315,243.833,896.5,298.5
66,7316,243.867,922.5,308.5
66,7317,243.9,916.5,298.5
66,7318,243.933,882.5,264.5
66,7319,243.967,848.5,236.5
66,7320,244.0,814.5,210.5
66,7321,244.033,784.5,194.5
66,7322,244.067,754.5,178.5
66,7323,244.1,722.5,164.5
66,7324,244.133,694.5,156.5
66,7325,244.167,668.5,152.5
66,7326,244.2,640.5,152.5
66,7327,244.233,614.5,152.5
66,7328,244.267,590.5,156.5
66,7329,244.3,568.5,164.5
66,7330,244.333,546.5,174.5
66,7331,244.367,528.5,184.5
66,7332,244.4,508.5,198.5
66,7333,244.433,492.5,214.5
66,7334,244.467,474.5,230.5
66,7335,244.5,460.5,250.5
66,7336,244.533,448.5,270.5
66,7337,244.567,432.5,248.5
66,7338,244.6,418.5,228.5
66,7339,244.633,406.5,210.5
66,7340,244.667,392.5,194.5
66,7341,244.7,380.5,180.5
66,7342,244.733,366.5,168.5
66,7343,244.767,356.5,162.5
66,7344,244.8,344.5,156.5
66,7345,244.833,334.5,154.5
66,7346,244.867,324.5,154.5
66,7347,244.9,314.5,156.5
66,7348,244.933,306.5,160.5
66,7349,244.967,298.5,166.5
66,7350,245.0,292.5,176.5
66,7351,245.033,310.5,168.5
66,7352,245.067,338.5,162.5
66,7353,245.1,364.5,158.5
66,7354,245.133,394.5,156.5
66,7355,245.167,420.5,158.5
66,7356,245.2,450.5,162.5
66,7357,245.233,480.5,168.5
66,7358,245.267,510.5,178.5
66,7359,245.3,542.5,192.5
66,7360,245.333,572.5,208.5
66,7361,245.367,602.5,226.5
66,7362,245.4,632.5,246.5
66,7363,245.433,662.5,270.5
66,7364,245.467,690.5,294.5
66,7365,245.5,720.5,322.5
66,7366,245.533,748.5,340.5
66,7367,245.567,770.5,322.5
66,7368,245.6,796.5,308.5
66,7369,245.633,818.5,296.5
66,7370,245.667,844.5,288.5
66,7371,245.7,866.5,280.5
66,7372,245.733,892.5,276.5
66,7373,245.767,914.5,276.5
66,7374,245.8,940.5,280.5
66,7375,245.833,964.5,288.5
66,7379,245.967,830.5,270.5
66,7381,246.033,658.5,246.5
66,7382,246.067,590.5,244.5
66,7383,246.1,528.5,244.5
66,7384,246.133,474.5,250.5
66,7385,246.167,428.5,260.5
66,7386,246.2,388.5,272.5
66,7387,246.233,348.5,250.5
66,7388,246.267,310.5,224.5
66,7389,246.3,274.5,204.5
66,7390,246.333,242.5,188.5
66,7391,246.367,214.5,176.5
66,7392,246.4,188.5,166.5
66,7394,246.467,100.5,84.5
66,7395,246.5,50.5,34.5
66,7399,246.633,146.5,96.5
66,7402,246.733,136.5,128.5
66,7403,246.767,132.5,136.5
67,7525,250.833,12.5,72.5
67,7527,250.9,6.5,68.5
67,7528,250.933,12.5,64.5
67,7529,250.967,20.5,60.5
67,7530,251.0,30.5,58.5
67,7531,251.033,40.5,56.5
67,7532,251.067,48.5,56.5
67,7533,251.1,58.5,58.5
67,7534,251.133,68.5,60.5
67,7535,251.167,80.5,64.5
67,7536,251.2,92.5,68.5
67,7537,251.233,104.5,72.5
67,7538,251.267,114.5,76.5
67,7539,251.3,122.5,80.5
67,7540,251.333,132.5,84.5
67,7541,251.367,142.5,94.5
67,7542,251.4,150.5,100.5
67,7543,251.433,158.5,108.5
67,7544,251.467,164.5,116.5
67,7545,251.5,172.5,130.5
67,7546,251.533,180.5,140.5
67,7547,251.567,186.5,152.5
67,7548,251.6,190.5,166.5
67,7549,251.633,194.5,180.5
67,7550,251.667,194.5,180.5
67,7552,251.733,190.5,236.5
68,7571,252.367,314.5,234.5
68,7572,252.4,322.5,236.5
68,7573,252.433,330.5,236.5
68,7574,252.467,340.5,234.5
68,7575,252.5,354.5,226.5
68,7576,252.533,366.5,218.5
68,7577,252.567,380.5,204.5
68,7578,252.6,394.5,192.5
68,7579,252.633,410.5,184.5
68,7580,252.667,426.5,176.5
68,7581,252.7,440.5,170.5
68,7582,252.733,458.5,166.5
68,7583,252.767,474.5,166.5
68,7584,252.8,492.5,168.5
68,7585,252.833,508.5,174.5
68,7586,252.867,528.5,182.5
68,7587,252.9,546.5,194.5
68,7588,252.933,564.5,208.5
68,7589,252.967,582.5,224.5
68,7590,253.0,600.5,240.5
68,7591,253.033,616.5,260.5
68,7592,253.067,634.5,284.5
68,7593,253.1,650.5,308.5
68,7594,253.133,666.5,332.5
68,7595,253.167,680.5,316.5
68,7596,253.2,694.5,298.5
68,7597,253.233,708.5,284.5
68,7598,253.267,722.5,274.5
68,7599,253.3,734.5,264.5
68,7600,253.333,748.5,260.5
68,7601,253.367,762.5,256.5
68,7602,253.4,774.5,258.5
68,7603,253.433,788.5,260.5
68,7604,253.467,800.5,266.5
68,7605,253.5,814.5,276.5
68,7606,253.533,824.5,288.5
68,7607,253.567,836.5,302.5
68,7608,253.6,846.5,316.5
68,7609,253.633,860.5,312.5
68,7610,253.667,864.5,310.5
68,7611,253.7,870.5,312.5
68,7612,253.733,876.5,316.5
68,7613,253.767,882.5,320.5
69,7638,254.6,978.5,358.5
69,7639,254.633,978.5,360.5
69,7640,254.667,978.5,366.5
69,7641,254.7,976.5,370.5
69,7642,254.733,974.5,372.5
69,7644,254.8,976.5,376.5
69,7645,254.833,978.5,370.5
69,7646,254.867,982.5,362.5
69,7647,254.9,988.5,348.5
69,7650,255.0,996.5,340.5
69,7652,255.067,974.5,380.5
70,7665,255.5,822.5,338.5
70,7666,255.533,780.5,332.5
70,7667,255.567,740.5,310.5
70,7668,255.6,702.5,292.5
70,7669,255.633,668.5,280.5
70,7670,255.667,632.5,272.5
70,7671,255.7,600.5,264.5
70,7672,255.733,570.5,262.5
70,7673,255.767,540.5,260.5
70,7674,255.8,512.5,264.5
70,7675,255.833,486.5,270.5
70,7676,255.867,464.5,276.5
70,7677,255.9,440.5,286.5
70,7678,255.933,418.5,272.5
70,7679,255.967,394.5,260.5
70,7680,256.0,372.5,248.5
70,7681,256.033,350.5,242.5
70,7682,256.067,330.5,238.5
70,7683,256.1,310.5,236.5
70,7684,256.133,316.5,230.5
70,7685,256.167,336.5,220.5
70,7686,256.2,358.5,210.5
70,7687,256.233,382.5,204.5
70,7688,256.267,406.5,200.5
70,7689,256.3,430.5,198.5
70,7690,256.333,452.5,198.5
70,7691,256.367,478.5,200.5
70,7692,256.4,502.5,208.5
70,7693,256.433,526.5,214.5
70,7694,256.467,552.5,224.5
70,7695,256.5,578.5,236.5
70,7696,256.533,604.5,250.5
70,7697,256.567,628.5,268.5
70,7698,256.6,654.5,286.5
70,7699,256.633,678.5,306.5
70,7700,256.667,702.5,326.5
70,7701,256.7,726.5,340.5
70,7702,256.733,744.5,324.5
70,7703,256.767,764.5,314.5
70,7704,256.8,782.5,306.5
70,7705,256.833,802.5,300.5
70,7706,256.867,820.5,298.5
70,7707,256.9,840.5,298.5
70,7708,256.933,820.5,292.5
70,7709,256.967,764.5,284.5
70,7710,257.0,714.5,278.5
70,7711,257.033,664.5,276.5
70,7712,257.067,622.5,276.5
70,7713,257.1,578.5,276.5
70,7714,257.133,542.5,280.5
70,7715,257.167,506.5,286.5
70,7716,257.2,474.5,294.5
70,7717,257.233,444.5,292.5
70,7718,257.267,418.5,274.5
70,7719,257.3,390.5,258.5
70,7720,257.333,366.5,246.5
70,7721,257.367,344.5,236.5
70,7722,257.4,324.5,230.5
70,7723,257.433,306.5,226.5
70,7724,257.467,294.5,220.5
70,7725,257.5,320.5,212.5
70,7726,257.533,348.5,202.5
70,7727,257.567,376.5,194.5
70,7728,257.6,404.5,190.5
70,7729,257.633,434.5,188.5
70,7730,257.667,464.5,188.5
70,7731,257.7,494.5,192.5
70,7732,257.733,526.5,196.5
70,7733,257.767,556.5,204.5
70,7734,257.8,588.5,216.5
70,7735,257.833,616.5,228.5
70,7736,257.867,646.5,244.5
70,7737,257.9,676.5,260.5
70,7738,257.933,704.5,280.5
70,7739,257.967,734.5,302.5
70,7740,258.0,762.5,326.5
70,7741,258.033,790.5,332.5
70,7742,258.067,814.5,316.5
70,7743,258.1,838.5,302.5
70,7744,258.133,862.5,290.5
70,7745,258.167,886.5,282.5
70,7746,258.2,910.5,276.5
70,7747,258.233,934.5,274.5
70,7748,258.267,956.5,276.5
70,7749,258.3,912.5,260.5
70,7750,258.333,862.5,246.5
70,7751,258.367,816.5,238.5
70,7752,258.4,770.5,232.5
70,7753,258.433,730.5,228.5
70,7754,258.467,690.5,228.5
70,7755,258.5,654.5,230.5
70,7756,258.533,620.5,236.5
70,7757,258.567,588.5,244.5
70,7758,258.6,556.5,252.5
70,7759,258.633,528.5,262.5
70,7760,258.667,502.5,276.5
70,7761,258.7,478.5,280.5
70,7762,258.733,450.5,262.5
70,7763,258.767,426.5,250.5
70,7764,258.8,402.5,240.5
70,7765,258.833,378.5,230.5
70,7766,258.867,356.5,224.5
70,7767,258.9,334.5,222.5
70,7768,258.933,316.5,220.5
70,7769,258.967,298.5,224.5
70,7770,259.0,286.5,228.5
70,7771,259.033,290.5,220.5
70,7772,259.067,294.5,218.5
70,7773,259.1,298.5,218.5
70,7774,259.133,304.5,220.5
70,7775,259.167,310.5,226.5
70,7776,259.2,316.5,232.5
70,7777,259.233,324.5,244.5
70,7778,259.267,332.5,256.5
70,7779,259.3,342.5,272.5
70,7780,259.333,350.5,290.5
70,7781,259.367,362.5,314.5
70,7782,259.4,372.5,340.5
70,7783,259.433,384.5,366.5
70,7784,259.467,396.5,396.5
70,7785,259.5,408.5,426.5
70,7786,259.533,420.5,460.5
70,7787,259.567,434.5,498.5
70,7788,259.6,446.5,536.5
70,7789,259.633,460.5,578.5
71,7795,259.833,528.5,576.5
71,7796,259.867,538.5,572.5
71,7797,259.9,550.5,568.5
71,7798,259.933,562.5,570.5
71,7799,259.967,574.5,572.5
71,7800,260.0,584.5,578.5
71,7801,260.033,596.5,586.5
71,7802,260.067,608.5,596.5
71,7803,260.1,620.5,610.5
71,7804,260.133,630.5,626.5
71,7805,260.167,642.5,644.5
71,7806,260.2,652.5,662.5
71,7807,260.233,662.5,682.5
71,7808,260.267,676.5,680.5
71,7809,260.3,692.5,680.5
71,7810,260.333,706.5,682.5
71,7811,260.367,722.5,690.5
71,7812,260.4,736.5,696.5
71,7813,260.433,752.5,708.5
71,7814,260.467,766.5,714.5
72,7839,261.3,970.5,368.5
72,7842,261.4,1064.5,428.5
72,7843,261.433,1056.5,440.5
72,7844,261.467,1054.5,456.5
72,7846,261.533,1044.5,484.5
72,7848,261.6,1040.5,520.5
72,7851,261.7,1084.5,574.5
72,7853,261.767,1000.5,690.5
72,7857,261.9,1010.5,562.5
72,7860,262.0,1100.5,642.5
73,8005,266.833,852.5,330.5
73,8006,266.867,804.5,306.5
73,8007,266.9,760.5,288.5
73,8008,266.933,720.5,272.5
73,8009,266.967,680.5,260.5
73,8010,267.0,644.5,252.5
73,8011,267.033,610.5,246.5
73,8012,267.067,576.5,244.5
73,8013,267.1,546.5,244.5
73,8014,267.133,516.5,244.5
73,8015,267.167,490.5,250.5
73,8016,267.2,464.5,256.5
73,8017,267.233,440.5,248.5
73,8018,267.267,418.5,236.5
73,8019,267.3,398.5,224.5
73,8020,267.333,378.5,216.5
73,8021,267.367,382.5,210.5
73,8022,267.4,404.5,202.5
73,8023,267.433,426.5,198.5
73,8024,267.467,450.5,196.5
73,8025,267.5,474.5,196.5
73,8026,267.533,496.5,200.5
73,8027,267.567,522.5,208.5
73,8028,267.6,546.5,214.5
73,8029,267.633,570.5,226.5
73,8030,267.667,596.5,238.5
73,8031,267.7,622.5,252.5
73,8032,267.733,646.5,268.5
73,8033,267.767,674.5,290.5
73,8034,267.8,698.5,310.5
73,8035,267.833,722.5,320.5
73,8036,267.867,744.5,308.5
73,8037,267.9,766.5,302.5
73,8038,267.933,788.5,296.5
73,8039,267.967,810.5,292.5
73,8040,268.0,832.5,292.5
73,8041,268.033,854.5,296.5
73,8042,268.067,840.5,288.5
73,8043,268.1,790.5,270.5
73,8044,268.133,746.5,256.5
73,8045,268.167,704.5,244.5
73,8046,268.2,662.5,236.5
73,8047,268.233,622.5,228.5
73,8048,268.267,584.5,228.5
73,8049,268.3,550.5,228.5
73,8050,268.333,514.5,230.5
73,8051,268.367,484.5,234.5
73,8052,268.4,454.5,242.5
73,8053,268.433,426.5,252.5
73,8054,268.467,398.5,262.5
73,8055,268.5,374.5,276.5
73,8056,268.533,352.5,272.5
73,8057,268.567,328.5,252.5
73,8058,268.6,308.5,238.5
73,8059,268.633,288.5,226.5
73,8060,268.667,280.5,214.5
73,8061,268.7,304.5,200.5
73,8062,268.733,332.5,186.5
73,8063,268.767,358.5,176.5
73,8064,268.8,384.5,168.5
73,8065,268.833,414.5,164.5
73,8066,268.867,442.5,162.5
73,8067,268.9,472.5,160.5
73,8068,268.933,502.5,162.5
73,8069,268.967,532.5,168.5
73,8070,269.0,562.5,176.5
73,8071,269.033,592.5,186.5
73,8072,269.067,622.5,196.5
73,8073,269.1,650.5,212.5
73,8074,269.133,680.5,228.5
73,8075,269.167,710.5,248.5
73,8076,269.2,738.5,270.5
73,8077,269.233,764.5,292.5
73,8078,269.267,790.5,318.5
73,8079,269.3,814.5,340.5
73,8080,269.333,834.5,322.5
73,8081,269.367,854.5,302.5
73,8082,269.4,874.5,286.5
73,8083,269.433,894.5,272.5
73,8084,269.467,912.5,262.5
73,8085,269.5,932.5,254.5
73,8086,269.533,950.5,248.5
73,8087,269.567,966.5,246.5
73,8088,269.6,970.5,248.5
73,8089,269.633,910.5,226.5
73,8090,269.667,852.5,210.5
73,8091,269.7,798.5,200.5
73,8092,269.733,748.5,194.5
73,8093,269.767,702.5,188.5
73,8094,269.8,658.5,188.5
73,8095,269.833,620.5,188.5
73,8096,269.867,582.5,192.5
73,8097,269.9,548.5,198.5
73,8098,269.933,518.5,206.5
73,8099,269.967,490.5,216.5
73,8100,270.0,464.5,226.5
73,8101,270.033,438.5,238.5
73,8102,270.067,418.5,244.5
73,8103,270.1,394.5,222.5
73,8104,270.133,376.5,204.5
73,8105,270.167,358.5,188.5
73,8106,270.2,340.5,176.5
73,8107,270.233,324.5,166.5
73,8108,270.267,310.5,158.5
73,8109,270.3,294.5,154.5
73,8110,270.333,282.5,154.5
73,8111,270.367,292.5,146.5
73,8112,270.4,314.5,140.5
73,8113,270.433,334.5,134.5
73,8114,270.467,354.5,134.5
73,8115,270.5,374.5,134.5
73,8116,270.533,396.5,136.5
73,8117,270.567,418.5,142.5
73,8118,270.6,442.5,148.5
73,8119,270.633,466.5,156.5
73,8120,270.667,490.5,168.5
73,8121,270.7,514.5,180.5
73,8122,270.733,538.5,196.5
73,8123,270.767,562.5,212.5
73,8124,270.8,588.5,232.5
73,8125,270.833,610.5,252.5
73,8126,270.867,626.5,268.5
73,8127,270.9,622.5,274.5
73,8128,270.933,614.5,278.5
73,8129,270.967,610.5,288.5
73,8130,271.0,606.5,282.5
73,8131,271.033,600.5,272.5
73,8132,271.067,598.5,266.5
73,8133,271.1,594.5,260.5
73,8134,271.133,588.5,260.5
73,8135,271.167,586.5,258.5
73,8136,271.2,582.5,260.5
73,8137,271.233,578.5,266.5
73,8138,271.267,576.5,272.5
73,8139,271.3,572.5,262.5
73,8140,271.333,570.5,256.5
73,8141,271.367,566.5,252.5
73,8142,271.4,562.5,248.5
73,8143,271.433,558.5,246.5
73,8144,271.467,556.5,248.5
73,8145,271.5,554.5,252.5
73,8146,271.533,550.5,256.5
73,8147,271.567,548.5,248.5
73,8148,271.6,544.5,244.5
73,8149,271.633,542.5,240.5
73,8150,271.667,538.5,238.5
73,8151,271.7,534.5,236.5
73,8152,271.733,532.5,240.5
73,8153,271.767,530.5,244.5
73,8154,271.8,530.5,240.5
73,8155,271.833,526.5,232.5
73,8156,271.867,522.5,230.5
73,8157,271.9,518.5,228.5
73,8158,271.933,516.5,230.5
73,8159,271.967,514.5,232.5
73,8160,272.0,510.5,232.5
73,8161,272.033,508.5,228.5
73,8162,272.067,506.5,224.5
73,8163,272.1,502.5,224.5
73,8164,272.133,498.5,222.5
73,8165,272.167,498.5,226.5
73,8166,272.2,494.5,226.5
73,8167,272.233,492.5,220.5
73,8168,272.267,490.5,216.5
73,8169,272.3,486.5,216.5
73,8170,272.333,484.5,218.5
73,8171,272.367,482.5,220.5
73,8172,272.4,480.5,226.5
74,8233,274.433,364.5,198.5
74,8234,274.467,366.5,198.5
74,8235,274.5,366.5,198.5
74,8236,274.533,366.5,198.5
74,8237,274.567,364.5,200.5
74,8238,274.6,364.5,200.5
74,8239,274.633,362.5,200.5
74,8240,274.667,362.5,200.5
74,8241,274.7,364.5,202.5
74,8242,274.733,362.5,204.5
74,8243,274.767,362.5,204.5
74,8244,274.8,364.5,206.5
74,8245,274.833,364.5,206.5
74,8246,274.867,362.5,206.5
74,8247,274.9,364.5,206.5
74,8248,274.933,364.5,206.5
74,8249,274.967,364.5,208.5
74,8250,275.0,364.5,208.5
74,8251,275.033,364.5,208.5
74,8252,275.067,366.5,210.5
74,8253,275.1,368.5,212.5
74,8254,275.133,370.5,212.5
74,8255,275.167,370.5,214.5
74,8257,275.233,372.5,218.5
74,8258,275.267,384.5,218.5
75,8263,275.433,404.5,202.5
75,8264,275.467,408.5,190.5
75,8265,275.5,412.5,176.5
75,8266,275.533,416.5,162.5
75,8267,275.567,416.5,144.5
75,8270,275.667,414.5,100.5
75,8271,275.7,414.5,94.5
75,8272,275.733,412.5,84.5
75,8273,275.767,412.5,80.5
75,8274,275.8,410.5,76.5
75,8275,275.833,410.5,74.5
75,8276,275.867,410.5,78.5
75,8277,275.9,410.5,80.5
75,8278,275.933,410.5,86.5
75,8279,275.967,412.5,92.5
75,8280,276.0,412.5,100.5
75,8281,276.033,414.5,112.5
75,8282,276.067,414.5,128.5
75,8283,276.1,418.5,146.5
75,8286,276.2,432.5,184.5
75,8287,276.233,448.5,202.5
75,8288,276.267,464.5,224.5
75,8289,276.3,480.5,244.5
75,8290,276.333,494.5,252.5
75,8291,276.367,510.5,250.5
75,8292,276.4,528.5,252.5
75,8293,276.433,544.5,254.5
75,8294,276.467,562.5,260.5
75,8295,276.5,582.5,268.5
75,8296,276.533,602.5,278.5
75,8297,276.567,622.5,290.5
75,8298,276.6,644.5,306.5
75,8299,276.633,666.5,324.5
75,8300,276.667,690.5,344.5
75,8301,276.7,712.5,368.5
75,8302,276.733,736.5,368.5
75,8303,276.767,758.5,366.5
75,8304,276.8,784.5,368.5
75,8305,276.833,806.5,372.5
75,8307,276.9,786.5,358.5
75,8308,276.933,740.5,340.5
75,8309,276.967,694.5,322.5
75,8310,277.0,654.5,310.5
75,8311,277.033,618.5,302.5
75,8312,277.067,584.5,296.5
75,8313,277.1,552.5,292.5
75,8314,277.133,526.5,290.5
75,8315,277.167,500.5,290.5
75,8316,277.2,478.5,292.5
75,8317,277.233,456.5,296.5
75,8318,277.267,438.5,280.5
75,8319,277.3,420.5,266.5
75,8320,277.333,404.5,256.5
75,8321,277.367,388.5,246.5
75,8322,277.4,374.5,240.5
75,8323,277.433,362.5,236.5
75,8324,277.467,350.5,236.5
75,8325,277.5,340.5,236.5
75,8326,277.533,334.5,236.5
75,8327,277.567,352.5,220.5
75,8328,277.6,372.5,208.5
75,8329,277.633,390.5,196.5
75,8330,277.667,410.5,188.5
75,8331,277.7,432.5,180.5
75,8332,277.733,454.5,176.5
75,8333,277.767,476.5,174.5
75,8334,277.8,498.5,174.5
75,8335,277.833,524.5,176.5
75,8336,277.867,546.5,182.5
75,8337,277.9,570.5,190.5
75,8338,277.933,594.5,200.5
75,8339,277.967,620.5,212.5
75,8340,278.0,642.5,228.5
75,8341,278.033,668.5,246.5
75,8342,278.067,692.5,268.5
75,8343,278.1,716.5,290.5
75,8344,278.133,738.5,314.5
75,8345,278.167,760.5,340.5
75,8346,278.2,780.5,354.5
75,8347,278.233,800.5,336.5
75,8348,278.267,820.5,322.5
75,8349,278.3,840.5,310.5
75,8350,278.333,858.5,304.5
75,8351,278.367,878.5,296.5
75,8352,278.4,872.5,288.5
75,8353,278.433,818.5,274.5
75,8354,278.467,764.5,260.5
75,8355,278.5,716.5,252.5
75,8356,278.533,670.5,244.5
75,8357,278.567,626.5,242.5
75,8358,278.6,584.5,242.5
75,8359,278.633,546.5,244.5
75,8360,278.667,510.5,246.5
75,8361,278.7,478.5,254.5
75,8362,278.733,446.5,262.5
75,8363,278.767,418.5,272.5
75,8364,278.8,392.5,284.5
75,8365,278.833,368.5,288.5
75,8366,278.867,346.5,266.5
75,8367,278.9,324.5,248.5
75,8368,278.933,304.5,234.5
75,8369,278.967,286.5,224.5
75,8370,279.0,266.5,214.5
75,8371,279.033,250.5,210.5
75,8372,279.067,234.5,206.5
75,8373,279.1,220.5,208.5
75,8374,279.133,236.5,212.5
75,8375,279.167,298.5,226.5
75,8376,279.2,358.5,242.5
75,8377,279.233,418.5,262.5
75,8378,279.267,480.5,286.5
75,8379,279.3,532.5,316.5
75,8380,279.333,564.5,306.5
75,8381,279.367,558.5,288.5
75,8382,279.4,550.5,268.5
75,8383,279.433,542.5,254.5
75,8384,279.467,534.5,242.5
75,8385,279.5,528.5,232.5
75,8386,279.533,520.5,226.5
75,8387,279.567,514.5,222.5
75,8388,279.6,508.5,222.5
75,8389,279.633,502.5,222.5
75,8390,279.667,498.5,226.5
75,8391,279.7,492.5,230.5
75,8392,279.733,488.5,238.5
75,8393,279.767,484.5,248.5
75,8394,279.8,480.5,260.5
75,8395,279.833,476.5,274.5
75,8396,279.867,472.5,274.5
75,8397,279.9,472.5,256.5
75,8398,279.933,470.5,242.5
75,8399,279.967,470.5,232.5
75,8400,280.0,470.5,224.5
75,8401,280.033,470.5,216.5
75,8402,280.067,470.5,212.5
75,8403,280.1,470.5,212.5
75,8404,280.133,470.5,214.5
75,8405,280.167,470.5,216.5
75,8406,280.2,470.5,220.5
75,8407,280.233,470.5,228.5
75,8408,280.267,470.5,236.5
75,8409,280.3,472.5,246.5
75,8410,280.333,474.5,260.5
75,8411,280.367,476.5,250.5
75,8412,280.4,478.5,240.5
75,8413,280.433,482.5,230.5
75,8414,280.467,484.5,224.5
75,8415,280.5,492.5,216.5
76,8449,281.633,366.5,200.5
76,8450,281.667,366.5,202.5
76,8451,281.7,362.5,202.5
76,8454,281.8,356.5,202.5
76,8456,281.867,352.5,204.5
76,8458,281.933,348.5,204.5
76,8459,281.967,346.5,202.5
76,8461,282.033,342.5,202.5
77,8467,282.233,348.5,200.5
77,8469,282.3,352.5,200.5
77,8470,282.333,356.5,198.5
77,8471,282.367,358.5,198.5
77,8472,282.4,360.5,198.5
77,8473,282.433,362.5,198.5
77,8474,282.467,364.5,198.5
77,8475,282.5,364.5,198.5
77,8476,282.533,366.5,198.5
77,8477,282.567,366.5,196.5
77,8478,282.6,366.5,196.5
77,8479,282.633,368.5,198.5
77,8480,282.667,368.5,196.5
77,8481,282.7,368.5,198.5
77,8482,282.733,368.5,196.5
77,8483,282.767,370.5,198.5
77,8484,282.8,370.5,198.5
77,8485,282.833,370.5,198.5
77,8486,282.867,370.5,198.5
77,8487,282.9,370.5,198.5
77,8488,282.933,370.5,198.5
77,8489,282.967,370.5,198.5
77,8490,283.0,370.5,200.5
77,8491,283.033,372.5,198.5
77,8492,283.067,374.5,200.5
77,8493,283.1,374.5,200.5
77,8494,283.133,374.5,198.5
77,8495,283.167,374.5,200.5
77,8496,283.2,374.5,200.5
77,8497,283.233,374.5,200.5
77,8498,283.267,374.5,200.5
77,8499,283.3,374.5,200.5
77,8500,283.333,374.5,200.5
77,8501,283.367,372.5,200.5
77,8502,283.4,372.5,200.5
77,8503,283.433,372.5,200.5
77,8504,283.467,372.5,200.5
77,8505,283.5,372.5,200.5
77,8506,283.533,370.5,198.5
77,8507,283.567,372.5,196.5
77,8508,283.6,372.5,194.5
77,8509,283.633,372.5,190.5
77,8510,283.667,372.5,182.5
77,8511,283.7,370.5,178.5
77,8512,283.733,370.5,174.5
77,8513,283.767,368.5,166.5
77,8514,283.8,368.5,162.5
77,8515,283.833,366.5,156.5
77,8516,283.867,364.5,154.5
77,8518,283.933,362.5,146.5
77,8522,284.067,372.5,144.5
77,8523,284.1,374.5,136.5
77,8524,284.133,374.5,132.5
77,8525,284.167,374.5,128.5
77,8526,284.2,372.5,124.5
77,8527,284.233,370.5,122.5
78,8599,286.633,378.5,162.5
78,8600,286.667,376.5,162.5
78,8601,286.7,378.5,162.5
78,8602,286.733,380.5,162.5
78,8603,286.767,386.5,162.5
78,8604,286.8,386.5,164.5
78,8605,286.833,386.5,164.5
78,8606,286.867,386.5,164.5
78,8607,286.9,388.5,166.5
78,8608,286.933,388.5,168.5
78,8609,286.967,388.5,172.5
78,8610,287.0,386.5,174.5
78,8611,287.033,384.5,178.5
78,8612,287.067,382.5,182.5
78,8613,287.1,380.5,184.5
78,8614,287.133,378.5,184.5
78,8615,287.167,378.5,184.5
78,8616,287.2,378.5,182.5
78,8617,287.233,380.5,178.5
78,8618,287.267,384.5,178.5
78,8619,287.3,386.5,176.5
78,8620,287.333,390.5,176.5
78,8621,287.367,392.5,174.5
78,8622,287.4,396.5,176.5
78,8623,287.433,394.5,176.5
78,8624,287.467,394.5,178.5
78,8625,287.5,394.5,180.5
78,8626,287.533,392.5,182.5
78,8627,287.567,390.5,184.5
78,8628,287.6,388.5,186.5
78,8629,287.633,386.5,188.5
78,8630,287.667,384.5,190.5
78,8631,287.7,382.5,192.5
78,8632,287.733,380.5,192.5
78,8633,287.767,380.5,194.5
78,8634,287.8,380.5,196.5
78,8635,287.833,380.5,198.5
78,8636,287.867,380.5,200.5
78,8637,287.9,382.5,202.5
78,8638,287.933,382.5,204.5
78,8639,287.967,380.5,204.5
79,8644,288.133,396.5,190.5
79,8645,288.167,398.5,182.5
79,8646,288.2,402.5,170.5
79,8647,288.233,404.5,158.5
79,8648,288.267,406.5,142.5
79,8650,288.333,406.5,110.5
79,8651,288.367,404.5,98.5
79,8652,288.4,402.5,88.5
79,8653,288.433,404.5,80.5
79,8654,288.467,402.5,74.5
79,8655,288.5,404.5,70.5
79,8656,288.533,406.5,68.5
79,8657,288.567,406.5,70.5
79,8658,288.6,406.5,72.5
79,8659,288.633,408.5,78.5
79,8660,288.667,408.5,84.5
79,8661,288.7,410.5,94.5
79,8662,288.733,412.5,104.5
79,8663,288.767,402.5,134.5
79,8664,288.8,416.5,140.5
79,8665,288.833,420.5,156.5
79,8667,288.9,430.5,184.5
79,8668,288.933,446.5,206.5
79,8669,288.967,462.5,230.5
79,8670,289.0,478.5,236.5
79,8671,289.033,494.5,230.5
79,8672,289.067,510.5,228.5
79,8673,289.1,528.5,228.5
79,8674,289.133,546.5,228.5
79,8675,289.167,566.5,232.5
79,8676,289.2,586.5,240.5
79,8677,289.233,606.5,248.5
79,8678,289.267,626.5,260.5
79,8679,289.3,650.5,278.5
79,8680,289.333,672.5,294.5
79,8681,289.367,694.5,316.5
79,8682,289.4,716.5,340.5
79,8683,289.433,738.5,366.5
79,8684,289.467,758.5,358.5
79,8685,289.5,778.5,354.5
79,8686,289.533,800.5,352.5
79,8687,289.567,820.5,352.5
79,8688,289.6,842.5,356.5
79,8689,289.633,852.5,358.5
79,8690,289.667,800.5,330.5
79,8691,289.7,750.5,308.5
79,8692,289.733,706.5,290.5
79,8693,289.767,662.5,276.5
79,8694,289.8,622.5,264.5
79,8695,289.833,584.5,258.5
79,8696,289.867,550.5,254.5
79,8697,289.9,518.5,252.5
79,8698,289.933,488.5,254.5
79,8699,289.967,458.5,258.5
79,8700,290.0,434.5,264.5
79,8701,290.033,410.5,272.5
79,8702,290.067,388.5,282.5
79,8703,290.1,370.5,292.5
79,8704,290.133,350.5,284.5
79,8705,290.167,330.5,264.5
79,8706,290.2,312.5,248.5
79,8707,290.233,296.5,236.5
79,8708,290.267,280.5,226.5
79,8709,290.3,266.5,218.5
79,8710,290.333,252.5,214.5
79,8711,290.367,240.5,212.5
79,8712,290.4,226.5,210.5
79,8713,290.433,216.5,214.5
79,8714,290.467,206.5,220.5
79,8715,290.5,198.5,226.5
79,8716,290.533,202.5,224.5
79,8717,290.567,226.5,212.5
79,8718,290.6,252.5,202.5
79,8719,290.633,276.5,192.5
79,8720,290.667,304.5,186.5
79,8721,290.7,332.5,182.5
79,8722,290.733,362.5,180.5
79,8723,290.767,392.5,184.5
79,8724,290.8,422.5,188.5
79,8725,290.833,454.5,196.5
79,8726,290.867,488.5,210.5
79,8727,290.9,518.5,222.5
79,8728,290.933,552.5,240.5
79,8729,290.967,586.5,260.5
79,8730,291.0,618.5,282.5
79,8731,291.033,650.5,306.5
79,8732,291.067,682.5,334.5
79,8733,291.1,714.5,364.5
79,8734,291.133,742.5,368.5
79,8735,291.167,768.5,352.5
79,8736,291.2,794.5,338.5
79,8737,291.233,820.5,328.5
79,8738,291.267,848.5,322.5
79,8739,291.3,876.5,316.5
79,8740,291.333,902.5,316.5
79,8741,291.367,882.5,312.5
79,8742,291.4,810.5,306.5
79,8743,291.433,750.5,302.5
79,8744,291.467,694.5,300.5
79,8745,291.5,646.5,304.5
79,8746,291.533,606.5,308.5
79,8747,291.567,582.5,312.5
79,8748,291.6,582.5,314.5
79,8749,291.633,586.5,312.5
79,8750,291.667,592.5,314.5
79,8751,291.7,594.5,314.5
79,8752,291.733,598.5,314.5
79,8753,291.767,602.5,316.5
79,8754,291.8,606.5,316.5
79,8755,291.833,606.5,316.5
79,8756,291.867,608.5,316.5
79,8757,291.9,610.5,316.5
79,8758,291.933,612.5,316.5
79,8759,291.967,612.5,316.5
79,8760,292.0,614.5,316.5
79,8761,292.033,616.5,316.5
79,8762,292.067,618.5,316.5
79,8763,292.1,620.5,316.5
79,8764,292.133,622.5,316.5
79,8765,292.167,622.5,316.5
79,8766,292.2,624.5,314.5
79,8767,292.233,626.5,316.5
79,8768,292.267,626.5,314.5
79,8769,292.3,630.5,314.5
79,8770,292.333,630.5,314.5
79,8771,292.367,632.5,314.5
79,8772,292.4,634.5,314.5
79,8773,292.433,636.5,314.5
79,8774,292.467,636.5,312.5
79,8775,292.5,638.5,312.5
79,8776,292.533,640.5,312.5
79,8777,292.567,642.5,312.5
79,8778,292.6,642.5,312.5
79,8779,292.633,646.5,312.5
79,8780,292.667,646.5,312.5
79,8781,292.7,648.5,312.5
79,8782,292.733,650.5,312.5
79,8783,292.767,650.5,310.5
79,8784,292.8,652.5,310.5
79,8785,292.833,654.5,310.5
79,8786,292.867,656.5,310.5
79,8787,292.9,658.5,310.5
79,8788,292.933,658.5,310.5
79,8789,292.967,660.5,310.5
79,8790,293.0,660.5,310.5
79,8791,293.033,662.5,310.5
79,8792,293.067,662.5,310.5
79,8793,293.1,666.5,308.5
79,8794,293.133,666.5,308.5
79,8795,293.167,670.5,308.5
79,8796,293.2,670.5,308.5
79,8797,293.233,672.5,308.5
79,8798,293.267,672.5,306.5
79,8799,293.3,674.5,306.5
79,8800,293.333,676.5,306.5
79,8801,293.367,678.5,306.5
79,8802,293.4,678.5,306.5
79,8803,293.433,678.5,304.5
79,8804,293.467,680.5,304.5
79,8805,293.5,682.5,304.5
79,8806,293.533,682.5,304.5
79,8807,293.567,684.5,304.5
79,8808,293.6,686.5,304.5
79,8809,293.633,686.5,302.5
79,8810,293.667,688.5,302.5
79,8811,293.7,690.5,302.5
79,8812,293.733,690.5,300.5
79,8813,293.767,692.5,302.5
79,8814,293.8,692.5,300.5
79,8815,293.833,694.5,300.5
79,8816,293.867,694.5,298.5
79,8817,293.9,696.5,300.5
79,8818,293.933,698.5,296.5
79,8819,293.967,698.5,298.5
79,8820,294.0,698.5,296.5
79,8821,294.033,698.5,294.5
79,8822,294.067,702.5,300.5
79,8823,294.1,708.5,302.5
79,8824,294.133,712.5,308.5
79,8825,294.167,716.5,312.5
79,8826,294.2,722.5,318.5
79,8827,294.233,726.5,322.5
79,8828,294.267,730.5,326.5
79,8829,294.3,736.5,330.5
79,8830,294.333,740.5,334.5
79,8831,294.367,744.5,338.5
79,8832,294.4,748.5,340.5
79,8833,294.433,754.5,344.5
79,8834,294.467,758.5,348.5
79,8835,294.5,762.5,350.5
79,8836,294.533,764.5,352.5
79,8837,294.567,768.5,356.5
79,8838,294.6,770.5,356.5
79,8839,294.633,774.5,362.5
79,8840,294.667,778.5,366.5
79,8841,294.7,782.5,364.5
79,8842,294.733,786.5,364.5
79,8843,294.767,800.5,362.5
80,8868,295.6,962.5,630.5
80,8869,295.633,958.5,642.5
80,8873,295.767,1032.5,380.5
80,8875,295.833,1048.5,400.5
80,8878,295.933,1094.5,426.5
81,8924,297.467,1026.5,360.5
81,8926,297.533,850.5,336.5
81,8927,297.567,800.5,318.5
81,8928,297.6,754.5,304.5
81,8929,297.633,706.5,292.5
81,8930,297.667,664.5,284.5
81,8931,297.7,622.5,278.5
81,8932,297.733,582.5,278.5
81,8933,297.767,546.5,278.5
81,8934,297.8,512.5,282.5
81,8935,297.833,480.5,288.5
81,8936,297.867,448.5,296.5
81,8937,297.9,420.5,280.5
81,8938,297.933,394.5,268.5
81,8939,297.967,368.5,260.5
81,8940,298.0,344.5,252.5
81,8941,298.033,318.5,248.5
81,8942,298.067,304.5,244.5
81,8943,298.1,324.5,228.5
81,8944,298.133,348.5,214.5
81,8945,298.167,372.5,202.5
81,8946,298.2,398.5,192.5
81,8947,298.233,422.5,184.5
81,8948,298.267,450.5,180.5
81,8949,298.3,476.5,178.5
81,8950,298.333,502.5,178.5
81,8951,298.367,530.5,180.5
81,8952,298.4,558.5,184.5
81,8953,298.433,586.5,194.5
81,8954,298.467,614.5,202.5
81,8955,298.5,640.5,214.5
81,8956,298.533,670.5,230.5
81,8957,298.567,696.5,248.5
81,8958,298.6,724.5,268.5
81,8959,298.633,750.5,290.5
81,8960,298.667,776.5,314.5
81,8961,298.7,802.5,340.5
81,8962,298.733,826.5,364.5
81,8963,298.767,846.5,342.5
81,8964,298.8,864.5,324.5
81,8965,298.833,884.5,312.5
81,8966,298.867,904.5,298.5
81,8967,298.9,924.5,290.5
81,8968,298.933,942.5,284.5
81,8969,298.967,958.5,280.5
81,8970,299.0,976.5,280.5
81,8971,299.033,996.5,284.5
81,8972,299.067,1012.5,290.5
81,8973,299.1,1026.5,300.5
81,8974,299.133,1040.5,310.5
81,8975,299.167,1056.5,322.5
82,8987,299.567,996.5,336.5
82,8988,299.6,974.5,332.5
82,8990,299.667,932.5,304.5
82,8991,299.7,914.5,298.5
82,8992,299.733,902.5,286.5
82,8993,299.767,894.5,276.5
82,8994,299.8,888.5,272.5
82,8995,299.833,882.5,272.5
82,8997,299.9,890.5,276.5
82,8998,299.933,892.5,286.5
82,8999,299.967,892.5,298.5
83,9052,301.733,742.5,296.5
83,9053,301.767,702.5,280.5
83,9054,301.8,662.5,270.5
83,9055,301.833,624.5,262.5
83,9056,301.867,590.5,258.5
83,9057,301.9,556.5,256.5
83,9058,301.933,524.5,258.5
83,9059,301.967,492.5,262.5
83,9060,302.0,464.5,268.5
83,9061,302.033,436.5,278.5
83,9062,302.067,410.5,288.5
83,9063,302.1,388.5,286.5
83,9064,302.133,366.5,268.5
83,9065,302.167,346.5,258.5
83,9066,302.2,324.5,246.5
83,9067,302.233,306.5,240.5
83,9068,302.267,288.5,236.5
83,9069,302.3,300.5,228.5
83,9070,302.333,330.5,220.5
83,9071,302.367,362.5,214.5
83,9072,302.4,396.5,212.5
83,9073,302.433,430.5,212.5
83,9074,302.467,464.5,212.5
83,9075,302.5,496.5,218.5
83,9076,302.533,530.5,226.5
83,9077,302.567,566.5,236.5
83,9078,302.6,600.5,248.5
83,9079,302.633,634.5,262.5
83,9080,302.667,668.5,280.5
83,9081,302.7,704.5,300.5
83,9082,302.733,738.5,324.5
83,9083,302.767,770.5,350.5
83,9084,302.8,802.5,368.5
83,9085,302.833,830.5,352.5
83,9086,302.867,860.5,338.5
83,9087,302.9,890.5,330.5
83,9088,302.933,918.5,324.5
83,9089,302.967,948.5,320.5
83,9090,303.0,950.5,312.5
83,9091,303.033,888.5,290.5
83,9092,303.067,832.5,272.5
83,9093,303.1,774.5,256.5
83,9094,303.133,726.5,244.5
83,9095,303.167,678.5,236.5
83,9096,303.2,636.5,232.5
83,9097,303.233,596.5,228.5
83,9098,303.267,560.5,230.5
83,9099,303.3,528.5,232.5
83,9100,303.333,500.5,238.5
83,9101,303.367,472.5,244.5
83,9102,303.4,448.5,252.5
83,9103,303.433,426.5,260.5
83,9104,303.467,404.5,260.5
83,9105,303.5,388.5,240.5
83,9106,303.533,368.5,222.5
83,9107,303.567,352.5,208.5
83,9108,303.6,348.5,198.5
83,9109,303.633,370.5,188.5
83,9110,303.667,396.5,180.5
83,9111,303.7,422.5,178.5
83,9112,303.733,448.5,176.5
83,9113,303.767,474.5,176.5
83,9114,303.8,500.5,178.5
83,9115,303.833,528.5,182.5
83,9116,303.867,554.5,192.5
83,9117,303.9,582.5,200.5
83,9118,303.933,610.5,212.5
83,9119,303.967,638.5,228.5
83,9120,304.0,670.5,246.5
83,9121,304.033,696.5,266.5
83,9122,304.067,726.5,288.5
83,9123,304.1,754.5,314.5
83,9124,304.133,782.5,342.5
83,9125,304.167,810.5,358.5
83,9126,304.2,834.5,342.5
83,9127,304.233,862.5,330.5
83,9128,304.267,886.5,322.5
83,9129,304.3,912.5,314.5
83,9130,304.333,940.5,312.5
83,9131,304.367,964.5,312.5
83,9132,304.4,952.5,306.5
83,9133,304.433,878.5,288.5
83,9134,304.467,808.5,274.5
83,9135,304.5,748.5,262.5
83,9136,304.533,692.5,256.5
83,9137,304.567,644.5,252.5
83,9138,304.6,600.5,250.5
83,9139,304.633,562.5,250.5
83,9140,304.667,528.5,252.5
83,9141,304.7,496.5,256.5
83,9142,304.733,468.5,260.5
83,9143,304.767,446.5,252.5
83,9144,304.8,424.5,232.5
83,9145,304.833,402.5,216.5
83,9146,304.867,386.5,204.5
83,9147,304.9,370.5,192.5
83,9148,304.933,358.5,184.5
83,9149,304.967,372.5,174.5
83,9150,305.0,382.5,170.5
83,9151,305.033,396.5,164.5
83,9152,305.067,408.5,162.5
83,9153,305.1,422.5,160.5
83,9154,305.133,434.5,162.5
83,9155,305.167,446.5,166.5
83,9156,305.2,462.5,176.5
83,9157,305.233,476.5,184.5
83,9158,305.267,490.5,196.5
83,9159,305.3,504.5,212.5
83,9160,305.333,518.5,232.5
83,9161,305.367,532.5,254.5
83,9162,305.4,546.5,278.5
83,9163,305.433,562.5,308.5
83,9164,305.467,576.5,338.5
83,9165,305.5,588.5,370.5
83,9166,305.533,600.5,360.5
83,9167,305.567,610.5,346.5
83,9168,305.6,622.5,336.5
83,9169,305.633,632.5,328.5
83,9170,305.667,646.5,324.5
83,9171,305.7,658.5,322.5
83,9172,305.733,670.5,324.5
83,9173,305.767,682.5,328.5
83,9174,305.8,694.5,336.5
83,9175,305.833,706.5,348.5
83,9176,305.867,700.5,338.5
83,9177,305.9,670.5,304.5
83,9178,305.933,644.5,274.5
83,9179,305.967,620.5,254.5
83,9180,306.0,598.5,236.5
83,9181,306.033,580.5,224.5
83,9182,306.067,562.5,214.5
83,9183,306.1,546.5,210.5
83,9184,306.133,532.5,208.5
83,9185,306.167,520.5,210.5
83,9186,306.2,510.5,212.5
83,9187,306.233,500.5,218.5
83,9188,306.267,490.5,224.5
83,9189,306.3,484.5,232.5
83,9190,306.333,478.5,242.5
83,9191,306.367,470.5,246.5
83,9192,306.4,464.5,224.5
83,9193,306.433,458.5,206.5
83,9194,306.467,450.5,190.5
83,9195,306.5,444.5,178.5
83,9196,306.533,438.5,168.5
83,9197,306.567,454.5,162.5
83,9198,306.6,482.5,158.5
83,9199,306.633,506.5,156.5
83,9200,306.667,532.5,160.5
83,9201,306.7,558.5,162.5
83,9202,306.733,584.5,168.5
83,9203,306.767,612.5,178.5
83,9204,306.8,638.5,188.5
83,9205,306.833,666.5,202.5
83,9206,306.867,692.5,218.5
83,9207,306.9,718.5,236.5
83,9208,306.933,746.5,256.5
83,9209,306.967,772.5,278.5
83,9210,307.0,798.5,300.5
83,9211,307.033,820.5,286.5
83,9212,307.067,842.5,274.5
83,9213,307.1,866.5,266.5
83,9214,307.133,890.5,258.5
83,9215,307.167,914.5,256.5
83,9216,307.2,936.5,252.5
83,9217,307.233,958.5,256.5
83,9218,307.267,982.5,258.5
83,9219,307.3,1004.5,266.5
83,9220,307.333,1024.5,276.5
83,9221,307.367,1046.5,288.5
83,9222,307.4,1064.5,302.5
83,9223,307.433,1084.5,322.5
83,9224,307.467,1100.5,340.5
83,9225,307.5,1116.5,362.5
83,9226,307.533,1074.5,344.5
83,9227,307.567,1008.5,308.5
83,9228,307.6,946.5,282.5
83,9229,307.633,886.5,258.5
83,9230,307.667,832.5,242.5
83,9231,307.7,776.5,228.5
83,9232,307.733,726.5,220.5
83,9233,307.767,676.5,216.5
83,9234,307.8,630.5,214.5
83,9235,307.833,588.5,216.5
83,9236,307.867,548.5,224.5
83,9237,307.9,510.5,230.5
83,9238,307.933,474.5,240.5
83,9239,307.967,442.5,252.5
83,9240,308.0,412.5,268.5
83,9241,308.033,382.5,284.5
83,9242,308.067,348.5,264.5
83,9243,308.1,316.5,246.5
83,9244,308.133,284.5,234.5
83,9245,308.167,252.5,222.5
83,9246,308.2,222.5,214.5
83,9247,308.233,196.5,210.5
83,9248,308.267,166.5,206.5
83,9249,308.3,142.5,208.5
83,9250,308.333,118.5,210.5
83,9251,308.367,96.5,214.5
83,9252,308.4,74.5,224.5
83,9253,308.433,90.5,210.5
83,9254,308.467,120.5,188.5
83,9255,308.5,150.5,172.5
83,9256,308.533,184.5,158.5
83,9257,308.567,220.5,146.5
83,9258,308.6,256.5,138.5
83,9259,308.633,294.5,132.5
83,9260,308.667,332.5,132.5
83,9261,308.7,370.5,132.5
83,9262,308.733,410.5,138.5
83,9263,308.767,450.5,148.5
83,9264,308.8,488.5,158.5
83,9265,308.833,526.5,172.5
83,9266,308.867,564.5,192.5
83,9267,308.9,600.5,210.5
83,9268,308.933,636.5,232.5
83,9269,308.967,672.5,258.5
83,9270,309.0,704.5,282.5
83,9271,309.033,734.5,310.5
83,9272,309.067,764.5,340.5
83,9273,309.1,794.5,336.5
83,9274,309.133,824.5,312.5
83,9275,309.167,852.5,292.5
83,9276,309.2,882.5,276.5
83,9277,309.233,914.5,264.5
83,9278,309.267,944.5,252.5
83,9279,309.3,972.5,244.5
83,9280,309.333,1000.5,242.5
83,9281,309.367,1028.5,240.5
83,9282,309.4,1054.5,244.5
83,9283,309.433,1082.5,250.5
83,9284,309.467,1066.5,246.5
83,9285,309.5,1002.5,230.5
83,9286,309.533,942.5,222.5
83,9287,309.567,884.5,216.5
83,9288,309.6,828.5,212.5
83,9289,309.633,774.5,212.5
83,9290,309.667,724.5,218.5
83,9291,309.7,678.5,224.5
83,9292,309.733,636.5,232.5
83,9293,309.767,594.5,244.5
83,9294,309.8,554.5,258.5
83,9295,309.833,518.5,272.5
83,9296,309.867,486.5,288.5
83,9297,309.9,454.5,306.5
83,9298,309.933,428.5,286.5
83,9299,309.967,402.5,264.5
83,9300,310.0,378.5,246.5
83,9301,310.033,354.5,230.5
83,9302,310.067,334.5,220.5
83,9303,310.1,312.5,212.5
83,9304,310.133,290.5,206.5
83,9305,310.167,270.5,202.5
83,9306,310.2,254.5,202.5
83,9307,310.233,236.5,206.5
83,9308,310.267,222.5,210.5
83,9309,310.3,208.5,216.5
83,9310,310.333,194.5,226.5
83,9311,310.367,182.5,236.5
83,9312,310.4,174.5,252.5
83,9313,310.433,168.5,260.5
83,9314,310.467,194.5,244.5
83,9315,310.5,222.5,232.5
83,9316,310.533,252.5,220.5
83,9317,310.567,278.5,212.5
83,9318,310.6,310.5,206.5
83,9319,310.633,342.5,204.5
83,9320,310.667,374.5,204.5
83,9321,310.7,408.5,206.5
83,9322,310.733,444.5,212.5
83,9323,310.767,478.5,220.5
83,9324,310.8,516.5,234.5
83,9325,310.833,552.5,250.5
83,9326,310.867,590.5,268.5
83,9327,310.9,626.5,290.5
83,9328,310.933,660.5,314.5
83,9329,310.967,694.5,340.5
83,9330,311.0,728.5,370.5
83,9331,311.033,764.5,402.5
83,9332,311.067,794.5,386.5
83,9333,311.1,826.5,372.5
83,9334,311.133,858.5,360.5
83,9335,311.167,890.5,354.5
83,9336,311.2,922.5,348.5
83,9337,311.233,956.5,348.5
83,9338,311.267,948.5,338.5
83,9339,311.3,864.5,306.5
83,9340,311.333,792.5,280.5
83,9341,311.367,726.5,260.5
83,9342,311.4,672.5,248.5
83,9343,311.433,618.5,238.5
83,9344,311.467,574.5,232.5
83,9345,311.5,534.5,230.5
83,9346,311.533,498.5,230.5
83,9347,311.567,466.5,234.5
83,9348,311.6,436.5,240.5
83,9349,311.633,410.5,246.5
83,9350,311.667,388.5,254.5
83,9351,311.7,368.5,260.5
83,9352,311.733,350.5,236.5
83,9353,311.767,332.5,216.5
83,9354,311.8,314.5,198.5
83,9355,311.833,310.5,186.5
83,9356,311.867,328.5,176.5
83,9357,311.9,344.5,168.5
83,9358,311.933,362.5,162.5
83,9359,311.967,382.5,160.5
83,9360,312.0,400.5,160.5
83,9361,312.033,422.5,160.5
83,9362,312.067,442.5,164.5
83,9363,312.1,464.5,172.5
83,9364,312.133,488.5,180.5
83,9365,312.167,512.5,194.5
83,9366,312.2,536.5,210.5
83,9367,312.233,562.5,228.5
83,9368,312.267,586.5,250.5
83,9369,312.3,612.5,276.5
83,9370,312.333,638.5,304.5
83,9371,312.367,660.5,332.5
83,9372,312.4,686.5,366.5
83,9373,312.433,712.5,402.5
83,9374,312.467,734.5,402.5
83,9375,312.5,758.5,388.5
83,9376,312.533,782.5,374.5
83,9377,312.567,806.5,366.5
83,9378,312.6,832.5,360.5
83,9379,312.633,858.5,358.5
83,9380,312.667,886.5,358.5
83,9382,312.733,796.5,318.5
83,9383,312.767,738.5,296.5
83,9384,312.8,690.5,284.5
83,9385,312.833,648.5,274.5
83,9386,312.867,614.5,270.5
83,9387,312.9,582.5,268.5
83,9388,312.933,558.5,266.5
83,9389,312.967,534.5,270.5
83,9390,313.0,514.5,276.5
83,9391,313.033,498.5,260.5
83,9392,313.067,482.5,236.5
83,9393,313.1,470.5,218.5
83,9394,313.133,458.5,202.5
83,9395,313.167,448.5,190.5
83,9396,313.2,438.5,180.5
83,9397,313.233,428.5,176.5
83,9398,313.267,442.5,162.5
83,9399,313.3,458.5,150.5
83,9400,313.333,476.5,142.5
83,9401,313.367,494.5,134.5
83,9402,313.4,512.5,130.5
83,9403,313.433,532.5,128.5
83,9404,313.467,552.5,128.5
83,9405,313.5,570.5,130.5
83,9406,313.533,590.5,134.5
83,9407,313.567,612.5,142.5
83,9408,313.6,630.5,152.5
83,9409,313.633,650.5,164.5
83,9410,313.667,674.5,180.5
83,9411,313.7,692.5,198.5
83,9412,313.733,712.5,218.5
83,9413,313.767,732.5,240.5
83,9414,313.8,750.5,264.5
83,9415,313.833,768.5,292.5
83,9416,313.867,788.5,322.5
83,9417,313.9,804.5,338.5
83,9418,313.933,822.5,320.5
83,9419,313.967,838.5,304.5
83,9420,314.0,856.5,292.5
83,9421,314.033,872.5,282.5
83,9422,314.067,890.5,276.5
83,9423,314.1,906.5,272.5
83,9424,314.133,924.5,270.5
83,9425,314.167,940.5,272.5
83,9426,314.2,954.5,278.5
83,9428,314.267,898.5,264.5
83,9429,314.3,844.5,250.5
83,9430,314.333,792.5,242.5
83,9431,314.367,746.5,236.5
83,9432,314.4,702.5,234.5
83,9433,314.433,662.5,236.5
83,9434,314.467,626.5,240.5
83,9435,314.5,592.5,244.5
83,9436,314.533,560.5,252.5
83,9437,314.567,530.5,260.5
83,9438,314.6,504.5,274.5
83,9439,314.633,480.5,268.5
83,9440,314.667,456.5,246.5
83,9441,314.7,434.5,228.5
83,9442,314.733,414.5,214.5
83,9443,314.767,396.5,204.5
83,9444,314.8,378.5,196.5
83,9445,314.833,358.5,188.5
83,9446,314.867,342.5,188.5
83,9447,314.9,344.5,194.5
83,9448,314.933,362.5,174.5
83,9449,314.967,386.5,166.5
83,9450,315.0,410.5,162.5
83,9451,315.033,432.5,160.5
83,9452,315.067,454.5,162.5
83,9453,315.1,478.5,164.5
83,9454,315.133,502.5,170.5
83,9455,315.167,528.5,178.5
83,9456,315.2,552.5,188.5
83,9457,315.233,578.5,204.5
83,9458,315.267,604.5,220.5
83,9459,315.3,630.5,242.5
83,9460,315.333,654.5,262.5
83,9461,315.367,678.5,290.5
83,9462,315.4,704.5,318.5
83,9463,315.433,730.5,350.5
83,9464,315.467,756.5,386.5
83,9465,315.5,780.5,402.5
83,9466,315.533,802.5,388.5
83,9467,315.567,822.5,378.5
83,9468,315.6,846.5,370.5
83,9469,315.633,868.5,364.5
83,9470,315.667,892.5,360.5
83,9471,315.7,914.5,364.5
83,9472,315.733,930.5,366.5
83,9473,315.767,856.5,334.5
83,9474,315.8,788.5,310.5
83,9475,315.833,730.5,290.5
83,9476,315.867,676.5,274.5
83,9477,315.9,626.5,264.5
83,9478,315.933,584.5,258.5
83,9479,315.967,548.5,256.5
83,9480,316.0,514.5,254.5
83,9481,316.033,484.5,256.5
83,9482,316.067,456.5,260.5
83,9483,316.1,434.5,268.5
83,9484,316.133,414.5,276.5
83,9485,316.167,396.5,284.5
83,9486,316.2,376.5,262.5
83,9487,316.233,360.5,240.5
83,9488,316.267,344.5,224.5
83,9489,316.3,330.5,210.5
83,9490,316.333,318.5,198.5
83,9491,316.367,306.5,190.5
83,9492,316.4,296.5,184.5
83,9493,316.433,286.5,180.5
83,9494,316.467,276.5,182.5
83,9495,316.5,282.5,174.5
83,9497,316.567,324.5,142.5
83,9498,316.6,342.5,132.5
83,9499,316.633,364.5,124.5
83,9500,316.667,382.5,118.5
83,9501,316.7,402.5,114.5
83,9502,316.733,424.5,112.5
83,9503,316.767,446.5,114.5
83,9504,316.8,466.5,116.5
83,9505,316.833,490.5,124.5
83,9506,316.867,510.5,132.5
83,9507,316.9,532.5,146.5
83,9508,316.933,554.5,162.5
83,9509,316.967,576.5,180.5
83,9510,317.0,596.5,200.5
83,9511,317.033,618.5,224.5
83,9512,317.067,638.5,248.5
83,9513,317.1,656.5,276.5
83,9514,317.133,676.5,308.5
83,9515,317.167,694.5,340.5
83,9516,317.2,708.5,344.5
83,9517,317.233,720.5,324.5
83,9518,317.267,732.5,310.5
83,9519,317.3,742.5,296.5
83,9520,317.333,754.5,286.5
83,9521,317.367,766.5,278.5
83,9522,317.4,776.5,274.5
83,9523,317.433,788.5,272.5
83,9524,317.467,798.5,274.5
83,9525,317.5,810.5,280.5
83,9526,317.533,820.5,288.5
83,9527,317.567,830.5,300.5
83,9528,317.6,838.5,314.5
83,9529,317.633,792.5,290.5
83,9530,317.667,742.5,264.5
83,9531,317.7,698.5,242.5
83,9532,317.733,660.5,226.5
83,9533,317.767,626.5,216.5
83,9534,317.8,596.5,208.5
83,9535,317.833,570.5,204.5
83,9536,317.867,548.5,204.5
83,9537,317.9,526.5,204.5
83,9538,317.933,508.5,208.5
83,9539,317.967,492.5,212.5
83,9540,318.0,478.5,220.5
83,9541,318.033,466.5,228.5
83,9542,318.067,454.5,232.5
83,9543,318.1,442.5,208.5
83,9544,318.133,430.5,190.5
83,9545,318.167,418.5,174.5
83,9546,318.2,410.5,162.5
83,9547,318.233,402.5,152.5
83,9550,318.333,424.5,140.5
83,9551,318.367,436.5,142.5
83,9552,318.4,448.5,146.5
83,9553,318.433,460.5,150.5
83,9554,318.467,474.5,160.5
83,9555,318.5,486.5,172.5
83,9556,318.533,498.5,186.5
83,9557,318.567,512.5,204.5
83,9558,318.6,524.5,224.5
83,9559,318.633,538.5,246.5
83,9560,318.667,550.5,270.5
83,9561,318.7,564.5,300.5
83,9562,318.733,566.5,318.5
83,9563,318.767,560.5,320.5
83,9564,318.8,550.5,320.5
83,9565,318.833,542.5,322.5
83,9566,318.867,532.5,320.5
83,9567,318.9,522.5,322.5
83,9568,318.933,514.5,322.5
83,9569,318.967,506.5,324.5
83,9570,319.0,498.5,326.5
83,9572,319.067,478.5,326.5
83,9573,319.1,470.5,326.5
83,9574,319.133,462.5,326.5
83,9575,319.167,454.5,328.5
83,9576,319.2,446.5,328.5
83,9577,319.233,438.5,330.5
83,9578,319.267,430.5,330.5
83,9579,319.3,422.5,332.5
83,9580,319.333,414.5,332.5
83,9581,319.367,406.5,334.5
83,9582,319.4,396.5,334.5
83,9583,319.433,388.5,334.5
83,9584,319.467,380.5,336.5
83,9585,319.5,374.5,336.5
83,9586,319.533,366.5,340.5
83,9587,319.567,358.5,346.5
83,9588,319.6,352.5,354.5
83,9589,319.633,346.5,364.5
83,9590,319.667,340.5,378.5
83,9591,319.7,336.5,392.5
83,9592,319.733,332.5,408.5
83,9593,319.767,328.5,428.5
83,9594,319.8,326.5,448.5
83,9595,319.833,322.5,468.5
83,9596,319.867,322.5,492.5
83,9597,319.9,314.5,494.5
83,9598,319.933,306.5,484.5
83,9599,319.967,298.5,472.5
83,9600,320.0,290.5,466.5
83,9601,320.033,282.5,460.5
83,9602,320.067,274.5,456.5
83,9603,320.1,268.5,456.5
83,9604,320.133,262.5,458.5
83,9605,320.167,254.5,460.5
83,9606,320.2,250.5,466.5
83,9607,320.233,244.5,474.5
83,9608,320.267,240.5,484.5
83,9609,320.3,236.5,496.5
83,9610,320.333,234.5,508.5
83,9611,320.367,226.5,506.5
83,9612,320.4,220.5,502.5
83,9613,320.433,212.5,500.5
83,9614,320.467,206.5,500.5
83,9615,320.5,198.5,500.5
83,9616,320.533,194.5,506.5
83,9617,320.567,190.5,512.5
83,9618,320.6,186.5,516.5
83,9619,320.633,178.5,514.5
83,9620,320.667,174.5,514.5
83,9624,320.8,178.5,514.5
83,9625,320.833,190.5,508.5
83,9626,320.867,200.5,506.5
83,9627,320.9,210.5,500.5
83,9628,320.933,218.5,496.5
83,9629,320.967,226.5,496.5
83,9630,321.0,234.5,494.5
83,9631,321.033,240.5,492.5
83,9632,321.067,246.5,490.5
83,9634,321.133,250.5,486.5
84,9657,321.9,290.5,226.5
84,9658,321.933,304.5,218.5
84,9659,321.967,322.5,212.5
84,9660,322.0,340.5,208.5
84,9661,322.033,356.5,204.5
84,9662,322.067,374.5,204.5
84,9663,322.1,394.5,208.5
84,9664,322.133,412.5,212.5
84,9665,322.167,432.5,220.5
84,9666,322.2,450.5,230.5
84,9667,322.233,474.5,246.5
84,9668,322.267,494.5,260.5
84,9669,322.3,514.5,280.5
84,9670,322.333,534.5,300.5
84,9671,322.367,554.5,324.5
84,9672,322.4,574.5,348.5
84,9673,322.433,592.5,358.5
84,9674,322.467,606.5,340.5
84,9675,322.5,622.5,326.5
84,9676,322.533,636.5,316.5
84,9677,322.567,652.5,308.5
84,9678,322.6,666.5,304.5
84,9679,322.633,682.5,300.5
84,9680,322.667,696.5,300.5
84,9681,322.7,712.5,304.5
84,9682,322.733,726.5,310.5
84,9683,322.767,742.5,320.5
84,9684,322.8,756.5,332.5
84,9685,322.833,768.5,346.5
84,9686,322.867,782.5,364.5
84,9687,322.9,794.5,382.5
84,9688,322.933,806.5,404.5
84,9689,322.967,818.5,396.5
84,9690,323.0,830.5,380.5
84,9691,323.033,842.5,368.5
84,9692,323.067,852.5,358.5
84,9693,323.1,864.5,352.5
84,9694,323.133,876.5,348.5
84,9695,323.167,886.5,348.5
84,9696,323.2,896.5,352.5
84,9697,323.233,904.5,356.5
84,9698,323.267,912.5,366.5
85,9733,324.433,976.5,372.5
85,9734,324.467,978.5,368.5
85,9738,324.6,1032.5,346.5
85,9740,324.667,986.5,358.5
85,9741,324.7,980.5,370.5
85,9742,324.733,976.5,384.5
86,9751,325.033,814.5,338.5
86,9752,325.067,770.5,316.5
86,9753,325.1,728.5,296.5
86,9754,325.133,686.5,278.5
86,9755,325.167,648.5,268.5
86,9756,325.2,612.5,260.5
86,9757,325.233,578.5,256.5
86,9758,325.267,546.5,252.5
86,9759,325.3,514.5,252.5
86,9760,325.333,486.5,256.5
86,9761,325.367,458.5,260.5
86,9762,325.4,432.5,268.5
86,9763,325.433,410.5,254.5
86,9764,325.467,386.5,242.5
86,9765,325.5,364.5,232.5
86,9766,325.533,342.5,224.5
86,9767,325.567,326.5,220.5
86,9768,325.6,340.5,206.5
86,9769,325.633,354.5,194.5
86,9770,325.667,370.5,182.5
86,9771,325.7,386.5,176.5
86,9772,325.733,402.5,168.5
86,9773,325.767,418.5,164.5
86,9774,325.8,434.5,164.5
86,9775,325.833,452.5,164.5
86,9776,325.867,470.5,170.5
86,9777,325.9,488.5,176.5
86,9778,325.933,508.5,184.5
86,9779,325.967,526.5,198.5
86,9780,326.0,546.5,212.5
86,9781,326.033,566.5,230.5
86,9782,326.067,586.5,250.5
86,9783,326.1,608.5,274.5
86,9784,326.133,628.5,300.5
86,9785,326.167,650.5,328.5
86,9786,326.2,670.5,356.5
86,9787,326.233,690.5,388.5
86,9788,326.267,706.5,376.5
86,9789,326.3,722.5,360.5
86,9790,326.333,738.5,346.5
86,9791,326.367,756.5,336.5
86,9792,326.4,770.5,328.5
86,9793,326.433,790.5,324.5
86,9794,326.467,806.5,324.5
86,9795,326.5,782.5,314.5
86,9796,326.533,712.5,292.5
86,9797,326.567,648.5,274.5
86,9798,326.6,594.5,264.5
86,9799,326.633,546.5,254.5
86,9800,326.667,504.5,250.5
86,9801,326.7,466.5,246.5
86,9802,326.733,434.5,246.5
86,9803,326.767,406.5,252.5
86,9804,326.8,382.5,256.5
86,9805,326.833,362.5,262.5
86,9806,326.867,342.5,256.5
86,9807,326.9,322.5,232.5
86,9808,326.933,304.5,212.5
86,9809,326.967,290.5,196.5
86,9810,327.0,276.5,184.5
86,9811,327.033,262.5,172.5
86,9812,327.067,252.5,166.5
86,9813,327.1,244.5,162.5
86,9814,327.133,234.5,160.5
86,9815,327.167,250.5,146.5
86,9816,327.2,266.5,134.5
86,9817,327.233,286.5,124.5
86,9818,327.267,306.5,116.5
86,9819,327.3,326.5,112.5
86,9820,327.333,346.5,110.5
86,9821,327.367,368.5,112.5
86,9822,327.4,390.5,116.5
86,9823,327.433,414.5,124.5
86,9824,327.467,436.5,134.5
86,9825,327.5,460.5,148.5
86,9826,327.533,484.5,166.5
86,9827,327.567,510.5,186.5
86,9828,327.6,532.5,210.5
86,9829,327.633,558.5,236.5
86,9830,327.667,580.5,266.5
86,9831,327.7,606.5,298.5
86,9832,327.733,628.5,334.5
86,9833,327.767,650.5,368.5
86,9834,327.8,672.5,350.5
86,9835,327.833,694.5,332.5
86,9836,327.867,718.5,320.5
86,9837,327.9,742.5,308.5
86,9838,327.933,768.5,300.5
86,9839,327.967,792.5,296.5
86,9840,328.0,818.5,296.5
86,9841,328.033,846.5,298.5
86,9842,328.067,824.5,288.5
86,9843,328.1,754.5,260.5
86,9844,328.133,692.5,242.5
86,9845,328.167,636.5,226.5
86,9846,328.2,588.5,216.5
86,9847,328.233,546.5,210.5
86,9848,328.267,508.5,206.5
86,9849,328.3,472.5,204.5
86,9850,328.333,442.5,204.5
86,9851,328.367,416.5,208.5
86,9852,328.4,390.5,212.5
86,9853,328.433,370.5,220.5
86,9854,328.467,354.5,228.5
86,9855,328.5,336.5,236.5
86,9856,328.533,322.5,246.5
86,9857,328.567,308.5,260.5
86,9858,328.6,298.5,272.5
86,9862,328.733,266.5,324.5
86,9863,328.767,258.5,308.5
86,9865,328.833,246.5,282.5
86,9866,328.867,250.5,276.5
86,9867,328.9,258.5,272.5
86,9868,328.933,264.5,270.5
86,9869,328.967,270.5,272.5
86,9870,329.0,278.5,272.5
86,9871,329.033,284.5,276.5
86,9872,329.067,314.5,250.5
86,9873,329.1,314.5,250.5
86,9874,329.133,314.5,250.5
86,9877,329.233,332.5,328.5
86,9878,329.267,342.5,342.5
86,9879,329.3,344.5,336.5
86,9880,329.333,346.5,330.5
87,9952,331.733,1048.5,434.5
87,9954,331.8,1056.5,378.5
87,9957,331.9,1064.5,360.5
87,9960,332.0,1006.5,330.5
87,9962,332.067,1024.5,344.5
88,10038,334.6,404.5,182.5
88,10039,334.633,406.5,168.5
88,10040,334.667,408.5,150.5
88,10043,334.767,406.5,100.5
88,10044,334.8,404.5,88.5
88,10045,334.833,402.5,76.5
88,10046,334.867,402.5,68.5
88,10047,334.9,402.5,62.5
88,10048,334.933,402.5,56.5
88,10049,334.967,404.5,54.5
88,10050,335.0,404.5,56.5
88,10051,335.033,406.5,58.5
88,10052,335.067,406.5,64.5
88,10053,335.1,406.5,70.5
88,10054,335.133,408.5,78.5
88,10055,335.167,410.5,88.5
88,10056,335.2,410.5,100.5
88,10057,335.233,410.5,116.5
88,10058,335.267,414.5,132.5
88,10059,335.3,414.5,160.5
88,10061,335.367,430.5,190.5
88,10062,335.4,446.5,212.5
88,10063,335.433,462.5,238.5
88,10064,335.467,478.5,236.5
88,10065,335.5,494.5,232.5
88,10066,335.533,510.5,230.5
88,10067,335.567,528.5,232.5
88,10068,335.6,548.5,236.5
88,10069,335.633,568.5,244.5
88,10070,335.667,590.5,252.5
88,10071,335.7,612.5,266.5
88,10072,335.733,636.5,280.5
88,10073,335.767,658.5,302.5
88,10074,335.8,684.5,324.5
88,10075,335.833,708.5,350.5
88,10076,335.867,734.5,376.5
88,10077,335.9,756.5,392.5
88,10078,335.933,782.5,386.5
88,10079,335.967,806.5,384.5
88,10080,336.0,832.5,384.5
88,10081,336.033,858.5,388.5
88,10082,336.067,868.5,384.5
88,10083,336.1,810.5,352.5
88,10084,336.133,760.5,324.5
88,10085,336.167,714.5,302.5
88,10086,336.2,672.5,284.5
88,10087,336.233,632.5,272.5
88,10088,336.267,598.5,262.5
88,10089,336.3,566.5,256.5
88,10090,336.333,536.5,252.5
88,10091,336.367,510.5,252.5
88,10092,336.4,486.5,256.5
88,10093,336.433,462.5,260.5
88,10094,336.467,444.5,266.5
88,10095,336.5,426.5,274.5
88,10096,336.533,410.5,276.5
88,10097,336.567,394.5,256.5
88,10098,336.6,380.5,238.5
88,10099,336.633,366.5,222.5
88,10100,336.667,354.5,210.5
88,10101,336.7,342.5,200.5
88,10102,336.733,332.5,196.5
88,10103,336.767,322.5,190.5
88,10104,336.8,314.5,188.5
88,10105,336.833,306.5,188.5
88,10106,336.867,298.5,192.5
88,10107,336.9,292.5,196.5
88,10108,336.933,298.5,196.5
88,10109,336.967,316.5,186.5
88,10110,337.0,336.5,178.5
88,10111,337.033,356.5,172.5
88,10112,337.067,378.5,166.5
88,10113,337.1,402.5,166.5
88,10114,337.133,424.5,168.5
88,10115,337.167,448.5,172.5
88,10116,337.2,474.5,180.5
88,10117,337.233,498.5,188.5
88,10118,337.267,524.5,202.5
88,10119,337.3,550.5,218.5
88,10120,337.333,576.5,236.5
88,10121,337.367,602.5,258.5
88,10122,337.4,628.5,282.5
88,10123,337.433,654.5,308.5
88,10124,337.467,680.5,338.5
88,10125,337.5,704.5,340.5
88,10126,337.533,724.5,326.5
88,10127,337.567,750.5,316.5
88,10128,337.6,772.5,308.5
88,10129,337.633,796.5,302.5
88,10130,337.667,820.5,300.5
88,10131,337.7,844.5,302.5
88,10132,337.733,868.5,306.5
88,10133,337.767,886.5,310.5
88,10134,337.8,834.5,292.5
88,10135,337.833,780.5,276.5
88,10136,337.867,732.5,264.5
88,10137,337.9,684.5,258.5
88,10138,337.933,640.5,252.5
88,10139,337.967,600.5,250.5
88,10140,338.0,564.5,252.5
88,10141,338.033,530.5,256.5
88,10142,338.067,498.5,262.5
88,10143,338.1,468.5,272.5
88,10144,338.133,440.5,280.5
88,10145,338.167,414.5,292.5
88,10146,338.2,392.5,280.5
88,10147,338.233,370.5,260.5
88,10148,338.267,350.5,244.5
88,10149,338.3,330.5,228.5
88,10150,338.333,310.5,218.5
88,10151,338.367,294.5,212.5
88,10152,338.4,276.5,204.5
88,10153,338.433,262.5,204.5
88,10154,338.467,248.5,204.5
88,10155,338.5,234.5,206.5
88,10156,338.533,222.5,210.5
88,10157,338.567,220.5,212.5
88,10158,338.6,242.5,196.5
88,10159,338.633,268.5,188.5
88,10160,338.667,292.5,180.5
88,10161,338.7,318.5,176.5
88,10162,338.733,344.5,172.5
88,10163,338.767,370.5,172.5
88,10164,338.8,398.5,176.5
88,10165,338.833,428.5,182.5
88,10166,338.867,458.5,192.5
88,10167,338.9,486.5,204.5
88,10168,338.933,518.5,220.5
88,10169,338.967,548.5,238.5
88,10170,339.0,578.5,258.5
88,10171,339.033,610.5,284.5
88,10172,339.067,640.5,308.5
88,10173,339.1,668.5,338.5
88,10174,339.133,694.5,366.5
88,10175,339.167,720.5,346.5
88,10176,339.2,742.5,330.5
88,10177,339.233,768.5,316.5
88,10178,339.267,790.5,306.5
88,10179,339.3,816.5,298.5
88,10180,339.333,840.5,294.5
88,10181,339.367,864.5,292.5
88,10182,339.4,886.5,294.5
88,10183,339.433,848.5,280.5
88,10184,339.467,792.5,264.5
88,10185,339.5,742.5,254.5
88,10186,339.533,698.5,244.5
88,10187,339.567,660.5,240.5
88,10188,339.6,626.5,240.5
88,10189,339.633,594.5,240.5
88,10190,339.667,566.5,242.5
88,10191,339.7,542.5,246.5
88,10192,339.733,520.5,254.5
88,10193,339.767,500.5,252.5
88,10194,339.8,482.5,230.5
88,10195,339.833,466.5,212.5
88,10196,339.867,452.5,196.5
88,10197,339.9,438.5,184.5
88,10198,339.933,426.5,174.5
88,10199,339.967,414.5,166.5
88,10200,340.0,408.5,164.5
88,10201,340.033,420.5,150.5
88,10203,340.1,446.5,136.5
88,10204,340.133,460.5,132.5
88,10205,340.167,474.5,128.5
88,10206,340.2,488.5,128.5
88,10207,340.233,504.5,132.5
88,10208,340.267,518.5,136.5
88,10209,340.3,532.5,144.5
88,10210,340.333,548.5,154.5
88,10211,340.367,562.5,168.5
88,10212,340.4,578.5,184.5
88,10213,340.433,592.5,202.5
88,10214,340.467,608.5,224.5
88,10215,340.5,622.5,248.5
88,10216,340.533,638.5,276.5
88,10217,340.567,652.5,308.5
88,10218,340.6,666.5,340.5
88,10219,340.633,678.5,352.5
88,10220,340.667,688.5,336.5
88,10221,340.7,698.5,324.5
88,10222,340.733,708.5,314.5
88,10223,340.767,720.5,306.5
88,10224,340.8,730.5,302.5
88,10225,340.833,742.5,300.5
88,10226,340.867,752.5,304.5
88,10227,340.9,762.5,308.5
88,10229,340.967,722.5,292.5
88,10230,341.0,680.5,274.5
88,10231,341.033,640.5,260.5
88,10232,341.067,606.5,252.5
88,10233,341.1,572.5,244.5
88,10234,341.133,542.5,242.5
88,10235,341.167,516.5,242.5
88,10236,341.2,490.5,244.5
88,10237,341.233,466.5,246.5
88,10238,341.267,448.5,252.5
88,10239,341.3,428.5,260.5
88,10240,341.333,412.5,268.5
88,10241,341.367,394.5,252.5
88,10242,341.4,376.5,232.5
88,10243,341.433,360.5,216.5
88,10244,341.467,344.5,204.5
88,10245,341.5,330.5,192.5
88,10246,341.533,322.5,184.5
88,10247,341.567,348.5,164.5
88,10248,341.6,374.5,148.5
88,10249,341.633,398.5,134.5
88,10250,341.667,426.5,124.5
88,10251,341.7,454.5,114.5
88,10252,341.733,480.5,106.5
88,10253,341.767,508.5,102.5
88,10254,341.8,534.5,100.5
88,10255,341.833,562.5,100.5
88,10256,341.867,590.5,102.5
88,10257,341.9,618.5,108.5
88,10258,341.933,646.5,114.5
88,10259,341.967,674.5,124.5
88,10260,342.0,700.5,136.5
88,10261,342.033,724.5,150.5
88,10262,342.067,748.5,164.5
88,10263,342.1,772.5,182.5
88,10264,342.133,796.5,200.5
88,10265,342.167,820.5,224.5
88,10266,342.2,840.5,244.5
88,10267,342.233,862.5,270.5
88,10268,342.267,880.5,292.5
88,10269,342.3,900.5,320.5
88,10272,342.4,946.5,400.5
88,10273,342.433,962.5,430.5
88,10274,342.467,972.5,416.5
88,10275,342.5,980.5,400.5
88,10276,342.533,988.5,386.5
88,10277,342.567,996.5,374.5
88,10278,342.6,1004.5,364.5
88,10279,342.633,1010.5,356.5
88,10280,342.667,1018.5,350.5
88,10281,342.7,1022.5,348.5
88,10282,342.733,1028.5,346.5
88,10283,342.767,1036.5,348.5
88,10284,342.8,1040.5,352.5
88,10285,342.833,1030.5,390.5
88,10286,342.867,1022.5,440.5
88,10287,342.9,1030.5,422.5
88,10288,342.933,1042.5,402.5
88,10289,342.967,1054.5,384.5
88,10290,343.0,1066.5,368.5
88,10291,343.033,1076.5,352.5
88,10292,343.067,1086.5,340.5
88,10293,343.1,1096.5,330.5
88,10294,343.133,1106.5,322.5
88,10295,343.167,1116.5,318.5
88,10296,343.2,1124.5,314.5
88,10297,343.233,1134.5,314.5
88,10298,343.267,1142.5,316.5
88,10299,343.3,1146.5,322.5
89,10482,349.4,714.5,270.5
89,10483,349.433,678.5,258.5
89,10484,349.467,644.5,248.5
89,10485,349.5,612.5,242.5
89,10486,349.533,582.5,240.5
89,10487,349.567,554.5,240.5
89,10488,349.6,526.5,242.5
89,10489,349.633,500.5,246.5
89,10490,349.667,476.5,254.5
89,10491,349.7,454.5,258.5
89,10492,349.733,436.5,242.5
89,10493,349.767,418.5,228.5
89,10494,349.8,400.5,218.5
89,10495,349.833,382.5,210.5
89,10496,349.867,374.5,204.5
89,10497,349.9,392.5,194.5
89,10498,349.933,410.5,184.5
89,10499,349.967,428.5,178.5
89,10500,350.0,446.5,174.5
89,10501,350.033,466.5,172.5
89,10502,350.067,484.5,172.5
89,10503,350.1,504.5,176.5
89,10504,350.133,526.5,182.5
89,10505,350.167,548.5,192.5
89,10506,350.2,568.5,202.5
89,10507,350.233,590.5,214.5
89,10508,350.267,612.5,232.5
89,10509,350.3,636.5,250.5
89,10510,350.333,658.5,274.5
89,10511,350.367,680.5,298.5
89,10512,350.4,702.5,322.5
89,10513,350.433,724.5,352.5
89,10514,350.467,748.5,376.5
89,10515,350.5,766.5,360.5
89,10516,350.533,786.5,352.5
89,10517,350.567,806.5,340.5
89,10518,350.6,828.5,336.5
89,10519,350.633,850.5,334.5
89,10521,350.7,738.5,302.5
89,10522,350.733,674.5,290.5
89,10523,350.767,618.5,278.5
89,10524,350.8,562.5,272.5
89,10525,350.833,516.5,268.5
89,10526,350.867,474.5,266.5
89,10527,350.9,436.5,268.5
89,10528,350.933,402.5,270.5
89,10529,350.967,374.5,274.5
89,10530,351.0,346.5,278.5
89,10531,351.033,320.5,266.5
89,10532,351.067,298.5,248.5
89,10533,351.1,276.5,230.5
89,10534,351.133,258.5,218.5
89,10535,351.167,264.5,204.5
89,10536,351.2,286.5,192.5
89,10537,351.233,306.5,182.5
89,10538,351.267,328.5,174.5
89,10539,351.3,352.5,168.5
89,10540,351.333,374.5,166.5
89,10541,351.367,400.5,164.5
89,10542,351.4,426.5,168.5
89,10543,351.433,452.5,174.5
89,10544,351.467,478.5,180.5
89,10545,351.5,506.5,192.5
89,10546,351.533,532.5,204.5
89,10547,351.567,560.5,220.5
89,10548,351.6,586.5,238.5
89,10549,351.633,614.5,258.5
89,10550,351.667,638.5,278.5
89,10551,351.7,666.5,306.5
89,10552,351.733,690.5,328.5
89,10553,351.767,712.5,336.5
89,10554,351.8,732.5,318.5
89,10555,351.833,754.5,302.5
89,10556,351.867,772.5,290.5
89,10557,351.9,792.5,278.5
89,10558,351.933,812.5,272.5
89,10559,351.967,832.5,268.5
89,10560,352.0,852.5,266.5
89,10561,352.033,870.5,268.5
89,10562,352.067,862.5,262.5
89,10563,352.1,814.5,244.5
89,10564,352.133,764.5,226.5
89,10565,352.167,718.5,212.5
89,10566,352.2,678.5,206.5
89,10567,352.233,638.5,200.5
89,10568,352.267,602.5,198.5
89,10569,352.3,568.5,198.5
89,10570,352.333,538.5,202.5
89,10571,352.367,510.5,208.5
89,10572,352.4,484.5,214.5
89,10573,352.433,460.5,224.5
89,10574,352.467,436.5,234.5
89,10575,352.5,418.5,246.5
89,10576,352.533,400.5,240.5
89,10577,352.567,382.5,218.5
89,10578,352.6,368.5,200.5
89,10579,352.633,354.5,188.5
89,10580,352.667,338.5,174.5
89,10582,352.733,350.5,154.5
89,10583,352.767,370.5,148.5
89,10584,352.8,390.5,144.5
89,10585,352.833,412.5,140.5
89,10586,352.867,432.5,140.5
89,10587,352.9,452.5,144.5
89,10588,352.933,474.5,148.5
89,10589,352.967,496.5,160.5
89,10590,353.0,518.5,170.5
89,10591,353.033,542.5,184.5
89,10592,353.067,564.5,206.5
89,10593,353.1,588.5,228.5
89,10594,353.133,610.5,254.5
89,10595,353.167,632.5,282.5
89,10596,353.2,654.5,312.5
89,10597,353.233,676.5,348.5
89,10598,353.267,698.5,388.5
89,10599,353.3,720.5,420.5
89,10600,353.333,738.5,404.5
89,10601,353.367,756.5,390.5
89,10602,353.4,778.5,378.5
89,10603,353.433,798.5,370.5
89,10604,353.467,820.5,364.5
89,10605,353.5,842.5,364.5
89,10606,353.533,860.5,366.5
89,10607,353.567,826.5,324.5
89,10608,353.6,778.5,286.5
89,10609,353.633,740.5,256.5
89,10610,353.667,706.5,232.5
89,10611,353.7,676.5,216.5
89,10612,353.733,648.5,202.5
89,10613,353.767,626.5,196.5
89,10614,353.8,604.5,192.5
89,10615,353.833,586.5,192.5
89,10616,353.867,568.5,194.5
89,10617,353.9,554.5,200.5
89,10618,353.933,540.5,206.5
89,10619,353.967,530.5,214.5
89,10620,354.0,518.5,226.5
89,10621,354.033,512.5,236.5
89,10622,354.067,502.5,248.5
89,10623,354.1,494.5,226.5
89,10624,354.133,486.5,204.5
89,10625,354.167,478.5,184.5
89,10626,354.2,472.5,170.5
89,10627,354.233,466.5,156.5
89,10628,354.267,460.5,148.5
89,10629,354.3,456.5,140.5
89,10630,354.333,450.5,134.5
89,10631,354.367,446.5,132.5
89,10632,354.4,442.5,128.5
89,10636,354.533,426.5,156.5
89,10637,354.567,452.5,150.5
89,10638,354.6,466.5,160.5
89,10639,354.633,478.5,166.5
89,10640,354.667,490.5,180.5
89,10641,354.7,502.5,192.5
89,10642,354.733,516.5,208.5
89,10643,354.767,528.5,224.5
89,10644,354.8,540.5,242.5
90,10650,355.0,228.5,78.5
90,10652,355.067,228.5,92.5
90,10653,355.1,228.5,98.5
90,10654,355.133,230.5,100.5
90,10658,355.267,228.5,104.5
90,10659,355.3,228.5,106.5
90,10660,355.333,226.5,108.5
