frame,x_px,y_px,score
7,262.5,396.5,0.922
8,400.5,204.5,0.925
11,802.5,502.5,0.535
12,312.5,314.5,0.846
14,1106.5,208.5,0.619
15,736.5,516.5,0.896
16,718.5,520.5,0.918
17,700.5,526.5,0.862
18,684.5,530.5,0.842
19,664.5,530.5,0.762
20,646.5,532.5,0.828
21,1106.5,186.5,0.747
22,1104.5,180.5,0.943
23,1106.5,188.5,0.503
34,438.5,226.5,0.825
35,432.5,218.5,0.937
37,420.5,206.5,0.791
38,416.5,200.5,0.634
42,626.5,458.5,0.784
43,584.5,528.5,0.861
44,606.5,530.5,0.913
45,650.5,546.5,0.935
46,652.5,534.5,0.944
48,688.5,280.5,0.526
50,728.5,566.5,0.821
63,838.5,478.5,0.544
88,986.5,484.5,0.722
89,994.5,484.5,0.683
91,1010.5,484.5,0.783
97,874.5,632.5,0.516
99,1016.5,472.5,0.618
101,1008.5,470.5,0.548
102,1002.5,468.5,0.745
103,998.5,468.5,0.707
104,992.5,466.5,0.886
108,976.5,456.5,0.932
109,972.5,456.5,0.749
116,962.5,472.5,0.714
117,960.5,474.5,0.777
120,944.5,476.5,0.652
121,936.5,474.5,0.861
122,1014.5,640.5,0.97
123,920.5,472.5,0.965
124,908.5,470.5,0.922
125,892.5,470.5,0.685
126,876.5,466.5,0.519
127,826.5,466.5,0.719
130,266.5,150.5,0.832
142,814.5,366.5,0.902
143,818.5,366.5,0.8
144,822.5,366.5,0.772
145,826.5,368.5,0.73
146,832.5,368.5,0.742
148,840.5,368.5,0.707
149,848.5,368.5,0.915
152,870.5,358.5,0.502
168,870.5,644.5,0.585
169,924.5,422.5,0.92
170,388.5,160.5,0.969
172,942.5,416.5,0.769
173,946.5,418.5,0.564
175,952.5,416.5,0.685
176,952.5,416.5,0.929
177,952.5,410.5,0.897
178,950.5,410.5,0.781
179,948.5,406.5,0.964
180,946.5,408.5,0.97
181,944.5,408.5,0.905
182,942.5,410.5,0.96
183,942.5,410.5,0.972
184,938.5,410.5,0.94
185,938.5,406.5,0.968
186,850.5,324.5,0.913
187,936.5,398.5,0.949
188,934.5,396.5,0.971
189,934.5,396.5,0.974
190,936.5,398.5,0.975
191,938.5,396.5,0.986
192,938.5,400.5,0.598
193,940.5,400.5,0.985
194,944.5,402.5,0.968
195,944.5,404.5,0.998
196,950.5,408.5,0.983
197,952.5,410.5,0.991
198,954.5,414.5,0.98
199,958.5,416.5,0.965
200,960.5,416.5,0.948
201,960.5,418.5,0.987
202,958.5,422.5,0.976
203,958.5,424.5,0.979
204,958.5,424.5,0.981
205,958.5,424.5,0.962
206,956.5,424.5,0.973
207,954.5,424.5,0.942
208,952.5,424.5,0.942
209,952.5,426.5,0.832
210,952.5,426.5,0.923
211,950.5,426.5,0.958
212,1024.5,228.5,0.837
213,340.5,338.5,0.512
214,950.5,426.5,0.899
215,946.5,428.5,0.789
217,944.5,428.5,0.96
218,942.5,428.5,0.976
219,942.5,430.5,0.912
220,936.5,430.5,0.856
222,934.5,426.5,0.889
223,930.5,424.5,0.952
224,928.5,422.5,0.911
225,776.5,468.5,0.841
227,916.5,412.5,0.733
228,912.5,408.5,0.851
229,910.5,408.5,0.744
239,888.5,386.5,0.637
245,818.5,320.5,0.806
246,816.5,332.5,0.647
247,844.5,350.5,0.867
248,840.5,364.5,0.617
250,850.5,362.5,0.593
251,832.5,324.5,0.577
254,830.5,326.5,0.932
255,802.5,316.5,0.513
256,826.5,320.5,0.61
259,828.5,346.5,0.741
260,822.5,350.5,0.802
261,804.5,320.5,0.966
262,830.5,300.5,0.942
263,832.5,282.5,0.906
264,834.5,268.5,0.853
265,836.5,258.5,0.997
266,838.5,250.5,0.988
267,840.5,248.5,0.979
268,842.5,246.5,0.988
269,844.5,250.5,0.962
270,844.5,256.5,0.993
271,844.5,266.5,0.997
272,844.5,278.5,0.995
273,842.5,294.5,0.995
274,840.5,308.5,0.998
275,834.5,330.5,0.991
276,838.5,344.5,0.964
283,868.5,376.5,0.795
284,872.5,382.5,0.778
285,878.5,390.5,0.883
287,886.5,400.5,0.909
294,888.5,402.5,0.665
296,886.5,400.5,0.787
298,886.5,398.5,0.805
300,886.5,394.5,0.944
301,886.5,394.5,0.555
302,886.5,392.5,0.922
303,886.5,394.5,0.694
304,886.5,392.5,0.961
305,886.5,392.5,0.914
306,886.5,394.5,0.939
307,888.5,392.5,0.842
308,888.5,392.5,0.9
309,888.5,394.5,0.933
310,888.5,392.5,0.893
311,888.5,394.5,0.91
312,888.5,394.5,0.875
313,886.5,392.5,0.87
314,886.5,392.5,0.85
315,886.5,392.5,0.885
316,886.5,392.5,0.94
317,886.5,392.5,0.875
318,886.5,392.5,0.896
319,886.5,392.5,0.872
320,886.5,392.5,0.926
321,888.5,392.5,0.799
322,886.5,392.5,0.821
323,886.5,392.5,0.916
324,888.5,392.5,0.816
325,888.5,392.5,0.743
326,886.5,392.5,0.875
327,888.5,392.5,0.787
328,1038.5,330.5,0.707
329,1038.5,330.5,0.821
330,890.5,392.5,0.832
331,888.5,392.5,0.683
332,1038.5,330.5,0.559
333,890.5,392.5,0.96
334,890.5,392.5,0.818
335,888.5,392.5,0.884
336,890.5,392.5,0.829
337,890.5,392.5,0.901
338,890.5,392.5,0.949
339,890.5,392.5,0.944
340,890.5,392.5,0.873
341,890.5,392.5,0.853
342,890.5,392.5,0.947
343,890.5,392.5,0.895
344,890.5,392.5,0.951
345,890.5,392.5,0.946
346,1038.5,330.5,0.619
347,890.5,392.5,0.954
348,888.5,392.5,0.965
349,890.5,392.5,0.935
350,888.5,392.5,0.95
351,888.5,392.5,0.922
352,888.5,392.5,0.94
353,888.5,392.5,0.949
354,888.5,392.5,0.82
355,888.5,392.5,0.935
356,888.5,392.5,0.939
357,888.5,392.5,0.965
358,888.5,392.5,0.847
360,888.5,390.5,0.732
366,888.5,390.5,0.581
369,888.5,392.5,0.742
371,886.5,392.5,0.682
372,886.5,390.5,0.732
373,886.5,390.5,0.789
374,886.5,390.5,0.797
375,886.5,390.5,0.796
377,886.5,388.5,0.974
378,886.5,388.5,0.724
379,886.5,390.5,0.931
380,886.5,388.5,0.923
381,886.5,388.5,0.929
382,886.5,388.5,0.941
383,886.5,390.5,0.915
384,886.5,390.5,0.908
385,886.5,388.5,0.795
386,886.5,390.5,0.833
387,886.5,390.5,0.864
388,886.5,390.5,0.825
389,886.5,390.5,0.852
390,886.5,390.5,0.831
391,886.5,390.5,0.855
392,886.5,390.5,0.741
393,886.5,388.5,0.838
394,886.5,390.5,0.792
395,886.5,390.5,0.759
396,886.5,390.5,0.775
397,886.5,390.5,0.765
398,886.5,390.5,0.787
399,886.5,390.5,0.734
400,886.5,390.5,0.7
401,886.5,390.5,0.789
402,886.5,390.5,0.635
403,886.5,390.5,0.781
404,886.5,390.5,0.808
405,886.5,390.5,0.741
406,886.5,390.5,0.681
407,886.5,390.5,0.833
408,886.5,390.5,0.614
410,886.5,390.5,0.943
411,886.5,390.5,0.738
412,886.5,390.5,0.831
413,886.5,390.5,0.841
414,886.5,390.5,0.823
415,886.5,390.5,0.81
416,886.5,390.5,0.813
417,886.5,390.5,0.844
418,886.5,390.5,0.876
419,886.5,390.5,0.863
420,886.5,390.5,0.838
421,886.5,390.5,0.761
422,886.5,390.5,0.797
423,886.5,390.5,0.771
424,886.5,392.5,0.917
425,886.5,390.5,0.881
426,886.5,390.5,0.91
427,886.5,390.5,0.865
428,886.5,390.5,0.928
429,886.5,390.5,0.589
430,886.5,390.5,0.749
431,886.5,390.5,0.809
432,886.5,392.5,0.691
434,884.5,390.5,0.861
435,884.5,390.5,0.851
437,882.5,390.5,0.869
439,842.5,340.5,0.924
440,840.5,356.5,0.733
443,856.5,364.5,0.892
444,846.5,360.5,0.705
445,786.5,456.5,0.657
446,774.5,456.5,0.707
448,802.5,316.5,0.844
450,826.5,310.5,0.775
451,824.5,306.5,0.913
452,822.5,306.5,0.979
453,816.5,308.5,0.964
454,820.5,324.5,0.947
455,826.5,344.5,0.933
456,802.5,312.5,0.96
457,818.5,328.5,0.68
458,832.5,306.5,0.97
459,834.5,306.5,0.956
460,838.5,310.5,0.979
461,838.5,316.5,0.999
462,840.5,326.5,0.998
463,838.5,334.5,0.965
465,838.5,372.5,0.968
467,846.5,412.5,0.96
468,842.5,428.5,0.89
469,864.5,420.5,0.715
471,338.5,148.5,0.591
472,878.5,364.5,0.992
473,884.5,358.5,0.998
474,890.5,352.5,0.976
475,898.5,354.5,0.975
476,898.5,376.5,0.68
477,904.5,362.5,0.827
482,912.5,338.5,0.711
485,336.5,338.5,0.532
500,338.5,336.5,0.622
502,830.5,318.5,0.904
503,832.5,328.5,0.943
504,1038.5,330.5,0.79
505,852.5,358.5,0.932
506,854.5,372.5,0.775
507,878.5,386.5,0.545
508,874.5,380.5,0.697
509,870.5,370.5,0.963
510,862.5,364.5,0.93
512,832.5,326.5,0.849
513,826.5,320.5,0.568
514,820.5,316.5,0.639
515,836.5,324.5,0.783
516,834.5,322.5,0.944
517,832.5,320.5,0.844
518,830.5,316.5,0.896
519,830.5,316.5,0.889
520,830.5,316.5,0.95
521,828.5,318.5,0.835
522,1038.5,330.5,0.79
523,828.5,316.5,0.972
524,826.5,316.5,0.937
525,826.5,316.5,0.962
526,828.5,318.5,0.907
527,1038.5,330.5,0.725
528,834.5,346.5,0.843
529,1038.5,330.5,0.724
530,818.5,322.5,0.977
531,838.5,306.5,0.985
532,840.5,288.5,0.919
533,1038.5,330.5,0.733
534,850.5,264.5,0.736
535,854.5,258.5,0.803
536,856.5,254.5,0.718
537,862.5,256.5,0.88
538,862.5,258.5,0.99
539,864.5,266.5,0.992
540,866.5,278.5,0.998
541,866.5,292.5,0.987
542,866.5,310.5,0.999
543,866.5,318.5,0.991
544,864.5,346.5,0.547
545,864.5,342.5,0.909
546,868.5,340.5,0.925
547,870.5,340.5,0.758
548,872.5,342.5,0.591
553,878.5,362.5,0.929
554,880.5,364.5,0.61
555,338.5,150.5,0.577
558,880.5,364.5,0.524
560,348.5,326.5,0.736
562,878.5,368.5,0.739
563,876.5,364.5,0.86
564,876.5,366.5,0.57
565,876.5,366.5,0.726
566,876.5,368.5,0.953
567,876.5,368.5,0.906
568,876.5,370.5,0.684
569,876.5,370.5,0.957
570,876.5,370.5,0.973
571,876.5,370.5,0.933
572,874.5,370.5,0.955
573,874.5,370.5,0.948
574,874.5,372.5,0.828
575,874.5,372.5,0.974
576,874.5,370.5,0.937
577,872.5,372.5,0.955
578,872.5,372.5,0.966
579,872.5,372.5,0.951
580,872.5,372.5,0.966
581,872.5,370.5,0.972
582,872.5,370.5,0.966
583,872.5,370.5,0.926
584,872.5,372.5,0.969
585,872.5,370.5,0.973
586,872.5,370.5,0.885
587,872.5,370.5,0.942
588,872.5,370.5,0.949
589,872.5,370.5,0.973
590,872.5,370.5,0.971
591,870.5,370.5,0.98
592,870.5,370.5,0.95
593,870.5,370.5,0.986
594,870.5,370.5,0.98
595,870.5,370.5,0.981
596,870.5,370.5,0.984
597,870.5,370.5,0.987
598,870.5,370.5,0.985
599,870.5,370.5,0.986
600,870.5,370.5,0.99
601,870.5,370.5,0.99
602,870.5,370.5,0.989
603,870.5,370.5,0.985
604,870.5,370.5,0.988
605,870.5,370.5,0.989
606,870.5,370.5,0.99
607,870.5,370.5,0.984
608,870.5,370.5,0.99
609,870.5,370.5,0.986
610,870.5,370.5,0.98
611,870.5,370.5,0.982
612,868.5,368.5,0.981
613,868.5,368.5,0.981
614,870.5,368.5,0.955
615,868.5,366.5,0.937
616,870.5,368.5,0.957
617,870.5,368.5,0.937
618,870.5,366.5,0.971
619,870.5,366.5,0.965
620,870.5,368.5,0.957
621,870.5,366.5,0.971
622,870.5,368.5,0.957
623,870.5,366.5,0.966
624,870.5,368.5,0.974
625,872.5,368.5,0.955
626,872.5,368.5,0.991
627,872.5,368.5,0.982
628,872.5,370.5,0.985
629,872.5,370.5,0.985
630,872.5,370.5,0.988
631,872.5,370.5,0.983
632,872.5,372.5,0.99
633,872.5,370.5,0.928
634,826.5,324.5,0.842
635,760.5,442.5,0.577
636,838.5,356.5,0.935
637,870.5,374.5,0.913
642,848.5,362.5,0.583
643,370.5,114.5,0.718
644,832.5,328.5,0.744
645,838.5,342.5,0.905
646,832.5,338.5,0.774
647,830.5,330.5,0.606
648,826.5,326.5,0.944
649,826.5,322.5,0.959
650,824.5,320.5,0.971
651,824.5,318.5,0.707
652,824.5,316.5,0.916
653,366.5,138.5,0.865
654,830.5,342.5,0.918
655,832.5,310.5,0.89
656,836.5,298.5,0.99
657,862.5,280.5,0.676
658,722.5,424.5,0.883
659,814.5,340.5,0.741
661,858.5,180.5,0.917
662,866.5,164.5,0.965
663,868.5,154.5,0.988
664,870.5,144.5,0.996
665,874.5,142.5,0.994
666,878.5,144.5,0.996
667,880.5,152.5,0.989
668,882.5,160.5,0.992
669,882.5,170.5,0.993
670,882.5,186.5,0.998
671,882.5,204.5,0.987
672,884.5,228.5,0.975
673,882.5,248.5,0.994
674,882.5,276.5,0.973
675,880.5,298.5,0.961
676,876.5,324.5,0.969
678,882.5,330.5,0.636
680,882.5,326.5,0.548
681,882.5,328.5,0.751
682,1038.5,330.5,0.746
683,1038.5,330.5,0.862
684,1038.5,330.5,0.827
685,1040.5,330.5,0.781
686,1040.5,330.5,0.868
690,888.5,352.5,0.513
691,890.5,356.5,0.606
693,894.5,360.5,0.947
696,902.5,370.5,0.895
698,912.5,376.5,0.902
701,924.5,386.5,0.505
702,682.5,280.5,0.543
705,568.5,94.5,0.511
711,848.5,330.5,0.603
724,1016.5,444.5,0.717
725,1020.5,446.5,0.626
726,1024.5,448.5,0.859
727,1026.5,450.5,0.847
728,1026.5,450.5,0.724
731,1026.5,452.5,0.828
740,1010.5,442.5,0.889
741,898.5,330.5,0.793
742,912.5,338.5,0.703
745,896.5,644.5,0.649
772,398.5,130.5,0.727
773,280.5,148.5,0.965
774,286.5,154.5,0.971
796,924.5,374.5,0.839
799,332.5,150.5,0.573
804,320.5,130.5,0.742
806,1040.5,424.5,0.786
807,1040.5,424.5,0.864
809,1038.5,424.5,0.85
810,824.5,492.5,0.958
811,924.5,356.5,0.676
812,878.5,338.5,0.913
813,868.5,336.5,0.972
814,1022.5,418.5,0.777
815,1016.5,414.5,0.643
816,1012.5,412.5,0.582
817,1006.5,410.5,0.916
818,998.5,406.5,0.872
819,876.5,378.5,0.963
820,888.5,396.5,0.924
826,936.5,394.5,0.951
828,926.5,380.5,0.954
838,840.5,326.5,0.612
839,822.5,332.5,0.945
840,816.5,316.5,0.952
842,852.5,358.5,0.987
843,852.5,364.5,0.986
844,854.5,372.5,0.966
845,850.5,380.5,0.855
846,850.5,380.5,0.927
847,838.5,420.5,0.961
848,838.5,424.5,0.986
849,848.5,410.5,0.996
850,852.5,396.5,0.999
851,858.5,384.5,0.998
852,862.5,376.5,0.996
853,866.5,370.5,0.999
854,870.5,368.5,0.999
855,876.5,368.5,0.997
856,880.5,376.5,0.993
857,882.5,382.5,0.984
858,884.5,390.5,0.996
859,886.5,384.5,0.974
860,830.5,316.5,0.95
861,882.5,380.5,0.798
862,880.5,378.5,0.97
863,878.5,378.5,0.908
864,872.5,374.5,0.967
865,870.5,374.5,0.877
866,870.5,366.5,0.74
867,864.5,362.5,0.961
868,860.5,356.5,0.804
869,854.5,356.5,0.925
871,848.5,340.5,0.901
872,846.5,340.5,0.892
873,844.5,336.5,0.961
874,838.5,334.5,0.815
875,330.5,186.5,0.801
876,848.5,374.5,0.93
877,818.5,324.5,0.988
878,820.5,314.5,0.866
879,732.5,428.5,0.719
880,326.5,166.5,0.896
881,860.5,278.5,0.774
882,862.5,266.5,0.889
883,864.5,258.5,0.979
884,870.5,256.5,0.98
885,872.5,258.5,0.955
886,872.5,266.5,0.98
888,870.5,282.5,0.998
889,872.5,298.5,0.994
890,872.5,314.5,0.999
891,884.5,378.5,0.918
893,870.5,378.5,0.931
894,866.5,402.5,0.964
895,872.5,406.5,0.849
896,880.5,386.5,0.781
897,894.5,364.5,0.827
898,900.5,346.5,0.913
899,910.5,330.5,0.943
900,920.5,320.5,0.996
901,926.5,312.5,0.98
902,934.5,306.5,0.939
906,326.5,184.5,0.982
920,962.5,388.5,0.797
921,968.5,392.5,0.514
922,972.5,396.5,0.805
924,978.5,402.5,0.937
925,982.5,404.5,0.906
926,982.5,406.5,0.906
927,982.5,408.5,0.837
928,982.5,408.5,0.848
929,982.5,408.5,0.923
930,982.5,408.5,0.732
931,980.5,406.5,0.656
933,976.5,404.5,0.761
936,368.5,150.5,0.62
945,590.5,92.5,0.575
950,874.5,372.5,0.698
951,862.5,372.5,0.565
954,836.5,468.5,0.66
963,866.5,384.5,0.96
964,842.5,372.5,0.756
965,830.5,358.5,0.54
966,836.5,352.5,0.598
969,828.5,376.5,0.806
971,184.5,294.5,0.501
972,868.5,402.5,0.775
977,888.5,420.5,0.503
979,846.5,456.5,0.58
980,854.5,384.5,0.964
981,806.5,450.5,0.929
983,816.5,342.5,0.704
984,276.5,166.5,0.76
985,790.5,402.5,0.663
986,814.5,360.5,0.898
987,808.5,372.5,0.85
988,840.5,382.5,0.807
989,838.5,400.5,0.825
990,860.5,408.5,0.789
991,882.5,408.5,0.943
994,882.5,404.5,0.951
995,848.5,386.5,0.965
996,830.5,370.5,0.975
997,762.5,440.5,0.893
998,810.5,348.5,0.842
999,818.5,356.5,0.946
1000,394.5,134.5,0.578
1001,810.5,400.5,0.946
1002,810.5,370.5,0.983
1003,852.5,376.5,0.523
1006,164.5,118.5,0.505
1012,950.5,204.5,0.652
1014,950.5,202.5,0.864
1015,950.5,204.5,0.636
1016,1038.5,330.5,0.507
1017,950.5,202.5,0.743
1018,950.5,202.5,0.609
1019,950.5,202.5,0.806
1020,400.5,124.5,0.739
1021,950.5,202.5,0.813
1022,950.5,202.5,0.758
1023,948.5,202.5,0.82
1024,948.5,202.5,0.793
1025,894.5,378.5,0.694
1026,948.5,200.5,0.937
1027,948.5,202.5,0.836
1028,948.5,202.5,0.865
1029,948.5,202.5,0.877
1030,948.5,202.5,0.865
1031,948.5,202.5,0.9
1032,948.5,202.5,0.897
1033,948.5,202.5,0.907
1034,948.5,202.5,0.865
1035,948.5,202.5,0.835
1036,948.5,202.5,0.842
1037,948.5,202.5,0.757
1038,948.5,202.5,0.822
1039,948.5,202.5,0.849
1040,948.5,204.5,0.615
1041,292.5,164.5,0.885
1043,282.5,148.5,0.919
1049,768.5,404.5,0.621
1062,274.5,148.5,0.784
1063,278.5,154.5,0.943
1070,412.5,112.5,0.642
1071,422.5,108.5,0.629
1072,830.5,326.5,0.907
1073,812.5,332.5,0.973
1074,808.5,314.5,0.984
1075,746.5,432.5,0.84
1076,962.5,200.5,0.708
1078,824.5,208.5,0.935
1079,820.5,196.5,0.989
1080,816.5,184.5,0.975
1081,812.5,176.5,0.978
1082,806.5,168.5,0.967
1083,800.5,166.5,0.886
1084,794.5,170.5,0.901
1085,790.5,178.5,0.989
1086,784.5,188.5,0.991
1087,778.5,202.5,0.995
1088,772.5,216.5,0.994
1089,766.5,236.5,0.981
1090,760.5,254.5,0.991
1091,752.5,282.5,0.988
1092,746.5,310.5,0.988
1093,740.5,338.5,0.987
1094,734.5,368.5,0.968
1095,726.5,396.5,0.941
1096,714.5,436.5,0.958
1097,722.5,406.5,0.942
1098,728.5,378.5,0.989
1099,734.5,356.5,0.994
1100,738.5,332.5,0.997
1101,744.5,314.5,0.999
1102,748.5,298.5,0.994
1103,752.5,286.5,0.995
1104,758.5,278.5,0.987
1105,762.5,272.5,0.975
1106,768.5,270.5,0.993
1107,770.5,272.5,0.991
1108,774.5,280.5,0.995
1109,778.5,288.5,0.996
1110,782.5,298.5,0.993
1111,784.5,314.5,0.998
1112,788.5,332.5,0.991
1113,790.5,354.5,0.993
1114,790.5,376.5,0.964
1115,788.5,392.5,0.998
1116,784.5,392.5,0.788
1121,806.5,402.5,0.782
1123,820.5,410.5,0.8
1135,1038.5,330.5,0.568
1136,1040.5,330.5,0.543
1146,954.5,408.5,0.675
1147,954.5,408.5,0.819
1164,1036.5,442.5,0.542
1175,966.5,370.5,0.529
1177,1076.5,150.5,0.53
1182,1074.5,150.5,0.784
1203,1176.5,202.5,0.885
1204,1172.5,208.5,0.951
1206,1146.5,232.5,0.865
1207,216.5,284.5,0.5
1208,928.5,388.5,0.784
1209,918.5,388.5,0.921
1210,908.5,398.5,0.928
1211,896.5,404.5,0.956
1212,900.5,300.5,0.989
1213,834.5,308.5,0.998
1214,858.5,422.5,0.964
1215,730.5,326.5,0.988
1216,896.5,298.5,0.91
1217,892.5,294.5,0.912
1218,622.5,276.5,0.998
1219,972.5,310.5,0.647
1220,548.5,252.5,0.97
1221,518.5,248.5,0.989
1222,488.5,244.5,0.999
1223,462.5,244.5,1.0
1224,438.5,244.5,0.998
1225,416.5,248.5,0.995
1226,398.5,256.5,0.968
1227,378.5,260.5,0.921
1228,360.5,244.5,0.982
1229,342.5,232.5,0.991
1230,326.5,222.5,0.941
1231,202.5,338.5,0.826
1232,346.5,208.5,0.955
1233,382.5,204.5,0.988
1234,414.5,202.5,0.995
1235,450.5,200.5,0.996
1236,480.5,202.5,0.987
1237,522.5,208.5,0.991
1238,550.5,214.5,0.991
1239,592.5,226.5,0.988
1240,634.5,240.5,0.992
1241,678.5,258.5,0.999
1242,708.5,274.5,0.996
1243,740.5,288.5,0.996
1244,198.5,328.5,0.911
1245,264.5,216.5,0.748
1246,958.5,406.5,0.77
1247,198.5,324.5,0.94
1248,952.5,380.5,0.929
1249,982.5,386.5,0.877
1250,196.5,318.5,0.965
1251,842.5,308.5,0.997
1252,794.5,290.5,0.993
1253,748.5,274.5,0.999
1254,710.5,260.5,0.998
1255,676.5,252.5,0.996
1256,632.5,244.5,0.993
1257,590.5,240.5,0.992
1258,556.5,238.5,0.995
1259,526.5,238.5,0.992
1260,490.5,244.5,0.997
1261,464.5,246.5,0.998
1262,430.5,256.5,0.996
1263,404.5,264.5,0.995
1264,378.5,276.5,0.995
1265,352.5,292.5,0.996
1266,336.5,296.5,0.973
1267,306.5,272.5,0.972
1268,292.5,260.5,0.984
1269,266.5,242.5,0.919
1270,246.5,232.5,0.962
1271,230.5,224.5,0.933
1272,224.5,296.5,0.983
1273,194.5,216.5,0.985
1274,238.5,288.5,0.974
1275,242.5,284.5,0.956
1276,192.5,366.5,0.922
1277,198.5,362.5,0.866
1278,280.5,220.5,0.899
1279,308.5,222.5,0.944
1280,358.5,234.5,0.972
1281,414.5,248.5,0.994
1282,456.5,262.5,0.995
1283,506.5,282.5,0.973
1284,562.5,308.5,0.993
1286,654.5,370.5,0.942
1287,700.5,358.5,0.965
1288,762.5,348.5,0.976
1289,796.5,346.5,0.949
1292,974.5,358.5,0.993
1293,1000.5,364.5,0.952
1294,990.5,344.5,0.978
1295,932.5,312.5,0.994
1296,880.5,284.5,0.994
1297,826.5,260.5,0.998
1298,774.5,238.5,0.995
1299,732.5,224.5,0.995
1300,688.5,210.5,0.995
1301,640.5,198.5,0.995
1302,602.5,192.5,0.984
1303,566.5,188.5,0.957
1304,532.5,186.5,0.96
1305,496.5,188.5,0.997
1306,466.5,194.5,0.996
1307,434.5,200.5,0.994
1308,410.5,210.5,0.995
1309,384.5,218.5,0.997
1310,360.5,232.5,0.996
1311,334.5,246.5,0.997
1312,320.5,258.5,0.98
1313,298.5,276.5,0.994
1314,230.5,346.5,0.785
1315,262.5,258.5,0.979
1316,252.5,242.5,0.961
1317,234.5,222.5,0.917
1318,222.5,204.5,0.981
1319,214.5,196.5,0.944
1320,198.5,184.5,0.978
1321,188.5,174.5,0.844
1322,176.5,168.5,0.849
1323,168.5,166.5,0.97
1324,158.5,168.5,0.52
1325,166.5,166.5,0.952
1326,206.5,160.5,0.961
1327,260.5,158.5,0.932
1328,322.5,156.5,0.871
1329,374.5,164.5,0.97
1330,424.5,172.5,0.992
1331,474.5,186.5,0.969
1332,534.5,204.5,0.983
1333,582.5,222.5,0.987
1334,636.5,244.5,0.997
1335,694.5,274.5,0.997
1336,740.5,302.5,0.946
1340,968.5,340.5,0.997
1341,1016.5,332.5,0.971
1342,1050.5,324.5,0.981
1343,1078.5,302.5,0.913
1344,1026.5,284.5,0.99
1345,942.5,252.5,0.994
1346,892.5,240.5,0.993
1347,836.5,226.5,0.997
1348,776.5,212.5,0.994
1349,726.5,206.5,0.983
1350,684.5,200.5,0.995
1351,634.5,196.5,0.989
1352,192.5,136.5,0.983
1353,186.5,146.5,0.976
1354,510.5,206.5,0.996
1355,470.5,212.5,0.99
1356,434.5,220.5,0.997
1357,402.5,230.5,0.997
1358,366.5,244.5,0.996
1359,344.5,256.5,0.989
1360,312.5,274.5,0.984
1362,252.5,308.5,0.809
1363,174.5,312.5,0.582
1365,188.5,366.5,0.866
1366,170.5,386.5,0.983
1367,154.5,404.5,0.979
1368,136.5,422.5,0.998
1369,122.5,412.5,0.992
1370,110.5,398.5,0.977
1371,96.5,384.5,0.995
1372,80.5,374.5,0.998
1373,68.5,366.5,0.995
1374,56.5,360.5,0.94
1375,44.5,358.5,0.922
1376,256.5,262.5,0.869
1377,54.5,322.5,0.879
1378,72.5,404.5,0.945
1379,80.5,390.5,0.824
1380,88.5,360.5,0.97
1383,100.5,348.5,0.504
1384,114.5,342.5,0.694
1385,128.5,252.5,0.831
1387,182.5,312.5,0.571
1395,150.5,198.5,0.979
1396,150.5,204.5,0.995
1397,154.5,214.5,0.972
1403,1176.5,588.5,0.596
1405,1162.5,590.5,0.564
1407,142.5,344.5,0.986
1408,142.5,362.5,0.945
1409,140.5,352.5,0.969
1410,136.5,344.5,0.99
1412,136.5,328.5,0.829
1414,134.5,316.5,0.544
1415,134.5,316.5,0.899
1416,136.5,318.5,0.512
1417,164.5,286.5,0.73
1418,136.5,326.5,0.983
1419,140.5,330.5,0.96
1420,140.5,342.5,0.994
1421,142.5,350.5,0.972
1424,144.5,360.5,0.971
1425,140.5,356.5,0.932
1426,138.5,356.5,0.969
1427,136.5,358.5,0.949
1428,136.5,360.5,0.971
1429,134.5,364.5,0.988
1430,134.5,368.5,0.961
1431,134.5,368.5,0.952
1432,132.5,364.5,0.98
1433,132.5,364.5,0.961
1434,132.5,368.5,0.984
1435,132.5,370.5,0.99
1436,130.5,370.5,0.974
1437,128.5,370.5,0.979
1438,130.5,372.5,0.878
1439,126.5,374.5,0.855
1440,126.5,376.5,0.977
1441,126.5,376.5,0.988
1442,124.5,378.5,0.981
1443,122.5,384.5,0.99
1444,120.5,388.5,0.991
1445,118.5,390.5,0.992
1446,118.5,394.5,0.994
1447,116.5,396.5,0.99
1448,114.5,398.5,0.972
1449,112.5,400.5,0.989
1450,112.5,402.5,0.995
1451,110.5,404.5,0.973
1452,108.5,408.5,0.99
1454,100.5,410.5,0.598
1456,102.5,410.5,0.936
1457,104.5,410.5,0.798
1458,1134.5,582.5,0.587
1465,164.5,336.5,0.801
1466,170.5,326.5,0.87
1467,174.5,316.5,0.868
1471,992.5,410.5,0.951
1490,158.5,382.5,0.838
1491,256.5,200.5,0.662
1492,202.5,284.5,0.788
1493,208.5,284.5,0.861
1494,216.5,284.5,0.602
1497,240.5,282.5,0.793
1498,246.5,282.5,0.71
1522,298.5,324.5,0.778
1530,398.5,124.5,0.633
1531,420.5,130.5,0.943
1532,426.5,152.5,0.989
1533,452.5,158.5,0.988
1534,474.5,180.5,0.955
1535,498.5,208.5,0.99
1536,514.5,232.5,0.985
1537,532.5,258.5,0.973
1538,540.5,256.5,0.943
1539,552.5,234.5,0.99
1540,560.5,222.5,0.975
1541,574.5,208.5,0.952
1542,584.5,196.5,0.973
1543,596.5,188.5,0.975
1544,608.5,180.5,0.993
1545,622.5,178.5,0.987
1546,634.5,178.5,0.992
1547,646.5,178.5,0.998
1548,658.5,184.5,0.972
1549,672.5,194.5,0.996
1550,682.5,202.5,0.986
1551,694.5,214.5,0.994
1552,706.5,230.5,0.988
1553,720.5,250.5,0.989
1554,730.5,268.5,0.987
1555,736.5,282.5,0.99
1556,744.5,310.5,0.931
1557,754.5,330.5,0.981
1558,774.5,300.5,0.989
1559,782.5,292.5,0.996
1560,794.5,276.5,0.974
1561,808.5,268.5,0.999
1562,820.5,262.5,0.998
1563,832.5,256.5,0.987
1564,844.5,254.5,0.975
1565,856.5,254.5,0.99
1566,868.5,258.5,0.995
1567,880.5,264.5,0.994
1568,890.5,276.5,0.99
1569,900.5,286.5,0.979
1570,912.5,302.5,0.996
1571,918.5,290.5,0.997
1572,922.5,262.5,0.996
1573,928.5,242.5,0.995
1574,932.5,224.5,0.996
1575,936.5,208.5,0.996
1576,942.5,194.5,0.995
1577,946.5,184.5,0.997
1578,948.5,178.5,0.999
1579,952.5,174.5,0.999
1580,956.5,176.5,0.999
1581,958.5,182.5,0.997
1582,958.5,190.5,0.995
1583,960.5,202.5,0.996
1584,958.5,216.5,0.998
1585,956.5,232.5,0.995
1586,954.5,248.5,0.994
1587,946.5,340.5,0.91
1588,942.5,334.5,0.91
1589,946.5,326.5,0.936
1591,952.5,310.5,0.818
1592,976.5,296.5,0.909
1593,982.5,290.5,0.997
1594,986.5,290.5,0.998
1595,990.5,296.5,0.989
1596,988.5,304.5,0.948
1597,970.5,314.5,0.775
1603,980.5,408.5,0.903
1604,984.5,418.5,0.724
1605,990.5,428.5,0.631
1606,992.5,434.5,0.824
1607,994.5,438.5,0.794
1617,1002.5,474.5,0.551
1618,988.5,578.5,0.8
1619,356.5,158.5,0.904
1620,1008.5,482.5,0.723
1621,1012.5,486.5,0.801
1624,348.5,90.5,0.629
1627,1034.5,502.5,0.664
1629,992.5,616.5,0.672
1632,1096.5,644.5,0.531
1633,1106.5,644.5,0.516
1634,1110.5,646.5,0.741
1637,1038.5,480.5,0.744
1638,1036.5,482.5,0.928
1640,1036.5,478.5,0.968
1641,1038.5,472.5,0.983
1642,1038.5,468.5,0.995
1643,1038.5,462.5,0.956
1644,1040.5,458.5,0.973
1645,1040.5,454.5,0.89
1646,270.5,154.5,0.915
1647,278.5,168.5,0.88
1651,1104.5,188.5,0.575
1653,1178.5,234.5,0.89
1654,296.5,236.5,0.554
1655,1186.5,234.5,0.614
1657,986.5,402.5,0.815
1658,976.5,388.5,0.835
1659,958.5,392.5,0.631
1662,930.5,344.5,0.765
1664,944.5,308.5,0.913
1685,558.5,110.5,0.618
1691,928.5,302.5,0.855
1692,932.5,318.5,0.856
1693,318.5,170.5,0.917
1694,926.5,344.5,0.895
1695,946.5,374.5,0.669
1696,312.5,132.5,0.841
1697,312.5,122.5,0.862
1698,966.5,440.5,0.73
1715,886.5,452.5,0.947
1716,884.5,434.5,0.929
1717,866.5,412.5,0.892
1718,862.5,392.5,0.898
1719,858.5,370.5,0.642
1721,836.5,328.5,0.554
1722,850.5,326.5,0.847
1731,842.5,292.5,0.538
1737,848.5,288.5,0.632
1779,318.5,74.5,0.903
1792,852.5,280.5,0.521
1814,902.5,284.5,0.51
1820,1246.5,102.5,0.845
1825,896.5,258.5,0.874
1876,904.5,312.5,0.698
1880,908.5,304.5,0.825
1881,898.5,288.5,0.533
1896,346.5,74.5,0.798
1897,358.5,84.5,0.873
1898,370.5,102.5,0.507
1899,374.5,132.5,0.941
1900,378.5,150.5,0.965
1901,378.5,170.5,0.983
1902,372.5,184.5,0.937
1903,386.5,212.5,0.823
1904,380.5,226.5,0.765
1905,346.5,212.5,0.636
1915,906.5,292.5,0.787
1916,900.5,292.5,0.872
1942,1106.5,186.5,0.606
1945,1106.5,186.5,0.638
1948,1106.5,184.5,0.53
1949,1104.5,186.5,0.689
1968,926.5,330.5,0.652
1969,938.5,356.5,0.837
1970,928.5,360.5,0.601
1994,1104.5,184.5,0.723
1998,998.5,276.5,0.865
2058,1000.5,456.5,0.756
2060,994.5,454.5,0.955
2061,990.5,454.5,0.648
2062,986.5,454.5,0.97
2063,984.5,454.5,0.969
2064,982.5,456.5,0.95
2065,980.5,456.5,0.903
2066,978.5,458.5,0.944
2067,978.5,462.5,0.938
2068,976.5,466.5,0.913
2069,976.5,468.5,0.979
2070,976.5,472.5,0.966
2071,976.5,474.5,0.938
2072,976.5,480.5,0.941
2073,976.5,484.5,0.958
2074,974.5,488.5,0.988
2075,974.5,492.5,0.959
2076,974.5,498.5,0.977
2077,972.5,502.5,0.99
2078,968.5,504.5,0.983
2079,964.5,504.5,0.979
2080,958.5,502.5,0.982
2081,952.5,498.5,0.99
2082,944.5,492.5,0.95
2085,908.5,442.5,0.649
2086,900.5,420.5,0.885
2087,890.5,390.5,0.939
2088,886.5,354.5,0.896
2089,892.5,344.5,0.873
2090,238.5,280.5,0.574
2092,906.5,268.5,0.974
2093,910.5,258.5,0.976
2094,912.5,248.5,0.998
2095,916.5,240.5,0.996
2096,920.5,240.5,0.996
2097,922.5,246.5,0.981
2098,924.5,254.5,0.99
2099,924.5,264.5,0.997
2100,926.5,278.5,0.995
2101,924.5,296.5,0.996
2102,922.5,318.5,0.978
2103,892.5,444.5,0.951
2104,916.5,474.5,0.943
2105,920.5,404.5,0.942
2106,914.5,424.5,0.793
2107,864.5,424.5,0.656
2108,814.5,416.5,0.963
2109,774.5,410.5,0.956
2110,726.5,400.5,0.872
2111,706.5,354.5,0.975
2112,674.5,320.5,0.957
2113,646.5,296.5,0.941
2114,624.5,276.5,0.999
2115,594.5,256.5,0.982
2116,576.5,248.5,0.994
2117,556.5,240.5,0.982
2118,536.5,236.5,0.992
2119,518.5,234.5,0.982
2120,504.5,236.5,0.962
2121,490.5,240.5,0.972
2122,476.5,244.5,0.998
2123,460.5,232.5,0.969
2124,450.5,218.5,0.963
2125,436.5,206.5,0.952
2127,450.5,188.5,0.931
2128,498.5,186.5,0.98
2129,532.5,184.5,0.993
2130,558.5,186.5,0.909
2131,598.5,188.5,0.97
2132,634.5,194.5,0.985
2133,676.5,202.5,0.99
2134,708.5,212.5,0.99
2135,748.5,226.5,0.997
2136,786.5,242.5,0.997
2137,828.5,262.5,0.995
2138,858.5,278.5,0.995
2139,906.5,308.5,0.998
2140,938.5,330.5,0.995
2141,984.5,364.5,0.996
2142,1028.5,402.5,0.978
2143,1060.5,432.5,0.989
2145,1140.5,516.5,0.987
2146,372.5,168.5,0.926
2147,1142.5,432.5,0.563
2148,1240.5,648.5,0.978
2149,1270.5,692.5,0.951
2158,1272.5,602.5,0.886
2163,1148.5,600.5,0.995
2164,1128.5,606.5,0.995
2165,1106.5,614.5,0.984
2166,1094.5,610.5,0.989
2167,1090.5,596.5,0.994
2168,1086.5,588.5,0.983
2169,1080.5,580.5,0.992
2170,1076.5,576.5,0.987
2171,1066.5,572.5,0.99
2172,1058.5,572.5,0.994
2173,1052.5,576.5,0.993
2174,1044.5,582.5,0.997
2175,1038.5,588.5,0.961
2176,1034.5,582.5,0.976
2177,1034.5,574.5,0.837
2178,1028.5,574.5,0.989
2179,1124.5,330.5,0.692
2181,1106.5,340.5,0.93
2182,1096.5,348.5,0.941
2183,1086.5,354.5,0.968
2187,1214.5,632.5,0.842
2188,1208.5,632.5,0.762
2194,990.5,572.5,0.979
2195,990.5,566.5,0.997
2196,994.5,556.5,0.998
2197,996.5,544.5,0.993
2198,996.5,522.5,0.987
2199,1000.5,502.5,0.969
2204,1140.5,508.5,0.663
2205,958.5,372.5,0.713
2206,892.5,428.5,0.942
2207,870.5,422.5,0.889
2208,814.5,422.5,0.959
2209,868.5,280.5,0.845
2210,830.5,244.5,0.991
2211,794.5,212.5,0.996
2212,770.5,196.5,0.995
2213,746.5,180.5,0.991
2214,720.5,170.5,0.988
2215,694.5,160.5,0.99
2216,674.5,156.5,0.988
2217,642.5,154.5,0.994
2218,622.5,154.5,0.994
2219,600.5,158.5,0.987
2220,578.5,164.5,0.992
2221,558.5,174.5,0.976
2222,540.5,184.5,0.99
2223,524.5,198.5,0.986
2224,504.5,214.5,0.999
2225,492.5,226.5,0.994
2226,474.5,248.5,0.995
2227,462.5,266.5,0.998
2228,450.5,284.5,0.997
2229,438.5,292.5,0.994
2230,424.5,266.5,0.999
2231,412.5,242.5,0.992
2232,402.5,226.5,0.997
2233,392.5,212.5,0.998
2234,380.5,200.5,0.988
2235,370.5,188.5,0.99
2236,358.5,180.5,0.998
2237,350.5,176.5,0.992
2238,340.5,174.5,0.979
2240,322.5,178.5,0.996
2241,314.5,184.5,0.987
2242,308.5,192.5,0.995
2243,302.5,202.5,0.99
2244,296.5,216.5,0.969
2245,290.5,228.5,0.933
2246,286.5,244.5,0.974
2247,284.5,260.5,0.969
2248,278.5,272.5,0.981
2249,266.5,260.5,0.951
2250,248.5,244.5,0.99
2253,216.5,226.5,0.99
2254,208.5,226.5,0.926
2255,198.5,226.5,0.994
2256,190.5,228.5,0.996
2257,186.5,252.5,0.909
2258,168.5,240.5,0.704
2261,132.5,152.5,0.98
2262,118.5,126.5,0.971
2263,108.5,104.5,0.951
2264,98.5,86.5,0.993
2265,88.5,70.5,0.993
2266,124.5,220.5,0.76
2267,70.5,44.5,0.922
2268,86.5,204.5,0.93
2269,66.5,190.5,0.931
2270,42.5,176.5,0.797
2271,30.5,162.5,0.74
2272,38.5,22.5,0.934
2273,34.5,26.5,0.95
2274,32.5,34.5,0.966
2275,30.5,42.5,0.941
2276,26.5,52.5,0.942
2277,24.5,68.5,0.993
2278,24.5,82.5,0.998
2279,24.5,94.5,0.989
2280,26.5,106.5,0.869
2281,36.5,98.5,0.692
2282,42.5,92.5,0.98
2283,54.5,90.5,0.993
2284,64.5,90.5,0.995
2285,78.5,94.5,0.992
2286,88.5,96.5,0.998
2287,100.5,104.5,0.996
2288,112.5,114.5,0.968
2289,126.5,126.5,0.981
2290,136.5,140.5,0.979
2291,514.5,568.5,0.844
2292,522.5,564.5,0.924
2293,532.5,560.5,0.868
2294,544.5,554.5,0.853
2296,216.5,360.5,0.695
2297,232.5,356.5,0.685
2298,226.5,152.5,0.839
2299,232.5,162.5,0.918
2300,744.5,522.5,0.554
2302,768.5,534.5,0.629
2315,830.5,362.5,0.73
2325,326.5,232.5,0.508
2326,326.5,234.5,0.939
2327,326.5,236.5,0.945
2328,324.5,240.5,0.986
2329,322.5,242.5,0.986
2330,322.5,242.5,0.987
2331,318.5,246.5,0.971
2332,314.5,248.5,0.987
2333,310.5,250.5,0.993
2334,306.5,252.5,0.985
2335,304.5,256.5,0.995
2336,298.5,256.5,0.987
2337,294.5,256.5,0.985
2338,292.5,258.5,0.981
2339,288.5,258.5,0.996
2340,286.5,260.5,0.982
2341,284.5,260.5,0.98
2342,282.5,264.5,0.972
2343,280.5,264.5,0.974
2344,282.5,266.5,0.928
2345,282.5,268.5,0.976
2346,284.5,270.5,0.966
2347,284.5,272.5,0.934
2348,284.5,272.5,0.98
2349,280.5,268.5,0.994
2350,276.5,260.5,0.992
2351,272.5,246.5,0.973
2352,266.5,228.5,0.87
2354,260.5,202.5,0.99
2355,256.5,194.5,0.997
2356,254.5,188.5,0.997
2357,248.5,184.5,0.995
2358,248.5,182.5,0.993
2359,246.5,182.5,0.998
2360,244.5,188.5,0.998
2361,244.5,192.5,0.998
2362,244.5,200.5,0.995
2363,246.5,210.5,0.967
2365,1232.5,266.5,0.705
2366,290.5,256.5,0.836
2367,344.5,276.5,0.904
2368,386.5,280.5,0.977
2369,420.5,270.5,0.996
2370,458.5,262.5,0.997
2371,490.5,258.5,0.998
2372,528.5,254.5,0.995
2373,566.5,258.5,0.941
2374,604.5,260.5,0.992
2375,642.5,266.5,0.989
2376,678.5,276.5,0.998
2377,710.5,290.5,0.976
2378,736.5,306.5,0.942
2379,760.5,318.5,0.84
2380,794.5,332.5,0.795
2381,844.5,312.5,0.988
2382,860.5,310.5,0.995
2383,904.5,302.5,0.993
2384,930.5,300.5,0.996
2385,384.5,360.5,0.907
2386,1002.5,304.5,0.998
2387,1022.5,308.5,0.997
2388,1056.5,320.5,0.988
2389,1078.5,328.5,0.988
2390,1100.5,340.5,0.987
2391,1132.5,360.5,0.996
2392,1150.5,374.5,0.984
2393,1174.5,396.5,0.98
2394,1190.5,412.5,0.964
2395,1142.5,358.5,0.994
2396,1108.5,322.5,0.977
2397,1066.5,280.5,0.997
2398,1042.5,260.5,0.996
2402,1212.5,354.5,0.509
2404,798.5,120.5,0.999
2405,762.5,112.5,0.989
2406,732.5,106.5,0.969
2407,694.5,104.5,0.972
2408,664.5,106.5,0.96
2409,628.5,108.5,0.995
2410,596.5,116.5,0.998
2411,566.5,124.5,0.986
2412,532.5,136.5,0.998
2413,508.5,150.5,0.996
2414,486.5,164.5,0.994
2415,460.5,180.5,0.996
2416,436.5,196.5,0.992
2417,414.5,218.5,0.995
2418,394.5,242.5,0.997
2419,374.5,262.5,0.978
2420,356.5,282.5,0.994
2421,336.5,262.5,0.967
2422,324.5,246.5,0.996
2423,304.5,224.5,0.942
2424,282.5,200.5,0.977
2425,270.5,190.5,0.964
2426,252.5,178.5,0.942
2427,238.5,166.5,0.991
2428,220.5,158.5,0.989
2429,208.5,154.5,0.988
2430,194.5,156.5,0.982
2431,180.5,156.5,0.929
2432,164.5,162.5,0.995
2433,180.5,148.5,0.793
2435,266.5,142.5,0.961
2436,416.5,206.5,0.969
2437,484.5,226.5,0.987
2438,540.5,246.5,0.847
2439,622.5,276.5,0.989
2441,396.5,150.5,0.838
2442,780.5,358.5,0.827
2443,852.5,308.5,0.989
2444,928.5,290.5,0.995
2445,1002.5,276.5,0.998
2446,1040.5,270.5,0.948
2447,1106.5,266.5,0.921
2448,1180.5,264.5,0.929
2449,1224.5,266.5,0.965
2450,1270.5,272.5,0.978
2451,258.5,166.5,0.911
2452,1252.5,214.5,0.994
2453,1208.5,180.5,0.998
2454,1182.5,160.5,0.959
2459,920.5,40.5,0.941
2460,880.5,34.5,0.965
2461,848.5,30.5,0.934
2462,796.5,30.5,0.978
2463,760.5,32.5,0.983
2464,716.5,38.5,0.974
2465,682.5,48.5,0.99
2466,648.5,60.5,0.934
2467,620.5,72.5,0.995
2468,588.5,88.5,0.997
2469,558.5,104.5,0.997
2470,532.5,126.5,0.987
2471,504.5,146.5,0.995
2472,478.5,168.5,0.995
2473,458.5,190.5,0.995
2474,432.5,216.5,0.995
2475,414.5,242.5,0.994
2476,398.5,266.5,0.982
2477,380.5,278.5,0.977
2478,362.5,244.5,0.994
2479,344.5,218.5,0.987
2480,328.5,194.5,0.979
2481,306.5,178.5,0.618
2482,298.5,160.5,0.958
2483,288.5,148.5,0.97
2484,274.5,136.5,0.995
2485,260.5,126.5,0.984
2486,246.5,122.5,0.995
2487,236.5,120.5,0.998
2488,224.5,118.5,0.996
2489,214.5,122.5,0.996
2490,206.5,126.5,0.993
2491,196.5,132.5,0.998
2492,190.5,142.5,0.979
2493,180.5,152.5,0.898
2494,176.5,166.5,0.996
2496,268.5,152.5,0.941
2497,400.5,210.5,0.909
2499,358.5,152.5,0.672
2500,616.5,278.5,0.958
2501,386.5,150.5,0.817
2502,780.5,356.5,0.833
2503,900.5,324.5,0.997
2504,940.5,322.5,0.948
2505,1018.5,316.5,0.51
2506,1130.5,314.5,0.876
2507,1222.5,320.5,0.927
2508,1250.5,322.5,0.954
2509,1270.5,296.5,0.855
2510,1212.5,262.5,0.992
2511,1170.5,240.5,0.994
2512,1068.5,188.5,0.989
2513,264.5,154.5,0.805
2514,260.5,164.5,0.903
2515,246.5,166.5,0.931
2516,1214.5,468.5,0.904
2517,804.5,102.5,0.999
2518,768.5,98.5,0.969
2519,728.5,94.5,0.984
2520,688.5,92.5,0.984
2521,650.5,94.5,0.997
2522,624.5,98.5,0.995
2523,590.5,102.5,0.998
2524,564.5,108.5,0.996
2525,538.5,118.5,0.988
2526,516.5,130.5,0.952
2527,494.5,140.5,0.986
2528,472.5,152.5,0.985
2529,454.5,166.5,0.995
2530,438.5,180.5,0.988
2531,422.5,196.5,0.982
2532,410.5,210.5,0.987
2533,394.5,226.5,0.961
2534,316.5,328.5,0.974
2541,330.5,268.5,0.556
2542,324.5,252.5,0.986
2543,316.5,248.5,0.854
2544,312.5,240.5,0.958
2545,310.5,234.5,0.948
2546,314.5,230.5,0.952
2548,326.5,230.5,0.935
2549,330.5,234.5,0.954
2550,336.5,238.5,0.586
2551,342.5,244.5,0.974
2552,350.5,254.5,0.933
2568,290.5,252.5,0.685
2571,310.5,248.5,0.637
2579,276.5,264.5,0.857
2596,300.5,260.5,0.539
2602,1046.5,616.5,0.521
2607,1042.5,624.5,0.901
2618,1116.5,204.5,0.783
2627,1110.5,214.5,0.643
2632,1014.5,456.5,0.815
2649,890.5,374.5,0.877
2650,898.5,370.5,0.986
2651,914.5,370.5,0.715
2652,916.5,356.5,0.977
2653,936.5,306.5,0.833
2654,910.5,312.5,0.67
2656,898.5,340.5,0.853
2660,902.5,340.5,0.965
2661,888.5,368.5,0.789
2663,934.5,310.5,0.85
2664,924.5,354.5,0.969
2666,398.5,220.5,0.87
2667,392.5,222.5,0.792
2669,934.5,330.5,0.83
2670,372.5,226.5,0.948
2671,364.5,228.5,0.929
2672,358.5,228.5,0.989
2673,348.5,228.5,0.986
2674,342.5,230.5,0.997
2675,334.5,232.5,0.995
2676,326.5,232.5,0.998
2677,320.5,234.5,0.997
2678,314.5,236.5,0.994
2679,310.5,240.5,0.995
2680,304.5,242.5,0.997
2681,302.5,246.5,0.99
2682,298.5,248.5,0.989
2683,296.5,252.5,0.988
2684,294.5,256.5,0.992
2685,292.5,258.5,0.98
2686,292.5,262.5,0.99
2687,292.5,264.5,0.98
2688,288.5,258.5,0.987
2689,282.5,248.5,0.963
2690,278.5,232.5,0.93
2692,254.5,186.5,0.918
2693,256.5,176.5,0.731
2694,252.5,162.5,0.917
2695,248.5,150.5,0.633
2696,248.5,142.5,0.794
2697,242.5,140.5,0.889
2699,236.5,134.5,0.913
2700,234.5,138.5,0.945
2701,232.5,144.5,0.991
2702,230.5,150.5,0.999
2703,232.5,160.5,0.999
2704,230.5,170.5,0.997
2705,230.5,186.5,0.996
2706,230.5,202.5,0.963
2708,234.5,236.5,0.854
2709,260.5,250.5,0.788
2710,322.5,274.5,0.842
2711,366.5,286.5,0.994
2712,414.5,278.5,0.992
2713,448.5,276.5,0.998
2714,490.5,276.5,0.999
2715,530.5,276.5,0.995
2716,590.5,284.5,0.947
2717,614.5,290.5,0.986
2718,620.5,342.5,0.915
2719,708.5,324.5,0.955
2720,732.5,344.5,0.702
2721,776.5,356.5,0.992
2722,806.5,364.5,0.959
2723,1010.5,560.5,0.666
2725,938.5,338.5,0.961
2726,980.5,348.5,0.986
2727,974.5,330.5,0.972
2728,934.5,296.5,0.997
2729,902.5,272.5,0.997
2730,866.5,250.5,0.994
2731,832.5,230.5,0.997
2732,794.5,212.5,0.999
2733,768.5,204.5,0.995
2734,736.5,196.5,0.993
2735,704.5,190.5,0.988
2736,678.5,188.5,0.995
2737,644.5,188.5,0.996
2738,622.5,194.5,0.983
2739,598.5,198.5,0.97
2740,572.5,208.5,0.982
2741,548.5,216.5,0.984
2742,528.5,228.5,0.978
2743,506.5,244.5,0.987
2744,486.5,260.5,0.997
2745,470.5,276.5,0.998
2746,450.5,282.5,0.997
2747,436.5,262.5,0.998
2748,424.5,244.5,0.995
2749,406.5,228.5,0.995
2750,390.5,212.5,0.971
2753,348.5,190.5,0.976
2754,336.5,186.5,0.962
2755,322.5,184.5,0.914
2756,310.5,186.5,0.943
2757,292.5,222.5,0.788
2758,292.5,198.5,0.926
2759,334.5,190.5,0.946
2760,368.5,188.5,0.963
2761,392.5,188.5,0.954
2762,424.5,190.5,0.997
2763,462.5,196.5,0.996
2764,498.5,208.5,0.994
2765,528.5,218.5,0.999
2766,556.5,230.5,0.993
2767,584.5,244.5,0.992
2768,626.5,274.5,0.996
2769,328.5,118.5,0.901
2770,654.5,336.5,0.753
2771,700.5,338.5,0.995
2772,740.5,314.5,0.978
2773,772.5,304.5,0.973
2774,794.5,296.5,0.977
2775,822.5,292.5,0.992
2776,858.5,286.5,0.995
2777,886.5,286.5,0.995
2778,916.5,292.5,0.997
2779,938.5,294.5,0.999
2781,1002.5,316.5,0.997
2782,1030.5,334.5,0.981
2783,1012.5,326.5,0.981
2784,940.5,298.5,0.974
2785,922.5,292.5,0.997
2786,854.5,272.5,0.998
2787,810.5,260.5,0.998
2788,764.5,252.5,0.995
2789,718.5,246.5,0.992
2790,686.5,246.5,0.998
2791,642.5,248.5,0.998
2792,620.5,252.5,0.974
2793,594.5,258.5,0.966
2794,558.5,264.5,0.992
2795,538.5,268.5,0.989
2796,516.5,248.5,0.984
2797,490.5,228.5,0.99
2798,478.5,218.5,0.992
2799,454.5,204.5,0.994
2800,440.5,196.5,0.99
2801,422.5,192.5,0.975
2802,408.5,188.5,0.971
2803,416.5,190.5,0.968
2804,450.5,198.5,0.978
2805,474.5,204.5,0.988
2806,502.5,214.5,0.999
2807,530.5,228.5,0.996
2808,558.5,244.5,0.996
2809,584.5,260.5,0.967
2810,600.5,276.5,0.979
2811,616.5,280.5,0.984
2812,630.5,284.5,0.957
2813,616.5,326.5,0.804
2814,658.5,310.5,0.956
2815,666.5,324.5,0.966
2816,678.5,336.5,0.991
2817,692.5,334.5,0.986
2818,706.5,326.5,0.996
2819,720.5,324.5,0.994
2820,732.5,324.5,0.983
2821,744.5,328.5,0.998
2822,758.5,336.5,0.981
2823,770.5,344.5,0.998
2824,784.5,358.5,0.989
2825,794.5,376.5,0.977
2826,808.5,376.5,0.99
2827,830.5,326.5,0.951
2828,816.5,314.5,0.931
2829,788.5,312.5,0.972
2830,772.5,292.5,0.999
2831,744.5,264.5,0.931
2832,732.5,254.5,0.987
2833,716.5,242.5,0.981
2834,698.5,230.5,0.986
2835,682.5,226.5,0.991
2836,670.5,222.5,0.98
2837,648.5,222.5,0.986
2838,634.5,226.5,0.992
2839,618.5,230.5,0.994
2840,604.5,238.5,0.985
2841,592.5,250.5,0.992
2842,576.5,264.5,0.988
2843,564.5,276.5,0.99
2844,548.5,294.5,0.994
2845,536.5,318.5,0.994
2846,524.5,338.5,0.986
2847,512.5,362.5,0.963
2848,504.5,344.5,0.999
2849,506.5,328.5,0.999
2850,514.5,308.5,0.999
2851,518.5,298.5,0.999
2852,526.5,288.5,0.999
2853,532.5,280.5,1.0
2854,538.5,278.5,0.997
2855,544.5,278.5,0.999
2856,550.5,280.5,0.999
2857,558.5,284.5,0.995
2858,564.5,292.5,0.999
2859,570.5,304.5,0.997
2860,576.5,314.5,0.999
2861,582.5,330.5,0.98
2862,588.5,348.5,0.958
2863,592.5,374.5,0.968
2864,598.5,362.5,0.98
2865,606.5,348.5,0.991
2866,608.5,338.5,0.939
2867,612.5,326.5,0.999
2868,614.5,318.5,0.997
2869,620.5,314.5,0.999
2870,626.5,312.5,0.999
2871,630.5,314.5,0.999
2872,634.5,320.5,0.999
2873,638.5,328.5,0.999
2874,642.5,338.5,0.999
2875,646.5,352.5,1.0
2876,650.5,370.5,0.99
2877,652.5,384.5,0.956
2878,654.5,402.5,0.994
2879,660.5,380.5,0.989
2880,668.5,370.5,0.993
2881,672.5,360.5,0.998
2882,678.5,354.5,0.998
2883,682.5,348.5,0.993
2884,688.5,348.5,0.997
2885,694.5,352.5,0.999
2886,698.5,360.5,0.998
2887,700.5,368.5,0.997
2888,704.5,378.5,0.999
2889,710.5,394.5,0.996
2890,710.5,408.5,0.995
2891,710.5,424.5,0.982
2892,722.5,404.5,0.981
2893,726.5,396.5,0.972
2894,730.5,386.5,0.994
2895,738.5,382.5,0.99
2896,740.5,380.5,0.946
2897,740.5,392.5,0.945
2898,740.5,366.5,0.92
2899,754.5,356.5,0.828
2900,766.5,354.5,0.921
2901,774.5,340.5,0.867
2902,766.5,316.5,0.789
2903,818.5,322.5,0.664
2905,844.5,470.5,0.942
2906,790.5,432.5,0.528
2907,844.5,470.5,0.948
2909,772.5,440.5,0.738
2917,800.5,452.5,0.548
2969,1030.5,472.5,0.953
2970,1032.5,474.5,0.744
2981,390.5,226.5,0.765
2982,386.5,228.5,0.721
2983,374.5,226.5,0.747
2984,372.5,232.5,0.879
2985,374.5,248.5,0.962
3003,520.5,278.5,0.816
3017,996.5,536.5,0.5
3019,976.5,536.5,0.557
3020,966.5,530.5,0.706
3021,926.5,520.5,0.523
3022,910.5,504.5,0.504
3025,896.5,440.5,0.94
3026,886.5,414.5,0.969
3027,884.5,386.5,0.963
3028,882.5,360.5,0.795
3032,900.5,284.5,0.985
3033,902.5,270.5,0.964
3034,904.5,264.5,0.99
3035,908.5,262.5,0.975
3036,910.5,266.5,0.974
3037,910.5,274.5,0.988
3038,910.5,284.5,0.99
3039,910.5,300.5,0.995
3040,908.5,316.5,0.985
3041,906.5,336.5,0.903
3042,850.5,442.5,0.959
3043,866.5,476.5,0.914
3044,904.5,424.5,0.908
3045,910.5,534.5,0.693
3046,842.5,436.5,0.978
3047,794.5,426.5,0.967
3048,752.5,430.5,0.961
3049,714.5,390.5,0.947
3050,690.5,356.5,0.987
3051,662.5,324.5,0.98
3052,632.5,300.5,0.943
3053,612.5,282.5,0.996
3054,592.5,266.5,0.954
3055,572.5,258.5,0.962
3056,548.5,250.5,0.989
3057,532.5,246.5,0.994
3058,516.5,244.5,0.997
3059,500.5,246.5,0.999
3060,484.5,250.5,0.999
3061,472.5,258.5,0.999
3062,456.5,252.5,0.996
3063,448.5,236.5,0.923
3064,436.5,224.5,0.991
3065,424.5,210.5,0.991
3066,414.5,202.5,0.971
3067,404.5,194.5,0.948
3068,416.5,190.5,0.706
3069,446.5,190.5,0.968
3070,488.5,190.5,0.98
3071,528.5,192.5,0.988
3072,564.5,196.5,0.942
3073,600.5,202.5,0.956
3074,642.5,212.5,0.998
3075,684.5,226.5,0.999
3076,720.5,240.5,0.993
3077,756.5,256.5,0.996
3078,796.5,274.5,0.996
3079,838.5,300.5,0.99
3080,864.5,314.5,0.994
3082,952.5,384.5,0.882
3083,982.5,408.5,0.988
3088,486.5,250.5,0.716
3090,266.5,164.5,0.746
3094,264.5,100.5,0.569
3103,1194.5,418.5,0.517
3104,306.5,94.5,0.653
3105,1074.5,618.5,0.831
3106,1212.5,424.5,0.757
3110,310.5,186.5,0.978
3116,292.5,168.5,0.726
3120,294.5,212.5,0.508
3127,1270.5,564.5,0.542
3130,276.5,126.5,0.511
3133,318.5,166.5,0.587
3135,1170.5,532.5,0.842
3136,314.5,212.5,0.798
3139,1210.5,504.5,0.616
3140,1242.5,504.5,0.727
3141,1254.5,500.5,0.847
3165,304.5,214.5,0.968
3170,288.5,170.5,0.932
3193,362.5,292.5,0.568
3216,316.5,188.5,0.524
3218,302.5,168.5,0.968
3221,310.5,134.5,0.572
3222,292.5,116.5,0.737
3229,1250.5,578.5,0.771
3230,1228.5,574.5,0.549
3233,278.5,208.5,0.76
3234,252.5,174.5,0.644
3236,1272.5,366.5,0.638
3237,260.5,260.5,0.641
3238,1214.5,548.5,0.749
3239,1188.5,554.5,0.626
3240,270.5,256.5,0.846
3242,276.5,252.5,0.892
3243,280.5,252.5,0.53
3244,286.5,250.5,0.749
3246,294.5,248.5,0.818
3247,1198.5,392.5,0.646
3248,272.5,336.5,0.906
3250,1168.5,404.5,0.959
3251,322.5,250.5,0.787
3253,330.5,250.5,0.736
3256,1198.5,548.5,0.913
3257,1176.5,564.5,0.501
3259,1000.5,386.5,0.721
3260,1078.5,216.5,0.643
3262,964.5,398.5,0.759
3265,502.5,260.5,0.837
3268,1078.5,470.5,0.887
3269,1062.5,478.5,0.892
3270,1046.5,484.5,0.819
3271,1026.5,486.5,0.662
3272,1006.5,488.5,0.867
3273,1024.5,584.5,0.764
3283,686.5,532.5,0.54
3284,668.5,538.5,0.704
3285,648.5,540.5,0.762
3286,570.5,100.5,0.848
3293,510.5,572.5,0.844
3324,686.5,648.5,0.718
3327,688.5,662.5,0.665
3354,1040.5,330.5,0.637
3381,1082.5,356.5,0.522
3383,1126.5,300.5,0.773
3385,1162.5,260.5,0.953
3386,1176.5,244.5,0.693
3394,1212.5,212.5,0.852
3395,1200.5,226.5,0.694
3397,1166.5,264.5,0.868
3398,1146.5,282.5,0.879
3399,950.5,260.5,0.929
3400,946.5,268.5,0.597
3401,898.5,392.5,0.863
3402,936.5,292.5,0.988
3403,926.5,292.5,0.533
3404,838.5,314.5,0.993
3405,808.5,300.5,0.997
3406,766.5,282.5,0.988
3407,728.5,266.5,0.997
3408,696.5,256.5,0.996
3409,650.5,244.5,0.996
3410,630.5,242.5,0.984
3411,852.5,324.5,0.992
3412,574.5,238.5,0.982
3413,550.5,242.5,0.993
3414,526.5,246.5,0.976
3415,504.5,250.5,0.998
3416,492.5,244.5,0.988
3417,470.5,226.5,0.996
3418,452.5,214.5,0.95
3419,438.5,204.5,0.975
3420,424.5,196.5,0.954
3421,438.5,190.5,0.958
3422,454.5,184.5,0.985
3423,476.5,180.5,0.985
3424,498.5,178.5,0.992
3425,518.5,178.5,0.995
3426,536.5,180.5,0.996
3427,562.5,186.5,0.959
3428,582.5,194.5,0.969
3429,610.5,208.5,0.978
3430,630.5,218.5,0.992
3431,646.5,228.5,0.998
3432,678.5,254.5,0.998
3433,704.5,276.5,0.997
3434,734.5,308.5,0.962
3435,758.5,336.5,0.965
3436,778.5,362.5,0.951
3437,794.5,418.5,0.982
3438,828.5,412.5,0.979
3439,860.5,398.5,0.954
3440,892.5,394.5,0.987
3441,882.5,376.5,0.978
3443,796.5,300.5,0.993
3444,772.5,288.5,0.993
3445,734.5,266.5,0.998
3446,704.5,252.5,0.995
3447,678.5,242.5,0.999
3448,642.5,232.5,0.998
3449,620.5,228.5,0.995
3450,596.5,226.5,0.98
3451,574.5,228.5,0.994
3452,556.5,232.5,0.982
3453,538.5,238.5,0.991
3454,520.5,246.5,0.978
3455,506.5,252.5,0.998
3456,492.5,266.5,0.997
3457,480.5,266.5,0.993
3458,468.5,244.5,0.998
3459,456.5,226.5,0.992
3460,450.5,212.5,0.988
3461,438.5,198.5,0.997
3462,430.5,188.5,0.978
3463,422.5,180.5,0.995
3464,416.5,176.5,0.523
3465,436.5,172.5,0.916
3466,468.5,172.5,0.975
3467,496.5,172.5,0.988
3468,526.5,176.5,0.99
3469,552.5,180.5,0.971
3470,580.5,190.5,0.98
3471,608.5,198.5,0.99
3472,640.5,214.5,0.999
3473,672.5,232.5,0.99
3474,692.5,244.5,0.996
3475,726.5,270.5,0.996
3476,750.5,290.5,0.992
3478,798.5,334.5,0.786
3479,836.5,308.5,0.998
3480,856.5,304.5,0.995
3481,888.5,292.5,0.992
3482,916.5,290.5,0.997
3483,938.5,288.5,0.996
3485,1002.5,296.5,0.996
3486,1028.5,304.5,0.983
3487,1050.5,312.5,0.966
3488,1076.5,326.5,0.995
3489,1094.5,338.5,0.994
3491,1090.5,338.5,0.998
3492,1032.5,298.5,0.982
3493,998.5,276.5,0.995
3494,918.5,232.5,0.997
3495,868.5,210.5,0.997
3496,800.5,186.5,0.991
3497,760.5,174.5,0.987
3498,714.5,164.5,0.984
3499,682.5,160.5,0.984
3500,634.5,158.5,0.998
3501,596.5,160.5,0.984
3502,558.5,164.5,0.996
3503,530.5,170.5,0.995
3504,494.5,180.5,0.998
3505,464.5,192.5,0.992
3506,438.5,208.5,0.989
3507,416.5,220.5,0.99
3508,392.5,240.5,0.995
3509,376.5,256.5,0.989
3510,352.5,264.5,0.976
3511,326.5,234.5,0.998
3512,310.5,218.5,0.995
3513,284.5,194.5,0.843
3514,270.5,182.5,0.99
3515,248.5,170.5,0.987
3516,230.5,156.5,0.983
3517,214.5,156.5,0.954
3518,200.5,148.5,0.992
3519,184.5,146.5,0.979
3520,166.5,146.5,0.88
3521,1104.5,186.5,0.64
3522,154.5,156.5,0.941
3523,152.5,162.5,0.987
3524,154.5,172.5,0.994
3525,152.5,184.5,0.992
3526,152.5,198.5,0.996
3527,152.5,212.5,0.998
3528,152.5,228.5,0.991
3529,154.5,248.5,0.981
3530,156.5,266.5,0.987
3531,158.5,290.5,0.979
3532,160.5,310.5,0.925
3533,162.5,336.5,0.98
3534,166.5,358.5,0.964
3535,168.5,374.5,0.977
3536,164.5,380.5,0.981
3537,158.5,366.5,0.994
3538,152.5,354.5,0.997
3539,148.5,346.5,0.996
3540,142.5,338.5,0.995
3541,136.5,332.5,0.983
3542,132.5,330.5,0.988
3543,130.5,328.5,0.984
3544,126.5,328.5,0.991
3545,122.5,330.5,0.99
3546,120.5,336.5,0.991
3547,118.5,340.5,0.997
3548,116.5,348.5,0.998
3549,116.5,360.5,0.999
3550,116.5,368.5,0.997
3551,116.5,382.5,0.992
3552,116.5,392.5,0.996
3553,110.5,388.5,0.996
3554,106.5,384.5,0.986
3555,102.5,378.5,0.995
3556,96.5,378.5,0.994
3557,94.5,378.5,0.997
3558,90.5,380.5,0.983
3559,88.5,386.5,0.998
3560,86.5,392.5,0.998
3561,86.5,400.5,0.997
3562,80.5,400.5,0.989
3563,78.5,396.5,0.993
3564,74.5,396.5,0.988
3565,72.5,400.5,0.994
3566,70.5,404.5,0.996
3567,66.5,404.5,0.994
3568,64.5,404.5,0.997
3569,64.5,406.5,0.967
3570,58.5,406.5,0.991
3571,56.5,408.5,0.971
3572,54.5,408.5,0.979
3573,52.5,408.5,0.979
3574,48.5,408.5,0.976
3575,46.5,408.5,0.992
3576,44.5,410.5,0.981
3577,42.5,410.5,0.978
3578,42.5,410.5,0.975
3579,682.5,614.5,0.888
3580,666.5,610.5,0.917
3581,636.5,584.5,0.781
3582,624.5,596.5,0.86
3583,608.5,594.5,0.956
3584,592.5,588.5,0.936
3591,1104.5,190.5,0.519
3598,704.5,648.5,0.688
3610,506.5,592.5,0.929
3613,70.5,290.5,0.525
3614,66.5,292.5,0.659
3615,64.5,304.5,0.509
3623,30.5,360.5,0.937
3624,552.5,582.5,0.511
3638,34.5,380.5,0.939
3639,38.5,374.5,0.925
3640,46.5,370.5,0.547
3641,52.5,364.5,0.534
3645,82.5,328.5,0.612
3646,756.5,438.5,0.866
3647,760.5,434.5,0.708
3648,762.5,426.5,0.877
3655,1104.5,192.5,0.571
3662,996.5,472.5,0.703
3665,150.5,376.5,0.541
3674,254.5,266.5,0.653
3677,900.5,378.5,0.581
3678,902.5,384.5,0.535
3685,244.5,362.5,0.777
3693,366.5,370.5,0.892
3695,312.5,250.5,0.947
3696,310.5,252.5,0.982
3697,308.5,256.5,0.932
3698,306.5,254.5,0.941
3699,302.5,254.5,0.955
3700,296.5,256.5,0.968
3701,294.5,256.5,0.973
3702,290.5,256.5,0.925
3703,288.5,256.5,0.992
3704,286.5,254.5,0.982
3705,284.5,256.5,0.995
3706,282.5,256.5,0.968
3707,282.5,258.5,0.911
3708,284.5,260.5,0.964
3709,284.5,264.5,0.954
3710,286.5,266.5,0.974
3711,286.5,268.5,0.964
3712,288.5,268.5,0.991
3713,284.5,262.5,0.979
3714,280.5,250.5,0.939
3715,276.5,236.5,0.928
3716,274.5,224.5,0.524
3717,268.5,206.5,0.948
3718,272.5,214.5,0.954
3719,260.5,184.5,0.573
3722,244.5,182.5,0.849
3723,252.5,172.5,0.836
3724,252.5,178.5,0.995
3725,252.5,186.5,0.998
3726,252.5,194.5,0.998
3727,252.5,204.5,0.844
3728,252.5,216.5,0.99
3729,262.5,232.5,0.926
3730,282.5,246.5,0.864
3731,336.5,276.5,0.758
3732,378.5,280.5,0.946
3733,414.5,270.5,0.99
3734,444.5,262.5,0.999
3735,474.5,258.5,0.998
3736,510.5,252.5,0.995
3737,546.5,258.5,0.981
3738,348.5,338.5,0.93
3739,626.5,270.5,0.972
3740,656.5,280.5,0.959
3741,692.5,292.5,0.978
3742,730.5,310.5,0.989
3743,762.5,326.5,0.885
3745,828.5,378.5,0.972
3748,930.5,346.5,0.914
3749,930.5,330.5,0.997
3750,900.5,308.5,0.995
3751,866.5,290.5,0.997
3752,834.5,274.5,0.999
3753,802.5,260.5,0.999
3754,770.5,246.5,0.999
3755,738.5,240.5,0.994
3756,712.5,236.5,0.974
3757,684.5,234.5,0.995
3758,652.5,234.5,0.986
3759,634.5,238.5,0.987
3760,612.5,242.5,0.984
3761,590.5,248.5,0.99
3762,566.5,260.5,0.976
3763,548.5,266.5,0.997
3764,530.5,282.5,0.996
3765,514.5,290.5,0.99
3766,498.5,272.5,0.995
3767,484.5,252.5,0.998
3768,470.5,238.5,0.996
3769,456.5,226.5,0.996
3770,444.5,218.5,0.991
3771,432.5,210.5,0.998
3772,422.5,206.5,0.994
3773,410.5,204.5,0.948
3774,434.5,208.5,0.808
3775,466.5,210.5,0.972
3776,510.5,216.5,0.991
3777,550.5,226.5,0.995
3778,586.5,236.5,0.979
3779,624.5,248.5,0.996
3780,654.5,260.5,0.995
3781,694.5,278.5,0.985
3782,734.5,308.5,0.831
3783,774.5,320.5,0.954
3784,818.5,306.5,0.991
3785,840.5,302.5,0.995
3786,884.5,298.5,0.981
3787,920.5,296.5,0.987
3788,940.5,296.5,0.997
3789,1000.5,302.5,0.956
3790,1014.5,308.5,0.995
3791,1042.5,316.5,0.96
3792,1014.5,306.5,0.997
3793,944.5,286.5,0.968
3794,916.5,282.5,0.986
3795,866.5,276.5,0.996
3796,822.5,272.5,0.998
3797,778.5,272.5,0.998
3798,734.5,274.5,0.998
3799,702.5,276.5,0.997
3800,668.5,284.5,0.916
3801,508.5,590.5,0.789
3802,600.5,308.5,0.979
3803,588.5,310.5,0.987
3805,598.5,320.5,0.973
3806,610.5,324.5,0.988
3807,614.5,330.5,0.993
3808,622.5,336.5,0.99
3809,628.5,340.5,0.991
3810,630.5,346.5,0.995
3811,636.5,350.5,0.989
3812,642.5,354.5,0.997
3813,646.5,358.5,0.994
3814,652.5,362.5,0.998
3815,656.5,368.5,0.993
3816,662.5,370.5,0.995
3817,664.5,376.5,0.991
3818,668.5,380.5,0.991
3819,672.5,384.5,0.993
3820,674.5,388.5,0.997
3821,676.5,392.5,0.994
3822,678.5,396.5,0.996
3823,680.5,402.5,0.998
3824,682.5,404.5,0.995
3825,686.5,410.5,0.997
3826,690.5,414.5,0.993
3827,692.5,418.5,0.999
3828,694.5,422.5,0.997
3829,698.5,426.5,0.998
3830,702.5,432.5,0.992
3831,704.5,434.5,0.994
3832,708.5,440.5,0.99
3833,712.5,442.5,0.939
3834,714.5,448.5,0.967
3835,720.5,456.5,0.983
3836,718.5,456.5,0.978
3837,722.5,456.5,0.969
3838,730.5,460.5,0.957
3839,750.5,464.5,0.895
3840,782.5,448.5,0.904
3841,812.5,440.5,0.804
3842,794.5,450.5,0.808
3845,368.5,378.5,0.534
3846,368.5,378.5,0.519
3848,926.5,442.5,0.955
3850,848.5,394.5,0.91
3851,830.5,362.5,0.955
3852,818.5,330.5,0.914
3853,800.5,302.5,0.996
3854,778.5,282.5,0.949
3855,750.5,256.5,0.995
3856,722.5,232.5,0.989
3857,702.5,218.5,0.984
3858,676.5,204.5,0.988
3859,650.5,194.5,0.974
3860,634.5,190.5,0.979
3861,612.5,186.5,0.98
3862,594.5,188.5,0.984
3863,574.5,192.5,0.981
3864,556.5,198.5,0.983
3865,538.5,208.5,0.989
3866,524.5,218.5,0.989
3867,510.5,230.5,0.981
3868,494.5,246.5,0.995
3869,482.5,262.5,0.997
3870,470.5,280.5,0.999
3871,456.5,298.5,0.999
3872,446.5,304.5,0.992
3873,436.5,280.5,0.998
3874,426.5,258.5,0.994
3875,418.5,242.5,0.996
3876,408.5,226.5,0.999
3877,400.5,212.5,0.999
3878,392.5,202.5,0.996
3879,384.5,196.5,0.998
3880,378.5,192.5,0.996
3881,370.5,190.5,0.99
3882,364.5,192.5,0.992
3883,358.5,194.5,0.999
3884,352.5,200.5,0.994
3885,348.5,210.5,0.997
3886,342.5,218.5,0.997
3887,340.5,232.5,1.0
3888,336.5,244.5,0.999
3889,334.5,262.5,0.991
3890,330.5,272.5,0.958
3891,324.5,256.5,0.976
3892,318.5,238.5,0.987
3893,312.5,226.5,0.986
3894,304.5,212.5,0.99
3895,300.5,204.5,0.993
3896,294.5,200.5,0.978
3897,290.5,194.5,0.937
3898,286.5,192.5,0.931
3899,284.5,194.5,0.969
3900,278.5,198.5,0.984
3901,276.5,202.5,0.962
3902,276.5,208.5,0.899
3903,1074.5,212.5,0.571
3904,274.5,222.5,0.819
3910,368.5,378.5,0.777
3911,368.5,376.5,0.835
3912,368.5,376.5,0.715
3913,238.5,296.5,0.592
3914,244.5,290.5,0.888
3916,210.5,362.5,0.815
3917,220.5,364.5,0.777
3918,230.5,362.5,0.77
3920,278.5,260.5,0.902
3921,276.5,348.5,0.842
3922,276.5,262.5,0.985
3923,278.5,264.5,0.974
3924,278.5,264.5,0.972
3925,338.5,334.5,0.961
3926,276.5,266.5,0.974
3927,276.5,268.5,0.562
3928,276.5,270.5,0.931
3929,276.5,272.5,0.979
3930,276.5,270.5,0.962
3931,272.5,264.5,0.992
3932,270.5,250.5,0.964
3933,264.5,236.5,0.946
3934,264.5,222.5,0.758
3935,260.5,208.5,0.993
3936,256.5,198.5,0.964
3937,256.5,188.5,0.981
3938,308.5,272.5,0.716
3939,254.5,180.5,0.925
3940,250.5,194.5,0.706
3941,252.5,180.5,0.976
3942,252.5,186.5,0.985
3943,252.5,192.5,0.987
3944,252.5,202.5,0.996
3945,254.5,212.5,0.955
3946,256.5,220.5,0.658
3947,258.5,236.5,0.943
3948,288.5,252.5,0.977
3949,326.5,268.5,0.783
3950,388.5,280.5,0.832
3951,414.5,276.5,0.998
3952,450.5,268.5,0.999
3953,492.5,264.5,0.997
3954,524.5,262.5,0.993
3955,558.5,264.5,0.987
3957,628.5,274.5,0.993
3958,660.5,278.5,0.958
3959,656.5,318.5,0.939
3960,1016.5,370.5,0.59
3961,732.5,324.5,0.978
3962,774.5,322.5,0.973
3963,808.5,310.5,0.988
3964,828.5,306.5,0.989
3965,854.5,302.5,0.984
3966,882.5,300.5,0.985
3967,908.5,300.5,0.994
3968,930.5,304.5,0.994
3971,920.5,274.5,0.998
3972,900.5,262.5,0.997
3973,868.5,244.5,0.999
3974,836.5,228.5,0.998
3975,798.5,212.5,0.998
3976,780.5,208.5,0.988
3977,750.5,200.5,0.992
3978,722.5,196.5,0.993
3979,698.5,196.5,0.996
3980,676.5,196.5,0.999
3981,644.5,202.5,0.99
3982,624.5,210.5,0.978
3983,604.5,216.5,0.979
3984,582.5,226.5,0.984
3985,562.5,238.5,0.977
3986,546.5,252.5,0.969
3987,524.5,264.5,0.992
3988,512.5,250.5,0.995
3989,498.5,236.5,0.986
3990,484.5,222.5,0.995
3991,470.5,208.5,0.993
3992,456.5,200.5,0.996
3993,444.5,192.5,0.989
3994,432.5,188.5,0.993
3995,422.5,186.5,0.992
3996,408.5,186.5,0.996
3997,398.5,188.5,0.994
3998,390.5,194.5,0.997
3999,382.5,200.5,0.986
4000,374.5,192.5,0.693
4003,358.5,192.5,0.928
4004,354.5,196.5,0.949
4005,352.5,204.5,0.935
4006,346.5,210.5,0.945
4007,366.5,228.5,0.748
4013,302.5,244.5,0.631
4014,300.5,248.5,0.92
4015,292.5,248.5,0.829
4016,288.5,248.5,0.983
4017,286.5,250.5,0.993
4018,282.5,252.5,0.991
4019,280.5,252.5,0.992
4020,280.5,254.5,0.99
4021,276.5,256.5,0.985
4022,276.5,256.5,0.994
4023,274.5,260.5,0.994
4024,276.5,262.5,0.989
4025,274.5,266.5,0.984
4026,274.5,268.5,0.992
4027,274.5,270.5,0.982
4028,272.5,266.5,0.995
4029,266.5,258.5,0.973
4030,262.5,244.5,0.842
4031,312.5,222.5,0.514
4032,256.5,222.5,0.584
4033,250.5,206.5,0.955
4034,248.5,198.5,0.975
4035,244.5,192.5,0.986
4036,242.5,186.5,0.977
4037,240.5,186.5,0.981
4038,238.5,188.5,0.994
4039,236.5,192.5,0.973
4040,234.5,198.5,0.939
4041,238.5,204.5,0.552
4042,236.5,216.5,0.939
4043,252.5,228.5,0.751
4044,242.5,232.5,0.671
4045,310.5,274.5,0.711
4046,352.5,294.5,0.996
4047,384.5,292.5,0.996
4048,416.5,284.5,0.999
4049,448.5,286.5,0.998
4050,478.5,290.5,0.993
4051,510.5,294.5,0.998
4052,546.5,304.5,0.997
4053,574.5,312.5,0.996
4054,618.5,332.5,0.963
4055,646.5,348.5,0.956
4056,692.5,372.5,0.98
4057,730.5,402.5,0.959
4058,762.5,430.5,0.98
4059,802.5,420.5,0.99
4060,840.5,420.5,0.939
4061,996.5,404.5,0.964
4062,922.5,424.5,0.957
4063,932.5,410.5,0.997
4065,200.5,378.5,0.549
4066,790.5,320.5,0.949
4067,738.5,296.5,0.992
4068,696.5,276.5,0.997
4069,654.5,262.5,0.993
4070,622.5,254.5,0.983
4071,584.5,244.5,0.993
4072,552.5,242.5,0.991
4073,526.5,242.5,0.989
4074,494.5,244.5,0.998
4075,470.5,246.5,0.999
4076,448.5,252.5,0.998
4077,426.5,262.5,0.999
4078,408.5,272.5,0.999
4079,392.5,282.5,1.0
4080,374.5,292.5,0.999
4081,360.5,274.5,0.992
4082,342.5,252.5,0.998
4083,328.5,234.5,0.995
4084,314.5,220.5,0.979
4085,304.5,210.5,0.993
4086,294.5,202.5,0.991
4087,282.5,194.5,0.962
4088,208.5,316.5,0.929
4089,348.5,188.5,0.933
4090,394.5,186.5,0.976
4091,430.5,186.5,0.97
4092,474.5,190.5,0.992
4093,524.5,198.5,0.986
4094,552.5,204.5,0.934
4095,596.5,216.5,0.988
4096,640.5,230.5,0.998
4097,684.5,248.5,0.999
4098,718.5,262.5,0.999
4099,764.5,288.5,0.991
4100,786.5,298.5,0.997
4101,208.5,312.5,0.705
4102,868.5,316.5,0.997
4103,910.5,302.5,0.994
4104,938.5,294.5,0.996
4105,998.5,284.5,0.994
4106,1020.5,286.5,0.991
4107,1058.5,284.5,0.953
4108,1088.5,286.5,0.983
4109,194.5,310.5,0.825
4110,1058.5,262.5,0.99
4111,1024.5,250.5,0.984
4112,940.5,226.5,0.999
4113,890.5,212.5,0.994
4114,838.5,204.5,0.991
4115,792.5,198.5,0.996
4116,746.5,196.5,0.993
4117,698.5,200.5,0.973
4118,674.5,204.5,0.993
4119,632.5,212.5,0.976
4120,594.5,222.5,0.964
4121,570.5,230.5,0.982
4122,542.5,244.5,0.988
4123,510.5,260.5,0.997
4124,490.5,244.5,0.993
4125,466.5,224.5,0.996
4126,444.5,204.5,0.987
4127,424.5,194.5,0.99
4128,406.5,182.5,0.99
4129,386.5,174.5,0.973
4130,182.5,322.5,0.94
4131,184.5,320.5,0.869
4132,428.5,158.5,0.963
4133,462.5,158.5,0.989
4134,504.5,160.5,0.995
4135,540.5,164.5,0.997
4136,580.5,174.5,0.967
4137,616.5,182.5,0.989
4138,650.5,194.5,0.971
4139,696.5,214.5,0.995
4140,746.5,242.5,0.998
4141,782.5,264.5,0.996
4142,820.5,290.5,0.982
4143,852.5,314.5,0.998
4145,944.5,402.5,0.994
4146,994.5,454.5,0.991
4147,1018.5,486.5,0.959
4148,1058.5,540.5,0.957
4149,340.5,154.5,0.907
4150,1130.5,652.5,0.8
4151,324.5,164.5,0.926
4152,318.5,172.5,0.824
4153,306.5,180.5,0.873
4154,300.5,188.5,0.798
4157,258.5,222.5,0.867
4158,248.5,230.5,0.867
4161,196.5,248.5,0.76
4163,1248.5,684.5,0.956
4164,1216.5,682.5,0.956
4165,1196.5,684.5,0.955
4168,1106.5,698.5,0.98
4169,1078.5,704.5,0.981
4170,1076.5,690.5,0.996
4171,1070.5,680.5,0.955
4172,1064.5,670.5,0.964
4173,1058.5,660.5,0.981
4174,1052.5,656.5,0.961
4175,1044.5,654.5,0.985
4176,1036.5,656.5,0.993
4177,1028.5,658.5,0.999
4178,1020.5,666.5,0.984
4179,1014.5,672.5,0.904
4181,1006.5,666.5,0.997
4182,1004.5,664.5,0.974
4183,1004.5,662.5,0.758
4184,1008.5,668.5,0.714
4185,1012.5,678.5,0.971
4186,1014.5,688.5,0.987
4187,1016.5,696.5,0.977
4188,1016.5,692.5,0.87
4189,1018.5,696.5,0.927
4191,126.5,250.5,0.906
4192,148.5,262.5,0.917
4200,132.5,254.5,0.904
4208,150.5,256.5,0.92
4217,1044.5,238.5,0.696
4229,848.5,696.5,0.66
4230,974.5,618.5,0.685
4235,830.5,566.5,0.503
4244,614.5,566.5,0.635
4245,592.5,568.5,0.609
4247,556.5,570.5,0.869
4248,542.5,570.5,0.896
4254,314.5,332.5,0.55
4255,274.5,244.5,0.807
4260,290.5,256.5,0.528
4268,508.5,592.5,0.972
4272,336.5,232.5,0.519
4296,672.5,506.5,0.766
4297,690.5,500.5,0.538
4332,200.5,356.5,0.817
4336,196.5,352.5,0.658
4337,1136.5,138.5,0.807
4340,1162.5,260.5,0.733
4341,1164.5,260.5,0.728
4361,1106.5,174.5,0.508
4380,982.5,542.5,0.578
4382,984.5,544.5,0.655
4383,984.5,540.5,0.566
4384,984.5,538.5,0.943
4385,982.5,534.5,0.944
4386,978.5,530.5,0.984
4387,976.5,524.5,0.936
4391,1110.5,296.5,0.765
4392,928.5,444.5,0.948
4393,926.5,422.5,0.933
4394,916.5,394.5,0.98
4395,922.5,374.5,0.962
4396,918.5,328.5,0.928
4397,920.5,300.5,0.52
4398,928.5,284.5,0.919
4399,934.5,268.5,0.958
4400,942.5,254.5,0.983
4401,944.5,242.5,0.997
4402,948.5,234.5,0.99
4403,952.5,232.5,0.997
4404,958.5,238.5,0.987
4405,958.5,244.5,0.997
4406,960.5,256.5,0.992
4407,962.5,270.5,0.991
4408,900.5,386.5,0.972
4409,960.5,314.5,0.985
4410,960.5,336.5,0.965
4411,920.5,468.5,0.959
4412,956.5,394.5,0.954
4414,926.5,418.5,0.942
4415,886.5,398.5,0.863
4416,854.5,388.5,0.991
4417,826.5,382.5,0.99
4418,800.5,380.5,0.994
4419,774.5,382.5,0.974
4420,754.5,388.5,0.96
4421,734.5,348.5,0.971
4422,720.5,324.5,0.986
4423,706.5,304.5,0.955
4424,630.5,342.5,0.96
4425,680.5,276.5,0.955
4426,656.5,264.5,0.995
4427,646.5,258.5,0.998
4428,630.5,254.5,0.972
4429,616.5,254.5,0.978
4430,606.5,256.5,0.991
4431,222.5,302.5,0.701
4432,582.5,266.5,0.856
4433,566.5,266.5,0.98
4434,564.5,256.5,0.981
4435,552.5,240.5,0.993
4436,544.5,230.5,0.992
4437,534.5,222.5,0.99
4438,526.5,216.5,0.981
4439,516.5,214.5,0.993
4440,508.5,212.5,0.968
4441,500.5,214.5,0.998
4442,518.5,212.5,0.999
4443,536.5,210.5,0.995
4444,554.5,212.5,0.985
4445,576.5,214.5,0.987
4446,594.5,218.5,0.975
4447,616.5,226.5,0.986
4448,642.5,238.5,0.992
4449,654.5,244.5,0.984
4450,680.5,260.5,0.999
4451,700.5,276.5,0.995
4452,708.5,316.5,0.948
4453,746.5,320.5,0.98
4454,760.5,326.5,0.987
4455,792.5,306.5,0.965
4456,810.5,304.5,0.98
4457,828.5,304.5,0.965
4458,850.5,306.5,0.996
4459,868.5,310.5,0.982
4460,900.5,320.5,0.992
4461,894.5,314.5,0.991
4462,846.5,294.5,0.987
4463,802.5,276.5,0.998
4464,750.5,260.5,0.999
4465,716.5,254.5,0.996
4466,680.5,246.5,0.997
4467,636.5,242.5,0.991
4468,600.5,242.5,0.981
4469,566.5,242.5,0.982
4470,532.5,246.5,0.989
4471,498.5,250.5,0.997
4472,472.5,262.5,0.998
4473,440.5,276.5,0.998
4474,418.5,284.5,0.994
4475,398.5,272.5,0.985
4476,366.5,252.5,0.989
4477,852.5,380.5,0.961
4478,862.5,380.5,0.974
4479,306.5,220.5,0.969
4480,282.5,214.5,0.931
4481,266.5,212.5,0.988
4482,248.5,214.5,0.978
4483,228.5,212.5,0.997
4484,246.5,200.5,0.955
4485,330.5,212.5,0.979
4486,370.5,212.5,0.974
4487,458.5,222.5,0.958
4488,310.5,122.5,0.947
4489,612.5,250.5,0.954
4490,696.5,274.5,0.983
4491,770.5,296.5,0.995
4493,962.5,380.5,0.937
4494,1010.5,406.5,0.726
4496,1106.5,172.5,0.929
4498,1202.5,532.5,0.806
4499,1242.5,562.5,0.81
4500,1252.5,584.5,0.873
4505,1040.5,364.5,0.513
4506,324.5,84.5,0.938
4508,278.5,148.5,0.639
4509,276.5,160.5,0.954
4510,272.5,170.5,0.936
4511,1270.5,710.5,0.784
4512,1248.5,708.5,0.93
4513,1224.5,710.5,0.731
4514,1214.5,714.5,0.82
4518,1168.5,554.5,0.82
4521,394.5,222.5,0.663
4524,400.5,226.5,0.516
4525,402.5,228.5,0.502
4527,406.5,232.5,0.72
4528,408.5,232.5,0.52
4531,404.5,232.5,0.626
4532,402.5,232.5,0.882
4533,396.5,230.5,0.893
4534,392.5,232.5,0.716
4537,384.5,234.5,0.578
4545,1184.5,568.5,0.587
4546,1172.5,396.5,0.631
4561,76.5,488.5,0.607
4574,44.5,476.5,0.516
4576,1104.5,194.5,0.526
4584,1208.5,712.5,0.705
4593,386.5,224.5,0.828
4594,1120.5,624.5,0.705
4595,1108.5,610.5,0.896
4596,1096.5,594.5,0.599
4597,1084.5,580.5,0.781
4598,1076.5,568.5,0.942
4599,1070.5,554.5,0.978
4600,1066.5,542.5,0.947
4601,1062.5,528.5,0.968
4602,1062.5,514.5,0.962
4603,1064.5,504.5,0.64
4604,1064.5,494.5,0.791
4605,1068.5,486.5,0.707
4606,1072.5,480.5,0.869
4607,402.5,226.5,0.918
4608,396.5,226.5,0.731
4609,392.5,226.5,0.962
4610,386.5,224.5,0.93
4611,382.5,226.5,0.916
4613,376.5,250.5,0.671
4619,1014.5,380.5,0.543
4641,1108.5,522.5,0.736
4647,926.5,454.5,0.629
4648,914.5,428.5,0.988
4649,908.5,406.5,0.984
4650,910.5,386.5,0.951
4651,914.5,360.5,0.845
4652,914.5,328.5,0.743
4653,998.5,402.5,0.825
4654,928.5,292.5,0.999
4655,932.5,282.5,0.996
4656,936.5,274.5,0.991
4657,940.5,268.5,0.972
4658,942.5,268.5,0.989
4659,944.5,272.5,0.994
4660,946.5,282.5,0.997
4661,946.5,292.5,0.995
4662,946.5,310.5,0.994
4663,948.5,326.5,0.996
4664,928.5,476.5,0.856
4665,948.5,378.5,0.975
4666,946.5,402.5,0.97
4667,942.5,428.5,0.975
4668,894.5,440.5,0.974
4669,832.5,432.5,0.954
4670,892.5,374.5,0.824
4671,896.5,330.5,0.896
4672,886.5,432.5,0.943
4673,634.5,370.5,0.969
4674,598.5,344.5,0.923
4675,554.5,318.5,0.992
4676,522.5,304.5,0.994
4677,494.5,296.5,0.998
4678,466.5,288.5,0.996
4679,436.5,284.5,0.999
4680,410.5,284.5,0.999
4681,390.5,284.5,0.998
4682,366.5,292.5,0.997
4683,348.5,290.5,0.979
4684,326.5,274.5,0.953
4685,308.5,260.5,0.974
4686,290.5,252.5,0.925
4687,270.5,240.5,0.982
4688,256.5,236.5,0.988
4689,244.5,234.5,0.959
4690,252.5,232.5,0.971
4691,258.5,234.5,0.964
4692,264.5,240.5,0.971
4693,270.5,246.5,0.994
4694,280.5,258.5,0.987
4695,288.5,274.5,0.989
4696,294.5,288.5,0.988
4697,302.5,308.5,0.981
4698,310.5,336.5,0.997
4699,320.5,368.5,0.907
4700,330.5,400.5,0.869
4701,342.5,436.5,0.95
4702,352.5,472.5,0.941
4703,358.5,500.5,0.935
4704,374.5,554.5,0.97
4705,384.5,600.5,0.994
4706,392.5,612.5,0.941
4713,232.5,232.5,0.883
4714,226.5,232.5,0.606
4716,562.5,676.5,0.978
4717,580.5,684.5,0.956
4718,598.5,692.5,0.952
4719,618.5,706.5,0.905
4721,648.5,712.5,0.73
4722,662.5,712.5,0.908
4723,676.5,712.5,0.571
4725,304.5,234.5,0.841
4726,304.5,234.5,0.729
4749,784.5,644.5,0.636
4750,758.5,578.5,0.979
4751,738.5,520.5,0.933
4752,724.5,476.5,0.907
4753,714.5,442.5,0.747
4754,692.5,392.5,0.965
4755,674.5,358.5,0.977
4756,652.5,322.5,0.98
4757,636.5,294.5,0.975
4758,618.5,272.5,0.991
4759,602.5,250.5,0.99
4760,230.5,184.5,0.988
4761,576.5,228.5,0.994
4762,562.5,224.5,0.976
4763,550.5,220.5,0.985
4764,538.5,222.5,0.985
4765,528.5,226.5,0.997
4766,518.5,234.5,0.994
4767,510.5,242.5,0.982
4768,502.5,252.5,0.999
4769,494.5,268.5,0.997
4770,486.5,282.5,1.0
4771,482.5,298.5,0.998
4772,474.5,318.5,0.987
4773,468.5,302.5,0.994
4774,462.5,280.5,0.998
4775,456.5,258.5,0.998
4776,452.5,242.5,0.999
4777,446.5,226.5,0.999
4778,442.5,216.5,0.998
4779,438.5,206.5,0.995
4780,434.5,200.5,0.992
4781,430.5,194.5,0.997
4782,424.5,194.5,0.998
4783,422.5,198.5,0.999
4784,418.5,202.5,0.997
4785,416.5,208.5,0.999
4786,416.5,218.5,0.999
4787,412.5,226.5,0.999
4788,412.5,242.5,0.998
4789,410.5,256.5,0.995
4790,408.5,270.5,0.996
4791,406.5,256.5,0.99
4792,400.5,240.5,0.991
4793,396.5,224.5,0.997
4794,392.5,212.5,0.996
4795,388.5,202.5,0.991
4796,384.5,198.5,0.991
4797,382.5,190.5,0.978
4798,380.5,188.5,0.995
4799,376.5,188.5,0.988
4800,374.5,192.5,0.987
4801,372.5,196.5,0.99
4802,372.5,202.5,0.975
4803,370.5,208.5,0.93
4804,368.5,204.5,0.914
4805,276.5,348.5,0.576
4814,334.5,180.5,0.956
4815,332.5,170.5,0.96
4817,334.5,144.5,0.571
4830,330.5,106.5,0.582
4831,328.5,114.5,0.932
4836,342.5,174.5,0.976
4842,690.5,284.5,0.781
4849,326.5,182.5,0.955
4862,1138.5,394.5,0.817
4866,336.5,348.5,0.609
4867,342.5,346.5,0.927
4868,350.5,344.5,0.825
4871,326.5,120.5,0.939
4872,322.5,130.5,0.943
4873,320.5,144.5,0.961
4874,314.5,156.5,0.98
4875,314.5,170.5,0.953
4876,312.5,184.5,0.814
4877,310.5,200.5,0.93
4878,1032.5,520.5,0.608
4879,332.5,212.5,0.765
4880,308.5,232.5,0.978
4881,308.5,240.5,0.957
4882,304.5,240.5,0.992
4883,302.5,246.5,0.978
4884,298.5,246.5,0.989
4885,296.5,248.5,0.988
4886,294.5,250.5,0.991
4887,290.5,250.5,0.969
4888,292.5,254.5,0.989
4889,292.5,256.5,0.989
4890,290.5,260.5,0.988
4891,292.5,262.5,0.982
4892,292.5,266.5,0.991
4893,292.5,266.5,0.972
4894,290.5,258.5,0.948
4895,284.5,248.5,0.921
4896,280.5,234.5,0.907
4897,274.5,218.5,0.939
4898,272.5,204.5,0.98
4899,268.5,194.5,0.965
4900,254.5,196.5,0.695
4901,260.5,180.5,0.977
4902,256.5,178.5,0.984
4903,256.5,178.5,0.997
4904,254.5,178.5,0.998
4905,252.5,186.5,0.996
4906,252.5,192.5,0.997
4907,252.5,202.5,0.995
4908,250.5,212.5,0.983
4909,252.5,228.5,0.901
4910,266.5,242.5,0.95
4911,296.5,258.5,0.901
4912,350.5,286.5,0.933
4913,372.5,274.5,0.986
4914,400.5,266.5,0.992
4915,430.5,262.5,0.999
4916,460.5,260.5,1.0
4917,492.5,260.5,0.998
4918,524.5,262.5,0.996
4919,554.5,266.5,0.992
4920,596.5,282.5,0.983
4921,614.5,286.5,0.976
4922,594.5,356.5,0.785
4923,642.5,362.5,0.932
4924,716.5,348.5,0.975
4925,740.5,364.5,0.982
4926,770.5,352.5,0.983
4927,802.5,346.5,0.973
4928,834.5,338.5,0.837
4929,896.5,340.5,0.917
4930,878.5,336.5,0.924
4931,868.5,316.5,0.998
4932,836.5,290.5,0.991
4933,804.5,270.5,0.996
4934,772.5,250.5,0.996
4935,752.5,242.5,0.995
4936,720.5,228.5,0.996
4937,694.5,222.5,0.987
4938,674.5,218.5,0.995
4939,642.5,216.5,0.99
4940,624.5,218.5,0.978
4941,602.5,222.5,0.981
4942,580.5,228.5,0.994
4943,562.5,236.5,0.989
4944,546.5,244.5,0.988
4945,524.5,258.5,0.992
4946,508.5,274.5,0.991
4947,496.5,284.5,0.996
4948,478.5,272.5,0.994
4949,456.5,252.5,0.996
4950,442.5,240.5,0.994
4951,426.5,228.5,0.997
4952,410.5,220.5,0.993
4953,396.5,214.5,0.986
4954,382.5,208.5,0.969
4955,370.5,208.5,0.963
4956,360.5,210.5,0.896
4957,422.5,238.5,0.98
4958,452.5,258.5,0.996
4959,482.5,276.5,0.995
4960,508.5,294.5,0.985
4961,350.5,216.5,0.617
4962,540.5,328.5,0.951
4963,532.5,326.5,0.922
4964,522.5,330.5,0.966
4965,512.5,328.5,0.889
4968,484.5,322.5,0.987
4969,476.5,324.5,0.996
4970,470.5,318.5,0.998
4971,462.5,314.5,0.997
4972,454.5,314.5,0.999
4973,448.5,316.5,0.99
4974,440.5,316.5,0.998
4975,434.5,310.5,0.998
4976,428.5,310.5,0.998
4977,422.5,312.5,0.999
4978,416.5,312.5,0.999
4979,408.5,308.5,0.999
4980,402.5,304.5,0.999
4981,394.5,304.5,0.998
4982,390.5,308.5,0.999
4983,384.5,304.5,0.999
4984,376.5,300.5,0.999
4985,372.5,300.5,0.995
4986,366.5,300.5,0.999
4987,360.5,298.5,1.0
4988,356.5,296.5,0.999
4989,350.5,298.5,0.999
4990,344.5,296.5,0.999
4991,338.5,294.5,0.996
4992,334.5,296.5,0.998
4993,328.5,292.5,0.999
4994,322.5,290.5,0.998
4995,316.5,292.5,0.998
4996,312.5,290.5,0.998
4997,308.5,288.5,0.989
4998,302.5,290.5,0.987
5002,278.5,278.5,0.924
5004,278.5,254.5,0.605
5007,278.5,380.5,0.764
5009,508.5,590.5,0.662
5010,286.5,260.5,0.876
5011,288.5,258.5,0.903
5012,284.5,262.5,0.905
5014,276.5,264.5,0.968
5015,276.5,262.5,0.885
5017,278.5,266.5,0.819
5018,276.5,268.5,0.976
5019,278.5,272.5,0.968
5020,278.5,272.5,0.981
5021,278.5,268.5,0.994
5022,274.5,260.5,0.882
5023,270.5,246.5,0.94
5024,264.5,230.5,0.968
5025,262.5,216.5,0.99
5026,262.5,206.5,0.963
5027,258.5,196.5,0.973
5028,256.5,188.5,0.856
5029,256.5,184.5,0.993
5030,256.5,182.5,0.992
5031,254.5,184.5,0.996
5032,254.5,188.5,0.998
5033,254.5,194.5,0.998
5034,256.5,202.5,0.991
5035,254.5,212.5,0.874
5036,256.5,230.5,0.882
5037,268.5,244.5,0.856
5038,306.5,264.5,0.791
5039,354.5,284.5,0.944
5040,378.5,274.5,0.986
5041,412.5,264.5,0.996
5042,446.5,258.5,0.995
5043,476.5,252.5,0.999
5044,512.5,250.5,0.997
5045,542.5,252.5,0.987
5046,582.5,260.5,0.913
5047,620.5,268.5,0.675
5048,642.5,274.5,0.964
5049,636.5,328.5,0.822
5050,270.5,348.5,0.834
5051,728.5,330.5,0.923
5052,764.5,336.5,0.975
5053,782.5,344.5,0.949
5054,830.5,308.5,0.998
5055,852.5,306.5,0.993
5056,884.5,302.5,0.985
5057,912.5,302.5,0.997
5058,934.5,304.5,0.983
5059,928.5,290.5,0.996
5060,884.5,260.5,0.997
5061,852.5,244.5,0.997
5062,816.5,228.5,0.999
5063,782.5,212.5,0.999
5064,746.5,202.5,0.991
5065,718.5,194.5,0.987
5066,686.5,188.5,0.998
5067,656.5,186.5,0.953
5068,632.5,188.5,0.973
5069,606.5,192.5,0.981
5070,580.5,196.5,0.97
5071,560.5,202.5,0.976
5072,538.5,212.5,0.991
5073,520.5,220.5,0.996
5074,502.5,230.5,0.988
5075,484.5,244.5,0.996
5076,468.5,228.5,0.989
5077,452.5,206.5,0.988
5078,440.5,196.5,0.995
5079,426.5,184.5,0.991
5080,412.5,172.5,0.987
5081,354.5,194.5,0.902
5082,372.5,182.5,0.847
5083,438.5,158.5,0.904
5084,476.5,158.5,0.94
5085,504.5,160.5,0.988
5086,534.5,164.5,0.99
5087,562.5,170.5,0.971
5088,594.5,180.5,0.986
5089,628.5,194.5,0.992
5090,648.5,204.5,0.991
5091,690.5,228.5,0.999
5092,714.5,244.5,0.99
5093,738.5,262.5,0.996
5094,772.5,292.5,0.997
5095,384.5,112.5,0.51
5096,330.5,150.5,0.605
5097,376.5,134.5,0.706
5098,370.5,148.5,0.915
5099,362.5,164.5,0.919
5100,910.5,474.5,0.968
5101,342.5,192.5,0.953
5102,350.5,210.5,0.906
5103,972.5,450.5,0.897
5104,1000.5,440.5,0.973
5105,1014.5,436.5,0.989
5106,1040.5,436.5,0.953
5107,1062.5,436.5,0.987
5108,1082.5,438.5,0.911
5112,1264.5,320.5,0.625
5113,1262.5,328.5,0.619
5115,1256.5,340.5,0.892
5126,1150.5,602.5,0.599
5144,1140.5,520.5,0.745
5145,1132.5,518.5,0.53
5146,1188.5,474.5,0.939
5149,1170.5,476.5,0.564
5150,1170.5,474.5,0.724
5152,272.5,250.5,0.71
5155,1160.5,474.5,0.89
5156,1156.5,476.5,0.972
5157,1152.5,476.5,0.982
5158,1150.5,476.5,0.934
5159,1146.5,474.5,0.935
5160,1142.5,476.5,0.969
5161,1140.5,474.5,0.975
5162,1138.5,474.5,0.934
5163,1136.5,474.5,0.964
5165,1132.5,474.5,0.715
5166,1126.5,474.5,0.986
5167,1124.5,472.5,0.925
5173,1150.5,444.5,0.843
5174,1152.5,438.5,0.851
5175,1152.5,434.5,0.93
5176,1132.5,454.5,0.779
5177,1136.5,450.5,0.638
5178,1140.5,446.5,0.962
5179,1148.5,440.5,0.929
5180,1154.5,434.5,0.754
5181,1158.5,426.5,0.892
5182,1164.5,420.5,0.871
5184,1166.5,572.5,0.564
5185,1208.5,482.5,0.872
5187,1204.5,580.5,0.801
5188,1194.5,558.5,0.714
5190,1182.5,578.5,0.798
5197,262.5,230.5,0.664
5208,1170.5,438.5,0.571
5211,1142.5,454.5,0.707
5214,1122.5,482.5,0.584
5216,1218.5,562.5,0.785
5218,1160.5,540.5,0.806
5219,1146.5,550.5,0.642
5220,400.5,226.5,0.738
5221,1136.5,584.5,0.724
5228,190.5,310.5,0.804
5229,1024.5,560.5,0.805
5230,1006.5,568.5,0.728
5231,1004.5,580.5,0.644
5234,894.5,556.5,0.84
5235,860.5,520.5,0.935
5236,814.5,464.5,0.917
5237,800.5,412.5,0.937
5238,776.5,360.5,0.983
5239,740.5,304.5,0.955
5240,718.5,262.5,0.971
5241,690.5,220.5,0.989
5242,676.5,198.5,0.988
5243,644.5,164.5,0.997
5244,630.5,150.5,0.998
5245,610.5,132.5,0.989
5246,586.5,120.5,0.983
5247,568.5,114.5,0.997
5248,550.5,114.5,0.996
5249,532.5,114.5,0.998
5250,516.5,120.5,0.994
5251,502.5,130.5,0.997
5252,488.5,142.5,0.992
5253,476.5,156.5,0.979
5254,464.5,172.5,0.996
5255,454.5,192.5,0.999
5256,444.5,212.5,0.996
5257,436.5,230.5,0.995
5258,426.5,258.5,0.995
5259,420.5,280.5,0.998
5260,412.5,310.5,0.989
5261,408.5,332.5,0.993
5262,400.5,310.5,0.994
5263,390.5,280.5,0.996
5264,380.5,252.5,0.992
5265,374.5,232.5,0.999
5266,366.5,212.5,0.993
5267,358.5,194.5,0.996
5268,350.5,178.5,0.996
5269,342.5,166.5,0.996
5270,336.5,156.5,0.989
5271,330.5,152.5,0.985
5272,324.5,146.5,0.997
5273,320.5,148.5,0.997
5274,318.5,154.5,0.996
5275,312.5,160.5,0.996
5276,310.5,168.5,0.996
5277,304.5,178.5,0.996
5278,304.5,188.5,0.983
5279,302.5,202.5,0.816
5280,300.5,220.5,0.981
5281,300.5,236.5,0.969
5282,298.5,256.5,0.552
5283,300.5,278.5,0.976
5284,292.5,260.5,0.985
5285,288.5,240.5,0.936
5286,282.5,222.5,0.58
5287,276.5,202.5,0.946
5288,270.5,192.5,0.994
5289,266.5,180.5,0.996
5290,262.5,172.5,0.985
5291,260.5,168.5,0.995
5292,256.5,164.5,0.994
5293,256.5,166.5,0.975
5294,254.5,164.5,0.991
5295,250.5,168.5,0.992
5296,254.5,180.5,0.945
5297,238.5,168.5,0.931
5298,240.5,154.5,0.967
5299,240.5,146.5,0.949
5300,240.5,138.5,0.938
5305,250.5,164.5,0.961
5306,262.5,180.5,0.966
5307,266.5,196.5,0.985
5308,282.5,210.5,0.857
5311,326.5,244.5,0.793
5312,352.5,258.5,0.654
5313,366.5,256.5,0.915
5314,352.5,236.5,0.59
5321,584.5,530.5,0.686
5322,608.5,532.5,0.676
5323,620.5,536.5,0.713
5325,664.5,532.5,0.818
5326,690.5,536.5,0.904
5327,706.5,534.5,0.894
5329,350.5,250.5,0.59
5330,344.5,250.5,0.744
5331,342.5,250.5,0.828
5332,334.5,250.5,0.883
5333,334.5,250.5,0.955
5334,328.5,252.5,0.969
5335,326.5,250.5,0.979
5336,320.5,250.5,0.992
5337,316.5,252.5,0.979
5338,312.5,252.5,0.951
5339,308.5,254.5,0.972
5340,302.5,254.5,0.987
5341,298.5,254.5,0.954
5342,294.5,254.5,0.97
5343,292.5,256.5,0.969
5344,288.5,256.5,0.98
5345,286.5,256.5,0.946
5346,282.5,256.5,0.959
5347,280.5,256.5,0.986
5348,278.5,256.5,0.974
5349,278.5,258.5,0.984
5350,276.5,260.5,0.996
5351,276.5,262.5,0.995
5352,274.5,264.5,0.987
5353,276.5,266.5,0.989
5354,276.5,268.5,0.984
5355,276.5,270.5,0.923
5356,276.5,268.5,0.942
5357,272.5,262.5,0.993
5358,270.5,252.5,0.96
5359,266.5,240.5,0.954
5360,264.5,226.5,0.982
5361,262.5,214.5,0.997
5362,260.5,204.5,0.996
5364,256.5,194.5,0.957
5365,256.5,192.5,0.973
5366,256.5,194.5,0.998
5367,256.5,200.5,0.995
5368,258.5,206.5,0.994
5369,258.5,216.5,0.984
5370,262.5,226.5,0.971
5371,262.5,236.5,0.993
5372,280.5,252.5,0.918
5373,316.5,268.5,0.775
5374,366.5,276.5,0.982
5375,402.5,268.5,0.994
5376,444.5,262.5,0.999
5377,476.5,262.5,0.999
5378,518.5,260.5,0.992
5379,552.5,262.5,0.975
5380,614.5,276.5,0.985
5381,630.5,278.5,0.942
5382,618.5,358.5,0.947
5383,728.5,316.5,0.977
5384,766.5,336.5,0.961
5386,256.5,360.5,0.949
5389,978.5,356.5,0.985
5390,974.5,336.5,0.993
5391,932.5,300.5,0.997
5392,898.5,272.5,0.997
5393,864.5,248.5,0.998
5394,832.5,228.5,0.999
5395,798.5,210.5,0.999
5396,770.5,196.5,0.998
5397,740.5,186.5,0.987
5398,716.5,180.5,0.991
5399,690.5,176.5,0.991
5400,670.5,176.5,0.973
5401,642.5,178.5,0.987
5402,622.5,182.5,0.989
5403,602.5,188.5,0.963
5404,584.5,194.5,0.968
5405,566.5,206.5,0.981
5406,548.5,218.5,0.994
5407,534.5,228.5,0.99
5408,520.5,244.5,0.952
5409,506.5,226.5,0.975
5410,498.5,212.5,0.997
5411,486.5,194.5,0.993
5412,474.5,182.5,0.991
5413,464.5,170.5,0.985
5414,452.5,160.5,0.977
5415,444.5,156.5,0.936
5416,462.5,152.5,0.981
5417,490.5,148.5,0.985
5418,526.5,148.5,0.991
5419,550.5,152.5,0.983
5420,578.5,158.5,0.98
5421,602.5,164.5,0.987
5422,630.5,176.5,0.985
5423,652.5,186.5,0.972
5424,690.5,210.5,0.997
5425,716.5,228.5,0.99
5426,740.5,248.5,0.994
5427,772.5,280.5,0.997
5428,788.5,296.5,0.999
5429,794.5,364.5,0.871
5430,844.5,372.5,0.951
5431,858.5,388.5,0.684
5433,930.5,332.5,0.998
5434,952.5,330.5,0.948
5435,978.5,328.5,0.989
5436,1006.5,330.5,0.983
5437,1036.5,334.5,0.975
5438,1010.5,306.5,0.996
5439,946.5,260.5,0.997
5440,916.5,240.5,0.997
5441,872.5,212.5,0.998
5442,834.5,194.5,0.998
5443,794.5,176.5,0.996
5444,764.5,166.5,0.997
5445,732.5,158.5,0.994
5446,704.5,154.5,0.986
5447,682.5,154.5,0.98
5448,652.5,156.5,0.983
5449,634.5,160.5,0.996
5450,614.5,164.5,0.991
5451,598.5,172.5,0.984
5452,580.5,182.5,0.99
5453,566.5,194.5,0.986
5454,552.5,206.5,0.986
5455,540.5,220.5,0.981
5456,530.5,232.5,0.991
5457,518.5,218.5,0.991
5458,508.5,198.5,0.942
5459,500.5,178.5,0.992
5460,488.5,162.5,0.994
5461,478.5,150.5,0.944
5462,470.5,138.5,0.992
5463,462.5,132.5,0.803
5464,454.5,124.5,0.734
5465,466.5,120.5,0.815
5466,480.5,120.5,0.961
5467,494.5,122.5,0.976
5468,510.5,126.5,0.95
5469,526.5,134.5,0.983
5470,538.5,140.5,0.99
5471,554.5,152.5,0.991
5472,570.5,166.5,0.987
5473,588.5,186.5,0.954
5474,608.5,210.5,0.97
5475,626.5,236.5,0.964
5476,644.5,264.5,0.993
5477,662.5,294.5,0.832
5478,674.5,324.5,0.81
5479,666.5,384.5,0.638
5480,700.5,388.5,0.988
5481,722.5,372.5,0.988
5482,740.5,362.5,0.998
5483,758.5,354.5,0.998
5484,774.5,352.5,0.999
5485,792.5,352.5,0.998
5486,810.5,356.5,0.989
5487,832.5,362.5,0.999
5488,790.5,346.5,0.955
5489,732.5,316.5,0.989
5490,688.5,302.5,0.976
5491,652.5,290.5,0.935
5492,610.5,278.5,0.977
5493,572.5,270.5,0.97
5494,540.5,270.5,0.99
5495,518.5,274.5,0.997
5496,490.5,278.5,0.999
5497,474.5,284.5,0.998
5498,454.5,292.5,0.999
5499,438.5,300.5,0.997
5500,420.5,278.5,0.991
5501,406.5,258.5,0.989
5502,390.5,238.5,0.994
5503,376.5,222.5,0.997
5504,366.5,210.5,0.972
5505,354.5,198.5,0.987
5506,344.5,192.5,0.994
5507,332.5,188.5,0.673
5510,376.5,172.5,0.989
5511,402.5,168.5,0.972
5512,430.5,166.5,0.99
5513,456.5,166.5,0.993
5514,484.5,172.5,0.984
5515,516.5,180.5,0.997
5516,544.5,188.5,0.985
5517,574.5,200.5,0.985
5518,604.5,214.5,0.984
5519,636.5,232.5,0.993
5520,672.5,256.5,0.972
5521,694.5,274.5,0.997
5522,730.5,308.5,0.911
5523,754.5,328.5,0.909
5524,776.5,362.5,0.992
5525,792.5,372.5,0.963
5526,806.5,382.5,0.851
5527,866.5,316.5,0.999
5528,896.5,310.5,0.998
5529,922.5,304.5,0.996
5530,940.5,300.5,0.995
5532,1006.5,304.5,0.986
5533,1028.5,308.5,0.998
5536,1008.5,314.5,0.988
5537,922.5,298.5,0.993
5538,852.5,288.5,0.967
5539,778.5,284.5,0.954
5540,732.5,280.5,0.964
5541,682.5,284.5,0.936
5542,614.5,292.5,0.976
5543,918.5,340.5,0.951
5544,946.5,364.5,0.919
5545,604.5,300.5,0.996
5546,1092.5,182.5,0.719
5547,1030.5,412.5,0.76
5548,630.5,322.5,0.967
5549,634.5,324.5,0.95
5550,644.5,328.5,0.988
5551,658.5,330.5,0.993
5552,666.5,334.5,0.987
5553,674.5,334.5,0.986
5554,682.5,334.5,0.986
5555,688.5,338.5,0.975
5556,696.5,344.5,0.994
5557,704.5,346.5,0.997
5558,710.5,346.5,0.998
5559,716.5,350.5,0.986
5560,722.5,352.5,0.99
5561,728.5,356.5,0.998
5562,730.5,354.5,0.987
5563,736.5,354.5,0.984
5564,742.5,356.5,0.992
5565,746.5,360.5,0.998
5566,750.5,362.5,0.997
5567,754.5,356.5,0.995
5568,756.5,360.5,0.995
5569,760.5,364.5,0.997
5570,762.5,364.5,0.996
5571,764.5,358.5,0.997
5572,764.5,360.5,0.985
5573,766.5,368.5,0.997
5574,766.5,360.5,0.997
5575,768.5,362.5,0.987
5576,768.5,364.5,0.993
5577,766.5,368.5,0.994
5578,768.5,360.5,0.989
5579,770.5,364.5,0.995
5580,770.5,368.5,0.996
5581,772.5,362.5,0.994
5582,770.5,364.5,0.99
5583,772.5,368.5,0.999
5584,772.5,362.5,0.995
5585,772.5,364.5,0.995
5586,774.5,368.5,0.996
5587,774.5,364.5,0.997
5588,774.5,368.5,0.995
5589,774.5,366.5,0.985
5590,778.5,368.5,0.977
5591,776.5,368.5,0.992
5592,778.5,366.5,0.99
5593,778.5,368.5,0.987
5594,776.5,366.5,0.954
5595,790.5,394.5,0.9
5596,828.5,492.5,0.883
5597,776.5,350.5,0.825
5598,774.5,350.5,0.941
5599,772.5,378.5,0.953
5600,776.5,368.5,0.646
5602,796.5,370.5,0.955
5603,784.5,362.5,0.758
5604,824.5,370.5,0.907
5605,816.5,362.5,0.87
5606,864.5,370.5,0.981
5607,862.5,420.5,0.942
5608,870.5,436.5,0.964
5609,868.5,450.5,0.932
5613,370.5,72.5,0.707
5616,926.5,400.5,0.888
5617,930.5,406.5,0.908
5618,932.5,414.5,0.847
5619,386.5,222.5,0.73
5621,390.5,238.5,0.809
5622,382.5,234.5,0.806
5623,376.5,242.5,0.556
5640,912.5,438.5,0.571
5641,924.5,438.5,0.945
5642,914.5,418.5,0.974
5643,908.5,396.5,0.983
5644,910.5,374.5,0.981
5645,906.5,338.5,0.806
5646,912.5,314.5,0.646
5647,918.5,294.5,0.97
5648,926.5,284.5,0.837
5649,932.5,272.5,0.996
5650,936.5,264.5,0.996
5651,942.5,258.5,0.995
5652,946.5,258.5,0.995
5653,950.5,266.5,0.989
5654,952.5,274.5,0.997
5655,958.5,290.5,0.959
5656,916.5,402.5,0.917
5657,960.5,324.5,0.994
5658,960.5,340.5,0.963
5659,962.5,378.5,0.959
5660,962.5,404.5,0.913
5661,1006.5,650.5,0.69
5662,1076.5,298.5,0.71
5663,844.5,412.5,0.969
5664,800.5,406.5,0.961
5665,754.5,404.5,0.969
5666,716.5,404.5,0.976
5667,660.5,396.5,0.931
5668,662.5,338.5,0.977
5670,604.5,290.5,0.994
5671,582.5,272.5,0.948
5672,558.5,262.5,0.986
5673,540.5,258.5,0.991
5674,520.5,252.5,0.998
5675,500.5,250.5,0.998
5676,482.5,252.5,0.999
5677,468.5,258.5,0.999
5678,452.5,264.5,0.999
5679,438.5,266.5,0.998
5680,426.5,250.5,0.992
5681,412.5,234.5,0.987
5682,402.5,224.5,0.979
5684,240.5,300.5,0.521
5685,412.5,200.5,0.729
5686,436.5,196.5,0.988
5687,466.5,194.5,0.993
5688,490.5,192.5,0.988
5689,526.5,194.5,0.992
5690,548.5,196.5,0.981
5691,576.5,202.5,0.974
5692,610.5,212.5,0.994
5693,640.5,224.5,0.991
5694,674.5,238.5,0.995
5695,690.5,246.5,0.995
5696,726.5,268.5,0.992
5697,756.5,290.5,0.998
5698,754.5,358.5,0.637
5699,800.5,362.5,0.828
5700,838.5,370.5,0.931
5703,930.5,332.5,0.998
5704,958.5,332.5,0.987
5705,988.5,332.5,0.956
5706,1010.5,332.5,0.996
5709,930.5,306.5,0.985
5710,784.5,268.5,0.962
5711,742.5,260.5,0.983
5712,638.5,242.5,0.944
5713,506.5,228.5,0.964
5714,466.5,228.5,0.976
5715,396.5,228.5,0.974
5716,354.5,236.5,0.971
5717,348.5,242.5,0.634
5718,282.5,250.5,0.72
5720,1024.5,404.5,0.705
5722,228.5,262.5,0.805
5723,1012.5,486.5,0.954
5724,1022.5,618.5,0.955
5725,236.5,278.5,0.862
5726,242.5,284.5,0.916
5728,250.5,306.5,0.988
5729,256.5,320.5,0.989
5730,260.5,330.5,0.968
5731,264.5,346.5,0.991
5732,268.5,356.5,0.993
5733,268.5,346.5,0.987
5734,268.5,338.5,0.984
5735,268.5,332.5,0.974
5736,270.5,328.5,0.989
5737,270.5,326.5,0.947
5738,272.5,324.5,0.985
5739,272.5,326.5,0.829
5740,274.5,330.5,0.932
5742,1056.5,568.5,0.835
5748,284.5,258.5,0.706
5750,292.5,348.5,0.985
5751,292.5,352.5,0.987
5752,294.5,356.5,0.995
5753,298.5,364.5,0.985
5754,300.5,364.5,0.961
5755,300.5,360.5,0.989
5756,302.5,362.5,0.991
5757,304.5,364.5,0.991
5758,304.5,368.5,0.953
5759,308.5,366.5,0.941
5760,310.5,368.5,0.966
5761,312.5,368.5,0.973
5762,314.5,368.5,0.975
5763,316.5,368.5,0.984
5764,318.5,368.5,0.986
5765,318.5,370.5,0.978
5767,230.5,276.5,0.846
5768,310.5,370.5,0.951
5769,304.5,368.5,0.956
5770,230.5,278.5,0.82
5771,230.5,278.5,0.904
5772,230.5,278.5,0.934
5773,230.5,276.5,0.901
5774,230.5,276.5,0.956
5775,228.5,274.5,0.859
5776,230.5,274.5,0.811
5777,228.5,272.5,0.729
5778,228.5,272.5,0.617
5783,226.5,268.5,0.722
5784,224.5,268.5,0.799
5786,222.5,268.5,0.841
5791,300.5,256.5,0.875
5792,510.5,590.5,0.975
5793,300.5,256.5,0.865
5794,300.5,256.5,0.614
5795,296.5,258.5,0.947
5796,296.5,256.5,0.893
5797,296.5,256.5,0.626
5801,272.5,230.5,0.854
5802,268.5,226.5,0.927
5803,266.5,224.5,0.58
5804,264.5,218.5,0.921
5805,264.5,212.5,0.95
5806,264.5,204.5,0.76
5807,264.5,194.5,0.949
5808,262.5,184.5,0.982
5809,264.5,170.5,0.993
5810,266.5,156.5,0.969
5811,270.5,138.5,0.981
5813,274.5,116.5,0.7
5814,270.5,100.5,0.582
5815,268.5,82.5,0.529
5823,284.5,128.5,0.864
5824,332.5,136.5,0.962
5825,316.5,148.5,0.956
5826,390.5,176.5,0.937
5827,412.5,202.5,0.944
5828,430.5,230.5,0.989
5829,448.5,250.5,0.996
5830,460.5,236.5,0.994
5831,470.5,220.5,0.998
5832,484.5,204.5,0.996
5833,498.5,190.5,0.995
5834,510.5,180.5,0.997
5835,526.5,170.5,0.987
5836,538.5,166.5,0.988
5837,552.5,162.5,0.995
5838,568.5,162.5,0.997
5839,582.5,166.5,0.996
5840,598.5,170.5,0.984
5841,612.5,178.5,0.992
5842,630.5,192.5,0.981
5843,642.5,202.5,0.992
5844,658.5,218.5,0.955
5845,674.5,240.5,0.997
5846,688.5,260.5,0.997
5847,694.5,276.5,0.995
5848,708.5,308.5,0.852
5849,718.5,334.5,0.987
5850,736.5,316.5,0.975
5851,754.5,304.5,0.965
5852,766.5,290.5,0.99
5853,780.5,282.5,0.994
5854,794.5,272.5,0.992
5855,810.5,266.5,0.993
5856,826.5,266.5,0.993
5857,840.5,266.5,0.994
5858,856.5,270.5,0.992
5859,872.5,276.5,0.996
5860,888.5,288.5,0.971
5861,900.5,300.5,0.997
5862,910.5,312.5,0.992
5863,920.5,328.5,0.985
5865,272.5,228.5,0.507
5872,238.5,182.5,0.723
5873,232.5,168.5,0.954
5894,314.5,122.5,0.906
5895,320.5,138.5,0.918
5896,328.5,152.5,0.972
5897,334.5,164.5,0.94
5898,338.5,178.5,0.921
5899,342.5,192.5,0.806
5900,340.5,198.5,0.841
5908,310.5,228.5,0.629
5912,1160.5,180.5,0.86
5913,1160.5,182.5,0.896
5914,1160.5,184.5,0.831
5915,1172.5,180.5,0.964
5916,1162.5,192.5,0.977
5917,1158.5,200.5,0.988
5918,1154.5,212.5,0.97
5932,1006.5,524.5,0.941
5933,1010.5,506.5,0.986
5934,986.5,236.5,0.651
5936,1084.5,220.5,0.954
5938,186.5,304.5,0.532
5940,1104.5,188.5,0.615
5942,184.5,298.5,0.538
5944,1134.5,452.5,0.51
5948,1148.5,526.5,0.745
5951,196.5,282.5,0.581
5952,1086.5,476.5,0.571
5954,1082.5,222.5,0.939
5955,1070.5,212.5,0.758
5959,1074.5,180.5,0.503
5963,1234.5,228.5,0.603
5982,1120.5,196.5,0.987
5988,1118.5,204.5,0.95
5991,902.5,388.5,0.931
5992,886.5,392.5,0.947
5993,876.5,404.5,0.816
5995,858.5,420.5,0.955
5996,906.5,314.5,0.996
5997,882.5,322.5,0.972
6000,764.5,294.5,0.994
6001,742.5,284.5,0.991
6002,714.5,272.5,0.985
6003,688.5,262.5,0.998
6004,656.5,256.5,0.991
6005,634.5,250.5,0.992
6006,614.5,250.5,0.977
6007,592.5,252.5,0.994
6008,572.5,258.5,0.969
6009,550.5,260.5,0.996
6010,534.5,268.5,0.997
6011,514.5,280.5,0.997
6012,502.5,272.5,0.994
6013,486.5,256.5,0.997
6014,472.5,246.5,1.0
6015,460.5,236.5,0.996
6016,448.5,228.5,0.996
6017,438.5,224.5,0.997
6018,220.5,304.5,0.969
6019,226.5,302.5,0.969
6020,452.5,220.5,0.998
6021,478.5,224.5,0.988
6022,500.5,226.5,0.99
6023,526.5,234.5,0.98
6024,548.5,244.5,0.993
6025,566.5,252.5,0.986
6026,594.5,264.5,0.867
6027,614.5,280.5,0.993
6029,670.5,326.5,0.882
6030,700.5,356.5,0.96
6031,714.5,390.5,0.991
6032,748.5,388.5,0.986
6033,858.5,378.5,0.947
6034,804.5,380.5,0.973
6035,798.5,360.5,0.987
6036,774.5,348.5,0.971
6037,710.5,300.5,0.963
6038,660.5,268.5,0.969
6039,628.5,250.5,0.992
6040,592.5,234.5,0.993
6041,566.5,224.5,0.992
6042,534.5,212.5,0.995
6043,508.5,206.5,0.979
6044,482.5,200.5,0.989
6045,458.5,200.5,0.989
6046,438.5,202.5,0.995
6047,418.5,204.5,0.996
6048,404.5,210.5,0.998
6049,388.5,216.5,0.997
6050,374.5,226.5,0.998
6051,362.5,236.5,0.988
6052,350.5,250.5,0.952
6054,834.5,484.5,0.954
6055,846.5,470.5,0.944
6056,314.5,256.5,0.916
6057,858.5,448.5,0.966
6058,308.5,332.5,0.968
6059,302.5,332.5,0.984
6060,302.5,316.5,0.849
6065,280.5,270.5,0.956
6066,276.5,266.5,0.901
6067,274.5,264.5,0.916
6068,270.5,264.5,0.952
6069,268.5,268.5,0.909
6070,264.5,268.5,0.801
6072,240.5,268.5,0.679
6076,246.5,262.5,0.831
6077,1072.5,354.5,0.74
6079,254.5,256.5,0.536
6080,256.5,256.5,0.564
6082,260.5,252.5,0.711
6083,264.5,252.5,0.708
6084,266.5,250.5,0.865
6085,272.5,252.5,0.937
6089,290.5,262.5,0.541
6094,1150.5,136.5,0.521
6096,1146.5,138.5,0.541
6100,1134.5,138.5,0.613
6109,234.5,324.5,0.59
6119,304.5,320.5,0.96
6120,316.5,322.5,0.639
6121,334.5,264.5,0.791
6124,1020.5,300.5,0.67
6125,350.5,236.5,0.849
6126,352.5,236.5,0.898
6127,354.5,238.5,0.523
6154,1022.5,298.5,0.598
6192,1046.5,232.5,0.602
6195,400.5,226.5,0.791
6199,376.5,230.5,0.958
6200,370.5,230.5,0.936
6201,364.5,232.5,0.983
6202,358.5,232.5,0.983
6203,352.5,234.5,0.994
6204,346.5,236.5,0.973
6205,340.5,236.5,0.973
6206,334.5,238.5,0.987
6207,326.5,240.5,0.995
6208,320.5,240.5,0.993
6209,316.5,242.5,0.99
6210,310.5,244.5,0.995
6211,306.5,244.5,0.993
6212,302.5,248.5,0.995
6213,298.5,248.5,0.987
6214,294.5,250.5,0.983
6215,292.5,252.5,0.966
6216,290.5,254.5,0.969
6217,288.5,256.5,0.986
6218,286.5,256.5,0.956
6219,284.5,258.5,0.928
6220,284.5,260.5,0.932
6221,284.5,262.5,0.954
6222,284.5,264.5,0.945
6223,282.5,264.5,0.948
6224,280.5,264.5,0.993
6225,276.5,256.5,0.998
6226,272.5,246.5,0.995
6227,268.5,232.5,0.967
6228,266.5,218.5,0.826
6229,264.5,204.5,0.98
6230,264.5,194.5,0.995
6231,260.5,186.5,0.995
6232,262.5,180.5,0.999
6233,260.5,176.5,0.998
6234,260.5,176.5,0.999
6235,260.5,180.5,0.999
6236,260.5,186.5,0.995
6237,262.5,192.5,0.992
6238,262.5,204.5,0.927
6239,266.5,216.5,0.851
6240,266.5,226.5,0.95
6241,290.5,240.5,0.805
6242,330.5,262.5,0.961
6243,376.5,278.5,0.984
6244,412.5,276.5,0.966
6245,444.5,268.5,0.999
6246,480.5,262.5,0.998
6247,516.5,260.5,0.996
6248,552.5,262.5,0.984
6249,590.5,266.5,0.907
6250,630.5,274.5,0.994
6251,668.5,282.5,0.804
6252,692.5,284.5,0.919
6253,744.5,310.5,0.961
6254,760.5,356.5,0.939
6255,814.5,360.5,0.715
6256,844.5,364.5,0.686
6258,936.5,336.5,0.989
6259,944.5,326.5,0.978
6260,916.5,306.5,0.998
6261,882.5,288.5,0.987
6262,850.5,272.5,0.996
6263,820.5,258.5,0.998
6264,784.5,244.5,0.997
6265,756.5,238.5,0.991
6266,728.5,232.5,0.973
6267,700.5,230.5,0.996
6268,676.5,230.5,0.998
6269,644.5,234.5,0.995
6270,626.5,238.5,0.987
6271,602.5,246.5,0.994
6272,584.5,252.5,0.979
6273,556.5,264.5,0.991
6274,540.5,278.5,0.985
6275,526.5,260.5,0.995
6276,510.5,244.5,0.985
6277,494.5,230.5,0.994
6278,482.5,220.5,0.997
6279,466.5,212.5,0.975
6280,452.5,204.5,0.992
6281,434.5,202.5,0.806
6282,242.5,308.5,0.828
6283,242.5,306.5,0.732
6284,506.5,208.5,0.996
6285,530.5,214.5,0.998
6286,564.5,226.5,0.996
6287,594.5,238.5,0.993
6288,624.5,250.5,0.988
6289,650.5,264.5,0.994
6290,688.5,284.5,0.807
6291,724.5,312.5,0.964
6292,744.5,336.5,0.938
6293,788.5,370.5,0.973
6294,814.5,364.5,0.869
6297,928.5,346.5,0.747
6298,910.5,336.5,0.76
6299,858.5,314.5,0.993
6300,822.5,298.5,0.996
6301,780.5,276.5,0.999
6302,738.5,260.5,0.999
6303,700.5,248.5,0.997
6304,674.5,242.5,0.999
6305,634.5,236.5,0.986
6306,600.5,232.5,0.987
6307,572.5,232.5,0.986
6308,542.5,234.5,0.984
6309,518.5,238.5,0.993
6310,492.5,244.5,0.999
6311,470.5,252.5,1.0
6312,446.5,264.5,0.999
6313,424.5,276.5,0.999
6314,406.5,288.5,0.992
6315,388.5,276.5,0.98
6316,374.5,260.5,0.981
6317,354.5,242.5,0.95
6318,334.5,226.5,0.964
6319,320.5,218.5,0.83
6320,302.5,208.5,0.97
6321,290.5,204.5,0.935
6322,276.5,200.5,0.95
6323,260.5,200.5,0.923
6324,252.5,206.5,0.754
6325,246.5,352.5,0.924
6326,256.5,350.5,0.854
6327,332.5,214.5,0.964
6328,380.5,226.5,0.992
6329,426.5,240.5,0.978
6330,472.5,250.5,0.994
6331,526.5,274.5,0.976
6332,576.5,298.5,0.994
6333,1030.5,386.5,0.5
6334,678.5,360.5,0.805
6335,722.5,392.5,0.976
6336,764.5,414.5,0.847
6337,828.5,376.5,0.558
6339,956.5,388.5,0.929
6340,962.5,372.5,0.725
6341,876.5,316.5,0.99
6342,822.5,280.5,0.996
6343,772.5,252.5,0.997
6344,728.5,228.5,0.999
6345,688.5,210.5,0.996
6346,644.5,190.5,0.994
6347,614.5,180.5,0.986
6348,582.5,170.5,0.97
6349,554.5,162.5,0.985
6350,530.5,160.5,0.996
6351,502.5,158.5,0.996
6352,478.5,158.5,0.986
6353,456.5,160.5,0.994
6354,438.5,164.5,0.996
6355,420.5,170.5,0.991
6356,406.5,178.5,0.995
6357,388.5,188.5,0.994
6358,376.5,198.5,0.993
6359,382.5,214.5,0.792
6360,350.5,222.5,0.974
6361,342.5,232.5,0.991
6362,330.5,246.5,0.841
6363,360.5,244.5,0.687
6365,248.5,260.5,0.935
6366,246.5,256.5,0.502
6370,282.5,74.5,0.806
6371,284.5,76.5,0.603
6374,292.5,250.5,0.918
6375,298.5,252.5,0.97
6377,310.5,262.5,0.846
6378,316.5,268.5,0.96
6380,260.5,246.5,0.586
6386,1070.5,484.5,0.772
6390,320.5,124.5,0.657
6395,286.5,264.5,0.645
6396,288.5,264.5,0.514
6397,290.5,268.5,0.711
6413,304.5,248.5,0.644
6424,300.5,266.5,0.728
6428,302.5,260.5,0.934
6429,304.5,258.5,0.951
6430,304.5,258.5,0.966
6431,306.5,254.5,0.934
6432,310.5,252.5,0.974
6433,316.5,248.5,0.947
6434,320.5,246.5,0.965
6435,324.5,244.5,0.97
6436,328.5,242.5,0.951
6437,334.5,240.5,0.937
6442,356.5,238.5,0.754
6444,1106.5,216.5,0.647
6445,1102.5,216.5,0.72
6447,374.5,238.5,0.605
6467,952.5,594.5,0.653
6469,378.5,298.5,0.63
6474,392.5,226.5,0.633
6475,1028.5,232.5,0.536
6477,376.5,226.5,0.821
6478,370.5,226.5,0.765
6479,366.5,226.5,0.753
6480,358.5,228.5,0.974
6481,354.5,230.5,0.714
6482,348.5,232.5,0.992
6483,342.5,234.5,0.993
6484,338.5,234.5,0.993
6485,334.5,238.5,0.99
6486,328.5,238.5,0.988
6487,324.5,240.5,0.984
6488,320.5,240.5,0.986
6489,316.5,242.5,0.985
6490,310.5,244.5,0.988
6491,308.5,246.5,0.983
6492,304.5,246.5,0.988
6493,302.5,248.5,0.99
6494,298.5,248.5,0.979
6495,296.5,250.5,0.984
6496,292.5,252.5,0.98
6497,290.5,254.5,0.972
6498,288.5,254.5,0.989
6499,286.5,256.5,0.988
6500,284.5,256.5,0.986
6501,280.5,256.5,0.965
6502,280.5,256.5,0.976
6503,278.5,258.5,0.979
6504,276.5,256.5,0.953
6505,276.5,258.5,0.979
6506,274.5,258.5,0.972
6507,274.5,260.5,0.977
6508,274.5,260.5,0.94
6509,274.5,260.5,0.987
6510,276.5,262.5,0.961
6511,276.5,262.5,0.961
6512,276.5,262.5,0.978
6513,276.5,264.5,0.94
6514,278.5,264.5,0.967
6515,280.5,266.5,0.946
6516,280.5,268.5,0.97
6517,280.5,270.5,0.989
6518,276.5,264.5,0.999
6519,272.5,254.5,0.995
6520,268.5,240.5,0.956
6521,264.5,222.5,0.945
6522,260.5,210.5,0.95
6523,258.5,200.5,0.981
6524,256.5,194.5,0.994
6525,254.5,188.5,0.995
6526,250.5,184.5,0.997
6527,248.5,186.5,0.995
6528,248.5,188.5,0.996
6529,246.5,194.5,0.991
6530,248.5,202.5,0.986
6531,246.5,212.5,0.852
6532,248.5,222.5,0.972
6533,268.5,234.5,0.796
6534,316.5,258.5,0.963
6535,368.5,282.5,0.949
6536,396.5,278.5,0.992
6537,438.5,268.5,0.997
6538,474.5,262.5,0.999
6539,514.5,252.5,0.993
6540,548.5,256.5,0.863
6541,596.5,258.5,0.992
6542,626.5,260.5,0.993
6543,658.5,264.5,0.994
6544,706.5,276.5,0.997
6545,746.5,290.5,0.999
6546,774.5,298.5,0.989
6549,200.5,372.5,0.793
6550,940.5,336.5,0.913
6551,970.5,334.5,0.982
6552,998.5,330.5,0.968
6553,224.5,300.5,0.894
6554,932.5,284.5,0.999
6555,888.5,264.5,0.997
6556,850.5,250.5,0.994
6557,814.5,240.5,0.99
6558,778.5,230.5,0.995
6559,744.5,224.5,0.983
6560,708.5,220.5,0.986
6561,680.5,220.5,0.991
6562,644.5,224.5,0.997
6563,622.5,226.5,0.991
6564,594.5,232.5,0.985
6565,570.5,240.5,0.988
6566,548.5,250.5,0.977
6567,526.5,260.5,0.996
6568,506.5,266.5,0.997
6569,488.5,246.5,0.995
6570,470.5,230.5,0.99
6571,456.5,218.5,0.996
6572,438.5,204.5,0.989
6573,424.5,198.5,0.973
6574,222.5,308.5,0.955
6575,438.5,190.5,0.978
6576,468.5,188.5,0.985
6577,516.5,192.5,0.995
6578,546.5,196.5,0.978
6579,582.5,204.5,0.96
6580,614.5,212.5,0.991
6581,644.5,224.5,0.999
6582,688.5,244.5,0.999
6583,722.5,262.5,0.998
6584,758.5,286.5,0.995
6585,782.5,300.5,0.983
6586,1014.5,484.5,0.919
6589,370.5,170.5,0.606
6590,968.5,340.5,0.989
6591,994.5,342.5,0.977
6592,1020.5,342.5,0.996
6594,928.5,274.5,0.998
6595,882.5,244.5,0.998
6596,848.5,228.5,0.999
6597,802.5,206.5,0.998
6598,774.5,194.5,0.995
6599,742.5,184.5,0.98
6600,712.5,178.5,0.979
6601,684.5,176.5,0.993
6602,656.5,174.5,0.977
6603,634.5,178.5,0.989
6604,610.5,180.5,0.993
6605,590.5,186.5,0.976
6606,570.5,194.5,0.986
6607,550.5,204.5,0.987
6608,532.5,214.5,0.998
6609,518.5,226.5,0.998
6610,508.5,240.5,0.901
6611,492.5,242.5,0.963
6612,480.5,220.5,0.995
6613,464.5,198.5,0.992
6614,454.5,186.5,0.987
6615,442.5,172.5,0.991
6616,430.5,162.5,0.984
6617,386.5,156.5,0.696
6618,408.5,150.5,0.885
6619,440.5,154.5,0.97
6620,466.5,154.5,0.961
6621,508.5,164.5,0.977
6622,536.5,170.5,0.971
6623,566.5,180.5,0.96
6624,600.5,196.5,0.973
6625,630.5,212.5,0.99
6626,656.5,228.5,0.958
6627,694.5,258.5,0.998
6628,722.5,280.5,0.993
6629,754.5,312.5,0.91
6630,762.5,358.5,0.932
6631,808.5,368.5,0.949
6636,976.5,348.5,0.992
6637,1008.5,356.5,0.994
6638,976.5,328.5,0.978
6639,928.5,294.5,0.999
6640,880.5,264.5,0.996
6641,842.5,244.5,0.999
6642,806.5,228.5,0.997
6643,770.5,212.5,0.988
6644,740.5,204.5,0.985
6645,708.5,196.5,0.981
6646,682.5,194.5,0.991
6647,658.5,194.5,0.945
6648,636.5,194.5,0.992
6649,614.5,200.5,0.981
6650,594.5,206.5,0.985
6651,576.5,214.5,0.996
6652,560.5,224.5,0.995
6653,548.5,234.5,0.994
6654,534.5,246.5,0.98
6655,520.5,256.5,0.95
6656,508.5,232.5,0.99
6657,500.5,216.5,0.998
6658,488.5,196.5,0.988
6659,480.5,182.5,0.979
6660,470.5,172.5,0.996
6661,462.5,162.5,0.97
6662,456.5,156.5,0.987
6663,430.5,148.5,0.875
6664,454.5,150.5,0.894
6665,438.5,162.5,0.882
6666,520.5,170.5,0.968
6667,546.5,180.5,0.992
6668,578.5,196.5,0.994
6669,608.5,212.5,0.992
6670,640.5,232.5,0.997
6671,676.5,258.5,0.994
6672,692.5,272.5,0.998
6673,730.5,308.5,0.912
6675,796.5,384.5,0.697
6676,810.5,404.5,0.854
6677,836.5,436.5,0.918
6680,964.5,390.5,0.981
6681,962.5,378.5,0.937
6682,942.5,348.5,0.808
6683,814.5,306.5,0.997
6684,762.5,286.5,0.988
6685,712.5,270.5,0.991
6686,656.5,256.5,0.989
6687,618.5,246.5,0.992
6688,574.5,242.5,0.992
6689,536.5,240.5,0.993
6690,502.5,238.5,0.977
6691,462.5,244.5,0.999
6692,430.5,246.5,0.998
6693,406.5,256.5,0.993
6694,380.5,264.5,0.996
6695,354.5,276.5,0.992
6696,330.5,292.5,0.998
6697,314.5,300.5,0.975
6698,292.5,280.5,0.945
6699,274.5,260.5,0.998
6700,198.5,306.5,0.816
6701,234.5,224.5,0.857
6702,218.5,214.5,0.985
6703,196.5,202.5,0.65
6704,184.5,196.5,0.978
6705,172.5,192.5,0.977
6706,160.5,192.5,0.801
6707,148.5,192.5,0.973
6708,138.5,196.5,0.61
6709,130.5,204.5,0.966
6710,1032.5,538.5,0.699
6711,246.5,278.5,0.937
6713,238.5,214.5,0.987
6714,278.5,220.5,0.974
6715,326.5,232.5,0.993
6716,374.5,248.5,0.992
6717,418.5,266.5,0.995
6718,468.5,284.5,0.983
6719,532.5,320.5,0.944
6720,256.5,278.5,0.653
6721,256.5,276.5,0.753
6722,254.5,276.5,0.747
6723,746.5,420.5,0.907
6724,256.5,276.5,0.662
6725,254.5,274.5,0.752
6726,934.5,412.5,0.996
6727,994.5,414.5,0.971
6728,1016.5,392.5,0.96
6729,952.5,336.5,0.973
6730,908.5,304.5,0.982
6731,836.5,250.5,0.997
6732,784.5,214.5,0.998
6733,738.5,186.5,0.996
6734,696.5,162.5,0.999
6735,672.5,150.5,0.991
6736,628.5,132.5,0.992
6737,594.5,120.5,0.99
6738,566.5,114.5,0.996
6739,538.5,110.5,0.989
6740,516.5,110.5,0.992
6741,494.5,112.5,0.99
6742,472.5,116.5,0.995
6743,454.5,122.5,0.997
6744,440.5,130.5,0.997
6745,424.5,138.5,0.996
6746,408.5,148.5,0.997
6747,396.5,162.5,0.977
6748,384.5,172.5,0.995
6749,374.5,186.5,0.995
6750,362.5,202.5,0.994
6751,354.5,216.5,0.96
6752,342.5,234.5,0.972
6762,282.5,256.5,0.877
6763,1206.5,264.5,0.966
6764,300.5,250.5,0.951
6765,308.5,252.5,0.984
6766,316.5,254.5,0.95
6767,1158.5,364.5,0.539
6768,1206.5,330.5,0.856
6769,1244.5,364.5,0.509
6784,316.5,324.5,0.782
6785,306.5,330.5,0.787
6786,318.5,328.5,0.809
6787,1198.5,524.5,0.696
6793,430.5,236.5,0.547
6796,278.5,278.5,0.916
6797,296.5,274.5,0.865
6804,1202.5,592.5,0.541
6805,1216.5,540.5,0.665
6808,442.5,228.5,0.816
6812,1056.5,516.5,0.633
6822,378.5,234.5,0.844
6824,376.5,224.5,0.657
6854,914.5,500.5,0.525
6878,400.5,186.5,0.638
6882,396.5,184.5,0.518
6884,392.5,186.5,0.541
6891,938.5,356.5,0.643
6899,344.5,90.5,0.786
6904,1086.5,216.5,0.549
6907,168.5,454.5,0.776
6915,358.5,104.5,0.731
6916,356.5,112.5,0.543
6917,356.5,118.5,0.867
6918,354.5,124.5,0.884
6919,890.5,314.5,0.595
6920,886.5,320.5,0.54
6921,878.5,326.5,0.91
6923,880.5,330.5,0.831
6924,880.5,332.5,0.828
6925,370.5,120.5,0.553
6927,866.5,362.5,0.87
6928,866.5,374.5,0.892
6929,868.5,386.5,0.592
6932,882.5,428.5,0.629
6933,410.5,140.5,0.952
6934,418.5,158.5,0.931
6935,440.5,170.5,0.979
6936,452.5,188.5,0.981
6937,474.5,216.5,0.994
6938,482.5,230.5,0.981
6939,502.5,262.5,0.985
6940,514.5,266.5,0.992
6941,520.5,250.5,0.996
6942,528.5,234.5,0.993
6943,538.5,222.5,0.989
6944,546.5,210.5,0.99
6945,556.5,202.5,0.971
6946,566.5,196.5,0.977
6947,574.5,192.5,0.979
6948,584.5,192.5,0.971
6949,594.5,194.5,0.978
6950,604.5,200.5,0.941
6951,614.5,208.5,0.981
6952,624.5,218.5,0.991
6953,632.5,230.5,0.983
6954,642.5,242.5,0.997
6955,650.5,260.5,0.993
6956,662.5,284.5,0.96
6957,628.5,340.5,0.927
6958,664.5,338.5,0.952
6959,674.5,340.5,0.987
6960,694.5,310.5,0.971
6961,708.5,294.5,0.974
6962,720.5,282.5,0.993
6963,730.5,274.5,0.992
6964,742.5,270.5,0.995
6965,752.5,266.5,0.978
6966,764.5,266.5,0.967
6967,774.5,268.5,0.994
6968,786.5,274.5,0.999
6969,798.5,282.5,0.991
6970,806.5,296.5,0.999
6971,816.5,306.5,0.999
6972,826.5,326.5,0.948
6973,836.5,342.5,0.85
6975,850.5,392.5,0.986
6976,280.5,178.5,0.892
6979,902.5,340.5,0.987
6980,918.5,336.5,0.991
6981,930.5,336.5,0.997
6982,940.5,336.5,0.998
6983,952.5,340.5,0.998
6984,966.5,350.5,0.983
6985,974.5,362.5,0.995
6986,984.5,350.5,0.974
6987,990.5,336.5,0.957
6988,998.5,316.5,0.964
6989,1000.5,300.5,1.0
6990,1006.5,288.5,0.989
6991,1010.5,278.5,0.999
6992,1014.5,272.5,0.984
6993,1016.5,266.5,0.993
6994,1018.5,270.5,0.971
6995,1020.5,276.5,0.993
6996,1022.5,284.5,0.993
6997,1020.5,296.5,0.993
6998,1020.5,312.5,0.992
6999,1020.5,330.5,0.97
7000,1018.5,350.5,0.94
7005,296.5,140.5,0.603
7006,298.5,152.5,0.777
7007,304.5,168.5,0.879
7008,312.5,180.5,0.669
7017,1030.5,436.5,0.89
7023,1000.5,520.5,0.92
7024,998.5,530.5,0.959
7025,996.5,536.5,0.925
7026,996.5,544.5,0.898
7028,266.5,348.5,0.885
7029,256.5,346.5,0.944
7030,980.5,550.5,0.919
7031,974.5,548.5,0.975
7032,970.5,544.5,0.962
7033,962.5,538.5,0.978
7034,952.5,530.5,0.985
7035,912.5,506.5,0.796
7037,920.5,470.5,0.882
7038,910.5,444.5,0.911
7039,904.5,418.5,0.981
7040,898.5,388.5,0.924
7041,906.5,376.5,0.768
7044,914.5,298.5,0.844
7045,918.5,290.5,0.992
7046,920.5,278.5,0.991
7047,924.5,274.5,0.995
7048,926.5,274.5,0.992
7049,928.5,278.5,0.987
7050,928.5,290.5,0.992
7051,928.5,298.5,0.998
7052,928.5,314.5,0.999
7053,926.5,330.5,0.999
7054,922.5,456.5,0.968
7055,920.5,482.5,0.97
7056,922.5,412.5,0.949
7057,920.5,438.5,0.992
7058,888.5,452.5,0.986
7059,830.5,442.5,0.956
7060,1106.5,194.5,0.544
7061,726.5,426.5,0.953
7062,702.5,376.5,0.833
7063,670.5,338.5,0.954
7064,650.5,320.5,0.519
7065,610.5,290.5,0.995
7066,582.5,272.5,0.954
7067,558.5,260.5,0.994
7068,536.5,252.5,0.989
7069,514.5,246.5,0.986
7070,494.5,244.5,0.999
7071,476.5,244.5,0.999
7072,458.5,248.5,1.0
7073,442.5,252.5,0.999
7074,428.5,256.5,0.991
7075,414.5,240.5,0.992
7076,398.5,222.5,0.985
7077,388.5,214.5,0.969
7078,374.5,200.5,0.901
7079,396.5,200.5,0.736
7080,442.5,200.5,0.946
7081,472.5,202.5,0.984
7082,514.5,210.5,0.996
7083,544.5,216.5,0.991
7084,588.5,228.5,0.996
7085,626.5,242.5,0.996
7086,676.5,260.5,0.979
7087,702.5,276.5,0.998
7088,724.5,284.5,0.981
7089,230.5,294.5,0.652
7090,230.5,294.5,0.625
7091,230.5,294.5,0.59
7092,228.5,294.5,0.521
7093,932.5,334.5,0.994
7094,976.5,340.5,0.998
7095,1014.5,348.5,0.982
7096,1050.5,354.5,0.983
7097,1086.5,366.5,0.983
7098,1022.5,326.5,0.979
7100,914.5,274.5,0.997
7101,864.5,256.5,0.992
7102,810.5,240.5,0.992
7103,766.5,228.5,0.995
7104,728.5,224.5,0.991
7105,686.5,218.5,0.992
7106,642.5,218.5,0.987
7107,616.5,222.5,0.982
7108,586.5,226.5,0.987
7109,558.5,232.5,0.986
7110,532.5,242.5,0.988
7111,506.5,250.5,0.997
7112,478.5,266.5,0.997
7113,460.5,264.5,0.981
7114,446.5,244.5,0.997
7115,422.5,222.5,0.995
7116,408.5,208.5,0.996
7117,392.5,196.5,0.992
7118,376.5,188.5,0.982
7119,366.5,182.5,0.964
7120,344.5,180.5,0.928
7121,364.5,180.5,0.537
7122,408.5,174.5,0.893
7123,446.5,174.5,0.995
7124,482.5,178.5,0.982
7125,520.5,186.5,0.982
7126,558.5,196.5,0.989
7127,594.5,210.5,0.983
7128,634.5,226.5,0.995
7129,676.5,246.5,0.999
7130,702.5,262.5,0.999
7131,740.5,288.5,0.998
7132,756.5,354.5,0.773
7133,1240.5,472.5,0.916
7136,924.5,330.5,0.994
7137,954.5,324.5,0.994
7138,988.5,324.5,0.995
7139,1038.5,324.5,0.994
7140,1066.5,328.5,0.994
7141,1102.5,336.5,0.991
7142,1140.5,348.5,0.993
7143,1176.5,362.5,0.989
7144,1208.5,380.5,0.982
7145,1238.5,396.5,0.891
7146,1224.5,388.5,0.972
7147,1174.5,358.5,0.99
7148,1116.5,324.5,0.991
7149,1046.5,288.5,0.984
7150,1012.5,272.5,0.997
7151,936.5,246.5,0.998
7152,884.5,232.5,0.996
7153,840.5,226.5,0.997
7154,792.5,220.5,0.993
7155,748.5,218.5,0.985
7156,714.5,222.5,0.991
7157,680.5,226.5,0.997
7158,642.5,236.5,0.993
7159,618.5,244.5,0.984
7160,594.5,254.5,0.993
7161,564.5,268.5,0.976
7162,544.5,284.5,0.97
7163,520.5,284.5,0.992
7164,500.5,256.5,0.987
7165,484.5,242.5,0.994
7166,462.5,224.5,0.99
7167,440.5,206.5,0.993
7168,424.5,196.5,0.995
7169,408.5,188.5,0.996
7170,390.5,182.5,0.992
7171,376.5,178.5,0.974
7173,370.5,180.5,0.715
7174,398.5,174.5,0.972
7175,434.5,174.5,0.991
7176,466.5,178.5,0.991
7177,498.5,180.5,0.998
7178,538.5,192.5,0.99
7179,570.5,200.5,0.982
7180,606.5,214.5,0.987
7181,642.5,230.5,0.999
7182,688.5,256.5,0.996
7183,718.5,274.5,0.998
7184,742.5,288.5,0.986
7187,1172.5,466.5,0.704
7189,954.5,376.5,0.98
7190,982.5,368.5,0.984
7191,1018.5,362.5,0.982
7192,1052.5,358.5,0.98
7193,1094.5,358.5,0.977
7194,1070.5,330.5,0.987
7195,1012.5,292.5,0.98
7196,946.5,258.5,0.992
7197,904.5,236.5,0.994
7198,854.5,214.5,0.997
7199,798.5,196.5,0.996
7200,762.5,186.5,0.993
7201,728.5,180.5,0.991
7202,688.5,176.5,0.994
7203,648.5,174.5,0.993
7204,618.5,176.5,0.986
7205,588.5,180.5,0.989
7206,560.5,186.5,0.969
7207,536.5,194.5,0.99
7208,514.5,204.5,0.987
7209,490.5,216.5,0.995
7210,476.5,226.5,0.996
7211,456.5,242.5,0.997
7212,442.5,256.5,0.992
7213,424.5,262.5,0.939
7214,406.5,238.5,0.991
7215,394.5,218.5,0.993
7216,378.5,198.5,0.996
7217,364.5,184.5,0.981
7218,352.5,170.5,0.97
7219,342.5,162.5,0.974
7220,320.5,154.5,0.865
7221,322.5,164.5,0.775
7223,428.5,188.5,0.972
7224,468.5,206.5,0.993
7225,510.5,226.5,0.994
7226,550.5,248.5,0.986
7230,724.5,348.5,0.98
7231,766.5,344.5,0.972
7232,798.5,346.5,0.9
7233,802.5,420.5,0.834
7235,962.5,372.5,0.957
7236,990.5,380.5,0.993
7237,1042.5,400.5,0.988
7238,1090.5,420.5,0.995
7239,1138.5,444.5,0.981
7240,1150.5,426.5,0.971
7241,1044.5,364.5,0.989
7242,1010.5,340.5,0.993
7243,924.5,282.5,0.992
7244,870.5,250.5,0.988
7245,818.5,224.5,0.995
7246,768.5,200.5,0.995
7247,722.5,182.5,0.994
7248,684.5,172.5,0.995
7249,642.5,160.5,0.998
7250,606.5,154.5,0.992
7251,574.5,152.5,0.996
7252,542.5,152.5,0.994
7253,514.5,154.5,0.994
7254,488.5,160.5,0.993
7255,460.5,166.5,0.997
7256,438.5,174.5,0.995
7257,418.5,186.5,0.996
7258,398.5,200.5,0.995
7259,378.5,212.5,0.998
7260,364.5,228.5,0.993
7261,348.5,244.5,0.982
7262,340.5,260.5,0.988
7263,326.5,246.5,0.98
7264,310.5,226.5,0.98
7265,298.5,206.5,0.989
7266,284.5,188.5,0.984
7267,272.5,172.5,0.977
7268,260.5,162.5,0.991
7269,248.5,152.5,0.988
7270,240.5,146.5,0.96
7271,230.5,140.5,0.991
7272,254.5,140.5,0.697
7273,318.5,136.5,0.836
7274,358.5,138.5,0.909
7275,398.5,140.5,0.992
7276,446.5,148.5,0.984
7277,486.5,156.5,0.989
7278,528.5,166.5,0.985
7279,570.5,180.5,0.976
7280,614.5,196.5,0.978
7281,646.5,210.5,0.998
7282,702.5,242.5,0.998
7283,740.5,262.5,0.998
7284,786.5,292.5,0.998
7285,810.5,312.5,0.951
7286,864.5,316.5,0.998
7287,908.5,304.5,0.998
7288,934.5,296.5,0.997
7289,1000.5,284.5,0.999
7290,1032.5,284.5,0.965
7291,1072.5,282.5,0.952
7292,1108.5,284.5,0.982
7293,1160.5,292.5,0.987
7294,1188.5,298.5,0.987
7295,1222.5,308.5,0.991
7296,1268.5,328.5,0.957
7297,188.5,312.5,0.827
7299,1214.5,296.5,0.983
7300,1154.5,268.5,0.981
7303,936.5,196.5,0.975
7304,878.5,186.5,0.971
7305,826.5,178.5,0.966
7306,774.5,174.5,0.987
7307,728.5,176.5,0.985
7308,682.5,180.5,0.997
7309,638.5,188.5,0.99
7310,604.5,196.5,0.976
7311,568.5,210.5,0.993
7312,538.5,224.5,0.993
7313,518.5,234.5,0.968
7314,488.5,250.5,0.997
7315,466.5,248.5,0.993
7316,444.5,226.5,0.985
7317,420.5,204.5,0.979
7318,400.5,186.5,0.973
7319,376.5,172.5,0.989
7320,358.5,162.5,0.979
7321,338.5,152.5,0.967
7322,294.5,146.5,0.523
7323,312.5,146.5,0.672
7324,368.5,134.5,0.853
7325,398.5,134.5,0.984
7326,436.5,132.5,0.989
7327,476.5,134.5,0.99
7328,522.5,142.5,0.992
7329,556.5,148.5,0.996
7330,598.5,162.5,0.995
7331,642.5,178.5,0.992
7332,686.5,196.5,0.998
7333,718.5,212.5,0.997
7334,768.5,242.5,0.998
7335,806.5,266.5,0.994
7336,856.5,306.5,0.992
7337,876.5,320.5,0.987
7338,950.5,386.5,0.58
7339,968.5,408.5,0.995
7340,1010.5,454.5,0.984
7341,1040.5,492.5,0.948
7342,1094.5,562.5,0.936
7343,1112.5,592.5,0.981
7344,1146.5,646.5,0.987
7345,1178.5,688.5,0.992
7346,1212.5,680.5,0.988
7347,1250.5,676.5,0.957
7348,218.5,212.5,0.78
7349,220.5,230.5,0.797
7353,192.5,308.5,0.567
7354,108.5,252.5,0.726
7359,1198.5,612.5,0.939
7360,1176.5,614.5,0.959
7361,1148.5,620.5,0.913
7362,1126.5,626.5,0.979
7363,1096.5,634.5,0.98
7364,1078.5,640.5,0.989
7365,1072.5,626.5,0.734
7366,1070.5,614.5,0.964
7367,1064.5,604.5,0.964
7368,1062.5,596.5,0.997
7369,1056.5,592.5,0.986
7370,1050.5,588.5,0.983
7371,1042.5,588.5,0.981
7372,1034.5,590.5,0.964
7373,1124.5,384.5,0.882
7374,1110.5,394.5,0.83
7375,250.5,234.5,0.834
7380,998.5,596.5,0.989
7381,998.5,590.5,0.8
7382,998.5,598.5,0.829
7387,984.5,616.5,0.755
7388,982.5,616.5,0.97
7389,978.5,616.5,0.96
7390,976.5,616.5,0.976
7392,970.5,612.5,0.907
7393,966.5,606.5,0.949
7394,966.5,600.5,0.889
7395,968.5,598.5,0.921
7396,974.5,598.5,0.95
7397,978.5,598.5,0.958
7398,982.5,596.5,0.93
7399,986.5,594.5,0.936
7400,992.5,598.5,0.962
7401,994.5,596.5,0.964
7402,996.5,596.5,0.992
7403,994.5,600.5,0.924
7404,992.5,604.5,0.996
7405,982.5,604.5,0.98
7406,972.5,608.5,0.899
7407,958.5,608.5,0.605
7410,854.5,580.5,0.674
7411,834.5,570.5,0.626
7412,1104.5,192.5,0.714
7413,774.5,582.5,0.588
7416,682.5,562.5,0.57
7434,244.5,218.5,0.884
7437,230.5,182.5,0.771
7439,238.5,168.5,0.953
7444,246.5,174.5,0.511
7456,244.5,180.5,0.656
7465,672.5,534.5,0.828
7466,698.5,542.5,0.919
7467,738.5,552.5,0.969
7468,776.5,554.5,0.918
7469,866.5,586.5,0.874
7482,212.5,98.5,0.685
7493,974.5,534.5,0.929
7494,972.5,534.5,0.957
7495,966.5,530.5,0.98
7500,924.5,466.5,0.897
7501,914.5,444.5,0.933
7502,908.5,420.5,0.962
7503,900.5,388.5,0.961
7504,906.5,374.5,0.914
7505,900.5,338.5,0.622
7508,918.5,292.5,0.992
7509,920.5,286.5,0.99
7510,926.5,280.5,0.984
7511,928.5,278.5,0.997
7512,928.5,282.5,0.974
7513,930.5,292.5,0.997
7514,930.5,304.5,0.994
7515,930.5,320.5,0.993
7516,928.5,332.5,0.996
7517,922.5,446.5,0.928
7518,922.5,468.5,0.958
7519,924.5,412.5,0.954
7520,920.5,436.5,0.978
7521,918.5,470.5,0.825
7522,866.5,466.5,0.971
7523,794.5,460.5,0.713
7524,754.5,404.5,0.968
7525,722.5,370.5,0.972
7526,686.5,334.5,0.984
7527,654.5,306.5,0.877
7528,614.5,280.5,0.989
7529,590.5,264.5,0.944
7530,564.5,256.5,0.98
7531,538.5,246.5,0.991
7532,518.5,244.5,0.99
7533,498.5,242.5,0.984
7534,478.5,244.5,0.999
7535,462.5,248.5,0.999
7536,446.5,254.5,0.997
7537,432.5,256.5,0.953
7538,418.5,238.5,0.979
7539,404.5,220.5,0.991
7540,392.5,206.5,0.958
7541,380.5,194.5,0.969
7542,394.5,190.5,0.967
7543,430.5,188.5,0.991
7544,462.5,188.5,0.991
7545,492.5,190.5,0.994
7546,528.5,196.5,0.999
7547,554.5,202.5,0.95
7548,586.5,212.5,0.978
7549,622.5,228.5,0.989
7550,642.5,236.5,0.998
7551,686.5,260.5,0.999
7552,714.5,278.5,0.995
7553,742.5,304.5,0.827
7554,774.5,324.5,0.56
7555,808.5,358.5,0.941
7556,828.5,376.5,0.641
7558,916.5,332.5,0.977
7559,936.5,334.5,0.998
7560,974.5,338.5,0.99
7561,1000.5,342.5,0.99
7562,1026.5,348.5,0.991
7563,998.5,330.5,0.95
7564,916.5,292.5,0.991
7565,844.5,260.5,0.997
7566,792.5,244.5,0.997
7567,742.5,230.5,0.998
7568,694.5,220.5,0.99
7569,644.5,212.5,0.997
7570,614.5,212.5,0.983
7571,574.5,212.5,0.991
7572,540.5,216.5,0.995
7573,516.5,220.5,0.988
7574,490.5,228.5,0.991
7575,464.5,236.5,0.989
7576,438.5,250.5,0.998
7577,422.5,252.5,0.968
7578,402.5,228.5,0.993
7579,386.5,212.5,0.994
7580,366.5,196.5,0.959
7581,346.5,182.5,0.945
7582,332.5,170.5,0.51
7583,348.5,170.5,0.58
7584,384.5,172.5,0.893
7585,422.5,178.5,0.944
7586,460.5,186.5,0.983
7587,498.5,196.5,0.986
7588,530.5,210.5,0.994
7589,572.5,228.5,0.997
7590,604.5,244.5,0.988
7591,640.5,266.5,0.982
7592,670.5,288.5,0.827
7593,716.5,324.5,0.947
7594,734.5,340.5,0.97
7595,750.5,350.5,0.939
7596,820.5,306.5,0.999
7597,842.5,306.5,0.995
7598,892.5,306.5,0.986
7599,924.5,308.5,0.998
7600,958.5,318.5,0.981
7601,994.5,326.5,0.995
7602,1028.5,338.5,0.997
7603,1058.5,352.5,0.962
7604,226.5,286.5,0.798
7605,1026.5,326.5,0.992
7606,1000.5,308.5,0.714
7607,920.5,270.5,0.997
7608,870.5,248.5,0.995
7609,824.5,232.5,0.995
7610,786.5,224.5,0.997
7611,746.5,216.5,0.992
7612,704.5,212.5,0.993
7613,678.5,212.5,0.999
7614,638.5,214.5,0.99
7615,612.5,220.5,0.972
7616,584.5,228.5,0.99
7617,558.5,238.5,0.986
7618,538.5,250.5,0.969
7619,518.5,262.5,0.993
7620,498.5,254.5,0.986
7621,484.5,240.5,0.978
7622,464.5,220.5,0.976
7623,444.5,202.5,0.983
7624,430.5,190.5,0.985
7625,414.5,180.5,0.976
7626,400.5,176.5,0.909
7627,386.5,170.5,0.916
7628,400.5,170.5,0.946
7629,430.5,176.5,0.938
7630,462.5,180.5,0.987
7631,490.5,188.5,0.984
7632,528.5,204.5,0.992
7633,552.5,216.5,0.988
7634,582.5,234.5,0.987
7635,614.5,256.5,0.987
7636,660.5,290.5,0.962
7637,690.5,322.5,0.978
7638,716.5,346.5,0.964
7639,728.5,418.5,0.91
7640,788.5,436.5,0.958
7641,828.5,418.5,0.969
7642,866.5,414.5,0.949
7643,912.5,418.5,0.87
7644,940.5,420.5,0.998
7645,988.5,434.5,0.983
7646,1010.5,426.5,0.964
7647,988.5,396.5,0.937
7648,906.5,322.5,0.982
7649,862.5,284.5,0.963
7650,818.5,250.5,0.992
7651,782.5,226.5,0.998
7652,738.5,200.5,0.993
7653,704.5,182.5,0.992
7654,678.5,172.5,0.993
7655,644.5,162.5,0.997
7656,616.5,156.5,0.979
7657,592.5,154.5,0.989
7658,572.5,156.5,0.97
7659,550.5,160.5,0.98
7660,530.5,166.5,0.995
7661,514.5,174.5,0.992
7662,500.5,186.5,0.996
7663,488.5,196.5,0.997
7664,476.5,210.5,0.992
7665,462.5,228.5,0.995
7666,454.5,244.5,0.999
7667,446.5,260.5,0.997
7668,438.5,268.5,0.996
7669,426.5,244.5,0.993
7670,418.5,220.5,0.995
7671,410.5,202.5,0.995
7672,402.5,184.5,0.989
7673,394.5,170.5,0.997
7674,388.5,156.5,0.992
7675,382.5,148.5,0.996
7676,376.5,140.5,0.994
7677,370.5,136.5,0.992
7678,364.5,132.5,0.912
7679,360.5,134.5,0.857
7681,414.5,156.5,0.939
7682,452.5,170.5,0.986
7683,482.5,184.5,0.989
7684,518.5,206.5,0.998
7685,548.5,224.5,0.997
7686,582.5,246.5,0.997
7687,620.5,276.5,0.986
7689,676.5,336.5,0.985
7690,720.5,318.5,0.944
7691,750.5,310.5,0.944
7692,794.5,302.5,0.992
7693,824.5,304.5,0.988
7694,854.5,306.5,0.988
7695,898.5,308.5,0.998
7696,936.5,318.5,0.992
7697,972.5,328.5,0.996
7698,1006.5,340.5,0.996
7699,1046.5,360.5,0.992
7700,1088.5,386.5,0.995
7701,1118.5,404.5,0.988
7702,1158.5,436.5,0.947
7703,1158.5,440.5,0.969
7704,1072.5,376.5,0.996
7705,1014.5,336.5,0.995
7706,938.5,290.5,0.995
7707,896.5,266.5,0.997
7708,842.5,242.5,0.996
7709,796.5,224.5,0.997
7710,756.5,212.5,0.996
7711,714.5,200.5,0.99
7712,684.5,196.5,0.996
7713,644.5,194.5,0.977
7714,618.5,194.5,0.967
7715,588.5,196.5,0.989
7716,564.5,202.5,0.966
7717,542.5,210.5,0.992
7718,522.5,218.5,0.994
7719,502.5,228.5,0.998
7720,486.5,244.5,0.961
7721,466.5,224.5,0.994
7722,452.5,202.5,0.99
7723,438.5,188.5,0.993
7724,422.5,172.5,0.977
7725,238.5,292.5,0.966
7726,240.5,292.5,0.939
7727,426.5,150.5,0.956
7728,460.5,150.5,0.955
7729,494.5,154.5,0.976
7730,526.5,162.5,0.992
7731,554.5,168.5,0.978
7732,592.5,180.5,0.987
7733,626.5,196.5,0.993
7734,644.5,204.5,0.998
7735,688.5,230.5,0.999
7736,724.5,256.5,0.995
7737,754.5,278.5,0.997
7738,772.5,294.5,0.998
7739,372.5,146.5,0.773
7740,362.5,148.5,0.747
7741,886.5,324.5,0.997
7742,918.5,320.5,0.993
7743,948.5,318.5,0.996
7744,1000.5,316.5,0.971
7745,1026.5,320.5,0.993
7746,1052.5,324.5,0.997
7747,1092.5,338.5,0.996
7748,1134.5,354.5,0.996
7749,1164.5,370.5,0.995
7750,1198.5,390.5,0.994
7751,1236.5,418.5,0.997
7752,250.5,182.5,0.63
7753,1210.5,406.5,0.988
7754,1138.5,364.5,0.995
7755,1070.5,324.5,0.982
7756,1014.5,292.5,0.994
7757,942.5,260.5,0.996
7758,898.5,244.5,0.999
7759,846.5,228.5,0.998
7760,800.5,218.5,0.994
7761,762.5,212.5,0.996
7762,730.5,212.5,0.991
7763,694.5,212.5,0.994
7764,674.5,212.5,0.999
7765,640.5,220.5,0.991
7766,616.5,226.5,0.978
7767,594.5,236.5,0.984
7768,572.5,246.5,0.992
7769,558.5,232.5,0.985
7770,538.5,210.5,0.967
7771,524.5,194.5,0.984
7772,506.5,178.5,0.98
7773,492.5,166.5,0.979
7774,478.5,156.5,0.971
7775,466.5,154.5,0.966
7776,454.5,148.5,0.933
7777,466.5,146.5,0.894
7778,478.5,146.5,0.951
7779,502.5,148.5,0.988
7780,520.5,152.5,0.97
7781,538.5,158.5,0.978
7782,558.5,168.5,0.984
7783,580.5,182.5,0.987
7784,600.5,196.5,0.963
7785,626.5,220.5,0.967
7786,646.5,242.5,0.997
7787,656.5,256.5,0.99
7788,404.5,162.5,0.782
7789,706.5,324.5,0.891
7790,724.5,364.5,0.986
7791,742.5,356.5,0.989
7792,764.5,346.5,0.994
7793,784.5,342.5,0.994
7794,806.5,340.5,0.992
7795,828.5,342.5,0.977
7796,852.5,350.5,0.97
7797,870.5,358.5,0.797
7798,898.5,376.5,0.835
7799,924.5,394.5,0.702
7800,934.5,404.5,0.998
7801,894.5,380.5,0.945
7802,878.5,374.5,0.97
7803,750.5,284.5,0.993
7804,700.5,258.5,0.998
7805,644.5,232.5,0.996
7806,604.5,218.5,0.983
7807,566.5,208.5,0.964
7808,528.5,198.5,0.996
7809,490.5,192.5,0.993
7810,454.5,190.5,0.991
7811,424.5,190.5,0.983
7812,396.5,194.5,0.993
7813,366.5,198.5,0.993
7814,346.5,206.5,0.98
7815,318.5,218.5,0.991
7816,300.5,230.5,0.916
7817,282.5,242.5,0.908
7818,264.5,258.5,0.992
7819,250.5,272.5,0.977
7820,240.5,284.5,0.976
7821,226.5,304.5,0.998
7822,218.5,322.5,0.984
7824,202.5,360.5,0.983
7825,198.5,378.5,0.996
7826,192.5,394.5,0.985
7827,184.5,392.5,0.998
7828,172.5,376.5,0.99
7829,162.5,364.5,0.978
7830,150.5,352.5,0.994
7831,142.5,344.5,0.99
7832,132.5,336.5,0.99
7833,124.5,332.5,0.991
7835,110.5,328.5,0.972
7836,102.5,328.5,0.958
7837,96.5,332.5,0.984
7839,88.5,342.5,0.865
7840,84.5,352.5,0.959
7841,78.5,362.5,0.997
7842,76.5,372.5,0.994
7843,70.5,374.5,0.997
7844,64.5,368.5,0.609
7845,60.5,362.5,0.965
7846,56.5,362.5,0.972
7848,54.5,364.5,0.976
7849,52.5,370.5,0.994
7850,50.5,380.5,0.995
7851,50.5,390.5,0.995
7852,52.5,398.5,0.976
7853,46.5,394.5,0.994
7854,40.5,392.5,0.993
7855,38.5,392.5,0.998
7856,36.5,394.5,0.628
7860,116.5,342.5,0.538
7862,102.5,346.5,0.724
7863,96.5,348.5,0.754
7866,272.5,346.5,0.512
7884,684.5,282.5,0.588
7897,40.5,400.5,0.594
7910,42.5,394.5,0.553
7921,58.5,402.5,0.649
7922,70.5,394.5,0.846
7923,86.5,386.5,0.966
7925,120.5,372.5,0.765
7931,942.5,442.5,0.819
7940,162.5,358.5,0.839
7941,176.5,356.5,0.701
7945,1076.5,130.5,0.59
7946,1078.5,130.5,0.644
7947,264.5,370.5,0.881
7949,314.5,362.5,0.908
7950,336.5,356.5,0.835
7964,314.5,328.5,0.851
7980,1056.5,248.5,0.625
7981,1056.5,248.5,0.543
7982,1056.5,248.5,0.846
7983,1058.5,250.5,0.555
7984,1060.5,250.5,0.736
7985,1060.5,250.5,0.677
7986,1064.5,252.5,0.659
7987,1064.5,252.5,0.644
8000,1042.5,494.5,0.562
8004,404.5,218.5,0.959
8006,400.5,218.5,0.626
8007,392.5,220.5,0.932
8008,388.5,222.5,0.945
8009,382.5,224.5,0.945
8010,376.5,228.5,0.927
8011,366.5,228.5,0.82
8012,360.5,228.5,0.981
8013,354.5,230.5,0.947
8014,346.5,232.5,0.984
8015,340.5,232.5,0.989
8016,334.5,234.5,0.996
8017,328.5,238.5,0.996
8018,320.5,238.5,0.995
8019,316.5,240.5,0.998
8020,310.5,242.5,0.997
8021,306.5,242.5,0.998
8022,302.5,244.5,0.997
8023,298.5,246.5,0.995
8024,296.5,248.5,0.995
8025,292.5,250.5,0.993
8026,290.5,250.5,0.995
8027,288.5,252.5,0.994
8028,288.5,254.5,0.989
8029,286.5,256.5,0.99
8030,286.5,256.5,0.963
8031,286.5,258.5,0.981
8032,286.5,260.5,0.951
8033,284.5,264.5,0.919
8034,282.5,260.5,0.98
8035,280.5,252.5,0.984
8036,276.5,240.5,0.974
8037,274.5,226.5,0.968
8038,272.5,212.5,0.925
8039,274.5,214.5,0.662
8040,268.5,194.5,0.986
8041,266.5,188.5,0.997
8042,262.5,186.5,0.993
8043,262.5,184.5,0.996
8044,264.5,188.5,0.998
8045,264.5,194.5,0.994
8046,264.5,202.5,0.993
8047,262.5,210.5,0.898
8048,260.5,226.5,0.674
8049,236.5,234.5,0.835
8050,254.5,248.5,0.879
8051,346.5,282.5,0.946
8052,376.5,278.5,0.985
8053,406.5,268.5,0.985
8054,438.5,264.5,0.997
8055,468.5,262.5,0.994
8056,500.5,264.5,0.989
8057,532.5,266.5,0.992
8058,562.5,268.5,0.951
8059,604.5,286.5,0.994
8060,634.5,298.5,0.929
8061,616.5,358.5,0.855
8062,704.5,336.5,0.976
8063,738.5,356.5,0.97
8064,762.5,374.5,0.994
8065,796.5,360.5,0.944
8066,926.5,378.5,0.504
8067,926.5,354.5,0.93
8068,912.5,344.5,0.964
8069,896.5,336.5,0.94
8070,884.5,324.5,0.993
8071,836.5,296.5,0.976
8072,804.5,276.5,0.998
8073,764.5,260.5,0.997
8074,736.5,250.5,0.996
8075,710.5,244.5,0.994
8076,678.5,236.5,0.993
8077,644.5,234.5,0.993
8078,626.5,236.5,0.99
8079,600.5,238.5,0.981
8080,578.5,242.5,0.985
8081,556.5,250.5,0.961
8082,532.5,260.5,0.997
8083,512.5,270.5,0.993
8084,494.5,284.5,0.997
8085,478.5,282.5,0.994
8086,462.5,262.5,0.998
8087,448.5,246.5,0.999
8088,434.5,232.5,0.999
8089,422.5,222.5,0.998
8090,408.5,214.5,0.996
8091,394.5,208.5,0.988
8092,230.5,314.5,0.918
8093,426.5,206.5,0.957
8094,466.5,210.5,0.982
8095,510.5,216.5,0.98
8096,556.5,226.5,0.998
8097,598.5,238.5,0.986
8098,650.5,258.5,0.986
8099,690.5,272.5,0.997
8100,720.5,284.5,0.995
8103,858.5,314.5,0.979
8104,898.5,308.5,0.998
8105,930.5,306.5,0.998
8106,364.5,194.5,0.884
8107,1012.5,308.5,0.993
8108,1042.5,310.5,0.694
8109,1000.5,268.5,0.997
8110,950.5,236.5,0.992
8111,914.5,214.5,0.996
8112,874.5,194.5,0.998
8113,842.5,180.5,0.988
8114,792.5,160.5,0.997
8115,758.5,150.5,0.992
8116,730.5,146.5,0.979
8117,694.5,144.5,0.979
8118,670.5,144.5,0.989
8119,632.5,148.5,0.997
8120,606.5,152.5,0.993
8121,584.5,160.5,0.989
8122,558.5,170.5,0.982
8123,534.5,182.5,0.996
8124,512.5,198.5,0.98
8125,488.5,214.5,0.996
8126,476.5,226.5,0.995
8127,458.5,242.5,0.986
8128,442.5,226.5,0.994
8129,422.5,202.5,0.982
8130,410.5,188.5,0.985
8131,396.5,172.5,0.987
8132,382.5,162.5,0.968
8133,366.5,152.5,0.98
8134,352.5,146.5,0.992
8135,342.5,140.5,0.975
8136,328.5,138.5,0.903
8137,320.5,140.5,0.773
8139,398.5,140.5,0.964
8140,430.5,142.5,0.99
8141,464.5,148.5,0.995
8142,502.5,160.5,0.99
8143,538.5,172.5,0.978
8144,574.5,186.5,0.975
8145,622.5,210.5,0.985
8146,644.5,220.5,0.998
8147,702.5,258.5,0.998
8148,736.5,282.5,0.992
8151,838.5,378.5,0.916
8154,974.5,338.5,0.99
8155,1006.5,334.5,0.99
8156,1050.5,334.5,0.985
8157,1094.5,338.5,0.992
8158,1142.5,346.5,0.992
8159,1180.5,356.5,0.995
8160,1226.5,370.5,0.997
8161,1256.5,384.5,0.948
8163,1248.5,374.5,0.902
8164,1156.5,326.5,0.991
8165,1054.5,276.5,0.967
8166,1018.5,262.5,0.968
8167,904.5,218.5,0.978
8168,836.5,196.5,0.986
8169,768.5,182.5,0.99
8170,714.5,174.5,0.985
8171,678.5,170.5,0.96
8172,630.5,170.5,0.95
8173,588.5,172.5,0.964
8174,554.5,180.5,0.955
8175,528.5,186.5,0.997
8176,496.5,198.5,0.993
8177,474.5,210.5,0.97
8178,452.5,224.5,0.99
8179,434.5,236.5,0.989
8180,422.5,228.5,0.988
8181,398.5,200.5,0.981
8182,378.5,174.5,0.986
8183,364.5,158.5,0.957
8184,190.5,292.5,0.937
8185,346.5,132.5,0.764
8186,372.5,132.5,0.947
8187,404.5,134.5,0.982
8188,434.5,136.5,0.982
8189,456.5,142.5,0.977
8190,486.5,152.5,0.98
8191,522.5,166.5,0.983
8192,546.5,180.5,0.995
8193,578.5,200.5,0.983
8194,612.5,226.5,0.997
8195,634.5,244.5,0.981
8196,658.5,264.5,0.988
8197,700.5,310.5,0.743
8198,726.5,340.5,0.984
8199,758.5,400.5,0.953
8200,790.5,390.5,0.941
8201,826.5,376.5,0.985
8202,858.5,374.5,0.893
8205,968.5,374.5,0.989
8206,1006.5,384.5,0.991
8207,1040.5,394.5,0.982
8208,1088.5,418.5,0.981
8209,1124.5,436.5,0.994
8210,1162.5,466.5,0.988
8211,1196.5,494.5,0.969
8213,1188.5,496.5,0.814
8214,1098.5,424.5,0.896
8215,1012.5,362.5,0.972
8216,946.5,322.5,0.945
8217,886.5,284.5,0.985
8218,826.5,258.5,0.991
8219,778.5,238.5,0.994
8220,736.5,226.5,0.994
8221,694.5,214.5,0.993
8222,662.5,212.5,0.982
8223,624.5,208.5,0.976
8224,598.5,210.5,0.971
8225,572.5,212.5,0.98
8226,546.5,220.5,0.985
8227,526.5,228.5,0.993
8228,510.5,238.5,0.98
8229,490.5,250.5,0.996
8230,474.5,264.5,0.999
8231,460.5,248.5,0.99
8232,450.5,228.5,0.991
8233,436.5,206.5,0.992
8234,422.5,188.5,0.997
8235,410.5,174.5,0.986
8236,400.5,162.5,0.989
8237,390.5,154.5,0.979
8238,380.5,148.5,0.763
8239,388.5,146.5,0.551
8240,418.5,150.5,0.897
8241,456.5,156.5,0.977
8242,496.5,164.5,0.99
8243,528.5,176.5,0.995
8244,566.5,188.5,0.975
8245,604.5,204.5,0.98
8246,642.5,222.5,0.996
8247,686.5,244.5,0.999
8248,724.5,268.5,0.995
8249,758.5,290.5,0.993
8250,246.5,266.5,0.679
8251,338.5,164.5,0.812
8252,332.5,166.5,0.738
8253,944.5,336.5,0.996
8254,980.5,334.5,0.979
8255,1018.5,332.5,0.98
8256,1074.5,334.5,0.981
8257,1134.5,340.5,0.994
8258,1162.5,346.5,0.989
8259,1206.5,356.5,0.968
8260,1202.5,328.5,0.994
8261,1168.5,292.5,0.995
8262,1140.5,266.5,0.978
8263,1094.5,224.5,0.997
8264,1072.5,212.5,1.0
8271,838.5,164.5,0.799
8272,804.5,168.5,0.999
8273,784.5,180.5,0.993
8274,760.5,192.5,0.991
8275,736.5,208.5,0.987
8276,712.5,226.5,0.989
8277,688.5,246.5,0.984
8278,678.5,256.5,0.999
8279,658.5,286.5,0.831
8280,1142.5,244.5,0.849
8282,612.5,280.5,0.994
8283,598.5,250.5,0.997
8284,588.5,232.5,0.956
8285,576.5,212.5,0.968
8286,562.5,196.5,0.966
8287,550.5,182.5,0.985
8288,538.5,174.5,0.974
8289,528.5,166.5,0.982
8290,518.5,162.5,0.994
8291,506.5,160.5,0.991
8292,496.5,162.5,0.997
8293,486.5,168.5,0.996
8294,478.5,176.5,0.992
8295,470.5,184.5,0.999
8296,462.5,194.5,0.998
8297,454.5,208.5,0.998
8298,448.5,220.5,0.997
8299,442.5,238.5,0.998
8300,436.5,254.5,0.997
8301,428.5,272.5,0.993
8302,422.5,258.5,0.98
8303,410.5,236.5,0.998
8304,402.5,220.5,0.999
8305,390.5,204.5,0.996
8306,384.5,194.5,0.994
8307,374.5,184.5,0.995
8308,366.5,178.5,0.994
8309,358.5,172.5,0.997
8310,350.5,170.5,0.994
8311,344.5,172.5,0.992
8312,338.5,174.5,0.982
8313,330.5,180.5,0.965
8314,326.5,188.5,0.879
8315,320.5,194.5,0.952
8327,336.5,228.5,0.735
8329,962.5,520.5,0.697
8331,1042.5,568.5,0.961
8333,902.5,348.5,0.911
8334,1210.5,646.5,0.839
8335,1076.5,584.5,0.755
8336,382.5,218.5,0.752
8338,1024.5,624.5,0.717
8339,1054.5,616.5,0.907
8340,1054.5,514.5,0.765
8341,402.5,222.5,0.826
8343,406.5,224.5,0.656
8347,602.5,280.5,0.569
8353,970.5,498.5,0.763
8354,1104.5,192.5,0.737
8361,790.5,648.5,0.704
8365,870.5,570.5,0.949
8366,846.5,580.5,0.921
8367,794.5,592.5,0.952
8368,662.5,538.5,0.963
8370,664.5,438.5,0.74
8373,636.5,624.5,0.552
8377,684.5,660.5,0.903
8378,616.5,616.5,0.636
8385,660.5,630.5,0.845
8387,634.5,602.5,0.954
8388,602.5,604.5,0.633
8389,632.5,428.5,0.832
8393,636.5,614.5,0.659
8394,658.5,606.5,0.606
8395,714.5,652.5,0.749
8396,734.5,644.5,0.792
8398,750.5,620.5,0.58
8404,714.5,594.5,0.673
8410,698.5,462.5,0.529
