track,frame,t_s,x_px,y_px
0,34,1.133,438.5,226.5
0,35,1.167,432.5,218.5
0,37,1.233,420.5,206.5
0,38,1.267,416.5,200.5
0,42,1.4,626.5,458.5
0,43,1.433,584.5,528.5
0,44,1.467,606.5,530.5
0,45,1.5,650.5,546.5
0,46,1.533,652.5,534.5
0,50,1.667,728.5,566.5
1,97,3.233,874.5,632.5
1,101,3.367,1008.5,470.5
1,102,3.4,1002.5,468.5
1,103,3.433,998.5,468.5
1,104,3.467,992.5,466.5
1,108,3.6,976.5,456.5
1,109,3.633,972.5,456.5
2,116,3.867,962.5,472.5
2,117,3.9,960.5,474.5
2,120,4.0,944.5,476.5
2,121,4.033,936.5,474.5
2,123,4.1,920.5,472.5
2,124,4.133,908.5,470.5
2,125,4.167,892.5,470.5
2,126,4.2,876.5,466.5
2,127,4.233,826.5,466.5
3,142,4.733,814.5,366.5
3,143,4.767,818.5,366.5
3,144,4.8,822.5,366.5
3,145,4.833,826.5,368.5
3,146,4.867,832.5,368.5
3,148,4.933,840.5,368.5
3,149,4.967,848.5,368.5
3,152,5.067,870.5,358.5
4,168,5.6,870.5,644.5
4,172,5.733,942.5,416.5
4,173,5.767,946.5,418.5
4,175,5.833,952.5,416.5
4,176,5.867,952.5,416.5
4,177,5.9,952.5,410.5
4,178,5.933,950.5,410.5
4,179,5.967,948.5,406.5
4,180,6.0,946.5,408.5
4,181,6.033,944.5,408.5
4,182,6.067,942.5,410.5
4,183,6.1,942.5,410.5
4,184,6.133,938.5,410.5
4,185,6.167,938.5,406.5
4,187,6.233,936.5,398.5
4,188,6.267,934.5,396.5
4,189,6.3,934.5,396.5
4,190,6.333,936.5,398.5
4,191,6.367,938.5,396.5
4,192,6.4,938.5,400.5
4,193,6.433,940.5,400.5
4,194,6.467,944.5,402.5
4,195,6.5,944.5,404.5
4,196,6.533,950.5,408.5
4,197,6.567,952.5,410.5
4,198,6.6,954.5,414.5
4,199,6.633,958.5,416.5
4,200,6.667,960.5,416.5
4,201,6.7,960.5,418.5
4,202,6.733,958.5,422.5
4,203,6.767,958.5,424.5
4,204,6.8,958.5,424.5
4,205,6.833,958.5,424.5
4,206,6.867,956.5,424.5
4,207,6.9,954.5,424.5
4,208,6.933,952.5,424.5
4,209,6.967,952.5,426.5
4,210,7.0,952.5,426.5
4,211,7.033,950.5,426.5
4,214,7.133,950.5,426.5
4,215,7.167,946.5,428.5
4,217,7.233,944.5,428.5
4,218,7.267,942.5,428.5
4,219,7.3,942.5,430.5
4,220,7.333,936.5,430.5
4,222,7.4,934.5,426.5
4,223,7.433,930.5,424.5
4,224,7.467,928.5,422.5
4,227,7.567,916.5,412.5
4,228,7.6,912.5,408.5
4,229,7.633,910.5,408.5
5,245,8.167,818.5,320.5
5,246,8.2,816.5,332.5
5,247,8.233,844.5,350.5
5,248,8.267,840.5,364.5
5,250,8.333,850.5,362.5
5,251,8.367,832.5,324.5
5,254,8.467,830.5,326.5
5,255,8.5,802.5,316.5
5,256,8.533,826.5,320.5
5,259,8.633,828.5,346.5
5,260,8.667,822.5,350.5
5,261,8.7,804.5,320.5
5,262,8.733,830.5,300.5
5,263,8.767,832.5,282.5
5,264,8.8,834.5,268.5
5,265,8.833,836.5,258.5
5,266,8.867,838.5,250.5
5,267,8.9,840.5,248.5
5,268,8.933,842.5,246.5
5,269,8.967,844.5,250.5
5,270,9.0,844.5,256.5
5,271,9.033,844.5,266.5
5,272,9.067,844.5,278.5
5,273,9.1,842.5,294.5
5,274,9.133,840.5,308.5
5,275,9.167,834.5,330.5
5,276,9.2,838.5,344.5
6,439,14.633,842.5,340.5
6,440,14.667,840.5,356.5
6,443,14.767,856.5,364.5
6,444,14.8,846.5,360.5
6,446,14.867,774.5,456.5
6,448,14.933,802.5,316.5
6,450,15.0,826.5,310.5
6,451,15.033,824.5,306.5
6,452,15.067,822.5,306.5
6,453,15.1,816.5,308.5
6,454,15.133,820.5,324.5
6,455,15.167,826.5,344.5
6,456,15.2,802.5,312.5
6,457,15.233,818.5,328.5
6,458,15.267,832.5,306.5
6,459,15.3,834.5,306.5
6,460,15.333,838.5,310.5
6,461,15.367,838.5,316.5
6,462,15.4,840.5,326.5
6,463,15.433,838.5,334.5
6,465,15.5,838.5,372.5
6,467,15.567,846.5,412.5
6,468,15.6,842.5,428.5
6,469,15.633,864.5,420.5
6,472,15.733,878.5,364.5
6,473,15.767,884.5,358.5
6,474,15.8,890.5,352.5
6,475,15.833,898.5,354.5
6,476,15.867,898.5,376.5
6,477,15.9,904.5,362.5
7,505,16.833,852.5,358.5
7,506,16.867,854.5,372.5
7,507,16.9,878.5,386.5
7,508,16.933,874.5,380.5
7,509,16.967,870.5,370.5
7,510,17.0,862.5,364.5
7,512,17.067,832.5,326.5
7,513,17.1,826.5,320.5
7,514,17.133,820.5,316.5
7,515,17.167,836.5,324.5
7,516,17.2,834.5,322.5
7,517,17.233,832.5,320.5
7,518,17.267,830.5,316.5
7,519,17.3,830.5,316.5
7,520,17.333,830.5,316.5
7,521,17.367,828.5,318.5
7,523,17.433,828.5,316.5
7,524,17.467,826.5,316.5
7,525,17.5,826.5,316.5
7,526,17.533,828.5,318.5
7,528,17.6,834.5,346.5
7,530,17.667,818.5,322.5
7,531,17.7,838.5,306.5
7,532,17.733,840.5,288.5
7,534,17.8,850.5,264.5
7,535,17.833,854.5,258.5
7,536,17.867,856.5,254.5
7,537,17.9,862.5,256.5
7,538,17.933,862.5,258.5
7,539,17.967,864.5,266.5
7,540,18.0,866.5,278.5
7,541,18.033,866.5,292.5
7,542,18.067,866.5,310.5
7,543,18.1,866.5,318.5
7,544,18.133,864.5,346.5
7,545,18.167,864.5,342.5
7,546,18.2,868.5,340.5
7,547,18.233,870.5,340.5
7,548,18.267,872.5,342.5
8,553,18.433,878.5,362.5
8,554,18.467,880.5,364.5
8,558,18.6,880.5,364.5
8,562,18.733,878.5,368.5
8,563,18.767,876.5,364.5
8,564,18.8,876.5,366.5
8,565,18.833,876.5,366.5
8,566,18.867,876.5,368.5
8,567,18.9,876.5,368.5
8,568,18.933,876.5,370.5
8,569,18.967,876.5,370.5
8,570,19.0,876.5,370.5
8,571,19.033,876.5,370.5
8,572,19.067,874.5,370.5
8,573,19.1,874.5,370.5
8,574,19.133,874.5,372.5
8,575,19.167,874.5,372.5
8,576,19.2,874.5,370.5
8,577,19.233,872.5,372.5
8,578,19.267,872.5,372.5
8,579,19.3,872.5,372.5
8,580,19.333,872.5,372.5
8,581,19.367,872.5,370.5
8,582,19.4,872.5,370.5
8,583,19.433,872.5,370.5
8,584,19.467,872.5,372.5
8,585,19.5,872.5,370.5
8,586,19.533,872.5,370.5
8,587,19.567,872.5,370.5
8,588,19.6,872.5,370.5
8,589,19.633,872.5,370.5
8,590,19.667,872.5,370.5
8,591,19.7,870.5,370.5
8,592,19.733,870.5,370.5
8,593,19.767,870.5,370.5
8,594,19.8,870.5,370.5
8,595,19.833,870.5,370.5
8,596,19.867,870.5,370.5
8,597,19.9,870.5,370.5
8,598,19.933,870.5,370.5
8,599,19.967,870.5,370.5
8,600,20.0,870.5,370.5
8,601,20.033,870.5,370.5
8,602,20.067,870.5,370.5
8,603,20.1,870.5,370.5
8,604,20.133,870.5,370.5
8,605,20.167,870.5,370.5
8,606,20.2,870.5,370.5
8,607,20.233,870.5,370.5
8,608,20.267,870.5,370.5
8,609,20.3,870.5,370.5
8,610,20.333,870.5,370.5
8,611,20.367,870.5,370.5
8,612,20.4,868.5,368.5
8,613,20.433,868.5,368.5
8,614,20.467,870.5,368.5
8,615,20.5,868.5,366.5
8,616,20.533,870.5,368.5
8,617,20.567,870.5,368.5
8,618,20.6,870.5,366.5
8,619,20.633,870.5,366.5
8,620,20.667,870.5,368.5
8,621,20.7,870.5,366.5
8,622,20.733,870.5,368.5
8,623,20.767,870.5,366.5
8,624,20.8,870.5,368.5
8,625,20.833,872.5,368.5
8,626,20.867,872.5,368.5
8,627,20.9,872.5,368.5
8,628,20.933,872.5,370.5
8,629,20.967,872.5,370.5
8,630,21.0,872.5,370.5
8,631,21.033,872.5,370.5
8,632,21.067,872.5,372.5
8,633,21.1,872.5,370.5
8,634,21.133,826.5,324.5
8,636,21.2,838.5,356.5
8,637,21.233,870.5,374.5
9,642,21.4,848.5,362.5
9,644,21.467,832.5,328.5
9,645,21.5,838.5,342.5
9,646,21.533,832.5,338.5
9,647,21.567,830.5,330.5
9,648,21.6,826.5,326.5
9,649,21.633,826.5,322.5
9,650,21.667,824.5,320.5
9,651,21.7,824.5,318.5
9,652,21.733,824.5,316.5
9,654,21.8,830.5,342.5
9,655,21.833,832.5,310.5
9,656,21.867,836.5,298.5
9,657,21.9,862.5,280.5
9,659,21.967,814.5,340.5
9,661,22.033,858.5,180.5
9,662,22.067,866.5,164.5
9,663,22.1,868.5,154.5
9,664,22.133,870.5,144.5
9,665,22.167,874.5,142.5
9,666,22.2,878.5,144.5
9,667,22.233,880.5,152.5
9,668,22.267,882.5,160.5
9,669,22.3,882.5,170.5
9,670,22.333,882.5,186.5
9,671,22.367,882.5,204.5
9,672,22.4,884.5,228.5
9,673,22.433,882.5,248.5
9,674,22.467,882.5,276.5
9,675,22.5,880.5,298.5
9,676,22.533,876.5,324.5
9,678,22.6,882.5,330.5
9,680,22.667,882.5,326.5
9,681,22.7,882.5,328.5
9,683,22.767,1038.5,330.5
9,684,22.8,1038.5,330.5
9,685,22.833,1040.5,330.5
9,686,22.867,1040.5,330.5
9,690,23.0,888.5,352.5
9,691,23.033,890.5,356.5
9,693,23.1,894.5,360.5
9,696,23.2,902.5,370.5
9,698,23.267,912.5,376.5
9,701,23.367,924.5,386.5
10,724,24.133,1016.5,444.5
10,725,24.167,1020.5,446.5
10,726,24.2,1024.5,448.5
10,727,24.233,1026.5,450.5
10,728,24.267,1026.5,450.5
10,731,24.367,1026.5,452.5
11,809,26.967,1038.5,424.5
11,811,27.033,924.5,356.5
11,812,27.067,878.5,338.5
11,813,27.1,868.5,336.5
11,815,27.167,1016.5,414.5
11,816,27.2,1012.5,412.5
11,817,27.233,1006.5,410.5
11,818,27.267,998.5,406.5
12,838,27.933,840.5,326.5
12,839,27.967,822.5,332.5
12,840,28.0,816.5,316.5
12,842,28.067,852.5,358.5
12,843,28.1,852.5,364.5
12,844,28.133,854.5,372.5
12,845,28.167,850.5,380.5
12,846,28.2,850.5,380.5
12,847,28.233,838.5,420.5
12,848,28.267,838.5,424.5
12,849,28.3,848.5,410.5
12,850,28.333,852.5,396.5
12,851,28.367,858.5,384.5
12,852,28.4,862.5,376.5
12,853,28.433,866.5,370.5
12,854,28.467,870.5,368.5
12,855,28.5,876.5,368.5
12,856,28.533,880.5,376.5
12,857,28.567,882.5,382.5
12,860,28.667,830.5,316.5
12,861,28.7,882.5,380.5
12,862,28.733,880.5,378.5
12,863,28.767,878.5,378.5
12,864,28.8,872.5,374.5
12,865,28.833,870.5,374.5
12,866,28.867,870.5,366.5
12,867,28.9,864.5,362.5
12,868,28.933,860.5,356.5
12,869,28.967,854.5,356.5
12,871,29.033,848.5,340.5
12,872,29.067,846.5,340.5
12,873,29.1,844.5,336.5
12,874,29.133,838.5,334.5
12,876,29.2,848.5,374.5
12,877,29.233,818.5,324.5
12,878,29.267,820.5,314.5
12,881,29.367,860.5,278.5
12,882,29.4,862.5,266.5
12,883,29.433,864.5,258.5
12,884,29.467,870.5,256.5
12,885,29.5,872.5,258.5
12,886,29.533,872.5,266.5
12,888,29.6,870.5,282.5
12,889,29.633,872.5,298.5
12,890,29.667,872.5,314.5
12,891,29.7,884.5,378.5
12,893,29.767,870.5,378.5
12,894,29.8,866.5,402.5
12,895,29.833,872.5,406.5
12,897,29.9,894.5,364.5
12,898,29.933,900.5,346.5
12,899,29.967,910.5,330.5
12,900,30.0,920.5,320.5
12,901,30.033,926.5,312.5
12,902,30.067,934.5,306.5
13,920,30.667,962.5,388.5
13,921,30.7,968.5,392.5
13,922,30.733,972.5,396.5
13,924,30.8,978.5,402.5
13,925,30.833,982.5,404.5
13,926,30.867,982.5,406.5
13,927,30.9,982.5,408.5
13,928,30.933,982.5,408.5
13,929,30.967,982.5,408.5
13,930,31.0,982.5,408.5
13,931,31.033,980.5,406.5
13,933,31.1,976.5,404.5
14,963,32.1,866.5,384.5
14,964,32.133,842.5,372.5
14,965,32.167,830.5,358.5
14,966,32.2,836.5,352.5
14,969,32.3,828.5,376.5
14,972,32.4,868.5,402.5
15,977,32.567,888.5,420.5
15,979,32.633,846.5,456.5
15,980,32.667,854.5,384.5
15,981,32.7,806.5,450.5
15,983,32.767,816.5,342.5
15,985,32.833,790.5,402.5
15,986,32.867,814.5,360.5
15,987,32.9,808.5,372.5
15,988,32.933,840.5,382.5
15,989,32.967,838.5,400.5
15,990,33.0,860.5,408.5
15,991,33.033,882.5,408.5
15,994,33.133,882.5,404.5
15,995,33.167,848.5,386.5
15,996,33.2,830.5,370.5
15,998,33.267,810.5,348.5
15,999,33.3,818.5,356.5
15,1001,33.367,810.5,400.5
15,1002,33.4,810.5,370.5
15,1003,33.433,852.5,376.5
16,1012,33.733,950.5,204.5
16,1014,33.8,950.5,202.5
16,1015,33.833,950.5,204.5
16,1017,33.9,950.5,202.5
16,1018,33.933,950.5,202.5
16,1019,33.967,950.5,202.5
16,1021,34.033,950.5,202.5
16,1022,34.067,950.5,202.5
16,1023,34.1,948.5,202.5
16,1024,34.133,948.5,202.5
16,1026,34.2,948.5,200.5
16,1027,34.233,948.5,202.5
16,1028,34.267,948.5,202.5
16,1029,34.3,948.5,202.5
16,1030,34.333,948.5,202.5
16,1031,34.367,948.5,202.5
16,1032,34.4,948.5,202.5
16,1033,34.433,948.5,202.5
16,1034,34.467,948.5,202.5
16,1035,34.5,948.5,202.5
16,1036,34.533,948.5,202.5
16,1037,34.567,948.5,202.5
16,1038,34.6,948.5,202.5
16,1039,34.633,948.5,202.5
16,1040,34.667,948.5,204.5
17,1076,35.867,962.5,200.5
17,1078,35.933,824.5,208.5
17,1079,35.967,820.5,196.5
17,1080,36.0,816.5,184.5
17,1081,36.033,812.5,176.5
17,1082,36.067,806.5,168.5
17,1083,36.1,800.5,166.5
17,1084,36.133,794.5,170.5
17,1085,36.167,790.5,178.5
17,1086,36.2,784.5,188.5
17,1087,36.233,778.5,202.5
17,1088,36.267,772.5,216.5
17,1089,36.3,766.5,236.5
17,1090,36.333,760.5,254.5
17,1091,36.367,752.5,282.5
17,1092,36.4,746.5,310.5
17,1093,36.433,740.5,338.5
17,1094,36.467,734.5,368.5
17,1095,36.5,726.5,396.5
17,1096,36.533,714.5,436.5
17,1097,36.567,722.5,406.5
17,1098,36.6,728.5,378.5
17,1099,36.633,734.5,356.5
17,1100,36.667,738.5,332.5
17,1101,36.7,744.5,314.5
17,1102,36.733,748.5,298.5
17,1103,36.767,752.5,286.5
17,1104,36.8,758.5,278.5
17,1105,36.833,762.5,272.5
17,1106,36.867,768.5,270.5
17,1107,36.9,770.5,272.5
17,1108,36.933,774.5,280.5
17,1109,36.967,778.5,288.5
17,1110,37.0,782.5,298.5
17,1111,37.033,784.5,314.5
17,1112,37.067,788.5,332.5
17,1113,37.1,790.5,354.5
17,1114,37.133,790.5,376.5
17,1115,37.167,788.5,392.5
17,1116,37.2,784.5,392.5
18,1203,40.1,1176.5,202.5
18,1204,40.133,1172.5,208.5
18,1206,40.2,1146.5,232.5
18,1210,40.333,908.5,398.5
18,1211,40.367,896.5,404.5
18,1213,40.433,834.5,308.5
18,1215,40.5,730.5,326.5
18,1217,40.567,892.5,294.5
18,1219,40.633,972.5,310.5
19,1224,40.8,438.5,244.5
19,1225,40.833,416.5,248.5
19,1226,40.867,398.5,256.5
19,1227,40.9,378.5,260.5
19,1228,40.933,360.5,244.5
19,1229,40.967,342.5,232.5
19,1230,41.0,326.5,222.5
19,1232,41.067,346.5,208.5
19,1233,41.1,382.5,204.5
19,1234,41.133,414.5,202.5
19,1235,41.167,450.5,200.5
19,1236,41.2,480.5,202.5
19,1237,41.233,522.5,208.5
19,1238,41.267,550.5,214.5
19,1239,41.3,592.5,226.5
19,1240,41.333,634.5,240.5
19,1241,41.367,678.5,258.5
19,1242,41.4,708.5,274.5
19,1243,41.433,740.5,288.5
19,1246,41.533,958.5,406.5
19,1248,41.6,952.5,380.5
19,1249,41.633,982.5,386.5
19,1251,41.7,842.5,308.5
19,1252,41.733,794.5,290.5
19,1253,41.767,748.5,274.5
19,1254,41.8,710.5,260.5
19,1255,41.833,676.5,252.5
19,1256,41.867,632.5,244.5
19,1257,41.9,590.5,240.5
19,1258,41.933,556.5,238.5
19,1259,41.967,526.5,238.5
19,1260,42.0,490.5,244.5
19,1261,42.033,464.5,246.5
19,1262,42.067,430.5,256.5
19,1263,42.1,404.5,264.5
19,1264,42.133,378.5,276.5
19,1265,42.167,352.5,292.5
19,1266,42.2,336.5,296.5
19,1267,42.233,306.5,272.5
19,1268,42.267,292.5,260.5
19,1269,42.3,266.5,242.5
19,1270,42.333,246.5,232.5
19,1271,42.367,230.5,224.5
19,1272,42.4,224.5,296.5
19,1273,42.433,194.5,216.5
19,1274,42.467,238.5,288.5
19,1275,42.5,242.5,284.5
19,1277,42.567,198.5,362.5
19,1279,42.633,308.5,222.5
19,1280,42.667,358.5,234.5
19,1281,42.7,414.5,248.5
19,1282,42.733,456.5,262.5
19,1283,42.767,506.5,282.5
19,1284,42.8,562.5,308.5
19,1286,42.867,654.5,370.5
19,1287,42.9,700.5,358.5
19,1288,42.933,762.5,348.5
19,1289,42.967,796.5,346.5
19,1292,43.067,974.5,358.5
19,1293,43.1,1000.5,364.5
19,1294,43.133,990.5,344.5
19,1295,43.167,932.5,312.5
19,1296,43.2,880.5,284.5
19,1297,43.233,826.5,260.5
19,1298,43.267,774.5,238.5
19,1299,43.3,732.5,224.5
19,1300,43.333,688.5,210.5
19,1301,43.367,640.5,198.5
19,1302,43.4,602.5,192.5
19,1303,43.433,566.5,188.5
19,1304,43.467,532.5,186.5
19,1305,43.5,496.5,188.5
19,1306,43.533,466.5,194.5
19,1307,43.567,434.5,200.5
19,1308,43.6,410.5,210.5
19,1309,43.633,384.5,218.5
19,1310,43.667,360.5,232.5
19,1311,43.7,334.5,246.5
19,1312,43.733,320.5,258.5
19,1313,43.767,298.5,276.5
19,1315,43.833,262.5,258.5
19,1316,43.867,252.5,242.5
19,1317,43.9,234.5,222.5
19,1318,43.933,222.5,204.5
19,1319,43.967,214.5,196.5
19,1320,44.0,198.5,184.5
19,1321,44.033,188.5,174.5
19,1322,44.067,176.5,168.5
19,1323,44.1,168.5,166.5
19,1324,44.133,158.5,168.5
19,1325,44.167,166.5,166.5
19,1326,44.2,206.5,160.5
19,1327,44.233,260.5,158.5
19,1328,44.267,322.5,156.5
19,1329,44.3,374.5,164.5
19,1330,44.333,424.5,172.5
19,1331,44.367,474.5,186.5
19,1332,44.4,534.5,204.5
19,1333,44.433,582.5,222.5
19,1334,44.467,636.5,244.5
19,1335,44.5,694.5,274.5
19,1336,44.533,740.5,302.5
19,1340,44.667,968.5,340.5
19,1341,44.7,1016.5,332.5
19,1342,44.733,1050.5,324.5
19,1343,44.767,1078.5,302.5
19,1344,44.8,1026.5,284.5
19,1345,44.833,942.5,252.5
19,1346,44.867,892.5,240.5
19,1347,44.9,836.5,226.5
19,1348,44.933,776.5,212.5
19,1349,44.967,726.5,206.5
19,1350,45.0,684.5,200.5
19,1351,45.033,634.5,196.5
19,1354,45.133,510.5,206.5
19,1355,45.167,470.5,212.5
19,1356,45.2,434.5,220.5
19,1357,45.233,402.5,230.5
19,1358,45.267,366.5,244.5
19,1359,45.3,344.5,256.5
19,1360,45.333,312.5,274.5
19,1362,45.4,252.5,308.5
19,1363,45.433,174.5,312.5
19,1365,45.5,188.5,366.5
19,1366,45.533,170.5,386.5
19,1367,45.567,154.5,404.5
19,1368,45.6,136.5,422.5
19,1369,45.633,122.5,412.5
19,1370,45.667,110.5,398.5
19,1371,45.7,96.5,384.5
19,1372,45.733,80.5,374.5
19,1373,45.767,68.5,366.5
19,1374,45.8,56.5,360.5
19,1375,45.833,44.5,358.5
19,1377,45.9,54.5,322.5
19,1378,45.933,72.5,404.5
19,1379,45.967,80.5,390.5
19,1380,46.0,88.5,360.5
19,1383,46.1,100.5,348.5
19,1384,46.133,114.5,342.5
19,1387,46.233,182.5,312.5
20,1410,47.0,136.5,344.5
20,1412,47.067,136.5,328.5
20,1414,47.133,134.5,316.5
20,1415,47.167,134.5,316.5
20,1416,47.2,136.5,318.5
20,1417,47.233,164.5,286.5
20,1418,47.267,136.5,326.5
20,1419,47.3,140.5,330.5
20,1420,47.333,140.5,342.5
20,1421,47.367,142.5,350.5
20,1424,47.467,144.5,360.5
20,1425,47.5,140.5,356.5
20,1426,47.533,138.5,356.5
20,1427,47.567,136.5,358.5
20,1428,47.6,136.5,360.5
20,1429,47.633,134.5,364.5
20,1430,47.667,134.5,368.5
20,1431,47.7,134.5,368.5
20,1432,47.733,132.5,364.5
20,1433,47.767,132.5,364.5
20,1434,47.8,132.5,368.5
20,1435,47.833,132.5,370.5
20,1436,47.867,130.5,370.5
20,1437,47.9,128.5,370.5
20,1438,47.933,130.5,372.5
20,1439,47.967,126.5,374.5
20,1440,48.0,126.5,376.5
20,1441,48.033,126.5,376.5
20,1442,48.067,124.5,378.5
20,1443,48.1,122.5,384.5
20,1444,48.133,120.5,388.5
20,1445,48.167,118.5,390.5
20,1446,48.2,118.5,394.5
20,1447,48.233,116.5,396.5
20,1448,48.267,114.5,398.5
20,1449,48.3,112.5,400.5
20,1450,48.333,112.5,402.5
20,1451,48.367,110.5,404.5
20,1452,48.4,108.5,408.5
20,1454,48.467,100.5,410.5
20,1456,48.533,102.5,410.5
20,1457,48.567,104.5,410.5
21,1490,49.667,158.5,382.5
21,1492,49.733,202.5,284.5
21,1493,49.767,208.5,284.5
21,1494,49.8,216.5,284.5
21,1497,49.9,240.5,282.5
21,1498,49.933,246.5,282.5
22,1530,51.0,398.5,124.5
22,1531,51.033,420.5,130.5
22,1532,51.067,426.5,152.5
22,1533,51.1,452.5,158.5
22,1534,51.133,474.5,180.5
22,1535,51.167,498.5,208.5
22,1536,51.2,514.5,232.5
22,1537,51.233,532.5,258.5
22,1538,51.267,540.5,256.5
22,1539,51.3,552.5,234.5
22,1540,51.333,560.5,222.5
22,1541,51.367,574.5,208.5
22,1542,51.4,584.5,196.5
22,1543,51.433,596.5,188.5
22,1544,51.467,608.5,180.5
22,1545,51.5,622.5,178.5
22,1546,51.533,634.5,178.5
22,1547,51.567,646.5,178.5
22,1548,51.6,658.5,184.5
22,1549,51.633,672.5,194.5
22,1550,51.667,682.5,202.5
22,1551,51.7,694.5,214.5
22,1552,51.733,706.5,230.5
22,1553,51.767,720.5,250.5
22,1554,51.8,730.5,268.5
22,1555,51.833,736.5,282.5
22,1556,51.867,744.5,310.5
22,1557,51.9,754.5,330.5
22,1558,51.933,774.5,300.5
22,1559,51.967,782.5,292.5
22,1560,52.0,794.5,276.5
22,1561,52.033,808.5,268.5
22,1562,52.067,820.5,262.5
22,1563,52.1,832.5,256.5
22,1564,52.133,844.5,254.5
22,1565,52.167,856.5,254.5
22,1566,52.2,868.5,258.5
22,1567,52.233,880.5,264.5
22,1568,52.267,890.5,276.5
22,1569,52.3,900.5,286.5
22,1570,52.333,912.5,302.5
22,1571,52.367,918.5,290.5
22,1572,52.4,922.5,262.5
22,1573,52.433,928.5,242.5
22,1574,52.467,932.5,224.5
22,1575,52.5,936.5,208.5
22,1576,52.533,942.5,194.5
22,1577,52.567,946.5,184.5
22,1578,52.6,948.5,178.5
22,1579,52.633,952.5,174.5
22,1580,52.667,956.5,176.5
22,1581,52.7,958.5,182.5
22,1582,52.733,958.5,190.5
22,1583,52.767,960.5,202.5
22,1584,52.8,958.5,216.5
22,1585,52.833,956.5,232.5
22,1586,52.867,954.5,248.5
22,1588,52.933,942.5,334.5
22,1589,52.967,946.5,326.5
22,1591,53.033,952.5,310.5
22,1592,53.067,976.5,296.5
22,1593,53.1,982.5,290.5
22,1594,53.133,986.5,290.5
22,1595,53.167,990.5,296.5
22,1596,53.2,988.5,304.5
22,1597,53.233,970.5,314.5
23,1603,53.433,980.5,408.5
23,1604,53.467,984.5,418.5
23,1605,53.5,990.5,428.5
23,1606,53.533,992.5,434.5
23,1607,53.567,994.5,438.5
24,1627,54.233,1034.5,502.5
24,1629,54.3,992.5,616.5
24,1632,54.4,1096.5,644.5
24,1633,54.433,1106.5,644.5
24,1634,54.467,1110.5,646.5
24,1637,54.567,1038.5,480.5
24,1638,54.6,1036.5,482.5
24,1640,54.667,1036.5,478.5
24,1641,54.7,1038.5,472.5
24,1642,54.733,1038.5,468.5
24,1643,54.767,1038.5,462.5
24,1644,54.8,1040.5,458.5
24,1645,54.833,1040.5,454.5
25,1651,55.033,1104.5,188.5
25,1653,55.1,1178.5,234.5
25,1655,55.167,1186.5,234.5
25,1658,55.267,976.5,388.5
25,1659,55.3,958.5,392.5
25,1662,55.4,930.5,344.5
25,1664,55.467,944.5,308.5
26,1691,56.367,928.5,302.5
26,1692,56.4,932.5,318.5
26,1694,56.467,926.5,344.5
26,1695,56.5,946.5,374.5
26,1698,56.6,966.5,440.5
27,1715,57.167,886.5,452.5
27,1716,57.2,884.5,434.5
27,1717,57.233,866.5,412.5
27,1718,57.267,862.5,392.5
27,1719,57.3,858.5,370.5
27,1721,57.367,836.5,328.5
27,1722,57.4,850.5,326.5
28,1896,63.2,346.5,74.5
28,1897,63.233,358.5,84.5
28,1898,63.267,370.5,102.5
28,1899,63.3,374.5,132.5
28,1900,63.333,378.5,150.5
28,1901,63.367,378.5,170.5
28,1902,63.4,372.5,184.5
28,1903,63.433,386.5,212.5
28,1904,63.467,380.5,226.5
28,1905,63.5,346.5,212.5
29,2058,68.6,1000.5,456.5
29,2060,68.667,994.5,454.5
29,2061,68.7,990.5,454.5
29,2062,68.733,986.5,454.5
29,2063,68.767,984.5,454.5
29,2064,68.8,982.5,456.5
29,2065,68.833,980.5,456.5
29,2066,68.867,978.5,458.5
29,2067,68.9,978.5,462.5
29,2068,68.933,976.5,466.5
29,2069,68.967,976.5,468.5
29,2070,69.0,976.5,472.5
29,2071,69.033,976.5,474.5
29,2072,69.067,976.5,480.5
29,2073,69.1,976.5,484.5
29,2074,69.133,974.5,488.5
29,2075,69.167,974.5,492.5
29,2076,69.2,974.5,498.5
29,2077,69.233,972.5,502.5
29,2078,69.267,968.5,504.5
29,2079,69.3,964.5,504.5
29,2080,69.333,958.5,502.5
29,2081,69.367,952.5,498.5
29,2082,69.4,944.5,492.5
29,2085,69.5,908.5,442.5
29,2086,69.533,900.5,420.5
29,2088,69.6,886.5,354.5
29,2089,69.633,892.5,344.5
29,2092,69.733,906.5,268.5
29,2093,69.767,910.5,258.5
29,2094,69.8,912.5,248.5
29,2095,69.833,916.5,240.5
29,2096,69.867,920.5,240.5
29,2097,69.9,922.5,246.5
29,2098,69.933,924.5,254.5
29,2099,69.967,924.5,264.5
29,2100,70.0,926.5,278.5
29,2101,70.033,924.5,296.5
29,2102,70.067,922.5,318.5
29,2104,70.133,916.5,474.5
29,2105,70.167,920.5,404.5
29,2106,70.2,914.5,424.5
29,2107,70.233,864.5,424.5
29,2108,70.267,814.5,416.5
29,2109,70.3,774.5,410.5
29,2110,70.333,726.5,400.5
29,2111,70.367,706.5,354.5
29,2112,70.4,674.5,320.5
29,2113,70.433,646.5,296.5
29,2114,70.467,624.5,276.5
29,2115,70.5,594.5,256.5
29,2116,70.533,576.5,248.5
29,2117,70.567,556.5,240.5
29,2118,70.6,536.5,236.5
29,2119,70.633,518.5,234.5
29,2120,70.667,504.5,236.5
29,2121,70.7,490.5,240.5
29,2122,70.733,476.5,244.5
29,2123,70.767,460.5,232.5
29,2124,70.8,450.5,218.5
29,2125,70.833,436.5,206.5
29,2127,70.9,450.5,188.5
29,2128,70.933,498.5,186.5
29,2129,70.967,532.5,184.5
29,2130,71.0,558.5,186.5
29,2131,71.033,598.5,188.5
29,2132,71.067,634.5,194.5
29,2133,71.1,676.5,202.5
29,2134,71.133,708.5,212.5
29,2135,71.167,748.5,226.5
29,2136,71.2,786.5,242.5
29,2137,71.233,828.5,262.5
29,2138,71.267,858.5,278.5
29,2139,71.3,906.5,308.5
29,2140,71.333,938.5,330.5
29,2141,71.367,984.5,364.5
29,2142,71.4,1028.5,402.5
29,2143,71.433,1060.5,432.5
29,2145,71.5,1140.5,516.5
29,2147,71.567,1142.5,432.5
30,2163,72.1,1148.5,600.5
30,2164,72.133,1128.5,606.5
30,2165,72.167,1106.5,614.5
30,2166,72.2,1094.5,610.5
30,2167,72.233,1090.5,596.5
30,2168,72.267,1086.5,588.5
30,2169,72.3,1080.5,580.5
30,2170,72.333,1076.5,576.5
30,2171,72.367,1066.5,572.5
30,2172,72.4,1058.5,572.5
30,2173,72.433,1052.5,576.5
30,2174,72.467,1044.5,582.5
30,2175,72.5,1038.5,588.5
30,2176,72.533,1034.5,582.5
30,2177,72.567,1034.5,574.5
30,2178,72.6,1028.5,574.5
30,2181,72.7,1106.5,340.5
30,2182,72.733,1096.5,348.5
30,2183,72.767,1086.5,354.5
30,2187,72.9,1214.5,632.5
30,2188,72.933,1208.5,632.5
31,2194,73.133,990.5,572.5
31,2195,73.167,990.5,566.5
31,2196,73.2,994.5,556.5
31,2197,73.233,996.5,544.5
31,2198,73.267,996.5,522.5
31,2199,73.3,1000.5,502.5
32,2204,73.467,1140.5,508.5
32,2208,73.6,814.5,422.5
32,2210,73.667,830.5,244.5
32,2211,73.7,794.5,212.5
32,2212,73.733,770.5,196.5
32,2213,73.767,746.5,180.5
32,2214,73.8,720.5,170.5
32,2215,73.833,694.5,160.5
32,2216,73.867,674.5,156.5
32,2217,73.9,642.5,154.5
32,2218,73.933,622.5,154.5
32,2219,73.967,600.5,158.5
32,2220,74.0,578.5,164.5
32,2221,74.033,558.5,174.5
32,2222,74.067,540.5,184.5
32,2223,74.1,524.5,198.5
32,2224,74.133,504.5,214.5
32,2225,74.167,492.5,226.5
32,2226,74.2,474.5,248.5
32,2227,74.233,462.5,266.5
32,2228,74.267,450.5,284.5
32,2229,74.3,438.5,292.5
32,2230,74.333,424.5,266.5
32,2231,74.367,412.5,242.5
32,2232,74.4,402.5,226.5
32,2233,74.433,392.5,212.5
32,2234,74.467,380.5,200.5
32,2235,74.5,370.5,188.5
32,2236,74.533,358.5,180.5
32,2237,74.567,350.5,176.5
32,2238,74.6,340.5,174.5
32,2240,74.667,322.5,178.5
32,2241,74.7,314.5,184.5
32,2242,74.733,308.5,192.5
32,2243,74.767,302.5,202.5
32,2244,74.8,296.5,216.5
32,2245,74.833,290.5,228.5
32,2246,74.867,286.5,244.5
32,2248,74.933,278.5,272.5
32,2249,74.967,266.5,260.5
32,2250,75.0,248.5,244.5
32,2253,75.1,216.5,226.5
32,2254,75.133,208.5,226.5
32,2255,75.167,198.5,226.5
32,2256,75.2,190.5,228.5
32,2257,75.233,186.5,252.5
32,2258,75.267,168.5,240.5
32,2261,75.367,132.5,152.5
32,2262,75.4,118.5,126.5
32,2263,75.433,108.5,104.5
32,2264,75.467,98.5,86.5
32,2265,75.5,88.5,70.5
32,2267,75.567,70.5,44.5
32,2269,75.633,66.5,190.5
32,2270,75.667,42.5,176.5
32,2271,75.7,30.5,162.5
32,2273,75.767,34.5,26.5
32,2274,75.8,32.5,34.5
32,2275,75.833,30.5,42.5
32,2276,75.867,26.5,52.5
32,2277,75.9,24.5,68.5
32,2278,75.933,24.5,82.5
32,2279,75.967,24.5,94.5
32,2280,76.0,26.5,106.5
32,2281,76.033,36.5,98.5
32,2282,76.067,42.5,92.5
32,2283,76.1,54.5,90.5
32,2284,76.133,64.5,90.5
32,2285,76.167,78.5,94.5
32,2286,76.2,88.5,96.5
32,2287,76.233,100.5,104.5
32,2288,76.267,112.5,114.5
32,2289,76.3,126.5,126.5
32,2290,76.333,136.5,140.5
33,2325,77.5,326.5,232.5
33,2326,77.533,326.5,234.5
33,2327,77.567,326.5,236.5
33,2328,77.6,324.5,240.5
33,2329,77.633,322.5,242.5
33,2330,77.667,322.5,242.5
33,2331,77.7,318.5,246.5
33,2332,77.733,314.5,248.5
33,2333,77.767,310.5,250.5
33,2334,77.8,306.5,252.5
33,2335,77.833,304.5,256.5
33,2336,77.867,298.5,256.5
33,2337,77.9,294.5,256.5
33,2338,77.933,292.5,258.5
33,2339,77.967,288.5,258.5
34,2347,78.233,284.5,272.5
34,2348,78.267,284.5,272.5
34,2351,78.367,272.5,246.5
34,2352,78.4,266.5,228.5
34,2354,78.467,260.5,202.5
34,2355,78.5,256.5,194.5
34,2356,78.533,254.5,188.5
34,2357,78.567,248.5,184.5
34,2358,78.6,248.5,182.5
34,2359,78.633,246.5,182.5
34,2360,78.667,244.5,188.5
34,2361,78.7,244.5,192.5
34,2362,78.733,244.5,200.5
34,2363,78.767,246.5,210.5
34,2366,78.867,290.5,256.5
34,2367,78.9,344.5,276.5
34,2368,78.933,386.5,280.5
34,2369,78.967,420.5,270.5
34,2370,79.0,458.5,262.5
34,2371,79.033,490.5,258.5
34,2372,79.067,528.5,254.5
34,2373,79.1,566.5,258.5
34,2374,79.133,604.5,260.5
34,2375,79.167,642.5,266.5
34,2376,79.2,678.5,276.5
34,2377,79.233,710.5,290.5
34,2378,79.267,736.5,306.5
34,2379,79.3,760.5,318.5
34,2380,79.333,794.5,332.5
34,2381,79.367,844.5,312.5
34,2382,79.4,860.5,310.5
34,2383,79.433,904.5,302.5
34,2384,79.467,930.5,300.5
34,2386,79.533,1002.5,304.5
34,2387,79.567,1022.5,308.5
34,2388,79.6,1056.5,320.5
34,2389,79.633,1078.5,328.5
34,2390,79.667,1100.5,340.5
34,2391,79.7,1132.5,360.5
34,2392,79.733,1150.5,374.5
34,2393,79.767,1174.5,396.5
34,2394,79.8,1190.5,412.5
34,2395,79.833,1142.5,358.5
34,2396,79.867,1108.5,322.5
34,2397,79.9,1066.5,280.5
34,2398,79.933,1042.5,260.5
34,2402,80.067,1212.5,354.5
35,2407,80.233,694.5,104.5
35,2408,80.267,664.5,106.5
35,2409,80.3,628.5,108.5
35,2410,80.333,596.5,116.5
35,2411,80.367,566.5,124.5
35,2412,80.4,532.5,136.5
35,2413,80.433,508.5,150.5
35,2414,80.467,486.5,164.5
35,2415,80.5,460.5,180.5
35,2416,80.533,436.5,196.5
35,2417,80.567,414.5,218.5
35,2418,80.6,394.5,242.5
35,2419,80.633,374.5,262.5
35,2420,80.667,356.5,282.5
35,2421,80.7,336.5,262.5
35,2422,80.733,324.5,246.5
35,2423,80.767,304.5,224.5
35,2424,80.8,282.5,200.5
35,2425,80.833,270.5,190.5
35,2426,80.867,252.5,178.5
35,2427,80.9,238.5,166.5
35,2428,80.933,220.5,158.5
35,2429,80.967,208.5,154.5
35,2430,81.0,194.5,156.5
35,2431,81.033,180.5,156.5
35,2432,81.067,164.5,162.5
35,2433,81.1,180.5,148.5
35,2435,81.167,266.5,142.5
36,2446,81.533,1040.5,270.5
36,2447,81.567,1106.5,266.5
36,2448,81.6,1180.5,264.5
36,2449,81.633,1224.5,266.5
36,2450,81.667,1270.5,272.5
36,2452,81.733,1252.5,214.5
36,2453,81.767,1208.5,180.5
36,2454,81.8,1182.5,160.5
37,2459,81.967,920.5,40.5
37,2460,82.0,880.5,34.5
37,2461,82.033,848.5,30.5
37,2462,82.067,796.5,30.5
37,2463,82.1,760.5,32.5
37,2464,82.133,716.5,38.5
37,2465,82.167,682.5,48.5
37,2466,82.2,648.5,60.5
37,2467,82.233,620.5,72.5
37,2468,82.267,588.5,88.5
37,2469,82.3,558.5,104.5
37,2470,82.333,532.5,126.5
37,2471,82.367,504.5,146.5
37,2472,82.4,478.5,168.5
37,2473,82.433,458.5,190.5
37,2474,82.467,432.5,216.5
37,2475,82.5,414.5,242.5
37,2476,82.533,398.5,266.5
37,2477,82.567,380.5,278.5
37,2478,82.6,362.5,244.5
37,2479,82.633,344.5,218.5
37,2480,82.667,328.5,194.5
37,2481,82.7,306.5,178.5
37,2482,82.733,298.5,160.5
37,2483,82.767,288.5,148.5
37,2484,82.8,274.5,136.5
37,2485,82.833,260.5,126.5
37,2486,82.867,246.5,122.5
37,2487,82.9,236.5,120.5
37,2488,82.933,224.5,118.5
37,2489,82.967,214.5,122.5
37,2490,83.0,206.5,126.5
37,2491,83.033,196.5,132.5
37,2492,83.067,190.5,142.5
37,2493,83.1,180.5,152.5
37,2494,83.133,176.5,166.5
37,2496,83.2,268.5,152.5
37,2499,83.3,358.5,152.5
37,2501,83.367,386.5,150.5
38,2506,83.533,1130.5,314.5
38,2508,83.6,1250.5,322.5
38,2509,83.633,1270.5,296.5
38,2510,83.667,1212.5,262.5
38,2511,83.7,1170.5,240.5
39,2521,84.033,650.5,94.5
39,2522,84.067,624.5,98.5
39,2523,84.1,590.5,102.5
39,2524,84.133,564.5,108.5
39,2525,84.167,538.5,118.5
39,2526,84.2,516.5,130.5
39,2527,84.233,494.5,140.5
39,2528,84.267,472.5,152.5
39,2529,84.3,454.5,166.5
39,2530,84.333,438.5,180.5
39,2531,84.367,422.5,196.5
39,2532,84.4,410.5,210.5
39,2533,84.433,394.5,226.5
40,2541,84.7,330.5,268.5
40,2542,84.733,324.5,252.5
40,2543,84.767,316.5,248.5
40,2544,84.8,312.5,240.5
40,2545,84.833,310.5,234.5
40,2546,84.867,314.5,230.5
40,2548,84.933,326.5,230.5
40,2549,84.967,330.5,234.5
40,2550,85.0,336.5,238.5
40,2551,85.033,342.5,244.5
40,2552,85.067,350.5,254.5
41,2649,88.3,890.5,374.5
41,2650,88.333,898.5,370.5
41,2651,88.367,914.5,370.5
41,2652,88.4,916.5,356.5
41,2653,88.433,936.5,306.5
41,2654,88.467,910.5,312.5
41,2656,88.533,898.5,340.5
41,2660,88.667,902.5,340.5
41,2661,88.7,888.5,368.5
41,2663,88.767,934.5,310.5
41,2664,88.8,924.5,354.5
42,2674,89.133,342.5,230.5
42,2675,89.167,334.5,232.5
42,2676,89.2,326.5,232.5
42,2677,89.233,320.5,234.5
42,2678,89.267,314.5,236.5
42,2679,89.3,310.5,240.5
42,2680,89.333,304.5,242.5
42,2681,89.367,302.5,246.5
42,2682,89.4,298.5,248.5
42,2683,89.433,296.5,252.5
42,2684,89.467,294.5,256.5
42,2685,89.5,292.5,258.5
42,2686,89.533,292.5,262.5
42,2687,89.567,292.5,264.5
42,2688,89.6,288.5,258.5
42,2689,89.633,282.5,248.5
42,2690,89.667,278.5,232.5
42,2692,89.733,254.5,186.5
42,2693,89.767,256.5,176.5
42,2694,89.8,252.5,162.5
42,2695,89.833,248.5,150.5
42,2696,89.867,248.5,142.5
42,2697,89.9,242.5,140.5
42,2699,89.967,236.5,134.5
42,2700,90.0,234.5,138.5
42,2701,90.033,232.5,144.5
42,2702,90.067,230.5,150.5
42,2703,90.1,232.5,160.5
42,2704,90.133,230.5,170.5
42,2705,90.167,230.5,186.5
42,2706,90.2,230.5,202.5
42,2708,90.267,234.5,236.5
42,2709,90.3,260.5,250.5
42,2710,90.333,322.5,274.5
42,2711,90.367,366.5,286.5
42,2712,90.4,414.5,278.5
42,2713,90.433,448.5,276.5
42,2714,90.467,490.5,276.5
42,2715,90.5,530.5,276.5
42,2716,90.533,590.5,284.5
42,2717,90.567,614.5,290.5
42,2718,90.6,620.5,342.5
42,2719,90.633,708.5,324.5
42,2720,90.667,732.5,344.5
42,2721,90.7,776.5,356.5
42,2722,90.733,806.5,364.5
42,2725,90.833,938.5,338.5
42,2726,90.867,980.5,348.5
42,2727,90.9,974.5,330.5
42,2728,90.933,934.5,296.5
42,2729,90.967,902.5,272.5
42,2730,91.0,866.5,250.5
42,2731,91.033,832.5,230.5
42,2732,91.067,794.5,212.5
42,2733,91.1,768.5,204.5
42,2734,91.133,736.5,196.5
42,2735,91.167,704.5,190.5
42,2736,91.2,678.5,188.5
42,2737,91.233,644.5,188.5
42,2738,91.267,622.5,194.5
42,2739,91.3,598.5,198.5
42,2740,91.333,572.5,208.5
42,2741,91.367,548.5,216.5
42,2742,91.4,528.5,228.5
42,2743,91.433,506.5,244.5
42,2744,91.467,486.5,260.5
42,2745,91.5,470.5,276.5
42,2746,91.533,450.5,282.5
42,2747,91.567,436.5,262.5
42,2748,91.6,424.5,244.5
42,2749,91.633,406.5,228.5
42,2750,91.667,390.5,212.5
42,2753,91.767,348.5,190.5
42,2754,91.8,336.5,186.5
42,2755,91.833,322.5,184.5
42,2756,91.867,310.5,186.5
42,2757,91.9,292.5,222.5
42,2758,91.933,292.5,198.5
42,2759,91.967,334.5,190.5
42,2760,92.0,368.5,188.5
42,2761,92.033,392.5,188.5
42,2762,92.067,424.5,190.5
42,2763,92.1,462.5,196.5
42,2764,92.133,498.5,208.5
42,2765,92.167,528.5,218.5
42,2766,92.2,556.5,230.5
42,2767,92.233,584.5,244.5
42,2768,92.267,626.5,274.5
42,2770,92.333,654.5,336.5
42,2771,92.367,700.5,338.5
42,2772,92.4,740.5,314.5
42,2773,92.433,772.5,304.5
42,2774,92.467,794.5,296.5
42,2775,92.5,822.5,292.5
42,2776,92.533,858.5,286.5
42,2777,92.567,886.5,286.5
42,2778,92.6,916.5,292.5
42,2779,92.633,938.5,294.5
42,2781,92.7,1002.5,316.5
42,2782,92.733,1030.5,334.5
42,2783,92.767,1012.5,326.5
42,2784,92.8,940.5,298.5
42,2785,92.833,922.5,292.5
42,2786,92.867,854.5,272.5
42,2787,92.9,810.5,260.5
42,2788,92.933,764.5,252.5
42,2789,92.967,718.5,246.5
42,2790,93.0,686.5,246.5
42,2791,93.033,642.5,248.5
42,2792,93.067,620.5,252.5
42,2793,93.1,594.5,258.5
42,2794,93.133,558.5,264.5
42,2795,93.167,538.5,268.5
42,2796,93.2,516.5,248.5
42,2797,93.233,490.5,228.5
42,2798,93.267,478.5,218.5
42,2799,93.3,454.5,204.5
42,2800,93.333,440.5,196.5
42,2801,93.367,422.5,192.5
42,2802,93.4,408.5,188.5
42,2803,93.433,416.5,190.5
42,2804,93.467,450.5,198.5
42,2805,93.5,474.5,204.5
42,2806,93.533,502.5,214.5
42,2807,93.567,530.5,228.5
42,2808,93.6,558.5,244.5
42,2809,93.633,584.5,260.5
42,2810,93.667,600.5,276.5
42,2811,93.7,616.5,280.5
42,2812,93.733,630.5,284.5
42,2813,93.767,616.5,326.5
42,2814,93.8,658.5,310.5
42,2815,93.833,666.5,324.5
42,2816,93.867,678.5,336.5
42,2817,93.9,692.5,334.5
42,2818,93.933,706.5,326.5
42,2819,93.967,720.5,324.5
42,2820,94.0,732.5,324.5
42,2821,94.033,744.5,328.5
42,2822,94.067,758.5,336.5
42,2823,94.1,770.5,344.5
42,2824,94.133,784.5,358.5
42,2825,94.167,794.5,376.5
42,2826,94.2,808.5,376.5
42,2827,94.233,830.5,326.5
42,2828,94.267,816.5,314.5
42,2829,94.3,788.5,312.5
42,2830,94.333,772.5,292.5
42,2831,94.367,744.5,264.5
42,2832,94.4,732.5,254.5
42,2833,94.433,716.5,242.5
42,2834,94.467,698.5,230.5
42,2835,94.5,682.5,226.5
42,2836,94.533,670.5,222.5
42,2837,94.567,648.5,222.5
42,2838,94.6,634.5,226.5
42,2839,94.633,618.5,230.5
42,2840,94.667,604.5,238.5
42,2841,94.7,592.5,250.5
42,2842,94.733,576.5,264.5
42,2843,94.767,564.5,276.5
42,2844,94.8,548.5,294.5
42,2845,94.833,536.5,318.5
42,2846,94.867,524.5,338.5
42,2847,94.9,512.5,362.5
42,2848,94.933,504.5,344.5
42,2849,94.967,506.5,328.5
42,2850,95.0,514.5,308.5
42,2851,95.033,518.5,298.5
42,2852,95.067,526.5,288.5
42,2853,95.1,532.5,280.5
42,2854,95.133,538.5,278.5
42,2855,95.167,544.5,278.5
42,2856,95.2,550.5,280.5
42,2857,95.233,558.5,284.5
42,2858,95.267,564.5,292.5
42,2859,95.3,570.5,304.5
42,2860,95.333,576.5,314.5
42,2861,95.367,582.5,330.5
42,2862,95.4,588.5,348.5
42,2863,95.433,592.5,374.5
42,2864,95.467,598.5,362.5
42,2865,95.5,606.5,348.5
42,2866,95.533,608.5,338.5
42,2867,95.567,612.5,326.5
42,2868,95.6,614.5,318.5
42,2869,95.633,620.5,314.5
42,2870,95.667,626.5,312.5
42,2871,95.7,630.5,314.5
42,2872,95.733,634.5,320.5
42,2873,95.767,638.5,328.5
42,2874,95.8,642.5,338.5
42,2875,95.833,646.5,352.5
42,2876,95.867,650.5,370.5
42,2877,95.9,652.5,384.5
42,2878,95.933,654.5,402.5
42,2879,95.967,660.5,380.5
42,2880,96.0,668.5,370.5
42,2881,96.033,672.5,360.5
42,2882,96.067,678.5,354.5
42,2883,96.1,682.5,348.5
42,2884,96.133,688.5,348.5
42,2885,96.167,694.5,352.5
42,2886,96.2,698.5,360.5
42,2887,96.233,700.5,368.5
42,2888,96.267,704.5,378.5
42,2889,96.3,710.5,394.5
42,2890,96.333,710.5,408.5
42,2891,96.367,710.5,424.5
42,2892,96.4,722.5,404.5
42,2893,96.433,726.5,396.5
42,2894,96.467,730.5,386.5
42,2895,96.5,738.5,382.5
42,2896,96.533,740.5,380.5
42,2897,96.567,740.5,392.5
42,2898,96.6,740.5,366.5
42,2899,96.633,754.5,356.5
42,2900,96.667,766.5,354.5
42,2901,96.7,774.5,340.5
42,2902,96.733,766.5,316.5
42,2903,96.767,818.5,322.5
42,2905,96.833,844.5,470.5
42,2906,96.867,790.5,432.5
42,2907,96.9,844.5,470.5
42,2909,96.967,772.5,440.5
43,2981,99.367,390.5,226.5
43,2982,99.4,386.5,228.5
43,2983,99.433,374.5,226.5
43,2984,99.467,372.5,232.5
43,2985,99.5,374.5,248.5
44,3017,100.567,996.5,536.5
44,3019,100.633,976.5,536.5
44,3020,100.667,966.5,530.5
44,3021,100.7,926.5,520.5
44,3022,100.733,910.5,504.5
44,3025,100.833,896.5,440.5
44,3026,100.867,886.5,414.5
44,3028,100.933,882.5,360.5
44,3032,101.067,900.5,284.5
44,3033,101.1,902.5,270.5
44,3034,101.133,904.5,264.5
44,3035,101.167,908.5,262.5
44,3036,101.2,910.5,266.5
44,3037,101.233,910.5,274.5
44,3038,101.267,910.5,284.5
44,3039,101.3,910.5,300.5
44,3040,101.333,908.5,316.5
44,3041,101.367,906.5,336.5
44,3043,101.433,866.5,476.5
44,3044,101.467,904.5,424.5
44,3046,101.533,842.5,436.5
44,3047,101.567,794.5,426.5
44,3048,101.6,752.5,430.5
44,3049,101.633,714.5,390.5
44,3050,101.667,690.5,356.5
44,3051,101.7,662.5,324.5
44,3052,101.733,632.5,300.5
44,3053,101.767,612.5,282.5
44,3054,101.8,592.5,266.5
44,3055,101.833,572.5,258.5
44,3056,101.867,548.5,250.5
44,3057,101.9,532.5,246.5
44,3058,101.933,516.5,244.5
44,3059,101.967,500.5,246.5
44,3060,102.0,484.5,250.5
44,3061,102.033,472.5,258.5
44,3062,102.067,456.5,252.5
44,3063,102.1,448.5,236.5
44,3064,102.133,436.5,224.5
44,3065,102.167,424.5,210.5
44,3066,102.2,414.5,202.5
44,3067,102.233,404.5,194.5
44,3068,102.267,416.5,190.5
44,3069,102.3,446.5,190.5
44,3070,102.333,488.5,190.5
44,3071,102.367,528.5,192.5
44,3072,102.4,564.5,196.5
44,3073,102.433,600.5,202.5
44,3074,102.467,642.5,212.5
44,3075,102.5,684.5,226.5
44,3076,102.533,720.5,240.5
44,3077,102.567,756.5,256.5
44,3078,102.6,796.5,274.5
44,3079,102.633,838.5,300.5
44,3080,102.667,864.5,314.5
44,3082,102.733,952.5,384.5
44,3083,102.767,982.5,408.5
45,3244,108.133,286.5,250.5
45,3246,108.2,294.5,248.5
45,3248,108.267,272.5,336.5
45,3251,108.367,322.5,250.5
45,3253,108.433,330.5,250.5
46,3268,108.933,1078.5,470.5
46,3269,108.967,1062.5,478.5
46,3270,109.0,1046.5,484.5
46,3271,109.033,1026.5,486.5
46,3272,109.067,1006.5,488.5
47,3394,113.133,1212.5,212.5
47,3395,113.167,1200.5,226.5
47,3397,113.233,1166.5,264.5
47,3398,113.267,1146.5,282.5
47,3402,113.4,936.5,292.5
47,3403,113.433,926.5,292.5
47,3405,113.5,808.5,300.5
47,3406,113.533,766.5,282.5
47,3407,113.567,728.5,266.5
47,3408,113.6,696.5,256.5
47,3409,113.633,650.5,244.5
47,3410,113.667,630.5,242.5
47,3412,113.733,574.5,238.5
47,3413,113.767,550.5,242.5
47,3414,113.8,526.5,246.5
47,3415,113.833,504.5,250.5
47,3416,113.867,492.5,244.5
47,3417,113.9,470.5,226.5
47,3418,113.933,452.5,214.5
47,3419,113.967,438.5,204.5
47,3420,114.0,424.5,196.5
47,3421,114.033,438.5,190.5
47,3422,114.067,454.5,184.5
47,3423,114.1,476.5,180.5
47,3424,114.133,498.5,178.5
47,3425,114.167,518.5,178.5
47,3426,114.2,536.5,180.5
47,3427,114.233,562.5,186.5
47,3428,114.267,582.5,194.5
47,3429,114.3,610.5,208.5
47,3430,114.333,630.5,218.5
47,3431,114.367,646.5,228.5
47,3432,114.4,678.5,254.5
47,3433,114.433,704.5,276.5
47,3434,114.467,734.5,308.5
47,3435,114.5,758.5,336.5
47,3436,114.533,778.5,362.5
47,3437,114.567,794.5,418.5
47,3438,114.6,828.5,412.5
47,3439,114.633,860.5,398.5
47,3441,114.7,882.5,376.5
47,3443,114.767,796.5,300.5
47,3444,114.8,772.5,288.5
47,3445,114.833,734.5,266.5
47,3446,114.867,704.5,252.5
47,3447,114.9,678.5,242.5
47,3448,114.933,642.5,232.5
47,3449,114.967,620.5,228.5
47,3450,115.0,596.5,226.5
47,3451,115.033,574.5,228.5
47,3452,115.067,556.5,232.5
47,3453,115.1,538.5,238.5
47,3454,115.133,520.5,246.5
47,3455,115.167,506.5,252.5
47,3456,115.2,492.5,266.5
47,3457,115.233,480.5,266.5
47,3458,115.267,468.5,244.5
47,3459,115.3,456.5,226.5
47,3460,115.333,450.5,212.5
47,3461,115.367,438.5,198.5
47,3462,115.4,430.5,188.5
47,3463,115.433,422.5,180.5
47,3464,115.467,416.5,176.5
47,3465,115.5,436.5,172.5
47,3466,115.533,468.5,172.5
47,3467,115.567,496.5,172.5
47,3468,115.6,526.5,176.5
47,3469,115.633,552.5,180.5
47,3470,115.667,580.5,190.5
47,3471,115.7,608.5,198.5
47,3472,115.733,640.5,214.5
47,3473,115.767,672.5,232.5
47,3474,115.8,692.5,244.5
47,3475,115.833,726.5,270.5
47,3476,115.867,750.5,290.5
47,3478,115.933,798.5,334.5
47,3479,115.967,836.5,308.5
47,3480,116.0,856.5,304.5
47,3481,116.033,888.5,292.5
47,3482,116.067,916.5,290.5
47,3483,116.1,938.5,288.5
47,3485,116.167,1002.5,296.5
47,3486,116.2,1028.5,304.5
47,3487,116.233,1050.5,312.5
47,3488,116.267,1076.5,326.5
47,3489,116.3,1094.5,338.5
47,3491,116.367,1090.5,338.5
47,3492,116.4,1032.5,298.5
47,3493,116.433,998.5,276.5
47,3495,116.5,868.5,210.5
47,3496,116.533,800.5,186.5
47,3497,116.567,760.5,174.5
47,3498,116.6,714.5,164.5
47,3499,116.633,682.5,160.5
47,3500,116.667,634.5,158.5
47,3501,116.7,596.5,160.5
47,3502,116.733,558.5,164.5
47,3503,116.767,530.5,170.5
47,3504,116.8,494.5,180.5
47,3505,116.833,464.5,192.5
47,3506,116.867,438.5,208.5
47,3507,116.9,416.5,220.5
47,3508,116.933,392.5,240.5
47,3509,116.967,376.5,256.5
47,3510,117.0,352.5,264.5
47,3511,117.033,326.5,234.5
47,3512,117.067,310.5,218.5
47,3513,117.1,284.5,194.5
47,3514,117.133,270.5,182.5
47,3515,117.167,248.5,170.5
47,3516,117.2,230.5,156.5
47,3517,117.233,214.5,156.5
47,3518,117.267,200.5,148.5
47,3519,117.3,184.5,146.5
47,3520,117.333,166.5,146.5
47,3522,117.4,154.5,156.5
47,3523,117.433,152.5,162.5
47,3524,117.467,154.5,172.5
47,3525,117.5,152.5,184.5
47,3526,117.533,152.5,198.5
47,3527,117.567,152.5,212.5
47,3528,117.6,152.5,228.5
47,3529,117.633,154.5,248.5
47,3530,117.667,156.5,266.5
47,3531,117.7,158.5,290.5
47,3532,117.733,160.5,310.5
47,3533,117.767,162.5,336.5
47,3534,117.8,166.5,358.5
47,3535,117.833,168.5,374.5
47,3536,117.867,164.5,380.5
47,3537,117.9,158.5,366.5
47,3538,117.933,152.5,354.5
47,3539,117.967,148.5,346.5
47,3540,118.0,142.5,338.5
47,3541,118.033,136.5,332.5
47,3542,118.067,132.5,330.5
47,3543,118.1,130.5,328.5
47,3544,118.133,126.5,328.5
47,3545,118.167,122.5,330.5
47,3546,118.2,120.5,336.5
47,3547,118.233,118.5,340.5
47,3548,118.267,116.5,348.5
47,3549,118.3,116.5,360.5
47,3550,118.333,116.5,368.5
47,3551,118.367,116.5,382.5
47,3552,118.4,116.5,392.5
47,3553,118.433,110.5,388.5
47,3554,118.467,106.5,384.5
47,3555,118.5,102.5,378.5
47,3556,118.533,96.5,378.5
47,3557,118.567,94.5,378.5
47,3558,118.6,90.5,380.5
47,3559,118.633,88.5,386.5
47,3560,118.667,86.5,392.5
47,3561,118.7,86.5,400.5
47,3562,118.733,80.5,400.5
47,3563,118.767,78.5,396.5
47,3564,118.8,74.5,396.5
47,3565,118.833,72.5,400.5
47,3566,118.867,70.5,404.5
47,3567,118.9,66.5,404.5
47,3568,118.933,64.5,404.5
47,3569,118.967,64.5,406.5
47,3570,119.0,58.5,406.5
47,3571,119.033,56.5,408.5
47,3572,119.067,54.5,408.5
47,3573,119.1,52.5,408.5
47,3574,119.133,48.5,408.5
47,3575,119.167,46.5,408.5
47,3576,119.2,44.5,410.5
47,3577,119.233,42.5,410.5
47,3578,119.267,42.5,410.5
48,3638,121.267,34.5,380.5
48,3639,121.3,38.5,374.5
48,3640,121.333,46.5,370.5
48,3641,121.367,52.5,364.5
48,3645,121.5,82.5,328.5
49,3693,123.1,366.5,370.5
49,3695,123.167,312.5,250.5
49,3696,123.2,310.5,252.5
49,3697,123.233,308.5,256.5
49,3698,123.267,306.5,254.5
49,3699,123.3,302.5,254.5
49,3700,123.333,296.5,256.5
49,3701,123.367,294.5,256.5
49,3702,123.4,290.5,256.5
49,3703,123.433,288.5,256.5
49,3704,123.467,286.5,254.5
50,3712,123.733,288.5,268.5
50,3714,123.8,280.5,250.5
50,3715,123.833,276.5,236.5
50,3716,123.867,274.5,224.5
50,3717,123.9,268.5,206.5
50,3718,123.933,272.5,214.5
50,3719,123.967,260.5,184.5
50,3722,124.067,244.5,182.5
50,3723,124.1,252.5,172.5
50,3724,124.133,252.5,178.5
50,3725,124.167,252.5,186.5
50,3726,124.2,252.5,194.5
50,3727,124.233,252.5,204.5
50,3728,124.267,252.5,216.5
50,3729,124.3,262.5,232.5
50,3730,124.333,282.5,246.5
50,3731,124.367,336.5,276.5
50,3732,124.4,378.5,280.5
50,3733,124.433,414.5,270.5
50,3734,124.467,444.5,262.5
50,3735,124.5,474.5,258.5
50,3736,124.533,510.5,252.5
50,3737,124.567,546.5,258.5
50,3739,124.633,626.5,270.5
50,3740,124.667,656.5,280.5
50,3741,124.7,692.5,292.5
50,3742,124.733,730.5,310.5
50,3743,124.767,762.5,326.5
50,3745,124.833,828.5,378.5
50,3748,124.933,930.5,346.5
50,3749,124.967,930.5,330.5
50,3750,125.0,900.5,308.5
50,3751,125.033,866.5,290.5
50,3752,125.067,834.5,274.5
50,3753,125.1,802.5,260.5
50,3754,125.133,770.5,246.5
50,3755,125.167,738.5,240.5
50,3756,125.2,712.5,236.5
50,3757,125.233,684.5,234.5
50,3758,125.267,652.5,234.5
50,3759,125.3,634.5,238.5
50,3760,125.333,612.5,242.5
50,3761,125.367,590.5,248.5
50,3762,125.4,566.5,260.5
50,3763,125.433,548.5,266.5
50,3764,125.467,530.5,282.5
50,3765,125.5,514.5,290.5
50,3766,125.533,498.5,272.5
50,3767,125.567,484.5,252.5
50,3768,125.6,470.5,238.5
50,3769,125.633,456.5,226.5
50,3770,125.667,444.5,218.5
50,3771,125.7,432.5,210.5
50,3772,125.733,422.5,206.5
50,3773,125.767,410.5,204.5
50,3774,125.8,434.5,208.5
50,3775,125.833,466.5,210.5
50,3776,125.867,510.5,216.5
50,3777,125.9,550.5,226.5
50,3778,125.933,586.5,236.5
50,3779,125.967,624.5,248.5
50,3780,126.0,654.5,260.5
50,3781,126.033,694.5,278.5
50,3782,126.067,734.5,308.5
50,3783,126.1,774.5,320.5
50,3784,126.133,818.5,306.5
50,3785,126.167,840.5,302.5
50,3786,126.2,884.5,298.5
50,3787,126.233,920.5,296.5
50,3788,126.267,940.5,296.5
50,3789,126.3,1000.5,302.5
50,3790,126.333,1014.5,308.5
50,3791,126.367,1042.5,316.5
50,3792,126.4,1014.5,306.5
50,3793,126.433,944.5,286.5
50,3794,126.467,916.5,282.5
50,3795,126.5,866.5,276.5
50,3796,126.533,822.5,272.5
50,3797,126.567,778.5,272.5
50,3798,126.6,734.5,274.5
50,3799,126.633,702.5,276.5
50,3800,126.667,668.5,284.5
50,3802,126.733,600.5,308.5
50,3803,126.767,588.5,310.5
50,3805,126.833,598.5,320.5
50,3806,126.867,610.5,324.5
50,3807,126.9,614.5,330.5
50,3808,126.933,622.5,336.5
50,3809,126.967,628.5,340.5
50,3810,127.0,630.5,346.5
50,3811,127.033,636.5,350.5
50,3812,127.067,642.5,354.5
50,3813,127.1,646.5,358.5
50,3814,127.133,652.5,362.5
50,3815,127.167,656.5,368.5
50,3816,127.2,662.5,370.5
50,3817,127.233,664.5,376.5
50,3818,127.267,668.5,380.5
50,3819,127.3,672.5,384.5
50,3820,127.333,674.5,388.5
50,3821,127.367,676.5,392.5
50,3822,127.4,678.5,396.5
50,3823,127.433,680.5,402.5
50,3824,127.467,682.5,404.5
50,3825,127.5,686.5,410.5
50,3826,127.533,690.5,414.5
50,3827,127.567,692.5,418.5
50,3828,127.6,694.5,422.5
50,3829,127.633,698.5,426.5
50,3830,127.667,702.5,432.5
50,3831,127.7,704.5,434.5
50,3832,127.733,708.5,440.5
50,3833,127.767,712.5,442.5
50,3834,127.8,714.5,448.5
50,3835,127.833,720.5,456.5
50,3836,127.867,718.5,456.5
50,3837,127.9,722.5,456.5
50,3838,127.933,730.5,460.5
50,3839,127.967,750.5,464.5
50,3840,128.0,782.5,448.5
50,3841,128.033,812.5,440.5
50,3842,128.067,794.5,450.5
51,3848,128.267,926.5,442.5
51,3850,128.333,848.5,394.5
51,3851,128.367,830.5,362.5
51,3852,128.4,818.5,330.5
51,3853,128.433,800.5,302.5
51,3854,128.467,778.5,282.5
51,3855,128.5,750.5,256.5
51,3856,128.533,722.5,232.5
51,3857,128.567,702.5,218.5
51,3858,128.6,676.5,204.5
51,3859,128.633,650.5,194.5
51,3860,128.667,634.5,190.5
51,3861,128.7,612.5,186.5
51,3862,128.733,594.5,188.5
51,3863,128.767,574.5,192.5
51,3864,128.8,556.5,198.5
51,3865,128.833,538.5,208.5
51,3866,128.867,524.5,218.5
51,3867,128.9,510.5,230.5
51,3868,128.933,494.5,246.5
51,3869,128.967,482.5,262.5
51,3870,129.0,470.5,280.5
51,3871,129.033,456.5,298.5
51,3872,129.067,446.5,304.5
51,3873,129.1,436.5,280.5
51,3874,129.133,426.5,258.5
51,3875,129.167,418.5,242.5
51,3876,129.2,408.5,226.5
51,3877,129.233,400.5,212.5
51,3878,129.267,392.5,202.5
51,3879,129.3,384.5,196.5
51,3880,129.333,378.5,192.5
51,3881,129.367,370.5,190.5
51,3882,129.4,364.5,192.5
51,3883,129.433,358.5,194.5
51,3884,129.467,352.5,200.5
51,3885,129.5,348.5,210.5
51,3886,129.533,342.5,218.5
51,3887,129.567,340.5,232.5
51,3888,129.6,336.5,244.5
51,3889,129.633,334.5,262.5
51,3890,129.667,330.5,272.5
51,3891,129.7,324.5,256.5
51,3892,129.733,318.5,238.5
51,3893,129.767,312.5,226.5
51,3894,129.8,304.5,212.5
51,3895,129.833,300.5,204.5
51,3896,129.867,294.5,200.5
51,3897,129.9,290.5,194.5
51,3898,129.933,286.5,192.5
51,3899,129.967,284.5,194.5
51,3900,130.0,278.5,198.5
51,3901,130.033,276.5,202.5
51,3902,130.067,276.5,208.5
51,3904,130.133,274.5,222.5
52,3910,130.333,368.5,378.5
52,3911,130.367,368.5,376.5
52,3912,130.4,368.5,376.5
52,3914,130.467,244.5,290.5
52,3916,130.533,210.5,362.5
52,3917,130.567,220.5,364.5
52,3918,130.6,230.5,362.5
52,3921,130.7,276.5,348.5
52,3925,130.833,338.5,334.5
52,3929,130.967,276.5,272.5
52,3932,131.067,270.5,250.5
52,3933,131.1,264.5,236.5
52,3934,131.133,264.5,222.5
52,3935,131.167,260.5,208.5
52,3936,131.2,256.5,198.5
52,3937,131.233,256.5,188.5
52,3939,131.3,254.5,180.5
52,3940,131.333,250.5,194.5
52,3941,131.367,252.5,180.5
52,3942,131.4,252.5,186.5
52,3943,131.433,252.5,192.5
52,3944,131.467,252.5,202.5
52,3945,131.5,254.5,212.5
52,3946,131.533,256.5,220.5
52,3947,131.567,258.5,236.5
52,3948,131.6,288.5,252.5
52,3949,131.633,326.5,268.5
52,3950,131.667,388.5,280.5
52,3951,131.7,414.5,276.5
52,3952,131.733,450.5,268.5
52,3953,131.767,492.5,264.5
52,3954,131.8,524.5,262.5
52,3955,131.833,558.5,264.5
52,3957,131.9,628.5,274.5
52,3958,131.933,660.5,278.5
52,3959,131.967,656.5,318.5
52,3961,132.033,732.5,324.5
52,3962,132.067,774.5,322.5
52,3963,132.1,808.5,310.5
52,3964,132.133,828.5,306.5
52,3965,132.167,854.5,302.5
52,3966,132.2,882.5,300.5
52,3967,132.233,908.5,300.5
52,3968,132.267,930.5,304.5
52,3971,132.367,920.5,274.5
52,3972,132.4,900.5,262.5
52,3973,132.433,868.5,244.5
52,3974,132.467,836.5,228.5
52,3975,132.5,798.5,212.5
52,3976,132.533,780.5,208.5
52,3977,132.567,750.5,200.5
52,3978,132.6,722.5,196.5
52,3979,132.633,698.5,196.5
52,3980,132.667,676.5,196.5
52,3981,132.7,644.5,202.5
52,3982,132.733,624.5,210.5
52,3983,132.767,604.5,216.5
52,3984,132.8,582.5,226.5
52,3985,132.833,562.5,238.5
52,3986,132.867,546.5,252.5
52,3987,132.9,524.5,264.5
52,3988,132.933,512.5,250.5
52,3989,132.967,498.5,236.5
52,3990,133.0,484.5,222.5
52,3991,133.033,470.5,208.5
52,3992,133.067,456.5,200.5
52,3993,133.1,444.5,192.5
52,3994,133.133,432.5,188.5
52,3995,133.167,422.5,186.5
52,3996,133.2,408.5,186.5
52,3997,133.233,398.5,188.5
52,3998,133.267,390.5,194.5
52,3999,133.3,382.5,200.5
52,4000,133.333,374.5,192.5
52,4003,133.433,358.5,192.5
52,4004,133.467,354.5,196.5
52,4005,133.5,352.5,204.5
52,4006,133.533,346.5,210.5
52,4007,133.567,366.5,228.5
53,4013,133.767,302.5,244.5
53,4014,133.8,300.5,248.5
53,4015,133.833,292.5,248.5
53,4016,133.867,288.5,248.5
53,4017,133.9,286.5,250.5
53,4018,133.933,282.5,252.5
53,4019,133.967,280.5,252.5
53,4020,134.0,280.5,254.5
54,4029,134.3,266.5,258.5
54,4030,134.333,262.5,244.5
54,4031,134.367,312.5,222.5
54,4032,134.4,256.5,222.5
54,4033,134.433,250.5,206.5
54,4034,134.467,248.5,198.5
54,4035,134.5,244.5,192.5
54,4036,134.533,242.5,186.5
54,4037,134.567,240.5,186.5
54,4038,134.6,238.5,188.5
54,4039,134.633,236.5,192.5
54,4040,134.667,234.5,198.5
54,4041,134.7,238.5,204.5
54,4042,134.733,236.5,216.5
54,4043,134.767,252.5,228.5
54,4044,134.8,242.5,232.5
54,4045,134.833,310.5,274.5
54,4046,134.867,352.5,294.5
54,4047,134.9,384.5,292.5
54,4048,134.933,416.5,284.5
54,4049,134.967,448.5,286.5
54,4050,135.0,478.5,290.5
54,4051,135.033,510.5,294.5
54,4052,135.067,546.5,304.5
54,4053,135.1,574.5,312.5
54,4054,135.133,618.5,332.5
54,4055,135.167,646.5,348.5
54,4056,135.2,692.5,372.5
54,4057,135.233,730.5,402.5
54,4058,135.267,762.5,430.5
54,4059,135.3,802.5,420.5
54,4060,135.333,840.5,420.5
54,4062,135.4,922.5,424.5
54,4063,135.433,932.5,410.5
54,4066,135.533,790.5,320.5
54,4067,135.567,738.5,296.5
54,4068,135.6,696.5,276.5
54,4069,135.633,654.5,262.5
54,4070,135.667,622.5,254.5
54,4071,135.7,584.5,244.5
54,4072,135.733,552.5,242.5
54,4073,135.767,526.5,242.5
54,4074,135.8,494.5,244.5
54,4075,135.833,470.5,246.5
54,4076,135.867,448.5,252.5
54,4077,135.9,426.5,262.5
54,4078,135.933,408.5,272.5
54,4079,135.967,392.5,282.5
54,4080,136.0,374.5,292.5
54,4081,136.033,360.5,274.5
54,4082,136.067,342.5,252.5
54,4083,136.1,328.5,234.5
54,4084,136.133,314.5,220.5
54,4085,136.167,304.5,210.5
54,4086,136.2,294.5,202.5
54,4087,136.233,282.5,194.5
54,4089,136.3,348.5,188.5
54,4090,136.333,394.5,186.5
54,4091,136.367,430.5,186.5
54,4092,136.4,474.5,190.5
54,4093,136.433,524.5,198.5
54,4094,136.467,552.5,204.5
54,4095,136.5,596.5,216.5
54,4096,136.533,640.5,230.5
54,4097,136.567,684.5,248.5
54,4098,136.6,718.5,262.5
54,4099,136.633,764.5,288.5
54,4100,136.667,786.5,298.5
54,4102,136.733,868.5,316.5
54,4103,136.767,910.5,302.5
54,4104,136.8,938.5,294.5
54,4105,136.833,998.5,284.5
54,4106,136.867,1020.5,286.5
54,4107,136.9,1058.5,284.5
54,4108,136.933,1088.5,286.5
54,4110,137.0,1058.5,262.5
54,4111,137.033,1024.5,250.5
54,4112,137.067,940.5,226.5
54,4113,137.1,890.5,212.5
54,4114,137.133,838.5,204.5
54,4115,137.167,792.5,198.5
54,4116,137.2,746.5,196.5
54,4117,137.233,698.5,200.5
54,4118,137.267,674.5,204.5
54,4119,137.3,632.5,212.5
54,4120,137.333,594.5,222.5
54,4121,137.367,570.5,230.5
54,4122,137.4,542.5,244.5
54,4123,137.433,510.5,260.5
54,4124,137.467,490.5,244.5
54,4125,137.5,466.5,224.5
54,4126,137.533,444.5,204.5
54,4127,137.567,424.5,194.5
54,4128,137.6,406.5,182.5
54,4129,137.633,386.5,174.5
54,4132,137.733,428.5,158.5
54,4133,137.767,462.5,158.5
54,4134,137.8,504.5,160.5
54,4135,137.833,540.5,164.5
54,4136,137.867,580.5,174.5
54,4137,137.9,616.5,182.5
54,4138,137.933,650.5,194.5
54,4139,137.967,696.5,214.5
54,4140,138.0,746.5,242.5
54,4141,138.033,782.5,264.5
54,4142,138.067,820.5,290.5
54,4143,138.1,852.5,314.5
54,4145,138.167,944.5,402.5
54,4146,138.2,994.5,454.5
54,4147,138.233,1018.5,486.5
54,4148,138.267,1058.5,540.5
54,4150,138.333,1130.5,652.5
55,4168,138.933,1106.5,698.5
55,4169,138.967,1078.5,704.5
55,4170,139.0,1076.5,690.5
55,4171,139.033,1070.5,680.5
55,4172,139.067,1064.5,670.5
55,4173,139.1,1058.5,660.5
55,4174,139.133,1052.5,656.5
55,4175,139.167,1044.5,654.5
55,4176,139.2,1036.5,656.5
55,4177,139.233,1028.5,658.5
55,4178,139.267,1020.5,666.5
55,4179,139.3,1014.5,672.5
55,4181,139.367,1006.5,666.5
55,4182,139.4,1004.5,664.5
55,4183,139.433,1004.5,662.5
55,4184,139.467,1008.5,668.5
55,4185,139.5,1012.5,678.5
55,4186,139.533,1014.5,688.5
55,4187,139.567,1016.5,696.5
55,4188,139.6,1016.5,692.5
55,4189,139.633,1018.5,696.5
56,4380,146.0,982.5,542.5
56,4382,146.067,984.5,544.5
56,4383,146.1,984.5,540.5
56,4384,146.133,984.5,538.5
56,4385,146.167,982.5,534.5
56,4386,146.2,978.5,530.5
56,4387,146.233,976.5,524.5
56,4391,146.367,1110.5,296.5
56,4394,146.467,916.5,394.5
56,4395,146.5,922.5,374.5
56,4396,146.533,918.5,328.5
56,4397,146.567,920.5,300.5
56,4398,146.6,928.5,284.5
56,4399,146.633,934.5,268.5
56,4400,146.667,942.5,254.5
56,4401,146.7,944.5,242.5
56,4402,146.733,948.5,234.5
56,4403,146.767,952.5,232.5
56,4404,146.8,958.5,238.5
56,4405,146.833,958.5,244.5
56,4406,146.867,960.5,256.5
56,4407,146.9,962.5,270.5
56,4409,146.967,960.5,314.5
56,4410,147.0,960.5,336.5
56,4412,147.067,956.5,394.5
56,4414,147.133,926.5,418.5
56,4416,147.2,854.5,388.5
56,4417,147.233,826.5,382.5
56,4418,147.267,800.5,380.5
56,4419,147.3,774.5,382.5
56,4420,147.333,754.5,388.5
56,4421,147.367,734.5,348.5
56,4422,147.4,720.5,324.5
56,4423,147.433,706.5,304.5
56,4424,147.467,630.5,342.5
56,4425,147.5,680.5,276.5
56,4426,147.533,656.5,264.5
56,4427,147.567,646.5,258.5
56,4428,147.6,630.5,254.5
56,4429,147.633,616.5,254.5
56,4430,147.667,606.5,256.5
56,4432,147.733,582.5,266.5
56,4433,147.767,566.5,266.5
56,4434,147.8,564.5,256.5
56,4435,147.833,552.5,240.5
56,4436,147.867,544.5,230.5
56,4437,147.9,534.5,222.5
56,4438,147.933,526.5,216.5
56,4439,147.967,516.5,214.5
56,4440,148.0,508.5,212.5
56,4441,148.033,500.5,214.5
56,4442,148.067,518.5,212.5
56,4443,148.1,536.5,210.5
56,4444,148.133,554.5,212.5
56,4445,148.167,576.5,214.5
56,4446,148.2,594.5,218.5
56,4447,148.233,616.5,226.5
56,4448,148.267,642.5,238.5
56,4449,148.3,654.5,244.5
56,4450,148.333,680.5,260.5
56,4451,148.367,700.5,276.5
56,4452,148.4,708.5,316.5
56,4453,148.433,746.5,320.5
56,4454,148.467,760.5,326.5
56,4455,148.5,792.5,306.5
56,4456,148.533,810.5,304.5
56,4457,148.567,828.5,304.5
56,4458,148.6,850.5,306.5
56,4459,148.633,868.5,310.5
56,4460,148.667,900.5,320.5
56,4461,148.7,894.5,314.5
56,4462,148.733,846.5,294.5
56,4463,148.767,802.5,276.5
56,4464,148.8,750.5,260.5
56,4465,148.833,716.5,254.5
56,4466,148.867,680.5,246.5
56,4467,148.9,636.5,242.5
56,4468,148.933,600.5,242.5
56,4469,148.967,566.5,242.5
56,4470,149.0,532.5,246.5
56,4471,149.033,498.5,250.5
56,4472,149.067,472.5,262.5
56,4473,149.1,440.5,276.5
56,4474,149.133,418.5,284.5
56,4475,149.167,398.5,272.5
56,4476,149.2,366.5,252.5
56,4479,149.3,306.5,220.5
56,4480,149.333,282.5,214.5
56,4481,149.367,266.5,212.5
56,4482,149.4,248.5,214.5
56,4483,149.433,228.5,212.5
56,4484,149.467,246.5,200.5
56,4485,149.5,330.5,212.5
56,4486,149.533,370.5,212.5
56,4487,149.567,458.5,222.5
56,4489,149.633,612.5,250.5
56,4490,149.667,696.5,274.5
56,4491,149.7,770.5,296.5
56,4494,149.8,1010.5,406.5
56,4498,149.933,1202.5,532.5
56,4499,149.967,1242.5,562.5
56,4500,150.0,1252.5,584.5
57,4524,150.8,400.5,226.5
57,4525,150.833,402.5,228.5
57,4527,150.9,406.5,232.5
57,4528,150.933,408.5,232.5
57,4531,151.033,404.5,232.5
57,4532,151.067,402.5,232.5
57,4533,151.1,396.5,230.5
57,4534,151.133,392.5,232.5
57,4537,151.233,384.5,234.5
58,4598,153.267,1076.5,568.5
58,4599,153.3,1070.5,554.5
58,4600,153.333,1066.5,542.5
58,4601,153.367,1062.5,528.5
58,4602,153.4,1062.5,514.5
58,4603,153.433,1064.5,504.5
58,4604,153.467,1064.5,494.5
58,4605,153.5,1068.5,486.5
58,4606,153.533,1072.5,480.5
59,4647,154.9,926.5,454.5
59,4648,154.933,914.5,428.5
59,4649,154.967,908.5,406.5
59,4650,155.0,910.5,386.5
59,4651,155.033,914.5,360.5
59,4652,155.067,914.5,328.5
59,4654,155.133,928.5,292.5
59,4655,155.167,932.5,282.5
59,4656,155.2,936.5,274.5
59,4657,155.233,940.5,268.5
59,4658,155.267,942.5,268.5
59,4659,155.3,944.5,272.5
59,4660,155.333,946.5,282.5
59,4661,155.367,946.5,292.5
59,4662,155.4,946.5,310.5
59,4663,155.433,948.5,326.5
59,4665,155.5,948.5,378.5
59,4666,155.533,946.5,402.5
59,4667,155.567,942.5,428.5
59,4668,155.6,894.5,440.5
59,4669,155.633,832.5,432.5
59,4670,155.667,892.5,374.5
59,4671,155.7,896.5,330.5
59,4675,155.833,554.5,318.5
59,4676,155.867,522.5,304.5
59,4677,155.9,494.5,296.5
59,4678,155.933,466.5,288.5
59,4679,155.967,436.5,284.5
59,4680,156.0,410.5,284.5
59,4681,156.033,390.5,284.5
59,4682,156.067,366.5,292.5
59,4683,156.1,348.5,290.5
59,4684,156.133,326.5,274.5
59,4685,156.167,308.5,260.5
59,4686,156.2,290.5,252.5
59,4687,156.233,270.5,240.5
59,4688,156.267,256.5,236.5
59,4689,156.3,244.5,234.5
59,4690,156.333,252.5,232.5
59,4691,156.367,258.5,234.5
59,4692,156.4,264.5,240.5
59,4693,156.433,270.5,246.5
59,4695,156.5,288.5,274.5
59,4696,156.533,294.5,288.5
59,4697,156.567,302.5,308.5
59,4698,156.6,310.5,336.5
59,4699,156.633,320.5,368.5
59,4700,156.667,330.5,400.5
59,4701,156.7,342.5,436.5
59,4702,156.733,352.5,472.5
59,4703,156.767,358.5,500.5
59,4704,156.8,374.5,554.5
59,4705,156.833,384.5,600.5
59,4706,156.867,392.5,612.5
60,4749,158.3,784.5,644.5
60,4750,158.333,758.5,578.5
60,4751,158.367,738.5,520.5
60,4752,158.4,724.5,476.5
60,4753,158.433,714.5,442.5
60,4754,158.467,692.5,392.5
60,4755,158.5,674.5,358.5
60,4756,158.533,652.5,322.5
60,4757,158.567,636.5,294.5
60,4758,158.6,618.5,272.5
60,4759,158.633,602.5,250.5
60,4761,158.7,576.5,228.5
60,4762,158.733,562.5,224.5
60,4763,158.767,550.5,220.5
60,4764,158.8,538.5,222.5
60,4765,158.833,528.5,226.5
60,4766,158.867,518.5,234.5
60,4767,158.9,510.5,242.5
60,4768,158.933,502.5,252.5
60,4769,158.967,494.5,268.5
60,4770,159.0,486.5,282.5
60,4771,159.033,482.5,298.5
60,4772,159.067,474.5,318.5
60,4773,159.1,468.5,302.5
60,4774,159.133,462.5,280.5
60,4775,159.167,456.5,258.5
60,4776,159.2,452.5,242.5
60,4777,159.233,446.5,226.5
60,4778,159.267,442.5,216.5
60,4779,159.3,438.5,206.5
60,4780,159.333,434.5,200.5
60,4781,159.367,430.5,194.5
60,4782,159.4,424.5,194.5
60,4783,159.433,422.5,198.5
60,4784,159.467,418.5,202.5
60,4785,159.5,416.5,208.5
60,4786,159.533,416.5,218.5
60,4787,159.567,412.5,226.5
60,4788,159.6,412.5,242.5
60,4789,159.633,410.5,256.5
60,4790,159.667,408.5,270.5
60,4791,159.7,406.5,256.5
60,4792,159.733,400.5,240.5
60,4793,159.767,396.5,224.5
60,4794,159.8,392.5,212.5
60,4795,159.833,388.5,202.5
60,4796,159.867,384.5,198.5
60,4797,159.9,382.5,190.5
60,4798,159.933,380.5,188.5
60,4799,159.967,376.5,188.5
60,4800,160.0,374.5,192.5
60,4801,160.033,372.5,196.5
60,4802,160.067,372.5,202.5
60,4803,160.1,370.5,208.5
60,4804,160.133,368.5,204.5
61,4867,162.233,342.5,346.5
61,4868,162.267,350.5,344.5
61,4871,162.367,326.5,120.5
61,4872,162.4,322.5,130.5
61,4873,162.433,320.5,144.5
61,4874,162.467,314.5,156.5
61,4875,162.5,314.5,170.5
61,4876,162.533,312.5,184.5
61,4877,162.567,310.5,200.5
61,4879,162.633,332.5,212.5
61,4880,162.667,308.5,232.5
61,4881,162.7,308.5,240.5
61,4882,162.733,304.5,240.5
61,4883,162.767,302.5,246.5
61,4884,162.8,298.5,246.5
61,4885,162.833,296.5,248.5
61,4886,162.867,294.5,250.5
61,4887,162.9,290.5,250.5
61,4888,162.933,292.5,254.5
61,4889,162.967,292.5,256.5
61,4890,163.0,290.5,260.5
61,4891,163.033,292.5,262.5
61,4892,163.067,292.5,266.5
61,4893,163.1,292.5,266.5
61,4894,163.133,290.5,258.5
61,4895,163.167,284.5,248.5
61,4896,163.2,280.5,234.5
61,4897,163.233,274.5,218.5
61,4898,163.267,272.5,204.5
61,4899,163.3,268.5,194.5
61,4900,163.333,254.5,196.5
61,4901,163.367,260.5,180.5
61,4902,163.4,256.5,178.5
61,4903,163.433,256.5,178.5
61,4904,163.467,254.5,178.5
61,4905,163.5,252.5,186.5
61,4906,163.533,252.5,192.5
61,4907,163.567,252.5,202.5
61,4908,163.6,250.5,212.5
61,4909,163.633,252.5,228.5
61,4910,163.667,266.5,242.5
61,4911,163.7,296.5,258.5
61,4912,163.733,350.5,286.5
61,4913,163.767,372.5,274.5
61,4914,163.8,400.5,266.5
61,4915,163.833,430.5,262.5
61,4916,163.867,460.5,260.5
61,4917,163.9,492.5,260.5
61,4918,163.933,524.5,262.5
61,4919,163.967,554.5,266.5
61,4920,164.0,596.5,282.5
61,4921,164.033,614.5,286.5
61,4922,164.067,594.5,356.5
61,4923,164.1,642.5,362.5
61,4924,164.133,716.5,348.5
61,4925,164.167,740.5,364.5
61,4926,164.2,770.5,352.5
61,4927,164.233,802.5,346.5
61,4928,164.267,834.5,338.5
61,4929,164.3,896.5,340.5
61,4930,164.333,878.5,336.5
61,4931,164.367,868.5,316.5
61,4932,164.4,836.5,290.5
61,4933,164.433,804.5,270.5
61,4934,164.467,772.5,250.5
61,4935,164.5,752.5,242.5
61,4936,164.533,720.5,228.5
61,4937,164.567,694.5,222.5
61,4938,164.6,674.5,218.5
61,4939,164.633,642.5,216.5
61,4940,164.667,624.5,218.5
61,4941,164.7,602.5,222.5
61,4942,164.733,580.5,228.5
61,4943,164.767,562.5,236.5
61,4944,164.8,546.5,244.5
61,4945,164.833,524.5,258.5
61,4946,164.867,508.5,274.5
61,4947,164.9,496.5,284.5
61,4948,164.933,478.5,272.5
61,4949,164.967,456.5,252.5
61,4950,165.0,442.5,240.5
61,4951,165.033,426.5,228.5
61,4952,165.067,410.5,220.5
61,4953,165.1,396.5,214.5
61,4954,165.133,382.5,208.5
61,4955,165.167,370.5,208.5
61,4956,165.2,360.5,210.5
61,4957,165.233,422.5,238.5
61,4958,165.267,452.5,258.5
61,4959,165.3,482.5,276.5
61,4960,165.333,508.5,294.5
61,4962,165.4,540.5,328.5
61,4963,165.433,532.5,326.5
61,4964,165.467,522.5,330.5
61,4965,165.5,512.5,328.5
61,4968,165.6,484.5,322.5
61,4969,165.633,476.5,324.5
61,4970,165.667,470.5,318.5
61,4971,165.7,462.5,314.5
61,4972,165.733,454.5,314.5
61,4973,165.767,448.5,316.5
61,4974,165.8,440.5,316.5
61,4975,165.833,434.5,310.5
61,4976,165.867,428.5,310.5
61,4977,165.9,422.5,312.5
61,4978,165.933,416.5,312.5
61,4979,165.967,408.5,308.5
61,4980,166.0,402.5,304.5
61,4981,166.033,394.5,304.5
61,4982,166.067,390.5,308.5
61,4983,166.1,384.5,304.5
61,4984,166.133,376.5,300.5
61,4985,166.167,372.5,300.5
61,4986,166.2,366.5,300.5
61,4987,166.233,360.5,298.5
61,4988,166.267,356.5,296.5
61,4989,166.3,350.5,298.5
61,4990,166.333,344.5,296.5
61,4991,166.367,338.5,294.5
61,4992,166.4,334.5,296.5
61,4993,166.433,328.5,292.5
61,4994,166.467,322.5,290.5
61,4995,166.5,316.5,292.5
61,4996,166.533,312.5,290.5
61,4997,166.567,308.5,288.5
61,4998,166.6,302.5,290.5
61,5002,166.733,278.5,278.5
61,5004,166.8,278.5,254.5
61,5007,166.9,278.5,380.5
61,5011,167.033,288.5,258.5
62,5019,167.3,278.5,272.5
62,5020,167.333,278.5,272.5
62,5023,167.433,270.5,246.5
62,5024,167.467,264.5,230.5
62,5025,167.5,262.5,216.5
62,5026,167.533,262.5,206.5
62,5027,167.567,258.5,196.5
62,5028,167.6,256.5,188.5
62,5029,167.633,256.5,184.5
62,5030,167.667,256.5,182.5
62,5031,167.7,254.5,184.5
62,5032,167.733,254.5,188.5
62,5033,167.767,254.5,194.5
62,5034,167.8,256.5,202.5
62,5035,167.833,254.5,212.5
62,5036,167.867,256.5,230.5
62,5037,167.9,268.5,244.5
62,5038,167.933,306.5,264.5
62,5039,167.967,354.5,284.5
62,5040,168.0,378.5,274.5
62,5041,168.033,412.5,264.5
62,5042,168.067,446.5,258.5
62,5043,168.1,476.5,252.5
62,5044,168.133,512.5,250.5
62,5045,168.167,542.5,252.5
62,5046,168.2,582.5,260.5
62,5047,168.233,620.5,268.5
62,5048,168.267,642.5,274.5
62,5049,168.3,636.5,328.5
62,5051,168.367,728.5,330.5
62,5052,168.4,764.5,336.5
62,5053,168.433,782.5,344.5
62,5054,168.467,830.5,308.5
62,5055,168.5,852.5,306.5
62,5056,168.533,884.5,302.5
62,5057,168.567,912.5,302.5
62,5058,168.6,934.5,304.5
62,5059,168.633,928.5,290.5
62,5060,168.667,884.5,260.5
62,5061,168.7,852.5,244.5
62,5062,168.733,816.5,228.5
62,5063,168.767,782.5,212.5
62,5064,168.8,746.5,202.5
62,5065,168.833,718.5,194.5
62,5066,168.867,686.5,188.5
62,5067,168.9,656.5,186.5
62,5068,168.933,632.5,188.5
62,5069,168.967,606.5,192.5
62,5070,169.0,580.5,196.5
62,5071,169.033,560.5,202.5
62,5072,169.067,538.5,212.5
62,5073,169.1,520.5,220.5
62,5074,169.133,502.5,230.5
62,5075,169.167,484.5,244.5
62,5076,169.2,468.5,228.5
62,5077,169.233,452.5,206.5
62,5078,169.267,440.5,196.5
62,5079,169.3,426.5,184.5
62,5080,169.333,412.5,172.5
62,5081,169.367,354.5,194.5
62,5082,169.4,372.5,182.5
62,5083,169.433,438.5,158.5
62,5084,169.467,476.5,158.5
62,5085,169.5,504.5,160.5
62,5086,169.533,534.5,164.5
62,5087,169.567,562.5,170.5
62,5088,169.6,594.5,180.5
62,5089,169.633,628.5,194.5
62,5090,169.667,648.5,204.5
62,5091,169.7,690.5,228.5
62,5092,169.733,714.5,244.5
62,5093,169.767,738.5,262.5
62,5094,169.8,772.5,292.5
63,5107,170.233,1062.5,436.5
63,5108,170.267,1082.5,438.5
63,5112,170.4,1264.5,320.5
63,5113,170.433,1262.5,328.5
63,5115,170.5,1256.5,340.5
64,5144,171.467,1140.5,520.5
64,5145,171.5,1132.5,518.5
64,5146,171.533,1188.5,474.5
64,5149,171.633,1170.5,476.5
64,5150,171.667,1170.5,474.5
65,5155,171.833,1160.5,474.5
65,5156,171.867,1156.5,476.5
65,5157,171.9,1152.5,476.5
65,5158,171.933,1150.5,476.5
65,5159,171.967,1146.5,474.5
65,5160,172.0,1142.5,476.5
65,5161,172.033,1140.5,474.5
65,5162,172.067,1138.5,474.5
65,5163,172.1,1136.5,474.5
65,5165,172.167,1132.5,474.5
65,5166,172.2,1126.5,474.5
65,5167,172.233,1124.5,472.5
66,5173,172.433,1150.5,444.5
66,5174,172.467,1152.5,438.5
66,5175,172.5,1152.5,434.5
66,5176,172.533,1132.5,454.5
66,5177,172.567,1136.5,450.5
66,5178,172.6,1140.5,446.5
66,5179,172.633,1148.5,440.5
66,5180,172.667,1154.5,434.5
66,5181,172.7,1158.5,426.5
66,5182,172.733,1164.5,420.5
66,5184,172.8,1166.5,572.5
66,5187,172.9,1204.5,580.5
66,5188,172.933,1194.5,558.5
66,5190,173.0,1182.5,578.5
67,5208,173.6,1170.5,438.5
67,5211,173.7,1142.5,454.5
67,5214,173.8,1122.5,482.5
67,5216,173.867,1218.5,562.5
67,5218,173.933,1160.5,540.5
67,5219,173.967,1146.5,550.5
67,5221,174.033,1136.5,584.5
68,5234,174.467,894.5,556.5
68,5235,174.5,860.5,520.5
68,5236,174.533,814.5,464.5
68,5237,174.567,800.5,412.5
68,5238,174.6,776.5,360.5
68,5239,174.633,740.5,304.5
68,5240,174.667,718.5,262.5
68,5241,174.7,690.5,220.5
68,5242,174.733,676.5,198.5
68,5243,174.767,644.5,164.5
68,5244,174.8,630.5,150.5
68,5245,174.833,610.5,132.5
68,5246,174.867,586.5,120.5
68,5247,174.9,568.5,114.5
68,5248,174.933,550.5,114.5
68,5249,174.967,532.5,114.5
68,5250,175.0,516.5,120.5
68,5251,175.033,502.5,130.5
68,5252,175.067,488.5,142.5
68,5253,175.1,476.5,156.5
68,5254,175.133,464.5,172.5
68,5255,175.167,454.5,192.5
68,5256,175.2,444.5,212.5
68,5257,175.233,436.5,230.5
68,5258,175.267,426.5,258.5
68,5259,175.3,420.5,280.5
68,5260,175.333,412.5,310.5
68,5261,175.367,408.5,332.5
68,5262,175.4,400.5,310.5
68,5263,175.433,390.5,280.5
68,5264,175.467,380.5,252.5
68,5265,175.5,374.5,232.5
68,5266,175.533,366.5,212.5
68,5267,175.567,358.5,194.5
68,5268,175.6,350.5,178.5
68,5269,175.633,342.5,166.5
68,5270,175.667,336.5,156.5
68,5271,175.7,330.5,152.5
68,5272,175.733,324.5,146.5
68,5273,175.767,320.5,148.5
68,5274,175.8,318.5,154.5
68,5275,175.833,312.5,160.5
68,5276,175.867,310.5,168.5
68,5277,175.9,304.5,178.5
68,5278,175.933,304.5,188.5
68,5279,175.967,302.5,202.5
68,5280,176.0,300.5,220.5
68,5281,176.033,300.5,236.5
68,5282,176.067,298.5,256.5
68,5283,176.1,300.5,278.5
68,5284,176.133,292.5,260.5
68,5285,176.167,288.5,240.5
68,5286,176.2,282.5,222.5
68,5287,176.233,276.5,202.5
68,5288,176.267,270.5,192.5
68,5289,176.3,266.5,180.5
68,5290,176.333,262.5,172.5
68,5291,176.367,260.5,168.5
68,5292,176.4,256.5,164.5
68,5293,176.433,256.5,166.5
68,5294,176.467,254.5,164.5
68,5295,176.5,250.5,168.5
68,5296,176.533,254.5,180.5
68,5297,176.567,238.5,168.5
68,5298,176.6,240.5,154.5
68,5299,176.633,240.5,146.5
68,5300,176.667,240.5,138.5
69,5305,176.833,250.5,164.5
69,5306,176.867,262.5,180.5
69,5307,176.9,266.5,196.5
69,5308,176.933,282.5,210.5
69,5311,177.033,326.5,244.5
69,5312,177.067,352.5,258.5
69,5313,177.1,366.5,256.5
69,5314,177.133,352.5,236.5
70,5321,177.367,584.5,530.5
70,5322,177.4,608.5,532.5
70,5323,177.433,620.5,536.5
70,5325,177.5,664.5,532.5
70,5326,177.533,690.5,536.5
70,5327,177.567,706.5,534.5
71,5332,177.733,334.5,250.5
71,5333,177.767,334.5,250.5
71,5334,177.8,328.5,252.5
71,5335,177.833,326.5,250.5
71,5336,177.867,320.5,250.5
71,5337,177.9,316.5,252.5
71,5338,177.933,312.5,252.5
71,5339,177.967,308.5,254.5
71,5340,178.0,302.5,254.5
71,5341,178.033,298.5,254.5
71,5342,178.067,294.5,254.5
71,5343,178.1,292.5,256.5
71,5344,178.133,288.5,256.5
72,5358,178.6,270.5,252.5
72,5359,178.633,266.5,240.5
72,5360,178.667,264.5,226.5
72,5361,178.7,262.5,214.5
72,5362,178.733,260.5,204.5
72,5364,178.8,256.5,194.5
72,5365,178.833,256.5,192.5
72,5366,178.867,256.5,194.5
72,5367,178.9,256.5,200.5
72,5368,178.933,258.5,206.5
72,5369,178.967,258.5,216.5
72,5370,179.0,262.5,226.5
72,5371,179.033,262.5,236.5
72,5372,179.067,280.5,252.5
72,5373,179.1,316.5,268.5
72,5374,179.133,366.5,276.5
72,5375,179.167,402.5,268.5
72,5376,179.2,444.5,262.5
72,5377,179.233,476.5,262.5
72,5378,179.267,518.5,260.5
72,5379,179.3,552.5,262.5
72,5380,179.333,614.5,276.5
72,5381,179.367,630.5,278.5
72,5382,179.4,618.5,358.5
72,5384,179.467,766.5,336.5
73,5389,179.633,978.5,356.5
73,5390,179.667,974.5,336.5
73,5391,179.7,932.5,300.5
73,5392,179.733,898.5,272.5
73,5393,179.767,864.5,248.5
73,5394,179.8,832.5,228.5
73,5395,179.833,798.5,210.5
73,5396,179.867,770.5,196.5
73,5397,179.9,740.5,186.5
73,5398,179.933,716.5,180.5
73,5399,179.967,690.5,176.5
73,5400,180.0,670.5,176.5
73,5401,180.033,642.5,178.5
73,5402,180.067,622.5,182.5
73,5403,180.1,602.5,188.5
73,5404,180.133,584.5,194.5
73,5405,180.167,566.5,206.5
73,5406,180.2,548.5,218.5
73,5407,180.233,534.5,228.5
73,5408,180.267,520.5,244.5
73,5409,180.3,506.5,226.5
73,5410,180.333,498.5,212.5
73,5411,180.367,486.5,194.5
73,5412,180.4,474.5,182.5
73,5413,180.433,464.5,170.5
73,5414,180.467,452.5,160.5
73,5415,180.5,444.5,156.5
73,5416,180.533,462.5,152.5
73,5417,180.567,490.5,148.5
73,5418,180.6,526.5,148.5
73,5419,180.633,550.5,152.5
73,5420,180.667,578.5,158.5
73,5421,180.7,602.5,164.5
73,5422,180.733,630.5,176.5
73,5423,180.767,652.5,186.5
73,5424,180.8,690.5,210.5
73,5425,180.833,716.5,228.5
73,5426,180.867,740.5,248.5
73,5427,180.9,772.5,280.5
73,5428,180.933,788.5,296.5
73,5429,180.967,794.5,364.5
73,5430,181.0,844.5,372.5
73,5431,181.033,858.5,388.5
73,5433,181.1,930.5,332.5
73,5434,181.133,952.5,330.5
73,5435,181.167,978.5,328.5
73,5436,181.2,1006.5,330.5
73,5437,181.233,1036.5,334.5
73,5438,181.267,1010.5,306.5
73,5439,181.3,946.5,260.5
73,5440,181.333,916.5,240.5
73,5441,181.367,872.5,212.5
73,5442,181.4,834.5,194.5
73,5443,181.433,794.5,176.5
73,5444,181.467,764.5,166.5
73,5445,181.5,732.5,158.5
73,5446,181.533,704.5,154.5
73,5447,181.567,682.5,154.5
73,5448,181.6,652.5,156.5
73,5449,181.633,634.5,160.5
73,5450,181.667,614.5,164.5
73,5451,181.7,598.5,172.5
73,5452,181.733,580.5,182.5
73,5453,181.767,566.5,194.5
73,5454,181.8,552.5,206.5
73,5455,181.833,540.5,220.5
73,5456,181.867,530.5,232.5
73,5457,181.9,518.5,218.5
73,5458,181.933,508.5,198.5
73,5459,181.967,500.5,178.5
73,5460,182.0,488.5,162.5
73,5461,182.033,478.5,150.5
73,5462,182.067,470.5,138.5
73,5463,182.1,462.5,132.5
73,5464,182.133,454.5,124.5
73,5465,182.167,466.5,120.5
73,5466,182.2,480.5,120.5
73,5467,182.233,494.5,122.5
73,5468,182.267,510.5,126.5
73,5469,182.3,526.5,134.5
73,5470,182.333,538.5,140.5
73,5471,182.367,554.5,152.5
73,5472,182.4,570.5,166.5
73,5473,182.433,588.5,186.5
73,5474,182.467,608.5,210.5
73,5475,182.5,626.5,236.5
73,5476,182.533,644.5,264.5
73,5477,182.567,662.5,294.5
73,5478,182.6,674.5,324.5
73,5479,182.633,666.5,384.5
73,5480,182.667,700.5,388.5
73,5481,182.7,722.5,372.5
73,5482,182.733,740.5,362.5
73,5483,182.767,758.5,354.5
73,5484,182.8,774.5,352.5
73,5485,182.833,792.5,352.5
73,5486,182.867,810.5,356.5
73,5487,182.9,832.5,362.5
73,5488,182.933,790.5,346.5
73,5489,182.967,732.5,316.5
73,5490,183.0,688.5,302.5
73,5491,183.033,652.5,290.5
73,5492,183.067,610.5,278.5
73,5493,183.1,572.5,270.5
73,5494,183.133,540.5,270.5
73,5495,183.167,518.5,274.5
73,5496,183.2,490.5,278.5
73,5497,183.233,474.5,284.5
73,5498,183.267,454.5,292.5
73,5499,183.3,438.5,300.5
73,5500,183.333,420.5,278.5
73,5501,183.367,406.5,258.5
73,5502,183.4,390.5,238.5
73,5503,183.433,376.5,222.5
73,5504,183.467,366.5,210.5
73,5505,183.5,354.5,198.5
73,5506,183.533,344.5,192.5
73,5507,183.567,332.5,188.5
73,5510,183.667,376.5,172.5
73,5511,183.7,402.5,168.5
73,5512,183.733,430.5,166.5
73,5513,183.767,456.5,166.5
73,5514,183.8,484.5,172.5
73,5515,183.833,516.5,180.5
73,5516,183.867,544.5,188.5
73,5517,183.9,574.5,200.5
73,5518,183.933,604.5,214.5
73,5519,183.967,636.5,232.5
73,5520,184.0,672.5,256.5
73,5521,184.033,694.5,274.5
73,5522,184.067,730.5,308.5
73,5523,184.1,754.5,328.5
73,5524,184.133,776.5,362.5
73,5525,184.167,792.5,372.5
73,5526,184.2,806.5,382.5
73,5527,184.233,866.5,316.5
73,5528,184.267,896.5,310.5
73,5529,184.3,922.5,304.5
73,5530,184.333,940.5,300.5
73,5532,184.4,1006.5,304.5
73,5533,184.433,1028.5,308.5
73,5536,184.533,1008.5,314.5
73,5537,184.567,922.5,298.5
73,5538,184.6,852.5,288.5
73,5539,184.633,778.5,284.5
73,5540,184.667,732.5,280.5
73,5541,184.7,682.5,284.5
73,5542,184.733,614.5,292.5
73,5545,184.833,604.5,300.5
73,5548,184.933,630.5,322.5
73,5549,184.967,634.5,324.5
73,5550,185.0,644.5,328.5
73,5551,185.033,658.5,330.5
73,5552,185.067,666.5,334.5
73,5553,185.1,674.5,334.5
73,5554,185.133,682.5,334.5
73,5555,185.167,688.5,338.5
73,5556,185.2,696.5,344.5
73,5557,185.233,704.5,346.5
73,5558,185.267,710.5,346.5
73,5559,185.3,716.5,350.5
73,5560,185.333,722.5,352.5
73,5561,185.367,728.5,356.5
73,5562,185.4,730.5,354.5
73,5563,185.433,736.5,354.5
73,5564,185.467,742.5,356.5
73,5565,185.5,746.5,360.5
73,5566,185.533,750.5,362.5
73,5567,185.567,754.5,356.5
73,5568,185.6,756.5,360.5
73,5569,185.633,760.5,364.5
73,5570,185.667,762.5,364.5
73,5571,185.7,764.5,358.5
73,5572,185.733,764.5,360.5
73,5573,185.767,766.5,368.5
73,5574,185.8,766.5,360.5
73,5575,185.833,768.5,362.5
73,5576,185.867,768.5,364.5
73,5577,185.9,766.5,368.5
73,5578,185.933,768.5,360.5
73,5579,185.967,770.5,364.5
73,5580,186.0,770.5,368.5
73,5581,186.033,772.5,362.5
73,5582,186.067,770.5,364.5
73,5583,186.1,772.5,368.5
73,5584,186.133,772.5,362.5
73,5585,186.167,772.5,364.5
73,5586,186.2,774.5,368.5
73,5587,186.233,774.5,364.5
73,5588,186.267,774.5,368.5
73,5589,186.3,774.5,366.5
73,5590,186.333,778.5,368.5
73,5591,186.367,776.5,368.5
73,5592,186.4,778.5,366.5
73,5593,186.433,778.5,368.5
73,5594,186.467,776.5,366.5
73,5595,186.5,790.5,394.5
73,5597,186.567,776.5,350.5
73,5598,186.6,774.5,350.5
73,5599,186.633,772.5,378.5
73,5600,186.667,776.5,368.5
73,5602,186.733,796.5,370.5
73,5603,186.767,784.5,362.5
73,5604,186.8,824.5,370.5
73,5605,186.833,816.5,362.5
73,5606,186.867,864.5,370.5
73,5607,186.9,862.5,420.5
73,5608,186.933,870.5,436.5
73,5609,186.967,868.5,450.5
74,5640,188.0,912.5,438.5
74,5641,188.033,924.5,438.5
74,5642,188.067,914.5,418.5
74,5643,188.1,908.5,396.5
74,5644,188.133,910.5,374.5
74,5645,188.167,906.5,338.5
74,5646,188.2,912.5,314.5
74,5647,188.233,918.5,294.5
74,5648,188.267,926.5,284.5
74,5649,188.3,932.5,272.5
74,5650,188.333,936.5,264.5
74,5651,188.367,942.5,258.5
74,5652,188.4,946.5,258.5
74,5653,188.433,950.5,266.5
74,5654,188.467,952.5,274.5
74,5655,188.5,958.5,290.5
74,5657,188.567,960.5,324.5
74,5658,188.6,960.5,340.5
74,5659,188.633,962.5,378.5
74,5660,188.667,962.5,404.5
74,5662,188.733,1076.5,298.5
75,5667,188.9,660.5,396.5
75,5668,188.933,662.5,338.5
75,5670,189.0,604.5,290.5
75,5671,189.033,582.5,272.5
75,5672,189.067,558.5,262.5
75,5673,189.1,540.5,258.5
75,5674,189.133,520.5,252.5
75,5675,189.167,500.5,250.5
75,5676,189.2,482.5,252.5
75,5677,189.233,468.5,258.5
75,5678,189.267,452.5,264.5
75,5679,189.3,438.5,266.5
75,5680,189.333,426.5,250.5
75,5681,189.367,412.5,234.5
75,5682,189.4,402.5,224.5
75,5684,189.467,240.5,300.5
75,5687,189.567,466.5,194.5
75,5688,189.6,490.5,192.5
75,5689,189.633,526.5,194.5
75,5690,189.667,548.5,196.5
75,5691,189.7,576.5,202.5
75,5692,189.733,610.5,212.5
75,5693,189.767,640.5,224.5
75,5694,189.8,674.5,238.5
75,5695,189.833,690.5,246.5
75,5696,189.867,726.5,268.5
75,5697,189.9,756.5,290.5
75,5698,189.933,754.5,358.5
75,5699,189.967,800.5,362.5
75,5700,190.0,838.5,370.5
75,5703,190.1,930.5,332.5
75,5704,190.133,958.5,332.5
75,5705,190.167,988.5,332.5
75,5706,190.2,1010.5,332.5
75,5709,190.3,930.5,306.5
76,5714,190.467,466.5,228.5
76,5715,190.5,396.5,228.5
76,5716,190.533,354.5,236.5
76,5717,190.567,348.5,242.5
76,5718,190.6,282.5,250.5
76,5722,190.733,228.5,262.5
76,5725,190.833,236.5,278.5
76,5726,190.867,242.5,284.5
76,5728,190.933,250.5,306.5
76,5729,190.967,256.5,320.5
76,5730,191.0,260.5,330.5
76,5731,191.033,264.5,346.5
76,5732,191.067,268.5,356.5
76,5733,191.1,268.5,346.5
76,5734,191.133,268.5,338.5
76,5735,191.167,268.5,332.5
76,5736,191.2,270.5,328.5
76,5737,191.233,270.5,326.5
76,5738,191.267,272.5,324.5
76,5739,191.3,272.5,326.5
76,5740,191.333,274.5,330.5
77,5750,191.667,292.5,348.5
77,5751,191.7,292.5,352.5
77,5752,191.733,294.5,356.5
77,5753,191.767,298.5,364.5
77,5754,191.8,300.5,364.5
77,5755,191.833,300.5,360.5
77,5756,191.867,302.5,362.5
77,5757,191.9,304.5,364.5
77,5758,191.933,304.5,368.5
77,5759,191.967,308.5,366.5
77,5760,192.0,310.5,368.5
77,5761,192.033,312.5,368.5
77,5762,192.067,314.5,368.5
77,5763,192.1,316.5,368.5
77,5764,192.133,318.5,368.5
77,5765,192.167,318.5,370.5
77,5767,192.233,230.5,276.5
77,5769,192.3,304.5,368.5
77,5771,192.367,230.5,278.5
77,5772,192.4,230.5,278.5
77,5773,192.433,230.5,276.5
77,5774,192.467,230.5,276.5
77,5775,192.5,228.5,274.5
77,5776,192.533,230.5,274.5
77,5777,192.567,228.5,272.5
77,5778,192.6,228.5,272.5
78,5791,193.033,300.5,256.5
78,5793,193.1,300.5,256.5
78,5794,193.133,300.5,256.5
78,5795,193.167,296.5,258.5
78,5796,193.2,296.5,256.5
78,5797,193.233,296.5,256.5
78,5801,193.367,272.5,230.5
78,5802,193.4,268.5,226.5
78,5803,193.433,266.5,224.5
78,5804,193.467,264.5,218.5
78,5805,193.5,264.5,212.5
78,5806,193.533,264.5,204.5
78,5807,193.567,264.5,194.5
78,5808,193.6,262.5,184.5
78,5809,193.633,264.5,170.5
78,5810,193.667,266.5,156.5
78,5811,193.7,270.5,138.5
78,5813,193.767,274.5,116.5
78,5814,193.8,270.5,100.5
78,5815,193.833,268.5,82.5
79,5823,194.1,284.5,128.5
79,5824,194.133,332.5,136.5
79,5825,194.167,316.5,148.5
79,5826,194.2,390.5,176.5
79,5827,194.233,412.5,202.5
79,5828,194.267,430.5,230.5
79,5829,194.3,448.5,250.5
79,5830,194.333,460.5,236.5
79,5831,194.367,470.5,220.5
79,5832,194.4,484.5,204.5
79,5833,194.433,498.5,190.5
79,5834,194.467,510.5,180.5
79,5835,194.5,526.5,170.5
79,5836,194.533,538.5,166.5
79,5837,194.567,552.5,162.5
79,5838,194.6,568.5,162.5
79,5839,194.633,582.5,166.5
79,5840,194.667,598.5,170.5
79,5841,194.7,612.5,178.5
79,5842,194.733,630.5,192.5
79,5843,194.767,642.5,202.5
79,5844,194.8,658.5,218.5
79,5845,194.833,674.5,240.5
79,5846,194.867,688.5,260.5
79,5847,194.9,694.5,276.5
79,5848,194.933,708.5,308.5
79,5849,194.967,718.5,334.5
79,5850,195.0,736.5,316.5
79,5851,195.033,754.5,304.5
79,5852,195.067,766.5,290.5
79,5853,195.1,780.5,282.5
79,5854,195.133,794.5,272.5
79,5855,195.167,810.5,266.5
79,5856,195.2,826.5,266.5
79,5857,195.233,840.5,266.5
79,5858,195.267,856.5,270.5
79,5859,195.3,872.5,276.5
79,5860,195.333,888.5,288.5
79,5861,195.367,900.5,300.5
79,5862,195.4,910.5,312.5
79,5863,195.433,920.5,328.5
80,5894,196.467,314.5,122.5
80,5895,196.5,320.5,138.5
80,5896,196.533,328.5,152.5
80,5897,196.567,334.5,164.5
80,5898,196.6,338.5,178.5
80,5899,196.633,342.5,192.5
80,5900,196.667,340.5,198.5
81,5913,197.1,1160.5,182.5
81,5914,197.133,1160.5,184.5
81,5915,197.167,1172.5,180.5
81,5916,197.2,1162.5,192.5
81,5917,197.233,1158.5,200.5
81,5918,197.267,1154.5,212.5
82,5948,198.267,1148.5,526.5
82,5952,198.4,1086.5,476.5
82,5955,198.5,1070.5,212.5
82,5959,198.633,1074.5,180.5
82,5963,198.767,1234.5,228.5
83,5993,199.767,876.5,404.5
83,5995,199.833,858.5,420.5
83,5997,199.9,882.5,322.5
83,6000,200.0,764.5,294.5
83,6001,200.033,742.5,284.5
83,6002,200.067,714.5,272.5
83,6003,200.1,688.5,262.5
83,6004,200.133,656.5,256.5
83,6005,200.167,634.5,250.5
83,6006,200.2,614.5,250.5
83,6007,200.233,592.5,252.5
83,6008,200.267,572.5,258.5
83,6009,200.3,550.5,260.5
83,6010,200.333,534.5,268.5
83,6011,200.367,514.5,280.5
83,6012,200.4,502.5,272.5
83,6013,200.433,486.5,256.5
83,6014,200.467,472.5,246.5
83,6015,200.5,460.5,236.5
83,6016,200.533,448.5,228.5
83,6017,200.567,438.5,224.5
83,6020,200.667,452.5,220.5
83,6021,200.7,478.5,224.5
83,6022,200.733,500.5,226.5
83,6023,200.767,526.5,234.5
83,6024,200.8,548.5,244.5
83,6025,200.833,566.5,252.5
83,6026,200.867,594.5,264.5
83,6027,200.9,614.5,280.5
83,6029,200.967,670.5,326.5
83,6030,201.0,700.5,356.5
83,6031,201.033,714.5,390.5
83,6032,201.067,748.5,388.5
83,6034,201.133,804.5,380.5
83,6035,201.167,798.5,360.5
83,6036,201.2,774.5,348.5
83,6037,201.233,710.5,300.5
83,6038,201.267,660.5,268.5
83,6039,201.3,628.5,250.5
83,6040,201.333,592.5,234.5
83,6041,201.367,566.5,224.5
83,6042,201.4,534.5,212.5
83,6043,201.433,508.5,206.5
83,6044,201.467,482.5,200.5
83,6045,201.5,458.5,200.5
83,6046,201.533,438.5,202.5
83,6047,201.567,418.5,204.5
83,6048,201.6,404.5,210.5
83,6049,201.633,388.5,216.5
83,6050,201.667,374.5,226.5
83,6051,201.7,362.5,236.5
83,6052,201.733,350.5,250.5
83,6056,201.867,314.5,256.5
83,6058,201.933,308.5,332.5
83,6059,201.967,302.5,332.5
83,6060,202.0,302.5,316.5
84,6068,202.267,270.5,264.5
84,6069,202.3,268.5,268.5
84,6070,202.333,264.5,268.5
84,6072,202.4,240.5,268.5
84,6076,202.533,246.5,262.5
84,6079,202.633,254.5,256.5
84,6080,202.667,256.5,256.5
84,6082,202.733,260.5,252.5
84,6083,202.767,264.5,252.5
84,6084,202.8,266.5,250.5
84,6085,202.833,272.5,252.5
84,6089,202.967,290.5,262.5
85,6119,203.967,304.5,320.5
85,6120,204.0,316.5,322.5
85,6121,204.033,334.5,264.5
85,6125,204.167,350.5,236.5
85,6126,204.2,352.5,236.5
85,6127,204.233,354.5,238.5
86,6199,206.633,376.5,230.5
86,6200,206.667,370.5,230.5
86,6201,206.7,364.5,232.5
86,6202,206.733,358.5,232.5
86,6203,206.767,352.5,234.5
86,6204,206.8,346.5,236.5
86,6205,206.833,340.5,236.5
86,6206,206.867,334.5,238.5
86,6207,206.9,326.5,240.5
86,6208,206.933,320.5,240.5
86,6209,206.967,316.5,242.5
86,6210,207.0,310.5,244.5
86,6211,207.033,306.5,244.5
86,6212,207.067,302.5,248.5
86,6213,207.1,298.5,248.5
86,6214,207.133,294.5,250.5
86,6215,207.167,292.5,252.5
86,6216,207.2,290.5,254.5
86,6217,207.233,288.5,256.5
87,6226,207.533,272.5,246.5
87,6227,207.567,268.5,232.5
87,6228,207.6,266.5,218.5
87,6229,207.633,264.5,204.5
87,6230,207.667,264.5,194.5
87,6231,207.7,260.5,186.5
87,6232,207.733,262.5,180.5
87,6233,207.767,260.5,176.5
87,6234,207.8,260.5,176.5
87,6235,207.833,260.5,180.5
87,6236,207.867,260.5,186.5
87,6237,207.9,262.5,192.5
87,6238,207.933,262.5,204.5
87,6239,207.967,266.5,216.5
87,6240,208.0,266.5,226.5
87,6241,208.033,290.5,240.5
87,6242,208.067,330.5,262.5
87,6243,208.1,376.5,278.5
87,6244,208.133,412.5,276.5
87,6245,208.167,444.5,268.5
87,6246,208.2,480.5,262.5
87,6247,208.233,516.5,260.5
87,6248,208.267,552.5,262.5
87,6249,208.3,590.5,266.5
87,6250,208.333,630.5,274.5
87,6251,208.367,668.5,282.5
87,6252,208.4,692.5,284.5
87,6253,208.433,744.5,310.5
87,6254,208.467,760.5,356.5
87,6255,208.5,814.5,360.5
87,6256,208.533,844.5,364.5
87,6258,208.6,936.5,336.5
87,6259,208.633,944.5,326.5
87,6260,208.667,916.5,306.5
87,6261,208.7,882.5,288.5
87,6262,208.733,850.5,272.5
87,6263,208.767,820.5,258.5
87,6264,208.8,784.5,244.5
87,6265,208.833,756.5,238.5
87,6266,208.867,728.5,232.5
87,6267,208.9,700.5,230.5
87,6268,208.933,676.5,230.5
87,6269,208.967,644.5,234.5
87,6270,209.0,626.5,238.5
87,6271,209.033,602.5,246.5
87,6272,209.067,584.5,252.5
87,6273,209.1,556.5,264.5
87,6274,209.133,540.5,278.5
87,6275,209.167,526.5,260.5
87,6276,209.2,510.5,244.5
87,6277,209.233,494.5,230.5
87,6278,209.267,482.5,220.5
87,6279,209.3,466.5,212.5
87,6280,209.333,452.5,204.5
87,6281,209.367,434.5,202.5
87,6284,209.467,506.5,208.5
87,6285,209.5,530.5,214.5
87,6286,209.533,564.5,226.5
87,6287,209.567,594.5,238.5
87,6288,209.6,624.5,250.5
87,6289,209.633,650.5,264.5
87,6290,209.667,688.5,284.5
87,6291,209.7,724.5,312.5
87,6292,209.733,744.5,336.5
87,6293,209.767,788.5,370.5
87,6294,209.8,814.5,364.5
87,6297,209.9,928.5,346.5
87,6298,209.933,910.5,336.5
87,6299,209.967,858.5,314.5
87,6300,210.0,822.5,298.5
87,6301,210.033,780.5,276.5
87,6302,210.067,738.5,260.5
87,6303,210.1,700.5,248.5
87,6304,210.133,674.5,242.5
87,6305,210.167,634.5,236.5
87,6306,210.2,600.5,232.5
87,6307,210.233,572.5,232.5
87,6308,210.267,542.5,234.5
87,6309,210.3,518.5,238.5
87,6310,210.333,492.5,244.5
87,6311,210.367,470.5,252.5
87,6312,210.4,446.5,264.5
87,6313,210.433,424.5,276.5
87,6314,210.467,406.5,288.5
87,6315,210.5,388.5,276.5
87,6316,210.533,374.5,260.5
87,6317,210.567,354.5,242.5
87,6318,210.6,334.5,226.5
87,6319,210.633,320.5,218.5
87,6320,210.667,302.5,208.5
87,6321,210.7,290.5,204.5
87,6322,210.733,276.5,200.5
87,6323,210.767,260.5,200.5
87,6324,210.8,252.5,206.5
87,6326,210.867,256.5,350.5
87,6328,210.933,380.5,226.5
87,6329,210.967,426.5,240.5
87,6330,211.0,472.5,250.5
87,6331,211.033,526.5,274.5
87,6332,211.067,576.5,298.5
87,6334,211.133,678.5,360.5
87,6335,211.167,722.5,392.5
87,6336,211.2,764.5,414.5
87,6337,211.233,828.5,376.5
87,6339,211.3,956.5,388.5
87,6340,211.333,962.5,372.5
87,6342,211.4,822.5,280.5
87,6343,211.433,772.5,252.5
87,6344,211.467,728.5,228.5
87,6345,211.5,688.5,210.5
87,6346,211.533,644.5,190.5
87,6347,211.567,614.5,180.5
87,6348,211.6,582.5,170.5
87,6349,211.633,554.5,162.5
87,6350,211.667,530.5,160.5
87,6351,211.7,502.5,158.5
87,6352,211.733,478.5,158.5
87,6353,211.767,456.5,160.5
87,6354,211.8,438.5,164.5
87,6355,211.833,420.5,170.5
87,6356,211.867,406.5,178.5
87,6357,211.9,388.5,188.5
87,6358,211.933,376.5,198.5
87,6359,211.967,382.5,214.5
87,6360,212.0,350.5,222.5
87,6361,212.033,342.5,232.5
87,6362,212.067,330.5,246.5
87,6363,212.1,360.5,244.5
87,6365,212.167,248.5,260.5
87,6366,212.2,246.5,256.5
87,6370,212.333,282.5,74.5
87,6371,212.367,284.5,76.5
87,6374,212.467,292.5,250.5
87,6375,212.5,298.5,252.5
87,6377,212.567,310.5,262.5
87,6378,212.6,316.5,268.5
87,6380,212.667,260.5,246.5
88,6424,214.133,300.5,266.5
88,6428,214.267,302.5,260.5
88,6429,214.3,304.5,258.5
88,6430,214.333,304.5,258.5
88,6431,214.367,306.5,254.5
88,6432,214.4,310.5,252.5
88,6433,214.433,316.5,248.5
88,6434,214.467,320.5,246.5
88,6435,214.5,324.5,244.5
88,6436,214.533,328.5,242.5
88,6437,214.567,334.5,240.5
89,6474,215.8,392.5,226.5
89,6477,215.9,376.5,226.5
89,6478,215.933,370.5,226.5
89,6479,215.967,366.5,226.5
89,6480,216.0,358.5,228.5
89,6481,216.033,354.5,230.5
89,6482,216.067,348.5,232.5
89,6483,216.1,342.5,234.5
89,6484,216.133,338.5,234.5
89,6485,216.167,334.5,238.5
89,6486,216.2,328.5,238.5
89,6487,216.233,324.5,240.5
89,6488,216.267,320.5,240.5
89,6489,216.3,316.5,242.5
89,6490,216.333,310.5,244.5
89,6491,216.367,308.5,246.5
89,6492,216.4,304.5,246.5
89,6493,216.433,302.5,248.5
89,6494,216.467,298.5,248.5
89,6495,216.5,296.5,250.5
89,6496,216.533,292.5,252.5
89,6497,216.567,290.5,254.5
89,6498,216.6,288.5,254.5
90,6519,217.3,272.5,254.5
90,6520,217.333,268.5,240.5
90,6521,217.367,264.5,222.5
90,6522,217.4,260.5,210.5
90,6523,217.433,258.5,200.5
90,6524,217.467,256.5,194.5
90,6525,217.5,254.5,188.5
90,6526,217.533,250.5,184.5
90,6527,217.567,248.5,186.5
90,6528,217.6,248.5,188.5
90,6529,217.633,246.5,194.5
90,6530,217.667,248.5,202.5
90,6531,217.7,246.5,212.5
90,6532,217.733,248.5,222.5
90,6533,217.767,268.5,234.5
90,6534,217.8,316.5,258.5
90,6535,217.833,368.5,282.5
90,6536,217.867,396.5,278.5
90,6537,217.9,438.5,268.5
90,6538,217.933,474.5,262.5
90,6539,217.967,514.5,252.5
90,6540,218.0,548.5,256.5
90,6541,218.033,596.5,258.5
90,6542,218.067,626.5,260.5
90,6543,218.1,658.5,264.5
90,6544,218.133,706.5,276.5
90,6545,218.167,746.5,290.5
90,6546,218.2,774.5,298.5
90,6550,218.333,940.5,336.5
90,6551,218.367,970.5,334.5
90,6552,218.4,998.5,330.5
90,6554,218.467,932.5,284.5
90,6555,218.5,888.5,264.5
90,6556,218.533,850.5,250.5
90,6557,218.567,814.5,240.5
90,6558,218.6,778.5,230.5
90,6559,218.633,744.5,224.5
90,6560,218.667,708.5,220.5
90,6561,218.7,680.5,220.5
90,6562,218.733,644.5,224.5
90,6563,218.767,622.5,226.5
90,6564,218.8,594.5,232.5
90,6565,218.833,570.5,240.5
90,6566,218.867,548.5,250.5
90,6567,218.9,526.5,260.5
90,6568,218.933,506.5,266.5
90,6569,218.967,488.5,246.5
90,6570,219.0,470.5,230.5
90,6571,219.033,456.5,218.5
90,6572,219.067,438.5,204.5
90,6573,219.1,424.5,198.5
90,6575,219.167,438.5,190.5
90,6576,219.2,468.5,188.5
90,6577,219.233,516.5,192.5
90,6578,219.267,546.5,196.5
90,6579,219.3,582.5,204.5
90,6580,219.333,614.5,212.5
90,6581,219.367,644.5,224.5
90,6582,219.4,688.5,244.5
90,6583,219.433,722.5,262.5
90,6584,219.467,758.5,286.5
90,6585,219.5,782.5,300.5
91,6590,219.667,968.5,340.5
91,6591,219.7,994.5,342.5
91,6592,219.733,1020.5,342.5
91,6594,219.8,928.5,274.5
91,6595,219.833,882.5,244.5
91,6596,219.867,848.5,228.5
91,6597,219.9,802.5,206.5
91,6598,219.933,774.5,194.5
91,6599,219.967,742.5,184.5
91,6600,220.0,712.5,178.5
91,6601,220.033,684.5,176.5
91,6602,220.067,656.5,174.5
91,6603,220.1,634.5,178.5
91,6604,220.133,610.5,180.5
91,6605,220.167,590.5,186.5
91,6606,220.2,570.5,194.5
91,6607,220.233,550.5,204.5
91,6608,220.267,532.5,214.5
91,6609,220.3,518.5,226.5
91,6610,220.333,508.5,240.5
91,6611,220.367,492.5,242.5
91,6612,220.4,480.5,220.5
91,6613,220.433,464.5,198.5
91,6614,220.467,454.5,186.5
91,6615,220.5,442.5,172.5
91,6616,220.533,430.5,162.5
91,6617,220.567,386.5,156.5
91,6618,220.6,408.5,150.5
91,6619,220.633,440.5,154.5
91,6620,220.667,466.5,154.5
91,6621,220.7,508.5,164.5
91,6622,220.733,536.5,170.5
91,6623,220.767,566.5,180.5
91,6624,220.8,600.5,196.5
91,6625,220.833,630.5,212.5
91,6626,220.867,656.5,228.5
91,6627,220.9,694.5,258.5
91,6628,220.933,722.5,280.5
91,6629,220.967,754.5,312.5
91,6630,221.0,762.5,358.5
91,6631,221.033,808.5,368.5
92,6636,221.2,976.5,348.5
92,6637,221.233,1008.5,356.5
92,6638,221.267,976.5,328.5
92,6639,221.3,928.5,294.5
92,6640,221.333,880.5,264.5
92,6641,221.367,842.5,244.5
92,6642,221.4,806.5,228.5
92,6643,221.433,770.5,212.5
92,6644,221.467,740.5,204.5
92,6645,221.5,708.5,196.5
92,6646,221.533,682.5,194.5
92,6647,221.567,658.5,194.5
92,6648,221.6,636.5,194.5
92,6649,221.633,614.5,200.5
92,6650,221.667,594.5,206.5
92,6651,221.7,576.5,214.5
92,6652,221.733,560.5,224.5
92,6653,221.767,548.5,234.5
92,6654,221.8,534.5,246.5
92,6655,221.833,520.5,256.5
92,6656,221.867,508.5,232.5
92,6657,221.9,500.5,216.5
92,6658,221.933,488.5,196.5
92,6659,221.967,480.5,182.5
92,6660,222.0,470.5,172.5
92,6661,222.033,462.5,162.5
92,6662,222.067,456.5,156.5
92,6663,222.1,430.5,148.5
92,6664,222.133,454.5,150.5
92,6665,222.167,438.5,162.5
92,6666,222.2,520.5,170.5
92,6667,222.233,546.5,180.5
92,6668,222.267,578.5,196.5
92,6669,222.3,608.5,212.5
92,6670,222.333,640.5,232.5
92,6671,222.367,676.5,258.5
92,6672,222.4,692.5,272.5
92,6673,222.433,730.5,308.5
92,6675,222.5,796.5,384.5
92,6676,222.533,810.5,404.5
92,6677,222.567,836.5,436.5
92,6680,222.667,964.5,390.5
92,6681,222.7,962.5,378.5
92,6682,222.733,942.5,348.5
92,6685,222.833,712.5,270.5
92,6686,222.867,656.5,256.5
92,6687,222.9,618.5,246.5
92,6688,222.933,574.5,242.5
92,6689,222.967,536.5,240.5
92,6690,223.0,502.5,238.5
92,6691,223.033,462.5,244.5
92,6692,223.067,430.5,246.5
92,6693,223.1,406.5,256.5
92,6694,223.133,380.5,264.5
92,6695,223.167,354.5,276.5
92,6696,223.2,330.5,292.5
92,6697,223.233,314.5,300.5
92,6698,223.267,292.5,280.5
92,6700,223.333,198.5,306.5
92,6701,223.367,234.5,224.5
92,6702,223.4,218.5,214.5
92,6703,223.433,196.5,202.5
92,6704,223.467,184.5,196.5
92,6705,223.5,172.5,192.5
92,6706,223.533,160.5,192.5
92,6707,223.567,148.5,192.5
92,6708,223.6,138.5,196.5
92,6709,223.633,130.5,204.5
92,6711,223.7,246.5,278.5
92,6713,223.767,238.5,214.5
92,6714,223.8,278.5,220.5
92,6715,223.833,326.5,232.5
92,6716,223.867,374.5,248.5
92,6717,223.9,418.5,266.5
92,6718,223.933,468.5,284.5
92,6719,223.967,532.5,320.5
92,6723,224.1,746.5,420.5
92,6726,224.2,934.5,412.5
92,6727,224.233,994.5,414.5
92,6728,224.267,1016.5,392.5
92,6729,224.3,952.5,336.5
92,6730,224.333,908.5,304.5
92,6731,224.367,836.5,250.5
92,6732,224.4,784.5,214.5
92,6733,224.433,738.5,186.5
92,6734,224.467,696.5,162.5
92,6735,224.5,672.5,150.5
92,6736,224.533,628.5,132.5
92,6737,224.567,594.5,120.5
92,6738,224.6,566.5,114.5
92,6739,224.633,538.5,110.5
92,6740,224.667,516.5,110.5
92,6741,224.7,494.5,112.5
92,6742,224.733,472.5,116.5
92,6743,224.767,454.5,122.5
92,6744,224.8,440.5,130.5
92,6745,224.833,424.5,138.5
92,6746,224.867,408.5,148.5
92,6747,224.9,396.5,162.5
92,6748,224.933,384.5,172.5
92,6749,224.967,374.5,186.5
92,6750,225.0,362.5,202.5
92,6751,225.033,354.5,216.5
92,6752,225.067,342.5,234.5
93,6923,230.767,880.5,330.5
93,6924,230.8,880.5,332.5
93,6927,230.9,866.5,362.5
93,6928,230.933,866.5,374.5
93,6929,230.967,868.5,386.5
93,6932,231.067,882.5,428.5
94,6937,231.233,474.5,216.5
94,6938,231.267,482.5,230.5
94,6939,231.3,502.5,262.5
94,6940,231.333,514.5,266.5
94,6941,231.367,520.5,250.5
94,6942,231.4,528.5,234.5
94,6943,231.433,538.5,222.5
94,6944,231.467,546.5,210.5
94,6945,231.5,556.5,202.5
94,6946,231.533,566.5,196.5
94,6947,231.567,574.5,192.5
94,6948,231.6,584.5,192.5
94,6949,231.633,594.5,194.5
94,6950,231.667,604.5,200.5
94,6951,231.7,614.5,208.5
94,6952,231.733,624.5,218.5
94,6953,231.767,632.5,230.5
94,6954,231.8,642.5,242.5
94,6955,231.833,650.5,260.5
94,6956,231.867,662.5,284.5
94,6957,231.9,628.5,340.5
94,6958,231.933,664.5,338.5
94,6959,231.967,674.5,340.5
94,6960,232.0,694.5,310.5
94,6961,232.033,708.5,294.5
94,6962,232.067,720.5,282.5
94,6963,232.1,730.5,274.5
94,6964,232.133,742.5,270.5
94,6965,232.167,752.5,266.5
94,6966,232.2,764.5,266.5
94,6967,232.233,774.5,268.5
94,6968,232.267,786.5,274.5
94,6969,232.3,798.5,282.5
94,6970,232.333,806.5,296.5
94,6971,232.367,816.5,306.5
94,6972,232.4,826.5,326.5
94,6973,232.433,836.5,342.5
94,6975,232.5,850.5,392.5
94,6979,232.633,902.5,340.5
94,6980,232.667,918.5,336.5
94,6981,232.7,930.5,336.5
94,6982,232.733,940.5,336.5
94,6983,232.767,952.5,340.5
94,6984,232.8,966.5,350.5
94,6985,232.833,974.5,362.5
94,6986,232.867,984.5,350.5
94,6987,232.9,990.5,336.5
94,6988,232.933,998.5,316.5
94,6989,232.967,1000.5,300.5
94,6990,233.0,1006.5,288.5
94,6991,233.033,1010.5,278.5
94,6992,233.067,1014.5,272.5
94,6993,233.1,1016.5,266.5
94,6994,233.133,1018.5,270.5
94,6995,233.167,1020.5,276.5
94,6996,233.2,1022.5,284.5
94,6997,233.233,1020.5,296.5
94,6998,233.267,1020.5,312.5
94,6999,233.3,1020.5,330.5
94,7000,233.333,1018.5,350.5
95,7023,234.1,1000.5,520.5
95,7024,234.133,998.5,530.5
95,7025,234.167,996.5,536.5
95,7026,234.2,996.5,544.5
95,7030,234.333,980.5,550.5
95,7031,234.367,974.5,548.5
95,7032,234.4,970.5,544.5
95,7033,234.433,962.5,538.5
95,7034,234.467,952.5,530.5
95,7035,234.5,912.5,506.5
95,7037,234.567,920.5,470.5
95,7038,234.6,910.5,444.5
95,7039,234.633,904.5,418.5
95,7040,234.667,898.5,388.5
95,7041,234.7,906.5,376.5
95,7044,234.8,914.5,298.5
95,7045,234.833,918.5,290.5
95,7046,234.867,920.5,278.5
95,7047,234.9,924.5,274.5
95,7048,234.933,926.5,274.5
95,7049,234.967,928.5,278.5
95,7050,235.0,928.5,290.5
95,7051,235.033,928.5,298.5
95,7052,235.067,928.5,314.5
95,7053,235.1,926.5,330.5
95,7055,235.167,920.5,482.5
95,7056,235.2,922.5,412.5
95,7057,235.233,920.5,438.5
95,7058,235.267,888.5,452.5
95,7059,235.3,830.5,442.5
95,7061,235.367,726.5,426.5
95,7062,235.4,702.5,376.5
95,7063,235.433,670.5,338.5
95,7064,235.467,650.5,320.5
95,7065,235.5,610.5,290.5
95,7066,235.533,582.5,272.5
95,7067,235.567,558.5,260.5
95,7068,235.6,536.5,252.5
95,7069,235.633,514.5,246.5
95,7070,235.667,494.5,244.5
95,7071,235.7,476.5,244.5
95,7072,235.733,458.5,248.5
95,7073,235.767,442.5,252.5
95,7074,235.8,428.5,256.5
95,7075,235.833,414.5,240.5
95,7076,235.867,398.5,222.5
95,7077,235.9,388.5,214.5
95,7078,235.933,374.5,200.5
95,7079,235.967,396.5,200.5
95,7080,236.0,442.5,200.5
95,7081,236.033,472.5,202.5
95,7082,236.067,514.5,210.5
95,7083,236.1,544.5,216.5
95,7084,236.133,588.5,228.5
95,7085,236.167,626.5,242.5
95,7086,236.2,676.5,260.5
95,7087,236.233,702.5,276.5
95,7088,236.267,724.5,284.5
96,7093,236.433,932.5,334.5
96,7094,236.467,976.5,340.5
96,7095,236.5,1014.5,348.5
96,7096,236.533,1050.5,354.5
96,7097,236.567,1086.5,366.5
96,7098,236.6,1022.5,326.5
96,7100,236.667,914.5,274.5
96,7101,236.7,864.5,256.5
96,7102,236.733,810.5,240.5
96,7103,236.767,766.5,228.5
96,7104,236.8,728.5,224.5
96,7105,236.833,686.5,218.5
96,7106,236.867,642.5,218.5
96,7107,236.9,616.5,222.5
96,7108,236.933,586.5,226.5
96,7109,236.967,558.5,232.5
96,7110,237.0,532.5,242.5
96,7111,237.033,506.5,250.5
96,7112,237.067,478.5,266.5
96,7113,237.1,460.5,264.5
96,7114,237.133,446.5,244.5
96,7115,237.167,422.5,222.5
96,7116,237.2,408.5,208.5
96,7117,237.233,392.5,196.5
96,7118,237.267,376.5,188.5
96,7119,237.3,366.5,182.5
96,7120,237.333,344.5,180.5
96,7121,237.367,364.5,180.5
96,7122,237.4,408.5,174.5
96,7123,237.433,446.5,174.5
96,7124,237.467,482.5,178.5
96,7125,237.5,520.5,186.5
96,7126,237.533,558.5,196.5
96,7127,237.567,594.5,210.5
96,7128,237.6,634.5,226.5
96,7129,237.633,676.5,246.5
96,7130,237.667,702.5,262.5
96,7131,237.7,740.5,288.5
96,7132,237.733,756.5,354.5
96,7136,237.867,924.5,330.5
96,7137,237.9,954.5,324.5
96,7138,237.933,988.5,324.5
96,7139,237.967,1038.5,324.5
96,7140,238.0,1066.5,328.5
96,7141,238.033,1102.5,336.5
96,7142,238.067,1140.5,348.5
96,7143,238.1,1176.5,362.5
96,7144,238.133,1208.5,380.5
96,7145,238.167,1238.5,396.5
96,7146,238.2,1224.5,388.5
96,7147,238.233,1174.5,358.5
96,7148,238.267,1116.5,324.5
96,7149,238.3,1046.5,288.5
96,7150,238.333,1012.5,272.5
96,7151,238.367,936.5,246.5
96,7152,238.4,884.5,232.5
96,7153,238.433,840.5,226.5
96,7154,238.467,792.5,220.5
96,7155,238.5,748.5,218.5
96,7156,238.533,714.5,222.5
96,7157,238.567,680.5,226.5
96,7158,238.6,642.5,236.5
96,7159,238.633,618.5,244.5
96,7160,238.667,594.5,254.5
96,7161,238.7,564.5,268.5
96,7162,238.733,544.5,284.5
96,7163,238.767,520.5,284.5
96,7164,238.8,500.5,256.5
96,7165,238.833,484.5,242.5
96,7166,238.867,462.5,224.5
96,7167,238.9,440.5,206.5
96,7168,238.933,424.5,196.5
96,7169,238.967,408.5,188.5
96,7170,239.0,390.5,182.5
96,7171,239.033,376.5,178.5
96,7173,239.1,370.5,180.5
96,7174,239.133,398.5,174.5
96,7175,239.167,434.5,174.5
96,7176,239.2,466.5,178.5
96,7177,239.233,498.5,180.5
96,7178,239.267,538.5,192.5
96,7179,239.3,570.5,200.5
96,7180,239.333,606.5,214.5
96,7181,239.367,642.5,230.5
96,7182,239.4,688.5,256.5
96,7183,239.433,718.5,274.5
96,7184,239.467,742.5,288.5
97,7189,239.633,954.5,376.5
97,7190,239.667,982.5,368.5
97,7191,239.7,1018.5,362.5
97,7192,239.733,1052.5,358.5
97,7193,239.767,1094.5,358.5
97,7194,239.8,1070.5,330.5
97,7195,239.833,1012.5,292.5
97,7196,239.867,946.5,258.5
97,7197,239.9,904.5,236.5
97,7198,239.933,854.5,214.5
97,7199,239.967,798.5,196.5
97,7200,240.0,762.5,186.5
97,7201,240.033,728.5,180.5
97,7202,240.067,688.5,176.5
97,7203,240.1,648.5,174.5
97,7204,240.133,618.5,176.5
97,7205,240.167,588.5,180.5
97,7206,240.2,560.5,186.5
97,7207,240.233,536.5,194.5
97,7208,240.267,514.5,204.5
97,7209,240.3,490.5,216.5
97,7210,240.333,476.5,226.5
97,7211,240.367,456.5,242.5
97,7212,240.4,442.5,256.5
97,7213,240.433,424.5,262.5
97,7214,240.467,406.5,238.5
97,7215,240.5,394.5,218.5
97,7216,240.533,378.5,198.5
97,7217,240.567,364.5,184.5
97,7218,240.6,352.5,170.5
97,7219,240.633,342.5,162.5
97,7220,240.667,320.5,154.5
97,7221,240.7,322.5,164.5
97,7223,240.767,428.5,188.5
97,7224,240.8,468.5,206.5
97,7225,240.833,510.5,226.5
97,7226,240.867,550.5,248.5
97,7230,241.0,724.5,348.5
97,7231,241.033,766.5,344.5
97,7232,241.067,798.5,346.5
97,7233,241.1,802.5,420.5
97,7235,241.167,962.5,372.5
97,7236,241.2,990.5,380.5
97,7237,241.233,1042.5,400.5
97,7238,241.267,1090.5,420.5
97,7239,241.3,1138.5,444.5
97,7240,241.333,1150.5,426.5
97,7242,241.4,1010.5,340.5
97,7244,241.467,870.5,250.5
97,7245,241.5,818.5,224.5
97,7246,241.533,768.5,200.5
97,7247,241.567,722.5,182.5
97,7248,241.6,684.5,172.5
97,7249,241.633,642.5,160.5
97,7250,241.667,606.5,154.5
97,7251,241.7,574.5,152.5
97,7252,241.733,542.5,152.5
97,7253,241.767,514.5,154.5
97,7254,241.8,488.5,160.5
97,7255,241.833,460.5,166.5
97,7256,241.867,438.5,174.5
97,7257,241.9,418.5,186.5
97,7258,241.933,398.5,200.5
97,7259,241.967,378.5,212.5
97,7260,242.0,364.5,228.5
97,7261,242.033,348.5,244.5
97,7262,242.067,340.5,260.5
97,7263,242.1,326.5,246.5
97,7264,242.133,310.5,226.5
97,7265,242.167,298.5,206.5
97,7266,242.2,284.5,188.5
97,7267,242.233,272.5,172.5
97,7268,242.267,260.5,162.5
97,7269,242.3,248.5,152.5
97,7270,242.333,240.5,146.5
97,7271,242.367,230.5,140.5
97,7272,242.4,254.5,140.5
97,7273,242.433,318.5,136.5
97,7274,242.467,358.5,138.5
97,7275,242.5,398.5,140.5
97,7276,242.533,446.5,148.5
97,7277,242.567,486.5,156.5
97,7278,242.6,528.5,166.5
97,7279,242.633,570.5,180.5
97,7280,242.667,614.5,196.5
97,7281,242.7,646.5,210.5
97,7282,242.733,702.5,242.5
97,7283,242.767,740.5,262.5
97,7284,242.8,786.5,292.5
97,7285,242.833,810.5,312.5
97,7286,242.867,864.5,316.5
97,7287,242.9,908.5,304.5
97,7288,242.933,934.5,296.5
97,7289,242.967,1000.5,284.5
97,7290,243.0,1032.5,284.5
97,7291,243.033,1072.5,282.5
97,7292,243.067,1108.5,284.5
97,7293,243.1,1160.5,292.5
97,7294,243.133,1188.5,298.5
97,7295,243.167,1222.5,308.5
97,7296,243.2,1268.5,328.5
97,7299,243.3,1214.5,296.5
97,7300,243.333,1154.5,268.5
97,7303,243.433,936.5,196.5
97,7304,243.467,878.5,186.5
97,7305,243.5,826.5,178.5
97,7306,243.533,774.5,174.5
97,7307,243.567,728.5,176.5
97,7308,243.6,682.5,180.5
97,7309,243.633,638.5,188.5
97,7310,243.667,604.5,196.5
97,7311,243.7,568.5,210.5
97,7312,243.733,538.5,224.5
97,7313,243.767,518.5,234.5
97,7314,243.8,488.5,250.5
97,7315,243.833,466.5,248.5
97,7316,243.867,444.5,226.5
97,7317,243.9,420.5,204.5
97,7318,243.933,400.5,186.5
97,7319,243.967,376.5,172.5
97,7320,244.0,358.5,162.5
97,7321,244.033,338.5,152.5
97,7322,244.067,294.5,146.5
97,7323,244.1,312.5,146.5
97,7324,244.133,368.5,134.5
97,7325,244.167,398.5,134.5
97,7326,244.2,436.5,132.5
97,7327,244.233,476.5,134.5
97,7328,244.267,522.5,142.5
97,7329,244.3,556.5,148.5
97,7330,244.333,598.5,162.5
97,7331,244.367,642.5,178.5
97,7332,244.4,686.5,196.5
97,7333,244.433,718.5,212.5
97,7334,244.467,768.5,242.5
97,7335,244.5,806.5,266.5
97,7336,244.533,856.5,306.5
97,7337,244.567,876.5,320.5
97,7339,244.633,968.5,408.5
97,7340,244.667,1010.5,454.5
97,7341,244.7,1040.5,492.5
97,7342,244.733,1094.5,562.5
97,7343,244.767,1112.5,592.5
97,7344,244.8,1146.5,646.5
97,7345,244.833,1178.5,688.5
97,7346,244.867,1212.5,680.5
97,7347,244.9,1250.5,676.5
98,7359,245.3,1198.5,612.5
98,7360,245.333,1176.5,614.5
98,7361,245.367,1148.5,620.5
98,7362,245.4,1126.5,626.5
98,7363,245.433,1096.5,634.5
98,7364,245.467,1078.5,640.5
98,7365,245.5,1072.5,626.5
98,7366,245.533,1070.5,614.5
98,7367,245.567,1064.5,604.5
98,7368,245.6,1062.5,596.5
98,7369,245.633,1056.5,592.5
98,7370,245.667,1050.5,588.5
98,7371,245.7,1042.5,588.5
98,7372,245.733,1034.5,590.5
99,7387,246.233,984.5,616.5
99,7388,246.267,982.5,616.5
99,7389,246.3,978.5,616.5
99,7390,246.333,976.5,616.5
99,7392,246.4,970.5,612.5
99,7393,246.433,966.5,606.5
99,7394,246.467,966.5,600.5
99,7395,246.5,968.5,598.5
99,7396,246.533,974.5,598.5
99,7397,246.567,978.5,598.5
99,7398,246.6,982.5,596.5
99,7399,246.633,986.5,594.5
99,7400,246.667,992.5,598.5
99,7401,246.7,994.5,596.5
99,7402,246.733,996.5,596.5
99,7403,246.767,994.5,600.5
99,7404,246.8,992.5,604.5
99,7405,246.833,982.5,604.5
99,7406,246.867,972.5,608.5
99,7407,246.9,958.5,608.5
99,7410,247.0,854.5,580.5
99,7411,247.033,834.5,570.5
99,7413,247.1,774.5,582.5
99,7416,247.2,682.5,562.5
100,7500,250.0,924.5,466.5
100,7501,250.033,914.5,444.5
100,7502,250.067,908.5,420.5
100,7503,250.1,900.5,388.5
100,7504,250.133,906.5,374.5
100,7505,250.167,900.5,338.5
100,7508,250.267,918.5,292.5
100,7509,250.3,920.5,286.5
100,7510,250.333,926.5,280.5
100,7511,250.367,928.5,278.5
100,7512,250.4,928.5,282.5
100,7513,250.433,930.5,292.5
100,7514,250.467,930.5,304.5
100,7515,250.5,930.5,320.5
100,7516,250.533,928.5,332.5
100,7518,250.6,922.5,468.5
100,7519,250.633,924.5,412.5
100,7520,250.667,920.5,436.5
100,7521,250.7,918.5,470.5
100,7522,250.733,866.5,466.5
100,7523,250.767,794.5,460.5
100,7524,250.8,754.5,404.5
100,7525,250.833,722.5,370.5
100,7526,250.867,686.5,334.5
100,7527,250.9,654.5,306.5
100,7528,250.933,614.5,280.5
100,7529,250.967,590.5,264.5
100,7530,251.0,564.5,256.5
100,7531,251.033,538.5,246.5
100,7532,251.067,518.5,244.5
100,7533,251.1,498.5,242.5
100,7534,251.133,478.5,244.5
100,7535,251.167,462.5,248.5
100,7536,251.2,446.5,254.5
100,7537,251.233,432.5,256.5
100,7538,251.267,418.5,238.5
100,7539,251.3,404.5,220.5
100,7540,251.333,392.5,206.5
100,7541,251.367,380.5,194.5
100,7542,251.4,394.5,190.5
100,7543,251.433,430.5,188.5
100,7544,251.467,462.5,188.5
100,7545,251.5,492.5,190.5
100,7546,251.533,528.5,196.5
100,7547,251.567,554.5,202.5
100,7548,251.6,586.5,212.5
100,7549,251.633,622.5,228.5
100,7550,251.667,642.5,236.5
100,7551,251.7,686.5,260.5
100,7552,251.733,714.5,278.5
100,7553,251.767,742.5,304.5
100,7554,251.8,774.5,324.5
100,7555,251.833,808.5,358.5
100,7556,251.867,828.5,376.5
100,7558,251.933,916.5,332.5
100,7559,251.967,936.5,334.5
100,7560,252.0,974.5,338.5
100,7561,252.033,1000.5,342.5
100,7562,252.067,1026.5,348.5
100,7563,252.1,998.5,330.5
100,7565,252.167,844.5,260.5
100,7566,252.2,792.5,244.5
100,7567,252.233,742.5,230.5
100,7568,252.267,694.5,220.5
100,7569,252.3,644.5,212.5
100,7570,252.333,614.5,212.5
100,7571,252.367,574.5,212.5
100,7572,252.4,540.5,216.5
100,7573,252.433,516.5,220.5
100,7574,252.467,490.5,228.5
100,7575,252.5,464.5,236.5
100,7576,252.533,438.5,250.5
100,7577,252.567,422.5,252.5
100,7578,252.6,402.5,228.5
100,7579,252.633,386.5,212.5
100,7580,252.667,366.5,196.5
100,7581,252.7,346.5,182.5
100,7582,252.733,332.5,170.5
100,7583,252.767,348.5,170.5
100,7584,252.8,384.5,172.5
100,7585,252.833,422.5,178.5
100,7586,252.867,460.5,186.5
100,7587,252.9,498.5,196.5
100,7588,252.933,530.5,210.5
100,7589,252.967,572.5,228.5
100,7590,253.0,604.5,244.5
100,7591,253.033,640.5,266.5
100,7592,253.067,670.5,288.5
100,7593,253.1,716.5,324.5
100,7594,253.133,734.5,340.5
100,7595,253.167,750.5,350.5
100,7596,253.2,820.5,306.5
100,7597,253.233,842.5,306.5
100,7598,253.267,892.5,306.5
100,7599,253.3,924.5,308.5
100,7600,253.333,958.5,318.5
100,7601,253.367,994.5,326.5
100,7602,253.4,1028.5,338.5
100,7603,253.433,1058.5,352.5
100,7605,253.5,1026.5,326.5
100,7606,253.533,1000.5,308.5
100,7607,253.567,920.5,270.5
100,7608,253.6,870.5,248.5
100,7609,253.633,824.5,232.5
100,7610,253.667,786.5,224.5
100,7611,253.7,746.5,216.5
100,7612,253.733,704.5,212.5
100,7613,253.767,678.5,212.5
100,7614,253.8,638.5,214.5
100,7615,253.833,612.5,220.5
100,7616,253.867,584.5,228.5
100,7617,253.9,558.5,238.5
100,7618,253.933,538.5,250.5
100,7619,253.967,518.5,262.5
100,7620,254.0,498.5,254.5
100,7621,254.033,484.5,240.5
100,7622,254.067,464.5,220.5
100,7623,254.1,444.5,202.5
100,7624,254.133,430.5,190.5
100,7625,254.167,414.5,180.5
100,7626,254.2,400.5,176.5
100,7627,254.233,386.5,170.5
100,7628,254.267,400.5,170.5
100,7629,254.3,430.5,176.5
100,7630,254.333,462.5,180.5
100,7631,254.367,490.5,188.5
100,7632,254.4,528.5,204.5
100,7633,254.433,552.5,216.5
100,7634,254.467,582.5,234.5
100,7635,254.5,614.5,256.5
100,7636,254.533,660.5,290.5
100,7637,254.567,690.5,322.5
100,7638,254.6,716.5,346.5
100,7639,254.633,728.5,418.5
100,7640,254.667,788.5,436.5
100,7641,254.7,828.5,418.5
100,7642,254.733,866.5,414.5
100,7643,254.767,912.5,418.5
100,7644,254.8,940.5,420.5
100,7645,254.833,988.5,434.5
100,7646,254.867,1010.5,426.5
100,7647,254.9,988.5,396.5
100,7649,254.967,862.5,284.5
100,7650,255.0,818.5,250.5
100,7651,255.033,782.5,226.5
100,7652,255.067,738.5,200.5
100,7653,255.1,704.5,182.5
100,7654,255.133,678.5,172.5
100,7655,255.167,644.5,162.5
100,7656,255.2,616.5,156.5
100,7657,255.233,592.5,154.5
100,7658,255.267,572.5,156.5
100,7659,255.3,550.5,160.5
100,7660,255.333,530.5,166.5
100,7661,255.367,514.5,174.5
100,7662,255.4,500.5,186.5
100,7663,255.433,488.5,196.5
100,7664,255.467,476.5,210.5
100,7665,255.5,462.5,228.5
100,7666,255.533,454.5,244.5
100,7667,255.567,446.5,260.5
100,7668,255.6,438.5,268.5
100,7669,255.633,426.5,244.5
100,7670,255.667,418.5,220.5
100,7671,255.7,410.5,202.5
100,7672,255.733,402.5,184.5
100,7673,255.767,394.5,170.5
100,7674,255.8,388.5,156.5
100,7675,255.833,382.5,148.5
100,7676,255.867,376.5,140.5
100,7677,255.9,370.5,136.5
100,7678,255.933,364.5,132.5
100,7679,255.967,360.5,134.5
100,7681,256.033,414.5,156.5
100,7682,256.067,452.5,170.5
100,7683,256.1,482.5,184.5
100,7684,256.133,518.5,206.5
100,7685,256.167,548.5,224.5
100,7686,256.2,582.5,246.5
100,7687,256.233,620.5,276.5
100,7689,256.3,676.5,336.5
100,7690,256.333,720.5,318.5
100,7691,256.367,750.5,310.5
100,7692,256.4,794.5,302.5
100,7693,256.433,824.5,304.5
100,7694,256.467,854.5,306.5
100,7695,256.5,898.5,308.5
100,7696,256.533,936.5,318.5
100,7697,256.567,972.5,328.5
100,7698,256.6,1006.5,340.5
100,7699,256.633,1046.5,360.5
100,7700,256.667,1088.5,386.5
100,7701,256.7,1118.5,404.5
100,7702,256.733,1158.5,436.5
100,7703,256.767,1158.5,440.5
100,7705,256.833,1014.5,336.5
100,7706,256.867,938.5,290.5
100,7707,256.9,896.5,266.5
100,7708,256.933,842.5,242.5
100,7709,256.967,796.5,224.5
100,7710,257.0,756.5,212.5
100,7711,257.033,714.5,200.5
100,7712,257.067,684.5,196.5
100,7713,257.1,644.5,194.5
100,7714,257.133,618.5,194.5
100,7715,257.167,588.5,196.5
100,7716,257.2,564.5,202.5
100,7717,257.233,542.5,210.5
100,7718,257.267,522.5,218.5
100,7719,257.3,502.5,228.5
100,7720,257.333,486.5,244.5
100,7721,257.367,466.5,224.5
100,7722,257.4,452.5,202.5
100,7723,257.433,438.5,188.5
100,7724,257.467,422.5,172.5
100,7727,257.567,426.5,150.5
100,7728,257.6,460.5,150.5
100,7729,257.633,494.5,154.5
100,7730,257.667,526.5,162.5
100,7731,257.7,554.5,168.5
100,7732,257.733,592.5,180.5
100,7733,257.767,626.5,196.5
100,7734,257.8,644.5,204.5
100,7735,257.833,688.5,230.5
100,7736,257.867,724.5,256.5
100,7737,257.9,754.5,278.5
100,7738,257.933,772.5,294.5
100,7741,258.033,886.5,324.5
100,7742,258.067,918.5,320.5
100,7743,258.1,948.5,318.5
100,7744,258.133,1000.5,316.5
100,7745,258.167,1026.5,320.5
100,7746,258.2,1052.5,324.5
100,7747,258.233,1092.5,338.5
100,7748,258.267,1134.5,354.5
100,7749,258.3,1164.5,370.5
100,7750,258.333,1198.5,390.5
100,7751,258.367,1236.5,418.5
100,7753,258.433,1210.5,406.5
100,7754,258.467,1138.5,364.5
100,7755,258.5,1070.5,324.5
100,7756,258.533,1014.5,292.5
100,7757,258.567,942.5,260.5
100,7758,258.6,898.5,244.5
100,7759,258.633,846.5,228.5
100,7760,258.667,800.5,218.5
100,7761,258.7,762.5,212.5
100,7762,258.733,730.5,212.5
100,7763,258.767,694.5,212.5
100,7764,258.8,674.5,212.5
100,7765,258.833,640.5,220.5
100,7766,258.867,616.5,226.5
100,7767,258.9,594.5,236.5
100,7768,258.933,572.5,246.5
100,7769,258.967,558.5,232.5
100,7770,259.0,538.5,210.5
100,7771,259.033,524.5,194.5
100,7772,259.067,506.5,178.5
100,7773,259.1,492.5,166.5
100,7774,259.133,478.5,156.5
100,7775,259.167,466.5,154.5
100,7776,259.2,454.5,148.5
100,7777,259.233,466.5,146.5
100,7778,259.267,478.5,146.5
100,7779,259.3,502.5,148.5
100,7780,259.333,520.5,152.5
100,7781,259.367,538.5,158.5
100,7782,259.4,558.5,168.5
100,7783,259.433,580.5,182.5
100,7784,259.467,600.5,196.5
100,7785,259.5,626.5,220.5
100,7786,259.533,646.5,242.5
100,7787,259.567,656.5,256.5
100,7789,259.633,706.5,324.5
100,7790,259.667,724.5,364.5
100,7791,259.7,742.5,356.5
100,7792,259.733,764.5,346.5
100,7793,259.767,784.5,342.5
100,7794,259.8,806.5,340.5
100,7795,259.833,828.5,342.5
100,7796,259.867,852.5,350.5
100,7797,259.9,870.5,358.5
100,7798,259.933,898.5,376.5
100,7799,259.967,924.5,394.5
100,7800,260.0,934.5,404.5
100,7801,260.033,894.5,380.5
100,7802,260.067,878.5,374.5
100,7806,260.2,604.5,218.5
100,7807,260.233,566.5,208.5
100,7808,260.267,528.5,198.5
100,7809,260.3,490.5,192.5
100,7810,260.333,454.5,190.5
100,7811,260.367,424.5,190.5
100,7812,260.4,396.5,194.5
100,7813,260.433,366.5,198.5
100,7814,260.467,346.5,206.5
100,7815,260.5,318.5,218.5
100,7816,260.533,300.5,230.5
100,7817,260.567,282.5,242.5
100,7818,260.6,264.5,258.5
100,7819,260.633,250.5,272.5
100,7820,260.667,240.5,284.5
100,7821,260.7,226.5,304.5
100,7822,260.733,218.5,322.5
100,7824,260.8,202.5,360.5
100,7825,260.833,198.5,378.5
100,7826,260.867,192.5,394.5
100,7827,260.9,184.5,392.5
100,7828,260.933,172.5,376.5
100,7829,260.967,162.5,364.5
100,7830,261.0,150.5,352.5
100,7831,261.033,142.5,344.5
100,7832,261.067,132.5,336.5
100,7833,261.1,124.5,332.5
100,7835,261.167,110.5,328.5
100,7836,261.2,102.5,328.5
100,7837,261.233,96.5,332.5
100,7839,261.3,88.5,342.5
100,7840,261.333,84.5,352.5
100,7841,261.367,78.5,362.5
100,7842,261.4,76.5,372.5
100,7843,261.433,70.5,374.5
100,7844,261.467,64.5,368.5
100,7845,261.5,60.5,362.5
100,7846,261.533,56.5,362.5
100,7848,261.6,54.5,364.5
100,7849,261.633,52.5,370.5
100,7850,261.667,50.5,380.5
100,7851,261.7,50.5,390.5
100,7852,261.733,52.5,398.5
100,7853,261.767,46.5,394.5
100,7854,261.8,40.5,392.5
100,7855,261.833,38.5,392.5
100,7856,261.867,36.5,394.5
100,7860,262.0,116.5,342.5
100,7862,262.067,102.5,346.5
100,7863,262.1,96.5,348.5
100,7866,262.2,272.5,346.5
101,7980,266.0,1056.5,248.5
101,7981,266.033,1056.5,248.5
101,7982,266.067,1056.5,248.5
101,7983,266.1,1058.5,250.5
101,7984,266.133,1060.5,250.5
101,7985,266.167,1060.5,250.5
101,7986,266.2,1064.5,252.5
101,7987,266.233,1064.5,252.5
102,8006,266.867,400.5,218.5
102,8007,266.9,392.5,220.5
102,8008,266.933,388.5,222.5
102,8009,266.967,382.5,224.5
102,8010,267.0,376.5,228.5
102,8011,267.033,366.5,228.5
102,8012,267.067,360.5,228.5
102,8013,267.1,354.5,230.5
102,8014,267.133,346.5,232.5
102,8015,267.167,340.5,232.5
102,8016,267.2,334.5,234.5
102,8017,267.233,328.5,238.5
102,8018,267.267,320.5,238.5
102,8019,267.3,316.5,240.5
102,8020,267.333,310.5,242.5
102,8021,267.367,306.5,242.5
102,8022,267.4,302.5,244.5
102,8023,267.433,298.5,246.5
102,8024,267.467,296.5,248.5
102,8025,267.5,292.5,250.5
102,8026,267.533,290.5,250.5
102,8027,267.567,288.5,252.5
102,8028,267.6,288.5,254.5
103,8035,267.833,280.5,252.5
103,8036,267.867,276.5,240.5
103,8037,267.9,274.5,226.5
103,8038,267.933,272.5,212.5
103,8039,267.967,274.5,214.5
103,8040,268.0,268.5,194.5
103,8041,268.033,266.5,188.5
103,8042,268.067,262.5,186.5
103,8043,268.1,262.5,184.5
103,8044,268.133,264.5,188.5
103,8045,268.167,264.5,194.5
103,8046,268.2,264.5,202.5
103,8047,268.233,262.5,210.5
103,8048,268.267,260.5,226.5
103,8049,268.3,236.5,234.5
103,8050,268.333,254.5,248.5
103,8052,268.4,376.5,278.5
103,8053,268.433,406.5,268.5
103,8054,268.467,438.5,264.5
103,8055,268.5,468.5,262.5
103,8056,268.533,500.5,264.5
103,8057,268.567,532.5,266.5
103,8058,268.6,562.5,268.5
103,8059,268.633,604.5,286.5
103,8060,268.667,634.5,298.5
103,8061,268.7,616.5,358.5
103,8063,268.767,738.5,356.5
103,8064,268.8,762.5,374.5
103,8065,268.833,796.5,360.5
103,8067,268.9,926.5,354.5
103,8068,268.933,912.5,344.5
103,8069,268.967,896.5,336.5
103,8070,269.0,884.5,324.5
103,8071,269.033,836.5,296.5
103,8072,269.067,804.5,276.5
103,8073,269.1,764.5,260.5
103,8074,269.133,736.5,250.5
103,8075,269.167,710.5,244.5
103,8076,269.2,678.5,236.5
103,8077,269.233,644.5,234.5
103,8078,269.267,626.5,236.5
103,8079,269.3,600.5,238.5
103,8080,269.333,578.5,242.5
103,8081,269.367,556.5,250.5
103,8082,269.4,532.5,260.5
103,8083,269.433,512.5,270.5
103,8084,269.467,494.5,284.5
103,8085,269.5,478.5,282.5
103,8086,269.533,462.5,262.5
103,8087,269.567,448.5,246.5
103,8088,269.6,434.5,232.5
103,8089,269.633,422.5,222.5
103,8090,269.667,408.5,214.5
103,8091,269.7,394.5,208.5
103,8093,269.767,426.5,206.5
103,8094,269.8,466.5,210.5
103,8095,269.833,510.5,216.5
103,8096,269.867,556.5,226.5
103,8097,269.9,598.5,238.5
103,8098,269.933,650.5,258.5
103,8099,269.967,690.5,272.5
103,8100,270.0,720.5,284.5
103,8103,270.1,858.5,314.5
103,8104,270.133,898.5,308.5
103,8105,270.167,930.5,306.5
103,8107,270.233,1012.5,308.5
103,8108,270.267,1042.5,310.5
103,8109,270.3,1000.5,268.5
103,8110,270.333,950.5,236.5
103,8111,270.367,914.5,214.5
103,8112,270.4,874.5,194.5
103,8113,270.433,842.5,180.5
103,8114,270.467,792.5,160.5
103,8115,270.5,758.5,150.5
103,8116,270.533,730.5,146.5
103,8117,270.567,694.5,144.5
103,8118,270.6,670.5,144.5
103,8119,270.633,632.5,148.5
103,8120,270.667,606.5,152.5
103,8121,270.7,584.5,160.5
103,8122,270.733,558.5,170.5
103,8123,270.767,534.5,182.5
103,8124,270.8,512.5,198.5
103,8125,270.833,488.5,214.5
103,8126,270.867,476.5,226.5
103,8127,270.9,458.5,242.5
103,8128,270.933,442.5,226.5
103,8129,270.967,422.5,202.5
103,8130,271.0,410.5,188.5
103,8131,271.033,396.5,172.5
103,8132,271.067,382.5,162.5
103,8133,271.1,366.5,152.5
103,8134,271.133,352.5,146.5
103,8135,271.167,342.5,140.5
103,8136,271.2,328.5,138.5
103,8137,271.233,320.5,140.5
103,8139,271.3,398.5,140.5
103,8140,271.333,430.5,142.5
103,8141,271.367,464.5,148.5
103,8142,271.4,502.5,160.5
103,8143,271.433,538.5,172.5
103,8144,271.467,574.5,186.5
103,8145,271.5,622.5,210.5
103,8146,271.533,644.5,220.5
103,8147,271.567,702.5,258.5
103,8148,271.6,736.5,282.5
103,8151,271.7,838.5,378.5
103,8154,271.8,974.5,338.5
103,8155,271.833,1006.5,334.5
103,8156,271.867,1050.5,334.5
103,8157,271.9,1094.5,338.5
103,8158,271.933,1142.5,346.5
103,8159,271.967,1180.5,356.5
103,8160,272.0,1226.5,370.5
103,8161,272.033,1256.5,384.5
103,8163,272.1,1248.5,374.5
103,8166,272.2,1018.5,262.5
103,8169,272.3,768.5,182.5
103,8170,272.333,714.5,174.5
103,8171,272.367,678.5,170.5
103,8172,272.4,630.5,170.5
103,8173,272.433,588.5,172.5
103,8174,272.467,554.5,180.5
103,8175,272.5,528.5,186.5
103,8176,272.533,496.5,198.5
103,8177,272.567,474.5,210.5
103,8178,272.6,452.5,224.5
103,8179,272.633,434.5,236.5
103,8180,272.667,422.5,228.5
103,8181,272.7,398.5,200.5
103,8182,272.733,378.5,174.5
103,8183,272.767,364.5,158.5
103,8185,272.833,346.5,132.5
103,8186,272.867,372.5,132.5
103,8187,272.9,404.5,134.5
103,8188,272.933,434.5,136.5
103,8189,272.967,456.5,142.5
103,8190,273.0,486.5,152.5
103,8191,273.033,522.5,166.5
103,8192,273.067,546.5,180.5
103,8193,273.1,578.5,200.5
103,8194,273.133,612.5,226.5
103,8195,273.167,634.5,244.5
103,8196,273.2,658.5,264.5
103,8197,273.233,700.5,310.5
103,8198,273.267,726.5,340.5
103,8199,273.3,758.5,400.5
103,8200,273.333,790.5,390.5
103,8201,273.367,826.5,376.5
103,8202,273.4,858.5,374.5
103,8205,273.5,968.5,374.5
103,8206,273.533,1006.5,384.5
103,8207,273.567,1040.5,394.5
103,8208,273.6,1088.5,418.5
103,8209,273.633,1124.5,436.5
103,8210,273.667,1162.5,466.5
103,8211,273.7,1196.5,494.5
103,8213,273.767,1188.5,496.5
104,8218,273.933,826.5,258.5
104,8219,273.967,778.5,238.5
104,8220,274.0,736.5,226.5
104,8221,274.033,694.5,214.5
104,8222,274.067,662.5,212.5
104,8223,274.1,624.5,208.5
104,8224,274.133,598.5,210.5
104,8225,274.167,572.5,212.5
104,8226,274.2,546.5,220.5
104,8227,274.233,526.5,228.5
104,8228,274.267,510.5,238.5
104,8229,274.3,490.5,250.5
104,8230,274.333,474.5,264.5
104,8231,274.367,460.5,248.5
104,8232,274.4,450.5,228.5
104,8233,274.433,436.5,206.5
104,8234,274.467,422.5,188.5
104,8235,274.5,410.5,174.5
104,8236,274.533,400.5,162.5
104,8237,274.567,390.5,154.5
104,8238,274.6,380.5,148.5
104,8239,274.633,388.5,146.5
104,8240,274.667,418.5,150.5
104,8241,274.7,456.5,156.5
104,8242,274.733,496.5,164.5
104,8243,274.767,528.5,176.5
104,8244,274.8,566.5,188.5
104,8245,274.833,604.5,204.5
104,8246,274.867,642.5,222.5
104,8247,274.9,686.5,244.5
104,8248,274.933,724.5,268.5
104,8249,274.967,758.5,290.5
104,8253,275.1,944.5,336.5
104,8254,275.133,980.5,334.5
104,8255,275.167,1018.5,332.5
104,8256,275.2,1074.5,334.5
104,8257,275.233,1134.5,340.5
104,8258,275.267,1162.5,346.5
104,8259,275.3,1206.5,356.5
104,8260,275.333,1202.5,328.5
104,8261,275.367,1168.5,292.5
104,8262,275.4,1140.5,266.5
104,8263,275.433,1094.5,224.5
104,8264,275.467,1072.5,212.5
105,8271,275.7,838.5,164.5
105,8272,275.733,804.5,168.5
105,8273,275.767,784.5,180.5
105,8274,275.8,760.5,192.5
105,8275,275.833,736.5,208.5
105,8276,275.867,712.5,226.5
105,8277,275.9,688.5,246.5
105,8278,275.933,678.5,256.5
105,8279,275.967,658.5,286.5
105,8282,276.067,612.5,280.5
105,8283,276.1,598.5,250.5
105,8284,276.133,588.5,232.5
105,8285,276.167,576.5,212.5
105,8286,276.2,562.5,196.5
105,8287,276.233,550.5,182.5
105,8288,276.267,538.5,174.5
105,8289,276.3,528.5,166.5
105,8290,276.333,518.5,162.5
105,8291,276.367,506.5,160.5
105,8292,276.4,496.5,162.5
105,8293,276.433,486.5,168.5
105,8294,276.467,478.5,176.5
105,8295,276.5,470.5,184.5
105,8296,276.533,462.5,194.5
105,8297,276.567,454.5,208.5
105,8298,276.6,448.5,220.5
105,8299,276.633,442.5,238.5
105,8300,276.667,436.5,254.5
105,8301,276.7,428.5,272.5
105,8302,276.733,422.5,258.5
105,8303,276.767,410.5,236.5
105,8304,276.8,402.5,220.5
105,8305,276.833,390.5,204.5
105,8306,276.867,384.5,194.5
105,8307,276.9,374.5,184.5
105,8308,276.933,366.5,178.5
105,8309,276.967,358.5,172.5
105,8310,277.0,350.5,170.5
105,8311,277.033,344.5,172.5
105,8312,277.067,338.5,174.5
105,8313,277.1,330.5,180.5
105,8314,277.133,326.5,188.5
105,8315,277.167,320.5,194.5
106,8361,278.7,790.5,648.5
106,8365,278.833,870.5,570.5
106,8366,278.867,846.5,580.5
106,8367,278.9,794.5,592.5
106,8370,279.0,664.5,438.5
106,8373,279.1,636.5,624.5
106,8377,279.233,684.5,660.5
106,8378,279.267,616.5,616.5
107,8393,279.767,636.5,614.5
107,8394,279.8,658.5,606.5
107,8395,279.833,714.5,652.5
107,8396,279.867,734.5,644.5
107,8398,279.933,750.5,620.5
