track,frame,t_s,x_px,y_px
0,33,1.1,470.5,136.5
0,35,1.167,430.5,218.5
0,36,1.2,424.5,214.5
0,38,1.267,416.5,202.5
0,39,1.3,410.5,194.5
0,41,1.367,400.5,182.5
0,43,1.433,392.5,170.5
0,44,1.467,392.5,162.5
1,119,3.967,376.5,152.5
1,120,4.0,376.5,152.5
1,121,4.033,376.5,152.5
1,122,4.067,376.5,152.5
1,123,4.1,376.5,150.5
1,124,4.133,376.5,148.5
2,186,6.2,840.5,310.5
2,188,6.267,934.5,400.5
2,189,6.3,934.5,398.5
2,190,6.333,934.5,396.5
2,193,6.433,936.5,398.5
2,195,6.5,944.5,406.5
2,196,6.533,950.5,410.5
2,197,6.567,950.5,410.5
2,198,6.6,950.5,412.5
2,199,6.633,956.5,416.5
2,200,6.667,958.5,416.5
3,221,7.367,936.5,424.5
3,223,7.433,1018.5,402.5
3,224,7.467,1012.5,398.5
3,225,7.5,1008.5,394.5
3,226,7.533,1002.5,392.5
3,227,7.567,996.5,386.5
3,228,7.6,992.5,384.5
3,229,7.633,912.5,410.5
3,230,7.667,978.5,378.5
4,262,8.733,830.5,296.5
4,263,8.767,830.5,282.5
4,264,8.8,802.5,342.5
4,266,8.867,838.5,250.5
4,267,8.9,838.5,248.5
4,268,8.933,840.5,248.5
4,269,8.967,842.5,250.5
4,270,9.0,844.5,256.5
4,271,9.033,844.5,266.5
4,272,9.067,842.5,278.5
4,273,9.1,842.5,294.5
4,274,9.133,842.5,308.5
4,276,9.2,838.5,344.5
4,277,9.233,840.5,346.5
4,278,9.267,846.5,350.5
4,282,9.4,856.5,366.5
4,285,9.5,864.5,380.5
5,456,15.2,702.5,442.5
5,459,15.3,832.5,306.5
5,460,15.333,836.5,308.5
5,461,15.367,838.5,314.5
5,462,15.4,840.5,324.5
5,465,15.5,836.5,366.5
5,468,15.6,844.5,422.5
5,469,15.633,838.5,392.5
5,472,15.733,876.5,362.5
5,473,15.767,884.5,358.5
5,474,15.8,890.5,354.5
5,475,15.833,898.5,354.5
5,476,15.867,900.5,356.5
6,509,16.967,868.5,368.5
6,511,17.033,856.5,354.5
6,513,17.1,846.5,334.5
6,515,17.167,840.5,324.5
6,516,17.2,830.5,320.5
7,538,17.933,862.5,256.5
7,539,17.967,862.5,266.5
7,540,18.0,864.5,276.5
7,541,18.033,866.5,292.5
7,542,18.067,864.5,308.5
7,543,18.1,866.5,318.5
8,585,19.5,872.5,366.5
8,587,19.567,872.5,366.5
8,588,19.6,872.5,366.5
8,589,19.633,872.5,366.5
8,590,19.667,872.5,366.5
8,591,19.7,872.5,366.5
8,592,19.733,872.5,364.5
8,593,19.767,872.5,366.5
8,594,19.8,872.5,366.5
8,595,19.833,870.5,366.5
8,596,19.867,870.5,366.5
8,597,19.9,870.5,366.5
8,598,19.933,870.5,366.5
8,599,19.967,870.5,366.5
8,600,20.0,870.5,366.5
8,601,20.033,870.5,366.5
8,602,20.067,870.5,366.5
8,603,20.1,870.5,366.5
8,604,20.133,870.5,366.5
8,606,20.2,870.5,366.5
8,608,20.267,870.5,366.5
8,609,20.3,870.5,366.5
8,610,20.333,870.5,366.5
8,611,20.367,870.5,366.5
8,612,20.4,868.5,366.5
8,613,20.433,868.5,366.5
9,619,20.633,872.5,364.5
9,620,20.667,872.5,364.5
9,621,20.7,872.5,362.5
9,622,20.733,872.5,364.5
9,623,20.767,872.5,364.5
9,624,20.8,872.5,364.5
9,625,20.833,872.5,362.5
9,626,20.867,872.5,366.5
9,627,20.9,872.5,366.5
9,628,20.933,872.5,366.5
9,629,20.967,874.5,366.5
9,630,21.0,872.5,366.5
9,631,21.033,874.5,366.5
9,634,21.133,812.5,310.5
9,637,21.233,814.5,352.5
10,649,21.633,828.5,324.5
10,650,21.667,822.5,316.5
10,652,21.733,822.5,314.5
10,656,21.867,834.5,298.5
10,657,21.9,842.5,262.5
10,658,21.933,804.5,334.5
10,659,21.967,806.5,340.5
10,661,22.033,858.5,176.5
10,662,22.067,862.5,162.5
10,663,22.1,866.5,152.5
10,664,22.133,870.5,144.5
10,665,22.167,874.5,140.5
10,666,22.2,878.5,144.5
10,667,22.233,880.5,150.5
10,668,22.267,880.5,160.5
10,669,22.3,880.5,170.5
10,670,22.333,882.5,184.5
10,671,22.367,882.5,200.5
10,673,22.433,882.5,244.5
10,674,22.467,882.5,264.5
10,676,22.533,876.5,316.5
11,818,27.267,998.5,406.5
11,819,27.3,990.5,404.5
11,820,27.333,984.5,398.5
11,821,27.367,1064.5,364.5
11,822,27.4,1058.5,362.5
11,823,27.433,1048.5,360.5
11,824,27.467,1040.5,358.5
11,825,27.5,1030.5,356.5
11,827,27.567,1012.5,354.5
11,829,27.633,994.5,350.5
12,845,28.167,844.5,378.5
12,846,28.2,846.5,378.5
12,847,28.233,838.5,422.5
12,848,28.267,840.5,424.5
12,849,28.3,846.5,408.5
12,850,28.333,852.5,394.5
12,851,28.367,858.5,384.5
12,852,28.4,862.5,374.5
12,853,28.433,866.5,370.5
12,854,28.467,872.5,368.5
12,855,28.5,876.5,368.5
12,856,28.533,880.5,374.5
12,857,28.567,880.5,382.5
12,858,28.6,882.5,388.5
12,859,28.633,886.5,384.5
12,861,28.7,794.5,404.5
13,866,28.867,868.5,364.5
13,867,28.9,860.5,362.5
13,868,28.933,858.5,360.5
13,869,28.967,854.5,356.5
13,870,29.0,848.5,352.5
13,871,29.033,846.5,344.5
13,872,29.067,846.5,346.5
14,877,29.233,824.5,326.5
14,878,29.267,802.5,298.5
14,881,29.367,858.5,274.5
14,882,29.4,862.5,266.5
14,883,29.433,864.5,256.5
14,884,29.467,868.5,252.5
14,885,29.5,870.5,258.5
14,886,29.533,872.5,264.5
14,887,29.567,870.5,274.5
14,888,29.6,870.5,282.5
14,889,29.633,870.5,298.5
14,890,29.667,870.5,314.5
14,893,29.767,870.5,372.5
15,986,32.867,808.5,358.5
15,987,32.9,802.5,366.5
15,988,32.933,798.5,374.5
15,989,32.967,786.5,434.5
15,990,33.0,790.5,446.5
16,1023,34.1,796.5,424.5
16,1025,34.167,782.5,420.5
16,1027,34.233,774.5,412.5
16,1028,34.267,766.5,410.5
16,1030,34.333,758.5,406.5
16,1031,34.367,752.5,406.5
17,1078,35.933,824.5,208.5
17,1079,35.967,820.5,194.5
17,1080,36.0,816.5,184.5
17,1081,36.033,810.5,174.5
17,1082,36.067,806.5,168.5
17,1083,36.1,800.5,170.5
17,1084,36.133,792.5,170.5
17,1085,36.167,790.5,178.5
17,1086,36.2,784.5,186.5
17,1087,36.233,778.5,200.5
17,1088,36.267,772.5,216.5
17,1089,36.3,766.5,232.5
17,1090,36.333,760.5,252.5
17,1091,36.367,752.5,278.5
17,1092,36.4,746.5,296.5
17,1093,36.433,740.5,330.5
17,1094,36.467,734.5,358.5
17,1095,36.5,726.5,390.5
17,1096,36.533,712.5,434.5
17,1097,36.567,694.5,446.5
17,1098,36.6,728.5,370.5
17,1099,36.633,732.5,350.5
17,1100,36.667,736.5,328.5
17,1101,36.7,744.5,310.5
17,1102,36.733,748.5,296.5
17,1103,36.767,752.5,286.5
17,1104,36.8,756.5,278.5
17,1105,36.833,760.5,272.5
17,1106,36.867,766.5,270.5
17,1107,36.9,770.5,274.5
17,1108,36.933,774.5,280.5
17,1109,36.967,776.5,288.5
17,1110,37.0,782.5,296.5
17,1111,37.033,784.5,312.5
17,1112,37.067,786.5,328.5
17,1113,37.1,788.5,350.5
17,1114,37.133,786.5,372.5
17,1115,37.167,788.5,392.5
18,1209,40.3,952.5,274.5
18,1212,40.4,888.5,302.5
18,1213,40.433,836.5,308.5
18,1215,40.5,730.5,324.5
18,1218,40.6,624.5,274.5
18,1220,40.667,542.5,250.5
18,1221,40.7,518.5,248.5
18,1222,40.733,486.5,244.5
18,1223,40.767,462.5,242.5
18,1225,40.833,414.5,248.5
18,1228,40.933,358.5,242.5
18,1229,40.967,340.5,230.5
18,1230,41.0,326.5,222.5
18,1232,41.067,358.5,206.5
18,1233,41.1,386.5,202.5
18,1234,41.133,414.5,200.5
18,1235,41.167,448.5,198.5
18,1236,41.2,478.5,202.5
18,1237,41.233,524.5,210.5
18,1238,41.267,554.5,214.5
18,1239,41.3,596.5,226.5
18,1240,41.333,630.5,238.5
18,1241,41.367,680.5,256.5
18,1242,41.4,704.5,268.5
18,1243,41.433,742.5,288.5
18,1244,41.467,780.5,312.5
18,1245,41.5,790.5,386.5
19,1255,41.833,676.5,250.5
19,1256,41.867,630.5,242.5
19,1257,41.9,592.5,240.5
19,1258,41.933,554.5,238.5
19,1259,41.967,528.5,236.5
19,1260,42.0,484.5,242.5
19,1261,42.033,464.5,246.5
19,1262,42.067,430.5,254.5
19,1263,42.1,402.5,264.5
19,1264,42.133,378.5,276.5
19,1265,42.167,352.5,290.5
19,1266,42.2,334.5,296.5
19,1267,42.233,304.5,270.5
19,1269,42.3,266.5,242.5
19,1270,42.333,246.5,234.5
19,1271,42.367,230.5,226.5
19,1272,42.4,208.5,218.5
19,1273,42.433,192.5,214.5
19,1274,42.467,178.5,216.5
19,1276,42.533,182.5,194.5
19,1279,42.633,360.5,348.5
19,1281,42.7,412.5,248.5
19,1282,42.733,454.5,262.5
19,1284,42.8,566.5,310.5
19,1286,42.867,650.5,368.5
19,1287,42.9,698.5,356.5
19,1288,42.933,764.5,342.5
19,1289,42.967,798.5,342.5
19,1290,43.0,810.5,418.5
19,1292,43.067,976.5,358.5
19,1293,43.1,1012.5,368.5
19,1294,43.133,992.5,346.5
19,1295,43.167,932.5,310.5
19,1296,43.2,876.5,278.5
19,1298,43.267,780.5,240.5
19,1299,43.3,730.5,222.5
19,1301,43.367,638.5,196.5
19,1302,43.4,602.5,190.5
19,1303,43.433,566.5,188.5
19,1305,43.5,494.5,188.5
19,1306,43.533,466.5,192.5
19,1307,43.567,434.5,198.5
19,1308,43.6,410.5,206.5
19,1309,43.633,384.5,216.5
19,1310,43.667,360.5,230.5
19,1311,43.7,334.5,244.5
19,1312,43.733,322.5,254.5
19,1313,43.767,298.5,276.5
19,1315,43.833,264.5,260.5
19,1316,43.867,252.5,242.5
19,1318,43.933,220.5,202.5
19,1319,43.967,206.5,192.5
19,1320,44.0,196.5,184.5
19,1321,44.033,188.5,174.5
19,1322,44.067,176.5,168.5
19,1323,44.1,168.5,166.5
19,1324,44.133,160.5,170.5
20,1329,44.3,378.5,162.5
20,1330,44.333,424.5,172.5
20,1332,44.4,538.5,204.5
20,1333,44.433,580.5,218.5
20,1334,44.467,638.5,244.5
20,1335,44.5,690.5,270.5
20,1336,44.533,738.5,298.5
20,1337,44.567,786.5,328.5
20,1338,44.6,842.5,370.5
20,1340,44.667,970.5,338.5
20,1341,44.7,1014.5,332.5
20,1342,44.733,1060.5,324.5
20,1344,44.8,1018.5,280.5
20,1345,44.833,940.5,250.5
20,1346,44.867,886.5,236.5
20,1347,44.9,838.5,224.5
20,1349,44.967,726.5,204.5
20,1350,45.0,686.5,200.5
20,1351,45.033,634.5,196.5
21,1356,45.2,434.5,218.5
21,1357,45.233,402.5,228.5
21,1358,45.267,364.5,244.5
21,1359,45.3,342.5,254.5
21,1362,45.4,252.5,310.5
21,1366,45.533,170.5,384.5
21,1368,45.6,136.5,422.5
21,1369,45.633,122.5,410.5
21,1370,45.667,108.5,396.5
21,1371,45.7,94.5,384.5
21,1372,45.733,80.5,372.5
21,1373,45.767,68.5,364.5
21,1374,45.8,56.5,360.5
21,1375,45.833,64.5,276.5
21,1377,45.9,58.5,314.5
21,1379,45.967,80.5,390.5
21,1382,46.067,342.5,330.5
21,1383,46.1,334.5,330.5
21,1387,46.233,98.5,156.5
21,1388,46.267,104.5,154.5
21,1390,46.333,100.5,144.5
22,1407,46.9,142.5,342.5
22,1408,46.933,142.5,362.5
22,1409,46.967,140.5,350.5
22,1410,47.0,138.5,342.5
22,1411,47.033,138.5,334.5
22,1412,47.067,138.5,330.5
23,1419,47.3,140.5,332.5
23,1420,47.333,140.5,340.5
23,1421,47.367,142.5,350.5
23,1422,47.4,146.5,358.5
23,1424,47.467,144.5,362.5
23,1428,47.6,138.5,362.5
23,1429,47.633,136.5,364.5
23,1430,47.667,136.5,370.5
24,1440,48.0,326.5,328.5
24,1442,48.067,328.5,328.5
24,1445,48.167,118.5,390.5
24,1448,48.267,326.5,328.5
24,1449,48.3,328.5,328.5
24,1451,48.367,328.5,330.5
24,1453,48.433,328.5,328.5
24,1454,48.467,326.5,328.5
24,1455,48.5,326.5,328.5
24,1456,48.533,326.5,328.5
25,1462,48.733,248.5,284.5
25,1463,48.767,246.5,280.5
25,1464,48.8,242.5,282.5
25,1465,48.833,240.5,282.5
25,1466,48.867,170.5,324.5
26,1531,51.033,420.5,126.5
26,1532,51.067,430.5,146.5
26,1533,51.1,446.5,158.5
26,1534,51.133,474.5,178.5
26,1535,51.167,496.5,208.5
26,1536,51.2,506.5,220.5
26,1537,51.233,528.5,258.5
26,1539,51.3,550.5,234.5
26,1540,51.333,560.5,220.5
26,1541,51.367,572.5,206.5
26,1542,51.4,584.5,194.5
26,1543,51.433,596.5,186.5
26,1544,51.467,608.5,180.5
26,1545,51.5,622.5,178.5
26,1546,51.533,634.5,176.5
26,1547,51.567,646.5,178.5
26,1548,51.6,658.5,184.5
26,1549,51.633,672.5,194.5
26,1550,51.667,682.5,202.5
26,1551,51.7,694.5,214.5
26,1552,51.733,706.5,228.5
26,1553,51.767,716.5,244.5
26,1554,51.8,726.5,262.5
26,1555,51.833,736.5,282.5
26,1556,51.867,746.5,308.5
26,1557,51.9,754.5,322.5
26,1558,51.933,774.5,296.5
26,1559,51.967,780.5,290.5
26,1560,52.0,796.5,274.5
26,1561,52.033,806.5,266.5
26,1562,52.067,820.5,258.5
26,1563,52.1,830.5,254.5
26,1564,52.133,844.5,252.5
26,1565,52.167,856.5,254.5
26,1566,52.2,868.5,258.5
26,1567,52.233,878.5,262.5
26,1568,52.267,888.5,270.5
26,1569,52.3,896.5,280.5
26,1570,52.333,912.5,300.5
26,1571,52.367,918.5,274.5
26,1572,52.4,920.5,260.5
26,1573,52.433,926.5,238.5
26,1574,52.467,930.5,216.5
26,1575,52.5,936.5,202.5
26,1576,52.533,940.5,194.5
26,1577,52.567,944.5,182.5
26,1578,52.6,948.5,178.5
26,1579,52.633,952.5,174.5
26,1580,52.667,956.5,174.5
26,1581,52.7,958.5,180.5
26,1582,52.733,958.5,188.5
26,1583,52.767,958.5,198.5
26,1584,52.8,958.5,214.5
26,1585,52.833,956.5,230.5
26,1586,52.867,954.5,246.5
26,1589,52.967,944.5,326.5
26,1591,53.033,970.5,302.5
26,1592,53.067,978.5,296.5
26,1594,53.133,986.5,292.5
26,1595,53.167,988.5,296.5
26,1596,53.2,990.5,304.5
27,1603,53.433,982.5,410.5
27,1604,53.467,982.5,418.5
27,1605,53.5,986.5,426.5
27,1606,53.533,988.5,432.5
27,1609,53.633,982.5,442.5
27,1613,53.767,982.5,388.5
28,2065,68.833,868.5,320.5
28,2069,68.967,974.5,466.5
28,2071,69.033,972.5,474.5
28,2073,69.1,970.5,480.5
28,2074,69.133,972.5,486.5
28,2077,69.233,970.5,500.5
28,2080,69.333,958.5,500.5
28,2081,69.367,952.5,498.5
28,2082,69.4,944.5,490.5
28,2085,69.5,882.5,426.5
28,2087,69.567,890.5,386.5
28,2088,69.6,888.5,354.5
28,2089,69.633,886.5,322.5
28,2092,69.733,904.5,268.5
28,2093,69.767,908.5,256.5
28,2094,69.8,912.5,246.5
28,2095,69.833,916.5,240.5
28,2096,69.867,920.5,238.5
28,2097,69.9,920.5,246.5
28,2098,69.933,922.5,252.5
28,2099,69.967,924.5,264.5
28,2100,70.0,926.5,276.5
28,2101,70.033,926.5,296.5
28,2103,70.1,922.5,330.5
28,2105,70.167,918.5,402.5
28,2107,70.233,862.5,420.5
28,2108,70.267,808.5,410.5
28,2109,70.3,774.5,404.5
28,2110,70.333,728.5,384.5
28,2111,70.367,696.5,346.5
28,2112,70.4,626.5,370.5
28,2114,70.467,622.5,276.5
28,2115,70.5,592.5,252.5
28,2116,70.533,574.5,246.5
28,2117,70.567,556.5,240.5
28,2118,70.6,536.5,234.5
28,2119,70.633,520.5,234.5
28,2120,70.667,504.5,234.5
28,2121,70.7,486.5,238.5
28,2122,70.733,474.5,244.5
28,2123,70.767,460.5,230.5
28,2124,70.8,446.5,214.5
28,2125,70.833,436.5,202.5
28,2127,70.9,450.5,188.5
28,2128,70.933,494.5,186.5
28,2129,70.967,532.5,184.5
28,2130,71.0,562.5,186.5
28,2131,71.033,600.5,188.5
28,2132,71.067,636.5,194.5
28,2133,71.1,678.5,202.5
28,2134,71.133,712.5,212.5
28,2135,71.167,750.5,226.5
28,2136,71.2,788.5,242.5
28,2137,71.233,828.5,262.5
28,2138,71.267,856.5,274.5
28,2139,71.3,906.5,306.5
28,2140,71.333,940.5,330.5
28,2141,71.367,984.5,364.5
28,2142,71.4,1016.5,388.5
28,2143,71.433,1054.5,426.5
28,2145,71.5,1138.5,516.5
28,2148,71.6,1240.5,650.5
28,2149,71.633,1260.5,684.5
29,2163,72.1,1148.5,600.5
29,2164,72.133,1134.5,602.5
29,2165,72.167,1106.5,610.5
29,2166,72.2,1094.5,606.5
29,2167,72.233,1090.5,594.5
29,2168,72.267,1086.5,586.5
29,2169,72.3,1080.5,578.5
29,2170,72.333,1076.5,574.5
29,2171,72.367,1066.5,570.5
29,2172,72.4,1058.5,572.5
29,2173,72.433,1052.5,576.5
29,2174,72.467,1044.5,580.5
29,2175,72.5,1038.5,586.5
29,2176,72.533,1034.5,582.5
29,2177,72.567,1032.5,576.5
29,2178,72.6,1028.5,574.5
29,2181,72.7,1104.5,340.5
29,2182,72.733,1094.5,348.5
29,2183,72.767,1086.5,354.5
29,2184,72.8,1076.5,362.5
29,2185,72.833,1068.5,370.5
29,2186,72.867,1060.5,378.5
29,2187,72.9,1104.5,362.5
30,2194,73.133,990.5,572.5
30,2195,73.167,990.5,566.5
30,2196,73.2,992.5,558.5
30,2197,73.233,996.5,542.5
30,2198,73.267,998.5,522.5
30,2199,73.3,998.5,504.5
31,2206,73.533,896.5,418.5
31,2208,73.6,876.5,294.5
31,2210,73.667,830.5,242.5
31,2211,73.7,794.5,210.5
31,2212,73.733,772.5,196.5
31,2213,73.767,746.5,180.5
31,2214,73.8,720.5,168.5
31,2215,73.833,694.5,160.5
31,2217,73.9,642.5,154.5
31,2219,73.967,602.5,156.5
31,2220,74.0,578.5,162.5
31,2221,74.033,558.5,172.5
31,2222,74.067,540.5,184.5
31,2223,74.1,526.5,194.5
31,2224,74.133,506.5,212.5
31,2225,74.167,492.5,226.5
31,2226,74.2,474.5,248.5
31,2227,74.233,462.5,264.5
31,2228,74.267,448.5,284.5
31,2229,74.3,438.5,290.5
31,2230,74.333,422.5,262.5
31,2231,74.367,410.5,242.5
31,2232,74.4,400.5,224.5
31,2233,74.433,390.5,210.5
31,2234,74.467,380.5,198.5
31,2235,74.5,368.5,186.5
31,2236,74.533,358.5,180.5
31,2237,74.567,348.5,176.5
31,2238,74.6,338.5,174.5
31,2240,74.667,322.5,178.5
31,2241,74.7,314.5,184.5
31,2242,74.733,306.5,192.5
31,2243,74.767,302.5,202.5
31,2244,74.8,296.5,214.5
31,2245,74.833,290.5,228.5
31,2246,74.867,286.5,244.5
31,2247,74.9,282.5,260.5
31,2248,74.933,278.5,274.5
31,2249,74.967,272.5,356.5
31,2253,75.1,218.5,228.5
31,2255,75.167,198.5,228.5
31,2256,75.2,188.5,228.5
31,2259,75.3,158.5,222.5
31,2261,75.367,130.5,152.5
31,2262,75.4,116.5,122.5
31,2263,75.433,108.5,102.5
31,2264,75.467,98.5,84.5
31,2265,75.5,86.5,66.5
31,2266,75.533,78.5,54.5
31,2267,75.567,70.5,42.5
31,2268,75.6,62.5,32.5
31,2269,75.633,56.5,26.5
31,2270,75.667,48.5,24.5
31,2271,75.7,42.5,22.5
31,2272,75.733,38.5,24.5
31,2273,75.767,32.5,26.5
31,2274,75.8,30.5,34.5
31,2275,75.833,28.5,42.5
31,2276,75.867,26.5,52.5
31,2277,75.9,22.5,64.5
31,2278,75.933,22.5,80.5
31,2279,75.967,22.5,92.5
31,2283,76.1,54.5,88.5
31,2284,76.133,64.5,88.5
31,2285,76.167,76.5,90.5
31,2286,76.2,86.5,96.5
31,2287,76.233,98.5,102.5
31,2288,76.267,110.5,112.5
31,2289,76.3,126.5,122.5
31,2290,76.333,136.5,134.5
31,2293,76.433,184.5,368.5
31,2296,76.533,242.5,338.5
32,2348,78.267,280.5,274.5
32,2349,78.3,280.5,266.5
32,2350,78.333,276.5,258.5
32,2351,78.367,272.5,244.5
32,2352,78.4,278.5,216.5
32,2354,78.467,258.5,202.5
32,2355,78.5,254.5,194.5
32,2356,78.533,252.5,186.5
32,2357,78.567,248.5,184.5
32,2358,78.6,248.5,184.5
32,2359,78.633,244.5,182.5
32,2360,78.667,244.5,188.5
32,2361,78.7,242.5,192.5
32,2362,78.733,242.5,200.5
32,2363,78.767,244.5,212.5
32,2364,78.8,244.5,226.5
32,2368,78.933,388.5,282.5
32,2369,78.967,420.5,270.5
32,2370,79.0,456.5,264.5
32,2371,79.033,490.5,258.5
32,2372,79.067,526.5,254.5
32,2374,79.133,610.5,258.5
32,2375,79.167,640.5,264.5
32,2376,79.2,678.5,274.5
32,2378,79.267,738.5,302.5
32,2379,79.3,762.5,318.5
32,2380,79.333,796.5,328.5
32,2381,79.367,844.5,310.5
32,2382,79.4,860.5,310.5
32,2383,79.433,906.5,302.5
32,2384,79.467,930.5,298.5
32,2386,79.533,1002.5,302.5
32,2387,79.567,1020.5,308.5
32,2388,79.6,1058.5,320.5
32,2389,79.633,1082.5,330.5
32,2390,79.667,1098.5,338.5
32,2391,79.7,1134.5,360.5
32,2392,79.733,1146.5,370.5
32,2393,79.767,1170.5,394.5
32,2394,79.8,1188.5,412.5
32,2395,79.833,1144.5,358.5
32,2396,79.867,1116.5,328.5
32,2397,79.9,1066.5,278.5
33,2403,80.1,826.5,132.5
33,2404,80.133,800.5,120.5
33,2405,80.167,764.5,112.5
33,2406,80.2,726.5,108.5
33,2407,80.233,692.5,104.5
33,2409,80.3,630.5,106.5
33,2410,80.333,594.5,114.5
33,2411,80.367,568.5,122.5
33,2412,80.4,530.5,136.5
33,2413,80.433,508.5,146.5
33,2414,80.467,482.5,162.5
33,2415,80.5,460.5,178.5
33,2416,80.533,436.5,194.5
33,2417,80.567,416.5,214.5
33,2418,80.6,390.5,242.5
33,2419,80.633,374.5,262.5
33,2420,80.667,354.5,282.5
33,2421,80.7,332.5,258.5
33,2422,80.733,320.5,242.5
33,2423,80.767,300.5,222.5
33,2424,80.8,284.5,202.5
33,2425,80.833,270.5,190.5
33,2426,80.867,250.5,170.5
33,2427,80.9,234.5,164.5
33,2428,80.933,220.5,160.5
33,2429,80.967,206.5,154.5
33,2430,81.0,194.5,154.5
33,2431,81.033,180.5,158.5
33,2432,81.067,164.5,162.5
33,2436,81.2,404.5,202.5
33,2437,81.233,490.5,228.5
33,2439,81.3,626.5,276.5
33,2442,81.4,834.5,310.5
33,2443,81.433,850.5,308.5
33,2444,81.467,926.5,290.5
33,2445,81.5,1000.5,274.5
33,2446,81.533,1062.5,268.5
33,2447,81.567,1112.5,264.5
33,2448,81.6,1182.5,264.5
33,2449,81.633,1224.5,266.5
33,2450,81.667,1272.5,272.5
33,2452,81.733,1256.5,218.5
33,2453,81.767,1212.5,182.5
33,2454,81.8,1180.5,160.5
33,2455,81.833,1128.5,130.5
33,2459,81.967,920.5,38.5
33,2460,82.0,880.5,34.5
33,2462,82.067,800.5,30.5
33,2463,82.1,758.5,32.5
33,2464,82.133,720.5,38.5
33,2465,82.167,684.5,46.5
33,2466,82.2,646.5,58.5
33,2467,82.233,622.5,68.5
33,2468,82.267,590.5,84.5
33,2469,82.3,560.5,102.5
33,2470,82.333,530.5,122.5
33,2471,82.367,506.5,142.5
33,2472,82.4,478.5,166.5
33,2473,82.433,458.5,186.5
33,2474,82.467,434.5,212.5
33,2475,82.5,412.5,242.5
33,2476,82.533,394.5,268.5
33,2478,82.6,252.5,330.5
34,2483,82.767,284.5,146.5
34,2484,82.8,272.5,134.5
34,2485,82.833,258.5,126.5
34,2486,82.867,246.5,120.5
34,2487,82.9,236.5,118.5
34,2488,82.933,224.5,118.5
34,2489,82.967,214.5,120.5
34,2490,83.0,204.5,124.5
34,2491,83.033,196.5,132.5
34,2492,83.067,188.5,140.5
34,2493,83.1,178.5,152.5
34,2494,83.133,174.5,166.5
34,2496,83.2,304.5,188.5
34,2497,83.233,392.5,204.5
34,2499,83.3,354.5,152.5
34,2501,83.367,384.5,150.5
35,2521,84.033,648.5,94.5
35,2522,84.067,622.5,96.5
35,2523,84.1,590.5,102.5
35,2524,84.133,564.5,108.5
35,2525,84.167,536.5,118.5
35,2526,84.2,516.5,126.5
35,2527,84.233,494.5,138.5
35,2528,84.267,474.5,150.5
35,2529,84.3,454.5,164.5
35,2530,84.333,438.5,178.5
35,2531,84.367,422.5,194.5
35,2532,84.4,408.5,206.5
35,2533,84.433,390.5,224.5
35,2535,84.5,296.5,320.5
36,2545,84.833,306.5,234.5
36,2546,84.867,312.5,230.5
36,2548,84.933,324.5,230.5
36,2549,84.967,328.5,232.5
36,2551,85.033,338.5,242.5
36,2552,85.067,346.5,252.5
37,2674,89.133,342.5,230.5
37,2675,89.167,334.5,232.5
37,2676,89.2,328.5,232.5
37,2677,89.233,318.5,234.5
37,2679,89.3,312.5,240.5
37,2680,89.333,304.5,242.5
37,2681,89.367,302.5,246.5
37,2683,89.433,298.5,252.5
37,2684,89.467,296.5,258.5
37,2686,89.533,294.5,264.5
37,2687,89.567,292.5,266.5
37,2688,89.6,288.5,258.5
37,2689,89.633,284.5,248.5
37,2693,89.767,256.5,174.5
37,2694,89.8,252.5,164.5
37,2696,89.867,322.5,236.5
37,2699,89.967,234.5,138.5
37,2700,90.0,232.5,138.5
37,2701,90.033,232.5,142.5
37,2702,90.067,230.5,150.5
37,2703,90.1,232.5,158.5
37,2704,90.133,230.5,170.5
37,2705,90.167,228.5,184.5
38,2711,90.367,368.5,284.5
38,2712,90.4,418.5,278.5
38,2713,90.433,450.5,274.5
38,2714,90.467,492.5,274.5
38,2717,90.567,616.5,290.5
38,2718,90.6,618.5,342.5
38,2720,90.667,732.5,336.5
38,2721,90.7,778.5,354.5
38,2722,90.733,804.5,358.5
38,2723,90.767,834.5,370.5
38,2725,90.833,942.5,336.5
38,2727,90.9,972.5,328.5
38,2728,90.933,934.5,296.5
38,2729,90.967,896.5,266.5
38,2730,91.0,866.5,250.5
38,2731,91.033,828.5,228.5
38,2732,91.067,794.5,212.5
38,2733,91.1,770.5,204.5
38,2734,91.133,734.5,194.5
38,2735,91.167,704.5,188.5
38,2736,91.2,680.5,188.5
38,2737,91.233,644.5,188.5
38,2738,91.267,620.5,192.5
38,2739,91.3,596.5,196.5
38,2740,91.333,570.5,206.5
38,2741,91.367,546.5,216.5
38,2742,91.4,526.5,228.5
38,2743,91.433,506.5,246.5
38,2744,91.467,486.5,260.5
38,2745,91.5,468.5,276.5
38,2746,91.533,450.5,282.5
38,2747,91.567,436.5,260.5
38,2748,91.6,420.5,244.5
38,2749,91.633,406.5,226.5
38,2750,91.667,392.5,212.5
38,2751,91.7,374.5,202.5
38,2753,91.767,348.5,190.5
38,2754,91.8,334.5,186.5
38,2755,91.833,322.5,184.5
38,2758,91.933,300.5,334.5
38,2760,92.0,368.5,186.5
38,2761,92.033,400.5,190.5
38,2762,92.067,420.5,188.5
38,2763,92.1,460.5,194.5
38,2764,92.133,500.5,208.5
38,2765,92.167,526.5,216.5
38,2766,92.2,554.5,228.5
38,2767,92.233,588.5,246.5
38,2768,92.267,628.5,274.5
38,2769,92.3,636.5,282.5
38,2771,92.367,702.5,334.5
38,2772,92.4,740.5,312.5
38,2773,92.433,772.5,298.5
38,2774,92.467,790.5,296.5
38,2776,92.533,796.5,372.5
38,2778,92.6,918.5,290.5
38,2779,92.633,936.5,292.5
38,2781,92.7,1002.5,314.5
38,2784,92.8,940.5,294.5
38,2785,92.833,898.5,282.5
38,2786,92.867,852.5,268.5
38,2787,92.9,810.5,260.5
38,2788,92.933,762.5,250.5
38,2789,92.967,722.5,246.5
38,2790,93.0,686.5,246.5
38,2791,93.033,642.5,246.5
38,2792,93.067,620.5,252.5
38,2793,93.1,594.5,254.5
38,2794,93.133,554.5,266.5
38,2795,93.167,538.5,268.5
38,2796,93.2,516.5,248.5
38,2797,93.233,490.5,226.5
38,2798,93.267,478.5,218.5
38,2799,93.3,456.5,202.5
38,2800,93.333,438.5,194.5
38,2801,93.367,422.5,190.5
38,2802,93.4,406.5,186.5
38,2803,93.433,416.5,190.5
38,2804,93.467,450.5,194.5
38,2805,93.5,472.5,202.5
38,2806,93.533,502.5,214.5
38,2807,93.567,528.5,226.5
38,2808,93.6,556.5,242.5
38,2809,93.633,574.5,254.5
38,2810,93.667,598.5,278.5
38,2811,93.7,616.5,282.5
38,2812,93.733,630.5,282.5
38,2814,93.8,634.5,330.5
38,2815,93.833,660.5,324.5
38,2816,93.867,678.5,334.5
38,2817,93.9,690.5,332.5
38,2818,93.933,706.5,324.5
38,2819,93.967,718.5,322.5
38,2820,94.0,730.5,322.5
38,2821,94.033,744.5,328.5
38,2822,94.067,758.5,332.5
38,2823,94.1,770.5,342.5
38,2824,94.133,782.5,354.5
38,2825,94.167,794.5,368.5
38,2829,94.3,762.5,390.5
38,2831,94.367,746.5,264.5
38,2832,94.4,730.5,252.5
38,2833,94.433,714.5,238.5
38,2834,94.467,698.5,230.5
38,2835,94.5,682.5,224.5
38,2836,94.533,668.5,220.5
38,2837,94.567,648.5,220.5
38,2838,94.6,634.5,224.5
38,2839,94.633,618.5,230.5
38,2840,94.667,604.5,238.5
38,2841,94.7,592.5,248.5
38,2842,94.733,574.5,262.5
38,2843,94.767,564.5,278.5
38,2844,94.8,550.5,296.5
38,2845,94.833,536.5,318.5
38,2846,94.867,524.5,334.5
38,2847,94.9,510.5,360.5
38,2848,94.933,504.5,344.5
38,2849,94.967,506.5,328.5
38,2850,95.0,514.5,310.5
38,2851,95.033,518.5,298.5
38,2852,95.067,526.5,288.5
38,2853,95.1,530.5,280.5
38,2854,95.133,538.5,278.5
38,2855,95.167,544.5,278.5
38,2856,95.2,550.5,280.5
38,2857,95.233,556.5,282.5
38,2858,95.267,562.5,290.5
38,2859,95.3,568.5,302.5
38,2860,95.333,576.5,312.5
38,2861,95.367,582.5,328.5
38,2862,95.4,586.5,346.5
38,2863,95.433,594.5,372.5
38,2864,95.467,598.5,362.5
38,2865,95.5,604.5,346.5
38,2866,95.533,608.5,336.5
38,2867,95.567,610.5,326.5
38,2868,95.6,614.5,318.5
38,2869,95.633,620.5,314.5
38,2870,95.667,624.5,312.5
38,2871,95.7,630.5,314.5
38,2872,95.733,634.5,320.5
38,2873,95.767,638.5,326.5
38,2874,95.8,642.5,336.5
38,2875,95.833,646.5,350.5
38,2876,95.867,650.5,362.5
38,2877,95.9,650.5,382.5
38,2878,95.933,656.5,394.5
38,2879,95.967,662.5,378.5
38,2880,96.0,668.5,366.5
38,2881,96.033,672.5,358.5
38,2882,96.067,678.5,352.5
38,2883,96.1,682.5,346.5
38,2884,96.133,688.5,346.5
38,2885,96.167,692.5,350.5
38,2886,96.2,696.5,358.5
38,2887,96.233,700.5,366.5
38,2888,96.267,704.5,374.5
38,2889,96.3,710.5,390.5
38,2890,96.333,710.5,406.5
38,2891,96.367,712.5,418.5
38,2892,96.4,720.5,402.5
38,2893,96.433,728.5,394.5
38,2894,96.467,730.5,386.5
38,2895,96.5,736.5,380.5
38,2896,96.533,742.5,378.5
38,2897,96.567,734.5,382.5
38,2899,96.633,742.5,348.5
39,3008,100.267,338.5,338.5
39,3011,100.367,358.5,356.5
39,3012,100.4,356.5,354.5
39,3013,100.433,358.5,358.5
39,3014,100.467,356.5,356.5
39,3016,100.533,354.5,352.5
39,3018,100.6,356.5,350.5
39,3019,100.633,354.5,348.5
40,3026,100.867,886.5,408.5
40,3027,100.9,886.5,384.5
40,3028,100.933,884.5,350.5
40,3032,101.067,898.5,282.5
40,3033,101.1,902.5,270.5
40,3034,101.133,904.5,266.5
40,3035,101.167,910.5,262.5
40,3036,101.2,910.5,266.5
40,3037,101.233,910.5,272.5
40,3038,101.267,910.5,282.5
40,3039,101.3,910.5,298.5
40,3040,101.333,908.5,314.5
40,3041,101.367,910.5,330.5
40,3042,101.4,904.5,358.5
40,3043,101.433,902.5,382.5
40,3045,101.5,912.5,522.5
40,3047,101.567,794.5,422.5
40,3048,101.6,756.5,422.5
40,3049,101.633,712.5,382.5
40,3050,101.667,684.5,350.5
40,3051,101.7,662.5,326.5
40,3053,101.767,614.5,282.5
40,3055,101.833,568.5,256.5
40,3056,101.867,548.5,248.5
40,3057,101.9,530.5,244.5
40,3058,101.933,514.5,244.5
40,3059,101.967,498.5,246.5
40,3060,102.0,484.5,250.5
40,3061,102.033,470.5,256.5
40,3062,102.067,454.5,250.5
40,3064,102.133,434.5,220.5
40,3065,102.167,422.5,210.5
40,3066,102.2,414.5,202.5
40,3067,102.233,402.5,194.5
40,3068,102.267,412.5,190.5
40,3069,102.3,452.5,186.5
40,3070,102.333,486.5,188.5
40,3071,102.367,528.5,190.5
40,3072,102.4,562.5,194.5
40,3073,102.433,600.5,202.5
40,3074,102.467,638.5,210.5
40,3075,102.5,686.5,226.5
40,3076,102.533,718.5,238.5
40,3077,102.567,754.5,254.5
40,3078,102.6,796.5,274.5
40,3079,102.633,844.5,304.5
40,3080,102.667,864.5,314.5
40,3082,102.733,952.5,382.5
40,3083,102.767,980.5,406.5
41,3095,103.167,344.5,164.5
41,3096,103.2,344.5,160.5
41,3098,103.267,336.5,146.5
41,3099,103.3,332.5,138.5
41,3100,103.333,326.5,128.5
41,3103,103.433,312.5,102.5
42,3243,108.1,1180.5,326.5
42,3246,108.2,1158.5,330.5
42,3247,108.233,1150.5,332.5
42,3250,108.333,1240.5,380.5
42,3251,108.367,1228.5,382.5
42,3252,108.4,1220.5,382.5
43,3258,108.6,1184.5,390.5
43,3259,108.633,1174.5,396.5
43,3263,108.767,1164.5,142.5
43,3267,108.9,1090.5,462.5
43,3268,108.933,1076.5,468.5
43,3269,108.967,1062.5,476.5
43,3270,109.0,1046.5,480.5
43,3271,109.033,1026.5,482.5
43,3272,109.067,1004.5,484.5
43,3273,109.1,984.5,482.5
43,3274,109.133,960.5,482.5
44,3399,113.3,948.5,258.5
44,3401,113.367,938.5,280.5
44,3402,113.4,934.5,290.5
44,3404,113.467,840.5,312.5
44,3405,113.5,808.5,300.5
44,3406,113.533,768.5,282.5
44,3407,113.567,730.5,266.5
44,3408,113.6,696.5,256.5
44,3409,113.633,650.5,242.5
44,3410,113.667,632.5,242.5
44,3412,113.733,572.5,238.5
44,3413,113.767,550.5,240.5
44,3415,113.833,504.5,250.5
44,3417,113.9,470.5,224.5
44,3418,113.933,452.5,210.5
44,3419,113.967,438.5,202.5
44,3420,114.0,424.5,196.5
44,3421,114.033,436.5,190.5
44,3422,114.067,454.5,184.5
44,3423,114.1,476.5,178.5
44,3424,114.133,496.5,178.5
44,3425,114.167,520.5,178.5
44,3426,114.2,538.5,180.5
44,3427,114.233,562.5,186.5
44,3428,114.267,584.5,194.5
44,3429,114.3,606.5,204.5
44,3430,114.333,630.5,218.5
44,3431,114.367,646.5,228.5
44,3432,114.4,678.5,254.5
44,3433,114.433,700.5,272.5
44,3435,114.5,750.5,328.5
44,3436,114.533,778.5,356.5
44,3437,114.567,796.5,392.5
44,3438,114.6,828.5,408.5
44,3439,114.633,860.5,394.5
44,3440,114.667,880.5,388.5
44,3443,114.767,798.5,300.5
44,3444,114.8,770.5,286.5
44,3445,114.833,734.5,264.5
44,3446,114.867,702.5,250.5
44,3447,114.9,676.5,240.5
44,3448,114.933,642.5,230.5
44,3449,114.967,620.5,226.5
44,3450,115.0,594.5,226.5
44,3451,115.033,574.5,226.5
44,3452,115.067,554.5,232.5
44,3453,115.1,538.5,236.5
44,3454,115.133,520.5,246.5
44,3455,115.167,506.5,254.5
44,3456,115.2,492.5,264.5
44,3457,115.233,480.5,266.5
44,3458,115.267,466.5,242.5
44,3459,115.3,456.5,224.5
44,3460,115.333,448.5,210.5
44,3461,115.367,438.5,196.5
44,3462,115.4,428.5,186.5
44,3463,115.433,420.5,180.5
44,3465,115.5,432.5,172.5
44,3466,115.533,468.5,170.5
44,3467,115.567,494.5,170.5
44,3468,115.6,526.5,176.5
44,3469,115.633,554.5,180.5
44,3470,115.667,580.5,188.5
44,3471,115.7,606.5,198.5
44,3472,115.733,638.5,212.5
44,3473,115.767,674.5,232.5
44,3475,115.833,718.5,262.5
44,3476,115.867,746.5,286.5
44,3478,115.933,800.5,326.5
44,3479,115.967,836.5,306.5
44,3480,116.0,856.5,302.5
44,3481,116.033,884.5,290.5
44,3482,116.067,920.5,288.5
44,3483,116.1,938.5,286.5
44,3485,116.167,1002.5,296.5
44,3486,116.2,1024.5,302.5
44,3487,116.233,1052.5,312.5
44,3488,116.267,1076.5,326.5
44,3489,116.3,1094.5,338.5
44,3491,116.367,1088.5,334.5
44,3492,116.4,1030.5,298.5
44,3493,116.433,1000.5,276.5
44,3495,116.5,870.5,210.5
44,3496,116.533,800.5,184.5
44,3497,116.567,762.5,174.5
44,3498,116.6,720.5,164.5
44,3499,116.633,680.5,160.5
44,3500,116.667,634.5,158.5
44,3501,116.7,596.5,158.5
44,3502,116.733,558.5,162.5
44,3503,116.767,530.5,168.5
44,3504,116.8,492.5,180.5
44,3505,116.833,466.5,190.5
44,3506,116.867,440.5,202.5
44,3507,116.9,416.5,216.5
44,3508,116.933,390.5,238.5
44,3509,116.967,372.5,260.5
44,3510,117.0,350.5,264.5
44,3511,117.033,326.5,234.5
44,3512,117.067,310.5,218.5
44,3513,117.1,282.5,192.5
44,3514,117.133,270.5,182.5
44,3515,117.167,248.5,168.5
44,3516,117.2,230.5,156.5
44,3517,117.233,214.5,154.5
44,3518,117.267,200.5,148.5
44,3519,117.3,184.5,146.5
44,3520,117.333,168.5,148.5
44,3521,117.367,158.5,148.5
44,3522,117.4,154.5,156.5
44,3523,117.433,152.5,162.5
44,3524,117.467,152.5,170.5
44,3525,117.5,150.5,182.5
44,3526,117.533,150.5,194.5
44,3527,117.567,152.5,210.5
44,3528,117.6,150.5,226.5
44,3529,117.633,152.5,246.5
44,3530,117.667,156.5,264.5
44,3531,117.7,154.5,286.5
44,3532,117.733,156.5,310.5
44,3533,117.767,162.5,330.5
44,3534,117.8,164.5,354.5
44,3535,117.833,168.5,374.5
44,3536,117.867,166.5,378.5
44,3537,117.9,158.5,364.5
44,3538,117.933,152.5,354.5
44,3539,117.967,146.5,344.5
44,3540,118.0,142.5,338.5
44,3541,118.033,136.5,332.5
44,3542,118.067,134.5,328.5
44,3543,118.1,130.5,326.5
44,3544,118.133,126.5,326.5
44,3545,118.167,122.5,330.5
44,3546,118.2,120.5,336.5
44,3547,118.233,118.5,340.5
44,3548,118.267,116.5,348.5
44,3549,118.3,114.5,358.5
44,3550,118.333,116.5,370.5
44,3551,118.367,116.5,382.5
44,3552,118.4,114.5,392.5
44,3553,118.433,110.5,388.5
44,3554,118.467,104.5,382.5
44,3555,118.5,102.5,378.5
44,3556,118.533,96.5,376.5
44,3557,118.567,94.5,378.5
44,3558,118.6,88.5,380.5
44,3559,118.633,88.5,386.5
44,3560,118.667,86.5,392.5
44,3561,118.7,86.5,400.5
44,3562,118.733,80.5,398.5
44,3563,118.767,78.5,394.5
44,3564,118.8,74.5,394.5
44,3565,118.833,72.5,398.5
44,3566,118.867,70.5,402.5
44,3567,118.9,68.5,404.5
44,3568,118.933,64.5,402.5
44,3569,118.967,64.5,408.5
44,3570,119.0,58.5,406.5
44,3571,119.033,58.5,408.5
44,3572,119.067,56.5,408.5
44,3573,119.1,54.5,410.5
44,3574,119.133,50.5,408.5
44,3575,119.167,48.5,410.5
45,3612,120.4,78.5,284.5
45,3613,120.433,72.5,290.5
45,3614,120.467,66.5,296.5
45,3615,120.5,64.5,302.5
45,3616,120.533,56.5,308.5
46,3720,124.0,316.5,240.5
46,3721,124.033,320.5,242.5
46,3724,124.133,252.5,178.5
46,3725,124.167,252.5,184.5
46,3726,124.2,250.5,192.5
46,3728,124.267,248.5,220.5
46,3732,124.4,390.5,364.5
46,3734,124.467,444.5,262.5
46,3735,124.5,474.5,258.5
46,3736,124.533,514.5,252.5
46,3737,124.567,542.5,256.5
46,3740,124.667,646.5,274.5
46,3742,124.733,728.5,308.5
46,3743,124.767,724.5,372.5
46,3744,124.8,786.5,344.5
46,3745,124.833,828.5,372.5
46,3746,124.867,846.5,386.5
46,3749,124.967,928.5,328.5
46,3750,125.0,904.5,310.5
46,3752,125.067,828.5,268.5
46,3753,125.1,798.5,256.5
46,3754,125.133,768.5,246.5
46,3755,125.167,738.5,240.5
46,3756,125.2,712.5,234.5
46,3757,125.233,684.5,232.5
46,3758,125.267,650.5,234.5
46,3759,125.3,634.5,236.5
46,3760,125.333,608.5,242.5
46,3761,125.367,590.5,246.5
46,3763,125.433,548.5,268.5
46,3764,125.467,528.5,280.5
46,3765,125.5,512.5,288.5
46,3766,125.533,496.5,268.5
46,3767,125.567,484.5,250.5
46,3768,125.6,468.5,236.5
46,3769,125.633,456.5,226.5
46,3770,125.667,444.5,216.5
46,3771,125.7,432.5,210.5
46,3772,125.733,422.5,206.5
46,3773,125.767,410.5,204.5
46,3775,125.833,460.5,208.5
46,3776,125.867,510.5,216.5
46,3777,125.9,552.5,226.5
46,3778,125.933,584.5,234.5
46,3779,125.967,622.5,246.5
46,3780,126.0,656.5,260.5
46,3781,126.033,694.5,276.5
46,3783,126.1,778.5,314.5
46,3784,126.133,814.5,306.5
46,3785,126.167,842.5,302.5
46,3786,126.2,880.5,294.5
46,3787,126.233,922.5,294.5
46,3788,126.267,940.5,294.5
46,3789,126.3,1000.5,300.5
46,3790,126.333,1014.5,306.5
46,3791,126.367,1042.5,316.5
46,3792,126.4,1014.5,306.5
46,3793,126.433,942.5,282.5
46,3794,126.467,918.5,282.5
46,3795,126.5,868.5,274.5
46,3796,126.533,822.5,272.5
46,3798,126.6,734.5,274.5
46,3799,126.633,702.5,276.5
46,3802,126.733,598.5,310.5
46,3803,126.767,586.5,310.5
46,3805,126.833,598.5,320.5
46,3806,126.867,608.5,322.5
46,3807,126.9,614.5,328.5
46,3808,126.933,620.5,334.5
46,3809,126.967,626.5,338.5
46,3810,127.0,632.5,342.5
46,3811,127.033,636.5,346.5
46,3812,127.067,640.5,352.5
46,3813,127.1,646.5,354.5
46,3814,127.133,652.5,360.5
46,3815,127.167,656.5,364.5
46,3816,127.2,660.5,368.5
46,3817,127.233,664.5,374.5
46,3818,127.267,666.5,378.5
46,3819,127.3,670.5,382.5
46,3820,127.333,672.5,386.5
46,3821,127.367,674.5,390.5
46,3822,127.4,678.5,394.5
46,3823,127.433,680.5,400.5
46,3824,127.467,682.5,402.5
46,3825,127.5,686.5,408.5
46,3826,127.533,688.5,410.5
46,3827,127.567,692.5,416.5
46,3828,127.6,694.5,420.5
46,3829,127.633,698.5,426.5
46,3830,127.667,700.5,428.5
46,3831,127.7,704.5,434.5
46,3832,127.733,706.5,438.5
46,3833,127.767,710.5,442.5
46,3834,127.8,714.5,446.5
46,3835,127.833,718.5,454.5
46,3836,127.867,718.5,456.5
47,3848,128.267,928.5,444.5
47,3851,128.367,814.5,484.5
47,3854,128.467,778.5,282.5
47,3855,128.5,748.5,254.5
47,3856,128.533,722.5,232.5
47,3857,128.567,700.5,216.5
47,3858,128.6,678.5,204.5
47,3859,128.633,650.5,192.5
47,3860,128.667,634.5,188.5
47,3861,128.7,612.5,186.5
47,3862,128.733,592.5,186.5
47,3864,128.8,556.5,196.5
47,3865,128.833,538.5,206.5
47,3866,128.867,524.5,218.5
47,3867,128.9,510.5,228.5
47,3868,128.933,494.5,246.5
47,3869,128.967,480.5,262.5
47,3870,129.0,468.5,278.5
47,3871,129.033,456.5,296.5
47,3872,129.067,446.5,302.5
47,3873,129.1,436.5,278.5
47,3874,129.133,424.5,254.5
47,3875,129.167,416.5,242.5
47,3876,129.2,408.5,224.5
47,3877,129.233,400.5,210.5
47,3878,129.267,392.5,202.5
47,3879,129.3,384.5,196.5
47,3880,129.333,376.5,190.5
47,3881,129.367,370.5,190.5
47,3882,129.4,364.5,190.5
47,3883,129.433,358.5,194.5
47,3884,129.467,352.5,200.5
47,3885,129.5,346.5,208.5
47,3886,129.533,342.5,218.5
47,3887,129.567,338.5,230.5
47,3888,129.6,336.5,244.5
47,3889,129.633,332.5,262.5
47,3890,129.667,328.5,270.5
47,3891,129.7,322.5,254.5
47,3892,129.733,318.5,236.5
47,3893,129.767,310.5,222.5
47,3894,129.8,304.5,212.5
47,3895,129.833,298.5,204.5
47,3896,129.867,292.5,200.5
47,3900,130.0,278.5,198.5
48,3913,130.433,238.5,300.5
48,3915,130.5,204.5,362.5
48,3919,130.633,254.5,352.5
48,3920,130.667,272.5,346.5
48,3923,130.767,312.5,340.5
48,3925,130.833,336.5,332.5
48,3926,130.867,344.5,330.5
48,3929,130.967,276.5,274.5
48,3930,131.0,276.5,270.5
48,3931,131.033,272.5,262.5
48,3932,131.067,272.5,250.5
48,3933,131.1,268.5,236.5
48,3935,131.167,260.5,204.5
48,3936,131.2,256.5,198.5
48,3937,131.233,290.5,244.5
48,3941,131.367,250.5,182.5
48,3942,131.4,252.5,186.5
48,3943,131.433,252.5,192.5
48,3944,131.467,252.5,200.5
48,3945,131.5,252.5,212.5
48,3947,131.567,256.5,234.5
48,3951,131.7,414.5,276.5
48,3952,131.733,448.5,270.5
48,3953,131.767,494.5,264.5
48,3954,131.8,524.5,262.5
48,3957,131.9,632.5,276.5
48,3958,131.933,656.5,274.5
48,3961,132.033,734.5,322.5
48,3962,132.067,768.5,322.5
48,3963,132.1,808.5,306.5
48,3964,132.133,826.5,306.5
48,3965,132.167,858.5,300.5
48,3966,132.2,880.5,300.5
48,3967,132.233,910.5,300.5
48,3968,132.267,930.5,302.5
48,3969,132.3,982.5,328.5
48,3971,132.367,922.5,274.5
48,3972,132.4,900.5,262.5
48,3973,132.433,862.5,240.5
48,3974,132.467,834.5,226.5
48,3975,132.5,800.5,212.5
48,3976,132.533,780.5,208.5
48,3977,132.567,752.5,200.5
48,3978,132.6,720.5,196.5
48,3979,132.633,698.5,196.5
48,3980,132.667,676.5,196.5
48,3981,132.7,642.5,202.5
48,3982,132.733,624.5,208.5
48,3983,132.767,602.5,216.5
48,3984,132.8,582.5,226.5
48,3985,132.833,560.5,238.5
48,3986,132.867,546.5,250.5
48,3987,132.9,524.5,264.5
48,3988,132.933,510.5,248.5
48,3989,132.967,494.5,230.5
48,3990,133.0,482.5,220.5
48,3991,133.033,470.5,208.5
48,3992,133.067,456.5,198.5
48,3993,133.1,444.5,190.5
48,3994,133.133,432.5,186.5
48,3995,133.167,420.5,186.5
48,3996,133.2,408.5,186.5
48,3997,133.233,398.5,188.5
48,3998,133.267,390.5,194.5
48,3999,133.3,382.5,200.5
48,4000,133.333,376.5,192.5
48,4003,133.433,362.5,190.5
48,4005,133.5,350.5,200.5
48,4006,133.533,344.5,208.5
49,4028,134.267,270.5,266.5
49,4029,134.3,268.5,258.5
49,4030,134.333,262.5,246.5
49,4032,134.4,308.5,90.5
49,4034,134.467,246.5,198.5
49,4035,134.5,242.5,192.5
49,4036,134.533,242.5,186.5
49,4037,134.567,240.5,186.5
49,4038,134.6,238.5,188.5
49,4039,134.633,234.5,194.5
49,4040,134.667,232.5,200.5
49,4042,134.733,234.5,216.5
49,4046,134.867,354.5,298.5
49,4047,134.9,384.5,290.5
49,4048,134.933,416.5,284.5
49,4049,134.967,448.5,286.5
49,4051,135.033,512.5,296.5
49,4052,135.067,540.5,300.5
49,4053,135.1,574.5,312.5
49,4054,135.133,614.5,330.5
49,4055,135.167,644.5,344.5
49,4056,135.2,684.5,366.5
49,4057,135.233,722.5,392.5
49,4058,135.267,768.5,420.5
49,4059,135.3,800.5,418.5
49,4060,135.333,810.5,466.5
49,4061,135.367,832.5,476.5
49,4063,135.433,934.5,410.5
49,4066,135.533,790.5,320.5
49,4067,135.567,736.5,292.5
49,4068,135.6,696.5,276.5
49,4069,135.633,654.5,260.5
49,4070,135.667,618.5,252.5
49,4071,135.7,586.5,244.5
49,4072,135.733,554.5,242.5
49,4073,135.767,524.5,240.5
49,4074,135.8,492.5,244.5
49,4075,135.833,470.5,246.5
49,4076,135.867,446.5,252.5
49,4077,135.9,424.5,262.5
49,4078,135.933,408.5,270.5
49,4079,135.967,390.5,282.5
49,4080,136.0,374.5,290.5
49,4081,136.033,358.5,272.5
49,4082,136.067,342.5,250.5
49,4083,136.1,326.5,232.5
49,4084,136.133,314.5,218.5
49,4085,136.167,304.5,208.5
49,4086,136.2,292.5,200.5
49,4087,136.233,282.5,196.5
49,4088,136.267,306.5,192.5
49,4089,136.3,354.5,186.5
49,4090,136.333,394.5,184.5
49,4091,136.367,432.5,186.5
49,4092,136.4,474.5,188.5
49,4093,136.433,528.5,198.5
49,4094,136.467,552.5,204.5
49,4095,136.5,596.5,214.5
49,4096,136.533,636.5,228.5
49,4097,136.567,686.5,248.5
49,4098,136.6,716.5,260.5
49,4099,136.633,758.5,284.5
49,4100,136.667,788.5,298.5
49,4101,136.7,848.5,314.5
49,4102,136.733,866.5,314.5
49,4103,136.767,914.5,300.5
49,4104,136.8,938.5,292.5
49,4105,136.833,1000.5,280.5
49,4106,136.867,1020.5,286.5
49,4107,136.9,1056.5,284.5
49,4108,136.933,1088.5,286.5
49,4110,137.0,1062.5,264.5
49,4111,137.033,1024.5,250.5
49,4112,137.067,940.5,226.5
49,4113,137.1,894.5,214.5
49,4114,137.133,836.5,202.5
49,4115,137.167,792.5,198.5
49,4116,137.2,746.5,196.5
49,4117,137.233,706.5,198.5
49,4118,137.267,674.5,202.5
49,4119,137.3,630.5,210.5
49,4120,137.333,598.5,220.5
49,4121,137.367,568.5,230.5
49,4122,137.4,544.5,242.5
49,4123,137.433,510.5,262.5
49,4124,137.467,488.5,244.5
49,4125,137.5,466.5,222.5
49,4126,137.533,444.5,202.5
49,4127,137.567,424.5,192.5
49,4128,137.6,402.5,180.5
49,4129,137.633,384.5,170.5
49,4130,137.667,364.5,170.5
49,4133,137.767,190.5,314.5
49,4134,137.8,192.5,310.5
49,4135,137.833,192.5,304.5
49,4137,137.9,198.5,300.5
49,4138,137.933,200.5,298.5
50,4143,138.1,854.5,314.5
50,4145,138.167,938.5,394.5
50,4146,138.2,982.5,442.5
50,4147,138.233,1014.5,478.5
50,4150,138.333,968.5,712.5
51,4168,138.933,1104.5,698.5
51,4169,138.967,1078.5,704.5
51,4170,139.0,1074.5,690.5
51,4171,139.033,1070.5,678.5
51,4172,139.067,1062.5,666.5
51,4173,139.1,1058.5,660.5
51,4174,139.133,1050.5,656.5
51,4175,139.167,1044.5,654.5
51,4176,139.2,1036.5,656.5
51,4177,139.233,1028.5,658.5
51,4178,139.267,1020.5,666.5
51,4179,139.3,1012.5,674.5
51,4180,139.333,1004.5,674.5
51,4181,139.367,1006.5,666.5
51,4184,139.467,1008.5,670.5
51,4185,139.5,1010.5,678.5
51,4186,139.533,1012.5,688.5
51,4187,139.567,1014.5,698.5
51,4189,139.633,1018.5,698.5
51,4192,139.733,1018.5,710.5
51,4193,139.767,1018.5,712.5
51,4194,139.8,1016.5,712.5
51,4195,139.833,1018.5,712.5
52,4386,146.2,976.5,530.5
52,4387,146.233,974.5,524.5
52,4391,146.367,916.5,458.5
52,4394,146.467,916.5,390.5
52,4396,146.533,918.5,330.5
52,4397,146.567,920.5,298.5
52,4399,146.633,934.5,266.5
52,4400,146.667,942.5,250.5
52,4401,146.7,944.5,242.5
52,4402,146.733,950.5,234.5
52,4403,146.767,952.5,232.5
52,4404,146.8,958.5,236.5
52,4405,146.833,958.5,242.5
52,4406,146.867,960.5,254.5
52,4407,146.9,960.5,266.5
52,4408,146.933,962.5,286.5
52,4409,146.967,958.5,312.5
52,4411,147.033,922.5,468.5
52,4412,147.067,952.5,388.5
52,4414,147.133,928.5,418.5
52,4415,147.167,880.5,394.5
52,4416,147.2,852.5,386.5
52,4417,147.233,824.5,378.5
52,4418,147.267,798.5,378.5
52,4419,147.3,772.5,380.5
52,4420,147.333,752.5,374.5
52,4421,147.367,732.5,340.5
52,4422,147.4,714.5,318.5
52,4423,147.433,656.5,358.5
52,4425,147.5,674.5,272.5
52,4426,147.533,656.5,264.5
52,4427,147.567,646.5,258.5
52,4428,147.6,630.5,254.5
52,4429,147.633,616.5,254.5
52,4430,147.667,606.5,254.5
53,4435,147.833,552.5,238.5
53,4436,147.867,544.5,228.5
53,4437,147.9,534.5,220.5
53,4438,147.933,526.5,216.5
53,4439,147.967,516.5,212.5
53,4440,148.0,508.5,210.5
53,4441,148.033,500.5,214.5
53,4442,148.067,518.5,210.5
53,4443,148.1,536.5,210.5
53,4444,148.133,556.5,210.5
53,4445,148.167,576.5,214.5
53,4446,148.2,596.5,218.5
53,4447,148.233,618.5,226.5
53,4448,148.267,638.5,236.5
53,4449,148.3,652.5,244.5
53,4450,148.333,680.5,260.5
53,4451,148.367,700.5,274.5
53,4453,148.433,744.5,316.5
53,4454,148.467,768.5,318.5
53,4455,148.5,792.5,302.5
53,4456,148.533,812.5,304.5
53,4457,148.567,832.5,304.5
53,4458,148.6,852.5,306.5
53,4459,148.633,870.5,310.5
53,4460,148.667,894.5,316.5
53,4461,148.7,890.5,314.5
53,4462,148.733,844.5,292.5
53,4463,148.767,802.5,276.5
53,4464,148.8,750.5,258.5
53,4465,148.833,712.5,252.5
53,4466,148.867,684.5,246.5
53,4467,148.9,634.5,242.5
53,4468,148.933,598.5,242.5
53,4469,148.967,566.5,242.5
53,4470,149.0,532.5,246.5
53,4471,149.033,502.5,250.5
53,4472,149.067,472.5,262.5
53,4473,149.1,438.5,276.5
53,4474,149.133,418.5,284.5
53,4475,149.167,394.5,270.5
53,4476,149.2,364.5,250.5
53,4477,149.233,350.5,242.5
53,4478,149.267,322.5,226.5
53,4479,149.3,304.5,220.5
53,4482,149.4,246.5,212.5
53,4483,149.433,226.5,214.5
53,4484,149.467,246.5,202.5
53,4485,149.5,330.5,214.5
53,4486,149.533,368.5,212.5
53,4488,149.6,308.5,124.5
54,4591,153.033,1158.5,654.5
54,4595,153.167,1104.5,602.5
54,4596,153.2,1096.5,590.5
54,4597,153.233,1086.5,576.5
54,4598,153.267,1076.5,564.5
54,4599,153.3,1072.5,552.5
54,4600,153.333,1066.5,538.5
54,4601,153.367,1064.5,526.5
54,4602,153.4,1062.5,514.5
54,4603,153.433,1060.5,500.5
55,4647,154.9,928.5,454.5
55,4648,154.933,912.5,426.5
55,4649,154.967,910.5,406.5
55,4650,155.0,908.5,376.5
55,4652,155.067,916.5,328.5
55,4654,155.133,928.5,292.5
55,4655,155.167,932.5,282.5
55,4656,155.2,936.5,272.5
55,4657,155.233,940.5,262.5
55,4658,155.267,944.5,266.5
55,4659,155.3,944.5,272.5
55,4660,155.333,944.5,280.5
55,4661,155.367,944.5,290.5
55,4662,155.4,944.5,310.5
55,4663,155.433,948.5,324.5
55,4664,155.467,948.5,340.5
55,4665,155.5,948.5,378.5
55,4666,155.533,942.5,400.5
55,4668,155.6,894.5,440.5
55,4670,155.667,784.5,418.5
55,4671,155.7,728.5,420.5
55,4673,155.767,634.5,370.5
55,4675,155.833,554.5,318.5
55,4676,155.867,524.5,306.5
55,4678,155.933,462.5,288.5
55,4679,155.967,436.5,284.5
55,4680,156.0,410.5,284.5
55,4681,156.033,390.5,284.5
55,4682,156.067,364.5,294.5
55,4683,156.1,348.5,290.5
55,4685,156.167,308.5,258.5
55,4686,156.2,290.5,248.5
55,4687,156.233,270.5,242.5
55,4688,156.267,254.5,236.5
55,4689,156.3,244.5,234.5
55,4690,156.333,254.5,234.5
55,4691,156.367,258.5,236.5
55,4692,156.4,264.5,238.5
55,4693,156.433,270.5,246.5
55,4694,156.467,278.5,258.5
55,4695,156.5,284.5,270.5
55,4696,156.533,292.5,290.5
55,4697,156.567,302.5,314.5
55,4698,156.6,310.5,336.5
55,4700,156.667,324.5,382.5
55,4702,156.733,362.5,344.5
55,4706,156.867,390.5,612.5
55,4709,156.967,362.5,344.5
55,4711,157.033,362.5,344.5
55,4713,157.1,234.5,234.5
55,4715,157.167,362.5,344.5
56,4720,157.333,634.5,714.5
56,4721,157.367,648.5,714.5
56,4722,157.4,664.5,714.5
56,4723,157.433,678.5,714.5
56,4724,157.467,690.5,714.5
57,4729,157.633,362.5,344.5
57,4730,157.667,362.5,344.5
57,4731,157.7,362.5,344.5
57,4732,157.733,362.5,344.5
57,4733,157.767,362.5,344.5
57,4734,157.8,362.5,344.5
57,4735,157.833,362.5,344.5
57,4736,157.867,362.5,344.5
57,4737,157.9,362.5,344.5
57,4738,157.933,362.5,344.5
57,4739,157.967,362.5,344.5
57,4740,158.0,362.5,344.5
57,4741,158.033,362.5,344.5
57,4742,158.067,362.5,344.5
57,4743,158.1,362.5,344.5
57,4744,158.133,362.5,344.5
57,4745,158.167,362.5,344.5
57,4746,158.2,362.5,344.5
57,4747,158.233,362.5,344.5
57,4748,158.267,362.5,344.5
57,4749,158.3,362.5,344.5
57,4753,158.433,698.5,422.5
57,4754,158.467,680.5,380.5
57,4755,158.5,664.5,344.5
57,4756,158.533,648.5,316.5
57,4757,158.567,630.5,286.5
57,4758,158.6,614.5,264.5
57,4759,158.633,602.5,250.5
57,4761,158.7,574.5,226.5
57,4762,158.733,562.5,222.5
57,4763,158.767,550.5,218.5
57,4764,158.8,538.5,222.5
57,4765,158.833,528.5,226.5
57,4766,158.867,518.5,232.5
57,4767,158.9,510.5,242.5
57,4768,158.933,502.5,252.5
57,4769,158.967,494.5,266.5
57,4770,159.0,486.5,280.5
57,4771,159.033,480.5,296.5
57,4772,159.067,474.5,316.5
57,4773,159.1,466.5,300.5
57,4774,159.133,462.5,278.5
57,4775,159.167,456.5,256.5
57,4776,159.2,452.5,240.5
57,4777,159.233,446.5,226.5
57,4778,159.267,442.5,214.5
57,4779,159.3,438.5,204.5
57,4780,159.333,432.5,198.5
57,4781,159.367,428.5,194.5
57,4782,159.4,424.5,194.5
57,4783,159.433,422.5,196.5
57,4784,159.467,418.5,202.5
57,4785,159.5,416.5,208.5
57,4786,159.533,414.5,216.5
57,4787,159.567,412.5,226.5
57,4788,159.6,410.5,242.5
57,4789,159.633,408.5,254.5
57,4790,159.667,406.5,268.5
57,4791,159.7,406.5,256.5
57,4792,159.733,400.5,238.5
57,4793,159.767,394.5,222.5
57,4794,159.8,392.5,210.5
57,4795,159.833,388.5,202.5
57,4796,159.867,384.5,196.5
57,4797,159.9,382.5,192.5
57,4798,159.933,378.5,188.5
57,4800,160.0,374.5,192.5
57,4801,160.033,372.5,198.5
57,4802,160.067,370.5,204.5
57,4805,160.167,290.5,340.5
57,4806,160.2,296.5,344.5
58,4866,162.2,336.5,344.5
58,4867,162.233,346.5,342.5
58,4868,162.267,350.5,340.5
58,4869,162.3,354.5,340.5
58,4870,162.333,360.5,340.5
58,4873,162.433,312.5,140.5
58,4874,162.467,312.5,154.5
58,4875,162.5,312.5,168.5
58,4877,162.567,306.5,200.5
58,4879,162.633,324.5,216.5
58,4880,162.667,306.5,232.5
58,4881,162.7,318.5,234.5
58,4882,162.733,302.5,240.5
59,4893,163.1,292.5,266.5
59,4894,163.133,288.5,258.5
59,4895,163.167,286.5,248.5
59,4896,163.2,280.5,232.5
59,4897,163.233,274.5,220.5
59,4898,163.267,270.5,204.5
59,4900,163.333,248.5,198.5
59,4901,163.367,260.5,182.5
59,4902,163.4,256.5,176.5
59,4903,163.433,256.5,176.5
59,4904,163.467,254.5,178.5
59,4905,163.5,252.5,184.5
59,4906,163.533,252.5,190.5
59,4907,163.567,250.5,200.5
59,4908,163.6,250.5,214.5
59,4910,163.667,272.5,232.5
59,4913,163.767,372.5,276.5
59,4914,163.8,400.5,268.5
59,4915,163.833,434.5,260.5
59,4916,163.867,460.5,258.5
59,4917,163.9,492.5,258.5
59,4918,163.933,524.5,262.5
59,4921,164.033,616.5,288.5
59,4922,164.067,596.5,358.5
59,4923,164.1,640.5,362.5
59,4924,164.133,714.5,346.5
59,4925,164.167,738.5,360.5
59,4926,164.2,772.5,346.5
59,4927,164.233,800.5,344.5
59,4928,164.267,800.5,394.5
59,4929,164.3,828.5,404.5
59,4931,164.367,866.5,314.5
59,4932,164.4,834.5,288.5
59,4933,164.433,804.5,268.5
59,4934,164.467,772.5,250.5
59,4935,164.5,750.5,240.5
59,4936,164.533,718.5,226.5
59,4937,164.567,692.5,220.5
59,4938,164.6,674.5,218.5
59,4939,164.633,642.5,216.5
59,4940,164.667,622.5,218.5
59,4941,164.7,600.5,222.5
59,4942,164.733,578.5,228.5
59,4943,164.767,560.5,236.5
59,4944,164.8,546.5,242.5
59,4945,164.833,524.5,258.5
59,4946,164.867,506.5,272.5
59,4947,164.9,494.5,280.5
59,4948,164.933,476.5,270.5
59,4949,164.967,454.5,250.5
59,4950,165.0,440.5,238.5
59,4951,165.033,422.5,226.5
59,4952,165.067,410.5,218.5
59,4953,165.1,396.5,212.5
59,4954,165.133,382.5,208.5
59,4955,165.167,368.5,206.5
59,4956,165.2,382.5,214.5
59,4957,165.233,418.5,236.5
59,4958,165.267,446.5,252.5
59,4959,165.3,476.5,272.5
59,4962,165.4,540.5,328.5
59,4963,165.433,532.5,328.5
59,4964,165.467,522.5,332.5
59,4968,165.6,484.5,324.5
59,4969,165.633,476.5,326.5
59,4970,165.667,468.5,318.5
59,4971,165.7,460.5,314.5
59,4972,165.733,454.5,314.5
59,4973,165.767,448.5,316.5
59,4974,165.8,440.5,314.5
59,4975,165.833,434.5,310.5
59,4976,165.867,428.5,310.5
59,4977,165.9,420.5,312.5
59,4978,165.933,414.5,312.5
59,4979,165.967,408.5,308.5
59,4980,166.0,400.5,304.5
59,4981,166.033,394.5,306.5
59,4982,166.067,390.5,308.5
59,4983,166.1,382.5,304.5
59,4984,166.133,376.5,300.5
59,4985,166.167,372.5,302.5
59,4986,166.2,366.5,300.5
59,4987,166.233,360.5,296.5
59,4988,166.267,356.5,298.5
59,4989,166.3,350.5,298.5
59,4990,166.333,344.5,296.5
59,4991,166.367,338.5,296.5
59,4992,166.4,334.5,298.5
59,4993,166.433,328.5,294.5
60,5014,167.133,336.5,336.5
60,5017,167.233,350.5,338.5
60,5020,167.333,278.5,274.5
60,5021,167.367,278.5,268.5
60,5022,167.4,274.5,260.5
60,5023,167.433,270.5,244.5
60,5024,167.467,266.5,232.5
60,5025,167.5,264.5,216.5
60,5027,167.567,258.5,194.5
60,5028,167.6,256.5,190.5
60,5029,167.633,256.5,184.5
60,5030,167.667,256.5,182.5
60,5031,167.7,256.5,184.5
60,5032,167.733,254.5,186.5
60,5033,167.767,254.5,194.5
60,5034,167.8,254.5,202.5
61,5040,168.0,378.5,278.5
61,5041,168.033,416.5,264.5
61,5042,168.067,446.5,256.5
61,5043,168.1,480.5,252.5
61,5044,168.133,514.5,250.5
61,5045,168.167,540.5,252.5
61,5048,168.267,642.5,274.5
61,5049,168.3,634.5,328.5
61,5051,168.367,730.5,324.5
61,5052,168.4,766.5,330.5
61,5053,168.433,782.5,342.5
61,5054,168.467,832.5,306.5
61,5055,168.5,850.5,306.5
61,5056,168.533,882.5,300.5
61,5057,168.567,914.5,300.5
61,5058,168.6,934.5,304.5
61,5059,168.633,922.5,386.5
61,5061,168.7,852.5,244.5
61,5062,168.733,816.5,226.5
61,5063,168.767,784.5,212.5
61,5064,168.8,748.5,202.5
61,5065,168.833,720.5,194.5
61,5066,168.867,686.5,188.5
61,5067,168.9,654.5,186.5
61,5068,168.933,634.5,186.5
61,5069,168.967,604.5,190.5
61,5070,169.0,580.5,194.5
61,5071,169.033,558.5,202.5
61,5072,169.067,538.5,210.5
61,5073,169.1,518.5,220.5
61,5074,169.133,504.5,228.5
61,5075,169.167,482.5,244.5
61,5076,169.2,468.5,226.5
61,5077,169.233,452.5,206.5
61,5078,169.267,438.5,194.5
61,5079,169.3,424.5,182.5
61,5080,169.333,410.5,170.5
61,5084,169.467,476.5,156.5
61,5085,169.5,500.5,158.5
61,5086,169.533,536.5,164.5
61,5087,169.567,562.5,170.5
61,5088,169.6,592.5,178.5
61,5089,169.633,630.5,194.5
61,5090,169.667,650.5,202.5
61,5091,169.7,688.5,226.5
61,5092,169.733,714.5,242.5
61,5093,169.767,738.5,262.5
61,5094,169.8,766.5,288.5
62,5151,171.7,1200.5,676.5
62,5153,171.767,1236.5,650.5
62,5154,171.8,1246.5,632.5
62,5157,171.9,1152.5,476.5
62,5160,172.0,1232.5,534.5
63,5205,173.5,1052.5,368.5
63,5206,173.533,1042.5,364.5
63,5207,173.567,1040.5,354.5
63,5208,173.6,1036.5,346.5
63,5211,173.7,1144.5,452.5
63,5214,173.8,1168.5,414.5
64,5240,174.667,714.5,256.5
64,5241,174.7,690.5,220.5
64,5242,174.733,676.5,194.5
64,5243,174.767,646.5,164.5
64,5244,174.8,630.5,150.5
64,5245,174.833,604.5,128.5
64,5246,174.867,586.5,120.5
64,5247,174.9,566.5,114.5
64,5248,174.933,550.5,112.5
64,5249,174.967,532.5,114.5
64,5250,175.0,516.5,120.5
64,5251,175.033,502.5,128.5
64,5252,175.067,488.5,138.5
64,5253,175.1,476.5,154.5
64,5254,175.133,464.5,170.5
64,5255,175.167,454.5,188.5
64,5256,175.2,444.5,208.5
64,5257,175.233,434.5,230.5
64,5258,175.267,426.5,254.5
64,5259,175.3,420.5,280.5
64,5260,175.333,412.5,312.5
64,5261,175.367,406.5,330.5
64,5262,175.4,398.5,310.5
64,5263,175.433,390.5,280.5
64,5264,175.467,378.5,252.5
64,5265,175.5,374.5,230.5
64,5266,175.533,364.5,208.5
64,5267,175.567,356.5,190.5
64,5268,175.6,350.5,176.5
64,5269,175.633,342.5,164.5
64,5270,175.667,336.5,156.5
64,5271,175.7,330.5,152.5
64,5272,175.733,322.5,146.5
64,5273,175.767,318.5,148.5
64,5274,175.8,316.5,156.5
64,5275,175.833,312.5,160.5
64,5276,175.867,308.5,168.5
64,5277,175.9,304.5,178.5
64,5278,175.933,302.5,186.5
64,5279,175.967,300.5,204.5
64,5280,176.0,300.5,220.5
64,5281,176.033,300.5,236.5
64,5283,176.1,298.5,278.5
64,5284,176.133,292.5,258.5
64,5286,176.2,280.5,218.5
64,5287,176.233,274.5,202.5
64,5288,176.267,270.5,190.5
64,5289,176.3,266.5,180.5
65,5334,177.8,330.5,354.5
65,5335,177.833,336.5,348.5
65,5336,177.867,346.5,346.5
65,5337,177.9,356.5,342.5
65,5340,178.0,388.5,364.5
65,5341,178.033,388.5,364.5
65,5344,178.133,388.5,366.5
65,5345,178.167,388.5,364.5
65,5346,178.2,388.5,366.5
65,5347,178.233,388.5,362.5
65,5349,178.3,388.5,364.5
65,5352,178.4,390.5,364.5
65,5356,178.533,276.5,270.5
65,5357,178.567,272.5,260.5
65,5358,178.6,270.5,250.5
65,5359,178.633,266.5,238.5
65,5360,178.667,264.5,226.5
65,5361,178.7,262.5,212.5
65,5362,178.733,258.5,204.5
65,5364,178.8,256.5,196.5
65,5365,178.833,256.5,192.5
65,5366,178.867,256.5,194.5
65,5367,178.9,256.5,200.5
65,5368,178.933,256.5,206.5
65,5369,178.967,258.5,214.5
65,5373,179.1,388.5,364.5
65,5375,179.167,400.5,268.5
65,5376,179.2,446.5,262.5
65,5377,179.233,478.5,262.5
65,5378,179.267,518.5,262.5
65,5380,179.333,616.5,278.5
65,5381,179.367,634.5,280.5
65,5382,179.4,616.5,360.5
65,5384,179.467,764.5,330.5
65,5386,179.533,844.5,376.5
65,5389,179.633,978.5,354.5
65,5390,179.667,972.5,334.5
65,5391,179.7,932.5,298.5
65,5392,179.733,892.5,264.5
65,5393,179.767,858.5,242.5
65,5394,179.8,830.5,226.5
65,5395,179.833,796.5,208.5
65,5396,179.867,766.5,194.5
65,5397,179.9,738.5,186.5
65,5398,179.933,716.5,178.5
65,5399,179.967,688.5,176.5
65,5401,180.033,642.5,178.5
65,5402,180.067,622.5,180.5
65,5403,180.1,602.5,186.5
65,5404,180.133,584.5,194.5
65,5405,180.167,564.5,206.5
65,5406,180.2,548.5,216.5
65,5407,180.233,534.5,228.5
65,5408,180.267,520.5,240.5
65,5409,180.3,506.5,226.5
65,5410,180.333,498.5,212.5
65,5411,180.367,484.5,192.5
65,5412,180.4,474.5,180.5
65,5413,180.433,464.5,168.5
65,5414,180.467,452.5,162.5
65,5416,180.533,458.5,152.5
65,5417,180.567,476.5,126.5
65,5418,180.6,526.5,148.5
65,5420,180.667,576.5,156.5
65,5421,180.7,604.5,164.5
65,5422,180.733,634.5,176.5
65,5423,180.767,652.5,186.5
65,5424,180.8,688.5,206.5
65,5425,180.833,710.5,222.5
65,5426,180.867,734.5,242.5
65,5427,180.9,774.5,282.5
65,5428,180.933,788.5,296.5
65,5429,180.967,792.5,362.5
65,5430,181.0,842.5,368.5
65,5431,181.033,854.5,386.5
65,5433,181.1,928.5,330.5
65,5434,181.133,954.5,330.5
65,5435,181.167,978.5,326.5
65,5436,181.2,1008.5,328.5
65,5437,181.233,1038.5,332.5
65,5438,181.267,1012.5,308.5
65,5439,181.3,944.5,258.5
65,5440,181.333,912.5,234.5
65,5441,181.367,874.5,212.5
65,5442,181.4,830.5,190.5
65,5443,181.433,794.5,176.5
65,5444,181.467,766.5,166.5
65,5445,181.5,734.5,158.5
65,5446,181.533,704.5,154.5
65,5447,181.567,682.5,154.5
65,5449,181.633,632.5,158.5
65,5450,181.667,614.5,164.5
65,5451,181.7,596.5,172.5
65,5453,181.767,564.5,194.5
65,5454,181.8,552.5,206.5
65,5455,181.833,540.5,218.5
65,5456,181.867,528.5,232.5
65,5457,181.9,518.5,216.5
65,5458,181.933,508.5,198.5
65,5459,181.967,496.5,176.5
65,5460,182.0,486.5,160.5
65,5461,182.033,478.5,146.5
65,5462,182.067,472.5,138.5
65,5466,182.2,480.5,122.5
65,5467,182.233,494.5,122.5
65,5468,182.267,506.5,124.5
65,5469,182.3,526.5,134.5
65,5470,182.333,538.5,140.5
65,5471,182.367,556.5,154.5
65,5472,182.4,572.5,168.5
65,5473,182.433,588.5,184.5
65,5474,182.467,604.5,206.5
65,5475,182.5,616.5,222.5
65,5476,182.533,634.5,250.5
65,5477,182.567,658.5,270.5
65,5480,182.667,700.5,386.5
65,5481,182.7,720.5,368.5
65,5482,182.733,738.5,360.5
65,5483,182.767,758.5,354.5
65,5484,182.8,774.5,350.5
65,5485,182.833,792.5,350.5
65,5486,182.867,810.5,354.5
65,5487,182.9,832.5,362.5
65,5489,182.967,726.5,312.5
65,5490,183.0,686.5,298.5
65,5491,183.033,638.5,282.5
65,5492,183.067,612.5,282.5
65,5493,183.1,574.5,274.5
65,5494,183.133,538.5,272.5
65,5495,183.167,518.5,272.5
65,5496,183.2,490.5,278.5
65,5497,183.233,472.5,282.5
65,5498,183.267,454.5,290.5
65,5499,183.3,438.5,298.5
65,5500,183.333,420.5,278.5
65,5501,183.367,404.5,258.5
65,5502,183.4,390.5,236.5
65,5503,183.433,374.5,218.5
65,5504,183.467,364.5,206.5
65,5505,183.5,352.5,198.5
65,5506,183.533,344.5,190.5
65,5508,183.6,446.5,182.5
65,5511,183.7,400.5,166.5
65,5512,183.733,430.5,162.5
65,5513,183.767,456.5,166.5
65,5514,183.8,482.5,170.5
65,5515,183.833,514.5,178.5
65,5516,183.867,544.5,186.5
65,5517,183.9,574.5,198.5
65,5518,183.933,604.5,214.5
65,5519,183.967,634.5,230.5
65,5520,184.0,652.5,244.5
65,5521,184.033,690.5,270.5
65,5523,184.1,750.5,322.5
65,5524,184.133,778.5,358.5
65,5525,184.167,802.5,350.5
65,5526,184.2,802.5,376.5
65,5527,184.233,866.5,316.5
65,5528,184.267,896.5,308.5
65,5529,184.3,922.5,304.5
65,5530,184.333,940.5,298.5
65,5532,184.4,1002.5,300.5
65,5533,184.433,1028.5,308.5
65,5536,184.533,1008.5,314.5
65,5537,184.567,924.5,298.5
65,5539,184.633,774.5,284.5
65,5540,184.667,736.5,282.5
65,5542,184.733,612.5,292.5
65,5545,184.833,602.5,298.5
65,5548,184.933,632.5,320.5
65,5549,184.967,634.5,326.5
65,5550,185.0,644.5,326.5
65,5551,185.033,656.5,326.5
65,5552,185.067,664.5,332.5
65,5553,185.1,672.5,332.5
65,5554,185.133,682.5,332.5
65,5555,185.167,688.5,334.5
65,5556,185.2,696.5,342.5
65,5557,185.233,704.5,342.5
65,5558,185.267,710.5,342.5
65,5559,185.3,716.5,346.5
65,5560,185.333,720.5,348.5
65,5561,185.367,726.5,354.5
65,5562,185.4,730.5,352.5
65,5563,185.433,736.5,352.5
65,5564,185.467,742.5,352.5
65,5565,185.5,744.5,360.5
65,5566,185.533,748.5,358.5
65,5567,185.567,754.5,354.5
65,5568,185.6,754.5,356.5
65,5569,185.633,760.5,362.5
65,5570,185.667,762.5,362.5
65,5571,185.7,764.5,358.5
65,5572,185.733,762.5,360.5
65,5573,185.767,764.5,366.5
65,5574,185.8,766.5,358.5
65,5575,185.833,768.5,362.5
65,5576,185.867,768.5,362.5
65,5577,185.9,766.5,366.5
65,5578,185.933,768.5,360.5
65,5579,185.967,768.5,362.5
65,5580,186.0,768.5,368.5
65,5581,186.033,770.5,362.5
65,5582,186.067,768.5,362.5
65,5583,186.1,770.5,368.5
65,5584,186.133,770.5,362.5
65,5585,186.167,772.5,362.5
65,5586,186.2,772.5,368.5
65,5587,186.233,776.5,362.5
65,5588,186.267,774.5,368.5
65,5589,186.3,776.5,366.5
65,5590,186.333,776.5,366.5
65,5591,186.367,776.5,364.5
66,5597,186.567,348.5,342.5
66,5598,186.6,348.5,342.5
66,5600,186.667,348.5,342.5
66,5601,186.7,348.5,342.5
66,5602,186.733,348.5,342.5
66,5606,186.867,348.5,342.5
67,5641,188.033,926.5,440.5
67,5642,188.067,912.5,418.5
67,5643,188.1,908.5,394.5
67,5644,188.133,910.5,374.5
67,5647,188.233,918.5,296.5
67,5649,188.3,932.5,270.5
67,5650,188.333,936.5,264.5
67,5651,188.367,942.5,258.5
67,5652,188.4,946.5,258.5
67,5653,188.433,950.5,264.5
67,5654,188.467,952.5,274.5
67,5655,188.5,956.5,286.5
67,5656,188.533,960.5,300.5
67,5657,188.567,958.5,322.5
67,5658,188.6,958.5,338.5
67,5660,188.667,956.5,398.5
67,5662,188.733,916.5,426.5
67,5663,188.767,848.5,406.5
67,5664,188.8,798.5,402.5
67,5665,188.833,756.5,402.5
67,5666,188.867,714.5,402.5
67,5667,188.9,656.5,394.5
67,5668,188.933,650.5,330.5
67,5670,189.0,604.5,290.5
67,5672,189.067,556.5,264.5
67,5673,189.1,538.5,256.5
67,5674,189.133,520.5,252.5
67,5675,189.167,500.5,250.5
67,5676,189.2,482.5,252.5
67,5677,189.233,466.5,256.5
67,5678,189.267,450.5,262.5
67,5679,189.3,438.5,264.5
67,5680,189.333,424.5,248.5
67,5681,189.367,410.5,234.5
67,5682,189.4,398.5,220.5
67,5686,189.533,436.5,194.5
67,5687,189.567,464.5,192.5
67,5688,189.6,490.5,190.5
67,5689,189.633,526.5,192.5
67,5690,189.667,550.5,196.5
67,5691,189.7,578.5,202.5
67,5692,189.733,610.5,210.5
67,5693,189.767,638.5,222.5
67,5694,189.8,674.5,236.5
67,5695,189.833,694.5,246.5
67,5696,189.867,722.5,266.5
67,5697,189.9,754.5,288.5
67,5698,189.933,750.5,356.5
67,5699,189.967,808.5,356.5
67,5700,190.0,834.5,364.5
67,5701,190.033,858.5,376.5
67,5703,190.1,930.5,330.5
67,5704,190.133,960.5,332.5
67,5705,190.167,988.5,328.5
67,5706,190.2,1010.5,332.5
67,5709,190.3,922.5,300.5
67,5710,190.333,920.5,248.5
67,5714,190.467,900.5,266.5
68,5719,190.633,266.5,250.5
68,5722,190.733,342.5,332.5
68,5723,190.767,336.5,330.5
68,5726,190.867,242.5,284.5
68,5728,190.933,248.5,304.5
68,5729,190.967,254.5,318.5
68,5730,191.0,258.5,330.5
68,5731,191.033,264.5,346.5
68,5732,191.067,268.5,356.5
68,5733,191.1,268.5,346.5
68,5734,191.133,266.5,338.5
68,5735,191.167,266.5,334.5
68,5736,191.2,268.5,328.5
68,5737,191.233,268.5,324.5
68,5738,191.267,270.5,324.5
68,5739,191.3,270.5,324.5
68,5740,191.333,270.5,330.5
68,5742,191.4,274.5,340.5
69,5750,191.667,290.5,346.5
69,5751,191.7,290.5,352.5
69,5752,191.733,294.5,356.5
69,5753,191.767,294.5,362.5
69,5755,191.833,298.5,362.5
69,5756,191.867,300.5,362.5
69,5757,191.9,304.5,362.5
69,5758,191.933,302.5,368.5
70,5804,193.467,264.5,218.5
70,5806,193.533,262.5,202.5
70,5807,193.567,262.5,194.5
70,5808,193.6,262.5,184.5
70,5809,193.633,264.5,170.5
70,5810,193.667,268.5,156.5
70,5811,193.7,270.5,138.5
70,5814,193.8,266.5,88.5
71,5824,194.133,332.5,134.5
71,5825,194.167,360.5,150.5
71,5826,194.2,374.5,170.5
71,5827,194.233,408.5,196.5
71,5828,194.267,424.5,222.5
71,5829,194.3,446.5,248.5
71,5830,194.333,458.5,234.5
71,5831,194.367,472.5,218.5
71,5832,194.4,482.5,204.5
71,5833,194.433,496.5,188.5
71,5834,194.467,510.5,180.5
71,5835,194.5,526.5,170.5
71,5836,194.533,538.5,166.5
71,5837,194.567,552.5,162.5
71,5838,194.6,568.5,162.5
71,5839,194.633,582.5,164.5
71,5840,194.667,598.5,170.5
71,5841,194.7,614.5,178.5
71,5842,194.733,628.5,190.5
71,5843,194.767,642.5,202.5
71,5844,194.8,656.5,216.5
71,5845,194.833,674.5,240.5
71,5846,194.867,684.5,256.5
71,5847,194.9,694.5,274.5
71,5849,194.967,718.5,328.5
71,5850,195.0,734.5,316.5
71,5851,195.033,752.5,292.5
71,5852,195.067,764.5,290.5
71,5853,195.1,780.5,282.5
71,5854,195.133,796.5,268.5
71,5855,195.167,814.5,266.5
71,5856,195.2,828.5,264.5
71,5857,195.233,840.5,264.5
71,5858,195.267,856.5,268.5
71,5859,195.3,870.5,274.5
71,5860,195.333,884.5,280.5
71,5861,195.367,900.5,298.5
71,5862,195.4,908.5,310.5
71,5863,195.433,920.5,330.5
72,5988,199.6,1116.5,202.5
72,5992,199.733,922.5,276.5
72,5993,199.767,914.5,282.5
72,5996,199.867,906.5,314.5
72,5997,199.9,876.5,320.5
72,5999,199.967,792.5,314.5
72,6000,200.0,762.5,292.5
72,6001,200.033,744.5,284.5
72,6002,200.067,712.5,270.5
72,6003,200.1,686.5,260.5
72,6004,200.133,656.5,256.5
72,6005,200.167,636.5,250.5
72,6006,200.2,612.5,250.5
72,6007,200.233,592.5,250.5
72,6008,200.267,570.5,254.5
72,6009,200.3,548.5,262.5
72,6010,200.333,534.5,268.5
72,6011,200.367,514.5,278.5
72,6012,200.4,500.5,270.5
72,6013,200.433,486.5,256.5
72,6014,200.467,472.5,244.5
72,6015,200.5,458.5,234.5
72,6016,200.533,446.5,228.5
72,6017,200.567,436.5,222.5
72,6020,200.667,450.5,220.5
72,6021,200.7,478.5,222.5
72,6022,200.733,502.5,226.5
72,6023,200.767,526.5,232.5
72,6024,200.8,548.5,242.5
72,6025,200.833,566.5,248.5
72,6027,200.9,618.5,280.5
72,6029,200.967,666.5,328.5
72,6030,201.0,700.5,354.5
72,6031,201.033,714.5,386.5
72,6032,201.067,746.5,386.5
72,6033,201.1,746.5,424.5
72,6034,201.133,758.5,436.5
72,6036,201.2,758.5,454.5
72,6039,201.3,628.5,250.5
72,6040,201.333,590.5,232.5
72,6041,201.367,564.5,222.5
72,6042,201.4,534.5,210.5
72,6043,201.433,508.5,204.5
72,6044,201.467,480.5,200.5
72,6045,201.5,460.5,198.5
72,6046,201.533,438.5,200.5
72,6047,201.567,418.5,202.5
72,6048,201.6,402.5,210.5
72,6049,201.633,388.5,216.5
72,6050,201.667,374.5,224.5
72,6051,201.7,360.5,234.5
72,6052,201.733,350.5,248.5
72,6055,201.833,314.5,262.5
72,6056,201.867,312.5,256.5
72,6057,201.9,312.5,250.5
72,6058,201.933,306.5,332.5
72,6059,201.967,300.5,328.5
72,6060,202.0,296.5,316.5
72,6061,202.033,314.5,234.5
72,6062,202.067,314.5,232.5
72,6063,202.1,314.5,228.5
72,6064,202.133,314.5,226.5
72,6065,202.167,314.5,226.5
72,6066,202.2,274.5,268.5
73,6186,206.2,1152.5,146.5
73,6187,206.233,1150.5,146.5
73,6188,206.267,1146.5,142.5
73,6189,206.3,1146.5,144.5
73,6190,206.333,1144.5,140.5
73,6191,206.367,1144.5,140.5
73,6192,206.4,1144.5,140.5
73,6193,206.433,1144.5,138.5
73,6194,206.467,1144.5,140.5
73,6195,206.5,1144.5,138.5
73,6196,206.533,1142.5,140.5
73,6197,206.567,1142.5,140.5
73,6198,206.6,1142.5,140.5
73,6199,206.633,1140.5,140.5
73,6200,206.667,1140.5,138.5
73,6201,206.7,1142.5,138.5
73,6202,206.733,1140.5,138.5
73,6203,206.767,1140.5,138.5
73,6204,206.8,1140.5,138.5
73,6206,206.867,1138.5,138.5
73,6210,207.0,964.5,346.5
74,6217,207.233,288.5,256.5
74,6218,207.267,288.5,256.5
74,6221,207.367,280.5,266.5
74,6222,207.4,282.5,266.5
74,6223,207.433,282.5,268.5
74,6224,207.467,278.5,264.5
74,6225,207.5,276.5,256.5
74,6226,207.533,272.5,246.5
74,6227,207.567,268.5,232.5
74,6228,207.6,266.5,216.5
74,6229,207.633,262.5,202.5
74,6230,207.667,262.5,192.5
74,6231,207.7,260.5,186.5
74,6232,207.733,262.5,182.5
74,6233,207.767,258.5,176.5
74,6234,207.8,260.5,176.5
74,6235,207.833,260.5,180.5
74,6236,207.867,260.5,186.5
74,6237,207.9,260.5,194.5
74,6238,207.933,262.5,206.5
74,6240,208.0,268.5,226.5
74,6243,208.1,376.5,282.5
74,6245,208.167,448.5,266.5
74,6246,208.2,480.5,262.5
74,6247,208.233,518.5,262.5
74,6250,208.333,634.5,274.5
74,6253,208.433,748.5,308.5
74,6254,208.467,808.5,316.5
74,6255,208.5,810.5,354.5
74,6256,208.533,844.5,360.5
74,6258,208.6,950.5,336.5
74,6259,208.633,946.5,326.5
74,6260,208.667,916.5,306.5
74,6261,208.7,878.5,282.5
74,6262,208.733,844.5,266.5
74,6263,208.767,814.5,252.5
74,6264,208.8,784.5,242.5
74,6265,208.833,756.5,236.5
74,6266,208.867,730.5,232.5
74,6267,208.9,698.5,228.5
74,6268,208.933,676.5,228.5
74,6269,208.967,642.5,234.5
74,6270,209.0,624.5,238.5
74,6271,209.033,604.5,244.5
74,6272,209.067,586.5,250.5
74,6274,209.133,540.5,280.5
74,6275,209.167,524.5,258.5
74,6276,209.2,510.5,244.5
74,6277,209.233,494.5,228.5
74,6278,209.267,482.5,220.5
74,6279,209.3,464.5,210.5
74,6280,209.333,452.5,202.5
74,6284,209.467,506.5,208.5
74,6285,209.5,526.5,212.5
74,6286,209.533,562.5,224.5
74,6287,209.567,594.5,236.5
74,6288,209.6,624.5,250.5
74,6289,209.633,652.5,264.5
74,6290,209.667,624.5,342.5
74,6292,209.733,744.5,332.5
74,6293,209.767,782.5,366.5
74,6294,209.8,816.5,362.5
74,6295,209.833,822.5,402.5
74,6296,209.867,846.5,416.5
74,6299,209.967,860.5,314.5
74,6300,210.0,822.5,298.5
74,6301,210.033,778.5,274.5
74,6302,210.067,740.5,260.5
74,6303,210.1,702.5,248.5
74,6304,210.133,676.5,242.5
74,6305,210.167,632.5,234.5
74,6306,210.2,600.5,230.5
74,6307,210.233,570.5,230.5
74,6308,210.267,540.5,234.5
74,6309,210.3,520.5,236.5
74,6310,210.333,492.5,244.5
74,6311,210.367,470.5,252.5
74,6312,210.4,446.5,262.5
74,6313,210.433,422.5,276.5
74,6314,210.467,406.5,288.5
74,6315,210.5,388.5,278.5
74,6316,210.533,370.5,260.5
74,6318,210.6,334.5,226.5
74,6319,210.633,318.5,218.5
74,6320,210.667,302.5,210.5
74,6321,210.7,288.5,204.5
74,6322,210.733,276.5,200.5
74,6323,210.767,262.5,202.5
74,6324,210.8,256.5,198.5
74,6326,210.867,258.5,348.5
74,6328,210.933,378.5,226.5
74,6330,211.0,474.5,252.5
75,6335,211.167,718.5,386.5
75,6336,211.2,788.5,372.5
75,6337,211.233,824.5,372.5
75,6339,211.3,944.5,388.5
75,6340,211.333,980.5,362.5
75,6342,211.4,822.5,278.5
75,6343,211.433,770.5,250.5
75,6344,211.467,730.5,228.5
75,6345,211.5,686.5,206.5
75,6346,211.533,642.5,188.5
75,6347,211.567,616.5,178.5
75,6348,211.6,584.5,170.5
75,6349,211.633,554.5,162.5
75,6350,211.667,530.5,160.5
75,6351,211.7,500.5,156.5
75,6352,211.733,476.5,156.5
75,6353,211.767,456.5,160.5
75,6354,211.8,438.5,164.5
75,6355,211.833,418.5,170.5
75,6356,211.867,404.5,176.5
75,6357,211.9,386.5,186.5
75,6358,211.933,374.5,196.5
75,6360,212.0,348.5,220.5
75,6361,212.033,342.5,232.5
75,6362,212.067,356.5,250.5
75,6363,212.1,356.5,244.5
75,6365,212.167,246.5,264.5
76,6517,217.233,280.5,270.5
76,6518,217.267,276.5,264.5
76,6519,217.3,270.5,252.5
76,6520,217.333,268.5,238.5
76,6521,217.367,264.5,222.5
76,6522,217.4,260.5,210.5
76,6523,217.433,256.5,200.5
76,6524,217.467,254.5,194.5
76,6525,217.5,252.5,188.5
76,6526,217.533,250.5,186.5
76,6527,217.567,248.5,186.5
76,6528,217.6,248.5,188.5
76,6529,217.633,246.5,194.5
76,6530,217.667,246.5,202.5
76,6532,217.733,248.5,222.5
77,6537,217.9,438.5,268.5
77,6538,217.933,474.5,262.5
77,6539,217.967,514.5,254.5
77,6541,218.033,598.5,256.5
77,6542,218.067,626.5,258.5
77,6543,218.1,658.5,264.5
77,6544,218.133,708.5,276.5
77,6545,218.167,750.5,290.5
77,6546,218.2,778.5,298.5
77,6547,218.233,796.5,356.5
77,6551,218.367,970.5,332.5
77,6552,218.4,994.5,330.5
77,6555,218.5,890.5,264.5
77,6556,218.533,852.5,250.5
77,6557,218.567,814.5,238.5
77,6558,218.6,778.5,228.5
77,6559,218.633,744.5,224.5
77,6560,218.667,710.5,220.5
77,6561,218.7,682.5,220.5
77,6562,218.733,642.5,222.5
77,6563,218.767,618.5,226.5
77,6564,218.8,590.5,232.5
77,6565,218.833,570.5,240.5
77,6566,218.867,550.5,248.5
77,6567,218.9,524.5,262.5
77,6568,218.933,504.5,264.5
77,6569,218.967,488.5,246.5
77,6570,219.0,470.5,228.5
77,6571,219.033,454.5,216.5
77,6574,219.133,218.5,308.5
77,6578,219.267,552.5,196.5
77,6579,219.3,584.5,204.5
77,6580,219.333,622.5,214.5
77,6581,219.367,644.5,222.5
77,6582,219.4,686.5,242.5
77,6583,219.433,720.5,260.5
77,6585,219.5,782.5,298.5
78,6590,219.667,970.5,340.5
78,6594,219.8,924.5,270.5
78,6595,219.833,882.5,244.5
78,6596,219.867,844.5,224.5
78,6597,219.9,802.5,204.5
78,6598,219.933,778.5,196.5
78,6599,219.967,744.5,186.5
78,6600,220.0,714.5,178.5
78,6601,220.033,682.5,174.5
78,6603,220.1,632.5,176.5
78,6604,220.133,610.5,178.5
78,6605,220.167,588.5,186.5
78,6606,220.2,568.5,194.5
78,6607,220.233,548.5,204.5
78,6608,220.267,532.5,214.5
78,6609,220.3,518.5,226.5
78,6612,220.4,480.5,220.5
78,6613,220.433,464.5,196.5
78,6614,220.467,452.5,184.5
78,6615,220.5,440.5,170.5
78,6616,220.533,430.5,162.5
78,6619,220.633,458.5,152.5
78,6621,220.7,508.5,160.5
78,6622,220.733,540.5,170.5
78,6623,220.767,570.5,182.5
78,6624,220.8,602.5,196.5
78,6625,220.833,634.5,214.5
78,6626,220.867,652.5,224.5
78,6627,220.9,688.5,252.5
78,6628,220.933,714.5,272.5
78,6629,220.967,752.5,308.5
78,6630,221.0,778.5,340.5
78,6631,221.033,814.5,358.5
78,6632,221.067,814.5,386.5
78,6633,221.1,846.5,406.5
78,6636,221.2,972.5,346.5
78,6637,221.233,1008.5,354.5
78,6638,221.267,976.5,328.5
78,6639,221.3,926.5,292.5
78,6640,221.333,878.5,260.5
78,6641,221.367,844.5,244.5
78,6642,221.4,804.5,226.5
78,6643,221.433,772.5,212.5
78,6644,221.467,736.5,202.5
78,6645,221.5,710.5,196.5
78,6646,221.533,682.5,194.5
78,6648,221.6,634.5,194.5
78,6649,221.633,612.5,200.5
78,6650,221.667,592.5,206.5
78,6651,221.7,576.5,212.5
78,6652,221.733,560.5,224.5
78,6653,221.767,546.5,234.5
78,6656,221.867,508.5,230.5
78,6657,221.9,500.5,216.5
78,6658,221.933,488.5,196.5
78,6659,221.967,478.5,182.5
78,6660,222.0,470.5,170.5
78,6661,222.033,462.5,160.5
78,6662,222.067,456.5,154.5
79,6667,222.233,546.5,178.5
79,6668,222.267,576.5,194.5
79,6669,222.3,608.5,210.5
79,6670,222.333,634.5,226.5
79,6671,222.367,674.5,256.5
79,6672,222.4,690.5,270.5
79,6673,222.433,682.5,356.5
79,6675,222.5,780.5,372.5
79,6676,222.533,822.5,378.5
79,6677,222.567,828.5,426.5
79,6678,222.6,852.5,446.5
79,6680,222.667,954.5,386.5
79,6681,222.7,966.5,370.5
79,6682,222.733,970.5,350.5
79,6686,222.867,658.5,254.5
79,6687,222.9,618.5,246.5
79,6688,222.933,572.5,240.5
79,6689,222.967,536.5,238.5
79,6690,223.0,500.5,238.5
79,6691,223.033,464.5,242.5
79,6692,223.067,432.5,246.5
79,6693,223.1,408.5,252.5
79,6694,223.133,380.5,264.5
79,6695,223.167,356.5,274.5
79,6696,223.2,328.5,294.5
79,6697,223.233,314.5,300.5
79,6699,223.3,270.5,256.5
79,6700,223.333,198.5,302.5
79,6702,223.4,216.5,212.5
79,6704,223.467,186.5,198.5
79,6707,223.567,148.5,194.5
79,6708,223.6,138.5,200.5
79,6709,223.633,128.5,202.5
79,6713,223.767,180.5,148.5
79,6715,223.833,324.5,232.5
79,6716,223.867,362.5,244.5
79,6717,223.9,414.5,264.5
79,6719,223.967,534.5,322.5
79,6721,224.033,626.5,378.5
79,6723,224.1,746.5,418.5
79,6725,224.167,854.5,406.5
79,6726,224.2,934.5,410.5
79,6727,224.233,998.5,414.5
79,6728,224.267,1002.5,378.5
79,6729,224.3,938.5,324.5
79,6730,224.333,878.5,276.5
79,6731,224.367,834.5,248.5
79,6732,224.4,786.5,216.5
79,6733,224.433,740.5,186.5
79,6734,224.467,700.5,164.5
79,6735,224.5,672.5,150.5
79,6736,224.533,626.5,130.5
79,6740,224.667,514.5,108.5
79,6741,224.7,494.5,110.5
79,6742,224.733,472.5,114.5
79,6743,224.767,454.5,120.5
79,6744,224.8,438.5,128.5
79,6745,224.833,424.5,136.5
79,6746,224.867,408.5,146.5
79,6747,224.9,396.5,158.5
79,6748,224.933,382.5,170.5
79,6749,224.967,372.5,184.5
79,6750,225.0,360.5,200.5
79,6751,225.033,350.5,214.5
79,6752,225.067,340.5,230.5
80,6888,229.6,926.5,394.5
80,6889,229.633,940.5,386.5
80,6890,229.667,936.5,370.5
80,6891,229.7,936.5,356.5
80,6892,229.733,932.5,336.5
80,6893,229.767,934.5,324.5
80,6897,229.9,952.5,268.5
81,6937,231.233,474.5,218.5
81,6938,231.267,480.5,226.5
81,6939,231.3,502.5,264.5
81,6940,231.333,514.5,264.5
81,6941,231.367,520.5,248.5
81,6942,231.4,528.5,234.5
81,6943,231.433,536.5,220.5
81,6944,231.467,546.5,208.5
81,6945,231.5,556.5,202.5
81,6946,231.533,564.5,194.5
81,6947,231.567,574.5,192.5
81,6948,231.6,584.5,192.5
81,6949,231.633,594.5,194.5
81,6950,231.667,604.5,200.5
81,6951,231.7,614.5,208.5
81,6952,231.733,624.5,218.5
81,6953,231.767,632.5,228.5
81,6954,231.8,640.5,242.5
81,6955,231.833,650.5,260.5
81,6956,231.867,660.5,278.5
81,6957,231.9,624.5,338.5
81,6959,231.967,672.5,338.5
81,6960,232.0,658.5,346.5
81,6961,232.033,728.5,290.5
81,6962,232.067,718.5,280.5
81,6963,232.1,728.5,274.5
81,6964,232.133,740.5,268.5
81,6965,232.167,752.5,264.5
81,6966,232.2,764.5,266.5
81,6967,232.233,774.5,266.5
81,6968,232.267,786.5,274.5
81,6969,232.3,798.5,282.5
81,6970,232.333,808.5,296.5
81,6971,232.367,814.5,304.5
81,6972,232.4,826.5,322.5
81,6973,232.433,834.5,340.5
81,6974,232.467,838.5,364.5
81,6975,232.5,848.5,386.5
81,6976,232.533,862.5,372.5
81,6977,232.567,878.5,358.5
81,6978,232.6,890.5,344.5
81,6979,232.633,902.5,338.5
81,6980,232.667,918.5,332.5
81,6981,232.7,928.5,334.5
81,6982,232.733,940.5,336.5
81,6983,232.767,950.5,340.5
81,6984,232.8,962.5,344.5
81,6985,232.833,974.5,362.5
81,6986,232.867,984.5,344.5
81,6988,232.933,998.5,314.5
81,6989,232.967,1000.5,298.5
81,6990,233.0,1004.5,286.5
81,6991,233.033,1008.5,276.5
81,6992,233.067,1012.5,270.5
81,6993,233.1,1016.5,266.5
81,6994,233.133,1018.5,270.5
81,6995,233.167,1018.5,274.5
81,6996,233.2,1022.5,282.5
81,6997,233.233,1020.5,296.5
81,6998,233.267,1020.5,310.5
81,6999,233.3,1018.5,330.5
82,7031,234.367,976.5,546.5
82,7032,234.4,970.5,542.5
82,7033,234.433,962.5,536.5
82,7034,234.467,952.5,528.5
82,7035,234.5,942.5,516.5
82,7037,234.567,922.5,470.5
82,7038,234.6,912.5,442.5
82,7039,234.633,902.5,410.5
82,7040,234.667,900.5,386.5
82,7044,234.8,914.5,298.5
82,7045,234.833,918.5,288.5
82,7046,234.867,920.5,278.5
82,7047,234.9,924.5,274.5
82,7048,234.933,928.5,272.5
82,7049,234.967,928.5,278.5
82,7050,235.0,928.5,286.5
82,7051,235.033,928.5,298.5
82,7052,235.067,928.5,312.5
82,7053,235.1,926.5,330.5
82,7055,235.167,922.5,374.5
82,7056,235.2,920.5,408.5
82,7057,235.233,920.5,436.5
82,7058,235.267,890.5,454.5
82,7059,235.3,836.5,434.5
82,7060,235.333,780.5,422.5
82,7061,235.367,730.5,404.5
82,7062,235.4,696.5,366.5
82,7063,235.433,666.5,336.5
82,7065,235.5,610.5,290.5
82,7067,235.567,554.5,258.5
82,7069,235.633,512.5,246.5
82,7070,235.667,492.5,242.5
82,7071,235.7,474.5,244.5
82,7072,235.733,458.5,246.5
82,7073,235.767,440.5,250.5
82,7074,235.8,426.5,252.5
82,7075,235.833,410.5,238.5
82,7076,235.867,398.5,220.5
82,7077,235.9,384.5,210.5
82,7081,236.033,472.5,200.5
82,7082,236.067,516.5,210.5
82,7083,236.1,548.5,216.5
82,7084,236.133,588.5,228.5
82,7085,236.167,628.5,242.5
82,7086,236.2,658.5,254.5
82,7087,236.233,700.5,274.5
82,7088,236.267,722.5,282.5
82,7090,236.333,804.5,346.5
82,7093,236.433,930.5,334.5
82,7094,236.467,980.5,340.5
82,7095,236.5,1014.5,348.5
82,7096,236.533,1054.5,356.5
82,7100,236.667,914.5,272.5
82,7101,236.7,858.5,252.5
82,7102,236.733,810.5,238.5
82,7103,236.767,772.5,228.5
82,7104,236.8,726.5,222.5
82,7105,236.833,686.5,218.5
82,7106,236.867,640.5,218.5
82,7107,236.9,618.5,220.5
82,7108,236.933,584.5,226.5
82,7109,236.967,556.5,232.5
82,7110,237.0,532.5,240.5
82,7111,237.033,504.5,250.5
82,7112,237.067,480.5,264.5
82,7114,237.133,442.5,240.5
82,7115,237.167,422.5,220.5
82,7116,237.2,408.5,206.5
82,7117,237.233,390.5,194.5
82,7118,237.267,374.5,184.5
82,7119,237.3,364.5,180.5
82,7122,237.4,408.5,172.5
82,7123,237.433,448.5,172.5
82,7124,237.467,480.5,178.5
82,7125,237.5,522.5,186.5
82,7126,237.533,558.5,196.5
82,7127,237.567,590.5,206.5
82,7128,237.6,632.5,224.5
82,7129,237.633,676.5,246.5
82,7130,237.667,700.5,260.5
82,7131,237.7,738.5,286.5
82,7132,237.733,744.5,348.5
82,7133,237.767,786.5,356.5
82,7136,237.867,924.5,328.5
82,7137,237.9,958.5,324.5
82,7138,237.933,988.5,324.5
82,7139,237.967,1038.5,322.5
82,7140,238.0,1070.5,328.5
82,7141,238.033,1104.5,336.5
82,7142,238.067,1140.5,346.5
82,7143,238.1,1174.5,360.5
82,7144,238.133,1210.5,380.5
82,7146,238.2,1222.5,386.5
82,7147,238.233,1172.5,356.5
82,7148,238.267,1124.5,326.5
82,7150,238.333,1002.5,266.5
82,7151,238.367,934.5,244.5
82,7152,238.4,884.5,232.5
82,7153,238.433,838.5,224.5
82,7154,238.467,792.5,220.5
82,7155,238.5,748.5,218.5
82,7156,238.533,712.5,222.5
82,7157,238.567,678.5,226.5
82,7158,238.6,640.5,234.5
82,7159,238.633,616.5,244.5
82,7160,238.667,594.5,252.5
82,7163,238.767,518.5,280.5
82,7164,238.8,500.5,258.5
82,7165,238.833,480.5,238.5
82,7166,238.867,460.5,220.5
82,7167,238.9,438.5,204.5
82,7168,238.933,424.5,196.5
82,7169,238.967,406.5,186.5
82,7170,239.0,390.5,180.5
82,7171,239.033,376.5,176.5
82,7175,239.167,434.5,172.5
82,7176,239.2,466.5,176.5
82,7177,239.233,496.5,180.5
82,7178,239.267,538.5,192.5
82,7179,239.3,572.5,200.5
82,7180,239.333,604.5,212.5
82,7181,239.367,638.5,228.5
82,7182,239.4,684.5,252.5
82,7183,239.433,716.5,272.5
82,7184,239.467,744.5,288.5
82,7186,239.533,820.5,358.5
82,7187,239.567,860.5,402.5
82,7189,239.633,952.5,374.5
82,7190,239.667,982.5,368.5
82,7191,239.7,1018.5,362.5
82,7192,239.733,1060.5,358.5
82,7193,239.767,1096.5,358.5
82,7194,239.8,1070.5,330.5
82,7195,239.833,1014.5,296.5
82,7196,239.867,942.5,254.5
82,7197,239.9,900.5,232.5
82,7198,239.933,856.5,214.5
82,7199,239.967,798.5,194.5
82,7200,240.0,762.5,186.5
82,7201,240.033,726.5,178.5
82,7202,240.067,686.5,174.5
82,7203,240.1,644.5,172.5
82,7204,240.133,618.5,176.5
82,7205,240.167,588.5,178.5
82,7206,240.2,560.5,186.5
82,7207,240.233,536.5,194.5
82,7208,240.267,512.5,204.5
82,7209,240.3,490.5,216.5
82,7210,240.333,476.5,226.5
82,7211,240.367,454.5,242.5
82,7212,240.4,440.5,254.5
82,7213,240.433,422.5,256.5
82,7214,240.467,404.5,234.5
82,7215,240.5,392.5,216.5
82,7216,240.533,376.5,198.5
82,7217,240.567,364.5,182.5
82,7218,240.6,350.5,168.5
82,7219,240.633,340.5,160.5
82,7223,240.767,426.5,184.5
82,7224,240.8,464.5,202.5
82,7225,240.833,516.5,228.5
82,7226,240.867,542.5,242.5
82,7229,240.967,332.5,170.5
83,7234,241.133,844.5,434.5
83,7236,241.2,988.5,378.5
83,7237,241.233,1040.5,396.5
83,7238,241.267,1092.5,420.5
83,7239,241.3,1132.5,438.5
83,7240,241.333,1100.5,402.5
83,7241,241.367,1044.5,364.5
83,7242,241.4,1010.5,340.5
83,7244,241.467,868.5,248.5
83,7245,241.5,822.5,224.5
83,7246,241.533,772.5,202.5
83,7247,241.567,724.5,182.5
83,7248,241.6,686.5,170.5
83,7249,241.633,640.5,160.5
83,7250,241.667,608.5,154.5
83,7251,241.7,574.5,150.5
83,7252,241.733,542.5,150.5
83,7253,241.767,512.5,154.5
83,7254,241.8,486.5,160.5
83,7255,241.833,460.5,166.5
83,7256,241.867,440.5,172.5
83,7257,241.9,418.5,184.5
83,7258,241.933,398.5,198.5
83,7259,241.967,378.5,210.5
83,7260,242.0,364.5,224.5
83,7261,242.033,348.5,242.5
83,7262,242.067,338.5,258.5
83,7263,242.1,322.5,242.5
83,7264,242.133,306.5,218.5
83,7265,242.167,296.5,202.5
83,7266,242.2,282.5,184.5
83,7267,242.233,270.5,168.5
83,7268,242.267,258.5,158.5
83,7269,242.3,248.5,150.5
83,7270,242.333,238.5,146.5
83,7273,242.433,320.5,134.5
83,7274,242.467,358.5,134.5
83,7275,242.5,396.5,138.5
83,7276,242.533,448.5,146.5
83,7277,242.567,482.5,154.5
83,7278,242.6,536.5,168.5
83,7279,242.633,572.5,180.5
83,7280,242.667,618.5,198.5
83,7281,242.7,648.5,210.5
83,7282,242.733,702.5,240.5
83,7283,242.767,740.5,262.5
83,7284,242.8,786.5,292.5
83,7285,242.833,810.5,304.5
83,7286,242.867,864.5,314.5
83,7287,242.9,906.5,304.5
83,7288,242.933,934.5,296.5
83,7289,242.967,1000.5,282.5
83,7290,243.0,1032.5,284.5
83,7291,243.033,1074.5,280.5
83,7292,243.067,1108.5,284.5
83,7293,243.1,1162.5,292.5
83,7294,243.133,1190.5,298.5
83,7295,243.167,1230.5,310.5
83,7296,243.2,1258.5,322.5
83,7299,243.3,1218.5,298.5
83,7300,243.333,1180.5,278.5
83,7303,243.433,930.5,194.5
83,7304,243.467,880.5,186.5
83,7305,243.5,826.5,178.5
83,7306,243.533,776.5,174.5
83,7307,243.567,726.5,174.5
83,7308,243.6,684.5,178.5
83,7309,243.633,638.5,186.5
83,7310,243.667,604.5,196.5
83,7311,243.7,570.5,208.5
83,7312,243.733,538.5,222.5
83,7313,243.767,520.5,232.5
83,7314,243.8,488.5,252.5
83,7315,243.833,466.5,248.5
83,7317,243.9,414.5,198.5
83,7318,243.933,396.5,182.5
83,7319,243.967,374.5,168.5
83,7320,244.0,356.5,158.5
83,7321,244.033,336.5,150.5
83,7325,244.167,398.5,130.5
83,7326,244.2,434.5,130.5
83,7327,244.233,476.5,132.5
83,7328,244.267,524.5,140.5
83,7329,244.3,554.5,148.5
83,7330,244.333,598.5,160.5
83,7331,244.367,636.5,174.5
83,7332,244.4,686.5,194.5
83,7333,244.433,724.5,214.5
83,7334,244.467,764.5,238.5
83,7335,244.5,804.5,264.5
83,7336,244.533,858.5,308.5
83,7337,244.567,874.5,318.5
83,7339,244.633,966.5,406.5
83,7340,244.667,1002.5,442.5
83,7341,244.7,1038.5,490.5
83,7342,244.733,1070.5,532.5
83,7343,244.767,1108.5,586.5
83,7344,244.8,1146.5,648.5
83,7345,244.833,1178.5,686.5
83,7346,244.867,1214.5,678.5
83,7347,244.9,1248.5,674.5
84,7360,245.333,1176.5,614.5
84,7362,245.4,1126.5,624.5
84,7363,245.433,1098.5,634.5
84,7364,245.467,1078.5,638.5
84,7365,245.5,1072.5,624.5
84,7366,245.533,1070.5,612.5
84,7367,245.567,1064.5,602.5
84,7368,245.6,1062.5,594.5
84,7369,245.633,1054.5,592.5
84,7370,245.667,1048.5,586.5
84,7372,245.733,1032.5,588.5
84,7375,245.833,992.5,676.5
84,7376,245.867,998.5,662.5
84,7380,246.0,998.5,594.5
84,7381,246.033,996.5,588.5
84,7382,246.067,996.5,598.5
84,7386,246.2,988.5,610.5
84,7387,246.233,984.5,614.5
84,7388,246.267,984.5,618.5
85,7393,246.433,968.5,608.5
85,7395,246.5,968.5,600.5
85,7398,246.6,1128.5,562.5
85,7400,246.667,992.5,600.5
85,7401,246.7,994.5,598.5
85,7402,246.733,994.5,596.5
85,7403,246.767,994.5,606.5
85,7404,246.8,990.5,604.5
86,7500,250.0,924.5,464.5
86,7501,250.033,906.5,432.5
86,7502,250.067,908.5,416.5
86,7503,250.1,902.5,388.5
86,7504,250.133,910.5,370.5
86,7507,250.233,914.5,304.5
86,7508,250.267,918.5,294.5
86,7509,250.3,920.5,282.5
86,7510,250.333,926.5,282.5
86,7511,250.367,928.5,278.5
86,7512,250.4,928.5,282.5
86,7513,250.433,928.5,290.5
86,7514,250.467,928.5,302.5
86,7515,250.5,928.5,318.5
86,7516,250.533,928.5,330.5
86,7518,250.6,922.5,382.5
86,7519,250.633,924.5,408.5
86,7520,250.667,920.5,432.5
86,7522,250.733,870.5,466.5
86,7523,250.767,796.5,460.5
86,7524,250.8,748.5,398.5
86,7525,250.833,714.5,360.5
86,7526,250.867,682.5,330.5
86,7528,250.933,618.5,280.5
86,7529,250.967,586.5,264.5
86,7530,251.0,562.5,254.5
86,7531,251.033,538.5,244.5
86,7532,251.067,518.5,242.5
86,7534,251.133,476.5,242.5
86,7535,251.167,460.5,246.5
86,7536,251.2,444.5,250.5
86,7537,251.233,430.5,252.5
86,7538,251.267,416.5,236.5
86,7539,251.3,402.5,218.5
86,7540,251.333,392.5,204.5
86,7543,251.433,432.5,186.5
86,7544,251.467,462.5,186.5
86,7545,251.5,490.5,188.5
86,7546,251.533,530.5,196.5
86,7548,251.6,588.5,212.5
86,7549,251.633,620.5,226.5
86,7550,251.667,642.5,236.5
86,7551,251.7,684.5,258.5
86,7552,251.733,714.5,276.5
86,7553,251.767,738.5,298.5
86,7554,251.8,778.5,326.5
86,7555,251.833,806.5,354.5
86,7556,251.867,826.5,370.5
86,7557,251.9,842.5,386.5
86,7559,251.967,936.5,332.5
86,7560,252.0,974.5,338.5
86,7561,252.033,1002.5,342.5
86,7564,252.133,896.5,280.5
86,7565,252.167,850.5,262.5
86,7566,252.2,792.5,242.5
86,7567,252.233,742.5,230.5
86,7568,252.267,694.5,220.5
86,7569,252.3,642.5,212.5
86,7570,252.333,614.5,210.5
86,7571,252.367,572.5,210.5
86,7572,252.4,542.5,214.5
86,7573,252.433,512.5,220.5
86,7574,252.467,492.5,226.5
86,7575,252.5,464.5,234.5
86,7576,252.533,438.5,248.5
86,7577,252.567,422.5,250.5
86,7578,252.6,398.5,224.5
86,7579,252.633,380.5,208.5
86,7580,252.667,364.5,192.5
86,7581,252.7,346.5,180.5
86,7582,252.733,330.5,170.5
86,7583,252.767,348.5,170.5
86,7584,252.8,386.5,170.5
86,7585,252.833,422.5,176.5
86,7586,252.867,458.5,182.5
86,7587,252.9,492.5,192.5
86,7588,252.933,536.5,210.5
86,7589,252.967,570.5,226.5
86,7590,253.0,604.5,244.5
86,7591,253.033,630.5,256.5
86,7593,253.1,714.5,326.5
86,7594,253.133,736.5,334.5
86,7595,253.167,750.5,346.5
86,7596,253.2,820.5,306.5
86,7597,253.233,842.5,306.5
86,7598,253.267,894.5,306.5
86,7599,253.3,922.5,306.5
86,7600,253.333,958.5,318.5
86,7601,253.367,1000.5,328.5
86,7602,253.4,1030.5,338.5
86,7603,253.433,1068.5,358.5
86,7605,253.5,1030.5,330.5
86,7606,253.533,996.5,306.5
86,7607,253.567,920.5,270.5
86,7608,253.6,870.5,248.5
86,7609,253.633,826.5,234.5
86,7610,253.667,786.5,222.5
86,7611,253.7,744.5,214.5
86,7612,253.733,706.5,210.5
86,7613,253.767,678.5,210.5
86,7614,253.8,638.5,214.5
86,7615,253.833,610.5,220.5
86,7616,253.867,586.5,226.5
86,7617,253.9,558.5,238.5
86,7618,253.933,542.5,248.5
86,7619,253.967,518.5,262.5
86,7620,254.0,498.5,256.5
86,7621,254.033,476.5,228.5
86,7622,254.067,460.5,214.5
86,7623,254.1,444.5,200.5
86,7624,254.133,428.5,188.5
86,7625,254.167,412.5,178.5
86,7626,254.2,400.5,174.5
86,7627,254.233,382.5,170.5
86,7628,254.267,398.5,170.5
86,7629,254.3,432.5,174.5
86,7630,254.333,460.5,178.5
86,7631,254.367,488.5,186.5
86,7632,254.4,528.5,204.5
86,7633,254.433,554.5,216.5
86,7634,254.467,584.5,234.5
86,7635,254.5,614.5,254.5
86,7636,254.533,644.5,276.5
86,7638,254.6,714.5,340.5
86,7639,254.633,746.5,380.5
86,7640,254.667,794.5,420.5
86,7641,254.7,830.5,410.5
86,7642,254.733,868.5,410.5
86,7643,254.767,908.5,412.5
86,7644,254.8,938.5,418.5
86,7645,254.833,988.5,430.5
86,7648,254.933,904.5,318.5
86,7649,254.967,856.5,274.5
86,7650,255.0,814.5,244.5
86,7651,255.033,780.5,224.5
86,7652,255.067,738.5,200.5
86,7653,255.1,702.5,180.5
86,7654,255.133,678.5,172.5
86,7655,255.167,642.5,160.5
86,7656,255.2,618.5,154.5
86,7657,255.233,592.5,154.5
86,7658,255.267,570.5,154.5
86,7659,255.3,548.5,160.5
86,7660,255.333,530.5,164.5
86,7661,255.367,514.5,174.5
86,7662,255.4,498.5,186.5
86,7663,255.433,486.5,194.5
86,7664,255.467,474.5,210.5
86,7665,255.5,462.5,226.5
86,7666,255.533,454.5,242.5
86,7667,255.567,446.5,258.5
86,7668,255.6,436.5,266.5
86,7669,255.633,428.5,246.5
86,7670,255.667,418.5,218.5
86,7671,255.7,410.5,200.5
86,7672,255.733,400.5,182.5
86,7673,255.767,394.5,168.5
86,7674,255.8,386.5,154.5
86,7675,255.833,380.5,146.5
86,7676,255.867,376.5,138.5
86,7677,255.9,370.5,134.5
86,7678,255.933,364.5,132.5
86,7679,255.967,358.5,136.5
86,7680,256.0,370.5,140.5
86,7681,256.033,410.5,150.5
86,7682,256.067,446.5,166.5
86,7683,256.1,478.5,182.5
86,7684,256.133,520.5,206.5
86,7685,256.167,542.5,218.5
86,7686,256.2,582.5,246.5
86,7687,256.233,622.5,278.5
86,7689,256.3,668.5,330.5
86,7690,256.333,690.5,346.5
86,7691,256.367,752.5,308.5
86,7692,256.4,796.5,300.5
86,7693,256.433,822.5,304.5
86,7694,256.467,850.5,306.5
86,7695,256.5,900.5,308.5
86,7696,256.533,936.5,318.5
86,7697,256.567,974.5,328.5
86,7698,256.6,1010.5,342.5
86,7699,256.633,1048.5,360.5
86,7700,256.667,1086.5,384.5
86,7701,256.7,1114.5,400.5
86,7702,256.733,1152.5,432.5
86,7703,256.767,1180.5,454.5
86,7707,256.9,896.5,266.5
86,7708,256.933,850.5,246.5
86,7709,256.967,798.5,224.5
86,7710,257.0,756.5,210.5
86,7711,257.033,716.5,202.5
86,7712,257.067,682.5,194.5
86,7713,257.1,642.5,194.5
86,7714,257.133,614.5,194.5
86,7715,257.167,588.5,196.5
86,7716,257.2,560.5,202.5
86,7717,257.233,538.5,210.5
86,7718,257.267,520.5,218.5
86,7719,257.3,502.5,226.5
86,7720,257.333,484.5,242.5
86,7721,257.367,466.5,222.5
86,7722,257.4,450.5,200.5
86,7723,257.433,438.5,186.5
86,7724,257.467,422.5,170.5
86,7726,257.533,398.5,152.5
86,7727,257.567,426.5,150.5
86,7728,257.6,462.5,146.5
86,7729,257.633,490.5,152.5
86,7730,257.667,528.5,162.5
86,7731,257.7,556.5,168.5
86,7732,257.733,592.5,180.5
86,7733,257.767,624.5,194.5
86,7734,257.8,642.5,202.5
86,7735,257.833,688.5,230.5
86,7736,257.867,714.5,246.5
86,7737,257.9,742.5,266.5
86,7738,257.933,772.5,292.5
86,7741,258.033,884.5,322.5
86,7742,258.067,918.5,320.5
86,7743,258.1,948.5,316.5
86,7744,258.133,998.5,314.5
86,7745,258.167,1028.5,320.5
86,7746,258.2,1054.5,324.5
86,7747,258.233,1090.5,334.5
86,7748,258.267,1134.5,354.5
86,7749,258.3,1162.5,368.5
86,7750,258.333,1194.5,386.5
86,7751,258.367,1226.5,408.5
86,7753,258.433,1208.5,406.5
86,7754,258.467,1138.5,362.5
86,7755,258.5,1080.5,328.5
86,7756,258.533,1016.5,294.5
86,7757,258.567,940.5,258.5
86,7758,258.6,900.5,244.5
86,7759,258.633,850.5,230.5
86,7760,258.667,800.5,218.5
86,7761,258.7,766.5,212.5
86,7762,258.733,730.5,210.5
86,7763,258.767,694.5,212.5
86,7764,258.8,674.5,212.5
86,7766,258.867,616.5,226.5
86,7767,258.9,594.5,234.5
86,7768,258.933,574.5,244.5
86,7769,258.967,554.5,226.5
86,7770,259.0,536.5,206.5
86,7771,259.033,524.5,192.5
86,7772,259.067,504.5,176.5
86,7773,259.1,490.5,164.5
86,7774,259.133,476.5,154.5
86,7775,259.167,466.5,150.5
86,7776,259.2,450.5,148.5
86,7777,259.233,464.5,146.5
86,7778,259.267,474.5,146.5
86,7779,259.3,500.5,146.5
86,7780,259.333,518.5,150.5
86,7781,259.367,536.5,158.5
86,7782,259.4,558.5,168.5
86,7783,259.433,580.5,182.5
86,7784,259.467,602.5,198.5
86,7785,259.5,616.5,210.5
86,7786,259.533,638.5,234.5
86,7787,259.567,656.5,256.5
86,7790,259.667,722.5,358.5
86,7791,259.7,742.5,350.5
86,7792,259.733,764.5,342.5
86,7793,259.767,782.5,338.5
86,7794,259.8,804.5,338.5
86,7795,259.833,828.5,342.5
86,7796,259.867,846.5,346.5
86,7797,259.9,868.5,354.5
86,7798,259.933,892.5,370.5
86,7799,259.967,912.5,386.5
86,7800,260.0,934.5,404.5
86,7802,260.067,794.5,300.5
86,7803,260.1,754.5,286.5
86,7804,260.133,706.5,262.5
86,7805,260.167,642.5,230.5
86,7806,260.2,608.5,218.5
86,7807,260.233,566.5,206.5
86,7808,260.267,530.5,196.5
86,7809,260.3,486.5,190.5
86,7810,260.333,452.5,188.5
86,7811,260.367,426.5,190.5
86,7812,260.4,394.5,194.5
86,7813,260.433,366.5,198.5
86,7814,260.467,348.5,204.5
86,7815,260.5,320.5,216.5
86,7817,260.567,284.5,240.5
86,7818,260.6,266.5,254.5
86,7819,260.633,252.5,270.5
86,7820,260.667,240.5,284.5
86,7821,260.7,226.5,306.5
86,7822,260.733,218.5,320.5
86,7823,260.767,212.5,334.5
86,7824,260.8,202.5,360.5
86,7825,260.833,198.5,376.5
86,7826,260.867,192.5,392.5
86,7827,260.9,182.5,390.5
86,7828,260.933,170.5,374.5
86,7829,260.967,160.5,362.5
86,7830,261.0,150.5,350.5
86,7831,261.033,142.5,342.5
86,7832,261.067,132.5,334.5
86,7833,261.1,122.5,330.5
86,7834,261.133,116.5,328.5
86,7835,261.167,110.5,328.5
86,7836,261.2,102.5,328.5
86,7837,261.233,94.5,330.5
86,7839,261.3,88.5,342.5
86,7840,261.333,82.5,350.5
86,7841,261.367,78.5,360.5
86,7842,261.4,76.5,370.5
86,7843,261.433,68.5,372.5
86,7844,261.467,64.5,366.5
86,7845,261.5,62.5,362.5
86,7846,261.533,58.5,362.5
86,7848,261.6,56.5,364.5
86,7849,261.633,50.5,368.5
86,7850,261.667,50.5,378.5
86,7851,261.7,50.5,388.5
86,7852,261.733,50.5,398.5
86,7853,261.767,46.5,394.5
86,7854,261.8,38.5,394.5
86,7855,261.833,36.5,392.5
87,8017,267.233,326.5,238.5
87,8019,267.3,316.5,242.5
87,8020,267.333,310.5,242.5
87,8021,267.367,306.5,240.5
87,8022,267.4,302.5,246.5
88,8030,267.667,192.5,218.5
88,8033,267.767,286.5,266.5
88,8034,267.8,282.5,260.5
88,8035,267.833,282.5,250.5
88,8036,267.867,276.5,240.5
88,8037,267.9,298.5,222.5
88,8038,267.933,272.5,210.5
88,8039,267.967,266.5,204.5
88,8040,268.0,266.5,194.5
88,8041,268.033,264.5,186.5
88,8042,268.067,264.5,184.5
88,8043,268.1,264.5,184.5
88,8044,268.133,264.5,186.5
88,8045,268.167,262.5,194.5
88,8046,268.2,262.5,200.5
89,8052,268.4,376.5,282.5
89,8053,268.433,408.5,268.5
89,8054,268.467,440.5,266.5
89,8055,268.5,470.5,264.5
89,8056,268.533,500.5,264.5
89,8057,268.567,528.5,266.5
89,8059,268.633,606.5,286.5
89,8061,268.7,616.5,360.5
89,8062,268.733,698.5,330.5
89,8063,268.767,732.5,354.5
89,8064,268.8,766.5,366.5
89,8065,268.833,798.5,354.5
89,8066,268.867,802.5,394.5
89,8067,268.9,826.5,402.5
89,8068,268.933,850.5,414.5
89,8070,269.0,870.5,314.5
89,8072,269.067,802.5,276.5
89,8073,269.1,762.5,256.5
89,8076,269.2,680.5,236.5
89,8077,269.233,642.5,234.5
89,8078,269.267,626.5,234.5
89,8080,269.333,576.5,242.5
89,8081,269.367,558.5,248.5
89,8082,269.4,530.5,260.5
89,8083,269.433,512.5,268.5
89,8084,269.467,494.5,282.5
89,8085,269.5,478.5,280.5
89,8086,269.533,462.5,262.5
89,8087,269.567,446.5,244.5
89,8088,269.6,432.5,230.5
89,8089,269.633,420.5,220.5
89,8090,269.667,408.5,212.5
89,8091,269.7,394.5,206.5
89,8092,269.733,384.5,204.5
89,8093,269.767,428.5,204.5
89,8095,269.833,518.5,216.5
89,8096,269.867,554.5,226.5
89,8097,269.9,598.5,236.5
89,8098,269.933,638.5,250.5
89,8099,269.967,690.5,270.5
89,8100,270.0,718.5,282.5
89,8101,270.033,762.5,324.5
89,8103,270.1,858.5,314.5
89,8104,270.133,898.5,308.5
89,8105,270.167,926.5,306.5
89,8107,270.233,1014.5,308.5
89,8109,270.3,1000.5,266.5
89,8110,270.333,948.5,234.5
89,8111,270.367,914.5,214.5
89,8112,270.4,874.5,192.5
89,8113,270.433,842.5,178.5
89,8114,270.467,794.5,160.5
89,8115,270.5,760.5,150.5
89,8116,270.533,730.5,146.5
89,8117,270.567,694.5,144.5
89,8118,270.6,670.5,144.5
89,8119,270.633,634.5,146.5
89,8120,270.667,604.5,152.5
89,8121,270.7,582.5,158.5
89,8122,270.733,558.5,168.5
89,8123,270.767,534.5,182.5
89,8124,270.8,512.5,194.5
89,8125,270.833,488.5,214.5
89,8126,270.867,476.5,224.5
89,8127,270.9,456.5,240.5
89,8128,270.933,442.5,226.5
89,8129,270.967,424.5,200.5
89,8131,271.033,396.5,168.5
89,8132,271.067,380.5,158.5
89,8133,271.1,366.5,150.5
89,8134,271.133,350.5,144.5
89,8135,271.167,340.5,138.5
89,8139,271.3,396.5,138.5
89,8140,271.333,428.5,140.5
89,8141,271.367,462.5,146.5
89,8142,271.4,496.5,158.5
89,8143,271.433,542.5,172.5
89,8144,271.467,576.5,186.5
89,8145,271.5,616.5,206.5
89,8146,271.533,642.5,218.5
89,8147,271.567,692.5,250.5
89,8148,271.6,732.5,278.5
89,8149,271.633,734.5,356.5
89,8150,271.667,790.5,356.5
89,8151,271.7,834.5,370.5
89,8153,271.767,942.5,340.5
89,8154,271.8,970.5,338.5
89,8155,271.833,1012.5,334.5
89,8156,271.867,1054.5,334.5
89,8157,271.9,1094.5,338.5
89,8158,271.933,1142.5,346.5
89,8159,271.967,1184.5,356.5
89,8160,272.0,1226.5,370.5
89,8161,272.033,1256.5,382.5
89,8164,272.133,1160.5,328.5
89,8166,272.2,1022.5,262.5
89,8169,272.3,774.5,182.5
89,8170,272.333,720.5,174.5
89,8171,272.367,680.5,170.5
89,8172,272.4,632.5,170.5
89,8173,272.433,588.5,172.5
89,8174,272.467,552.5,180.5
89,8175,272.5,528.5,184.5
89,8176,272.533,496.5,196.5
89,8177,272.567,472.5,208.5
89,8178,272.6,454.5,222.5
89,8179,272.633,432.5,236.5
89,8180,272.667,410.5,218.5
89,8181,272.7,396.5,198.5
89,8182,272.733,376.5,170.5
89,8183,272.767,364.5,154.5
89,8186,272.867,376.5,132.5
89,8187,272.9,402.5,130.5
89,8188,272.933,430.5,134.5
89,8189,272.967,458.5,142.5
89,8190,273.0,482.5,150.5
89,8191,273.033,526.5,168.5
89,8192,273.067,546.5,180.5
89,8193,273.1,572.5,196.5
89,8194,273.133,608.5,222.5
89,8195,273.167,636.5,246.5
89,8196,273.2,656.5,264.5
89,8198,273.267,684.5,386.5
89,8199,273.3,752.5,392.5
89,8200,273.333,790.5,386.5
89,8201,273.367,826.5,372.5
89,8202,273.4,858.5,368.5
89,8205,273.5,968.5,374.5
89,8206,273.533,1006.5,382.5
89,8207,273.567,1040.5,394.5
89,8208,273.6,1078.5,408.5
89,8209,273.633,1120.5,434.5
89,8210,273.667,1158.5,458.5
89,8211,273.7,1194.5,486.5
89,8213,273.767,1178.5,488.5
89,8215,273.833,1046.5,384.5
89,8218,273.933,836.5,262.5
89,8219,273.967,780.5,238.5
89,8220,274.0,736.5,224.5
89,8221,274.033,694.5,214.5
89,8222,274.067,652.5,206.5
89,8223,274.1,626.5,206.5
89,8224,274.133,592.5,210.5
89,8225,274.167,572.5,212.5
89,8226,274.2,544.5,220.5
89,8227,274.233,524.5,228.5
89,8228,274.267,510.5,236.5
89,8229,274.3,490.5,250.5
89,8230,274.333,476.5,264.5
89,8231,274.367,460.5,248.5
89,8232,274.4,448.5,226.5
89,8234,274.467,422.5,186.5
89,8235,274.5,410.5,170.5
89,8236,274.533,398.5,160.5
89,8237,274.567,390.5,152.5
89,8238,274.6,378.5,150.5
89,8240,274.667,416.5,148.5
89,8241,274.7,454.5,154.5
89,8242,274.733,494.5,162.5
89,8243,274.767,534.5,176.5
89,8244,274.8,564.5,186.5
89,8245,274.833,602.5,202.5
89,8246,274.867,640.5,220.5
89,8247,274.9,684.5,242.5
89,8248,274.933,722.5,266.5
89,8249,274.967,760.5,290.5
89,8250,275.0,770.5,346.5
89,8251,275.033,840.5,358.5
89,8253,275.1,940.5,334.5
89,8254,275.133,984.5,334.5
89,8255,275.167,1030.5,332.5
89,8256,275.2,1076.5,332.5
89,8257,275.233,1134.5,340.5
89,8258,275.267,1168.5,346.5
89,8259,275.3,1208.5,356.5
89,8260,275.333,1200.5,326.5
89,8261,275.367,1170.5,292.5
89,8262,275.4,1138.5,266.5
89,8263,275.433,1092.5,218.5
89,8264,275.467,1068.5,206.5
90,8271,275.7,838.5,154.5
90,8272,275.733,802.5,168.5
90,8273,275.767,784.5,178.5
90,8274,275.8,760.5,190.5
90,8275,275.833,734.5,206.5
90,8276,275.867,714.5,222.5
90,8277,275.9,694.5,238.5
90,8278,275.933,678.5,256.5
90,8282,276.067,612.5,280.5
90,8283,276.1,598.5,248.5
90,8284,276.133,584.5,224.5
90,8285,276.167,574.5,210.5
90,8286,276.2,562.5,194.5
90,8287,276.233,550.5,182.5
90,8288,276.267,538.5,172.5
90,8289,276.3,528.5,166.5
90,8290,276.333,516.5,162.5
90,8291,276.367,506.5,160.5
90,8292,276.4,496.5,162.5
90,8293,276.433,486.5,166.5
90,8294,276.467,478.5,174.5
90,8295,276.5,470.5,182.5
90,8296,276.533,462.5,194.5
90,8297,276.567,454.5,206.5
90,8298,276.6,448.5,218.5
90,8299,276.633,440.5,238.5
90,8300,276.667,436.5,252.5
90,8301,276.7,428.5,270.5
90,8302,276.733,422.5,258.5
90,8303,276.767,408.5,234.5
90,8304,276.8,400.5,218.5
90,8305,276.833,390.5,202.5
90,8306,276.867,382.5,192.5
90,8307,276.9,374.5,182.5
90,8308,276.933,364.5,178.5
90,8309,276.967,358.5,172.5
90,8310,277.0,350.5,172.5
90,8311,277.033,344.5,172.5
90,8312,277.067,340.5,176.5
90,8313,277.1,330.5,184.5
90,8314,277.133,328.5,188.5
