frame,x_px,y_px,score
49,752.5,298.5,0.708
59,80.5,486.5,0.882
62,512.5,490.5,0.995
65,552.5,690.5,0.986
68,494.5,448.5,0.708
136,368.5,606.5,0.59
195,892.5,348.5,0.666
196,880.5,342.5,0.985
202,950.5,190.5,0.969
212,768.5,328.5,0.9
223,780.5,174.5,0.994
232,736.5,170.5,0.983
233,730.5,180.5,0.994
237,816.5,326.5,0.588
243,68.5,522.5,0.873
250,628.5,154.5,0.951
254,618.5,130.5,0.864
255,606.5,130.5,0.991
346,6.5,504.5,0.996
347,16.5,504.5,0.995
348,30.5,502.5,0.995
349,48.5,500.5,0.995
350,66.5,496.5,0.995
351,84.5,492.5,0.988
352,100.5,490.5,0.829
353,120.5,484.5,0.978
354,132.5,486.5,0.991
355,148.5,484.5,0.995
356,162.5,478.5,0.931
357,174.5,474.5,0.995
358,190.5,472.5,0.993
359,202.5,470.5,0.995
388,198.5,418.5,0.585
389,196.5,416.5,0.974
394,204.5,442.5,0.904
397,238.5,374.5,0.994
398,242.5,360.5,0.944
402,276.5,346.5,0.919
403,286.5,348.5,0.995
404,294.5,360.5,0.994
405,308.5,372.5,0.989
406,316.5,388.5,0.993
407,326.5,404.5,0.995
408,344.5,418.5,0.99
409,354.5,416.5,0.689
428,252.5,342.5,0.708
446,312.5,390.5,0.905
447,292.5,378.5,0.988
448,300.5,334.5,0.968
449,302.5,314.5,0.994
450,310.5,292.5,0.996
451,308.5,278.5,0.983
452,320.5,266.5,0.996
453,326.5,260.5,0.997
454,336.5,258.5,0.998
455,344.5,258.5,0.997
456,352.5,264.5,0.963
457,362.5,274.5,0.996
458,370.5,288.5,0.991
459,376.5,300.5,0.995
460,388.5,322.5,0.995
461,396.5,342.5,0.991
462,400.5,360.5,0.981
479,424.5,350.5,0.965
503,844.5,356.5,0.852
523,576.5,274.5,0.986
524,580.5,266.5,0.99
525,584.5,258.5,0.82
526,552.5,412.5,0.946
528,606.5,274.5,0.997
529,610.5,282.5,0.993
530,616.5,298.5,0.994
531,626.5,312.5,0.993
532,630.5,334.5,0.986
588,1126.5,478.5,0.99
689,1078.5,494.5,0.959
690,1064.5,490.5,0.996
691,1054.5,488.5,0.989
692,1040.5,486.5,0.994
693,1030.5,482.5,0.993
694,1022.5,482.5,0.995
695,1012.5,478.5,0.993
696,1004.5,478.5,0.985
697,996.5,476.5,0.893
698,990.5,476.5,0.989
700,972.5,474.5,0.967
702,956.5,478.5,0.946
782,496.5,602.5,0.536
784,324.5,136.5,0.916
788,352.5,194.5,0.994
790,372.5,210.5,0.898
793,386.5,190.5,0.898
839,326.5,198.5,0.595
858,888.5,248.5,0.994
859,894.5,228.5,0.995
860,898.5,210.5,0.998
861,904.5,196.5,0.997
862,904.5,188.5,0.996
863,910.5,182.5,0.82
864,912.5,180.5,0.996
865,912.5,188.5,0.993
866,914.5,196.5,0.998
867,914.5,208.5,0.997
868,916.5,220.5,0.995
869,914.5,242.5,0.994
870,914.5,264.5,0.998
871,912.5,286.5,0.985
872,912.5,310.5,0.996
873,908.5,342.5,0.962
874,902.5,374.5,0.995
875,906.5,402.5,0.986
876,868.5,418.5,0.824
877,812.5,414.5,0.986
878,766.5,408.5,0.995
879,724.5,390.5,0.994
880,682.5,346.5,0.995
881,654.5,320.5,0.996
882,624.5,296.5,0.995
883,598.5,282.5,0.997
884,570.5,262.5,0.997
885,544.5,252.5,0.994
886,518.5,248.5,0.994
887,500.5,244.5,0.997
888,480.5,244.5,0.997
889,460.5,246.5,0.997
890,444.5,250.5,0.996
891,428.5,254.5,0.995
892,412.5,240.5,0.996
893,400.5,224.5,0.995
894,386.5,212.5,0.994
895,384.5,204.5,0.991
896,416.5,202.5,0.977
897,450.5,198.5,0.996
898,480.5,202.5,0.997
899,518.5,208.5,0.995
900,550.5,214.5,0.997
901,586.5,226.5,0.996
902,618.5,236.5,0.997
903,646.5,248.5,0.997
904,688.5,268.5,0.997
905,730.5,288.5,0.994
906,754.5,306.5,0.993
907,792.5,336.5,0.991
908,828.5,346.5,0.995
909,860.5,338.5,0.98
910,896.5,332.5,0.766
911,934.5,332.5,0.997
912,962.5,334.5,0.898
913,924.5,308.5,0.98
914,870.5,274.5,0.996
915,826.5,252.5,0.998
916,786.5,234.5,0.998
917,744.5,220.5,0.998
918,706.5,210.5,0.997
919,676.5,202.5,0.999
920,638.5,198.5,0.997
921,608.5,196.5,0.996
922,580.5,198.5,0.996
923,554.5,202.5,0.996
924,532.5,206.5,0.995
925,508.5,214.5,0.996
926,488.5,224.5,0.995
927,466.5,234.5,0.991
928,450.5,242.5,0.996
929,434.5,218.5,0.995
930,418.5,202.5,0.996
931,400.5,186.5,0.994
932,390.5,178.5,0.994
934,408.5,174.5,0.929
935,448.5,180.5,0.991
936,484.5,186.5,0.996
937,522.5,200.5,0.995
938,552.5,212.5,0.996
939,586.5,228.5,0.997
940,620.5,248.5,0.998
941,650.5,268.5,0.997
942,688.5,294.5,0.996
943,718.5,322.5,0.995
944,752.5,334.5,0.995
945,784.5,330.5,0.995
946,818.5,326.5,0.994
947,856.5,332.5,0.992
948,892.5,336.5,0.993
949,928.5,342.5,0.993
950,970.5,358.5,0.995
951,1000.5,370.5,0.996
952,1032.5,388.5,0.996
953,1064.5,406.5,0.996
954,996.5,350.5,0.951
955,952.5,318.5,0.97
956,898.5,278.5,0.992
957,852.5,250.5,0.996
958,802.5,220.5,0.998
959,758.5,200.5,0.998
960,718.5,184.5,0.997
961,680.5,172.5,0.997
962,644.5,166.5,0.998
963,614.5,162.5,0.995
964,584.5,162.5,0.993
965,558.5,164.5,0.994
966,532.5,168.5,0.996
967,510.5,172.5,0.994
968,490.5,182.5,0.997
969,472.5,192.5,0.998
970,456.5,202.5,0.997
971,440.5,216.5,0.997
972,426.5,232.5,0.997
973,408.5,240.5,0.995
974,398.5,216.5,0.998
975,384.5,198.5,0.998
976,372.5,182.5,0.997
977,358.5,164.5,0.996
978,350.5,154.5,0.994
979,344.5,146.5,0.996
980,328.5,140.5,0.994
981,358.5,136.5,0.981
982,404.5,132.5,0.966
983,436.5,130.5,0.995
984,478.5,134.5,0.996
985,514.5,140.5,0.994
986,558.5,150.5,0.997
987,598.5,162.5,0.997
988,636.5,176.5,0.996
989,682.5,196.5,0.997
990,720.5,216.5,0.998
991,758.5,238.5,0.998
992,802.5,266.5,0.997
993,852.5,308.5,0.995
994,878.5,328.5,0.995
995,932.5,386.5,0.988
996,960.5,412.5,0.993
997,996.5,454.5,0.992
998,1026.5,492.5,0.98
1000,1102.5,606.5,0.783
1001,1124.5,646.5,0.995
1012,312.5,212.5,0.993
1014,312.5,210.5,0.921
1032,1088.5,692.5,0.996
1033,1086.5,686.5,0.996
1034,1084.5,684.5,0.997
1035,1086.5,686.5,0.996
1036,1082.5,690.5,0.998
1037,1080.5,694.5,0.996
1038,1080.5,702.5,0.536
1041,288.5,168.5,0.935
1064,264.5,186.5,0.919
1071,336.5,280.5,0.557
1072,360.5,278.5,0.907
1074,964.5,530.5,0.912
1080,958.5,522.5,0.992
1082,952.5,532.5,0.946
1083,950.5,538.5,0.997
1084,950.5,542.5,0.853
1096,352.5,280.5,0.982
1097,344.5,284.5,0.89
1099,144.5,202.5,0.541
1111,306.5,162.5,0.52
1131,338.5,278.5,0.588
1180,726.5,470.5,0.992
1186,888.5,530.5,0.723
1200,666.5,294.5,0.671
1267,906.5,286.5,0.986
1268,934.5,324.5,0.988
1269,848.5,342.5,0.974
1270,806.5,320.5,0.993
1271,770.5,300.5,0.996
1272,726.5,282.5,0.998
1273,690.5,270.5,0.998
1274,648.5,258.5,0.996
1275,616.5,250.5,0.998
1276,580.5,246.5,0.997
1277,548.5,242.5,0.996
1278,516.5,244.5,0.993
1279,494.5,244.5,0.997
1280,466.5,248.5,0.996
1281,444.5,254.5,0.995
1282,424.5,262.5,0.997
1283,402.5,264.5,0.996
1284,384.5,248.5,0.996
1285,364.5,230.5,0.998
1286,348.5,220.5,0.924
1287,352.5,220.5,0.993
1288,374.5,220.5,0.987
1289,392.5,226.5,0.996
1290,414.5,234.5,0.994
1291,434.5,246.5,0.997
1292,454.5,258.5,0.998
1293,476.5,274.5,0.996
1294,496.5,292.5,0.996
1296,512.5,328.5,0.992
1297,502.5,332.5,0.996
1298,502.5,336.5,0.911
1300,476.5,314.5,0.998
1301,470.5,306.5,0.998
1302,462.5,302.5,0.999
1303,454.5,298.5,0.998
1304,446.5,298.5,0.997
1305,440.5,298.5,0.997
1306,434.5,304.5,0.999
1307,430.5,310.5,0.998
1308,422.5,314.5,0.997
1309,414.5,306.5,0.998
1310,408.5,294.5,0.998
1311,402.5,288.5,0.998
1312,396.5,286.5,0.998
1313,388.5,284.5,0.996
1314,382.5,286.5,0.998
1315,376.5,288.5,0.997
1316,374.5,294.5,0.998
1317,366.5,296.5,0.998
1318,362.5,288.5,0.997
1319,356.5,278.5,0.998
1320,350.5,274.5,0.998
1321,344.5,272.5,0.996
1322,340.5,272.5,0.997
1323,334.5,274.5,0.999
1324,332.5,278.5,0.997
1325,326.5,284.5,0.996
1326,322.5,276.5,0.998
1327,318.5,272.5,0.995
1328,312.5,264.5,0.995
1329,306.5,262.5,0.995
1330,302.5,264.5,0.996
1331,300.5,266.5,0.995
1332,298.5,270.5,0.995
1333,290.5,272.5,0.995
1334,288.5,262.5,0.998
1335,284.5,256.5,0.997
1336,280.5,254.5,0.997
1337,276.5,254.5,0.998
1338,272.5,254.5,0.995
1339,270.5,260.5,0.997
1340,264.5,270.5,0.995
1341,264.5,276.5,0.995
1343,494.5,604.5,0.986
1344,246.5,210.5,0.996
1345,244.5,186.5,0.948
1346,236.5,162.5,0.98
1347,230.5,142.5,0.89
1350,512.5,250.5,0.982
1351,220.5,94.5,0.968
1352,218.5,86.5,0.996
1353,216.5,84.5,0.937
1355,214.5,80.5,0.996
1356,212.5,86.5,0.996
1357,212.5,94.5,0.993
1358,214.5,102.5,0.996
1359,214.5,114.5,0.997
1360,214.5,124.5,0.997
1361,216.5,138.5,0.998
1362,218.5,156.5,0.996
1364,230.5,148.5,0.928
1370,242.5,150.5,0.578
1372,406.5,526.5,0.881
1382,80.5,482.5,0.639
1391,296.5,200.5,0.99
1397,306.5,202.5,0.515
1399,308.5,228.5,0.759
1401,318.5,220.5,0.544
1403,314.5,190.5,0.993
1405,310.5,186.5,0.979
1425,518.5,522.5,0.995
1445,320.5,228.5,0.987
1446,316.5,232.5,0.945
1447,318.5,234.5,0.509
1451,302.5,242.5,0.997
1452,298.5,246.5,0.997
1453,294.5,248.5,0.998
1454,290.5,250.5,0.997
1455,286.5,252.5,0.998
1456,284.5,254.5,0.998
1457,282.5,254.5,0.998
1458,280.5,256.5,0.997
1459,278.5,258.5,0.996
1460,274.5,258.5,0.998
1461,272.5,260.5,0.998
1462,270.5,260.5,0.997
1463,270.5,262.5,0.998
1464,268.5,262.5,0.997
1465,268.5,264.5,0.998
1466,268.5,262.5,0.998
1467,268.5,262.5,0.996
1468,268.5,262.5,0.996
1469,266.5,262.5,0.996
1470,266.5,264.5,0.997
1471,266.5,264.5,0.996
1472,266.5,264.5,0.997
1473,266.5,266.5,0.998
1474,268.5,268.5,0.997
1475,270.5,270.5,0.997
1476,272.5,272.5,0.996
1477,272.5,268.5,0.986
1478,268.5,260.5,0.995
1479,264.5,246.5,0.998
1480,262.5,232.5,0.997
1481,262.5,220.5,0.998
1482,258.5,208.5,0.999
1483,256.5,196.5,0.999
1484,254.5,190.5,0.999
1485,254.5,186.5,0.998
1486,252.5,182.5,0.999
1487,254.5,184.5,0.999
1488,252.5,190.5,0.999
1489,254.5,194.5,0.998
1490,256.5,202.5,0.998
1491,256.5,212.5,0.999
1492,260.5,226.5,0.997
1493,278.5,240.5,0.991
1494,332.5,270.5,0.557
1495,354.5,286.5,0.993
1496,384.5,290.5,0.995
1497,416.5,286.5,0.992
1498,446.5,284.5,0.997
1499,476.5,286.5,0.996
1500,516.5,290.5,0.995
1501,548.5,300.5,0.987
1502,574.5,308.5,0.992
1503,576.5,308.5,0.995
1504,620.5,322.5,0.996
1505,654.5,338.5,0.995
1506,686.5,354.5,0.966
1507,726.5,378.5,0.995
1508,764.5,404.5,0.995
1509,802.5,396.5,0.994
1510,840.5,394.5,0.993
1511,850.5,380.5,0.981
1512,818.5,352.5,0.994
1513,750.5,298.5,0.617
1514,702.5,270.5,0.958
1515,708.5,272.5,0.972
1516,678.5,258.5,0.997
1517,640.5,242.5,0.997
1518,614.5,232.5,0.997
1519,584.5,224.5,0.993
1520,562.5,220.5,0.994
1521,536.5,218.5,0.996
1522,516.5,218.5,0.997
1523,494.5,226.5,0.995
1524,474.5,230.5,0.993
1525,458.5,236.5,0.997
1526,442.5,246.5,0.998
1527,426.5,258.5,0.998
1528,414.5,266.5,0.998
1529,400.5,256.5,0.997
1530,384.5,232.5,0.997
1531,372.5,216.5,0.998
1532,358.5,202.5,0.996
1533,350.5,194.5,0.998
1534,346.5,186.5,0.741
1536,408.5,192.5,0.992
1537,444.5,198.5,0.997
1538,478.5,208.5,0.995
1539,514.5,222.5,0.993
1540,548.5,238.5,0.998
1541,582.5,252.5,0.997
1542,616.5,274.5,0.995
1543,652.5,296.5,0.995
1544,678.5,320.5,0.996
1545,708.5,330.5,0.996
1546,740.5,322.5,0.995
1547,770.5,314.5,0.993
1548,804.5,316.5,0.995
1549,836.5,318.5,0.995
1550,870.5,322.5,0.996
1551,898.5,328.5,0.997
1552,926.5,338.5,0.946
1555,1026.5,394.5,0.997
1556,1058.5,416.5,0.993
1557,1038.5,410.5,0.884
1558,998.5,384.5,0.993
1559,916.5,336.5,0.755
1560,878.5,314.5,0.997
1561,836.5,296.5,0.996
1562,782.5,274.5,0.998
1563,740.5,262.5,0.998
1564,704.5,256.5,0.996
1565,676.5,250.5,0.998
1566,636.5,248.5,0.997
1567,610.5,250.5,0.997
1568,584.5,254.5,0.993
1569,562.5,260.5,0.997
1570,540.5,262.5,0.997
1571,518.5,240.5,0.997
1572,500.5,226.5,0.997
1573,486.5,210.5,0.997
1574,466.5,198.5,0.997
1575,454.5,192.5,0.998
1576,440.5,186.5,0.979
1577,456.5,182.5,0.804
1578,476.5,178.5,0.996
1579,500.5,178.5,0.997
1580,530.5,178.5,0.996
1581,554.5,182.5,0.996
1582,582.5,190.5,0.996
1583,608.5,200.5,0.997
1584,634.5,214.5,0.996
1585,658.5,228.5,0.996
1586,684.5,246.5,0.996
1587,708.5,268.5,0.998
1588,728.5,284.5,0.995
1589,762.5,318.5,0.991
1590,784.5,338.5,0.994
1591,806.5,328.5,0.995
1592,830.5,324.5,0.993
1593,856.5,314.5,0.998
1594,880.5,314.5,0.997
1595,904.5,314.5,0.997
1596,932.5,320.5,0.995
1597,956.5,328.5,0.996
1598,980.5,340.5,0.988
1599,1000.5,350.5,0.978
1600,1028.5,368.5,0.983
1601,1046.5,388.5,0.995
1603,1030.5,380.5,0.996
1604,494.5,604.5,0.973
1605,930.5,302.5,0.994
1606,858.5,256.5,0.995
1607,810.5,226.5,0.995
1608,766.5,202.5,0.998
1609,724.5,184.5,0.998
1610,686.5,168.5,0.996
1611,644.5,156.5,0.997
1612,608.5,150.5,0.998
1613,576.5,148.5,0.997
1614,546.5,146.5,0.995
1615,520.5,148.5,0.995
1616,496.5,150.5,0.997
1617,470.5,158.5,0.996
1618,450.5,166.5,0.997
1619,432.5,178.5,0.997
1620,416.5,188.5,0.996
1621,400.5,200.5,0.997
1622,388.5,214.5,0.997
1623,374.5,230.5,0.996
1629,328.5,330.5,0.988
1634,284.5,264.5,0.994
1635,284.5,254.5,0.987
1636,282.5,252.5,0.73
1637,266.5,248.5,0.995
1638,258.5,248.5,0.995
1647,298.5,312.5,0.985
1648,304.5,322.5,0.991
1649,306.5,316.5,0.995
1658,326.5,324.5,0.996
1683,766.5,338.5,0.658
1695,1262.5,264.5,0.974
1696,1268.5,264.5,0.9
1700,842.5,354.5,0.883
1706,300.5,312.5,0.787
1707,306.5,314.5,0.904
1767,368.5,218.5,0.731
1768,364.5,218.5,0.997
1769,358.5,222.5,0.996
1770,348.5,224.5,0.997
1771,340.5,226.5,0.997
1772,332.5,228.5,0.997
1773,322.5,230.5,0.998
1774,316.5,234.5,0.997
1775,310.5,236.5,0.998
1776,304.5,238.5,0.998
1777,298.5,242.5,0.997
1778,292.5,244.5,0.997
1779,286.5,246.5,0.999
1780,282.5,250.5,0.999
1781,278.5,252.5,0.998
1782,276.5,254.5,0.997
1783,272.5,254.5,0.998
1784,270.5,256.5,0.995
1785,270.5,258.5,0.995
1786,270.5,260.5,0.997
1787,270.5,264.5,0.998
1788,270.5,268.5,0.997
1789,270.5,272.5,0.995
1790,270.5,272.5,0.998
1791,268.5,264.5,0.998
1792,264.5,254.5,0.997
1793,260.5,238.5,0.607
1794,254.5,222.5,0.997
1795,248.5,206.5,0.998
1796,246.5,194.5,0.998
1797,242.5,182.5,0.999
1798,238.5,176.5,0.998
1799,236.5,170.5,0.998
1800,234.5,166.5,0.998
1801,234.5,166.5,0.999
1802,232.5,172.5,0.998
1803,232.5,174.5,0.998
1804,230.5,184.5,0.997
1805,230.5,196.5,0.995
1806,342.5,242.5,0.784
1807,234.5,220.5,0.995
1809,288.5,252.5,0.865
1810,358.5,280.5,0.993
1811,404.5,270.5,0.993
1812,440.5,260.5,0.995
1813,478.5,254.5,0.994
1814,514.5,248.5,0.994
1815,558.5,244.5,0.997
1816,594.5,244.5,0.998
1817,636.5,246.5,0.997
1818,678.5,254.5,0.997
1819,712.5,262.5,0.998
1820,750.5,276.5,0.998
1821,786.5,288.5,0.997
1822,822.5,304.5,0.997
1823,858.5,326.5,0.994
1824,884.5,338.5,0.993
1825,926.5,322.5,0.996
1826,956.5,310.5,0.995
1827,988.5,304.5,0.992
1828,984.5,278.5,0.985
1829,948.5,250.5,0.998
1830,912.5,226.5,0.996
1831,878.5,204.5,0.997
1832,838.5,186.5,0.998
1833,800.5,170.5,0.998
1834,770.5,158.5,0.995
1835,738.5,152.5,0.997
1836,706.5,146.5,0.995
1837,676.5,142.5,0.998
1838,642.5,144.5,0.995
1839,614.5,148.5,0.997
1840,584.5,154.5,0.995
1841,560.5,162.5,0.995
1842,534.5,170.5,0.996
1843,508.5,184.5,0.997
1844,486.5,196.5,0.997
1845,464.5,214.5,0.997
1846,446.5,230.5,0.997
1847,426.5,246.5,0.997
1848,406.5,262.5,0.998
1849,390.5,246.5,0.998
1850,372.5,224.5,0.998
1851,356.5,206.5,0.997
1852,340.5,192.5,0.996
1853,326.5,180.5,0.996
1854,312.5,170.5,0.995
1855,298.5,164.5,0.996
1858,320.5,158.5,0.995
1859,360.5,158.5,0.99
1860,390.5,164.5,0.994
1861,422.5,170.5,0.996
1862,458.5,182.5,0.997
1863,490.5,194.5,0.997
1864,526.5,212.5,0.997
1865,562.5,234.5,0.998
1866,592.5,252.5,0.995
1867,622.5,274.5,0.996
1868,658.5,306.5,0.996
1869,686.5,334.5,0.996
1870,722.5,350.5,0.997
1871,750.5,338.5,0.993
1872,778.5,328.5,0.994
1873,802.5,322.5,0.995
1874,836.5,316.5,0.997
1875,868.5,316.5,0.998
1876,898.5,320.5,0.995
1877,928.5,326.5,0.997
1878,958.5,334.5,0.993
1879,988.5,348.5,0.995
1880,1014.5,364.5,0.996
1881,1044.5,384.5,0.997
1884,918.5,236.5,0.992
1885,878.5,202.5,0.933
1886,828.5,150.5,0.953
1887,794.5,128.5,0.994
1888,762.5,108.5,0.996
1889,734.5,90.5,0.996
1890,704.5,76.5,0.996
1891,674.5,68.5,0.997
1892,646.5,60.5,0.995
1893,624.5,58.5,0.994
1894,600.5,60.5,0.995
1895,580.5,64.5,0.994
1896,562.5,68.5,0.997
1897,546.5,74.5,0.997
1898,528.5,86.5,0.998
1899,512.5,100.5,0.997
1900,500.5,112.5,0.996
1901,490.5,128.5,0.998
1902,478.5,146.5,0.997
1903,468.5,162.5,0.997
1904,458.5,180.5,0.998
1905,452.5,198.5,0.998
1906,446.5,222.5,0.985
1907,438.5,224.5,0.995
1908,430.5,192.5,0.995
1909,422.5,170.5,0.995
1910,416.5,150.5,0.995
1911,410.5,136.5,0.995
1912,404.5,120.5,0.997
1913,402.5,106.5,0.996
1914,396.5,98.5,0.998
1915,392.5,92.5,0.998
1916,386.5,86.5,0.998
1917,382.5,84.5,0.998
1918,378.5,82.5,0.997
1919,374.5,86.5,0.995
1920,378.5,96.5,0.87
1921,396.5,100.5,0.887
1922,418.5,94.5,0.995
1923,454.5,98.5,0.988
1924,482.5,106.5,0.995
1925,508.5,116.5,0.988
1926,536.5,126.5,0.995
1927,570.5,144.5,0.996
1928,604.5,164.5,0.995
1929,638.5,186.5,0.996
1930,670.5,210.5,0.995
1931,696.5,232.5,0.996
1932,726.5,258.5,0.994
1933,756.5,286.5,0.997
1934,800.5,328.5,0.994
1935,796.5,328.5,0.981
1936,828.5,338.5,0.996
1937,868.5,322.5,0.994
1938,896.5,314.5,0.995
1939,930.5,308.5,0.997
1940,972.5,302.5,0.993
1941,1006.5,306.5,0.995
1942,1044.5,306.5,0.996
1943,1082.5,310.5,0.996
1944,1132.5,326.5,0.994
1945,1156.5,334.5,0.996
1946,1190.5,350.5,0.966
1948,1172.5,332.5,0.992
1949,1096.5,280.5,0.851
1950,1046.5,252.5,0.997
1951,1014.5,238.5,0.996
1952,938.5,206.5,0.996
1953,892.5,194.5,0.996
1954,846.5,182.5,0.997
1955,800.5,176.5,0.995
1956,762.5,172.5,0.996
1957,724.5,174.5,0.996
1958,688.5,178.5,0.996
1959,652.5,186.5,0.996
1960,626.5,196.5,0.996
1961,598.5,208.5,0.997
1962,570.5,222.5,0.996
1963,548.5,236.5,0.996
1964,524.5,254.5,0.996
1965,506.5,272.5,0.997
1966,486.5,270.5,0.995
1967,470.5,246.5,0.998
1968,452.5,226.5,0.996
1969,436.5,204.5,0.998
1970,420.5,188.5,0.997
1971,406.5,176.5,0.997
1972,390.5,166.5,0.996
1973,378.5,160.5,0.997
1974,366.5,154.5,0.997
1975,352.5,152.5,0.996
1976,342.5,154.5,0.996
1977,330.5,156.5,0.997
1978,320.5,162.5,0.994
1979,326.5,160.5,0.979
1980,350.5,154.5,0.994
1981,378.5,148.5,0.995
1982,402.5,146.5,0.995
1983,426.5,146.5,0.996
1984,452.5,150.5,0.997
1985,480.5,154.5,0.995
1986,504.5,164.5,0.996
1987,530.5,176.5,0.996
1988,560.5,192.5,0.989
1989,584.5,206.5,0.994
1990,614.5,228.5,0.995
1991,644.5,252.5,0.994
1992,676.5,278.5,0.987
1993,694.5,298.5,0.995
1994,722.5,332.5,0.995
1995,752.5,356.5,0.995
1996,772.5,338.5,0.996
1997,798.5,326.5,0.996
1998,822.5,316.5,0.993
1999,848.5,308.5,0.996
2000,872.5,306.5,0.996
2001,900.5,300.5,0.993
2002,924.5,302.5,0.994
2003,952.5,310.5,0.991
2004,980.5,318.5,0.994
2005,1002.5,328.5,0.996
2006,1028.5,344.5,0.997
2007,1046.5,360.5,0.994
2008,1072.5,380.5,0.987
2009,1088.5,402.5,0.994
2010,1016.5,348.5,0.828
2011,982.5,324.5,0.991
2012,916.5,282.5,0.995
2013,868.5,254.5,0.997
2014,822.5,234.5,0.998
2015,778.5,216.5,0.998
2016,740.5,206.5,0.995
2017,702.5,198.5,0.998
2018,672.5,196.5,0.997
2019,638.5,196.5,0.997
2020,608.5,198.5,0.997
2021,582.5,204.5,0.993
2022,560.5,212.5,0.994
2023,538.5,222.5,0.997
2024,518.5,234.5,0.996
2025,502.5,246.5,0.997
2026,484.5,256.5,0.996
2027,470.5,234.5,0.997
2028,454.5,214.5,0.997
2029,444.5,194.5,0.997
2030,434.5,182.5,0.998
2031,420.5,168.5,0.996
2032,412.5,158.5,0.996
2034,412.5,150.5,0.983
2035,444.5,142.5,0.983
2036,476.5,140.5,0.995
2037,502.5,140.5,0.994
2038,534.5,146.5,0.994
2039,564.5,150.5,0.997
2040,596.5,158.5,0.997
2041,626.5,168.5,0.998
2042,658.5,182.5,0.997
2043,690.5,198.5,0.997
2044,722.5,218.5,0.998
2045,752.5,238.5,0.998
2046,778.5,256.5,0.995
2047,814.5,286.5,0.993
2048,836.5,308.5,0.997
2049,878.5,324.5,0.996
2050,902.5,316.5,0.996
2051,932.5,302.5,0.995
2052,962.5,294.5,0.998
2053,990.5,288.5,0.992
2054,1020.5,284.5,0.995
2055,1048.5,284.5,0.997
2056,1078.5,286.5,0.998
2057,1110.5,292.5,0.994
2058,1142.5,304.5,0.998
2059,1162.5,314.5,0.996
2060,1188.5,330.5,0.998
2062,1172.5,316.5,0.985
2063,1152.5,298.5,0.995
2064,1060.5,238.5,0.996
2065,1028.5,218.5,0.996
2067,894.5,154.5,0.979
2068,856.5,142.5,0.994
2069,800.5,130.5,0.996
2070,758.5,122.5,0.997
2071,716.5,118.5,0.998
2072,674.5,118.5,0.998
2073,636.5,120.5,0.997
2074,598.5,126.5,0.995
2075,562.5,134.5,0.997
2076,530.5,146.5,0.995
2077,500.5,156.5,0.995
2078,474.5,172.5,0.995
2079,448.5,186.5,0.996
2080,422.5,206.5,0.996
2081,398.5,228.5,0.997
2082,380.5,248.5,0.997
2083,358.5,268.5,0.997
2084,338.5,250.5,0.996
2085,320.5,226.5,0.99
2086,298.5,204.5,0.983
2087,278.5,186.5,0.996
2088,256.5,170.5,0.682
2089,246.5,158.5,0.994
2090,228.5,148.5,0.997
2091,212.5,142.5,0.994
2092,198.5,140.5,0.993
2093,182.5,136.5,0.996
2094,168.5,142.5,0.881
2097,394.5,168.5,0.954
2098,448.5,180.5,0.991
2099,544.5,210.5,0.98
2100,602.5,230.5,0.991
2101,692.5,264.5,0.996
2102,766.5,300.5,0.994
2103,874.5,356.5,0.967
2104,970.5,356.5,0.994
2105,1040.5,342.5,0.975
2106,1140.5,332.5,0.996
2107,1216.5,326.5,0.985
2108,1260.5,326.5,0.958
2111,1220.5,208.5,0.963
2112,1188.5,176.5,0.996
2117,268.5,150.5,0.926
2118,260.5,164.5,0.893
2122,116.5,190.5,0.529
2128,546.5,14.5,0.866
2129,518.5,30.5,0.994
2130,494.5,44.5,0.992
2131,468.5,66.5,0.993
2132,448.5,84.5,0.997
2133,426.5,106.5,0.997
2134,406.5,128.5,0.995
2135,386.5,150.5,0.996
2136,370.5,174.5,0.995
2137,350.5,202.5,0.996
2138,332.5,230.5,0.997
2139,318.5,248.5,0.682
2141,290.5,234.5,0.996
2142,276.5,210.5,0.997
2143,258.5,182.5,0.996
2144,242.5,162.5,0.997
2145,230.5,150.5,0.995
2146,222.5,134.5,0.992
2147,210.5,122.5,0.997
2148,198.5,114.5,0.997
2149,188.5,108.5,0.996
2150,178.5,104.5,0.997
2151,170.5,104.5,0.996
2152,160.5,106.5,0.996
2153,152.5,110.5,0.997
2154,144.5,116.5,0.995
2155,140.5,126.5,0.986
2158,394.5,162.5,0.776
2159,444.5,180.5,0.896
2160,576.5,222.5,0.949
2161,624.5,242.5,0.997
2162,706.5,274.5,0.995
2163,846.5,342.5,0.993
2165,996.5,366.5,0.975
2166,1056.5,352.5,0.995
2168,1244.5,322.5,0.996
2185,1224.5,534.5,0.989
2186,1188.5,588.5,0.969
2187,1162.5,628.5,0.881
2191,296.5,150.5,0.993
2198,1118.5,714.5,0.896
2199,1126.5,714.5,0.952
2219,144.5,214.5,0.978
2224,846.5,354.5,0.725
2228,128.5,202.5,0.534
2272,106.5,124.5,0.862
2293,1154.5,628.5,0.544
2297,1270.5,278.5,0.833
2298,1268.5,278.5,0.85
2299,244.5,116.5,0.966
2311,274.5,136.5,0.979
2312,88.5,152.5,0.941
2314,384.5,210.5,0.972
2316,392.5,212.5,0.906
2318,398.5,216.5,0.995
2328,1082.5,512.5,0.994
2352,826.5,440.5,0.742
2353,894.5,346.5,0.566
2357,882.5,272.5,0.992
2358,880.5,258.5,0.998
2359,876.5,248.5,0.998
2360,872.5,240.5,0.997
2361,864.5,238.5,0.997
2362,860.5,238.5,0.997
2363,852.5,242.5,0.998
2364,848.5,250.5,0.998
2365,840.5,258.5,0.997
2366,834.5,272.5,0.998
2367,828.5,288.5,0.998
2368,822.5,302.5,0.997
2369,812.5,322.5,0.638
2371,806.5,342.5,0.995
2372,800.5,368.5,0.993
2373,792.5,394.5,0.998
2374,792.5,378.5,0.995
2375,794.5,360.5,0.996
2376,798.5,342.5,0.997
2377,798.5,324.5,0.996
2378,802.5,314.5,0.986
2379,802.5,306.5,0.997
2380,802.5,300.5,0.996
2381,806.5,294.5,0.995
2382,806.5,296.5,0.994
2383,806.5,302.5,0.996
2384,804.5,306.5,0.995
2385,806.5,314.5,0.993
2386,804.5,324.5,0.645
2387,802.5,346.5,0.996
2388,798.5,352.5,0.959
2401,884.5,310.5,0.902
2403,846.5,306.5,0.997
2404,846.5,296.5,0.994
2405,846.5,290.5,0.998
2406,846.5,286.5,0.999
2407,842.5,288.5,0.998
2408,842.5,294.5,0.997
2409,840.5,304.5,0.997
2410,840.5,312.5,0.997
2411,836.5,322.5,0.993
2412,832.5,340.5,0.995
2413,830.5,356.5,0.997
2414,828.5,374.5,0.997
2415,822.5,400.5,0.995
2416,820.5,418.5,0.999
2417,826.5,402.5,0.995
2418,832.5,386.5,0.998
2419,838.5,372.5,0.997
2420,842.5,362.5,0.987
2421,850.5,352.5,0.991
2423,858.5,342.5,0.994
2424,862.5,348.5,0.996
2425,864.5,354.5,0.996
2426,868.5,360.5,0.694
2427,872.5,372.5,0.979
2431,868.5,408.5,0.766
2443,862.5,314.5,0.939
2446,858.5,248.5,0.998
2447,856.5,228.5,0.998
2448,854.5,212.5,0.998
2449,848.5,200.5,0.998
2450,846.5,192.5,0.998
2451,844.5,186.5,0.998
2452,838.5,186.5,0.997
2453,834.5,190.5,0.997
2454,830.5,196.5,0.998
2455,824.5,206.5,0.997
2456,820.5,218.5,0.998
2457,816.5,232.5,0.998
2458,810.5,250.5,0.997
2459,806.5,270.5,0.997
2460,800.5,296.5,0.997
2462,786.5,342.5,0.997
2463,778.5,372.5,0.938
2464,774.5,402.5,0.996
2465,776.5,386.5,0.994
2466,778.5,360.5,0.994
2467,780.5,342.5,0.997
2468,784.5,322.5,0.996
2469,786.5,304.5,0.993
2470,792.5,294.5,0.996
2471,792.5,286.5,0.997
2472,796.5,276.5,0.997
2473,798.5,272.5,0.998
2474,798.5,274.5,0.998
2475,800.5,280.5,0.997
2476,802.5,290.5,0.998
2477,804.5,298.5,0.997
2478,804.5,310.5,0.929
2479,804.5,322.5,0.993
2480,804.5,342.5,0.991
2483,804.5,412.5,0.996
2484,806.5,418.5,0.995
2485,816.5,422.5,0.995
2486,822.5,432.5,0.625
2487,830.5,436.5,0.703
2489,854.5,450.5,0.795
2490,870.5,460.5,0.965
2491,878.5,466.5,0.992
2492,890.5,468.5,0.577
2493,896.5,468.5,0.986
2497,886.5,440.5,0.741
2503,880.5,308.5,0.985
2504,886.5,290.5,0.993
2505,888.5,282.5,0.995
2506,894.5,274.5,0.996
2507,896.5,272.5,0.997
2508,902.5,272.5,0.998
2509,902.5,280.5,0.997
2510,904.5,290.5,0.997
2511,906.5,304.5,0.995
2512,904.5,316.5,0.996
2513,904.5,336.5,0.98
2514,904.5,356.5,0.984
2515,904.5,374.5,0.989
2516,902.5,406.5,0.996
2517,902.5,434.5,0.994
2518,850.5,438.5,0.977
2519,802.5,430.5,0.992
2520,756.5,404.5,0.993
2521,712.5,362.5,0.994
2522,674.5,330.5,0.995
2523,638.5,306.5,0.995
2524,604.5,288.5,0.994
2525,576.5,274.5,0.997
2526,554.5,266.5,0.996
2527,524.5,258.5,0.996
2528,502.5,254.5,0.996
2529,482.5,252.5,0.991
2530,458.5,258.5,0.996
2531,440.5,258.5,0.998
2532,422.5,244.5,0.997
2533,406.5,228.5,0.997
2534,390.5,216.5,0.996
2535,374.5,206.5,0.988
2536,386.5,204.5,0.995
2537,422.5,204.5,0.993
2538,454.5,204.5,0.992
2539,494.5,214.5,0.996
2540,522.5,222.5,0.996
2541,560.5,234.5,0.998
2542,596.5,248.5,0.998
2543,624.5,260.5,0.996
2544,648.5,268.5,0.994
2545,684.5,282.5,0.994
2546,712.5,296.5,0.995
2547,738.5,314.5,0.996
2548,768.5,324.5,0.996
2549,790.5,324.5,0.979
2550,822.5,320.5,0.993
2551,852.5,320.5,0.994
2552,880.5,324.5,0.997
2553,906.5,330.5,0.995
2554,928.5,342.5,0.741
2556,904.5,316.5,0.997
2557,862.5,288.5,0.995
2558,822.5,266.5,0.998
2559,786.5,248.5,0.998
2560,756.5,236.5,0.998
2561,718.5,226.5,0.996
2562,688.5,218.5,0.997
2563,654.5,212.5,0.996
2564,628.5,210.5,0.996
2565,600.5,212.5,0.994
2566,574.5,214.5,0.996
2567,550.5,220.5,0.996
2568,526.5,228.5,0.994
2569,502.5,236.5,0.994
2570,482.5,244.5,0.996
2571,466.5,260.5,0.995
2572,444.5,258.5,0.995
2573,428.5,238.5,0.995
2574,410.5,222.5,0.995
2575,398.5,210.5,0.997
2576,384.5,200.5,0.998
2577,372.5,194.5,0.997
2578,354.5,188.5,0.994
2579,346.5,188.5,0.99
2580,378.5,188.5,0.996
2581,414.5,188.5,0.994
2582,442.5,192.5,0.996
2583,478.5,198.5,0.997
2584,512.5,210.5,0.995
2585,546.5,222.5,0.997
2586,580.5,238.5,0.997
2587,614.5,254.5,0.997
2588,644.5,274.5,0.997
2589,686.5,300.5,0.995
2590,716.5,324.5,0.984
2591,750.5,352.5,0.996
2592,788.5,356.5,0.994
2593,828.5,350.5,0.994
2594,862.5,346.5,0.994
2595,898.5,348.5,0.994
2596,932.5,352.5,0.989
2597,968.5,358.5,0.988
2598,926.5,328.5,0.997
2599,882.5,306.5,0.987
2600,834.5,280.5,0.995
2601,790.5,262.5,0.997
2602,750.5,250.5,0.997
2603,708.5,242.5,0.996
2604,678.5,236.5,0.998
2605,638.5,234.5,0.996
2606,606.5,234.5,0.995
2607,576.5,240.5,0.995
2608,544.5,246.5,0.995
2609,520.5,254.5,0.995
2610,496.5,264.5,0.997
2611,474.5,276.5,0.997
2612,454.5,288.5,0.997
2613,432.5,286.5,0.997
2614,414.5,264.5,0.997
2615,396.5,246.5,0.996
2616,376.5,230.5,0.997
2617,360.5,218.5,0.997
2618,344.5,210.5,0.996
2619,328.5,204.5,0.994
2620,314.5,202.5,0.952
2621,302.5,202.5,0.992
2622,290.5,202.5,0.967
2623,280.5,208.5,0.892
2626,344.5,190.5,0.995
2627,386.5,184.5,0.995
2628,414.5,180.5,0.997
2629,448.5,182.5,0.997
2630,484.5,186.5,0.996
2631,518.5,196.5,0.996
2632,554.5,208.5,0.996
2633,590.5,222.5,0.996
2634,626.5,238.5,0.998
2635,654.5,258.5,0.993
2636,688.5,278.5,0.995
2637,720.5,300.5,0.99
2638,762.5,336.5,0.995
2639,786.5,358.5,0.994
2640,822.5,338.5,0.995
2641,850.5,324.5,0.994
2642,878.5,314.5,0.998
2643,914.5,304.5,0.993
2644,938.5,296.5,0.996
2645,968.5,294.5,0.997
2646,996.5,292.5,0.993
2647,1028.5,296.5,0.996
2648,1060.5,304.5,0.995
2652,916.5,260.5,0.996
2653,846.5,242.5,0.989
2654,778.5,228.5,0.996
2655,716.5,222.5,0.997
2656,656.5,212.5,0.997
2657,606.5,214.5,0.998
2658,558.5,218.5,0.997
2659,518.5,222.5,0.996
2660,478.5,230.5,0.996
2661,448.5,238.5,0.994
2662,416.5,248.5,0.996
2663,386.5,234.5,0.997
2664,356.5,210.5,0.981
2665,332.5,192.5,0.985
2668,274.5,158.5,0.995
2669,270.5,150.5,0.993
2670,286.5,138.5,0.976
2675,462.5,132.5,0.995
2676,496.5,138.5,0.995
2677,538.5,152.5,0.996
2678,576.5,168.5,0.997
2679,614.5,186.5,0.998
2680,648.5,206.5,0.997
2681,690.5,234.5,0.998
2682,726.5,260.5,0.995
2683,756.5,286.5,0.997
2684,802.5,330.5,0.994
2685,830.5,358.5,0.995
2686,870.5,350.5,0.993
2687,916.5,336.5,0.995
2688,960.5,326.5,0.998
2689,1004.5,320.5,0.996
2690,1048.5,316.5,0.995
2691,1092.5,318.5,0.899
2694,194.5,172.5,0.692
2697,1160.5,302.5,0.946
2698,1024.5,254.5,0.981
2699,902.5,216.5,0.993
2700,824.5,198.5,0.995
2701,752.5,184.5,0.994
2702,696.5,178.5,0.996
2703,634.5,174.5,0.997
2704,582.5,174.5,0.996
2705,540.5,178.5,0.997
2706,496.5,184.5,0.997
2707,466.5,192.5,0.996
2708,432.5,202.5,0.994
2709,394.5,218.5,0.994
2719,258.5,262.5,0.993
2722,280.5,242.5,0.927
2723,292.5,240.5,0.93
2724,302.5,236.5,0.994
2725,310.5,236.5,0.996
2726,324.5,240.5,0.998
2727,332.5,242.5,0.996
2728,342.5,248.5,0.997
2749,636.5,268.5,0.545
2757,468.5,396.5,0.97
2758,466.5,394.5,0.993
2760,466.5,398.5,0.925
2761,466.5,398.5,0.807
2762,466.5,398.5,0.972
2763,464.5,398.5,0.97
2808,328.5,122.5,0.55
2831,464.5,400.5,0.706
2832,464.5,400.5,0.73
2833,464.5,400.5,0.744
2835,464.5,400.5,0.579
2839,464.5,400.5,0.562
2859,360.5,206.5,0.833
2863,346.5,340.5,0.989
2864,328.5,326.5,0.995
2866,346.5,258.5,0.972
2867,306.5,262.5,0.899
2869,282.5,214.5,0.936
2871,1026.5,366.5,0.976
2876,402.5,260.5,0.997
2877,418.5,246.5,0.997
2878,438.5,234.5,0.993
2879,460.5,226.5,0.995
2880,482.5,218.5,0.997
2881,502.5,214.5,0.996
2882,524.5,212.5,0.996
2883,546.5,214.5,0.997
2884,568.5,218.5,0.996
2885,590.5,226.5,0.994
2886,614.5,236.5,0.997
2887,632.5,246.5,0.997
2888,652.5,260.5,0.995
2889,678.5,282.5,0.996
2890,692.5,296.5,0.997
2891,716.5,322.5,0.997
2892,738.5,338.5,0.994
2893,756.5,322.5,0.994
2894,772.5,308.5,0.986
2895,796.5,298.5,0.997
2896,816.5,294.5,0.998
2897,836.5,288.5,0.997
2898,854.5,286.5,0.998
2899,872.5,288.5,0.997
2900,890.5,292.5,0.994
2901,912.5,302.5,0.993
2902,928.5,312.5,0.997
2903,946.5,326.5,0.994
2904,950.5,318.5,0.996
2905,952.5,292.5,0.993
2906,950.5,282.5,0.999
2907,946.5,264.5,0.997
2908,944.5,252.5,0.997
2909,944.5,242.5,0.998
2910,942.5,236.5,0.997
2911,938.5,232.5,0.997
2912,934.5,234.5,0.998
2913,930.5,240.5,0.997
2914,926.5,248.5,0.998
2915,920.5,260.5,0.998
2916,916.5,274.5,0.997
2917,910.5,290.5,0.997
2918,904.5,310.5,0.997
2919,896.5,328.5,0.992
2921,888.5,354.5,0.981
2939,902.5,424.5,0.91
2945,904.5,304.5,0.995
2946,908.5,290.5,0.995
2947,910.5,286.5,0.995
2948,914.5,282.5,0.934
2949,916.5,284.5,0.979
2950,918.5,290.5,0.996
2951,920.5,300.5,0.997
2952,918.5,314.5,0.997
2953,920.5,328.5,0.996
2954,918.5,348.5,0.994
2955,916.5,362.5,0.957
2957,914.5,422.5,0.995
2958,912.5,448.5,0.928
2959,848.5,444.5,0.987
2960,788.5,434.5,0.949
2961,738.5,420.5,0.991
2962,690.5,386.5,0.995
2963,654.5,360.5,0.994
2964,608.5,336.5,0.995
2965,572.5,318.5,0.994
2966,544.5,310.5,0.996
2967,510.5,298.5,0.994
2968,480.5,292.5,0.995
2969,454.5,290.5,0.997
2970,430.5,290.5,0.997
2971,406.5,294.5,0.997
2972,386.5,292.5,0.998
2973,364.5,274.5,0.997
2974,346.5,264.5,0.998
2975,326.5,250.5,0.997
2976,306.5,244.5,0.996
2977,294.5,240.5,0.989
2978,286.5,234.5,0.994
2979,306.5,226.5,0.979
2980,348.5,210.5,0.994
2981,378.5,200.5,0.994
2982,410.5,194.5,0.994
2983,442.5,188.5,0.995
2984,478.5,186.5,0.996
2985,514.5,186.5,0.997
2986,550.5,188.5,0.997
2987,584.5,194.5,0.997
2988,624.5,202.5,0.997
2989,652.5,210.5,0.996
2990,694.5,222.5,0.997
2991,728.5,236.5,0.997
2992,762.5,254.5,0.996
2993,798.5,272.5,0.996
2994,840.5,302.5,0.996
2995,868.5,318.5,0.996
2996,906.5,348.5,0.993
2997,934.5,376.5,0.988
2998,982.5,380.5,0.997
2999,1018.5,386.5,0.994
3010,1144.5,514.5,0.998
3011,1148.5,536.5,0.997
3012,1150.5,564.5,0.997
3013,1150.5,584.5,0.993
3014,1150.5,614.5,0.978
3015,1160.5,618.5,0.997
3016,1170.5,608.5,0.997
3017,1182.5,600.5,0.997
3018,1192.5,594.5,0.997
3019,1200.5,592.5,0.997
3020,1210.5,590.5,0.996
3021,1216.5,594.5,0.999
3022,1224.5,598.5,0.998
3023,1230.5,608.5,0.996
3024,1234.5,616.5,0.998
3025,1238.5,626.5,0.997
3026,1242.5,642.5,0.998
3027,1242.5,658.5,0.997
3028,1248.5,664.5,0.997
3029,1260.5,660.5,0.984
3030,1270.5,660.5,0.996
3033,1260.5,662.5,0.979
3034,1244.5,658.5,0.995
3035,1232.5,650.5,0.998
3036,1222.5,644.5,0.996
3037,1214.5,642.5,0.997
3038,1200.5,642.5,0.998
3039,1190.5,638.5,0.997
3040,1182.5,634.5,0.997
3041,1168.5,630.5,0.997
3042,1158.5,626.5,0.996
3043,1150.5,624.5,0.996
3044,1138.5,620.5,0.996
3049,1096.5,604.5,0.995
3050,1088.5,602.5,0.996
3051,1082.5,600.5,0.992
3052,248.5,204.5,0.98
3053,274.5,102.5,0.988
3059,1044.5,586.5,0.984
3066,444.5,290.5,0.818
3101,876.5,310.5,0.829
3102,884.5,290.5,0.993
3103,886.5,274.5,0.996
3104,894.5,264.5,0.995
3105,896.5,258.5,0.995
3106,900.5,254.5,0.926
3107,904.5,258.5,0.997
3108,904.5,266.5,0.997
3109,904.5,274.5,0.998
3110,904.5,288.5,0.995
3111,904.5,306.5,0.997
3112,902.5,324.5,0.993
3113,902.5,342.5,0.994
3114,902.5,368.5,0.993
3115,904.5,390.5,0.995
3117,866.5,438.5,0.954
3118,812.5,434.5,0.822
3119,744.5,414.5,0.988
3120,714.5,382.5,0.816
3134,490.5,512.5,0.858
3137,388.5,202.5,0.983
3138,416.5,196.5,0.995
3139,448.5,190.5,0.995
3140,480.5,188.5,0.996
3141,508.5,188.5,0.997
3142,544.5,190.5,0.995
3143,576.5,198.5,0.997
3144,608.5,206.5,0.996
3145,640.5,218.5,0.997
3146,674.5,232.5,0.997
3147,708.5,250.5,0.998
3148,738.5,268.5,0.998
3149,768.5,290.5,0.995
3150,804.5,320.5,0.995
3151,828.5,344.5,0.997
3152,858.5,362.5,0.996
3153,894.5,344.5,0.995
3154,924.5,334.5,0.994
3155,950.5,328.5,0.997
3156,980.5,322.5,0.993
3157,1000.5,318.5,0.997
3160,990.5,280.5,0.983
3161,932.5,252.5,0.997
3162,886.5,232.5,0.997
3163,836.5,214.5,0.997
3164,792.5,202.5,0.998
3165,750.5,196.5,0.998
3166,714.5,192.5,0.996
3167,678.5,192.5,0.997
3168,644.5,194.5,0.996
3169,614.5,200.5,0.996
3170,586.5,208.5,0.994
3171,562.5,216.5,0.996
3172,538.5,228.5,0.995
3173,520.5,240.5,0.994
3174,500.5,250.5,0.996
3175,482.5,248.5,0.996
3176,464.5,228.5,0.996
3177,448.5,208.5,0.995
3178,434.5,192.5,0.996
3179,420.5,178.5,0.998
3180,406.5,168.5,0.996
3181,392.5,160.5,0.994
3182,376.5,154.5,0.994
3183,392.5,158.5,0.99
3184,416.5,160.5,0.994
3185,456.5,166.5,0.991
3186,490.5,178.5,0.996
3187,526.5,192.5,0.995
3188,558.5,208.5,0.996
3189,590.5,226.5,0.997
3190,626.5,248.5,0.997
3191,656.5,268.5,0.994
3192,690.5,296.5,0.996
3193,724.5,326.5,0.995
3194,758.5,350.5,0.994
3195,796.5,342.5,0.995
3196,830.5,338.5,0.994
3197,864.5,332.5,0.994
3198,898.5,332.5,0.996
3199,934.5,334.5,0.996
3200,974.5,342.5,0.997
3201,1006.5,354.5,0.994
3202,1046.5,368.5,0.995
3203,1032.5,346.5,0.987
3204,992.5,314.5,0.626
3205,948.5,274.5,0.987
3206,904.5,242.5,0.995
3207,868.5,218.5,0.997
3208,834.5,200.5,0.998
3209,802.5,186.5,0.997
3210,768.5,172.5,0.996
3211,736.5,166.5,0.997
3212,706.5,162.5,0.994
3213,678.5,160.5,0.996
3214,648.5,162.5,0.996
3215,626.5,166.5,0.998
3216,602.5,172.5,0.994
3217,580.5,182.5,0.996
3218,560.5,192.5,0.993
3219,540.5,204.5,0.996
3220,522.5,218.5,0.997
3221,506.5,234.5,0.995
3222,488.5,248.5,0.997
3223,474.5,266.5,0.997
3224,458.5,278.5,0.997
3225,448.5,254.5,0.995
3226,434.5,232.5,0.998
3227,422.5,214.5,0.998
3228,410.5,198.5,0.998
3229,398.5,184.5,0.998
3230,388.5,172.5,0.997
3231,376.5,164.5,0.996
3232,366.5,160.5,0.998
3233,354.5,158.5,0.996
3234,352.5,156.5,0.959
3235,372.5,150.5,0.983
3236,398.5,146.5,0.989
3237,422.5,140.5,0.995
3238,448.5,142.5,0.992
3239,474.5,144.5,0.991
3240,470.5,144.5,0.981
3241,496.5,148.5,0.995
3242,524.5,156.5,0.996
3243,548.5,166.5,0.997
3244,574.5,178.5,0.994
3245,598.5,192.5,0.995
3246,626.5,210.5,0.991
3247,646.5,226.5,0.998
3248,676.5,252.5,0.997
3249,696.5,270.5,0.995
3250,724.5,300.5,0.996
3251,748.5,326.5,0.997
3252,766.5,308.5,0.993
3253,786.5,294.5,0.998
3254,804.5,280.5,0.997
3255,824.5,270.5,0.998
3256,842.5,260.5,0.997
3257,862.5,256.5,0.995
3258,882.5,254.5,0.995
3259,900.5,252.5,0.997
3260,916.5,256.5,0.997
3261,934.5,262.5,0.997
3262,950.5,270.5,0.997
3263,966.5,282.5,0.998
3264,982.5,298.5,0.997
3265,998.5,316.5,0.996
3266,1010.5,334.5,0.995
3267,996.5,334.5,0.99
3268,950.5,302.5,0.994
3269,902.5,272.5,0.996
3270,862.5,252.5,0.997
3271,818.5,232.5,0.998
3272,778.5,218.5,0.998
3273,738.5,208.5,0.995
3274,708.5,202.5,0.998
3275,676.5,198.5,0.999
3276,642.5,198.5,0.998
3277,614.5,200.5,0.996
3278,590.5,204.5,0.995
3279,566.5,210.5,0.994
3280,544.5,218.5,0.994
3281,522.5,230.5,0.996
3282,502.5,242.5,0.997
3283,484.5,230.5,0.997
3284,470.5,210.5,0.995
3285,454.5,194.5,0.997
3286,438.5,182.5,0.995
3287,426.5,172.5,0.996
3288,414.5,164.5,0.996
3289,442.5,164.5,0.923
3290,486.5,158.5,0.992
3291,526.5,162.5,0.994
3292,558.5,164.5,0.996
3293,596.5,172.5,0.996
3294,634.5,182.5,0.996
3295,674.5,196.5,0.998
3296,708.5,208.5,0.997
3297,744.5,226.5,0.997
3298,782.5,248.5,0.996
3299,816.5,270.5,0.998
3300,860.5,306.5,0.993
3301,880.5,322.5,0.997
3302,928.5,328.5,0.997
3303,966.5,320.5,0.996
3304,1002.5,312.5,0.998
3305,1038.5,308.5,0.998
3306,1072.5,308.5,0.997
3307,1112.5,308.5,0.894
3308,1152.5,318.5,0.994
3309,1186.5,328.5,0.998
3310,1226.5,342.5,0.996
3311,158.5,592.5,0.996
3312,76.5,356.5,0.532
3313,74.5,364.5,0.666
3316,1160.5,236.5,0.995
3317,1072.5,172.5,0.996
3318,1042.5,152.5,0.997
3320,926.5,88.5,0.995
3321,876.5,70.5,0.996
3322,838.5,60.5,0.994
3323,798.5,52.5,0.996
3324,762.5,48.5,0.995
3325,728.5,46.5,0.994
3326,696.5,50.5,0.988
3327,670.5,52.5,0.995
3328,642.5,60.5,0.995
3329,144.5,578.5,0.996
3330,594.5,82.5,0.996
3331,572.5,94.5,0.996
3332,554.5,108.5,0.997
3333,538.5,122.5,0.997
3334,524.5,138.5,0.996
3335,506.5,158.5,0.996
3336,496.5,174.5,0.996
3337,486.5,190.5,0.997
3351,370.5,222.5,0.995
3353,364.5,222.5,0.995
3355,366.5,216.5,0.996
3356,364.5,214.5,0.995
3357,360.5,212.5,0.988
3358,356.5,214.5,0.989
3359,350.5,214.5,0.99
3360,364.5,204.5,0.858
3375,114.5,628.5,0.995
3376,124.5,604.5,0.915
3391,760.5,342.5,0.975
3393,160.5,588.5,0.763
3394,150.5,588.5,0.98
3401,102.5,542.5,0.972
3403,386.5,170.5,0.987
3406,344.5,592.5,0.992
3407,350.5,592.5,0.992
3408,70.5,638.5,0.891
3416,1016.5,650.5,0.903
3442,358.5,626.5,0.827
3446,356.5,626.5,0.946
3489,384.5,648.5,0.989
3491,368.5,208.5,0.729
3492,368.5,212.5,0.581
3494,354.5,220.5,0.995
3495,350.5,222.5,0.997
3496,346.5,222.5,0.996
3497,342.5,226.5,0.995
3498,336.5,228.5,0.998
3499,330.5,230.5,0.996
3500,324.5,236.5,0.995
3501,318.5,238.5,0.997
3502,310.5,238.5,0.997
3503,306.5,242.5,0.997
3504,300.5,246.5,0.998
3505,294.5,250.5,0.996
3506,288.5,254.5,0.998
3507,284.5,254.5,0.999
3508,280.5,258.5,0.997
3509,276.5,260.5,0.994
3510,274.5,260.5,0.997
3511,272.5,260.5,0.996
3512,270.5,260.5,0.997
3513,268.5,262.5,0.996
3514,268.5,262.5,0.997
3515,268.5,266.5,0.997
3516,270.5,268.5,0.997
3517,270.5,272.5,0.996
3518,270.5,274.5,0.997
3520,272.5,274.5,0.98
3521,270.5,266.5,0.996
3522,266.5,256.5,0.997
3523,264.5,242.5,0.996
3524,260.5,226.5,0.998
3525,256.5,210.5,0.996
3526,254.5,198.5,0.998
3527,252.5,192.5,0.999
3528,250.5,184.5,0.998
3529,248.5,180.5,0.998
3530,246.5,178.5,0.997
3531,246.5,180.5,0.997
3532,248.5,184.5,0.998
3533,248.5,194.5,0.998
3534,248.5,204.5,0.995
3535,252.5,214.5,0.992
3536,254.5,224.5,0.846
3537,274.5,240.5,0.624
3539,356.5,286.5,0.932
3540,386.5,282.5,0.995
3541,418.5,278.5,0.995
3542,452.5,274.5,0.995
3543,486.5,274.5,0.995
3544,522.5,278.5,0.995
3545,556.5,286.5,0.996
3546,594.5,294.5,0.996
3547,632.5,308.5,0.994
3548,668.5,322.5,0.996
3549,710.5,342.5,0.994
3550,748.5,364.5,0.995
3551,780.5,388.5,0.844
3552,820.5,398.5,0.996
3553,856.5,390.5,0.955
3554,898.5,386.5,0.995
3555,890.5,358.5,0.994
3556,858.5,332.5,0.991
3557,820.5,298.5,0.995
3558,766.5,258.5,0.99
3559,736.5,236.5,0.997
3560,702.5,216.5,0.996
3561,668.5,198.5,0.997
3562,634.5,182.5,0.997
3563,600.5,172.5,0.995
3564,574.5,166.5,0.996
3565,546.5,162.5,0.994
3566,520.5,160.5,0.934
3567,496.5,160.5,0.993
3568,472.5,164.5,0.996
3569,450.5,168.5,0.998
3570,428.5,178.5,0.997
3571,410.5,186.5,0.997
3572,392.5,198.5,0.998
3573,376.5,210.5,0.997
3574,360.5,226.5,0.996
3575,344.5,242.5,0.998
3576,332.5,266.5,0.992
3577,310.5,256.5,0.956
3578,306.5,240.5,0.985
3580,278.5,204.5,0.995
3582,258.5,178.5,0.996
3583,248.5,170.5,0.998
3584,238.5,162.5,0.998
3585,230.5,160.5,0.823
3586,220.5,158.5,0.986
3587,216.5,162.5,0.991
3591,428.5,192.5,0.995
3592,500.5,214.5,0.743
3593,550.5,232.5,0.995
3594,610.5,256.5,0.994
3595,680.5,290.5,0.93
3596,760.5,322.5,0.943
3597,824.5,306.5,0.989
3598,872.5,294.5,0.995
3599,946.5,286.5,0.996
3600,996.5,278.5,0.996
3601,1056.5,276.5,0.998
3602,1120.5,274.5,0.994
3603,1182.5,280.5,0.995
3604,1242.5,288.5,0.996
3607,176.5,100.5,0.78
3608,1220.5,214.5,0.993
3609,1186.5,186.5,0.998
3611,1106.5,140.5,0.997
3612,1070.5,124.5,0.993
3615,954.5,94.5,0.981
3616,922.5,92.5,0.995
3617,888.5,92.5,0.994
3618,856.5,98.5,0.996
3619,818.5,106.5,0.996
3620,788.5,116.5,0.997
3621,758.5,130.5,0.996
3622,728.5,144.5,0.996
3623,698.5,162.5,0.996
3624,674.5,178.5,0.997
3625,644.5,202.5,0.995
3626,618.5,226.5,0.996
3627,600.5,244.5,0.996
3628,572.5,270.5,0.995
3629,550.5,302.5,0.993
3630,532.5,300.5,0.994
3631,518.5,280.5,0.996
3632,502.5,256.5,0.995
3633,488.5,236.5,0.996
3634,474.5,218.5,0.996
3635,460.5,202.5,0.997
3636,446.5,188.5,0.994
3637,432.5,178.5,0.997
3638,418.5,172.5,0.997
3639,404.5,168.5,0.997
3640,392.5,168.5,0.996
3641,378.5,168.5,0.997
3642,366.5,172.5,0.996
3643,358.5,180.5,0.996
3644,344.5,190.5,0.997
3645,336.5,202.5,0.998
3646,326.5,216.5,0.998
3647,312.5,234.5,0.995
3648,312.5,250.5,0.996
3649,346.5,230.5,0.993
3650,376.5,216.5,0.995
3651,412.5,202.5,0.993
3652,442.5,192.5,0.995
3653,474.5,186.5,0.995
3654,508.5,182.5,0.998
3655,542.5,182.5,0.998
3656,574.5,186.5,0.995
3657,606.5,192.5,0.994
3658,636.5,200.5,0.997
3659,670.5,214.5,0.996
3660,694.5,224.5,0.996
3661,724.5,242.5,0.995
3662,748.5,258.5,0.995
3663,774.5,280.5,0.997
3664,794.5,298.5,0.995
3665,822.5,324.5,0.995
3666,850.5,316.5,0.995
3667,866.5,302.5,0.995
3668,890.5,284.5,0.997
3669,916.5,268.5,0.998
3670,938.5,258.5,0.997
3671,954.5,248.5,0.999
3672,980.5,244.5,0.993
3673,1008.5,240.5,0.999
3675,926.5,214.5,0.998
3676,876.5,208.5,0.997
3677,824.5,204.5,0.991
3678,830.5,204.5,0.995
3679,782.5,202.5,0.997
3680,736.5,202.5,0.996
3681,696.5,206.5,0.997
3682,656.5,212.5,0.996
3683,622.5,220.5,0.995
3684,590.5,230.5,0.997
3685,558.5,242.5,0.995
3686,526.5,258.5,0.997
3687,498.5,258.5,0.994
3688,478.5,240.5,0.995
3689,452.5,218.5,0.997
3690,430.5,200.5,0.996
3691,408.5,188.5,0.995
3692,390.5,182.5,0.995
3694,358.5,172.5,0.997
3702,438.5,132.5,0.996
3703,476.5,132.5,0.993
3704,506.5,134.5,0.995
3705,536.5,142.5,0.996
3706,576.5,152.5,0.997
3707,608.5,166.5,0.997
3708,640.5,180.5,0.996
3709,678.5,202.5,0.998
3710,708.5,222.5,0.997
3711,744.5,250.5,0.997
3712,786.5,286.5,0.993
3713,806.5,304.5,0.993
3714,846.5,348.5,0.995
3715,886.5,386.5,0.994
3716,914.5,370.5,0.994
3717,950.5,356.5,0.978
3718,990.5,340.5,0.996
3719,1026.5,328.5,0.997
3720,1062.5,322.5,0.994
3721,1072.5,300.5,0.997
3722,1026.5,268.5,0.992
3723,954.5,222.5,0.88
3724,918.5,204.5,0.997
3725,880.5,188.5,0.988
3726,832.5,162.5,0.877
3727,792.5,150.5,0.998
3728,756.5,142.5,0.996
3729,720.5,136.5,0.997
3730,688.5,132.5,0.997
3731,658.5,132.5,0.994
3732,632.5,136.5,0.995
3733,606.5,138.5,0.996
3734,582.5,146.5,0.996
3735,558.5,154.5,0.997
3736,538.5,164.5,0.996
3737,520.5,172.5,0.997
3738,500.5,186.5,0.997
3739,484.5,198.5,0.996
3740,470.5,210.5,0.997
3741,456.5,228.5,0.995
3742,438.5,234.5,0.996
3743,424.5,210.5,0.996
3744,416.5,194.5,0.99
3745,406.5,178.5,0.996
3746,396.5,162.5,0.993
3748,376.5,140.5,0.996
3749,360.5,130.5,0.959
3751,390.5,132.5,0.991
3752,420.5,132.5,0.995
3753,446.5,138.5,0.994
3754,474.5,146.5,0.996
3755,500.5,154.5,0.996
3756,530.5,166.5,0.997
3757,560.5,182.5,0.996
3758,594.5,198.5,0.996
3759,628.5,216.5,0.997
3760,660.5,234.5,0.994
3761,692.5,258.5,0.995
3762,724.5,280.5,0.997
3763,756.5,306.5,0.995
3764,794.5,338.5,0.994
3765,830.5,360.5,0.994
3766,866.5,346.5,0.996
3767,896.5,342.5,0.995
3768,938.5,334.5,0.994
3769,982.5,336.5,0.988
3770,960.5,320.5,0.994
3771,914.5,300.5,0.993
3772,852.5,276.5,0.996
3773,808.5,264.5,0.996
3774,762.5,254.5,0.997
3775,724.5,248.5,0.997
3776,684.5,246.5,0.998
3777,640.5,246.5,0.997
3778,610.5,250.5,0.997
3779,576.5,256.5,0.995
3780,544.5,262.5,0.997
3781,516.5,266.5,0.995
3782,486.5,282.5,0.996
3783,464.5,290.5,0.994
3784,438.5,268.5,0.997
3785,418.5,254.5,0.995
3786,396.5,238.5,0.996
3787,376.5,226.5,0.997
3788,356.5,218.5,0.995
3789,340.5,212.5,0.997
3790,318.5,208.5,0.77
3792,358.5,206.5,0.996
3793,384.5,210.5,0.995
3794,414.5,212.5,0.996
3795,446.5,222.5,0.994
3796,480.5,234.5,0.995
3797,506.5,244.5,0.995
3798,538.5,258.5,0.995
3799,566.5,274.5,0.997
3800,594.5,286.5,0.769
3801,610.5,294.5,0.997
3802,632.5,306.5,0.996
3803,650.5,322.5,0.996
3804,668.5,330.5,0.995
3805,686.5,320.5,0.996
3806,700.5,316.5,0.996
3807,718.5,310.5,0.996
3808,730.5,314.5,0.995
3809,746.5,314.5,0.995
3810,760.5,320.5,0.995
3811,778.5,330.5,0.997
3812,790.5,340.5,0.996
3813,806.5,354.5,0.997
3820,808.5,310.5,0.973
3821,810.5,302.5,0.997
3822,810.5,294.5,0.991
3823,810.5,294.5,0.994
3824,810.5,294.5,0.994
3825,810.5,296.5,0.987
3826,810.5,302.5,0.994
3838,1038.5,524.5,0.732
3868,894.5,370.5,0.646
3877,928.5,306.5,0.69
3879,762.5,342.5,0.963
3915,784.5,216.5,0.819
3916,784.5,222.5,0.987
3917,782.5,226.5,0.986
3919,782.5,232.5,0.892
3920,784.5,232.5,0.981
3921,784.5,232.5,0.69
3923,784.5,228.5,0.985
3924,784.5,228.5,0.946
3925,784.5,222.5,0.98
3926,786.5,220.5,0.937
3932,798.5,220.5,0.791
3933,798.5,222.5,0.937
3934,798.5,226.5,0.954
3935,798.5,228.5,0.987
3936,800.5,232.5,0.601
3982,922.5,290.5,0.988
3983,898.5,264.5,0.999
3984,872.5,242.5,0.996
3985,850.5,222.5,0.997
3986,824.5,204.5,0.997
3987,802.5,192.5,0.995
3988,780.5,182.5,0.997
3989,756.5,174.5,0.998
3990,734.5,170.5,0.996
3991,710.5,168.5,0.996
3992,690.5,170.5,0.997
3993,672.5,174.5,0.995
3994,648.5,182.5,0.997
3995,632.5,190.5,0.995
3996,612.5,202.5,0.996
3997,594.5,214.5,0.995
3998,578.5,228.5,0.996
3999,566.5,242.5,0.997
4000,546.5,262.5,0.996
4001,532.5,274.5,0.997
4002,518.5,250.5,0.996
4003,510.5,234.5,0.997
4004,498.5,218.5,0.998
4005,486.5,204.5,0.998
4006,476.5,194.5,0.998
4007,464.5,186.5,0.998
4008,454.5,180.5,0.998
4009,446.5,178.5,0.998
4010,438.5,176.5,0.998
4011,426.5,178.5,0.998
4012,418.5,182.5,0.998
4013,410.5,190.5,0.998
4014,402.5,198.5,0.998
4015,396.5,208.5,0.999
4016,390.5,220.5,0.998
4017,384.5,232.5,0.997
4018,378.5,254.5,0.996
4019,370.5,252.5,0.998
4020,358.5,230.5,0.996
4021,348.5,216.5,0.998
4022,338.5,206.5,0.997
4023,330.5,196.5,0.997
4024,320.5,190.5,0.998
4025,312.5,186.5,0.995
4026,304.5,184.5,0.995
4027,298.5,184.5,0.995
4028,290.5,188.5,0.996
4030,276.5,202.5,0.992
4034,262.5,186.5,0.993
4035,258.5,170.5,0.996
4036,254.5,162.5,0.997
4037,252.5,152.5,0.998
4038,250.5,146.5,0.997
4039,248.5,142.5,0.998
4040,248.5,142.5,0.993
4041,244.5,144.5,0.998
4042,244.5,146.5,0.996
4043,244.5,152.5,0.997
4044,242.5,162.5,0.999
4045,244.5,172.5,0.997
4048,234.5,170.5,0.995
4049,232.5,164.5,0.987
4052,242.5,154.5,0.671
4070,272.5,258.5,0.965
4075,268.5,266.5,0.995
4076,270.5,264.5,0.802
4077,268.5,270.5,0.995
4078,270.5,274.5,0.993
4079,270.5,276.5,0.991
4080,270.5,274.5,0.996
4081,266.5,270.5,0.996
4082,262.5,260.5,0.994
4083,254.5,246.5,0.995
4084,252.5,232.5,0.996
4085,248.5,216.5,0.997
4086,242.5,204.5,0.997
4087,240.5,194.5,0.999
4088,236.5,188.5,0.997
4089,234.5,182.5,0.998
4090,232.5,182.5,0.998
4091,230.5,182.5,0.998
4092,230.5,188.5,0.996
4093,230.5,194.5,0.998
4094,226.5,202.5,0.996
4095,228.5,210.5,0.998
4096,230.5,226.5,0.993
4099,356.5,280.5,0.993
4100,390.5,270.5,0.993
4101,434.5,260.5,0.996
4102,472.5,254.5,0.995
4103,518.5,252.5,0.996
4104,560.5,250.5,0.994
4105,602.5,250.5,0.997
4106,644.5,254.5,0.998
4107,686.5,260.5,0.998
4108,726.5,270.5,0.997
4109,766.5,282.5,0.997
4110,802.5,296.5,0.999
4111,838.5,312.5,0.998
4112,878.5,326.5,0.995
4113,882.5,324.5,0.994
4114,914.5,314.5,0.997
4115,946.5,306.5,0.995
4116,980.5,300.5,0.997
4117,978.5,284.5,0.993
4118,938.5,260.5,0.995
4119,900.5,240.5,0.997
4120,862.5,226.5,0.996
4121,828.5,214.5,0.998
4122,790.5,204.5,0.998
4123,756.5,198.5,0.998
4124,724.5,196.5,0.996
4125,694.5,196.5,0.997
4126,668.5,198.5,0.997
4127,636.5,204.5,0.997
4128,610.5,210.5,0.995
4129,584.5,220.5,0.996
4130,558.5,232.5,0.997
4131,540.5,242.5,0.995
4132,514.5,258.5,0.995
4133,496.5,246.5,0.997
4134,478.5,232.5,0.995
4135,458.5,214.5,0.997
4136,442.5,200.5,0.996
4137,428.5,192.5,0.996
4138,416.5,184.5,0.996
4139,440.5,182.5,0.994
4140,476.5,182.5,0.995
4141,500.5,184.5,0.997
4142,536.5,190.5,0.994
4143,568.5,200.5,0.996
4144,598.5,210.5,0.995
4145,630.5,224.5,0.996
4146,670.5,244.5,0.996
4147,692.5,260.5,0.997
4148,724.5,280.5,0.997
4149,754.5,304.5,0.996
4150,786.5,336.5,0.996
4151,810.5,350.5,0.994
4152,836.5,338.5,0.995
4153,864.5,332.5,0.993
4154,894.5,324.5,0.997
4155,922.5,324.5,0.994
4156,930.5,314.5,0.996
4157,882.5,288.5,0.997
4158,840.5,268.5,0.997
4159,802.5,252.5,0.996
4160,766.5,242.5,0.997
4161,734.5,234.5,0.995
4162,702.5,228.5,0.997
4163,674.5,226.5,0.998
4164,644.5,226.5,0.997
4165,622.5,228.5,0.995
4166,600.5,234.5,0.996
4167,580.5,240.5,0.994
4168,560.5,248.5,0.996
4169,544.5,252.5,0.994
4170,528.5,236.5,0.997
4171,514.5,220.5,0.996
4172,502.5,206.5,0.998
4173,486.5,192.5,0.998
4174,474.5,184.5,0.998
4175,466.5,178.5,0.997
4176,478.5,178.5,0.998
4177,500.5,180.5,0.995
4178,522.5,186.5,0.997
4179,540.5,192.5,0.993
4180,564.5,202.5,0.997
4181,582.5,214.5,0.995
4182,606.5,230.5,0.996
4183,626.5,248.5,0.997
4184,644.5,266.5,0.998
4185,670.5,292.5,0.996
4186,688.5,314.5,0.997
4187,706.5,308.5,0.995
4188,726.5,302.5,0.995
4189,740.5,298.5,0.995
4190,766.5,300.5,0.994
4191,788.5,302.5,0.996
4192,806.5,306.5,0.997
4193,826.5,316.5,0.996
4194,836.5,322.5,0.997
4195,804.5,298.5,0.998
4196,770.5,278.5,0.997
4197,738.5,262.5,0.997
4198,710.5,250.5,0.997
4199,680.5,242.5,0.996
4200,646.5,236.5,0.997
4201,630.5,234.5,0.997
4202,606.5,236.5,0.994
4203,586.5,238.5,0.995
4204,568.5,242.5,0.996
4205,550.5,250.5,0.995
4206,534.5,258.5,0.997
4207,518.5,260.5,0.996
4208,504.5,242.5,0.996
4209,490.5,226.5,0.994
4210,480.5,212.5,0.998
4211,466.5,200.5,0.997
4212,456.5,194.5,0.997
4213,444.5,188.5,0.997
4214,452.5,184.5,0.995
4215,468.5,182.5,0.996
4216,492.5,182.5,0.997
4217,518.5,184.5,0.997
4218,542.5,188.5,0.996
4219,568.5,194.5,0.995
4220,596.5,204.5,0.996
4221,624.5,216.5,0.997
4222,644.5,226.5,0.997
4223,678.5,248.5,0.998
4224,706.5,266.5,0.998
4225,726.5,282.5,0.998
4226,764.5,310.5,0.994
4227,788.5,330.5,0.995
4228,814.5,324.5,0.995
4229,844.5,316.5,0.994
4230,868.5,312.5,0.997
4231,902.5,306.5,0.996
4232,868.5,282.5,0.994
4233,822.5,256.5,0.997
4234,778.5,236.5,0.998
4235,738.5,220.5,0.998
4236,696.5,206.5,0.998
4237,656.5,196.5,0.997
4238,622.5,188.5,0.994
4239,588.5,182.5,0.996
4240,554.5,180.5,0.996
4241,522.5,180.5,0.996
4242,494.5,182.5,0.998
4243,466.5,188.5,0.996
4244,438.5,196.5,0.997
4245,412.5,204.5,0.996
4246,390.5,214.5,0.997
4247,368.5,226.5,0.996
4248,346.5,242.5,0.997
4249,326.5,256.5,0.532
4254,248.5,340.5,0.714
4256,210.5,362.5,0.992
4257,198.5,350.5,0.988
4258,184.5,340.5,0.988
4259,170.5,332.5,0.993
4262,134.5,316.5,0.995
4263,120.5,314.5,0.992
4264,114.5,320.5,0.995
4265,104.5,322.5,0.996
4266,96.5,328.5,0.994
4267,332.5,598.5,0.564
4268,1050.5,328.5,0.656
4270,78.5,344.5,0.915
4272,78.5,344.5,0.837
4274,82.5,352.5,0.997
4275,86.5,358.5,0.997
4276,88.5,366.5,0.996
4277,92.5,378.5,0.996
4278,94.5,390.5,0.998
4279,96.5,398.5,0.996
4280,92.5,392.5,0.996
4281,88.5,390.5,0.935
4282,84.5,390.5,0.973
4283,82.5,394.5,0.995
4284,80.5,400.5,0.997
4285,80.5,404.5,0.997
4286,78.5,414.5,0.996
4287,78.5,416.5,0.997
4288,74.5,416.5,0.982
4289,70.5,420.5,0.991
4290,72.5,424.5,0.992
4291,70.5,430.5,0.988
4310,1044.5,390.5,0.919
4331,750.5,346.5,0.968
4371,260.5,158.5,0.988
4372,286.5,184.5,0.73
4373,318.5,216.5,0.993
4374,338.5,244.5,0.996
4375,370.5,284.5,0.994
4376,386.5,286.5,0.995
4377,402.5,262.5,0.997
4378,416.5,242.5,0.996
4379,432.5,226.5,0.997
4380,448.5,210.5,0.995
4381,464.5,198.5,0.998
4382,480.5,190.5,0.994
4383,498.5,184.5,0.998
4384,516.5,182.5,0.997
4385,536.5,182.5,0.997
4386,554.5,186.5,0.997
4387,572.5,192.5,0.994
4388,592.5,202.5,0.997
4389,610.5,214.5,0.996
4390,628.5,230.5,0.997
4391,642.5,244.5,0.998
4392,656.5,260.5,0.997
4393,678.5,290.5,0.994
4394,694.5,310.5,0.995
4395,710.5,340.5,0.995
4396,724.5,366.5,0.995
4397,742.5,354.5,0.997
4398,758.5,334.5,0.996
4399,772.5,314.5,0.99
4400,792.5,304.5,0.992
4401,808.5,298.5,0.998
4402,824.5,290.5,0.997
4403,842.5,284.5,0.997
4404,858.5,282.5,0.997
4405,874.5,286.5,0.997
4406,890.5,290.5,0.994
4407,906.5,304.5,0.993
4408,922.5,314.5,0.997
4409,934.5,330.5,0.996
4410,944.5,330.5,0.994
4411,948.5,314.5,0.998
4412,952.5,298.5,0.996
4413,956.5,288.5,0.995
4414,960.5,278.5,0.998
4415,964.5,274.5,0.982
4416,966.5,272.5,0.994
4417,968.5,280.5,0.995
4418,966.5,290.5,0.997
4419,968.5,298.5,0.997
4420,966.5,316.5,0.982
4421,966.5,332.5,0.997
4422,966.5,354.5,0.992
4423,964.5,376.5,0.838
4426,952.5,448.5,0.861
4427,954.5,456.5,0.994
4428,954.5,466.5,0.991
4429,954.5,474.5,0.986
4430,956.5,484.5,0.617
4477,386.5,200.5,0.996
4478,382.5,194.5,0.993
4479,380.5,184.5,0.995
4480,376.5,168.5,0.952
4481,372.5,154.5,0.808
4483,372.5,126.5,0.793
4538,920.5,324.5,0.979
4539,924.5,308.5,0.988
4540,928.5,292.5,0.998
4541,928.5,282.5,0.997
4542,930.5,272.5,0.804
4544,930.5,268.5,0.882
4545,928.5,274.5,0.994
4546,928.5,284.5,0.996
4547,928.5,294.5,0.998
4548,928.5,292.5,0.998
4549,926.5,310.5,0.997
4550,922.5,328.5,0.996
4551,920.5,462.5,0.994
4552,916.5,486.5,0.985
4553,908.5,402.5,0.893
4554,904.5,430.5,0.995
4555,864.5,440.5,0.983
4556,828.5,434.5,0.995
4557,268.5,612.5,0.95
4558,268.5,612.5,0.97
4559,712.5,342.5,0.995
4560,684.5,314.5,0.996
4561,658.5,292.5,0.996
4562,630.5,274.5,0.998
4563,610.5,260.5,0.997
4564,588.5,252.5,0.993
4565,568.5,248.5,0.995
4566,548.5,246.5,0.996
4567,532.5,246.5,0.996
4568,516.5,248.5,0.996
4569,502.5,254.5,0.997
4570,490.5,256.5,0.996
4571,476.5,236.5,0.994
4572,464.5,222.5,0.994
4573,454.5,206.5,0.996
4574,442.5,198.5,0.989
4575,452.5,196.5,0.977
4576,480.5,188.5,0.995
4577,512.5,184.5,0.996
4578,544.5,184.5,0.997
4579,574.5,188.5,0.995
4580,604.5,194.5,0.995
4581,638.5,202.5,0.997
4582,670.5,212.5,0.997
4583,696.5,224.5,0.997
4584,730.5,240.5,0.996
4585,760.5,258.5,0.997
4586,802.5,286.5,0.997
4587,824.5,304.5,0.994
4588,862.5,336.5,0.996
4589,368.5,164.5,0.83
4590,270.5,612.5,0.528
4593,268.5,612.5,0.835
4594,268.5,610.5,0.913
4596,922.5,270.5,0.994
4597,884.5,250.5,0.998
4598,844.5,234.5,0.998
4599,804.5,222.5,0.996
4600,768.5,214.5,0.998
4601,734.5,212.5,0.997
4602,702.5,212.5,0.996
4603,672.5,214.5,0.998
4604,642.5,220.5,0.996
4605,618.5,226.5,0.995
4606,594.5,236.5,0.994
4607,574.5,248.5,0.995
4608,552.5,260.5,0.997
4609,530.5,266.5,0.997
4610,514.5,246.5,0.997
4611,500.5,228.5,0.998
4612,486.5,210.5,0.997
4613,470.5,194.5,0.997
4614,454.5,186.5,0.996
4615,442.5,178.5,0.997
4617,1092.5,606.5,0.506
4618,448.5,168.5,0.994
4619,482.5,166.5,0.995
4620,514.5,172.5,0.996
4621,542.5,178.5,0.996
4622,574.5,188.5,0.995
4623,606.5,200.5,0.997
4624,636.5,216.5,0.997
4625,668.5,232.5,0.996
4626,696.5,250.5,0.998
4627,726.5,272.5,0.997
4628,752.5,292.5,0.996
4629,786.5,322.5,0.995
4630,816.5,338.5,0.996
4631,846.5,326.5,0.996
4632,874.5,316.5,0.996
4633,906.5,310.5,0.995
4634,936.5,306.5,0.996
4635,966.5,304.5,0.992
4636,994.5,310.5,0.995
4637,1026.5,314.5,0.996
4638,1056.5,326.5,0.991
4639,268.5,610.5,0.736
4640,268.5,610.5,0.974
4641,268.5,612.5,0.887
4642,268.5,610.5,0.885
4643,268.5,610.5,0.963
4644,268.5,610.5,0.968
4645,952.5,282.5,0.998
4646,896.5,262.5,0.997
4647,842.5,244.5,0.996
4648,790.5,230.5,0.998
4649,742.5,224.5,0.997
4650,698.5,222.5,0.997
4651,658.5,220.5,0.996
4652,620.5,224.5,0.995
4653,586.5,228.5,0.995
4654,552.5,238.5,0.997
4655,522.5,248.5,0.994
4656,496.5,260.5,0.997
4657,470.5,272.5,0.997
4658,450.5,262.5,0.997
4659,422.5,238.5,0.995
4660,402.5,218.5,0.995
4661,386.5,210.5,0.998
4662,364.5,200.5,0.691
4664,328.5,188.5,0.522
4668,272.5,186.5,0.987
4669,302.5,186.5,0.639
4671,398.5,190.5,0.995
4672,462.5,194.5,0.996
4673,518.5,204.5,0.993
4674,570.5,216.5,0.996
4675,624.5,234.5,0.997
4676,688.5,258.5,0.995
4677,736.5,278.5,0.997
4678,784.5,300.5,0.996
4679,268.5,612.5,0.979
4680,888.5,358.5,0.987
4681,962.5,336.5,0.996
4682,1010.5,326.5,0.998
4683,1064.5,322.5,0.996
4684,1138.5,318.5,0.996
4685,1176.5,316.5,0.995
4686,1234.5,320.5,0.995
4687,1272.5,324.5,0.994
4689,1270.5,286.5,0.996
4690,1240.5,266.5,0.993
4691,1190.5,234.5,0.998
4693,1086.5,188.5,0.995
4694,1046.5,176.5,0.989
4697,906.5,154.5,0.974
4698,856.5,156.5,0.994
4699,822.5,162.5,0.995
4700,778.5,168.5,0.997
4701,738.5,180.5,0.997
4702,706.5,194.5,0.996
4703,674.5,208.5,0.996
4704,638.5,228.5,0.997
4705,610.5,246.5,0.997
4706,576.5,268.5,0.996
4707,554.5,292.5,0.995
4708,534.5,300.5,0.998
4709,526.5,292.5,0.998
4710,518.5,290.5,0.998
4711,512.5,290.5,0.998
4712,504.5,292.5,0.997
4713,496.5,296.5,0.998
4714,490.5,302.5,0.994
4715,482.5,312.5,0.998
4716,478.5,322.5,0.998
4717,472.5,330.5,0.998
4718,460.5,320.5,0.998
4719,454.5,310.5,0.998
4720,444.5,304.5,0.998
4721,438.5,300.5,0.998
4722,430.5,298.5,0.998
4723,422.5,298.5,0.998
4724,416.5,304.5,0.998
4725,408.5,310.5,0.998
4726,404.5,318.5,0.998
4727,398.5,328.5,0.998
4728,390.5,326.5,0.997
4729,380.5,316.5,0.998
4730,372.5,310.5,0.999
4731,364.5,306.5,0.999
4732,358.5,304.5,0.998
4733,350.5,306.5,0.999
4734,342.5,310.5,0.998
4735,338.5,318.5,0.996
4736,334.5,324.5,0.998
4737,328.5,338.5,0.998
4738,324.5,350.5,0.995
4739,320.5,366.5,0.995
4740,316.5,382.5,0.995
4741,312.5,402.5,0.996
4742,312.5,420.5,0.995
4743,312.5,444.5,0.927
4744,310.5,466.5,0.958
4745,310.5,486.5,0.987
4746,302.5,484.5,0.997
4747,296.5,474.5,0.997
4748,288.5,462.5,0.997
4749,282.5,450.5,0.997
4750,276.5,444.5,0.994
4751,270.5,438.5,0.995
4752,264.5,438.5,0.995
4753,258.5,438.5,0.996
4754,254.5,438.5,0.993
4755,250.5,444.5,0.996
4756,246.5,450.5,0.995
4757,244.5,458.5,0.994
4758,240.5,470.5,0.997
4759,240.5,482.5,0.997
4760,238.5,494.5,0.997
4761,232.5,488.5,0.995
4762,224.5,482.5,0.997
4763,220.5,480.5,0.997
4764,214.5,478.5,0.996
4765,210.5,478.5,0.997
4766,206.5,482.5,0.997
4767,202.5,488.5,0.996
4768,200.5,494.5,0.996
4769,196.5,496.5,0.996
4770,192.5,496.5,0.995
4771,188.5,496.5,0.992
4772,184.5,496.5,0.872
4773,268.5,610.5,0.908
4774,176.5,498.5,0.996
4775,174.5,498.5,0.994
4776,266.5,610.5,0.99
4777,268.5,610.5,0.989
4778,162.5,496.5,0.995
4779,160.5,498.5,0.995
4780,268.5,610.5,0.977
4781,268.5,612.5,0.971
4782,268.5,610.5,0.991
4783,268.5,610.5,0.987
4784,268.5,610.5,0.991
4785,268.5,610.5,0.985
4786,268.5,610.5,0.975
4787,268.5,612.5,0.983
4788,268.5,610.5,0.885
4789,268.5,610.5,0.925
4790,266.5,610.5,0.861
4791,268.5,610.5,0.954
4792,268.5,610.5,0.882
4793,266.5,610.5,0.777
4794,268.5,610.5,0.919
4795,266.5,610.5,0.881
4796,266.5,610.5,0.923
4797,266.5,610.5,0.86
4798,266.5,610.5,0.969
4799,268.5,612.5,0.924
4800,268.5,612.5,0.665
4801,268.5,612.5,0.648
4803,268.5,612.5,0.543
4804,268.5,612.5,0.583
4805,268.5,612.5,0.62
4806,268.5,612.5,0.721
4807,268.5,612.5,0.7
4808,268.5,612.5,0.9
4809,270.5,612.5,0.554
4811,268.5,610.5,0.977
4857,486.5,260.5,0.627
4861,746.5,692.5,0.506
4890,380.5,212.5,0.996
4891,380.5,208.5,0.995
4892,384.5,202.5,0.996
4893,386.5,194.5,0.997
4894,390.5,186.5,0.995
4895,400.5,178.5,0.997
4896,408.5,170.5,0.995
4897,412.5,162.5,0.995
4898,416.5,152.5,0.984
4899,412.5,146.5,0.996
4901,406.5,146.5,0.997
4902,402.5,150.5,0.997
4903,400.5,158.5,0.995
4904,398.5,164.5,0.997
4905,394.5,176.5,0.994
4906,142.5,178.5,0.814
4907,146.5,194.5,0.982
4908,156.5,204.5,0.519
4927,332.5,292.5,0.854
4938,358.5,162.5,0.823
4940,378.5,134.5,0.873
4942,976.5,514.5,0.698
4946,390.5,130.5,0.972
4947,400.5,148.5,0.992
4948,414.5,166.5,0.985
4949,424.5,186.5,0.994
4950,436.5,206.5,0.995
4951,436.5,218.5,0.622
4952,470.5,256.5,0.997
4953,476.5,240.5,0.997
4954,486.5,222.5,0.996
4955,492.5,210.5,0.999
4956,502.5,196.5,0.997
4957,508.5,186.5,0.997
4958,518.5,180.5,0.997
4959,528.5,176.5,0.998
4960,536.5,176.5,0.998
4961,546.5,178.5,0.997
4962,558.5,180.5,0.998
4963,568.5,186.5,0.998
4964,576.5,198.5,0.998
4965,586.5,210.5,0.996
4966,596.5,224.5,0.998
4967,608.5,242.5,0.997
4968,616.5,256.5,0.997
4969,626.5,278.5,0.998
4970,210.5,580.5,0.992
4971,634.5,306.5,0.987
4972,210.5,582.5,0.995
4973,654.5,328.5,0.997
4974,664.5,314.5,0.997
4975,674.5,298.5,0.997
4976,682.5,290.5,0.997
4977,694.5,282.5,0.993
4978,694.5,282.5,0.996
4979,724.5,280.5,0.996
4980,722.5,278.5,0.995
4981,736.5,282.5,0.997
4982,744.5,290.5,0.997
4983,756.5,300.5,0.997
4984,762.5,312.5,0.991
4985,772.5,328.5,0.997
4986,780.5,346.5,0.995
4987,790.5,372.5,0.997
4988,796.5,390.5,0.996
4989,806.5,418.5,0.998
4990,820.5,404.5,0.995
4991,832.5,392.5,0.993
4992,842.5,384.5,0.983
4993,854.5,378.5,0.994
4994,870.5,374.5,0.992
4995,884.5,376.5,0.989
4996,896.5,378.5,0.964
4997,910.5,382.5,0.935
4998,922.5,396.5,0.991
4999,930.5,410.5,0.998
5000,942.5,424.5,0.995
5001,936.5,432.5,0.975
5010,266.5,608.5,0.993
5011,268.5,608.5,0.695
5014,268.5,608.5,0.712
5015,268.5,608.5,0.905
5018,270.5,608.5,0.675
5020,270.5,614.5,0.86
5021,1022.5,468.5,0.996
5022,1026.5,468.5,0.997
5023,1030.5,468.5,0.996
5024,1032.5,470.5,0.995
5025,1036.5,470.5,0.997
5026,1038.5,470.5,0.997
5027,1040.5,472.5,0.997
5028,1038.5,474.5,0.997
5029,1038.5,474.5,0.997
5030,1036.5,476.5,0.996
5031,1036.5,476.5,0.994
5032,1032.5,478.5,0.993
5033,1030.5,480.5,0.995
5034,1026.5,482.5,0.996
5035,1024.5,484.5,0.997
5036,1020.5,486.5,0.996
5037,1020.5,486.5,0.997
5038,1018.5,490.5,0.996
5039,158.5,594.5,0.995
5040,1016.5,494.5,0.994
5041,1016.5,496.5,0.996
5042,1016.5,500.5,0.997
5043,1016.5,502.5,0.996
5044,1016.5,504.5,0.996
5045,1016.5,508.5,0.995
5046,1016.5,510.5,0.996
5047,1018.5,510.5,0.995
5048,160.5,594.5,0.994
5049,1018.5,516.5,0.99
5050,1018.5,516.5,0.968
5068,894.5,308.5,0.793
5069,896.5,292.5,0.995
5070,898.5,282.5,0.996
5071,898.5,274.5,0.719
5072,898.5,274.5,0.94
5073,896.5,278.5,0.994
5074,896.5,288.5,0.996
5075,896.5,296.5,0.996
5076,894.5,312.5,0.997
5077,928.5,420.5,0.986
5078,886.5,340.5,0.991
5079,888.5,458.5,0.987
5080,882.5,386.5,0.926
5081,876.5,420.5,0.967
5082,872.5,454.5,0.995
5083,826.5,442.5,0.994
5084,786.5,432.5,0.981
5085,734.5,366.5,0.989
5086,708.5,336.5,0.995
5087,678.5,308.5,0.994
5088,646.5,278.5,0.993
5089,628.5,268.5,0.998
5090,600.5,252.5,0.997
5091,578.5,244.5,0.997
5092,560.5,238.5,0.992
5093,538.5,236.5,0.995
5094,518.5,236.5,0.996
5095,506.5,240.5,0.995
5096,490.5,242.5,0.994
5097,476.5,224.5,0.995
5098,460.5,206.5,0.99
5099,452.5,194.5,0.996
5100,438.5,186.5,0.985
5102,494.5,180.5,0.996
5103,528.5,182.5,0.997
5104,562.5,186.5,0.997
5105,592.5,192.5,0.995
5106,628.5,202.5,0.998
5107,664.5,214.5,0.995
5108,692.5,226.5,0.997
5109,728.5,246.5,0.997
5110,756.5,260.5,0.995
5111,802.5,294.5,0.997
5112,832.5,316.5,0.992
5113,862.5,344.5,0.996
5114,898.5,356.5,0.995
5119,940.5,296.5,0.985
5120,902.5,274.5,0.995
5121,858.5,256.5,0.998
5122,816.5,240.5,0.995
5123,780.5,228.5,0.997
5124,742.5,220.5,0.997
5125,706.5,216.5,0.997
5126,678.5,214.5,0.997
5127,644.5,216.5,0.997
5128,620.5,220.5,0.995
5129,596.5,226.5,0.996
5130,570.5,234.5,0.996
5131,552.5,242.5,0.995
5132,530.5,254.5,0.994
5133,514.5,254.5,0.996
5134,494.5,234.5,0.995
5135,478.5,218.5,0.995
5136,462.5,200.5,0.998
5137,446.5,190.5,0.992
5138,432.5,182.5,0.998
5139,420.5,176.5,0.997
5141,450.5,160.5,0.994
5142,482.5,150.5,0.996
5143,510.5,146.5,0.994
5144,542.5,140.5,0.995
5145,574.5,138.5,0.995
5146,606.5,138.5,0.996
5147,636.5,140.5,0.997
5148,674.5,144.5,0.997
5149,702.5,150.5,0.997
5150,736.5,158.5,0.996
5151,770.5,170.5,0.998
5152,802.5,182.5,0.998
5153,834.5,198.5,0.998
5154,868.5,216.5,0.998
5155,900.5,236.5,0.998
5156,932.5,258.5,0.996
5157,964.5,284.5,0.997
5158,998.5,312.5,0.99
5159,1026.5,338.5,0.983
5168,158.5,594.5,0.988
5176,1188.5,594.5,0.555
5180,114.5,174.5,0.839
5183,844.5,356.5,0.734
5194,146.5,186.5,0.966
5197,152.5,222.5,0.529
5223,1080.5,354.5,0.924
5229,134.5,188.5,0.617
5253,132.5,190.5,0.905
5260,870.5,642.5,0.56
5263,350.5,184.5,0.918
5272,368.5,178.5,0.995
5341,494.5,572.5,0.915
5345,520.5,514.5,0.981
5366,718.5,406.5,0.995
5367,686.5,384.5,0.995
5368,654.5,350.5,0.991
5370,610.5,304.5,0.953
5371,586.5,290.5,0.996
5372,566.5,276.5,0.996
5373,546.5,268.5,0.995
5374,526.5,262.5,0.998
5375,506.5,260.5,0.996
5376,486.5,260.5,0.996
5377,472.5,264.5,0.997
5378,458.5,270.5,0.997
5379,446.5,276.5,0.998
5380,434.5,286.5,0.998
5381,420.5,296.5,0.997
5382,406.5,276.5,0.997
5383,396.5,262.5,0.994
5384,386.5,246.5,0.997
5385,374.5,232.5,0.998
5386,362.5,224.5,0.998
5387,354.5,218.5,0.997
5388,342.5,216.5,0.997
5389,334.5,214.5,0.997
5390,326.5,216.5,0.997
5391,320.5,222.5,0.995
5392,312.5,226.5,0.996
5394,296.5,190.5,0.994
5395,292.5,176.5,0.998
5396,282.5,158.5,0.998
5397,278.5,148.5,0.997
5398,272.5,138.5,0.996
5399,266.5,132.5,0.995
5400,262.5,126.5,0.997
5401,256.5,128.5,0.996
5402,250.5,126.5,0.991
5403,254.5,126.5,0.996
5404,248.5,128.5,0.995
5405,244.5,134.5,0.998
5406,244.5,144.5,0.99
5407,240.5,152.5,0.976
5408,238.5,164.5,0.996
5416,240.5,170.5,0.915
5431,286.5,258.5,0.985
5432,284.5,262.5,0.926
5433,280.5,264.5,0.994
5434,278.5,264.5,0.994
5435,274.5,264.5,0.995
5436,272.5,262.5,0.997
5437,270.5,264.5,0.997
5438,270.5,264.5,0.997
5439,268.5,266.5,0.996
5440,268.5,266.5,0.997
5441,268.5,268.5,0.996
5442,268.5,270.5,0.996
5443,268.5,272.5,0.997
5444,270.5,272.5,0.997
5445,268.5,272.5,0.997
5446,266.5,262.5,0.998
5447,260.5,250.5,0.998
5448,258.5,234.5,0.996
5449,256.5,224.5,0.992
5450,254.5,208.5,0.997
5451,252.5,200.5,0.999
5452,250.5,192.5,0.999
5453,248.5,188.5,0.999
5454,248.5,190.5,0.998
5455,248.5,188.5,0.998
5456,248.5,192.5,0.998
5457,250.5,198.5,0.998
5458,250.5,210.5,0.996
5459,252.5,218.5,0.998
5460,256.5,232.5,0.989
5461,280.5,246.5,0.994
5463,356.5,284.5,0.994
5464,380.5,278.5,0.995
5465,406.5,274.5,0.995
5466,436.5,268.5,0.995
5467,464.5,270.5,0.997
5468,494.5,274.5,0.996
5469,526.5,278.5,0.996
5470,552.5,286.5,0.991
5471,582.5,298.5,0.997
5472,614.5,314.5,0.995
5473,646.5,330.5,0.995
5474,676.5,350.5,0.994
5475,704.5,376.5,0.995
5476,738.5,388.5,0.994
5477,766.5,376.5,0.992
5478,792.5,376.5,0.995
5479,818.5,374.5,0.995
5480,850.5,370.5,0.994
5481,808.5,350.5,0.988
5482,760.5,326.5,0.992
5483,714.5,306.5,0.994
5484,670.5,292.5,0.995
5485,626.5,276.5,0.995
5486,594.5,268.5,0.994
5487,562.5,266.5,0.996
5488,528.5,262.5,0.995
5489,498.5,262.5,0.996
5490,470.5,266.5,0.997
5491,446.5,270.5,0.995
5492,420.5,278.5,0.996
5493,402.5,282.5,0.997
5494,378.5,278.5,0.996
5495,362.5,262.5,0.996
5496,340.5,246.5,0.996
5497,320.5,232.5,0.733
5498,336.5,226.5,0.995
5499,368.5,226.5,0.995
5500,398.5,228.5,0.996
5501,430.5,232.5,0.996
5502,456.5,238.5,0.994
5503,484.5,246.5,0.996
5504,514.5,254.5,0.995
5505,546.5,266.5,0.997
5506,576.5,286.5,0.997
5507,606.5,302.5,0.995
5508,634.5,322.5,0.996
5509,664.5,340.5,0.996
5510,692.5,334.5,0.994
5511,718.5,328.5,0.996
5512,748.5,326.5,0.995
5513,770.5,324.5,0.994
5514,800.5,328.5,0.996
5515,828.5,334.5,0.993
5516,848.5,338.5,0.635
5517,816.5,318.5,0.996
5518,774.5,290.5,0.996
5519,738.5,270.5,0.997
5520,708.5,256.5,0.995
5521,678.5,244.5,0.996
5522,646.5,234.5,0.997
5523,626.5,230.5,0.996
5524,602.5,228.5,0.994
5525,580.5,230.5,0.995
5526,560.5,232.5,0.996
5527,542.5,238.5,0.994
5528,524.5,244.5,0.987
5529,510.5,250.5,0.996
5530,498.5,244.5,0.995
5531,482.5,226.5,0.997
5532,470.5,210.5,0.996
5533,456.5,194.5,0.996
5536,486.5,182.5,0.996
5537,518.5,182.5,0.995
5538,552.5,188.5,0.996
5539,582.5,194.5,0.996
5540,616.5,204.5,0.998
5541,648.5,214.5,0.997
5542,682.5,228.5,0.997
5543,714.5,244.5,0.997
5544,746.5,262.5,0.997
5545,784.5,286.5,0.997
5546,808.5,302.5,0.994
5547,850.5,336.5,0.996
5548,880.5,336.5,0.995
5549,914.5,326.5,0.997
5550,950.5,324.5,0.996
5551,978.5,320.5,0.779
5552,932.5,298.5,0.998
5553,884.5,278.5,0.997
5554,842.5,262.5,0.997
5555,798.5,250.5,0.997
5556,756.5,242.5,0.997
5557,716.5,236.5,0.996
5558,678.5,232.5,0.997
5559,640.5,232.5,0.998
5560,610.5,234.5,0.996
5561,578.5,240.5,0.995
5562,544.5,246.5,0.995
5563,516.5,254.5,0.994
5564,488.5,266.5,0.997
5565,464.5,278.5,0.997
5566,438.5,276.5,0.997
5567,416.5,258.5,0.996
5568,394.5,244.5,0.995
5569,368.5,226.5,0.994
5570,350.5,222.5,0.902
5571,328.5,216.5,0.504
5572,310.5,212.5,0.991
5575,322.5,208.5,0.623
5576,346.5,206.5,0.995
5577,382.5,206.5,0.995
5578,414.5,212.5,0.995
5579,450.5,218.5,0.997
5580,482.5,232.5,0.994
5581,514.5,244.5,0.996
5582,558.5,262.5,0.995
5583,594.5,286.5,0.997
5584,622.5,304.5,0.991
5585,660.5,332.5,0.995
5586,692.5,358.5,0.993
5587,724.5,350.5,0.996
5588,758.5,338.5,0.995
5589,796.5,330.5,0.994
5590,832.5,328.5,0.994
5594,964.5,348.5,0.874
5600,940.5,316.5,0.995
5601,888.5,288.5,0.986
5602,844.5,270.5,0.995
5603,802.5,258.5,0.995
5604,764.5,246.5,0.997
5605,726.5,242.5,0.996
5606,692.5,240.5,0.994
5607,670.5,240.5,0.997
5608,634.5,244.5,0.996
5609,606.5,252.5,0.995
5610,578.5,260.5,0.996
5611,560.5,266.5,0.996
5612,538.5,280.5,0.994
5613,518.5,270.5,0.992
5614,504.5,250.5,0.996
5615,490.5,232.5,0.995
5616,480.5,218.5,0.998
5617,468.5,204.5,0.996
5618,454.5,194.5,0.997
5619,442.5,188.5,0.997
5620,432.5,182.5,0.997
5621,422.5,178.5,0.995
5623,442.5,176.5,0.995
5624,470.5,172.5,0.994
5625,496.5,170.5,0.996
5626,522.5,172.5,0.997
5627,550.5,174.5,0.996
5628,578.5,180.5,0.995
5629,608.5,188.5,0.995
5630,636.5,200.5,0.997
5631,668.5,216.5,0.996
5632,692.5,230.5,0.997
5633,722.5,248.5,0.997
5634,742.5,266.5,0.998
5635,772.5,290.5,0.996
5636,804.5,322.5,0.995
5637,824.5,336.5,0.996
5638,856.5,318.5,0.995
5639,876.5,310.5,0.997
5640,904.5,298.5,0.994
5641,928.5,294.5,0.997
5642,956.5,290.5,0.996
5643,980.5,290.5,0.995
5644,1006.5,292.5,0.993
5645,972.5,280.5,0.907
5646,904.5,264.5,0.996
5647,834.5,248.5,0.992
5648,768.5,238.5,0.997
5649,704.5,234.5,0.995
5650,648.5,230.5,0.991
5651,594.5,230.5,0.997
5652,548.5,238.5,0.997
5653,500.5,244.5,0.996
5654,460.5,254.5,0.995
5655,422.5,266.5,0.995
5656,390.5,266.5,0.995
5657,356.5,242.5,0.974
5658,326.5,222.5,0.992
5659,152.5,210.5,0.829
5661,246.5,188.5,0.995
5663,74.5,176.5,0.707
5665,374.5,206.5,0.94
5666,420.5,212.5,0.993
5667,484.5,236.5,0.973
5668,574.5,264.5,0.991
5669,620.5,280.5,0.857
5670,720.5,326.5,0.984
5671,770.5,326.5,0.979
5672,870.5,316.5,0.997
5673,928.5,310.5,0.824
5674,1000.5,314.5,0.995
5675,1052.5,318.5,0.997
5676,1150.5,326.5,0.997
5677,1196.5,338.5,0.984
5681,1188.5,176.5,0.703
5682,298.5,148.5,0.661
5683,290.5,160.5,0.981
5700,744.5,24.5,0.924
5701,728.5,46.5,0.762
5702,710.5,74.5,0.958
5703,696.5,100.5,0.984
5704,680.5,130.5,0.994
5705,670.5,148.5,0.993
5707,638.5,214.5,0.67
5709,614.5,258.5,0.997
5710,608.5,238.5,0.984
5711,604.5,212.5,0.995
5712,600.5,186.5,0.995
5713,594.5,164.5,0.996
5714,588.5,144.5,0.998
5715,584.5,122.5,0.997
5716,576.5,110.5,0.997
5717,574.5,98.5,0.999
5718,568.5,88.5,0.998
5719,564.5,80.5,0.998
5720,558.5,76.5,0.997
5721,554.5,72.5,0.997
5722,550.5,76.5,0.997
5723,546.5,80.5,0.999
5724,542.5,86.5,0.999
5725,538.5,96.5,0.999
5726,534.5,104.5,0.998
5727,532.5,118.5,0.998
5728,530.5,130.5,0.994
5729,526.5,150.5,0.996
5730,522.5,170.5,0.996
5731,520.5,186.5,0.996
5732,518.5,210.5,0.998
5733,516.5,230.5,0.994
5734,514.5,256.5,0.995
5735,508.5,244.5,0.995
5736,508.5,222.5,0.995
5737,504.5,202.5,0.997
5738,502.5,184.5,0.998
5739,498.5,168.5,0.998
5740,496.5,154.5,0.998
5741,494.5,146.5,0.999
5742,492.5,136.5,0.998
5743,488.5,130.5,0.998
5744,486.5,128.5,0.996
5745,486.5,128.5,0.999
5746,482.5,132.5,0.997
5747,482.5,134.5,0.999
5748,480.5,144.5,0.998
5749,480.5,152.5,0.998
5750,478.5,164.5,0.998
5751,476.5,176.5,0.99
5752,476.5,192.5,0.996
5753,478.5,190.5,0.998
5754,476.5,184.5,0.994
5755,472.5,184.5,0.994
5756,466.5,184.5,0.997
5758,450.5,184.5,0.983
5760,432.5,188.5,0.842
5761,422.5,186.5,0.605
5763,406.5,186.5,0.966
5764,398.5,186.5,0.993
5777,264.5,588.5,0.808
5782,264.5,606.5,0.985
5822,504.5,256.5,0.605
5830,842.5,356.5,0.523
5847,844.5,354.5,0.838
5872,350.5,212.5,0.996
5873,348.5,216.5,0.997
5874,344.5,222.5,0.996
5875,340.5,226.5,0.997
5876,334.5,230.5,0.998
5877,328.5,234.5,0.998
5878,326.5,238.5,0.997
5879,318.5,242.5,0.998
5880,312.5,244.5,0.997
5881,308.5,246.5,0.998
5882,302.5,252.5,0.997
5883,300.5,252.5,0.997
5884,296.5,256.5,0.997
5885,292.5,256.5,0.996
5886,286.5,258.5,0.996
5887,284.5,260.5,0.995
5888,282.5,260.5,0.996
5889,280.5,264.5,0.997
5890,278.5,264.5,0.995
5891,278.5,266.5,0.996
5892,278.5,266.5,0.996
5893,278.5,268.5,0.997
5894,280.5,270.5,0.996
5895,278.5,272.5,0.994
5896,276.5,268.5,0.993
5897,272.5,260.5,0.995
5898,270.5,246.5,0.999
5899,266.5,230.5,0.998
5900,264.5,218.5,0.996
5901,260.5,206.5,0.998
5902,256.5,196.5,0.999
5903,254.5,192.5,0.999
5904,252.5,186.5,0.999
5905,250.5,184.5,0.997
5906,250.5,186.5,0.999
5907,250.5,192.5,0.998
5908,250.5,200.5,0.998
5909,248.5,208.5,0.998
5910,250.5,216.5,0.998
5911,254.5,228.5,0.987
5912,280.5,244.5,0.946
5914,352.5,286.5,0.984
5915,382.5,278.5,0.996
5916,412.5,276.5,0.992
5917,442.5,274.5,0.996
5918,474.5,276.5,0.996
5919,508.5,280.5,0.993
5920,540.5,290.5,0.996
5921,572.5,302.5,0.996
5922,604.5,314.5,0.994
5923,640.5,334.5,0.996
5924,672.5,352.5,0.995
5925,704.5,376.5,0.993
5926,746.5,404.5,0.994
5927,776.5,398.5,0.994
5928,814.5,392.5,0.995
5929,844.5,392.5,0.994
5930,882.5,392.5,0.995
5931,860.5,362.5,0.993
5932,818.5,322.5,0.994
5933,774.5,288.5,0.995
5934,730.5,254.5,0.997
5935,694.5,228.5,0.996
5936,660.5,208.5,0.994
5937,628.5,192.5,0.994
5938,598.5,180.5,0.996
5939,572.5,170.5,0.996
5940,546.5,164.5,0.997
5941,526.5,162.5,0.996
5942,502.5,162.5,0.997
5943,484.5,164.5,0.997
5944,466.5,168.5,0.998
5945,452.5,176.5,0.997
5946,438.5,184.5,0.997
5947,424.5,194.5,0.998
5948,410.5,206.5,0.996
5949,400.5,216.5,0.998
5950,392.5,230.5,0.996
5951,376.5,228.5,0.996
5952,372.5,210.5,0.997
5953,362.5,190.5,0.992
5954,354.5,174.5,0.995
5955,346.5,160.5,0.997
5956,338.5,150.5,0.997
5959,378.5,142.5,0.982
5960,414.5,146.5,0.994
5961,442.5,152.5,0.994
5962,476.5,164.5,0.996
5963,502.5,178.5,0.996
5964,532.5,190.5,0.995
5965,564.5,210.5,0.994
5966,594.5,230.5,0.997
5967,622.5,248.5,0.997
5968,644.5,272.5,0.998
5969,630.5,274.5,0.997
5971,614.5,260.5,0.994
5972,606.5,258.5,0.997
5973,598.5,254.5,0.997
5974,590.5,256.5,0.997
5975,582.5,256.5,0.996
5976,574.5,258.5,0.998
5977,568.5,254.5,0.996
5978,562.5,246.5,0.997
5979,558.5,244.5,0.997
5980,550.5,242.5,0.995
5981,544.5,244.5,0.996
5982,540.5,248.5,0.993
5983,534.5,246.5,0.996
5984,528.5,240.5,0.996
5985,524.5,236.5,0.994
5986,516.5,234.5,0.995
5987,512.5,234.5,0.994
5988,508.5,238.5,0.995
5989,502.5,238.5,0.995
5990,498.5,230.5,0.997
5991,492.5,228.5,0.997
5992,486.5,226.5,0.997
5993,482.5,228.5,0.997
5994,478.5,230.5,0.996
5995,472.5,230.5,0.995
5996,468.5,224.5,0.996
5997,464.5,222.5,0.994
5998,460.5,222.5,0.981
6000,450.5,224.5,0.997
6001,446.5,222.5,0.998
6002,442.5,216.5,0.996
6003,436.5,214.5,0.998
6004,434.5,214.5,0.998
6005,428.5,220.5,0.996
6008,418.5,226.5,0.996
6009,416.5,220.5,0.816
6032,358.5,216.5,0.996
6033,360.5,200.5,0.99
6059,134.5,158.5,0.982
6062,324.5,158.5,0.954
6069,512.5,536.5,0.989
6116,422.5,128.5,0.994
6117,436.5,142.5,0.534
6118,450.5,156.5,0.987
6119,458.5,170.5,0.972
6121,498.5,234.5,0.918
6123,524.5,260.5,0.997
6124,538.5,242.5,0.997
6125,548.5,228.5,0.997
6126,558.5,216.5,0.997
6127,570.5,208.5,0.997
6128,582.5,202.5,0.996
6129,594.5,198.5,0.995
6130,608.5,194.5,0.997
6131,620.5,198.5,0.996
6132,632.5,202.5,0.998
6133,642.5,210.5,0.998
6134,658.5,218.5,0.997
6135,672.5,232.5,0.998
6136,684.5,248.5,0.996
6137,694.5,264.5,0.997
6138,706.5,280.5,0.996
6154,828.5,488.5,0.779
6155,430.5,106.5,0.85
6161,134.5,158.5,0.86
6162,928.5,602.5,0.912
6165,278.5,572.5,0.606
6166,958.5,602.5,0.994
6167,1024.5,600.5,0.994
6168,280.5,572.5,0.822
6171,1080.5,586.5,0.997
6175,1130.5,614.5,0.944
6213,308.5,522.5,0.961
6214,1220.5,520.5,0.549
6228,1038.5,506.5,0.966
6229,1044.5,508.5,0.995
6230,1050.5,506.5,0.844
6231,1052.5,508.5,0.993
6232,1054.5,510.5,0.994
6234,1054.5,516.5,0.995
6235,1054.5,522.5,0.995
6238,1040.5,528.5,0.973
6254,912.5,280.5,0.98
6255,914.5,270.5,0.993
6256,920.5,264.5,0.986
6257,924.5,258.5,0.992
6258,926.5,264.5,0.99
6259,926.5,272.5,0.996
6260,930.5,282.5,0.997
6261,930.5,296.5,0.998
6262,932.5,312.5,0.998
6263,932.5,330.5,0.997
6264,930.5,352.5,0.991
6265,928.5,374.5,0.921
6266,928.5,408.5,0.994
6268,846.5,418.5,0.995
6269,796.5,418.5,0.992
6270,748.5,418.5,0.992
6271,706.5,398.5,0.995
6272,672.5,368.5,0.994
6273,638.5,340.5,0.996
6274,610.5,320.5,0.994
6275,580.5,304.5,0.995
6276,554.5,292.5,0.996
6277,528.5,282.5,0.995
6278,504.5,278.5,0.994
6279,504.5,280.5,0.987
6280,482.5,276.5,0.996
6281,462.5,280.5,0.997
6282,442.5,282.5,0.997
6283,422.5,290.5,0.997
6284,406.5,296.5,0.998
6285,390.5,280.5,0.998
6286,374.5,266.5,0.997
6287,358.5,252.5,0.996
6288,346.5,242.5,0.997
6289,332.5,234.5,0.997
6290,318.5,230.5,0.997
6291,312.5,226.5,0.554
6292,336.5,214.5,0.993
6293,362.5,200.5,0.995
6294,388.5,188.5,0.996
6295,414.5,180.5,0.997
6296,442.5,174.5,0.995
6297,470.5,170.5,0.997
6298,498.5,170.5,0.997
6299,528.5,174.5,0.996
6300,556.5,178.5,0.996
6301,584.5,186.5,0.996
6302,612.5,196.5,0.996
6303,640.5,210.5,0.993
6304,670.5,226.5,0.995
6305,692.5,240.5,0.996
6306,722.5,262.5,0.997
6307,748.5,284.5,0.995
6308,774.5,306.5,0.993
6309,798.5,330.5,0.994
6310,816.5,324.5,0.995
6311,842.5,308.5,0.997
6312,864.5,294.5,0.998
6313,884.5,282.5,0.998
6314,906.5,274.5,0.996
6315,928.5,272.5,0.996
6316,950.5,266.5,0.997
6317,970.5,270.5,0.995
6318,988.5,272.5,0.996
6322,916.5,266.5,0.992
6323,816.5,236.5,0.994
6324,722.5,214.5,0.996
6325,646.5,198.5,0.995
6326,590.5,194.5,0.995
6327,528.5,190.5,0.994
6328,470.5,188.5,0.996
6329,434.5,190.5,0.991
6330,394.5,196.5,0.994
6331,356.5,204.5,0.993
6333,302.5,224.5,0.704
6334,278.5,238.5,0.655
6337,278.5,578.5,0.859
6346,782.5,348.5,0.764
6350,538.5,404.5,0.997
6351,552.5,406.5,0.994
6357,626.5,440.5,0.998
6358,642.5,444.5,0.997
6359,656.5,448.5,0.995
6360,672.5,454.5,0.997
6361,684.5,458.5,0.996
6362,698.5,470.5,0.996
6363,712.5,472.5,0.996
6364,726.5,476.5,0.998
6365,742.5,482.5,0.998
6366,754.5,490.5,0.997
6367,768.5,500.5,0.998
6368,784.5,506.5,0.997
6369,796.5,512.5,0.998
6371,826.5,526.5,0.996
6372,840.5,534.5,0.997
6373,850.5,538.5,0.996
6375,886.5,554.5,0.998
6376,902.5,562.5,0.997
6377,918.5,568.5,0.998
6378,934.5,574.5,0.997
6379,950.5,580.5,0.997
6380,966.5,586.5,0.998
6381,982.5,594.5,0.997
6382,998.5,602.5,0.998
6383,1014.5,608.5,0.998
6384,1030.5,616.5,0.997
6385,1048.5,622.5,0.997
6388,1096.5,642.5,0.997
6389,1114.5,648.5,0.997
6390,1128.5,656.5,0.995
6391,1148.5,662.5,0.995
6394,306.5,614.5,0.994
6395,1214.5,690.5,0.996
6396,1232.5,694.5,0.996
6397,1248.5,698.5,0.806
6398,1266.5,710.5,0.904
6420,564.5,264.5,0.843
6421,1268.5,708.5,0.555
6422,1268.5,710.5,0.972
6423,1268.5,710.5,0.99
6429,1114.5,458.5,0.804
6430,1112.5,456.5,0.625
6442,1098.5,534.5,0.939
6449,1052.5,474.5,0.882
6451,1058.5,484.5,0.995
6457,1124.5,552.5,0.995
6458,1140.5,556.5,0.91
6459,1152.5,562.5,0.995
6460,1164.5,562.5,0.993
6461,1166.5,564.5,0.922
6462,1158.5,568.5,0.997
6463,1144.5,566.5,0.993
6464,1134.5,564.5,0.995
6465,1122.5,562.5,0.978
6466,1106.5,554.5,0.996
6467,1092.5,546.5,0.996
6468,1076.5,536.5,0.849
6469,1062.5,524.5,0.984
6470,1048.5,510.5,0.994
6471,1038.5,500.5,0.798
6503,1000.5,484.5,0.899
6504,1006.5,490.5,0.99
6505,1008.5,498.5,0.995
6506,1010.5,502.5,0.995
6507,1010.5,504.5,0.997
6508,1006.5,506.5,0.994
6509,1000.5,506.5,0.99
6515,928.5,426.5,0.995
6516,922.5,406.5,0.997
6519,918.5,324.5,0.984
6520,920.5,306.5,0.995
6521,924.5,292.5,0.995
6522,928.5,278.5,0.998
6523,928.5,270.5,0.896
6524,932.5,264.5,0.972
6525,936.5,262.5,0.987
6526,934.5,268.5,0.993
6527,936.5,276.5,0.995
6528,934.5,290.5,0.997
6529,934.5,302.5,0.995
6530,934.5,322.5,0.997
6531,930.5,342.5,0.993
6532,922.5,458.5,0.994
6533,928.5,390.5,0.995
6534,922.5,422.5,0.996
6535,884.5,436.5,0.932
6536,834.5,436.5,0.99
6537,782.5,434.5,0.995
6538,738.5,412.5,0.993
6539,688.5,364.5,0.991
6540,654.5,334.5,0.994
6541,624.5,312.5,0.994
6542,592.5,290.5,0.996
6543,560.5,274.5,0.996
6544,534.5,264.5,0.996
6545,506.5,258.5,0.996
6546,484.5,252.5,0.995
6547,462.5,252.5,0.994
6548,442.5,254.5,0.997
6549,422.5,258.5,0.996
6550,406.5,266.5,0.996
6551,388.5,270.5,0.996
6552,374.5,254.5,0.996
6553,356.5,236.5,0.997
6554,342.5,222.5,0.996
6555,328.5,214.5,0.996
6556,338.5,202.5,0.995
6557,364.5,190.5,0.995
6558,390.5,182.5,0.996
6559,418.5,174.5,0.994
6560,448.5,168.5,0.996
6561,476.5,166.5,0.997
6562,502.5,168.5,0.996
6563,534.5,172.5,0.998
6564,564.5,178.5,0.995
6565,596.5,186.5,0.998
6566,626.5,198.5,0.997
6567,654.5,210.5,0.996
6568,688.5,228.5,0.997
6569,722.5,250.5,0.997
6570,748.5,268.5,0.996
6571,776.5,292.5,0.996
6572,816.5,326.5,0.996
6573,840.5,352.5,0.995
6574,868.5,378.5,0.988
6575,900.5,358.5,0.983
6581,918.5,272.5,0.997
6582,872.5,258.5,0.997
6583,822.5,246.5,0.998
6584,778.5,238.5,0.997
6585,738.5,234.5,0.997
6586,698.5,234.5,0.996
6587,670.5,234.5,0.996
6588,630.5,242.5,0.996
6589,596.5,250.5,0.995
6590,570.5,258.5,0.995
6591,546.5,270.5,0.996
6592,518.5,284.5,0.997
6593,496.5,278.5,0.995
6594,472.5,254.5,0.996
6595,452.5,238.5,0.995
6596,432.5,222.5,0.994
6597,410.5,210.5,0.995
6598,392.5,202.5,0.997
6599,376.5,196.5,0.997
6600,358.5,192.5,0.997
6601,344.5,190.5,0.997
6602,328.5,194.5,0.9
6603,338.5,188.5,0.996
6604,360.5,182.5,0.994
6605,1042.5,370.5,0.996
6606,412.5,180.5,0.996
6607,438.5,182.5,0.997
6608,464.5,184.5,0.997
6609,490.5,192.5,0.997
6610,526.5,204.5,0.994
6611,552.5,218.5,0.997
6612,582.5,234.5,0.998
6613,612.5,252.5,0.998
6614,638.5,274.5,0.996
6615,670.5,298.5,0.997
6616,698.5,324.5,0.994
6617,722.5,352.5,0.995
6618,750.5,366.5,0.996
6619,774.5,350.5,0.996
6620,802.5,338.5,0.996
6621,826.5,330.5,0.993
6622,850.5,326.5,0.994
6623,878.5,324.5,0.995
6624,908.5,326.5,0.995
6625,932.5,330.5,0.997
6626,960.5,340.5,0.996
6632,924.5,356.5,0.884
6633,870.5,336.5,0.978
6634,814.5,324.5,0.627
6635,738.5,294.5,0.988
6636,694.5,286.5,0.95
6637,642.5,278.5,0.938
6638,610.5,278.5,0.996
6639,568.5,278.5,0.994
6640,534.5,282.5,0.994
6641,504.5,286.5,0.994
6642,472.5,296.5,0.994
6643,444.5,278.5,0.996
6644,422.5,262.5,0.997
6645,398.5,244.5,0.996
6646,374.5,228.5,0.997
6647,356.5,218.5,0.997
6648,336.5,210.5,0.997
6649,318.5,208.5,0.997
6651,336.5,198.5,0.978
6652,362.5,194.5,0.993
6653,390.5,188.5,0.996
6654,418.5,188.5,0.996
6655,446.5,192.5,0.995
6656,478.5,196.5,0.996
6657,510.5,204.5,0.995
6658,542.5,214.5,0.996
6659,572.5,228.5,0.997
6660,602.5,244.5,0.997
6661,634.5,264.5,0.996
6662,658.5,278.5,0.994
6663,688.5,302.5,0.997
6664,716.5,322.5,0.986
6665,738.5,306.5,0.995
6666,770.5,294.5,0.998
6667,790.5,288.5,0.997
6668,816.5,278.5,0.998
6669,842.5,276.5,0.997
6670,866.5,276.5,0.997
6671,888.5,278.5,0.996
6672,912.5,282.5,0.997
6673,934.5,290.5,0.997
6674,960.5,300.5,0.994
6675,980.5,316.5,0.998
6676,996.5,330.5,0.997
6677,1008.5,344.5,0.992
6678,974.5,320.5,0.99
6679,918.5,284.5,0.997
6680,868.5,258.5,0.996
6681,824.5,238.5,0.997
6682,782.5,222.5,0.996
6683,744.5,212.5,0.997
6684,708.5,204.5,0.997
6685,674.5,198.5,0.998
6686,638.5,198.5,0.997
6687,602.5,198.5,0.997
6688,570.5,204.5,0.994
6689,542.5,210.5,0.994
6690,514.5,216.5,0.997
6691,484.5,230.5,0.994
6692,462.5,242.5,0.995
6693,440.5,252.5,0.997
6694,416.5,264.5,0.996
6695,398.5,250.5,0.995
6696,378.5,228.5,0.997
6697,358.5,214.5,0.997
6698,342.5,202.5,0.997
6699,326.5,192.5,0.995
6700,310.5,188.5,0.961
6702,336.5,172.5,0.995
6703,370.5,166.5,0.994
6704,398.5,166.5,0.997
6705,430.5,166.5,0.997
6706,464.5,170.5,0.996
6707,494.5,178.5,0.996
6708,530.5,188.5,0.997
6709,562.5,200.5,0.997
6710,596.5,216.5,0.997
6711,628.5,234.5,0.998
6712,654.5,250.5,0.992
6713,686.5,276.5,0.84
6714,686.5,276.5,0.989
6715,718.5,298.5,0.995
6716,756.5,332.5,0.993
6717,776.5,354.5,0.994
6718,802.5,338.5,0.995
6719,830.5,324.5,0.994
6720,858.5,316.5,0.997
6721,882.5,312.5,0.998
6722,908.5,308.5,0.993
6723,910.5,288.5,0.994
6724,870.5,262.5,0.997
6725,834.5,238.5,0.997
6726,800.5,220.5,0.998
6727,768.5,204.5,0.997
6728,734.5,194.5,0.994
6729,708.5,186.5,0.998
6730,680.5,178.5,0.997
6731,652.5,178.5,0.99
6732,632.5,178.5,0.996
6733,610.5,180.5,0.996
6734,590.5,186.5,0.997
6735,572.5,194.5,0.995
6736,554.5,202.5,0.997
6737,540.5,210.5,0.997
6738,526.5,224.5,0.998
6739,514.5,232.5,0.995
6740,500.5,238.5,0.996
6741,492.5,220.5,0.997
6742,480.5,198.5,0.996
6743,468.5,184.5,0.998
6744,460.5,170.5,0.997
6745,450.5,160.5,0.996
6746,442.5,152.5,0.997
6747,432.5,146.5,0.996
6750,494.5,148.5,0.994
6751,520.5,150.5,0.65
6752,548.5,160.5,0.994
6753,574.5,170.5,0.996
6754,598.5,182.5,0.996
6755,624.5,198.5,0.996
6756,646.5,212.5,0.997
6757,674.5,234.5,0.997
6758,700.5,258.5,0.994
6759,724.5,280.5,0.996
6760,750.5,310.5,0.995
6761,774.5,302.5,0.996
6762,794.5,294.5,0.997
6763,820.5,284.5,0.997
6764,844.5,278.5,0.997
6765,866.5,278.5,0.998
6766,890.5,278.5,0.996
6767,916.5,282.5,0.998
6768,936.5,290.5,0.996
6769,960.5,298.5,0.999
6770,930.5,282.5,0.997
6771,880.5,260.5,0.997
6772,840.5,244.5,0.995
6773,802.5,232.5,0.998
6774,762.5,224.5,0.996
6775,730.5,218.5,0.997
6776,696.5,216.5,0.997
6777,670.5,216.5,0.997
6778,634.5,220.5,0.996
6779,606.5,226.5,0.994
6780,578.5,232.5,0.996
6781,556.5,242.5,0.995
6782,534.5,252.5,0.996
6783,512.5,262.5,0.996
6784,490.5,266.5,0.996
6785,472.5,246.5,0.997
6786,454.5,230.5,0.996
6787,438.5,216.5,0.998
6788,422.5,202.5,0.998
6789,408.5,194.5,0.996
6790,392.5,188.5,0.998
6791,380.5,184.5,0.997
6792,368.5,182.5,0.997
6793,382.5,182.5,0.997
6794,412.5,182.5,0.996
6795,442.5,182.5,0.996
6796,468.5,188.5,0.996
6797,494.5,194.5,0.996
6798,528.5,206.5,0.995
6799,562.5,220.5,0.998
6800,594.5,234.5,0.997
6801,618.5,250.5,0.997
6802,646.5,268.5,0.998
6803,684.5,292.5,0.996
6804,712.5,314.5,0.995
6805,740.5,338.5,0.994
6806,770.5,332.5,0.995
6807,800.5,322.5,0.994
6808,832.5,316.5,0.992
6809,858.5,310.5,0.997
6810,886.5,312.5,0.997
6811,906.5,310.5,0.991
6812,850.5,286.5,0.995
6813,800.5,272.5,0.997
6814,752.5,260.5,0.997
6815,710.5,254.5,0.997
6816,676.5,250.5,0.998
6817,632.5,250.5,0.996
6818,594.5,250.5,0.996
6819,562.5,256.5,0.994
6820,528.5,262.5,0.996
6821,500.5,268.5,0.997
6822,472.5,278.5,0.995
6823,442.5,290.5,0.996
6824,420.5,278.5,0.997
6825,398.5,262.5,0.995
6826,374.5,246.5,0.996
6827,356.5,234.5,0.995
6828,334.5,228.5,0.995
6829,312.5,224.5,0.784
6830,294.5,222.5,0.988
6831,298.5,218.5,0.993
6832,326.5,210.5,0.99
6833,350.5,202.5,0.995
6834,374.5,202.5,0.996
6835,402.5,200.5,0.997
6836,428.5,204.5,0.994
6837,430.5,202.5,0.993
6838,512.5,230.5,0.984
6839,510.5,228.5,0.99
6840,542.5,240.5,0.995
6841,574.5,258.5,0.993
6842,604.5,278.5,0.993
6843,634.5,298.5,0.995
6844,658.5,316.5,0.994
6845,688.5,344.5,0.993
6846,714.5,372.5,0.995
6847,744.5,386.5,0.993
6848,772.5,370.5,0.994
6849,798.5,358.5,0.994
6850,822.5,352.5,0.99
6851,850.5,346.5,0.995
6852,818.5,312.5,0.995
6853,782.5,290.5,0.994
6854,738.5,258.5,0.996
6855,708.5,238.5,0.995
6856,676.5,224.5,0.996
6857,646.5,212.5,0.996
6858,618.5,204.5,0.996
6859,596.5,200.5,0.997
6860,572.5,198.5,0.994
6861,554.5,200.5,0.994
6862,536.5,202.5,0.996
6863,520.5,208.5,0.997
6864,506.5,216.5,0.997
6865,492.5,226.5,0.998
6866,482.5,234.5,0.997
6867,472.5,242.5,0.996
6868,458.5,224.5,0.994
6869,452.5,202.5,0.997
6870,444.5,186.5,0.996
6871,436.5,174.5,0.992
6872,430.5,162.5,0.997
6873,422.5,154.5,0.994
6876,470.5,144.5,0.933
6877,500.5,144.5,0.994
6878,526.5,148.5,0.996
6879,552.5,154.5,0.997
6880,578.5,164.5,0.995
6881,606.5,176.5,0.993
6882,630.5,190.5,0.994
6883,662.5,210.5,0.993
6884,692.5,234.5,0.997
6885,718.5,256.5,0.995
6886,742.5,282.5,0.997
6888,796.5,346.5,0.993
6889,826.5,356.5,0.994
6890,850.5,340.5,0.996
6891,884.5,332.5,0.994
6892,918.5,324.5,0.995
6893,892.5,306.5,0.987
6894,848.5,286.5,0.993
6895,798.5,268.5,0.997
6896,752.5,256.5,0.996
6897,710.5,244.5,0.997
6898,676.5,238.5,0.997
6899,634.5,234.5,0.997
6900,594.5,232.5,0.997
6901,560.5,234.5,0.996
6902,530.5,238.5,0.996
6903,496.5,244.5,0.996
6904,472.5,248.5,0.994
6905,446.5,258.5,0.996
6906,420.5,268.5,0.995
6907,394.5,280.5,0.997
6908,370.5,286.5,0.996
6909,344.5,266.5,0.996
6910,324.5,250.5,0.996
6911,304.5,234.5,0.609
6913,262.5,220.5,0.858
6915,232.5,210.5,0.994
6917,204.5,214.5,0.524
6920,382.5,222.5,0.997
6921,444.5,238.5,0.991
6922,508.5,258.5,0.987
6923,572.5,274.5,0.992
6924,634.5,302.5,0.993
6925,692.5,332.5,0.94
6926,748.5,342.5,0.994
6927,810.5,330.5,0.991
6928,880.5,328.5,0.94
6929,930.5,324.5,0.997
6930,986.5,324.5,0.997
6932,976.5,282.5,0.994
6933,928.5,246.5,0.994
6934,886.5,218.5,0.996
6935,844.5,194.5,0.996
6936,804.5,172.5,0.997
6937,770.5,156.5,0.997
6938,734.5,144.5,0.994
6939,702.5,134.5,0.998
6940,674.5,126.5,0.997
6941,642.5,124.5,0.997
6942,612.5,122.5,0.997
6943,582.5,124.5,0.995
6944,558.5,128.5,0.994
6945,532.5,134.5,0.997
6946,512.5,140.5,0.991
6947,492.5,150.5,0.998
6948,470.5,162.5,0.997
6949,454.5,172.5,0.998
6950,434.5,186.5,0.997
6951,416.5,200.5,0.996
6952,400.5,216.5,0.996
6953,388.5,234.5,0.995
6954,372.5,252.5,0.694
6956,342.5,212.5,0.993
6959,310.5,164.5,0.995
6960,298.5,154.5,0.997
6961,292.5,148.5,0.992
6962,278.5,138.5,0.997
6963,270.5,134.5,0.997
6979,1206.5,60.5,0.994
6980,1236.5,80.5,0.993
6981,1270.5,106.5,0.61
6985,118.5,128.5,0.828
6986,314.5,148.5,0.732
6991,176.5,210.5,0.687
7000,302.5,606.5,0.925
7002,136.5,138.5,0.724
7006,272.5,590.5,0.937
7008,292.5,600.5,0.87
7026,288.5,602.5,0.577
7035,82.5,92.5,0.69
7048,258.5,610.5,0.877
7049,92.5,592.5,0.986
7054,258.5,610.5,0.763
7056,84.5,616.5,0.799
7063,90.5,608.5,0.989
7064,100.5,588.5,0.87
7066,118.5,560.5,0.995
7067,136.5,542.5,0.993
7068,118.5,562.5,0.917
7069,134.5,550.5,0.993
7085,304.5,168.5,0.781
7123,262.5,542.5,0.892
7189,1270.5,534.5,0.994
7214,824.5,338.5,0.614
7224,878.5,642.5,0.643
7226,52.5,266.5,0.806
7317,330.5,110.5,0.797
7339,268.5,570.5,0.941
7347,304.5,584.5,0.845
7370,138.5,160.5,0.933
7371,694.5,354.5,0.993
7372,674.5,370.5,0.995
7373,650.5,354.5,0.995
7374,642.5,332.5,0.994
7375,626.5,308.5,0.996
7376,610.5,288.5,0.996
7377,596.5,270.5,0.996
7378,584.5,258.5,0.996
7379,574.5,250.5,0.997
7380,558.5,242.5,0.998
7381,546.5,240.5,0.998
7382,536.5,240.5,0.996
7383,524.5,242.5,0.996
7384,514.5,246.5,0.998
7385,506.5,254.5,0.996
7386,494.5,264.5,0.996
7387,478.5,290.5,0.994
7388,480.5,290.5,0.988
7389,470.5,304.5,0.998
7390,464.5,290.5,0.996
7391,454.5,270.5,0.997
7392,448.5,256.5,0.997
7393,440.5,242.5,0.997
7394,430.5,234.5,0.997
7395,426.5,226.5,0.997
7396,418.5,222.5,0.998
7397,412.5,220.5,0.998
7398,406.5,220.5,0.998
7399,400.5,224.5,0.998
7400,396.5,230.5,0.998
7401,392.5,238.5,0.996
7402,388.5,248.5,0.994
7403,384.5,260.5,0.997
7404,380.5,270.5,0.997
7405,374.5,260.5,0.997
7406,366.5,244.5,0.997
7407,358.5,232.5,0.995
7408,352.5,224.5,0.998
7409,348.5,216.5,0.997
7410,342.5,214.5,0.995
7411,338.5,212.5,0.997
7412,332.5,212.5,0.994
7413,328.5,214.5,0.995
7414,326.5,218.5,0.995
7415,322.5,224.5,0.997
7416,322.5,210.5,0.998
7417,324.5,194.5,0.998
7418,324.5,184.5,0.997
7419,324.5,174.5,0.998
7420,326.5,164.5,0.996
7421,328.5,160.5,0.997
7422,332.5,158.5,0.692
7423,332.5,158.5,0.996
7425,336.5,164.5,0.996
7426,344.5,170.5,0.998
7427,344.5,178.5,0.989
7428,360.5,184.5,0.892
7429,356.5,172.5,0.968
7439,98.5,190.5,0.532
7445,348.5,230.5,0.948
7446,348.5,234.5,0.996
7447,340.5,234.5,0.996
7450,326.5,240.5,0.752
7451,318.5,242.5,0.995
7453,308.5,246.5,0.997
7454,302.5,250.5,0.998
7455,298.5,252.5,0.998
7456,294.5,252.5,0.997
7457,290.5,254.5,0.999
7458,286.5,254.5,0.999
7459,282.5,254.5,0.999
7460,280.5,254.5,0.998
7461,278.5,256.5,0.997
7462,276.5,256.5,0.999
7463,272.5,258.5,0.998
7464,272.5,258.5,0.997
7465,272.5,260.5,0.997
7466,270.5,262.5,0.997
7467,272.5,264.5,0.996
7468,272.5,268.5,0.997
7469,274.5,268.5,0.995
7470,276.5,270.5,0.996
7471,272.5,268.5,0.993
7472,270.5,260.5,0.995
7473,266.5,248.5,0.998
7474,264.5,232.5,0.996
7475,256.5,222.5,0.994
7476,250.5,204.5,0.998
7477,248.5,194.5,0.997
7478,246.5,190.5,0.996
7479,242.5,182.5,0.999
7480,240.5,182.5,0.998
7481,238.5,182.5,0.999
7482,238.5,188.5,0.998
7483,236.5,192.5,0.998
7484,236.5,202.5,0.997
7485,236.5,214.5,0.996
7486,236.5,222.5,0.997
7487,242.5,236.5,0.917
7489,350.5,278.5,0.994
7490,386.5,270.5,0.992
7491,418.5,262.5,0.994
7492,458.5,254.5,0.995
7493,494.5,252.5,0.994
7494,532.5,250.5,0.994
7495,572.5,248.5,0.993
7496,612.5,252.5,0.998
7497,648.5,258.5,0.996
7498,690.5,268.5,0.998
7499,724.5,278.5,0.998
7500,756.5,290.5,0.996
7501,792.5,306.5,0.992
7502,824.5,326.5,0.993
7503,860.5,314.5,0.997
7504,890.5,306.5,0.996
7505,922.5,298.5,0.996
7506,958.5,292.5,0.999
7507,934.5,274.5,0.985
7508,898.5,254.5,0.997
7509,858.5,234.5,0.998
7510,822.5,220.5,0.997
7511,782.5,208.5,0.995
7512,748.5,198.5,0.998
7513,712.5,192.5,0.997
7514,682.5,188.5,0.998
7515,648.5,186.5,0.996
7516,620.5,188.5,0.996
7517,594.5,192.5,0.995
7518,566.5,196.5,0.994
7519,540.5,204.5,0.996
7520,518.5,212.5,0.996
7521,492.5,226.5,0.993
7522,474.5,236.5,0.995
7523,452.5,246.5,0.997
7524,434.5,234.5,0.995
7525,416.5,212.5,0.994
7526,402.5,200.5,0.994
7527,392.5,182.5,0.524
7528,432.5,188.5,0.97
7529,468.5,188.5,0.989
7530,496.5,194.5,0.995
7531,536.5,200.5,0.995
7532,570.5,208.5,0.996
7533,608.5,220.5,0.996
7534,640.5,232.5,0.998
7535,678.5,250.5,0.997
7536,712.5,268.5,0.998
7537,744.5,286.5,0.997
7538,782.5,316.5,0.991
7539,818.5,330.5,0.994
7540,848.5,326.5,0.993
7541,884.5,322.5,0.997
7542,918.5,322.5,0.995
7543,954.5,324.5,0.997
7544,986.5,326.5,0.995
7545,1010.5,330.5,0.996
7546,966.5,304.5,0.996
7547,924.5,284.5,0.997
7548,882.5,264.5,0.998
7549,844.5,254.5,0.996
7550,810.5,244.5,0.998
7551,774.5,238.5,0.997
7552,742.5,238.5,0.997
7553,710.5,238.5,0.996
7554,682.5,240.5,0.996
7555,648.5,246.5,0.994
7556,630.5,252.5,0.997
7557,606.5,260.5,0.994
7558,582.5,272.5,0.995
7559,562.5,266.5,0.995
7560,546.5,252.5,0.996
7561,526.5,236.5,0.996
7562,510.5,226.5,0.995
7563,494.5,214.5,0.997
7564,478.5,206.5,0.994
7565,462.5,200.5,0.996
7566,450.5,200.5,0.997
7567,438.5,200.5,0.987
7568,448.5,202.5,0.992
7569,470.5,204.5,0.997
7570,506.5,210.5,0.995
7571,530.5,216.5,0.997
7572,558.5,228.5,0.997
7573,582.5,240.5,0.996
7574,614.5,256.5,0.996
7575,638.5,274.5,0.996
7576,668.5,294.5,0.996
7577,696.5,320.5,0.994
7578,734.5,356.5,0.992
7579,754.5,382.5,0.995
7580,784.5,380.5,0.994
7581,812.5,378.5,0.995
7582,842.5,378.5,0.995
7583,874.5,382.5,0.996
7584,840.5,356.5,0.994
7585,786.5,322.5,0.987
7586,738.5,288.5,0.993
7587,738.5,286.5,0.993
7588,694.5,262.5,0.995
7589,642.5,238.5,0.996
7590,610.5,224.5,0.996
7591,572.5,212.5,0.995
7592,538.5,202.5,0.997
7593,502.5,196.5,0.996
7594,470.5,194.5,0.996
7595,444.5,194.5,0.996
7596,416.5,196.5,0.997
7597,390.5,202.5,0.996
7598,370.5,210.5,0.996
7599,350.5,218.5,0.994
7600,328.5,234.5,0.997
7601,314.5,242.5,0.991
7602,296.5,260.5,0.994
7604,264.5,264.5,0.987
7605,256.5,248.5,0.996
7606,238.5,224.5,0.989
7607,218.5,200.5,0.692
7608,212.5,192.5,0.995
7609,198.5,182.5,0.995
7610,190.5,172.5,0.998
7611,178.5,168.5,0.996
7612,170.5,164.5,0.998
7613,160.5,164.5,0.998
7614,152.5,164.5,0.937
7615,148.5,166.5,0.997
7618,182.5,114.5,0.889
7619,338.5,140.5,0.994
7620,394.5,140.5,0.992
7621,446.5,146.5,0.995
7622,502.5,154.5,0.995
7623,558.5,166.5,0.997
7624,610.5,182.5,0.996
7625,674.5,204.5,0.995
7626,722.5,224.5,0.997
7627,774.5,248.5,0.997
7628,822.5,270.5,0.995
7629,884.5,312.5,0.997
7630,916.5,332.5,0.988
7631,976.5,378.5,0.996
7632,1012.5,410.5,0.997
7633,1052.5,450.5,0.992
7634,1080.5,474.5,0.686
7635,1120.5,526.5,0.509
7636,1152.5,570.5,0.983
7637,1200.5,578.5,0.924
7642,186.5,114.5,0.855
7660,248.5,196.5,0.972
7665,242.5,178.5,0.994
7670,120.5,188.5,0.586
7673,116.5,218.5,0.727
7704,102.5,158.5,0.926
7715,132.5,224.5,0.955
7731,130.5,220.5,0.868
7743,116.5,178.5,0.946
7745,326.5,174.5,0.994
7808,1272.5,56.5,0.995
7809,1238.5,48.5,0.993
7810,1206.5,44.5,0.996
7813,286.5,192.5,0.945
7815,942.5,68.5,0.995
7816,902.5,80.5,0.997
7817,864.5,94.5,0.997
7818,818.5,116.5,0.996
7819,788.5,134.5,0.997
7820,754.5,156.5,0.997
7821,720.5,182.5,0.996
7822,692.5,206.5,0.997
7823,670.5,226.5,0.996
7824,640.5,256.5,0.988
7825,640.5,262.5,0.997
7826,644.5,272.5,0.998
7827,650.5,282.5,0.992
7828,652.5,290.5,0.997
7829,658.5,284.5,0.994
7830,664.5,280.5,0.993
7831,670.5,280.5,0.992
7832,676.5,280.5,0.992
7833,682.5,286.5,0.995
7834,686.5,290.5,0.998
7835,690.5,300.5,0.996
7836,696.5,310.5,0.997
7837,702.5,310.5,0.997
7838,708.5,304.5,0.996
7839,714.5,304.5,0.995
7840,720.5,306.5,0.998
7841,726.5,308.5,0.997
7842,732.5,314.5,0.994
7843,736.5,322.5,0.998
7844,742.5,330.5,0.995
7845,748.5,332.5,0.994
7846,754.5,328.5,0.996
7847,762.5,326.5,0.997
7848,768.5,328.5,0.997
7849,774.5,334.5,0.996
7850,780.5,340.5,0.998
7851,784.5,346.5,0.996
7852,790.5,354.5,0.995
7853,798.5,350.5,0.994
7854,802.5,348.5,0.995
7855,812.5,348.5,0.996
7856,816.5,352.5,0.998
7857,824.5,358.5,0.997
7858,828.5,368.5,0.997
7859,836.5,370.5,0.997
7860,842.5,368.5,0.997
7861,850.5,368.5,0.998
7862,856.5,368.5,0.997
7863,862.5,372.5,0.998
7864,868.5,382.5,0.997
7865,874.5,388.5,0.997
7866,880.5,388.5,0.995
7867,888.5,384.5,0.997
7868,896.5,388.5,0.997
7869,902.5,392.5,0.89
7871,910.5,388.5,0.995
7872,908.5,382.5,0.975
7873,908.5,370.5,0.957
7874,912.5,354.5,0.908
7875,916.5,346.5,0.986
7876,916.5,338.5,0.991
7877,918.5,328.5,0.993
7879,934.5,392.5,0.994
7880,934.5,388.5,0.866
7884,794.5,442.5,0.604
7885,798.5,442.5,0.509
7906,298.5,170.5,0.996
7911,288.5,90.5,0.822
7912,292.5,88.5,0.612
7913,650.5,318.5,0.827
7914,616.5,254.5,0.997
7915,596.5,224.5,0.995
7916,580.5,198.5,0.993
7917,562.5,174.5,0.996
7918,548.5,154.5,0.997
7919,530.5,136.5,0.998
7920,514.5,124.5,0.997
7921,498.5,120.5,0.998
7922,486.5,116.5,0.997
7923,474.5,120.5,0.998
7924,464.5,122.5,0.997
7925,454.5,130.5,0.997
7926,444.5,144.5,0.994
7927,436.5,154.5,0.997
7928,430.5,170.5,0.997
7929,422.5,186.5,0.998
7930,416.5,206.5,0.997
7931,410.5,228.5,0.997
7932,406.5,246.5,0.997
7933,404.5,262.5,0.979
7934,400.5,294.5,0.997
7935,394.5,282.5,0.994
7936,384.5,254.5,0.996
7937,376.5,226.5,0.997
7938,370.5,206.5,0.996
7939,362.5,184.5,0.997
7940,356.5,168.5,0.997
7941,350.5,154.5,0.997
7942,346.5,144.5,0.998
7943,338.5,134.5,0.998
7944,334.5,130.5,0.998
7945,330.5,128.5,0.998
7946,324.5,128.5,0.998
7947,322.5,130.5,0.997
7948,320.5,136.5,0.997
7949,316.5,144.5,0.997
7950,314.5,152.5,0.995
7951,314.5,162.5,0.889
7964,280.5,166.5,0.513
7965,278.5,162.5,0.64
7969,280.5,152.5,0.962
7975,590.5,534.5,0.77
7976,624.5,536.5,0.991
7993,56.5,154.5,0.73
7996,1022.5,510.5,0.824
7997,72.5,204.5,0.744
7998,796.5,650.5,0.994
8004,322.5,246.5,0.998
8005,318.5,248.5,0.998
8006,314.5,252.5,0.998
8007,308.5,254.5,0.998
8008,302.5,258.5,0.997
8009,298.5,258.5,0.996
8010,292.5,260.5,0.995
8011,288.5,258.5,0.996
8012,284.5,258.5,0.995
8013,282.5,260.5,0.995
8014,278.5,260.5,0.995
8015,274.5,262.5,0.994
8016,274.5,262.5,0.998
8017,272.5,262.5,0.994
8018,270.5,264.5,0.988
8019,270.5,266.5,0.994
8020,268.5,266.5,0.988
8021,270.5,270.5,0.99
8022,270.5,266.5,0.958
8023,270.5,272.5,0.995
8024,272.5,274.5,0.997
8025,272.5,274.5,0.997
8026,274.5,276.5,0.991
8027,274.5,274.5,0.994
8028,270.5,268.5,0.991
8029,266.5,258.5,0.994
8030,262.5,246.5,0.996
8031,258.5,232.5,0.996
8032,252.5,218.5,0.988
8033,252.5,208.5,0.998
8034,250.5,200.5,0.998
8035,248.5,194.5,0.997
8036,244.5,192.5,0.999
8037,242.5,192.5,0.998
8038,240.5,194.5,0.998
8039,242.5,198.5,0.999
8040,240.5,206.5,0.994
8041,242.5,212.5,0.995
8042,248.5,226.5,0.69
8045,334.5,284.5,0.946
8046,366.5,278.5,0.995
8047,398.5,276.5,0.995
8048,430.5,276.5,0.997
8049,462.5,276.5,0.997
8050,498.5,282.5,0.995
8051,538.5,292.5,0.987
8052,572.5,302.5,0.996
8053,612.5,318.5,0.992
8054,650.5,334.5,0.992
8055,676.5,350.5,0.995
8056,722.5,380.5,0.993
8057,762.5,396.5,0.994
8058,796.5,392.5,0.994
8059,832.5,388.5,0.995
8060,870.5,388.5,0.996
8061,868.5,374.5,0.995
8062,834.5,360.5,0.992
8063,774.5,336.5,0.993
8064,734.5,322.5,0.993
8065,696.5,308.5,0.992
8066,644.5,300.5,0.977
8067,646.5,296.5,0.535
8070,506.5,296.5,0.991
8071,472.5,300.5,0.996
8072,452.5,306.5,0.993
8073,418.5,316.5,0.986
8074,394.5,308.5,0.995
8075,370.5,288.5,0.997
8076,350.5,276.5,0.994
8077,326.5,262.5,0.994
8078,308.5,252.5,0.996
8080,270.5,244.5,0.949
8081,258.5,242.5,0.583
8082,244.5,242.5,0.88
8083,276.5,240.5,0.939
8084,300.5,240.5,0.982
8085,338.5,244.5,0.98
8086,382.5,246.5,0.995
8087,416.5,254.5,0.995
8088,456.5,266.5,0.995
8089,494.5,278.5,0.995
8090,536.5,298.5,0.978
8091,534.5,304.5,0.711
8092,572.5,300.5,0.997
8093,588.5,300.5,0.997
8094,602.5,306.5,0.994
8095,616.5,314.5,0.996
8096,630.5,322.5,0.996
8097,646.5,334.5,0.997
8098,662.5,348.5,0.998
8099,678.5,340.5,0.995
8100,692.5,332.5,0.995
8101,706.5,326.5,0.997
8102,722.5,324.5,0.997
8103,736.5,324.5,0.997
8104,750.5,326.5,0.998
8105,764.5,330.5,0.996
8106,776.5,338.5,0.995
8107,790.5,354.5,0.998
8108,804.5,362.5,0.995
8109,818.5,362.5,0.994
8110,832.5,354.5,0.995
8111,850.5,348.5,0.996
8112,866.5,344.5,0.995
8113,880.5,342.5,0.605
8114,756.5,254.5,0.992
8115,728.5,238.5,0.942
8137,388.5,222.5,0.841
8154,384.5,226.5,0.955
8155,382.5,224.5,0.995
8156,378.5,224.5,0.995
8157,378.5,224.5,0.979
8158,376.5,222.5,0.921
8159,376.5,224.5,0.982
8161,376.5,222.5,0.737
8162,378.5,226.5,0.92
8203,640.5,360.5,0.734
8220,406.5,224.5,0.808
8222,398.5,214.5,0.992
8292,758.5,340.5,0.538
8355,194.5,158.5,0.885
8356,218.5,174.5,0.991
8357,248.5,196.5,0.994
8358,272.5,218.5,0.995
8359,298.5,244.5,0.997
8360,326.5,274.5,0.996
8361,350.5,294.5,0.995
8362,366.5,290.5,0.996
8363,380.5,268.5,0.996
8364,394.5,252.5,0.995
8365,408.5,236.5,0.997
8366,424.5,226.5,0.997
8367,440.5,218.5,0.997
8368,456.5,210.5,0.996
8369,472.5,208.5,0.997
8370,490.5,206.5,0.997
8371,506.5,210.5,0.996
8372,524.5,214.5,0.996
8373,540.5,226.5,0.994
8374,556.5,234.5,0.995
8375,572.5,246.5,0.995
8376,590.5,264.5,0.996
8377,602.5,282.5,0.997
8378,616.5,300.5,0.995
8379,632.5,326.5,0.996
8380,646.5,344.5,0.998
8381,660.5,328.5,0.997
8382,672.5,310.5,0.998
8383,686.5,294.5,0.996
8384,700.5,282.5,0.993
8385,712.5,276.5,0.995
8386,726.5,272.5,0.997
8387,738.5,270.5,0.996
8388,752.5,270.5,0.995
8389,764.5,272.5,0.998
8390,776.5,280.5,0.997
8391,786.5,290.5,0.997
8392,800.5,298.5,0.997
8393,816.5,314.5,0.993
8394,820.5,328.5,0.993
8395,828.5,346.5,0.995
8396,836.5,370.5,0.996
8397,850.5,372.5,0.996
8398,864.5,354.5,0.997
8399,878.5,340.5,0.995
8400,894.5,330.5,0.994
8401,906.5,322.5,0.996
8402,920.5,318.5,0.997
8403,934.5,314.5,0.997
8404,944.5,318.5,0.996
8405,958.5,320.5,0.997
8406,968.5,328.5,0.996
8407,978.5,338.5,0.997
8409,996.5,318.5,0.891
8410,1000.5,306.5,0.997
8411,1008.5,290.5,0.997
8412,1014.5,274.5,0.997
8413,1018.5,268.5,0.994
8414,1022.5,262.5,0.995
8415,1026.5,258.5,0.926
8416,1032.5,258.5,0.601
8417,1032.5,266.5,0.994
8418,1034.5,276.5,0.994
8419,1034.5,290.5,0.997
8420,1036.5,304.5,0.995
8421,1036.5,322.5,0.995
8422,1036.5,338.5,0.738
8445,972.5,410.5,0.632
8447,958.5,406.5,0.917
8448,958.5,408.5,0.934
8450,942.5,402.5,0.987
8451,940.5,400.5,0.994
8452,936.5,392.5,0.998
8453,934.5,386.5,0.996
8454,932.5,382.5,0.995
8455,930.5,376.5,0.995
8456,930.5,374.5,0.979
8462,944.5,328.5,0.991
8468,942.5,312.5,0.993
8469,942.5,322.5,0.998
8470,940.5,330.5,0.997
8471,934.5,348.5,0.982
8472,930.5,358.5,0.705
8473,248.5,544.5,0.974
8484,200.5,526.5,0.986
8485,216.5,530.5,0.993
8491,254.5,576.5,0.975
8523,334.5,594.5,0.842
8526,298.5,584.5,0.976
8527,290.5,586.5,0.8
8530,254.5,574.5,0.943
8536,302.5,604.5,0.912
8554,1090.5,454.5,0.567
8569,996.5,448.5,0.983
8570,994.5,452.5,0.998
8571,992.5,454.5,0.997
8572,992.5,460.5,0.996
8573,990.5,468.5,0.999
8574,990.5,472.5,0.997
8575,990.5,480.5,0.995
8576,990.5,482.5,0.998
8577,990.5,486.5,0.997
8578,992.5,486.5,0.997
8579,990.5,486.5,0.996
8580,988.5,484.5,0.995
8581,986.5,482.5,0.996
8582,984.5,482.5,0.995
8583,980.5,482.5,0.994
8584,978.5,482.5,0.997
8585,974.5,482.5,0.997
8586,968.5,480.5,0.993
8587,962.5,480.5,0.994
8588,958.5,480.5,0.995
8599,936.5,482.5,0.955
8600,936.5,484.5,0.971
8601,938.5,486.5,0.994
8602,942.5,488.5,0.95
8603,944.5,490.5,0.995
8604,946.5,490.5,0.966
8607,952.5,494.5,0.682
8610,958.5,500.5,0.987
8611,958.5,502.5,0.992
8612,958.5,504.5,0.997
8613,960.5,510.5,0.995
8614,964.5,518.5,0.985
8615,966.5,516.5,0.822
8616,970.5,526.5,0.989
8618,966.5,522.5,0.994
8623,920.5,460.5,0.995
8624,914.5,440.5,0.983
8625,904.5,420.5,0.967
8629,902.5,312.5,0.88
8630,904.5,296.5,0.985
8631,904.5,282.5,0.995
8632,908.5,274.5,0.892
8633,912.5,262.5,0.993
8634,912.5,258.5,0.996
8635,912.5,260.5,0.994
8636,912.5,272.5,0.985
8637,910.5,280.5,0.998
8638,912.5,294.5,0.997
8639,910.5,310.5,0.998
8640,908.5,330.5,0.994
8641,902.5,348.5,0.994
8642,902.5,370.5,0.994
8644,892.5,436.5,0.997
8645,854.5,440.5,0.969
8646,800.5,426.5,0.993
8647,756.5,408.5,0.978
8648,718.5,364.5,0.994
8649,688.5,334.5,0.995
8650,654.5,304.5,0.994
8651,626.5,282.5,0.995
8652,606.5,272.5,0.996
8653,574.5,258.5,0.993
8654,552.5,250.5,0.994
8655,530.5,246.5,0.995
8656,512.5,244.5,0.996
8657,494.5,244.5,0.996
8658,480.5,248.5,0.997
8659,462.5,248.5,0.997
8660,448.5,230.5,0.995
8661,432.5,216.5,0.995
8662,420.5,206.5,0.997
8663,412.5,198.5,0.845
8664,426.5,194.5,0.559
8665,468.5,190.5,0.984
8666,494.5,190.5,0.995
8667,528.5,194.5,0.996
8668,562.5,200.5,0.996
8669,592.5,210.5,0.994
8670,626.5,220.5,0.998
8671,650.5,228.5,0.996
8672,688.5,250.5,0.996
8673,718.5,268.5,0.997
8674,742.5,284.5,0.997
8675,778.5,312.5,0.994
8676,812.5,308.5,0.992
8677,836.5,306.5,0.997
8678,864.5,302.5,0.996
8679,896.5,300.5,0.995
8680,924.5,302.5,0.994
8681,956.5,310.5,0.993
8682,982.5,318.5,0.958
8684,932.5,286.5,0.998
8685,880.5,262.5,0.998
8686,836.5,246.5,0.998
8687,788.5,230.5,0.998
8688,748.5,222.5,0.997
8689,706.5,216.5,0.997
8690,672.5,214.5,0.998
8691,632.5,214.5,0.996
8692,596.5,218.5,0.996
8693,564.5,222.5,0.998
8694,534.5,232.5,0.996
8695,504.5,244.5,0.994
8696,482.5,252.5,0.996
8697,456.5,266.5,0.998
8698,432.5,270.5,0.995
8699,410.5,250.5,0.994
8700,388.5,232.5,0.997
8701,370.5,220.5,0.998
8704,312.5,192.5,0.988
8706,282.5,188.5,0.993
8707,266.5,188.5,0.995
8708,246.5,194.5,0.995
8709,240.5,198.5,0.988
8711,312.5,204.5,0.946
8712,360.5,206.5,0.995
8713,408.5,214.5,0.993
8714,452.5,228.5,0.994
8715,498.5,244.5,0.994
8716,550.5,266.5,0.996
8717,598.5,288.5,0.996
8718,646.5,314.5,0.985
8719,686.5,338.5,0.994
8720,736.5,338.5,0.995
8721,788.5,330.5,0.996
8722,838.5,328.5,0.992
8723,890.5,328.5,0.995
8724,942.5,332.5,0.995
8725,992.5,340.5,0.998
8726,1042.5,350.5,0.997
8727,1094.5,364.5,0.998
8728,1146.5,384.5,0.989
8729,1128.5,362.5,0.979
8730,1066.5,316.5,0.709
8731,1028.5,294.5,0.751
8732,986.5,274.5,0.994
8733,926.5,242.5,0.996
8734,882.5,226.5,0.995
8735,838.5,212.5,0.997
8736,796.5,200.5,0.998
8737,756.5,194.5,0.997
8738,722.5,190.5,0.996
8739,686.5,190.5,0.996
8740,648.5,194.5,0.995
8741,620.5,196.5,0.995
8742,590.5,202.5,0.994
8743,562.5,212.5,0.995
8744,534.5,224.5,0.996
8745,508.5,238.5,0.994
8746,486.5,248.5,0.996
8747,468.5,262.5,0.998
8748,444.5,282.5,0.997
8749,420.5,266.5,0.998
8750,406.5,250.5,0.997
8751,388.5,226.5,0.998
8752,372.5,212.5,0.995
8753,356.5,200.5,0.993
8754,342.5,190.5,0.998
8755,328.5,184.5,0.984
8756,314.5,178.5,0.995
8757,302.5,174.5,0.992
8760,274.5,182.5,0.996
8763,372.5,166.5,0.994
8765,446.5,172.5,0.995
8766,484.5,178.5,0.997
8767,524.5,188.5,0.996
8768,564.5,204.5,0.998
8769,602.5,222.5,0.997
8770,638.5,242.5,0.995
8771,682.5,266.5,0.996
8772,716.5,290.5,0.995
8773,754.5,320.5,0.994
8774,788.5,350.5,0.992
8775,830.5,382.5,0.994
8776,872.5,364.5,0.996
8777,914.5,354.5,0.995
8778,974.5,344.5,0.996
8779,1008.5,340.5,0.998
8780,1056.5,338.5,0.997
8782,1152.5,342.5,0.998
8783,1196.5,352.5,0.995
8784,1242.5,362.5,0.981
8787,1268.5,338.5,0.992
8789,1172.5,262.5,0.962
8790,1092.5,210.5,0.995
8791,1050.5,188.5,0.996
8793,924.5,134.5,0.621
8794,896.5,132.5,0.991
8795,862.5,126.5,0.994
8796,826.5,122.5,0.995
8797,790.5,124.5,0.997
8798,754.5,128.5,0.995
8799,720.5,134.5,0.997
8800,692.5,144.5,0.995
8801,670.5,152.5,0.997
8802,642.5,168.5,0.998
8803,618.5,184.5,0.997
8804,600.5,198.5,0.997
8805,578.5,220.5,0.994
8806,560.5,238.5,0.993
8807,542.5,258.5,0.995
8808,530.5,248.5,0.993
8809,520.5,226.5,0.995
8810,508.5,198.5,0.992
8811,496.5,176.5,0.996
8812,486.5,160.5,0.998
8813,478.5,146.5,0.997
8814,466.5,132.5,0.997
8815,458.5,122.5,0.997
8816,448.5,116.5,0.996
8817,440.5,114.5,0.998
8818,434.5,110.5,0.999
8819,426.5,116.5,0.983
8820,444.5,114.5,0.52
8821,466.5,112.5,0.994
8822,498.5,114.5,0.995
8823,528.5,118.5,0.997
8824,550.5,124.5,0.993
8825,580.5,136.5,0.996
8826,612.5,152.5,0.997
8827,640.5,166.5,0.997
8828,672.5,188.5,0.996
8829,692.5,202.5,0.998
8830,724.5,230.5,0.996
8831,752.5,254.5,0.996
8832,786.5,292.5,0.993
8833,800.5,306.5,0.995
8834,832.5,330.5,0.994
8835,862.5,314.5,0.997
8836,888.5,300.5,0.996
8837,914.5,290.5,0.997
8838,940.5,282.5,0.997
8839,970.5,276.5,0.994
8840,998.5,276.5,0.995
8841,1024.5,276.5,0.996
8842,1054.5,280.5,0.997
8843,1078.5,288.5,0.997
8844,1108.5,298.5,0.993
8845,1138.5,318.5,0.998
8848,1070.5,308.5,0.997
8849,1012.5,292.5,0.996
8850,954.5,278.5,0.996
8851,894.5,266.5,0.997
8852,842.5,260.5,0.998
8853,794.5,260.5,0.998
8854,748.5,260.5,0.998
8855,704.5,266.5,0.997
8856,676.5,272.5,0.995
8857,630.5,282.5,0.994
8858,602.5,294.5,0.998
8859,606.5,298.5,0.996
8860,610.5,302.5,0.995
8861,616.5,304.5,0.989
8862,620.5,302.5,0.998
8863,624.5,304.5,0.997
8864,628.5,310.5,0.996
8865,634.5,308.5,0.993
8866,638.5,308.5,0.997
8867,638.5,312.5,0.995
8868,642.5,314.5,0.995
8869,644.5,312.5,0.993
8870,648.5,314.5,0.994
8871,650.5,318.5,0.994
8872,654.5,318.5,0.731
8873,652.5,318.5,0.997
8874,654.5,322.5,0.998
8875,656.5,322.5,0.997
8876,658.5,322.5,0.998
8877,660.5,326.5,0.998
8878,662.5,324.5,0.998
8879,666.5,326.5,0.997
8880,662.5,326.5,0.997
8881,666.5,326.5,0.997
8882,668.5,328.5,0.996
8883,670.5,330.5,0.997
8884,670.5,330.5,0.997
8885,672.5,334.5,0.997
8886,674.5,334.5,0.997
8887,678.5,334.5,0.996
8888,680.5,336.5,0.995
8889,682.5,336.5,0.996
8890,684.5,336.5,0.997
8891,686.5,338.5,0.999
8892,688.5,340.5,0.998
8893,690.5,342.5,0.998
8894,692.5,342.5,0.998
8895,694.5,342.5,0.996
8896,698.5,342.5,0.997
8897,700.5,342.5,0.998
8898,702.5,344.5,0.997
8899,706.5,342.5,0.998
8900,706.5,344.5,0.997
8901,710.5,344.5,0.996
8902,716.5,344.5,0.976
8903,716.5,348.5,0.997
8904,718.5,350.5,0.996
8905,722.5,350.5,0.997
8906,726.5,350.5,0.995
8907,728.5,350.5,0.994
8908,730.5,350.5,0.994
8909,732.5,352.5,0.997
8910,734.5,352.5,0.996
8911,738.5,352.5,0.998
8912,740.5,352.5,0.994
8913,742.5,352.5,0.986
8914,746.5,352.5,0.989
8915,750.5,354.5,0.996
8916,752.5,354.5,0.995
8917,756.5,352.5,0.996
8918,760.5,354.5,0.996
8919,762.5,354.5,0.998
8920,764.5,352.5,0.998
8950,758.5,338.5,0.541
8956,968.5,460.5,0.588
8957,972.5,466.5,0.564
8958,984.5,466.5,0.993
8959,988.5,466.5,0.995
8960,992.5,470.5,0.996
8961,998.5,470.5,0.994
8962,1000.5,470.5,0.987
8963,1004.5,472.5,0.996
8964,1004.5,476.5,0.996
8965,1006.5,478.5,0.998
8966,1008.5,480.5,0.997
8967,1008.5,484.5,0.998
8968,1010.5,486.5,0.998
8969,1008.5,490.5,0.996
8970,1008.5,494.5,0.997
8971,1008.5,494.5,0.997
8972,1006.5,496.5,0.998
8973,1004.5,496.5,0.997
8974,1000.5,496.5,0.995
8975,994.5,498.5,0.996
8976,988.5,498.5,0.996
8977,982.5,498.5,0.993
8990,904.5,270.5,0.995
8992,910.5,256.5,0.994
8993,914.5,254.5,0.964
8994,916.5,258.5,0.997
8995,916.5,266.5,0.997
8996,918.5,276.5,0.998
8997,918.5,292.5,0.996
8998,918.5,310.5,0.997
8999,914.5,330.5,0.995
9000,914.5,354.5,0.994
9001,916.5,492.5,0.992
9002,908.5,404.5,0.953
9003,906.5,436.5,0.993
9004,884.5,456.5,0.9
9005,820.5,438.5,0.993
9006,774.5,426.5,0.992
9007,728.5,382.5,0.993
9008,694.5,350.5,0.993
9009,658.5,326.5,0.995
9010,630.5,306.5,0.994
9011,600.5,290.5,0.997
9012,574.5,278.5,0.997
9013,552.5,274.5,0.997
9014,530.5,268.5,0.994
9015,506.5,268.5,0.993
9016,488.5,274.5,0.997
9017,470.5,268.5,0.997
9018,454.5,250.5,0.998
9019,440.5,236.5,0.997
9020,424.5,226.5,0.995
9021,414.5,216.5,0.998
9023,398.5,202.5,0.993
9024,428.5,198.5,0.993
9025,452.5,192.5,0.996
9026,478.5,188.5,0.993
9027,502.5,188.5,0.996
9028,532.5,190.5,0.994
9029,556.5,196.5,0.995
9030,584.5,202.5,0.996
9031,610.5,212.5,0.995
9032,636.5,224.5,0.994
9033,670.5,242.5,0.997
9034,690.5,254.5,0.996
9035,718.5,276.5,0.995
9036,740.5,292.5,0.996
9037,768.5,320.5,0.993
9038,794.5,334.5,0.995
9039,816.5,322.5,0.996
9040,846.5,312.5,0.998
9041,868.5,308.5,0.997
9042,890.5,306.5,0.995
9043,916.5,304.5,0.997
9044,938.5,306.5,0.995
9045,966.5,314.5,0.998
9046,988.5,320.5,0.946
9047,960.5,298.5,0.517
9048,918.5,282.5,0.995
9049,864.5,258.5,0.996
9050,812.5,236.5,0.997
9051,768.5,224.5,0.997
9052,726.5,212.5,0.997
9053,684.5,206.5,0.996
9054,646.5,204.5,0.997
9055,612.5,202.5,0.996
9056,578.5,206.5,0.996
9057,548.5,210.5,0.996
9058,520.5,218.5,0.995
9059,494.5,228.5,0.995
9060,468.5,240.5,0.995
9061,444.5,254.5,0.996
9062,430.5,258.5,0.996
9063,406.5,234.5,0.997
9064,390.5,216.5,0.997
9065,372.5,200.5,0.997
9066,360.5,186.5,0.996
9067,342.5,292.5,0.913
9068,308.5,166.5,0.983
9069,368.5,166.5,0.993
9070,404.5,162.5,0.994
9071,432.5,164.5,0.995
9072,464.5,166.5,0.997
9073,494.5,174.5,0.996
9074,528.5,182.5,0.998
9075,560.5,194.5,0.995
9076,592.5,208.5,0.994
9077,622.5,224.5,0.995
9078,644.5,238.5,0.998
9079,686.5,264.5,0.996
9080,710.5,282.5,0.997
9081,744.5,310.5,0.994
9082,770.5,322.5,0.996
9083,806.5,304.5,0.997
9084,822.5,300.5,0.997
9085,852.5,290.5,0.996
9086,878.5,284.5,0.996
9087,902.5,282.5,0.997
9088,934.5,284.5,0.999
9089,958.5,290.5,0.992
9090,984.5,294.5,0.997
9091,1010.5,306.5,0.984
9092,1034.5,316.5,0.99
9093,1058.5,332.5,0.994
9094,1076.5,346.5,0.986
9095,1000.5,300.5,0.992
9096,944.5,270.5,0.995
9097,892.5,244.5,0.995
9098,844.5,226.5,0.997
9099,798.5,212.5,0.998
9100,756.5,202.5,0.997
9101,712.5,196.5,0.998
9102,674.5,194.5,0.998
9103,638.5,196.5,0.997
9104,604.5,198.5,0.997
9105,568.5,206.5,0.994
9106,542.5,212.5,0.997
9107,512.5,226.5,0.995
9108,486.5,236.5,0.994
9109,464.5,250.5,0.995
9110,442.5,264.5,0.997
9111,422.5,250.5,0.997
9112,402.5,228.5,0.997
9113,384.5,210.5,0.996
9114,366.5,196.5,0.997
9115,346.5,184.5,0.996
9116,332.5,176.5,0.98
9118,320.5,162.5,0.844
9119,330.5,164.5,0.859
9120,356.5,162.5,0.994
9121,380.5,162.5,0.995
9122,404.5,166.5,0.997
9123,426.5,174.5,0.994
9124,452.5,186.5,0.998
9125,476.5,198.5,0.998
9126,502.5,216.5,0.997
9127,530.5,234.5,0.997
9128,554.5,258.5,0.994
9129,578.5,282.5,0.995
9130,598.5,302.5,0.992
9131,626.5,338.5,0.996
9132,654.5,366.5,0.994
9133,674.5,354.5,0.994
9134,694.5,342.5,0.996
9135,710.5,332.5,0.995
9136,734.5,326.5,0.996
9137,756.5,324.5,0.995
9138,778.5,324.5,0.994
9139,802.5,326.5,0.996
9140,822.5,334.5,0.99
9141,848.5,346.5,0.994
9142,866.5,360.5,0.997
9143,890.5,382.5,0.994
9144,908.5,398.5,0.994
9145,928.5,426.5,0.999
9146,860.5,358.5,0.977
9147,812.5,322.5,0.991
9148,750.5,268.5,0.992
9149,710.5,240.5,0.994
9150,674.5,216.5,0.996
9151,628.5,190.5,0.997
9152,594.5,172.5,0.997
9153,562.5,158.5,0.996
9154,530.5,148.5,0.997
9155,502.5,140.5,0.996
9156,480.5,138.5,0.996
9157,454.5,140.5,0.995
9158,436.5,144.5,0.994
9159,418.5,150.5,0.997
9160,402.5,158.5,0.995
9161,386.5,168.5,0.997
9162,374.5,180.5,0.997
9163,362.5,194.5,0.998
9164,350.5,210.5,0.995
9165,344.5,226.5,0.997
9166,336.5,240.5,0.998
9171,316.5,338.5,0.921
9172,310.5,346.5,0.994
9173,306.5,328.5,0.997
9178,286.5,268.5,0.986
9179,284.5,262.5,0.997
9180,282.5,258.5,0.997
9181,280.5,256.5,0.994
9182,278.5,256.5,0.995
9183,274.5,258.5,0.995
9184,276.5,262.5,0.996
9185,276.5,268.5,0.985
9198,292.5,312.5,0.983
9203,300.5,314.5,0.889
9205,302.5,316.5,0.879
9213,790.5,422.5,0.88
9217,760.5,376.5,0.616
9222,310.5,134.5,0.708
9227,760.5,408.5,0.583
9243,384.5,162.5,0.985
9245,382.5,152.5,0.708
9246,382.5,146.5,0.883
9247,380.5,138.5,0.819
9250,478.5,258.5,0.735
9251,462.5,262.5,0.925
9253,358.5,226.5,0.994
9254,358.5,222.5,0.994
9255,358.5,218.5,0.845
9276,412.5,186.5,0.985
9277,404.5,184.5,0.971
9281,390.5,166.5,0.875
9313,164.5,182.5,0.945
9369,340.5,168.5,0.994
9417,86.5,618.5,0.934
9422,292.5,442.5,0.881
9428,92.5,614.5,0.741
9437,328.5,328.5,0.608
9450,262.5,472.5,0.77
9514,242.5,278.5,0.991
9516,244.5,280.5,0.646
9520,244.5,286.5,0.826
9522,240.5,290.5,0.965
9533,210.5,568.5,0.921
9548,62.5,358.5,0.546
9573,318.5,448.5,0.814
9598,88.5,354.5,0.666
9664,824.5,354.5,0.674
9809,472.5,548.5,0.571
9930,6.5,422.5,0.996
9931,12.5,416.5,0.58
9932,22.5,412.5,0.993
9933,30.5,406.5,0.995
9934,38.5,402.5,0.912
9935,56.5,398.5,0.842
9936,62.5,392.5,0.971
9937,70.5,386.5,0.995
9938,78.5,380.5,0.987
