track,frame,t_s,x_px,y_px
0,346,11.533,6.5,504.5
0,347,11.567,16.5,504.5
0,348,11.6,30.5,502.5
0,349,11.633,48.5,500.5
0,350,11.667,66.5,496.5
0,351,11.7,84.5,492.5
0,352,11.733,100.5,490.5
0,353,11.767,120.5,484.5
0,354,11.8,132.5,486.5
0,355,11.833,148.5,484.5
0,356,11.867,162.5,478.5
0,357,11.9,174.5,474.5
0,358,11.933,190.5,472.5
0,359,11.967,202.5,470.5
1,394,13.133,204.5,442.5
1,397,13.233,238.5,374.5
1,398,13.267,242.5,360.5
1,402,13.4,276.5,346.5
1,403,13.433,286.5,348.5
1,404,13.467,294.5,360.5
1,405,13.5,308.5,372.5
1,406,13.533,316.5,388.5
1,407,13.567,326.5,404.5
1,408,13.6,344.5,418.5
1,409,13.633,354.5,416.5
2,446,14.867,312.5,390.5
2,447,14.9,292.5,378.5
2,448,14.933,300.5,334.5
2,449,14.967,302.5,314.5
2,450,15.0,310.5,292.5
2,451,15.033,308.5,278.5
2,452,15.067,320.5,266.5
2,453,15.1,326.5,260.5
2,454,15.133,336.5,258.5
2,455,15.167,344.5,258.5
2,456,15.2,352.5,264.5
2,457,15.233,362.5,274.5
2,458,15.267,370.5,288.5
2,459,15.3,376.5,300.5
2,460,15.333,388.5,322.5
2,461,15.367,396.5,342.5
2,462,15.4,400.5,360.5
3,523,17.433,576.5,274.5
3,524,17.467,580.5,266.5
3,525,17.5,584.5,258.5
3,528,17.6,606.5,274.5
3,529,17.633,610.5,282.5
3,530,17.667,616.5,298.5
3,531,17.7,626.5,312.5
3,532,17.733,630.5,334.5
4,689,22.967,1078.5,494.5
4,690,23.0,1064.5,490.5
4,691,23.033,1054.5,488.5
4,692,23.067,1040.5,486.5
4,693,23.1,1030.5,482.5
4,694,23.133,1022.5,482.5
4,695,23.167,1012.5,478.5
4,696,23.2,1004.5,478.5
4,697,23.233,996.5,476.5
4,698,23.267,990.5,476.5
4,700,23.333,972.5,474.5
4,702,23.4,956.5,478.5
5,858,28.6,888.5,248.5
5,859,28.633,894.5,228.5
5,860,28.667,898.5,210.5
5,861,28.7,904.5,196.5
5,862,28.733,904.5,188.5
5,863,28.767,910.5,182.5
5,864,28.8,912.5,180.5
5,865,28.833,912.5,188.5
5,866,28.867,914.5,196.5
5,867,28.9,914.5,208.5
5,868,28.933,916.5,220.5
5,869,28.967,914.5,242.5
5,870,29.0,914.5,264.5
5,871,29.033,912.5,286.5
5,872,29.067,912.5,310.5
5,873,29.1,908.5,342.5
5,874,29.133,902.5,374.5
5,875,29.167,906.5,402.5
5,876,29.2,868.5,418.5
5,877,29.233,812.5,414.5
5,878,29.267,766.5,408.5
5,879,29.3,724.5,390.5
5,880,29.333,682.5,346.5
5,881,29.367,654.5,320.5
5,882,29.4,624.5,296.5
5,883,29.433,598.5,282.5
5,884,29.467,570.5,262.5
5,885,29.5,544.5,252.5
5,886,29.533,518.5,248.5
5,887,29.567,500.5,244.5
5,888,29.6,480.5,244.5
5,889,29.633,460.5,246.5
5,890,29.667,444.5,250.5
5,891,29.7,428.5,254.5
5,892,29.733,412.5,240.5
5,893,29.767,400.5,224.5
5,894,29.8,386.5,212.5
5,895,29.833,384.5,204.5
5,896,29.867,416.5,202.5
5,897,29.9,450.5,198.5
5,898,29.933,480.5,202.5
5,899,29.967,518.5,208.5
5,900,30.0,550.5,214.5
5,901,30.033,586.5,226.5
5,902,30.067,618.5,236.5
5,903,30.1,646.5,248.5
5,904,30.133,688.5,268.5
5,905,30.167,730.5,288.5
5,906,30.2,754.5,306.5
5,907,30.233,792.5,336.5
5,908,30.267,828.5,346.5
5,909,30.3,860.5,338.5
5,910,30.333,896.5,332.5
5,911,30.367,934.5,332.5
5,912,30.4,962.5,334.5
5,913,30.433,924.5,308.5
5,914,30.467,870.5,274.5
5,915,30.5,826.5,252.5
5,916,30.533,786.5,234.5
5,917,30.567,744.5,220.5
5,918,30.6,706.5,210.5
5,919,30.633,676.5,202.5
5,920,30.667,638.5,198.5
5,921,30.7,608.5,196.5
5,922,30.733,580.5,198.5
5,923,30.767,554.5,202.5
5,924,30.8,532.5,206.5
5,925,30.833,508.5,214.5
5,926,30.867,488.5,224.5
5,927,30.9,466.5,234.5
5,928,30.933,450.5,242.5
5,929,30.967,434.5,218.5
5,930,31.0,418.5,202.5
5,931,31.033,400.5,186.5
5,932,31.067,390.5,178.5
5,934,31.133,408.5,174.5
5,935,31.167,448.5,180.5
5,936,31.2,484.5,186.5
5,937,31.233,522.5,200.5
5,938,31.267,552.5,212.5
5,939,31.3,586.5,228.5
5,940,31.333,620.5,248.5
5,941,31.367,650.5,268.5
5,942,31.4,688.5,294.5
5,943,31.433,718.5,322.5
5,944,31.467,752.5,334.5
5,945,31.5,784.5,330.5
5,946,31.533,818.5,326.5
5,947,31.567,856.5,332.5
5,948,31.6,892.5,336.5
5,949,31.633,928.5,342.5
5,950,31.667,970.5,358.5
5,951,31.7,1000.5,370.5
5,952,31.733,1032.5,388.5
5,953,31.767,1064.5,406.5
5,954,31.8,996.5,350.5
5,955,31.833,952.5,318.5
5,956,31.867,898.5,278.5
5,957,31.9,852.5,250.5
5,958,31.933,802.5,220.5
5,959,31.967,758.5,200.5
5,960,32.0,718.5,184.5
5,961,32.033,680.5,172.5
5,962,32.067,644.5,166.5
5,963,32.1,614.5,162.5
5,964,32.133,584.5,162.5
5,965,32.167,558.5,164.5
5,966,32.2,532.5,168.5
5,967,32.233,510.5,172.5
5,968,32.267,490.5,182.5
5,969,32.3,472.5,192.5
5,970,32.333,456.5,202.5
5,971,32.367,440.5,216.5
5,972,32.4,426.5,232.5
5,973,32.433,408.5,240.5
5,974,32.467,398.5,216.5
5,975,32.5,384.5,198.5
5,976,32.533,372.5,182.5
5,977,32.567,358.5,164.5
5,978,32.6,350.5,154.5
5,979,32.633,344.5,146.5
5,980,32.667,328.5,140.5
5,981,32.7,358.5,136.5
5,982,32.733,404.5,132.5
5,983,32.767,436.5,130.5
5,984,32.8,478.5,134.5
5,985,32.833,514.5,140.5
5,986,32.867,558.5,150.5
5,987,32.9,598.5,162.5
5,988,32.933,636.5,176.5
5,989,32.967,682.5,196.5
5,990,33.0,720.5,216.5
5,991,33.033,758.5,238.5
5,992,33.067,802.5,266.5
5,993,33.1,852.5,308.5
5,994,33.133,878.5,328.5
5,995,33.167,932.5,386.5
5,996,33.2,960.5,412.5
5,997,33.233,996.5,454.5
5,998,33.267,1026.5,492.5
5,1000,33.333,1102.5,606.5
5,1001,33.367,1124.5,646.5
6,1032,34.4,1088.5,692.5
6,1033,34.433,1086.5,686.5
6,1034,34.467,1084.5,684.5
6,1035,34.5,1086.5,686.5
6,1036,34.533,1082.5,690.5
6,1037,34.567,1080.5,694.5
6,1038,34.6,1080.5,702.5
7,1267,42.233,906.5,286.5
7,1268,42.267,934.5,324.5
7,1269,42.3,848.5,342.5
7,1270,42.333,806.5,320.5
7,1271,42.367,770.5,300.5
7,1272,42.4,726.5,282.5
7,1273,42.433,690.5,270.5
7,1274,42.467,648.5,258.5
7,1275,42.5,616.5,250.5
7,1276,42.533,580.5,246.5
7,1277,42.567,548.5,242.5
7,1278,42.6,516.5,244.5
7,1279,42.633,494.5,244.5
7,1280,42.667,466.5,248.5
7,1281,42.7,444.5,254.5
7,1282,42.733,424.5,262.5
7,1283,42.767,402.5,264.5
7,1284,42.8,384.5,248.5
7,1285,42.833,364.5,230.5
7,1286,42.867,348.5,220.5
7,1287,42.9,352.5,220.5
7,1288,42.933,374.5,220.5
7,1289,42.967,392.5,226.5
7,1290,43.0,414.5,234.5
7,1291,43.033,434.5,246.5
7,1292,43.067,454.5,258.5
7,1293,43.1,476.5,274.5
7,1294,43.133,496.5,292.5
7,1296,43.2,512.5,328.5
7,1297,43.233,502.5,332.5
7,1298,43.267,502.5,336.5
7,1300,43.333,476.5,314.5
7,1301,43.367,470.5,306.5
7,1302,43.4,462.5,302.5
7,1303,43.433,454.5,298.5
7,1304,43.467,446.5,298.5
7,1305,43.5,440.5,298.5
7,1306,43.533,434.5,304.5
7,1307,43.567,430.5,310.5
7,1308,43.6,422.5,314.5
7,1309,43.633,414.5,306.5
7,1310,43.667,408.5,294.5
7,1311,43.7,402.5,288.5
7,1312,43.733,396.5,286.5
7,1313,43.767,388.5,284.5
7,1314,43.8,382.5,286.5
7,1315,43.833,376.5,288.5
7,1316,43.867,374.5,294.5
7,1317,43.9,366.5,296.5
7,1318,43.933,362.5,288.5
7,1319,43.967,356.5,278.5
7,1320,44.0,350.5,274.5
7,1321,44.033,344.5,272.5
7,1322,44.067,340.5,272.5
7,1323,44.1,334.5,274.5
7,1324,44.133,332.5,278.5
7,1325,44.167,326.5,284.5
7,1326,44.2,322.5,276.5
7,1327,44.233,318.5,272.5
7,1328,44.267,312.5,264.5
7,1329,44.3,306.5,262.5
7,1330,44.333,302.5,264.5
7,1331,44.367,300.5,266.5
7,1332,44.4,298.5,270.5
7,1333,44.433,290.5,272.5
7,1334,44.467,288.5,262.5
7,1335,44.5,284.5,256.5
7,1336,44.533,280.5,254.5
7,1337,44.567,276.5,254.5
7,1338,44.6,272.5,254.5
7,1339,44.633,270.5,260.5
7,1340,44.667,264.5,270.5
7,1341,44.7,264.5,276.5
7,1344,44.8,246.5,210.5
7,1345,44.833,244.5,186.5
7,1346,44.867,236.5,162.5
7,1347,44.9,230.5,142.5
7,1351,45.033,220.5,94.5
7,1352,45.067,218.5,86.5
7,1353,45.1,216.5,84.5
7,1355,45.167,214.5,80.5
7,1356,45.2,212.5,86.5
7,1357,45.233,212.5,94.5
7,1358,45.267,214.5,102.5
7,1359,45.3,214.5,114.5
7,1360,45.333,214.5,124.5
7,1361,45.367,216.5,138.5
7,1362,45.4,218.5,156.5
7,1364,45.467,230.5,148.5
8,1397,46.567,306.5,202.5
8,1399,46.633,308.5,228.5
8,1401,46.7,318.5,220.5
8,1403,46.767,314.5,190.5
8,1405,46.833,310.5,186.5
9,1445,48.167,320.5,228.5
9,1446,48.2,316.5,232.5
9,1447,48.233,318.5,234.5
9,1451,48.367,302.5,242.5
9,1452,48.4,298.5,246.5
9,1453,48.433,294.5,248.5
9,1454,48.467,290.5,250.5
9,1455,48.5,286.5,252.5
9,1456,48.533,284.5,254.5
9,1457,48.567,282.5,254.5
9,1458,48.6,280.5,256.5
9,1459,48.633,278.5,258.5
9,1460,48.667,274.5,258.5
9,1461,48.7,272.5,260.5
9,1462,48.733,270.5,260.5
9,1463,48.767,270.5,262.5
9,1464,48.8,268.5,262.5
9,1465,48.833,268.5,264.5
9,1466,48.867,268.5,262.5
9,1467,48.9,268.5,262.5
9,1468,48.933,268.5,262.5
9,1469,48.967,266.5,262.5
9,1470,49.0,266.5,264.5
9,1471,49.033,266.5,264.5
9,1472,49.067,266.5,264.5
9,1473,49.1,266.5,266.5
9,1474,49.133,268.5,268.5
9,1475,49.167,270.5,270.5
9,1476,49.2,272.5,272.5
9,1477,49.233,272.5,268.5
9,1478,49.267,268.5,260.5
9,1479,49.3,264.5,246.5
9,1480,49.333,262.5,232.5
9,1481,49.367,262.5,220.5
9,1482,49.4,258.5,208.5
9,1483,49.433,256.5,196.5
9,1484,49.467,254.5,190.5
9,1485,49.5,254.5,186.5
9,1486,49.533,252.5,182.5
9,1487,49.567,254.5,184.5
9,1488,49.6,252.5,190.5
9,1489,49.633,254.5,194.5
9,1490,49.667,256.5,202.5
9,1491,49.7,256.5,212.5
9,1492,49.733,260.5,226.5
9,1493,49.767,278.5,240.5
9,1494,49.8,332.5,270.5
9,1495,49.833,354.5,286.5
9,1496,49.867,384.5,290.5
9,1497,49.9,416.5,286.5
9,1498,49.933,446.5,284.5
9,1499,49.967,476.5,286.5
9,1500,50.0,516.5,290.5
9,1501,50.033,548.5,300.5
9,1502,50.067,574.5,308.5
9,1503,50.1,576.5,308.5
9,1504,50.133,620.5,322.5
9,1505,50.167,654.5,338.5
9,1506,50.2,686.5,354.5
9,1507,50.233,726.5,378.5
9,1508,50.267,764.5,404.5
9,1509,50.3,802.5,396.5
9,1510,50.333,840.5,394.5
9,1511,50.367,850.5,380.5
9,1512,50.4,818.5,352.5
9,1513,50.433,750.5,298.5
9,1514,50.467,702.5,270.5
9,1515,50.5,708.5,272.5
9,1516,50.533,678.5,258.5
9,1517,50.567,640.5,242.5
9,1518,50.6,614.5,232.5
9,1519,50.633,584.5,224.5
9,1520,50.667,562.5,220.5
9,1521,50.7,536.5,218.5
9,1522,50.733,516.5,218.5
9,1523,50.767,494.5,226.5
9,1524,50.8,474.5,230.5
9,1525,50.833,458.5,236.5
9,1526,50.867,442.5,246.5
9,1527,50.9,426.5,258.5
9,1528,50.933,414.5,266.5
9,1529,50.967,400.5,256.5
9,1530,51.0,384.5,232.5
9,1531,51.033,372.5,216.5
9,1532,51.067,358.5,202.5
9,1533,51.1,350.5,194.5
9,1534,51.133,346.5,186.5
9,1536,51.2,408.5,192.5
9,1537,51.233,444.5,198.5
9,1538,51.267,478.5,208.5
9,1539,51.3,514.5,222.5
9,1540,51.333,548.5,238.5
9,1541,51.367,582.5,252.5
9,1542,51.4,616.5,274.5
9,1543,51.433,652.5,296.5
9,1544,51.467,678.5,320.5
9,1545,51.5,708.5,330.5
9,1546,51.533,740.5,322.5
9,1547,51.567,770.5,314.5
9,1548,51.6,804.5,316.5
9,1549,51.633,836.5,318.5
9,1550,51.667,870.5,322.5
9,1551,51.7,898.5,328.5
9,1552,51.733,926.5,338.5
9,1555,51.833,1026.5,394.5
9,1556,51.867,1058.5,416.5
9,1557,51.9,1038.5,410.5
9,1558,51.933,998.5,384.5
9,1560,52.0,878.5,314.5
9,1561,52.033,836.5,296.5
9,1562,52.067,782.5,274.5
9,1563,52.1,740.5,262.5
9,1564,52.133,704.5,256.5
9,1565,52.167,676.5,250.5
9,1566,52.2,636.5,248.5
9,1567,52.233,610.5,250.5
9,1568,52.267,584.5,254.5
9,1569,52.3,562.5,260.5
9,1570,52.333,540.5,262.5
9,1571,52.367,518.5,240.5
9,1572,52.4,500.5,226.5
9,1573,52.433,486.5,210.5
9,1574,52.467,466.5,198.5
9,1575,52.5,454.5,192.5
9,1576,52.533,440.5,186.5
9,1577,52.567,456.5,182.5
9,1578,52.6,476.5,178.5
9,1579,52.633,500.5,178.5
9,1580,52.667,530.5,178.5
9,1581,52.7,554.5,182.5
9,1582,52.733,582.5,190.5
9,1583,52.767,608.5,200.5
9,1584,52.8,634.5,214.5
9,1585,52.833,658.5,228.5
9,1586,52.867,684.5,246.5
9,1587,52.9,708.5,268.5
9,1588,52.933,728.5,284.5
9,1589,52.967,762.5,318.5
9,1590,53.0,784.5,338.5
9,1591,53.033,806.5,328.5
9,1592,53.067,830.5,324.5
9,1593,53.1,856.5,314.5
9,1594,53.133,880.5,314.5
9,1595,53.167,904.5,314.5
9,1596,53.2,932.5,320.5
9,1597,53.233,956.5,328.5
9,1598,53.267,980.5,340.5
9,1599,53.3,1000.5,350.5
9,1600,53.333,1028.5,368.5
9,1601,53.367,1046.5,388.5
9,1603,53.433,1030.5,380.5
9,1605,53.5,930.5,302.5
9,1606,53.533,858.5,256.5
9,1607,53.567,810.5,226.5
9,1608,53.6,766.5,202.5
9,1609,53.633,724.5,184.5
9,1610,53.667,686.5,168.5
9,1611,53.7,644.5,156.5
9,1612,53.733,608.5,150.5
9,1613,53.767,576.5,148.5
9,1614,53.8,546.5,146.5
9,1615,53.833,520.5,148.5
9,1616,53.867,496.5,150.5
9,1617,53.9,470.5,158.5
9,1618,53.933,450.5,166.5
9,1619,53.967,432.5,178.5
9,1620,54.0,416.5,188.5
9,1621,54.033,400.5,200.5
9,1622,54.067,388.5,214.5
9,1623,54.1,374.5,230.5
10,1634,54.467,284.5,264.5
10,1635,54.5,284.5,254.5
10,1636,54.533,282.5,252.5
10,1637,54.567,266.5,248.5
10,1638,54.6,258.5,248.5
11,1767,58.9,368.5,218.5
11,1768,58.933,364.5,218.5
11,1769,58.967,358.5,222.5
11,1770,59.0,348.5,224.5
11,1771,59.033,340.5,226.5
11,1772,59.067,332.5,228.5
11,1773,59.1,322.5,230.5
11,1774,59.133,316.5,234.5
11,1775,59.167,310.5,236.5
11,1776,59.2,304.5,238.5
11,1777,59.233,298.5,242.5
11,1778,59.267,292.5,244.5
11,1779,59.3,286.5,246.5
11,1780,59.333,282.5,250.5
11,1781,59.367,278.5,252.5
11,1782,59.4,276.5,254.5
11,1783,59.433,272.5,254.5
11,1784,59.467,270.5,256.5
11,1785,59.5,270.5,258.5
11,1786,59.533,270.5,260.5
11,1787,59.567,270.5,264.5
11,1788,59.6,270.5,268.5
11,1789,59.633,270.5,272.5
11,1790,59.667,270.5,272.5
11,1791,59.7,268.5,264.5
11,1792,59.733,264.5,254.5
11,1793,59.767,260.5,238.5
11,1794,59.8,254.5,222.5
11,1795,59.833,248.5,206.5
11,1796,59.867,246.5,194.5
11,1797,59.9,242.5,182.5
11,1798,59.933,238.5,176.5
11,1799,59.967,236.5,170.5
11,1800,60.0,234.5,166.5
11,1801,60.033,234.5,166.5
11,1802,60.067,232.5,172.5
11,1803,60.1,232.5,174.5
11,1804,60.133,230.5,184.5
11,1805,60.167,230.5,196.5
11,1807,60.233,234.5,220.5
11,1809,60.3,288.5,252.5
11,1810,60.333,358.5,280.5
11,1811,60.367,404.5,270.5
11,1812,60.4,440.5,260.5
11,1813,60.433,478.5,254.5
11,1814,60.467,514.5,248.5
11,1815,60.5,558.5,244.5
11,1816,60.533,594.5,244.5
11,1817,60.567,636.5,246.5
11,1818,60.6,678.5,254.5
11,1819,60.633,712.5,262.5
11,1820,60.667,750.5,276.5
11,1821,60.7,786.5,288.5
11,1822,60.733,822.5,304.5
11,1823,60.767,858.5,326.5
11,1824,60.8,884.5,338.5
11,1825,60.833,926.5,322.5
11,1826,60.867,956.5,310.5
11,1827,60.9,988.5,304.5
11,1828,60.933,984.5,278.5
11,1829,60.967,948.5,250.5
11,1830,61.0,912.5,226.5
11,1831,61.033,878.5,204.5
11,1832,61.067,838.5,186.5
11,1833,61.1,800.5,170.5
11,1834,61.133,770.5,158.5
11,1835,61.167,738.5,152.5
11,1836,61.2,706.5,146.5
11,1837,61.233,676.5,142.5
11,1838,61.267,642.5,144.5
11,1839,61.3,614.5,148.5
11,1840,61.333,584.5,154.5
11,1841,61.367,560.5,162.5
11,1842,61.4,534.5,170.5
11,1843,61.433,508.5,184.5
11,1844,61.467,486.5,196.5
11,1845,61.5,464.5,214.5
11,1846,61.533,446.5,230.5
11,1847,61.567,426.5,246.5
11,1848,61.6,406.5,262.5
11,1849,61.633,390.5,246.5
11,1850,61.667,372.5,224.5
11,1851,61.7,356.5,206.5
11,1852,61.733,340.5,192.5
11,1853,61.767,326.5,180.5
11,1854,61.8,312.5,170.5
11,1855,61.833,298.5,164.5
11,1858,61.933,320.5,158.5
11,1859,61.967,360.5,158.5
11,1860,62.0,390.5,164.5
11,1861,62.033,422.5,170.5
11,1862,62.067,458.5,182.5
11,1863,62.1,490.5,194.5
11,1864,62.133,526.5,212.5
11,1865,62.167,562.5,234.5
11,1866,62.2,592.5,252.5
11,1867,62.233,622.5,274.5
11,1868,62.267,658.5,306.5
11,1869,62.3,686.5,334.5
11,1870,62.333,722.5,350.5
11,1871,62.367,750.5,338.5
11,1872,62.4,778.5,328.5
11,1873,62.433,802.5,322.5
11,1874,62.467,836.5,316.5
11,1875,62.5,868.5,316.5
11,1876,62.533,898.5,320.5
11,1877,62.567,928.5,326.5
11,1878,62.6,958.5,334.5
11,1879,62.633,988.5,348.5
11,1880,62.667,1014.5,364.5
11,1881,62.7,1044.5,384.5
11,1884,62.8,918.5,236.5
11,1885,62.833,878.5,202.5
11,1886,62.867,828.5,150.5
11,1887,62.9,794.5,128.5
11,1888,62.933,762.5,108.5
11,1889,62.967,734.5,90.5
11,1890,63.0,704.5,76.5
11,1891,63.033,674.5,68.5
11,1892,63.067,646.5,60.5
11,1893,63.1,624.5,58.5
11,1894,63.133,600.5,60.5
11,1895,63.167,580.5,64.5
11,1896,63.2,562.5,68.5
11,1897,63.233,546.5,74.5
11,1898,63.267,528.5,86.5
11,1899,63.3,512.5,100.5
11,1900,63.333,500.5,112.5
11,1901,63.367,490.5,128.5
11,1902,63.4,478.5,146.5
11,1903,63.433,468.5,162.5
11,1904,63.467,458.5,180.5
11,1905,63.5,452.5,198.5
11,1906,63.533,446.5,222.5
11,1907,63.567,438.5,224.5
11,1908,63.6,430.5,192.5
11,1909,63.633,422.5,170.5
11,1910,63.667,416.5,150.5
11,1911,63.7,410.5,136.5
11,1912,63.733,404.5,120.5
11,1913,63.767,402.5,106.5
11,1914,63.8,396.5,98.5
11,1915,63.833,392.5,92.5
11,1916,63.867,386.5,86.5
11,1917,63.9,382.5,84.5
11,1918,63.933,378.5,82.5
11,1919,63.967,374.5,86.5
11,1920,64.0,378.5,96.5
11,1921,64.033,396.5,100.5
11,1922,64.067,418.5,94.5
11,1923,64.1,454.5,98.5
11,1924,64.133,482.5,106.5
11,1925,64.167,508.5,116.5
11,1926,64.2,536.5,126.5
11,1927,64.233,570.5,144.5
11,1928,64.267,604.5,164.5
11,1929,64.3,638.5,186.5
11,1930,64.333,670.5,210.5
11,1931,64.367,696.5,232.5
11,1932,64.4,726.5,258.5
11,1933,64.433,756.5,286.5
11,1934,64.467,800.5,328.5
11,1935,64.5,796.5,328.5
11,1936,64.533,828.5,338.5
11,1937,64.567,868.5,322.5
11,1938,64.6,896.5,314.5
11,1939,64.633,930.5,308.5
11,1940,64.667,972.5,302.5
11,1941,64.7,1006.5,306.5
11,1942,64.733,1044.5,306.5
11,1943,64.767,1082.5,310.5
11,1944,64.8,1132.5,326.5
11,1945,64.833,1156.5,334.5
11,1946,64.867,1190.5,350.5
11,1948,64.933,1172.5,332.5
11,1950,65.0,1046.5,252.5
11,1951,65.033,1014.5,238.5
11,1952,65.067,938.5,206.5
11,1953,65.1,892.5,194.5
11,1954,65.133,846.5,182.5
11,1955,65.167,800.5,176.5
11,1956,65.2,762.5,172.5
11,1957,65.233,724.5,174.5
11,1958,65.267,688.5,178.5
11,1959,65.3,652.5,186.5
11,1960,65.333,626.5,196.5
11,1961,65.367,598.5,208.5
11,1962,65.4,570.5,222.5
11,1963,65.433,548.5,236.5
11,1964,65.467,524.5,254.5
11,1965,65.5,506.5,272.5
11,1966,65.533,486.5,270.5
11,1967,65.567,470.5,246.5
11,1968,65.6,452.5,226.5
11,1969,65.633,436.5,204.5
11,1970,65.667,420.5,188.5
11,1971,65.7,406.5,176.5
11,1972,65.733,390.5,166.5
11,1973,65.767,378.5,160.5
11,1974,65.8,366.5,154.5
11,1975,65.833,352.5,152.5
11,1976,65.867,342.5,154.5
11,1977,65.9,330.5,156.5
11,1978,65.933,320.5,162.5
11,1979,65.967,326.5,160.5
11,1980,66.0,350.5,154.5
11,1981,66.033,378.5,148.5
11,1982,66.067,402.5,146.5
11,1983,66.1,426.5,146.5
11,1984,66.133,452.5,150.5
11,1985,66.167,480.5,154.5
11,1986,66.2,504.5,164.5
11,1987,66.233,530.5,176.5
11,1988,66.267,560.5,192.5
11,1989,66.3,584.5,206.5
11,1990,66.333,614.5,228.5
11,1991,66.367,644.5,252.5
11,1992,66.4,676.5,278.5
11,1993,66.433,694.5,298.5
11,1994,66.467,722.5,332.5
11,1995,66.5,752.5,356.5
11,1996,66.533,772.5,338.5
11,1997,66.567,798.5,326.5
11,1998,66.6,822.5,316.5
11,1999,66.633,848.5,308.5
11,2000,66.667,872.5,306.5
11,2001,66.7,900.5,300.5
11,2002,66.733,924.5,302.5
11,2003,66.767,952.5,310.5
11,2004,66.8,980.5,318.5
11,2005,66.833,1002.5,328.5
11,2006,66.867,1028.5,344.5
11,2007,66.9,1046.5,360.5
11,2008,66.933,1072.5,380.5
11,2009,66.967,1088.5,402.5
11,2010,67.0,1016.5,348.5
11,2011,67.033,982.5,324.5
11,2012,67.067,916.5,282.5
11,2013,67.1,868.5,254.5
11,2014,67.133,822.5,234.5
11,2015,67.167,778.5,216.5
11,2016,67.2,740.5,206.5
11,2017,67.233,702.5,198.5
11,2018,67.267,672.5,196.5
11,2019,67.3,638.5,196.5
11,2020,67.333,608.5,198.5
11,2021,67.367,582.5,204.5
11,2022,67.4,560.5,212.5
11,2023,67.433,538.5,222.5
11,2024,67.467,518.5,234.5
11,2025,67.5,502.5,246.5
11,2026,67.533,484.5,256.5
11,2027,67.567,470.5,234.5
11,2028,67.6,454.5,214.5
11,2029,67.633,444.5,194.5
11,2030,67.667,434.5,182.5
11,2031,67.7,420.5,168.5
11,2032,67.733,412.5,158.5
11,2034,67.8,412.5,150.5
11,2035,67.833,444.5,142.5
11,2036,67.867,476.5,140.5
11,2037,67.9,502.5,140.5
11,2038,67.933,534.5,146.5
11,2039,67.967,564.5,150.5
11,2040,68.0,596.5,158.5
11,2041,68.033,626.5,168.5
11,2042,68.067,658.5,182.5
11,2043,68.1,690.5,198.5
11,2044,68.133,722.5,218.5
11,2045,68.167,752.5,238.5
11,2046,68.2,778.5,256.5
11,2047,68.233,814.5,286.5
11,2048,68.267,836.5,308.5
11,2049,68.3,878.5,324.5
11,2050,68.333,902.5,316.5
11,2051,68.367,932.5,302.5
11,2052,68.4,962.5,294.5
11,2053,68.433,990.5,288.5
11,2054,68.467,1020.5,284.5
11,2055,68.5,1048.5,284.5
11,2056,68.533,1078.5,286.5
11,2057,68.567,1110.5,292.5
11,2058,68.6,1142.5,304.5
11,2059,68.633,1162.5,314.5
11,2060,68.667,1188.5,330.5
11,2062,68.733,1172.5,316.5
11,2063,68.767,1152.5,298.5
11,2065,68.833,1028.5,218.5
11,2067,68.9,894.5,154.5
11,2068,68.933,856.5,142.5
11,2069,68.967,800.5,130.5
11,2070,69.0,758.5,122.5
11,2071,69.033,716.5,118.5
11,2072,69.067,674.5,118.5
11,2073,69.1,636.5,120.5
11,2074,69.133,598.5,126.5
11,2075,69.167,562.5,134.5
11,2076,69.2,530.5,146.5
11,2077,69.233,500.5,156.5
11,2078,69.267,474.5,172.5
11,2079,69.3,448.5,186.5
11,2080,69.333,422.5,206.5
11,2081,69.367,398.5,228.5
11,2082,69.4,380.5,248.5
11,2083,69.433,358.5,268.5
11,2084,69.467,338.5,250.5
11,2085,69.5,320.5,226.5
11,2086,69.533,298.5,204.5
11,2087,69.567,278.5,186.5
11,2088,69.6,256.5,170.5
11,2089,69.633,246.5,158.5
11,2090,69.667,228.5,148.5
11,2091,69.7,212.5,142.5
11,2092,69.733,198.5,140.5
11,2093,69.767,182.5,136.5
11,2094,69.8,168.5,142.5
11,2097,69.9,394.5,168.5
11,2098,69.933,448.5,180.5
11,2100,70.0,602.5,230.5
11,2102,70.067,766.5,300.5
12,2128,70.933,546.5,14.5
12,2129,70.967,518.5,30.5
12,2130,71.0,494.5,44.5
12,2131,71.033,468.5,66.5
12,2132,71.067,448.5,84.5
12,2133,71.1,426.5,106.5
12,2134,71.133,406.5,128.5
12,2135,71.167,386.5,150.5
12,2136,71.2,370.5,174.5
12,2137,71.233,350.5,202.5
12,2138,71.267,332.5,230.5
12,2139,71.3,318.5,248.5
12,2141,71.367,290.5,234.5
12,2142,71.4,276.5,210.5
12,2143,71.433,258.5,182.5
12,2144,71.467,242.5,162.5
12,2145,71.5,230.5,150.5
12,2146,71.533,222.5,134.5
12,2147,71.567,210.5,122.5
12,2148,71.6,198.5,114.5
12,2149,71.633,188.5,108.5
12,2150,71.667,178.5,104.5
12,2151,71.7,170.5,104.5
12,2152,71.733,160.5,106.5
12,2153,71.767,152.5,110.5
12,2154,71.8,144.5,116.5
12,2155,71.833,140.5,126.5
12,2158,71.933,394.5,162.5
12,2159,71.967,444.5,180.5
13,2357,78.567,882.5,272.5
13,2358,78.6,880.5,258.5
13,2359,78.633,876.5,248.5
13,2360,78.667,872.5,240.5
13,2361,78.7,864.5,238.5
13,2362,78.733,860.5,238.5
13,2363,78.767,852.5,242.5
13,2364,78.8,848.5,250.5
13,2365,78.833,840.5,258.5
13,2366,78.867,834.5,272.5
13,2367,78.9,828.5,288.5
13,2368,78.933,822.5,302.5
13,2369,78.967,812.5,322.5
13,2371,79.033,806.5,342.5
13,2372,79.067,800.5,368.5
13,2373,79.1,792.5,394.5
13,2374,79.133,792.5,378.5
13,2375,79.167,794.5,360.5
13,2376,79.2,798.5,342.5
13,2377,79.233,798.5,324.5
13,2378,79.267,802.5,314.5
13,2379,79.3,802.5,306.5
13,2380,79.333,802.5,300.5
13,2381,79.367,806.5,294.5
13,2382,79.4,806.5,296.5
13,2383,79.433,806.5,302.5
13,2384,79.467,804.5,306.5
13,2385,79.5,806.5,314.5
13,2386,79.533,804.5,324.5
13,2387,79.567,802.5,346.5
13,2388,79.6,798.5,352.5
14,2401,80.033,884.5,310.5
14,2403,80.1,846.5,306.5
14,2404,80.133,846.5,296.5
14,2405,80.167,846.5,290.5
14,2406,80.2,846.5,286.5
14,2407,80.233,842.5,288.5
14,2408,80.267,842.5,294.5
14,2409,80.3,840.5,304.5
14,2410,80.333,840.5,312.5
14,2411,80.367,836.5,322.5
14,2412,80.4,832.5,340.5
14,2413,80.433,830.5,356.5
14,2414,80.467,828.5,374.5
14,2415,80.5,822.5,400.5
14,2416,80.533,820.5,418.5
14,2417,80.567,826.5,402.5
14,2418,80.6,832.5,386.5
14,2419,80.633,838.5,372.5
14,2420,80.667,842.5,362.5
14,2421,80.7,850.5,352.5
14,2423,80.767,858.5,342.5
14,2424,80.8,862.5,348.5
14,2425,80.833,864.5,354.5
14,2426,80.867,868.5,360.5
14,2427,80.9,872.5,372.5
14,2431,81.033,868.5,408.5
15,2443,81.433,862.5,314.5
15,2446,81.533,858.5,248.5
15,2447,81.567,856.5,228.5
15,2448,81.6,854.5,212.5
15,2449,81.633,848.5,200.5
15,2450,81.667,846.5,192.5
15,2451,81.7,844.5,186.5
15,2452,81.733,838.5,186.5
15,2453,81.767,834.5,190.5
15,2454,81.8,830.5,196.5
15,2455,81.833,824.5,206.5
15,2456,81.867,820.5,218.5
15,2457,81.9,816.5,232.5
15,2458,81.933,810.5,250.5
15,2459,81.967,806.5,270.5
15,2460,82.0,800.5,296.5
15,2462,82.067,786.5,342.5
15,2463,82.1,778.5,372.5
15,2464,82.133,774.5,402.5
15,2465,82.167,776.5,386.5
15,2466,82.2,778.5,360.5
15,2467,82.233,780.5,342.5
15,2468,82.267,784.5,322.5
15,2469,82.3,786.5,304.5
15,2470,82.333,792.5,294.5
15,2471,82.367,792.5,286.5
15,2472,82.4,796.5,276.5
15,2473,82.433,798.5,272.5
15,2474,82.467,798.5,274.5
15,2475,82.5,800.5,280.5
15,2476,82.533,802.5,290.5
15,2477,82.567,804.5,298.5
15,2478,82.6,804.5,310.5
15,2479,82.633,804.5,322.5
15,2480,82.667,804.5,342.5
15,2483,82.767,804.5,412.5
15,2484,82.8,806.5,418.5
15,2485,82.833,816.5,422.5
15,2486,82.867,822.5,432.5
15,2487,82.9,830.5,436.5
15,2489,82.967,854.5,450.5
15,2490,83.0,870.5,460.5
15,2491,83.033,878.5,466.5
15,2492,83.067,890.5,468.5
15,2493,83.1,896.5,468.5
15,2497,83.233,886.5,440.5
16,2503,83.433,880.5,308.5
16,2504,83.467,886.5,290.5
16,2505,83.5,888.5,282.5
16,2506,83.533,894.5,274.5
16,2507,83.567,896.5,272.5
16,2508,83.6,902.5,272.5
16,2509,83.633,902.5,280.5
16,2510,83.667,904.5,290.5
16,2511,83.7,906.5,304.5
16,2512,83.733,904.5,316.5
16,2513,83.767,904.5,336.5
16,2514,83.8,904.5,356.5
16,2515,83.833,904.5,374.5
16,2516,83.867,902.5,406.5
16,2517,83.9,902.5,434.5
16,2518,83.933,850.5,438.5
16,2519,83.967,802.5,430.5
16,2520,84.0,756.5,404.5
16,2521,84.033,712.5,362.5
16,2522,84.067,674.5,330.5
16,2523,84.1,638.5,306.5
16,2524,84.133,604.5,288.5
16,2525,84.167,576.5,274.5
16,2526,84.2,554.5,266.5
16,2527,84.233,524.5,258.5
16,2528,84.267,502.5,254.5
16,2529,84.3,482.5,252.5
16,2530,84.333,458.5,258.5
16,2531,84.367,440.5,258.5
16,2532,84.4,422.5,244.5
16,2533,84.433,406.5,228.5
16,2534,84.467,390.5,216.5
16,2535,84.5,374.5,206.5
16,2536,84.533,386.5,204.5
16,2537,84.567,422.5,204.5
16,2538,84.6,454.5,204.5
16,2539,84.633,494.5,214.5
16,2540,84.667,522.5,222.5
16,2541,84.7,560.5,234.5
16,2542,84.733,596.5,248.5
16,2543,84.767,624.5,260.5
16,2544,84.8,648.5,268.5
16,2545,84.833,684.5,282.5
16,2546,84.867,712.5,296.5
16,2547,84.9,738.5,314.5
16,2548,84.933,768.5,324.5
16,2549,84.967,790.5,324.5
16,2550,85.0,822.5,320.5
16,2551,85.033,852.5,320.5
16,2552,85.067,880.5,324.5
16,2553,85.1,906.5,330.5
16,2554,85.133,928.5,342.5
16,2556,85.2,904.5,316.5
16,2557,85.233,862.5,288.5
16,2558,85.267,822.5,266.5
16,2559,85.3,786.5,248.5
16,2560,85.333,756.5,236.5
16,2561,85.367,718.5,226.5
16,2562,85.4,688.5,218.5
16,2563,85.433,654.5,212.5
16,2564,85.467,628.5,210.5
16,2565,85.5,600.5,212.5
16,2566,85.533,574.5,214.5
16,2567,85.567,550.5,220.5
16,2568,85.6,526.5,228.5
16,2569,85.633,502.5,236.5
16,2570,85.667,482.5,244.5
16,2571,85.7,466.5,260.5
16,2572,85.733,444.5,258.5
16,2573,85.767,428.5,238.5
16,2574,85.8,410.5,222.5
16,2575,85.833,398.5,210.5
16,2576,85.867,384.5,200.5
16,2577,85.9,372.5,194.5
16,2578,85.933,354.5,188.5
16,2579,85.967,346.5,188.5
16,2580,86.0,378.5,188.5
16,2581,86.033,414.5,188.5
16,2582,86.067,442.5,192.5
16,2583,86.1,478.5,198.5
16,2584,86.133,512.5,210.5
16,2585,86.167,546.5,222.5
16,2586,86.2,580.5,238.5
16,2587,86.233,614.5,254.5
16,2588,86.267,644.5,274.5
16,2589,86.3,686.5,300.5
16,2590,86.333,716.5,324.5
16,2591,86.367,750.5,352.5
16,2592,86.4,788.5,356.5
16,2593,86.433,828.5,350.5
16,2594,86.467,862.5,346.5
16,2595,86.5,898.5,348.5
16,2596,86.533,932.5,352.5
16,2597,86.567,968.5,358.5
16,2598,86.6,926.5,328.5
16,2599,86.633,882.5,306.5
16,2600,86.667,834.5,280.5
16,2601,86.7,790.5,262.5
16,2602,86.733,750.5,250.5
16,2603,86.767,708.5,242.5
16,2604,86.8,678.5,236.5
16,2605,86.833,638.5,234.5
16,2606,86.867,606.5,234.5
16,2607,86.9,576.5,240.5
16,2608,86.933,544.5,246.5
16,2609,86.967,520.5,254.5
16,2610,87.0,496.5,264.5
16,2611,87.033,474.5,276.5
16,2612,87.067,454.5,288.5
16,2613,87.1,432.5,286.5
16,2614,87.133,414.5,264.5
16,2615,87.167,396.5,246.5
16,2616,87.2,376.5,230.5
16,2617,87.233,360.5,218.5
16,2618,87.267,344.5,210.5
16,2619,87.3,328.5,204.5
16,2620,87.333,314.5,202.5
16,2621,87.367,302.5,202.5
16,2622,87.4,290.5,202.5
16,2623,87.433,280.5,208.5
16,2626,87.533,344.5,190.5
16,2627,87.567,386.5,184.5
16,2628,87.6,414.5,180.5
16,2629,87.633,448.5,182.5
16,2630,87.667,484.5,186.5
16,2631,87.7,518.5,196.5
16,2632,87.733,554.5,208.5
16,2633,87.767,590.5,222.5
16,2634,87.8,626.5,238.5
16,2635,87.833,654.5,258.5
16,2636,87.867,688.5,278.5
16,2637,87.9,720.5,300.5
16,2638,87.933,762.5,336.5
16,2639,87.967,786.5,358.5
16,2640,88.0,822.5,338.5
16,2641,88.033,850.5,324.5
16,2642,88.067,878.5,314.5
16,2643,88.1,914.5,304.5
16,2644,88.133,938.5,296.5
16,2645,88.167,968.5,294.5
16,2646,88.2,996.5,292.5
16,2647,88.233,1028.5,296.5
16,2648,88.267,1060.5,304.5
16,2652,88.4,916.5,260.5
16,2653,88.433,846.5,242.5
16,2654,88.467,778.5,228.5
16,2655,88.5,716.5,222.5
16,2656,88.533,656.5,212.5
16,2657,88.567,606.5,214.5
16,2658,88.6,558.5,218.5
16,2659,88.633,518.5,222.5
16,2660,88.667,478.5,230.5
16,2661,88.7,448.5,238.5
16,2662,88.733,416.5,248.5
16,2663,88.767,386.5,234.5
16,2664,88.8,356.5,210.5
16,2665,88.833,332.5,192.5
16,2668,88.933,274.5,158.5
16,2669,88.967,270.5,150.5
16,2670,89.0,286.5,138.5
17,2675,89.167,462.5,132.5
17,2676,89.2,496.5,138.5
17,2677,89.233,538.5,152.5
17,2678,89.267,576.5,168.5
17,2679,89.3,614.5,186.5
17,2680,89.333,648.5,206.5
17,2681,89.367,690.5,234.5
17,2682,89.4,726.5,260.5
17,2683,89.433,756.5,286.5
17,2684,89.467,802.5,330.5
17,2685,89.5,830.5,358.5
17,2686,89.533,870.5,350.5
17,2687,89.567,916.5,336.5
17,2688,89.6,960.5,326.5
17,2689,89.633,1004.5,320.5
17,2690,89.667,1048.5,316.5
17,2691,89.7,1092.5,318.5
18,2702,90.067,696.5,178.5
18,2703,90.1,634.5,174.5
18,2704,90.133,582.5,174.5
18,2705,90.167,540.5,178.5
18,2706,90.2,496.5,184.5
18,2707,90.233,466.5,192.5
18,2708,90.267,432.5,202.5
18,2709,90.3,394.5,218.5
19,2719,90.633,258.5,262.5
19,2722,90.733,280.5,242.5
19,2723,90.767,292.5,240.5
19,2724,90.8,302.5,236.5
19,2725,90.833,310.5,236.5
19,2726,90.867,324.5,240.5
19,2727,90.9,332.5,242.5
19,2728,90.933,342.5,248.5
20,2757,91.9,468.5,396.5
20,2758,91.933,466.5,394.5
20,2760,92.0,466.5,398.5
20,2761,92.033,466.5,398.5
20,2762,92.067,466.5,398.5
20,2763,92.1,464.5,398.5
21,2831,94.367,464.5,400.5
21,2832,94.4,464.5,400.5
21,2833,94.433,464.5,400.5
21,2835,94.5,464.5,400.5
21,2839,94.633,464.5,400.5
22,2859,95.3,360.5,206.5
22,2863,95.433,346.5,340.5
22,2864,95.467,328.5,326.5
22,2866,95.533,346.5,258.5
22,2867,95.567,306.5,262.5
22,2869,95.633,282.5,214.5
23,2876,95.867,402.5,260.5
23,2877,95.9,418.5,246.5
23,2878,95.933,438.5,234.5
23,2879,95.967,460.5,226.5
23,2880,96.0,482.5,218.5
23,2881,96.033,502.5,214.5
23,2882,96.067,524.5,212.5
23,2883,96.1,546.5,214.5
23,2884,96.133,568.5,218.5
23,2885,96.167,590.5,226.5
23,2886,96.2,614.5,236.5
23,2887,96.233,632.5,246.5
23,2888,96.267,652.5,260.5
23,2889,96.3,678.5,282.5
23,2890,96.333,692.5,296.5
23,2891,96.367,716.5,322.5
23,2892,96.4,738.5,338.5
23,2893,96.433,756.5,322.5
23,2894,96.467,772.5,308.5
23,2895,96.5,796.5,298.5
23,2896,96.533,816.5,294.5
23,2897,96.567,836.5,288.5
23,2898,96.6,854.5,286.5
23,2899,96.633,872.5,288.5
23,2900,96.667,890.5,292.5
23,2901,96.7,912.5,302.5
23,2902,96.733,928.5,312.5
23,2903,96.767,946.5,326.5
23,2904,96.8,950.5,318.5
23,2905,96.833,952.5,292.5
23,2906,96.867,950.5,282.5
23,2907,96.9,946.5,264.5
23,2908,96.933,944.5,252.5
23,2909,96.967,944.5,242.5
23,2910,97.0,942.5,236.5
23,2911,97.033,938.5,232.5
23,2912,97.067,934.5,234.5
23,2913,97.1,930.5,240.5
23,2914,97.133,926.5,248.5
23,2915,97.167,920.5,260.5
23,2916,97.2,916.5,274.5
23,2917,97.233,910.5,290.5
23,2918,97.267,904.5,310.5
23,2919,97.3,896.5,328.5
23,2921,97.367,888.5,354.5
24,2945,98.167,904.5,304.5
24,2946,98.2,908.5,290.5
24,2947,98.233,910.5,286.5
24,2948,98.267,914.5,282.5
24,2949,98.3,916.5,284.5
24,2950,98.333,918.5,290.5
24,2951,98.367,920.5,300.5
24,2952,98.4,918.5,314.5
24,2953,98.433,920.5,328.5
24,2954,98.467,918.5,348.5
24,2955,98.5,916.5,362.5
24,2957,98.567,914.5,422.5
24,2958,98.6,912.5,448.5
24,2959,98.633,848.5,444.5
24,2960,98.667,788.5,434.5
24,2961,98.7,738.5,420.5
24,2962,98.733,690.5,386.5
24,2963,98.767,654.5,360.5
24,2964,98.8,608.5,336.5
24,2965,98.833,572.5,318.5
24,2966,98.867,544.5,310.5
24,2967,98.9,510.5,298.5
24,2968,98.933,480.5,292.5
24,2969,98.967,454.5,290.5
24,2970,99.0,430.5,290.5
24,2971,99.033,406.5,294.5
24,2972,99.067,386.5,292.5
24,2973,99.1,364.5,274.5
24,2974,99.133,346.5,264.5
24,2975,99.167,326.5,250.5
24,2976,99.2,306.5,244.5
24,2977,99.233,294.5,240.5
24,2978,99.267,286.5,234.5
24,2979,99.3,306.5,226.5
24,2980,99.333,348.5,210.5
24,2981,99.367,378.5,200.5
24,2982,99.4,410.5,194.5
24,2983,99.433,442.5,188.5
24,2984,99.467,478.5,186.5
24,2985,99.5,514.5,186.5
24,2986,99.533,550.5,188.5
24,2987,99.567,584.5,194.5
24,2988,99.6,624.5,202.5
24,2989,99.633,652.5,210.5
24,2990,99.667,694.5,222.5
24,2991,99.7,728.5,236.5
24,2992,99.733,762.5,254.5
24,2993,99.767,798.5,272.5
24,2994,99.8,840.5,302.5
24,2995,99.833,868.5,318.5
24,2996,99.867,906.5,348.5
24,2997,99.9,934.5,376.5
24,2998,99.933,982.5,380.5
24,2999,99.967,1018.5,386.5
25,3010,100.333,1144.5,514.5
25,3011,100.367,1148.5,536.5
25,3012,100.4,1150.5,564.5
25,3013,100.433,1150.5,584.5
25,3014,100.467,1150.5,614.5
25,3015,100.5,1160.5,618.5
25,3016,100.533,1170.5,608.5
25,3017,100.567,1182.5,600.5
25,3018,100.6,1192.5,594.5
25,3019,100.633,1200.5,592.5
25,3020,100.667,1210.5,590.5
25,3021,100.7,1216.5,594.5
25,3022,100.733,1224.5,598.5
25,3023,100.767,1230.5,608.5
25,3024,100.8,1234.5,616.5
25,3025,100.833,1238.5,626.5
25,3026,100.867,1242.5,642.5
25,3027,100.9,1242.5,658.5
25,3028,100.933,1248.5,664.5
25,3029,100.967,1260.5,660.5
25,3030,101.0,1270.5,660.5
25,3033,101.1,1260.5,662.5
25,3034,101.133,1244.5,658.5
25,3035,101.167,1232.5,650.5
25,3036,101.2,1222.5,644.5
25,3037,101.233,1214.5,642.5
25,3038,101.267,1200.5,642.5
25,3039,101.3,1190.5,638.5
25,3040,101.333,1182.5,634.5
25,3041,101.367,1168.5,630.5
25,3042,101.4,1158.5,626.5
25,3043,101.433,1150.5,624.5
25,3044,101.467,1138.5,620.5
26,3101,103.367,876.5,310.5
26,3102,103.4,884.5,290.5
26,3103,103.433,886.5,274.5
26,3104,103.467,894.5,264.5
26,3105,103.5,896.5,258.5
26,3106,103.533,900.5,254.5
26,3107,103.567,904.5,258.5
26,3108,103.6,904.5,266.5
26,3109,103.633,904.5,274.5
26,3110,103.667,904.5,288.5
26,3111,103.7,904.5,306.5
26,3112,103.733,902.5,324.5
26,3113,103.767,902.5,342.5
26,3114,103.8,902.5,368.5
26,3115,103.833,904.5,390.5
26,3117,103.9,866.5,438.5
26,3118,103.933,812.5,434.5
26,3119,103.967,744.5,414.5
26,3120,104.0,714.5,382.5
27,3134,104.467,490.5,512.5
27,3138,104.6,416.5,196.5
27,3139,104.633,448.5,190.5
27,3140,104.667,480.5,188.5
27,3141,104.7,508.5,188.5
27,3142,104.733,544.5,190.5
27,3143,104.767,576.5,198.5
27,3144,104.8,608.5,206.5
27,3145,104.833,640.5,218.5
27,3146,104.867,674.5,232.5
27,3147,104.9,708.5,250.5
27,3148,104.933,738.5,268.5
27,3149,104.967,768.5,290.5
27,3150,105.0,804.5,320.5
27,3151,105.033,828.5,344.5
27,3152,105.067,858.5,362.5
27,3153,105.1,894.5,344.5
27,3154,105.133,924.5,334.5
27,3155,105.167,950.5,328.5
27,3156,105.2,980.5,322.5
27,3157,105.233,1000.5,318.5
27,3160,105.333,990.5,280.5
27,3161,105.367,932.5,252.5
27,3162,105.4,886.5,232.5
27,3163,105.433,836.5,214.5
27,3164,105.467,792.5,202.5
27,3165,105.5,750.5,196.5
27,3166,105.533,714.5,192.5
27,3167,105.567,678.5,192.5
27,3168,105.6,644.5,194.5
27,3169,105.633,614.5,200.5
27,3170,105.667,586.5,208.5
27,3171,105.7,562.5,216.5
27,3172,105.733,538.5,228.5
27,3173,105.767,520.5,240.5
27,3174,105.8,500.5,250.5
27,3175,105.833,482.5,248.5
27,3176,105.867,464.5,228.5
27,3177,105.9,448.5,208.5
27,3178,105.933,434.5,192.5
27,3179,105.967,420.5,178.5
27,3180,106.0,406.5,168.5
27,3181,106.033,392.5,160.5
27,3182,106.067,376.5,154.5
27,3183,106.1,392.5,158.5
27,3184,106.133,416.5,160.5
27,3185,106.167,456.5,166.5
27,3186,106.2,490.5,178.5
27,3187,106.233,526.5,192.5
27,3188,106.267,558.5,208.5
27,3189,106.3,590.5,226.5
27,3190,106.333,626.5,248.5
27,3191,106.367,656.5,268.5
27,3192,106.4,690.5,296.5
27,3193,106.433,724.5,326.5
27,3194,106.467,758.5,350.5
27,3195,106.5,796.5,342.5
27,3196,106.533,830.5,338.5
27,3197,106.567,864.5,332.5
27,3198,106.6,898.5,332.5
27,3199,106.633,934.5,334.5
27,3200,106.667,974.5,342.5
27,3201,106.7,1006.5,354.5
27,3202,106.733,1046.5,368.5
27,3203,106.767,1032.5,346.5
27,3204,106.8,992.5,314.5
27,3205,106.833,948.5,274.5
27,3206,106.867,904.5,242.5
27,3207,106.9,868.5,218.5
27,3208,106.933,834.5,200.5
27,3209,106.967,802.5,186.5
27,3210,107.0,768.5,172.5
27,3211,107.033,736.5,166.5
27,3212,107.067,706.5,162.5
27,3213,107.1,678.5,160.5
27,3214,107.133,648.5,162.5
27,3215,107.167,626.5,166.5
27,3216,107.2,602.5,172.5
27,3217,107.233,580.5,182.5
27,3218,107.267,560.5,192.5
27,3219,107.3,540.5,204.5
27,3220,107.333,522.5,218.5
27,3221,107.367,506.5,234.5
27,3222,107.4,488.5,248.5
27,3223,107.433,474.5,266.5
27,3224,107.467,458.5,278.5
27,3225,107.5,448.5,254.5
27,3226,107.533,434.5,232.5
27,3227,107.567,422.5,214.5
27,3228,107.6,410.5,198.5
27,3229,107.633,398.5,184.5
27,3230,107.667,388.5,172.5
27,3231,107.7,376.5,164.5
27,3232,107.733,366.5,160.5
27,3233,107.767,354.5,158.5
27,3234,107.8,352.5,156.5
27,3235,107.833,372.5,150.5
27,3236,107.867,398.5,146.5
27,3237,107.9,422.5,140.5
27,3238,107.933,448.5,142.5
27,3239,107.967,474.5,144.5
27,3240,108.0,470.5,144.5
27,3241,108.033,496.5,148.5
27,3242,108.067,524.5,156.5
27,3243,108.1,548.5,166.5
27,3244,108.133,574.5,178.5
27,3245,108.167,598.5,192.5
27,3246,108.2,626.5,210.5
27,3247,108.233,646.5,226.5
27,3248,108.267,676.5,252.5
27,3249,108.3,696.5,270.5
27,3250,108.333,724.5,300.5
27,3251,108.367,748.5,326.5
27,3252,108.4,766.5,308.5
27,3253,108.433,786.5,294.5
27,3254,108.467,804.5,280.5
27,3255,108.5,824.5,270.5
27,3256,108.533,842.5,260.5
27,3257,108.567,862.5,256.5
27,3258,108.6,882.5,254.5
27,3259,108.633,900.5,252.5
27,3260,108.667,916.5,256.5
27,3261,108.7,934.5,262.5
27,3262,108.733,950.5,270.5
27,3263,108.767,966.5,282.5
27,3264,108.8,982.5,298.5
27,3265,108.833,998.5,316.5
27,3266,108.867,1010.5,334.5
27,3267,108.9,996.5,334.5
27,3268,108.933,950.5,302.5
27,3269,108.967,902.5,272.5
27,3270,109.0,862.5,252.5
27,3271,109.033,818.5,232.5
27,3272,109.067,778.5,218.5
27,3273,109.1,738.5,208.5
27,3274,109.133,708.5,202.5
27,3275,109.167,676.5,198.5
27,3276,109.2,642.5,198.5
27,3277,109.233,614.5,200.5
27,3278,109.267,590.5,204.5
27,3279,109.3,566.5,210.5
27,3280,109.333,544.5,218.5
27,3281,109.367,522.5,230.5
27,3282,109.4,502.5,242.5
27,3283,109.433,484.5,230.5
27,3284,109.467,470.5,210.5
27,3285,109.5,454.5,194.5
27,3286,109.533,438.5,182.5
27,3287,109.567,426.5,172.5
27,3288,109.6,414.5,164.5
27,3289,109.633,442.5,164.5
27,3290,109.667,486.5,158.5
27,3291,109.7,526.5,162.5
27,3292,109.733,558.5,164.5
27,3293,109.767,596.5,172.5
27,3294,109.8,634.5,182.5
27,3295,109.833,674.5,196.5
27,3296,109.867,708.5,208.5
27,3297,109.9,744.5,226.5
27,3298,109.933,782.5,248.5
27,3299,109.967,816.5,270.5
27,3300,110.0,860.5,306.5
27,3301,110.033,880.5,322.5
27,3302,110.067,928.5,328.5
27,3303,110.1,966.5,320.5
27,3304,110.133,1002.5,312.5
27,3305,110.167,1038.5,308.5
27,3306,110.2,1072.5,308.5
27,3307,110.233,1112.5,308.5
27,3308,110.267,1152.5,318.5
27,3309,110.3,1186.5,328.5
27,3310,110.333,1226.5,342.5
28,3316,110.533,1160.5,236.5
28,3318,110.6,1042.5,152.5
28,3320,110.667,926.5,88.5
28,3321,110.7,876.5,70.5
28,3322,110.733,838.5,60.5
28,3323,110.767,798.5,52.5
28,3324,110.8,762.5,48.5
28,3325,110.833,728.5,46.5
28,3326,110.867,696.5,50.5
28,3327,110.9,670.5,52.5
28,3328,110.933,642.5,60.5
28,3330,111.0,594.5,82.5
28,3331,111.033,572.5,94.5
28,3332,111.067,554.5,108.5
28,3333,111.1,538.5,122.5
28,3334,111.133,524.5,138.5
28,3335,111.167,506.5,158.5
28,3336,111.2,496.5,174.5
28,3337,111.233,486.5,190.5
29,3351,111.7,370.5,222.5
29,3353,111.767,364.5,222.5
29,3355,111.833,366.5,216.5
29,3356,111.867,364.5,214.5
29,3357,111.9,360.5,212.5
29,3358,111.933,356.5,214.5
29,3359,111.967,350.5,214.5
29,3360,112.0,364.5,204.5
30,3494,116.467,354.5,220.5
30,3495,116.5,350.5,222.5
30,3496,116.533,346.5,222.5
30,3497,116.567,342.5,226.5
30,3498,116.6,336.5,228.5
30,3499,116.633,330.5,230.5
30,3500,116.667,324.5,236.5
30,3501,116.7,318.5,238.5
30,3502,116.733,310.5,238.5
30,3503,116.767,306.5,242.5
30,3504,116.8,300.5,246.5
30,3505,116.833,294.5,250.5
30,3506,116.867,288.5,254.5
30,3507,116.9,284.5,254.5
30,3508,116.933,280.5,258.5
30,3509,116.967,276.5,260.5
30,3510,117.0,274.5,260.5
30,3511,117.033,272.5,260.5
30,3512,117.067,270.5,260.5
30,3513,117.1,268.5,262.5
30,3514,117.133,268.5,262.5
30,3515,117.167,268.5,266.5
30,3516,117.2,270.5,268.5
30,3517,117.233,270.5,272.5
30,3518,117.267,270.5,274.5
30,3520,117.333,272.5,274.5
30,3521,117.367,270.5,266.5
30,3522,117.4,266.5,256.5
30,3523,117.433,264.5,242.5
30,3524,117.467,260.5,226.5
30,3525,117.5,256.5,210.5
30,3526,117.533,254.5,198.5
30,3527,117.567,252.5,192.5
30,3528,117.6,250.5,184.5
30,3529,117.633,248.5,180.5
30,3530,117.667,246.5,178.5
30,3531,117.7,246.5,180.5
30,3532,117.733,248.5,184.5
30,3533,117.767,248.5,194.5
30,3534,117.8,248.5,204.5
30,3535,117.833,252.5,214.5
30,3536,117.867,254.5,224.5
30,3537,117.9,274.5,240.5
30,3539,117.967,356.5,286.5
30,3540,118.0,386.5,282.5
30,3541,118.033,418.5,278.5
30,3542,118.067,452.5,274.5
30,3543,118.1,486.5,274.5
30,3544,118.133,522.5,278.5
30,3545,118.167,556.5,286.5
30,3546,118.2,594.5,294.5
30,3547,118.233,632.5,308.5
30,3548,118.267,668.5,322.5
30,3549,118.3,710.5,342.5
30,3550,118.333,748.5,364.5
30,3551,118.367,780.5,388.5
30,3552,118.4,820.5,398.5
30,3553,118.433,856.5,390.5
30,3554,118.467,898.5,386.5
30,3555,118.5,890.5,358.5
30,3556,118.533,858.5,332.5
30,3557,118.567,820.5,298.5
30,3558,118.6,766.5,258.5
30,3559,118.633,736.5,236.5
30,3560,118.667,702.5,216.5
30,3561,118.7,668.5,198.5
30,3562,118.733,634.5,182.5
30,3563,118.767,600.5,172.5
30,3564,118.8,574.5,166.5
30,3565,118.833,546.5,162.5
30,3566,118.867,520.5,160.5
30,3567,118.9,496.5,160.5
30,3568,118.933,472.5,164.5
30,3569,118.967,450.5,168.5
30,3570,119.0,428.5,178.5
30,3571,119.033,410.5,186.5
30,3572,119.067,392.5,198.5
30,3573,119.1,376.5,210.5
30,3574,119.133,360.5,226.5
30,3575,119.167,344.5,242.5
30,3576,119.2,332.5,266.5
30,3577,119.233,310.5,256.5
30,3578,119.267,306.5,240.5
30,3580,119.333,278.5,204.5
30,3582,119.4,258.5,178.5
30,3583,119.433,248.5,170.5
30,3584,119.467,238.5,162.5
30,3585,119.5,230.5,160.5
30,3586,119.533,220.5,158.5
30,3587,119.567,216.5,162.5
30,3591,119.7,428.5,192.5
30,3592,119.733,500.5,214.5
30,3593,119.767,550.5,232.5
30,3594,119.8,610.5,256.5
30,3595,119.833,680.5,290.5
30,3596,119.867,760.5,322.5
30,3597,119.9,824.5,306.5
30,3598,119.933,872.5,294.5
30,3599,119.967,946.5,286.5
30,3600,120.0,996.5,278.5
30,3601,120.033,1056.5,276.5
30,3602,120.067,1120.5,274.5
30,3603,120.1,1182.5,280.5
30,3604,120.133,1242.5,288.5
30,3608,120.267,1220.5,214.5
30,3609,120.3,1186.5,186.5
30,3611,120.367,1106.5,140.5
30,3612,120.4,1070.5,124.5
30,3615,120.5,954.5,94.5
30,3616,120.533,922.5,92.5
30,3617,120.567,888.5,92.5
30,3618,120.6,856.5,98.5
30,3619,120.633,818.5,106.5
30,3620,120.667,788.5,116.5
30,3621,120.7,758.5,130.5
30,3622,120.733,728.5,144.5
30,3623,120.767,698.5,162.5
30,3624,120.8,674.5,178.5
30,3625,120.833,644.5,202.5
30,3626,120.867,618.5,226.5
30,3627,120.9,600.5,244.5
30,3628,120.933,572.5,270.5
30,3629,120.967,550.5,302.5
30,3630,121.0,532.5,300.5
30,3631,121.033,518.5,280.5
30,3632,121.067,502.5,256.5
30,3633,121.1,488.5,236.5
30,3634,121.133,474.5,218.5
30,3635,121.167,460.5,202.5
30,3636,121.2,446.5,188.5
30,3637,121.233,432.5,178.5
30,3638,121.267,418.5,172.5
30,3639,121.3,404.5,168.5
30,3640,121.333,392.5,168.5
30,3641,121.367,378.5,168.5
30,3642,121.4,366.5,172.5
30,3643,121.433,358.5,180.5
30,3644,121.467,344.5,190.5
30,3645,121.5,336.5,202.5
30,3646,121.533,326.5,216.5
30,3647,121.567,312.5,234.5
30,3648,121.6,312.5,250.5
30,3649,121.633,346.5,230.5
30,3650,121.667,376.5,216.5
30,3651,121.7,412.5,202.5
30,3652,121.733,442.5,192.5
30,3653,121.767,474.5,186.5
30,3654,121.8,508.5,182.5
30,3655,121.833,542.5,182.5
30,3656,121.867,574.5,186.5
30,3657,121.9,606.5,192.5
30,3658,121.933,636.5,200.5
30,3659,121.967,670.5,214.5
30,3660,122.0,694.5,224.5
30,3661,122.033,724.5,242.5
30,3662,122.067,748.5,258.5
30,3663,122.1,774.5,280.5
30,3664,122.133,794.5,298.5
30,3665,122.167,822.5,324.5
30,3666,122.2,850.5,316.5
30,3667,122.233,866.5,302.5
30,3668,122.267,890.5,284.5
30,3669,122.3,916.5,268.5
30,3670,122.333,938.5,258.5
30,3671,122.367,954.5,248.5
30,3672,122.4,980.5,244.5
30,3673,122.433,1008.5,240.5
30,3675,122.5,926.5,214.5
30,3676,122.533,876.5,208.5
30,3677,122.567,824.5,204.5
30,3678,122.6,830.5,204.5
30,3679,122.633,782.5,202.5
30,3680,122.667,736.5,202.5
30,3681,122.7,696.5,206.5
30,3682,122.733,656.5,212.5
30,3683,122.767,622.5,220.5
30,3684,122.8,590.5,230.5
30,3685,122.833,558.5,242.5
30,3686,122.867,526.5,258.5
30,3687,122.9,498.5,258.5
30,3688,122.933,478.5,240.5
30,3689,122.967,452.5,218.5
30,3690,123.0,430.5,200.5
30,3691,123.033,408.5,188.5
30,3692,123.067,390.5,182.5
30,3694,123.133,358.5,172.5
31,3702,123.4,438.5,132.5
31,3703,123.433,476.5,132.5
31,3704,123.467,506.5,134.5
31,3705,123.5,536.5,142.5
31,3706,123.533,576.5,152.5
31,3707,123.567,608.5,166.5
31,3708,123.6,640.5,180.5
31,3709,123.633,678.5,202.5
31,3710,123.667,708.5,222.5
31,3711,123.7,744.5,250.5
31,3712,123.733,786.5,286.5
31,3713,123.767,806.5,304.5
31,3714,123.8,846.5,348.5
31,3715,123.833,886.5,386.5
31,3716,123.867,914.5,370.5
31,3717,123.9,950.5,356.5
31,3718,123.933,990.5,340.5
31,3719,123.967,1026.5,328.5
31,3720,124.0,1062.5,322.5
31,3721,124.033,1072.5,300.5
31,3722,124.067,1026.5,268.5
31,3723,124.1,954.5,222.5
31,3724,124.133,918.5,204.5
31,3725,124.167,880.5,188.5
31,3726,124.2,832.5,162.5
31,3727,124.233,792.5,150.5
31,3728,124.267,756.5,142.5
31,3729,124.3,720.5,136.5
31,3730,124.333,688.5,132.5
31,3731,124.367,658.5,132.5
31,3732,124.4,632.5,136.5
31,3733,124.433,606.5,138.5
31,3734,124.467,582.5,146.5
31,3735,124.5,558.5,154.5
31,3736,124.533,538.5,164.5
31,3737,124.567,520.5,172.5
31,3738,124.6,500.5,186.5
31,3739,124.633,484.5,198.5
31,3740,124.667,470.5,210.5
31,3741,124.7,456.5,228.5
31,3742,124.733,438.5,234.5
31,3743,124.767,424.5,210.5
31,3744,124.8,416.5,194.5
31,3745,124.833,406.5,178.5
31,3746,124.867,396.5,162.5
31,3748,124.933,376.5,140.5
31,3749,124.967,360.5,130.5
31,3751,125.033,390.5,132.5
31,3752,125.067,420.5,132.5
31,3753,125.1,446.5,138.5
31,3754,125.133,474.5,146.5
31,3755,125.167,500.5,154.5
31,3756,125.2,530.5,166.5
31,3757,125.233,560.5,182.5
31,3758,125.267,594.5,198.5
31,3759,125.3,628.5,216.5
31,3760,125.333,660.5,234.5
31,3761,125.367,692.5,258.5
31,3762,125.4,724.5,280.5
31,3763,125.433,756.5,306.5
31,3764,125.467,794.5,338.5
31,3765,125.5,830.5,360.5
31,3766,125.533,866.5,346.5
31,3767,125.567,896.5,342.5
31,3768,125.6,938.5,334.5
31,3769,125.633,982.5,336.5
31,3770,125.667,960.5,320.5
31,3771,125.7,914.5,300.5
31,3772,125.733,852.5,276.5
31,3773,125.767,808.5,264.5
31,3774,125.8,762.5,254.5
31,3775,125.833,724.5,248.5
31,3776,125.867,684.5,246.5
31,3777,125.9,640.5,246.5
31,3778,125.933,610.5,250.5
31,3779,125.967,576.5,256.5
31,3780,126.0,544.5,262.5
31,3781,126.033,516.5,266.5
31,3782,126.067,486.5,282.5
31,3783,126.1,464.5,290.5
31,3784,126.133,438.5,268.5
31,3785,126.167,418.5,254.5
31,3786,126.2,396.5,238.5
31,3787,126.233,376.5,226.5
31,3788,126.267,356.5,218.5
31,3789,126.3,340.5,212.5
31,3790,126.333,318.5,208.5
31,3792,126.4,358.5,206.5
31,3793,126.433,384.5,210.5
31,3794,126.467,414.5,212.5
31,3795,126.5,446.5,222.5
31,3796,126.533,480.5,234.5
31,3797,126.567,506.5,244.5
31,3798,126.6,538.5,258.5
31,3799,126.633,566.5,274.5
31,3800,126.667,594.5,286.5
31,3801,126.7,610.5,294.5
31,3802,126.733,632.5,306.5
31,3803,126.767,650.5,322.5
31,3804,126.8,668.5,330.5
31,3805,126.833,686.5,320.5
31,3806,126.867,700.5,316.5
31,3807,126.9,718.5,310.5
31,3808,126.933,730.5,314.5
31,3809,126.967,746.5,314.5
31,3810,127.0,760.5,320.5
31,3811,127.033,778.5,330.5
31,3812,127.067,790.5,340.5
31,3813,127.1,806.5,354.5
32,3820,127.333,808.5,310.5
32,3821,127.367,810.5,302.5
32,3822,127.4,810.5,294.5
32,3823,127.433,810.5,294.5
32,3824,127.467,810.5,294.5
32,3825,127.5,810.5,296.5
32,3826,127.533,810.5,302.5
33,3915,130.5,784.5,216.5
33,3916,130.533,784.5,222.5
33,3917,130.567,782.5,226.5
33,3919,130.633,782.5,232.5
33,3920,130.667,784.5,232.5
33,3921,130.7,784.5,232.5
33,3923,130.767,784.5,228.5
33,3924,130.8,784.5,228.5
33,3925,130.833,784.5,222.5
33,3926,130.867,786.5,220.5
34,3932,131.067,798.5,220.5
34,3933,131.1,798.5,222.5
34,3934,131.133,798.5,226.5
34,3935,131.167,798.5,228.5
34,3936,131.2,800.5,232.5
35,3982,132.733,922.5,290.5
35,3983,132.767,898.5,264.5
35,3984,132.8,872.5,242.5
35,3985,132.833,850.5,222.5
35,3986,132.867,824.5,204.5
35,3987,132.9,802.5,192.5
35,3988,132.933,780.5,182.5
35,3989,132.967,756.5,174.5
35,3990,133.0,734.5,170.5
35,3991,133.033,710.5,168.5
35,3992,133.067,690.5,170.5
35,3993,133.1,672.5,174.5
35,3994,133.133,648.5,182.5
35,3995,133.167,632.5,190.5
35,3996,133.2,612.5,202.5
35,3997,133.233,594.5,214.5
35,3998,133.267,578.5,228.5
35,3999,133.3,566.5,242.5
35,4000,133.333,546.5,262.5
35,4001,133.367,532.5,274.5
35,4002,133.4,518.5,250.5
35,4003,133.433,510.5,234.5
35,4004,133.467,498.5,218.5
35,4005,133.5,486.5,204.5
35,4006,133.533,476.5,194.5
35,4007,133.567,464.5,186.5
35,4008,133.6,454.5,180.5
35,4009,133.633,446.5,178.5
35,4010,133.667,438.5,176.5
35,4011,133.7,426.5,178.5
35,4012,133.733,418.5,182.5
35,4013,133.767,410.5,190.5
35,4014,133.8,402.5,198.5
35,4015,133.833,396.5,208.5
35,4016,133.867,390.5,220.5
35,4017,133.9,384.5,232.5
35,4018,133.933,378.5,254.5
35,4019,133.967,370.5,252.5
35,4020,134.0,358.5,230.5
35,4021,134.033,348.5,216.5
35,4022,134.067,338.5,206.5
35,4023,134.1,330.5,196.5
35,4024,134.133,320.5,190.5
35,4025,134.167,312.5,186.5
35,4026,134.2,304.5,184.5
35,4027,134.233,298.5,184.5
35,4028,134.267,290.5,188.5
35,4030,134.333,276.5,202.5
35,4034,134.467,262.5,186.5
35,4035,134.5,258.5,170.5
35,4036,134.533,254.5,162.5
35,4037,134.567,252.5,152.5
35,4038,134.6,250.5,146.5
35,4039,134.633,248.5,142.5
35,4040,134.667,248.5,142.5
35,4041,134.7,244.5,144.5
35,4042,134.733,244.5,146.5
35,4043,134.767,244.5,152.5
35,4044,134.8,242.5,162.5
35,4045,134.833,244.5,172.5
35,4048,134.933,234.5,170.5
35,4049,134.967,232.5,164.5
35,4052,135.067,242.5,154.5
36,4075,135.833,268.5,266.5
36,4076,135.867,270.5,264.5
36,4077,135.9,268.5,270.5
36,4078,135.933,270.5,274.5
36,4079,135.967,270.5,276.5
36,4080,136.0,270.5,274.5
36,4081,136.033,266.5,270.5
36,4082,136.067,262.5,260.5
36,4083,136.1,254.5,246.5
36,4084,136.133,252.5,232.5
36,4085,136.167,248.5,216.5
36,4086,136.2,242.5,204.5
36,4087,136.233,240.5,194.5
36,4088,136.267,236.5,188.5
36,4089,136.3,234.5,182.5
36,4090,136.333,232.5,182.5
36,4091,136.367,230.5,182.5
36,4092,136.4,230.5,188.5
36,4093,136.433,230.5,194.5
36,4094,136.467,226.5,202.5
36,4095,136.5,228.5,210.5
36,4096,136.533,230.5,226.5
36,4099,136.633,356.5,280.5
36,4100,136.667,390.5,270.5
36,4101,136.7,434.5,260.5
36,4102,136.733,472.5,254.5
36,4103,136.767,518.5,252.5
36,4104,136.8,560.5,250.5
36,4105,136.833,602.5,250.5
36,4106,136.867,644.5,254.5
36,4107,136.9,686.5,260.5
36,4108,136.933,726.5,270.5
36,4109,136.967,766.5,282.5
36,4110,137.0,802.5,296.5
36,4111,137.033,838.5,312.5
36,4112,137.067,878.5,326.5
36,4113,137.1,882.5,324.5
36,4114,137.133,914.5,314.5
36,4115,137.167,946.5,306.5
36,4116,137.2,980.5,300.5
36,4117,137.233,978.5,284.5
36,4118,137.267,938.5,260.5
36,4119,137.3,900.5,240.5
36,4120,137.333,862.5,226.5
36,4121,137.367,828.5,214.5
36,4122,137.4,790.5,204.5
36,4123,137.433,756.5,198.5
36,4124,137.467,724.5,196.5
36,4125,137.5,694.5,196.5
36,4126,137.533,668.5,198.5
36,4127,137.567,636.5,204.5
36,4128,137.6,610.5,210.5
36,4129,137.633,584.5,220.5
36,4130,137.667,558.5,232.5
36,4131,137.7,540.5,242.5
36,4132,137.733,514.5,258.5
36,4133,137.767,496.5,246.5
36,4134,137.8,478.5,232.5
36,4135,137.833,458.5,214.5
36,4136,137.867,442.5,200.5
36,4137,137.9,428.5,192.5
36,4138,137.933,416.5,184.5
36,4139,137.967,440.5,182.5
36,4140,138.0,476.5,182.5
36,4141,138.033,500.5,184.5
36,4142,138.067,536.5,190.5
36,4143,138.1,568.5,200.5
36,4144,138.133,598.5,210.5
36,4145,138.167,630.5,224.5
36,4146,138.2,670.5,244.5
36,4147,138.233,692.5,260.5
36,4148,138.267,724.5,280.5
36,4149,138.3,754.5,304.5
36,4150,138.333,786.5,336.5
36,4151,138.367,810.5,350.5
36,4152,138.4,836.5,338.5
36,4153,138.433,864.5,332.5
36,4154,138.467,894.5,324.5
36,4155,138.5,922.5,324.5
36,4156,138.533,930.5,314.5
36,4157,138.567,882.5,288.5
36,4158,138.6,840.5,268.5
36,4159,138.633,802.5,252.5
36,4160,138.667,766.5,242.5
36,4161,138.7,734.5,234.5
36,4162,138.733,702.5,228.5
36,4163,138.767,674.5,226.5
36,4164,138.8,644.5,226.5
36,4165,138.833,622.5,228.5
36,4166,138.867,600.5,234.5
36,4167,138.9,580.5,240.5
36,4168,138.933,560.5,248.5
36,4169,138.967,544.5,252.5
36,4170,139.0,528.5,236.5
36,4171,139.033,514.5,220.5
36,4172,139.067,502.5,206.5
36,4173,139.1,486.5,192.5
36,4174,139.133,474.5,184.5
36,4175,139.167,466.5,178.5
36,4176,139.2,478.5,178.5
36,4177,139.233,500.5,180.5
36,4178,139.267,522.5,186.5
36,4179,139.3,540.5,192.5
36,4180,139.333,564.5,202.5
36,4181,139.367,582.5,214.5
36,4182,139.4,606.5,230.5
36,4183,139.433,626.5,248.5
36,4184,139.467,644.5,266.5
36,4185,139.5,670.5,292.5
36,4186,139.533,688.5,314.5
36,4187,139.567,706.5,308.5
36,4188,139.6,726.5,302.5
36,4189,139.633,740.5,298.5
36,4190,139.667,766.5,300.5
36,4191,139.7,788.5,302.5
36,4192,139.733,806.5,306.5
36,4193,139.767,826.5,316.5
36,4194,139.8,836.5,322.5
36,4195,139.833,804.5,298.5
36,4196,139.867,770.5,278.5
36,4197,139.9,738.5,262.5
36,4198,139.933,710.5,250.5
36,4199,139.967,680.5,242.5
36,4200,140.0,646.5,236.5
36,4201,140.033,630.5,234.5
36,4202,140.067,606.5,236.5
36,4203,140.1,586.5,238.5
36,4204,140.133,568.5,242.5
36,4205,140.167,550.5,250.5
36,4206,140.2,534.5,258.5
36,4207,140.233,518.5,260.5
36,4208,140.267,504.5,242.5
36,4209,140.3,490.5,226.5
36,4210,140.333,480.5,212.5
36,4211,140.367,466.5,200.5
36,4212,140.4,456.5,194.5
36,4213,140.433,444.5,188.5
36,4214,140.467,452.5,184.5
36,4215,140.5,468.5,182.5
36,4216,140.533,492.5,182.5
36,4217,140.567,518.5,184.5
36,4218,140.6,542.5,188.5
36,4219,140.633,568.5,194.5
36,4220,140.667,596.5,204.5
36,4221,140.7,624.5,216.5
36,4222,140.733,644.5,226.5
36,4223,140.767,678.5,248.5
36,4224,140.8,706.5,266.5
36,4225,140.833,726.5,282.5
36,4226,140.867,764.5,310.5
36,4227,140.9,788.5,330.5
36,4228,140.933,814.5,324.5
36,4229,140.967,844.5,316.5
36,4230,141.0,868.5,312.5
36,4231,141.033,902.5,306.5
36,4232,141.067,868.5,282.5
36,4233,141.1,822.5,256.5
36,4234,141.133,778.5,236.5
36,4235,141.167,738.5,220.5
36,4236,141.2,696.5,206.5
36,4237,141.233,656.5,196.5
36,4238,141.267,622.5,188.5
36,4239,141.3,588.5,182.5
36,4240,141.333,554.5,180.5
36,4241,141.367,522.5,180.5
36,4242,141.4,494.5,182.5
36,4243,141.433,466.5,188.5
36,4244,141.467,438.5,196.5
36,4245,141.5,412.5,204.5
36,4246,141.533,390.5,214.5
36,4247,141.567,368.5,226.5
36,4248,141.6,346.5,242.5
36,4249,141.633,326.5,256.5
37,4254,141.8,248.5,340.5
37,4256,141.867,210.5,362.5
37,4257,141.9,198.5,350.5
37,4258,141.933,184.5,340.5
37,4259,141.967,170.5,332.5
37,4262,142.067,134.5,316.5
37,4263,142.1,120.5,314.5
37,4264,142.133,114.5,320.5
37,4265,142.167,104.5,322.5
37,4266,142.2,96.5,328.5
37,4270,142.333,78.5,344.5
37,4272,142.4,78.5,344.5
37,4274,142.467,82.5,352.5
37,4275,142.5,86.5,358.5
37,4276,142.533,88.5,366.5
37,4277,142.567,92.5,378.5
37,4278,142.6,94.5,390.5
37,4279,142.633,96.5,398.5
37,4280,142.667,92.5,392.5
37,4281,142.7,88.5,390.5
37,4282,142.733,84.5,390.5
37,4283,142.767,82.5,394.5
37,4284,142.8,80.5,400.5
37,4285,142.833,80.5,404.5
37,4286,142.867,78.5,414.5
37,4287,142.9,78.5,416.5
37,4288,142.933,74.5,416.5
37,4289,142.967,70.5,420.5
37,4290,143.0,72.5,424.5
37,4291,143.033,70.5,430.5
38,4371,145.7,260.5,158.5
38,4372,145.733,286.5,184.5
38,4373,145.767,318.5,216.5
38,4374,145.8,338.5,244.5
38,4375,145.833,370.5,284.5
38,4376,145.867,386.5,286.5
38,4377,145.9,402.5,262.5
38,4378,145.933,416.5,242.5
38,4379,145.967,432.5,226.5
38,4380,146.0,448.5,210.5
38,4381,146.033,464.5,198.5
38,4382,146.067,480.5,190.5
38,4383,146.1,498.5,184.5
38,4384,146.133,516.5,182.5
38,4385,146.167,536.5,182.5
38,4386,146.2,554.5,186.5
38,4387,146.233,572.5,192.5
38,4388,146.267,592.5,202.5
38,4389,146.3,610.5,214.5
38,4390,146.333,628.5,230.5
38,4391,146.367,642.5,244.5
38,4392,146.4,656.5,260.5
38,4393,146.433,678.5,290.5
38,4394,146.467,694.5,310.5
38,4395,146.5,710.5,340.5
38,4396,146.533,724.5,366.5
38,4397,146.567,742.5,354.5
38,4398,146.6,758.5,334.5
38,4399,146.633,772.5,314.5
38,4400,146.667,792.5,304.5
38,4401,146.7,808.5,298.5
38,4402,146.733,824.5,290.5
38,4403,146.767,842.5,284.5
38,4404,146.8,858.5,282.5
38,4405,146.833,874.5,286.5
38,4406,146.867,890.5,290.5
38,4407,146.9,906.5,304.5
38,4408,146.933,922.5,314.5
38,4409,146.967,934.5,330.5
38,4410,147.0,944.5,330.5
38,4411,147.033,948.5,314.5
38,4412,147.067,952.5,298.5
38,4413,147.1,956.5,288.5
38,4414,147.133,960.5,278.5
38,4415,147.167,964.5,274.5
38,4416,147.2,966.5,272.5
38,4417,147.233,968.5,280.5
38,4418,147.267,966.5,290.5
38,4419,147.3,968.5,298.5
38,4420,147.333,966.5,316.5
38,4421,147.367,966.5,332.5
38,4422,147.4,966.5,354.5
38,4423,147.433,964.5,376.5
38,4426,147.533,952.5,448.5
38,4427,147.567,954.5,456.5
38,4428,147.6,954.5,466.5
38,4429,147.633,954.5,474.5
38,4430,147.667,956.5,484.5
39,4477,149.233,386.5,200.5
39,4478,149.267,382.5,194.5
39,4479,149.3,380.5,184.5
39,4480,149.333,376.5,168.5
39,4481,149.367,372.5,154.5
39,4483,149.433,372.5,126.5
40,4538,151.267,920.5,324.5
40,4539,151.3,924.5,308.5
40,4540,151.333,928.5,292.5
40,4541,151.367,928.5,282.5
40,4542,151.4,930.5,272.5
40,4544,151.467,930.5,268.5
40,4545,151.5,928.5,274.5
40,4546,151.533,928.5,284.5
40,4547,151.567,928.5,294.5
40,4548,151.6,928.5,292.5
40,4549,151.633,926.5,310.5
40,4550,151.667,922.5,328.5
40,4552,151.733,916.5,486.5
40,4553,151.767,908.5,402.5
40,4554,151.8,904.5,430.5
40,4555,151.833,864.5,440.5
40,4556,151.867,828.5,434.5
40,4559,151.967,712.5,342.5
40,4560,152.0,684.5,314.5
40,4561,152.033,658.5,292.5
40,4562,152.067,630.5,274.5
40,4563,152.1,610.5,260.5
40,4564,152.133,588.5,252.5
40,4565,152.167,568.5,248.5
40,4566,152.2,548.5,246.5
40,4567,152.233,532.5,246.5
40,4568,152.267,516.5,248.5
40,4569,152.3,502.5,254.5
40,4570,152.333,490.5,256.5
40,4571,152.367,476.5,236.5
40,4572,152.4,464.5,222.5
40,4573,152.433,454.5,206.5
40,4574,152.467,442.5,198.5
40,4575,152.5,452.5,196.5
40,4576,152.533,480.5,188.5
40,4577,152.567,512.5,184.5
40,4578,152.6,544.5,184.5
40,4579,152.633,574.5,188.5
40,4580,152.667,604.5,194.5
40,4581,152.7,638.5,202.5
40,4582,152.733,670.5,212.5
40,4583,152.767,696.5,224.5
40,4584,152.8,730.5,240.5
40,4585,152.833,760.5,258.5
40,4586,152.867,802.5,286.5
40,4587,152.9,824.5,304.5
40,4588,152.933,862.5,336.5
41,4599,153.3,804.5,222.5
41,4600,153.333,768.5,214.5
41,4601,153.367,734.5,212.5
41,4602,153.4,702.5,212.5
41,4603,153.433,672.5,214.5
41,4604,153.467,642.5,220.5
41,4605,153.5,618.5,226.5
41,4606,153.533,594.5,236.5
41,4607,153.567,574.5,248.5
41,4608,153.6,552.5,260.5
41,4609,153.633,530.5,266.5
41,4610,153.667,514.5,246.5
41,4611,153.7,500.5,228.5
41,4612,153.733,486.5,210.5
41,4613,153.767,470.5,194.5
41,4614,153.8,454.5,186.5
41,4615,153.833,442.5,178.5
41,4618,153.933,448.5,168.5
41,4619,153.967,482.5,166.5
41,4620,154.0,514.5,172.5
41,4621,154.033,542.5,178.5
41,4622,154.067,574.5,188.5
41,4623,154.1,606.5,200.5
41,4624,154.133,636.5,216.5
41,4625,154.167,668.5,232.5
41,4626,154.2,696.5,250.5
41,4627,154.233,726.5,272.5
41,4628,154.267,752.5,292.5
41,4629,154.3,786.5,322.5
41,4630,154.333,816.5,338.5
41,4631,154.367,846.5,326.5
41,4632,154.4,874.5,316.5
41,4633,154.433,906.5,310.5
41,4634,154.467,936.5,306.5
41,4635,154.5,966.5,304.5
41,4636,154.533,994.5,310.5
41,4637,154.567,1026.5,314.5
41,4638,154.6,1056.5,326.5
42,4649,154.967,742.5,224.5
42,4650,155.0,698.5,222.5
42,4651,155.033,658.5,220.5
42,4652,155.067,620.5,224.5
42,4653,155.1,586.5,228.5
42,4654,155.133,552.5,238.5
42,4655,155.167,522.5,248.5
42,4656,155.2,496.5,260.5
42,4657,155.233,470.5,272.5
42,4658,155.267,450.5,262.5
42,4659,155.3,422.5,238.5
42,4660,155.333,402.5,218.5
42,4661,155.367,386.5,210.5
42,4662,155.4,364.5,200.5
42,4664,155.467,328.5,188.5
42,4668,155.6,272.5,186.5
42,4669,155.633,302.5,186.5
42,4671,155.7,398.5,190.5
42,4672,155.733,462.5,194.5
42,4673,155.767,518.5,204.5
42,4674,155.8,570.5,216.5
42,4675,155.833,624.5,234.5
42,4676,155.867,688.5,258.5
42,4677,155.9,736.5,278.5
42,4678,155.933,784.5,300.5
42,4680,156.0,888.5,358.5
42,4681,156.033,962.5,336.5
42,4682,156.067,1010.5,326.5
42,4683,156.1,1064.5,322.5
42,4684,156.133,1138.5,318.5
42,4685,156.167,1176.5,316.5
42,4686,156.2,1234.5,320.5
42,4687,156.233,1272.5,324.5
42,4689,156.3,1270.5,286.5
42,4690,156.333,1240.5,266.5
42,4691,156.367,1190.5,234.5
42,4693,156.433,1086.5,188.5
42,4694,156.467,1046.5,176.5
42,4697,156.567,906.5,154.5
42,4698,156.6,856.5,156.5
42,4699,156.633,822.5,162.5
42,4700,156.667,778.5,168.5
42,4701,156.7,738.5,180.5
42,4702,156.733,706.5,194.5
42,4703,156.767,674.5,208.5
42,4704,156.8,638.5,228.5
42,4705,156.833,610.5,246.5
42,4706,156.867,576.5,268.5
42,4707,156.9,554.5,292.5
42,4708,156.933,534.5,300.5
42,4709,156.967,526.5,292.5
42,4710,157.0,518.5,290.5
42,4711,157.033,512.5,290.5
42,4712,157.067,504.5,292.5
42,4713,157.1,496.5,296.5
42,4714,157.133,490.5,302.5
42,4715,157.167,482.5,312.5
42,4716,157.2,478.5,322.5
42,4717,157.233,472.5,330.5
42,4718,157.267,460.5,320.5
42,4719,157.3,454.5,310.5
42,4720,157.333,444.5,304.5
42,4721,157.367,438.5,300.5
42,4722,157.4,430.5,298.5
42,4723,157.433,422.5,298.5
42,4724,157.467,416.5,304.5
42,4725,157.5,408.5,310.5
42,4726,157.533,404.5,318.5
42,4727,157.567,398.5,328.5
42,4728,157.6,390.5,326.5
42,4729,157.633,380.5,316.5
42,4730,157.667,372.5,310.5
42,4731,157.7,364.5,306.5
42,4732,157.733,358.5,304.5
42,4733,157.767,350.5,306.5
42,4734,157.8,342.5,310.5
42,4735,157.833,338.5,318.5
42,4736,157.867,334.5,324.5
42,4737,157.9,328.5,338.5
42,4738,157.933,324.5,350.5
42,4739,157.967,320.5,366.5
42,4740,158.0,316.5,382.5
42,4741,158.033,312.5,402.5
42,4742,158.067,312.5,420.5
42,4743,158.1,312.5,444.5
42,4744,158.133,310.5,466.5
42,4745,158.167,310.5,486.5
42,4746,158.2,302.5,484.5
42,4747,158.233,296.5,474.5
42,4748,158.267,288.5,462.5
42,4749,158.3,282.5,450.5
42,4750,158.333,276.5,444.5
42,4751,158.367,270.5,438.5
42,4752,158.4,264.5,438.5
42,4753,158.433,258.5,438.5
42,4754,158.467,254.5,438.5
42,4755,158.5,250.5,444.5
42,4756,158.533,246.5,450.5
42,4757,158.567,244.5,458.5
42,4758,158.6,240.5,470.5
42,4759,158.633,240.5,482.5
42,4760,158.667,238.5,494.5
42,4761,158.7,232.5,488.5
42,4762,158.733,224.5,482.5
42,4763,158.767,220.5,480.5
42,4764,158.8,214.5,478.5
42,4765,158.833,210.5,478.5
42,4766,158.867,206.5,482.5
42,4767,158.9,202.5,488.5
42,4768,158.933,200.5,494.5
42,4769,158.967,196.5,496.5
42,4770,159.0,192.5,496.5
42,4771,159.033,188.5,496.5
42,4772,159.067,184.5,496.5
42,4774,159.133,176.5,498.5
42,4775,159.167,174.5,498.5
42,4777,159.233,268.5,610.5
42,4779,159.3,160.5,498.5
42,4781,159.367,268.5,612.5
42,4782,159.4,268.5,610.5
42,4783,159.433,268.5,610.5
42,4784,159.467,268.5,610.5
42,4785,159.5,268.5,610.5
42,4786,159.533,268.5,610.5
42,4787,159.567,268.5,612.5
42,4788,159.6,268.5,610.5
42,4789,159.633,268.5,610.5
42,4790,159.667,266.5,610.5
42,4791,159.7,268.5,610.5
42,4792,159.733,268.5,610.5
42,4793,159.767,266.5,610.5
42,4794,159.8,268.5,610.5
42,4795,159.833,266.5,610.5
42,4796,159.867,266.5,610.5
42,4797,159.9,266.5,610.5
42,4798,159.933,266.5,610.5
42,4799,159.967,268.5,612.5
42,4800,160.0,268.5,612.5
42,4801,160.033,268.5,612.5
42,4803,160.1,268.5,612.5
42,4804,160.133,268.5,612.5
42,4805,160.167,268.5,612.5
42,4806,160.2,268.5,612.5
42,4807,160.233,268.5,612.5
42,4808,160.267,268.5,612.5
42,4809,160.3,270.5,612.5
42,4811,160.367,268.5,610.5
43,4890,163.0,380.5,212.5
43,4891,163.033,380.5,208.5
43,4892,163.067,384.5,202.5
43,4893,163.1,386.5,194.5
43,4894,163.133,390.5,186.5
43,4895,163.167,400.5,178.5
43,4896,163.2,408.5,170.5
43,4897,163.233,412.5,162.5
43,4898,163.267,416.5,152.5
43,4899,163.3,412.5,146.5
43,4901,163.367,406.5,146.5
43,4902,163.4,402.5,150.5
43,4903,163.433,400.5,158.5
43,4904,163.467,398.5,164.5
43,4905,163.5,394.5,176.5
43,4908,163.6,156.5,204.5
44,4946,164.867,390.5,130.5
44,4947,164.9,400.5,148.5
44,4948,164.933,414.5,166.5
44,4949,164.967,424.5,186.5
44,4950,165.0,436.5,206.5
44,4951,165.033,436.5,218.5
44,4952,165.067,470.5,256.5
44,4953,165.1,476.5,240.5
44,4954,165.133,486.5,222.5
44,4955,165.167,492.5,210.5
44,4956,165.2,502.5,196.5
44,4957,165.233,508.5,186.5
44,4958,165.267,518.5,180.5
44,4959,165.3,528.5,176.5
44,4960,165.333,536.5,176.5
44,4961,165.367,546.5,178.5
44,4962,165.4,558.5,180.5
44,4963,165.433,568.5,186.5
44,4964,165.467,576.5,198.5
44,4965,165.5,586.5,210.5
44,4966,165.533,596.5,224.5
44,4967,165.567,608.5,242.5
44,4968,165.6,616.5,256.5
44,4969,165.633,626.5,278.5
44,4971,165.7,634.5,306.5
44,4973,165.767,654.5,328.5
44,4974,165.8,664.5,314.5
44,4975,165.833,674.5,298.5
44,4976,165.867,682.5,290.5
44,4977,165.9,694.5,282.5
44,4978,165.933,694.5,282.5
44,4979,165.967,724.5,280.5
44,4980,166.0,722.5,278.5
44,4981,166.033,736.5,282.5
44,4982,166.067,744.5,290.5
44,4983,166.1,756.5,300.5
44,4984,166.133,762.5,312.5
44,4985,166.167,772.5,328.5
44,4986,166.2,780.5,346.5
44,4987,166.233,790.5,372.5
44,4988,166.267,796.5,390.5
44,4989,166.3,806.5,418.5
44,4990,166.333,820.5,404.5
44,4991,166.367,832.5,392.5
44,4992,166.4,842.5,384.5
44,4993,166.433,854.5,378.5
44,4994,166.467,870.5,374.5
44,4995,166.5,884.5,376.5
44,4996,166.533,896.5,378.5
44,4997,166.567,910.5,382.5
44,4998,166.6,922.5,396.5
44,4999,166.633,930.5,410.5
44,5000,166.667,942.5,424.5
44,5001,166.7,936.5,432.5
45,5010,167.0,266.5,608.5
45,5011,167.033,268.5,608.5
45,5014,167.133,268.5,608.5
45,5015,167.167,268.5,608.5
45,5018,167.267,270.5,608.5
45,5020,167.333,270.5,614.5
46,5025,167.5,1036.5,470.5
46,5026,167.533,1038.5,470.5
46,5027,167.567,1040.5,472.5
46,5028,167.6,1038.5,474.5
46,5029,167.633,1038.5,474.5
46,5030,167.667,1036.5,476.5
46,5031,167.7,1036.5,476.5
46,5032,167.733,1032.5,478.5
46,5033,167.767,1030.5,480.5
46,5034,167.8,1026.5,482.5
46,5035,167.833,1024.5,484.5
46,5036,167.867,1020.5,486.5
46,5037,167.9,1020.5,486.5
46,5038,167.933,1018.5,490.5
46,5040,168.0,1016.5,494.5
46,5041,168.033,1016.5,496.5
46,5042,168.067,1016.5,500.5
46,5043,168.1,1016.5,502.5
46,5044,168.133,1016.5,504.5
46,5045,168.167,1016.5,508.5
46,5046,168.2,1016.5,510.5
46,5047,168.233,1018.5,510.5
46,5049,168.3,1018.5,516.5
46,5050,168.333,1018.5,516.5
47,5068,168.933,894.5,308.5
47,5069,168.967,896.5,292.5
47,5070,169.0,898.5,282.5
47,5071,169.033,898.5,274.5
47,5072,169.067,898.5,274.5
47,5073,169.1,896.5,278.5
47,5074,169.133,896.5,288.5
47,5075,169.167,896.5,296.5
47,5076,169.2,894.5,312.5
47,5078,169.267,886.5,340.5
47,5080,169.333,882.5,386.5
47,5081,169.367,876.5,420.5
47,5082,169.4,872.5,454.5
47,5083,169.433,826.5,442.5
47,5084,169.467,786.5,432.5
47,5085,169.5,734.5,366.5
47,5086,169.533,708.5,336.5
47,5087,169.567,678.5,308.5
47,5088,169.6,646.5,278.5
47,5089,169.633,628.5,268.5
47,5090,169.667,600.5,252.5
47,5091,169.7,578.5,244.5
47,5092,169.733,560.5,238.5
47,5093,169.767,538.5,236.5
47,5094,169.8,518.5,236.5
47,5095,169.833,506.5,240.5
47,5096,169.867,490.5,242.5
47,5097,169.9,476.5,224.5
47,5098,169.933,460.5,206.5
47,5099,169.967,452.5,194.5
47,5100,170.0,438.5,186.5
47,5102,170.067,494.5,180.5
47,5103,170.1,528.5,182.5
47,5104,170.133,562.5,186.5
47,5105,170.167,592.5,192.5
47,5106,170.2,628.5,202.5
47,5107,170.233,664.5,214.5
47,5108,170.267,692.5,226.5
47,5109,170.3,728.5,246.5
47,5110,170.333,756.5,260.5
47,5111,170.367,802.5,294.5
47,5112,170.4,832.5,316.5
47,5113,170.433,862.5,344.5
47,5114,170.467,898.5,356.5
48,5119,170.633,940.5,296.5
48,5120,170.667,902.5,274.5
48,5121,170.7,858.5,256.5
48,5122,170.733,816.5,240.5
48,5123,170.767,780.5,228.5
48,5124,170.8,742.5,220.5
48,5125,170.833,706.5,216.5
48,5126,170.867,678.5,214.5
48,5127,170.9,644.5,216.5
48,5128,170.933,620.5,220.5
48,5129,170.967,596.5,226.5
48,5130,171.0,570.5,234.5
48,5131,171.033,552.5,242.5
48,5132,171.067,530.5,254.5
48,5133,171.1,514.5,254.5
48,5134,171.133,494.5,234.5
48,5135,171.167,478.5,218.5
48,5136,171.2,462.5,200.5
48,5137,171.233,446.5,190.5
48,5138,171.267,432.5,182.5
48,5139,171.3,420.5,176.5
48,5141,171.367,450.5,160.5
48,5142,171.4,482.5,150.5
48,5143,171.433,510.5,146.5
48,5144,171.467,542.5,140.5
48,5145,171.5,574.5,138.5
48,5146,171.533,606.5,138.5
48,5147,171.567,636.5,140.5
48,5148,171.6,674.5,144.5
48,5149,171.633,702.5,150.5
48,5150,171.667,736.5,158.5
48,5151,171.7,770.5,170.5
48,5152,171.733,802.5,182.5
48,5153,171.767,834.5,198.5
48,5154,171.8,868.5,216.5
48,5155,171.833,900.5,236.5
48,5156,171.867,932.5,258.5
48,5157,171.9,964.5,284.5
48,5158,171.933,998.5,312.5
48,5159,171.967,1026.5,338.5
49,5366,178.867,718.5,406.5
49,5367,178.9,686.5,384.5
49,5368,178.933,654.5,350.5
49,5370,179.0,610.5,304.5
49,5371,179.033,586.5,290.5
49,5372,179.067,566.5,276.5
49,5373,179.1,546.5,268.5
49,5374,179.133,526.5,262.5
49,5375,179.167,506.5,260.5
49,5376,179.2,486.5,260.5
49,5377,179.233,472.5,264.5
49,5378,179.267,458.5,270.5
49,5379,179.3,446.5,276.5
49,5380,179.333,434.5,286.5
49,5381,179.367,420.5,296.5
49,5382,179.4,406.5,276.5
49,5383,179.433,396.5,262.5
49,5384,179.467,386.5,246.5
49,5385,179.5,374.5,232.5
49,5386,179.533,362.5,224.5
49,5387,179.567,354.5,218.5
49,5388,179.6,342.5,216.5
49,5389,179.633,334.5,214.5
49,5390,179.667,326.5,216.5
49,5391,179.7,320.5,222.5
49,5392,179.733,312.5,226.5
49,5394,179.8,296.5,190.5
49,5395,179.833,292.5,176.5
49,5396,179.867,282.5,158.5
49,5397,179.9,278.5,148.5
49,5398,179.933,272.5,138.5
49,5399,179.967,266.5,132.5
49,5400,180.0,262.5,126.5
49,5401,180.033,256.5,128.5
49,5402,180.067,250.5,126.5
49,5403,180.1,254.5,126.5
49,5404,180.133,248.5,128.5
49,5405,180.167,244.5,134.5
49,5406,180.2,244.5,144.5
49,5407,180.233,240.5,152.5
49,5408,180.267,238.5,164.5
50,5431,181.033,286.5,258.5
50,5432,181.067,284.5,262.5
50,5433,181.1,280.5,264.5
50,5434,181.133,278.5,264.5
50,5435,181.167,274.5,264.5
50,5436,181.2,272.5,262.5
50,5437,181.233,270.5,264.5
50,5438,181.267,270.5,264.5
50,5439,181.3,268.5,266.5
50,5440,181.333,268.5,266.5
50,5441,181.367,268.5,268.5
50,5442,181.4,268.5,270.5
50,5443,181.433,268.5,272.5
50,5444,181.467,270.5,272.5
50,5445,181.5,268.5,272.5
50,5446,181.533,266.5,262.5
50,5447,181.567,260.5,250.5
50,5448,181.6,258.5,234.5
50,5449,181.633,256.5,224.5
50,5450,181.667,254.5,208.5
50,5451,181.7,252.5,200.5
50,5452,181.733,250.5,192.5
50,5453,181.767,248.5,188.5
50,5454,181.8,248.5,190.5
50,5455,181.833,248.5,188.5
50,5456,181.867,248.5,192.5
50,5457,181.9,250.5,198.5
50,5458,181.933,250.5,210.5
50,5459,181.967,252.5,218.5
50,5460,182.0,256.5,232.5
50,5461,182.033,280.5,246.5
50,5463,182.1,356.5,284.5
50,5464,182.133,380.5,278.5
50,5465,182.167,406.5,274.5
50,5466,182.2,436.5,268.5
50,5467,182.233,464.5,270.5
50,5468,182.267,494.5,274.5
50,5469,182.3,526.5,278.5
50,5470,182.333,552.5,286.5
50,5471,182.367,582.5,298.5
50,5472,182.4,614.5,314.5
50,5473,182.433,646.5,330.5
50,5474,182.467,676.5,350.5
50,5475,182.5,704.5,376.5
50,5476,182.533,738.5,388.5
50,5477,182.567,766.5,376.5
50,5478,182.6,792.5,376.5
50,5479,182.633,818.5,374.5
50,5480,182.667,850.5,370.5
50,5481,182.7,808.5,350.5
50,5482,182.733,760.5,326.5
50,5483,182.767,714.5,306.5
50,5484,182.8,670.5,292.5
50,5485,182.833,626.5,276.5
50,5486,182.867,594.5,268.5
50,5487,182.9,562.5,266.5
50,5488,182.933,528.5,262.5
50,5489,182.967,498.5,262.5
50,5490,183.0,470.5,266.5
50,5491,183.033,446.5,270.5
50,5492,183.067,420.5,278.5
50,5493,183.1,402.5,282.5
50,5494,183.133,378.5,278.5
50,5495,183.167,362.5,262.5
50,5496,183.2,340.5,246.5
50,5497,183.233,320.5,232.5
50,5498,183.267,336.5,226.5
50,5499,183.3,368.5,226.5
50,5500,183.333,398.5,228.5
50,5501,183.367,430.5,232.5
50,5502,183.4,456.5,238.5
50,5503,183.433,484.5,246.5
50,5504,183.467,514.5,254.5
50,5505,183.5,546.5,266.5
50,5506,183.533,576.5,286.5
50,5507,183.567,606.5,302.5
50,5508,183.6,634.5,322.5
50,5509,183.633,664.5,340.5
50,5510,183.667,692.5,334.5
50,5511,183.7,718.5,328.5
50,5512,183.733,748.5,326.5
50,5513,183.767,770.5,324.5
50,5514,183.8,800.5,328.5
50,5515,183.833,828.5,334.5
50,5516,183.867,848.5,338.5
50,5517,183.9,816.5,318.5
50,5518,183.933,774.5,290.5
50,5519,183.967,738.5,270.5
50,5520,184.0,708.5,256.5
50,5521,184.033,678.5,244.5
50,5522,184.067,646.5,234.5
50,5523,184.1,626.5,230.5
50,5524,184.133,602.5,228.5
50,5525,184.167,580.5,230.5
50,5526,184.2,560.5,232.5
50,5527,184.233,542.5,238.5
50,5528,184.267,524.5,244.5
50,5529,184.3,510.5,250.5
50,5530,184.333,498.5,244.5
50,5531,184.367,482.5,226.5
50,5532,184.4,470.5,210.5
50,5533,184.433,456.5,194.5
50,5536,184.533,486.5,182.5
50,5537,184.567,518.5,182.5
50,5538,184.6,552.5,188.5
50,5539,184.633,582.5,194.5
50,5540,184.667,616.5,204.5
50,5541,184.7,648.5,214.5
50,5542,184.733,682.5,228.5
50,5543,184.767,714.5,244.5
50,5544,184.8,746.5,262.5
50,5545,184.833,784.5,286.5
50,5546,184.867,808.5,302.5
50,5547,184.9,850.5,336.5
50,5548,184.933,880.5,336.5
50,5549,184.967,914.5,326.5
50,5550,185.0,950.5,324.5
50,5551,185.033,978.5,320.5
50,5552,185.067,932.5,298.5
50,5553,185.1,884.5,278.5
50,5554,185.133,842.5,262.5
50,5555,185.167,798.5,250.5
50,5556,185.2,756.5,242.5
50,5557,185.233,716.5,236.5
50,5558,185.267,678.5,232.5
50,5559,185.3,640.5,232.5
50,5560,185.333,610.5,234.5
50,5561,185.367,578.5,240.5
50,5562,185.4,544.5,246.5
50,5563,185.433,516.5,254.5
50,5564,185.467,488.5,266.5
50,5565,185.5,464.5,278.5
50,5566,185.533,438.5,276.5
50,5567,185.567,416.5,258.5
50,5568,185.6,394.5,244.5
50,5569,185.633,368.5,226.5
50,5570,185.667,350.5,222.5
50,5571,185.7,328.5,216.5
50,5572,185.733,310.5,212.5
50,5575,185.833,322.5,208.5
50,5576,185.867,346.5,206.5
50,5577,185.9,382.5,206.5
50,5578,185.933,414.5,212.5
50,5579,185.967,450.5,218.5
50,5580,186.0,482.5,232.5
50,5581,186.033,514.5,244.5
50,5582,186.067,558.5,262.5
50,5583,186.1,594.5,286.5
50,5584,186.133,622.5,304.5
50,5585,186.167,660.5,332.5
50,5586,186.2,692.5,358.5
50,5587,186.233,724.5,350.5
50,5588,186.267,758.5,338.5
50,5589,186.3,796.5,330.5
50,5590,186.333,832.5,328.5
50,5594,186.467,964.5,348.5
51,5600,186.667,940.5,316.5
51,5601,186.7,888.5,288.5
51,5602,186.733,844.5,270.5
51,5603,186.767,802.5,258.5
51,5604,186.8,764.5,246.5
51,5605,186.833,726.5,242.5
51,5606,186.867,692.5,240.5
51,5607,186.9,670.5,240.5
51,5608,186.933,634.5,244.5
51,5609,186.967,606.5,252.5
51,5610,187.0,578.5,260.5
51,5611,187.033,560.5,266.5
51,5612,187.067,538.5,280.5
51,5613,187.1,518.5,270.5
51,5614,187.133,504.5,250.5
51,5615,187.167,490.5,232.5
51,5616,187.2,480.5,218.5
51,5617,187.233,468.5,204.5
51,5618,187.267,454.5,194.5
51,5619,187.3,442.5,188.5
51,5620,187.333,432.5,182.5
51,5621,187.367,422.5,178.5
51,5623,187.433,442.5,176.5
51,5624,187.467,470.5,172.5
51,5625,187.5,496.5,170.5
51,5626,187.533,522.5,172.5
51,5627,187.567,550.5,174.5
51,5628,187.6,578.5,180.5
51,5629,187.633,608.5,188.5
51,5630,187.667,636.5,200.5
51,5631,187.7,668.5,216.5
51,5632,187.733,692.5,230.5
51,5633,187.767,722.5,248.5
51,5634,187.8,742.5,266.5
51,5635,187.833,772.5,290.5
51,5636,187.867,804.5,322.5
51,5637,187.9,824.5,336.5
51,5638,187.933,856.5,318.5
51,5639,187.967,876.5,310.5
51,5640,188.0,904.5,298.5
51,5641,188.033,928.5,294.5
51,5642,188.067,956.5,290.5
51,5643,188.1,980.5,290.5
51,5644,188.133,1006.5,292.5
51,5645,188.167,972.5,280.5
51,5646,188.2,904.5,264.5
51,5647,188.233,834.5,248.5
51,5648,188.267,768.5,238.5
51,5649,188.3,704.5,234.5
51,5650,188.333,648.5,230.5
51,5651,188.367,594.5,230.5
51,5652,188.4,548.5,238.5
51,5653,188.433,500.5,244.5
51,5654,188.467,460.5,254.5
51,5655,188.5,422.5,266.5
51,5656,188.533,390.5,266.5
51,5657,188.567,356.5,242.5
51,5658,188.6,326.5,222.5
51,5661,188.7,246.5,188.5
51,5663,188.767,74.5,176.5
52,5668,188.933,574.5,264.5
52,5669,188.967,620.5,280.5
52,5671,189.033,770.5,326.5
52,5673,189.1,928.5,310.5
52,5674,189.133,1000.5,314.5
52,5675,189.167,1052.5,318.5
52,5677,189.233,1196.5,338.5
52,5681,189.367,1188.5,176.5
53,5700,190.0,744.5,24.5
53,5701,190.033,728.5,46.5
53,5702,190.067,710.5,74.5
53,5703,190.1,696.5,100.5
53,5704,190.133,680.5,130.5
53,5705,190.167,670.5,148.5
53,5707,190.233,638.5,214.5
53,5709,190.3,614.5,258.5
53,5710,190.333,608.5,238.5
53,5711,190.367,604.5,212.5
53,5712,190.4,600.5,186.5
53,5713,190.433,594.5,164.5
53,5714,190.467,588.5,144.5
53,5715,190.5,584.5,122.5
53,5716,190.533,576.5,110.5
53,5717,190.567,574.5,98.5
53,5718,190.6,568.5,88.5
53,5719,190.633,564.5,80.5
53,5720,190.667,558.5,76.5
53,5721,190.7,554.5,72.5
53,5722,190.733,550.5,76.5
53,5723,190.767,546.5,80.5
53,5724,190.8,542.5,86.5
53,5725,190.833,538.5,96.5
53,5726,190.867,534.5,104.5
53,5727,190.9,532.5,118.5
53,5728,190.933,530.5,130.5
53,5729,190.967,526.5,150.5
53,5730,191.0,522.5,170.5
53,5731,191.033,520.5,186.5
53,5732,191.067,518.5,210.5
53,5733,191.1,516.5,230.5
53,5734,191.133,514.5,256.5
53,5735,191.167,508.5,244.5
53,5736,191.2,508.5,222.5
53,5737,191.233,504.5,202.5
53,5738,191.267,502.5,184.5
53,5739,191.3,498.5,168.5
53,5740,191.333,496.5,154.5
53,5741,191.367,494.5,146.5
53,5742,191.4,492.5,136.5
53,5743,191.433,488.5,130.5
53,5744,191.467,486.5,128.5
53,5745,191.5,486.5,128.5
53,5746,191.533,482.5,132.5
53,5747,191.567,482.5,134.5
53,5748,191.6,480.5,144.5
53,5749,191.633,480.5,152.5
53,5750,191.667,478.5,164.5
53,5751,191.7,476.5,176.5
53,5752,191.733,476.5,192.5
53,5753,191.767,478.5,190.5
53,5754,191.8,476.5,184.5
53,5755,191.833,472.5,184.5
53,5756,191.867,466.5,184.5
53,5758,191.933,450.5,184.5
53,5760,192.0,432.5,188.5
53,5761,192.033,422.5,186.5
53,5763,192.1,406.5,186.5
53,5764,192.133,398.5,186.5
54,5872,195.733,350.5,212.5
54,5873,195.767,348.5,216.5
54,5874,195.8,344.5,222.5
54,5875,195.833,340.5,226.5
54,5876,195.867,334.5,230.5
54,5877,195.9,328.5,234.5
54,5878,195.933,326.5,238.5
54,5879,195.967,318.5,242.5
54,5880,196.0,312.5,244.5
54,5881,196.033,308.5,246.5
54,5882,196.067,302.5,252.5
54,5883,196.1,300.5,252.5
54,5884,196.133,296.5,256.5
54,5885,196.167,292.5,256.5
54,5886,196.2,286.5,258.5
54,5887,196.233,284.5,260.5
54,5888,196.267,282.5,260.5
54,5889,196.3,280.5,264.5
54,5890,196.333,278.5,264.5
54,5891,196.367,278.5,266.5
54,5892,196.4,278.5,266.5
54,5893,196.433,278.5,268.5
54,5894,196.467,280.5,270.5
54,5895,196.5,278.5,272.5
54,5896,196.533,276.5,268.5
54,5897,196.567,272.5,260.5
54,5898,196.6,270.5,246.5
54,5899,196.633,266.5,230.5
54,5900,196.667,264.5,218.5
54,5901,196.7,260.5,206.5
54,5902,196.733,256.5,196.5
54,5903,196.767,254.5,192.5
54,5904,196.8,252.5,186.5
54,5905,196.833,250.5,184.5
54,5906,196.867,250.5,186.5
54,5907,196.9,250.5,192.5
54,5908,196.933,250.5,200.5
54,5909,196.967,248.5,208.5
54,5910,197.0,250.5,216.5
54,5911,197.033,254.5,228.5
54,5912,197.067,280.5,244.5
54,5914,197.133,352.5,286.5
54,5915,197.167,382.5,278.5
54,5916,197.2,412.5,276.5
54,5917,197.233,442.5,274.5
54,5918,197.267,474.5,276.5
54,5919,197.3,508.5,280.5
54,5920,197.333,540.5,290.5
54,5921,197.367,572.5,302.5
54,5922,197.4,604.5,314.5
54,5923,197.433,640.5,334.5
54,5924,197.467,672.5,352.5
54,5925,197.5,704.5,376.5
54,5926,197.533,746.5,404.5
54,5927,197.567,776.5,398.5
54,5928,197.6,814.5,392.5
54,5929,197.633,844.5,392.5
54,5930,197.667,882.5,392.5
54,5931,197.7,860.5,362.5
54,5932,197.733,818.5,322.5
54,5933,197.767,774.5,288.5
54,5934,197.8,730.5,254.5
54,5935,197.833,694.5,228.5
54,5936,197.867,660.5,208.5
54,5937,197.9,628.5,192.5
54,5938,197.933,598.5,180.5
54,5939,197.967,572.5,170.5
54,5940,198.0,546.5,164.5
54,5941,198.033,526.5,162.5
54,5942,198.067,502.5,162.5
54,5943,198.1,484.5,164.5
54,5944,198.133,466.5,168.5
54,5945,198.167,452.5,176.5
54,5946,198.2,438.5,184.5
54,5947,198.233,424.5,194.5
54,5948,198.267,410.5,206.5
54,5949,198.3,400.5,216.5
54,5950,198.333,392.5,230.5
54,5951,198.367,376.5,228.5
54,5952,198.4,372.5,210.5
54,5953,198.433,362.5,190.5
54,5954,198.467,354.5,174.5
54,5955,198.5,346.5,160.5
54,5956,198.533,338.5,150.5
54,5959,198.633,378.5,142.5
54,5960,198.667,414.5,146.5
54,5961,198.7,442.5,152.5
54,5962,198.733,476.5,164.5
54,5963,198.767,502.5,178.5
54,5964,198.8,532.5,190.5
54,5965,198.833,564.5,210.5
54,5966,198.867,594.5,230.5
54,5967,198.9,622.5,248.5
54,5968,198.933,644.5,272.5
54,5969,198.967,630.5,274.5
54,5971,199.033,614.5,260.5
54,5972,199.067,606.5,258.5
54,5973,199.1,598.5,254.5
54,5974,199.133,590.5,256.5
54,5975,199.167,582.5,256.5
54,5976,199.2,574.5,258.5
54,5977,199.233,568.5,254.5
54,5978,199.267,562.5,246.5
54,5979,199.3,558.5,244.5
54,5980,199.333,550.5,242.5
54,5981,199.367,544.5,244.5
54,5982,199.4,540.5,248.5
54,5983,199.433,534.5,246.5
54,5984,199.467,528.5,240.5
54,5985,199.5,524.5,236.5
54,5986,199.533,516.5,234.5
54,5987,199.567,512.5,234.5
54,5988,199.6,508.5,238.5
54,5989,199.633,502.5,238.5
54,5990,199.667,498.5,230.5
54,5991,199.7,492.5,228.5
54,5992,199.733,486.5,226.5
54,5993,199.767,482.5,228.5
54,5994,199.8,478.5,230.5
54,5995,199.833,472.5,230.5
54,5996,199.867,468.5,224.5
54,5997,199.9,464.5,222.5
54,5998,199.933,460.5,222.5
54,6000,200.0,450.5,224.5
54,6001,200.033,446.5,222.5
54,6002,200.067,442.5,216.5
54,6003,200.1,436.5,214.5
54,6004,200.133,434.5,214.5
54,6005,200.167,428.5,220.5
54,6008,200.267,418.5,226.5
54,6009,200.3,416.5,220.5
55,6116,203.867,422.5,128.5
55,6117,203.9,436.5,142.5
55,6118,203.933,450.5,156.5
55,6119,203.967,458.5,170.5
55,6121,204.033,498.5,234.5
55,6123,204.1,524.5,260.5
55,6124,204.133,538.5,242.5
55,6125,204.167,548.5,228.5
55,6126,204.2,558.5,216.5
55,6127,204.233,570.5,208.5
55,6128,204.267,582.5,202.5
55,6129,204.3,594.5,198.5
55,6130,204.333,608.5,194.5
55,6131,204.367,620.5,198.5
55,6132,204.4,632.5,202.5
55,6133,204.433,642.5,210.5
55,6134,204.467,658.5,218.5
55,6135,204.5,672.5,232.5
55,6136,204.533,684.5,248.5
55,6137,204.567,694.5,264.5
55,6138,204.6,706.5,280.5
56,6228,207.6,1038.5,506.5
56,6229,207.633,1044.5,508.5
56,6230,207.667,1050.5,506.5
56,6231,207.7,1052.5,508.5
56,6232,207.733,1054.5,510.5
56,6234,207.8,1054.5,516.5
56,6235,207.833,1054.5,522.5
56,6238,207.933,1040.5,528.5
57,6254,208.467,912.5,280.5
57,6255,208.5,914.5,270.5
57,6256,208.533,920.5,264.5
57,6257,208.567,924.5,258.5
57,6258,208.6,926.5,264.5
57,6259,208.633,926.5,272.5
57,6260,208.667,930.5,282.5
57,6261,208.7,930.5,296.5
57,6262,208.733,932.5,312.5
57,6263,208.767,932.5,330.5
57,6264,208.8,930.5,352.5
57,6265,208.833,928.5,374.5
57,6266,208.867,928.5,408.5
57,6268,208.933,846.5,418.5
57,6269,208.967,796.5,418.5
57,6270,209.0,748.5,418.5
57,6271,209.033,706.5,398.5
57,6272,209.067,672.5,368.5
57,6273,209.1,638.5,340.5
57,6274,209.133,610.5,320.5
57,6275,209.167,580.5,304.5
57,6276,209.2,554.5,292.5
57,6277,209.233,528.5,282.5
57,6278,209.267,504.5,278.5
57,6279,209.3,504.5,280.5
57,6280,209.333,482.5,276.5
57,6281,209.367,462.5,280.5
57,6282,209.4,442.5,282.5
57,6283,209.433,422.5,290.5
57,6284,209.467,406.5,296.5
57,6285,209.5,390.5,280.5
57,6286,209.533,374.5,266.5
57,6287,209.567,358.5,252.5
57,6288,209.6,346.5,242.5
57,6289,209.633,332.5,234.5
57,6290,209.667,318.5,230.5
57,6291,209.7,312.5,226.5
57,6292,209.733,336.5,214.5
57,6293,209.767,362.5,200.5
57,6294,209.8,388.5,188.5
57,6295,209.833,414.5,180.5
57,6296,209.867,442.5,174.5
57,6297,209.9,470.5,170.5
57,6298,209.933,498.5,170.5
57,6299,209.967,528.5,174.5
57,6300,210.0,556.5,178.5
57,6301,210.033,584.5,186.5
57,6302,210.067,612.5,196.5
57,6303,210.1,640.5,210.5
57,6304,210.133,670.5,226.5
57,6305,210.167,692.5,240.5
57,6306,210.2,722.5,262.5
57,6307,210.233,748.5,284.5
57,6308,210.267,774.5,306.5
57,6309,210.3,798.5,330.5
57,6310,210.333,816.5,324.5
57,6311,210.367,842.5,308.5
57,6312,210.4,864.5,294.5
57,6313,210.433,884.5,282.5
57,6314,210.467,906.5,274.5
57,6315,210.5,928.5,272.5
57,6316,210.533,950.5,266.5
57,6317,210.567,970.5,270.5
57,6318,210.6,988.5,272.5
57,6322,210.733,916.5,266.5
57,6326,210.867,590.5,194.5
57,6327,210.9,528.5,190.5
57,6328,210.933,470.5,188.5
57,6329,210.967,434.5,190.5
57,6330,211.0,394.5,196.5
57,6331,211.033,356.5,204.5
57,6333,211.1,302.5,224.5
57,6334,211.133,278.5,238.5
58,6357,211.9,626.5,440.5
58,6358,211.933,642.5,444.5
58,6359,211.967,656.5,448.5
58,6360,212.0,672.5,454.5
58,6361,212.033,684.5,458.5
58,6362,212.067,698.5,470.5
58,6363,212.1,712.5,472.5
58,6364,212.133,726.5,476.5
58,6365,212.167,742.5,482.5
58,6366,212.2,754.5,490.5
58,6367,212.233,768.5,500.5
58,6368,212.267,784.5,506.5
58,6369,212.3,796.5,512.5
58,6371,212.367,826.5,526.5
58,6372,212.4,840.5,534.5
58,6373,212.433,850.5,538.5
58,6375,212.5,886.5,554.5
58,6376,212.533,902.5,562.5
58,6377,212.567,918.5,568.5
58,6378,212.6,934.5,574.5
58,6379,212.633,950.5,580.5
58,6380,212.667,966.5,586.5
58,6381,212.7,982.5,594.5
58,6382,212.733,998.5,602.5
58,6383,212.767,1014.5,608.5
58,6384,212.8,1030.5,616.5
58,6385,212.833,1048.5,622.5
58,6388,212.933,1096.5,642.5
58,6389,212.967,1114.5,648.5
58,6390,213.0,1128.5,656.5
58,6391,213.033,1148.5,662.5
58,6395,213.167,1214.5,690.5
58,6396,213.2,1232.5,694.5
58,6397,213.233,1248.5,698.5
58,6398,213.267,1266.5,710.5
59,6457,215.233,1124.5,552.5
59,6458,215.267,1140.5,556.5
59,6459,215.3,1152.5,562.5
59,6460,215.333,1164.5,562.5
59,6461,215.367,1166.5,564.5
59,6462,215.4,1158.5,568.5
59,6463,215.433,1144.5,566.5
59,6464,215.467,1134.5,564.5
59,6465,215.5,1122.5,562.5
59,6466,215.533,1106.5,554.5
59,6467,215.567,1092.5,546.5
59,6468,215.6,1076.5,536.5
59,6469,215.633,1062.5,524.5
59,6470,215.667,1048.5,510.5
59,6471,215.7,1038.5,500.5
60,6503,216.767,1000.5,484.5
60,6504,216.8,1006.5,490.5
60,6505,216.833,1008.5,498.5
60,6506,216.867,1010.5,502.5
60,6507,216.9,1010.5,504.5
60,6508,216.933,1006.5,506.5
60,6509,216.967,1000.5,506.5
61,6515,217.167,928.5,426.5
61,6516,217.2,922.5,406.5
61,6519,217.3,918.5,324.5
61,6520,217.333,920.5,306.5
61,6521,217.367,924.5,292.5
61,6522,217.4,928.5,278.5
61,6523,217.433,928.5,270.5
61,6524,217.467,932.5,264.5
61,6525,217.5,936.5,262.5
61,6526,217.533,934.5,268.5
61,6527,217.567,936.5,276.5
61,6528,217.6,934.5,290.5
61,6529,217.633,934.5,302.5
61,6530,217.667,934.5,322.5
61,6531,217.7,930.5,342.5
61,6533,217.767,928.5,390.5
61,6534,217.8,922.5,422.5
61,6535,217.833,884.5,436.5
61,6536,217.867,834.5,436.5
61,6537,217.9,782.5,434.5
61,6538,217.933,738.5,412.5
61,6539,217.967,688.5,364.5
61,6540,218.0,654.5,334.5
61,6541,218.033,624.5,312.5
61,6542,218.067,592.5,290.5
61,6543,218.1,560.5,274.5
61,6544,218.133,534.5,264.5
61,6545,218.167,506.5,258.5
61,6546,218.2,484.5,252.5
61,6547,218.233,462.5,252.5
61,6548,218.267,442.5,254.5
61,6549,218.3,422.5,258.5
61,6550,218.333,406.5,266.5
61,6551,218.367,388.5,270.5
61,6552,218.4,374.5,254.5
61,6553,218.433,356.5,236.5
61,6554,218.467,342.5,222.5
61,6555,218.5,328.5,214.5
61,6556,218.533,338.5,202.5
61,6557,218.567,364.5,190.5
61,6558,218.6,390.5,182.5
61,6559,218.633,418.5,174.5
61,6560,218.667,448.5,168.5
61,6561,218.7,476.5,166.5
61,6562,218.733,502.5,168.5
61,6563,218.767,534.5,172.5
61,6564,218.8,564.5,178.5
61,6565,218.833,596.5,186.5
61,6566,218.867,626.5,198.5
61,6567,218.9,654.5,210.5
61,6568,218.933,688.5,228.5
61,6569,218.967,722.5,250.5
61,6570,219.0,748.5,268.5
61,6571,219.033,776.5,292.5
61,6572,219.067,816.5,326.5
61,6573,219.1,840.5,352.5
61,6574,219.133,868.5,378.5
61,6575,219.167,900.5,358.5
62,6581,219.367,918.5,272.5
62,6582,219.4,872.5,258.5
62,6583,219.433,822.5,246.5
62,6584,219.467,778.5,238.5
62,6585,219.5,738.5,234.5
62,6586,219.533,698.5,234.5
62,6587,219.567,670.5,234.5
62,6588,219.6,630.5,242.5
62,6589,219.633,596.5,250.5
62,6590,219.667,570.5,258.5
62,6591,219.7,546.5,270.5
62,6592,219.733,518.5,284.5
62,6593,219.767,496.5,278.5
62,6594,219.8,472.5,254.5
62,6595,219.833,452.5,238.5
62,6596,219.867,432.5,222.5
62,6597,219.9,410.5,210.5
62,6598,219.933,392.5,202.5
62,6599,219.967,376.5,196.5
62,6600,220.0,358.5,192.5
62,6601,220.033,344.5,190.5
62,6602,220.067,328.5,194.5
62,6603,220.1,338.5,188.5
62,6604,220.133,360.5,182.5
62,6606,220.2,412.5,180.5
62,6607,220.233,438.5,182.5
62,6608,220.267,464.5,184.5
62,6609,220.3,490.5,192.5
62,6610,220.333,526.5,204.5
62,6611,220.367,552.5,218.5
62,6612,220.4,582.5,234.5
62,6613,220.433,612.5,252.5
62,6614,220.467,638.5,274.5
62,6615,220.5,670.5,298.5
62,6616,220.533,698.5,324.5
62,6617,220.567,722.5,352.5
62,6618,220.6,750.5,366.5
62,6619,220.633,774.5,350.5
62,6620,220.667,802.5,338.5
62,6621,220.7,826.5,330.5
62,6622,220.733,850.5,326.5
62,6623,220.767,878.5,324.5
62,6624,220.8,908.5,326.5
62,6625,220.833,932.5,330.5
62,6626,220.867,960.5,340.5
63,6632,221.067,924.5,356.5
63,6633,221.1,870.5,336.5
63,6634,221.133,814.5,324.5
63,6635,221.167,738.5,294.5
63,6636,221.2,694.5,286.5
63,6637,221.233,642.5,278.5
63,6638,221.267,610.5,278.5
63,6639,221.3,568.5,278.5
63,6640,221.333,534.5,282.5
63,6641,221.367,504.5,286.5
63,6642,221.4,472.5,296.5
63,6643,221.433,444.5,278.5
63,6644,221.467,422.5,262.5
63,6645,221.5,398.5,244.5
63,6646,221.533,374.5,228.5
63,6647,221.567,356.5,218.5
63,6648,221.6,336.5,210.5
63,6649,221.633,318.5,208.5
63,6651,221.7,336.5,198.5
63,6652,221.733,362.5,194.5
63,6653,221.767,390.5,188.5
63,6654,221.8,418.5,188.5
63,6655,221.833,446.5,192.5
63,6656,221.867,478.5,196.5
63,6657,221.9,510.5,204.5
63,6658,221.933,542.5,214.5
63,6659,221.967,572.5,228.5
63,6660,222.0,602.5,244.5
63,6661,222.033,634.5,264.5
63,6662,222.067,658.5,278.5
63,6663,222.1,688.5,302.5
63,6664,222.133,716.5,322.5
63,6665,222.167,738.5,306.5
63,6666,222.2,770.5,294.5
63,6667,222.233,790.5,288.5
63,6668,222.267,816.5,278.5
63,6669,222.3,842.5,276.5
63,6670,222.333,866.5,276.5
63,6671,222.367,888.5,278.5
63,6672,222.4,912.5,282.5
63,6673,222.433,934.5,290.5
63,6674,222.467,960.5,300.5
63,6675,222.5,980.5,316.5
63,6676,222.533,996.5,330.5
63,6677,222.567,1008.5,344.5
63,6678,222.6,974.5,320.5
63,6679,222.633,918.5,284.5
63,6680,222.667,868.5,258.5
63,6681,222.7,824.5,238.5
63,6682,222.733,782.5,222.5
63,6683,222.767,744.5,212.5
63,6684,222.8,708.5,204.5
63,6685,222.833,674.5,198.5
63,6686,222.867,638.5,198.5
63,6687,222.9,602.5,198.5
63,6688,222.933,570.5,204.5
63,6689,222.967,542.5,210.5
63,6690,223.0,514.5,216.5
63,6691,223.033,484.5,230.5
63,6692,223.067,462.5,242.5
63,6693,223.1,440.5,252.5
63,6694,223.133,416.5,264.5
63,6695,223.167,398.5,250.5
63,6696,223.2,378.5,228.5
63,6697,223.233,358.5,214.5
63,6698,223.267,342.5,202.5
63,6699,223.3,326.5,192.5
63,6700,223.333,310.5,188.5
63,6702,223.4,336.5,172.5
63,6703,223.433,370.5,166.5
63,6704,223.467,398.5,166.5
63,6705,223.5,430.5,166.5
63,6706,223.533,464.5,170.5
63,6707,223.567,494.5,178.5
63,6708,223.6,530.5,188.5
63,6709,223.633,562.5,200.5
63,6710,223.667,596.5,216.5
63,6711,223.7,628.5,234.5
63,6712,223.733,654.5,250.5
63,6713,223.767,686.5,276.5
63,6714,223.8,686.5,276.5
63,6715,223.833,718.5,298.5
63,6716,223.867,756.5,332.5
63,6717,223.9,776.5,354.5
63,6718,223.933,802.5,338.5
63,6719,223.967,830.5,324.5
63,6720,224.0,858.5,316.5
63,6721,224.033,882.5,312.5
63,6722,224.067,908.5,308.5
63,6723,224.1,910.5,288.5
63,6724,224.133,870.5,262.5
63,6725,224.167,834.5,238.5
63,6726,224.2,800.5,220.5
63,6727,224.233,768.5,204.5
63,6728,224.267,734.5,194.5
63,6729,224.3,708.5,186.5
63,6730,224.333,680.5,178.5
63,6731,224.367,652.5,178.5
63,6732,224.4,632.5,178.5
63,6733,224.433,610.5,180.5
63,6734,224.467,590.5,186.5
63,6735,224.5,572.5,194.5
63,6736,224.533,554.5,202.5
63,6737,224.567,540.5,210.5
63,6738,224.6,526.5,224.5
63,6739,224.633,514.5,232.5
63,6740,224.667,500.5,238.5
63,6741,224.7,492.5,220.5
63,6742,224.733,480.5,198.5
63,6743,224.767,468.5,184.5
63,6744,224.8,460.5,170.5
63,6745,224.833,450.5,160.5
63,6746,224.867,442.5,152.5
63,6747,224.9,432.5,146.5
63,6750,225.0,494.5,148.5
63,6751,225.033,520.5,150.5
63,6752,225.067,548.5,160.5
63,6753,225.1,574.5,170.5
63,6754,225.133,598.5,182.5
63,6755,225.167,624.5,198.5
63,6756,225.2,646.5,212.5
63,6757,225.233,674.5,234.5
63,6758,225.267,700.5,258.5
63,6759,225.3,724.5,280.5
63,6760,225.333,750.5,310.5
63,6761,225.367,774.5,302.5
63,6762,225.4,794.5,294.5
63,6763,225.433,820.5,284.5
63,6764,225.467,844.5,278.5
63,6765,225.5,866.5,278.5
63,6766,225.533,890.5,278.5
63,6767,225.567,916.5,282.5
63,6768,225.6,936.5,290.5
63,6769,225.633,960.5,298.5
63,6770,225.667,930.5,282.5
63,6771,225.7,880.5,260.5
63,6772,225.733,840.5,244.5
63,6773,225.767,802.5,232.5
63,6774,225.8,762.5,224.5
63,6775,225.833,730.5,218.5
63,6776,225.867,696.5,216.5
63,6777,225.9,670.5,216.5
63,6778,225.933,634.5,220.5
63,6779,225.967,606.5,226.5
63,6780,226.0,578.5,232.5
63,6781,226.033,556.5,242.5
63,6782,226.067,534.5,252.5
63,6783,226.1,512.5,262.5
63,6784,226.133,490.5,266.5
63,6785,226.167,472.5,246.5
63,6786,226.2,454.5,230.5
63,6787,226.233,438.5,216.5
63,6788,226.267,422.5,202.5
63,6789,226.3,408.5,194.5
63,6790,226.333,392.5,188.5
63,6791,226.367,380.5,184.5
63,6792,226.4,368.5,182.5
63,6793,226.433,382.5,182.5
63,6794,226.467,412.5,182.5
63,6795,226.5,442.5,182.5
63,6796,226.533,468.5,188.5
63,6797,226.567,494.5,194.5
63,6798,226.6,528.5,206.5
63,6799,226.633,562.5,220.5
63,6800,226.667,594.5,234.5
63,6801,226.7,618.5,250.5
63,6802,226.733,646.5,268.5
63,6803,226.767,684.5,292.5
63,6804,226.8,712.5,314.5
63,6805,226.833,740.5,338.5
63,6806,226.867,770.5,332.5
63,6807,226.9,800.5,322.5
63,6808,226.933,832.5,316.5
63,6809,226.967,858.5,310.5
63,6810,227.0,886.5,312.5
63,6811,227.033,906.5,310.5
63,6812,227.067,850.5,286.5
63,6813,227.1,800.5,272.5
63,6814,227.133,752.5,260.5
63,6815,227.167,710.5,254.5
63,6816,227.2,676.5,250.5
63,6817,227.233,632.5,250.5
63,6818,227.267,594.5,250.5
63,6819,227.3,562.5,256.5
63,6820,227.333,528.5,262.5
63,6821,227.367,500.5,268.5
63,6822,227.4,472.5,278.5
63,6823,227.433,442.5,290.5
63,6824,227.467,420.5,278.5
63,6825,227.5,398.5,262.5
63,6826,227.533,374.5,246.5
63,6827,227.567,356.5,234.5
63,6828,227.6,334.5,228.5
63,6829,227.633,312.5,224.5
63,6830,227.667,294.5,222.5
63,6831,227.7,298.5,218.5
63,6832,227.733,326.5,210.5
63,6833,227.767,350.5,202.5
63,6834,227.8,374.5,202.5
63,6835,227.833,402.5,200.5
63,6836,227.867,428.5,204.5
63,6837,227.9,430.5,202.5
63,6838,227.933,512.5,230.5
63,6839,227.967,510.5,228.5
63,6840,228.0,542.5,240.5
63,6841,228.033,574.5,258.5
63,6842,228.067,604.5,278.5
63,6843,228.1,634.5,298.5
63,6844,228.133,658.5,316.5
63,6845,228.167,688.5,344.5
63,6846,228.2,714.5,372.5
63,6847,228.233,744.5,386.5
63,6848,228.267,772.5,370.5
63,6849,228.3,798.5,358.5
63,6850,228.333,822.5,352.5
63,6851,228.367,850.5,346.5
63,6852,228.4,818.5,312.5
63,6853,228.433,782.5,290.5
63,6854,228.467,738.5,258.5
63,6855,228.5,708.5,238.5
63,6856,228.533,676.5,224.5
63,6857,228.567,646.5,212.5
63,6858,228.6,618.5,204.5
63,6859,228.633,596.5,200.5
63,6860,228.667,572.5,198.5
63,6861,228.7,554.5,200.5
63,6862,228.733,536.5,202.5
63,6863,228.767,520.5,208.5
63,6864,228.8,506.5,216.5
63,6865,228.833,492.5,226.5
63,6866,228.867,482.5,234.5
63,6867,228.9,472.5,242.5
63,6868,228.933,458.5,224.5
63,6869,228.967,452.5,202.5
63,6870,229.0,444.5,186.5
63,6871,229.033,436.5,174.5
63,6872,229.067,430.5,162.5
63,6873,229.1,422.5,154.5
63,6876,229.2,470.5,144.5
63,6877,229.233,500.5,144.5
63,6878,229.267,526.5,148.5
63,6879,229.3,552.5,154.5
63,6880,229.333,578.5,164.5
63,6881,229.367,606.5,176.5
63,6882,229.4,630.5,190.5
63,6883,229.433,662.5,210.5
63,6884,229.467,692.5,234.5
63,6885,229.5,718.5,256.5
63,6886,229.533,742.5,282.5
63,6888,229.6,796.5,346.5
63,6889,229.633,826.5,356.5
63,6890,229.667,850.5,340.5
63,6891,229.7,884.5,332.5
63,6892,229.733,918.5,324.5
63,6893,229.767,892.5,306.5
63,6894,229.8,848.5,286.5
63,6895,229.833,798.5,268.5
63,6896,229.867,752.5,256.5
63,6897,229.9,710.5,244.5
63,6898,229.933,676.5,238.5
63,6899,229.967,634.5,234.5
63,6900,230.0,594.5,232.5
63,6901,230.033,560.5,234.5
63,6902,230.067,530.5,238.5
63,6903,230.1,496.5,244.5
63,6904,230.133,472.5,248.5
63,6905,230.167,446.5,258.5
63,6906,230.2,420.5,268.5
63,6907,230.233,394.5,280.5
63,6908,230.267,370.5,286.5
63,6909,230.3,344.5,266.5
63,6910,230.333,324.5,250.5
63,6911,230.367,304.5,234.5
63,6913,230.433,262.5,220.5
63,6915,230.5,232.5,210.5
63,6917,230.567,204.5,214.5
63,6920,230.667,382.5,222.5
63,6921,230.7,444.5,238.5
63,6922,230.733,508.5,258.5
63,6923,230.767,572.5,274.5
63,6924,230.8,634.5,302.5
63,6925,230.833,692.5,332.5
63,6926,230.867,748.5,342.5
63,6927,230.9,810.5,330.5
63,6928,230.933,880.5,328.5
63,6929,230.967,930.5,324.5
63,6930,231.0,986.5,324.5
63,6932,231.067,976.5,282.5
63,6933,231.1,928.5,246.5
63,6934,231.133,886.5,218.5
63,6935,231.167,844.5,194.5
63,6936,231.2,804.5,172.5
63,6937,231.233,770.5,156.5
63,6938,231.267,734.5,144.5
63,6939,231.3,702.5,134.5
63,6940,231.333,674.5,126.5
63,6941,231.367,642.5,124.5
63,6942,231.4,612.5,122.5
63,6943,231.433,582.5,124.5
63,6944,231.467,558.5,128.5
63,6945,231.5,532.5,134.5
63,6946,231.533,512.5,140.5
63,6947,231.567,492.5,150.5
63,6948,231.6,470.5,162.5
63,6949,231.633,454.5,172.5
63,6950,231.667,434.5,186.5
63,6951,231.7,416.5,200.5
63,6952,231.733,400.5,216.5
63,6953,231.767,388.5,234.5
63,6954,231.8,372.5,252.5
63,6956,231.867,342.5,212.5
63,6959,231.967,310.5,164.5
63,6960,232.0,298.5,154.5
63,6961,232.033,292.5,148.5
63,6962,232.067,278.5,138.5
63,6963,232.1,270.5,134.5
64,7063,235.433,90.5,608.5
64,7064,235.467,100.5,588.5
64,7066,235.533,118.5,560.5
64,7067,235.567,136.5,542.5
64,7068,235.6,118.5,562.5
64,7069,235.633,134.5,550.5
65,7375,245.833,626.5,308.5
65,7376,245.867,610.5,288.5
65,7377,245.9,596.5,270.5
65,7378,245.933,584.5,258.5
65,7379,245.967,574.5,250.5
65,7380,246.0,558.5,242.5
65,7381,246.033,546.5,240.5
65,7382,246.067,536.5,240.5
65,7383,246.1,524.5,242.5
65,7384,246.133,514.5,246.5
65,7385,246.167,506.5,254.5
65,7386,246.2,494.5,264.5
65,7387,246.233,478.5,290.5
65,7388,246.267,480.5,290.5
65,7389,246.3,470.5,304.5
65,7390,246.333,464.5,290.5
65,7391,246.367,454.5,270.5
65,7392,246.4,448.5,256.5
65,7393,246.433,440.5,242.5
65,7394,246.467,430.5,234.5
65,7395,246.5,426.5,226.5
65,7396,246.533,418.5,222.5
65,7397,246.567,412.5,220.5
65,7398,246.6,406.5,220.5
65,7399,246.633,400.5,224.5
65,7400,246.667,396.5,230.5
65,7401,246.7,392.5,238.5
65,7402,246.733,388.5,248.5
65,7403,246.767,384.5,260.5
65,7404,246.8,380.5,270.5
65,7405,246.833,374.5,260.5
65,7406,246.867,366.5,244.5
65,7407,246.9,358.5,232.5
65,7408,246.933,352.5,224.5
65,7409,246.967,348.5,216.5
65,7410,247.0,342.5,214.5
65,7411,247.033,338.5,212.5
65,7412,247.067,332.5,212.5
65,7413,247.1,328.5,214.5
65,7414,247.133,326.5,218.5
65,7415,247.167,322.5,224.5
65,7416,247.2,322.5,210.5
65,7417,247.233,324.5,194.5
65,7418,247.267,324.5,184.5
65,7419,247.3,324.5,174.5
65,7420,247.333,326.5,164.5
65,7421,247.367,328.5,160.5
65,7422,247.4,332.5,158.5
65,7423,247.433,332.5,158.5
65,7425,247.5,336.5,164.5
65,7426,247.533,344.5,170.5
65,7427,247.567,344.5,178.5
65,7428,247.6,360.5,184.5
65,7429,247.633,356.5,172.5
66,7445,248.167,348.5,230.5
66,7446,248.2,348.5,234.5
66,7447,248.233,340.5,234.5
66,7450,248.333,326.5,240.5
66,7451,248.367,318.5,242.5
66,7453,248.433,308.5,246.5
66,7454,248.467,302.5,250.5
66,7455,248.5,298.5,252.5
66,7456,248.533,294.5,252.5
66,7457,248.567,290.5,254.5
66,7458,248.6,286.5,254.5
66,7459,248.633,282.5,254.5
66,7460,248.667,280.5,254.5
66,7461,248.7,278.5,256.5
66,7462,248.733,276.5,256.5
66,7463,248.767,272.5,258.5
66,7464,248.8,272.5,258.5
66,7465,248.833,272.5,260.5
66,7466,248.867,270.5,262.5
66,7467,248.9,272.5,264.5
66,7468,248.933,272.5,268.5
66,7469,248.967,274.5,268.5
66,7470,249.0,276.5,270.5
66,7471,249.033,272.5,268.5
66,7472,249.067,270.5,260.5
66,7473,249.1,266.5,248.5
66,7474,249.133,264.5,232.5
66,7475,249.167,256.5,222.5
66,7476,249.2,250.5,204.5
66,7477,249.233,248.5,194.5
66,7478,249.267,246.5,190.5
66,7479,249.3,242.5,182.5
66,7480,249.333,240.5,182.5
66,7481,249.367,238.5,182.5
66,7482,249.4,238.5,188.5
66,7483,249.433,236.5,192.5
66,7484,249.467,236.5,202.5
66,7485,249.5,236.5,214.5
66,7486,249.533,236.5,222.5
66,7487,249.567,242.5,236.5
66,7489,249.633,350.5,278.5
66,7490,249.667,386.5,270.5
66,7491,249.7,418.5,262.5
66,7492,249.733,458.5,254.5
66,7493,249.767,494.5,252.5
66,7494,249.8,532.5,250.5
66,7495,249.833,572.5,248.5
66,7496,249.867,612.5,252.5
66,7497,249.9,648.5,258.5
66,7498,249.933,690.5,268.5
66,7499,249.967,724.5,278.5
66,7500,250.0,756.5,290.5
66,7501,250.033,792.5,306.5
66,7502,250.067,824.5,326.5
66,7503,250.1,860.5,314.5
66,7504,250.133,890.5,306.5
66,7505,250.167,922.5,298.5
66,7506,250.2,958.5,292.5
66,7507,250.233,934.5,274.5
66,7508,250.267,898.5,254.5
66,7509,250.3,858.5,234.5
66,7510,250.333,822.5,220.5
66,7511,250.367,782.5,208.5
66,7512,250.4,748.5,198.5
66,7513,250.433,712.5,192.5
66,7514,250.467,682.5,188.5
66,7515,250.5,648.5,186.5
66,7516,250.533,620.5,188.5
66,7517,250.567,594.5,192.5
66,7518,250.6,566.5,196.5
66,7519,250.633,540.5,204.5
66,7520,250.667,518.5,212.5
66,7521,250.7,492.5,226.5
66,7522,250.733,474.5,236.5
66,7523,250.767,452.5,246.5
66,7524,250.8,434.5,234.5
66,7525,250.833,416.5,212.5
66,7526,250.867,402.5,200.5
66,7527,250.9,392.5,182.5
66,7528,250.933,432.5,188.5
66,7529,250.967,468.5,188.5
66,7530,251.0,496.5,194.5
66,7531,251.033,536.5,200.5
66,7532,251.067,570.5,208.5
66,7533,251.1,608.5,220.5
66,7534,251.133,640.5,232.5
66,7535,251.167,678.5,250.5
66,7536,251.2,712.5,268.5
66,7537,251.233,744.5,286.5
66,7538,251.267,782.5,316.5
66,7539,251.3,818.5,330.5
66,7540,251.333,848.5,326.5
66,7541,251.367,884.5,322.5
66,7542,251.4,918.5,322.5
66,7543,251.433,954.5,324.5
66,7544,251.467,986.5,326.5
66,7545,251.5,1010.5,330.5
66,7546,251.533,966.5,304.5
66,7547,251.567,924.5,284.5
66,7548,251.6,882.5,264.5
66,7549,251.633,844.5,254.5
66,7550,251.667,810.5,244.5
66,7551,251.7,774.5,238.5
66,7552,251.733,742.5,238.5
66,7553,251.767,710.5,238.5
66,7554,251.8,682.5,240.5
66,7555,251.833,648.5,246.5
66,7556,251.867,630.5,252.5
66,7557,251.9,606.5,260.5
66,7558,251.933,582.5,272.5
66,7559,251.967,562.5,266.5
66,7560,252.0,546.5,252.5
66,7561,252.033,526.5,236.5
66,7562,252.067,510.5,226.5
66,7563,252.1,494.5,214.5
66,7564,252.133,478.5,206.5
66,7565,252.167,462.5,200.5
66,7566,252.2,450.5,200.5
66,7567,252.233,438.5,200.5
66,7568,252.267,448.5,202.5
66,7569,252.3,470.5,204.5
66,7570,252.333,506.5,210.5
66,7571,252.367,530.5,216.5
66,7572,252.4,558.5,228.5
66,7573,252.433,582.5,240.5
66,7574,252.467,614.5,256.5
66,7575,252.5,638.5,274.5
66,7576,252.533,668.5,294.5
66,7577,252.567,696.5,320.5
66,7578,252.6,734.5,356.5
66,7579,252.633,754.5,382.5
66,7580,252.667,784.5,380.5
66,7581,252.7,812.5,378.5
66,7582,252.733,842.5,378.5
66,7583,252.767,874.5,382.5
66,7584,252.8,840.5,356.5
66,7585,252.833,786.5,322.5
66,7586,252.867,738.5,288.5
66,7587,252.9,738.5,286.5
66,7588,252.933,694.5,262.5
66,7589,252.967,642.5,238.5
66,7590,253.0,610.5,224.5
66,7591,253.033,572.5,212.5
66,7592,253.067,538.5,202.5
66,7593,253.1,502.5,196.5
66,7594,253.133,470.5,194.5
66,7595,253.167,444.5,194.5
66,7596,253.2,416.5,196.5
66,7597,253.233,390.5,202.5
66,7598,253.267,370.5,210.5
66,7599,253.3,350.5,218.5
66,7600,253.333,328.5,234.5
66,7601,253.367,314.5,242.5
66,7602,253.4,296.5,260.5
66,7604,253.467,264.5,264.5
66,7605,253.5,256.5,248.5
66,7606,253.533,238.5,224.5
66,7607,253.567,218.5,200.5
66,7608,253.6,212.5,192.5
66,7609,253.633,198.5,182.5
66,7610,253.667,190.5,172.5
66,7611,253.7,178.5,168.5
66,7612,253.733,170.5,164.5
66,7613,253.767,160.5,164.5
66,7614,253.8,152.5,164.5
66,7615,253.833,148.5,166.5
66,7618,253.933,182.5,114.5
66,7621,254.033,446.5,146.5
66,7622,254.067,502.5,154.5
66,7623,254.1,558.5,166.5
66,7624,254.133,610.5,182.5
66,7625,254.167,674.5,204.5
66,7626,254.2,722.5,224.5
66,7627,254.233,774.5,248.5
66,7628,254.267,822.5,270.5
66,7629,254.3,884.5,312.5
66,7630,254.333,916.5,332.5
66,7631,254.367,976.5,378.5
66,7632,254.4,1012.5,410.5
66,7633,254.433,1052.5,450.5
66,7634,254.467,1080.5,474.5
66,7635,254.5,1120.5,526.5
66,7636,254.533,1152.5,570.5
66,7637,254.567,1200.5,578.5
67,7815,260.5,942.5,68.5
67,7816,260.533,902.5,80.5
67,7817,260.567,864.5,94.5
67,7818,260.6,818.5,116.5
67,7819,260.633,788.5,134.5
67,7820,260.667,754.5,156.5
67,7821,260.7,720.5,182.5
67,7822,260.733,692.5,206.5
67,7823,260.767,670.5,226.5
67,7824,260.8,640.5,256.5
67,7825,260.833,640.5,262.5
67,7826,260.867,644.5,272.5
67,7827,260.9,650.5,282.5
67,7828,260.933,652.5,290.5
67,7829,260.967,658.5,284.5
67,7830,261.0,664.5,280.5
67,7831,261.033,670.5,280.5
67,7832,261.067,676.5,280.5
67,7833,261.1,682.5,286.5
67,7834,261.133,686.5,290.5
67,7835,261.167,690.5,300.5
67,7836,261.2,696.5,310.5
67,7837,261.233,702.5,310.5
67,7838,261.267,708.5,304.5
67,7839,261.3,714.5,304.5
67,7840,261.333,720.5,306.5
67,7841,261.367,726.5,308.5
67,7842,261.4,732.5,314.5
67,7843,261.433,736.5,322.5
67,7844,261.467,742.5,330.5
67,7845,261.5,748.5,332.5
67,7846,261.533,754.5,328.5
67,7847,261.567,762.5,326.5
67,7848,261.6,768.5,328.5
67,7849,261.633,774.5,334.5
67,7850,261.667,780.5,340.5
67,7851,261.7,784.5,346.5
67,7852,261.733,790.5,354.5
67,7853,261.767,798.5,350.5
67,7854,261.8,802.5,348.5
67,7855,261.833,812.5,348.5
67,7856,261.867,816.5,352.5
67,7857,261.9,824.5,358.5
67,7858,261.933,828.5,368.5
67,7859,261.967,836.5,370.5
67,7860,262.0,842.5,368.5
67,7861,262.033,850.5,368.5
67,7862,262.067,856.5,368.5
67,7863,262.1,862.5,372.5
67,7864,262.133,868.5,382.5
67,7865,262.167,874.5,388.5
67,7866,262.2,880.5,388.5
67,7867,262.233,888.5,384.5
67,7868,262.267,896.5,388.5
67,7869,262.3,902.5,392.5
67,7871,262.367,910.5,388.5
67,7872,262.4,908.5,382.5
67,7873,262.433,908.5,370.5
67,7874,262.467,912.5,354.5
67,7875,262.5,916.5,346.5
67,7876,262.533,916.5,338.5
67,7877,262.567,918.5,328.5
67,7879,262.633,934.5,392.5
67,7880,262.667,934.5,388.5
67,7884,262.8,794.5,442.5
67,7885,262.833,798.5,442.5
68,7911,263.7,288.5,90.5
68,7912,263.733,292.5,88.5
68,7916,263.867,580.5,198.5
68,7917,263.9,562.5,174.5
68,7918,263.933,548.5,154.5
68,7919,263.967,530.5,136.5
68,7920,264.0,514.5,124.5
68,7921,264.033,498.5,120.5
68,7922,264.067,486.5,116.5
68,7923,264.1,474.5,120.5
68,7924,264.133,464.5,122.5
68,7925,264.167,454.5,130.5
68,7926,264.2,444.5,144.5
68,7927,264.233,436.5,154.5
68,7928,264.267,430.5,170.5
68,7929,264.3,422.5,186.5
68,7930,264.333,416.5,206.5
68,7931,264.367,410.5,228.5
68,7932,264.4,406.5,246.5
68,7933,264.433,404.5,262.5
68,7934,264.467,400.5,294.5
68,7935,264.5,394.5,282.5
68,7936,264.533,384.5,254.5
68,7937,264.567,376.5,226.5
68,7938,264.6,370.5,206.5
68,7939,264.633,362.5,184.5
68,7940,264.667,356.5,168.5
68,7941,264.7,350.5,154.5
68,7942,264.733,346.5,144.5
68,7943,264.767,338.5,134.5
68,7944,264.8,334.5,130.5
68,7945,264.833,330.5,128.5
68,7946,264.867,324.5,128.5
68,7947,264.9,322.5,130.5
68,7948,264.933,320.5,136.5
68,7949,264.967,316.5,144.5
68,7950,265.0,314.5,152.5
68,7951,265.033,314.5,162.5
69,8004,266.8,322.5,246.5
69,8005,266.833,318.5,248.5
69,8006,266.867,314.5,252.5
69,8007,266.9,308.5,254.5
69,8008,266.933,302.5,258.5
69,8009,266.967,298.5,258.5
69,8010,267.0,292.5,260.5
69,8011,267.033,288.5,258.5
69,8012,267.067,284.5,258.5
69,8013,267.1,282.5,260.5
69,8014,267.133,278.5,260.5
69,8015,267.167,274.5,262.5
69,8016,267.2,274.5,262.5
69,8017,267.233,272.5,262.5
69,8018,267.267,270.5,264.5
69,8019,267.3,270.5,266.5
69,8020,267.333,268.5,266.5
69,8021,267.367,270.5,270.5
69,8022,267.4,270.5,266.5
69,8023,267.433,270.5,272.5
69,8024,267.467,272.5,274.5
69,8025,267.5,272.5,274.5
69,8026,267.533,274.5,276.5
69,8027,267.567,274.5,274.5
69,8028,267.6,270.5,268.5
69,8029,267.633,266.5,258.5
69,8030,267.667,262.5,246.5
69,8031,267.7,258.5,232.5
69,8032,267.733,252.5,218.5
69,8033,267.767,252.5,208.5
69,8034,267.8,250.5,200.5
69,8035,267.833,248.5,194.5
69,8036,267.867,244.5,192.5
69,8037,267.9,242.5,192.5
69,8038,267.933,240.5,194.5
69,8039,267.967,242.5,198.5
69,8040,268.0,240.5,206.5
69,8041,268.033,242.5,212.5
69,8042,268.067,248.5,226.5
69,8045,268.167,334.5,284.5
69,8046,268.2,366.5,278.5
69,8047,268.233,398.5,276.5
69,8048,268.267,430.5,276.5
69,8049,268.3,462.5,276.5
69,8050,268.333,498.5,282.5
69,8051,268.367,538.5,292.5
69,8052,268.4,572.5,302.5
69,8053,268.433,612.5,318.5
69,8054,268.467,650.5,334.5
69,8055,268.5,676.5,350.5
69,8056,268.533,722.5,380.5
69,8057,268.567,762.5,396.5
69,8058,268.6,796.5,392.5
69,8059,268.633,832.5,388.5
69,8060,268.667,870.5,388.5
69,8061,268.7,868.5,374.5
69,8062,268.733,834.5,360.5
69,8063,268.767,774.5,336.5
69,8064,268.8,734.5,322.5
69,8065,268.833,696.5,308.5
69,8066,268.867,644.5,300.5
69,8067,268.9,646.5,296.5
69,8070,269.0,506.5,296.5
69,8071,269.033,472.5,300.5
69,8072,269.067,452.5,306.5
69,8073,269.1,418.5,316.5
69,8074,269.133,394.5,308.5
69,8075,269.167,370.5,288.5
69,8076,269.2,350.5,276.5
69,8077,269.233,326.5,262.5
69,8078,269.267,308.5,252.5
69,8080,269.333,270.5,244.5
69,8081,269.367,258.5,242.5
69,8082,269.4,244.5,242.5
69,8083,269.433,276.5,240.5
69,8084,269.467,300.5,240.5
69,8085,269.5,338.5,244.5
69,8086,269.533,382.5,246.5
69,8087,269.567,416.5,254.5
69,8088,269.6,456.5,266.5
69,8089,269.633,494.5,278.5
69,8090,269.667,536.5,298.5
69,8091,269.7,534.5,304.5
69,8092,269.733,572.5,300.5
69,8093,269.767,588.5,300.5
69,8094,269.8,602.5,306.5
69,8095,269.833,616.5,314.5
69,8096,269.867,630.5,322.5
69,8097,269.9,646.5,334.5
69,8098,269.933,662.5,348.5
69,8099,269.967,678.5,340.5
69,8100,270.0,692.5,332.5
69,8101,270.033,706.5,326.5
69,8102,270.067,722.5,324.5
69,8103,270.1,736.5,324.5
69,8104,270.133,750.5,326.5
69,8105,270.167,764.5,330.5
69,8106,270.2,776.5,338.5
69,8107,270.233,790.5,354.5
69,8108,270.267,804.5,362.5
69,8109,270.3,818.5,362.5
69,8110,270.333,832.5,354.5
69,8111,270.367,850.5,348.5
69,8112,270.4,866.5,344.5
69,8113,270.433,880.5,342.5
70,8154,271.8,384.5,226.5
70,8155,271.833,382.5,224.5
70,8156,271.867,378.5,224.5
70,8157,271.9,378.5,224.5
70,8158,271.933,376.5,222.5
70,8159,271.967,376.5,224.5
70,8161,272.033,376.5,222.5
70,8162,272.067,378.5,226.5
71,8355,278.5,194.5,158.5
71,8356,278.533,218.5,174.5
71,8357,278.567,248.5,196.5
71,8358,278.6,272.5,218.5
71,8359,278.633,298.5,244.5
71,8360,278.667,326.5,274.5
71,8361,278.7,350.5,294.5
71,8362,278.733,366.5,290.5
71,8363,278.767,380.5,268.5
71,8364,278.8,394.5,252.5
71,8365,278.833,408.5,236.5
71,8366,278.867,424.5,226.5
71,8367,278.9,440.5,218.5
71,8368,278.933,456.5,210.5
71,8369,278.967,472.5,208.5
71,8370,279.0,490.5,206.5
71,8371,279.033,506.5,210.5
71,8372,279.067,524.5,214.5
71,8373,279.1,540.5,226.5
71,8374,279.133,556.5,234.5
71,8375,279.167,572.5,246.5
71,8376,279.2,590.5,264.5
71,8377,279.233,602.5,282.5
71,8378,279.267,616.5,300.5
71,8379,279.3,632.5,326.5
71,8380,279.333,646.5,344.5
71,8381,279.367,660.5,328.5
71,8382,279.4,672.5,310.5
71,8383,279.433,686.5,294.5
71,8384,279.467,700.5,282.5
71,8385,279.5,712.5,276.5
71,8386,279.533,726.5,272.5
71,8387,279.567,738.5,270.5
71,8388,279.6,752.5,270.5
71,8389,279.633,764.5,272.5
71,8390,279.667,776.5,280.5
71,8391,279.7,786.5,290.5
71,8392,279.733,800.5,298.5
71,8393,279.767,816.5,314.5
71,8394,279.8,820.5,328.5
71,8395,279.833,828.5,346.5
71,8396,279.867,836.5,370.5
71,8397,279.9,850.5,372.5
71,8398,279.933,864.5,354.5
71,8399,279.967,878.5,340.5
71,8400,280.0,894.5,330.5
71,8401,280.033,906.5,322.5
71,8402,280.067,920.5,318.5
71,8403,280.1,934.5,314.5
71,8404,280.133,944.5,318.5
71,8405,280.167,958.5,320.5
71,8406,280.2,968.5,328.5
71,8407,280.233,978.5,338.5
71,8409,280.3,996.5,318.5
71,8410,280.333,1000.5,306.5
71,8411,280.367,1008.5,290.5
71,8412,280.4,1014.5,274.5
71,8413,280.433,1018.5,268.5
71,8414,280.467,1022.5,262.5
71,8415,280.5,1026.5,258.5
71,8416,280.533,1032.5,258.5
71,8417,280.567,1032.5,266.5
71,8418,280.6,1034.5,276.5
71,8419,280.633,1034.5,290.5
71,8420,280.667,1036.5,304.5
71,8421,280.7,1036.5,322.5
71,8422,280.733,1036.5,338.5
72,8445,281.5,972.5,410.5
72,8447,281.567,958.5,406.5
72,8448,281.6,958.5,408.5
72,8450,281.667,942.5,402.5
72,8451,281.7,940.5,400.5
72,8452,281.733,936.5,392.5
72,8453,281.767,934.5,386.5
72,8454,281.8,932.5,382.5
72,8455,281.833,930.5,376.5
72,8456,281.867,930.5,374.5
73,8468,282.267,942.5,312.5
73,8469,282.3,942.5,322.5
73,8470,282.333,940.5,330.5
73,8471,282.367,934.5,348.5
73,8472,282.4,930.5,358.5
74,8569,285.633,996.5,448.5
74,8570,285.667,994.5,452.5
74,8571,285.7,992.5,454.5
74,8572,285.733,992.5,460.5
74,8573,285.767,990.5,468.5
74,8574,285.8,990.5,472.5
74,8575,285.833,990.5,480.5
74,8576,285.867,990.5,482.5
74,8577,285.9,990.5,486.5
74,8578,285.933,992.5,486.5
74,8579,285.967,990.5,486.5
74,8580,286.0,988.5,484.5
74,8581,286.033,986.5,482.5
74,8582,286.067,984.5,482.5
74,8583,286.1,980.5,482.5
74,8584,286.133,978.5,482.5
74,8585,286.167,974.5,482.5
74,8586,286.2,968.5,480.5
74,8587,286.233,962.5,480.5
74,8588,286.267,958.5,480.5
75,8599,286.633,936.5,482.5
75,8600,286.667,936.5,484.5
75,8601,286.7,938.5,486.5
75,8602,286.733,942.5,488.5
75,8603,286.767,944.5,490.5
75,8604,286.8,946.5,490.5
75,8607,286.9,952.5,494.5
75,8610,287.0,958.5,500.5
75,8611,287.033,958.5,502.5
75,8612,287.067,958.5,504.5
75,8613,287.1,960.5,510.5
75,8614,287.133,964.5,518.5
75,8615,287.167,966.5,516.5
75,8616,287.2,970.5,526.5
75,8618,287.267,966.5,522.5
76,8623,287.433,920.5,460.5
76,8624,287.467,914.5,440.5
76,8625,287.5,904.5,420.5
76,8629,287.633,902.5,312.5
76,8630,287.667,904.5,296.5
76,8631,287.7,904.5,282.5
76,8632,287.733,908.5,274.5
76,8633,287.767,912.5,262.5
76,8634,287.8,912.5,258.5
76,8635,287.833,912.5,260.5
76,8636,287.867,912.5,272.5
76,8637,287.9,910.5,280.5
76,8638,287.933,912.5,294.5
76,8639,287.967,910.5,310.5
76,8640,288.0,908.5,330.5
76,8641,288.033,902.5,348.5
76,8642,288.067,902.5,370.5
76,8644,288.133,892.5,436.5
76,8645,288.167,854.5,440.5
76,8646,288.2,800.5,426.5
76,8647,288.233,756.5,408.5
76,8648,288.267,718.5,364.5
76,8649,288.3,688.5,334.5
76,8650,288.333,654.5,304.5
76,8651,288.367,626.5,282.5
76,8652,288.4,606.5,272.5
76,8653,288.433,574.5,258.5
76,8654,288.467,552.5,250.5
76,8655,288.5,530.5,246.5
76,8656,288.533,512.5,244.5
76,8657,288.567,494.5,244.5
76,8658,288.6,480.5,248.5
76,8659,288.633,462.5,248.5
76,8660,288.667,448.5,230.5
76,8661,288.7,432.5,216.5
76,8662,288.733,420.5,206.5
76,8663,288.767,412.5,198.5
76,8664,288.8,426.5,194.5
76,8665,288.833,468.5,190.5
76,8666,288.867,494.5,190.5
76,8667,288.9,528.5,194.5
76,8668,288.933,562.5,200.5
76,8669,288.967,592.5,210.5
76,8670,289.0,626.5,220.5
76,8671,289.033,650.5,228.5
76,8672,289.067,688.5,250.5
76,8673,289.1,718.5,268.5
76,8674,289.133,742.5,284.5
76,8675,289.167,778.5,312.5
76,8676,289.2,812.5,308.5
76,8677,289.233,836.5,306.5
76,8678,289.267,864.5,302.5
76,8679,289.3,896.5,300.5
76,8680,289.333,924.5,302.5
76,8681,289.367,956.5,310.5
76,8682,289.4,982.5,318.5
76,8684,289.467,932.5,286.5
76,8685,289.5,880.5,262.5
76,8686,289.533,836.5,246.5
76,8687,289.567,788.5,230.5
76,8688,289.6,748.5,222.5
76,8689,289.633,706.5,216.5
76,8690,289.667,672.5,214.5
76,8691,289.7,632.5,214.5
76,8692,289.733,596.5,218.5
76,8693,289.767,564.5,222.5
76,8694,289.8,534.5,232.5
76,8695,289.833,504.5,244.5
76,8696,289.867,482.5,252.5
76,8697,289.9,456.5,266.5
76,8698,289.933,432.5,270.5
76,8699,289.967,410.5,250.5
76,8700,290.0,388.5,232.5
76,8701,290.033,370.5,220.5
76,8704,290.133,312.5,192.5
76,8706,290.2,282.5,188.5
76,8707,290.233,266.5,188.5
76,8708,290.267,246.5,194.5
76,8709,290.3,240.5,198.5
76,8711,290.367,312.5,204.5
76,8712,290.4,360.5,206.5
76,8713,290.433,408.5,214.5
76,8714,290.467,452.5,228.5
76,8715,290.5,498.5,244.5
76,8716,290.533,550.5,266.5
76,8717,290.567,598.5,288.5
76,8718,290.6,646.5,314.5
76,8719,290.633,686.5,338.5
76,8720,290.667,736.5,338.5
76,8721,290.7,788.5,330.5
76,8722,290.733,838.5,328.5
76,8723,290.767,890.5,328.5
76,8724,290.8,942.5,332.5
76,8725,290.833,992.5,340.5
76,8726,290.867,1042.5,350.5
76,8727,290.9,1094.5,364.5
76,8728,290.933,1146.5,384.5
76,8729,290.967,1128.5,362.5
76,8730,291.0,1066.5,316.5
76,8731,291.033,1028.5,294.5
76,8732,291.067,986.5,274.5
76,8733,291.1,926.5,242.5
76,8734,291.133,882.5,226.5
76,8735,291.167,838.5,212.5
76,8736,291.2,796.5,200.5
76,8737,291.233,756.5,194.5
76,8738,291.267,722.5,190.5
76,8739,291.3,686.5,190.5
76,8740,291.333,648.5,194.5
76,8741,291.367,620.5,196.5
76,8742,291.4,590.5,202.5
76,8743,291.433,562.5,212.5
76,8744,291.467,534.5,224.5
76,8745,291.5,508.5,238.5
76,8746,291.533,486.5,248.5
76,8747,291.567,468.5,262.5
76,8748,291.6,444.5,282.5
76,8749,291.633,420.5,266.5
76,8750,291.667,406.5,250.5
76,8751,291.7,388.5,226.5
76,8752,291.733,372.5,212.5
76,8753,291.767,356.5,200.5
76,8754,291.8,342.5,190.5
76,8755,291.833,328.5,184.5
76,8756,291.867,314.5,178.5
76,8757,291.9,302.5,174.5
76,8760,292.0,274.5,182.5
76,8763,292.1,372.5,166.5
76,8765,292.167,446.5,172.5
76,8766,292.2,484.5,178.5
76,8767,292.233,524.5,188.5
76,8768,292.267,564.5,204.5
76,8769,292.3,602.5,222.5
76,8770,292.333,638.5,242.5
76,8771,292.367,682.5,266.5
76,8772,292.4,716.5,290.5
76,8773,292.433,754.5,320.5
76,8774,292.467,788.5,350.5
76,8775,292.5,830.5,382.5
76,8776,292.533,872.5,364.5
76,8777,292.567,914.5,354.5
76,8778,292.6,974.5,344.5
76,8779,292.633,1008.5,340.5
76,8780,292.667,1056.5,338.5
76,8782,292.733,1152.5,342.5
76,8783,292.767,1196.5,352.5
76,8784,292.8,1242.5,362.5
76,8787,292.9,1268.5,338.5
76,8789,292.967,1172.5,262.5
76,8791,293.033,1050.5,188.5
76,8793,293.1,924.5,134.5
76,8794,293.133,896.5,132.5
76,8795,293.167,862.5,126.5
76,8796,293.2,826.5,122.5
76,8797,293.233,790.5,124.5
76,8798,293.267,754.5,128.5
76,8799,293.3,720.5,134.5
76,8800,293.333,692.5,144.5
76,8801,293.367,670.5,152.5
76,8802,293.4,642.5,168.5
76,8803,293.433,618.5,184.5
76,8804,293.467,600.5,198.5
76,8805,293.5,578.5,220.5
76,8806,293.533,560.5,238.5
76,8807,293.567,542.5,258.5
76,8808,293.6,530.5,248.5
76,8809,293.633,520.5,226.5
76,8810,293.667,508.5,198.5
76,8811,293.7,496.5,176.5
76,8812,293.733,486.5,160.5
76,8813,293.767,478.5,146.5
76,8814,293.8,466.5,132.5
76,8815,293.833,458.5,122.5
76,8816,293.867,448.5,116.5
76,8817,293.9,440.5,114.5
76,8818,293.933,434.5,110.5
76,8819,293.967,426.5,116.5
76,8820,294.0,444.5,114.5
76,8821,294.033,466.5,112.5
76,8822,294.067,498.5,114.5
76,8823,294.1,528.5,118.5
76,8824,294.133,550.5,124.5
76,8825,294.167,580.5,136.5
76,8826,294.2,612.5,152.5
76,8827,294.233,640.5,166.5
76,8828,294.267,672.5,188.5
76,8829,294.3,692.5,202.5
76,8830,294.333,724.5,230.5
76,8831,294.367,752.5,254.5
76,8832,294.4,786.5,292.5
76,8833,294.433,800.5,306.5
76,8834,294.467,832.5,330.5
76,8835,294.5,862.5,314.5
76,8836,294.533,888.5,300.5
76,8837,294.567,914.5,290.5
76,8838,294.6,940.5,282.5
76,8839,294.633,970.5,276.5
76,8840,294.667,998.5,276.5
76,8841,294.7,1024.5,276.5
76,8842,294.733,1054.5,280.5
76,8843,294.767,1078.5,288.5
76,8844,294.8,1108.5,298.5
76,8845,294.833,1138.5,318.5
76,8848,294.933,1070.5,308.5
76,8849,294.967,1012.5,292.5
76,8850,295.0,954.5,278.5
76,8851,295.033,894.5,266.5
76,8852,295.067,842.5,260.5
76,8853,295.1,794.5,260.5
76,8854,295.133,748.5,260.5
76,8855,295.167,704.5,266.5
76,8856,295.2,676.5,272.5
76,8857,295.233,630.5,282.5
76,8858,295.267,602.5,294.5
76,8859,295.3,606.5,298.5
76,8860,295.333,610.5,302.5
76,8861,295.367,616.5,304.5
76,8862,295.4,620.5,302.5
76,8863,295.433,624.5,304.5
76,8864,295.467,628.5,310.5
76,8865,295.5,634.5,308.5
76,8866,295.533,638.5,308.5
76,8867,295.567,638.5,312.5
76,8868,295.6,642.5,314.5
76,8869,295.633,644.5,312.5
76,8870,295.667,648.5,314.5
76,8871,295.7,650.5,318.5
76,8872,295.733,654.5,318.5
76,8873,295.767,652.5,318.5
76,8874,295.8,654.5,322.5
76,8875,295.833,656.5,322.5
76,8876,295.867,658.5,322.5
76,8877,295.9,660.5,326.5
76,8878,295.933,662.5,324.5
76,8879,295.967,666.5,326.5
76,8880,296.0,662.5,326.5
76,8881,296.033,666.5,326.5
76,8882,296.067,668.5,328.5
76,8883,296.1,670.5,330.5
76,8884,296.133,670.5,330.5
76,8885,296.167,672.5,334.5
76,8886,296.2,674.5,334.5
76,8887,296.233,678.5,334.5
76,8888,296.267,680.5,336.5
76,8889,296.3,682.5,336.5
76,8890,296.333,684.5,336.5
76,8891,296.367,686.5,338.5
76,8892,296.4,688.5,340.5
76,8893,296.433,690.5,342.5
76,8894,296.467,692.5,342.5
76,8895,296.5,694.5,342.5
76,8896,296.533,698.5,342.5
76,8897,296.567,700.5,342.5
76,8898,296.6,702.5,344.5
76,8899,296.633,706.5,342.5
76,8900,296.667,706.5,344.5
76,8901,296.7,710.5,344.5
76,8902,296.733,716.5,344.5
76,8903,296.767,716.5,348.5
76,8904,296.8,718.5,350.5
76,8905,296.833,722.5,350.5
76,8906,296.867,726.5,350.5
76,8907,296.9,728.5,350.5
76,8908,296.933,730.5,350.5
76,8909,296.967,732.5,352.5
76,8910,297.0,734.5,352.5
76,8911,297.033,738.5,352.5
76,8912,297.067,740.5,352.5
76,8913,297.1,742.5,352.5
76,8914,297.133,746.5,352.5
76,8915,297.167,750.5,354.5
76,8916,297.2,752.5,354.5
76,8917,297.233,756.5,352.5
76,8918,297.267,760.5,354.5
76,8919,297.3,762.5,354.5
76,8920,297.333,764.5,352.5
77,8956,298.533,968.5,460.5
77,8957,298.567,972.5,466.5
77,8958,298.6,984.5,466.5
77,8959,298.633,988.5,466.5
77,8960,298.667,992.5,470.5
77,8961,298.7,998.5,470.5
77,8962,298.733,1000.5,470.5
77,8963,298.767,1004.5,472.5
77,8964,298.8,1004.5,476.5
77,8965,298.833,1006.5,478.5
77,8966,298.867,1008.5,480.5
77,8967,298.9,1008.5,484.5
77,8968,298.933,1010.5,486.5
77,8969,298.967,1008.5,490.5
77,8970,299.0,1008.5,494.5
77,8971,299.033,1008.5,494.5
77,8972,299.067,1006.5,496.5
77,8973,299.1,1004.5,496.5
77,8974,299.133,1000.5,496.5
77,8975,299.167,994.5,498.5
77,8976,299.2,988.5,498.5
77,8977,299.233,982.5,498.5
78,8990,299.667,904.5,270.5
78,8992,299.733,910.5,256.5
78,8993,299.767,914.5,254.5
78,8994,299.8,916.5,258.5
78,8995,299.833,916.5,266.5
78,8996,299.867,918.5,276.5
78,8997,299.9,918.5,292.5
78,8998,299.933,918.5,310.5
78,8999,299.967,914.5,330.5
78,9000,300.0,914.5,354.5
78,9002,300.067,908.5,404.5
78,9003,300.1,906.5,436.5
78,9004,300.133,884.5,456.5
78,9005,300.167,820.5,438.5
78,9006,300.2,774.5,426.5
78,9007,300.233,728.5,382.5
78,9008,300.267,694.5,350.5
78,9009,300.3,658.5,326.5
78,9010,300.333,630.5,306.5
78,9011,300.367,600.5,290.5
78,9012,300.4,574.5,278.5
78,9013,300.433,552.5,274.5
78,9014,300.467,530.5,268.5
78,9015,300.5,506.5,268.5
78,9016,300.533,488.5,274.5
78,9017,300.567,470.5,268.5
78,9018,300.6,454.5,250.5
78,9019,300.633,440.5,236.5
78,9020,300.667,424.5,226.5
78,9021,300.7,414.5,216.5
78,9023,300.767,398.5,202.5
78,9024,300.8,428.5,198.5
78,9025,300.833,452.5,192.5
78,9026,300.867,478.5,188.5
78,9027,300.9,502.5,188.5
78,9028,300.933,532.5,190.5
78,9029,300.967,556.5,196.5
78,9030,301.0,584.5,202.5
78,9031,301.033,610.5,212.5
78,9032,301.067,636.5,224.5
78,9033,301.1,670.5,242.5
78,9034,301.133,690.5,254.5
78,9035,301.167,718.5,276.5
78,9036,301.2,740.5,292.5
78,9037,301.233,768.5,320.5
78,9038,301.267,794.5,334.5
78,9039,301.3,816.5,322.5
78,9040,301.333,846.5,312.5
78,9041,301.367,868.5,308.5
78,9042,301.4,890.5,306.5
78,9043,301.433,916.5,304.5
78,9044,301.467,938.5,306.5
78,9045,301.5,966.5,314.5
78,9046,301.533,988.5,320.5
78,9047,301.567,960.5,298.5
78,9048,301.6,918.5,282.5
78,9049,301.633,864.5,258.5
78,9050,301.667,812.5,236.5
78,9051,301.7,768.5,224.5
78,9052,301.733,726.5,212.5
78,9053,301.767,684.5,206.5
78,9054,301.8,646.5,204.5
78,9055,301.833,612.5,202.5
78,9056,301.867,578.5,206.5
78,9057,301.9,548.5,210.5
78,9058,301.933,520.5,218.5
78,9059,301.967,494.5,228.5
78,9060,302.0,468.5,240.5
78,9061,302.033,444.5,254.5
78,9062,302.067,430.5,258.5
78,9063,302.1,406.5,234.5
78,9064,302.133,390.5,216.5
78,9065,302.167,372.5,200.5
78,9066,302.2,360.5,186.5
78,9068,302.267,308.5,166.5
78,9069,302.3,368.5,166.5
78,9070,302.333,404.5,162.5
78,9071,302.367,432.5,164.5
78,9072,302.4,464.5,166.5
78,9073,302.433,494.5,174.5
78,9074,302.467,528.5,182.5
78,9075,302.5,560.5,194.5
78,9076,302.533,592.5,208.5
78,9077,302.567,622.5,224.5
78,9078,302.6,644.5,238.5
78,9079,302.633,686.5,264.5
78,9080,302.667,710.5,282.5
78,9081,302.7,744.5,310.5
78,9082,302.733,770.5,322.5
78,9083,302.767,806.5,304.5
78,9084,302.8,822.5,300.5
78,9085,302.833,852.5,290.5
78,9086,302.867,878.5,284.5
78,9087,302.9,902.5,282.5
78,9088,302.933,934.5,284.5
78,9089,302.967,958.5,290.5
78,9090,303.0,984.5,294.5
78,9091,303.033,1010.5,306.5
78,9092,303.067,1034.5,316.5
78,9093,303.1,1058.5,332.5
78,9094,303.133,1076.5,346.5
78,9095,303.167,1000.5,300.5
78,9096,303.2,944.5,270.5
78,9097,303.233,892.5,244.5
78,9098,303.267,844.5,226.5
78,9099,303.3,798.5,212.5
78,9100,303.333,756.5,202.5
78,9101,303.367,712.5,196.5
78,9102,303.4,674.5,194.5
78,9103,303.433,638.5,196.5
78,9104,303.467,604.5,198.5
78,9105,303.5,568.5,206.5
78,9106,303.533,542.5,212.5
78,9107,303.567,512.5,226.5
78,9108,303.6,486.5,236.5
78,9109,303.633,464.5,250.5
78,9110,303.667,442.5,264.5
78,9111,303.7,422.5,250.5
78,9112,303.733,402.5,228.5
78,9113,303.767,384.5,210.5
78,9114,303.8,366.5,196.5
78,9115,303.833,346.5,184.5
78,9116,303.867,332.5,176.5
78,9118,303.933,320.5,162.5
78,9119,303.967,330.5,164.5
78,9120,304.0,356.5,162.5
78,9121,304.033,380.5,162.5
78,9122,304.067,404.5,166.5
78,9123,304.1,426.5,174.5
78,9124,304.133,452.5,186.5
78,9125,304.167,476.5,198.5
78,9126,304.2,502.5,216.5
78,9127,304.233,530.5,234.5
78,9128,304.267,554.5,258.5
78,9129,304.3,578.5,282.5
78,9130,304.333,598.5,302.5
78,9131,304.367,626.5,338.5
78,9132,304.4,654.5,366.5
78,9133,304.433,674.5,354.5
78,9134,304.467,694.5,342.5
78,9135,304.5,710.5,332.5
78,9136,304.533,734.5,326.5
78,9137,304.567,756.5,324.5
78,9138,304.6,778.5,324.5
78,9139,304.633,802.5,326.5
78,9140,304.667,822.5,334.5
78,9141,304.7,848.5,346.5
78,9142,304.733,866.5,360.5
78,9143,304.767,890.5,382.5
78,9144,304.8,908.5,398.5
78,9145,304.833,928.5,426.5
78,9147,304.9,812.5,322.5
78,9148,304.933,750.5,268.5
78,9149,304.967,710.5,240.5
78,9150,305.0,674.5,216.5
78,9151,305.033,628.5,190.5
78,9152,305.067,594.5,172.5
78,9153,305.1,562.5,158.5
78,9154,305.133,530.5,148.5
78,9155,305.167,502.5,140.5
78,9156,305.2,480.5,138.5
78,9157,305.233,454.5,140.5
78,9158,305.267,436.5,144.5
78,9159,305.3,418.5,150.5
78,9160,305.333,402.5,158.5
78,9161,305.367,386.5,168.5
78,9162,305.4,374.5,180.5
78,9163,305.433,362.5,194.5
78,9164,305.467,350.5,210.5
78,9165,305.5,344.5,226.5
78,9166,305.533,336.5,240.5
79,9178,305.933,286.5,268.5
79,9179,305.967,284.5,262.5
79,9180,306.0,282.5,258.5
79,9181,306.033,280.5,256.5
79,9182,306.067,278.5,256.5
79,9183,306.1,274.5,258.5
79,9184,306.133,276.5,262.5
79,9185,306.167,276.5,268.5
80,9243,308.1,384.5,162.5
80,9245,308.167,382.5,152.5
80,9246,308.2,382.5,146.5
80,9247,308.233,380.5,138.5
80,9250,308.333,478.5,258.5
80,9251,308.367,462.5,262.5
80,9253,308.433,358.5,226.5
80,9254,308.467,358.5,222.5
80,9255,308.5,358.5,218.5
81,9930,331.0,6.5,422.5
81,9931,331.033,12.5,416.5
81,9932,331.067,22.5,412.5
81,9933,331.1,30.5,406.5
81,9934,331.133,38.5,402.5
81,9935,331.167,56.5,398.5
81,9936,331.2,62.5,392.5
81,9937,331.233,70.5,386.5
81,9938,331.267,78.5,380.5
