track,frame,t_s,x_px,y_px
0,51,1.7,812.5,300.5
0,52,1.733,814.5,290.5
0,53,1.767,818.5,274.5
0,54,1.8,820.5,268.5
0,55,1.833,822.5,262.5
0,56,1.867,826.5,262.5
0,57,1.9,828.5,268.5
0,58,1.933,828.5,274.5
0,59,1.967,828.5,288.5
0,60,2.0,832.5,272.5
0,61,2.033,838.5,268.5
1,76,2.533,858.5,260.5
1,77,2.567,862.5,252.5
1,78,2.6,862.5,244.5
1,79,2.633,864.5,240.5
1,82,2.733,870.5,248.5
2,125,4.167,354.5,212.5
2,127,4.233,348.5,216.5
2,128,4.267,344.5,218.5
2,130,4.333,340.5,222.5
2,132,4.4,324.5,226.5
2,136,4.533,306.5,232.5
3,167,5.567,1048.5,264.5
3,168,5.6,1022.5,268.5
3,171,5.7,862.5,312.5
3,172,5.733,802.5,340.5
3,173,5.767,764.5,326.5
3,174,5.8,726.5,302.5
3,175,5.833,686.5,284.5
3,176,5.867,642.5,270.5
3,177,5.9,618.5,264.5
3,178,5.933,578.5,256.5
3,179,5.967,552.5,250.5
3,180,6.0,514.5,252.5
3,181,6.033,482.5,252.5
3,182,6.067,450.5,258.5
3,183,6.1,426.5,264.5
3,184,6.133,396.5,274.5
3,185,6.167,372.5,282.5
3,187,6.233,326.5,280.5
3,190,6.333,258.5,250.5
3,192,6.4,220.5,244.5
3,193,6.433,206.5,242.5
3,196,6.533,204.5,226.5
3,197,6.567,272.5,222.5
3,198,6.6,310.5,214.5
3,199,6.633,360.5,214.5
3,200,6.667,356.5,214.5
3,201,6.7,394.5,212.5
3,202,6.733,430.5,212.5
3,203,6.767,476.5,224.5
3,204,6.8,510.5,230.5
3,205,6.833,548.5,244.5
3,206,6.867,584.5,258.5
3,207,6.9,624.5,276.5
3,208,6.933,656.5,292.5
3,209,6.967,698.5,322.5
3,210,7.0,730.5,338.5
3,211,7.033,758.5,320.5
3,212,7.067,804.5,302.5
3,213,7.1,828.5,296.5
3,214,7.133,864.5,288.5
3,215,7.167,894.5,282.5
3,216,7.2,926.5,280.5
3,217,7.233,954.5,282.5
3,218,7.267,996.5,288.5
3,219,7.3,940.5,272.5
3,220,7.333,892.5,260.5
3,221,7.367,834.5,252.5
3,222,7.4,782.5,244.5
3,223,7.433,734.5,240.5
3,224,7.467,686.5,238.5
3,225,7.5,640.5,236.5
3,226,7.533,602.5,238.5
3,227,7.567,564.5,242.5
3,228,7.6,526.5,248.5
3,229,7.633,494.5,254.5
3,230,7.667,460.5,262.5
3,231,7.7,426.5,264.5
3,232,7.733,396.5,250.5
3,233,7.767,370.5,236.5
3,234,7.8,342.5,226.5
3,235,7.833,318.5,216.5
3,237,7.9,310.5,206.5
3,238,7.933,332.5,202.5
3,239,7.967,364.5,204.5
3,240,8.0,394.5,206.5
3,241,8.033,424.5,210.5
3,242,8.067,458.5,218.5
3,243,8.1,490.5,228.5
3,244,8.133,520.5,240.5
3,245,8.167,566.5,258.5
3,246,8.2,594.5,272.5
3,247,8.233,620.5,290.5
3,248,8.267,656.5,326.5
3,249,8.3,694.5,348.5
3,250,8.333,728.5,374.5
3,251,8.367,754.5,376.5
3,252,8.4,794.5,370.5
3,253,8.433,828.5,368.5
3,254,8.467,860.5,370.5
3,255,8.5,900.5,376.5
3,256,8.533,860.5,348.5
3,257,8.567,832.5,336.5
3,258,8.6,800.5,322.5
3,259,8.633,762.5,308.5
3,260,8.667,732.5,300.5
3,261,8.7,698.5,292.5
3,262,8.733,678.5,292.5
3,263,8.767,650.5,292.5
3,264,8.8,626.5,296.5
3,265,8.833,594.5,302.5
3,266,8.867,576.5,306.5
3,267,8.9,570.5,316.5
3,268,8.933,576.5,314.5
3,269,8.967,582.5,310.5
3,270,9.0,588.5,308.5
3,271,9.033,594.5,308.5
3,272,9.067,600.5,312.5
3,273,9.1,606.5,320.5
3,274,9.133,610.5,326.5
3,275,9.167,618.5,326.5
3,276,9.2,620.5,320.5
3,277,9.233,626.5,320.5
3,278,9.267,632.5,320.5
3,279,9.3,640.5,324.5
3,280,9.333,644.5,330.5
3,281,9.367,648.5,338.5
3,282,9.4,654.5,332.5
3,283,9.433,660.5,330.5
3,284,9.467,666.5,330.5
3,285,9.5,672.5,334.5
3,286,9.533,676.5,338.5
3,287,9.567,682.5,346.5
3,288,9.6,688.5,342.5
3,289,9.633,692.5,340.5
3,290,9.667,698.5,340.5
3,291,9.7,704.5,342.5
3,292,9.733,710.5,348.5
3,293,9.767,714.5,354.5
3,294,9.8,720.5,350.5
3,295,9.833,722.5,348.5
3,296,9.867,730.5,350.5
3,297,9.9,734.5,352.5
3,298,9.933,738.5,360.5
3,299,9.967,744.5,360.5
3,300,10.0,750.5,358.5
3,301,10.033,754.5,358.5
3,302,10.067,760.5,360.5
3,303,10.1,764.5,364.5
3,304,10.133,770.5,368.5
3,305,10.167,774.5,366.5
3,306,10.2,780.5,366.5
3,307,10.233,786.5,368.5
3,308,10.267,790.5,376.5
3,309,10.3,794.5,376.5
3,310,10.333,800.5,374.5
3,311,10.367,806.5,376.5
3,312,10.4,810.5,378.5
3,313,10.433,814.5,384.5
3,314,10.467,820.5,384.5
3,315,10.5,824.5,382.5
3,316,10.533,830.5,384.5
3,317,10.567,834.5,390.5
3,318,10.6,840.5,392.5
3,319,10.633,844.5,390.5
3,320,10.667,852.5,390.5
3,321,10.7,852.5,386.5
3,322,10.733,852.5,384.5
3,323,10.767,852.5,382.5
3,324,10.8,850.5,380.5
3,325,10.833,852.5,380.5
3,326,10.867,852.5,382.5
3,327,10.9,854.5,384.5
3,328,10.933,854.5,386.5
3,329,10.967,856.5,388.5
3,330,11.0,858.5,392.5
3,331,11.033,858.5,392.5
3,332,11.067,860.5,394.5
3,333,11.1,862.5,396.5
3,334,11.133,864.5,396.5
3,335,11.167,864.5,396.5
3,336,11.2,864.5,398.5
3,337,11.233,864.5,400.5
3,338,11.267,864.5,400.5
3,339,11.3,864.5,402.5
3,340,11.333,864.5,402.5
3,341,11.367,864.5,402.5
3,342,11.4,862.5,402.5
3,343,11.433,864.5,402.5
3,344,11.467,864.5,402.5
3,345,11.5,864.5,402.5
3,346,11.533,866.5,400.5
3,347,11.567,866.5,398.5
3,348,11.6,870.5,396.5
3,349,11.633,872.5,392.5
3,350,11.667,876.5,388.5
3,351,11.7,880.5,384.5
4,386,12.867,324.5,232.5
4,388,12.933,338.5,230.5
4,390,13.0,344.5,218.5
4,391,13.033,342.5,222.5
4,392,13.067,340.5,218.5
4,395,13.167,328.5,216.5
4,398,13.267,320.5,218.5
5,403,13.433,702.5,328.5
5,404,13.467,688.5,286.5
5,405,13.5,632.5,274.5
5,406,13.533,690.5,284.5
5,408,13.6,526.5,260.5
5,409,13.633,490.5,262.5
5,410,13.667,454.5,268.5
5,411,13.7,422.5,274.5
5,412,13.733,394.5,280.5
5,413,13.767,364.5,290.5
5,414,13.8,334.5,274.5
5,415,13.833,302.5,262.5
5,416,13.867,276.5,254.5
5,417,13.9,252.5,250.5
5,421,14.033,196.5,240.5
5,423,14.1,272.5,226.5
5,424,14.133,306.5,222.5
5,425,14.167,352.5,224.5
5,426,14.2,382.5,224.5
5,427,14.233,420.5,230.5
5,428,14.267,460.5,240.5
5,429,14.3,494.5,248.5
5,430,14.333,540.5,264.5
5,431,14.367,564.5,278.5
5,432,14.4,620.5,310.5
5,433,14.433,650.5,328.5
5,434,14.467,694.5,370.5
5,435,14.5,722.5,362.5
5,436,14.533,766.5,346.5
5,437,14.567,798.5,338.5
5,438,14.6,838.5,328.5
5,439,14.633,884.5,324.5
5,440,14.667,914.5,324.5
5,441,14.7,958.5,326.5
5,442,14.733,994.5,334.5
5,445,14.833,1018.5,312.5
5,446,14.867,1000.5,300.5
5,448,14.933,866.5,226.5
5,449,14.967,814.5,198.5
5,450,15.0,764.5,178.5
5,451,15.033,720.5,162.5
5,452,15.067,684.5,150.5
5,453,15.1,632.5,140.5
5,454,15.133,592.5,134.5
5,455,15.167,558.5,130.5
5,456,15.2,518.5,130.5
5,457,15.233,482.5,132.5
5,458,15.267,450.5,136.5
5,459,15.3,420.5,142.5
5,460,15.333,396.5,150.5
5,461,15.367,364.5,162.5
5,462,15.4,338.5,174.5
5,463,15.433,310.5,192.5
5,464,15.467,294.5,204.5
5,465,15.5,270.5,222.5
5,466,15.533,246.5,244.5
5,467,15.567,232.5,258.5
5,468,15.6,212.5,282.5
5,469,15.633,202.5,298.5
5,470,15.667,184.5,322.5
5,471,15.7,170.5,344.5
5,472,15.733,158.5,366.5
5,474,15.8,134.5,404.5
5,475,15.833,122.5,394.5
5,476,15.867,110.5,378.5
5,477,15.9,96.5,368.5
5,478,15.933,84.5,356.5
5,479,15.967,74.5,348.5
5,481,16.033,58.5,340.5
6,486,16.2,100.5,380.5
6,487,16.233,102.5,362.5
6,488,16.267,108.5,346.5
6,489,16.3,114.5,330.5
6,490,16.333,118.5,314.5
7,517,17.233,274.5,238.5
7,520,17.333,292.5,214.5
7,522,17.4,308.5,202.5
7,523,17.433,320.5,202.5
7,524,17.467,330.5,202.5
7,525,17.5,342.5,204.5
7,526,17.533,352.5,206.5
7,527,17.567,362.5,206.5
7,528,17.6,370.5,210.5
7,530,17.667,384.5,216.5
7,531,17.7,390.5,216.5
7,532,17.733,396.5,216.5
7,533,17.767,398.5,224.5
7,534,17.8,400.5,224.5
7,535,17.833,402.5,226.5
7,536,17.867,406.5,226.5
8,587,19.567,392.5,226.5
8,589,19.633,378.5,226.5
8,590,19.667,372.5,226.5
8,591,19.7,368.5,226.5
8,592,19.733,362.5,226.5
8,593,19.767,358.5,226.5
8,594,19.8,354.5,228.5
8,595,19.833,350.5,230.5
8,596,19.867,346.5,226.5
8,598,19.933,340.5,232.5
8,601,20.033,324.5,234.5
8,602,20.067,324.5,236.5
8,604,20.133,314.5,244.5
8,606,20.2,306.5,246.5
8,607,20.233,300.5,246.5
8,608,20.267,296.5,250.5
8,609,20.3,294.5,252.5
8,610,20.333,290.5,252.5
8,611,20.367,286.5,252.5
8,612,20.4,284.5,254.5
9,622,20.733,276.5,244.5
9,623,20.767,268.5,222.5
9,625,20.833,262.5,200.5
9,626,20.867,260.5,194.5
9,627,20.9,256.5,184.5
9,628,20.933,254.5,182.5
9,629,20.967,252.5,180.5
9,630,21.0,252.5,180.5
9,631,21.033,250.5,182.5
9,632,21.067,250.5,190.5
9,633,21.1,250.5,196.5
9,634,21.133,252.5,208.5
9,635,21.167,250.5,216.5
9,636,21.2,254.5,232.5
9,637,21.233,268.5,244.5
9,638,21.267,262.5,238.5
9,639,21.3,318.5,274.5
9,641,21.367,382.5,266.5
9,642,21.4,412.5,262.5
9,643,21.433,446.5,260.5
9,644,21.467,480.5,260.5
9,645,21.5,510.5,266.5
9,646,21.533,554.5,272.5
9,647,21.567,596.5,286.5
9,648,21.6,622.5,294.5
9,649,21.633,658.5,308.5
9,650,21.667,698.5,332.5
9,651,21.7,730.5,354.5
9,652,21.733,768.5,356.5
9,653,21.767,798.5,346.5
9,654,21.8,830.5,342.5
9,655,21.833,864.5,342.5
9,656,21.867,878.5,340.5
9,657,21.9,882.5,318.5
9,658,21.933,862.5,300.5
9,659,21.967,830.5,272.5
9,660,22.0,802.5,254.5
9,661,22.033,780.5,240.5
9,662,22.067,758.5,228.5
9,663,22.1,732.5,218.5
9,664,22.133,714.5,212.5
9,665,22.167,690.5,210.5
9,666,22.2,672.5,208.5
9,667,22.233,646.5,210.5
9,668,22.267,630.5,216.5
9,669,22.3,612.5,222.5
9,670,22.333,596.5,230.5
9,671,22.367,582.5,240.5
9,672,22.4,566.5,252.5
9,673,22.433,554.5,262.5
9,674,22.467,538.5,276.5
9,675,22.5,528.5,258.5
9,676,22.533,516.5,240.5
9,677,22.567,508.5,226.5
9,678,22.6,498.5,212.5
9,679,22.633,488.5,202.5
9,680,22.667,480.5,194.5
9,681,22.7,472.5,188.5
9,682,22.733,462.5,184.5
9,683,22.767,430.5,194.5
9,684,22.8,508.5,212.5
9,685,22.833,536.5,230.5
9,686,22.867,558.5,246.5
9,687,22.9,592.5,272.5
9,688,22.933,620.5,300.5
9,689,22.967,650.5,330.5
9,690,23.0,684.5,374.5
9,691,23.033,708.5,378.5
9,693,23.1,782.5,384.5
9,694,23.133,812.5,390.5
9,695,23.167,844.5,404.5
9,697,23.233,802.5,356.5
9,698,23.267,756.5,324.5
9,700,23.333,678.5,274.5
9,701,23.367,642.5,254.5
9,702,23.4,614.5,242.5
9,703,23.433,586.5,228.5
9,704,23.467,564.5,224.5
9,705,23.5,540.5,220.5
9,706,23.533,520.5,218.5
9,707,23.567,502.5,220.5
9,708,23.6,486.5,224.5
9,709,23.633,474.5,228.5
9,710,23.667,458.5,234.5
9,711,23.7,450.5,244.5
9,712,23.733,440.5,236.5
9,713,23.767,428.5,214.5
9,714,23.8,422.5,202.5
9,715,23.833,412.5,184.5
9,716,23.867,408.5,174.5
9,717,23.9,396.5,166.5
9,718,23.933,406.5,160.5
9,719,23.967,414.5,154.5
9,720,24.0,448.5,158.5
9,721,24.033,468.5,160.5
9,722,24.067,488.5,164.5
9,723,24.1,516.5,172.5
9,724,24.133,544.5,182.5
9,725,24.167,570.5,194.5
9,726,24.2,596.5,210.5
9,727,24.233,626.5,226.5
9,728,24.267,650.5,244.5
9,729,24.3,684.5,270.5
9,730,24.333,714.5,298.5
9,731,24.367,740.5,324.5
9,732,24.4,776.5,366.5
9,733,24.433,804.5,364.5
9,734,24.467,836.5,358.5
9,735,24.5,868.5,354.5
9,736,24.533,904.5,352.5
9,738,24.6,886.5,322.5
9,739,24.633,836.5,304.5
9,740,24.667,786.5,288.5
9,741,24.7,738.5,272.5
9,742,24.733,690.5,260.5
9,743,24.767,642.5,254.5
9,744,24.8,604.5,250.5
9,745,24.833,572.5,250.5
9,746,24.867,532.5,250.5
9,747,24.9,502.5,254.5
9,748,24.933,466.5,260.5
9,749,24.967,438.5,268.5
9,750,25.0,414.5,278.5
9,751,25.033,388.5,288.5
9,752,25.067,362.5,264.5
9,753,25.1,342.5,252.5
9,754,25.133,322.5,236.5
9,755,25.167,300.5,222.5
9,756,25.2,278.5,212.5
9,758,25.267,120.5,232.5
9,760,25.333,210.5,206.5
9,761,25.367,196.5,208.5
9,762,25.4,218.5,192.5
9,763,25.433,232.5,178.5
9,765,25.5,410.5,202.5
9,766,25.533,470.5,208.5
9,767,25.567,516.5,216.5
9,768,25.6,578.5,230.5
9,769,25.633,636.5,244.5
9,770,25.667,690.5,266.5
9,771,25.7,752.5,290.5
9,773,25.767,866.5,350.5
9,774,25.8,932.5,330.5
9,775,25.833,986.5,320.5
9,776,25.867,1034.5,312.5
9,778,25.933,1002.5,268.5
9,779,25.967,944.5,242.5
9,780,26.0,898.5,224.5
9,781,26.033,846.5,206.5
9,783,26.1,754.5,180.5
9,784,26.133,710.5,172.5
9,785,26.167,672.5,164.5
9,786,26.2,626.5,162.5
9,787,26.233,588.5,162.5
9,788,26.267,556.5,162.5
9,789,26.3,514.5,166.5
9,790,26.333,480.5,172.5
9,791,26.367,448.5,180.5
9,792,26.4,418.5,190.5
9,793,26.433,392.5,202.5
9,794,26.467,364.5,214.5
9,795,26.5,338.5,228.5
9,796,26.533,306.5,244.5
9,797,26.567,288.5,260.5
9,798,26.6,264.5,278.5
9,799,26.633,232.5,308.5
9,801,26.7,194.5,344.5
9,802,26.733,184.5,362.5
9,803,26.767,170.5,382.5
9,805,26.833,130.5,428.5
9,806,26.867,116.5,418.5
9,807,26.9,104.5,402.5
9,808,26.933,92.5,392.5
9,809,26.967,82.5,384.5
9,810,27.0,70.5,376.5
9,811,27.033,60.5,372.5
10,816,27.2,76.5,412.5
10,819,27.3,188.5,296.5
10,820,27.333,180.5,296.5
10,821,27.367,174.5,298.5
10,822,27.4,102.5,346.5
11,864,28.8,144.5,184.5
11,865,28.833,144.5,174.5
11,868,28.933,166.5,140.5
11,869,28.967,180.5,138.5
11,870,29.0,188.5,146.5
11,871,29.033,202.5,158.5
11,875,29.167,222.5,136.5
11,876,29.2,222.5,122.5
11,879,29.3,246.5,128.5
11,880,29.333,252.5,140.5
12,889,29.633,286.5,136.5
12,892,29.733,300.5,362.5
12,894,29.8,234.5,216.5
12,895,29.833,240.5,212.5
12,896,29.867,320.5,178.5
12,900,30.0,278.5,198.5
13,968,32.267,428.5,216.5
13,969,32.3,422.5,212.5
13,973,32.433,406.5,208.5
13,974,32.467,402.5,208.5
13,975,32.5,398.5,210.5
13,976,32.533,392.5,212.5
14,981,32.7,360.5,228.5
14,982,32.733,352.5,230.5
14,983,32.767,346.5,232.5
14,984,32.8,338.5,234.5
14,985,32.833,332.5,236.5
14,986,32.867,326.5,240.5
14,987,32.9,318.5,240.5
14,988,32.933,314.5,240.5
14,989,32.967,306.5,240.5
14,990,33.0,302.5,242.5
14,991,33.033,298.5,242.5
14,992,33.067,292.5,244.5
14,993,33.1,288.5,244.5
14,994,33.133,286.5,246.5
14,995,33.167,282.5,248.5
14,996,33.2,280.5,250.5
14,997,33.233,280.5,252.5
14,998,33.267,278.5,252.5
14,999,33.3,278.5,254.5
15,1006,33.533,272.5,244.5
15,1007,33.567,270.5,232.5
15,1008,33.6,264.5,220.5
15,1009,33.633,260.5,204.5
15,1010,33.667,256.5,194.5
15,1011,33.7,254.5,182.5
15,1012,33.733,250.5,178.5
15,1013,33.767,250.5,174.5
15,1014,33.8,246.5,172.5
15,1015,33.833,246.5,174.5
15,1016,33.867,246.5,178.5
15,1017,33.9,246.5,186.5
15,1018,33.933,246.5,192.5
15,1019,33.967,246.5,204.5
15,1020,34.0,250.5,216.5
15,1021,34.033,256.5,232.5
15,1022,34.067,270.5,246.5
15,1023,34.1,314.5,274.5
15,1024,34.133,332.5,278.5
15,1025,34.167,344.5,276.5
15,1026,34.2,372.5,272.5
15,1027,34.233,390.5,268.5
15,1028,34.267,418.5,270.5
15,1029,34.3,442.5,274.5
15,1030,34.333,466.5,276.5
15,1031,34.367,494.5,288.5
15,1032,34.4,522.5,300.5
15,1033,34.433,550.5,318.5
15,1034,34.467,578.5,336.5
15,1035,34.5,604.5,356.5
15,1036,34.533,636.5,386.5
15,1037,34.567,658.5,388.5
15,1038,34.6,684.5,378.5
15,1039,34.633,706.5,376.5
15,1040,34.667,734.5,374.5
15,1041,34.7,762.5,378.5
15,1042,34.733,788.5,384.5
15,1044,34.8,778.5,360.5
15,1045,34.833,746.5,340.5
15,1046,34.867,698.5,306.5
15,1047,34.9,666.5,290.5
15,1048,34.933,626.5,272.5
15,1049,34.967,588.5,258.5
15,1050,35.0,560.5,250.5
15,1051,35.033,532.5,244.5
15,1052,35.067,506.5,242.5
15,1053,35.1,486.5,240.5
15,1054,35.133,462.5,242.5
15,1055,35.167,442.5,246.5
15,1056,35.2,428.5,250.5
15,1057,35.233,410.5,260.5
15,1058,35.267,396.5,268.5
15,1059,35.3,382.5,258.5
15,1060,35.333,370.5,238.5
15,1061,35.367,354.5,222.5
15,1062,35.4,344.5,210.5
15,1063,35.433,332.5,198.5
15,1064,35.467,326.5,192.5
15,1065,35.5,294.5,184.5
15,1067,35.567,402.5,186.5
15,1068,35.6,436.5,188.5
15,1069,35.633,468.5,194.5
15,1070,35.667,504.5,204.5
15,1071,35.7,540.5,214.5
15,1072,35.733,574.5,228.5
15,1073,35.767,570.5,228.5
15,1074,35.8,606.5,244.5
15,1075,35.833,638.5,260.5
15,1076,35.867,678.5,284.5
15,1077,35.9,702.5,302.5
15,1078,35.933,742.5,336.5
15,1079,35.967,766.5,336.5
15,1080,36.0,802.5,322.5
15,1081,36.033,846.5,314.5
15,1082,36.067,866.5,314.5
15,1083,36.1,898.5,312.5
15,1084,36.133,932.5,316.5
15,1085,36.167,962.5,318.5
15,1086,36.2,908.5,284.5
15,1087,36.233,860.5,262.5
15,1088,36.267,812.5,242.5
15,1089,36.3,766.5,226.5
15,1090,36.333,722.5,212.5
15,1091,36.367,682.5,204.5
15,1092,36.4,638.5,196.5
15,1093,36.433,600.5,192.5
15,1094,36.467,562.5,192.5
15,1095,36.5,530.5,194.5
15,1096,36.533,492.5,196.5
15,1097,36.567,464.5,202.5
15,1098,36.6,432.5,210.5
15,1099,36.633,404.5,220.5
15,1100,36.667,380.5,232.5
15,1101,36.7,352.5,246.5
15,1102,36.733,332.5,264.5
15,1103,36.767,310.5,276.5
15,1104,36.8,288.5,262.5
15,1105,36.833,270.5,244.5
15,1106,36.867,248.5,224.5
15,1107,36.9,228.5,210.5
15,1108,36.933,216.5,204.5
15,1109,36.967,196.5,194.5
15,1110,37.0,178.5,188.5
15,1111,37.033,164.5,184.5
15,1112,37.067,150.5,182.5
15,1113,37.1,138.5,184.5
15,1114,37.133,128.5,188.5
15,1115,37.167,148.5,186.5
15,1117,37.233,258.5,188.5
15,1118,37.267,312.5,194.5
15,1119,37.3,364.5,204.5
15,1120,37.333,414.5,214.5
15,1121,37.367,466.5,232.5
15,1122,37.4,514.5,250.5
15,1124,37.467,626.5,304.5
15,1125,37.5,674.5,334.5
15,1126,37.533,706.5,330.5
15,1128,37.6,820.5,306.5
15,1129,37.633,858.5,302.5
15,1130,37.667,912.5,294.5
15,1131,37.7,954.5,294.5
15,1132,37.733,1004.5,296.5
15,1133,37.767,958.5,268.5
15,1134,37.8,928.5,254.5
15,1135,37.833,886.5,238.5
15,1136,37.867,846.5,224.5
15,1137,37.9,810.5,214.5
15,1138,37.933,774.5,208.5
15,1139,37.967,738.5,204.5
15,1140,38.0,702.5,202.5
15,1141,38.033,674.5,204.5
15,1142,38.067,642.5,206.5
15,1143,38.1,610.5,212.5
15,1144,38.133,582.5,220.5
15,1145,38.167,556.5,230.5
15,1146,38.2,532.5,242.5
15,1147,38.233,504.5,256.5
15,1148,38.267,486.5,266.5
15,1149,38.3,462.5,284.5
15,1150,38.333,442.5,276.5
15,1151,38.367,426.5,260.5
15,1152,38.4,410.5,244.5
15,1153,38.433,388.5,228.5
15,1154,38.467,370.5,218.5
15,1155,38.5,356.5,210.5
15,1156,38.533,340.5,204.5
15,1157,38.567,326.5,202.5
15,1158,38.6,310.5,202.5
15,1159,38.633,298.5,206.5
15,1161,38.7,276.5,216.5
15,1163,38.767,332.5,198.5
15,1164,38.8,368.5,192.5
15,1165,38.833,410.5,186.5
15,1166,38.867,446.5,182.5
15,1167,38.9,480.5,184.5
15,1168,38.933,520.5,190.5
15,1169,38.967,558.5,196.5
15,1170,39.0,592.5,206.5
15,1171,39.033,626.5,220.5
15,1172,39.067,668.5,236.5
15,1173,39.1,694.5,252.5
15,1174,39.133,724.5,270.5
15,1175,39.167,752.5,290.5
15,1176,39.2,784.5,316.5
15,1177,39.233,812.5,300.5
15,1178,39.267,842.5,284.5
15,1179,39.3,870.5,270.5
15,1180,39.333,894.5,260.5
15,1181,39.367,924.5,252.5
15,1182,39.4,954.5,244.5
15,1184,39.467,1004.5,244.5
15,1185,39.5,1020.5,246.5
15,1186,39.533,954.5,230.5
15,1187,39.567,900.5,224.5
15,1188,39.6,852.5,216.5
15,1189,39.633,798.5,212.5
15,1190,39.667,752.5,214.5
15,1191,39.7,704.5,216.5
15,1192,39.733,658.5,220.5
15,1193,39.767,620.5,226.5
15,1194,39.8,576.5,236.5
15,1195,39.833,546.5,242.5
15,1196,39.867,496.5,258.5
15,1197,39.9,466.5,264.5
15,1198,39.933,434.5,282.5
15,1199,39.967,402.5,280.5
15,1200,40.0,368.5,262.5
15,1201,40.033,336.5,248.5
15,1202,40.067,306.5,238.5
15,1203,40.1,282.5,230.5
15,1204,40.133,254.5,226.5
15,1205,40.167,230.5,222.5
16,1210,40.333,124.5,242.5
16,1213,40.433,208.5,222.5
16,1214,40.467,236.5,222.5
16,1215,40.5,266.5,222.5
16,1216,40.533,304.5,228.5
16,1217,40.567,334.5,236.5
16,1218,40.6,368.5,246.5
16,1219,40.633,408.5,260.5
16,1220,40.667,444.5,280.5
16,1224,40.8,594.5,386.5
16,1225,40.833,618.5,404.5
16,1226,40.867,670.5,388.5
16,1227,40.9,706.5,380.5
16,1228,40.933,754.5,372.5
16,1229,40.967,794.5,370.5
16,1230,41.0,834.5,370.5
16,1231,41.033,880.5,374.5
16,1232,41.067,916.5,388.5
16,1233,41.1,870.5,338.5
16,1234,41.133,818.5,300.5
16,1235,41.167,774.5,270.5
16,1236,41.2,730.5,244.5
16,1237,41.233,690.5,220.5
16,1238,41.267,644.5,196.5
16,1239,41.3,622.5,188.5
16,1240,41.333,590.5,178.5
16,1241,41.367,562.5,170.5
16,1242,41.4,532.5,164.5
16,1243,41.433,510.5,164.5
16,1244,41.467,488.5,164.5
16,1245,41.5,470.5,168.5
16,1246,41.533,454.5,172.5
16,1247,41.567,440.5,178.5
16,1248,41.6,424.5,186.5
16,1249,41.633,408.5,196.5
16,1250,41.667,398.5,206.5
16,1251,41.7,388.5,216.5
16,1252,41.733,376.5,230.5
16,1253,41.767,370.5,244.5
17,1333,44.433,400.5,128.5
17,1334,44.467,410.5,130.5
17,1335,44.5,426.5,144.5
17,1336,44.533,434.5,152.5
17,1337,44.567,450.5,164.5
17,1338,44.6,470.5,188.5
17,1339,44.633,486.5,210.5
17,1340,44.667,500.5,230.5
17,1341,44.7,522.5,250.5
17,1342,44.733,538.5,238.5
17,1343,44.767,546.5,230.5
17,1344,44.8,558.5,222.5
17,1345,44.833,574.5,214.5
17,1346,44.867,586.5,212.5
17,1347,44.9,600.5,212.5
17,1348,44.933,616.5,212.5
17,1349,44.967,630.5,216.5
17,1350,45.0,644.5,224.5
17,1351,45.033,660.5,234.5
17,1352,45.067,674.5,246.5
17,1353,45.1,690.5,262.5
17,1354,45.133,704.5,276.5
17,1355,45.167,718.5,300.5
17,1356,45.2,734.5,324.5
17,1357,45.233,744.5,350.5
17,1358,45.267,762.5,342.5
17,1359,45.3,774.5,328.5
17,1360,45.333,790.5,320.5
17,1361,45.367,806.5,314.5
17,1362,45.4,822.5,308.5
17,1363,45.433,838.5,308.5
17,1364,45.467,852.5,312.5
17,1365,45.5,866.5,318.5
17,1366,45.533,878.5,324.5
17,1367,45.567,892.5,336.5
17,1368,45.6,906.5,352.5
17,1369,45.633,918.5,370.5
17,1370,45.667,934.5,396.5
17,1371,45.7,940.5,410.5
17,1372,45.733,954.5,426.5
17,1373,45.767,962.5,412.5
17,1374,45.8,970.5,400.5
17,1375,45.833,984.5,384.5
17,1376,45.867,994.5,374.5
17,1377,45.9,1004.5,370.5
17,1378,45.933,1012.5,368.5
17,1379,45.967,1022.5,370.5
17,1380,46.0,1020.5,370.5
17,1381,46.033,1012.5,370.5
17,1382,46.067,1006.5,374.5
17,1383,46.1,1000.5,384.5
17,1384,46.133,994.5,390.5
17,1385,46.167,986.5,404.5
17,1386,46.2,980.5,418.5
17,1387,46.233,972.5,434.5
17,1388,46.267,966.5,450.5
17,1389,46.3,956.5,470.5
17,1390,46.333,950.5,490.5
17,1391,46.367,946.5,508.5
17,1392,46.4,936.5,532.5
17,1393,46.433,932.5,546.5
17,1394,46.467,932.5,530.5
17,1395,46.5,930.5,516.5
17,1396,46.533,926.5,506.5
17,1397,46.567,926.5,498.5
17,1398,46.6,924.5,492.5
17,1399,46.633,920.5,488.5
18,1404,46.8,934.5,554.5
18,1405,46.833,940.5,554.5
18,1406,46.867,944.5,544.5
18,1407,46.9,950.5,538.5
18,1408,46.933,954.5,534.5
18,1409,46.967,962.5,536.5
18,1412,47.067,964.5,546.5
18,1413,47.1,966.5,554.5
19,1427,47.567,280.5,154.5
19,1428,47.6,274.5,140.5
19,1429,47.633,270.5,124.5
19,1430,47.667,264.5,108.5
19,1431,47.7,260.5,94.5
19,1432,47.733,256.5,86.5
20,1445,48.167,256.5,90.5
20,1446,48.2,258.5,102.5
20,1447,48.233,262.5,116.5
20,1448,48.267,270.5,136.5
20,1449,48.3,274.5,152.5
20,1450,48.333,280.5,170.5
20,1451,48.367,290.5,186.5
21,1472,49.067,1058.5,296.5
21,1473,49.1,1064.5,290.5
21,1476,49.2,1086.5,264.5
21,1477,49.233,1076.5,266.5
21,1481,49.367,886.5,306.5
21,1482,49.4,852.5,312.5
21,1483,49.433,812.5,324.5
21,1484,49.467,752.5,290.5
21,1485,49.5,716.5,276.5
21,1486,49.533,678.5,260.5
21,1487,49.567,638.5,250.5
21,1488,49.6,602.5,242.5
21,1489,49.633,568.5,238.5
21,1490,49.667,532.5,238.5
21,1491,49.7,500.5,240.5
21,1492,49.733,470.5,242.5
21,1493,49.767,446.5,246.5
21,1494,49.8,420.5,252.5
21,1495,49.833,394.5,262.5
21,1496,49.867,370.5,260.5
21,1497,49.9,348.5,246.5
21,1498,49.933,326.5,236.5
21,1499,49.967,302.5,224.5
21,1502,50.067,252.5,208.5
21,1503,50.1,264.5,210.5
21,1504,50.133,288.5,202.5
21,1505,50.167,318.5,196.5
21,1506,50.2,346.5,196.5
21,1507,50.233,370.5,196.5
21,1508,50.267,402.5,202.5
21,1509,50.3,430.5,208.5
21,1510,50.333,464.5,222.5
21,1511,50.367,462.5,220.5
21,1512,50.4,490.5,230.5
21,1513,50.433,528.5,250.5
21,1514,50.467,556.5,268.5
21,1515,50.5,586.5,292.5
21,1516,50.533,620.5,316.5
21,1517,50.567,646.5,340.5
21,1518,50.6,674.5,364.5
21,1519,50.633,704.5,348.5
21,1520,50.667,722.5,342.5
21,1521,50.7,754.5,332.5
21,1522,50.733,778.5,328.5
21,1523,50.767,810.5,328.5
21,1524,50.8,836.5,330.5
21,1525,50.833,804.5,302.5
21,1526,50.867,764.5,276.5
21,1527,50.9,720.5,248.5
21,1528,50.933,684.5,228.5
21,1529,50.967,644.5,208.5
21,1530,51.0,620.5,198.5
21,1531,51.033,594.5,190.5
21,1532,51.067,570.5,184.5
21,1533,51.1,544.5,180.5
21,1534,51.133,526.5,178.5
21,1535,51.167,502.5,178.5
21,1536,51.2,484.5,182.5
21,1537,51.233,468.5,186.5
21,1538,51.267,456.5,192.5
21,1539,51.3,442.5,200.5
21,1540,51.333,430.5,210.5
21,1541,51.367,420.5,220.5
21,1542,51.4,408.5,234.5
22,1672,55.733,420.5,216.5
22,1673,55.767,414.5,210.5
22,1674,55.8,408.5,202.5
22,1675,55.833,404.5,190.5
22,1676,55.867,400.5,176.5
22,1677,55.9,396.5,164.5
22,1678,55.933,404.5,168.5
22,1679,55.967,420.5,176.5
22,1680,56.0,438.5,190.5
22,1681,56.033,454.5,196.5
22,1682,56.067,482.5,224.5
22,1683,56.1,498.5,240.5
22,1684,56.133,522.5,232.5
22,1685,56.167,538.5,226.5
22,1686,56.2,554.5,220.5
22,1688,56.267,592.5,214.5
22,1689,56.3,612.5,214.5
22,1690,56.333,628.5,218.5
22,1691,56.367,644.5,222.5
22,1692,56.4,670.5,232.5
22,1693,56.433,684.5,242.5
22,1694,56.467,702.5,256.5
22,1695,56.5,722.5,272.5
22,1696,56.533,734.5,284.5
22,1697,56.567,754.5,282.5
22,1698,56.6,768.5,276.5
22,1699,56.633,782.5,268.5
22,1700,56.667,798.5,264.5
22,1701,56.7,814.5,262.5
22,1702,56.733,830.5,262.5
22,1703,56.767,846.5,266.5
22,1704,56.8,858.5,272.5
22,1705,56.833,874.5,282.5
22,1706,56.867,884.5,292.5
22,1707,56.9,882.5,310.5
22,1709,56.967,916.5,296.5
22,1710,57.0,934.5,302.5
22,1711,57.033,948.5,304.5
23,1719,57.3,308.5,216.5
23,1723,57.433,174.5,342.5
23,1726,57.533,330.5,206.5
23,1728,57.6,322.5,202.5
23,1731,57.7,306.5,186.5
23,1732,57.733,300.5,178.5
23,1733,57.767,294.5,166.5
23,1734,57.8,290.5,152.5
23,1735,57.833,284.5,140.5
23,1736,57.867,278.5,126.5
23,1737,57.9,272.5,110.5
23,1738,57.933,268.5,98.5
23,1739,57.967,266.5,88.5
24,1762,58.733,1086.5,624.5
24,1763,58.767,1090.5,622.5
24,1764,58.8,1092.5,624.5
24,1765,58.833,1094.5,626.5
24,1766,58.867,1094.5,632.5
24,1767,58.9,1096.5,640.5
24,1768,58.933,1096.5,644.5
24,1771,59.033,1082.5,630.5
24,1772,59.067,1074.5,622.5
24,1773,59.1,1070.5,614.5
24,1774,59.133,1060.5,608.5
24,1775,59.167,1052.5,604.5
24,1776,59.2,1052.5,600.5
25,1833,61.1,866.5,310.5
25,1834,61.133,800.5,334.5
25,1837,61.233,820.5,384.5
25,1841,61.367,510.5,244.5
25,1842,61.4,478.5,244.5
25,1843,61.433,440.5,244.5
25,1844,61.467,416.5,246.5
25,1845,61.5,380.5,256.5
25,1846,61.533,356.5,266.5
25,1847,61.567,326.5,274.5
25,1848,61.6,304.5,262.5
25,1849,61.633,278.5,250.5
25,1853,61.767,196.5,222.5
25,1854,61.8,178.5,216.5
25,1855,61.833,162.5,218.5
25,1856,61.867,184.5,210.5
25,1858,61.933,276.5,182.5
25,1859,61.967,314.5,178.5
25,1860,62.0,358.5,176.5
25,1861,62.033,404.5,176.5
25,1862,62.067,452.5,180.5
25,1863,62.1,498.5,190.5
25,1864,62.133,550.5,202.5
25,1865,62.167,602.5,220.5
25,1866,62.2,642.5,236.5
25,1867,62.233,702.5,264.5
25,1868,62.267,750.5,290.5
25,1869,62.3,806.5,326.5
25,1870,62.333,836.5,346.5
26,1887,62.9,1262.5,542.5
26,1888,62.933,1234.5,528.5
26,1891,63.033,1058.5,594.5
26,1892,63.067,1068.5,590.5
26,1893,63.1,1070.5,576.5
26,1894,63.133,1074.5,564.5
26,1895,63.167,1076.5,550.5
26,1896,63.2,1082.5,538.5
26,1898,63.267,942.5,514.5
26,1899,63.3,930.5,512.5
26,1900,63.333,924.5,494.5
26,1901,63.367,932.5,492.5
26,1902,63.4,938.5,492.5
26,1903,63.433,942.5,496.5
26,1904,63.467,946.5,502.5
26,1905,63.5,952.5,512.5
26,1906,63.533,956.5,520.5
26,1907,63.567,960.5,534.5
26,1908,63.6,964.5,550.5
26,1909,63.633,970.5,552.5
26,1910,63.667,974.5,550.5
26,1911,63.7,980.5,550.5
26,1912,63.733,984.5,552.5
26,1913,63.767,986.5,558.5
26,1914,63.8,990.5,564.5
26,1915,63.833,996.5,564.5
26,1917,63.9,1000.5,564.5
26,1918,63.933,1000.5,564.5
27,2074,69.133,598.5,230.5
27,2075,69.167,582.5,214.5
27,2076,69.2,568.5,202.5
27,2077,69.233,554.5,194.5
27,2078,69.267,544.5,192.5
27,2079,69.3,532.5,190.5
27,2080,69.333,522.5,192.5
27,2081,69.367,514.5,198.5
27,2082,69.4,506.5,206.5
27,2083,69.433,498.5,214.5
27,2084,69.467,490.5,226.5
27,2085,69.5,486.5,240.5
27,2086,69.533,478.5,250.5
27,2087,69.567,474.5,268.5
27,2088,69.6,468.5,258.5
27,2089,69.633,464.5,232.5
27,2090,69.667,460.5,214.5
27,2091,69.7,458.5,198.5
27,2092,69.733,456.5,184.5
27,2093,69.767,454.5,170.5
27,2094,69.8,452.5,162.5
27,2095,69.833,450.5,156.5
27,2096,69.867,448.5,150.5
27,2097,69.9,446.5,148.5
27,2098,69.933,444.5,144.5
27,2099,69.967,442.5,160.5
27,2100,70.0,440.5,166.5
27,2101,70.033,436.5,178.5
27,2102,70.067,418.5,192.5
27,2103,70.1,404.5,202.5
27,2105,70.167,384.5,220.5
27,2106,70.2,372.5,224.5
28,2142,71.4,272.5,246.5
28,2144,71.467,280.5,216.5
28,2145,71.5,258.5,196.5
28,2146,71.533,256.5,182.5
28,2147,71.567,254.5,176.5
28,2148,71.6,252.5,168.5
28,2149,71.633,250.5,164.5
28,2150,71.667,250.5,162.5
28,2151,71.7,250.5,162.5
28,2152,71.733,250.5,166.5
28,2153,71.767,250.5,174.5
28,2154,71.8,250.5,180.5
28,2155,71.833,242.5,200.5
28,2156,71.867,252.5,210.5
28,2157,71.9,260.5,214.5
28,2158,71.933,272.5,228.5
28,2161,72.033,384.5,276.5
28,2162,72.067,414.5,268.5
28,2163,72.1,446.5,264.5
28,2164,72.133,478.5,260.5
28,2165,72.167,502.5,260.5
28,2166,72.2,546.5,266.5
28,2167,72.233,574.5,272.5
28,2168,72.267,610.5,286.5
28,2169,72.3,638.5,296.5
28,2170,72.333,668.5,308.5
28,2171,72.367,706.5,330.5
28,2172,72.4,746.5,358.5
28,2173,72.433,770.5,370.5
28,2174,72.467,802.5,364.5
28,2175,72.5,834.5,356.5
28,2176,72.533,866.5,354.5
28,2178,72.6,846.5,320.5
28,2179,72.633,812.5,304.5
28,2180,72.667,770.5,288.5
28,2181,72.7,730.5,274.5
28,2182,72.733,688.5,262.5
28,2183,72.767,650.5,258.5
28,2184,72.8,620.5,254.5
28,2185,72.833,588.5,254.5
28,2186,72.867,554.5,252.5
28,2187,72.9,526.5,258.5
28,2188,72.933,498.5,262.5
28,2189,72.967,470.5,272.5
28,2190,73.0,450.5,282.5
28,2191,73.033,434.5,292.5
28,2192,73.067,408.5,282.5
28,2193,73.1,386.5,264.5
28,2194,73.133,366.5,252.5
28,2195,73.167,352.5,238.5
28,2197,73.233,314.5,220.5
28,2200,73.333,334.5,216.5
28,2201,73.367,366.5,214.5
28,2202,73.4,400.5,218.5
28,2203,73.433,428.5,224.5
28,2204,73.467,460.5,232.5
28,2205,73.5,492.5,244.5
28,2206,73.533,522.5,256.5
28,2207,73.567,548.5,268.5
28,2208,73.6,582.5,292.5
28,2209,73.633,618.5,316.5
28,2210,73.667,650.5,340.5
28,2211,73.7,682.5,370.5
28,2212,73.733,706.5,376.5
28,2213,73.767,738.5,366.5
28,2214,73.8,770.5,358.5
28,2215,73.833,800.5,356.5
28,2216,73.867,826.5,358.5
28,2218,73.933,776.5,320.5
28,2219,73.967,730.5,296.5
28,2220,74.0,690.5,284.5
28,2221,74.033,646.5,270.5
28,2222,74.067,628.5,268.5
28,2223,74.1,590.5,260.5
28,2224,74.133,564.5,258.5
28,2225,74.167,536.5,256.5
28,2226,74.2,518.5,258.5
28,2227,74.233,496.5,260.5
28,2228,74.267,480.5,258.5
28,2229,74.3,462.5,234.5
28,2231,74.367,306.5,200.5
28,2232,74.4,334.5,202.5
28,2233,74.433,410.5,188.5
28,2234,74.467,402.5,184.5
28,2235,74.5,420.5,180.5
28,2236,74.533,450.5,176.5
28,2237,74.567,484.5,176.5
28,2238,74.6,506.5,178.5
28,2239,74.633,538.5,182.5
28,2240,74.667,566.5,192.5
28,2241,74.7,596.5,202.5
28,2242,74.733,624.5,212.5
28,2243,74.767,644.5,224.5
28,2244,74.8,680.5,246.5
28,2245,74.833,708.5,266.5
28,2246,74.867,734.5,284.5
28,2247,74.9,756.5,304.5
28,2248,74.933,786.5,338.5
28,2249,74.967,824.5,322.5
28,2250,75.0,852.5,318.5
28,2251,75.033,878.5,316.5
28,2252,75.067,908.5,314.5
28,2253,75.1,948.5,320.5
28,2254,75.133,904.5,296.5
28,2255,75.167,864.5,278.5
28,2256,75.2,818.5,262.5
28,2257,75.233,770.5,248.5
28,2258,75.267,730.5,240.5
28,2259,75.3,690.5,232.5
28,2260,75.333,652.5,228.5
28,2261,75.367,622.5,228.5
28,2262,75.4,590.5,228.5
28,2263,75.433,562.5,232.5
28,2264,75.467,538.5,236.5
28,2265,75.5,514.5,244.5
28,2266,75.533,494.5,246.5
28,2267,75.567,470.5,234.5
28,2268,75.6,450.5,222.5
28,2269,75.633,434.5,206.5
28,2270,75.667,410.5,192.5
28,2271,75.7,346.5,188.5
28,2272,75.733,388.5,180.5
28,2273,75.767,398.5,180.5
28,2274,75.8,416.5,184.5
28,2275,75.833,436.5,192.5
28,2276,75.867,454.5,200.5
28,2277,75.9,482.5,216.5
28,2278,75.933,496.5,228.5
28,2279,75.967,520.5,248.5
28,2280,76.0,546.5,270.5
28,2281,76.033,558.5,284.5
28,2282,76.067,570.5,312.5
28,2283,76.1,562.5,314.5
28,2285,76.167,542.5,312.5
28,2286,76.2,530.5,314.5
28,2288,76.267,512.5,310.5
28,2289,76.3,502.5,310.5
28,2290,76.333,492.5,308.5
28,2291,76.367,482.5,314.5
28,2292,76.4,474.5,310.5
28,2293,76.433,466.5,310.5
28,2294,76.467,458.5,310.5
28,2295,76.5,450.5,312.5
28,2296,76.533,442.5,308.5
28,2297,76.567,434.5,308.5
28,2298,76.6,424.5,308.5
28,2299,76.633,416.5,308.5
28,2300,76.667,408.5,308.5
28,2301,76.7,400.5,308.5
28,2302,76.733,392.5,306.5
28,2303,76.767,384.5,306.5
28,2304,76.8,376.5,306.5
28,2305,76.833,370.5,304.5
28,2306,76.867,362.5,304.5
28,2307,76.9,354.5,304.5
28,2308,76.933,346.5,304.5
28,2309,76.967,340.5,302.5
28,2310,77.0,332.5,304.5
28,2311,77.033,324.5,302.5
28,2313,77.1,310.5,298.5
28,2314,77.133,304.5,298.5
28,2315,77.167,298.5,296.5
28,2318,77.267,278.5,296.5
28,2319,77.3,270.5,300.5
28,2320,77.333,264.5,304.5
28,2321,77.367,258.5,308.5
28,2322,77.4,252.5,320.5
28,2323,77.433,250.5,328.5
28,2325,77.5,234.5,300.5
28,2327,77.567,224.5,258.5
28,2328,77.6,216.5,236.5
28,2329,77.633,210.5,222.5
28,2330,77.667,206.5,210.5
28,2331,77.7,200.5,198.5
28,2332,77.733,198.5,192.5
28,2333,77.767,196.5,184.5
28,2334,77.8,190.5,182.5
28,2335,77.833,188.5,182.5
28,2337,77.9,186.5,192.5
28,2338,77.933,186.5,198.5
28,2339,77.967,186.5,208.5
28,2340,78.0,186.5,218.5
28,2341,78.033,186.5,230.5
28,2342,78.067,192.5,216.5
28,2343,78.1,194.5,198.5
28,2344,78.133,198.5,178.5
28,2345,78.167,200.5,160.5
28,2346,78.2,204.5,146.5
28,2347,78.233,210.5,132.5
28,2348,78.267,216.5,124.5
28,2349,78.3,222.5,120.5
28,2350,78.333,228.5,116.5
28,2351,78.367,234.5,118.5
28,2352,78.4,242.5,120.5
28,2353,78.433,248.5,122.5
29,2360,78.667,260.5,132.5
29,2362,78.733,264.5,150.5
29,2363,78.767,264.5,162.5
29,2364,78.8,272.5,170.5
29,2365,78.833,278.5,176.5
30,2399,79.967,334.5,214.5
30,2400,80.0,334.5,218.5
30,2401,80.033,332.5,224.5
30,2402,80.067,330.5,226.5
30,2403,80.1,328.5,230.5
30,2404,80.133,328.5,234.5
30,2406,80.2,316.5,240.5
30,2407,80.233,308.5,238.5
30,2408,80.267,306.5,246.5
30,2410,80.333,296.5,250.5
30,2411,80.367,292.5,252.5
30,2412,80.4,288.5,254.5
30,2413,80.433,284.5,254.5
30,2414,80.467,280.5,254.5
30,2415,80.5,278.5,254.5
31,2421,80.7,270.5,258.5
31,2422,80.733,270.5,258.5
31,2423,80.767,270.5,260.5
31,2424,80.8,270.5,260.5
31,2425,80.833,270.5,260.5
31,2426,80.867,270.5,258.5
31,2427,80.9,270.5,260.5
31,2428,80.933,270.5,260.5
31,2429,80.967,270.5,260.5
31,2430,81.0,268.5,260.5
31,2431,81.033,268.5,260.5
31,2432,81.067,268.5,260.5
31,2433,81.1,268.5,260.5
31,2434,81.133,270.5,260.5
31,2435,81.167,270.5,260.5
31,2436,81.2,270.5,260.5
31,2440,81.333,270.5,256.5
31,2441,81.367,266.5,246.5
31,2442,81.4,262.5,232.5
31,2443,81.433,256.5,220.5
31,2444,81.467,252.5,208.5
31,2445,81.5,250.5,196.5
31,2446,81.533,246.5,188.5
31,2447,81.567,246.5,182.5
31,2448,81.6,244.5,180.5
31,2449,81.633,242.5,180.5
31,2450,81.667,242.5,184.5
31,2451,81.7,242.5,188.5
31,2452,81.733,238.5,202.5
31,2453,81.767,238.5,210.5
31,2454,81.8,244.5,218.5
31,2457,81.9,324.5,276.5
31,2458,81.933,344.5,276.5
31,2459,81.967,378.5,270.5
31,2460,82.0,412.5,268.5
31,2461,82.033,442.5,266.5
31,2462,82.067,470.5,268.5
31,2463,82.1,498.5,270.5
31,2464,82.133,538.5,278.5
31,2465,82.167,578.5,296.5
31,2466,82.2,606.5,308.5
31,2467,82.233,638.5,322.5
31,2468,82.267,672.5,342.5
31,2469,82.3,706.5,368.5
31,2470,82.333,736.5,390.5
31,2471,82.367,770.5,388.5
31,2472,82.4,808.5,382.5
31,2473,82.433,834.5,380.5
31,2474,82.467,868.5,382.5
31,2475,82.5,818.5,358.5
31,2476,82.533,774.5,340.5
31,2477,82.567,732.5,326.5
31,2478,82.6,688.5,318.5
31,2479,82.633,642.5,310.5
31,2480,82.667,608.5,308.5
31,2481,82.7,572.5,306.5
31,2482,82.733,548.5,308.5
31,2483,82.767,550.5,316.5
31,2484,82.8,558.5,326.5
31,2485,82.833,566.5,328.5
31,2486,82.867,572.5,324.5
31,2487,82.9,582.5,322.5
31,2488,82.933,588.5,322.5
31,2489,82.967,596.5,326.5
31,2490,83.0,602.5,328.5
31,2491,83.033,612.5,340.5
31,2492,83.067,618.5,350.5
31,2493,83.1,626.5,348.5
31,2494,83.133,636.5,344.5
31,2495,83.167,642.5,344.5
31,2496,83.2,652.5,346.5
31,2497,83.233,658.5,352.5
31,2498,83.267,666.5,358.5
31,2499,83.3,674.5,370.5
31,2500,83.333,682.5,366.5
31,2501,83.367,690.5,364.5
31,2502,83.4,698.5,362.5
31,2503,83.433,706.5,366.5
31,2504,83.467,714.5,370.5
31,2505,83.5,722.5,378.5
31,2506,83.533,730.5,386.5
31,2507,83.567,738.5,382.5
31,2508,83.6,746.5,382.5
31,2509,83.633,756.5,384.5
31,2510,83.667,764.5,386.5
31,2511,83.7,770.5,394.5
31,2512,83.733,778.5,402.5
31,2513,83.767,788.5,400.5
31,2514,83.8,798.5,398.5
31,2515,83.833,806.5,402.5
31,2516,83.867,814.5,406.5
31,2517,83.9,824.5,414.5
31,2518,83.933,832.5,416.5
31,2519,83.967,842.5,416.5
31,2520,84.0,852.5,416.5
31,2521,84.033,860.5,420.5
31,2522,84.067,868.5,428.5
31,2523,84.1,874.5,434.5
31,2524,84.133,888.5,432.5
31,2525,84.167,896.5,432.5
31,2526,84.2,904.5,436.5
31,2527,84.233,912.5,438.5
31,2528,84.267,918.5,436.5
31,2529,84.3,928.5,438.5
31,2530,84.333,938.5,440.5
31,2531,84.367,946.5,442.5
31,2532,84.4,956.5,448.5
31,2533,84.433,966.5,452.5
31,2534,84.467,974.5,456.5
31,2535,84.5,982.5,462.5
31,2536,84.533,992.5,466.5
31,2537,84.567,998.5,468.5
32,2611,87.033,866.5,306.5
32,2612,87.067,838.5,310.5
32,2613,87.1,764.5,322.5
32,2614,87.133,706.5,292.5
32,2615,87.167,684.5,280.5
32,2616,87.2,638.5,262.5
32,2617,87.233,594.5,250.5
32,2618,87.267,558.5,242.5
32,2619,87.3,530.5,240.5
32,2620,87.333,488.5,236.5
32,2621,87.367,456.5,238.5
32,2622,87.4,426.5,242.5
32,2623,87.433,398.5,244.5
32,2624,87.467,368.5,256.5
32,2625,87.5,346.5,264.5
32,2626,87.533,320.5,266.5
32,2627,87.567,292.5,244.5
32,2628,87.6,274.5,236.5
32,2631,87.7,232.5,218.5
32,2632,87.733,192.5,210.5
32,2633,87.767,186.5,212.5
32,2634,87.8,206.5,202.5
32,2636,87.867,306.5,192.5
32,2637,87.9,348.5,192.5
32,2638,87.933,398.5,194.5
32,2639,87.967,432.5,198.5
32,2640,88.0,476.5,210.5
32,2641,88.033,522.5,222.5
32,2642,88.067,562.5,236.5
32,2643,88.1,602.5,252.5
32,2644,88.133,642.5,272.5
32,2645,88.167,686.5,292.5
32,2647,88.233,754.5,342.5
32,2648,88.267,816.5,322.5
32,2649,88.3,860.5,314.5
32,2650,88.333,894.5,308.5
32,2651,88.367,944.5,302.5
32,2652,88.4,996.5,300.5
32,2654,88.467,930.5,268.5
32,2655,88.5,870.5,252.5
32,2656,88.533,818.5,240.5
32,2657,88.567,766.5,228.5
32,2658,88.6,710.5,222.5
32,2659,88.633,666.5,212.5
32,2660,88.667,620.5,212.5
32,2661,88.7,574.5,212.5
32,2662,88.733,528.5,214.5
32,2663,88.767,490.5,220.5
32,2664,88.8,450.5,226.5
32,2665,88.833,416.5,234.5
32,2666,88.867,382.5,244.5
32,2667,88.9,354.5,252.5
32,2668,88.933,322.5,268.5
32,2670,89.0,264.5,268.5
32,2671,89.033,238.5,250.5
32,2672,89.067,210.5,240.5
32,2674,89.133,152.5,210.5
32,2675,89.167,138.5,208.5
32,2676,89.2,112.5,220.5
33,2682,89.4,130.5,196.5
33,2683,89.433,174.5,196.5
33,2684,89.467,220.5,198.5
33,2685,89.5,260.5,204.5
33,2686,89.533,302.5,212.5
33,2687,89.567,346.5,224.5
33,2688,89.6,394.5,240.5
33,2689,89.633,434.5,256.5
33,2690,89.667,462.5,268.5
33,2694,89.8,538.5,322.5
33,2695,89.833,538.5,308.5
33,2696,89.867,536.5,298.5
33,2697,89.9,536.5,290.5
33,2698,89.933,534.5,284.5
33,2700,90.0,532.5,280.5
33,2701,90.033,532.5,284.5
33,2702,90.067,534.5,288.5
33,2703,90.1,534.5,294.5
33,2704,90.133,534.5,284.5
33,2705,90.167,536.5,274.5
33,2706,90.2,540.5,268.5
33,2707,90.233,542.5,262.5
33,2708,90.267,544.5,260.5
33,2709,90.3,546.5,260.5
33,2710,90.333,550.5,264.5
33,2711,90.367,550.5,270.5
33,2712,90.4,554.5,270.5
33,2713,90.433,556.5,260.5
33,2714,90.467,562.5,256.5
33,2715,90.5,566.5,252.5
33,2716,90.533,572.5,250.5
33,2717,90.567,574.5,250.5
33,2718,90.6,580.5,254.5
33,2719,90.633,582.5,256.5
33,2720,90.667,588.5,256.5
33,2721,90.7,594.5,246.5
33,2722,90.733,600.5,242.5
33,2723,90.767,606.5,242.5
33,2724,90.8,612.5,240.5
33,2725,90.833,618.5,244.5
33,2726,90.867,622.5,246.5
33,2727,90.9,626.5,252.5
33,2728,90.933,630.5,260.5
33,2729,90.967,636.5,268.5
34,2837,94.567,740.5,260.5
34,2838,94.6,740.5,268.5
34,2839,94.633,740.5,278.5
34,2842,94.733,738.5,304.5
34,2843,94.767,736.5,298.5
34,2844,94.8,736.5,294.5
34,2846,94.867,736.5,296.5
34,2847,94.9,736.5,302.5
34,2848,94.933,734.5,306.5
34,2849,94.967,734.5,314.5
34,2850,95.0,732.5,328.5
34,2851,95.033,730.5,344.5
34,2852,95.067,730.5,338.5
34,2853,95.1,732.5,330.5
34,2854,95.133,732.5,326.5
34,2855,95.167,732.5,326.5
34,2856,95.2,732.5,328.5
34,2857,95.233,730.5,334.5
34,2858,95.267,730.5,342.5
34,2859,95.3,728.5,354.5
34,2860,95.333,728.5,368.5
34,2861,95.367,728.5,372.5
34,2862,95.4,728.5,364.5
34,2863,95.433,728.5,358.5
34,2864,95.467,726.5,358.5
34,2865,95.5,726.5,364.5
34,2866,95.533,726.5,370.5
34,2867,95.567,724.5,376.5
34,2868,95.6,724.5,386.5
35,2893,96.433,420.5,198.5
35,2896,96.533,420.5,206.5
35,2897,96.567,418.5,206.5
35,2898,96.6,412.5,206.5
35,2899,96.633,404.5,204.5
35,2900,96.667,398.5,204.5
35,2901,96.7,392.5,206.5
35,2905,96.833,314.5,326.5
35,2906,96.867,294.5,332.5
36,2948,98.267,940.5,378.5
36,2950,98.333,814.5,306.5
36,2951,98.367,772.5,290.5
36,2952,98.4,730.5,276.5
36,2953,98.433,686.5,266.5
36,2954,98.467,640.5,256.5
36,2955,98.5,602.5,250.5
36,2956,98.533,568.5,248.5
36,2957,98.567,534.5,248.5
36,2958,98.6,524.5,248.5
36,2960,98.667,430.5,260.5
36,2961,98.7,402.5,266.5
36,2962,98.733,372.5,252.5
36,2963,98.767,354.5,240.5
36,2964,98.8,326.5,228.5
36,2965,98.833,310.5,224.5
36,2966,98.867,282.5,220.5
36,2968,98.933,318.5,214.5
36,2969,98.967,352.5,214.5
36,2970,99.0,382.5,216.5
36,2971,99.033,424.5,224.5
36,2972,99.067,458.5,234.5
36,2973,99.1,494.5,244.5
36,2974,99.133,536.5,258.5
36,2975,99.167,566.5,272.5
36,2976,99.2,602.5,292.5
36,2977,99.233,638.5,316.5
36,2978,99.267,676.5,344.5
36,2979,99.3,706.5,342.5
36,2980,99.333,746.5,336.5
36,2981,99.367,778.5,330.5
36,2982,99.4,818.5,336.5
36,2983,99.433,848.5,340.5
36,2984,99.467,846.5,378.5
36,2985,99.5,814.5,304.5
36,2986,99.533,772.5,282.5
36,2987,99.567,732.5,262.5
36,2988,99.6,698.5,246.5
36,2989,99.633,672.5,238.5
36,2990,99.667,636.5,228.5
36,2991,99.7,610.5,222.5
36,2992,99.733,578.5,220.5
36,2993,99.767,556.5,220.5
36,2994,99.8,534.5,220.5
36,2995,99.833,516.5,224.5
36,2996,99.867,498.5,228.5
36,2997,99.9,482.5,236.5
36,2998,99.933,466.5,242.5
36,2999,99.967,450.5,224.5
36,3000,100.0,436.5,206.5
36,3001,100.033,424.5,194.5
36,3002,100.067,410.5,180.5
36,3003,100.1,400.5,170.5
36,3005,100.167,444.5,172.5
36,3006,100.2,480.5,174.5
36,3007,100.233,514.5,180.5
36,3008,100.267,548.5,188.5
36,3009,100.3,586.5,198.5
36,3010,100.333,618.5,210.5
36,3011,100.367,648.5,224.5
36,3012,100.4,684.5,244.5
36,3013,100.433,716.5,262.5
36,3014,100.467,752.5,286.5
36,3016,100.533,808.5,330.5
36,3017,100.567,852.5,314.5
36,3018,100.6,882.5,312.5
36,3019,100.633,924.5,312.5
36,3020,100.667,958.5,318.5
36,3021,100.7,990.5,324.5
36,3022,100.733,1014.5,326.5
36,3023,100.767,952.5,288.5
36,3024,100.8,916.5,270.5
36,3025,100.833,880.5,256.5
36,3026,100.867,842.5,242.5
36,3027,100.9,802.5,228.5
36,3028,100.933,770.5,224.5
36,3029,100.967,736.5,218.5
36,3030,101.0,704.5,216.5
36,3031,101.033,674.5,218.5
36,3032,101.067,642.5,220.5
36,3033,101.1,620.5,226.5
36,3034,101.133,594.5,230.5
36,3035,101.167,570.5,242.5
36,3036,101.2,558.5,248.5
36,3037,101.233,534.5,258.5
36,3038,101.267,514.5,272.5
36,3039,101.3,494.5,256.5
36,3040,101.333,484.5,240.5
36,3041,101.367,466.5,224.5
36,3042,101.4,456.5,212.5
36,3043,101.433,442.5,202.5
36,3044,101.467,430.5,196.5
36,3045,101.5,418.5,190.5
36,3046,101.533,408.5,188.5
36,3047,101.567,396.5,188.5
36,3048,101.6,404.5,190.5
36,3049,101.633,384.5,186.5
36,3050,101.667,440.5,204.5
36,3051,101.7,458.5,212.5
36,3052,101.733,476.5,226.5
36,3053,101.767,498.5,244.5
36,3054,101.8,520.5,260.5
36,3055,101.833,540.5,284.5
36,3056,101.867,562.5,312.5
36,3057,101.9,582.5,338.5
36,3058,101.933,608.5,374.5
36,3059,101.967,628.5,376.5
36,3060,102.0,648.5,374.5
36,3061,102.033,672.5,374.5
36,3062,102.067,694.5,380.5
36,3063,102.1,720.5,388.5
36,3064,102.133,746.5,404.5
36,3067,102.233,708.5,346.5
36,3068,102.267,668.5,314.5
36,3069,102.3,648.5,294.5
36,3070,102.333,618.5,276.5
36,3071,102.367,592.5,260.5
36,3072,102.4,572.5,250.5
36,3073,102.433,554.5,244.5
36,3074,102.467,540.5,242.5
36,3075,102.5,526.5,240.5
36,3076,102.533,514.5,240.5
36,3077,102.567,504.5,244.5
36,3078,102.6,492.5,246.5
36,3079,102.633,484.5,256.5
36,3080,102.667,474.5,252.5
36,3081,102.7,468.5,234.5
36,3082,102.733,460.5,220.5
36,3083,102.767,454.5,200.5
36,3084,102.8,448.5,190.5
36,3085,102.833,444.5,180.5
36,3086,102.867,440.5,172.5
36,3087,102.9,452.5,172.5
36,3088,102.933,480.5,174.5
36,3089,102.967,506.5,180.5
36,3090,103.0,532.5,186.5
36,3091,103.033,564.5,196.5
36,3092,103.067,594.5,208.5
36,3093,103.1,624.5,222.5
36,3094,103.133,644.5,234.5
36,3095,103.167,684.5,258.5
36,3096,103.2,716.5,278.5
36,3098,103.267,768.5,330.5
36,3099,103.3,804.5,352.5
36,3100,103.333,844.5,338.5
36,3101,103.367,874.5,336.5
36,3102,103.4,912.5,334.5
36,3103,103.433,946.5,334.5
36,3104,103.467,960.5,326.5
36,3105,103.5,912.5,300.5
36,3106,103.533,864.5,278.5
36,3107,103.567,818.5,262.5
36,3108,103.6,770.5,244.5
36,3109,103.633,722.5,230.5
36,3110,103.667,684.5,224.5
36,3111,103.7,640.5,216.5
36,3112,103.733,604.5,212.5
36,3113,103.767,564.5,212.5
36,3114,103.8,530.5,214.5
36,3115,103.833,498.5,220.5
36,3116,103.867,476.5,228.5
36,3117,103.9,442.5,236.5
36,3118,103.933,418.5,244.5
36,3119,103.967,394.5,258.5
36,3120,104.0,374.5,268.5
36,3121,104.033,346.5,262.5
36,3122,104.067,326.5,244.5
36,3123,104.1,310.5,230.5
36,3124,104.133,286.5,216.5
36,3125,104.167,270.5,204.5
36,3127,104.233,236.5,188.5
36,3129,104.3,204.5,188.5
36,3130,104.333,192.5,186.5
36,3131,104.367,206.5,186.5
36,3133,104.433,346.5,208.5
36,3134,104.467,400.5,216.5
36,3135,104.5,448.5,230.5
36,3138,104.6,634.5,300.5
36,3139,104.633,696.5,336.5
36,3140,104.667,750.5,340.5
36,3141,104.7,800.5,324.5
36,3142,104.733,876.5,320.5
36,3143,104.767,922.5,318.5
36,3144,104.8,978.5,322.5
36,3145,104.833,1002.5,312.5
36,3146,104.867,938.5,286.5
36,3147,104.9,882.5,264.5
36,3148,104.933,834.5,248.5
36,3149,104.967,786.5,238.5
36,3150,105.0,740.5,228.5
36,3151,105.033,698.5,222.5
36,3152,105.067,658.5,220.5
36,3153,105.1,620.5,218.5
36,3155,105.167,546.5,224.5
36,3156,105.2,510.5,228.5
36,3157,105.233,480.5,236.5
36,3158,105.267,452.5,244.5
36,3159,105.3,428.5,256.5
36,3160,105.333,400.5,266.5
36,3161,105.367,376.5,280.5
36,3162,105.4,354.5,284.5
36,3163,105.433,330.5,268.5
36,3164,105.467,308.5,248.5
36,3165,105.5,284.5,234.5
36,3166,105.533,264.5,222.5
36,3167,105.567,246.5,216.5
36,3168,105.6,230.5,210.5
36,3169,105.633,212.5,206.5
36,3170,105.667,194.5,206.5
36,3171,105.7,180.5,206.5
36,3172,105.733,160.5,210.5
36,3173,105.767,158.5,212.5
36,3174,105.8,212.5,204.5
36,3175,105.833,292.5,206.5
36,3176,105.867,356.5,212.5
36,3177,105.9,404.5,216.5
36,3178,105.933,462.5,228.5
36,3180,106.0,634.5,268.5
36,3183,106.1,796.5,338.5
36,3184,106.133,844.5,362.5
36,3186,106.2,980.5,346.5
36,3187,106.233,1004.5,334.5
36,3188,106.267,948.5,314.5
36,3189,106.3,898.5,294.5
36,3190,106.333,850.5,286.5
36,3191,106.367,810.5,276.5
36,3192,106.4,762.5,270.5
36,3193,106.433,720.5,264.5
36,3194,106.467,686.5,262.5
36,3195,106.5,644.5,262.5
36,3196,106.533,610.5,266.5
36,3197,106.567,580.5,268.5
36,3198,106.6,554.5,274.5
36,3199,106.633,516.5,284.5
36,3200,106.667,492.5,280.5
36,3201,106.7,470.5,264.5
36,3202,106.733,446.5,252.5
36,3203,106.767,424.5,242.5
36,3204,106.8,404.5,236.5
36,3205,106.833,384.5,228.5
36,3206,106.867,364.5,226.5
36,3207,106.9,340.5,224.5
36,3208,106.933,330.5,226.5
36,3209,106.967,338.5,226.5
36,3210,107.0,360.5,226.5
36,3211,107.033,390.5,230.5
36,3212,107.067,422.5,238.5
36,3213,107.1,446.5,244.5
36,3214,107.133,476.5,250.5
36,3215,107.167,506.5,260.5
36,3216,107.2,540.5,276.5
36,3217,107.233,570.5,292.5
36,3218,107.267,590.5,302.5
36,3219,107.3,622.5,318.5
36,3220,107.333,650.5,336.5
36,3221,107.367,678.5,356.5
36,3222,107.4,706.5,354.5
36,3223,107.433,730.5,354.5
36,3224,107.467,760.5,354.5
36,3225,107.5,782.5,356.5
36,3226,107.533,816.5,364.5
36,3228,107.6,794.5,326.5
36,3229,107.633,762.5,294.5
36,3230,107.667,742.5,278.5
36,3231,107.7,716.5,260.5
36,3232,107.733,696.5,246.5
36,3233,107.767,672.5,234.5
36,3234,107.8,644.5,222.5
36,3235,107.833,626.5,218.5
36,3236,107.867,632.5,220.5
36,3237,107.9,610.5,214.5
36,3238,107.933,592.5,214.5
36,3239,107.967,574.5,214.5
36,3240,108.0,560.5,218.5
36,3241,108.033,544.5,224.5
36,3242,108.067,532.5,230.5
36,3243,108.1,518.5,242.5
36,3244,108.133,506.5,250.5
36,3245,108.167,492.5,260.5
36,3246,108.2,482.5,244.5
36,3247,108.233,472.5,228.5
36,3248,108.267,462.5,214.5
36,3249,108.3,456.5,200.5
36,3250,108.333,446.5,192.5
36,3251,108.367,438.5,184.5
36,3252,108.4,430.5,180.5
36,3253,108.433,422.5,178.5
36,3254,108.467,436.5,176.5
36,3255,108.5,466.5,178.5
36,3256,108.533,484.5,180.5
36,3257,108.567,514.5,186.5
36,3258,108.6,544.5,194.5
36,3259,108.633,574.5,204.5
36,3260,108.667,604.5,216.5
36,3261,108.7,634.5,230.5
36,3262,108.733,676.5,256.5
36,3263,108.767,696.5,270.5
36,3264,108.8,724.5,292.5
36,3265,108.833,762.5,324.5
36,3266,108.867,794.5,352.5
36,3267,108.9,826.5,382.5
36,3268,108.933,854.5,418.5
36,3269,108.967,894.5,424.5
36,3270,109.0,930.5,420.5
36,3272,109.067,858.5,354.5
36,3273,109.1,810.5,324.5
36,3274,109.133,762.5,300.5
36,3275,109.167,722.5,280.5
36,3276,109.2,684.5,266.5
36,3277,109.233,644.5,252.5
36,3278,109.267,612.5,242.5
36,3279,109.3,580.5,236.5
36,3280,109.333,556.5,232.5
36,3281,109.367,530.5,230.5
36,3282,109.4,506.5,230.5
36,3283,109.433,482.5,234.5
36,3284,109.467,462.5,238.5
36,3285,109.5,444.5,244.5
36,3286,109.533,428.5,252.5
36,3287,109.567,412.5,260.5
36,3288,109.6,396.5,244.5
36,3289,109.633,386.5,228.5
36,3290,109.667,372.5,212.5
36,3291,109.7,362.5,200.5
36,3292,109.733,348.5,190.5
36,3293,109.767,340.5,182.5
36,3294,109.8,330.5,176.5
36,3295,109.833,324.5,172.5
36,3297,109.9,374.5,162.5
36,3298,109.933,404.5,156.5
36,3299,109.967,434.5,158.5
36,3300,110.0,470.5,158.5
36,3301,110.033,500.5,160.5
36,3302,110.067,540.5,166.5
36,3303,110.1,578.5,174.5
36,3304,110.133,614.5,184.5
36,3305,110.167,646.5,194.5
36,3306,110.2,688.5,210.5
36,3307,110.233,732.5,230.5
36,3308,110.267,768.5,248.5
36,3309,110.3,806.5,270.5
36,3310,110.333,842.5,294.5
36,3311,110.367,878.5,318.5
36,3312,110.4,918.5,350.5
36,3313,110.433,964.5,334.5
36,3314,110.467,986.5,328.5
36,3315,110.5,1026.5,314.5
36,3318,110.6,980.5,450.5
36,3321,110.7,1064.5,224.5
36,3323,110.767,1116.5,194.5
36,3325,110.833,950.5,190.5
36,3326,110.867,926.5,188.5
36,3327,110.9,902.5,186.5
36,3328,110.933,878.5,188.5
36,3329,110.967,858.5,194.5
36,3330,111.0,836.5,202.5
36,3331,111.033,814.5,212.5
36,3332,111.067,794.5,226.5
36,3333,111.1,778.5,236.5
36,3334,111.133,760.5,252.5
36,3335,111.167,742.5,268.5
36,3336,111.2,732.5,278.5
36,3340,111.333,1008.5,334.5
37,3527,117.567,362.5,226.5
37,3528,117.6,356.5,226.5
37,3529,117.633,350.5,228.5
37,3530,117.667,346.5,228.5
37,3531,117.7,340.5,232.5
37,3532,117.733,334.5,232.5
37,3533,117.767,328.5,234.5
37,3534,117.8,322.5,236.5
37,3535,117.833,318.5,238.5
37,3536,117.867,314.5,240.5
37,3537,117.9,310.5,240.5
37,3538,117.933,306.5,240.5
37,3539,117.967,302.5,242.5
37,3540,118.0,298.5,242.5
37,3541,118.033,296.5,244.5
37,3542,118.067,294.5,246.5
37,3543,118.1,292.5,246.5
37,3544,118.133,290.5,248.5
37,3545,118.167,288.5,250.5
37,3546,118.2,286.5,252.5
37,3547,118.233,286.5,252.5
37,3548,118.267,286.5,252.5
37,3549,118.3,282.5,254.5
37,3550,118.333,284.5,254.5
38,3557,118.567,282.5,252.5
38,3558,118.6,276.5,238.5
38,3559,118.633,276.5,218.5
38,3560,118.667,270.5,206.5
38,3561,118.7,266.5,190.5
38,3562,118.733,266.5,180.5
38,3563,118.767,264.5,174.5
38,3564,118.8,262.5,166.5
38,3565,118.833,262.5,162.5
38,3566,118.867,262.5,160.5
38,3567,118.9,262.5,166.5
38,3568,118.933,262.5,166.5
38,3569,118.967,266.5,176.5
38,3570,119.0,266.5,182.5
38,3571,119.033,270.5,194.5
38,3573,119.1,284.5,224.5
38,3574,119.133,332.5,222.5
38,3575,119.167,318.5,226.5
38,3576,119.2,368.5,272.5
38,3577,119.233,390.5,266.5
38,3578,119.267,414.5,260.5
38,3579,119.3,438.5,260.5
38,3580,119.333,468.5,260.5
38,3581,119.367,492.5,260.5
38,3582,119.4,524.5,264.5
38,3583,119.433,554.5,274.5
38,3584,119.467,586.5,292.5
38,3585,119.5,614.5,304.5
38,3586,119.533,644.5,320.5
38,3587,119.567,684.5,344.5
38,3588,119.6,704.5,366.5
38,3590,119.667,770.5,410.5
38,3591,119.7,802.5,398.5
38,3592,119.733,832.5,390.5
38,3593,119.767,862.5,390.5
38,3594,119.8,884.5,384.5
38,3595,119.833,820.5,346.5
38,3596,119.867,776.5,324.5
38,3597,119.9,736.5,306.5
38,3598,119.933,690.5,288.5
38,3599,119.967,642.5,280.5
38,3600,120.0,610.5,268.5
38,3601,120.033,570.5,258.5
38,3602,120.067,542.5,258.5
38,3603,120.1,510.5,258.5
38,3604,120.133,484.5,260.5
38,3605,120.167,458.5,264.5
38,3606,120.2,436.5,268.5
38,3607,120.233,414.5,276.5
38,3608,120.267,394.5,280.5
38,3609,120.3,378.5,264.5
38,3610,120.333,356.5,246.5
38,3611,120.367,344.5,234.5
38,3614,120.467,356.5,212.5
38,3615,120.5,398.5,210.5
38,3616,120.533,430.5,210.5
38,3617,120.567,464.5,214.5
38,3618,120.6,502.5,222.5
38,3619,120.633,542.5,230.5
38,3620,120.667,576.5,240.5
38,3621,120.7,612.5,254.5
38,3622,120.733,642.5,268.5
38,3623,120.767,686.5,284.5
38,3624,120.8,722.5,300.5
38,3625,120.833,754.5,326.5
38,3626,120.867,786.5,350.5
38,3627,120.9,828.5,338.5
38,3628,120.933,866.5,330.5
38,3629,120.967,906.5,326.5
38,3630,121.0,942.5,328.5
38,3631,121.033,978.5,330.5
38,3632,121.067,944.5,310.5
38,3633,121.1,896.5,290.5
38,3634,121.133,836.5,272.5
38,3635,121.167,780.5,260.5
38,3636,121.2,740.5,254.5
38,3637,121.233,690.5,244.5
38,3638,121.267,642.5,242.5
38,3639,121.3,608.5,242.5
38,3640,121.333,572.5,242.5
38,3641,121.367,534.5,246.5
38,3642,121.4,508.5,248.5
38,3643,121.433,478.5,258.5
38,3644,121.467,444.5,270.5
38,3645,121.5,416.5,256.5
38,3646,121.533,398.5,242.5
38,3647,121.567,378.5,228.5
38,3648,121.6,350.5,214.5
38,3649,121.633,338.5,206.5
38,3650,121.667,316.5,198.5
38,3651,121.7,328.5,194.5
38,3652,121.733,350.5,188.5
38,3653,121.767,386.5,182.5
38,3654,121.8,416.5,180.5
38,3655,121.833,446.5,180.5
38,3656,121.867,478.5,182.5
38,3657,121.9,502.5,188.5
38,3658,121.933,542.5,198.5
38,3659,121.967,572.5,210.5
38,3660,122.0,604.5,224.5
38,3661,122.033,638.5,242.5
38,3662,122.067,676.5,264.5
38,3663,122.1,698.5,282.5
38,3664,122.133,740.5,314.5
38,3665,122.167,774.5,346.5
38,3666,122.2,812.5,380.5
38,3667,122.233,842.5,420.5
38,3668,122.267,882.5,464.5
38,3669,122.3,914.5,506.5
38,3670,122.333,948.5,552.5
38,3671,122.367,988.5,618.5
38,3672,122.4,1028.5,688.5
38,3673,122.433,1044.5,712.5
39,3690,123.0,344.5,332.5
39,3693,123.1,208.5,206.5
39,3694,123.133,188.5,200.5
39,3696,123.2,184.5,192.5
39,3697,123.233,210.5,188.5
40,3707,123.567,1036.5,652.5
40,3711,123.7,1242.5,684.5
40,3712,123.733,1244.5,686.5
40,3715,123.833,1050.5,692.5
40,3716,123.867,1048.5,678.5
41,3759,125.3,298.5,184.5
41,3760,125.333,296.5,188.5
41,3762,125.4,312.5,120.5
41,3763,125.433,316.5,132.5
41,3764,125.467,322.5,148.5
41,3765,125.5,328.5,166.5
41,3766,125.533,336.5,182.5
41,3769,125.633,358.5,224.5
42,3828,127.6,764.5,358.5
42,3830,127.667,640.5,336.5
42,3831,127.7,618.5,304.5
42,3832,127.733,598.5,284.5
42,3833,127.767,576.5,262.5
42,3834,127.8,558.5,244.5
42,3835,127.833,542.5,234.5
42,3836,127.867,526.5,228.5
42,3837,127.9,512.5,224.5
42,3838,127.933,498.5,224.5
42,3839,127.967,486.5,226.5
42,3840,128.0,474.5,230.5
42,3841,128.033,466.5,238.5
42,3842,128.067,456.5,246.5
42,3843,128.1,448.5,258.5
42,3844,128.133,440.5,272.5
42,3845,128.167,432.5,278.5
42,3846,128.2,424.5,256.5
42,3847,128.233,418.5,234.5
42,3849,128.3,400.5,190.5
42,3850,128.333,402.5,192.5
42,3851,128.367,396.5,180.5
42,3852,128.4,392.5,174.5
42,3853,128.433,388.5,170.5
42,3854,128.467,382.5,168.5
42,3855,128.5,380.5,170.5
42,3856,128.533,378.5,174.5
42,3857,128.567,376.5,178.5
42,3858,128.6,372.5,176.5
43,3866,128.867,356.5,196.5
43,3867,128.9,356.5,200.5
43,3868,128.933,354.5,202.5
43,3872,129.067,352.5,210.5
43,3875,129.167,344.5,216.5
43,3877,129.233,336.5,226.5
43,3879,129.3,326.5,234.5
43,3881,129.367,318.5,242.5
43,3882,129.4,312.5,244.5
43,3883,129.433,308.5,246.5
43,3884,129.467,304.5,248.5
43,3885,129.5,300.5,252.5
43,3886,129.533,296.5,256.5
43,3887,129.567,294.5,258.5
43,3888,129.6,294.5,258.5
43,3889,129.633,292.5,260.5
43,3890,129.667,292.5,258.5
43,3891,129.7,282.5,254.5
43,3892,129.733,282.5,254.5
43,3893,129.767,280.5,246.5
43,3894,129.8,276.5,230.5
43,3895,129.833,290.5,216.5
43,3896,129.867,268.5,202.5
43,3897,129.9,264.5,188.5
43,3898,129.933,262.5,180.5
43,3899,129.967,258.5,172.5
43,3900,130.0,256.5,166.5
43,3901,130.033,254.5,164.5
43,3902,130.067,254.5,162.5
43,3903,130.1,252.5,164.5
43,3904,130.133,252.5,170.5
43,3905,130.167,252.5,180.5
43,3906,130.2,252.5,186.5
43,3908,130.267,256.5,210.5
43,3909,130.3,264.5,226.5
43,3910,130.333,278.5,242.5
43,3911,130.367,326.5,270.5
43,3912,130.4,356.5,276.5
43,3913,130.433,384.5,272.5
43,3914,130.467,406.5,270.5
43,3915,130.5,436.5,268.5
43,3916,130.533,462.5,268.5
43,3917,130.567,492.5,270.5
43,3918,130.6,516.5,276.5
43,3919,130.633,554.5,292.5
43,3920,130.667,578.5,302.5
43,3921,130.7,616.5,322.5
43,3922,130.733,644.5,338.5
43,3923,130.767,676.5,366.5
43,3924,130.8,706.5,380.5
43,3925,130.833,736.5,372.5
43,3926,130.867,764.5,364.5
43,3927,130.9,788.5,366.5
43,3928,130.933,826.5,368.5
43,3929,130.967,848.5,374.5
43,3930,131.0,830.5,358.5
43,3931,131.033,802.5,332.5
43,3932,131.067,752.5,300.5
43,3933,131.1,722.5,288.5
43,3934,131.133,684.5,270.5
43,3935,131.167,648.5,258.5
43,3936,131.2,616.5,248.5
43,3937,131.233,588.5,244.5
43,3938,131.267,556.5,240.5
43,3939,131.3,534.5,240.5
43,3940,131.333,504.5,242.5
43,3941,131.367,484.5,244.5
43,3942,131.4,462.5,248.5
43,3943,131.433,442.5,260.5
43,3944,131.467,428.5,266.5
43,3945,131.5,404.5,262.5
43,3946,131.533,394.5,244.5
43,3947,131.567,378.5,228.5
43,3948,131.6,364.5,212.5
43,3949,131.633,350.5,202.5
43,3950,131.667,340.5,196.5
43,3951,131.7,330.5,188.5
43,3952,131.733,354.5,184.5
43,3953,131.767,398.5,180.5
43,3954,131.8,430.5,178.5
43,3955,131.833,464.5,176.5
43,3956,131.867,508.5,178.5
43,3957,131.9,544.5,182.5
43,3958,131.933,586.5,188.5
43,3959,131.967,626.5,196.5
43,3960,132.0,672.5,208.5
43,3961,132.033,706.5,220.5
43,3962,132.067,748.5,234.5
43,3963,132.1,788.5,252.5
43,3964,132.133,828.5,270.5
43,3965,132.167,868.5,294.5
43,3966,132.2,906.5,318.5
43,3967,132.233,934.5,334.5
43,3968,132.267,988.5,338.5
43,3971,132.367,1156.5,328.5
43,3973,132.433,1070.5,274.5
43,3974,132.467,1028.5,258.5
43,3975,132.5,978.5,242.5
43,3976,132.533,938.5,230.5
43,3977,132.567,894.5,226.5
43,3978,132.6,858.5,222.5
43,3979,132.633,818.5,222.5
43,3980,132.667,782.5,224.5
43,3981,132.7,746.5,228.5
43,3982,132.733,708.5,236.5
43,3983,132.767,680.5,244.5
43,3984,132.8,646.5,258.5
43,3985,132.833,620.5,274.5
43,3986,132.867,594.5,284.5
43,3987,132.9,594.5,294.5
43,3988,132.933,596.5,308.5
43,3989,132.967,596.5,302.5
43,3990,133.0,604.5,294.5
43,3991,133.033,610.5,290.5
43,3992,133.067,614.5,288.5
43,3993,133.1,618.5,288.5
43,3994,133.133,622.5,292.5
43,3995,133.167,628.5,298.5
43,3996,133.2,630.5,306.5
43,3997,133.233,634.5,316.5
43,3998,133.267,640.5,328.5
43,3999,133.3,644.5,324.5
43,4000,133.333,648.5,316.5
43,4001,133.367,652.5,312.5
43,4002,133.4,658.5,312.5
43,4003,133.433,662.5,314.5
43,4004,133.467,666.5,320.5
43,4005,133.5,670.5,326.5
43,4006,133.533,674.5,336.5
43,4007,133.567,680.5,348.5
43,4008,133.6,684.5,344.5
43,4009,133.633,688.5,340.5
43,4010,133.667,692.5,338.5
43,4011,133.7,698.5,338.5
43,4012,133.733,704.5,340.5
43,4013,133.767,708.5,346.5
43,4014,133.8,710.5,354.5
43,4015,133.833,714.5,364.5
43,4016,133.867,720.5,372.5
43,4017,133.9,722.5,366.5
43,4018,133.933,728.5,360.5
43,4019,133.967,734.5,358.5
43,4020,134.0,738.5,360.5
43,4021,134.033,742.5,366.5
43,4022,134.067,746.5,374.5
43,4023,134.1,748.5,384.5
43,4024,134.133,754.5,392.5
43,4025,134.167,758.5,386.5
43,4026,134.2,766.5,382.5
43,4027,134.233,770.5,382.5
43,4028,134.267,776.5,384.5
43,4029,134.3,778.5,390.5
43,4030,134.333,782.5,400.5
43,4031,134.367,786.5,408.5
43,4032,134.4,794.5,408.5
44,4120,137.333,940.5,376.5
44,4122,137.4,834.5,314.5
44,4123,137.433,764.5,322.5
44,4124,137.467,710.5,290.5
44,4125,137.5,680.5,278.5
44,4126,137.533,638.5,264.5
44,4127,137.567,602.5,256.5
44,4128,137.6,560.5,246.5
44,4129,137.633,522.5,244.5
44,4130,137.667,494.5,244.5
44,4131,137.7,462.5,244.5
44,4132,137.733,428.5,246.5
44,4133,137.767,398.5,258.5
44,4134,137.8,372.5,264.5
44,4135,137.833,342.5,270.5
44,4136,137.867,322.5,260.5
44,4137,137.9,296.5,244.5
44,4138,137.933,272.5,236.5
44,4139,137.967,260.5,232.5
44,4141,138.033,214.5,220.5
44,4142,138.067,180.5,218.5
44,4143,138.1,174.5,216.5
44,4145,138.167,228.5,224.5
44,4146,138.2,258.5,222.5
44,4148,138.267,356.5,228.5
44,4149,138.3,400.5,238.5
44,4150,138.333,442.5,248.5
44,4151,138.367,490.5,262.5
44,4152,138.4,542.5,276.5
44,4153,138.433,578.5,298.5
44,4155,138.5,668.5,334.5
44,4156,138.533,702.5,350.5
44,4157,138.567,738.5,342.5
44,4158,138.6,782.5,340.5
44,4159,138.633,822.5,338.5
44,4160,138.667,862.5,340.5
44,4161,138.7,906.5,344.5
44,4163,138.767,926.5,328.5
44,4164,138.8,890.5,290.5
44,4165,138.833,860.5,264.5
44,4166,138.867,824.5,238.5
44,4167,138.9,790.5,212.5
44,4168,138.933,756.5,192.5
44,4170,139.0,694.5,162.5
44,4171,139.033,672.5,152.5
44,4172,139.067,642.5,144.5
44,4173,139.1,608.5,140.5
44,4174,139.133,578.5,140.5
44,4175,139.167,554.5,140.5
44,4176,139.2,532.5,144.5
44,4177,139.233,508.5,152.5
44,4178,139.267,484.5,158.5
44,4179,139.3,464.5,170.5
44,4180,139.333,440.5,184.5
44,4181,139.367,418.5,198.5
44,4182,139.4,402.5,214.5
44,4183,139.433,384.5,232.5
44,4184,139.467,366.5,252.5
44,4185,139.5,350.5,274.5
45,4190,139.667,276.5,242.5
45,4191,139.7,260.5,224.5
45,4192,139.733,250.5,212.5
45,4193,139.767,238.5,200.5
45,4194,139.8,226.5,192.5
45,4195,139.833,216.5,188.5
45,4196,139.867,206.5,184.5
45,4197,139.9,196.5,184.5
45,4198,139.933,188.5,188.5
45,4199,139.967,178.5,194.5
45,4200,140.0,172.5,198.5
45,4202,140.067,164.5,220.5
45,4204,140.133,258.5,222.5
45,4205,140.167,290.5,224.5
45,4206,140.2,344.5,232.5
45,4207,140.233,386.5,242.5
45,4208,140.267,434.5,256.5
45,4209,140.3,468.5,268.5
45,4212,140.4,562.5,312.5
45,4214,140.467,564.5,304.5
45,4216,140.533,570.5,284.5
45,4217,140.567,572.5,274.5
45,4218,140.6,578.5,270.5
45,4219,140.633,580.5,268.5
45,4220,140.667,582.5,270.5
45,4221,140.7,586.5,272.5
45,4222,140.733,586.5,276.5
45,4223,140.767,590.5,272.5
45,4224,140.8,594.5,266.5
45,4225,140.833,600.5,260.5
45,4226,140.867,606.5,254.5
45,4227,140.9,612.5,248.5
45,4228,140.933,616.5,248.5
45,4229,140.967,620.5,250.5
45,4230,141.0,624.5,254.5
45,4231,141.033,628.5,256.5
45,4232,141.067,634.5,250.5
45,4233,141.1,640.5,244.5
45,4234,141.133,644.5,240.5
45,4235,141.167,650.5,236.5
45,4236,141.2,656.5,232.5
45,4237,141.233,660.5,234.5
45,4238,141.267,668.5,238.5
45,4239,141.3,672.5,242.5
45,4240,141.333,676.5,248.5
45,4241,141.367,678.5,256.5
45,4242,141.4,684.5,266.5
45,4243,141.433,684.5,278.5
46,4313,143.767,738.5,60.5
46,4314,143.8,744.5,66.5
46,4315,143.833,752.5,70.5
46,4316,143.867,758.5,76.5
46,4317,143.9,764.5,82.5
46,4318,143.933,770.5,90.5
46,4319,143.967,774.5,98.5
46,4320,144.0,780.5,106.5
46,4321,144.033,784.5,114.5
46,4322,144.067,788.5,122.5
46,4323,144.1,790.5,132.5
46,4324,144.133,794.5,140.5
46,4325,144.167,794.5,146.5
47,4407,146.9,702.5,176.5
47,4408,146.933,704.5,182.5
47,4409,146.967,706.5,190.5
47,4410,147.0,706.5,200.5
47,4411,147.033,708.5,212.5
47,4412,147.067,708.5,226.5
47,4413,147.1,710.5,246.5
47,4414,147.133,710.5,266.5
47,4415,147.167,708.5,282.5
47,4416,147.2,712.5,288.5
47,4417,147.233,714.5,276.5
47,4418,147.267,716.5,272.5
47,4419,147.3,718.5,262.5
47,4420,147.333,718.5,260.5
47,4421,147.367,720.5,262.5
47,4422,147.4,720.5,262.5
47,4423,147.433,718.5,262.5
47,4424,147.467,722.5,274.5
47,4425,147.5,722.5,286.5
47,4426,147.533,722.5,300.5
47,4427,147.567,720.5,316.5
47,4428,147.6,722.5,336.5
47,4429,147.633,722.5,356.5
47,4430,147.667,722.5,350.5
47,4431,147.7,726.5,342.5
47,4432,147.733,726.5,336.5
47,4433,147.767,728.5,332.5
47,4434,147.8,728.5,334.5
47,4435,147.833,730.5,338.5
47,4436,147.867,730.5,344.5
47,4438,147.933,730.5,352.5
48,4513,150.433,880.5,308.5
48,4514,150.467,838.5,314.5
48,4515,150.5,770.5,320.5
48,4516,150.533,708.5,284.5
48,4517,150.567,676.5,270.5
48,4518,150.6,634.5,256.5
48,4519,150.633,594.5,244.5
48,4520,150.667,558.5,240.5
48,4521,150.7,524.5,236.5
48,4522,150.733,482.5,234.5
48,4523,150.767,450.5,238.5
48,4524,150.8,422.5,242.5
48,4525,150.833,396.5,246.5
48,4526,150.867,370.5,256.5
48,4527,150.9,346.5,262.5
48,4528,150.933,318.5,244.5
48,4529,150.967,294.5,232.5
48,4530,151.0,272.5,222.5
48,4533,151.1,270.5,196.5
48,4534,151.133,300.5,186.5
48,4535,151.167,334.5,180.5
48,4536,151.2,364.5,174.5
48,4537,151.233,398.5,174.5
48,4538,151.267,432.5,174.5
48,4539,151.3,470.5,180.5
48,4540,151.333,506.5,186.5
48,4541,151.367,544.5,196.5
48,4542,151.4,584.5,210.5
48,4543,151.433,622.5,226.5
48,4544,151.467,672.5,250.5
48,4545,151.5,698.5,266.5
48,4546,151.533,730.5,286.5
48,4547,151.567,730.5,288.5
48,4548,151.6,770.5,316.5
48,4549,151.633,818.5,354.5
48,4550,151.667,844.5,378.5
48,4551,151.7,894.5,378.5
48,4552,151.733,928.5,366.5
48,4553,151.767,962.5,356.5
48,4554,151.8,996.5,350.5
48,4557,151.9,864.5,276.5
48,4558,151.933,802.5,254.5
48,4559,151.967,754.5,242.5
48,4560,152.0,702.5,228.5
48,4561,152.033,656.5,222.5
48,4562,152.067,612.5,214.5
48,4563,152.1,574.5,212.5
48,4564,152.133,540.5,212.5
48,4565,152.167,500.5,212.5
48,4566,152.2,468.5,218.5
48,4567,152.233,440.5,224.5
48,4568,152.267,414.5,228.5
48,4569,152.3,388.5,236.5
48,4570,152.333,368.5,248.5
48,4571,152.367,346.5,258.5
48,4572,152.4,324.5,242.5
48,4573,152.433,304.5,222.5
48,4574,152.467,286.5,206.5
48,4576,152.533,236.5,184.5
48,4578,152.6,338.5,190.5
48,4579,152.633,374.5,196.5
48,4580,152.667,410.5,202.5
48,4581,152.7,450.5,212.5
48,4582,152.733,496.5,224.5
48,4583,152.767,536.5,236.5
48,4584,152.8,566.5,248.5
48,4585,152.833,628.5,274.5
48,4586,152.867,658.5,290.5
48,4587,152.9,696.5,306.5
48,4588,152.933,730.5,326.5
48,4589,152.967,772.5,322.5
48,4590,153.0,778.5,352.5
48,4591,153.033,858.5,316.5
48,4592,153.067,898.5,318.5
48,4593,153.1,940.5,322.5
48,4594,153.133,974.5,324.5
48,4595,153.167,916.5,294.5
48,4596,153.2,880.5,278.5
48,4597,153.233,832.5,260.5
48,4598,153.267,792.5,250.5
48,4599,153.3,752.5,240.5
48,4600,153.333,714.5,232.5
48,4601,153.367,674.5,228.5
48,4602,153.4,640.5,226.5
48,4603,153.433,610.5,228.5
48,4604,153.467,578.5,230.5
48,4605,153.5,548.5,236.5
48,4606,153.533,524.5,244.5
48,4607,153.567,500.5,250.5
48,4608,153.6,476.5,260.5
48,4609,153.633,454.5,266.5
48,4610,153.667,436.5,250.5
48,4611,153.7,418.5,236.5
48,4612,153.733,398.5,218.5
48,4613,153.767,380.5,206.5
48,4614,153.8,368.5,200.5
48,4615,153.833,346.5,196.5
48,4616,153.867,332.5,190.5
48,4617,153.9,350.5,188.5
48,4618,153.933,364.5,188.5
48,4619,153.967,388.5,192.5
48,4620,154.0,414.5,198.5
48,4621,154.033,436.5,204.5
48,4622,154.067,464.5,218.5
48,4623,154.1,484.5,228.5
48,4624,154.133,514.5,248.5
48,4625,154.167,542.5,266.5
48,4626,154.2,570.5,292.5
48,4627,154.233,588.5,316.5
48,4628,154.267,620.5,346.5
48,4629,154.3,650.5,382.5
48,4630,154.333,672.5,396.5
48,4631,154.367,700.5,392.5
48,4632,154.4,724.5,388.5
48,4633,154.433,752.5,390.5
48,4634,154.467,782.5,390.5
48,4635,154.5,816.5,398.5
48,4637,154.567,738.5,344.5
48,4638,154.6,706.5,322.5
48,4639,154.633,672.5,294.5
48,4640,154.667,642.5,284.5
48,4641,154.7,618.5,276.5
48,4642,154.733,594.5,266.5
48,4643,154.767,572.5,262.5
48,4644,154.8,556.5,260.5
48,4645,154.833,540.5,260.5
48,4646,154.867,530.5,264.5
48,4647,154.9,514.5,254.5
48,4648,154.933,502.5,232.5
48,4649,154.967,494.5,218.5
48,4650,155.0,486.5,204.5
48,4651,155.033,476.5,190.5
48,4652,155.067,468.5,182.5
48,4653,155.1,460.5,178.5
48,4654,155.133,474.5,174.5
48,4655,155.167,488.5,174.5
48,4656,155.2,512.5,178.5
48,4657,155.233,532.5,182.5
48,4658,155.267,550.5,188.5
48,4659,155.3,578.5,198.5
48,4660,155.333,598.5,210.5
48,4661,155.367,622.5,224.5
48,4662,155.4,644.5,240.5
48,4663,155.433,674.5,264.5
48,4664,155.467,686.5,280.5
48,4665,155.5,708.5,304.5
48,4666,155.533,730.5,326.5
48,4667,155.567,758.5,322.5
48,4670,155.667,822.5,322.5
48,4671,155.7,848.5,328.5
48,4672,155.733,868.5,332.5
48,4674,155.8,844.5,314.5
48,4675,155.833,804.5,292.5
48,4676,155.867,760.5,270.5
48,4677,155.9,718.5,252.5
48,4678,155.933,682.5,238.5
48,4679,155.967,640.5,226.5
48,4681,156.033,576.5,212.5
48,4682,156.067,546.5,210.5
48,4683,156.1,516.5,210.5
48,4684,156.133,494.5,210.5
48,4685,156.167,470.5,212.5
48,4686,156.2,446.5,220.5
48,4687,156.233,424.5,228.5
48,4688,156.267,406.5,236.5
48,4689,156.3,388.5,246.5
48,4690,156.333,374.5,258.5
48,4691,156.367,350.5,242.5
48,4692,156.4,344.5,224.5
48,4693,156.433,326.5,210.5
48,4695,156.5,298.5,186.5
48,4697,156.567,270.5,172.5
48,4698,156.6,256.5,172.5
48,4699,156.633,248.5,170.5
48,4700,156.667,266.5,162.5
48,4703,156.767,412.5,194.5
48,4704,156.8,458.5,208.5
48,4705,156.833,502.5,224.5
48,4706,156.867,546.5,244.5
48,4707,156.9,620.5,276.5
48,4708,156.933,656.5,296.5
48,4709,156.967,702.5,324.5
48,4710,157.0,754.5,306.5
48,4711,157.033,816.5,306.5
48,4712,157.067,850.5,306.5
48,4713,157.1,902.5,306.5
48,4714,157.133,952.5,308.5
48,4715,157.167,1018.5,318.5
48,4716,157.2,998.5,302.5
48,4717,157.233,928.5,268.5
48,4718,157.267,880.5,248.5
48,4719,157.3,832.5,228.5
48,4720,157.333,786.5,212.5
48,4721,157.367,746.5,204.5
48,4722,157.4,702.5,194.5
48,4723,157.433,670.5,190.5
48,4724,157.467,626.5,186.5
48,4725,157.5,592.5,186.5
48,4726,157.533,560.5,188.5
48,4727,157.567,534.5,192.5
48,4728,157.6,498.5,196.5
48,4729,157.633,478.5,204.5
48,4730,157.667,448.5,214.5
48,4731,157.7,426.5,226.5
48,4732,157.733,402.5,236.5
48,4733,157.767,384.5,248.5
48,4734,157.8,358.5,246.5
48,4735,157.833,338.5,228.5
48,4736,157.867,318.5,212.5
48,4737,157.9,300.5,200.5
48,4738,157.933,282.5,192.5
48,4739,157.967,252.5,176.5
48,4740,158.0,240.5,174.5
48,4741,158.033,230.5,174.5
48,4742,158.067,210.5,178.5
48,4743,158.1,198.5,172.5
48,4745,158.167,282.5,174.5
48,4746,158.2,340.5,178.5
48,4747,158.233,402.5,190.5
48,4748,158.267,450.5,198.5
48,4749,158.3,508.5,216.5
48,4750,158.333,578.5,242.5
48,4751,158.367,630.5,262.5
48,4752,158.4,690.5,286.5
48,4755,158.5,888.5,348.5
48,4756,158.533,958.5,338.5
48,4757,158.567,996.5,334.5
48,4758,158.6,1060.5,324.5
48,4760,158.667,996.5,278.5
48,4761,158.7,916.5,248.5
48,4762,158.733,866.5,230.5
48,4763,158.767,816.5,214.5
48,4764,158.8,768.5,204.5
48,4765,158.833,722.5,194.5
48,4766,158.867,682.5,188.5
48,4767,158.9,638.5,186.5
48,4768,158.933,600.5,186.5
48,4769,158.967,560.5,186.5
48,4770,159.0,526.5,190.5
48,4771,159.033,494.5,194.5
48,4772,159.067,464.5,200.5
48,4773,159.1,434.5,210.5
48,4774,159.133,412.5,220.5
48,4775,159.167,384.5,230.5
48,4776,159.2,358.5,244.5
48,4777,159.233,334.5,260.5
48,4778,159.267,316.5,260.5
48,4779,159.3,292.5,242.5
48,4780,159.333,274.5,226.5
48,4781,159.367,252.5,210.5
48,4782,159.4,234.5,198.5
48,4783,159.433,218.5,188.5
48,4785,159.5,180.5,180.5
48,4787,159.567,150.5,180.5
48,4789,159.633,184.5,176.5
48,4793,159.767,374.5,176.5
48,4794,159.8,422.5,186.5
48,4795,159.833,482.5,202.5
48,4796,159.867,532.5,220.5
48,4797,159.9,580.5,240.5
48,4798,159.933,634.5,266.5
48,4799,159.967,692.5,292.5
48,4800,160.0,730.5,320.5
48,4801,160.033,778.5,354.5
48,4802,160.067,834.5,356.5
48,4803,160.1,888.5,338.5
48,4804,160.133,938.5,332.5
48,4805,160.167,988.5,324.5
48,4806,160.2,1016.5,308.5
48,4807,160.233,950.5,270.5
48,4808,160.267,914.5,254.5
48,4809,160.3,866.5,230.5
48,4810,160.333,822.5,212.5
48,4811,160.367,778.5,198.5
48,4812,160.4,736.5,188.5
48,4813,160.433,698.5,178.5
48,4814,160.467,672.5,174.5
48,4815,160.5,628.5,170.5
48,4816,160.533,594.5,170.5
48,4817,160.567,570.5,172.5
48,4818,160.6,540.5,174.5
48,4819,160.633,520.5,180.5
48,4820,160.667,496.5,186.5
48,4821,160.7,470.5,194.5
48,4822,160.733,452.5,202.5
48,4823,160.767,432.5,212.5
48,4824,160.8,414.5,228.5
48,4825,160.833,398.5,238.5
48,4826,160.867,380.5,226.5
48,4827,160.9,370.5,210.5
48,4828,160.933,354.5,192.5
48,4829,160.967,342.5,180.5
48,4830,161.0,330.5,168.5
48,4831,161.033,316.5,160.5
48,4832,161.067,308.5,152.5
48,4835,161.167,384.5,164.5
48,4836,161.2,416.5,170.5
48,4837,161.233,450.5,180.5
48,4838,161.267,478.5,190.5
48,4839,161.3,514.5,208.5
48,4840,161.333,546.5,224.5
48,4841,161.367,578.5,244.5
48,4842,161.4,596.5,256.5
48,4844,161.467,622.5,282.5
48,4845,161.5,610.5,284.5
48,4847,161.567,598.5,264.5
48,4848,161.6,594.5,258.5
48,4849,161.633,586.5,252.5
48,4850,161.667,580.5,250.5
48,4851,161.7,574.5,250.5
48,4852,161.733,568.5,252.5
48,4853,161.767,564.5,258.5
48,4854,161.8,560.5,262.5
48,4855,161.833,554.5,260.5
48,4856,161.867,548.5,250.5
48,4857,161.9,544.5,244.5
48,4858,161.933,540.5,240.5
48,4859,161.967,534.5,236.5
48,4860,162.0,530.5,236.5
48,4861,162.033,526.5,238.5
48,4862,162.067,522.5,242.5
48,4863,162.1,520.5,248.5
48,4864,162.133,514.5,242.5
48,4865,162.167,510.5,232.5
48,4866,162.2,506.5,228.5
48,4867,162.233,502.5,224.5
48,4868,162.267,498.5,224.5
48,4869,162.3,494.5,226.5
48,4870,162.333,490.5,228.5
48,4871,162.367,490.5,232.5
48,4872,162.4,482.5,228.5
48,4873,162.433,480.5,222.5
48,4874,162.467,478.5,216.5
48,4875,162.5,474.5,214.5
48,4876,162.533,470.5,214.5
48,4877,162.567,466.5,212.5
48,4878,162.6,464.5,216.5
48,4879,162.633,460.5,222.5
48,4880,162.667,458.5,214.5
48,4881,162.7,456.5,208.5
48,4882,162.733,450.5,202.5
48,4883,162.767,446.5,200.5
48,4884,162.8,446.5,204.5
48,4885,162.833,442.5,204.5
48,4886,162.867,442.5,212.5
48,4887,162.9,440.5,216.5
49,4937,164.567,646.5,328.5
49,4938,164.6,646.5,330.5
49,4939,164.633,644.5,328.5
49,4940,164.667,642.5,328.5
49,4941,164.7,642.5,328.5
49,4943,164.767,642.5,328.5
49,4944,164.8,642.5,328.5
49,4945,164.833,644.5,330.5
49,4946,164.867,642.5,328.5
49,4947,164.9,644.5,330.5
49,4948,164.933,644.5,330.5
49,4949,164.967,642.5,330.5
49,4952,165.067,640.5,328.5
49,4953,165.1,642.5,328.5
49,4954,165.133,640.5,328.5
49,4956,165.2,638.5,330.5
50,5005,166.833,428.5,248.5
50,5008,166.933,346.5,156.5
50,5009,166.967,352.5,168.5
50,5010,167.0,350.5,180.5
50,5011,167.033,354.5,192.5
50,5013,167.1,356.5,210.5
51,5025,167.5,314.5,244.5
51,5026,167.533,312.5,248.5
51,5027,167.567,304.5,246.5
51,5028,167.6,300.5,248.5
51,5029,167.633,296.5,248.5
51,5030,167.667,294.5,250.5
51,5031,167.7,292.5,252.5
51,5032,167.733,290.5,252.5
51,5033,167.767,288.5,256.5
52,5051,168.367,278.5,254.5
52,5052,168.4,274.5,240.5
52,5053,168.433,268.5,224.5
52,5054,168.467,266.5,212.5
52,5055,168.5,264.5,200.5
52,5056,168.533,262.5,192.5
52,5057,168.567,258.5,186.5
52,5058,168.6,258.5,182.5
52,5059,168.633,258.5,180.5
52,5060,168.667,258.5,184.5
52,5061,168.7,256.5,190.5
52,5062,168.733,258.5,196.5
52,5063,168.767,258.5,208.5
52,5064,168.8,258.5,214.5
52,5065,168.833,264.5,226.5
52,5066,168.867,282.5,244.5
52,5068,168.933,346.5,280.5
52,5069,168.967,382.5,276.5
52,5070,169.0,416.5,276.5
52,5071,169.033,450.5,274.5
52,5072,169.067,486.5,276.5
52,5073,169.1,516.5,278.5
52,5074,169.133,556.5,292.5
52,5075,169.167,582.5,302.5
52,5076,169.2,628.5,320.5
52,5077,169.233,668.5,336.5
52,5078,169.267,698.5,354.5
52,5079,169.3,738.5,384.5
52,5081,169.367,848.5,378.5
52,5082,169.4,846.5,378.5
52,5083,169.433,872.5,380.5
52,5084,169.467,860.5,360.5
52,5085,169.5,818.5,342.5
52,5086,169.533,766.5,320.5
52,5087,169.567,718.5,306.5
52,5088,169.6,682.5,296.5
52,5089,169.633,638.5,292.5
52,5090,169.667,606.5,288.5
52,5091,169.7,572.5,288.5
52,5092,169.733,534.5,288.5
52,5093,169.767,508.5,292.5
52,5094,169.8,488.5,296.5
52,5095,169.833,454.5,286.5
52,5096,169.867,434.5,270.5
52,5097,169.9,414.5,254.5
52,5098,169.933,394.5,244.5
52,5099,169.967,374.5,236.5
52,5100,170.0,352.5,228.5
52,5101,170.033,346.5,226.5
52,5102,170.067,372.5,222.5
52,5103,170.1,410.5,226.5
52,5104,170.133,444.5,228.5
52,5105,170.167,476.5,230.5
52,5106,170.2,518.5,240.5
52,5107,170.233,556.5,248.5
52,5108,170.267,586.5,256.5
52,5109,170.3,630.5,272.5
52,5110,170.333,674.5,292.5
52,5111,170.367,700.5,300.5
52,5112,170.4,740.5,326.5
52,5113,170.433,778.5,352.5
52,5114,170.467,816.5,344.5
52,5115,170.5,850.5,340.5
52,5116,170.533,890.5,338.5
52,5117,170.567,926.5,338.5
52,5118,170.6,1008.5,340.5
52,5119,170.633,974.5,334.5
52,5120,170.667,930.5,306.5
52,5121,170.7,892.5,282.5
52,5122,170.733,856.5,264.5
52,5123,170.767,818.5,250.5
52,5124,170.8,786.5,240.5
52,5125,170.833,758.5,232.5
52,5126,170.867,730.5,228.5
52,5127,170.9,696.5,224.5
52,5128,170.933,674.5,224.5
52,5129,170.967,644.5,226.5
52,5130,171.0,626.5,228.5
52,5131,171.033,602.5,236.5
52,5132,171.067,584.5,244.5
52,5133,171.1,566.5,256.5
52,5134,171.133,550.5,258.5
52,5135,171.167,532.5,240.5
52,5138,171.267,494.5,198.5
52,5139,171.3,484.5,190.5
52,5140,171.333,472.5,184.5
52,5141,171.367,460.5,180.5
52,5142,171.4,454.5,178.5
52,5143,171.433,476.5,180.5
52,5144,171.467,498.5,178.5
52,5145,171.5,530.5,180.5
52,5146,171.533,560.5,186.5
52,5147,171.567,586.5,194.5
52,5148,171.6,614.5,204.5
52,5149,171.633,640.5,216.5
52,5150,171.667,672.5,236.5
52,5151,171.7,698.5,254.5
52,5152,171.733,724.5,276.5
52,5153,171.767,746.5,296.5
52,5154,171.8,770.5,322.5
52,5155,171.833,808.5,362.5
52,5156,171.867,836.5,366.5
52,5157,171.9,866.5,356.5
52,5158,171.933,896.5,352.5
52,5159,171.967,918.5,350.5
52,5160,172.0,914.5,326.5
52,5161,172.033,868.5,292.5
52,5162,172.067,826.5,266.5
52,5163,172.1,784.5,242.5
52,5164,172.133,748.5,224.5
52,5165,172.167,714.5,210.5
52,5166,172.2,682.5,196.5
52,5167,172.233,648.5,188.5
52,5168,172.267,630.5,184.5
52,5169,172.3,606.5,180.5
52,5170,172.333,580.5,180.5
52,5171,172.367,558.5,182.5
52,5172,172.4,540.5,184.5
52,5173,172.433,524.5,190.5
52,5174,172.467,506.5,196.5
52,5175,172.5,492.5,204.5
52,5176,172.533,480.5,212.5
52,5177,172.567,466.5,222.5
52,5178,172.6,452.5,198.5
52,5179,172.633,442.5,186.5
52,5180,172.667,434.5,172.5
52,5181,172.7,420.5,158.5
52,5182,172.733,412.5,150.5
52,5185,172.833,444.5,138.5
52,5186,172.867,476.5,140.5
52,5187,172.9,504.5,146.5
52,5188,172.933,534.5,152.5
52,5189,172.967,564.5,164.5
52,5190,173.0,600.5,180.5
52,5191,173.033,634.5,196.5
52,5192,173.067,672.5,220.5
52,5193,173.1,700.5,242.5
52,5194,173.133,734.5,268.5
52,5195,173.167,756.5,290.5
52,5196,173.2,796.5,334.5
52,5197,173.233,830.5,322.5
52,5198,173.267,868.5,320.5
52,5199,173.3,894.5,318.5
52,5200,173.333,930.5,314.5
52,5201,173.367,968.5,318.5
52,5202,173.4,1000.5,318.5
52,5203,173.433,936.5,276.5
52,5204,173.467,896.5,258.5
52,5205,173.5,844.5,232.5
52,5206,173.533,794.5,212.5
52,5207,173.567,760.5,200.5
52,5208,173.6,722.5,190.5
52,5209,173.633,684.5,180.5
52,5210,173.667,644.5,176.5
52,5211,173.7,620.5,174.5
52,5212,173.733,588.5,174.5
52,5213,173.767,562.5,176.5
52,5214,173.8,534.5,180.5
52,5215,173.833,512.5,186.5
52,5216,173.867,490.5,192.5
52,5217,173.9,468.5,200.5
52,5218,173.933,452.5,210.5
52,5219,173.967,432.5,222.5
52,5220,174.0,412.5,230.5
52,5221,174.033,396.5,212.5
52,5222,174.067,378.5,196.5
52,5223,174.1,362.5,180.5
52,5224,174.133,348.5,168.5
52,5225,174.167,338.5,158.5
52,5226,174.2,326.5,148.5
52,5227,174.233,330.5,152.5
52,5228,174.267,338.5,158.5
52,5229,174.3,358.5,164.5
52,5231,174.367,400.5,184.5
52,5232,174.4,420.5,198.5
52,5233,174.433,440.5,212.5
52,5234,174.467,466.5,234.5
52,5235,174.5,490.5,256.5
52,5236,174.533,510.5,278.5
52,5240,174.667,634.5,268.5
52,5242,174.733,490.5,312.5
52,5243,174.767,476.5,306.5
52,5244,174.8,466.5,306.5
52,5245,174.833,456.5,308.5
52,5246,174.867,446.5,310.5
52,5247,174.9,436.5,318.5
52,5248,174.933,426.5,324.5
52,5249,174.967,412.5,312.5
52,5250,175.0,402.5,306.5
52,5251,175.033,392.5,302.5
52,5252,175.067,382.5,298.5
52,5253,175.1,372.5,300.5
52,5254,175.133,362.5,304.5
52,5255,175.167,354.5,308.5
52,5256,175.2,346.5,312.5
52,5257,175.233,338.5,306.5
52,5258,175.267,328.5,298.5
52,5259,175.3,318.5,294.5
52,5260,175.333,306.5,294.5
52,5261,175.367,298.5,294.5
52,5263,175.433,282.5,308.5
52,5264,175.467,276.5,314.5
52,5265,175.5,270.5,324.5
52,5266,175.533,264.5,336.5
52,5267,175.567,260.5,352.5
52,5268,175.6,256.5,368.5
52,5269,175.633,252.5,384.5
52,5270,175.667,250.5,400.5
52,5271,175.7,248.5,422.5
52,5272,175.733,246.5,444.5
52,5273,175.767,238.5,442.5
52,5274,175.8,230.5,430.5
52,5275,175.833,220.5,420.5
52,5276,175.867,212.5,412.5
52,5277,175.9,204.5,406.5
52,5278,175.933,196.5,402.5
52,5279,175.967,190.5,402.5
52,5280,176.0,182.5,402.5
52,5281,176.033,176.5,406.5
52,5282,176.067,170.5,410.5
52,5283,176.1,166.5,416.5
52,5284,176.133,164.5,424.5
52,5285,176.167,160.5,434.5
52,5286,176.2,154.5,436.5
52,5287,176.233,146.5,430.5
52,5288,176.267,140.5,424.5
52,5289,176.3,134.5,420.5
52,5290,176.333,126.5,420.5
52,5291,176.367,122.5,420.5
52,5292,176.4,118.5,422.5
52,5293,176.433,114.5,428.5
52,5294,176.467,110.5,432.5
52,5295,176.5,104.5,428.5
52,5296,176.533,98.5,424.5
52,5297,176.567,94.5,424.5
52,5298,176.6,90.5,424.5
52,5299,176.633,86.5,430.5
52,5301,176.7,90.5,368.5
53,5428,180.933,322.5,246.5
53,5429,180.967,316.5,250.5
53,5430,181.0,310.5,250.5
53,5431,181.033,306.5,252.5
53,5432,181.067,300.5,254.5
53,5433,181.1,296.5,256.5
53,5434,181.133,292.5,256.5
53,5435,181.167,288.5,258.5
54,5452,181.733,268.5,242.5
54,5453,181.767,266.5,228.5
54,5454,181.8,262.5,210.5
54,5455,181.833,256.5,200.5
54,5456,181.867,252.5,192.5
54,5457,181.9,250.5,182.5
54,5458,181.933,248.5,178.5
54,5459,181.967,246.5,174.5
54,5460,182.0,244.5,176.5
54,5461,182.033,242.5,178.5
54,5462,182.067,242.5,184.5
54,5463,182.1,242.5,188.5
54,5464,182.133,242.5,196.5
54,5465,182.167,246.5,210.5
54,5466,182.2,250.5,226.5
54,5467,182.233,266.5,240.5
54,5470,182.333,356.5,280.5
54,5471,182.367,384.5,278.5
54,5472,182.4,410.5,276.5
54,5473,182.433,436.5,276.5
54,5474,182.467,468.5,278.5
54,5475,182.5,498.5,284.5
54,5476,182.533,526.5,292.5
54,5477,182.567,562.5,306.5
54,5478,182.6,596.5,320.5
54,5479,182.633,618.5,336.5
54,5480,182.667,654.5,360.5
54,5481,182.7,692.5,388.5
54,5482,182.733,722.5,404.5
54,5483,182.767,752.5,398.5
54,5484,182.8,784.5,392.5
54,5485,182.833,816.5,392.5
54,5487,182.9,796.5,354.5
54,5488,182.933,762.5,328.5
54,5489,182.967,730.5,306.5
54,5490,183.0,680.5,282.5
54,5491,183.033,640.5,270.5
54,5492,183.067,610.5,258.5
54,5493,183.1,582.5,250.5
54,5494,183.133,556.5,244.5
54,5495,183.167,532.5,242.5
54,5496,183.2,508.5,242.5
54,5497,183.233,488.5,242.5
54,5498,183.267,470.5,244.5
54,5499,183.3,454.5,250.5
54,5500,183.333,442.5,256.5
54,5501,183.367,426.5,246.5
54,5502,183.4,412.5,230.5
54,5503,183.433,398.5,212.5
54,5504,183.467,392.5,202.5
54,5505,183.5,380.5,190.5
54,5506,183.533,406.5,192.5
54,5507,183.567,450.5,204.5
54,5508,183.6,492.5,214.5
54,5509,183.633,526.5,228.5
54,5510,183.667,560.5,240.5
54,5511,183.7,592.5,254.5
54,5512,183.733,626.5,274.5
54,5513,183.767,622.5,276.5
54,5514,183.8,614.5,282.5
54,5517,183.9,596.5,264.5
54,5518,183.933,588.5,258.5
54,5519,183.967,582.5,256.5
54,5520,184.0,578.5,254.5
54,5521,184.033,572.5,256.5
54,5522,184.067,564.5,258.5
54,5523,184.1,562.5,266.5
54,5524,184.133,556.5,260.5
54,5525,184.167,550.5,252.5
54,5526,184.2,546.5,248.5
54,5527,184.233,540.5,244.5
54,5528,184.267,534.5,244.5
54,5529,184.3,528.5,244.5
54,5530,184.333,522.5,246.5
54,5531,184.367,520.5,250.5
54,5532,184.4,514.5,246.5
54,5533,184.433,510.5,240.5
54,5534,184.467,506.5,236.5
54,5535,184.5,500.5,232.5
54,5536,184.533,496.5,232.5
54,5537,184.567,492.5,234.5
54,5538,184.6,490.5,238.5
54,5539,184.633,482.5,236.5
54,5540,184.667,478.5,230.5
54,5541,184.7,474.5,228.5
54,5542,184.733,470.5,226.5
54,5543,184.767,466.5,226.5
54,5544,184.8,462.5,228.5
54,5545,184.833,458.5,232.5
54,5546,184.867,454.5,228.5
54,5547,184.9,452.5,222.5
54,5548,184.933,446.5,216.5
54,5549,184.967,442.5,216.5
54,5550,185.0,436.5,216.5
54,5551,185.033,434.5,220.5
54,5552,185.067,436.5,222.5
54,5553,185.1,436.5,220.5
54,5556,185.2,420.5,216.5
54,5558,185.267,400.5,214.5
54,5561,185.367,368.5,222.5
55,5567,185.567,344.5,224.5
55,5571,185.7,354.5,214.5
55,5572,185.733,358.5,208.5
55,5573,185.767,360.5,200.5
55,5574,185.8,362.5,190.5
55,5575,185.833,362.5,178.5
55,5576,185.867,366.5,168.5
55,5577,185.9,364.5,154.5
55,5578,185.933,360.5,140.5
55,5579,185.967,360.5,128.5
55,5580,186.0,360.5,116.5
55,5582,186.067,350.5,98.5
55,5584,186.133,312.5,204.5
56,5595,186.5,684.5,714.5
56,5596,186.533,684.5,714.5
56,5598,186.6,684.5,714.5
56,5600,186.667,684.5,714.5
56,5601,186.7,682.5,714.5
56,5604,186.8,488.5,592.5
56,5607,186.9,692.5,712.5
56,5608,186.933,694.5,714.5
56,5609,186.967,700.5,714.5
57,5622,187.4,314.5,178.5
57,5623,187.433,314.5,176.5
57,5624,187.467,316.5,168.5
57,5625,187.5,314.5,162.5
57,5626,187.533,316.5,154.5
57,5627,187.567,314.5,144.5
57,5628,187.6,316.5,136.5
58,5638,187.933,380.5,150.5
58,5639,187.967,396.5,170.5
58,5640,188.0,406.5,188.5
58,5641,188.033,426.5,210.5
58,5642,188.067,450.5,242.5
58,5643,188.1,466.5,264.5
58,5644,188.133,484.5,272.5
58,5645,188.167,492.5,256.5
58,5646,188.2,506.5,240.5
58,5647,188.233,518.5,226.5
58,5648,188.267,530.5,216.5
58,5649,188.3,542.5,210.5
58,5650,188.333,554.5,206.5
58,5651,188.367,568.5,204.5
58,5652,188.4,582.5,202.5
58,5653,188.433,596.5,208.5
58,5654,188.467,610.5,212.5
58,5655,188.5,624.5,222.5
58,5656,188.533,638.5,232.5
58,5657,188.567,650.5,244.5
58,5658,188.6,674.5,272.5
58,5659,188.633,680.5,286.5
58,5660,188.667,690.5,306.5
58,5661,188.7,706.5,332.5
58,5662,188.733,714.5,354.5
58,5663,188.767,728.5,368.5
58,5664,188.8,740.5,348.5
58,5665,188.833,754.5,334.5
58,5666,188.867,764.5,322.5
58,5667,188.9,776.5,312.5
58,5668,188.933,790.5,308.5
58,5669,188.967,802.5,304.5
58,5670,189.0,814.5,306.5
58,5671,189.033,826.5,306.5
58,5675,189.167,890.5,280.5
58,5677,189.233,856.5,430.5
58,5678,189.267,876.5,416.5
59,5723,190.767,866.5,306.5
59,5724,190.8,834.5,310.5
59,5725,190.833,760.5,292.5
59,5726,190.867,736.5,280.5
59,5727,190.9,698.5,260.5
59,5728,190.933,652.5,242.5
59,5729,190.967,626.5,232.5
59,5730,191.0,592.5,226.5
59,5731,191.033,562.5,220.5
59,5732,191.067,530.5,216.5
59,5733,191.1,500.5,218.5
59,5734,191.133,476.5,220.5
59,5735,191.167,450.5,226.5
59,5736,191.2,426.5,232.5
59,5737,191.233,402.5,242.5
59,5738,191.267,380.5,256.5
59,5739,191.3,354.5,250.5
59,5740,191.333,322.5,244.5
59,5741,191.367,304.5,244.5
59,5744,191.467,226.5,252.5
59,5746,191.533,182.5,276.5
59,5747,191.567,168.5,282.5
59,5748,191.6,148.5,296.5
59,5749,191.633,132.5,314.5
59,5750,191.667,118.5,330.5
59,5751,191.7,106.5,348.5
59,5752,191.733,94.5,366.5
59,5753,191.767,80.5,384.5
59,5754,191.8,66.5,378.5
60,5868,195.6,208.5,30.5
60,5869,195.633,236.5,66.5
60,5870,195.667,260.5,94.5
60,5871,195.7,290.5,130.5
60,5872,195.733,316.5,168.5
60,5873,195.767,344.5,210.5
60,5874,195.8,368.5,248.5
60,5875,195.833,396.5,290.5
60,5877,195.9,450.5,384.5
60,5879,195.967,482.5,454.5
60,5880,196.0,502.5,498.5
60,5881,196.033,518.5,532.5
60,5882,196.067,540.5,574.5
60,5883,196.1,546.5,556.5
60,5884,196.133,550.5,536.5
60,5885,196.167,554.5,518.5
60,5886,196.2,560.5,500.5
60,5887,196.233,566.5,486.5
60,5888,196.267,570.5,476.5
60,5889,196.3,576.5,466.5
60,5890,196.333,580.5,462.5
60,5891,196.367,586.5,458.5
60,5892,196.4,592.5,458.5
60,5893,196.433,598.5,460.5
60,5894,196.467,604.5,466.5
60,5895,196.5,610.5,472.5
60,5896,196.533,614.5,482.5
60,5897,196.567,620.5,496.5
60,5898,196.6,624.5,508.5
60,5899,196.633,628.5,526.5
60,5900,196.667,632.5,540.5
60,5901,196.7,636.5,562.5
60,5902,196.733,642.5,576.5
60,5903,196.767,650.5,564.5
60,5904,196.8,658.5,554.5
60,5905,196.833,666.5,544.5
60,5906,196.867,674.5,538.5
60,5907,196.9,684.5,536.5
60,5908,196.933,692.5,534.5
60,5909,196.967,700.5,536.5
60,5910,197.0,708.5,540.5
60,5911,197.033,714.5,546.5
60,5912,197.067,720.5,552.5
60,5913,197.1,728.5,564.5
60,5914,197.133,734.5,576.5
60,5915,197.167,740.5,574.5
60,5916,197.2,744.5,566.5
60,5917,197.233,748.5,564.5
60,5918,197.267,754.5,564.5
60,5919,197.3,758.5,566.5
60,5920,197.333,762.5,568.5
60,5921,197.367,764.5,576.5
60,5922,197.4,770.5,574.5
60,5923,197.433,774.5,570.5
60,5924,197.467,780.5,572.5
60,5925,197.5,784.5,576.5
60,5926,197.533,788.5,576.5
60,5930,197.667,812.5,586.5
60,5931,197.7,820.5,594.5
60,5932,197.733,834.5,602.5
60,5933,197.767,846.5,612.5
60,5934,197.8,858.5,616.5
60,5935,197.833,864.5,622.5
60,5936,197.867,876.5,628.5
60,5937,197.9,884.5,632.5
60,5938,197.933,894.5,640.5
60,5939,197.967,902.5,644.5
60,5940,198.0,912.5,652.5
61,5950,198.333,332.5,154.5
61,5951,198.367,326.5,144.5
61,5952,198.4,320.5,134.5
61,5953,198.433,316.5,124.5
61,5954,198.467,312.5,114.5
61,5955,198.5,312.5,104.5
61,5956,198.533,306.5,98.5
61,5957,198.567,306.5,88.5
61,5959,198.633,294.5,80.5
62,5972,199.067,296.5,92.5
62,5973,199.1,300.5,102.5
62,5974,199.133,302.5,114.5
62,5975,199.167,308.5,132.5
62,5976,199.2,312.5,148.5
62,5978,199.267,328.5,198.5
62,5979,199.3,336.5,216.5
62,5980,199.333,346.5,224.5
63,6005,200.167,946.5,276.5
63,6006,200.2,874.5,286.5
63,6007,200.233,818.5,298.5
63,6008,200.267,768.5,316.5
63,6010,200.333,678.5,274.5
63,6011,200.367,648.5,260.5
63,6012,200.4,618.5,246.5
63,6013,200.433,584.5,236.5
63,6014,200.467,558.5,228.5
63,6015,200.5,526.5,224.5
63,6016,200.533,492.5,222.5
63,6017,200.567,468.5,222.5
63,6018,200.6,440.5,226.5
63,6019,200.633,412.5,230.5
63,6020,200.667,388.5,242.5
63,6021,200.7,368.5,250.5
63,6022,200.733,348.5,248.5
63,6023,200.767,330.5,232.5
63,6024,200.8,310.5,222.5
63,6025,200.833,296.5,212.5
63,6026,200.867,276.5,204.5
63,6029,200.967,290.5,180.5
63,6030,201.0,320.5,172.5
63,6031,201.033,350.5,164.5
63,6032,201.067,386.5,162.5
63,6033,201.1,418.5,158.5
63,6034,201.133,456.5,162.5
63,6035,201.167,490.5,166.5
63,6036,201.2,526.5,174.5
63,6037,201.233,556.5,184.5
63,6038,201.267,592.5,196.5
63,6039,201.3,626.5,212.5
63,6040,201.333,670.5,234.5
63,6041,201.367,698.5,254.5
63,6042,201.4,730.5,276.5
63,6043,201.433,754.5,296.5
63,6044,201.467,794.5,336.5
63,6045,201.5,818.5,330.5
63,6046,201.533,854.5,316.5
63,6047,201.567,878.5,308.5
63,6048,201.6,912.5,292.5
63,6049,201.633,938.5,286.5
63,6051,201.7,996.5,284.5
63,6052,201.733,1006.5,276.5
63,6054,201.8,850.5,254.5
63,6055,201.833,796.5,246.5
63,6056,201.867,750.5,244.5
63,6057,201.9,700.5,244.5
63,6058,201.933,654.5,244.5
63,6059,201.967,616.5,248.5
63,6060,202.0,580.5,256.5
63,6061,202.033,546.5,258.5
63,6062,202.067,506.5,272.5
63,6063,202.1,478.5,264.5
63,6064,202.133,454.5,246.5
63,6065,202.167,430.5,230.5
63,6066,202.2,406.5,216.5
63,6067,202.233,380.5,204.5
63,6068,202.267,360.5,196.5
63,6069,202.3,346.5,194.5
63,6070,202.333,326.5,188.5
63,6072,202.4,384.5,180.5
63,6073,202.433,414.5,180.5
63,6074,202.467,458.5,180.5
63,6075,202.5,492.5,180.5
63,6076,202.533,530.5,190.5
63,6077,202.567,562.5,194.5
63,6078,202.6,604.5,206.5
63,6079,202.633,638.5,218.5
63,6080,202.667,680.5,236.5
63,6081,202.7,716.5,252.5
63,6082,202.733,754.5,274.5
63,6083,202.767,790.5,296.5
63,6084,202.8,824.5,318.5
63,6085,202.833,856.5,348.5
63,6086,202.867,896.5,354.5
63,6087,202.9,950.5,340.5
63,6088,202.933,978.5,336.5
63,6089,202.967,998.5,332.5
63,6091,203.033,1002.5,314.5
63,6092,203.067,928.5,290.5
63,6093,203.1,866.5,282.5
63,6094,203.133,816.5,276.5
63,6095,203.167,764.5,272.5
63,6096,203.2,718.5,270.5
63,6097,203.233,680.5,270.5
63,6098,203.267,634.5,274.5
63,6099,203.3,606.5,278.5
63,6100,203.333,604.5,288.5
63,6101,203.367,610.5,300.5
63,6102,203.4,616.5,296.5
63,6103,203.433,622.5,292.5
63,6104,203.467,628.5,290.5
63,6105,203.5,634.5,290.5
63,6106,203.533,642.5,292.5
63,6107,203.567,648.5,294.5
63,6108,203.6,656.5,304.5
63,6109,203.633,658.5,310.5
63,6110,203.667,666.5,322.5
63,6111,203.7,674.5,314.5
63,6112,203.733,682.5,312.5
63,6113,203.767,690.5,312.5
63,6114,203.8,696.5,312.5
63,6115,203.833,704.5,316.5
63,6116,203.867,710.5,324.5
63,6117,203.9,716.5,330.5
63,6118,203.933,722.5,340.5
63,6119,203.967,730.5,330.5
63,6120,204.0,740.5,328.5
63,6121,204.033,746.5,328.5
63,6122,204.067,754.5,332.5
63,6123,204.1,762.5,338.5
63,6124,204.133,768.5,344.5
63,6125,204.167,776.5,352.5
63,6126,204.2,782.5,346.5
63,6127,204.233,790.5,346.5
63,6128,204.267,800.5,344.5
63,6129,204.3,806.5,350.5
63,6130,204.333,814.5,356.5
63,6131,204.367,820.5,366.5
63,6132,204.4,828.5,362.5
63,6133,204.433,834.5,360.5
63,6134,204.467,842.5,360.5
63,6135,204.5,850.5,362.5
63,6136,204.533,858.5,368.5
63,6137,204.567,866.5,376.5
63,6139,204.633,870.5,366.5
64,6218,207.267,1044.5,300.5
64,6221,207.367,1048.5,280.5
64,6225,207.5,874.5,312.5
64,6226,207.533,830.5,322.5
64,6227,207.567,772.5,292.5
64,6228,207.6,748.5,280.5
64,6229,207.633,708.5,260.5
64,6230,207.667,674.5,246.5
64,6231,207.7,640.5,236.5
64,6232,207.733,606.5,228.5
64,6233,207.767,576.5,222.5
64,6234,207.8,544.5,220.5
64,6235,207.833,516.5,222.5
64,6236,207.867,486.5,226.5
64,6237,207.9,464.5,230.5
64,6238,207.933,438.5,238.5
64,6239,207.967,420.5,244.5
64,6240,208.0,396.5,246.5
64,6241,208.033,380.5,228.5
64,6242,208.067,364.5,216.5
64,6243,208.1,344.5,204.5
64,6247,208.233,386.5,174.5
64,6248,208.267,412.5,172.5
64,6249,208.3,434.5,170.5
64,6250,208.333,464.5,172.5
64,6251,208.367,492.5,176.5
64,6252,208.4,526.5,184.5
64,6253,208.433,550.5,194.5
64,6254,208.467,582.5,208.5
64,6255,208.5,612.5,224.5
64,6256,208.533,640.5,242.5
64,6257,208.567,674.5,268.5
64,6258,208.6,694.5,284.5
64,6259,208.633,730.5,322.5
64,6260,208.667,752.5,348.5
64,6261,208.7,786.5,392.5
64,6262,208.733,814.5,386.5
64,6263,208.767,834.5,372.5
64,6264,208.8,864.5,364.5
64,6265,208.833,882.5,358.5
64,6267,208.9,848.5,310.5
64,6268,208.933,812.5,280.5
64,6269,208.967,778.5,260.5
64,6270,209.0,748.5,242.5
64,6271,209.033,718.5,228.5
64,6272,209.067,692.5,220.5
64,6273,209.1,672.5,212.5
64,6274,209.133,644.5,208.5
64,6275,209.167,626.5,206.5
64,6276,209.2,608.5,210.5
64,6277,209.233,588.5,212.5
64,6279,209.3,574.5,216.5
64,6280,209.333,560.5,224.5
64,6281,209.367,548.5,230.5
64,6282,209.4,536.5,240.5
64,6283,209.433,524.5,250.5
64,6284,209.467,514.5,242.5
64,6285,209.5,504.5,222.5
64,6286,209.533,496.5,206.5
64,6287,209.567,486.5,190.5
64,6288,209.6,478.5,178.5
64,6289,209.633,470.5,170.5
64,6290,209.667,466.5,164.5
64,6291,209.7,458.5,156.5
64,6292,209.733,468.5,164.5
64,6293,209.767,482.5,170.5
64,6294,209.8,506.5,182.5
64,6295,209.833,536.5,200.5
64,6296,209.867,558.5,216.5
64,6297,209.9,584.5,238.5
64,6298,209.933,602.5,256.5
64,6299,209.967,622.5,266.5
64,6300,210.0,630.5,274.5
64,6301,210.033,634.5,278.5
64,6302,210.067,642.5,288.5
64,6303,210.1,648.5,300.5
64,6304,210.133,654.5,310.5
64,6305,210.167,660.5,328.5
64,6306,210.2,666.5,322.5
64,6307,210.233,676.5,320.5
64,6308,210.267,682.5,316.5
64,6309,210.3,690.5,320.5
64,6310,210.333,698.5,324.5
64,6311,210.367,702.5,328.5
64,6312,210.4,708.5,340.5
64,6313,210.433,714.5,352.5
64,6314,210.467,722.5,368.5
64,6316,210.533,738.5,358.5
64,6317,210.567,748.5,364.5
64,6318,210.6,760.5,366.5
64,6321,210.7,770.5,406.5
64,6322,210.733,782.5,404.5
64,6323,210.767,790.5,400.5
64,6324,210.8,800.5,402.5
64,6325,210.833,806.5,404.5
64,6326,210.867,814.5,408.5
64,6327,210.9,822.5,420.5
64,6328,210.933,830.5,432.5
64,6329,210.967,840.5,446.5
65,6409,213.633,760.5,306.5
65,6410,213.667,746.5,316.5
65,6411,213.7,722.5,330.5
65,6412,213.733,706.5,350.5
65,6413,213.767,688.5,370.5
65,6414,213.8,674.5,384.5
65,6415,213.833,664.5,358.5
65,6416,213.867,652.5,326.5
65,6417,213.9,644.5,302.5
65,6418,213.933,634.5,282.5
65,6419,213.967,628.5,268.5
65,6420,214.0,620.5,256.5
65,6421,214.033,612.5,244.5
65,6422,214.067,604.5,238.5
65,6423,214.1,596.5,232.5
65,6424,214.133,588.5,232.5
65,6425,214.167,582.5,234.5
65,6426,214.2,574.5,240.5
65,6427,214.233,568.5,244.5
65,6428,214.267,562.5,254.5
65,6429,214.3,556.5,264.5
65,6430,214.333,550.5,280.5
65,6431,214.367,546.5,292.5
65,6432,214.4,542.5,314.5
65,6434,214.467,530.5,296.5
65,6435,214.5,522.5,276.5
65,6436,214.533,518.5,258.5
65,6437,214.567,510.5,246.5
65,6438,214.6,504.5,238.5
65,6439,214.633,498.5,228.5
65,6440,214.667,494.5,226.5
65,6441,214.7,490.5,224.5
65,6442,214.733,484.5,226.5
65,6443,214.767,480.5,228.5
65,6444,214.8,476.5,232.5
65,6445,214.833,472.5,244.5
65,6446,214.867,468.5,254.5
65,6447,214.9,466.5,264.5
65,6448,214.933,464.5,278.5
65,6449,214.967,458.5,288.5
65,6450,215.0,454.5,270.5
65,6451,215.033,450.5,256.5
65,6452,215.067,444.5,242.5
65,6453,215.1,442.5,232.5
65,6454,215.133,436.5,228.5
65,6455,215.167,434.5,224.5
65,6456,215.2,428.5,218.5
65,6457,215.233,424.5,218.5
65,6458,215.267,422.5,224.5
65,6459,215.3,418.5,228.5
65,6460,215.333,416.5,232.5
65,6461,215.367,414.5,242.5
65,6462,215.4,410.5,256.5
65,6463,215.433,410.5,264.5
65,6464,215.467,406.5,256.5
65,6465,215.5,402.5,242.5
65,6466,215.533,396.5,230.5
65,6467,215.567,392.5,224.5
65,6468,215.6,388.5,218.5
65,6471,215.7,376.5,214.5
65,6473,215.767,376.5,218.5
65,6474,215.8,376.5,214.5
66,6481,216.033,344.5,232.5
66,6484,216.133,326.5,244.5
66,6485,216.167,318.5,244.5
66,6486,216.2,314.5,246.5
66,6487,216.233,310.5,248.5
66,6488,216.267,304.5,252.5
66,6489,216.3,298.5,252.5
66,6490,216.333,294.5,254.5
66,6491,216.367,290.5,254.5
67,6518,217.267,272.5,246.5
67,6519,217.3,270.5,234.5
67,6520,217.333,266.5,222.5
67,6521,217.367,258.5,226.5
67,6522,217.4,258.5,198.5
67,6523,217.433,254.5,194.5
67,6524,217.467,254.5,188.5
67,6525,217.5,252.5,184.5
67,6526,217.533,250.5,184.5
67,6527,217.567,246.5,190.5
67,6528,217.6,248.5,194.5
67,6529,217.633,246.5,204.5
67,6530,217.667,248.5,212.5
67,6531,217.7,252.5,224.5
67,6532,217.733,270.5,242.5
67,6534,217.8,330.5,280.5
67,6535,217.833,368.5,282.5
67,6536,217.867,402.5,280.5
67,6537,217.9,432.5,276.5
67,6538,217.933,464.5,276.5
67,6539,217.967,502.5,280.5
67,6540,218.0,544.5,290.5
67,6541,218.033,576.5,300.5
67,6542,218.067,610.5,310.5
67,6543,218.1,652.5,328.5
67,6544,218.133,686.5,348.5
67,6545,218.167,720.5,368.5
67,6546,218.2,764.5,400.5
67,6547,218.233,800.5,406.5
67,6548,218.267,844.5,402.5
67,6549,218.3,882.5,400.5
67,6550,218.333,830.5,374.5
67,6551,218.367,780.5,356.5
67,6552,218.4,730.5,342.5
67,6553,218.433,686.5,334.5
67,6554,218.467,642.5,324.5
67,6555,218.5,602.5,318.5
67,6556,218.533,558.5,316.5
67,6557,218.567,530.5,318.5
67,6558,218.6,522.5,326.5
67,6559,218.633,528.5,344.5
67,6560,218.667,538.5,344.5
67,6561,218.7,544.5,336.5
67,6562,218.733,552.5,328.5
67,6563,218.767,558.5,324.5
67,6564,218.8,566.5,324.5
67,6565,218.833,576.5,326.5
67,6566,218.867,586.5,332.5
67,6567,218.9,590.5,338.5
67,6568,218.933,600.5,350.5
67,6569,218.967,608.5,362.5
67,6570,219.0,614.5,378.5
67,6571,219.033,624.5,376.5
67,6572,219.067,630.5,370.5
67,6573,219.1,640.5,364.5
67,6574,219.133,650.5,362.5
67,6575,219.167,658.5,362.5
67,6576,219.2,666.5,368.5
67,6577,219.233,674.5,374.5
67,6578,219.267,682.5,384.5
67,6579,219.3,688.5,392.5
67,6580,219.333,696.5,410.5
67,6581,219.367,706.5,408.5
67,6582,219.4,714.5,402.5
67,6583,219.433,722.5,398.5
67,6584,219.467,734.5,396.5
67,6585,219.5,742.5,398.5
67,6586,219.533,750.5,404.5
67,6587,219.567,758.5,410.5
67,6588,219.6,766.5,420.5
67,6589,219.633,774.5,436.5
67,6590,219.667,784.5,438.5
67,6591,219.7,792.5,434.5
67,6592,219.733,804.5,428.5
67,6593,219.767,814.5,426.5
67,6594,219.8,824.5,432.5
