track,frame,t_s,x_px,y_px
0,127,4.233,280.5,498.5
0,130,4.333,282.5,478.5
0,131,4.367,278.5,476.5
0,133,4.433,272.5,466.5
0,134,4.467,264.5,462.5
0,136,4.533,256.5,450.5
0,138,4.6,248.5,434.5
0,141,4.7,234.5,414.5
1,292,9.733,978.5,312.5
1,293,9.767,982.5,314.5
1,294,9.8,992.5,316.5
1,295,9.833,996.5,322.5
1,296,9.867,1002.5,330.5
1,297,9.9,1006.5,338.5
1,298,9.933,1012.5,344.5
1,299,9.967,988.5,374.5
2,345,11.5,974.5,340.5
2,346,11.533,972.5,352.5
2,347,11.567,972.5,350.5
2,348,11.6,974.5,338.5
2,349,11.633,980.5,322.5
2,350,11.667,992.5,300.5
3,358,11.933,898.5,282.5
3,359,11.967,854.5,300.5
3,360,12.0,814.5,318.5
3,361,12.033,780.5,336.5
3,362,12.067,748.5,354.5
3,363,12.1,722.5,366.5
3,364,12.133,702.5,330.5
3,365,12.167,684.5,298.5
3,366,12.2,666.5,270.5
3,367,12.233,648.5,246.5
3,368,12.267,630.5,226.5
3,369,12.3,612.5,208.5
3,370,12.333,596.5,194.5
3,371,12.367,580.5,186.5
3,372,12.4,564.5,178.5
3,373,12.433,548.5,176.5
3,374,12.467,534.5,176.5
3,375,12.5,522.5,178.5
3,376,12.533,510.5,184.5
3,377,12.567,498.5,190.5
3,378,12.6,486.5,200.5
3,379,12.633,476.5,212.5
3,380,12.667,466.5,226.5
3,381,12.7,458.5,242.5
3,382,12.733,450.5,258.5
3,383,12.767,442.5,274.5
3,384,12.8,432.5,250.5
3,385,12.833,422.5,230.5
3,386,12.867,412.5,212.5
3,387,12.9,402.5,198.5
3,388,12.933,394.5,186.5
3,389,12.967,384.5,176.5
3,390,13.0,376.5,170.5
3,391,13.033,370.5,164.5
3,392,13.067,362.5,162.5
3,393,13.1,354.5,162.5
3,394,13.133,348.5,166.5
3,395,13.167,344.5,172.5
3,396,13.2,338.5,178.5
3,397,13.233,332.5,178.5
3,398,13.267,328.5,170.5
4,404,13.467,334.5,168.5
4,405,13.5,340.5,168.5
4,406,13.533,346.5,170.5
4,407,13.567,352.5,170.5
4,408,13.6,358.5,166.5
4,409,13.633,362.5,160.5
4,410,13.667,368.5,154.5
4,411,13.7,372.5,146.5
4,412,13.733,376.5,134.5
4,413,13.767,380.5,122.5
4,414,13.8,382.5,108.5
4,415,13.833,384.5,94.5
4,416,13.867,384.5,80.5
4,417,13.9,384.5,66.5
4,418,13.933,384.5,56.5
4,419,13.967,386.5,46.5
4,420,14.0,388.5,40.5
4,424,14.133,390.5,40.5
4,425,14.167,392.5,42.5
4,426,14.2,394.5,52.5
4,427,14.233,396.5,64.5
4,428,14.267,398.5,76.5
4,429,14.3,402.5,90.5
4,430,14.333,402.5,106.5
4,431,14.367,408.5,126.5
4,432,14.4,410.5,144.5
4,433,14.433,412.5,166.5
4,434,14.467,416.5,188.5
4,435,14.5,418.5,210.5
4,436,14.533,420.5,236.5
4,437,14.567,420.5,224.5
4,438,14.6,418.5,202.5
4,439,14.633,416.5,184.5
4,440,14.667,416.5,164.5
4,441,14.7,414.5,150.5
4,442,14.733,414.5,136.5
4,443,14.767,412.5,126.5
4,444,14.8,412.5,118.5
4,445,14.833,412.5,112.5
4,446,14.867,412.5,106.5
4,447,14.9,412.5,106.5
4,448,14.933,412.5,108.5
4,449,14.967,414.5,112.5
4,450,15.0,414.5,118.5
4,451,15.033,416.5,126.5
4,452,15.067,416.5,134.5
4,453,15.1,418.5,146.5
4,454,15.133,418.5,160.5
4,455,15.167,420.5,174.5
4,456,15.2,422.5,192.5
4,457,15.233,424.5,210.5
4,458,15.267,428.5,230.5
4,459,15.3,428.5,234.5
4,460,15.333,428.5,214.5
4,461,15.367,426.5,198.5
4,462,15.4,426.5,184.5
4,463,15.433,424.5,172.5
4,464,15.467,424.5,162.5
4,465,15.5,424.5,156.5
4,466,15.533,424.5,152.5
4,467,15.567,422.5,146.5
4,468,15.6,424.5,148.5
4,469,15.633,426.5,150.5
4,470,15.667,426.5,154.5
4,471,15.7,426.5,162.5
4,472,15.733,428.5,170.5
4,473,15.767,430.5,180.5
4,474,15.8,430.5,192.5
4,475,15.833,432.5,204.5
4,476,15.867,434.5,220.5
4,477,15.9,434.5,238.5
4,478,15.933,434.5,226.5
4,479,15.967,434.5,212.5
4,480,16.0,432.5,202.5
4,481,16.033,432.5,192.5
4,482,16.067,432.5,182.5
4,483,16.1,430.5,180.5
4,484,16.133,432.5,176.5
4,486,16.2,432.5,178.5
4,487,16.233,432.5,180.5
4,488,16.267,432.5,186.5
4,489,16.3,434.5,192.5
4,490,16.333,434.5,198.5
4,494,16.467,424.5,204.5
4,496,16.533,428.5,198.5
4,497,16.567,430.5,188.5
4,498,16.6,430.5,178.5
4,499,16.633,430.5,166.5
4,500,16.667,428.5,148.5
4,501,16.7,426.5,130.5
4,502,16.733,422.5,110.5
4,503,16.767,420.5,94.5
4,504,16.8,416.5,74.5
4,505,16.833,412.5,58.5
4,506,16.867,410.5,48.5
4,507,16.9,406.5,38.5
4,508,16.933,404.5,32.5
4,509,16.967,402.5,26.5
4,511,17.033,400.5,28.5
4,512,17.067,398.5,32.5
4,513,17.1,396.5,36.5
4,514,17.133,396.5,44.5
4,515,17.167,396.5,56.5
4,516,17.2,396.5,66.5
4,517,17.233,396.5,82.5
4,518,17.267,394.5,98.5
4,519,17.3,396.5,114.5
4,520,17.333,396.5,136.5
4,521,17.367,398.5,156.5
4,522,17.4,398.5,180.5
4,523,17.433,400.5,202.5
4,524,17.467,400.5,228.5
4,525,17.5,402.5,242.5
4,526,17.533,400.5,218.5
4,527,17.567,396.5,196.5
4,528,17.6,394.5,176.5
4,529,17.633,392.5,160.5
4,530,17.667,390.5,146.5
4,531,17.7,390.5,132.5
4,532,17.733,388.5,122.5
4,533,17.767,388.5,114.5
4,534,17.8,386.5,108.5
4,535,17.833,386.5,106.5
4,536,17.867,386.5,104.5
4,537,17.9,386.5,108.5
4,538,17.933,388.5,112.5
4,539,17.967,388.5,118.5
4,540,18.0,390.5,128.5
4,541,18.033,390.5,138.5
4,542,18.067,392.5,150.5
4,543,18.1,394.5,164.5
4,544,18.133,396.5,178.5
4,545,18.167,394.5,186.5
4,546,18.2,394.5,190.5
4,547,18.233,390.5,192.5
4,548,18.267,386.5,198.5
4,549,18.3,382.5,204.5
4,550,18.333,376.5,208.5
4,551,18.367,368.5,216.5
4,552,18.4,360.5,220.5
4,556,18.533,328.5,242.5
4,558,18.6,316.5,250.5
4,559,18.633,310.5,250.5
5,568,18.933,278.5,258.5
5,569,18.967,272.5,258.5
5,570,19.0,266.5,254.5
5,571,19.033,258.5,248.5
5,572,19.067,252.5,242.5
5,573,19.1,244.5,232.5
5,574,19.133,236.5,220.5
5,575,19.167,228.5,206.5
5,576,19.2,224.5,192.5
5,577,19.233,218.5,172.5
5,578,19.267,214.5,156.5
5,579,19.3,212.5,144.5
5,580,19.333,208.5,130.5
5,581,19.367,206.5,122.5
5,582,19.4,206.5,114.5
5,583,19.433,206.5,112.5
5,584,19.467,202.5,106.5
5,585,19.5,204.5,110.5
5,586,19.533,204.5,114.5
5,587,19.567,206.5,122.5
5,588,19.6,206.5,130.5
5,589,19.633,208.5,140.5
5,590,19.667,210.5,154.5
5,591,19.7,214.5,170.5
5,592,19.733,216.5,186.5
5,593,19.767,220.5,204.5
5,594,19.8,222.5,226.5
5,595,19.833,236.5,246.5
5,596,19.867,270.5,264.5
5,597,19.9,304.5,282.5
5,598,19.933,336.5,290.5
5,599,19.967,364.5,282.5
5,600,20.0,390.5,278.5
5,601,20.033,418.5,274.5
5,602,20.067,446.5,274.5
5,603,20.1,474.5,276.5
5,604,20.133,502.5,282.5
5,605,20.167,528.5,290.5
5,606,20.2,556.5,300.5
5,607,20.233,584.5,314.5
5,608,20.267,610.5,330.5
5,609,20.3,638.5,350.5
5,610,20.333,664.5,364.5
5,611,20.367,684.5,358.5
5,612,20.4,706.5,354.5
5,613,20.433,728.5,354.5
5,614,20.467,750.5,354.5
5,615,20.5,772.5,360.5
5,616,20.533,794.5,370.5
5,617,20.567,784.5,360.5
5,618,20.6,742.5,330.5
5,619,20.633,702.5,304.5
5,620,20.667,664.5,284.5
5,621,20.7,628.5,268.5
5,622,20.733,598.5,256.5
5,623,20.767,568.5,248.5
5,624,20.8,542.5,242.5
5,625,20.833,520.5,240.5
5,626,20.867,496.5,240.5
5,627,20.9,476.5,242.5
5,628,20.933,460.5,246.5
5,629,20.967,442.5,252.5
5,630,21.0,428.5,250.5
5,631,21.033,412.5,234.5
5,632,21.067,398.5,218.5
5,633,21.1,384.5,206.5
5,634,21.133,372.5,196.5
5,636,21.2,408.5,170.5
5,637,21.233,428.5,158.5
5,638,21.267,448.5,148.5
5,639,21.3,470.5,142.5
5,640,21.333,492.5,138.5
5,641,21.367,514.5,134.5
5,642,21.4,536.5,134.5
5,643,21.433,558.5,138.5
5,644,21.467,582.5,142.5
5,645,21.5,606.5,148.5
5,646,21.533,630.5,158.5
5,647,21.567,652.5,170.5
5,648,21.6,678.5,184.5
5,649,21.633,702.5,202.5
5,650,21.667,722.5,220.5
5,651,21.7,746.5,242.5
5,652,21.733,768.5,264.5
5,653,21.767,792.5,288.5
5,654,21.8,814.5,314.5
5,655,21.833,834.5,328.5
5,656,21.867,854.5,310.5
5,657,21.9,874.5,294.5
5,658,21.933,894.5,282.5
5,659,21.967,912.5,272.5
5,660,22.0,932.5,264.5
5,661,22.033,950.5,260.5
6,669,22.3,850.5,248.5
6,670,22.333,786.5,242.5
6,671,22.367,730.5,242.5
6,672,22.4,676.5,242.5
6,673,22.433,626.5,250.5
6,674,22.467,582.5,258.5
6,675,22.5,542.5,266.5
6,676,22.533,506.5,282.5
6,677,22.567,470.5,282.5
6,678,22.6,436.5,260.5
6,679,22.633,402.5,240.5
6,680,22.667,370.5,226.5
6,681,22.7,340.5,212.5
6,682,22.733,312.5,204.5
6,683,22.767,284.5,198.5
6,684,22.8,258.5,194.5
6,685,22.833,236.5,194.5
6,686,22.867,212.5,198.5
6,687,22.9,192.5,202.5
6,688,22.933,172.5,208.5
6,689,22.967,160.5,214.5
6,690,23.0,182.5,198.5
6,691,23.033,208.5,186.5
6,692,23.067,234.5,174.5
6,693,23.1,262.5,166.5
6,694,23.133,290.5,160.5
6,695,23.167,320.5,156.5
6,696,23.2,350.5,154.5
6,697,23.233,380.5,154.5
6,698,23.267,412.5,160.5
6,699,23.3,444.5,166.5
6,700,23.333,476.5,176.5
6,701,23.367,508.5,188.5
6,702,23.4,540.5,202.5
6,703,23.433,574.5,220.5
6,704,23.467,606.5,240.5
6,705,23.5,638.5,262.5
6,706,23.533,668.5,286.5
6,707,23.567,702.5,312.5
6,708,23.6,732.5,342.5
6,709,23.633,760.5,350.5
6,710,23.667,784.5,330.5
6,711,23.7,810.5,316.5
6,712,23.733,836.5,304.5
6,713,23.767,862.5,294.5
6,714,23.8,888.5,288.5
6,715,23.833,914.5,284.5
6,716,23.867,940.5,282.5
7,723,24.1,908.5,266.5
7,724,24.133,844.5,244.5
7,725,24.167,780.5,226.5
7,726,24.2,722.5,214.5
7,727,24.233,674.5,208.5
7,728,24.267,624.5,204.5
7,729,24.3,582.5,206.5
7,730,24.333,544.5,210.5
7,731,24.367,510.5,216.5
7,732,24.4,478.5,226.5
7,733,24.433,450.5,236.5
7,734,24.467,424.5,250.5
7,735,24.5,400.5,236.5
7,736,24.533,376.5,214.5
7,737,24.567,352.5,196.5
7,738,24.6,332.5,180.5
7,739,24.633,312.5,170.5
7,740,24.667,292.5,162.5
7,742,24.733,290.5,140.5
7,743,24.767,308.5,128.5
7,744,24.8,328.5,114.5
7,745,24.833,348.5,102.5
7,746,24.867,368.5,92.5
7,747,24.9,388.5,84.5
7,748,24.933,410.5,80.5
7,749,24.967,432.5,76.5
7,750,25.0,456.5,76.5
7,751,25.033,478.5,76.5
7,752,25.067,502.5,80.5
7,753,25.1,526.5,88.5
7,754,25.133,552.5,96.5
7,755,25.167,576.5,106.5
7,756,25.2,602.5,122.5
7,757,25.233,628.5,138.5
7,758,25.267,654.5,156.5
7,759,25.3,680.5,178.5
7,760,25.333,704.5,202.5
7,761,25.367,730.5,226.5
7,762,25.4,754.5,254.5
7,763,25.433,780.5,286.5
7,764,25.467,806.5,318.5
7,765,25.5,830.5,352.5
7,766,25.533,854.5,376.5
7,767,25.567,874.5,352.5
7,768,25.6,896.5,332.5
7,769,25.633,918.5,316.5
7,770,25.667,938.5,302.5
7,771,25.7,960.5,290.5
7,772,25.733,980.5,282.5
7,776,25.867,1236.5,494.5
7,779,25.967,1122.5,318.5
7,782,26.067,912.5,250.5
7,783,26.1,840.5,234.5
7,784,26.133,774.5,224.5
7,785,26.167,716.5,218.5
7,786,26.2,668.5,216.5
7,787,26.233,618.5,218.5
7,788,26.267,578.5,226.5
7,789,26.3,542.5,234.5
7,790,26.333,508.5,242.5
7,791,26.367,480.5,256.5
7,792,26.4,452.5,270.5
7,793,26.433,424.5,244.5
7,794,26.467,396.5,218.5
7,795,26.5,370.5,198.5
7,796,26.533,346.5,182.5
7,797,26.567,322.5,170.5
7,798,26.6,300.5,160.5
7,799,26.633,282.5,152.5
7,800,26.667,262.5,148.5
7,801,26.7,246.5,148.5
7,802,26.733,230.5,148.5
7,803,26.767,218.5,152.5
7,804,26.8,254.5,150.5
7,805,26.833,300.5,152.5
7,806,26.867,346.5,154.5
7,807,26.9,392.5,162.5
7,808,26.933,440.5,174.5
7,809,26.967,484.5,190.5
7,810,27.0,532.5,210.5
7,811,27.033,582.5,234.5
7,812,27.067,630.5,260.5
7,813,27.1,680.5,292.5
7,814,27.133,728.5,328.5
7,815,27.167,774.5,338.5
7,816,27.2,818.5,328.5
7,817,27.233,866.5,318.5
7,818,27.267,916.5,314.5
7,819,27.3,966.5,314.5
7,820,27.333,1020.5,316.5
7,821,27.367,1070.5,322.5
7,824,27.467,1056.5,268.5
8,829,27.633,602.5,56.5
8,830,27.667,542.5,44.5
8,831,27.7,490.5,36.5
8,832,27.733,444.5,34.5
8,833,27.767,402.5,36.5
8,834,27.8,366.5,42.5
8,835,27.833,334.5,50.5
8,836,27.867,306.5,60.5
8,837,27.9,282.5,74.5
8,838,27.933,260.5,88.5
8,839,27.967,242.5,104.5
8,840,28.0,226.5,120.5
8,841,28.033,210.5,138.5
8,842,28.067,200.5,156.5
8,843,28.1,208.5,176.5
8,844,28.133,224.5,194.5
8,845,28.167,240.5,214.5
8,846,28.2,256.5,238.5
8,847,28.233,274.5,262.5
8,850,28.333,320.5,340.5
8,851,28.367,336.5,370.5
8,852,28.4,342.5,366.5
8,853,28.433,346.5,358.5
8,854,28.467,348.5,352.5
8,855,28.5,352.5,348.5
8,856,28.533,356.5,346.5
8,857,28.567,362.5,346.5
8,858,28.6,366.5,346.5
8,859,28.633,370.5,348.5
8,860,28.667,376.5,356.5
8,861,28.7,380.5,364.5
8,862,28.733,386.5,372.5
8,863,28.767,392.5,386.5
8,864,28.8,398.5,398.5
8,865,28.833,402.5,412.5
8,866,28.867,408.5,428.5
8,867,28.9,412.5,432.5
8,868,28.933,416.5,428.5
8,869,28.967,418.5,428.5
8,870,29.0,422.5,430.5
8,871,29.033,424.5,434.5
8,872,29.067,428.5,440.5
8,873,29.1,432.5,448.5
8,874,29.133,434.5,458.5
8,875,29.167,438.5,460.5
8,876,29.2,442.5,460.5
8,877,29.233,444.5,464.5
8,878,29.267,448.5,468.5
8,879,29.3,450.5,474.5
8,880,29.333,452.5,478.5
8,881,29.367,456.5,480.5
8,882,29.4,458.5,484.5
8,883,29.433,462.5,490.5
8,884,29.467,466.5,492.5
8,885,29.5,468.5,498.5
8,886,29.533,472.5,498.5
8,887,29.567,474.5,502.5
8,888,29.6,476.5,506.5
8,889,29.633,476.5,508.5
8,890,29.667,478.5,512.5
8,892,29.733,478.5,506.5
8,893,29.767,478.5,504.5
8,894,29.8,478.5,502.5
9,1038,34.6,442.5,394.5
9,1039,34.633,438.5,380.5
9,1040,34.667,432.5,362.5
9,1043,34.767,428.5,300.5
9,1044,34.8,430.5,290.5
9,1045,34.833,430.5,280.5
9,1046,34.867,428.5,274.5
9,1047,34.9,430.5,270.5
9,1048,34.933,430.5,270.5
9,1049,34.967,430.5,274.5
9,1050,35.0,430.5,278.5
9,1051,35.033,432.5,286.5
9,1052,35.067,432.5,294.5
9,1053,35.1,434.5,304.5
9,1054,35.133,434.5,290.5
9,1055,35.167,432.5,274.5
9,1056,35.2,432.5,262.5
9,1057,35.233,432.5,254.5
9,1058,35.267,434.5,246.5
9,1059,35.3,432.5,242.5
9,1060,35.333,434.5,240.5
9,1061,35.367,436.5,240.5
9,1062,35.4,438.5,244.5
9,1063,35.433,438.5,250.5
9,1064,35.467,440.5,258.5
9,1065,35.5,442.5,266.5
9,1066,35.533,444.5,274.5
9,1067,35.567,444.5,260.5
9,1068,35.6,444.5,250.5
9,1069,35.633,442.5,240.5
9,1070,35.667,444.5,234.5
9,1071,35.7,442.5,228.5
9,1072,35.733,442.5,228.5
9,1073,35.767,444.5,230.5
9,1074,35.8,446.5,230.5
9,1075,35.833,446.5,234.5
9,1076,35.867,448.5,240.5
9,1077,35.9,448.5,246.5
9,1078,35.933,450.5,252.5
9,1079,35.967,450.5,242.5
9,1080,36.0,450.5,232.5
9,1081,36.033,450.5,226.5
9,1082,36.067,450.5,220.5
9,1083,36.1,450.5,216.5
9,1084,36.133,450.5,214.5
9,1085,36.167,454.5,218.5
9,1086,36.2,454.5,220.5
9,1087,36.233,454.5,226.5
9,1088,36.267,458.5,222.5
9,1089,36.3,458.5,216.5
9,1090,36.333,454.5,218.5
9,1091,36.367,450.5,216.5
9,1092,36.4,448.5,216.5
9,1093,36.433,442.5,212.5
9,1094,36.467,438.5,210.5
9,1095,36.5,432.5,210.5
9,1096,36.533,426.5,208.5
9,1098,36.6,418.5,208.5
9,1099,36.633,414.5,210.5
9,1100,36.667,408.5,210.5
9,1101,36.7,404.5,210.5
10,1117,37.233,392.5,190.5
10,1118,37.267,394.5,178.5
10,1119,37.3,398.5,162.5
10,1120,37.333,400.5,146.5
10,1121,37.367,400.5,132.5
10,1122,37.4,400.5,118.5
10,1124,37.467,398.5,92.5
10,1125,37.5,398.5,84.5
10,1126,37.533,396.5,78.5
10,1127,37.567,398.5,74.5
10,1128,37.6,398.5,70.5
10,1130,37.667,400.5,78.5
10,1131,37.7,402.5,82.5
10,1132,37.733,402.5,88.5
10,1133,37.767,404.5,98.5
10,1134,37.8,406.5,106.5
10,1135,37.833,408.5,142.5
10,1136,37.867,412.5,132.5
10,1139,37.967,430.5,186.5
10,1140,38.0,450.5,204.5
10,1141,38.033,470.5,226.5
10,1142,38.067,492.5,250.5
10,1143,38.1,510.5,246.5
10,1144,38.133,530.5,242.5
10,1145,38.167,550.5,242.5
10,1146,38.2,570.5,244.5
10,1147,38.233,592.5,250.5
10,1148,38.267,616.5,258.5
10,1149,38.3,638.5,266.5
10,1150,38.333,664.5,280.5
10,1151,38.367,688.5,296.5
10,1152,38.4,712.5,316.5
10,1153,38.433,738.5,338.5
10,1154,38.467,764.5,362.5
10,1155,38.5,788.5,368.5
10,1156,38.533,814.5,362.5
10,1157,38.567,838.5,362.5
10,1158,38.6,862.5,364.5
10,1159,38.633,858.5,354.5
10,1160,38.667,802.5,324.5
10,1161,38.7,748.5,298.5
10,1162,38.733,698.5,276.5
10,1163,38.767,652.5,260.5
10,1164,38.8,608.5,248.5
10,1165,38.833,570.5,240.5
10,1166,38.867,534.5,234.5
10,1167,38.9,502.5,230.5
10,1168,38.933,470.5,232.5
10,1169,38.967,444.5,236.5
10,1170,39.0,418.5,242.5
10,1171,39.033,398.5,248.5
10,1172,39.067,376.5,258.5
10,1173,39.1,360.5,266.5
10,1174,39.133,340.5,244.5
10,1175,39.167,322.5,226.5
10,1176,39.2,306.5,212.5
10,1177,39.233,292.5,200.5
10,1178,39.267,302.5,188.5
10,1179,39.3,322.5,176.5
10,1180,39.333,346.5,162.5
10,1181,39.367,370.5,156.5
10,1182,39.4,392.5,152.5
10,1183,39.433,418.5,148.5
10,1184,39.467,442.5,146.5
10,1185,39.5,468.5,150.5
10,1186,39.533,494.5,154.5
10,1187,39.567,522.5,162.5
10,1188,39.6,546.5,172.5
10,1189,39.633,574.5,186.5
10,1190,39.667,600.5,200.5
10,1191,39.7,626.5,218.5
10,1192,39.733,654.5,236.5
10,1193,39.767,680.5,260.5
10,1194,39.8,706.5,282.5
10,1195,39.833,732.5,310.5
10,1196,39.867,756.5,338.5
10,1197,39.9,778.5,334.5
10,1198,39.933,800.5,316.5
10,1199,39.967,822.5,302.5
10,1200,40.0,842.5,290.5
10,1201,40.033,864.5,282.5
10,1202,40.067,886.5,274.5
10,1203,40.1,906.5,272.5
10,1204,40.133,928.5,272.5
10,1205,40.167,948.5,274.5
10,1206,40.2,966.5,280.5
11,1212,40.4,882.5,268.5
11,1213,40.433,832.5,256.5
11,1214,40.467,784.5,250.5
11,1215,40.5,742.5,244.5
11,1216,40.533,702.5,244.5
11,1217,40.567,668.5,248.5
11,1218,40.6,632.5,254.5
11,1219,40.633,602.5,262.5
11,1220,40.667,574.5,272.5
11,1221,40.7,546.5,282.5
11,1222,40.733,520.5,272.5
11,1223,40.767,494.5,250.5
11,1224,40.8,468.5,234.5
11,1225,40.833,444.5,220.5
11,1226,40.867,422.5,210.5
11,1227,40.9,400.5,204.5
11,1228,40.933,380.5,200.5
11,1229,40.967,362.5,198.5
11,1230,41.0,344.5,200.5
11,1231,41.033,328.5,202.5
11,1232,41.067,314.5,208.5
11,1233,41.1,300.5,214.5
11,1234,41.133,310.5,202.5
11,1235,41.167,326.5,186.5
11,1236,41.2,344.5,172.5
11,1237,41.233,360.5,160.5
11,1238,41.267,380.5,152.5
11,1239,41.3,398.5,144.5
11,1240,41.333,418.5,138.5
11,1241,41.367,438.5,136.5
11,1242,41.4,460.5,136.5
11,1243,41.433,480.5,140.5
11,1244,41.467,502.5,146.5
11,1245,41.5,526.5,154.5
11,1246,41.533,548.5,166.5
11,1247,41.567,572.5,180.5
11,1248,41.6,596.5,196.5
11,1249,41.633,620.5,216.5
11,1250,41.667,642.5,236.5
11,1251,41.7,668.5,260.5
11,1252,41.733,690.5,288.5
11,1253,41.767,716.5,318.5
11,1254,41.8,738.5,350.5
11,1255,41.833,760.5,366.5
11,1256,41.867,776.5,348.5
11,1257,41.9,792.5,332.5
11,1258,41.933,810.5,320.5
11,1259,41.967,828.5,308.5
11,1260,42.0,844.5,300.5
11,1261,42.033,862.5,298.5
11,1262,42.067,878.5,296.5
11,1263,42.1,922.5,298.5
11,1265,42.167,766.5,254.5
11,1266,42.2,710.5,240.5
11,1267,42.233,660.5,228.5
11,1268,42.267,616.5,222.5
11,1269,42.3,574.5,218.5
11,1270,42.333,538.5,218.5
11,1271,42.367,504.5,220.5
11,1272,42.4,476.5,224.5
11,1273,42.433,448.5,230.5
11,1274,42.467,426.5,240.5
11,1275,42.5,404.5,250.5
11,1276,42.533,386.5,258.5
11,1277,42.567,368.5,254.5
11,1278,42.6,352.5,230.5
11,1279,42.633,336.5,210.5
11,1280,42.667,322.5,194.5
11,1281,42.7,306.5,180.5
11,1282,42.733,294.5,172.5
11,1283,42.767,304.5,162.5
11,1284,42.8,324.5,154.5
11,1285,42.833,344.5,148.5
11,1286,42.867,362.5,146.5
11,1287,42.9,384.5,146.5
11,1288,42.933,404.5,146.5
11,1289,42.967,426.5,150.5
11,1290,43.0,448.5,156.5
11,1291,43.033,470.5,166.5
11,1292,43.067,494.5,178.5
11,1293,43.1,516.5,192.5
11,1294,43.133,540.5,208.5
11,1295,43.167,562.5,226.5
11,1296,43.2,588.5,246.5
11,1297,43.233,610.5,270.5
11,1298,43.267,636.5,296.5
11,1299,43.3,658.5,326.5
11,1300,43.333,682.5,346.5
11,1301,43.367,700.5,330.5
11,1302,43.4,720.5,316.5
11,1303,43.433,740.5,306.5
11,1304,43.467,760.5,300.5
11,1305,43.5,780.5,296.5
11,1306,43.533,800.5,294.5
11,1307,43.567,820.5,296.5
11,1308,43.6,840.5,300.5
11,1309,43.633,796.5,284.5
11,1310,43.667,748.5,270.5
11,1311,43.7,702.5,258.5
11,1312,43.733,660.5,250.5
11,1313,43.767,622.5,244.5
11,1314,43.8,584.5,242.5
11,1315,43.833,550.5,242.5
11,1316,43.867,516.5,244.5
11,1317,43.9,486.5,250.5
11,1318,43.933,456.5,258.5
11,1319,43.967,430.5,266.5
11,1320,44.0,406.5,278.5
11,1321,44.033,382.5,290.5
11,1322,44.067,360.5,274.5
11,1323,44.1,338.5,256.5
11,1324,44.133,320.5,242.5
11,1325,44.167,300.5,226.5
11,1326,44.2,282.5,218.5
11,1327,44.233,264.5,210.5
11,1328,44.267,248.5,206.5
11,1329,44.3,234.5,204.5
11,1330,44.333,220.5,204.5
11,1331,44.367,206.5,208.5
11,1332,44.4,222.5,194.5
11,1333,44.433,246.5,178.5
11,1334,44.467,270.5,168.5
11,1335,44.5,296.5,160.5
11,1336,44.533,320.5,154.5
11,1337,44.567,346.5,150.5
11,1338,44.6,374.5,150.5
11,1339,44.633,402.5,152.5
11,1340,44.667,430.5,158.5
11,1341,44.7,460.5,166.5
11,1342,44.733,488.5,178.5
11,1343,44.767,518.5,194.5
11,1344,44.8,546.5,210.5
11,1345,44.833,576.5,230.5
11,1346,44.867,606.5,254.5
11,1347,44.9,636.5,280.5
11,1348,44.933,664.5,308.5
11,1349,44.967,688.5,338.5
11,1350,45.0,714.5,366.5
11,1351,45.033,736.5,344.5
11,1352,45.067,760.5,326.5
11,1353,45.1,782.5,310.5
11,1354,45.133,804.5,298.5
11,1355,45.167,828.5,290.5
11,1356,45.2,850.5,282.5
11,1357,45.233,874.5,280.5
11,1358,45.267,834.5,262.5
11,1359,45.3,774.5,242.5
11,1360,45.333,720.5,228.5
11,1361,45.367,674.5,220.5
11,1362,45.4,634.5,214.5
11,1363,45.433,598.5,210.5
11,1364,45.467,566.5,212.5
11,1365,45.5,540.5,216.5
11,1366,45.533,514.5,222.5
11,1367,45.567,494.5,228.5
11,1368,45.6,474.5,238.5
11,1369,45.633,460.5,228.5
11,1370,45.667,444.5,204.5
11,1371,45.7,428.5,186.5
11,1372,45.733,416.5,170.5
11,1373,45.767,402.5,160.5
11,1376,45.867,418.5,124.5
11,1377,45.9,428.5,116.5
11,1378,45.933,442.5,108.5
11,1379,45.967,456.5,102.5
11,1380,46.0,470.5,100.5
11,1381,46.033,484.5,98.5
11,1382,46.067,498.5,98.5
11,1383,46.1,514.5,102.5
11,1384,46.133,528.5,108.5
11,1385,46.167,544.5,116.5
11,1386,46.2,560.5,128.5
11,1387,46.233,576.5,142.5
11,1388,46.267,590.5,158.5
11,1389,46.3,606.5,178.5
11,1390,46.333,622.5,200.5
11,1391,46.367,638.5,224.5
11,1392,46.4,654.5,252.5
11,1393,46.433,670.5,280.5
11,1394,46.467,684.5,312.5
11,1395,46.5,696.5,344.5
11,1396,46.533,708.5,348.5
11,1397,46.567,720.5,330.5
11,1398,46.6,732.5,314.5
11,1399,46.633,744.5,302.5
11,1400,46.667,754.5,292.5
11,1401,46.7,766.5,288.5
11,1402,46.733,778.5,284.5
11,1403,46.767,788.5,284.5
11,1404,46.8,800.5,288.5
11,1405,46.833,794.5,288.5
11,1406,46.867,746.5,272.5
11,1407,46.9,698.5,258.5
11,1408,46.933,654.5,250.5
11,1409,46.967,614.5,244.5
11,1410,47.0,578.5,242.5
11,1411,47.033,544.5,244.5
11,1412,47.067,512.5,248.5
11,1413,47.1,484.5,254.5
11,1414,47.133,458.5,264.5
11,1415,47.167,434.5,274.5
11,1416,47.2,412.5,284.5
11,1417,47.233,392.5,290.5
11,1418,47.267,370.5,266.5
11,1419,47.3,352.5,248.5
11,1420,47.333,334.5,232.5
11,1421,47.367,316.5,218.5
11,1422,47.4,300.5,208.5
11,1423,47.433,286.5,200.5
11,1424,47.467,272.5,194.5
11,1425,47.5,258.5,192.5
11,1426,47.533,246.5,194.5
11,1427,47.567,234.5,196.5
11,1428,47.6,222.5,202.5
11,1429,47.633,226.5,198.5
11,1430,47.667,250.5,188.5
11,1431,47.7,274.5,178.5
11,1432,47.733,300.5,172.5
11,1433,47.767,328.5,168.5
11,1434,47.8,354.5,166.5
11,1435,47.833,382.5,168.5
11,1436,47.867,412.5,170.5
11,1437,47.9,442.5,178.5
11,1438,47.933,472.5,188.5
11,1439,47.967,500.5,200.5
11,1440,48.0,530.5,214.5
11,1441,48.033,562.5,232.5
11,1442,48.067,592.5,250.5
11,1443,48.1,622.5,274.5
11,1444,48.133,648.5,298.5
11,1445,48.167,676.5,322.5
11,1446,48.2,702.5,334.5
11,1447,48.233,724.5,316.5
11,1448,48.267,748.5,302.5
11,1449,48.3,770.5,290.5
11,1450,48.333,794.5,280.5
11,1451,48.367,816.5,274.5
11,1452,48.4,838.5,272.5
11,1453,48.433,862.5,272.5
11,1454,48.467,884.5,274.5
11,1455,48.5,904.5,282.5
11,1456,48.533,926.5,290.5
11,1457,48.567,944.5,300.5
11,1459,48.633,904.5,278.5
11,1460,48.667,850.5,250.5
11,1461,48.7,800.5,226.5
11,1462,48.733,754.5,208.5
11,1463,48.767,708.5,194.5
11,1464,48.8,668.5,186.5
11,1465,48.833,624.5,180.5
11,1466,48.867,586.5,180.5
11,1467,48.9,550.5,182.5
11,1468,48.933,518.5,186.5
11,1469,48.967,486.5,194.5
11,1470,49.0,458.5,204.5
11,1471,49.033,432.5,218.5
11,1472,49.067,408.5,232.5
11,1473,49.1,384.5,250.5
11,1474,49.133,366.5,266.5
11,1475,49.167,346.5,282.5
11,1476,49.2,322.5,256.5
11,1477,49.233,298.5,234.5
11,1478,49.267,278.5,218.5
11,1479,49.3,258.5,202.5
11,1480,49.333,238.5,188.5
11,1481,49.367,218.5,178.5
11,1482,49.4,202.5,174.5
11,1483,49.433,186.5,170.5
11,1484,49.467,170.5,170.5
11,1485,49.5,156.5,170.5
11,1486,49.533,142.5,176.5
11,1487,49.567,174.5,168.5
11,1488,49.6,234.5,136.5
12,1761,58.7,1254.5,456.5
12,1765,58.833,1198.5,442.5
12,1766,58.867,1184.5,440.5
12,1767,58.9,1174.5,440.5
12,1771,59.033,1128.5,434.5
13,1821,60.7,904.5,714.5
13,1822,60.733,892.5,714.5
13,1823,60.767,880.5,714.5
13,1824,60.8,868.5,714.5
13,1825,60.833,860.5,714.5
13,1827,60.9,848.5,714.5
13,1829,60.967,838.5,712.5
13,1830,61.0,838.5,712.5
13,1834,61.133,974.5,410.5
14,1877,62.567,852.5,714.5
14,1878,62.6,846.5,714.5
14,1879,62.633,838.5,712.5
14,1880,62.667,836.5,712.5
14,1881,62.7,830.5,712.5
14,1884,62.8,828.5,712.5
14,1886,62.867,828.5,712.5
14,1887,62.9,828.5,712.5
15,1912,63.733,850.5,324.5
15,1913,63.767,798.5,328.5
15,1914,63.8,748.5,306.5
15,1915,63.833,706.5,286.5
15,1916,63.867,664.5,272.5
15,1917,63.9,624.5,260.5
15,1918,63.933,588.5,252.5
15,1919,63.967,554.5,250.5
15,1920,64.0,520.5,248.5
15,1921,64.033,490.5,250.5
15,1922,64.067,460.5,254.5
15,1923,64.1,434.5,260.5
15,1924,64.133,410.5,264.5
15,1925,64.167,386.5,248.5
15,1926,64.2,362.5,236.5
15,1927,64.233,342.5,226.5
15,1928,64.267,322.5,220.5
15,1929,64.3,304.5,216.5
15,1930,64.333,306.5,204.5
15,1931,64.367,324.5,190.5
15,1932,64.4,344.5,178.5
15,1933,64.433,364.5,168.5
15,1934,64.467,384.5,160.5
15,1935,64.5,406.5,154.5
15,1936,64.533,428.5,150.5
15,1937,64.567,450.5,148.5
15,1938,64.6,472.5,152.5
15,1939,64.633,494.5,154.5
15,1940,64.667,516.5,162.5
15,1941,64.7,538.5,170.5
15,1942,64.733,560.5,180.5
15,1943,64.767,584.5,194.5
15,1944,64.8,606.5,210.5
15,1945,64.833,628.5,226.5
15,1946,64.867,650.5,244.5
15,1947,64.9,672.5,266.5
15,1948,64.933,692.5,290.5
15,1949,64.967,712.5,306.5
15,1950,65.0,728.5,288.5
15,1951,65.033,744.5,274.5
15,1952,65.067,760.5,260.5
15,1953,65.1,774.5,250.5
15,1954,65.133,790.5,242.5
15,1955,65.167,806.5,236.5
15,1956,65.2,820.5,234.5
15,1957,65.233,836.5,234.5
15,1958,65.267,850.5,238.5
15,1962,65.4,782.5,226.5
15,1963,65.433,726.5,212.5
15,1964,65.467,676.5,204.5
15,1965,65.5,626.5,200.5
15,1966,65.533,582.5,200.5
15,1967,65.567,542.5,202.5
15,1968,65.6,504.5,208.5
15,1969,65.633,468.5,214.5
15,1970,65.667,436.5,226.5
15,1971,65.7,406.5,236.5
15,1972,65.733,378.5,252.5
15,1973,65.767,352.5,242.5
15,1974,65.8,328.5,220.5
15,1975,65.833,304.5,204.5
15,1977,65.9,294.5,180.5
15,1978,65.933,326.5,166.5
15,1979,65.967,360.5,154.5
15,1980,66.0,392.5,146.5
15,1981,66.033,424.5,140.5
15,1982,66.067,456.5,136.5
15,1983,66.1,490.5,134.5
15,1984,66.133,524.5,134.5
15,1985,66.167,558.5,136.5
15,1986,66.2,590.5,140.5
15,1987,66.233,624.5,148.5
15,1988,66.267,660.5,156.5
15,1989,66.3,694.5,170.5
15,1990,66.333,728.5,186.5
15,1991,66.367,760.5,202.5
15,1992,66.4,792.5,220.5
15,1993,66.433,826.5,242.5
15,1994,66.467,858.5,266.5
15,1995,66.5,890.5,290.5
15,1996,66.533,922.5,318.5
15,1997,66.567,952.5,346.5
15,1998,66.6,978.5,372.5
15,1999,66.633,1010.5,410.5
16,2007,66.9,1192.5,538.5
16,2008,66.933,1206.5,530.5
16,2009,66.967,1222.5,524.5
16,2010,67.0,1238.5,522.5
16,2011,67.033,1252.5,520.5
16,2012,67.067,1266.5,522.5
17,2226,74.2,978.5,376.5
17,2227,74.233,974.5,378.5
17,2228,74.267,972.5,380.5
17,2229,74.3,974.5,372.5
17,2230,74.333,982.5,362.5
17,2233,74.433,994.5,328.5
17,2234,74.467,992.5,346.5
17,2235,74.5,982.5,366.5
17,2236,74.533,970.5,380.5
18,2241,74.7,1062.5,348.5
18,2245,74.833,1042.5,310.5
18,2249,74.967,836.5,328.5
18,2250,75.0,792.5,334.5
18,2251,75.033,756.5,306.5
18,2252,75.067,722.5,286.5
18,2253,75.1,690.5,270.5
18,2254,75.133,658.5,256.5
18,2255,75.167,628.5,244.5
18,2256,75.2,600.5,238.5
18,2257,75.233,572.5,234.5
18,2258,75.267,546.5,232.5
18,2259,75.3,522.5,234.5
18,2260,75.333,498.5,238.5
18,2261,75.367,476.5,244.5
18,2262,75.4,456.5,254.5
18,2263,75.433,436.5,264.5
18,2264,75.467,418.5,266.5
18,2265,75.5,400.5,250.5
18,2266,75.533,382.5,234.5
18,2267,75.567,366.5,226.5
18,2268,75.6,348.5,216.5
18,2269,75.633,332.5,210.5
18,2270,75.667,318.5,208.5
18,2271,75.7,304.5,206.5
18,2272,75.733,290.5,206.5
18,2273,75.767,280.5,210.5
18,2274,75.8,266.5,216.5
18,2275,75.833,256.5,224.5
18,2276,75.867,262.5,218.5
18,2277,75.9,282.5,212.5
18,2278,75.933,304.5,206.5
18,2279,75.967,328.5,202.5
18,2280,76.0,350.5,198.5
18,2281,76.033,376.5,198.5
18,2282,76.067,402.5,200.5
18,2283,76.1,430.5,208.5
18,2284,76.133,460.5,216.5
18,2285,76.167,488.5,226.5
18,2286,76.2,518.5,244.5
18,2287,76.233,550.5,264.5
18,2288,76.267,582.5,288.5
18,2289,76.3,610.5,312.5
18,2290,76.333,642.5,338.5
18,2291,76.367,674.5,370.5
18,2292,76.4,706.5,408.5
18,2293,76.433,738.5,428.5
18,2294,76.467,768.5,416.5
18,2295,76.5,800.5,408.5
18,2296,76.533,832.5,402.5
18,2297,76.567,864.5,402.5
18,2299,76.633,798.5,360.5
18,2300,76.667,722.5,330.5
18,2301,76.7,662.5,308.5
18,2302,76.733,608.5,292.5
18,2303,76.767,566.5,282.5
18,2304,76.8,528.5,276.5
18,2305,76.833,498.5,274.5
18,2306,76.867,470.5,276.5
18,2307,76.9,446.5,280.5
18,2308,76.933,426.5,272.5
18,2309,76.967,406.5,246.5
18,2310,77.0,386.5,226.5
18,2311,77.033,370.5,208.5
18,2312,77.067,356.5,194.5
18,2313,77.1,342.5,186.5
18,2314,77.133,330.5,178.5
18,2315,77.167,322.5,172.5
18,2316,77.2,338.5,162.5
18,2317,77.233,350.5,154.5
18,2318,77.267,364.5,146.5
18,2319,77.3,380.5,140.5
18,2320,77.333,398.5,138.5
18,2321,77.367,414.5,138.5
18,2322,77.4,432.5,140.5
18,2323,77.433,450.5,144.5
18,2324,77.467,470.5,150.5
18,2325,77.5,490.5,160.5
18,2326,77.533,510.5,170.5
18,2327,77.567,530.5,186.5
18,2328,77.6,550.5,202.5
18,2329,77.633,570.5,220.5
18,2330,77.667,592.5,242.5
18,2331,77.7,612.5,266.5
18,2332,77.733,630.5,290.5
18,2333,77.767,652.5,316.5
18,2334,77.8,670.5,328.5
18,2335,77.833,686.5,310.5
18,2336,77.867,702.5,298.5
18,2337,77.9,718.5,286.5
18,2338,77.933,736.5,276.5
18,2339,77.967,752.5,272.5
18,2340,78.0,768.5,270.5
18,2341,78.033,784.5,268.5
18,2342,78.067,800.5,274.5
18,2343,78.1,816.5,278.5
18,2344,78.133,832.5,286.5
18,2345,78.167,836.5,294.5
18,2346,78.2,792.5,272.5
18,2347,78.233,750.5,258.5
18,2348,78.267,710.5,246.5
18,2349,78.3,674.5,238.5
18,2350,78.333,638.5,232.5
18,2351,78.367,606.5,230.5
18,2352,78.4,574.5,232.5
18,2353,78.433,546.5,234.5
18,2354,78.467,520.5,242.5
18,2355,78.5,494.5,250.5
18,2356,78.533,472.5,258.5
18,2357,78.567,450.5,270.5
18,2358,78.6,432.5,276.5
18,2359,78.633,414.5,256.5
18,2360,78.667,396.5,236.5
18,2361,78.7,378.5,224.5
18,2362,78.733,364.5,212.5
18,2363,78.767,350.5,204.5
18,2364,78.8,336.5,198.5
18,2365,78.833,322.5,194.5
18,2366,78.867,310.5,194.5
18,2367,78.9,300.5,196.5
18,2368,78.933,288.5,200.5
18,2369,78.967,300.5,202.5
18,2370,79.0,364.5,196.5
18,2371,79.033,428.5,196.5
18,2372,79.067,512.5,198.5
18,2373,79.1,590.5,210.5
18,2374,79.133,678.5,224.5
18,2375,79.167,756.5,242.5
19,2380,79.333,1170.5,408.5
19,2382,79.4,1190.5,384.5
19,2386,79.533,1224.5,668.5
19,2387,79.567,1194.5,666.5
19,2390,79.667,1180.5,570.5
19,2391,79.7,1174.5,546.5
19,2392,79.733,1166.5,524.5
19,2393,79.767,1158.5,506.5
19,2394,79.8,1150.5,490.5
19,2395,79.833,1138.5,478.5
19,2396,79.867,1128.5,470.5
19,2397,79.9,1118.5,464.5
19,2398,79.933,1106.5,462.5
19,2399,79.967,1094.5,460.5
19,2400,80.0,1084.5,464.5
19,2401,80.033,1072.5,468.5
19,2402,80.067,1060.5,476.5
19,2403,80.1,1048.5,486.5
19,2404,80.133,1038.5,498.5
19,2405,80.167,1024.5,512.5
19,2406,80.2,1014.5,528.5
19,2407,80.233,1004.5,544.5
19,2408,80.267,994.5,548.5
19,2409,80.3,984.5,530.5
19,2410,80.333,976.5,514.5
19,2411,80.367,968.5,502.5
19,2412,80.4,958.5,492.5
19,2413,80.433,950.5,484.5
19,2414,80.467,940.5,480.5
19,2415,80.5,930.5,478.5
19,2416,80.533,922.5,476.5
19,2417,80.567,910.5,482.5
19,2418,80.6,900.5,488.5
19,2419,80.633,890.5,496.5
19,2421,80.7,876.5,492.5
19,2423,80.767,856.5,482.5
19,2424,80.8,850.5,478.5
20,2452,81.733,666.5,456.5
20,2455,81.833,658.5,446.5
20,2456,81.867,652.5,442.5
20,2457,81.9,648.5,444.5
20,2458,81.933,646.5,442.5
20,2459,81.967,642.5,442.5
20,2460,82.0,638.5,442.5
20,2461,82.033,634.5,440.5
20,2462,82.067,632.5,440.5
20,2463,82.1,626.5,438.5
20,2464,82.133,624.5,436.5
20,2465,82.167,620.5,436.5
20,2466,82.2,618.5,436.5
20,2469,82.3,606.5,436.5
20,2470,82.333,604.5,436.5
20,2471,82.367,600.5,438.5
20,2472,82.4,598.5,432.5
21,2478,82.6,580.5,430.5
21,2480,82.667,578.5,430.5
21,2481,82.7,574.5,430.5
21,2482,82.733,572.5,430.5
21,2483,82.767,570.5,430.5
21,2484,82.8,568.5,430.5
21,2485,82.833,568.5,430.5
22,2661,88.7,262.5,212.5
22,2662,88.733,254.5,200.5
22,2663,88.767,246.5,186.5
22,2664,88.8,238.5,170.5
22,2665,88.833,234.5,154.5
22,2666,88.867,232.5,142.5
22,2667,88.9,226.5,132.5
22,2668,88.933,224.5,124.5
22,2669,88.967,222.5,118.5
22,2670,89.0,220.5,114.5
22,2671,89.033,218.5,114.5
22,2672,89.067,218.5,118.5
22,2673,89.1,216.5,124.5
22,2674,89.133,216.5,130.5
22,2675,89.167,216.5,140.5
22,2676,89.2,216.5,150.5
22,2677,89.233,218.5,166.5
22,2678,89.267,220.5,182.5
22,2679,89.3,222.5,198.5
22,2680,89.333,224.5,218.5
22,2681,89.367,234.5,238.5
22,2682,89.4,274.5,260.5
22,2683,89.433,318.5,290.5
22,2684,89.467,352.5,282.5
22,2685,89.5,386.5,274.5
22,2686,89.533,420.5,268.5
22,2687,89.567,456.5,264.5
22,2688,89.6,492.5,264.5
22,2689,89.633,528.5,266.5
22,2690,89.667,562.5,274.5
22,2691,89.7,600.5,284.5
22,2692,89.733,636.5,298.5
22,2693,89.767,672.5,314.5
22,2694,89.8,708.5,332.5
22,2695,89.833,744.5,354.5
22,2696,89.867,776.5,380.5
22,2697,89.9,808.5,396.5
22,2698,89.933,840.5,386.5
22,2700,90.0,886.5,370.5
22,2701,90.033,828.5,326.5
22,2702,90.067,774.5,292.5
22,2703,90.1,722.5,262.5
22,2704,90.133,678.5,238.5
22,2705,90.167,636.5,218.5
22,2706,90.2,598.5,202.5
22,2707,90.233,562.5,190.5
22,2708,90.267,532.5,180.5
22,2709,90.3,504.5,174.5
22,2710,90.333,476.5,170.5
22,2711,90.367,452.5,170.5
22,2712,90.4,432.5,170.5
22,2713,90.433,412.5,174.5
22,2714,90.467,394.5,178.5
22,2715,90.5,380.5,186.5
22,2716,90.533,364.5,194.5
22,2717,90.567,352.5,204.5
22,2718,90.6,340.5,214.5
22,2719,90.633,332.5,224.5
22,2720,90.667,322.5,238.5
22,2721,90.7,316.5,250.5
22,2722,90.733,306.5,264.5
23,2828,94.267,342.5,234.5
23,2829,94.3,332.5,232.5
23,2830,94.333,320.5,226.5
23,2831,94.367,310.5,222.5
23,2832,94.4,298.5,216.5
23,2833,94.433,288.5,206.5
23,2834,94.467,276.5,194.5
23,2835,94.5,268.5,182.5
23,2836,94.533,260.5,170.5
23,2837,94.567,256.5,160.5
23,2838,94.6,250.5,148.5
23,2839,94.633,246.5,140.5
23,2840,94.667,242.5,134.5
23,2841,94.7,240.5,132.5
23,2842,94.733,236.5,130.5
23,2843,94.767,234.5,134.5
23,2844,94.8,232.5,138.5
23,2845,94.833,230.5,144.5
23,2846,94.867,230.5,154.5
23,2847,94.9,228.5,164.5
23,2848,94.933,228.5,178.5
23,2849,94.967,228.5,194.5
23,2850,95.0,230.5,210.5
23,2851,95.033,232.5,228.5
23,2852,95.067,264.5,250.5
23,2853,95.1,300.5,274.5
23,2854,95.133,336.5,296.5
23,2855,95.167,362.5,288.5
23,2856,95.2,390.5,282.5
23,2857,95.233,420.5,280.5
23,2858,95.267,448.5,280.5
23,2859,95.3,480.5,284.5
23,2860,95.333,510.5,290.5
23,2861,95.367,542.5,302.5
23,2862,95.4,574.5,314.5
23,2863,95.433,606.5,332.5
23,2864,95.467,636.5,352.5
23,2865,95.5,666.5,376.5
23,2866,95.533,698.5,402.5
23,2867,95.567,728.5,420.5
23,2868,95.6,758.5,414.5
23,2869,95.633,786.5,410.5
23,2870,95.667,816.5,410.5
23,2871,95.7,848.5,414.5
23,2872,95.733,878.5,420.5
23,2873,95.767,880.5,408.5
23,2874,95.8,840.5,358.5
23,2875,95.833,800.5,320.5
23,2876,95.867,764.5,288.5
23,2877,95.9,732.5,260.5
23,2878,95.933,702.5,242.5
23,2879,95.967,676.5,226.5
23,2880,96.0,650.5,212.5
23,2881,96.033,626.5,206.5
23,2882,96.067,606.5,202.5
23,2883,96.1,586.5,202.5
23,2884,96.133,568.5,204.5
23,2885,96.167,552.5,210.5
23,2886,96.2,538.5,216.5
23,2887,96.233,524.5,226.5
23,2888,96.267,514.5,236.5
23,2889,96.3,502.5,250.5
23,2890,96.333,492.5,264.5
23,2891,96.367,482.5,258.5
23,2892,96.4,476.5,234.5
23,2893,96.433,468.5,216.5
23,2894,96.467,462.5,198.5
23,2895,96.5,454.5,184.5
23,2896,96.533,448.5,172.5
23,2897,96.567,444.5,162.5
23,2898,96.6,438.5,156.5
23,2899,96.633,434.5,152.5
23,2900,96.667,428.5,152.5
23,2901,96.7,424.5,150.5
23,2902,96.733,418.5,154.5
23,2903,96.767,416.5,162.5
23,2904,96.8,434.5,160.5
23,2905,96.833,462.5,160.5
23,2906,96.867,494.5,162.5
23,2907,96.9,526.5,170.5
23,2908,96.933,560.5,180.5
23,2909,96.967,596.5,194.5
23,2910,97.0,634.5,214.5
23,2911,97.033,672.5,236.5
23,2912,97.067,710.5,262.5
23,2913,97.1,748.5,290.5
23,2914,97.133,788.5,322.5
23,2915,97.167,830.5,360.5
23,2916,97.2,870.5,404.5
23,2917,97.233,916.5,414.5
23,2918,97.267,968.5,408.5
23,2919,97.3,1024.5,404.5
23,2920,97.333,1080.5,404.5
23,2921,97.367,1138.5,410.5
23,2922,97.4,1092.5,366.5
24,2927,97.567,686.5,154.5
24,2928,97.6,632.5,138.5
24,2929,97.633,584.5,126.5
24,2930,97.667,540.5,120.5
24,2931,97.7,502.5,116.5
24,2932,97.733,466.5,116.5
24,2933,97.767,436.5,122.5
24,2934,97.8,410.5,128.5
24,2935,97.833,386.5,138.5
24,2936,97.867,364.5,148.5
24,2937,97.9,348.5,162.5
24,2938,97.933,330.5,174.5
24,2939,97.967,314.5,192.5
24,2940,98.0,302.5,208.5
24,2941,98.033,294.5,224.5
24,2942,98.067,284.5,242.5
24,2943,98.1,276.5,258.5
24,2946,98.2,260.5,316.5
24,2947,98.233,252.5,298.5
24,2948,98.267,246.5,282.5
24,2949,98.3,250.5,272.5
24,2950,98.333,252.5,262.5
24,2951,98.367,254.5,256.5
24,2952,98.4,258.5,250.5
24,2953,98.433,260.5,244.5
24,2954,98.467,266.5,244.5
24,2956,98.533,274.5,244.5
24,2957,98.567,278.5,246.5
24,2958,98.6,284.5,250.5
24,2959,98.633,286.5,258.5
24,2960,98.667,292.5,264.5
24,2961,98.7,296.5,276.5
24,2965,98.833,320.5,328.5
24,2966,98.867,326.5,344.5
24,2967,98.9,332.5,362.5
24,2968,98.933,336.5,364.5
24,2969,98.967,334.5,354.5
24,2970,99.0,332.5,348.5
24,2971,99.033,332.5,344.5
24,2972,99.067,332.5,338.5
24,2973,99.1,330.5,334.5
24,2974,99.133,332.5,336.5
24,2975,99.167,332.5,340.5
24,2976,99.2,334.5,344.5
24,2977,99.233,334.5,350.5
24,2978,99.267,336.5,356.5
24,2979,99.3,338.5,366.5
24,2980,99.333,336.5,366.5
24,2981,99.367,332.5,362.5
24,2982,99.4,332.5,358.5
24,2983,99.433,328.5,360.5
24,2984,99.467,328.5,360.5
24,2985,99.5,326.5,364.5
24,2986,99.533,326.5,368.5
24,2987,99.567,324.5,364.5
24,2988,99.6,322.5,364.5
24,2989,99.633,322.5,370.5
24,2990,99.667,320.5,366.5
24,2991,99.7,320.5,368.5
25,3041,101.367,418.5,230.5
25,3042,101.4,418.5,230.5
25,3044,101.467,420.5,230.5
25,3045,101.5,420.5,230.5
25,3046,101.533,420.5,228.5
25,3048,101.6,420.5,228.5
25,3049,101.633,420.5,228.5
25,3051,101.7,422.5,232.5
26,3056,101.867,422.5,234.5
26,3057,101.9,424.5,230.5
26,3058,101.933,424.5,232.5
26,3061,102.033,422.5,234.5
26,3064,102.133,422.5,232.5
26,3065,102.167,424.5,228.5
26,3066,102.2,418.5,228.5
26,3067,102.233,416.5,228.5
26,3068,102.267,412.5,226.5
26,3069,102.3,408.5,226.5
26,3070,102.333,404.5,226.5
26,3073,102.433,394.5,226.5
26,3074,102.467,390.5,224.5
26,3075,102.5,388.5,226.5
27,3090,103.0,398.5,212.5
27,3091,103.033,404.5,202.5
27,3092,103.067,408.5,190.5
27,3093,103.1,416.5,170.5
27,3094,103.133,428.5,152.5
27,3095,103.167,438.5,134.5
27,3096,103.2,450.5,118.5
27,3097,103.233,460.5,106.5
27,3098,103.267,472.5,94.5
27,3099,103.3,486.5,86.5
27,3100,103.333,498.5,80.5
27,3101,103.367,512.5,78.5
27,3102,103.4,524.5,78.5
27,3103,103.433,540.5,80.5
27,3104,103.467,554.5,86.5
27,3105,103.5,568.5,96.5
27,3106,103.533,584.5,108.5
27,3107,103.567,598.5,122.5
27,3108,103.6,614.5,140.5
27,3109,103.633,628.5,162.5
27,3110,103.667,642.5,184.5
27,3111,103.7,656.5,210.5
27,3112,103.733,672.5,238.5
27,3113,103.767,684.5,268.5
27,3114,103.8,698.5,300.5
27,3115,103.833,712.5,336.5
27,3116,103.867,722.5,360.5
27,3117,103.9,734.5,336.5
27,3118,103.933,748.5,314.5
27,3119,103.967,760.5,292.5
27,3120,104.0,772.5,276.5
27,3121,104.033,784.5,262.5
27,3122,104.067,796.5,250.5
27,3123,104.1,810.5,242.5
27,3124,104.133,822.5,238.5
27,3125,104.167,834.5,236.5
27,3126,104.2,846.5,240.5
28,3176,105.867,844.5,334.5
28,3177,105.9,808.5,304.5
28,3178,105.933,774.5,280.5
28,3179,105.967,740.5,258.5
28,3180,106.0,706.5,242.5
28,3181,106.033,676.5,226.5
28,3182,106.067,644.5,216.5
28,3183,106.1,616.5,210.5
28,3184,106.133,588.5,206.5
28,3185,106.167,560.5,206.5
28,3186,106.2,534.5,208.5
28,3187,106.233,510.5,212.5
28,3188,106.267,488.5,218.5
28,3189,106.3,466.5,226.5
28,3190,106.333,448.5,238.5
28,3191,106.367,430.5,250.5
28,3192,106.4,412.5,258.5
28,3193,106.433,394.5,240.5
28,3194,106.467,380.5,224.5
28,3195,106.5,364.5,210.5
28,3196,106.533,350.5,202.5
28,3197,106.567,338.5,192.5
28,3198,106.6,324.5,188.5
28,3199,106.633,312.5,186.5
28,3200,106.667,300.5,184.5
28,3201,106.7,290.5,186.5
28,3202,106.733,278.5,190.5
28,3203,106.767,270.5,196.5
28,3204,106.8,262.5,204.5
28,3205,106.833,288.5,198.5
28,3206,106.867,330.5,196.5
28,3207,106.9,372.5,194.5
28,3208,106.933,416.5,194.5
28,3209,106.967,460.5,198.5
28,3210,107.0,506.5,208.5
28,3211,107.033,550.5,218.5
28,3212,107.067,594.5,232.5
28,3213,107.1,640.5,250.5
28,3214,107.133,688.5,272.5
28,3215,107.167,736.5,296.5
28,3216,107.2,782.5,324.5
28,3217,107.233,828.5,354.5
28,3218,107.267,868.5,348.5
28,3219,107.3,914.5,338.5
28,3220,107.333,958.5,332.5
28,3221,107.367,1002.5,330.5
28,3222,107.4,1046.5,330.5
28,3223,107.433,1078.5,330.5
28,3224,107.467,1008.5,306.5
28,3225,107.5,944.5,288.5
28,3226,107.533,882.5,274.5
28,3227,107.567,828.5,260.5
28,3228,107.6,778.5,254.5
28,3229,107.633,732.5,248.5
28,3230,107.667,688.5,244.5
28,3231,107.7,648.5,244.5
28,3232,107.733,612.5,246.5
28,3233,107.767,578.5,250.5
28,3234,107.8,550.5,256.5
28,3235,107.833,520.5,262.5
28,3236,107.867,494.5,260.5
28,3237,107.9,472.5,242.5
28,3238,107.933,448.5,226.5
28,3239,107.967,428.5,212.5
28,3240,108.0,408.5,204.5
28,3241,108.033,390.5,196.5
28,3242,108.067,372.5,192.5
28,3243,108.1,356.5,188.5
28,3244,108.133,342.5,188.5
28,3245,108.167,328.5,190.5
28,3246,108.2,314.5,194.5
28,3247,108.233,304.5,198.5
28,3248,108.267,312.5,192.5
28,3249,108.3,332.5,178.5
28,3250,108.333,350.5,170.5
28,3251,108.367,370.5,162.5
28,3252,108.4,392.5,158.5
28,3253,108.433,414.5,156.5
28,3254,108.467,438.5,156.5
28,3255,108.5,462.5,160.5
28,3256,108.533,486.5,166.5
28,3257,108.567,512.5,176.5
28,3258,108.6,536.5,186.5
28,3259,108.633,562.5,202.5
28,3260,108.667,588.5,218.5
28,3261,108.7,614.5,240.5
28,3262,108.733,640.5,262.5
28,3263,108.767,666.5,288.5
28,3264,108.8,690.5,316.5
28,3265,108.833,716.5,336.5
28,3266,108.867,738.5,320.5
28,3267,108.9,762.5,306.5
28,3268,108.933,784.5,296.5
28,3269,108.967,808.5,286.5
28,3270,109.0,832.5,282.5
28,3271,109.033,858.5,278.5
28,3272,109.067,880.5,278.5
28,3273,109.1,906.5,282.5
28,3274,109.133,928.5,290.5
28,3275,109.167,952.5,298.5
28,3276,109.2,936.5,292.5
28,3277,109.233,884.5,270.5
28,3278,109.267,832.5,252.5
28,3279,109.3,784.5,238.5
28,3280,109.333,738.5,228.5
28,3281,109.367,696.5,222.5
28,3282,109.4,654.5,220.5
28,3283,109.433,618.5,220.5
28,3284,109.467,582.5,224.5
28,3285,109.5,550.5,230.5
28,3286,109.533,520.5,238.5
28,3287,109.567,492.5,248.5
28,3288,109.6,464.5,260.5
28,3289,109.633,440.5,274.5
28,3290,109.667,418.5,290.5
28,3291,109.7,398.5,274.5
28,3292,109.733,378.5,254.5
28,3293,109.767,358.5,236.5
28,3294,109.8,340.5,220.5
28,3295,109.833,322.5,208.5
28,3296,109.867,306.5,198.5
28,3297,109.9,292.5,192.5
28,3298,109.933,278.5,188.5
28,3299,109.967,264.5,188.5
28,3300,110.0,252.5,190.5
28,3301,110.033,240.5,194.5
28,3302,110.067,230.5,200.5
28,3303,110.1,222.5,208.5
28,3304,110.133,212.5,218.5
28,3305,110.167,204.5,228.5
28,3306,110.2,198.5,242.5
28,3307,110.233,194.5,252.5
28,3308,110.267,208.5,234.5
28,3309,110.3,218.5,218.5
28,3310,110.333,230.5,204.5
28,3311,110.367,242.5,192.5
28,3312,110.4,254.5,182.5
28,3313,110.433,266.5,174.5
28,3314,110.467,280.5,170.5
28,3315,110.5,294.5,164.5
28,3316,110.533,308.5,162.5
28,3317,110.567,322.5,164.5
28,3318,110.6,336.5,168.5
28,3319,110.633,350.5,174.5
28,3320,110.667,364.5,182.5
28,3321,110.7,380.5,192.5
28,3322,110.733,394.5,204.5
28,3323,110.767,408.5,218.5
28,3324,110.8,424.5,234.5
28,3325,110.833,438.5,252.5
28,3326,110.867,452.5,272.5
28,3327,110.9,464.5,284.5
28,3328,110.933,472.5,270.5
28,3329,110.967,478.5,256.5
28,3330,111.0,486.5,246.5
28,3331,111.033,492.5,236.5
28,3332,111.067,498.5,230.5
28,3333,111.1,506.5,228.5
28,3334,111.133,514.5,226.5
28,3335,111.167,522.5,230.5
28,3336,111.2,530.5,234.5
28,3337,111.233,538.5,240.5
28,3338,111.267,546.5,250.5
28,3339,111.3,554.5,260.5
28,3340,111.333,562.5,274.5
28,3341,111.367,568.5,290.5
28,3342,111.4,576.5,308.5
28,3343,111.433,584.5,328.5
28,3344,111.467,586.5,318.5
28,3345,111.5,588.5,306.5
28,3346,111.533,590.5,298.5
28,3347,111.567,590.5,290.5
28,3348,111.6,592.5,286.5
28,3349,111.633,592.5,284.5
28,3350,111.667,594.5,286.5
28,3351,111.7,594.5,290.5
28,3352,111.733,596.5,296.5
28,3353,111.767,598.5,306.5
28,3354,111.8,600.5,318.5
28,3355,111.833,600.5,332.5
28,3356,111.867,602.5,348.5
28,3357,111.9,604.5,368.5
28,3358,111.933,600.5,364.5
28,3359,111.967,596.5,354.5
28,3360,112.0,592.5,344.5
28,3361,112.033,588.5,338.5
28,3362,112.067,584.5,336.5
28,3363,112.1,578.5,334.5
28,3364,112.133,574.5,338.5
28,3365,112.167,570.5,344.5
28,3366,112.2,566.5,352.5
28,3367,112.233,560.5,362.5
28,3368,112.267,558.5,376.5
28,3369,112.3,554.5,392.5
28,3370,112.333,550.5,410.5
28,3371,112.367,546.5,430.5
28,3372,112.4,542.5,452.5
28,3373,112.433,540.5,476.5
28,3374,112.467,538.5,502.5
28,3375,112.5,536.5,530.5
28,3376,112.533,534.5,558.5
28,3379,112.633,524.5,572.5
28,3380,112.667,518.5,562.5
28,3381,112.7,512.5,552.5
28,3382,112.733,506.5,544.5
28,3383,112.767,502.5,538.5
28,3384,112.8,496.5,536.5
28,3385,112.833,490.5,536.5
28,3386,112.867,484.5,538.5
28,3387,112.9,480.5,546.5
28,3388,112.933,474.5,554.5
28,3389,112.967,466.5,546.5
28,3390,113.0,468.5,534.5
28,3391,113.033,476.5,522.5
28,3395,113.167,530.5,528.5
29,3519,117.3,974.5,382.5
29,3520,117.333,968.5,386.5
29,3521,117.367,968.5,392.5
29,3522,117.4,968.5,384.5
29,3523,117.433,978.5,376.5
29,3524,117.467,982.5,360.5
29,3527,117.567,986.5,350.5
29,3528,117.6,980.5,368.5
29,3529,117.633,972.5,386.5
30,3539,117.967,996.5,334.5
30,3542,118.067,820.5,340.5
30,3543,118.1,768.5,330.5
30,3544,118.133,722.5,312.5
30,3545,118.167,680.5,296.5
30,3546,118.2,638.5,284.5
30,3548,118.267,578.5,266.5
30,3549,118.3,558.5,258.5
30,3550,118.333,540.5,252.5
30,3551,118.367,522.5,250.5
30,3552,118.4,504.5,250.5
30,3553,118.433,486.5,252.5
30,3554,118.467,470.5,258.5
30,3555,118.5,456.5,264.5
30,3556,118.533,442.5,272.5
30,3557,118.567,428.5,282.5
30,3558,118.6,412.5,266.5
30,3559,118.633,396.5,256.5
30,3560,118.667,382.5,246.5
30,3561,118.7,368.5,242.5
30,3562,118.733,354.5,238.5
30,3563,118.767,342.5,236.5
30,3564,118.8,330.5,236.5
30,3565,118.833,320.5,242.5
30,3566,118.867,310.5,244.5
30,3567,118.9,304.5,250.5
30,3568,118.933,320.5,234.5
30,3569,118.967,336.5,220.5
30,3570,119.0,352.5,210.5
30,3571,119.033,370.5,202.5
30,3572,119.067,388.5,194.5
30,3573,119.1,406.5,192.5
30,3574,119.133,424.5,192.5
30,3575,119.167,442.5,192.5
30,3576,119.2,462.5,196.5
30,3577,119.233,480.5,202.5
30,3578,119.267,500.5,212.5
30,3579,119.3,518.5,222.5
30,3580,119.333,538.5,236.5
30,3581,119.367,558.5,252.5
30,3582,119.4,578.5,270.5
30,3583,119.433,596.5,290.5
30,3584,119.467,616.5,312.5
30,3585,119.5,632.5,336.5
30,3586,119.533,646.5,322.5
30,3587,119.567,658.5,306.5
30,3588,119.6,672.5,296.5
30,3589,119.633,684.5,288.5
30,3590,119.667,696.5,282.5
30,3591,119.7,710.5,280.5
30,3592,119.733,722.5,282.5
30,3593,119.767,734.5,284.5
30,3594,119.8,746.5,290.5
30,3595,119.833,758.5,298.5
30,3596,119.867,770.5,310.5
30,3597,119.9,780.5,322.5
30,3598,119.933,792.5,340.5
30,3599,119.967,796.5,350.5
30,3600,120.0,798.5,342.5
30,3601,120.033,802.5,338.5
30,3602,120.067,808.5,340.5
30,3603,120.1,816.5,344.5
30,3604,120.133,824.5,346.5
31,3646,121.533,760.5,282.5
31,3647,121.567,722.5,270.5
31,3648,121.6,686.5,260.5
31,3649,121.633,652.5,256.5
31,3650,121.667,620.5,252.5
31,3651,121.7,590.5,252.5
31,3652,121.733,564.5,256.5
31,3653,121.767,536.5,262.5
31,3654,121.8,512.5,268.5
31,3655,121.833,490.5,260.5
31,3656,121.867,468.5,244.5
31,3657,121.9,450.5,232.5
31,3658,121.933,430.5,224.5
31,3659,121.967,414.5,218.5
31,3660,122.0,396.5,212.5
31,3661,122.033,378.5,212.5
31,3663,122.1,386.5,198.5
31,3664,122.133,402.5,188.5
31,3665,122.167,418.5,178.5
31,3666,122.2,434.5,172.5
31,3667,122.233,450.5,168.5
31,3668,122.267,466.5,166.5
31,3669,122.3,482.5,166.5
31,3670,122.333,500.5,170.5
31,3671,122.367,518.5,176.5
31,3672,122.4,536.5,182.5
31,3673,122.433,554.5,194.5
31,3674,122.467,572.5,206.5
31,3675,122.5,592.5,220.5
31,3676,122.533,610.5,238.5
31,3677,122.567,628.5,256.5
31,3678,122.6,646.5,278.5
31,3679,122.633,666.5,302.5
31,3680,122.667,684.5,330.5
31,3681,122.7,700.5,338.5
31,3682,122.733,714.5,322.5
31,3683,122.767,728.5,312.5
31,3684,122.8,742.5,300.5
31,3685,122.833,758.5,294.5
31,3686,122.867,772.5,290.5
31,3687,122.9,788.5,288.5
31,3688,122.933,802.5,290.5
31,3689,122.967,816.5,294.5
31,3690,123.0,812.5,300.5
31,3691,123.033,742.5,284.5
31,3692,123.067,678.5,274.5
31,3693,123.1,618.5,268.5
31,3694,123.133,562.5,266.5
31,3695,123.167,514.5,266.5
31,3696,123.2,468.5,268.5
31,3697,123.233,428.5,272.5
31,3698,123.267,392.5,278.5
31,3699,123.3,360.5,284.5
31,3700,123.333,328.5,276.5
31,3701,123.367,300.5,256.5
31,3702,123.4,272.5,238.5
31,3703,123.433,250.5,226.5
31,3704,123.467,228.5,214.5
31,3705,123.5,208.5,208.5
31,3706,123.533,192.5,204.5
31,3707,123.567,176.5,202.5
31,3708,123.6,172.5,192.5
31,3709,123.633,194.5,178.5
31,3710,123.667,216.5,166.5
31,3711,123.7,238.5,158.5
31,3712,123.733,262.5,152.5
31,3713,123.767,286.5,148.5
31,3714,123.8,312.5,150.5
31,3715,123.833,340.5,152.5
31,3716,123.867,368.5,160.5
31,3717,123.9,398.5,170.5
31,3718,123.933,428.5,182.5
31,3719,123.967,456.5,200.5
31,3720,124.0,486.5,218.5
31,3721,124.033,516.5,240.5
31,3722,124.067,544.5,266.5
31,3723,124.1,576.5,296.5
31,3724,124.133,606.5,330.5
31,3725,124.167,636.5,366.5
31,3726,124.2,664.5,400.5
31,3727,124.233,690.5,384.5
31,3728,124.267,718.5,366.5
31,3729,124.3,746.5,352.5
31,3730,124.333,776.5,342.5
31,3731,124.367,804.5,334.5
31,3732,124.4,834.5,330.5
31,3733,124.433,864.5,330.5
31,3734,124.467,896.5,334.5
31,3735,124.5,926.5,340.5
31,3736,124.533,938.5,344.5
31,3738,124.6,770.5,288.5
31,3739,124.633,704.5,270.5
31,3740,124.667,648.5,258.5
31,3741,124.7,600.5,250.5
31,3742,124.733,560.5,246.5
31,3743,124.767,524.5,248.5
31,3744,124.8,492.5,250.5
31,3745,124.833,464.5,258.5
31,3746,124.867,442.5,264.5
31,3747,124.9,420.5,244.5
31,3748,124.933,400.5,220.5
31,3749,124.967,382.5,200.5
31,3750,125.0,366.5,184.5
31,3751,125.033,352.5,172.5
31,3753,125.1,340.5,152.5
31,3754,125.133,360.5,138.5
31,3755,125.167,378.5,130.5
31,3756,125.2,398.5,122.5
31,3757,125.233,418.5,114.5
31,3758,125.267,440.5,110.5
31,3759,125.3,460.5,108.5
31,3760,125.333,482.5,108.5
31,3761,125.367,504.5,110.5
31,3762,125.4,526.5,116.5
31,3763,125.433,550.5,122.5
31,3764,125.467,574.5,132.5
31,3765,125.5,598.5,146.5
31,3766,125.533,620.5,162.5
31,3767,125.567,644.5,178.5
31,3768,125.6,670.5,200.5
31,3769,125.633,690.5,222.5
31,3770,125.667,714.5,250.5
31,3771,125.7,738.5,278.5
31,3772,125.733,762.5,308.5
31,3773,125.767,784.5,342.5
31,3774,125.8,806.5,378.5
31,3775,125.833,828.5,364.5
31,3776,125.867,848.5,348.5
31,3777,125.9,868.5,336.5
31,3778,125.933,890.5,324.5
31,3779,125.967,910.5,320.5
31,3780,126.0,932.5,314.5
31,3781,126.033,954.5,314.5
31,3782,126.067,974.5,320.5
31,3783,126.1,996.5,324.5
31,3784,126.133,1016.5,336.5
31,3785,126.167,976.5,330.5
31,3786,126.2,892.5,310.5
31,3787,126.233,812.5,296.5
31,3788,126.267,744.5,286.5
31,3789,126.3,680.5,278.5
31,3790,126.333,624.5,274.5
31,3791,126.367,572.5,274.5
31,3792,126.4,526.5,274.5
31,3793,126.433,482.5,276.5
31,3794,126.467,446.5,282.5
31,3795,126.5,408.5,288.5
31,3796,126.533,378.5,296.5
31,3797,126.567,348.5,288.5
31,3798,126.6,320.5,266.5
31,3799,126.633,292.5,250.5
31,3800,126.667,268.5,234.5
31,3801,126.7,246.5,224.5
31,3802,126.733,224.5,216.5
31,3803,126.767,206.5,210.5
31,3804,126.8,186.5,208.5
31,3805,126.833,170.5,204.5
31,3806,126.867,214.5,208.5
31,3807,126.9,270.5,212.5
31,3808,126.933,330.5,224.5
31,3809,126.967,392.5,236.5
31,3810,127.0,454.5,256.5
31,3811,127.033,516.5,278.5
31,3812,127.067,572.5,300.5
31,3813,127.1,622.5,314.5
31,3814,127.133,670.5,330.5
31,3815,127.167,718.5,352.5
31,3816,127.2,764.5,376.5
31,3817,127.233,812.5,374.5
31,3818,127.267,862.5,374.5
31,3819,127.3,910.5,376.5
31,3820,127.333,962.5,386.5
31,3821,127.367,1010.5,394.5
31,3822,127.4,1058.5,410.5
31,3823,127.433,1066.5,406.5
31,3824,127.467,1020.5,390.5
31,3825,127.5,974.5,376.5
31,3826,127.533,930.5,364.5
31,3827,127.567,888.5,356.5
31,3828,127.6,846.5,354.5
31,3829,127.633,802.5,354.5
31,3830,127.667,760.5,358.5
31,3831,127.7,718.5,362.5
31,3832,127.733,680.5,374.5
31,3833,127.767,640.5,386.5
31,3834,127.8,600.5,402.5
31,3835,127.833,560.5,422.5
31,3836,127.867,524.5,444.5
31,3837,127.9,486.5,468.5
31,3838,127.933,450.5,496.5
31,3839,127.967,418.5,524.5
31,3840,128.0,384.5,554.5
31,3841,128.033,354.5,586.5
31,3842,128.067,354.5,570.5
31,3843,128.1,360.5,554.5
31,3844,128.133,366.5,538.5
31,3845,128.167,372.5,530.5
31,3846,128.2,376.5,522.5
31,3847,128.233,382.5,518.5
31,3848,128.267,388.5,516.5
31,3849,128.3,394.5,518.5
31,3850,128.333,398.5,522.5
31,3851,128.367,404.5,528.5
31,3852,128.4,408.5,536.5
31,3853,128.433,414.5,546.5
31,3854,128.467,416.5,556.5
31,3855,128.5,422.5,556.5
31,3856,128.533,424.5,544.5
31,3857,128.567,426.5,532.5
31,3858,128.6,428.5,524.5
31,3859,128.633,432.5,518.5
31,3860,128.667,434.5,514.5
31,3861,128.7,440.5,512.5
31,3862,128.733,442.5,514.5
31,3863,128.767,446.5,518.5
31,3864,128.8,450.5,524.5
31,3865,128.833,454.5,532.5
31,3866,128.867,458.5,540.5
31,3867,128.9,464.5,548.5
31,3868,128.933,464.5,538.5
31,3869,128.967,466.5,530.5
31,3870,129.0,466.5,526.5
31,3871,129.033,470.5,522.5
31,3872,129.067,472.5,522.5
31,3873,129.1,474.5,526.5
31,3874,129.133,478.5,530.5
31,3875,129.167,480.5,534.5
31,3876,129.2,478.5,528.5
31,3877,129.233,478.5,524.5
31,3878,129.267,480.5,522.5
31,3879,129.3,478.5,530.5
31,3880,129.333,478.5,522.5
31,3882,129.4,480.5,522.5
31,3883,129.433,480.5,522.5
31,3886,129.533,470.5,520.5
31,3887,129.567,470.5,520.5
31,3888,129.6,468.5,520.5
32,3900,130.0,448.5,520.5
32,3901,130.033,444.5,520.5
32,3902,130.067,444.5,520.5
32,3903,130.1,440.5,520.5
32,3904,130.133,438.5,520.5
32,3905,130.167,434.5,518.5
32,3906,130.2,434.5,520.5
32,3907,130.233,432.5,520.5
32,3908,130.267,432.5,520.5
32,3909,130.3,428.5,520.5
32,3910,130.333,424.5,520.5
32,3911,130.367,424.5,518.5
32,3912,130.4,424.5,518.5
32,3913,130.433,420.5,518.5
32,3914,130.467,420.5,518.5
32,3916,130.533,418.5,514.5
32,3917,130.567,416.5,514.5
32,3919,130.633,506.5,572.5
32,3920,130.667,486.5,570.5
32,3922,130.733,408.5,512.5
32,3923,130.767,408.5,514.5
32,3924,130.8,406.5,514.5
32,3925,130.833,406.5,512.5
32,3926,130.867,406.5,512.5
32,3927,130.9,404.5,512.5
32,3928,130.933,402.5,514.5
32,3929,130.967,400.5,512.5
32,3930,131.0,398.5,514.5
32,3931,131.033,400.5,512.5
32,3932,131.067,398.5,512.5
33,3941,131.367,394.5,514.5
33,3943,131.433,388.5,520.5
33,3944,131.467,376.5,508.5
33,3945,131.5,362.5,486.5
33,3946,131.533,348.5,450.5
33,3947,131.567,342.5,412.5
33,3948,131.6,334.5,378.5
33,3951,131.7,326.5,288.5
33,3952,131.733,320.5,264.5
33,3953,131.767,320.5,244.5
33,3954,131.8,318.5,228.5
33,3955,131.833,316.5,214.5
33,3956,131.867,314.5,202.5
33,3957,131.9,314.5,194.5
33,3958,131.933,312.5,190.5
33,3959,131.967,314.5,188.5
33,3960,132.0,316.5,188.5
33,3961,132.033,316.5,192.5
33,3962,132.067,318.5,196.5
33,3963,132.1,318.5,204.5
33,3964,132.133,320.5,216.5
33,3965,132.167,322.5,228.5
33,3966,132.2,324.5,242.5
33,3967,132.233,328.5,258.5
33,3968,132.267,332.5,276.5
33,3969,132.3,334.5,296.5
33,3970,132.333,332.5,278.5
33,3971,132.367,332.5,258.5
33,3972,132.4,330.5,242.5
33,3973,132.433,330.5,230.5
33,3974,132.467,330.5,218.5
33,3975,132.5,330.5,210.5
33,3976,132.533,332.5,204.5
33,3977,132.567,332.5,198.5
33,3979,132.633,336.5,202.5
33,3980,132.667,338.5,202.5
33,3981,132.7,340.5,210.5
33,3982,132.733,344.5,218.5
33,3983,132.767,346.5,226.5
33,3984,132.8,348.5,240.5
33,3985,132.833,352.5,252.5
34,4053,135.1,272.5,266.5
34,4054,135.133,268.5,260.5
34,4055,135.167,260.5,254.5
34,4056,135.2,252.5,244.5
34,4057,135.233,244.5,232.5
34,4058,135.267,236.5,218.5
34,4059,135.3,230.5,202.5
34,4060,135.333,224.5,186.5
34,4061,135.367,218.5,168.5
34,4062,135.4,214.5,152.5
34,4063,135.433,210.5,138.5
34,4064,135.467,208.5,128.5
34,4065,135.5,204.5,118.5
34,4066,135.533,202.5,114.5
34,4067,135.567,200.5,108.5
34,4068,135.6,200.5,108.5
34,4069,135.633,198.5,112.5
34,4070,135.667,198.5,116.5
34,4071,135.7,198.5,124.5
34,4072,135.733,200.5,132.5
34,4073,135.767,200.5,144.5
34,4074,135.8,202.5,156.5
34,4075,135.833,206.5,172.5
34,4076,135.867,208.5,188.5
34,4077,135.9,210.5,208.5
34,4078,135.933,220.5,226.5
34,4079,135.967,260.5,236.5
34,4080,136.0,300.5,250.5
34,4081,136.033,338.5,264.5
34,4082,136.067,376.5,276.5
34,4083,136.1,408.5,266.5
34,4084,136.133,438.5,258.5
34,4085,136.167,466.5,252.5
34,4086,136.2,498.5,250.5
34,4087,136.233,528.5,248.5
34,4088,136.267,558.5,250.5
34,4089,136.3,586.5,252.5
34,4090,136.333,616.5,258.5
34,4091,136.367,642.5,266.5
34,4092,136.4,672.5,276.5
34,4093,136.433,698.5,288.5
34,4094,136.467,726.5,302.5
34,4095,136.5,750.5,302.5
34,4096,136.533,774.5,296.5
34,4097,136.567,796.5,292.5
34,4098,136.6,820.5,292.5
34,4099,136.633,844.5,292.5
34,4100,136.667,866.5,298.5
34,4101,136.7,888.5,304.5
34,4102,136.733,912.5,312.5
34,4103,136.767,878.5,290.5
34,4104,136.8,842.5,272.5
34,4105,136.833,810.5,256.5
34,4106,136.867,780.5,242.5
34,4107,136.9,752.5,234.5
34,4108,136.933,724.5,226.5
34,4109,136.967,700.5,220.5
34,4110,137.0,676.5,218.5
34,4111,137.033,654.5,216.5
34,4112,137.067,634.5,218.5
34,4113,137.1,614.5,220.5
34,4114,137.133,596.5,224.5
34,4115,137.167,580.5,228.5
34,4116,137.2,564.5,236.5
34,4117,137.233,550.5,242.5
35,4128,137.6,1186.5,648.5
35,4129,137.633,1178.5,642.5
35,4130,137.667,1168.5,636.5
35,4131,137.7,1160.5,634.5
35,4132,137.733,1154.5,628.5
35,4134,137.8,1140.5,624.5
36,4290,143.0,276.5,272.5
36,4292,143.067,268.5,266.5
36,4293,143.1,262.5,262.5
36,4295,143.167,246.5,242.5
36,4296,143.2,238.5,228.5
36,4297,143.233,230.5,210.5
36,4298,143.267,224.5,188.5
36,4299,143.3,220.5,166.5
36,4300,143.333,216.5,148.5
36,4301,143.367,212.5,132.5
36,4302,143.4,210.5,118.5
36,4303,143.433,208.5,108.5
36,4304,143.467,206.5,100.5
36,4305,143.5,204.5,94.5
36,4306,143.533,202.5,90.5
36,4307,143.567,202.5,90.5
36,4308,143.6,202.5,94.5
36,4309,143.633,204.5,98.5
36,4310,143.667,204.5,106.5
36,4311,143.7,206.5,114.5
36,4312,143.733,208.5,130.5
36,4313,143.767,210.5,140.5
36,4314,143.8,212.5,156.5
36,4315,143.833,216.5,174.5
36,4316,143.867,218.5,194.5
36,4317,143.9,222.5,214.5
36,4318,143.933,226.5,236.5
36,4319,143.967,230.5,258.5
36,4320,144.0,234.5,282.5
36,4321,144.033,238.5,308.5
36,4322,144.067,242.5,334.5
36,4323,144.1,248.5,362.5
36,4324,144.133,254.5,388.5
36,4325,144.167,258.5,408.5
36,4326,144.2,256.5,392.5
36,4327,144.233,254.5,378.5
36,4328,144.267,252.5,368.5
36,4329,144.3,252.5,358.5
36,4330,144.333,250.5,352.5
36,4331,144.367,252.5,346.5
36,4332,144.4,250.5,342.5
36,4333,144.433,250.5,340.5
36,4334,144.467,252.5,344.5
36,4335,144.5,254.5,346.5
36,4336,144.533,256.5,352.5
36,4337,144.567,258.5,358.5
36,4338,144.6,260.5,366.5
36,4339,144.633,262.5,376.5
36,4340,144.667,264.5,388.5
36,4341,144.7,268.5,402.5
36,4342,144.733,270.5,410.5
36,4343,144.767,272.5,402.5
36,4344,144.8,272.5,396.5
36,4345,144.833,274.5,390.5
36,4346,144.867,276.5,388.5
36,4347,144.9,278.5,390.5
36,4348,144.933,282.5,392.5
36,4349,144.967,284.5,396.5
36,4350,145.0,284.5,402.5
36,4353,145.1,300.5,408.5
36,4354,145.133,298.5,406.5
36,4355,145.167,298.5,404.5
36,4356,145.2,300.5,408.5
36,4357,145.233,300.5,412.5
36,4361,145.367,310.5,418.5
37,4402,146.733,256.5,244.5
37,4403,146.767,252.5,240.5
37,4404,146.8,246.5,232.5
37,4405,146.833,238.5,224.5
37,4406,146.867,230.5,212.5
37,4407,146.9,224.5,198.5
37,4408,146.933,218.5,182.5
37,4409,146.967,214.5,164.5
37,4410,147.0,210.5,148.5
37,4411,147.033,208.5,134.5
37,4412,147.067,206.5,124.5
37,4413,147.1,204.5,114.5
37,4414,147.133,202.5,108.5
37,4415,147.167,202.5,104.5
37,4416,147.2,202.5,102.5
37,4417,147.233,202.5,106.5
37,4418,147.267,204.5,108.5
37,4419,147.3,204.5,114.5
37,4420,147.333,206.5,124.5
37,4421,147.367,208.5,136.5
37,4422,147.4,210.5,146.5
37,4423,147.433,214.5,164.5
37,4424,147.467,218.5,180.5
37,4425,147.5,220.5,200.5
37,4426,147.533,224.5,218.5
37,4427,147.567,254.5,234.5
37,4428,147.6,288.5,248.5
37,4429,147.633,322.5,262.5
37,4430,147.667,358.5,280.5
37,4431,147.7,390.5,288.5
37,4432,147.733,416.5,276.5
37,4433,147.767,444.5,272.5
37,4434,147.8,470.5,266.5
37,4435,147.833,498.5,266.5
37,4436,147.867,524.5,266.5
37,4437,147.9,552.5,270.5
37,4438,147.933,578.5,276.5
37,4439,147.967,604.5,286.5
37,4440,148.0,630.5,298.5
37,4441,148.033,656.5,312.5
37,4442,148.067,682.5,330.5
37,4443,148.1,706.5,346.5
37,4444,148.133,730.5,338.5
37,4445,148.167,754.5,332.5
37,4446,148.2,776.5,330.5
37,4447,148.233,800.5,330.5
37,4448,148.267,824.5,332.5
37,4449,148.3,846.5,338.5
37,4450,148.333,838.5,328.5
37,4451,148.367,806.5,306.5
37,4452,148.4,776.5,290.5
37,4453,148.433,750.5,278.5
37,4454,148.467,722.5,268.5
37,4455,148.5,698.5,260.5
37,4456,148.533,676.5,258.5
37,4457,148.567,654.5,256.5
37,4458,148.6,646.5,258.5
37,4459,148.633,656.5,266.5
37,4460,148.667,668.5,274.5
37,4461,148.7,678.5,282.5
37,4462,148.733,686.5,274.5
37,4463,148.767,694.5,270.5
37,4464,148.8,704.5,266.5
37,4465,148.833,712.5,266.5
37,4466,148.867,720.5,268.5
37,4467,148.9,728.5,274.5
37,4468,148.933,736.5,278.5
37,4469,148.967,742.5,288.5
37,4470,149.0,750.5,298.5
37,4471,149.033,760.5,292.5
37,4472,149.067,768.5,288.5
37,4473,149.1,776.5,284.5
37,4474,149.133,784.5,286.5
37,4475,149.167,792.5,288.5
37,4476,149.2,800.5,292.5
37,4477,149.233,808.5,300.5
37,4478,149.267,816.5,308.5
37,4479,149.3,824.5,308.5
37,4480,149.333,832.5,304.5
37,4481,149.367,840.5,300.5
37,4482,149.4,848.5,300.5
37,4483,149.433,856.5,304.5
37,4484,149.467,864.5,308.5
37,4485,149.5,872.5,314.5
37,4486,149.533,878.5,324.5
37,4487,149.567,888.5,320.5
37,4488,149.6,896.5,316.5
37,4489,149.633,904.5,314.5
37,4490,149.667,912.5,316.5
37,4491,149.7,920.5,320.5
37,4492,149.733,926.5,324.5
37,4493,149.767,932.5,332.5
37,4494,149.8,940.5,336.5
37,4495,149.833,950.5,330.5
37,4496,149.867,958.5,328.5
37,4497,149.9,966.5,330.5
37,4498,149.933,974.5,330.5
37,4501,150.033,1026.5,442.5
37,4502,150.067,1024.5,434.5
37,4503,150.1,1002.5,382.5
37,4504,150.133,1026.5,406.5
37,4506,150.2,1024.5,320.5
37,4507,150.233,1030.5,288.5
37,4508,150.267,1038.5,260.5
37,4512,150.4,1018.5,358.5
37,4513,150.433,1076.5,360.5
38,4542,151.4,946.5,292.5
38,4543,151.433,888.5,308.5
38,4544,151.467,838.5,324.5
38,4545,151.5,802.5,308.5
38,4546,151.533,772.5,278.5
38,4547,151.567,742.5,250.5
38,4548,151.6,714.5,228.5
38,4549,151.633,688.5,210.5
38,4550,151.667,662.5,194.5
38,4551,151.7,638.5,182.5
38,4552,151.733,614.5,174.5
38,4553,151.767,592.5,170.5
38,4554,151.8,574.5,168.5
38,4555,151.833,554.5,168.5
38,4556,151.867,536.5,170.5
38,4557,151.9,520.5,176.5
38,4558,151.933,506.5,182.5
38,4559,151.967,490.5,192.5
38,4560,152.0,478.5,202.5
38,4561,152.033,470.5,208.5
38,4562,152.067,468.5,204.5
38,4563,152.1,464.5,210.5
38,4564,152.133,460.5,210.5
38,4565,152.167,452.5,212.5
38,4566,152.2,446.5,216.5
38,4567,152.233,438.5,218.5
38,4568,152.267,426.5,220.5
38,4569,152.3,416.5,224.5
38,4570,152.333,402.5,226.5
38,4571,152.367,390.5,232.5
38,4575,152.5,342.5,242.5
38,4577,152.567,322.5,242.5
38,4578,152.6,312.5,242.5
38,4580,152.667,298.5,246.5
38,4581,152.7,292.5,248.5
38,4582,152.733,288.5,250.5
38,4583,152.767,282.5,250.5
38,4584,152.8,278.5,248.5
38,4585,152.833,278.5,250.5
38,4586,152.867,274.5,252.5
38,4588,152.933,276.5,258.5
38,4589,152.967,276.5,260.5
38,4590,153.0,274.5,266.5
38,4591,153.033,276.5,270.5
38,4595,153.167,266.5,266.5
38,4596,153.2,260.5,260.5
38,4597,153.233,252.5,252.5
38,4598,153.267,244.5,244.5
38,4599,153.3,234.5,230.5
38,4600,153.333,226.5,212.5
38,4601,153.367,220.5,190.5
38,4602,153.4,216.5,170.5
38,4603,153.433,212.5,150.5
38,4604,153.467,208.5,136.5
38,4605,153.5,206.5,122.5
38,4606,153.533,202.5,112.5
38,4607,153.567,200.5,106.5
38,4608,153.6,200.5,100.5
38,4609,153.633,198.5,96.5
38,4610,153.667,198.5,98.5
38,4611,153.7,198.5,102.5
38,4612,153.733,198.5,106.5
38,4613,153.767,198.5,114.5
38,4614,153.8,200.5,124.5
38,4615,153.833,200.5,138.5
38,4616,153.867,202.5,150.5
38,4617,153.9,206.5,166.5
38,4618,153.933,208.5,184.5
38,4619,153.967,210.5,202.5
38,4620,154.0,216.5,224.5
38,4621,154.033,218.5,248.5
38,4622,154.067,222.5,270.5
38,4623,154.1,226.5,296.5
38,4624,154.133,232.5,320.5
38,4625,154.167,236.5,346.5
38,4626,154.2,240.5,372.5
38,4627,154.233,244.5,400.5
38,4628,154.267,248.5,414.5
38,4629,154.3,242.5,398.5
38,4630,154.333,240.5,384.5
38,4631,154.367,236.5,372.5
38,4632,154.4,234.5,362.5
38,4633,154.433,232.5,354.5
38,4634,154.467,230.5,350.5
38,4635,154.5,228.5,346.5
38,4636,154.533,226.5,342.5
38,4637,154.567,224.5,346.5
38,4638,154.6,226.5,350.5
38,4639,154.633,226.5,354.5
38,4640,154.667,226.5,360.5
38,4641,154.7,226.5,370.5
38,4642,154.733,226.5,380.5
38,4643,154.767,228.5,392.5
38,4644,154.8,230.5,406.5
38,4645,154.833,234.5,422.5
38,4646,154.867,232.5,420.5
38,4647,154.9,230.5,410.5
38,4648,154.933,230.5,404.5
38,4649,154.967,228.5,400.5
38,4650,155.0,226.5,396.5
38,4651,155.033,226.5,396.5
39,4709,156.967,262.5,250.5
39,4710,157.0,256.5,246.5
39,4711,157.033,252.5,242.5
39,4712,157.067,246.5,236.5
39,4713,157.1,240.5,226.5
39,4714,157.133,234.5,216.5
39,4715,157.167,226.5,200.5
39,4716,157.2,222.5,184.5
39,4717,157.233,218.5,168.5
39,4718,157.267,214.5,154.5
39,4719,157.3,212.5,142.5
39,4720,157.333,210.5,132.5
39,4721,157.367,206.5,126.5
39,4722,157.4,206.5,122.5
39,4723,157.433,206.5,120.5
39,4724,157.467,204.5,122.5
39,4725,157.5,204.5,126.5
39,4726,157.533,206.5,132.5
39,4727,157.567,206.5,140.5
39,4728,157.6,208.5,150.5
39,4729,157.633,210.5,164.5
39,4730,157.667,212.5,178.5
39,4731,157.7,216.5,196.5
39,4732,157.733,218.5,214.5
39,4733,157.767,240.5,230.5
39,4734,157.8,282.5,242.5
39,4735,157.833,326.5,256.5
39,4736,157.867,366.5,270.5
39,4737,157.9,406.5,288.5
39,4738,157.933,442.5,298.5
39,4739,157.967,472.5,290.5
39,4740,158.0,504.5,284.5
39,4741,158.033,536.5,278.5
39,4742,158.067,566.5,276.5
39,4743,158.1,598.5,278.5
39,4744,158.133,628.5,282.5
39,4745,158.167,658.5,288.5
39,4746,158.2,690.5,298.5
39,4747,158.233,720.5,310.5
39,4748,158.267,750.5,324.5
39,4749,158.3,778.5,342.5
39,4750,158.333,804.5,360.5
39,4751,158.367,832.5,354.5
39,4752,158.4,858.5,346.5
39,4753,158.433,884.5,346.5
39,4754,158.467,910.5,344.5
39,4755,158.5,894.5,326.5
39,4756,158.533,852.5,302.5
39,4757,158.567,814.5,280.5
39,4758,158.6,776.5,264.5
39,4759,158.633,742.5,250.5
39,4760,158.667,710.5,240.5
39,4761,158.7,678.5,232.5
39,4762,158.733,650.5,226.5
39,4763,158.767,622.5,226.5
39,4764,158.8,598.5,226.5
39,4765,158.833,574.5,226.5
39,4766,158.867,552.5,232.5
39,4767,158.9,532.5,236.5
39,4768,158.933,512.5,242.5
39,4769,158.967,494.5,252.5
39,4770,159.0,478.5,250.5
39,4771,159.033,462.5,234.5
39,4772,159.067,446.5,220.5
39,4776,159.2,482.5,208.5
39,4777,159.233,502.5,214.5
39,4778,159.267,524.5,222.5
39,4779,159.3,546.5,232.5
39,4780,159.333,570.5,246.5
39,4781,159.367,592.5,262.5
39,4782,159.4,616.5,282.5
39,4783,159.433,640.5,306.5
39,4784,159.467,664.5,330.5
39,4785,159.5,686.5,358.5
39,4786,159.533,708.5,364.5
39,4787,159.567,732.5,360.5
39,4788,159.6,752.5,360.5
39,4789,159.633,776.5,362.5
39,4790,159.667,798.5,370.5
39,4791,159.7,824.5,378.5
39,4792,159.733,812.5,372.5
39,4793,159.767,754.5,340.5
39,4794,159.8,702.5,318.5
39,4795,159.833,654.5,300.5
39,4796,159.867,612.5,286.5
39,4797,159.9,572.5,276.5
39,4798,159.933,536.5,270.5
39,4799,159.967,504.5,266.5
39,4800,160.0,472.5,266.5
39,4801,160.033,446.5,270.5
39,4802,160.067,420.5,274.5
39,4803,160.1,398.5,282.5
39,4804,160.133,378.5,290.5
39,4805,160.167,360.5,286.5
39,4806,160.2,340.5,264.5
39,4807,160.233,324.5,248.5
39,4808,160.267,308.5,232.5
39,4809,160.3,292.5,222.5
39,4810,160.333,278.5,212.5
39,4811,160.367,268.5,208.5
39,4812,160.4,256.5,204.5
39,4813,160.433,246.5,202.5
39,4814,160.467,238.5,204.5
39,4815,160.5,230.5,210.5
39,4816,160.533,222.5,214.5
39,4817,160.567,246.5,202.5
39,4818,160.6,274.5,190.5
39,4819,160.633,306.5,180.5
39,4820,160.667,336.5,174.5
39,4821,160.7,368.5,170.5
39,4822,160.733,400.5,168.5
39,4823,160.767,434.5,170.5
39,4824,160.8,466.5,176.5
39,4825,160.833,500.5,184.5
39,4826,160.867,534.5,196.5
39,4827,160.9,568.5,210.5
39,4828,160.933,602.5,226.5
39,4829,160.967,634.5,246.5
39,4830,161.0,666.5,268.5
39,4831,161.033,698.5,294.5
39,4832,161.067,728.5,320.5
39,4833,161.1,756.5,320.5
39,4834,161.133,786.5,304.5
39,4835,161.167,814.5,292.5
39,4836,161.2,842.5,282.5
39,4837,161.233,870.5,274.5
39,4838,161.267,898.5,272.5
39,4839,161.3,926.5,272.5
39,4840,161.333,954.5,274.5
39,4841,161.367,982.5,278.5
39,4842,161.4,1008.5,288.5
39,4846,161.533,950.5,274.5
39,4847,161.567,876.5,250.5
39,4848,161.6,806.5,234.5
39,4849,161.633,742.5,222.5
39,4850,161.667,684.5,216.5
39,4851,161.7,628.5,212.5
39,4852,161.733,580.5,214.5
39,4853,161.767,536.5,218.5
39,4854,161.8,494.5,226.5
39,4855,161.833,460.5,234.5
39,4856,161.867,424.5,246.5
39,4857,161.9,394.5,260.5
39,4858,161.933,362.5,244.5
39,4859,161.967,330.5,224.5
39,4860,162.0,300.5,206.5
39,4861,162.033,270.5,194.5
39,4862,162.067,244.5,180.5
39,4863,162.1,218.5,172.5
39,4864,162.133,194.5,168.5
39,4865,162.167,172.5,166.5
39,4866,162.2,202.5,154.5
39,4867,162.233,256.5,142.5
39,4868,162.267,310.5,132.5
39,4869,162.3,370.5,128.5
39,4870,162.333,432.5,124.5
39,4871,162.367,494.5,128.5
39,4872,162.4,556.5,136.5
39,4874,162.467,688.5,158.5
39,4875,162.5,754.5,176.5
39,4876,162.533,820.5,196.5
39,4877,162.567,888.5,222.5
39,4878,162.6,956.5,252.5
39,4879,162.633,1024.5,286.5
40,5000,166.667,502.5,140.5
40,5001,166.7,508.5,126.5
40,5002,166.733,514.5,112.5
40,5003,166.767,522.5,100.5
40,5004,166.8,528.5,90.5
40,5005,166.833,536.5,84.5
40,5006,166.867,544.5,78.5
40,5007,166.9,552.5,74.5
40,5008,166.933,560.5,74.5
40,5009,166.967,570.5,76.5
40,5010,167.0,578.5,80.5
40,5011,167.033,588.5,90.5
40,5012,167.067,598.5,98.5
40,5013,167.1,608.5,112.5
40,5014,167.133,616.5,128.5
40,5015,167.167,628.5,150.5
40,5016,167.2,638.5,170.5
40,5017,167.233,646.5,194.5
40,5018,167.267,658.5,220.5
40,5020,167.333,678.5,284.5
40,5021,167.367,688.5,320.5
40,5022,167.4,698.5,358.5
40,5023,167.433,710.5,396.5
40,5024,167.467,718.5,378.5
40,5025,167.5,726.5,354.5
40,5026,167.533,734.5,336.5
40,5027,167.567,742.5,320.5
40,5028,167.6,750.5,306.5
40,5029,167.633,758.5,294.5
40,5030,167.667,768.5,286.5
40,5031,167.7,768.5,288.5
41,5056,168.533,968.5,370.5
41,5057,168.567,968.5,376.5
41,5058,168.6,968.5,374.5
41,5059,168.633,972.5,362.5
41,5060,168.667,978.5,348.5
42,5075,169.167,994.5,326.5
42,5078,169.267,826.5,354.5
42,5079,169.3,788.5,330.5
42,5080,169.333,750.5,306.5
42,5081,169.367,712.5,290.5
42,5082,169.4,676.5,274.5
42,5083,169.433,640.5,262.5
42,5084,169.467,608.5,256.5
42,5085,169.5,576.5,252.5
42,5086,169.533,546.5,250.5
42,5087,169.567,518.5,254.5
42,5088,169.6,492.5,258.5
42,5089,169.633,466.5,266.5
42,5090,169.667,444.5,274.5
42,5091,169.7,424.5,286.5
42,5092,169.733,400.5,280.5
42,5093,169.767,378.5,264.5
42,5094,169.8,354.5,250.5
42,5095,169.833,334.5,240.5
42,5096,169.867,314.5,232.5
42,5097,169.9,294.5,226.5
42,5098,169.933,276.5,224.5
42,5099,169.967,260.5,224.5
42,5100,170.0,244.5,226.5
42,5101,170.033,230.5,230.5
42,5102,170.067,242.5,220.5
42,5103,170.1,264.5,212.5
42,5104,170.133,288.5,204.5
42,5105,170.167,312.5,196.5
42,5106,170.2,336.5,192.5
42,5107,170.233,362.5,190.5
42,5108,170.267,388.5,190.5
42,5109,170.3,416.5,194.5
42,5110,170.333,442.5,200.5
42,5111,170.367,468.5,210.5
42,5112,170.4,494.5,222.5
42,5113,170.433,520.5,234.5
42,5114,170.467,548.5,250.5
42,5115,170.5,572.5,270.5
42,5116,170.533,596.5,288.5
42,5117,170.567,620.5,306.5
42,5118,170.6,642.5,322.5
42,5119,170.633,660.5,306.5
42,5120,170.667,680.5,298.5
42,5121,170.7,700.5,288.5
42,5122,170.733,718.5,282.5
42,5123,170.767,736.5,280.5
42,5124,170.8,754.5,280.5
42,5125,170.833,774.5,282.5
42,5126,170.867,792.5,288.5
42,5127,170.9,808.5,296.5
42,5128,170.933,796.5,280.5
42,5129,170.967,768.5,250.5
42,5130,171.0,742.5,228.5
42,5131,171.033,714.5,208.5
42,5132,171.067,688.5,192.5
42,5133,171.1,664.5,178.5
42,5134,171.133,638.5,168.5
42,5135,171.167,612.5,162.5
42,5136,171.2,588.5,158.5
42,5137,171.233,566.5,158.5
42,5138,171.267,544.5,160.5
42,5139,171.3,524.5,164.5
42,5140,171.333,502.5,172.5
42,5141,171.367,482.5,182.5
42,5142,171.4,466.5,194.5
42,5143,171.433,448.5,210.5
42,5144,171.467,432.5,226.5
42,5145,171.5,416.5,242.5
42,5146,171.533,402.5,260.5
42,5147,171.567,390.5,282.5
42,5148,171.6,378.5,270.5
42,5149,171.633,366.5,248.5
42,5150,171.667,352.5,230.5
42,5151,171.7,340.5,214.5
42,5152,171.733,330.5,200.5
42,5153,171.767,320.5,190.5
42,5154,171.8,308.5,182.5
42,5155,171.833,298.5,178.5
42,5156,171.867,290.5,174.5
42,5157,171.9,282.5,174.5
42,5158,171.933,274.5,176.5
42,5159,171.967,266.5,180.5
42,5160,172.0,260.5,188.5
42,5161,172.033,294.5,180.5
42,5162,172.067,356.5,212.5
42,5165,172.167,612.5,284.5
42,5169,172.3,962.5,362.5
43,5268,175.6,1036.5,712.5
43,5269,175.633,1014.5,712.5
43,5270,175.667,990.5,712.5
43,5273,175.767,824.5,714.5
43,5274,175.8,788.5,714.5
44,5384,179.467,226.5,542.5
44,5386,179.533,242.5,538.5
44,5387,179.567,228.5,530.5
44,5388,179.6,244.5,534.5
44,5389,179.633,246.5,522.5
44,5393,179.767,274.5,522.5
45,5495,183.167,236.5,500.5
45,5496,183.2,250.5,524.5
45,5498,183.267,234.5,570.5
45,5501,183.367,216.5,658.5
45,5503,183.433,234.5,660.5
45,5507,183.567,292.5,652.5
46,5522,184.067,398.5,632.5
46,5523,184.1,400.5,636.5
46,5524,184.133,404.5,632.5
46,5525,184.167,408.5,630.5
46,5526,184.2,406.5,630.5
46,5528,184.267,400.5,634.5
46,5529,184.3,404.5,634.5
46,5532,184.4,402.5,634.5
47,5711,190.367,1246.5,410.5
47,5712,190.4,1230.5,402.5
47,5713,190.433,1218.5,398.5
47,5714,190.467,1206.5,394.5
47,5715,190.5,1198.5,394.5
47,5716,190.533,1190.5,396.5
47,5717,190.567,1182.5,404.5
47,5719,190.633,1176.5,420.5
47,5720,190.667,1176.5,432.5
48,5822,194.067,978.5,344.5
48,5826,194.2,978.5,346.5
48,5828,194.267,978.5,346.5
48,5829,194.3,978.5,348.5
48,5830,194.333,976.5,352.5
48,5831,194.367,976.5,354.5
48,5835,194.5,976.5,352.5
48,5836,194.533,978.5,340.5
48,5840,194.667,986.5,352.5
48,5842,194.733,976.5,384.5
48,5843,194.767,984.5,404.5
49,5853,195.1,816.5,314.5
49,5854,195.133,774.5,290.5
49,5855,195.167,734.5,274.5
49,5856,195.2,696.5,256.5
49,5857,195.233,662.5,244.5
49,5858,195.267,626.5,234.5
49,5859,195.3,594.5,228.5
49,5860,195.333,564.5,224.5
49,5861,195.367,534.5,224.5
49,5862,195.4,508.5,224.5
49,5863,195.433,484.5,226.5
49,5864,195.467,460.5,232.5
49,5865,195.5,438.5,240.5
49,5866,195.533,418.5,248.5
49,5867,195.567,398.5,242.5
49,5868,195.6,380.5,226.5
49,5869,195.633,384.5,218.5
49,5870,195.667,414.5,212.5
49,5871,195.7,444.5,210.5
49,5872,195.733,474.5,210.5
49,5873,195.767,504.5,214.5
49,5874,195.8,534.5,218.5
49,5875,195.833,564.5,226.5
49,5876,195.867,594.5,234.5
49,5877,195.9,624.5,246.5
49,5878,195.933,656.5,260.5
49,5879,195.967,686.5,276.5
49,5880,196.0,716.5,296.5
49,5881,196.033,744.5,304.5
49,5882,196.067,772.5,296.5
49,5883,196.1,800.5,292.5
49,5884,196.133,828.5,288.5
49,5885,196.167,856.5,288.5
49,5886,196.2,882.5,290.5
49,5887,196.233,910.5,296.5
49,5888,196.267,912.5,288.5
49,5889,196.3,868.5,258.5
49,5890,196.333,830.5,234.5
49,5891,196.367,788.5,210.5
49,5892,196.4,752.5,194.5
49,5893,196.433,714.5,178.5
49,5894,196.467,680.5,166.5
49,5895,196.5,646.5,158.5
49,5896,196.533,616.5,152.5
49,5897,196.567,586.5,148.5
49,5898,196.6,558.5,146.5
49,5899,196.633,532.5,148.5
49,5900,196.667,508.5,152.5
49,5901,196.7,482.5,156.5
49,5902,196.733,462.5,164.5
49,5903,196.767,440.5,174.5
49,5904,196.8,420.5,184.5
49,5905,196.833,402.5,194.5
49,5906,196.867,384.5,208.5
49,5907,196.9,368.5,222.5
49,5908,196.933,352.5,236.5
49,5909,196.967,338.5,252.5
49,5913,197.1,290.5,322.5
49,5917,197.233,252.5,300.5
49,5918,197.267,244.5,290.5
49,5919,197.3,238.5,284.5
49,5920,197.333,230.5,280.5
49,5921,197.367,224.5,276.5
49,5922,197.4,218.5,276.5
49,5923,197.433,210.5,274.5
49,5924,197.467,206.5,280.5
49,5925,197.5,210.5,284.5
49,5926,197.533,212.5,290.5
49,5928,197.6,222.5,308.5
49,5929,197.633,226.5,316.5
49,5930,197.667,232.5,330.5
49,5931,197.7,234.5,336.5
49,5932,197.733,232.5,330.5
49,5933,197.767,232.5,326.5
49,5934,197.8,230.5,322.5
49,5935,197.833,226.5,322.5
49,5936,197.867,228.5,324.5
49,5937,197.9,228.5,328.5
49,5938,197.933,228.5,332.5
49,5939,197.967,228.5,338.5
49,5940,198.0,228.5,346.5
49,5941,198.033,228.5,344.5
49,5942,198.067,228.5,342.5
49,5945,198.167,228.5,348.5
50,6056,201.867,416.5,228.5
50,6057,201.9,412.5,226.5
50,6058,201.933,408.5,224.5
50,6059,201.967,404.5,226.5
50,6060,202.0,402.5,226.5
51,6104,203.467,388.5,206.5
51,6105,203.5,392.5,198.5
51,6106,203.533,398.5,186.5
51,6107,203.567,400.5,172.5
51,6108,203.6,402.5,156.5
51,6109,203.633,402.5,140.5
51,6111,203.7,400.5,110.5
51,6112,203.733,402.5,98.5
51,6113,203.767,402.5,86.5
51,6114,203.8,402.5,80.5
51,6115,203.833,402.5,74.5
51,6116,203.867,402.5,66.5
51,6117,203.9,402.5,68.5
51,6118,203.933,404.5,70.5
51,6119,203.967,404.5,76.5
51,6120,204.0,404.5,78.5
51,6121,204.033,406.5,84.5
51,6122,204.067,408.5,94.5
51,6123,204.1,410.5,104.5
51,6124,204.133,400.5,128.5
51,6128,204.267,430.5,184.5
51,6129,204.3,450.5,206.5
51,6130,204.333,468.5,232.5
51,6131,204.367,486.5,226.5
51,6132,204.4,504.5,226.5
51,6133,204.433,524.5,226.5
51,6134,204.467,546.5,226.5
51,6135,204.5,568.5,230.5
51,6136,204.533,592.5,238.5
51,6137,204.567,616.5,248.5
51,6138,204.6,642.5,258.5
51,6139,204.633,670.5,274.5
51,6140,204.667,696.5,294.5
51,6141,204.7,724.5,314.5
51,6142,204.733,752.5,338.5
51,6143,204.767,778.5,366.5
51,6144,204.8,806.5,364.5
51,6145,204.833,836.5,360.5
51,6146,204.867,866.5,356.5
51,6147,204.9,896.5,358.5
51,6148,204.933,924.5,362.5
51,6149,204.967,892.5,338.5
51,6150,205.0,846.5,314.5
51,6151,205.033,800.5,294.5
51,6152,205.067,758.5,278.5
51,6153,205.1,720.5,266.5
51,6154,205.133,686.5,258.5
51,6155,205.167,654.5,254.5
51,6156,205.2,622.5,250.5
51,6157,205.233,594.5,250.5
51,6158,205.267,570.5,254.5
51,6159,205.3,546.5,258.5
51,6160,205.333,524.5,266.5
51,6161,205.367,504.5,274.5
51,6162,205.4,486.5,274.5
51,6163,205.433,470.5,254.5
51,6164,205.467,456.5,238.5
51,6165,205.5,440.5,224.5
51,6166,205.533,428.5,212.5
51,6167,205.567,416.5,204.5
51,6168,205.6,402.5,198.5
51,6169,205.633,392.5,196.5
51,6170,205.667,382.5,196.5
51,6171,205.7,372.5,196.5
51,6172,205.733,364.5,200.5
51,6173,205.767,354.5,206.5
51,6174,205.8,348.5,214.5
51,6175,205.833,356.5,210.5
51,6176,205.867,376.5,204.5
51,6177,205.9,396.5,196.5
51,6178,205.933,418.5,194.5
51,6179,205.967,440.5,192.5
51,6180,206.0,462.5,194.5
51,6181,206.033,484.5,196.5
51,6182,206.067,508.5,204.5
51,6183,206.1,530.5,212.5
51,6184,206.133,554.5,224.5
51,6185,206.167,578.5,238.5
51,6186,206.2,602.5,252.5
51,6187,206.233,626.5,274.5
51,6188,206.267,650.5,294.5
51,6189,206.3,672.5,312.5
51,6190,206.333,690.5,302.5
51,6191,206.367,712.5,294.5
51,6192,206.4,732.5,288.5
51,6193,206.433,752.5,286.5
51,6194,206.467,774.5,286.5
51,6195,206.5,792.5,288.5
51,6196,206.533,814.5,294.5
51,6197,206.567,834.5,302.5
51,6198,206.6,854.5,312.5
51,6199,206.633,816.5,294.5
51,6200,206.667,774.5,274.5
51,6201,206.7,734.5,260.5
51,6202,206.733,696.5,250.5
51,6203,206.767,658.5,242.5
51,6204,206.8,622.5,236.5
51,6205,206.833,588.5,234.5
51,6206,206.867,554.5,236.5
51,6207,206.9,524.5,242.5
51,6208,206.933,496.5,248.5
51,6209,206.967,466.5,256.5
51,6210,207.0,438.5,268.5
51,6211,207.033,414.5,280.5
51,6212,207.067,392.5,296.5
51,6213,207.1,370.5,282.5
51,6214,207.133,350.5,266.5
51,6215,207.167,328.5,250.5
51,6216,207.2,310.5,242.5
51,6217,207.233,292.5,232.5
51,6218,207.267,274.5,226.5
51,6219,207.3,256.5,226.5
51,6220,207.333,272.5,222.5
51,6221,207.367,332.5,226.5
51,6222,207.4,392.5,230.5
51,6223,207.433,450.5,238.5
51,6224,207.467,510.5,248.5
51,6225,207.5,572.5,264.5
51,6226,207.533,630.5,282.5
51,6227,207.567,686.5,300.5
51,6228,207.6,744.5,324.5
51,6229,207.633,792.5,348.5
51,6230,207.667,846.5,344.5
51,6231,207.7,898.5,334.5
51,6232,207.733,946.5,328.5
51,6233,207.767,998.5,322.5
51,6234,207.8,1048.5,322.5
51,6235,207.833,1098.5,326.5
52,6518,217.267,1234.5,34.5
52,6519,217.3,1178.5,34.5
52,6520,217.333,1126.5,36.5
52,6521,217.367,1074.5,42.5
52,6522,217.4,1026.5,50.5
52,6523,217.433,982.5,62.5
52,6524,217.467,936.5,74.5
52,6525,217.5,894.5,90.5
52,6526,217.533,854.5,106.5
52,6527,217.567,814.5,124.5
52,6528,217.6,778.5,146.5
52,6529,217.633,742.5,168.5
52,6530,217.667,710.5,190.5
52,6531,217.7,680.5,212.5
52,6532,217.733,650.5,234.5
52,6533,217.767,624.5,258.5
52,6534,217.8,604.5,248.5
52,6535,217.833,586.5,222.5
52,6536,217.867,568.5,200.5
52,6537,217.9,550.5,180.5
52,6538,217.933,532.5,162.5
52,6539,217.967,514.5,146.5
52,6540,218.0,498.5,138.5
52,6541,218.033,482.5,128.5
52,6542,218.067,466.5,122.5
52,6543,218.1,450.5,120.5
52,6544,218.133,434.5,118.5
52,6545,218.167,420.5,120.5
52,6546,218.2,408.5,124.5
52,6547,218.233,394.5,130.5
52,6548,218.267,382.5,138.5
52,6549,218.3,370.5,148.5
52,6550,218.333,358.5,162.5
53,6562,218.733,310.5,156.5
53,6563,218.767,310.5,164.5
53,6564,218.8,316.5,172.5
53,6565,218.833,318.5,182.5
53,6566,218.867,324.5,186.5
53,6567,218.9,332.5,192.5
53,6568,218.933,338.5,194.5
53,6569,218.967,342.5,200.5
53,6570,219.0,348.5,202.5
53,6571,219.033,352.5,202.5
53,6572,219.067,358.5,202.5
53,6573,219.1,362.5,200.5
54,6603,220.1,424.5,92.5
54,6604,220.133,424.5,84.5
54,6605,220.167,424.5,78.5
54,6606,220.2,424.5,72.5
54,6607,220.233,424.5,68.5
54,6608,220.267,424.5,72.5
54,6609,220.3,426.5,74.5
54,6610,220.333,426.5,78.5
54,6611,220.367,428.5,84.5
54,6612,220.4,428.5,94.5
54,6613,220.433,430.5,104.5
54,6614,220.467,432.5,116.5
54,6616,220.533,440.5,144.5
54,6617,220.567,440.5,160.5
54,6618,220.6,446.5,186.5
54,6619,220.633,460.5,212.5
54,6620,220.667,472.5,228.5
54,6621,220.7,480.5,218.5
54,6622,220.733,492.5,212.5
54,6623,220.767,504.5,208.5
54,6624,220.8,518.5,204.5
54,6625,220.833,530.5,204.5
54,6626,220.867,546.5,206.5
54,6627,220.9,560.5,212.5
54,6628,220.933,576.5,220.5
54,6629,220.967,594.5,230.5
54,6630,221.0,612.5,244.5
54,6631,221.033,630.5,260.5
54,6632,221.067,648.5,282.5
54,6633,221.1,666.5,302.5
54,6634,221.133,686.5,328.5
54,6635,221.167,706.5,356.5
54,6636,221.2,724.5,390.5
54,6637,221.233,742.5,380.5
54,6638,221.267,760.5,372.5
54,6639,221.3,778.5,366.5
54,6640,221.333,798.5,364.5
54,6641,221.367,818.5,362.5
54,6642,221.4,836.5,368.5
54,6643,221.433,798.5,342.5
54,6644,221.467,742.5,312.5
54,6645,221.5,688.5,288.5
54,6646,221.533,640.5,268.5
54,6647,221.567,600.5,254.5
54,6648,221.6,560.5,244.5
54,6649,221.633,526.5,236.5
54,6650,221.667,492.5,234.5
54,6651,221.7,464.5,234.5
54,6652,221.733,436.5,238.5
54,6653,221.767,414.5,242.5
54,6654,221.8,392.5,250.5
54,6655,221.833,372.5,258.5
54,6656,221.867,354.5,268.5
54,6657,221.9,338.5,270.5
54,6658,221.933,320.5,246.5
54,6659,221.967,304.5,228.5
54,6660,222.0,290.5,212.5
54,6661,222.033,274.5,198.5
54,6662,222.067,264.5,190.5
54,6663,222.1,252.5,184.5
54,6664,222.133,242.5,178.5
54,6665,222.167,250.5,170.5
54,6666,222.2,274.5,162.5
54,6667,222.233,302.5,156.5
54,6668,222.267,330.5,154.5
54,6669,222.3,358.5,154.5
54,6670,222.333,388.5,156.5
54,6671,222.367,418.5,162.5
54,6672,222.4,448.5,168.5
54,6673,222.433,480.5,180.5
54,6674,222.467,512.5,194.5
54,6675,222.5,542.5,210.5
54,6676,222.533,574.5,230.5
54,6677,222.567,604.5,252.5
54,6678,222.6,634.5,276.5
54,6679,222.633,664.5,304.5
54,6680,222.667,690.5,332.5
54,6681,222.7,718.5,328.5
54,6682,222.733,742.5,312.5
54,6683,222.767,770.5,298.5
54,6684,222.8,794.5,288.5
54,6685,222.833,820.5,280.5
54,6686,222.867,846.5,274.5
54,6687,222.9,872.5,272.5
54,6688,222.933,898.5,272.5
54,6689,222.967,924.5,276.5
54,6690,223.0,948.5,284.5
54,6691,223.033,974.5,294.5
54,6692,223.067,996.5,306.5
54,6696,223.2,930.5,280.5
54,6697,223.233,870.5,252.5
54,6698,223.267,816.5,230.5
54,6699,223.3,766.5,212.5
54,6700,223.333,718.5,202.5
54,6701,223.367,674.5,194.5
54,6702,223.4,632.5,192.5
54,6703,223.433,592.5,192.5
54,6704,223.467,558.5,194.5
54,6705,223.5,524.5,202.5
54,6706,223.533,494.5,210.5
54,6707,223.567,466.5,222.5
54,6708,223.6,442.5,236.5
54,6709,223.633,418.5,250.5
54,6710,223.667,398.5,268.5
54,6711,223.7,376.5,264.5
54,6712,223.733,350.5,240.5
54,6713,223.767,326.5,220.5
54,6714,223.8,304.5,204.5
54,6715,223.833,282.5,192.5
54,6716,223.867,262.5,180.5
54,6717,223.9,242.5,174.5
54,6718,223.933,224.5,170.5
54,6719,223.967,208.5,168.5
54,6720,224.0,192.5,168.5
54,6721,224.033,210.5,154.5
54,6722,224.067,238.5,140.5
54,6723,224.1,268.5,130.5
54,6724,224.133,298.5,122.5
54,6725,224.167,328.5,114.5
54,6726,224.2,360.5,112.5
54,6727,224.233,392.5,110.5
54,6728,224.267,424.5,112.5
54,6729,224.3,458.5,116.5
54,6730,224.333,490.5,124.5
54,6731,224.367,526.5,136.5
54,6732,224.4,558.5,146.5
54,6733,224.433,592.5,162.5
54,6734,224.467,624.5,180.5
54,6735,224.5,656.5,202.5
54,6736,224.533,690.5,226.5
54,6737,224.567,720.5,250.5
54,6738,224.6,750.5,276.5
54,6739,224.633,780.5,304.5
54,6740,224.667,808.5,336.5
54,6741,224.7,834.5,324.5
54,6742,224.733,858.5,304.5
54,6743,224.767,882.5,286.5
54,6744,224.8,908.5,270.5
54,6745,224.833,932.5,258.5
54,6746,224.867,956.5,250.5
54,6747,224.9,980.5,242.5
54,6748,224.933,1004.5,242.5
54,6749,224.967,1024.5,240.5
54,6750,225.0,1048.5,244.5
54,6751,225.033,1068.5,250.5
54,6752,225.067,1088.5,260.5
54,6753,225.1,1106.5,272.5
54,6756,225.2,1096.5,290.5
54,6757,225.233,1032.5,266.5
54,6758,225.267,964.5,244.5
54,6759,225.3,902.5,230.5
54,6760,225.333,846.5,220.5
54,6761,225.367,790.5,214.5
54,6762,225.4,740.5,212.5
54,6763,225.433,692.5,216.5
54,6764,225.467,648.5,220.5
54,6765,225.5,608.5,226.5
54,6766,225.533,570.5,238.5
54,6767,225.567,536.5,250.5
54,6768,225.6,504.5,264.5
54,6769,225.633,476.5,280.5
54,6770,225.667,444.5,270.5
54,6771,225.7,414.5,250.5
54,6772,225.733,384.5,232.5
54,6773,225.767,354.5,218.5
54,6774,225.8,326.5,208.5
54,6775,225.833,300.5,200.5
54,6776,225.867,274.5,196.5
54,6777,225.9,252.5,194.5
54,6778,225.933,230.5,194.5
54,6779,225.967,210.5,196.5
54,6780,226.0,190.5,202.5
54,6781,226.033,176.5,206.5
54,6782,226.067,198.5,190.5
54,6783,226.1,218.5,176.5
54,6784,226.133,242.5,162.5
54,6785,226.167,268.5,152.5
54,6786,226.2,290.5,144.5
54,6787,226.233,318.5,138.5
54,6788,226.267,346.5,134.5
54,6789,226.3,372.5,134.5
54,6790,226.333,400.5,136.5
54,6791,226.367,430.5,142.5
54,6792,226.4,460.5,148.5
54,6793,226.433,488.5,158.5
54,6794,226.467,518.5,172.5
54,6795,226.5,548.5,186.5
54,6796,226.533,578.5,204.5
54,6797,226.567,608.5,226.5
54,6798,226.6,638.5,248.5
54,6799,226.633,668.5,274.5
54,6800,226.667,696.5,298.5
54,6801,226.7,724.5,328.5
54,6802,226.733,750.5,354.5
54,6803,226.767,770.5,336.5
54,6804,226.8,792.5,316.5
54,6805,226.833,814.5,300.5
54,6806,226.867,834.5,286.5
54,6807,226.9,856.5,276.5
54,6808,226.933,878.5,268.5
54,6809,226.967,898.5,264.5
54,6810,227.0,918.5,264.5
54,6811,227.033,916.5,256.5
54,6812,227.067,860.5,242.5
54,6813,227.1,804.5,228.5
54,6814,227.133,752.5,218.5
54,6815,227.167,706.5,212.5
54,6816,227.2,666.5,210.5
54,6817,227.233,624.5,210.5
54,6818,227.267,588.5,212.5
54,6819,227.3,554.5,218.5
54,6820,227.333,522.5,226.5
54,6821,227.367,496.5,232.5
54,6822,227.4,468.5,242.5
54,6823,227.433,444.5,256.5
54,6824,227.467,422.5,268.5
54,6825,227.5,396.5,248.5
54,6826,227.533,368.5,232.5
54,6827,227.567,344.5,220.5
54,6828,227.6,318.5,210.5
54,6829,227.633,296.5,202.5
54,6830,227.667,274.5,196.5
54,6831,227.7,254.5,194.5
54,6832,227.733,236.5,194.5
54,6833,227.767,220.5,194.5
54,6834,227.8,204.5,198.5
54,6835,227.833,188.5,204.5
54,6836,227.867,174.5,212.5
54,6837,227.9,162.5,222.5
54,6838,227.933,152.5,232.5
54,6839,227.967,142.5,246.5
54,6840,228.0,132.5,258.5
54,6841,228.033,130.5,274.5
54,6842,228.067,138.5,290.5
54,6843,228.1,144.5,308.5
54,6844,228.133,152.5,330.5
54,6845,228.167,158.5,350.5
54,6846,228.2,166.5,372.5
54,6847,228.233,168.5,370.5
54,6848,228.267,168.5,364.5
54,6849,228.3,168.5,362.5
54,6850,228.333,172.5,358.5
54,6851,228.367,174.5,362.5
54,6852,228.4,176.5,364.5
54,6853,228.433,178.5,370.5
54,6854,228.467,182.5,376.5
54,6855,228.5,186.5,384.5
54,6856,228.533,190.5,394.5
54,6857,228.567,194.5,406.5
54,6858,228.6,198.5,420.5
54,6859,228.633,202.5,418.5
54,6860,228.667,206.5,416.5
54,6861,228.7,210.5,416.5
54,6862,228.733,214.5,420.5
54,6863,228.767,220.5,424.5
54,6864,228.8,224.5,430.5
54,6865,228.833,230.5,438.5
54,6866,228.867,236.5,446.5
54,6867,228.9,240.5,448.5
54,6868,228.933,242.5,450.5
54,6869,228.967,248.5,456.5
54,6870,229.0,252.5,460.5
54,6871,229.033,254.5,464.5
54,6872,229.067,258.5,468.5
54,6873,229.1,262.5,472.5
54,6874,229.133,266.5,476.5
54,6875,229.167,270.5,478.5
54,6876,229.2,274.5,482.5
54,6877,229.233,278.5,488.5
54,6878,229.267,282.5,492.5
54,6879,229.3,286.5,496.5
54,6880,229.333,290.5,498.5
54,6881,229.367,294.5,504.5
54,6882,229.4,298.5,506.5
54,6883,229.433,302.5,512.5
54,6884,229.467,306.5,514.5
54,6885,229.5,310.5,518.5
54,6886,229.533,314.5,522.5
54,6887,229.567,318.5,526.5
54,6888,229.6,322.5,530.5
54,6889,229.633,326.5,534.5
54,6890,229.667,330.5,538.5
54,6891,229.7,334.5,542.5
54,6892,229.733,338.5,544.5
54,6893,229.767,344.5,546.5
54,6894,229.8,348.5,552.5
54,6895,229.833,354.5,554.5
54,6896,229.867,358.5,558.5
54,6897,229.9,362.5,560.5
54,6898,229.933,366.5,562.5
54,6899,229.967,370.5,566.5
54,6900,230.0,374.5,570.5
54,6901,230.033,378.5,574.5
54,6902,230.067,382.5,578.5
54,6903,230.1,386.5,580.5
54,6904,230.133,390.5,586.5
54,6905,230.167,394.5,588.5
54,6906,230.2,396.5,592.5
54,6907,230.233,400.5,594.5
54,6908,230.267,402.5,598.5
54,6909,230.3,406.5,602.5
54,6910,230.333,410.5,604.5
54,6911,230.367,414.5,608.5
54,6912,230.4,416.5,610.5
54,6913,230.433,418.5,614.5
54,6914,230.467,422.5,616.5
54,6915,230.5,424.5,618.5
54,6916,230.533,424.5,618.5
55,6991,233.033,554.5,376.5
55,6992,233.067,556.5,362.5
55,6993,233.1,558.5,356.5
55,6996,233.2,566.5,354.5
55,6997,233.233,568.5,360.5
55,6998,233.267,570.5,368.5
55,6999,233.3,572.5,380.5
55,7000,233.333,574.5,394.5
55,7001,233.367,576.5,410.5
55,7002,233.4,578.5,426.5
55,7003,233.433,580.5,446.5
55,7004,233.467,582.5,466.5
55,7005,233.5,582.5,490.5
55,7006,233.533,582.5,512.5
55,7007,233.567,584.5,538.5
55,7008,233.6,584.5,562.5
55,7009,233.633,586.5,574.5
55,7010,233.667,594.5,554.5
55,7011,233.7,602.5,538.5
55,7012,233.733,608.5,522.5
55,7013,233.767,616.5,508.5
55,7014,233.8,624.5,498.5
55,7015,233.833,632.5,490.5
55,7016,233.867,640.5,488.5
55,7017,233.9,648.5,484.5
55,7018,233.933,654.5,486.5
55,7019,233.967,660.5,488.5
55,7020,234.0,666.5,494.5
56,7045,234.833,744.5,512.5
56,7046,234.867,744.5,510.5
56,7049,234.967,776.5,712.5
56,7052,235.067,752.5,506.5
56,7053,235.1,754.5,506.5
56,7054,235.133,754.5,506.5
56,7056,235.2,758.5,506.5
56,7057,235.233,760.5,502.5
56,7058,235.267,762.5,504.5
56,7059,235.3,762.5,500.5
56,7060,235.333,762.5,500.5
56,7062,235.4,768.5,500.5
56,7064,235.467,768.5,496.5
56,7065,235.5,768.5,496.5
56,7066,235.533,770.5,496.5
56,7067,235.567,770.5,496.5
56,7068,235.6,770.5,494.5
56,7071,235.7,772.5,492.5
56,7072,235.733,772.5,494.5
56,7073,235.767,774.5,492.5
56,7075,235.833,774.5,492.5
56,7076,235.867,776.5,494.5
56,7077,235.9,774.5,492.5
56,7078,235.933,776.5,492.5
56,7079,235.967,776.5,492.5
56,7080,236.0,776.5,492.5
56,7081,236.033,776.5,492.5
56,7082,236.067,776.5,492.5
56,7083,236.1,776.5,490.5
56,7084,236.133,778.5,492.5
56,7087,236.233,778.5,492.5
56,7088,236.267,778.5,492.5
56,7089,236.3,778.5,492.5
56,7090,236.333,778.5,490.5
56,7091,236.367,778.5,492.5
56,7092,236.4,778.5,490.5
56,7093,236.433,778.5,492.5
56,7094,236.467,778.5,492.5
56,7096,236.533,778.5,492.5
56,7097,236.567,778.5,492.5
56,7099,236.633,778.5,492.5
56,7100,236.667,778.5,492.5
56,7101,236.7,778.5,492.5
56,7102,236.733,778.5,492.5
56,7103,236.767,780.5,492.5
57,7123,237.433,1110.5,518.5
57,7124,237.467,1122.5,486.5
57,7125,237.5,1098.5,472.5
57,7128,237.6,968.5,324.5
57,7129,237.633,922.5,286.5
57,7130,237.667,880.5,254.5
57,7131,237.7,838.5,226.5
57,7132,237.733,798.5,202.5
57,7133,237.767,760.5,184.5
57,7134,237.8,722.5,168.5
57,7135,237.833,686.5,154.5
57,7136,237.867,648.5,146.5
57,7137,237.9,616.5,138.5
57,7138,237.933,586.5,136.5
57,7139,237.967,554.5,136.5
57,7140,238.0,526.5,138.5
57,7141,238.033,498.5,142.5
57,7143,238.1,448.5,158.5
57,7144,238.133,426.5,170.5
57,7145,238.167,404.5,182.5
57,7146,238.2,386.5,194.5
57,7147,238.233,380.5,190.5
58,7171,239.033,354.5,224.5
58,7173,239.1,354.5,226.5
58,7176,239.2,382.5,214.5
58,7177,239.233,388.5,202.5
58,7178,239.267,394.5,190.5
58,7179,239.3,398.5,174.5
58,7180,239.333,402.5,158.5
58,7181,239.367,404.5,142.5
58,7182,239.4,404.5,126.5
58,7183,239.433,404.5,112.5
58,7184,239.467,402.5,98.5
58,7185,239.5,404.5,88.5
58,7186,239.533,402.5,82.5
58,7187,239.567,402.5,76.5
58,7188,239.6,402.5,70.5
58,7190,239.667,406.5,74.5
58,7191,239.7,408.5,78.5
58,7192,239.733,410.5,82.5
58,7193,239.767,412.5,90.5
58,7194,239.8,412.5,98.5
58,7195,239.833,416.5,108.5
58,7199,239.967,430.5,172.5
58,7200,240.0,438.5,192.5
58,7201,240.033,454.5,216.5
58,7202,240.067,470.5,242.5
58,7203,240.1,488.5,250.5
58,7204,240.133,502.5,246.5
58,7205,240.167,518.5,246.5
58,7206,240.2,536.5,248.5
58,7207,240.233,554.5,250.5
58,7208,240.267,574.5,258.5
58,7209,240.3,594.5,266.5
58,7210,240.333,616.5,280.5
58,7211,240.367,640.5,296.5
58,7212,240.4,664.5,314.5
58,7213,240.433,688.5,338.5
58,7214,240.467,716.5,364.5
58,7215,240.5,740.5,392.5
58,7216,240.533,766.5,418.5
58,7217,240.567,790.5,414.5
58,7218,240.6,818.5,412.5
58,7219,240.633,846.5,414.5
58,7221,240.7,800.5,378.5
58,7222,240.733,748.5,352.5
58,7223,240.767,702.5,330.5
58,7224,240.8,658.5,314.5
58,7225,240.833,622.5,306.5
58,7226,240.867,590.5,298.5
58,7227,240.9,560.5,294.5
58,7228,240.933,536.5,290.5
58,7229,240.967,512.5,288.5
58,7230,241.0,494.5,288.5
58,7231,241.033,476.5,288.5
58,7232,241.067,460.5,266.5
58,7233,241.1,444.5,250.5
58,7234,241.133,430.5,238.5
58,7235,241.167,418.5,228.5
58,7236,241.2,406.5,220.5
58,7237,241.233,396.5,218.5
58,7238,241.267,386.5,214.5
58,7239,241.3,378.5,218.5
58,7241,241.367,390.5,196.5
58,7242,241.4,404.5,182.5
58,7243,241.433,420.5,168.5
58,7244,241.467,436.5,156.5
58,7245,241.5,454.5,146.5
58,7246,241.533,470.5,140.5
58,7247,241.567,488.5,134.5
58,7248,241.6,506.5,130.5
58,7249,241.633,524.5,130.5
58,7250,241.667,542.5,132.5
58,7251,241.7,562.5,138.5
58,7252,241.733,582.5,144.5
58,7253,241.767,602.5,154.5
58,7254,241.8,622.5,166.5
58,7255,241.833,642.5,180.5
58,7256,241.867,666.5,200.5
58,7257,241.9,684.5,220.5
58,7258,241.933,704.5,242.5
58,7259,241.967,726.5,270.5
58,7260,242.0,746.5,298.5
58,7261,242.033,766.5,330.5
58,7262,242.067,786.5,364.5
58,7263,242.1,806.5,400.5
58,7264,242.133,824.5,380.5
58,7265,242.167,842.5,362.5
58,7266,242.2,862.5,346.5
58,7267,242.233,880.5,336.5
58,7268,242.267,900.5,326.5
58,7269,242.3,920.5,320.5
58,7270,242.333,940.5,318.5
58,7271,242.367,958.5,320.5
58,7272,242.4,976.5,324.5
58,7273,242.433,994.5,332.5
58,7274,242.467,934.5,324.5
58,7277,242.567,674.5,290.5
58,7278,242.6,608.5,290.5
58,7279,242.633,552.5,288.5
58,7280,242.667,500.5,292.5
58,7281,242.7,456.5,296.5
58,7282,242.733,416.5,302.5
58,7283,242.767,380.5,282.5
58,7284,242.8,344.5,258.5
58,7285,242.833,316.5,236.5
58,7286,242.867,288.5,220.5
58,7287,242.9,264.5,210.5
58,7288,242.933,242.5,200.5
58,7289,242.967,222.5,194.5
58,7290,243.0,202.5,190.5
58,7291,243.033,188.5,190.5
58,7292,243.067,202.5,182.5
58,7293,243.1,230.5,176.5
58,7294,243.133,258.5,170.5
58,7295,243.167,290.5,168.5
58,7296,243.2,320.5,170.5
58,7297,243.233,352.5,172.5
58,7298,243.267,386.5,178.5
58,7299,243.3,418.5,186.5
58,7300,243.333,452.5,198.5
58,7301,243.367,486.5,214.5
58,7302,243.4,518.5,230.5
58,7303,243.433,552.5,250.5
58,7304,243.467,584.5,270.5
58,7305,243.5,616.5,292.5
58,7306,243.533,648.5,316.5
58,7307,243.567,674.5,314.5
58,7308,243.6,704.5,302.5
58,7309,243.633,732.5,292.5
58,7310,243.667,758.5,286.5
58,7311,243.7,786.5,282.5
58,7312,243.733,816.5,282.5
58,7313,243.767,842.5,286.5
58,7314,243.8,870.5,290.5
58,7315,243.833,896.5,298.5
58,7316,243.867,924.5,310.5
58,7317,243.9,918.5,298.5
58,7318,243.933,882.5,264.5
58,7319,243.967,848.5,236.5
58,7320,244.0,816.5,210.5
58,7321,244.033,784.5,194.5
58,7322,244.067,752.5,176.5
58,7323,244.1,722.5,164.5
58,7324,244.133,694.5,156.5
58,7325,244.167,670.5,152.5
58,7326,244.2,640.5,152.5
58,7327,244.233,614.5,152.5
58,7328,244.267,590.5,156.5
58,7329,244.3,568.5,164.5
58,7330,244.333,546.5,174.5
58,7331,244.367,528.5,186.5
58,7332,244.4,508.5,198.5
58,7333,244.433,492.5,216.5
58,7334,244.467,476.5,232.5
58,7335,244.5,460.5,250.5
58,7336,244.533,448.5,270.5
58,7337,244.567,432.5,250.5
58,7338,244.6,418.5,226.5
58,7339,244.633,406.5,210.5
58,7340,244.667,392.5,192.5
58,7341,244.7,380.5,180.5
58,7342,244.733,368.5,170.5
58,7343,244.767,356.5,162.5
58,7344,244.8,346.5,156.5
58,7345,244.833,334.5,154.5
58,7346,244.867,324.5,154.5
58,7347,244.9,316.5,156.5
58,7348,244.933,306.5,160.5
58,7349,244.967,300.5,166.5
58,7350,245.0,290.5,174.5
58,7351,245.033,312.5,168.5
58,7352,245.067,338.5,162.5
58,7353,245.1,364.5,158.5
58,7354,245.133,394.5,156.5
58,7355,245.167,422.5,158.5
58,7356,245.2,450.5,162.5
58,7357,245.233,480.5,170.5
58,7358,245.267,510.5,178.5
58,7359,245.3,542.5,192.5
58,7360,245.333,572.5,208.5
58,7361,245.367,604.5,226.5
58,7362,245.4,634.5,246.5
58,7363,245.433,662.5,270.5
58,7364,245.467,692.5,294.5
58,7365,245.5,720.5,322.5
58,7366,245.533,748.5,340.5
58,7367,245.567,770.5,322.5
58,7368,245.6,796.5,306.5
58,7369,245.633,818.5,298.5
58,7370,245.667,844.5,286.5
58,7371,245.7,868.5,280.5
58,7372,245.733,892.5,276.5
58,7373,245.767,916.5,276.5
58,7374,245.8,940.5,280.5
58,7375,245.833,962.5,286.5
58,7379,245.967,832.5,270.5
58,7381,246.033,660.5,248.5
58,7382,246.067,590.5,244.5
58,7383,246.1,528.5,244.5
58,7384,246.133,476.5,250.5
58,7385,246.167,428.5,260.5
58,7386,246.2,388.5,272.5
58,7387,246.233,350.5,250.5
58,7388,246.267,310.5,226.5
58,7389,246.3,274.5,204.5
58,7390,246.333,244.5,186.5
58,7391,246.367,216.5,174.5
58,7392,246.4,188.5,164.5
58,7393,246.433,160.5,148.5
58,7394,246.467,102.5,84.5
58,7395,246.5,50.5,30.5
59,7524,250.8,8.5,80.5
59,7527,250.9,6.5,64.5
59,7528,250.933,14.5,66.5
59,7529,250.967,22.5,62.5
59,7531,251.033,38.5,58.5
59,7533,251.1,58.5,56.5
59,7534,251.133,70.5,62.5
59,7535,251.167,80.5,64.5
59,7536,251.2,92.5,68.5
59,7537,251.233,104.5,72.5
59,7538,251.267,112.5,76.5
59,7539,251.3,122.5,80.5
59,7540,251.333,132.5,86.5
59,7541,251.367,142.5,92.5
59,7542,251.4,148.5,100.5
59,7543,251.433,156.5,108.5
59,7544,251.467,164.5,118.5
59,7545,251.5,172.5,128.5
59,7546,251.533,180.5,138.5
59,7547,251.567,186.5,154.5
59,7548,251.6,192.5,166.5
59,7549,251.633,194.5,182.5
59,7550,251.667,194.5,180.5
59,7551,251.7,192.5,226.5
59,7552,251.733,188.5,234.5
60,7557,251.9,890.5,712.5
60,7558,251.933,902.5,714.5
60,7559,251.967,912.5,714.5
60,7560,252.0,928.5,712.5
60,7561,252.033,946.5,712.5
60,7562,252.067,964.5,714.5
61,7571,252.367,316.5,236.5
61,7572,252.4,322.5,234.5
61,7573,252.433,332.5,234.5
61,7574,252.467,340.5,232.5
61,7575,252.5,354.5,224.5
61,7576,252.533,366.5,216.5
61,7577,252.567,378.5,206.5
61,7578,252.6,394.5,194.5
61,7579,252.633,410.5,184.5
61,7580,252.667,424.5,176.5
61,7581,252.7,440.5,170.5
61,7582,252.733,458.5,166.5
61,7583,252.767,476.5,166.5
61,7584,252.8,492.5,170.5
61,7585,252.833,510.5,174.5
61,7586,252.867,528.5,182.5
61,7587,252.9,546.5,194.5
61,7588,252.933,564.5,206.5
61,7589,252.967,582.5,222.5
61,7590,253.0,600.5,242.5
61,7591,253.033,618.5,260.5
61,7592,253.067,634.5,282.5
61,7593,253.1,652.5,308.5
61,7594,253.133,668.5,332.5
61,7595,253.167,680.5,316.5
61,7596,253.2,694.5,298.5
61,7597,253.233,708.5,284.5
61,7598,253.267,722.5,274.5
61,7599,253.3,736.5,266.5
61,7600,253.333,748.5,258.5
61,7601,253.367,762.5,256.5
61,7602,253.4,774.5,258.5
61,7603,253.433,788.5,260.5
61,7604,253.467,800.5,266.5
61,7605,253.5,814.5,276.5
61,7606,253.533,824.5,288.5
61,7607,253.567,836.5,302.5
61,7608,253.6,848.5,316.5
61,7609,253.633,860.5,314.5
61,7610,253.667,864.5,312.5
61,7611,253.7,868.5,312.5
61,7612,253.733,876.5,316.5
61,7613,253.767,882.5,322.5
61,7614,253.8,896.5,330.5
62,7637,254.567,978.5,358.5
62,7638,254.6,978.5,358.5
62,7639,254.633,976.5,362.5
62,7640,254.667,976.5,364.5
62,7641,254.7,976.5,370.5
62,7642,254.733,976.5,374.5
62,7644,254.8,976.5,378.5
62,7645,254.833,978.5,370.5
62,7646,254.867,982.5,362.5
62,7647,254.9,988.5,346.5
62,7650,255.0,996.5,340.5
62,7652,255.067,976.5,382.5
63,7668,255.6,704.5,292.5
63,7669,255.633,668.5,280.5
63,7670,255.667,634.5,272.5
63,7671,255.7,600.5,266.5
63,7672,255.733,570.5,260.5
63,7673,255.767,540.5,262.5
63,7674,255.8,512.5,264.5
63,7675,255.833,488.5,270.5
63,7676,255.867,464.5,276.5
63,7677,255.9,442.5,286.5
63,7678,255.933,416.5,272.5
63,7679,255.967,394.5,258.5
63,7680,256.0,372.5,250.5
63,7681,256.033,350.5,242.5
63,7682,256.067,330.5,238.5
63,7683,256.1,312.5,236.5
63,7684,256.133,316.5,228.5
63,7685,256.167,336.5,220.5
63,7686,256.2,358.5,212.5
63,7687,256.233,382.5,204.5
63,7688,256.267,406.5,200.5
63,7689,256.3,430.5,198.5
63,7690,256.333,454.5,200.5
63,7691,256.367,478.5,202.5
63,7692,256.4,502.5,208.5
63,7693,256.433,528.5,214.5
63,7694,256.467,552.5,224.5
63,7695,256.5,578.5,236.5
63,7696,256.533,604.5,250.5
63,7697,256.567,630.5,268.5
63,7698,256.6,654.5,286.5
63,7699,256.633,678.5,306.5
63,7700,256.667,704.5,328.5
63,7701,256.7,726.5,338.5
63,7702,256.733,744.5,326.5
63,7703,256.767,764.5,314.5
63,7704,256.8,784.5,306.5
63,7705,256.833,802.5,300.5
63,7706,256.867,822.5,298.5
63,7707,256.9,840.5,298.5
63,7708,256.933,820.5,294.5
63,7709,256.967,764.5,284.5
63,7710,257.0,714.5,278.5
63,7711,257.033,666.5,276.5
63,7712,257.067,622.5,274.5
63,7713,257.1,580.5,276.5
63,7714,257.133,542.5,280.5
63,7715,257.167,508.5,286.5
63,7716,257.2,474.5,294.5
63,7717,257.233,444.5,290.5
63,7718,257.267,416.5,272.5
63,7719,257.3,392.5,258.5
63,7720,257.333,368.5,246.5
63,7721,257.367,344.5,236.5
63,7722,257.4,324.5,230.5
63,7723,257.433,306.5,226.5
63,7724,257.467,296.5,220.5
63,7725,257.5,322.5,210.5
63,7726,257.533,348.5,202.5
63,7727,257.567,376.5,194.5
63,7728,257.6,406.5,190.5
63,7729,257.633,434.5,186.5
63,7730,257.667,464.5,188.5
63,7731,257.7,494.5,192.5
63,7732,257.733,526.5,196.5
63,7733,257.767,556.5,204.5
63,7734,257.8,588.5,216.5
63,7735,257.833,618.5,228.5
63,7736,257.867,646.5,244.5
63,7737,257.9,678.5,260.5
63,7738,257.933,706.5,280.5
63,7739,257.967,734.5,302.5
63,7740,258.0,764.5,326.5
63,7741,258.033,790.5,332.5
63,7742,258.067,814.5,316.5
63,7743,258.1,838.5,302.5
63,7744,258.133,864.5,290.5
63,7745,258.167,888.5,282.5
63,7746,258.2,912.5,276.5
63,7747,258.233,934.5,274.5
63,7748,258.267,956.5,274.5
63,7749,258.3,912.5,258.5
63,7750,258.333,864.5,246.5
63,7751,258.367,816.5,238.5
63,7752,258.4,770.5,232.5
63,7753,258.433,732.5,228.5
63,7754,258.467,690.5,228.5
63,7755,258.5,654.5,232.5
63,7756,258.533,620.5,236.5
63,7757,258.567,588.5,242.5
63,7758,258.6,558.5,252.5
63,7759,258.633,528.5,264.5
63,7760,258.667,504.5,276.5
63,7761,258.7,478.5,280.5
63,7762,258.733,450.5,262.5
63,7763,258.767,426.5,250.5
63,7764,258.8,402.5,238.5
63,7765,258.833,378.5,230.5
63,7766,258.867,356.5,224.5
63,7767,258.9,334.5,222.5
63,7768,258.933,316.5,220.5
63,7771,259.033,288.5,220.5
63,7772,259.067,292.5,216.5
63,7773,259.1,300.5,218.5
63,7774,259.133,304.5,220.5
63,7775,259.167,308.5,226.5
63,7776,259.2,316.5,234.5
63,7777,259.233,324.5,242.5
63,7778,259.267,332.5,256.5
63,7779,259.3,342.5,274.5
63,7780,259.333,352.5,290.5
63,7781,259.367,362.5,314.5
63,7782,259.4,372.5,338.5
63,7783,259.433,384.5,366.5
63,7784,259.467,396.5,394.5
63,7785,259.5,408.5,426.5
63,7786,259.533,420.5,460.5
63,7787,259.567,434.5,498.5
63,7788,259.6,446.5,536.5
63,7789,259.633,460.5,576.5
64,7795,259.833,528.5,574.5
64,7796,259.867,538.5,570.5
64,7797,259.9,550.5,570.5
64,7798,259.933,562.5,570.5
64,7799,259.967,574.5,572.5
64,7800,260.0,584.5,578.5
64,7801,260.033,596.5,586.5
64,7802,260.067,608.5,598.5
64,7803,260.1,620.5,610.5
64,7804,260.133,630.5,626.5
64,7805,260.167,642.5,642.5
64,7806,260.2,652.5,662.5
64,7807,260.233,662.5,682.5
64,7808,260.267,678.5,680.5
64,7809,260.3,692.5,680.5
64,7810,260.333,706.5,682.5
64,7811,260.367,720.5,688.5
64,7812,260.4,736.5,696.5
64,7813,260.433,752.5,706.5
64,7814,260.467,766.5,714.5
65,8005,266.833,852.5,330.5
65,8006,266.867,806.5,306.5
65,8007,266.9,762.5,288.5
65,8008,266.933,720.5,272.5
65,8009,266.967,682.5,260.5
65,8010,267.0,646.5,250.5
65,8011,267.033,610.5,246.5
65,8012,267.067,576.5,242.5
65,8013,267.1,546.5,242.5
65,8014,267.133,518.5,244.5
65,8015,267.167,490.5,250.5
65,8016,267.2,464.5,256.5
65,8017,267.233,440.5,248.5
65,8018,267.267,418.5,234.5
65,8019,267.3,398.5,224.5
65,8020,267.333,376.5,216.5
65,8021,267.367,382.5,210.5
65,8022,267.4,404.5,202.5
65,8023,267.433,428.5,198.5
65,8024,267.467,450.5,196.5
65,8025,267.5,474.5,198.5
65,8026,267.533,498.5,202.5
65,8027,267.567,522.5,208.5
65,8028,267.6,546.5,214.5
65,8029,267.633,572.5,226.5
65,8030,267.667,596.5,238.5
65,8031,267.7,622.5,252.5
65,8032,267.733,648.5,270.5
65,8033,267.767,674.5,290.5
65,8034,267.8,700.5,312.5
65,8035,267.833,722.5,318.5
65,8036,267.867,744.5,308.5
65,8037,267.9,766.5,300.5
65,8038,267.933,788.5,296.5
65,8039,267.967,810.5,294.5
65,8040,268.0,832.5,292.5
65,8041,268.033,854.5,296.5
65,8042,268.067,840.5,288.5
65,8043,268.1,792.5,270.5
65,8044,268.133,746.5,256.5
65,8045,268.167,702.5,242.5
65,8046,268.2,664.5,236.5
65,8047,268.233,622.5,230.5
65,8048,268.267,584.5,226.5
65,8049,268.3,550.5,226.5
65,8050,268.333,516.5,230.5
65,8051,268.367,484.5,234.5
65,8052,268.4,456.5,242.5
65,8053,268.433,428.5,250.5
65,8054,268.467,400.5,262.5
65,8055,268.5,374.5,274.5
65,8056,268.533,352.5,272.5
65,8057,268.567,328.5,252.5
65,8058,268.6,308.5,238.5
65,8059,268.633,288.5,226.5
65,8060,268.667,280.5,216.5
65,8061,268.7,304.5,202.5
65,8062,268.733,332.5,186.5
65,8063,268.767,358.5,176.5
65,8064,268.8,386.5,168.5
65,8065,268.833,414.5,162.5
65,8066,268.867,444.5,162.5
65,8067,268.9,472.5,160.5
65,8068,268.933,502.5,162.5
65,8069,268.967,532.5,168.5
65,8070,269.0,562.5,176.5
65,8071,269.033,592.5,186.5
65,8072,269.067,622.5,198.5
65,8073,269.1,652.5,212.5
65,8074,269.133,682.5,230.5
65,8075,269.167,710.5,250.5
65,8076,269.2,738.5,270.5
65,8077,269.233,764.5,292.5
65,8078,269.267,792.5,318.5
65,8079,269.3,816.5,342.5
65,8080,269.333,834.5,322.5
65,8081,269.367,854.5,302.5
65,8082,269.4,874.5,286.5
65,8083,269.433,894.5,272.5
65,8084,269.467,914.5,262.5
65,8085,269.5,932.5,254.5
65,8086,269.533,950.5,250.5
65,8087,269.567,966.5,248.5
65,8088,269.6,976.5,244.5
65,8089,269.633,910.5,226.5
65,8090,269.667,852.5,210.5
65,8091,269.7,798.5,200.5
65,8092,269.733,748.5,194.5
65,8093,269.767,702.5,188.5
65,8094,269.8,658.5,186.5
65,8095,269.833,620.5,188.5
65,8096,269.867,584.5,192.5
65,8097,269.9,550.5,198.5
65,8098,269.933,518.5,206.5
65,8099,269.967,490.5,216.5
65,8100,270.0,464.5,226.5
65,8101,270.033,438.5,238.5
65,8102,270.067,416.5,244.5
65,8103,270.1,396.5,222.5
65,8104,270.133,376.5,204.5
65,8105,270.167,358.5,188.5
65,8106,270.2,340.5,176.5
65,8107,270.233,324.5,166.5
65,8108,270.267,310.5,158.5
65,8109,270.3,296.5,154.5
65,8110,270.333,282.5,154.5
65,8111,270.367,294.5,146.5
65,8112,270.4,314.5,140.5
65,8113,270.433,334.5,136.5
65,8114,270.467,354.5,134.5
65,8115,270.5,376.5,134.5
65,8116,270.533,398.5,136.5
65,8117,270.567,418.5,140.5
65,8118,270.6,444.5,146.5
65,8119,270.633,466.5,156.5
65,8120,270.667,492.5,168.5
65,8121,270.7,514.5,180.5
65,8122,270.733,538.5,194.5
65,8123,270.767,562.5,212.5
65,8124,270.8,588.5,232.5
65,8125,270.833,610.5,250.5
65,8126,270.867,626.5,266.5
65,8127,270.9,622.5,274.5
65,8128,270.933,616.5,280.5
65,8129,270.967,610.5,290.5
65,8130,271.0,606.5,282.5
65,8131,271.033,600.5,274.5
65,8132,271.067,598.5,266.5
65,8133,271.1,594.5,262.5
65,8134,271.133,590.5,260.5
65,8135,271.167,586.5,258.5
65,8136,271.2,584.5,262.5
65,8137,271.233,578.5,266.5
65,8138,271.267,576.5,274.5
65,8139,271.3,574.5,264.5
65,8140,271.333,570.5,256.5
65,8141,271.367,568.5,252.5
65,8142,271.4,564.5,248.5
65,8143,271.433,560.5,246.5
65,8144,271.467,556.5,250.5
65,8145,271.5,554.5,254.5
65,8146,271.533,550.5,258.5
65,8147,271.567,548.5,250.5
65,8148,271.6,546.5,242.5
65,8149,271.633,542.5,240.5
65,8150,271.667,540.5,238.5
65,8151,271.7,536.5,236.5
65,8152,271.733,534.5,240.5
65,8153,271.767,530.5,246.5
65,8154,271.8,530.5,240.5
65,8155,271.833,526.5,234.5
65,8156,271.867,522.5,230.5
65,8157,271.9,520.5,228.5
65,8158,271.933,516.5,228.5
65,8159,271.967,514.5,234.5
65,8160,272.0,512.5,234.5
65,8161,272.033,510.5,228.5
65,8162,272.067,506.5,224.5
65,8163,272.1,504.5,222.5
65,8164,272.133,500.5,222.5
65,8165,272.167,498.5,226.5
65,8166,272.2,494.5,226.5
65,8167,272.233,492.5,220.5
65,8168,272.267,492.5,218.5
65,8169,272.3,486.5,216.5
65,8170,272.333,484.5,216.5
65,8171,272.367,482.5,222.5
65,8172,272.4,480.5,226.5
66,8267,275.567,416.5,148.5
66,8271,275.7,414.5,94.5
66,8272,275.733,412.5,84.5
66,8273,275.767,412.5,80.5
66,8274,275.8,410.5,76.5
66,8275,275.833,412.5,76.5
66,8276,275.867,410.5,78.5
66,8277,275.9,410.5,80.5
66,8278,275.933,410.5,86.5
66,8279,275.967,412.5,92.5
66,8280,276.0,414.5,100.5
66,8281,276.033,416.5,112.5
66,8282,276.067,416.5,124.5
66,8285,276.167,422.5,172.5
66,8286,276.2,434.5,186.5
66,8287,276.233,448.5,202.5
66,8288,276.267,464.5,224.5
66,8289,276.3,480.5,244.5
66,8290,276.333,494.5,250.5
66,8291,276.367,510.5,250.5
66,8292,276.4,528.5,252.5
66,8293,276.433,544.5,254.5
66,8294,276.467,562.5,258.5
66,8295,276.5,582.5,266.5
66,8296,276.533,604.5,278.5
66,8297,276.567,624.5,290.5
66,8298,276.6,646.5,306.5
66,8299,276.633,668.5,324.5
66,8300,276.667,690.5,344.5
66,8301,276.7,712.5,368.5
66,8302,276.733,736.5,366.5
66,8303,276.767,760.5,366.5
66,8304,276.8,784.5,368.5
66,8305,276.833,808.5,372.5
66,8307,276.9,786.5,358.5
66,8308,276.933,740.5,338.5
66,8309,276.967,696.5,322.5
66,8310,277.0,656.5,310.5
66,8311,277.033,618.5,302.5
66,8312,277.067,584.5,296.5
66,8313,277.1,554.5,292.5
66,8314,277.133,526.5,290.5
66,8315,277.167,502.5,290.5
66,8316,277.2,478.5,290.5
66,8317,277.233,458.5,296.5
66,8318,277.267,438.5,280.5
66,8319,277.3,420.5,266.5
66,8321,277.367,388.5,246.5
66,8322,277.4,374.5,240.5
66,8323,277.433,362.5,236.5
66,8324,277.467,350.5,236.5
66,8325,277.5,340.5,236.5
66,8327,277.567,352.5,222.5
66,8328,277.6,370.5,208.5
66,8329,277.633,390.5,196.5
66,8330,277.667,410.5,188.5
66,8331,277.7,432.5,180.5
66,8332,277.733,454.5,176.5
66,8333,277.767,476.5,174.5
66,8334,277.8,498.5,174.5
66,8335,277.833,524.5,178.5
66,8336,277.867,546.5,182.5
66,8337,277.9,572.5,190.5
66,8338,277.933,594.5,200.5
66,8339,277.967,620.5,214.5
66,8340,278.0,642.5,228.5
66,8341,278.033,670.5,248.5
66,8342,278.067,692.5,266.5
66,8343,278.1,716.5,290.5
66,8344,278.133,738.5,314.5
66,8345,278.167,760.5,340.5
66,8346,278.2,782.5,354.5
66,8347,278.233,800.5,336.5
66,8348,278.267,820.5,322.5
66,8349,278.3,840.5,312.5
66,8350,278.333,858.5,304.5
66,8351,278.367,878.5,298.5
66,8352,278.4,872.5,290.5
66,8353,278.433,818.5,274.5
66,8354,278.467,766.5,260.5
66,8355,278.5,716.5,252.5
66,8356,278.533,670.5,246.5
66,8357,278.567,626.5,242.5
66,8358,278.6,584.5,242.5
66,8359,278.633,546.5,242.5
66,8360,278.667,512.5,246.5
66,8361,278.7,478.5,254.5
66,8362,278.733,448.5,262.5
66,8363,278.767,418.5,272.5
66,8364,278.8,392.5,284.5
66,8365,278.833,368.5,288.5
66,8366,278.867,346.5,266.5
66,8367,278.9,324.5,250.5
66,8368,278.933,304.5,234.5
66,8369,278.967,286.5,224.5
66,8370,279.0,268.5,214.5
66,8371,279.033,250.5,210.5
66,8372,279.067,234.5,206.5
66,8373,279.1,220.5,206.5
66,8374,279.133,238.5,210.5
66,8375,279.167,300.5,226.5
66,8376,279.2,360.5,242.5
66,8377,279.233,418.5,262.5
66,8378,279.267,478.5,288.5
66,8379,279.3,532.5,314.5
66,8380,279.333,566.5,306.5
66,8381,279.367,558.5,286.5
66,8382,279.4,550.5,268.5
66,8383,279.433,542.5,254.5
66,8384,279.467,536.5,242.5
66,8385,279.5,528.5,234.5
66,8386,279.533,520.5,226.5
66,8387,279.567,514.5,222.5
66,8388,279.6,508.5,220.5
66,8389,279.633,504.5,222.5
66,8390,279.667,498.5,226.5
66,8391,279.7,494.5,232.5
66,8392,279.733,488.5,240.5
66,8393,279.767,484.5,250.5
66,8394,279.8,480.5,260.5
66,8395,279.833,476.5,274.5
66,8396,279.867,474.5,274.5
66,8397,279.9,472.5,256.5
66,8398,279.933,472.5,242.5
66,8399,279.967,470.5,232.5
66,8400,280.0,470.5,224.5
66,8401,280.033,470.5,218.5
66,8402,280.067,468.5,212.5
66,8404,280.133,470.5,212.5
66,8405,280.167,468.5,214.5
66,8406,280.2,470.5,220.5
66,8407,280.233,470.5,226.5
66,8408,280.267,472.5,236.5
66,8409,280.3,472.5,246.5
66,8410,280.333,474.5,258.5
66,8411,280.367,476.5,250.5
66,8412,280.4,478.5,242.5
66,8413,280.433,482.5,230.5
66,8414,280.467,484.5,222.5
66,8415,280.5,494.5,218.5
66,8416,280.533,488.5,226.5
67,8508,283.6,372.5,194.5
67,8509,283.633,372.5,188.5
67,8510,283.667,374.5,184.5
67,8511,283.7,374.5,178.5
67,8513,283.767,370.5,166.5
67,8514,283.8,368.5,162.5
68,8608,286.933,388.5,168.5
68,8609,286.967,386.5,170.5
68,8610,287.0,386.5,172.5
68,8611,287.033,384.5,178.5
68,8612,287.067,384.5,182.5
69,8625,287.5,394.5,178.5
69,8626,287.533,394.5,180.5
69,8627,287.567,390.5,184.5
69,8628,287.6,388.5,186.5
69,8629,287.633,388.5,186.5
70,8648,288.267,406.5,144.5
70,8650,288.333,404.5,112.5
70,8651,288.367,404.5,98.5
70,8652,288.4,402.5,90.5
70,8653,288.433,404.5,82.5
70,8654,288.467,402.5,74.5
70,8655,288.5,402.5,70.5
70,8656,288.533,404.5,68.5
70,8657,288.567,404.5,74.5
70,8658,288.6,406.5,74.5
70,8659,288.633,406.5,80.5
70,8660,288.667,408.5,86.5
70,8661,288.7,410.5,94.5
70,8662,288.733,412.5,104.5
70,8663,288.767,414.5,116.5
70,8666,288.867,424.5,166.5
70,8667,288.9,428.5,186.5
70,8668,288.933,444.5,206.5
70,8669,288.967,464.5,232.5
70,8670,289.0,480.5,236.5
70,8671,289.033,496.5,232.5
70,8672,289.067,512.5,228.5
70,8673,289.1,528.5,228.5
70,8674,289.133,546.5,228.5
70,8675,289.167,566.5,234.5
70,8676,289.2,586.5,240.5
70,8677,289.233,606.5,250.5
70,8678,289.267,628.5,260.5
70,8679,289.3,650.5,278.5
70,8680,289.333,672.5,296.5
70,8681,289.367,694.5,316.5
70,8682,289.4,716.5,338.5
70,8683,289.433,738.5,366.5
70,8684,289.467,758.5,358.5
70,8685,289.5,780.5,354.5
70,8686,289.533,800.5,352.5
70,8687,289.567,822.5,352.5
70,8688,289.6,842.5,356.5
70,8689,289.633,854.5,360.5
70,8690,289.667,800.5,330.5
70,8691,289.7,752.5,308.5
70,8692,289.733,706.5,290.5
70,8693,289.767,662.5,276.5
70,8694,289.8,624.5,266.5
70,8695,289.833,586.5,258.5
70,8696,289.867,550.5,254.5
70,8697,289.9,518.5,252.5
70,8698,289.933,488.5,254.5
70,8699,289.967,460.5,258.5
70,8700,290.0,434.5,264.5
70,8701,290.033,410.5,272.5
70,8702,290.067,388.5,282.5
70,8703,290.1,370.5,292.5
70,8704,290.133,350.5,282.5
70,8705,290.167,330.5,264.5
70,8706,290.2,312.5,248.5
70,8707,290.233,296.5,236.5
70,8708,290.267,280.5,226.5
70,8709,290.3,266.5,218.5
70,8710,290.333,252.5,214.5
70,8711,290.367,240.5,212.5
70,8712,290.4,226.5,210.5
70,8713,290.433,218.5,214.5
70,8714,290.467,206.5,220.5
70,8715,290.5,198.5,224.5
70,8716,290.533,202.5,226.5
70,8717,290.567,226.5,212.5
70,8718,290.6,250.5,202.5
70,8719,290.633,276.5,192.5
70,8720,290.667,304.5,186.5
70,8721,290.7,332.5,182.5
70,8722,290.733,362.5,180.5
70,8723,290.767,394.5,184.5
70,8724,290.8,424.5,188.5
70,8725,290.833,456.5,196.5
70,8726,290.867,490.5,210.5
70,8727,290.9,520.5,222.5
70,8728,290.933,554.5,240.5
70,8729,290.967,588.5,258.5
70,8730,291.0,620.5,282.5
70,8731,291.033,652.5,306.5
70,8732,291.067,682.5,334.5
70,8733,291.1,714.5,364.5
70,8734,291.133,742.5,368.5
70,8735,291.167,768.5,352.5
70,8736,291.2,794.5,338.5
70,8737,291.233,822.5,328.5
70,8738,291.267,848.5,320.5
70,8739,291.3,876.5,316.5
70,8740,291.333,904.5,316.5
70,8741,291.367,882.5,314.5
70,8742,291.4,812.5,306.5
70,8743,291.433,750.5,302.5
70,8744,291.467,696.5,300.5
70,8745,291.5,648.5,302.5
70,8746,291.533,606.5,306.5
70,8747,291.567,582.5,312.5
70,8748,291.6,582.5,314.5
70,8749,291.633,588.5,314.5
70,8750,291.667,592.5,314.5
70,8751,291.7,594.5,316.5
70,8752,291.733,598.5,314.5
70,8753,291.767,602.5,314.5
70,8754,291.8,606.5,316.5
70,8755,291.833,606.5,316.5
70,8756,291.867,608.5,314.5
70,8757,291.9,610.5,316.5
70,8758,291.933,612.5,314.5
70,8759,291.967,612.5,316.5
70,8760,292.0,614.5,316.5
70,8761,292.033,616.5,314.5
70,8762,292.067,616.5,314.5
70,8763,292.1,618.5,314.5
70,8764,292.133,620.5,316.5
70,8765,292.167,622.5,316.5
70,8766,292.2,624.5,314.5
70,8767,292.233,624.5,314.5
70,8768,292.267,626.5,314.5
70,8769,292.3,630.5,314.5
70,8770,292.333,630.5,312.5
70,8771,292.367,632.5,314.5
70,8772,292.4,632.5,314.5
70,8773,292.433,636.5,314.5
70,8774,292.467,636.5,314.5
70,8775,292.5,640.5,314.5
70,8776,292.533,640.5,312.5
70,8777,292.567,640.5,314.5
70,8778,292.6,642.5,312.5
70,8779,292.633,646.5,312.5
70,8780,292.667,646.5,312.5
70,8781,292.7,648.5,312.5
70,8782,292.733,648.5,312.5
70,8783,292.767,650.5,312.5
70,8784,292.8,652.5,312.5
70,8785,292.833,654.5,312.5
70,8786,292.867,656.5,312.5
70,8787,292.9,656.5,312.5
70,8788,292.933,658.5,310.5
70,8789,292.967,660.5,312.5
70,8790,293.0,660.5,310.5
70,8791,293.033,664.5,310.5
70,8792,293.067,664.5,310.5
70,8793,293.1,666.5,310.5
70,8794,293.133,666.5,310.5
70,8795,293.167,670.5,310.5
70,8796,293.2,670.5,310.5
70,8797,293.233,672.5,310.5
70,8798,293.267,672.5,306.5
70,8799,293.3,674.5,308.5
70,8800,293.333,676.5,306.5
70,8801,293.367,678.5,306.5
70,8802,293.4,678.5,306.5
70,8803,293.433,678.5,304.5
70,8804,293.467,680.5,304.5
70,8805,293.5,682.5,304.5
70,8806,293.533,682.5,304.5
70,8807,293.567,684.5,304.5
70,8808,293.6,686.5,304.5
70,8809,293.633,686.5,304.5
70,8810,293.667,688.5,304.5
70,8811,293.7,688.5,304.5
70,8813,293.767,690.5,300.5
70,8814,293.8,696.5,302.5
70,8815,293.833,696.5,302.5
70,8816,293.867,696.5,300.5
70,8817,293.9,696.5,302.5
70,8818,293.933,696.5,298.5
70,8819,293.967,698.5,296.5
70,8820,294.0,698.5,296.5
70,8821,294.033,694.5,296.5
70,8822,294.067,700.5,300.5
70,8823,294.1,706.5,304.5
70,8824,294.133,710.5,310.5
70,8825,294.167,716.5,312.5
70,8826,294.2,720.5,318.5
70,8827,294.233,724.5,322.5
70,8828,294.267,730.5,326.5
70,8829,294.3,736.5,330.5
70,8830,294.333,740.5,334.5
70,8831,294.367,744.5,338.5
70,8832,294.4,750.5,342.5
70,8833,294.433,752.5,346.5
70,8834,294.467,758.5,348.5
70,8835,294.5,762.5,350.5
70,8836,294.533,764.5,352.5
70,8837,294.567,768.5,358.5
70,8838,294.6,770.5,356.5
70,8839,294.633,776.5,362.5
70,8840,294.667,778.5,364.5
70,8841,294.7,776.5,366.5
70,8842,294.733,788.5,364.5
71,8930,297.667,664.5,284.5
71,8931,297.7,624.5,280.5
71,8932,297.733,584.5,278.5
71,8933,297.767,546.5,278.5
71,8934,297.8,512.5,282.5
71,8935,297.833,480.5,288.5
71,8936,297.867,448.5,296.5
71,8937,297.9,420.5,280.5
71,8938,297.933,394.5,266.5
71,8939,297.967,368.5,258.5
71,8940,298.0,344.5,252.5
71,8941,298.033,320.5,248.5
71,8942,298.067,302.5,246.5
71,8943,298.1,326.5,230.5
71,8944,298.133,348.5,214.5
71,8945,298.167,374.5,202.5
71,8946,298.2,398.5,194.5
71,8947,298.233,422.5,184.5
71,8948,298.267,450.5,178.5
71,8949,298.3,476.5,178.5
71,8950,298.333,504.5,178.5
71,8951,298.367,530.5,178.5
71,8952,298.4,558.5,184.5
71,8953,298.433,586.5,192.5
71,8954,298.467,614.5,202.5
71,8955,298.5,642.5,216.5
71,8956,298.533,670.5,232.5
71,8957,298.567,696.5,248.5
71,8958,298.6,724.5,268.5
71,8959,298.633,750.5,290.5
71,8960,298.667,776.5,314.5
71,8961,298.7,802.5,340.5
71,8962,298.733,826.5,362.5
71,8963,298.767,846.5,344.5
71,8964,298.8,866.5,324.5
71,8965,298.833,884.5,312.5
71,8966,298.867,904.5,300.5
71,8967,298.9,924.5,290.5
71,8968,298.933,942.5,284.5
71,8969,298.967,960.5,282.5
71,8970,299.0,978.5,282.5
71,8971,299.033,996.5,284.5
71,8972,299.067,1012.5,290.5
71,8973,299.1,1026.5,298.5
71,8974,299.133,1042.5,312.5
71,8975,299.167,1056.5,320.5
72,8991,299.7,914.5,298.5
72,8993,299.767,894.5,276.5
72,8997,299.9,888.5,278.5
72,8998,299.933,892.5,284.5
72,8999,299.967,896.5,296.5
73,9052,301.733,744.5,298.5
73,9053,301.767,702.5,282.5
73,9054,301.8,662.5,270.5
73,9055,301.833,626.5,262.5
73,9056,301.867,592.5,258.5
73,9057,301.9,556.5,256.5
73,9058,301.933,524.5,258.5
73,9059,301.967,494.5,262.5
73,9060,302.0,464.5,268.5
73,9061,302.033,436.5,278.5
73,9062,302.067,412.5,288.5
73,9063,302.1,388.5,284.5
73,9064,302.133,368.5,270.5
73,9065,302.167,346.5,258.5
73,9066,302.2,326.5,246.5
73,9067,302.233,306.5,240.5
73,9068,302.267,288.5,236.5
73,9069,302.3,300.5,228.5
73,9070,302.333,330.5,220.5
73,9071,302.367,362.5,216.5
73,9072,302.4,396.5,212.5
73,9073,302.433,430.5,210.5
73,9074,302.467,464.5,212.5
73,9075,302.5,496.5,218.5
73,9076,302.533,530.5,226.5
73,9077,302.567,566.5,234.5
73,9078,302.6,600.5,248.5
73,9079,302.633,636.5,264.5
73,9080,302.667,670.5,280.5
73,9081,302.7,704.5,300.5
73,9082,302.733,738.5,324.5
73,9083,302.767,770.5,348.5
73,9084,302.8,802.5,366.5
73,9085,302.833,830.5,352.5
73,9086,302.867,862.5,338.5
73,9087,302.9,890.5,330.5
73,9088,302.933,918.5,324.5
73,9089,302.967,948.5,322.5
73,9090,303.0,950.5,312.5
73,9091,303.033,888.5,290.5
73,9092,303.067,830.5,272.5
73,9093,303.1,776.5,256.5
73,9094,303.133,726.5,244.5
73,9095,303.167,680.5,236.5
73,9096,303.2,638.5,232.5
73,9097,303.233,598.5,228.5
73,9098,303.267,562.5,230.5
73,9099,303.3,528.5,232.5
73,9100,303.333,500.5,236.5
73,9101,303.367,472.5,242.5
73,9102,303.4,448.5,252.5
73,9103,303.433,426.5,260.5
73,9104,303.467,406.5,260.5
73,9105,303.5,386.5,240.5
73,9106,303.533,368.5,222.5
73,9107,303.567,352.5,210.5
73,9108,303.6,348.5,198.5
73,9109,303.633,372.5,188.5
73,9110,303.667,396.5,182.5
73,9111,303.7,422.5,178.5
73,9112,303.733,448.5,176.5
73,9113,303.767,474.5,176.5
73,9114,303.8,500.5,178.5
73,9115,303.833,528.5,184.5
73,9116,303.867,554.5,190.5
73,9117,303.9,584.5,202.5
73,9118,303.933,612.5,214.5
73,9119,303.967,640.5,228.5
73,9120,304.0,670.5,246.5
73,9121,304.033,696.5,266.5
73,9122,304.067,726.5,288.5
73,9123,304.1,754.5,314.5
73,9124,304.133,784.5,342.5
73,9125,304.167,810.5,358.5
73,9126,304.2,836.5,344.5
73,9127,304.233,862.5,330.5
73,9128,304.267,888.5,322.5
73,9129,304.3,914.5,314.5
73,9130,304.333,940.5,312.5
73,9131,304.367,966.5,312.5
73,9132,304.4,952.5,306.5
73,9133,304.433,878.5,288.5
73,9134,304.467,810.5,274.5
73,9135,304.5,748.5,264.5
73,9136,304.533,692.5,256.5
73,9137,304.567,644.5,250.5
73,9138,304.6,600.5,250.5
73,9139,304.633,562.5,250.5
73,9140,304.667,528.5,250.5
73,9141,304.7,496.5,256.5
73,9142,304.733,468.5,260.5
73,9143,304.767,446.5,252.5
73,9144,304.8,424.5,234.5
73,9145,304.833,404.5,216.5
73,9146,304.867,386.5,202.5
73,9147,304.9,370.5,194.5
73,9148,304.933,358.5,184.5
73,9149,304.967,370.5,174.5
73,9150,305.0,384.5,170.5
73,9151,305.033,396.5,162.5
73,9152,305.067,408.5,162.5
73,9153,305.1,422.5,160.5
73,9154,305.133,434.5,162.5
73,9155,305.167,448.5,168.5
73,9156,305.2,462.5,176.5
73,9157,305.233,476.5,184.5
73,9158,305.267,490.5,198.5
73,9159,305.3,504.5,214.5
73,9160,305.333,518.5,232.5
73,9161,305.367,532.5,254.5
73,9162,305.4,546.5,278.5
73,9163,305.433,562.5,308.5
73,9164,305.467,576.5,338.5
73,9165,305.5,590.5,370.5
73,9166,305.533,600.5,360.5
73,9167,305.567,610.5,346.5
73,9168,305.6,622.5,336.5
73,9169,305.633,634.5,328.5
73,9170,305.667,646.5,324.5
73,9171,305.7,658.5,322.5
73,9172,305.733,670.5,324.5
73,9173,305.767,682.5,330.5
73,9174,305.8,696.5,338.5
73,9175,305.833,708.5,350.5
73,9176,305.867,700.5,340.5
73,9177,305.9,670.5,304.5
73,9178,305.933,644.5,276.5
73,9179,305.967,620.5,254.5
73,9180,306.0,598.5,236.5
73,9181,306.033,580.5,224.5
73,9182,306.067,562.5,214.5
73,9183,306.1,546.5,210.5
73,9184,306.133,532.5,208.5
73,9185,306.167,520.5,210.5
73,9186,306.2,510.5,212.5
73,9187,306.233,500.5,218.5
73,9188,306.267,492.5,224.5
73,9189,306.3,484.5,234.5
73,9190,306.333,478.5,242.5
73,9191,306.367,470.5,246.5
73,9192,306.4,464.5,226.5
73,9193,306.433,458.5,206.5
73,9194,306.467,450.5,190.5
73,9195,306.5,444.5,178.5
73,9196,306.533,438.5,168.5
73,9197,306.567,454.5,160.5
73,9198,306.6,480.5,156.5
73,9199,306.633,506.5,156.5
73,9200,306.667,532.5,160.5
73,9201,306.7,558.5,162.5
73,9202,306.733,584.5,170.5
73,9203,306.767,612.5,178.5
73,9204,306.8,638.5,188.5
73,9205,306.833,668.5,202.5
73,9206,306.867,692.5,218.5
73,9207,306.9,720.5,236.5
73,9208,306.933,746.5,256.5
73,9209,306.967,772.5,278.5
73,9210,307.0,798.5,300.5
73,9211,307.033,820.5,286.5
73,9212,307.067,844.5,274.5
73,9213,307.1,866.5,266.5
73,9214,307.133,890.5,258.5
73,9215,307.167,914.5,254.5
73,9216,307.2,936.5,252.5
73,9217,307.233,960.5,254.5
73,9218,307.267,982.5,258.5
73,9219,307.3,1004.5,266.5
73,9220,307.333,1024.5,276.5
73,9221,307.367,1046.5,288.5
73,9222,307.4,1064.5,304.5
73,9223,307.433,1084.5,322.5
73,9224,307.467,1102.5,340.5
73,9225,307.5,1118.5,362.5
73,9226,307.533,1076.5,344.5
73,9227,307.567,1010.5,308.5
73,9228,307.6,946.5,282.5
73,9229,307.633,888.5,258.5
73,9230,307.667,832.5,242.5
73,9231,307.7,778.5,228.5
73,9232,307.733,726.5,220.5
73,9233,307.767,678.5,216.5
73,9234,307.8,632.5,214.5
73,9235,307.833,590.5,218.5
73,9236,307.867,548.5,222.5
73,9237,307.9,510.5,230.5
73,9238,307.933,474.5,240.5
73,9239,307.967,442.5,252.5
73,9240,308.0,412.5,266.5
73,9241,308.033,382.5,282.5
73,9242,308.067,350.5,266.5
73,9243,308.1,316.5,248.5
73,9244,308.133,284.5,234.5
73,9245,308.167,254.5,224.5
73,9246,308.2,224.5,214.5
73,9247,308.233,196.5,210.5
73,9248,308.267,168.5,206.5
73,9249,308.3,140.5,208.5
73,9250,308.333,120.5,210.5
73,9251,308.367,98.5,214.5
73,9252,308.4,74.5,222.5
73,9253,308.433,90.5,208.5
73,9254,308.467,118.5,190.5
73,9255,308.5,152.5,172.5
73,9256,308.533,184.5,158.5
73,9257,308.567,220.5,146.5
73,9258,308.6,256.5,138.5
73,9259,308.633,294.5,132.5
73,9260,308.667,334.5,132.5
73,9261,308.7,372.5,132.5
73,9262,308.733,412.5,138.5
73,9263,308.767,450.5,146.5
73,9264,308.8,490.5,158.5
73,9265,308.833,528.5,172.5
73,9266,308.867,564.5,190.5
73,9267,308.9,600.5,210.5
73,9268,308.933,638.5,232.5
73,9269,308.967,672.5,258.5
73,9270,309.0,704.5,282.5
73,9271,309.033,736.5,312.5
73,9272,309.067,766.5,340.5
73,9273,309.1,794.5,336.5
73,9274,309.133,824.5,312.5
73,9275,309.167,854.5,292.5
73,9276,309.2,882.5,276.5
73,9277,309.233,912.5,264.5
73,9278,309.267,942.5,252.5
73,9279,309.3,972.5,244.5
73,9280,309.333,1000.5,242.5
73,9281,309.367,1028.5,240.5
73,9282,309.4,1054.5,244.5
73,9283,309.433,1082.5,250.5
73,9284,309.467,1066.5,246.5
73,9285,309.5,1004.5,232.5
73,9286,309.533,942.5,222.5
73,9287,309.567,884.5,216.5
73,9288,309.6,830.5,212.5
73,9289,309.633,776.5,212.5
73,9290,309.667,726.5,218.5
73,9291,309.7,678.5,224.5
73,9292,309.733,636.5,232.5
73,9293,309.767,594.5,242.5
73,9294,309.8,556.5,256.5
73,9295,309.833,520.5,272.5
73,9296,309.867,486.5,288.5
73,9297,309.9,456.5,306.5
73,9298,309.933,428.5,284.5
73,9299,309.967,402.5,264.5
73,9300,310.0,380.5,246.5
73,9301,310.033,354.5,232.5
73,9302,310.067,334.5,220.5
73,9303,310.1,312.5,212.5
73,9304,310.133,290.5,206.5
73,9305,310.167,270.5,202.5
73,9306,310.2,254.5,202.5
73,9307,310.233,236.5,206.5
73,9308,310.267,222.5,210.5
73,9309,310.3,208.5,218.5
73,9310,310.333,194.5,226.5
73,9311,310.367,184.5,238.5
73,9312,310.4,174.5,250.5
73,9313,310.433,170.5,260.5
73,9314,310.467,194.5,244.5
73,9315,310.5,222.5,232.5
73,9316,310.533,250.5,220.5
73,9317,310.567,278.5,212.5
73,9318,310.6,310.5,206.5
73,9319,310.633,342.5,202.5
73,9320,310.667,376.5,202.5
73,9321,310.7,410.5,206.5
73,9322,310.733,444.5,210.5
73,9323,310.767,480.5,220.5
73,9324,310.8,516.5,234.5
73,9325,310.833,552.5,250.5
73,9326,310.867,590.5,268.5
73,9327,310.9,626.5,290.5
73,9328,310.933,662.5,314.5
73,9329,310.967,698.5,342.5
73,9330,311.0,730.5,370.5
73,9331,311.033,764.5,402.5
73,9332,311.067,794.5,386.5
73,9333,311.1,826.5,372.5
73,9334,311.133,858.5,360.5
73,9335,311.167,890.5,354.5
73,9336,311.2,924.5,348.5
73,9337,311.233,956.5,348.5
73,9338,311.267,946.5,336.5
73,9339,311.3,864.5,306.5
73,9340,311.333,792.5,280.5
73,9341,311.367,728.5,262.5
73,9342,311.4,672.5,248.5
73,9343,311.433,620.5,238.5
73,9344,311.467,574.5,232.5
73,9345,311.5,534.5,230.5
73,9346,311.533,498.5,230.5
73,9347,311.567,466.5,234.5
73,9348,311.6,436.5,238.5
73,9349,311.633,412.5,246.5
73,9350,311.667,388.5,254.5
73,9351,311.7,368.5,258.5
73,9352,311.733,350.5,236.5
73,9353,311.767,332.5,216.5
73,9354,311.8,314.5,198.5
73,9355,311.833,312.5,186.5
73,9356,311.867,328.5,176.5
73,9357,311.9,344.5,168.5
73,9358,311.933,362.5,162.5
73,9359,311.967,382.5,160.5
73,9360,312.0,400.5,160.5
73,9361,312.033,422.5,160.5
73,9362,312.067,442.5,162.5
73,9363,312.1,464.5,170.5
73,9364,312.133,488.5,180.5
73,9365,312.167,512.5,194.5
73,9366,312.2,536.5,210.5
73,9367,312.233,562.5,228.5
73,9368,312.267,588.5,250.5
73,9369,312.3,612.5,276.5
73,9370,312.333,638.5,302.5
73,9371,312.367,662.5,332.5
73,9372,312.4,686.5,366.5
73,9373,312.433,712.5,402.5
73,9374,312.467,736.5,402.5
73,9375,312.5,758.5,388.5
73,9376,312.533,782.5,376.5
73,9377,312.567,808.5,366.5
73,9378,312.6,832.5,360.5
73,9379,312.633,860.5,358.5
73,9380,312.667,886.5,358.5
73,9382,312.733,796.5,316.5
73,9383,312.767,738.5,298.5
73,9384,312.8,690.5,284.5
73,9385,312.833,648.5,274.5
73,9386,312.867,614.5,270.5
73,9387,312.9,584.5,266.5
73,9388,312.933,558.5,266.5
73,9389,312.967,536.5,270.5
73,9390,313.0,516.5,274.5
73,9391,313.033,498.5,258.5
73,9392,313.067,484.5,236.5
73,9393,313.1,470.5,218.5
73,9394,313.133,460.5,202.5
73,9395,313.167,448.5,190.5
73,9396,313.2,438.5,180.5
73,9398,313.267,438.5,162.5
73,9399,313.3,458.5,150.5
73,9400,313.333,476.5,142.5
73,9401,313.367,494.5,136.5
73,9402,313.4,514.5,130.5
73,9403,313.433,532.5,128.5
73,9404,313.467,552.5,128.5
73,9405,313.5,572.5,130.5
73,9406,313.533,592.5,134.5
73,9407,313.567,610.5,142.5
73,9408,313.6,632.5,152.5
73,9409,313.633,652.5,162.5
73,9410,313.667,672.5,180.5
73,9411,313.7,692.5,198.5
73,9412,313.733,712.5,218.5
73,9413,313.767,732.5,242.5
73,9414,313.8,750.5,266.5
73,9415,313.833,770.5,292.5
73,9416,313.867,788.5,322.5
73,9417,313.9,804.5,338.5
73,9418,313.933,822.5,320.5
73,9419,313.967,838.5,304.5
73,9420,314.0,856.5,292.5
73,9421,314.033,872.5,282.5
73,9422,314.067,890.5,274.5
73,9423,314.1,906.5,272.5
73,9424,314.133,924.5,270.5
73,9425,314.167,940.5,272.5
73,9426,314.2,954.5,276.5
73,9427,314.233,964.5,282.5
73,9428,314.267,898.5,264.5
73,9429,314.3,844.5,250.5
73,9430,314.333,794.5,242.5
73,9431,314.367,746.5,236.5
73,9432,314.4,702.5,234.5
73,9433,314.433,664.5,236.5
73,9434,314.467,626.5,240.5
73,9435,314.5,592.5,244.5
73,9436,314.533,560.5,252.5
73,9437,314.567,530.5,262.5
73,9438,314.6,504.5,272.5
73,9439,314.633,480.5,268.5
73,9440,314.667,458.5,246.5
73,9441,314.7,434.5,228.5
73,9442,314.733,416.5,214.5
73,9443,314.767,396.5,202.5
73,9444,314.8,378.5,194.5
73,9445,314.833,360.5,188.5
73,9446,314.867,344.5,188.5
73,9448,314.933,364.5,172.5
73,9449,314.967,386.5,166.5
73,9450,315.0,410.5,162.5
73,9451,315.033,432.5,160.5
73,9452,315.067,454.5,162.5
73,9453,315.1,480.5,164.5
73,9454,315.133,502.5,170.5
73,9455,315.167,528.5,178.5
73,9456,315.2,552.5,190.5
73,9457,315.233,578.5,204.5
73,9458,315.267,604.5,220.5
73,9459,315.3,630.5,242.5
73,9460,315.333,654.5,264.5
73,9461,315.367,680.5,288.5
73,9462,315.4,704.5,318.5
73,9463,315.433,730.5,350.5
73,9464,315.467,756.5,386.5
73,9465,315.5,780.5,402.5
73,9466,315.533,802.5,388.5
73,9467,315.567,824.5,378.5
73,9468,315.6,846.5,370.5
73,9469,315.633,870.5,364.5
73,9470,315.667,892.5,362.5
73,9471,315.7,914.5,364.5
73,9472,315.733,930.5,364.5
73,9473,315.767,856.5,334.5
73,9474,315.8,790.5,310.5
73,9475,315.833,732.5,290.5
73,9476,315.867,676.5,274.5
73,9477,315.9,628.5,264.5
73,9478,315.933,586.5,258.5
73,9479,315.967,546.5,254.5
73,9480,316.0,512.5,254.5
73,9481,316.033,484.5,256.5
73,9482,316.067,458.5,262.5
73,9483,316.1,434.5,266.5
73,9484,316.133,414.5,274.5
73,9485,316.167,396.5,284.5
73,9486,316.2,378.5,262.5
73,9487,316.233,360.5,242.5
73,9488,316.267,344.5,224.5
73,9489,316.3,330.5,210.5
73,9490,316.333,318.5,198.5
73,9491,316.367,306.5,190.5
73,9492,316.4,296.5,184.5
73,9493,316.433,286.5,180.5
73,9497,316.567,322.5,146.5
73,9498,316.6,342.5,134.5
73,9499,316.633,364.5,124.5
73,9500,316.667,384.5,118.5
73,9501,316.7,404.5,114.5
73,9502,316.733,424.5,112.5
73,9503,316.767,446.5,114.5
73,9504,316.8,468.5,116.5
73,9505,316.833,490.5,124.5
73,9506,316.867,512.5,134.5
73,9507,316.9,532.5,146.5
73,9508,316.933,556.5,162.5
73,9509,316.967,576.5,180.5
73,9510,317.0,598.5,200.5
73,9511,317.033,618.5,224.5
73,9512,317.067,638.5,250.5
73,9513,317.1,658.5,278.5
73,9514,317.133,676.5,306.5
73,9515,317.167,694.5,342.5
73,9516,317.2,708.5,344.5
73,9517,317.233,720.5,324.5
73,9518,317.267,732.5,310.5
73,9519,317.3,742.5,298.5
73,9520,317.333,754.5,286.5
73,9521,317.367,766.5,280.5
73,9522,317.4,776.5,274.5
73,9523,317.433,788.5,272.5
73,9524,317.467,800.5,274.5
73,9525,317.5,810.5,280.5
73,9526,317.533,820.5,288.5
73,9527,317.567,830.5,300.5
73,9528,317.6,840.5,314.5
73,9529,317.633,794.5,290.5
73,9530,317.667,744.5,264.5
73,9531,317.7,700.5,242.5
73,9532,317.733,660.5,226.5
73,9533,317.767,626.5,216.5
73,9534,317.8,596.5,208.5
73,9535,317.833,570.5,204.5
73,9536,317.867,548.5,202.5
73,9537,317.9,526.5,204.5
73,9538,317.933,508.5,210.5
73,9539,317.967,492.5,214.5
73,9540,318.0,478.5,220.5
73,9541,318.033,466.5,228.5
73,9542,318.067,454.5,232.5
73,9543,318.1,442.5,208.5
73,9544,318.133,430.5,190.5
73,9545,318.167,418.5,172.5
73,9546,318.2,410.5,162.5
73,9547,318.233,400.5,154.5
73,9548,318.267,400.5,144.5
73,9550,318.333,424.5,140.5
73,9551,318.367,436.5,140.5
73,9552,318.4,448.5,146.5
73,9553,318.433,460.5,150.5
73,9554,318.467,474.5,160.5
73,9555,318.5,486.5,172.5
73,9556,318.533,498.5,186.5
73,9557,318.567,512.5,204.5
73,9558,318.6,526.5,224.5
73,9559,318.633,538.5,246.5
73,9561,318.7,562.5,298.5
73,9562,318.733,568.5,318.5
73,9563,318.767,560.5,320.5
73,9564,318.8,552.5,320.5
73,9565,318.833,542.5,322.5
73,9566,318.867,532.5,320.5
73,9567,318.9,524.5,322.5
73,9568,318.933,514.5,324.5
73,9569,318.967,506.5,324.5
73,9570,319.0,498.5,326.5
73,9572,319.067,480.5,326.5
73,9573,319.1,472.5,326.5
73,9574,319.133,464.5,328.5
73,9575,319.167,456.5,328.5
73,9576,319.2,448.5,330.5
73,9577,319.233,438.5,330.5
73,9578,319.267,430.5,330.5
73,9579,319.3,422.5,332.5
73,9580,319.333,414.5,332.5
73,9581,319.367,406.5,332.5
73,9582,319.4,398.5,334.5
73,9583,319.433,388.5,334.5
73,9584,319.467,382.5,334.5
73,9585,319.5,374.5,336.5
73,9586,319.533,366.5,340.5
73,9587,319.567,358.5,346.5
73,9588,319.6,352.5,354.5
73,9589,319.633,346.5,364.5
73,9590,319.667,342.5,378.5
73,9591,319.7,336.5,392.5
73,9592,319.733,332.5,410.5
73,9593,319.767,328.5,426.5
73,9594,319.8,326.5,448.5
73,9595,319.833,322.5,468.5
73,9596,319.867,322.5,490.5
73,9597,319.9,316.5,496.5
73,9598,319.933,306.5,482.5
73,9599,319.967,298.5,474.5
73,9600,320.0,290.5,466.5
73,9601,320.033,282.5,460.5
73,9602,320.067,276.5,456.5
73,9603,320.1,268.5,456.5
73,9604,320.133,262.5,456.5
73,9605,320.167,256.5,460.5
73,9606,320.2,250.5,466.5
73,9607,320.233,246.5,474.5
73,9608,320.267,240.5,484.5
73,9609,320.3,238.5,496.5
73,9610,320.333,236.5,508.5
73,9611,320.367,226.5,506.5
73,9612,320.4,220.5,502.5
73,9613,320.433,212.5,500.5
73,9614,320.467,206.5,500.5
73,9615,320.5,200.5,500.5
73,9616,320.533,194.5,506.5
73,9617,320.567,190.5,512.5
73,9618,320.6,186.5,516.5
73,9619,320.633,178.5,514.5
73,9620,320.667,174.5,514.5
73,9624,320.8,178.5,514.5
73,9625,320.833,190.5,508.5
73,9626,320.867,200.5,506.5
73,9627,320.9,210.5,502.5
73,9628,320.933,218.5,496.5
73,9629,320.967,226.5,496.5
73,9630,321.0,234.5,494.5
73,9631,321.033,240.5,492.5
73,9632,321.067,246.5,490.5
73,9633,321.1,248.5,490.5
73,9634,321.133,248.5,484.5
74,9656,321.867,136.5,442.5
74,9660,322.0,338.5,206.5
74,9661,322.033,356.5,204.5
74,9662,322.067,376.5,204.5
74,9663,322.1,394.5,208.5
74,9664,322.133,412.5,212.5
74,9665,322.167,432.5,220.5
74,9666,322.2,450.5,230.5
74,9667,322.233,474.5,246.5
74,9668,322.267,494.5,262.5
74,9669,322.3,514.5,280.5
74,9670,322.333,536.5,300.5
74,9671,322.367,556.5,322.5
74,9672,322.4,574.5,348.5
74,9673,322.433,592.5,358.5
74,9674,322.467,606.5,342.5
74,9675,322.5,622.5,328.5
74,9676,322.533,636.5,316.5
74,9677,322.567,652.5,308.5
74,9678,322.6,666.5,304.5
74,9679,322.633,682.5,300.5
74,9680,322.667,696.5,302.5
74,9681,322.7,712.5,304.5
74,9682,322.733,728.5,310.5
74,9683,322.767,742.5,320.5
74,9684,322.8,756.5,332.5
74,9685,322.833,768.5,346.5
74,9686,322.867,782.5,364.5
74,9687,322.9,794.5,382.5
74,9688,322.933,806.5,404.5
74,9689,322.967,818.5,396.5
74,9690,323.0,830.5,380.5
74,9691,323.033,842.5,368.5
74,9692,323.067,854.5,358.5
74,9693,323.1,864.5,352.5
74,9694,323.133,876.5,348.5
74,9695,323.167,886.5,348.5
74,9696,323.2,896.5,352.5
74,9697,323.233,904.5,358.5
74,9698,323.267,914.5,366.5
75,9752,325.067,770.5,314.5
75,9753,325.1,728.5,296.5
75,9754,325.133,688.5,280.5
75,9755,325.167,650.5,268.5
75,9756,325.2,614.5,258.5
75,9757,325.233,578.5,256.5
75,9758,325.267,546.5,252.5
75,9759,325.3,514.5,252.5
75,9760,325.333,486.5,256.5
75,9761,325.367,458.5,260.5
75,9762,325.4,432.5,268.5
75,9763,325.433,410.5,254.5
75,9764,325.467,386.5,242.5
75,9765,325.5,364.5,232.5
75,9766,325.533,344.5,224.5
75,9767,325.567,328.5,220.5
75,9768,325.6,340.5,206.5
75,9769,325.633,354.5,194.5
75,9770,325.667,370.5,184.5
75,9771,325.7,386.5,176.5
75,9772,325.733,402.5,170.5
75,9773,325.767,418.5,164.5
75,9774,325.8,434.5,162.5
75,9775,325.833,452.5,164.5
75,9776,325.867,470.5,170.5
75,9777,325.9,490.5,176.5
75,9778,325.933,508.5,186.5
75,9779,325.967,528.5,198.5
75,9780,326.0,546.5,212.5
75,9781,326.033,566.5,230.5
75,9782,326.067,588.5,250.5
75,9783,326.1,608.5,274.5
75,9784,326.133,628.5,300.5
75,9785,326.167,650.5,328.5
75,9786,326.2,670.5,358.5
75,9787,326.233,690.5,388.5
75,9788,326.267,706.5,376.5
75,9789,326.3,722.5,360.5
75,9790,326.333,738.5,346.5
75,9791,326.367,756.5,336.5
75,9792,326.4,772.5,330.5
75,9793,326.433,790.5,324.5
75,9794,326.467,808.5,324.5
75,9796,326.533,712.5,292.5
75,9797,326.567,650.5,274.5
75,9798,326.6,594.5,264.5
75,9799,326.633,546.5,254.5
75,9800,326.667,504.5,250.5
75,9801,326.7,466.5,246.5
75,9802,326.733,434.5,246.5
75,9803,326.767,406.5,250.5
75,9804,326.8,382.5,256.5
75,9805,326.833,362.5,262.5
75,9806,326.867,342.5,256.5
75,9807,326.9,322.5,232.5
75,9808,326.933,306.5,212.5
75,9809,326.967,290.5,196.5
75,9810,327.0,276.5,184.5
75,9811,327.033,264.5,172.5
75,9812,327.067,254.5,168.5
75,9813,327.1,244.5,162.5
75,9814,327.133,236.5,158.5
75,9815,327.167,250.5,146.5
75,9816,327.2,268.5,134.5
75,9817,327.233,286.5,124.5
75,9818,327.267,306.5,116.5
75,9819,327.3,326.5,112.5
75,9820,327.333,346.5,110.5
75,9821,327.367,368.5,112.5
75,9822,327.4,390.5,116.5
75,9823,327.433,414.5,124.5
75,9824,327.467,438.5,134.5
75,9825,327.5,462.5,148.5
75,9826,327.533,486.5,166.5
75,9827,327.567,510.5,186.5
75,9828,327.6,532.5,210.5
75,9829,327.633,558.5,236.5
75,9830,327.667,582.5,266.5
75,9831,327.7,606.5,298.5
75,9832,327.733,628.5,334.5
75,9833,327.767,650.5,368.5
75,9834,327.8,672.5,350.5
75,9835,327.833,696.5,334.5
75,9836,327.867,718.5,320.5
75,9837,327.9,742.5,308.5
75,9838,327.933,768.5,300.5
75,9839,327.967,794.5,298.5
75,9840,328.0,818.5,296.5
75,9841,328.033,846.5,298.5
75,9842,328.067,826.5,288.5
75,9843,328.1,754.5,262.5
75,9844,328.133,692.5,242.5
75,9845,328.167,638.5,226.5
75,9846,328.2,590.5,216.5
75,9847,328.233,546.5,208.5
75,9848,328.267,508.5,206.5
75,9849,328.3,472.5,204.5
75,9850,328.333,442.5,202.5
75,9851,328.367,416.5,208.5
75,9852,328.4,392.5,212.5
75,9853,328.433,370.5,218.5
75,9854,328.467,352.5,228.5
75,9855,328.5,336.5,236.5
75,9856,328.533,322.5,246.5
75,9857,328.567,308.5,258.5
75,9858,328.6,298.5,270.5
75,9862,328.733,266.5,322.5
75,9863,328.767,258.5,306.5
75,9865,328.833,246.5,282.5
75,9866,328.867,252.5,276.5
75,9867,328.9,258.5,274.5
75,9868,328.933,264.5,270.5
75,9869,328.967,270.5,272.5
75,9870,329.0,278.5,274.5
75,9871,329.033,284.5,276.5
76,9916,330.533,1088.5,400.5
76,9917,330.567,1096.5,386.5
76,9918,330.6,1102.5,378.5
76,9919,330.633,1108.5,366.5
76,9920,330.667,1116.5,362.5
77,10038,334.6,402.5,182.5
77,10039,334.633,406.5,168.5
77,10040,334.667,408.5,152.5
77,10041,334.7,406.5,136.5
77,10042,334.733,406.5,116.5
77,10043,334.767,406.5,100.5
77,10044,334.8,404.5,86.5
77,10045,334.833,404.5,76.5
77,10046,334.867,402.5,66.5
77,10047,334.9,402.5,62.5
77,10048,334.933,402.5,56.5
77,10049,334.967,402.5,54.5
77,10050,335.0,402.5,56.5
77,10051,335.033,406.5,58.5
77,10052,335.067,406.5,64.5
77,10053,335.1,406.5,70.5
77,10054,335.133,408.5,80.5
77,10055,335.167,410.5,90.5
77,10056,335.2,410.5,102.5
77,10057,335.233,412.5,116.5
77,10058,335.267,414.5,132.5
77,10059,335.3,416.5,150.5
77,10060,335.333,420.5,170.5
77,10061,335.367,430.5,188.5
77,10062,335.4,446.5,212.5
77,10063,335.433,464.5,238.5
77,10064,335.467,478.5,236.5
77,10065,335.5,494.5,234.5
77,10066,335.533,512.5,232.5
77,10067,335.567,530.5,234.5
77,10068,335.6,548.5,236.5
77,10069,335.633,568.5,242.5
77,10070,335.667,590.5,252.5
77,10071,335.7,612.5,266.5
77,10072,335.733,636.5,282.5
77,10073,335.767,658.5,300.5
77,10074,335.8,684.5,322.5
77,10075,335.833,708.5,348.5
77,10076,335.867,734.5,376.5
77,10077,335.9,758.5,392.5
77,10078,335.933,782.5,386.5
77,10079,335.967,808.5,384.5
77,10080,336.0,832.5,384.5
77,10081,336.033,858.5,388.5
77,10083,336.1,812.5,352.5
77,10084,336.133,760.5,322.5
77,10085,336.167,714.5,302.5
77,10086,336.2,672.5,284.5
77,10087,336.233,634.5,272.5
77,10088,336.267,598.5,262.5
77,10089,336.3,566.5,256.5
77,10090,336.333,536.5,252.5
77,10091,336.367,510.5,252.5
77,10092,336.4,486.5,256.5
77,10093,336.433,464.5,258.5
77,10094,336.467,444.5,266.5
77,10095,336.5,426.5,274.5
77,10096,336.533,410.5,276.5
77,10097,336.567,396.5,256.5
77,10098,336.6,380.5,236.5
77,10099,336.633,366.5,222.5
77,10100,336.667,354.5,210.5
77,10101,336.7,344.5,202.5
77,10102,336.733,332.5,194.5
77,10103,336.767,322.5,190.5
77,10104,336.8,314.5,188.5
77,10105,336.833,306.5,190.5
77,10106,336.867,298.5,192.5
77,10108,336.933,300.5,196.5
77,10109,336.967,316.5,186.5
77,10110,337.0,336.5,178.5
77,10111,337.033,356.5,172.5
77,10112,337.067,378.5,168.5
77,10113,337.1,402.5,166.5
77,10114,337.133,426.5,168.5
77,10115,337.167,448.5,172.5
77,10116,337.2,474.5,178.5
77,10117,337.233,498.5,188.5
77,10118,337.267,524.5,202.5
77,10119,337.3,550.5,218.5
77,10120,337.333,576.5,236.5
77,10121,337.367,602.5,256.5
77,10122,337.4,628.5,282.5
77,10123,337.433,654.5,308.5
77,10124,337.467,680.5,338.5
77,10125,337.5,704.5,340.5
77,10126,337.533,726.5,326.5
77,10127,337.567,750.5,316.5
77,10128,337.6,772.5,308.5
77,10129,337.633,796.5,302.5
77,10130,337.667,820.5,300.5
77,10131,337.7,844.5,302.5
77,10132,337.733,870.5,306.5
77,10133,337.767,886.5,312.5
77,10134,337.8,834.5,292.5
77,10135,337.833,782.5,276.5
77,10136,337.867,732.5,266.5
77,10137,337.9,684.5,258.5
77,10138,337.933,642.5,252.5
77,10139,337.967,602.5,250.5
77,10140,338.0,564.5,252.5
77,10141,338.033,530.5,256.5
77,10142,338.067,498.5,262.5
77,10143,338.1,466.5,270.5
77,10144,338.133,440.5,282.5
77,10145,338.167,416.5,294.5
77,10146,338.2,392.5,280.5
77,10147,338.233,370.5,260.5
77,10148,338.267,350.5,244.5
77,10149,338.3,330.5,230.5
77,10150,338.333,312.5,218.5
77,10151,338.367,294.5,212.5
77,10152,338.4,278.5,206.5
77,10153,338.433,262.5,204.5
77,10154,338.467,248.5,204.5
77,10155,338.5,236.5,206.5
77,10156,338.533,224.5,210.5
77,10157,338.567,220.5,210.5
77,10158,338.6,242.5,196.5
77,10159,338.633,268.5,188.5
77,10160,338.667,292.5,178.5
77,10161,338.7,318.5,176.5
77,10162,338.733,344.5,172.5
77,10163,338.767,370.5,172.5
77,10164,338.8,400.5,178.5
77,10165,338.833,430.5,182.5
77,10166,338.867,458.5,192.5
77,10167,338.9,488.5,204.5
77,10168,338.933,518.5,220.5
77,10169,338.967,550.5,238.5
77,10170,339.0,580.5,258.5
77,10171,339.033,610.5,282.5
77,10172,339.067,640.5,310.5
77,10173,339.1,670.5,338.5
77,10174,339.133,696.5,366.5
77,10175,339.167,720.5,346.5
77,10176,339.2,744.5,330.5
77,10177,339.233,768.5,316.5
77,10178,339.267,792.5,306.5
77,10179,339.3,816.5,298.5
77,10180,339.333,840.5,296.5
77,10181,339.367,864.5,292.5
77,10182,339.4,888.5,296.5
77,10183,339.433,848.5,282.5
77,10184,339.467,794.5,266.5
77,10185,339.5,744.5,254.5
77,10186,339.533,700.5,246.5
77,10187,339.567,662.5,240.5
77,10188,339.6,626.5,240.5
77,10189,339.633,594.5,240.5
77,10190,339.667,566.5,242.5
77,10191,339.7,544.5,248.5
77,10192,339.733,520.5,254.5
77,10193,339.767,502.5,252.5
77,10194,339.8,482.5,230.5
77,10195,339.833,466.5,210.5
77,10196,339.867,452.5,194.5
77,10197,339.9,438.5,184.5
77,10198,339.933,428.5,174.5
77,10199,339.967,414.5,168.5
77,10200,340.0,406.5,160.5
77,10201,340.033,416.5,152.5
77,10203,340.1,448.5,136.5
77,10204,340.133,460.5,130.5
77,10205,340.167,474.5,128.5
77,10206,340.2,490.5,128.5
77,10207,340.233,504.5,130.5
77,10208,340.267,518.5,136.5
77,10209,340.3,534.5,144.5
77,10210,340.333,548.5,154.5
77,10211,340.367,562.5,168.5
77,10212,340.4,578.5,184.5
77,10213,340.433,592.5,202.5
77,10214,340.467,608.5,224.5
77,10215,340.5,622.5,250.5
77,10216,340.533,638.5,276.5
77,10217,340.567,652.5,306.5
77,10218,340.6,666.5,340.5
77,10219,340.633,678.5,352.5
77,10220,340.667,688.5,336.5
77,10221,340.7,698.5,322.5
77,10222,340.733,710.5,314.5
77,10223,340.767,720.5,306.5
77,10224,340.8,730.5,302.5
77,10225,340.833,742.5,300.5
77,10226,340.867,752.5,304.5
77,10227,340.9,762.5,308.5
77,10229,340.967,724.5,294.5
77,10230,341.0,680.5,274.5
77,10231,341.033,642.5,262.5
77,10232,341.067,606.5,252.5
77,10233,341.1,574.5,244.5
77,10234,341.133,544.5,242.5
77,10235,341.167,516.5,242.5
77,10236,341.2,492.5,242.5
77,10237,341.233,468.5,246.5
77,10238,341.267,448.5,252.5
77,10239,341.3,428.5,258.5
77,10240,341.333,412.5,268.5
77,10241,341.367,394.5,252.5
77,10242,341.4,376.5,232.5
77,10243,341.433,360.5,216.5
77,10244,341.467,344.5,202.5
77,10245,341.5,330.5,194.5
77,10246,341.533,322.5,184.5
77,10247,341.567,348.5,164.5
77,10248,341.6,374.5,148.5
77,10249,341.633,400.5,134.5
77,10250,341.667,426.5,122.5
77,10251,341.7,454.5,114.5
77,10252,341.733,480.5,106.5
77,10253,341.767,508.5,102.5
77,10254,341.8,536.5,100.5
77,10255,341.833,562.5,98.5
77,10256,341.867,592.5,102.5
77,10257,341.9,620.5,106.5
77,10258,341.933,646.5,114.5
77,10259,341.967,674.5,124.5
77,10260,342.0,700.5,136.5
77,10261,342.033,726.5,150.5
77,10262,342.067,750.5,166.5
77,10263,342.1,774.5,182.5
77,10264,342.133,798.5,202.5
77,10265,342.167,818.5,222.5
77,10266,342.2,840.5,244.5
77,10267,342.233,862.5,270.5
77,10268,342.267,882.5,294.5
77,10269,342.3,900.5,320.5
77,10272,342.4,948.5,400.5
77,10273,342.433,962.5,428.5
77,10274,342.467,970.5,416.5
77,10275,342.5,980.5,400.5
77,10276,342.533,988.5,386.5
77,10277,342.567,996.5,374.5
77,10278,342.6,1004.5,364.5
77,10279,342.633,1010.5,356.5
77,10280,342.667,1016.5,350.5
77,10281,342.7,1022.5,346.5
77,10282,342.733,1028.5,346.5
77,10283,342.767,1034.5,348.5
77,10284,342.8,1038.5,352.5
77,10285,342.833,1030.5,390.5
77,10286,342.867,1022.5,440.5
77,10287,342.9,1032.5,424.5
77,10288,342.933,1042.5,402.5
77,10289,342.967,1054.5,384.5
77,10290,343.0,1066.5,368.5
77,10291,343.033,1076.5,352.5
77,10292,343.067,1086.5,340.5
77,10293,343.1,1096.5,330.5
77,10294,343.133,1106.5,322.5
77,10295,343.167,1116.5,318.5
77,10296,343.2,1124.5,314.5
77,10297,343.233,1134.5,314.5
77,10298,343.267,1142.5,314.5
77,10299,343.3,1146.5,322.5
78,10467,348.9,986.5,358.5
78,10469,348.967,974.5,392.5
78,10473,349.1,838.5,712.5
78,10477,349.233,856.5,714.5
78,10478,349.267,870.5,712.5
79,10483,349.433,680.5,258.5
79,10484,349.467,644.5,248.5
79,10485,349.5,614.5,242.5
79,10486,349.533,582.5,240.5
79,10487,349.567,554.5,240.5
79,10488,349.6,526.5,242.5
79,10489,349.633,502.5,248.5
79,10490,349.667,478.5,254.5
79,10491,349.7,456.5,258.5
79,10492,349.733,436.5,242.5
79,10493,349.767,418.5,228.5
79,10494,349.8,400.5,218.5
79,10495,349.833,384.5,210.5
79,10496,349.867,376.5,202.5
79,10497,349.9,392.5,194.5
79,10498,349.933,410.5,184.5
79,10499,349.967,428.5,178.5
79,10500,350.0,446.5,174.5
79,10501,350.033,466.5,172.5
79,10502,350.067,484.5,172.5
79,10503,350.1,506.5,176.5
79,10504,350.133,526.5,182.5
79,10505,350.167,546.5,190.5
79,10506,350.2,568.5,202.5
79,10507,350.233,590.5,216.5
79,10508,350.267,614.5,232.5
79,10509,350.3,636.5,250.5
79,10510,350.333,658.5,272.5
79,10511,350.367,680.5,298.5
79,10512,350.4,702.5,322.5
79,10513,350.433,724.5,352.5
79,10514,350.467,748.5,376.5
79,10515,350.5,766.5,362.5
79,10516,350.533,786.5,350.5
79,10517,350.567,806.5,342.5
79,10518,350.6,828.5,336.5
79,10519,350.633,848.5,334.5
79,10521,350.7,740.5,302.5
79,10522,350.733,674.5,290.5
79,10523,350.767,618.5,278.5
79,10524,350.8,562.5,272.5
79,10525,350.833,518.5,266.5
79,10526,350.867,476.5,266.5
79,10527,350.9,436.5,266.5
79,10528,350.933,402.5,268.5
79,10529,350.967,374.5,274.5
79,10530,351.0,348.5,280.5
79,10531,351.033,320.5,266.5
79,10532,351.067,298.5,248.5
79,10533,351.1,276.5,230.5
79,10534,351.133,258.5,218.5
79,10535,351.167,264.5,204.5
79,10536,351.2,286.5,192.5
79,10537,351.233,306.5,182.5
79,10538,351.267,328.5,174.5
79,10539,351.3,352.5,170.5
79,10540,351.333,376.5,166.5
79,10541,351.367,400.5,166.5
79,10542,351.4,428.5,168.5
79,10543,351.433,452.5,172.5
79,10544,351.467,480.5,180.5
79,10545,351.5,506.5,190.5
79,10546,351.533,532.5,204.5
79,10547,351.567,560.5,220.5
79,10548,351.6,588.5,238.5
79,10549,351.633,614.5,258.5
79,10550,351.667,640.5,280.5
79,10551,351.7,666.5,304.5
79,10552,351.733,690.5,328.5
79,10553,351.767,712.5,336.5
79,10554,351.8,734.5,318.5
79,10555,351.833,754.5,302.5
79,10556,351.867,772.5,290.5
79,10557,351.9,794.5,278.5
79,10558,351.933,814.5,272.5
79,10559,351.967,832.5,266.5
79,10560,352.0,852.5,266.5
79,10561,352.033,870.5,268.5
79,10562,352.067,864.5,262.5
79,10563,352.1,814.5,242.5
79,10564,352.133,766.5,226.5
79,10565,352.167,720.5,214.5
79,10566,352.2,678.5,206.5
79,10567,352.233,638.5,200.5
79,10568,352.267,602.5,198.5
79,10569,352.3,570.5,198.5
79,10570,352.333,538.5,202.5
79,10571,352.367,510.5,208.5
79,10572,352.4,484.5,214.5
79,10573,352.433,460.5,222.5
79,10574,352.467,438.5,234.5
79,10575,352.5,418.5,246.5
79,10576,352.533,400.5,240.5
79,10577,352.567,384.5,218.5
79,10578,352.6,368.5,202.5
79,10579,352.633,354.5,186.5
79,10580,352.667,338.5,176.5
79,10581,352.7,332.5,166.5
79,10582,352.733,350.5,154.5
79,10583,352.767,372.5,146.5
79,10584,352.8,390.5,144.5
79,10585,352.833,410.5,140.5
79,10586,352.867,432.5,140.5
79,10587,352.9,452.5,144.5
79,10588,352.933,474.5,148.5
79,10589,352.967,496.5,158.5
79,10590,353.0,520.5,170.5
79,10591,353.033,542.5,186.5
79,10592,353.067,564.5,204.5
79,10593,353.1,588.5,226.5
79,10594,353.133,610.5,252.5
79,10595,353.167,632.5,282.5
79,10596,353.2,656.5,312.5
79,10597,353.233,676.5,346.5
79,10598,353.267,698.5,386.5
79,10599,353.3,720.5,422.5
79,10600,353.333,738.5,404.5
79,10601,353.367,758.5,390.5
79,10602,353.4,778.5,378.5
79,10603,353.433,800.5,370.5
79,10604,353.467,822.5,364.5
79,10605,353.5,842.5,362.5
79,10606,353.533,862.5,364.5
79,10607,353.567,824.5,322.5
79,10608,353.6,780.5,284.5
79,10609,353.633,740.5,254.5
79,10610,353.667,706.5,232.5
79,10611,353.7,676.5,214.5
79,10612,353.733,648.5,202.5
79,10613,353.767,626.5,196.5
79,10614,353.8,604.5,192.5
79,10615,353.833,586.5,192.5
79,10616,353.867,570.5,194.5
79,10617,353.9,554.5,200.5
79,10618,353.933,542.5,206.5
79,10619,353.967,530.5,214.5
79,10620,354.0,520.5,226.5
79,10621,354.033,512.5,236.5
79,10622,354.067,504.5,248.5
79,10623,354.1,494.5,226.5
79,10624,354.133,486.5,204.5
79,10625,354.167,480.5,184.5
79,10626,354.2,472.5,170.5
79,10627,354.233,466.5,156.5
79,10628,354.267,460.5,146.5
79,10629,354.3,456.5,138.5
79,10630,354.333,450.5,132.5
79,10631,354.367,444.5,130.5
79,10634,354.467,442.5,120.5
79,10637,354.567,452.5,150.5
79,10638,354.6,466.5,158.5
79,10639,354.633,478.5,168.5
79,10640,354.667,490.5,178.5
79,10641,354.7,502.5,192.5
79,10642,354.733,514.5,208.5
79,10643,354.767,528.5,224.5
79,10644,354.8,540.5,238.5
