track,frame,t_s,x_px,y_px
0,358,11.933,898.5,278.5
0,359,11.967,852.5,300.5
0,360,12.0,814.5,318.5
0,361,12.033,780.5,338.5
0,362,12.067,748.5,356.5
0,363,12.1,720.5,366.5
0,364,12.133,702.5,330.5
0,365,12.167,684.5,298.5
0,366,12.2,666.5,270.5
0,367,12.233,648.5,244.5
0,368,12.267,630.5,226.5
0,369,12.3,612.5,208.5
0,370,12.333,596.5,194.5
0,371,12.367,580.5,186.5
0,372,12.4,564.5,178.5
0,373,12.433,548.5,176.5
0,374,12.467,536.5,176.5
0,375,12.5,522.5,178.5
0,376,12.533,510.5,184.5
0,377,12.567,496.5,192.5
0,378,12.6,486.5,200.5
0,379,12.633,476.5,212.5
0,380,12.667,466.5,226.5
0,381,12.7,458.5,242.5
0,382,12.733,448.5,258.5
0,383,12.767,442.5,274.5
0,384,12.8,432.5,252.5
0,385,12.833,422.5,232.5
0,386,12.867,412.5,212.5
0,387,12.9,402.5,198.5
0,388,12.933,394.5,186.5
0,389,12.967,384.5,178.5
0,390,13.0,376.5,170.5
0,391,13.033,370.5,164.5
0,392,13.067,362.5,164.5
0,393,13.1,354.5,164.5
0,394,13.133,348.5,166.5
0,395,13.167,342.5,172.5
0,396,13.2,338.5,180.5
0,397,13.233,332.5,178.5
0,398,13.267,328.5,168.5
1,405,13.5,340.5,170.5
1,406,13.533,348.5,172.5
1,407,13.567,354.5,170.5
1,408,13.6,358.5,168.5
1,409,13.633,362.5,162.5
1,410,13.667,368.5,154.5
1,411,13.7,372.5,146.5
1,412,13.733,376.5,136.5
1,413,13.767,380.5,122.5
1,414,13.8,382.5,110.5
1,415,13.833,384.5,96.5
1,416,13.867,384.5,82.5
1,417,13.9,384.5,68.5
1,418,13.933,384.5,56.5
1,419,13.967,386.5,48.5
1,420,14.0,388.5,40.5
2,426,14.2,394.5,52.5
2,427,14.233,396.5,66.5
2,428,14.267,400.5,76.5
2,429,14.3,402.5,92.5
2,430,14.333,404.5,108.5
2,431,14.367,408.5,126.5
2,432,14.4,410.5,146.5
2,433,14.433,412.5,166.5
2,434,14.467,416.5,188.5
2,435,14.5,418.5,210.5
2,436,14.533,420.5,236.5
2,437,14.567,420.5,224.5
2,438,14.6,418.5,202.5
2,439,14.633,416.5,184.5
2,440,14.667,416.5,164.5
2,441,14.7,414.5,150.5
2,442,14.733,414.5,136.5
2,443,14.767,412.5,128.5
2,444,14.8,412.5,118.5
2,445,14.833,412.5,114.5
2,446,14.867,412.5,108.5
2,447,14.9,412.5,104.5
2,448,14.933,410.5,108.5
2,449,14.967,414.5,114.5
2,450,15.0,414.5,118.5
2,451,15.033,416.5,126.5
2,452,15.067,416.5,136.5
2,453,15.1,418.5,146.5
2,454,15.133,418.5,162.5
2,455,15.167,420.5,176.5
2,456,15.2,422.5,192.5
2,457,15.233,424.5,210.5
2,458,15.267,428.5,230.5
2,459,15.3,428.5,232.5
2,460,15.333,428.5,214.5
2,461,15.367,426.5,198.5
2,462,15.4,424.5,184.5
2,463,15.433,424.5,172.5
2,464,15.467,424.5,162.5
2,465,15.5,424.5,156.5
2,466,15.533,424.5,152.5
2,467,15.567,424.5,146.5
2,468,15.6,424.5,146.5
2,469,15.633,426.5,150.5
2,470,15.667,426.5,154.5
2,471,15.7,428.5,162.5
2,472,15.733,428.5,170.5
2,473,15.767,430.5,180.5
2,474,15.8,430.5,192.5
2,475,15.833,432.5,206.5
2,476,15.867,434.5,222.5
2,477,15.9,434.5,240.5
2,478,15.933,434.5,226.5
2,479,15.967,434.5,212.5
2,480,16.0,432.5,202.5
2,481,16.033,432.5,194.5
2,482,16.067,432.5,184.5
2,484,16.133,430.5,172.5
2,487,16.233,430.5,178.5
2,488,16.267,432.5,186.5
2,489,16.3,434.5,194.5
2,490,16.333,434.5,198.5
3,496,16.533,428.5,196.5
3,497,16.567,428.5,188.5
3,498,16.6,428.5,180.5
3,499,16.633,428.5,164.5
3,500,16.667,426.5,148.5
3,501,16.7,426.5,130.5
3,502,16.733,422.5,110.5
3,503,16.767,420.5,92.5
3,504,16.8,416.5,72.5
3,505,16.833,412.5,58.5
3,506,16.867,410.5,48.5
3,507,16.9,406.5,38.5
3,508,16.933,404.5,32.5
3,509,16.967,402.5,26.5
3,510,17.0,400.5,22.5
3,511,17.033,398.5,26.5
3,512,17.067,398.5,30.5
3,513,17.1,396.5,36.5
3,514,17.133,396.5,44.5
3,515,17.167,396.5,56.5
3,516,17.2,396.5,68.5
3,517,17.233,396.5,82.5
3,518,17.267,396.5,98.5
3,519,17.3,396.5,116.5
3,520,17.333,396.5,136.5
3,521,17.367,398.5,156.5
3,522,17.4,398.5,180.5
3,523,17.433,400.5,202.5
3,524,17.467,400.5,228.5
3,525,17.5,402.5,242.5
3,526,17.533,400.5,216.5
3,527,17.567,396.5,196.5
3,528,17.6,396.5,178.5
3,529,17.633,392.5,160.5
3,530,17.667,392.5,146.5
3,531,17.7,390.5,132.5
3,532,17.733,388.5,124.5
3,533,17.767,388.5,114.5
3,534,17.8,388.5,110.5
3,535,17.833,388.5,106.5
3,536,17.867,388.5,104.5
3,537,17.9,386.5,106.5
3,538,17.933,388.5,114.5
3,539,17.967,388.5,120.5
3,540,18.0,390.5,128.5
3,541,18.033,390.5,138.5
3,542,18.067,392.5,150.5
3,543,18.1,394.5,164.5
3,544,18.133,396.5,180.5
4,549,18.3,380.5,206.5
4,550,18.333,376.5,210.5
4,551,18.367,368.5,218.5
4,552,18.4,362.5,226.5
4,556,18.533,330.5,242.5
4,557,18.567,322.5,248.5
5,571,19.033,260.5,246.5
5,572,19.067,252.5,244.5
5,573,19.1,246.5,234.5
5,574,19.133,238.5,224.5
5,575,19.167,230.5,210.5
5,576,19.2,224.5,194.5
5,578,19.267,214.5,156.5
5,579,19.3,212.5,144.5
5,580,19.333,208.5,132.5
5,581,19.367,208.5,122.5
5,582,19.4,206.5,116.5
5,583,19.433,206.5,112.5
5,586,19.533,204.5,116.5
5,587,19.567,206.5,122.5
5,588,19.6,206.5,130.5
5,589,19.633,208.5,140.5
5,590,19.667,210.5,154.5
5,591,19.7,214.5,170.5
5,592,19.733,216.5,186.5
5,593,19.767,220.5,206.5
5,594,19.8,222.5,226.5
5,595,19.833,236.5,248.5
5,597,19.9,304.5,282.5
5,598,19.933,336.5,292.5
5,599,19.967,364.5,282.5
5,600,20.0,392.5,276.5
5,601,20.033,418.5,274.5
5,602,20.067,446.5,274.5
5,603,20.1,474.5,276.5
5,604,20.133,500.5,282.5
5,605,20.167,528.5,290.5
5,606,20.2,556.5,300.5
5,607,20.233,582.5,314.5
5,608,20.267,610.5,330.5
5,609,20.3,638.5,350.5
5,610,20.333,662.5,364.5
5,611,20.367,684.5,358.5
5,612,20.4,706.5,354.5
5,613,20.433,728.5,354.5
5,614,20.467,750.5,356.5
5,615,20.5,770.5,360.5
5,616,20.533,794.5,370.5
5,617,20.567,784.5,358.5
5,618,20.6,740.5,330.5
5,619,20.633,702.5,304.5
5,620,20.667,662.5,284.5
5,621,20.7,628.5,268.5
5,622,20.733,596.5,256.5
5,623,20.767,568.5,248.5
5,624,20.8,542.5,242.5
5,625,20.833,520.5,240.5
5,626,20.867,496.5,242.5
5,627,20.9,478.5,244.5
5,628,20.933,460.5,246.5
5,629,20.967,442.5,252.5
5,630,21.0,428.5,252.5
5,631,21.033,412.5,234.5
5,632,21.067,398.5,218.5
5,633,21.1,386.5,208.5
5,634,21.133,370.5,194.5
5,636,21.2,408.5,170.5
5,637,21.233,428.5,158.5
5,638,21.267,448.5,148.5
5,639,21.3,470.5,142.5
5,640,21.333,492.5,138.5
5,641,21.367,514.5,134.5
5,642,21.4,536.5,134.5
5,643,21.433,560.5,138.5
5,644,21.467,582.5,142.5
5,645,21.5,606.5,148.5
5,646,21.533,630.5,158.5
5,647,21.567,652.5,170.5
5,648,21.6,678.5,184.5
5,649,21.633,702.5,200.5
5,650,21.667,724.5,220.5
5,651,21.7,746.5,242.5
5,652,21.733,768.5,262.5
5,653,21.767,792.5,288.5
5,654,21.8,814.5,314.5
5,655,21.833,834.5,328.5
5,656,21.867,856.5,308.5
5,657,21.9,874.5,294.5
5,658,21.933,894.5,282.5
5,659,21.967,912.5,272.5
5,660,22.0,932.5,264.5
5,661,22.033,952.5,260.5
6,669,22.3,850.5,248.5
6,670,22.333,786.5,242.5
6,671,22.367,730.5,242.5
6,672,22.4,676.5,242.5
6,673,22.433,626.5,250.5
6,674,22.467,584.5,258.5
6,675,22.5,544.5,268.5
6,676,22.533,506.5,282.5
6,677,22.567,470.5,284.5
6,678,22.6,436.5,260.5
6,679,22.633,400.5,240.5
6,680,22.667,370.5,226.5
6,681,22.7,340.5,212.5
6,682,22.733,312.5,204.5
6,683,22.767,284.5,198.5
6,684,22.8,258.5,196.5
6,685,22.833,236.5,196.5
6,686,22.867,214.5,198.5
6,687,22.9,192.5,202.5
6,688,22.933,174.5,210.5
6,689,22.967,160.5,216.5
6,690,23.0,182.5,200.5
6,691,23.033,208.5,186.5
6,692,23.067,234.5,174.5
6,693,23.1,264.5,166.5
6,694,23.133,290.5,162.5
6,695,23.167,320.5,156.5
6,696,23.2,350.5,154.5
6,697,23.233,380.5,156.5
6,698,23.267,412.5,160.5
6,699,23.3,444.5,166.5
6,700,23.333,476.5,178.5
6,701,23.367,508.5,188.5
6,702,23.4,540.5,204.5
6,703,23.433,572.5,220.5
6,704,23.467,606.5,240.5
6,705,23.5,638.5,260.5
6,706,23.533,668.5,286.5
6,707,23.567,702.5,312.5
6,708,23.6,732.5,340.5
6,709,23.633,760.5,350.5
6,710,23.667,784.5,330.5
6,711,23.7,810.5,316.5
6,712,23.733,836.5,304.5
6,713,23.767,862.5,294.5
6,714,23.8,888.5,288.5
6,715,23.833,914.5,284.5
6,716,23.867,940.5,284.5
7,723,24.1,906.5,264.5
7,724,24.133,844.5,244.5
7,725,24.167,782.5,226.5
7,726,24.2,722.5,214.5
7,727,24.233,674.5,208.5
7,728,24.267,624.5,204.5
7,729,24.3,582.5,204.5
7,730,24.333,544.5,210.5
7,731,24.367,510.5,216.5
7,732,24.4,480.5,224.5
7,733,24.433,450.5,236.5
7,734,24.467,424.5,250.5
7,735,24.5,398.5,236.5
7,736,24.533,374.5,214.5
7,737,24.567,352.5,196.5
7,738,24.6,332.5,180.5
7,739,24.633,312.5,170.5
7,740,24.667,292.5,162.5
7,743,24.767,308.5,128.5
7,744,24.8,328.5,114.5
7,745,24.833,348.5,102.5
7,746,24.867,368.5,92.5
7,747,24.9,388.5,84.5
7,748,24.933,412.5,80.5
7,749,24.967,432.5,76.5
7,750,25.0,456.5,76.5
7,751,25.033,478.5,76.5
7,752,25.067,502.5,82.5
7,753,25.1,526.5,86.5
7,754,25.133,550.5,96.5
7,755,25.167,576.5,106.5
7,756,25.2,602.5,122.5
7,757,25.233,628.5,138.5
7,758,25.267,654.5,156.5
7,759,25.3,680.5,178.5
7,760,25.333,704.5,200.5
7,761,25.367,730.5,226.5
7,762,25.4,754.5,254.5
7,763,25.433,780.5,286.5
7,764,25.467,806.5,318.5
7,765,25.5,830.5,352.5
7,766,25.533,852.5,376.5
7,767,25.567,874.5,352.5
7,768,25.6,896.5,330.5
7,769,25.633,918.5,316.5
7,770,25.667,940.5,302.5
7,771,25.7,960.5,290.5
7,772,25.733,980.5,282.5
8,778,25.933,1104.5,300.5
8,779,25.967,1120.5,318.5
8,782,26.067,912.5,250.5
8,783,26.1,838.5,234.5
8,784,26.133,772.5,224.5
8,785,26.167,716.5,218.5
8,786,26.2,666.5,216.5
8,787,26.233,618.5,218.5
8,788,26.267,578.5,226.5
8,789,26.3,542.5,232.5
8,790,26.333,510.5,244.5
8,791,26.367,480.5,256.5
8,792,26.4,452.5,270.5
8,793,26.433,424.5,244.5
8,794,26.467,396.5,218.5
8,795,26.5,370.5,198.5
8,796,26.533,346.5,182.5
8,797,26.567,322.5,170.5
8,798,26.6,300.5,162.5
8,799,26.633,280.5,152.5
8,800,26.667,264.5,148.5
8,801,26.7,248.5,148.5
8,802,26.733,230.5,148.5
8,803,26.767,216.5,152.5
8,805,26.833,300.5,150.5
8,806,26.867,344.5,154.5
8,807,26.9,392.5,162.5
8,808,26.933,438.5,174.5
8,809,26.967,484.5,190.5
8,810,27.0,532.5,210.5
8,811,27.033,582.5,234.5
8,812,27.067,630.5,260.5
8,813,27.1,680.5,292.5
8,814,27.133,728.5,328.5
8,815,27.167,772.5,338.5
8,816,27.2,818.5,328.5
8,817,27.233,868.5,318.5
8,818,27.267,916.5,314.5
8,819,27.3,966.5,314.5
8,820,27.333,1020.5,316.5
8,821,27.367,1070.5,322.5
8,824,27.467,1054.5,268.5
9,829,27.633,602.5,58.5
9,830,27.667,542.5,44.5
9,831,27.7,490.5,36.5
9,832,27.733,444.5,34.5
9,833,27.767,402.5,36.5
9,834,27.8,366.5,42.5
9,835,27.833,334.5,50.5
9,836,27.867,306.5,60.5
9,837,27.9,282.5,74.5
9,838,27.933,260.5,88.5
9,839,27.967,242.5,104.5
9,840,28.0,226.5,120.5
9,841,28.033,212.5,138.5
9,842,28.067,200.5,156.5
9,843,28.1,208.5,176.5
9,844,28.133,224.5,194.5
9,845,28.167,240.5,216.5
9,846,28.2,256.5,240.5
9,847,28.233,272.5,262.5
9,850,28.333,320.5,340.5
9,851,28.367,338.5,370.5
9,852,28.4,342.5,366.5
9,853,28.433,346.5,358.5
9,854,28.467,348.5,354.5
9,855,28.5,352.5,348.5
9,856,28.533,356.5,346.5
9,857,28.567,362.5,346.5
9,860,28.667,376.5,356.5
9,861,28.7,382.5,364.5
9,862,28.733,388.5,372.5
9,863,28.767,392.5,386.5
9,864,28.8,398.5,398.5
9,865,28.833,404.5,412.5
9,866,28.867,408.5,428.5
9,867,28.9,412.5,432.5
9,869,28.967,418.5,426.5
9,870,29.0,422.5,430.5
9,871,29.033,424.5,434.5
9,872,29.067,428.5,440.5
9,873,29.1,432.5,450.5
9,874,29.133,434.5,458.5
9,875,29.167,438.5,460.5
9,876,29.2,442.5,458.5
9,877,29.233,444.5,464.5
9,878,29.267,448.5,468.5
9,879,29.3,450.5,474.5
9,880,29.333,454.5,478.5
9,881,29.367,456.5,480.5
9,882,29.4,460.5,484.5
9,883,29.433,462.5,488.5
9,884,29.467,466.5,492.5
9,885,29.5,468.5,496.5
9,886,29.533,472.5,498.5
9,887,29.567,474.5,500.5
9,888,29.6,476.5,506.5
9,889,29.633,478.5,508.5
9,890,29.667,480.5,514.5
9,891,29.7,480.5,512.5
9,893,29.767,480.5,504.5
9,894,29.8,480.5,504.5
10,1038,34.6,442.5,392.5
10,1039,34.633,438.5,380.5
10,1040,34.667,434.5,360.5
10,1043,34.767,428.5,298.5
10,1044,34.8,430.5,290.5
10,1045,34.833,430.5,280.5
10,1046,34.867,428.5,274.5
10,1047,34.9,428.5,268.5
10,1048,34.933,428.5,266.5
10,1049,34.967,430.5,274.5
10,1050,35.0,432.5,278.5
10,1051,35.033,432.5,286.5
10,1052,35.067,432.5,294.5
10,1053,35.1,434.5,306.5
10,1054,35.133,434.5,290.5
10,1055,35.167,432.5,276.5
10,1056,35.2,432.5,264.5
10,1057,35.233,432.5,254.5
10,1058,35.267,434.5,246.5
10,1059,35.3,432.5,242.5
10,1060,35.333,434.5,238.5
10,1061,35.367,436.5,238.5
10,1062,35.4,438.5,244.5
10,1063,35.433,438.5,250.5
10,1064,35.467,440.5,258.5
10,1065,35.5,442.5,266.5
10,1066,35.533,444.5,276.5
10,1067,35.567,444.5,260.5
10,1068,35.6,442.5,250.5
10,1069,35.633,444.5,240.5
10,1070,35.667,444.5,232.5
10,1071,35.7,444.5,228.5
10,1072,35.733,444.5,224.5
10,1073,35.767,448.5,224.5
10,1074,35.8,446.5,226.5
10,1075,35.833,448.5,232.5
10,1076,35.867,448.5,240.5
10,1077,35.9,450.5,248.5
10,1078,35.933,450.5,256.5
10,1079,35.967,450.5,242.5
10,1080,36.0,450.5,232.5
10,1081,36.033,450.5,226.5
10,1082,36.067,450.5,220.5
10,1083,36.1,454.5,214.5
11,1114,37.133,362.5,202.5
11,1118,37.267,394.5,184.5
11,1119,37.3,398.5,168.5
11,1120,37.333,400.5,152.5
11,1121,37.367,400.5,136.5
11,1122,37.4,404.5,120.5
11,1124,37.467,398.5,92.5
11,1125,37.5,396.5,84.5
11,1127,37.567,396.5,70.5
11,1128,37.6,398.5,68.5
11,1131,37.7,400.5,84.5
11,1132,37.733,402.5,88.5
11,1133,37.767,406.5,98.5
11,1134,37.8,406.5,106.5
11,1135,37.833,410.5,116.5
11,1139,37.967,434.5,186.5
11,1140,38.0,450.5,204.5
11,1141,38.033,470.5,224.5
11,1142,38.067,492.5,252.5
11,1143,38.1,510.5,246.5
11,1144,38.133,530.5,244.5
11,1145,38.167,550.5,242.5
11,1146,38.2,570.5,244.5
11,1147,38.233,592.5,248.5
11,1148,38.267,616.5,256.5
11,1149,38.3,638.5,266.5
11,1150,38.333,662.5,280.5
11,1151,38.367,688.5,296.5
11,1152,38.4,712.5,316.5
11,1153,38.433,738.5,338.5
11,1154,38.467,764.5,362.5
11,1155,38.5,788.5,366.5
11,1156,38.533,814.5,362.5
11,1157,38.567,838.5,362.5
11,1158,38.6,862.5,364.5
11,1159,38.633,858.5,354.5
11,1160,38.667,800.5,324.5
11,1161,38.7,748.5,298.5
11,1162,38.733,698.5,276.5
11,1163,38.767,652.5,260.5
11,1164,38.8,608.5,248.5
11,1165,38.833,570.5,240.5
11,1166,38.867,534.5,234.5
11,1167,38.9,502.5,232.5
11,1168,38.933,472.5,234.5
11,1169,38.967,444.5,236.5
11,1170,39.0,420.5,242.5
11,1171,39.033,398.5,248.5
11,1172,39.067,378.5,258.5
11,1173,39.1,358.5,266.5
11,1174,39.133,340.5,244.5
11,1175,39.167,322.5,226.5
11,1176,39.2,308.5,212.5
11,1177,39.233,292.5,200.5
11,1178,39.267,302.5,186.5
11,1179,39.3,324.5,178.5
11,1180,39.333,346.5,164.5
11,1181,39.367,370.5,156.5
11,1182,39.4,392.5,152.5
11,1183,39.433,418.5,148.5
11,1184,39.467,442.5,148.5
11,1185,39.5,468.5,150.5
11,1186,39.533,494.5,154.5
11,1187,39.567,522.5,162.5
11,1188,39.6,546.5,172.5
11,1189,39.633,574.5,186.5
11,1190,39.667,600.5,200.5
11,1191,39.7,626.5,218.5
11,1192,39.733,652.5,236.5
11,1193,39.767,680.5,258.5
11,1194,39.8,704.5,282.5
11,1195,39.833,732.5,310.5
11,1196,39.867,756.5,340.5
11,1197,39.9,778.5,334.5
11,1198,39.933,800.5,316.5
11,1199,39.967,822.5,302.5
11,1200,40.0,844.5,290.5
11,1201,40.033,864.5,282.5
11,1202,40.067,886.5,274.5
11,1203,40.1,908.5,272.5
11,1204,40.133,928.5,272.5
11,1205,40.167,948.5,274.5
11,1206,40.2,966.5,280.5
12,1212,40.4,880.5,268.5
12,1213,40.433,832.5,256.5
12,1214,40.467,784.5,248.5
12,1215,40.5,742.5,244.5
12,1216,40.533,704.5,244.5
12,1217,40.567,668.5,248.5
12,1218,40.6,632.5,252.5
12,1219,40.633,604.5,262.5
12,1220,40.667,574.5,272.5
12,1221,40.7,546.5,284.5
12,1222,40.733,520.5,272.5
12,1223,40.767,494.5,250.5
12,1224,40.8,468.5,234.5
12,1225,40.833,444.5,220.5
12,1226,40.867,422.5,210.5
12,1227,40.9,400.5,204.5
12,1228,40.933,380.5,200.5
12,1229,40.967,362.5,198.5
12,1230,41.0,344.5,200.5
12,1231,41.033,328.5,202.5
12,1232,41.067,314.5,208.5
12,1233,41.1,300.5,214.5
12,1234,41.133,310.5,202.5
12,1235,41.167,326.5,186.5
12,1236,41.2,344.5,172.5
12,1237,41.233,360.5,160.5
12,1238,41.267,380.5,150.5
12,1239,41.3,398.5,146.5
12,1240,41.333,418.5,138.5
12,1241,41.367,438.5,138.5
12,1242,41.4,460.5,136.5
12,1243,41.433,480.5,140.5
12,1244,41.467,504.5,146.5
12,1245,41.5,526.5,154.5
12,1246,41.533,548.5,166.5
12,1247,41.567,572.5,180.5
12,1248,41.6,596.5,196.5
12,1249,41.633,620.5,216.5
12,1250,41.667,642.5,236.5
12,1251,41.7,668.5,260.5
12,1252,41.733,690.5,288.5
12,1253,41.767,716.5,318.5
12,1254,41.8,738.5,350.5
12,1255,41.833,760.5,366.5
12,1256,41.867,776.5,348.5
12,1257,41.9,792.5,332.5
12,1258,41.933,810.5,318.5
12,1259,41.967,828.5,308.5
12,1260,42.0,844.5,302.5
12,1261,42.033,862.5,296.5
12,1262,42.067,880.5,296.5
12,1264,42.133,828.5,274.5
12,1265,42.167,766.5,254.5
12,1266,42.2,710.5,238.5
12,1267,42.233,660.5,228.5
12,1268,42.267,614.5,220.5
12,1269,42.3,574.5,218.5
12,1270,42.333,538.5,218.5
12,1271,42.367,504.5,220.5
12,1272,42.4,476.5,224.5
12,1273,42.433,448.5,230.5
12,1274,42.467,426.5,238.5
12,1275,42.5,404.5,250.5
12,1276,42.533,386.5,260.5
12,1277,42.567,368.5,254.5
12,1278,42.6,352.5,230.5
12,1279,42.633,336.5,210.5
12,1280,42.667,320.5,196.5
12,1281,42.7,308.5,182.5
12,1282,42.733,294.5,170.5
12,1284,42.8,326.5,154.5
12,1285,42.833,344.5,148.5
12,1286,42.867,364.5,146.5
12,1287,42.9,384.5,146.5
12,1288,42.933,404.5,146.5
12,1289,42.967,426.5,150.5
12,1290,43.0,448.5,156.5
12,1291,43.033,470.5,166.5
12,1292,43.067,494.5,178.5
12,1293,43.1,516.5,192.5
12,1294,43.133,540.5,208.5
12,1295,43.167,562.5,226.5
12,1296,43.2,588.5,246.5
12,1297,43.233,610.5,270.5
12,1298,43.267,636.5,296.5
12,1299,43.3,658.5,324.5
12,1300,43.333,680.5,346.5
12,1301,43.367,700.5,330.5
12,1302,43.4,720.5,316.5
12,1303,43.433,740.5,306.5
12,1304,43.467,760.5,300.5
12,1305,43.5,780.5,294.5
12,1306,43.533,800.5,294.5
12,1307,43.567,820.5,296.5
12,1308,43.6,840.5,300.5
12,1309,43.633,796.5,284.5
12,1310,43.667,748.5,268.5
12,1311,43.7,704.5,258.5
12,1312,43.733,660.5,250.5
12,1313,43.767,622.5,244.5
12,1314,43.8,584.5,242.5
12,1315,43.833,550.5,242.5
12,1316,43.867,518.5,244.5
12,1317,43.9,486.5,252.5
12,1318,43.933,458.5,258.5
12,1319,43.967,430.5,268.5
12,1320,44.0,406.5,278.5
12,1321,44.033,382.5,290.5
12,1322,44.067,360.5,274.5
12,1323,44.1,338.5,256.5
12,1324,44.133,320.5,242.5
12,1325,44.167,300.5,228.5
12,1326,44.2,282.5,218.5
12,1327,44.233,266.5,210.5
12,1328,44.267,250.5,206.5
12,1329,44.3,236.5,204.5
12,1330,44.333,220.5,204.5
12,1331,44.367,206.5,208.5
12,1332,44.4,222.5,196.5
12,1333,44.433,246.5,180.5
12,1334,44.467,270.5,168.5
12,1335,44.5,294.5,160.5
12,1336,44.533,320.5,152.5
12,1337,44.567,346.5,150.5
12,1338,44.6,374.5,150.5
12,1339,44.633,400.5,152.5
12,1340,44.667,430.5,158.5
12,1341,44.7,460.5,166.5
12,1342,44.733,488.5,178.5
12,1343,44.767,518.5,194.5
12,1344,44.8,546.5,210.5
12,1345,44.833,576.5,230.5
12,1346,44.867,606.5,254.5
12,1347,44.9,634.5,280.5
12,1348,44.933,662.5,306.5
12,1349,44.967,688.5,338.5
12,1350,45.0,714.5,364.5
12,1351,45.033,736.5,344.5
12,1352,45.067,760.5,324.5
12,1353,45.1,784.5,310.5
12,1354,45.133,804.5,298.5
12,1355,45.167,830.5,290.5
12,1356,45.2,850.5,282.5
12,1357,45.233,872.5,280.5
12,1358,45.267,832.5,260.5
12,1359,45.3,772.5,242.5
12,1360,45.333,720.5,228.5
12,1361,45.367,676.5,220.5
12,1362,45.4,634.5,214.5
12,1363,45.433,598.5,212.5
12,1364,45.467,568.5,212.5
12,1365,45.5,540.5,216.5
12,1366,45.533,516.5,222.5
12,1367,45.567,494.5,228.5
12,1368,45.6,476.5,240.5
12,1369,45.633,460.5,228.5
12,1370,45.667,444.5,204.5
12,1371,45.7,430.5,186.5
12,1372,45.733,416.5,172.5
12,1373,45.767,404.5,160.5
12,1377,45.9,428.5,116.5
12,1378,45.933,442.5,108.5
12,1379,45.967,456.5,104.5
12,1380,46.0,470.5,98.5
12,1381,46.033,484.5,98.5
12,1382,46.067,498.5,98.5
12,1383,46.1,514.5,102.5
12,1384,46.133,528.5,108.5
12,1385,46.167,544.5,116.5
12,1386,46.2,560.5,128.5
12,1387,46.233,576.5,142.5
12,1388,46.267,592.5,158.5
12,1389,46.3,608.5,178.5
12,1390,46.333,622.5,198.5
12,1391,46.367,638.5,224.5
12,1392,46.4,654.5,252.5
12,1393,46.433,670.5,280.5
12,1394,46.467,682.5,312.5
12,1395,46.5,694.5,346.5
12,1396,46.533,708.5,348.5
12,1397,46.567,720.5,330.5
12,1398,46.6,732.5,314.5
12,1399,46.633,742.5,302.5
12,1400,46.667,754.5,292.5
12,1401,46.7,766.5,288.5
12,1402,46.733,778.5,284.5
12,1403,46.767,788.5,284.5
12,1404,46.8,800.5,288.5
12,1405,46.833,794.5,288.5
12,1406,46.867,746.5,272.5
12,1407,46.9,700.5,258.5
12,1408,46.933,654.5,250.5
12,1409,46.967,616.5,244.5
12,1410,47.0,578.5,242.5
12,1411,47.033,544.5,244.5
12,1412,47.067,512.5,248.5
12,1413,47.1,484.5,256.5
12,1414,47.133,458.5,264.5
12,1415,47.167,434.5,274.5
12,1416,47.2,412.5,284.5
12,1417,47.233,392.5,290.5
12,1418,47.267,370.5,268.5
12,1419,47.3,352.5,248.5
12,1420,47.333,334.5,230.5
12,1421,47.367,318.5,218.5
12,1422,47.4,300.5,208.5
12,1423,47.433,286.5,200.5
12,1424,47.467,272.5,196.5
12,1425,47.5,258.5,194.5
12,1426,47.533,246.5,194.5
12,1427,47.567,234.5,196.5
12,1428,47.6,222.5,200.5
12,1429,47.633,226.5,198.5
12,1430,47.667,248.5,188.5
12,1431,47.7,276.5,180.5
12,1432,47.733,300.5,172.5
12,1433,47.767,326.5,170.5
12,1434,47.8,354.5,166.5
12,1435,47.833,382.5,168.5
12,1436,47.867,412.5,172.5
12,1437,47.9,442.5,178.5
12,1438,47.933,470.5,188.5
12,1439,47.967,500.5,200.5
12,1440,48.0,530.5,214.5
12,1441,48.033,560.5,232.5
12,1442,48.067,592.5,250.5
12,1443,48.1,622.5,274.5
12,1444,48.133,648.5,298.5
12,1445,48.167,674.5,322.5
12,1446,48.2,702.5,334.5
12,1447,48.233,724.5,316.5
12,1448,48.267,748.5,300.5
12,1449,48.3,770.5,290.5
12,1450,48.333,794.5,280.5
12,1451,48.367,816.5,274.5
12,1452,48.4,840.5,272.5
12,1453,48.433,862.5,274.5
12,1454,48.467,882.5,276.5
12,1455,48.5,904.5,282.5
12,1456,48.533,926.5,290.5
12,1457,48.567,944.5,302.5
12,1459,48.633,904.5,278.5
12,1460,48.667,850.5,250.5
12,1461,48.7,800.5,226.5
12,1462,48.733,754.5,208.5
12,1463,48.767,708.5,194.5
12,1464,48.8,668.5,186.5
12,1465,48.833,624.5,180.5
12,1466,48.867,588.5,180.5
12,1467,48.9,552.5,182.5
12,1468,48.933,518.5,188.5
12,1469,48.967,488.5,194.5
12,1470,49.0,458.5,204.5
12,1471,49.033,432.5,218.5
12,1472,49.067,406.5,234.5
12,1473,49.1,384.5,250.5
12,1474,49.133,366.5,266.5
12,1475,49.167,346.5,282.5
12,1476,49.2,322.5,256.5
12,1477,49.233,298.5,234.5
12,1478,49.267,278.5,218.5
12,1479,49.3,258.5,202.5
12,1480,49.333,238.5,190.5
12,1481,49.367,218.5,180.5
12,1482,49.4,202.5,176.5
12,1483,49.433,184.5,170.5
12,1484,49.467,170.5,170.5
12,1485,49.5,156.5,170.5
12,1486,49.533,142.5,178.5
12,1488,49.6,260.5,166.5
13,1527,50.9,360.5,170.5
13,1529,50.967,368.5,148.5
13,1530,51.0,368.5,134.5
13,1531,51.033,364.5,120.5
13,1532,51.067,360.5,102.5
14,1912,63.733,848.5,322.5
14,1913,63.767,798.5,328.5
14,1914,63.8,750.5,306.5
14,1915,63.833,704.5,286.5
14,1916,63.867,664.5,272.5
14,1917,63.9,624.5,260.5
14,1918,63.933,590.5,252.5
14,1919,63.967,554.5,250.5
14,1920,64.0,520.5,248.5
14,1921,64.033,490.5,250.5
14,1922,64.067,460.5,254.5
14,1923,64.1,434.5,260.5
14,1924,64.133,408.5,264.5
14,1925,64.167,384.5,248.5
14,1926,64.2,362.5,236.5
14,1927,64.233,342.5,226.5
14,1928,64.267,322.5,220.5
14,1929,64.3,304.5,216.5
14,1930,64.333,306.5,204.5
14,1931,64.367,324.5,192.5
14,1932,64.4,344.5,178.5
14,1933,64.433,364.5,168.5
14,1934,64.467,384.5,160.5
14,1935,64.5,406.5,154.5
14,1936,64.533,428.5,150.5
14,1937,64.567,448.5,148.5
14,1938,64.6,470.5,152.5
14,1939,64.633,494.5,154.5
14,1940,64.667,516.5,162.5
14,1941,64.7,538.5,170.5
14,1942,64.733,560.5,180.5
14,1943,64.767,584.5,194.5
14,1944,64.8,606.5,210.5
14,1945,64.833,628.5,226.5
14,1946,64.867,650.5,244.5
14,1947,64.9,672.5,266.5
14,1948,64.933,692.5,290.5
14,1949,64.967,712.5,308.5
14,1950,65.0,728.5,288.5
14,1951,65.033,744.5,274.5
14,1952,65.067,760.5,260.5
14,1953,65.1,774.5,250.5
14,1954,65.133,790.5,242.5
14,1955,65.167,806.5,236.5
14,1956,65.2,820.5,234.5
14,1957,65.233,836.5,234.5
14,1958,65.267,850.5,238.5
14,1962,65.4,782.5,226.5
14,1963,65.433,726.5,212.5
14,1964,65.467,676.5,204.5
14,1965,65.5,626.5,200.5
14,1966,65.533,582.5,200.5
14,1967,65.567,542.5,202.5
14,1968,65.6,504.5,208.5
14,1969,65.633,468.5,214.5
14,1970,65.667,436.5,226.5
14,1971,65.7,406.5,236.5
14,1972,65.733,378.5,252.5
14,1973,65.767,352.5,242.5
14,1974,65.8,326.5,220.5
14,1975,65.833,304.5,204.5
14,1978,65.933,326.5,164.5
14,1979,65.967,358.5,156.5
14,1980,66.0,392.5,146.5
14,1981,66.033,424.5,140.5
14,1982,66.067,456.5,136.5
14,1983,66.1,490.5,134.5
14,1984,66.133,524.5,134.5
14,1985,66.167,558.5,136.5
14,1986,66.2,592.5,142.5
14,1987,66.233,624.5,148.5
14,1988,66.267,660.5,156.5
14,1989,66.3,692.5,170.5
14,1990,66.333,726.5,186.5
14,1991,66.367,760.5,202.5
14,1992,66.4,792.5,220.5
14,1993,66.433,826.5,242.5
14,1994,66.467,858.5,266.5
14,1995,66.5,890.5,290.5
14,1996,66.533,920.5,318.5
14,1997,66.567,952.5,344.5
14,1998,66.6,978.5,372.5
14,1999,66.633,1010.5,410.5
15,2007,66.9,1192.5,538.5
15,2008,66.933,1206.5,530.5
15,2009,66.967,1222.5,524.5
15,2010,67.0,1238.5,522.5
15,2011,67.033,1252.5,520.5
15,2012,67.067,1264.5,522.5
16,2249,74.967,838.5,326.5
16,2250,75.0,790.5,332.5
16,2251,75.033,756.5,308.5
16,2252,75.067,722.5,286.5
16,2253,75.1,690.5,270.5
16,2254,75.133,656.5,256.5
16,2255,75.167,628.5,244.5
16,2256,75.2,600.5,238.5
16,2257,75.233,572.5,234.5
16,2258,75.267,546.5,232.5
16,2259,75.3,522.5,234.5
16,2260,75.333,498.5,238.5
16,2261,75.367,478.5,244.5
16,2262,75.4,456.5,254.5
16,2263,75.433,436.5,266.5
16,2264,75.467,418.5,266.5
16,2265,75.5,400.5,248.5
16,2266,75.533,382.5,234.5
16,2267,75.567,366.5,226.5
16,2268,75.6,350.5,216.5
16,2269,75.633,334.5,210.5
16,2270,75.667,318.5,208.5
16,2271,75.7,306.5,206.5
16,2272,75.733,292.5,208.5
16,2273,75.767,280.5,210.5
16,2274,75.8,268.5,216.5
16,2275,75.833,256.5,226.5
16,2277,75.9,282.5,214.5
16,2278,75.933,306.5,206.5
16,2279,75.967,328.5,202.5
16,2280,76.0,352.5,198.5
16,2281,76.033,376.5,200.5
16,2282,76.067,402.5,202.5
16,2283,76.1,430.5,208.5
16,2284,76.133,458.5,216.5
16,2285,76.167,488.5,226.5
16,2286,76.2,518.5,244.5
16,2287,76.233,548.5,264.5
16,2288,76.267,580.5,286.5
16,2289,76.3,610.5,312.5
16,2290,76.333,642.5,340.5
16,2291,76.367,674.5,372.5
16,2292,76.4,706.5,408.5
16,2293,76.433,738.5,428.5
16,2294,76.467,768.5,418.5
16,2295,76.5,800.5,408.5
16,2296,76.533,832.5,404.5
16,2297,76.567,864.5,402.5
16,2299,76.633,798.5,360.5
16,2300,76.667,722.5,330.5
16,2301,76.7,660.5,308.5
16,2302,76.733,608.5,292.5
16,2303,76.767,566.5,284.5
16,2304,76.8,528.5,278.5
16,2305,76.833,498.5,276.5
16,2306,76.867,470.5,276.5
16,2307,76.9,446.5,280.5
16,2308,76.933,426.5,272.5
16,2309,76.967,404.5,246.5
16,2310,77.0,386.5,226.5
16,2311,77.033,370.5,210.5
16,2312,77.067,354.5,196.5
16,2313,77.1,342.5,186.5
16,2314,77.133,330.5,176.5
16,2317,77.233,350.5,154.5
16,2318,77.267,364.5,148.5
16,2319,77.3,380.5,140.5
16,2320,77.333,398.5,138.5
16,2321,77.367,414.5,138.5
16,2322,77.4,432.5,140.5
16,2323,77.433,450.5,144.5
16,2324,77.467,470.5,150.5
16,2325,77.5,490.5,160.5
16,2326,77.533,510.5,170.5
16,2327,77.567,530.5,186.5
16,2328,77.6,550.5,202.5
16,2329,77.633,570.5,220.5
16,2330,77.667,592.5,242.5
16,2331,77.7,610.5,266.5
16,2332,77.733,630.5,290.5
16,2333,77.767,650.5,316.5
16,2334,77.8,670.5,328.5
16,2335,77.833,686.5,310.5
16,2336,77.867,702.5,296.5
16,2337,77.9,720.5,284.5
16,2338,77.933,736.5,276.5
16,2339,77.967,752.5,272.5
16,2340,78.0,768.5,268.5
16,2341,78.033,784.5,268.5
16,2342,78.067,800.5,274.5
16,2343,78.1,816.5,278.5
16,2344,78.133,832.5,286.5
16,2345,78.167,834.5,294.5
16,2346,78.2,790.5,272.5
16,2347,78.233,750.5,258.5
16,2348,78.267,708.5,246.5
16,2349,78.3,674.5,238.5
16,2350,78.333,638.5,232.5
16,2351,78.367,606.5,230.5
16,2352,78.4,574.5,232.5
16,2353,78.433,546.5,234.5
16,2354,78.467,520.5,242.5
16,2355,78.5,496.5,250.5
16,2356,78.533,472.5,258.5
16,2357,78.567,450.5,270.5
16,2358,78.6,432.5,276.5
16,2359,78.633,414.5,256.5
16,2360,78.667,396.5,236.5
16,2361,78.7,380.5,224.5
16,2362,78.733,366.5,212.5
16,2363,78.767,350.5,204.5
16,2364,78.8,336.5,200.5
16,2365,78.833,324.5,196.5
16,2366,78.867,312.5,194.5
16,2367,78.9,300.5,196.5
16,2368,78.933,288.5,198.5
16,2369,78.967,298.5,200.5
16,2370,79.0,364.5,196.5
16,2371,79.033,428.5,196.5
16,2372,79.067,512.5,200.5
16,2373,79.1,590.5,208.5
16,2374,79.133,676.5,222.5
16,2375,79.167,756.5,242.5
17,2386,79.533,1224.5,668.5
17,2387,79.567,1194.5,666.5
17,2390,79.667,1178.5,570.5
17,2391,79.7,1174.5,546.5
17,2392,79.733,1166.5,524.5
17,2393,79.767,1158.5,506.5
17,2394,79.8,1148.5,490.5
17,2395,79.833,1138.5,478.5
17,2396,79.867,1128.5,470.5
17,2397,79.9,1118.5,464.5
17,2398,79.933,1106.5,462.5
17,2399,79.967,1094.5,460.5
17,2400,80.0,1084.5,464.5
17,2401,80.033,1072.5,468.5
17,2402,80.067,1060.5,476.5
17,2403,80.1,1048.5,486.5
17,2404,80.133,1036.5,498.5
17,2405,80.167,1024.5,514.5
17,2406,80.2,1014.5,528.5
17,2407,80.233,1004.5,544.5
17,2408,80.267,992.5,548.5
17,2409,80.3,986.5,530.5
17,2410,80.333,976.5,514.5
17,2411,80.367,968.5,502.5
17,2412,80.4,960.5,492.5
17,2413,80.433,950.5,484.5
17,2414,80.467,940.5,480.5
17,2415,80.5,932.5,478.5
17,2416,80.533,922.5,476.5
17,2417,80.567,912.5,482.5
17,2418,80.6,900.5,488.5
17,2419,80.633,892.5,496.5
17,2421,80.7,874.5,492.5
17,2423,80.767,858.5,482.5
18,2657,88.567,300.5,234.5
18,2658,88.6,292.5,234.5
18,2659,88.633,284.5,230.5
18,2660,88.667,272.5,226.5
18,2661,88.7,264.5,214.5
18,2662,88.733,254.5,202.5
18,2663,88.767,246.5,186.5
18,2664,88.8,240.5,170.5
18,2665,88.833,234.5,152.5
18,2666,88.867,232.5,142.5
18,2667,88.9,228.5,132.5
18,2668,88.933,224.5,124.5
18,2669,88.967,222.5,118.5
18,2670,89.0,220.5,116.5
18,2671,89.033,218.5,114.5
18,2672,89.067,216.5,116.5
18,2673,89.1,216.5,124.5
18,2674,89.133,216.5,130.5
18,2675,89.167,216.5,140.5
18,2676,89.2,216.5,152.5
18,2677,89.233,218.5,166.5
18,2678,89.267,220.5,182.5
18,2679,89.3,222.5,200.5
18,2680,89.333,226.5,220.5
18,2681,89.367,232.5,242.5
18,2682,89.4,274.5,264.5
18,2683,89.433,318.5,290.5
18,2684,89.467,354.5,284.5
18,2685,89.5,386.5,274.5
18,2686,89.533,420.5,268.5
18,2687,89.567,456.5,264.5
18,2688,89.6,492.5,264.5
18,2689,89.633,528.5,268.5
18,2690,89.667,562.5,274.5
18,2691,89.7,598.5,284.5
18,2692,89.733,636.5,298.5
18,2693,89.767,672.5,314.5
18,2694,89.8,706.5,332.5
18,2695,89.833,742.5,354.5
18,2696,89.867,774.5,380.5
18,2697,89.9,808.5,396.5
18,2698,89.933,840.5,386.5
18,2699,89.967,872.5,380.5
18,2700,90.0,884.5,366.5
18,2701,90.033,828.5,326.5
18,2702,90.067,774.5,292.5
18,2703,90.1,722.5,262.5
18,2704,90.133,678.5,238.5
18,2705,90.167,636.5,218.5
18,2706,90.2,598.5,202.5
18,2707,90.233,562.5,190.5
18,2708,90.267,532.5,180.5
18,2709,90.3,502.5,174.5
18,2710,90.333,478.5,170.5
18,2711,90.367,452.5,170.5
18,2712,90.4,432.5,170.5
18,2713,90.433,412.5,176.5
18,2714,90.467,394.5,178.5
18,2715,90.5,378.5,186.5
18,2716,90.533,366.5,194.5
18,2717,90.567,354.5,204.5
18,2718,90.6,342.5,214.5
18,2719,90.633,332.5,224.5
18,2720,90.667,322.5,238.5
18,2721,90.7,316.5,250.5
18,2722,90.733,306.5,264.5
19,2823,94.1,394.5,232.5
19,2826,94.2,366.5,232.5
19,2827,94.233,356.5,234.5
19,2828,94.267,344.5,234.5
19,2829,94.3,334.5,232.5
19,2830,94.333,320.5,228.5
19,2831,94.367,310.5,224.5
19,2832,94.4,298.5,216.5
19,2833,94.433,288.5,206.5
19,2834,94.467,276.5,196.5
19,2835,94.5,268.5,184.5
19,2836,94.533,260.5,170.5
19,2837,94.567,256.5,162.5
19,2838,94.6,250.5,148.5
19,2839,94.633,246.5,140.5
19,2840,94.667,242.5,134.5
19,2841,94.7,238.5,130.5
19,2842,94.733,234.5,128.5
19,2843,94.767,232.5,130.5
19,2844,94.8,230.5,138.5
19,2845,94.833,230.5,146.5
19,2846,94.867,228.5,154.5
19,2847,94.9,228.5,166.5
19,2848,94.933,228.5,178.5
19,2849,94.967,230.5,194.5
19,2850,95.0,232.5,210.5
19,2851,95.033,232.5,230.5
19,2852,95.067,264.5,250.5
19,2853,95.1,302.5,276.5
19,2854,95.133,334.5,296.5
19,2855,95.167,364.5,288.5
19,2856,95.2,390.5,282.5
19,2857,95.233,420.5,280.5
19,2858,95.267,448.5,280.5
19,2859,95.3,480.5,284.5
19,2860,95.333,510.5,292.5
19,2861,95.367,542.5,302.5
19,2862,95.4,572.5,314.5
19,2863,95.433,604.5,332.5
19,2864,95.467,636.5,352.5
19,2865,95.5,666.5,374.5
19,2866,95.533,698.5,402.5
19,2867,95.567,728.5,420.5
19,2868,95.6,756.5,414.5
19,2869,95.633,786.5,410.5
19,2870,95.667,816.5,410.5
19,2871,95.7,848.5,414.5
19,2872,95.733,878.5,420.5
19,2873,95.767,878.5,404.5
19,2874,95.8,838.5,358.5
19,2875,95.833,798.5,318.5
19,2876,95.867,764.5,288.5
19,2877,95.9,732.5,260.5
19,2878,95.933,704.5,242.5
19,2879,95.967,676.5,226.5
19,2880,96.0,650.5,212.5
19,2881,96.033,626.5,206.5
19,2882,96.067,606.5,202.5
19,2883,96.1,586.5,202.5
19,2884,96.133,568.5,204.5
19,2885,96.167,552.5,210.5
19,2886,96.2,538.5,216.5
19,2887,96.233,524.5,226.5
19,2888,96.267,512.5,236.5
19,2889,96.3,502.5,250.5
19,2890,96.333,492.5,264.5
19,2891,96.367,482.5,258.5
19,2892,96.4,476.5,236.5
19,2893,96.433,468.5,218.5
19,2894,96.467,462.5,198.5
19,2895,96.5,454.5,184.5
19,2896,96.533,448.5,172.5
19,2897,96.567,444.5,164.5
19,2898,96.6,438.5,156.5
19,2899,96.633,434.5,152.5
19,2900,96.667,428.5,150.5
19,2901,96.7,424.5,150.5
19,2902,96.733,418.5,154.5
19,2903,96.767,416.5,164.5
19,2904,96.8,434.5,162.5
19,2905,96.833,462.5,160.5
19,2906,96.867,494.5,162.5
19,2907,96.9,528.5,170.5
19,2908,96.933,560.5,180.5
19,2909,96.967,596.5,194.5
19,2910,97.0,634.5,212.5
19,2911,97.033,674.5,236.5
19,2912,97.067,710.5,260.5
19,2913,97.1,748.5,290.5
19,2914,97.133,788.5,322.5
19,2915,97.167,830.5,360.5
19,2916,97.2,870.5,404.5
19,2917,97.233,918.5,416.5
19,2918,97.267,968.5,408.5
19,2919,97.3,1024.5,404.5
19,2920,97.333,1080.5,404.5
19,2921,97.367,1138.5,410.5
19,2922,97.4,1088.5,364.5
20,2927,97.567,686.5,156.5
20,2928,97.6,632.5,138.5
20,2929,97.633,582.5,126.5
20,2930,97.667,540.5,120.5
20,2931,97.7,502.5,116.5
20,2932,97.733,466.5,116.5
20,2933,97.767,436.5,122.5
20,2934,97.8,410.5,128.5
20,2935,97.833,386.5,138.5
20,2936,97.867,364.5,148.5
20,2937,97.9,348.5,166.5
20,2938,97.933,332.5,176.5
20,2939,97.967,316.5,192.5
20,2940,98.0,304.5,208.5
20,2941,98.033,296.5,224.5
20,2942,98.067,284.5,242.5
20,2943,98.1,278.5,258.5
20,2945,98.167,156.5,306.5
20,2947,98.233,250.5,300.5
20,2948,98.267,246.5,284.5
20,2949,98.3,248.5,274.5
20,2950,98.333,252.5,264.5
20,2951,98.367,254.5,258.5
21,2965,98.833,320.5,328.5
21,2966,98.867,326.5,346.5
21,2967,98.9,332.5,364.5
21,2968,98.933,336.5,364.5
21,2969,98.967,334.5,354.5
21,2970,99.0,332.5,348.5
21,2971,99.033,332.5,344.5
21,2972,99.067,332.5,340.5
21,2973,99.1,332.5,338.5
21,2974,99.133,332.5,338.5
21,2975,99.167,334.5,338.5
21,2976,99.2,334.5,344.5
21,2977,99.233,334.5,352.5
21,2978,99.267,336.5,358.5
21,2979,99.3,338.5,368.5
21,2980,99.333,336.5,364.5
21,2981,99.367,334.5,360.5
21,2982,99.4,332.5,358.5
21,2983,99.433,330.5,360.5
21,2984,99.467,328.5,362.5
22,3041,101.367,422.5,226.5
22,3042,101.4,422.5,224.5
22,3043,101.433,424.5,224.5
22,3044,101.467,422.5,222.5
22,3045,101.5,422.5,224.5
23,3065,102.167,424.5,222.5
23,3066,102.2,418.5,226.5
23,3067,102.233,416.5,226.5
23,3068,102.267,412.5,228.5
23,3069,102.3,408.5,228.5
23,3070,102.333,400.5,230.5
23,3071,102.367,400.5,228.5
24,3090,103.0,398.5,212.5
24,3091,103.033,404.5,204.5
24,3092,103.067,410.5,194.5
24,3093,103.1,418.5,170.5
24,3094,103.133,428.5,152.5
24,3095,103.167,440.5,134.5
24,3096,103.2,450.5,118.5
24,3097,103.233,462.5,104.5
24,3098,103.267,472.5,94.5
24,3099,103.3,486.5,86.5
24,3100,103.333,498.5,82.5
24,3101,103.367,512.5,78.5
24,3102,103.4,526.5,78.5
24,3103,103.433,540.5,82.5
24,3104,103.467,554.5,86.5
24,3105,103.5,568.5,96.5
24,3106,103.533,584.5,108.5
24,3107,103.567,598.5,122.5
24,3108,103.6,614.5,140.5
24,3109,103.633,628.5,162.5
24,3110,103.667,642.5,184.5
24,3111,103.7,656.5,210.5
24,3112,103.733,672.5,238.5
24,3113,103.767,686.5,268.5
24,3114,103.8,700.5,302.5
24,3115,103.833,712.5,336.5
24,3116,103.867,722.5,362.5
24,3117,103.9,736.5,336.5
24,3118,103.933,748.5,314.5
24,3119,103.967,760.5,292.5
24,3120,104.0,770.5,276.5
24,3121,104.033,784.5,262.5
24,3122,104.067,798.5,250.5
24,3123,104.1,808.5,242.5
24,3124,104.133,822.5,238.5
24,3125,104.167,834.5,236.5
24,3126,104.2,846.5,242.5
24,3129,104.3,838.5,272.5
25,3176,105.867,844.5,332.5
25,3177,105.9,808.5,304.5
25,3178,105.933,774.5,280.5
25,3179,105.967,740.5,258.5
25,3180,106.0,706.5,242.5
25,3181,106.033,676.5,226.5
25,3182,106.067,642.5,216.5
25,3183,106.1,616.5,210.5
25,3184,106.133,588.5,206.5
25,3185,106.167,560.5,206.5
25,3186,106.2,534.5,208.5
25,3187,106.233,512.5,212.5
25,3188,106.267,488.5,218.5
25,3189,106.3,468.5,228.5
25,3190,106.333,448.5,238.5
25,3191,106.367,430.5,250.5
25,3192,106.4,412.5,260.5
25,3193,106.433,394.5,240.5
25,3194,106.467,380.5,226.5
25,3195,106.5,366.5,212.5
25,3196,106.533,352.5,202.5
25,3197,106.567,338.5,194.5
25,3198,106.6,324.5,188.5
25,3199,106.633,312.5,186.5
25,3200,106.667,300.5,184.5
25,3201,106.7,290.5,186.5
25,3202,106.733,278.5,190.5
25,3203,106.767,270.5,196.5
25,3204,106.8,260.5,204.5
25,3206,106.867,330.5,196.5
25,3207,106.9,372.5,194.5
25,3208,106.933,416.5,194.5
25,3209,106.967,460.5,198.5
25,3210,107.0,506.5,208.5
25,3211,107.033,548.5,218.5
25,3212,107.067,594.5,232.5
25,3213,107.1,640.5,250.5
25,3214,107.133,688.5,272.5
25,3215,107.167,734.5,296.5
25,3216,107.2,782.5,324.5
25,3217,107.233,828.5,356.5
25,3218,107.267,868.5,348.5
25,3219,107.3,912.5,338.5
25,3220,107.333,958.5,332.5
25,3221,107.367,1002.5,330.5
25,3222,107.4,1046.5,330.5
25,3223,107.433,1078.5,330.5
25,3224,107.467,1008.5,306.5
25,3225,107.5,944.5,288.5
25,3226,107.533,882.5,274.5
25,3227,107.567,828.5,260.5
25,3228,107.6,776.5,252.5
25,3229,107.633,732.5,248.5
25,3230,107.667,688.5,244.5
25,3231,107.7,648.5,244.5
25,3232,107.733,612.5,248.5
25,3233,107.767,580.5,250.5
25,3234,107.8,552.5,254.5
25,3235,107.833,520.5,262.5
25,3236,107.867,494.5,260.5
25,3237,107.9,472.5,242.5
25,3238,107.933,448.5,226.5
25,3239,107.967,428.5,212.5
25,3240,108.0,408.5,204.5
25,3241,108.033,390.5,196.5
25,3242,108.067,372.5,192.5
25,3243,108.1,356.5,188.5
25,3244,108.133,342.5,188.5
25,3245,108.167,328.5,190.5
25,3246,108.2,316.5,194.5
25,3247,108.233,304.5,200.5
25,3248,108.267,310.5,190.5
25,3249,108.3,332.5,180.5
25,3250,108.333,350.5,170.5
25,3251,108.367,372.5,164.5
25,3252,108.4,392.5,158.5
25,3253,108.433,414.5,156.5
25,3254,108.467,438.5,156.5
25,3255,108.5,462.5,160.5
25,3256,108.533,486.5,166.5
25,3257,108.567,510.5,176.5
25,3258,108.6,536.5,186.5
25,3259,108.633,562.5,202.5
25,3260,108.667,588.5,218.5
25,3261,108.7,614.5,240.5
25,3262,108.733,640.5,262.5
25,3263,108.767,666.5,288.5
25,3264,108.8,690.5,316.5
25,3265,108.833,716.5,338.5
25,3266,108.867,738.5,320.5
25,3267,108.9,762.5,306.5
25,3268,108.933,784.5,294.5
25,3269,108.967,808.5,286.5
25,3270,109.0,832.5,282.5
25,3271,109.033,858.5,278.5
25,3272,109.067,880.5,278.5
25,3273,109.1,904.5,282.5
25,3274,109.133,928.5,290.5
25,3275,109.167,952.5,300.5
25,3276,109.2,936.5,292.5
25,3277,109.233,882.5,270.5
25,3278,109.267,832.5,252.5
25,3279,109.3,784.5,238.5
25,3280,109.333,738.5,228.5
25,3281,109.367,696.5,222.5
25,3282,109.4,654.5,220.5
25,3283,109.433,618.5,220.5
25,3284,109.467,582.5,224.5
25,3285,109.5,550.5,230.5
25,3286,109.533,520.5,236.5
25,3287,109.567,492.5,248.5
25,3288,109.6,466.5,260.5
25,3289,109.633,440.5,274.5
25,3290,109.667,418.5,290.5
25,3291,109.7,398.5,274.5
25,3292,109.733,378.5,254.5
25,3293,109.767,358.5,236.5
25,3294,109.8,340.5,220.5
25,3295,109.833,324.5,210.5
25,3296,109.867,308.5,200.5
25,3297,109.9,292.5,194.5
25,3298,109.933,278.5,188.5
25,3299,109.967,264.5,188.5
25,3300,110.0,252.5,190.5
25,3301,110.033,240.5,194.5
25,3302,110.067,230.5,200.5
25,3303,110.1,222.5,208.5
25,3304,110.133,212.5,218.5
25,3305,110.167,206.5,228.5
25,3306,110.2,198.5,242.5
25,3307,110.233,196.5,254.5
25,3308,110.267,206.5,232.5
25,3309,110.3,218.5,220.5
25,3310,110.333,230.5,206.5
25,3311,110.367,242.5,194.5
25,3312,110.4,256.5,182.5
25,3313,110.433,268.5,176.5
25,3314,110.467,280.5,170.5
25,3315,110.5,296.5,164.5
25,3316,110.533,308.5,166.5
25,3317,110.567,322.5,164.5
25,3318,110.6,336.5,168.5
25,3319,110.633,350.5,174.5
25,3320,110.667,366.5,180.5
25,3321,110.7,380.5,192.5
25,3322,110.733,394.5,204.5
25,3323,110.767,408.5,218.5
25,3324,110.8,422.5,234.5
25,3325,110.833,438.5,252.5
25,3326,110.867,450.5,272.5
25,3327,110.9,464.5,284.5
25,3328,110.933,470.5,270.5
25,3329,110.967,478.5,258.5
25,3330,111.0,486.5,246.5
25,3331,111.033,492.5,236.5
25,3332,111.067,500.5,230.5
25,3333,111.1,508.5,228.5
25,3334,111.133,514.5,228.5
25,3335,111.167,522.5,230.5
25,3336,111.2,530.5,234.5
25,3337,111.233,538.5,240.5
25,3338,111.267,546.5,250.5
25,3339,111.3,554.5,260.5
25,3340,111.333,562.5,276.5
25,3341,111.367,570.5,290.5
25,3342,111.4,576.5,308.5
25,3343,111.433,584.5,330.5
25,3344,111.467,586.5,318.5
25,3345,111.5,588.5,306.5
25,3346,111.533,590.5,296.5
25,3347,111.567,590.5,290.5
25,3348,111.6,592.5,286.5
25,3349,111.633,592.5,284.5
25,3350,111.667,594.5,284.5
25,3351,111.7,594.5,290.5
25,3352,111.733,596.5,298.5
25,3353,111.767,598.5,306.5
25,3354,111.8,598.5,318.5
25,3355,111.833,600.5,332.5
25,3356,111.867,602.5,348.5
25,3357,111.9,604.5,368.5
25,3358,111.933,600.5,364.5
25,3359,111.967,596.5,354.5
25,3360,112.0,592.5,344.5
25,3361,112.033,588.5,338.5
25,3362,112.067,584.5,336.5
25,3363,112.1,580.5,334.5
25,3364,112.133,574.5,338.5
25,3365,112.167,568.5,344.5
25,3366,112.2,564.5,352.5
25,3367,112.233,560.5,362.5
25,3368,112.267,556.5,376.5
25,3369,112.3,552.5,392.5
25,3370,112.333,550.5,410.5
25,3371,112.367,546.5,430.5
25,3372,112.4,544.5,452.5
25,3373,112.433,540.5,476.5
25,3374,112.467,538.5,502.5
25,3375,112.5,536.5,530.5
25,3376,112.533,534.5,558.5
25,3379,112.633,524.5,572.5
25,3380,112.667,518.5,562.5
25,3381,112.7,512.5,552.5
25,3382,112.733,506.5,546.5
25,3383,112.767,502.5,538.5
25,3384,112.8,496.5,536.5
25,3385,112.833,490.5,536.5
25,3386,112.867,484.5,540.5
25,3388,112.933,474.5,554.5
25,3389,112.967,468.5,544.5
25,3390,113.0,468.5,532.5
25,3391,113.033,474.5,522.5
26,3539,117.967,996.5,334.5
26,3542,118.067,820.5,340.5
26,3543,118.1,768.5,330.5
26,3544,118.133,722.5,312.5
26,3545,118.167,680.5,296.5
26,3546,118.2,638.5,284.5
26,3547,118.233,602.5,276.5
26,3548,118.267,578.5,266.5
26,3549,118.3,558.5,258.5
26,3550,118.333,540.5,252.5
26,3551,118.367,522.5,250.5
26,3552,118.4,504.5,250.5
26,3553,118.433,486.5,252.5
26,3554,118.467,472.5,256.5
26,3555,118.5,456.5,264.5
26,3556,118.533,442.5,272.5
26,3557,118.567,428.5,280.5
26,3558,118.6,412.5,266.5
26,3559,118.633,396.5,256.5
26,3560,118.667,382.5,246.5
26,3561,118.7,368.5,242.5
26,3562,118.733,354.5,238.5
26,3563,118.767,342.5,236.5
26,3564,118.8,330.5,236.5
26,3565,118.833,320.5,242.5
26,3566,118.867,310.5,246.5
26,3567,118.9,304.5,248.5
26,3568,118.933,320.5,232.5
26,3569,118.967,338.5,220.5
26,3570,119.0,352.5,210.5
26,3571,119.033,370.5,202.5
26,3572,119.067,388.5,196.5
26,3573,119.1,406.5,192.5
26,3574,119.133,424.5,192.5
26,3575,119.167,444.5,192.5
26,3576,119.2,462.5,196.5
26,3577,119.233,480.5,202.5
26,3578,119.267,500.5,212.5
26,3579,119.3,520.5,222.5
26,3580,119.333,538.5,236.5
26,3581,119.367,558.5,252.5
26,3582,119.4,578.5,270.5
26,3583,119.433,596.5,290.5
26,3584,119.467,614.5,312.5
26,3585,119.5,632.5,336.5
26,3586,119.533,644.5,322.5
26,3587,119.567,658.5,308.5
26,3588,119.6,670.5,296.5
26,3589,119.633,684.5,288.5
26,3590,119.667,696.5,282.5
26,3591,119.7,708.5,280.5
26,3592,119.733,722.5,280.5
26,3593,119.767,734.5,282.5
26,3594,119.8,746.5,290.5
26,3595,119.833,758.5,298.5
26,3596,119.867,770.5,310.5
26,3597,119.9,780.5,324.5
26,3598,119.933,792.5,340.5
26,3599,119.967,796.5,354.5
26,3600,120.0,798.5,342.5
26,3601,120.033,802.5,336.5
26,3602,120.067,810.5,338.5
27,3644,121.467,840.5,318.5
27,3645,121.5,800.5,298.5
27,3646,121.533,758.5,282.5
27,3647,121.567,722.5,270.5
27,3648,121.6,686.5,260.5
27,3649,121.633,652.5,256.5
27,3650,121.667,622.5,252.5
27,3651,121.7,592.5,252.5
27,3652,121.733,562.5,256.5
27,3653,121.767,538.5,260.5
27,3654,121.8,512.5,268.5
27,3655,121.833,490.5,260.5
27,3656,121.867,470.5,244.5
27,3657,121.9,448.5,232.5
27,3658,121.933,430.5,224.5
27,3659,121.967,414.5,218.5
27,3660,122.0,396.5,214.5
27,3661,122.033,380.5,212.5
27,3663,122.1,386.5,198.5
27,3664,122.133,402.5,188.5
27,3665,122.167,418.5,180.5
27,3666,122.2,434.5,172.5
27,3667,122.233,450.5,168.5
27,3668,122.267,466.5,166.5
27,3669,122.3,484.5,166.5
27,3670,122.333,500.5,170.5
27,3671,122.367,518.5,176.5
27,3672,122.4,536.5,182.5
27,3673,122.433,556.5,194.5
27,3674,122.467,574.5,204.5
27,3675,122.5,592.5,220.5
27,3676,122.533,610.5,238.5
27,3677,122.567,628.5,256.5
27,3678,122.6,648.5,276.5
27,3679,122.633,666.5,302.5
27,3680,122.667,684.5,330.5
27,3681,122.7,702.5,338.5
27,3682,122.733,714.5,322.5
27,3683,122.767,728.5,310.5
27,3684,122.8,742.5,300.5
27,3685,122.833,760.5,292.5
27,3686,122.867,772.5,290.5
27,3687,122.9,788.5,290.5
27,3688,122.933,800.5,290.5
27,3689,122.967,816.5,294.5
27,3690,123.0,810.5,296.5
27,3691,123.033,742.5,284.5
27,3692,123.067,678.5,274.5
27,3693,123.1,616.5,268.5
27,3694,123.133,562.5,266.5
27,3695,123.167,512.5,266.5
27,3696,123.2,468.5,268.5
27,3697,123.233,428.5,272.5
27,3698,123.267,392.5,278.5
27,3699,123.3,358.5,284.5
27,3700,123.333,328.5,274.5
27,3701,123.367,300.5,256.5
27,3702,123.4,272.5,238.5
27,3703,123.433,250.5,226.5
27,3704,123.467,228.5,216.5
27,3705,123.5,206.5,208.5
27,3706,123.533,192.5,204.5
27,3707,123.567,176.5,200.5
27,3708,123.6,174.5,192.5
27,3710,123.667,216.5,168.5
27,3711,123.7,238.5,160.5
27,3712,123.733,260.5,152.5
27,3713,123.767,286.5,148.5
27,3714,123.8,312.5,150.5
27,3715,123.833,340.5,152.5
27,3716,123.867,368.5,160.5
27,3717,123.9,398.5,168.5
27,3718,123.933,426.5,182.5
27,3719,123.967,456.5,198.5
27,3720,124.0,486.5,220.5
27,3721,124.033,516.5,240.5
27,3722,124.067,544.5,268.5
27,3723,124.1,576.5,296.5
27,3724,124.133,606.5,330.5
27,3725,124.167,636.5,366.5
27,3726,124.2,662.5,400.5
27,3727,124.233,690.5,384.5
27,3728,124.267,718.5,366.5
27,3729,124.3,746.5,352.5
27,3730,124.333,776.5,342.5
27,3731,124.367,804.5,334.5
27,3732,124.4,834.5,330.5
27,3733,124.433,864.5,330.5
27,3734,124.467,896.5,332.5
27,3735,124.5,928.5,340.5
27,3737,124.567,844.5,310.5
27,3738,124.6,770.5,288.5
27,3739,124.633,704.5,268.5
27,3740,124.667,648.5,258.5
27,3741,124.7,600.5,250.5
27,3742,124.733,560.5,248.5
27,3743,124.767,524.5,248.5
27,3744,124.8,492.5,252.5
27,3745,124.833,464.5,258.5
27,3746,124.867,442.5,264.5
27,3747,124.9,420.5,244.5
27,3748,124.933,400.5,220.5
27,3749,124.967,382.5,200.5
27,3750,125.0,366.5,184.5
27,3751,125.033,352.5,172.5
27,3753,125.1,336.5,150.5
27,3755,125.167,380.5,130.5
27,3756,125.2,400.5,122.5
27,3757,125.233,418.5,114.5
27,3758,125.267,440.5,110.5
27,3759,125.3,460.5,108.5
27,3760,125.333,482.5,108.5
27,3761,125.367,504.5,110.5
27,3762,125.4,526.5,116.5
27,3763,125.433,550.5,122.5
27,3764,125.467,574.5,132.5
27,3765,125.5,598.5,146.5
27,3766,125.533,620.5,162.5
27,3767,125.567,644.5,178.5
27,3768,125.6,670.5,200.5
27,3769,125.633,690.5,222.5
27,3770,125.667,714.5,248.5
27,3771,125.7,738.5,278.5
27,3772,125.733,762.5,308.5
27,3773,125.767,784.5,342.5
27,3774,125.8,806.5,378.5
27,3775,125.833,828.5,364.5
27,3776,125.867,848.5,348.5
27,3777,125.9,868.5,336.5
27,3778,125.933,892.5,324.5
27,3779,125.967,912.5,320.5
27,3780,126.0,932.5,314.5
27,3781,126.033,954.5,314.5
27,3782,126.067,976.5,320.5
27,3783,126.1,996.5,324.5
27,3784,126.133,1018.5,336.5
27,3785,126.167,978.5,332.5
27,3787,126.233,812.5,296.5
27,3788,126.267,742.5,284.5
27,3789,126.3,680.5,276.5
27,3790,126.333,624.5,274.5
27,3791,126.367,574.5,274.5
27,3792,126.4,526.5,276.5
27,3793,126.433,482.5,276.5
27,3794,126.467,446.5,282.5
27,3795,126.5,410.5,288.5
27,3796,126.533,376.5,296.5
27,3797,126.567,348.5,288.5
27,3798,126.6,320.5,266.5
27,3799,126.633,292.5,250.5
27,3800,126.667,270.5,234.5
27,3801,126.7,246.5,224.5
27,3802,126.733,224.5,216.5
27,3803,126.767,206.5,212.5
27,3804,126.8,186.5,210.5
27,3805,126.833,168.5,206.5
27,3807,126.9,272.5,212.5
27,3808,126.933,330.5,224.5
27,3809,126.967,390.5,236.5
27,3810,127.0,454.5,256.5
27,3811,127.033,516.5,280.5
27,3812,127.067,574.5,300.5
27,3813,127.1,622.5,314.5
27,3814,127.133,668.5,332.5
27,3815,127.167,716.5,352.5
27,3816,127.2,764.5,376.5
27,3817,127.233,812.5,372.5
27,3818,127.267,862.5,374.5
27,3819,127.3,910.5,378.5
27,3820,127.333,962.5,386.5
27,3821,127.367,1010.5,394.5
27,3822,127.4,1060.5,408.5
27,3823,127.433,1064.5,404.5
27,3824,127.467,1020.5,388.5
27,3825,127.5,976.5,376.5
27,3826,127.533,930.5,364.5
27,3827,127.567,888.5,356.5
27,3828,127.6,846.5,354.5
27,3829,127.633,802.5,354.5
27,3830,127.667,760.5,356.5
27,3831,127.7,720.5,364.5
27,3832,127.733,680.5,374.5
27,3833,127.767,640.5,386.5
27,3834,127.8,600.5,402.5
27,3835,127.833,560.5,424.5
27,3836,127.867,524.5,444.5
27,3837,127.9,488.5,468.5
27,3838,127.933,450.5,496.5
27,3839,127.967,418.5,524.5
27,3840,128.0,384.5,554.5
27,3841,128.033,354.5,586.5
27,3842,128.067,354.5,570.5
27,3843,128.1,360.5,554.5
27,3844,128.133,366.5,538.5
27,3845,128.167,370.5,530.5
27,3846,128.2,376.5,520.5
27,3847,128.233,382.5,516.5
27,3848,128.267,388.5,514.5
27,3849,128.3,394.5,516.5
27,3850,128.333,400.5,522.5
27,3851,128.367,404.5,528.5
27,3852,128.4,410.5,536.5
27,3853,128.433,414.5,546.5
27,3854,128.467,416.5,556.5
27,3855,128.5,422.5,556.5
27,3856,128.533,424.5,544.5
27,3857,128.567,426.5,532.5
27,3858,128.6,428.5,524.5
27,3859,128.633,432.5,518.5
27,3860,128.667,434.5,514.5
27,3861,128.7,440.5,512.5
27,3862,128.733,444.5,514.5
27,3863,128.767,448.5,518.5
27,3864,128.8,452.5,524.5
27,3865,128.833,456.5,532.5
27,3866,128.867,460.5,540.5
27,3867,128.9,464.5,548.5
27,3868,128.933,464.5,538.5
27,3869,128.967,466.5,530.5
27,3870,129.0,468.5,526.5
27,3871,129.033,470.5,522.5
27,3872,129.067,472.5,522.5
27,3873,129.1,476.5,524.5
27,3874,129.133,478.5,530.5
27,3875,129.167,480.5,532.5
27,3876,129.2,478.5,528.5
27,3877,129.233,478.5,524.5
27,3878,129.267,478.5,524.5
27,3879,129.3,478.5,528.5
27,3880,129.333,478.5,524.5
27,3881,129.367,478.5,522.5
27,3882,129.4,480.5,520.5
27,3883,129.433,478.5,520.5
27,3884,129.467,474.5,522.5
27,3885,129.5,472.5,522.5
27,3886,129.533,470.5,520.5
27,3887,129.567,470.5,520.5
27,3888,129.6,468.5,520.5
27,3889,129.633,468.5,520.5
27,3890,129.667,464.5,520.5
27,3891,129.7,464.5,520.5
27,3892,129.733,462.5,518.5
27,3893,129.767,460.5,520.5
27,3894,129.8,460.5,520.5
27,3895,129.833,456.5,520.5
27,3896,129.867,454.5,520.5
27,3897,129.9,452.5,518.5
27,3898,129.933,450.5,520.5
27,3899,129.967,448.5,520.5
27,3900,130.0,446.5,518.5
27,3901,130.033,444.5,520.5
27,3902,130.067,442.5,520.5
27,3903,130.1,440.5,520.5
27,3904,130.133,438.5,520.5
27,3905,130.167,436.5,518.5
27,3906,130.2,434.5,518.5
27,3907,130.233,432.5,518.5
27,3908,130.267,430.5,518.5
27,3909,130.3,428.5,518.5
27,3910,130.333,426.5,518.5
27,3911,130.367,424.5,516.5
27,3912,130.4,422.5,516.5
27,3913,130.433,420.5,516.5
27,3914,130.467,420.5,516.5
27,3915,130.5,418.5,516.5
27,3916,130.533,418.5,516.5
27,3917,130.567,416.5,514.5
27,3918,130.6,414.5,516.5
27,3919,130.633,414.5,516.5
27,3920,130.667,412.5,516.5
27,3921,130.7,410.5,516.5
27,3922,130.733,408.5,514.5
27,3923,130.767,406.5,514.5
27,3924,130.8,406.5,514.5
27,3925,130.833,406.5,512.5
27,3926,130.867,404.5,512.5
27,3927,130.9,402.5,514.5
27,3928,130.933,402.5,514.5
27,3929,130.967,400.5,512.5
27,3930,131.0,400.5,512.5
27,3931,131.033,400.5,512.5
27,3932,131.067,400.5,510.5
27,3933,131.1,400.5,510.5
27,3934,131.133,398.5,510.5
28,3943,131.433,386.5,522.5
28,3944,131.467,374.5,508.5
28,3945,131.5,360.5,488.5
28,3946,131.533,348.5,452.5
28,3947,131.567,342.5,412.5
28,3951,131.7,326.5,288.5
28,3952,131.733,320.5,264.5
28,3953,131.767,320.5,244.5
28,3954,131.8,318.5,228.5
28,3955,131.833,316.5,214.5
28,3956,131.867,314.5,204.5
28,3957,131.9,314.5,196.5
28,3958,131.933,314.5,190.5
28,3959,131.967,314.5,184.5
28,3961,132.033,314.5,192.5
28,3962,132.067,318.5,198.5
28,3963,132.1,320.5,206.5
28,3964,132.133,320.5,216.5
28,3965,132.167,322.5,228.5
28,3966,132.2,326.5,242.5
28,3967,132.233,328.5,258.5
28,3968,132.267,332.5,276.5
28,3969,132.3,334.5,296.5
28,3970,132.333,332.5,278.5
28,3971,132.367,332.5,260.5
28,3972,132.4,330.5,244.5
28,3973,132.433,330.5,230.5
28,3974,132.467,330.5,218.5
28,3975,132.5,330.5,210.5
28,3976,132.533,332.5,204.5
28,3977,132.567,332.5,196.5
28,3980,132.667,340.5,202.5
28,3981,132.7,342.5,210.5
28,3982,132.733,344.5,218.5
28,3983,132.767,346.5,228.5
28,3984,132.8,350.5,240.5
28,3985,132.833,352.5,250.5
29,4054,135.133,266.5,262.5
29,4055,135.167,260.5,258.5
29,4056,135.2,254.5,246.5
29,4057,135.233,244.5,234.5
29,4058,135.267,236.5,220.5
29,4059,135.3,228.5,204.5
29,4060,135.333,224.5,186.5
29,4061,135.367,218.5,170.5
29,4062,135.4,212.5,152.5
29,4063,135.433,210.5,138.5
29,4064,135.467,208.5,128.5
29,4065,135.5,204.5,120.5
29,4066,135.533,204.5,114.5
29,4067,135.567,202.5,108.5
29,4068,135.6,200.5,108.5
29,4069,135.633,196.5,110.5
29,4070,135.667,200.5,118.5
29,4071,135.7,198.5,124.5
29,4072,135.733,200.5,132.5
29,4073,135.767,200.5,144.5
29,4074,135.8,202.5,156.5
29,4075,135.833,206.5,172.5
29,4076,135.867,208.5,188.5
29,4077,135.9,210.5,208.5
29,4078,135.933,220.5,228.5
29,4079,135.967,260.5,238.5
29,4080,136.0,300.5,250.5
29,4081,136.033,338.5,264.5
29,4082,136.067,376.5,276.5
29,4083,136.1,408.5,266.5
29,4084,136.133,438.5,258.5
29,4085,136.167,468.5,252.5
29,4086,136.2,496.5,250.5
29,4087,136.233,528.5,248.5
29,4088,136.267,558.5,250.5
29,4089,136.3,586.5,252.5
29,4090,136.333,616.5,258.5
29,4091,136.367,642.5,266.5
29,4092,136.4,672.5,276.5
29,4093,136.433,698.5,288.5
29,4094,136.467,724.5,302.5
29,4095,136.5,750.5,302.5
29,4096,136.533,774.5,296.5
29,4097,136.567,798.5,292.5
29,4098,136.6,820.5,292.5
29,4099,136.633,844.5,292.5
29,4100,136.667,866.5,296.5
29,4101,136.7,888.5,304.5
29,4102,136.733,910.5,312.5
29,4103,136.767,878.5,292.5
29,4104,136.8,844.5,272.5
29,4105,136.833,810.5,256.5
29,4106,136.867,780.5,244.5
29,4107,136.9,752.5,234.5
29,4108,136.933,724.5,226.5
29,4109,136.967,700.5,220.5
29,4110,137.0,676.5,218.5
29,4111,137.033,654.5,216.5
29,4112,137.067,634.5,218.5
29,4113,137.1,614.5,220.5
29,4114,137.133,596.5,224.5
29,4115,137.167,580.5,228.5
29,4116,137.2,564.5,236.5
29,4117,137.233,550.5,242.5
30,4292,143.067,266.5,266.5
30,4293,143.1,260.5,260.5
30,4295,143.167,246.5,244.5
30,4296,143.2,238.5,230.5
30,4297,143.233,230.5,212.5
30,4298,143.267,224.5,190.5
30,4299,143.3,218.5,168.5
30,4300,143.333,216.5,148.5
30,4301,143.367,214.5,132.5
30,4302,143.4,210.5,120.5
30,4303,143.433,208.5,108.5
30,4304,143.467,206.5,100.5
30,4305,143.5,204.5,96.5
30,4306,143.533,204.5,90.5
30,4307,143.567,204.5,90.5
30,4308,143.6,200.5,94.5
30,4309,143.633,204.5,98.5
30,4310,143.667,204.5,106.5
30,4311,143.7,206.5,116.5
30,4312,143.733,208.5,128.5
30,4313,143.767,210.5,142.5
30,4314,143.8,214.5,158.5
30,4315,143.833,216.5,174.5
30,4316,143.867,220.5,194.5
30,4317,143.9,222.5,214.5
30,4318,143.933,226.5,238.5
30,4319,143.967,230.5,260.5
30,4320,144.0,234.5,282.5
30,4321,144.033,238.5,308.5
30,4322,144.067,244.5,334.5
30,4323,144.1,248.5,362.5
30,4324,144.133,254.5,388.5
30,4325,144.167,256.5,408.5
30,4326,144.2,256.5,392.5
30,4327,144.233,254.5,378.5
30,4328,144.267,252.5,370.5
30,4329,144.3,252.5,358.5
30,4330,144.333,252.5,352.5
30,4331,144.367,252.5,346.5
30,4332,144.4,252.5,342.5
30,4333,144.433,252.5,338.5
30,4335,144.5,254.5,344.5
30,4336,144.533,256.5,352.5
30,4337,144.567,258.5,358.5
30,4338,144.6,260.5,368.5
30,4339,144.633,262.5,378.5
30,4340,144.667,266.5,388.5
30,4341,144.7,268.5,402.5
30,4342,144.733,272.5,410.5
30,4343,144.767,272.5,402.5
30,4344,144.8,272.5,396.5
30,4345,144.833,274.5,390.5
30,4346,144.867,276.5,388.5
30,4347,144.9,280.5,388.5
30,4348,144.933,282.5,390.5
30,4349,144.967,284.5,396.5
30,4353,145.1,300.5,408.5
30,4354,145.133,298.5,404.5
30,4355,145.167,300.5,404.5
30,4356,145.2,300.5,404.5
30,4357,145.233,302.5,410.5
31,4404,146.8,248.5,234.5
31,4405,146.833,238.5,226.5
31,4406,146.867,230.5,214.5
31,4407,146.9,224.5,200.5
31,4408,146.933,218.5,184.5
31,4409,146.967,216.5,168.5
31,4410,147.0,210.5,148.5
31,4411,147.033,208.5,134.5
31,4412,147.067,206.5,124.5
31,4413,147.1,204.5,114.5
31,4414,147.133,202.5,108.5
31,4415,147.167,202.5,104.5
31,4416,147.2,202.5,100.5
31,4417,147.233,202.5,100.5
31,4418,147.267,202.5,108.5
31,4419,147.3,204.5,116.5
31,4420,147.333,206.5,124.5
31,4421,147.367,208.5,136.5
31,4422,147.4,210.5,148.5
31,4423,147.433,214.5,164.5
31,4424,147.467,218.5,180.5
31,4425,147.5,222.5,200.5
31,4426,147.533,224.5,218.5
31,4427,147.567,254.5,236.5
31,4428,147.6,288.5,248.5
31,4429,147.633,322.5,264.5
31,4430,147.667,358.5,280.5
31,4431,147.7,390.5,286.5
31,4432,147.733,416.5,276.5
31,4433,147.767,444.5,272.5
31,4434,147.8,470.5,268.5
31,4435,147.833,496.5,266.5
31,4436,147.867,524.5,266.5
31,4437,147.9,550.5,270.5
31,4438,147.933,578.5,276.5
31,4439,147.967,604.5,286.5
31,4440,148.0,630.5,298.5
31,4441,148.033,656.5,312.5
31,4442,148.067,682.5,330.5
31,4443,148.1,706.5,346.5
31,4444,148.133,730.5,338.5
31,4445,148.167,754.5,332.5
31,4446,148.2,776.5,330.5
31,4447,148.233,800.5,330.5
31,4448,148.267,822.5,332.5
31,4449,148.3,846.5,338.5
31,4450,148.333,840.5,328.5
31,4451,148.367,808.5,306.5
31,4452,148.4,778.5,290.5
31,4453,148.433,750.5,276.5
31,4454,148.467,722.5,268.5
31,4455,148.5,698.5,260.5
31,4456,148.533,676.5,258.5
31,4457,148.567,654.5,256.5
31,4458,148.6,644.5,258.5
31,4459,148.633,656.5,264.5
31,4460,148.667,668.5,274.5
31,4461,148.7,678.5,284.5
31,4462,148.733,686.5,274.5
31,4463,148.767,694.5,270.5
31,4464,148.8,704.5,266.5
31,4465,148.833,712.5,266.5
31,4466,148.867,720.5,268.5
31,4467,148.9,728.5,272.5
31,4468,148.933,736.5,278.5
31,4469,148.967,744.5,288.5
31,4470,149.0,750.5,298.5
31,4471,149.033,760.5,290.5
31,4472,149.067,768.5,288.5
31,4473,149.1,776.5,284.5
31,4474,149.133,784.5,286.5
31,4475,149.167,794.5,288.5
31,4476,149.2,800.5,292.5
31,4477,149.233,808.5,300.5
31,4478,149.267,816.5,308.5
31,4479,149.3,824.5,308.5
31,4480,149.333,832.5,304.5
31,4481,149.367,840.5,300.5
31,4482,149.4,848.5,300.5
31,4483,149.433,858.5,304.5
31,4484,149.467,864.5,308.5
31,4485,149.5,872.5,316.5
31,4486,149.533,878.5,324.5
31,4487,149.567,888.5,320.5
31,4488,149.6,896.5,316.5
31,4489,149.633,904.5,314.5
31,4490,149.667,912.5,316.5
31,4491,149.7,920.5,320.5
31,4492,149.733,926.5,324.5
31,4493,149.767,932.5,332.5
31,4494,149.8,942.5,336.5
31,4495,149.833,948.5,330.5
31,4496,149.867,958.5,328.5
31,4497,149.9,966.5,330.5
31,4498,149.933,974.5,332.5
31,4501,150.033,1026.5,442.5
31,4503,150.1,1004.5,382.5
31,4506,150.2,1024.5,320.5
31,4507,150.233,1032.5,288.5
31,4508,150.267,1040.5,260.5
31,4512,150.4,1016.5,354.5
32,4542,151.4,946.5,292.5
32,4543,151.433,890.5,308.5
32,4544,151.467,838.5,324.5
32,4545,151.5,802.5,308.5
32,4546,151.533,772.5,278.5
32,4547,151.567,742.5,252.5
32,4548,151.6,714.5,228.5
32,4549,151.633,688.5,210.5
32,4550,151.667,662.5,194.5
32,4551,151.7,638.5,182.5
32,4552,151.733,616.5,174.5
32,4553,151.767,592.5,168.5
32,4554,151.8,574.5,168.5
32,4555,151.833,554.5,168.5
32,4556,151.867,536.5,170.5
32,4557,151.9,520.5,176.5
32,4558,151.933,504.5,182.5
32,4559,151.967,492.5,192.5
32,4560,152.0,478.5,202.5
32,4561,152.033,470.5,208.5
32,4562,152.067,466.5,204.5
32,4563,152.1,462.5,214.5
32,4564,152.133,458.5,212.5
32,4565,152.167,452.5,212.5
32,4566,152.2,446.5,216.5
32,4567,152.233,436.5,220.5
32,4568,152.267,426.5,222.5
32,4569,152.3,416.5,226.5
32,4570,152.333,402.5,228.5
32,4571,152.367,392.5,232.5
32,4572,152.4,376.5,234.5
32,4573,152.433,366.5,238.5
32,4574,152.467,354.5,242.5
32,4575,152.5,344.5,242.5
32,4576,152.533,334.5,244.5
32,4577,152.567,322.5,246.5
32,4578,152.6,314.5,244.5
32,4579,152.633,304.5,244.5
32,4580,152.667,296.5,242.5
32,4582,152.733,286.5,246.5
32,4584,152.8,278.5,246.5
33,4598,153.267,246.5,246.5
33,4599,153.3,234.5,232.5
33,4600,153.333,226.5,212.5
33,4601,153.367,222.5,194.5
33,4602,153.4,216.5,172.5
33,4603,153.433,212.5,152.5
33,4604,153.467,208.5,136.5
33,4605,153.5,206.5,122.5
33,4606,153.533,204.5,114.5
33,4607,153.567,200.5,106.5
33,4608,153.6,200.5,100.5
33,4609,153.633,200.5,96.5
33,4610,153.667,198.5,94.5
33,4611,153.7,198.5,100.5
33,4612,153.733,198.5,106.5
33,4613,153.767,198.5,114.5
33,4614,153.8,200.5,124.5
33,4615,153.833,200.5,138.5
33,4616,153.867,204.5,150.5
33,4617,153.9,206.5,166.5
33,4618,153.933,208.5,184.5
33,4619,153.967,210.5,204.5
33,4620,154.0,216.5,226.5
33,4621,154.033,220.5,248.5
33,4622,154.067,222.5,272.5
33,4623,154.1,228.5,296.5
33,4624,154.133,232.5,320.5
33,4625,154.167,236.5,346.5
33,4626,154.2,240.5,372.5
33,4627,154.233,244.5,400.5
33,4628,154.267,248.5,414.5
33,4629,154.3,242.5,398.5
33,4630,154.333,240.5,384.5
33,4631,154.367,236.5,372.5
33,4632,154.4,234.5,362.5
33,4633,154.433,232.5,354.5
33,4634,154.467,230.5,350.5
33,4635,154.5,228.5,346.5
33,4636,154.533,228.5,344.5
33,4637,154.567,224.5,344.5
33,4638,154.6,226.5,348.5
33,4639,154.633,226.5,354.5
33,4640,154.667,226.5,362.5
33,4641,154.7,226.5,370.5
33,4642,154.733,228.5,380.5
33,4643,154.767,228.5,392.5
33,4644,154.8,232.5,406.5
33,4645,154.833,234.5,422.5
33,4646,154.867,232.5,418.5
33,4647,154.9,230.5,410.5
33,4648,154.933,230.5,404.5
33,4649,154.967,228.5,400.5
33,4650,155.0,228.5,396.5
33,4651,155.033,226.5,396.5
34,4711,157.033,254.5,242.5
34,4712,157.067,248.5,236.5
34,4713,157.1,240.5,228.5
34,4714,157.133,234.5,216.5
34,4715,157.167,226.5,202.5
34,4716,157.2,222.5,186.5
34,4717,157.233,218.5,170.5
34,4718,157.267,214.5,154.5
34,4719,157.3,212.5,142.5
34,4720,157.333,210.5,132.5
34,4721,157.367,208.5,126.5
34,4722,157.4,206.5,120.5
34,4724,157.467,202.5,118.5
34,4726,157.533,204.5,132.5
34,4727,157.567,208.5,140.5
34,4728,157.6,208.5,152.5
34,4729,157.633,210.5,164.5
34,4730,157.667,214.5,178.5
34,4731,157.7,216.5,196.5
34,4732,157.733,218.5,214.5
34,4733,157.767,242.5,232.5
34,4734,157.8,284.5,242.5
34,4735,157.833,324.5,256.5
34,4736,157.867,366.5,270.5
34,4737,157.9,404.5,288.5
34,4738,157.933,442.5,300.5
34,4739,157.967,472.5,290.5
34,4740,158.0,504.5,284.5
34,4741,158.033,536.5,278.5
34,4742,158.067,566.5,278.5
34,4743,158.1,598.5,278.5
34,4744,158.133,628.5,282.5
34,4745,158.167,658.5,290.5
34,4746,158.2,688.5,298.5
34,4747,158.233,720.5,310.5
34,4748,158.267,750.5,324.5
34,4749,158.3,776.5,340.5
34,4750,158.333,804.5,362.5
34,4751,158.367,832.5,354.5
34,4752,158.4,858.5,348.5
34,4753,158.433,884.5,346.5
34,4754,158.467,912.5,344.5
34,4755,158.5,894.5,326.5
34,4756,158.533,852.5,302.5
34,4757,158.567,814.5,280.5
34,4758,158.6,774.5,264.5
34,4759,158.633,742.5,250.5
34,4760,158.667,708.5,240.5
34,4761,158.7,678.5,234.5
34,4762,158.733,650.5,228.5
34,4763,158.767,624.5,226.5
34,4764,158.8,598.5,226.5
34,4765,158.833,574.5,228.5
34,4766,158.867,552.5,232.5
34,4767,158.9,532.5,236.5
34,4768,158.933,512.5,244.5
34,4769,158.967,496.5,252.5
34,4770,159.0,478.5,250.5
34,4771,159.033,464.5,234.5
34,4772,159.067,448.5,220.5
34,4775,159.167,462.5,206.5
34,4776,159.2,482.5,210.5
34,4777,159.233,504.5,214.5
34,4778,159.267,524.5,222.5
34,4779,159.3,546.5,232.5
34,4780,159.333,570.5,244.5
34,4781,159.367,592.5,262.5
34,4782,159.4,616.5,282.5
34,4783,159.433,640.5,306.5
34,4784,159.467,662.5,330.5
34,4785,159.5,686.5,358.5
34,4786,159.533,708.5,364.5
34,4787,159.567,730.5,362.5
34,4788,159.6,752.5,360.5
34,4789,159.633,776.5,364.5
34,4790,159.667,798.5,370.5
34,4791,159.7,824.5,378.5
34,4792,159.733,812.5,372.5
34,4793,159.767,754.5,342.5
34,4794,159.8,702.5,318.5
34,4795,159.833,654.5,300.5
34,4796,159.867,612.5,286.5
34,4797,159.9,574.5,276.5
34,4798,159.933,536.5,270.5
34,4799,159.967,502.5,268.5
34,4800,160.0,472.5,268.5
34,4801,160.033,446.5,270.5
34,4802,160.067,420.5,274.5
34,4803,160.1,398.5,282.5
34,4804,160.133,378.5,290.5
34,4805,160.167,358.5,286.5
34,4806,160.2,340.5,264.5
34,4807,160.233,324.5,248.5
34,4808,160.267,308.5,232.5
34,4809,160.3,292.5,222.5
34,4810,160.333,280.5,212.5
34,4811,160.367,268.5,208.5
34,4812,160.4,258.5,204.5
34,4813,160.433,246.5,204.5
34,4814,160.467,238.5,202.5
34,4815,160.5,230.5,210.5
34,4816,160.533,220.5,216.5
34,4817,160.567,246.5,202.5
34,4818,160.6,276.5,190.5
34,4819,160.633,304.5,180.5
34,4820,160.667,336.5,174.5
34,4821,160.7,368.5,170.5
34,4822,160.733,400.5,168.5
34,4823,160.767,434.5,172.5
34,4824,160.8,466.5,178.5
34,4825,160.833,500.5,184.5
34,4826,160.867,534.5,196.5
34,4827,160.9,568.5,210.5
34,4828,160.933,602.5,226.5
34,4829,160.967,634.5,246.5
34,4830,161.0,666.5,268.5
34,4831,161.033,698.5,292.5
34,4832,161.067,728.5,320.5
34,4833,161.1,756.5,320.5
34,4834,161.133,786.5,304.5
34,4835,161.167,814.5,292.5
34,4836,161.2,842.5,282.5
34,4837,161.233,872.5,274.5
34,4838,161.267,898.5,272.5
34,4839,161.3,928.5,272.5
34,4840,161.333,954.5,274.5
34,4841,161.367,982.5,280.5
34,4842,161.4,1008.5,288.5
34,4846,161.533,950.5,274.5
34,4847,161.567,876.5,250.5
34,4848,161.6,804.5,234.5
34,4849,161.633,740.5,222.5
34,4850,161.667,684.5,216.5
34,4851,161.7,628.5,212.5
34,4852,161.733,580.5,214.5
34,4853,161.767,536.5,218.5
34,4854,161.8,496.5,226.5
34,4855,161.833,460.5,234.5
34,4856,161.867,424.5,246.5
34,4857,161.9,394.5,260.5
34,4858,161.933,362.5,244.5
34,4859,161.967,332.5,224.5
34,4860,162.0,300.5,208.5
34,4861,162.033,272.5,194.5
34,4862,162.067,244.5,182.5
34,4863,162.1,218.5,174.5
34,4864,162.133,194.5,168.5
34,4865,162.167,170.5,168.5
34,4866,162.2,200.5,156.5
34,4867,162.233,258.5,144.5
34,4868,162.267,310.5,132.5
34,4869,162.3,370.5,128.5
34,4870,162.333,430.5,126.5
34,4871,162.367,494.5,128.5
34,4872,162.4,556.5,136.5
34,4873,162.433,622.5,146.5
34,4874,162.467,688.5,158.5
34,4875,162.5,754.5,176.5
34,4876,162.533,820.5,196.5
34,4877,162.567,888.5,220.5
34,4878,162.6,956.5,252.5
34,4879,162.633,1024.5,286.5
35,4905,163.5,974.5,482.5
35,4906,163.533,960.5,468.5
35,4907,163.567,944.5,456.5
35,4909,163.633,916.5,442.5
35,4910,163.667,904.5,436.5
36,5000,166.667,502.5,140.5
36,5001,166.7,508.5,128.5
36,5002,166.733,516.5,114.5
36,5003,166.767,522.5,100.5
36,5004,166.8,528.5,90.5
36,5005,166.833,536.5,82.5
36,5006,166.867,544.5,78.5
36,5007,166.9,552.5,76.5
36,5008,166.933,560.5,74.5
36,5009,166.967,570.5,76.5
36,5010,167.0,578.5,82.5
36,5011,167.033,588.5,88.5
36,5012,167.067,598.5,98.5
36,5013,167.1,608.5,114.5
36,5014,167.133,616.5,130.5
36,5015,167.167,628.5,150.5
36,5016,167.2,638.5,170.5
36,5017,167.233,646.5,194.5
36,5018,167.267,658.5,222.5
36,5019,167.3,672.5,254.5
36,5020,167.333,678.5,284.5
36,5021,167.367,688.5,320.5
36,5022,167.4,700.5,356.5
36,5023,167.433,708.5,396.5
36,5024,167.467,718.5,378.5
36,5025,167.5,726.5,354.5
36,5026,167.533,734.5,336.5
36,5027,167.567,742.5,320.5
36,5028,167.6,750.5,306.5
36,5029,167.633,758.5,292.5
36,5030,167.667,768.5,284.5
36,5031,167.7,766.5,286.5
37,5078,169.267,826.5,354.5
37,5079,169.3,786.5,330.5
37,5080,169.333,750.5,308.5
37,5081,169.367,712.5,288.5
37,5082,169.4,676.5,274.5
37,5083,169.433,640.5,262.5
37,5084,169.467,608.5,256.5
37,5085,169.5,576.5,250.5
37,5086,169.533,546.5,252.5
37,5087,169.567,518.5,254.5
37,5088,169.6,492.5,258.5
37,5089,169.633,466.5,266.5
37,5090,169.667,444.5,274.5
37,5091,169.7,422.5,286.5
37,5092,169.733,400.5,280.5
37,5093,169.767,376.5,264.5
37,5094,169.8,354.5,250.5
37,5095,169.833,334.5,240.5
37,5096,169.867,312.5,232.5
37,5097,169.9,296.5,226.5
37,5098,169.933,278.5,224.5
37,5099,169.967,260.5,226.5
37,5100,170.0,244.5,228.5
37,5101,170.033,230.5,232.5
37,5102,170.067,242.5,226.5
37,5103,170.1,264.5,212.5
37,5104,170.133,288.5,204.5
37,5105,170.167,312.5,196.5
37,5106,170.2,336.5,194.5
37,5107,170.233,364.5,190.5
37,5108,170.267,388.5,192.5
37,5109,170.3,416.5,194.5
37,5110,170.333,442.5,202.5
37,5111,170.367,468.5,210.5
37,5112,170.4,494.5,222.5
37,5113,170.433,520.5,234.5
37,5114,170.467,546.5,252.5
37,5115,170.5,572.5,270.5
37,5116,170.533,596.5,288.5
37,5117,170.567,620.5,306.5
37,5118,170.6,642.5,322.5
37,5119,170.633,660.5,308.5
37,5120,170.667,680.5,298.5
37,5121,170.7,700.5,288.5
37,5122,170.733,718.5,282.5
37,5123,170.767,736.5,280.5
37,5124,170.8,754.5,280.5
37,5125,170.833,774.5,284.5
37,5126,170.867,792.5,290.5
37,5127,170.9,808.5,296.5
37,5128,170.933,796.5,278.5
37,5129,170.967,768.5,250.5
37,5130,171.0,742.5,228.5
37,5131,171.033,714.5,208.5
37,5132,171.067,688.5,192.5
37,5133,171.1,664.5,178.5
37,5134,171.133,638.5,168.5
37,5135,171.167,614.5,162.5
37,5136,171.2,590.5,158.5
37,5137,171.233,566.5,158.5
37,5138,171.267,544.5,162.5
37,5139,171.3,524.5,164.5
37,5140,171.333,502.5,172.5
37,5141,171.367,484.5,182.5
37,5142,171.4,464.5,194.5
37,5143,171.433,448.5,210.5
37,5144,171.467,432.5,226.5
37,5145,171.5,416.5,242.5
37,5146,171.533,402.5,260.5
37,5147,171.567,390.5,282.5
37,5148,171.6,378.5,270.5
37,5149,171.633,366.5,248.5
37,5150,171.667,352.5,230.5
37,5151,171.7,340.5,214.5
37,5152,171.733,330.5,202.5
37,5153,171.767,320.5,190.5
37,5154,171.8,308.5,182.5
37,5155,171.833,300.5,178.5
37,5156,171.867,290.5,174.5
37,5157,171.9,282.5,174.5
37,5158,171.933,274.5,176.5
37,5159,171.967,266.5,180.5
37,5160,172.0,260.5,188.5
37,5161,172.033,272.5,198.5
37,5162,172.067,356.5,212.5
37,5165,172.167,612.5,284.5
38,5385,179.5,224.5,532.5
38,5387,179.567,226.5,532.5
38,5389,179.633,244.5,522.5
38,5390,179.667,250.5,514.5
38,5391,179.7,262.5,512.5
39,5509,183.633,308.5,660.5
39,5510,183.667,328.5,654.5
39,5511,183.7,350.5,652.5
39,5512,183.733,366.5,662.5
39,5513,183.767,352.5,648.5
40,5524,184.133,404.5,626.5
40,5525,184.167,406.5,624.5
40,5526,184.2,406.5,626.5
40,5528,184.267,400.5,634.5
40,5529,184.3,402.5,632.5
41,5711,190.367,1244.5,406.5
41,5712,190.4,1230.5,402.5
41,5713,190.433,1218.5,396.5
41,5714,190.467,1206.5,394.5
41,5715,190.5,1198.5,392.5
41,5716,190.533,1188.5,396.5
41,5717,190.567,1182.5,402.5
41,5718,190.6,1176.5,408.5
41,5719,190.633,1176.5,418.5
41,5720,190.667,1174.5,432.5
42,5853,195.1,816.5,314.5
42,5854,195.133,776.5,292.5
42,5855,195.167,736.5,274.5
42,5856,195.2,698.5,256.5
42,5857,195.233,662.5,244.5
42,5858,195.267,626.5,234.5
42,5859,195.3,594.5,228.5
42,5860,195.333,564.5,224.5
42,5861,195.367,536.5,224.5
42,5862,195.4,508.5,226.5
42,5863,195.433,484.5,228.5
42,5864,195.467,460.5,232.5
42,5865,195.5,438.5,240.5
42,5866,195.533,416.5,250.5
42,5867,195.567,398.5,242.5
42,5868,195.6,382.5,228.5
42,5870,195.667,416.5,212.5
42,5871,195.7,446.5,210.5
42,5872,195.733,474.5,210.5
42,5873,195.767,504.5,214.5
42,5874,195.8,534.5,218.5
42,5875,195.833,564.5,226.5
42,5876,195.867,594.5,234.5
42,5877,195.9,624.5,246.5
42,5878,195.933,656.5,260.5
42,5879,195.967,686.5,276.5
42,5880,196.0,716.5,296.5
42,5881,196.033,744.5,304.5
42,5882,196.067,772.5,296.5
42,5883,196.1,800.5,292.5
42,5884,196.133,828.5,288.5
42,5885,196.167,856.5,288.5
42,5886,196.2,882.5,290.5
42,5887,196.233,910.5,296.5
42,5888,196.267,912.5,288.5
42,5889,196.3,868.5,258.5
42,5890,196.333,830.5,234.5
42,5891,196.367,788.5,210.5
42,5892,196.4,752.5,194.5
42,5893,196.433,714.5,178.5
42,5894,196.467,680.5,166.5
42,5895,196.5,646.5,158.5
42,5896,196.533,616.5,152.5
42,5897,196.567,588.5,148.5
42,5898,196.6,560.5,148.5
42,5899,196.633,532.5,148.5
42,5900,196.667,508.5,152.5
42,5901,196.7,484.5,158.5
42,5902,196.733,462.5,164.5
42,5903,196.767,440.5,172.5
42,5904,196.8,420.5,184.5
42,5905,196.833,402.5,194.5
42,5906,196.867,384.5,210.5
42,5907,196.9,368.5,222.5
42,5908,196.933,354.5,236.5
42,5909,196.967,338.5,252.5
42,5913,197.1,290.5,322.5
42,5917,197.233,252.5,300.5
42,5918,197.267,244.5,292.5
42,5919,197.3,238.5,284.5
42,5920,197.333,230.5,280.5
42,5921,197.367,224.5,276.5
42,5922,197.4,218.5,276.5
42,5923,197.433,212.5,276.5
42,5924,197.467,204.5,280.5
42,5925,197.5,210.5,284.5
42,5926,197.533,214.5,290.5
42,5928,197.6,224.5,308.5
42,5929,197.633,228.5,318.5
42,5930,197.667,232.5,330.5
42,5931,197.7,234.5,336.5
42,5932,197.733,232.5,330.5
42,5933,197.767,232.5,324.5
42,5934,197.8,230.5,322.5
42,5935,197.833,228.5,322.5
42,5936,197.867,230.5,324.5
42,5937,197.9,228.5,326.5
42,5938,197.933,228.5,332.5
42,5939,197.967,228.5,338.5
42,5940,198.0,228.5,346.5
43,6105,203.5,392.5,200.5
43,6106,203.533,398.5,188.5
43,6107,203.567,400.5,174.5
43,6108,203.6,404.5,158.5
43,6109,203.633,404.5,144.5
43,6112,203.733,402.5,98.5
43,6113,203.767,402.5,88.5
43,6114,203.8,402.5,80.5
43,6115,203.833,400.5,72.5
43,6116,203.867,400.5,68.5
43,6117,203.9,400.5,64.5
43,6120,204.0,404.5,80.5
43,6121,204.033,406.5,84.5
43,6122,204.067,408.5,94.5
43,6123,204.1,410.5,104.5
43,6124,204.133,412.5,114.5
43,6127,204.233,420.5,180.5
43,6129,204.3,448.5,208.5
43,6130,204.333,468.5,234.5
43,6131,204.367,488.5,226.5
43,6132,204.4,506.5,226.5
43,6133,204.433,526.5,226.5
43,6134,204.467,546.5,226.5
43,6135,204.5,568.5,230.5
43,6136,204.533,592.5,238.5
43,6137,204.567,616.5,248.5
43,6138,204.6,642.5,260.5
43,6139,204.633,670.5,274.5
43,6140,204.667,696.5,294.5
43,6141,204.7,724.5,316.5
43,6142,204.733,750.5,340.5
43,6143,204.767,778.5,366.5
43,6144,204.8,806.5,364.5
43,6145,204.833,836.5,360.5
43,6146,204.867,864.5,356.5
43,6147,204.9,896.5,358.5
43,6148,204.933,924.5,362.5
43,6149,204.967,892.5,338.5
43,6150,205.0,844.5,312.5
43,6151,205.033,800.5,294.5
43,6152,205.067,760.5,278.5
43,6153,205.1,720.5,266.5
43,6154,205.133,686.5,258.5
43,6155,205.167,654.5,254.5
43,6156,205.2,624.5,250.5
43,6157,205.233,594.5,250.5
43,6158,205.267,570.5,254.5
43,6159,205.3,546.5,260.5
43,6160,205.333,524.5,268.5
43,6161,205.367,504.5,276.5
43,6162,205.4,486.5,274.5
43,6163,205.433,470.5,254.5
43,6164,205.467,456.5,238.5
43,6165,205.5,442.5,224.5
43,6166,205.533,428.5,212.5
43,6167,205.567,416.5,204.5
43,6168,205.6,404.5,198.5
43,6169,205.633,392.5,196.5
43,6170,205.667,382.5,196.5
43,6171,205.7,372.5,196.5
43,6172,205.733,364.5,200.5
43,6173,205.767,356.5,206.5
43,6174,205.8,348.5,214.5
43,6175,205.833,358.5,212.5
43,6176,205.867,376.5,204.5
43,6177,205.9,396.5,196.5
43,6178,205.933,418.5,194.5
43,6179,205.967,440.5,192.5
43,6180,206.0,462.5,194.5
43,6181,206.033,484.5,196.5
43,6182,206.067,508.5,204.5
43,6183,206.1,530.5,212.5
43,6184,206.133,554.5,224.5
43,6185,206.167,578.5,238.5
43,6186,206.2,602.5,252.5
43,6187,206.233,626.5,274.5
43,6188,206.267,648.5,292.5
43,6189,206.3,672.5,312.5
43,6190,206.333,690.5,302.5
43,6191,206.367,712.5,294.5
43,6192,206.4,732.5,288.5
43,6193,206.433,752.5,286.5
43,6194,206.467,774.5,286.5
43,6195,206.5,794.5,288.5
43,6196,206.533,814.5,294.5
43,6197,206.567,834.5,302.5
43,6198,206.6,852.5,312.5
43,6199,206.633,816.5,294.5
43,6200,206.667,774.5,274.5
43,6201,206.7,734.5,260.5
43,6202,206.733,694.5,250.5
43,6203,206.767,658.5,242.5
43,6204,206.8,622.5,236.5
43,6205,206.833,588.5,234.5
43,6206,206.867,554.5,236.5
43,6207,206.9,526.5,242.5
43,6208,206.933,496.5,248.5
43,6209,206.967,466.5,258.5
43,6210,207.0,438.5,268.5
43,6211,207.033,416.5,280.5
43,6212,207.067,392.5,296.5
43,6213,207.1,370.5,282.5
43,6214,207.133,350.5,264.5
43,6215,207.167,328.5,252.5
43,6216,207.2,310.5,242.5
43,6217,207.233,292.5,234.5
43,6218,207.267,274.5,228.5
43,6219,207.3,256.5,228.5
43,6220,207.333,272.5,226.5
43,6221,207.367,332.5,226.5
43,6222,207.4,390.5,230.5
43,6223,207.433,450.5,238.5
43,6224,207.467,512.5,248.5
43,6225,207.5,572.5,264.5
43,6226,207.533,628.5,282.5
43,6227,207.567,686.5,300.5
43,6228,207.6,742.5,324.5
43,6229,207.633,792.5,348.5
43,6230,207.667,846.5,344.5
43,6231,207.7,898.5,332.5
43,6232,207.733,946.5,328.5
43,6233,207.767,998.5,322.5
43,6234,207.8,1050.5,322.5
43,6235,207.833,1098.5,324.5
44,6518,217.267,1234.5,36.5
44,6519,217.3,1178.5,34.5
44,6520,217.333,1126.5,36.5
44,6521,217.367,1074.5,44.5
44,6522,217.4,1026.5,50.5
44,6523,217.433,982.5,60.5
44,6524,217.467,936.5,74.5
44,6525,217.5,894.5,88.5
44,6526,217.533,854.5,106.5
44,6527,217.567,814.5,124.5
44,6528,217.6,778.5,146.5
44,6529,217.633,742.5,168.5
44,6530,217.667,710.5,188.5
44,6531,217.7,680.5,212.5
44,6532,217.733,650.5,236.5
44,6533,217.767,624.5,258.5
44,6534,217.8,604.5,248.5
44,6535,217.833,586.5,222.5
44,6536,217.867,568.5,200.5
44,6537,217.9,550.5,178.5
44,6538,217.933,532.5,162.5
44,6539,217.967,516.5,148.5
44,6540,218.0,498.5,138.5
44,6541,218.033,482.5,130.5
44,6542,218.067,466.5,122.5
44,6543,218.1,450.5,120.5
44,6544,218.133,436.5,118.5
44,6545,218.167,420.5,120.5
44,6546,218.2,406.5,124.5
44,6547,218.233,394.5,130.5
44,6548,218.267,382.5,138.5
44,6549,218.3,370.5,148.5
44,6550,218.333,360.5,162.5
45,6603,220.1,424.5,92.5
45,6604,220.133,424.5,84.5
45,6605,220.167,424.5,74.5
45,6606,220.2,422.5,72.5
45,6607,220.233,424.5,68.5
45,6608,220.267,422.5,68.5
45,6609,220.3,428.5,72.5
45,6610,220.333,426.5,80.5
45,6611,220.367,428.5,84.5
45,6612,220.4,428.5,94.5
45,6613,220.433,430.5,102.5
45,6616,220.533,438.5,154.5
45,6619,220.633,460.5,212.5
45,6620,220.667,472.5,228.5
45,6621,220.7,480.5,220.5
45,6622,220.733,494.5,212.5
45,6623,220.767,504.5,208.5
45,6624,220.8,518.5,204.5
45,6625,220.833,530.5,204.5
45,6626,220.867,544.5,208.5
45,6627,220.9,560.5,212.5
45,6628,220.933,576.5,220.5
45,6629,220.967,594.5,230.5
45,6630,221.0,612.5,244.5
45,6631,221.033,630.5,260.5
45,6632,221.067,648.5,282.5
45,6633,221.1,666.5,302.5
45,6634,221.133,686.5,328.5
45,6635,221.167,704.5,356.5
45,6636,221.2,724.5,390.5
45,6637,221.233,742.5,380.5
45,6638,221.267,760.5,372.5
45,6639,221.3,778.5,366.5
45,6640,221.333,798.5,364.5
45,6641,221.367,816.5,364.5
45,6642,221.4,836.5,368.5
45,6643,221.433,798.5,342.5
45,6644,221.467,740.5,314.5
45,6645,221.5,686.5,286.5
45,6646,221.533,640.5,268.5
45,6647,221.567,598.5,252.5
45,6648,221.6,560.5,244.5
45,6649,221.633,526.5,236.5
45,6650,221.667,494.5,234.5
45,6651,221.7,464.5,236.5
45,6652,221.733,436.5,238.5
45,6653,221.767,414.5,242.5
45,6654,221.8,392.5,250.5
45,6655,221.833,372.5,258.5
45,6656,221.867,354.5,268.5
45,6657,221.9,336.5,268.5
45,6658,221.933,320.5,246.5
45,6659,221.967,304.5,228.5
45,6660,222.0,290.5,212.5
45,6661,222.033,276.5,200.5
45,6662,222.067,264.5,190.5
45,6663,222.1,252.5,182.5
45,6664,222.133,242.5,180.5
45,6665,222.167,248.5,170.5
45,6666,222.2,274.5,164.5
45,6667,222.233,302.5,158.5
45,6668,222.267,330.5,154.5
45,6669,222.3,358.5,154.5
45,6670,222.333,388.5,156.5
45,6671,222.367,418.5,162.5
45,6672,222.4,448.5,168.5
45,6673,222.433,480.5,180.5
45,6674,222.467,510.5,194.5
45,6675,222.5,542.5,210.5
45,6676,222.533,574.5,230.5
45,6677,222.567,604.5,252.5
45,6678,222.6,634.5,276.5
45,6679,222.633,662.5,302.5
45,6680,222.667,690.5,332.5
45,6681,222.7,718.5,328.5
45,6682,222.733,742.5,312.5
45,6683,222.767,770.5,296.5
45,6684,222.8,796.5,288.5
45,6685,222.833,820.5,280.5
45,6686,222.867,848.5,274.5
45,6687,222.9,872.5,272.5
45,6688,222.933,898.5,272.5
45,6689,222.967,924.5,276.5
45,6690,223.0,948.5,284.5
45,6691,223.033,974.5,294.5
45,6692,223.067,996.5,308.5
45,6696,223.2,930.5,280.5
45,6697,223.233,872.5,252.5
45,6698,223.267,816.5,230.5
45,6699,223.3,766.5,212.5
45,6700,223.333,718.5,202.5
45,6701,223.367,674.5,194.5
45,6702,223.4,632.5,192.5
45,6703,223.433,592.5,192.5
45,6704,223.467,558.5,196.5
45,6705,223.5,526.5,202.5
45,6706,223.533,496.5,212.5
45,6707,223.567,468.5,222.5
45,6708,223.6,442.5,236.5
45,6709,223.633,418.5,250.5
45,6710,223.667,398.5,268.5
45,6711,223.7,374.5,262.5
45,6712,223.733,350.5,240.5
45,6713,223.767,326.5,220.5
45,6714,223.8,304.5,204.5
45,6715,223.833,282.5,192.5
45,6716,223.867,262.5,180.5
45,6717,223.9,242.5,174.5
45,6718,223.933,224.5,168.5
45,6719,223.967,208.5,168.5
45,6720,224.0,190.5,170.5
45,6721,224.033,210.5,156.5
45,6723,224.1,268.5,130.5
45,6724,224.133,298.5,122.5
45,6725,224.167,328.5,114.5
45,6726,224.2,358.5,112.5
45,6727,224.233,392.5,110.5
45,6728,224.267,424.5,112.5
45,6729,224.3,458.5,116.5
45,6730,224.333,490.5,124.5
45,6731,224.367,526.5,136.5
45,6732,224.4,558.5,148.5
45,6733,224.433,592.5,164.5
45,6734,224.467,624.5,180.5
45,6735,224.5,656.5,202.5
45,6736,224.533,690.5,226.5
45,6737,224.567,720.5,250.5
45,6738,224.6,750.5,276.5
45,6739,224.633,782.5,306.5
45,6740,224.667,808.5,336.5
45,6741,224.7,834.5,324.5
45,6742,224.733,858.5,304.5
45,6743,224.767,882.5,286.5
45,6744,224.8,908.5,270.5
45,6745,224.833,932.5,258.5
45,6746,224.867,956.5,250.5
45,6747,224.9,980.5,244.5
45,6748,224.933,1004.5,242.5
45,6749,224.967,1024.5,242.5
45,6750,225.0,1048.5,246.5
45,6751,225.033,1070.5,252.5
45,6752,225.067,1088.5,260.5
45,6753,225.1,1106.5,274.5
45,6756,225.2,1096.5,290.5
45,6757,225.233,1032.5,266.5
45,6758,225.267,962.5,244.5
45,6759,225.3,904.5,230.5
45,6760,225.333,846.5,220.5
45,6761,225.367,790.5,214.5
45,6762,225.4,740.5,212.5
45,6763,225.433,692.5,216.5
45,6764,225.467,648.5,220.5
45,6765,225.5,608.5,228.5
45,6766,225.533,572.5,238.5
45,6767,225.567,536.5,250.5
45,6768,225.6,504.5,264.5
45,6769,225.633,476.5,280.5
45,6770,225.667,444.5,270.5
45,6771,225.7,414.5,250.5
45,6772,225.733,382.5,232.5
45,6773,225.767,354.5,218.5
45,6774,225.8,326.5,210.5
45,6775,225.833,300.5,200.5
45,6776,225.867,276.5,196.5
45,6777,225.9,252.5,194.5
45,6778,225.933,232.5,194.5
45,6779,225.967,210.5,196.5
45,6780,226.0,190.5,202.5
45,6781,226.033,176.5,208.5
45,6782,226.067,198.5,190.5
45,6783,226.1,220.5,176.5
45,6784,226.133,242.5,162.5
45,6785,226.167,266.5,152.5
45,6786,226.2,290.5,146.5
45,6787,226.233,318.5,138.5
45,6788,226.267,344.5,134.5
45,6789,226.3,372.5,134.5
45,6790,226.333,400.5,136.5
45,6791,226.367,430.5,142.5
45,6792,226.4,460.5,148.5
45,6793,226.433,488.5,158.5
45,6794,226.467,518.5,172.5
45,6795,226.5,548.5,188.5
45,6796,226.533,578.5,204.5
45,6797,226.567,608.5,226.5
45,6798,226.6,638.5,248.5
45,6799,226.633,668.5,274.5
45,6800,226.667,696.5,300.5
45,6801,226.7,722.5,328.5
45,6802,226.733,750.5,356.5
45,6803,226.767,770.5,336.5
45,6804,226.8,792.5,316.5
45,6805,226.833,814.5,300.5
45,6806,226.867,834.5,286.5
45,6807,226.9,856.5,276.5
45,6808,226.933,878.5,268.5
45,6809,226.967,898.5,264.5
45,6810,227.0,918.5,264.5
45,6811,227.033,914.5,256.5
45,6812,227.067,860.5,242.5
45,6813,227.1,804.5,228.5
45,6814,227.133,752.5,218.5
45,6815,227.167,706.5,212.5
45,6816,227.2,666.5,210.5
45,6817,227.233,624.5,210.5
45,6818,227.267,588.5,212.5
45,6819,227.3,554.5,218.5
45,6820,227.333,524.5,226.5
45,6821,227.367,496.5,232.5
45,6822,227.4,468.5,244.5
45,6823,227.433,446.5,256.5
45,6824,227.467,422.5,268.5
45,6825,227.5,394.5,248.5
45,6826,227.533,368.5,232.5
45,6827,227.567,344.5,220.5
45,6828,227.6,318.5,210.5
45,6829,227.633,296.5,202.5
45,6830,227.667,276.5,196.5
45,6831,227.7,254.5,196.5
45,6832,227.733,236.5,194.5
45,6833,227.767,220.5,196.5
45,6834,227.8,204.5,198.5
45,6835,227.833,188.5,204.5
45,6836,227.867,174.5,212.5
45,6837,227.9,162.5,222.5
45,6838,227.933,150.5,234.5
45,6839,227.967,142.5,246.5
45,6840,228.0,132.5,258.5
45,6841,228.033,130.5,274.5
45,6842,228.067,138.5,292.5
45,6843,228.1,144.5,310.5
45,6844,228.133,150.5,330.5
45,6845,228.167,160.5,350.5
45,6846,228.2,168.5,372.5
45,6847,228.233,168.5,370.5
45,6848,228.267,168.5,364.5
45,6849,228.3,170.5,360.5
45,6850,228.333,172.5,358.5
45,6851,228.367,174.5,358.5
45,6852,228.4,176.5,362.5
45,6853,228.433,178.5,370.5
45,6854,228.467,182.5,376.5
45,6855,228.5,186.5,386.5
45,6856,228.533,190.5,394.5
45,6857,228.567,194.5,406.5
45,6858,228.6,198.5,420.5
45,6859,228.633,204.5,418.5
45,6860,228.667,206.5,416.5
45,6861,228.7,210.5,416.5
45,6862,228.733,214.5,418.5
45,6863,228.767,220.5,424.5
45,6864,228.8,224.5,430.5
45,6865,228.833,230.5,438.5
45,6866,228.867,236.5,446.5
45,6867,228.9,240.5,446.5
45,6868,228.933,244.5,450.5
45,6869,228.967,248.5,454.5
45,6870,229.0,252.5,462.5
45,6871,229.033,256.5,464.5
45,6872,229.067,260.5,468.5
45,6873,229.1,262.5,472.5
45,6874,229.133,266.5,478.5
45,6875,229.167,272.5,478.5
45,6876,229.2,274.5,482.5
45,6877,229.233,278.5,488.5
45,6878,229.267,282.5,492.5
45,6879,229.3,286.5,496.5
45,6880,229.333,290.5,498.5
45,6881,229.367,294.5,504.5
45,6882,229.4,298.5,506.5
45,6883,229.433,302.5,512.5
45,6884,229.467,306.5,514.5
45,6885,229.5,310.5,518.5
45,6886,229.533,314.5,522.5
45,6887,229.567,320.5,524.5
45,6888,229.6,322.5,530.5
45,6889,229.633,328.5,532.5
45,6890,229.667,332.5,536.5
45,6891,229.7,336.5,540.5
45,6892,229.733,340.5,544.5
45,6893,229.767,344.5,546.5
45,6894,229.8,350.5,550.5
45,6895,229.833,354.5,554.5
45,6896,229.867,358.5,556.5
45,6897,229.9,362.5,560.5
45,6898,229.933,368.5,564.5
45,6899,229.967,370.5,566.5
45,6900,230.0,374.5,572.5
45,6901,230.033,378.5,574.5
45,6902,230.067,382.5,578.5
45,6903,230.1,386.5,580.5
45,6904,230.133,390.5,584.5
45,6905,230.167,394.5,588.5
45,6906,230.2,396.5,592.5
45,6907,230.233,400.5,594.5
45,6908,230.267,404.5,598.5
45,6909,230.3,408.5,602.5
45,6910,230.333,410.5,604.5
45,6911,230.367,414.5,608.5
45,6912,230.4,416.5,610.5
45,6913,230.433,418.5,614.5
45,6914,230.467,424.5,616.5
45,6915,230.5,424.5,618.5
45,6916,230.533,424.5,618.5
46,6997,233.233,570.5,362.5
46,6998,233.267,570.5,370.5
46,6999,233.3,572.5,382.5
46,7000,233.333,574.5,394.5
46,7001,233.367,576.5,410.5
46,7002,233.4,578.5,426.5
46,7003,233.433,580.5,446.5
46,7004,233.467,582.5,466.5
46,7005,233.5,582.5,490.5
46,7006,233.533,584.5,512.5
46,7007,233.567,584.5,538.5
46,7008,233.6,584.5,562.5
46,7009,233.633,588.5,576.5
46,7010,233.667,594.5,554.5
46,7011,233.7,602.5,536.5
46,7012,233.733,608.5,522.5
46,7013,233.767,616.5,508.5
46,7014,233.8,624.5,498.5
46,7015,233.833,632.5,490.5
46,7016,233.867,640.5,486.5
46,7017,233.9,648.5,484.5
46,7018,233.933,654.5,484.5
46,7019,233.967,662.5,486.5
47,7128,237.6,970.5,324.5
47,7129,237.633,922.5,286.5
47,7130,237.667,880.5,254.5
47,7131,237.7,840.5,226.5
47,7132,237.733,798.5,202.5
47,7133,237.767,760.5,184.5
47,7134,237.8,720.5,168.5
47,7135,237.833,686.5,154.5
47,7136,237.867,650.5,146.5
47,7137,237.9,616.5,138.5
47,7138,237.933,584.5,138.5
47,7139,237.967,554.5,136.5
47,7140,238.0,526.5,138.5
47,7141,238.033,498.5,144.5
47,7142,238.067,474.5,148.5
47,7143,238.1,448.5,160.5
47,7144,238.133,426.5,170.5
47,7145,238.167,406.5,182.5
47,7146,238.2,388.5,194.5
47,7147,238.233,378.5,192.5
48,7178,239.267,394.5,194.5
48,7179,239.3,400.5,178.5
48,7180,239.333,404.5,162.5
48,7181,239.367,406.5,146.5
48,7182,239.4,408.5,130.5
48,7185,239.5,404.5,90.5
48,7186,239.533,402.5,82.5
48,7187,239.567,402.5,74.5
48,7188,239.6,404.5,72.5
48,7192,239.733,410.5,84.5
48,7193,239.767,412.5,90.5
48,7194,239.8,414.5,100.5
49,7200,240.0,440.5,194.5
49,7201,240.033,456.5,216.5
49,7202,240.067,470.5,242.5
49,7203,240.1,486.5,252.5
49,7204,240.133,502.5,248.5
49,7205,240.167,518.5,246.5
49,7206,240.2,536.5,248.5
49,7207,240.233,554.5,250.5
49,7208,240.267,574.5,258.5
49,7209,240.3,594.5,266.5
49,7210,240.333,616.5,280.5
49,7211,240.367,640.5,296.5
49,7212,240.4,664.5,316.5
49,7213,240.433,688.5,338.5
49,7214,240.467,714.5,364.5
49,7215,240.5,738.5,392.5
49,7216,240.533,766.5,418.5
49,7217,240.567,790.5,412.5
49,7218,240.6,818.5,412.5
49,7219,240.633,846.5,414.5
49,7221,240.7,800.5,378.5
49,7222,240.733,748.5,352.5
49,7223,240.767,702.5,330.5
49,7224,240.8,658.5,316.5
49,7225,240.833,622.5,306.5
49,7226,240.867,590.5,296.5
49,7227,240.9,560.5,294.5
49,7228,240.933,536.5,290.5
49,7229,240.967,512.5,288.5
49,7230,241.0,494.5,290.5
49,7231,241.033,476.5,288.5
49,7232,241.067,460.5,266.5
49,7233,241.1,444.5,250.5
49,7234,241.133,430.5,238.5
49,7235,241.167,416.5,228.5
49,7236,241.2,406.5,220.5
49,7237,241.233,396.5,216.5
49,7238,241.267,386.5,216.5
49,7239,241.3,378.5,216.5
49,7241,241.367,392.5,196.5
49,7242,241.4,406.5,180.5
49,7243,241.433,420.5,168.5
49,7244,241.467,436.5,156.5
49,7245,241.5,454.5,146.5
49,7246,241.533,470.5,140.5
49,7247,241.567,488.5,134.5
49,7248,241.6,506.5,132.5
49,7249,241.633,524.5,130.5
49,7250,241.667,544.5,132.5
49,7251,241.7,562.5,138.5
49,7252,241.733,582.5,144.5
49,7253,241.767,602.5,154.5
49,7254,241.8,622.5,166.5
49,7255,241.833,642.5,180.5
49,7256,241.867,666.5,200.5
49,7257,241.9,686.5,220.5
49,7258,241.933,704.5,244.5
49,7259,241.967,726.5,270.5
49,7260,242.0,746.5,298.5
49,7261,242.033,766.5,330.5
49,7262,242.067,786.5,364.5
49,7263,242.1,804.5,398.5
49,7264,242.133,822.5,380.5
49,7265,242.167,842.5,362.5
49,7266,242.2,862.5,346.5
49,7267,242.233,880.5,336.5
49,7268,242.267,902.5,326.5
49,7269,242.3,920.5,320.5
49,7270,242.333,940.5,318.5
49,7271,242.367,960.5,320.5
49,7272,242.4,976.5,324.5
49,7273,242.433,996.5,334.5
49,7274,242.467,934.5,324.5
49,7277,242.567,674.5,292.5
49,7278,242.6,608.5,290.5
49,7279,242.633,550.5,288.5
49,7280,242.667,500.5,292.5
49,7281,242.7,456.5,296.5
49,7282,242.733,416.5,304.5
49,7283,242.767,380.5,282.5
49,7284,242.8,344.5,256.5
49,7285,242.833,316.5,236.5
49,7286,242.867,288.5,220.5
49,7287,242.9,264.5,210.5
49,7288,242.933,242.5,200.5
49,7289,242.967,222.5,194.5
49,7290,243.0,202.5,192.5
49,7291,243.033,186.5,192.5
49,7292,243.067,200.5,184.5
49,7293,243.1,230.5,178.5
49,7294,243.133,258.5,172.5
49,7295,243.167,288.5,168.5
49,7296,243.2,320.5,170.5
49,7297,243.233,352.5,172.5
49,7298,243.267,384.5,178.5
49,7299,243.3,418.5,188.5
49,7300,243.333,452.5,198.5
49,7301,243.367,486.5,214.5
49,7302,243.4,518.5,230.5
49,7303,243.433,552.5,250.5
49,7304,243.467,584.5,270.5
49,7305,243.5,616.5,292.5
49,7306,243.533,646.5,316.5
49,7307,243.567,674.5,314.5
49,7308,243.6,704.5,302.5
49,7309,243.633,732.5,292.5
49,7310,243.667,760.5,286.5
49,7311,243.7,786.5,284.5
49,7312,243.733,816.5,282.5
49,7313,243.767,842.5,284.5
49,7314,243.8,870.5,290.5
49,7315,243.833,896.5,298.5
49,7316,243.867,924.5,310.5
49,7317,243.9,918.5,298.5
49,7318,243.933,880.5,264.5
49,7319,243.967,848.5,236.5
49,7320,244.0,816.5,212.5
49,7321,244.033,784.5,194.5
49,7322,244.067,752.5,178.5
49,7323,244.1,722.5,164.5
49,7324,244.133,694.5,156.5
49,7325,244.167,670.5,152.5
49,7326,244.2,640.5,152.5
49,7327,244.233,614.5,154.5
49,7328,244.267,592.5,156.5
49,7329,244.3,568.5,164.5
49,7330,244.333,548.5,174.5
49,7331,244.367,528.5,186.5
49,7332,244.4,508.5,198.5
49,7333,244.433,492.5,216.5
49,7334,244.467,476.5,232.5
49,7335,244.5,460.5,250.5
49,7336,244.533,448.5,268.5
49,7337,244.567,432.5,250.5
49,7338,244.6,418.5,228.5
49,7339,244.633,406.5,210.5
49,7340,244.667,392.5,194.5
49,7341,244.7,380.5,180.5
49,7342,244.733,368.5,170.5
49,7343,244.767,356.5,162.5
49,7344,244.8,344.5,156.5
49,7345,244.833,334.5,154.5
49,7346,244.867,324.5,154.5
49,7347,244.9,316.5,156.5
49,7348,244.933,306.5,160.5
49,7349,244.967,298.5,166.5
49,7350,245.0,290.5,176.5
49,7351,245.033,310.5,168.5
49,7352,245.067,338.5,164.5
49,7353,245.1,366.5,160.5
49,7354,245.133,394.5,156.5
49,7355,245.167,422.5,158.5
49,7356,245.2,450.5,162.5
49,7357,245.233,480.5,168.5
49,7358,245.267,510.5,178.5
49,7359,245.3,542.5,192.5
49,7360,245.333,572.5,208.5
49,7361,245.367,604.5,226.5
49,7362,245.4,634.5,246.5
49,7363,245.433,662.5,268.5
49,7364,245.467,692.5,296.5
49,7365,245.5,720.5,322.5
49,7366,245.533,748.5,340.5
49,7367,245.567,770.5,322.5
49,7368,245.6,796.5,306.5
49,7369,245.633,818.5,298.5
49,7370,245.667,844.5,286.5
49,7371,245.7,868.5,280.5
49,7372,245.733,892.5,276.5
49,7373,245.767,916.5,276.5
49,7374,245.8,940.5,280.5
49,7375,245.833,962.5,286.5
49,7379,245.967,830.5,268.5
49,7381,246.033,660.5,248.5
49,7382,246.067,592.5,244.5
49,7383,246.1,528.5,244.5
49,7384,246.133,476.5,250.5
49,7385,246.167,428.5,260.5
49,7386,246.2,388.5,272.5
49,7387,246.233,350.5,250.5
49,7388,246.267,310.5,226.5
49,7389,246.3,276.5,204.5
49,7390,246.333,244.5,188.5
49,7391,246.367,216.5,176.5
49,7392,246.4,188.5,164.5
49,7393,246.433,158.5,146.5
49,7394,246.467,102.5,84.5
49,7395,246.5,48.5,30.5
50,7527,250.9,8.5,64.5
50,7528,250.933,14.5,62.5
50,7529,250.967,20.5,58.5
50,7530,251.0,30.5,56.5
50,7531,251.033,38.5,56.5
50,7534,251.133,70.5,58.5
50,7535,251.167,80.5,64.5
50,7536,251.2,92.5,66.5
50,7537,251.233,104.5,72.5
50,7538,251.267,114.5,74.5
50,7540,251.333,136.5,86.5
50,7541,251.367,144.5,90.5
50,7542,251.4,154.5,100.5
50,7543,251.433,160.5,108.5
50,7544,251.467,166.5,118.5
50,7545,251.5,174.5,130.5
50,7546,251.533,180.5,140.5
50,7547,251.567,186.5,154.5
50,7548,251.6,192.5,168.5
50,7549,251.633,196.5,184.5
50,7550,251.667,194.5,180.5
50,7551,251.7,194.5,226.5
50,7552,251.733,188.5,236.5
50,7553,251.767,182.5,244.5
51,7572,252.4,322.5,240.5
51,7573,252.433,332.5,238.5
51,7574,252.467,342.5,234.5
51,7575,252.5,354.5,228.5
51,7576,252.533,368.5,220.5
51,7577,252.567,380.5,208.5
51,7578,252.6,394.5,194.5
51,7579,252.633,410.5,184.5
51,7580,252.667,426.5,176.5
51,7581,252.7,440.5,170.5
51,7582,252.733,458.5,166.5
51,7583,252.767,476.5,166.5
51,7584,252.8,492.5,170.5
51,7585,252.833,510.5,176.5
51,7586,252.867,528.5,182.5
51,7587,252.9,546.5,194.5
51,7588,252.933,564.5,206.5
51,7589,252.967,582.5,222.5
51,7590,253.0,600.5,240.5
51,7591,253.033,618.5,260.5
51,7592,253.067,634.5,284.5
51,7593,253.1,652.5,308.5
51,7594,253.133,668.5,332.5
51,7595,253.167,680.5,316.5
51,7596,253.2,694.5,298.5
51,7597,253.233,708.5,282.5
51,7598,253.267,720.5,274.5
51,7599,253.3,736.5,264.5
51,7600,253.333,750.5,258.5
51,7601,253.367,762.5,258.5
51,7602,253.4,776.5,258.5
51,7603,253.433,788.5,260.5
51,7604,253.467,800.5,266.5
51,7605,253.5,814.5,276.5
51,7606,253.533,824.5,288.5
51,7607,253.567,836.5,302.5
51,7608,253.6,848.5,316.5
51,7609,253.633,860.5,312.5
51,7610,253.667,864.5,308.5
51,7611,253.7,870.5,310.5
51,7612,253.733,876.5,314.5
51,7613,253.767,880.5,320.5
52,7665,255.5,824.5,338.5
52,7666,255.533,780.5,332.5
52,7667,255.567,742.5,312.5
52,7668,255.6,704.5,292.5
52,7669,255.633,668.5,280.5
52,7670,255.667,634.5,272.5
52,7671,255.7,600.5,266.5
52,7672,255.733,570.5,260.5
52,7673,255.767,540.5,262.5
52,7674,255.8,512.5,264.5
52,7675,255.833,488.5,270.5
52,7676,255.867,464.5,276.5
52,7677,255.9,442.5,286.5
52,7678,255.933,416.5,272.5
52,7679,255.967,394.5,258.5
52,7680,256.0,372.5,250.5
52,7681,256.033,352.5,242.5
52,7682,256.067,332.5,238.5
52,7683,256.1,312.5,236.5
52,7684,256.133,316.5,230.5
52,7685,256.167,338.5,220.5
52,7686,256.2,360.5,210.5
52,7687,256.233,384.5,202.5
52,7688,256.267,406.5,202.5
52,7689,256.3,430.5,198.5
52,7690,256.333,454.5,200.5
52,7691,256.367,478.5,202.5
52,7692,256.4,504.5,208.5
52,7693,256.433,528.5,214.5
52,7694,256.467,552.5,224.5
52,7695,256.5,578.5,236.5
52,7696,256.533,604.5,250.5
52,7697,256.567,628.5,268.5
52,7698,256.6,654.5,286.5
52,7699,256.633,678.5,306.5
52,7700,256.667,702.5,328.5
52,7701,256.7,726.5,340.5
52,7702,256.733,744.5,324.5
52,7703,256.767,764.5,314.5
52,7704,256.8,784.5,306.5
52,7705,256.833,802.5,300.5
52,7706,256.867,822.5,298.5
52,7707,256.9,840.5,298.5
52,7708,256.933,820.5,292.5
52,7709,256.967,764.5,284.5
52,7710,257.0,714.5,278.5
52,7711,257.033,666.5,276.5
52,7712,257.067,622.5,276.5
52,7713,257.1,580.5,276.5
52,7714,257.133,542.5,280.5
52,7715,257.167,508.5,286.5
52,7716,257.2,474.5,294.5
52,7717,257.233,444.5,292.5
52,7718,257.267,416.5,274.5
52,7719,257.3,392.5,258.5
52,7720,257.333,368.5,246.5
52,7721,257.367,344.5,236.5
52,7722,257.4,324.5,230.5
52,7723,257.433,306.5,226.5
52,7725,257.5,322.5,212.5
52,7726,257.533,348.5,202.5
52,7727,257.567,376.5,194.5
52,7728,257.6,406.5,190.5
52,7729,257.633,434.5,188.5
52,7730,257.667,464.5,188.5
52,7731,257.7,494.5,192.5
52,7732,257.733,526.5,196.5
52,7733,257.767,556.5,204.5
52,7734,257.8,586.5,216.5
52,7735,257.833,618.5,228.5
52,7736,257.867,646.5,242.5
52,7737,257.9,678.5,260.5
52,7738,257.933,704.5,280.5
52,7739,257.967,734.5,302.5
52,7740,258.0,764.5,326.5
52,7741,258.033,788.5,332.5
52,7742,258.067,814.5,316.5
52,7743,258.1,840.5,302.5
52,7744,258.133,864.5,290.5
52,7745,258.167,886.5,282.5
52,7746,258.2,912.5,276.5
52,7747,258.233,936.5,274.5
52,7748,258.267,956.5,274.5
52,7749,258.3,912.5,260.5
52,7750,258.333,862.5,246.5
52,7751,258.367,816.5,236.5
52,7752,258.4,770.5,232.5
52,7753,258.433,732.5,228.5
52,7754,258.467,690.5,228.5
52,7755,258.5,654.5,232.5
52,7756,258.533,620.5,236.5
52,7757,258.567,588.5,244.5
52,7758,258.6,558.5,252.5
52,7759,258.633,530.5,264.5
52,7760,258.667,504.5,276.5
52,7761,258.7,478.5,280.5
52,7762,258.733,450.5,264.5
52,7763,258.767,426.5,250.5
52,7764,258.8,400.5,240.5
52,7765,258.833,378.5,230.5
52,7766,258.867,356.5,226.5
52,7767,258.9,336.5,222.5
52,7768,258.933,316.5,222.5
52,7771,259.033,290.5,220.5
52,7772,259.067,294.5,218.5
52,7773,259.1,298.5,218.5
52,7774,259.133,304.5,220.5
52,7775,259.167,310.5,226.5
52,7776,259.2,316.5,234.5
52,7777,259.233,324.5,244.5
52,7778,259.267,332.5,256.5
52,7779,259.3,342.5,272.5
52,7780,259.333,352.5,292.5
52,7781,259.367,362.5,314.5
52,7782,259.4,372.5,340.5
52,7783,259.433,384.5,366.5
52,7784,259.467,396.5,394.5
52,7785,259.5,408.5,426.5
52,7786,259.533,420.5,460.5
52,7787,259.567,434.5,498.5
52,7788,259.6,448.5,536.5
52,7789,259.633,460.5,578.5
53,7795,259.833,528.5,576.5
53,7796,259.867,538.5,572.5
53,7797,259.9,550.5,570.5
53,7798,259.933,562.5,570.5
53,7799,259.967,574.5,572.5
53,7800,260.0,586.5,578.5
53,7801,260.033,596.5,586.5
53,7802,260.067,608.5,598.5
53,7803,260.1,620.5,610.5
53,7804,260.133,632.5,626.5
53,7805,260.167,642.5,644.5
53,7806,260.2,654.5,662.5
53,7807,260.233,662.5,682.5
53,7808,260.267,678.5,680.5
53,7809,260.3,692.5,680.5
53,7810,260.333,706.5,682.5
53,7811,260.367,720.5,688.5
53,7812,260.4,736.5,696.5
53,7813,260.433,752.5,706.5
53,7814,260.467,766.5,712.5
54,8005,266.833,852.5,330.5
54,8006,266.867,806.5,306.5
54,8007,266.9,762.5,288.5
54,8008,266.933,720.5,272.5
54,8009,266.967,682.5,260.5
54,8010,267.0,644.5,252.5
54,8011,267.033,610.5,246.5
54,8012,267.067,576.5,244.5
54,8013,267.1,546.5,242.5
54,8014,267.133,518.5,244.5
54,8015,267.167,490.5,250.5
54,8016,267.2,464.5,258.5
54,8017,267.233,440.5,248.5
54,8018,267.267,418.5,234.5
54,8019,267.3,398.5,224.5
54,8020,267.333,376.5,216.5
54,8021,267.367,382.5,210.5
54,8022,267.4,404.5,202.5
54,8023,267.433,428.5,198.5
54,8024,267.467,450.5,196.5
54,8025,267.5,474.5,198.5
54,8026,267.533,498.5,202.5
54,8027,267.567,522.5,208.5
54,8028,267.6,546.5,214.5
54,8029,267.633,572.5,226.5
54,8030,267.667,596.5,238.5
54,8031,267.7,622.5,252.5
54,8032,267.733,648.5,268.5
54,8033,267.767,672.5,290.5
54,8034,267.8,698.5,312.5
54,8035,267.833,722.5,320.5
54,8036,267.867,744.5,308.5
54,8037,267.9,768.5,300.5
54,8038,267.933,788.5,296.5
54,8039,267.967,810.5,294.5
54,8040,268.0,832.5,292.5
54,8041,268.033,854.5,296.5
54,8042,268.067,840.5,288.5
54,8043,268.1,792.5,270.5
54,8044,268.133,748.5,256.5
54,8045,268.167,704.5,244.5
54,8046,268.2,662.5,236.5
54,8047,268.233,622.5,230.5
54,8048,268.267,586.5,226.5
54,8049,268.3,550.5,226.5
54,8050,268.333,516.5,230.5
54,8051,268.367,484.5,236.5
54,8052,268.4,456.5,242.5
54,8053,268.433,428.5,252.5
54,8054,268.467,400.5,262.5
54,8055,268.5,376.5,274.5
54,8056,268.533,352.5,272.5
54,8057,268.567,328.5,252.5
54,8058,268.6,308.5,238.5
54,8059,268.633,288.5,226.5
54,8060,268.667,280.5,212.5
54,8061,268.7,304.5,200.5
54,8062,268.733,332.5,186.5
54,8063,268.767,358.5,178.5
54,8064,268.8,384.5,168.5
54,8065,268.833,414.5,164.5
54,8066,268.867,444.5,162.5
54,8067,268.9,472.5,160.5
54,8068,268.933,504.5,162.5
54,8069,268.967,532.5,168.5
54,8070,269.0,562.5,176.5
54,8071,269.033,592.5,186.5
54,8072,269.067,622.5,198.5
54,8073,269.1,652.5,212.5
54,8074,269.133,682.5,230.5
54,8075,269.167,710.5,250.5
54,8076,269.2,736.5,270.5
54,8077,269.233,764.5,292.5
54,8078,269.267,790.5,318.5
54,8079,269.3,816.5,342.5
54,8080,269.333,834.5,322.5
54,8081,269.367,856.5,302.5
54,8082,269.4,876.5,286.5
54,8083,269.433,894.5,274.5
54,8084,269.467,912.5,262.5
54,8085,269.5,932.5,254.5
54,8086,269.533,950.5,250.5
54,8087,269.567,966.5,248.5
54,8088,269.6,976.5,244.5
54,8089,269.633,910.5,226.5
54,8090,269.667,850.5,210.5
54,8091,269.7,798.5,200.5
54,8092,269.733,748.5,194.5
54,8093,269.767,702.5,188.5
54,8094,269.8,658.5,188.5
54,8095,269.833,620.5,188.5
54,8096,269.867,584.5,192.5
54,8097,269.9,550.5,198.5
54,8098,269.933,518.5,206.5
54,8099,269.967,490.5,216.5
54,8100,270.0,464.5,226.5
54,8101,270.033,438.5,236.5
54,8102,270.067,416.5,244.5
54,8103,270.1,396.5,222.5
54,8104,270.133,376.5,204.5
54,8105,270.167,358.5,188.5
54,8106,270.2,340.5,176.5
54,8107,270.233,324.5,166.5
54,8108,270.267,310.5,160.5
54,8109,270.3,294.5,156.5
54,8111,270.367,294.5,146.5
54,8112,270.4,314.5,140.5
54,8113,270.433,334.5,136.5
54,8114,270.467,354.5,134.5
54,8115,270.5,376.5,134.5
54,8116,270.533,398.5,136.5
54,8117,270.567,418.5,142.5
54,8118,270.6,444.5,148.5
54,8119,270.633,466.5,156.5
54,8120,270.667,490.5,168.5
54,8121,270.7,514.5,180.5
54,8122,270.733,538.5,196.5
54,8123,270.767,562.5,212.5
54,8124,270.8,588.5,232.5
54,8125,270.833,612.5,252.5
54,8126,270.867,626.5,266.5
54,8127,270.9,622.5,274.5
54,8128,270.933,614.5,280.5
54,8129,270.967,610.5,290.5
54,8130,271.0,606.5,282.5
54,8131,271.033,600.5,274.5
54,8132,271.067,598.5,266.5
54,8133,271.1,596.5,260.5
54,8134,271.133,590.5,258.5
54,8135,271.167,588.5,258.5
54,8136,271.2,584.5,260.5
54,8137,271.233,578.5,266.5
54,8138,271.267,576.5,274.5
54,8139,271.3,574.5,264.5
54,8140,271.333,570.5,258.5
54,8141,271.367,566.5,250.5
54,8142,271.4,564.5,246.5
54,8143,271.433,560.5,246.5
54,8144,271.467,556.5,248.5
54,8145,271.5,554.5,252.5
54,8146,271.533,550.5,258.5
54,8147,271.567,548.5,248.5
54,8148,271.6,546.5,242.5
54,8149,271.633,542.5,238.5
54,8150,271.667,540.5,236.5
54,8151,271.7,536.5,236.5
54,8152,271.733,532.5,238.5
54,8153,271.767,532.5,246.5
54,8154,271.8,528.5,240.5
54,8155,271.833,526.5,232.5
54,8156,271.867,522.5,230.5
54,8157,271.9,520.5,228.5
54,8158,271.933,518.5,228.5
54,8159,271.967,514.5,234.5
54,8160,272.0,512.5,232.5
54,8161,272.033,510.5,228.5
54,8162,272.067,506.5,224.5
54,8163,272.1,504.5,222.5
54,8164,272.133,500.5,222.5
54,8165,272.167,500.5,226.5
54,8166,272.2,494.5,226.5
54,8167,272.233,492.5,220.5
54,8168,272.267,492.5,216.5
54,8169,272.3,488.5,216.5
54,8170,272.333,484.5,216.5
54,8171,272.367,484.5,220.5
54,8172,272.4,482.5,226.5
55,8264,275.467,408.5,194.5
55,8265,275.5,414.5,180.5
55,8266,275.533,416.5,166.5
55,8267,275.567,416.5,150.5
55,8271,275.7,416.5,92.5
55,8272,275.733,412.5,86.5
55,8273,275.767,412.5,80.5
55,8274,275.8,410.5,72.5
55,8278,275.933,412.5,86.5
55,8279,275.967,412.5,92.5
55,8280,276.0,414.5,100.5
55,8281,276.033,416.5,114.5
56,8286,276.2,436.5,186.5
56,8287,276.233,448.5,202.5
56,8288,276.267,464.5,224.5
56,8289,276.3,480.5,244.5
56,8290,276.333,494.5,252.5
56,8291,276.367,510.5,250.5
56,8292,276.4,528.5,252.5
56,8293,276.433,544.5,254.5
56,8294,276.467,562.5,260.5
56,8295,276.5,582.5,268.5
56,8296,276.533,604.5,278.5
56,8297,276.567,624.5,290.5
56,8298,276.6,644.5,306.5
56,8299,276.633,668.5,324.5
56,8300,276.667,688.5,344.5
56,8301,276.7,712.5,368.5
56,8302,276.733,736.5,368.5
56,8303,276.767,758.5,366.5
56,8304,276.8,784.5,368.5
56,8305,276.833,808.5,372.5
56,8307,276.9,786.5,358.5
56,8308,276.933,740.5,338.5
56,8309,276.967,696.5,322.5
56,8310,277.0,656.5,310.5
56,8311,277.033,618.5,302.5
56,8312,277.067,584.5,296.5
56,8313,277.1,554.5,292.5
56,8314,277.133,526.5,290.5
56,8315,277.167,502.5,290.5
56,8316,277.2,478.5,292.5
56,8317,277.233,458.5,296.5
56,8318,277.267,438.5,280.5
56,8319,277.3,420.5,266.5
56,8320,277.333,404.5,256.5
56,8321,277.367,388.5,246.5
56,8322,277.4,374.5,240.5
56,8323,277.433,362.5,236.5
56,8324,277.467,352.5,234.5
56,8325,277.5,340.5,238.5
56,8326,277.533,334.5,236.5
56,8327,277.567,354.5,222.5
56,8328,277.6,372.5,210.5
56,8329,277.633,390.5,196.5
56,8330,277.667,410.5,188.5
56,8331,277.7,432.5,180.5
56,8332,277.733,454.5,176.5
56,8333,277.767,476.5,174.5
56,8334,277.8,500.5,174.5
56,8335,277.833,524.5,178.5
56,8336,277.867,546.5,182.5
56,8337,277.9,572.5,190.5
56,8338,277.933,594.5,200.5
56,8339,277.967,620.5,212.5
56,8340,278.0,642.5,228.5
56,8341,278.033,670.5,248.5
56,8342,278.067,692.5,266.5
56,8343,278.1,716.5,290.5
56,8344,278.133,738.5,314.5
56,8345,278.167,760.5,340.5
56,8346,278.2,782.5,354.5
56,8347,278.233,800.5,338.5
56,8348,278.267,820.5,322.5
56,8349,278.3,840.5,310.5
56,8350,278.333,860.5,304.5
56,8351,278.367,878.5,298.5
56,8352,278.4,872.5,290.5
56,8353,278.433,818.5,274.5
56,8354,278.467,766.5,260.5
56,8355,278.5,716.5,252.5
56,8356,278.533,672.5,246.5
56,8357,278.567,626.5,242.5
56,8358,278.6,586.5,242.5
56,8359,278.633,546.5,242.5
56,8360,278.667,512.5,248.5
56,8361,278.7,478.5,254.5
56,8362,278.733,448.5,262.5
56,8363,278.767,418.5,272.5
56,8364,278.8,392.5,284.5
56,8365,278.833,368.5,288.5
56,8366,278.867,344.5,266.5
56,8367,278.9,324.5,250.5
56,8368,278.933,304.5,234.5
56,8369,278.967,286.5,226.5
56,8370,279.0,268.5,216.5
56,8371,279.033,252.5,210.5
56,8372,279.067,234.5,208.5
56,8373,279.1,220.5,204.5
56,8374,279.133,238.5,214.5
56,8375,279.167,300.5,226.5
56,8376,279.2,360.5,242.5
56,8377,279.233,418.5,264.5
56,8378,279.267,478.5,288.5
56,8379,279.3,534.5,314.5
56,8380,279.333,566.5,306.5
56,8381,279.367,558.5,286.5
56,8382,279.4,550.5,268.5
56,8383,279.433,542.5,254.5
56,8384,279.467,536.5,242.5
56,8385,279.5,528.5,232.5
56,8386,279.533,522.5,226.5
56,8387,279.567,516.5,222.5
56,8388,279.6,510.5,220.5
56,8389,279.633,504.5,222.5
56,8390,279.667,498.5,226.5
56,8391,279.7,492.5,232.5
56,8392,279.733,488.5,240.5
56,8393,279.767,484.5,250.5
56,8394,279.8,480.5,260.5
56,8395,279.833,478.5,274.5
56,8396,279.867,474.5,274.5
56,8397,279.9,474.5,258.5
56,8398,279.933,472.5,242.5
56,8399,279.967,470.5,232.5
56,8400,280.0,470.5,224.5
56,8401,280.033,470.5,218.5
56,8402,280.067,470.5,212.5
56,8403,280.1,470.5,206.5
56,8405,280.167,466.5,214.5
56,8406,280.2,470.5,220.5
56,8407,280.233,472.5,228.5
56,8408,280.267,472.5,238.5
56,8409,280.3,472.5,248.5
56,8410,280.333,474.5,260.5
56,8411,280.367,476.5,250.5
56,8412,280.4,478.5,242.5
56,8413,280.433,482.5,230.5
56,8414,280.467,484.5,224.5
57,8611,287.033,384.5,182.5
57,8612,287.067,382.5,186.5
57,8616,287.2,380.5,182.5
57,8617,287.233,382.5,178.5
57,8621,287.367,396.5,176.5
58,8647,288.233,406.5,164.5
58,8651,288.367,404.5,98.5
58,8652,288.4,404.5,90.5
58,8653,288.433,404.5,82.5
58,8654,288.467,404.5,72.5
58,8655,288.5,402.5,68.5
58,8659,288.633,406.5,80.5
58,8660,288.667,408.5,86.5
58,8661,288.7,410.5,96.5
58,8662,288.733,412.5,104.5
58,8666,288.867,422.5,178.5
58,8668,288.933,446.5,208.5
58,8669,288.967,464.5,230.5
58,8670,289.0,480.5,238.5
58,8671,289.033,496.5,232.5
58,8672,289.067,512.5,228.5
58,8673,289.1,528.5,228.5
58,8674,289.133,546.5,228.5
58,8675,289.167,566.5,234.5
58,8676,289.2,586.5,240.5
58,8677,289.233,606.5,250.5
58,8678,289.267,628.5,260.5
58,8679,289.3,650.5,276.5
58,8680,289.333,672.5,296.5
58,8681,289.367,694.5,316.5
58,8682,289.4,716.5,340.5
58,8683,289.433,738.5,366.5
58,8684,289.467,758.5,358.5
58,8685,289.5,780.5,354.5
58,8686,289.533,800.5,352.5
58,8687,289.567,820.5,352.5
58,8688,289.6,842.5,356.5
58,8689,289.633,856.5,358.5
58,8690,289.667,800.5,332.5
58,8691,289.7,752.5,308.5
58,8692,289.733,704.5,290.5
58,8693,289.767,664.5,276.5
58,8694,289.8,624.5,266.5
58,8695,289.833,586.5,258.5
58,8696,289.867,550.5,254.5
58,8697,289.9,518.5,252.5
58,8698,289.933,488.5,254.5
58,8699,289.967,460.5,258.5
58,8700,290.0,434.5,264.5
58,8701,290.033,412.5,272.5
58,8702,290.067,388.5,282.5
58,8703,290.1,368.5,292.5
58,8704,290.133,350.5,284.5
58,8705,290.167,332.5,264.5
58,8706,290.2,312.5,248.5
58,8707,290.233,296.5,236.5
58,8708,290.267,280.5,226.5
58,8709,290.3,266.5,218.5
58,8710,290.333,254.5,214.5
58,8711,290.367,240.5,212.5
58,8712,290.4,228.5,212.5
58,8713,290.433,218.5,214.5
58,8714,290.467,208.5,220.5
58,8715,290.5,198.5,226.5
58,8717,290.567,228.5,212.5
58,8718,290.6,250.5,202.5
58,8719,290.633,276.5,194.5
58,8720,290.667,304.5,186.5
58,8721,290.7,332.5,182.5
58,8722,290.733,362.5,182.5
58,8723,290.767,392.5,184.5
58,8724,290.8,424.5,188.5
58,8725,290.833,456.5,196.5
58,8726,290.867,490.5,210.5
58,8727,290.9,520.5,222.5
58,8728,290.933,554.5,240.5
58,8729,290.967,588.5,260.5
58,8730,291.0,620.5,282.5
58,8731,291.033,652.5,306.5
58,8732,291.067,682.5,334.5
58,8733,291.1,714.5,364.5
58,8734,291.133,742.5,368.5
58,8735,291.167,768.5,352.5
58,8736,291.2,794.5,338.5
58,8737,291.233,820.5,328.5
58,8738,291.267,848.5,320.5
58,8739,291.3,876.5,316.5
58,8740,291.333,902.5,316.5
58,8741,291.367,882.5,314.5
58,8742,291.4,812.5,306.5
58,8743,291.433,750.5,302.5
58,8744,291.467,694.5,300.5
58,8745,291.5,646.5,302.5
58,8746,291.533,608.5,306.5
58,8747,291.567,582.5,312.5
58,8748,291.6,582.5,314.5
58,8749,291.633,586.5,314.5
58,8750,291.667,592.5,314.5
58,8751,291.7,596.5,316.5
58,8752,291.733,598.5,314.5
58,8753,291.767,602.5,314.5
58,8754,291.8,606.5,314.5
58,8755,291.833,606.5,314.5
58,8756,291.867,608.5,314.5
58,8757,291.9,610.5,314.5
58,8758,291.933,612.5,314.5
58,8759,291.967,612.5,314.5
58,8760,292.0,614.5,316.5
58,8761,292.033,614.5,314.5
58,8762,292.067,618.5,314.5
58,8763,292.1,620.5,314.5
58,8764,292.133,622.5,314.5
58,8765,292.167,622.5,314.5
58,8766,292.2,624.5,314.5
58,8767,292.233,624.5,314.5
58,8768,292.267,626.5,314.5
58,8769,292.3,628.5,314.5
58,8770,292.333,630.5,314.5
58,8771,292.367,632.5,314.5
58,8772,292.4,632.5,314.5
58,8773,292.433,636.5,314.5
58,8774,292.467,636.5,312.5
58,8775,292.5,638.5,314.5
58,8776,292.533,640.5,312.5
58,8777,292.567,640.5,312.5
58,8778,292.6,642.5,312.5
58,8779,292.633,646.5,314.5
58,8780,292.667,646.5,312.5
58,8781,292.7,648.5,312.5
58,8782,292.733,650.5,310.5
58,8783,292.767,652.5,310.5
58,8784,292.8,654.5,310.5
58,8785,292.833,654.5,310.5
58,8786,292.867,656.5,310.5
58,8787,292.9,658.5,310.5
58,8788,292.933,660.5,308.5
58,8789,292.967,660.5,310.5
58,8790,293.0,660.5,308.5
58,8791,293.033,664.5,308.5
58,8792,293.067,664.5,308.5
58,8793,293.1,668.5,308.5
58,8794,293.133,668.5,308.5
58,8795,293.167,670.5,308.5
58,8796,293.2,670.5,306.5
58,8797,293.233,672.5,306.5
58,8798,293.267,672.5,306.5
58,8799,293.3,674.5,306.5
58,8800,293.333,676.5,304.5
58,8801,293.367,678.5,304.5
58,8802,293.4,678.5,304.5
58,8803,293.433,680.5,302.5
58,8804,293.467,680.5,302.5
58,8805,293.5,684.5,304.5
58,8806,293.533,684.5,302.5
58,8807,293.567,684.5,302.5
58,8808,293.6,686.5,302.5
58,8809,293.633,686.5,302.5
58,8810,293.667,688.5,302.5
58,8811,293.7,688.5,300.5
58,8812,293.733,688.5,300.5
58,8813,293.767,690.5,298.5
58,8815,293.833,694.5,296.5
58,8817,293.9,696.5,300.5
58,8818,293.933,700.5,296.5
58,8819,293.967,698.5,296.5
58,8821,294.033,696.5,298.5
58,8822,294.067,702.5,298.5
58,8823,294.1,708.5,304.5
58,8824,294.133,712.5,310.5
58,8825,294.167,716.5,312.5
58,8826,294.2,720.5,318.5
58,8827,294.233,726.5,322.5
58,8828,294.267,730.5,326.5
58,8829,294.3,736.5,330.5
58,8830,294.333,740.5,334.5
58,8831,294.367,746.5,336.5
58,8832,294.4,750.5,340.5
58,8833,294.433,754.5,346.5
58,8834,294.467,758.5,348.5
58,8835,294.5,762.5,350.5
58,8836,294.533,764.5,352.5
58,8837,294.567,770.5,360.5
58,8838,294.6,770.5,356.5
58,8839,294.633,776.5,364.5
58,8840,294.667,778.5,366.5
58,8842,294.733,790.5,364.5
59,8926,297.533,850.5,336.5
59,8927,297.567,800.5,318.5
59,8928,297.6,752.5,304.5
59,8929,297.633,708.5,292.5
59,8930,297.667,664.5,284.5
59,8931,297.7,624.5,280.5
59,8932,297.733,584.5,278.5
59,8933,297.767,546.5,280.5
59,8934,297.8,512.5,282.5
59,8935,297.833,480.5,290.5
59,8936,297.867,448.5,296.5
59,8937,297.9,420.5,280.5
59,8938,297.933,394.5,268.5
59,8939,297.967,368.5,258.5
59,8940,298.0,344.5,252.5
59,8941,298.033,320.5,248.5
59,8942,298.067,304.5,246.5
59,8943,298.1,328.5,230.5
59,8944,298.133,350.5,214.5
59,8945,298.167,374.5,202.5
59,8946,298.2,398.5,194.5
59,8947,298.233,422.5,186.5
59,8948,298.267,450.5,180.5
59,8949,298.3,476.5,178.5
59,8950,298.333,504.5,178.5
59,8951,298.367,530.5,180.5
59,8952,298.4,558.5,184.5
59,8953,298.433,586.5,192.5
59,8954,298.467,614.5,202.5
59,8955,298.5,640.5,216.5
59,8956,298.533,672.5,230.5
59,8957,298.567,696.5,248.5
59,8958,298.6,724.5,268.5
59,8959,298.633,750.5,290.5
59,8960,298.667,776.5,314.5
59,8961,298.7,802.5,340.5
59,8962,298.733,826.5,364.5
59,8963,298.767,846.5,344.5
59,8964,298.8,866.5,324.5
59,8965,298.833,884.5,312.5
59,8966,298.867,904.5,300.5
59,8967,298.9,924.5,290.5
59,8968,298.933,942.5,284.5
59,8969,298.967,960.5,282.5
59,8970,299.0,978.5,282.5
59,8971,299.033,996.5,284.5
59,8972,299.067,1012.5,290.5
59,8973,299.1,1026.5,300.5
59,8974,299.133,1040.5,310.5
59,8975,299.167,1056.5,320.5
59,8976,299.2,1072.5,312.5
60,9050,301.667,828.5,338.5
60,9051,301.7,784.5,314.5
60,9052,301.733,742.5,298.5
60,9053,301.767,702.5,280.5
60,9054,301.8,662.5,270.5
60,9055,301.833,626.5,262.5
60,9056,301.867,592.5,258.5
60,9057,301.9,556.5,258.5
60,9058,301.933,524.5,258.5
60,9059,301.967,494.5,262.5
60,9060,302.0,464.5,268.5
60,9061,302.033,438.5,278.5
60,9062,302.067,412.5,288.5
60,9063,302.1,388.5,284.5
60,9064,302.133,366.5,268.5
60,9065,302.167,346.5,258.5
60,9066,302.2,326.5,246.5
60,9067,302.233,306.5,240.5
60,9068,302.267,288.5,236.5
60,9069,302.3,302.5,228.5
60,9070,302.333,332.5,220.5
60,9071,302.367,364.5,214.5
60,9072,302.4,396.5,212.5
60,9073,302.433,430.5,210.5
60,9074,302.467,464.5,212.5
60,9075,302.5,496.5,218.5
60,9076,302.533,530.5,226.5
60,9077,302.567,566.5,236.5
60,9078,302.6,600.5,248.5
60,9079,302.633,636.5,262.5
60,9080,302.667,668.5,280.5
60,9081,302.7,704.5,302.5
60,9082,302.733,736.5,324.5
60,9083,302.767,770.5,348.5
60,9084,302.8,802.5,366.5
60,9085,302.833,830.5,352.5
60,9086,302.867,862.5,340.5
60,9087,302.9,890.5,328.5
60,9088,302.933,920.5,324.5
60,9089,302.967,948.5,322.5
60,9090,303.0,948.5,312.5
60,9091,303.033,888.5,290.5
60,9092,303.067,830.5,272.5
60,9093,303.1,776.5,256.5
60,9094,303.133,726.5,244.5
60,9095,303.167,680.5,236.5
60,9096,303.2,638.5,232.5
60,9097,303.233,598.5,228.5
60,9098,303.267,562.5,230.5
60,9099,303.3,528.5,232.5
60,9100,303.333,500.5,236.5
60,9101,303.367,474.5,244.5
60,9102,303.4,448.5,252.5
60,9103,303.433,426.5,260.5
60,9104,303.467,406.5,260.5
60,9105,303.5,386.5,240.5
60,9106,303.533,368.5,224.5
60,9107,303.567,352.5,210.5
60,9108,303.6,346.5,198.5
60,9109,303.633,372.5,188.5
60,9110,303.667,396.5,182.5
60,9111,303.7,422.5,178.5
60,9112,303.733,448.5,176.5
60,9113,303.767,474.5,176.5
60,9114,303.8,500.5,178.5
60,9115,303.833,528.5,184.5
60,9116,303.867,556.5,190.5
60,9117,303.9,582.5,202.5
60,9118,303.933,610.5,214.5
60,9119,303.967,640.5,228.5
60,9120,304.0,670.5,246.5
60,9121,304.033,696.5,266.5
60,9122,304.067,726.5,288.5
60,9123,304.1,754.5,314.5
60,9124,304.133,782.5,342.5
60,9125,304.167,810.5,358.5
60,9126,304.2,836.5,344.5
60,9127,304.233,862.5,330.5
60,9128,304.267,888.5,322.5
60,9129,304.3,914.5,316.5
60,9130,304.333,940.5,312.5
60,9131,304.367,966.5,314.5
60,9132,304.4,952.5,304.5
60,9133,304.433,876.5,288.5
60,9134,304.467,810.5,274.5
60,9135,304.5,748.5,264.5
60,9136,304.533,692.5,256.5
60,9137,304.567,644.5,252.5
60,9138,304.6,600.5,250.5
60,9139,304.633,562.5,250.5
60,9140,304.667,528.5,252.5
60,9141,304.7,496.5,256.5
60,9142,304.733,468.5,260.5
60,9143,304.767,446.5,252.5
60,9144,304.8,422.5,234.5
60,9145,304.833,404.5,216.5
60,9146,304.867,386.5,204.5
60,9147,304.9,370.5,194.5
60,9148,304.933,360.5,186.5
60,9150,305.0,386.5,172.5
60,9151,305.033,396.5,164.5
60,9152,305.067,408.5,162.5
60,9153,305.1,422.5,160.5
60,9154,305.133,434.5,162.5
60,9155,305.167,448.5,168.5
60,9156,305.2,462.5,176.5
60,9157,305.233,476.5,184.5
60,9158,305.267,490.5,196.5
60,9159,305.3,504.5,214.5
60,9160,305.333,518.5,232.5
60,9161,305.367,532.5,254.5
60,9162,305.4,546.5,280.5
60,9163,305.433,562.5,308.5
60,9164,305.467,576.5,338.5
60,9165,305.5,588.5,372.5
60,9166,305.533,600.5,360.5
60,9167,305.567,610.5,346.5
60,9168,305.6,622.5,336.5
60,9169,305.633,634.5,328.5
60,9170,305.667,646.5,324.5
60,9171,305.7,658.5,322.5
60,9172,305.733,670.5,324.5
60,9173,305.767,682.5,330.5
60,9174,305.8,696.5,338.5
60,9175,305.833,708.5,348.5
60,9176,305.867,700.5,340.5
60,9177,305.9,670.5,304.5
60,9178,305.933,644.5,276.5
60,9179,305.967,620.5,254.5
60,9180,306.0,598.5,236.5
60,9181,306.033,580.5,224.5
60,9182,306.067,562.5,214.5
60,9183,306.1,546.5,210.5
60,9184,306.133,532.5,208.5
60,9185,306.167,520.5,210.5
60,9186,306.2,510.5,212.5
60,9187,306.233,500.5,218.5
60,9188,306.267,492.5,224.5
60,9189,306.3,484.5,234.5
60,9190,306.333,478.5,244.5
60,9191,306.367,470.5,246.5
60,9192,306.4,464.5,224.5
60,9193,306.433,458.5,206.5
60,9194,306.467,450.5,190.5
60,9195,306.5,446.5,178.5
60,9196,306.533,438.5,168.5
60,9198,306.6,480.5,160.5
60,9199,306.633,506.5,158.5
60,9200,306.667,532.5,160.5
60,9201,306.7,558.5,162.5
60,9202,306.733,584.5,170.5
60,9203,306.767,612.5,178.5
60,9204,306.8,638.5,188.5
60,9205,306.833,666.5,202.5
60,9206,306.867,692.5,218.5
60,9207,306.9,720.5,236.5
60,9208,306.933,746.5,256.5
60,9209,306.967,772.5,278.5
60,9210,307.0,798.5,300.5
60,9211,307.033,820.5,286.5
60,9212,307.067,844.5,274.5
60,9213,307.1,866.5,266.5
60,9214,307.133,892.5,258.5
60,9215,307.167,912.5,256.5
60,9216,307.2,936.5,252.5
60,9217,307.233,958.5,254.5
60,9218,307.267,982.5,258.5
60,9219,307.3,1004.5,266.5
60,9220,307.333,1024.5,276.5
60,9221,307.367,1046.5,288.5
60,9222,307.4,1064.5,302.5
60,9223,307.433,1084.5,322.5
60,9224,307.467,1102.5,340.5
60,9225,307.5,1118.5,362.5
60,9226,307.533,1074.5,344.5
60,9227,307.567,1010.5,308.5
60,9228,307.6,946.5,280.5
60,9229,307.633,888.5,258.5
60,9230,307.667,832.5,242.5
60,9231,307.7,778.5,228.5
60,9232,307.733,724.5,220.5
60,9233,307.767,678.5,216.5
60,9234,307.8,630.5,216.5
60,9235,307.833,588.5,216.5
60,9236,307.867,548.5,222.5
60,9237,307.9,510.5,230.5
60,9238,307.933,476.5,240.5
60,9239,307.967,442.5,252.5
60,9240,308.0,412.5,268.5
60,9241,308.033,382.5,284.5
60,9242,308.067,348.5,264.5
60,9243,308.1,316.5,248.5
60,9244,308.133,284.5,234.5
60,9245,308.167,254.5,224.5
60,9246,308.2,224.5,214.5
60,9247,308.233,196.5,210.5
60,9248,308.267,168.5,208.5
60,9249,308.3,142.5,208.5
60,9250,308.333,120.5,210.5
60,9251,308.367,96.5,216.5
60,9252,308.4,74.5,224.5
60,9253,308.433,88.5,212.5
60,9254,308.467,120.5,194.5
60,9255,308.5,152.5,172.5
60,9256,308.533,184.5,158.5
60,9257,308.567,220.5,146.5
60,9258,308.6,256.5,138.5
60,9259,308.633,296.5,132.5
60,9260,308.667,334.5,132.5
60,9261,308.7,372.5,132.5
60,9262,308.733,412.5,138.5
60,9263,308.767,450.5,148.5
60,9264,308.8,488.5,158.5
60,9265,308.833,528.5,172.5
60,9266,308.867,564.5,190.5
60,9267,308.9,602.5,210.5
60,9268,308.933,638.5,232.5
60,9269,308.967,672.5,258.5
60,9270,309.0,704.5,282.5
60,9271,309.033,736.5,312.5
60,9272,309.067,764.5,340.5
60,9273,309.1,794.5,336.5
60,9274,309.133,824.5,312.5
60,9275,309.167,854.5,292.5
60,9276,309.2,882.5,276.5
60,9277,309.233,912.5,264.5
60,9278,309.267,944.5,252.5
60,9279,309.3,972.5,244.5
60,9280,309.333,1000.5,242.5
60,9281,309.367,1028.5,242.5
60,9282,309.4,1056.5,244.5
60,9283,309.433,1082.5,250.5
60,9284,309.467,1066.5,248.5
60,9285,309.5,1002.5,232.5
60,9286,309.533,942.5,222.5
60,9287,309.567,882.5,216.5
60,9288,309.6,830.5,212.5
60,9289,309.633,776.5,212.5
60,9290,309.667,726.5,218.5
60,9291,309.7,680.5,224.5
60,9292,309.733,636.5,232.5
60,9293,309.767,594.5,244.5
60,9294,309.8,556.5,258.5
60,9295,309.833,520.5,272.5
60,9296,309.867,488.5,288.5
60,9297,309.9,456.5,306.5
60,9298,309.933,428.5,284.5
60,9299,309.967,402.5,264.5
60,9300,310.0,380.5,246.5
60,9301,310.033,354.5,232.5
60,9302,310.067,334.5,220.5
60,9303,310.1,312.5,210.5
60,9304,310.133,292.5,206.5
60,9305,310.167,272.5,202.5
60,9306,310.2,254.5,202.5
60,9307,310.233,238.5,206.5
60,9308,310.267,222.5,210.5
60,9309,310.3,208.5,218.5
60,9310,310.333,194.5,226.5
60,9311,310.367,184.5,238.5
60,9312,310.4,174.5,250.5
60,9313,310.433,168.5,262.5
60,9314,310.467,194.5,244.5
60,9315,310.5,222.5,232.5
60,9316,310.533,250.5,220.5
60,9317,310.567,280.5,212.5
60,9318,310.6,310.5,206.5
60,9319,310.633,342.5,204.5
60,9320,310.667,374.5,204.5
60,9321,310.7,408.5,206.5
60,9322,310.733,444.5,212.5
60,9323,310.767,480.5,220.5
60,9324,310.8,516.5,234.5
60,9325,310.833,552.5,250.5
60,9326,310.867,590.5,268.5
60,9327,310.9,626.5,290.5
60,9328,310.933,660.5,314.5
60,9329,310.967,696.5,340.5
60,9330,311.0,730.5,370.5
60,9331,311.033,764.5,402.5
60,9332,311.067,794.5,386.5
60,9333,311.1,828.5,372.5
60,9334,311.133,858.5,362.5
60,9335,311.167,892.5,354.5
60,9336,311.2,924.5,348.5
60,9337,311.233,958.5,346.5
60,9338,311.267,946.5,336.5
60,9339,311.3,866.5,306.5
60,9340,311.333,792.5,280.5
60,9341,311.367,728.5,262.5
60,9342,311.4,672.5,248.5
60,9343,311.433,620.5,238.5
60,9344,311.467,574.5,232.5
60,9345,311.5,534.5,230.5
60,9346,311.533,498.5,230.5
60,9347,311.567,466.5,234.5
60,9348,311.6,436.5,238.5
60,9349,311.633,412.5,246.5
60,9350,311.667,388.5,254.5
60,9351,311.7,368.5,260.5
60,9352,311.733,350.5,236.5
60,9353,311.767,330.5,216.5
60,9354,311.8,314.5,200.5
60,9355,311.833,312.5,184.5
60,9356,311.867,328.5,178.5
60,9357,311.9,344.5,168.5
60,9358,311.933,364.5,162.5
60,9359,311.967,382.5,160.5
60,9360,312.0,400.5,160.5
60,9361,312.033,422.5,160.5
60,9362,312.067,442.5,164.5
60,9363,312.1,464.5,172.5
60,9364,312.133,488.5,180.5
60,9365,312.167,512.5,194.5
60,9366,312.2,536.5,210.5
60,9367,312.233,560.5,228.5
60,9368,312.267,588.5,250.5
60,9369,312.3,612.5,276.5
60,9370,312.333,638.5,302.5
60,9371,312.367,660.5,332.5
60,9372,312.4,686.5,364.5
60,9373,312.433,712.5,402.5
60,9374,312.467,736.5,402.5
60,9375,312.5,758.5,386.5
60,9376,312.533,782.5,376.5
60,9377,312.567,808.5,366.5
60,9378,312.6,832.5,360.5
60,9379,312.633,860.5,356.5
60,9380,312.667,886.5,358.5
60,9381,312.7,866.5,346.5
60,9382,312.733,796.5,316.5
60,9383,312.767,738.5,298.5
60,9384,312.8,690.5,284.5
60,9385,312.833,650.5,274.5
60,9386,312.867,614.5,268.5
60,9387,312.9,584.5,268.5
60,9388,312.933,558.5,268.5
60,9389,312.967,536.5,270.5
60,9390,313.0,516.5,276.5
60,9391,313.033,498.5,260.5
60,9392,313.067,484.5,236.5
60,9393,313.1,470.5,218.5
60,9394,313.133,458.5,202.5
60,9395,313.167,448.5,190.5
60,9396,313.2,438.5,180.5
60,9398,313.267,440.5,164.5
60,9399,313.3,458.5,152.5
60,9400,313.333,476.5,142.5
60,9401,313.367,494.5,136.5
60,9402,313.4,512.5,130.5
60,9403,313.433,532.5,130.5
60,9404,313.467,552.5,128.5
60,9405,313.5,572.5,130.5
60,9406,313.533,592.5,134.5
60,9407,313.567,612.5,144.5
60,9408,313.6,632.5,152.5
60,9409,313.633,652.5,164.5
60,9410,313.667,672.5,180.5
60,9411,313.7,692.5,198.5
60,9412,313.733,712.5,218.5
60,9413,313.767,732.5,242.5
60,9414,313.8,752.5,266.5
60,9415,313.833,768.5,292.5
60,9416,313.867,786.5,322.5
60,9417,313.9,804.5,338.5
60,9418,313.933,822.5,320.5
60,9419,313.967,840.5,304.5
60,9420,314.0,856.5,290.5
60,9421,314.033,872.5,282.5
60,9422,314.067,890.5,274.5
60,9423,314.1,908.5,272.5
60,9424,314.133,924.5,270.5
60,9425,314.167,940.5,272.5
60,9426,314.2,956.5,276.5
60,9427,314.233,962.5,284.5
60,9428,314.267,898.5,264.5
60,9429,314.3,844.5,250.5
60,9430,314.333,794.5,242.5
60,9431,314.367,746.5,236.5
60,9432,314.4,704.5,234.5
60,9433,314.433,664.5,236.5
60,9434,314.467,626.5,240.5
60,9435,314.5,592.5,244.5
60,9436,314.533,560.5,252.5
60,9437,314.567,530.5,262.5
60,9438,314.6,504.5,272.5
60,9439,314.633,480.5,268.5
60,9440,314.667,458.5,246.5
60,9441,314.7,434.5,228.5
60,9442,314.733,416.5,214.5
60,9443,314.767,396.5,204.5
60,9444,314.8,378.5,194.5
60,9445,314.833,360.5,190.5
60,9446,314.867,344.5,188.5
60,9447,314.9,342.5,176.5
60,9451,315.033,432.5,162.5
60,9452,315.067,456.5,162.5
60,9453,315.1,480.5,164.5
60,9454,315.133,502.5,170.5
60,9455,315.167,528.5,178.5
60,9456,315.2,552.5,188.5
60,9457,315.233,578.5,204.5
60,9458,315.267,604.5,220.5
60,9459,315.3,630.5,242.5
60,9460,315.333,654.5,262.5
60,9461,315.367,678.5,288.5
60,9462,315.4,704.5,316.5
60,9463,315.433,730.5,350.5
60,9464,315.467,756.5,386.5
60,9465,315.5,780.5,402.5
60,9466,315.533,802.5,388.5
60,9467,315.567,824.5,378.5
60,9468,315.6,846.5,370.5
60,9469,315.633,868.5,364.5
60,9470,315.667,892.5,362.5
60,9471,315.7,914.5,364.5
60,9472,315.733,930.5,366.5
60,9473,315.767,856.5,334.5
60,9474,315.8,790.5,310.5
60,9475,315.833,730.5,288.5
60,9476,315.867,676.5,274.5
60,9477,315.9,628.5,264.5
60,9478,315.933,586.5,258.5
60,9479,315.967,548.5,254.5
60,9480,316.0,514.5,254.5
60,9481,316.033,484.5,258.5
60,9482,316.067,458.5,260.5
60,9483,316.1,434.5,268.5
60,9484,316.133,414.5,276.5
60,9485,316.167,396.5,284.5
60,9486,316.2,378.5,262.5
60,9487,316.233,360.5,240.5
60,9488,316.267,344.5,224.5
60,9489,316.3,332.5,210.5
60,9490,316.333,318.5,198.5
60,9491,316.367,306.5,192.5
60,9492,316.4,296.5,184.5
60,9493,316.433,288.5,182.5
60,9494,316.467,280.5,182.5
60,9496,316.533,280.5,74.5
60,9498,316.6,344.5,134.5
60,9499,316.633,364.5,124.5
60,9500,316.667,384.5,118.5
60,9501,316.7,404.5,114.5
60,9502,316.733,426.5,114.5
60,9503,316.767,446.5,114.5
60,9504,316.8,468.5,116.5
60,9505,316.833,490.5,124.5
60,9506,316.867,512.5,134.5
60,9507,316.9,534.5,146.5
60,9508,316.933,556.5,162.5
60,9509,316.967,576.5,180.5
60,9510,317.0,598.5,202.5
60,9511,317.033,618.5,224.5
60,9512,317.067,638.5,248.5
60,9513,317.1,658.5,278.5
60,9514,317.133,676.5,308.5
60,9515,317.167,694.5,340.5
60,9516,317.2,708.5,344.5
60,9517,317.233,720.5,324.5
60,9518,317.267,732.5,310.5
60,9519,317.3,742.5,298.5
60,9520,317.333,754.5,286.5
60,9521,317.367,766.5,278.5
60,9522,317.4,776.5,274.5
60,9523,317.433,788.5,272.5
60,9524,317.467,800.5,274.5
60,9525,317.5,810.5,280.5
60,9526,317.533,820.5,288.5
60,9527,317.567,832.5,300.5
60,9528,317.6,840.5,314.5
60,9529,317.633,794.5,290.5
60,9530,317.667,742.5,264.5
60,9531,317.7,700.5,242.5
60,9532,317.733,660.5,226.5
60,9533,317.767,626.5,216.5
60,9534,317.8,596.5,210.5
60,9535,317.833,570.5,204.5
60,9536,317.867,548.5,204.5
60,9537,317.9,528.5,204.5
60,9538,317.933,510.5,210.5
60,9539,317.967,494.5,214.5
60,9540,318.0,478.5,220.5
60,9541,318.033,466.5,228.5
60,9542,318.067,454.5,232.5
60,9543,318.1,442.5,208.5
60,9544,318.133,430.5,190.5
60,9545,318.167,420.5,174.5
60,9546,318.2,410.5,162.5
60,9550,318.333,424.5,144.5
60,9551,318.367,436.5,142.5
60,9552,318.4,448.5,146.5
60,9553,318.433,462.5,150.5
60,9554,318.467,474.5,160.5
60,9555,318.5,486.5,172.5
60,9556,318.533,498.5,186.5
60,9557,318.567,512.5,204.5
60,9558,318.6,526.5,224.5
60,9559,318.633,538.5,244.5
60,9560,318.667,552.5,272.5
60,9561,318.7,564.5,300.5
60,9562,318.733,568.5,318.5
60,9563,318.767,560.5,322.5
60,9564,318.8,552.5,320.5
60,9565,318.833,542.5,322.5
60,9566,318.867,532.5,322.5
60,9567,318.9,524.5,322.5
60,9568,318.933,516.5,324.5
60,9569,318.967,506.5,324.5
60,9570,319.0,498.5,326.5
60,9572,319.067,480.5,324.5
60,9573,319.1,472.5,326.5
60,9574,319.133,464.5,328.5
60,9575,319.167,456.5,330.5
60,9576,319.2,448.5,330.5
60,9577,319.233,438.5,330.5
60,9578,319.267,430.5,330.5
60,9579,319.3,422.5,332.5
60,9580,319.333,414.5,332.5
60,9582,319.4,398.5,334.5
60,9583,319.433,388.5,334.5
60,9584,319.467,382.5,336.5
60,9585,319.5,372.5,338.5
60,9586,319.533,366.5,340.5
60,9587,319.567,358.5,346.5
60,9588,319.6,352.5,354.5
60,9589,319.633,346.5,366.5
60,9590,319.667,340.5,378.5
60,9591,319.7,336.5,392.5
60,9592,319.733,332.5,410.5
60,9593,319.767,328.5,428.5
60,9594,319.8,326.5,448.5
60,9595,319.833,324.5,468.5
60,9596,319.867,322.5,490.5
60,9597,319.9,316.5,496.5
60,9598,319.933,306.5,484.5
60,9599,319.967,298.5,474.5
60,9600,320.0,290.5,466.5
60,9601,320.033,282.5,460.5
60,9602,320.067,276.5,456.5
60,9603,320.1,268.5,454.5
60,9604,320.133,262.5,458.5
60,9605,320.167,256.5,460.5
60,9606,320.2,250.5,466.5
60,9607,320.233,244.5,474.5
60,9608,320.267,240.5,484.5
60,9609,320.3,238.5,496.5
60,9610,320.333,234.5,510.5
60,9611,320.367,228.5,508.5
60,9612,320.4,220.5,502.5
60,9613,320.433,212.5,500.5
60,9614,320.467,206.5,500.5
60,9615,320.5,200.5,500.5
60,9616,320.533,194.5,506.5
60,9617,320.567,190.5,512.5
60,9618,320.6,186.5,516.5
60,9619,320.633,180.5,514.5
60,9620,320.667,174.5,514.5
60,9624,320.8,178.5,514.5
60,9625,320.833,190.5,508.5
60,9626,320.867,200.5,506.5
60,9627,320.9,210.5,500.5
60,9628,320.933,218.5,498.5
60,9629,320.967,226.5,498.5
60,9630,321.0,234.5,496.5
60,9631,321.033,242.5,492.5
60,9632,321.067,248.5,490.5
61,9656,321.867,276.5,238.5
61,9657,321.9,290.5,226.5
61,9658,321.933,306.5,218.5
61,9659,321.967,322.5,212.5
61,9660,322.0,338.5,208.5
61,9661,322.033,356.5,204.5
61,9662,322.067,374.5,204.5
61,9663,322.1,394.5,208.5
61,9664,322.133,412.5,212.5
61,9665,322.167,432.5,220.5
61,9666,322.2,450.5,230.5
61,9667,322.233,474.5,246.5
61,9668,322.267,494.5,262.5
61,9669,322.3,514.5,280.5
61,9670,322.333,534.5,300.5
61,9671,322.367,556.5,324.5
61,9672,322.4,574.5,348.5
61,9673,322.433,592.5,358.5
61,9674,322.467,606.5,342.5
61,9675,322.5,622.5,328.5
61,9676,322.533,636.5,316.5
61,9677,322.567,652.5,308.5
61,9678,322.6,668.5,304.5
61,9679,322.633,682.5,300.5
61,9680,322.667,698.5,302.5
61,9681,322.7,712.5,304.5
61,9682,322.733,728.5,310.5
61,9683,322.767,742.5,320.5
61,9684,322.8,756.5,332.5
61,9685,322.833,768.5,346.5
61,9686,322.867,782.5,362.5
61,9687,322.9,796.5,382.5
61,9688,322.933,806.5,404.5
61,9689,322.967,818.5,396.5
61,9690,323.0,830.5,380.5
61,9691,323.033,842.5,368.5
61,9692,323.067,854.5,358.5
61,9693,323.1,864.5,352.5
61,9694,323.133,876.5,348.5
61,9695,323.167,886.5,348.5
61,9696,323.2,896.5,352.5
61,9697,323.233,906.5,358.5
61,9698,323.267,914.5,366.5
62,9751,325.033,816.5,340.5
62,9752,325.067,770.5,316.5
62,9753,325.1,726.5,296.5
62,9754,325.133,688.5,280.5
62,9755,325.167,648.5,268.5
62,9756,325.2,614.5,258.5
62,9757,325.233,578.5,256.5
62,9758,325.267,546.5,252.5
62,9759,325.3,516.5,252.5
62,9760,325.333,486.5,256.5
62,9761,325.367,460.5,260.5
62,9762,325.4,432.5,268.5
62,9763,325.433,410.5,254.5
62,9764,325.467,384.5,242.5
62,9765,325.5,366.5,232.5
62,9766,325.533,344.5,224.5
62,9767,325.567,328.5,220.5
62,9768,325.6,342.5,206.5
62,9769,325.633,354.5,194.5
62,9770,325.667,370.5,184.5
62,9771,325.7,386.5,176.5
62,9772,325.733,402.5,170.5
62,9773,325.767,418.5,164.5
62,9774,325.8,436.5,164.5
62,9775,325.833,454.5,164.5
62,9776,325.867,470.5,170.5
62,9777,325.9,490.5,176.5
62,9778,325.933,508.5,186.5
62,9779,325.967,528.5,198.5
62,9780,326.0,546.5,212.5
62,9781,326.033,566.5,230.5
62,9782,326.067,588.5,250.5
62,9783,326.1,608.5,274.5
62,9784,326.133,628.5,300.5
62,9785,326.167,650.5,328.5
62,9786,326.2,670.5,358.5
62,9787,326.233,688.5,388.5
62,9788,326.267,706.5,376.5
62,9789,326.3,722.5,360.5
62,9790,326.333,738.5,346.5
62,9791,326.367,756.5,336.5
62,9792,326.4,772.5,330.5
62,9793,326.433,790.5,324.5
62,9794,326.467,808.5,324.5
62,9795,326.5,784.5,314.5
62,9796,326.533,714.5,292.5
62,9797,326.567,650.5,274.5
62,9798,326.6,594.5,264.5
62,9799,326.633,546.5,254.5
62,9800,326.667,504.5,250.5
62,9801,326.7,466.5,248.5
62,9802,326.733,434.5,248.5
62,9803,326.767,408.5,252.5
62,9804,326.8,382.5,256.5
62,9805,326.833,362.5,262.5
62,9806,326.867,342.5,254.5
62,9807,326.9,322.5,232.5
62,9808,326.933,304.5,212.5
62,9809,326.967,292.5,196.5
62,9810,327.0,278.5,184.5
62,9811,327.033,264.5,172.5
62,9812,327.067,254.5,166.5
62,9813,327.1,244.5,162.5
62,9814,327.133,234.5,162.5
62,9815,327.167,248.5,148.5
62,9816,327.2,268.5,136.5
62,9817,327.233,288.5,124.5
62,9818,327.267,306.5,116.5
62,9819,327.3,326.5,112.5
62,9820,327.333,346.5,112.5
62,9821,327.367,368.5,114.5
62,9822,327.4,392.5,116.5
62,9823,327.433,414.5,124.5
62,9824,327.467,438.5,134.5
62,9825,327.5,462.5,148.5
62,9826,327.533,486.5,166.5
62,9827,327.567,510.5,186.5
62,9828,327.6,532.5,210.5
62,9829,327.633,558.5,236.5
62,9830,327.667,582.5,266.5
62,9831,327.7,606.5,298.5
62,9832,327.733,628.5,334.5
62,9833,327.767,650.5,368.5
62,9834,327.8,672.5,350.5
62,9835,327.833,694.5,332.5
62,9836,327.867,720.5,320.5
62,9837,327.9,744.5,308.5
62,9838,327.933,768.5,300.5
62,9839,327.967,794.5,296.5
62,9840,328.0,818.5,296.5
62,9841,328.033,846.5,298.5
62,9842,328.067,826.5,288.5
62,9843,328.1,754.5,260.5
62,9844,328.133,692.5,242.5
62,9845,328.167,638.5,226.5
62,9846,328.2,588.5,216.5
62,9847,328.233,544.5,210.5
62,9848,328.267,508.5,206.5
62,9849,328.3,472.5,204.5
62,9850,328.333,442.5,204.5
62,9851,328.367,416.5,208.5
62,9852,328.4,392.5,212.5
62,9853,328.433,370.5,220.5
62,9854,328.467,352.5,228.5
62,9855,328.5,336.5,236.5
62,9856,328.533,322.5,246.5
62,9857,328.567,308.5,258.5
62,9858,328.6,298.5,272.5
62,9862,328.733,266.5,324.5
62,9863,328.767,258.5,308.5
62,9865,328.833,246.5,282.5
62,9866,328.867,250.5,276.5
62,9867,328.9,258.5,274.5
62,9868,328.933,264.5,272.5
62,9869,328.967,270.5,272.5
62,9870,329.0,278.5,274.5
62,9871,329.033,284.5,276.5
63,10039,334.633,406.5,174.5
63,10040,334.667,406.5,156.5
63,10044,334.8,404.5,88.5
63,10045,334.833,404.5,76.5
63,10046,334.867,402.5,68.5
63,10047,334.9,402.5,62.5
63,10048,334.933,402.5,56.5
63,10049,334.967,404.5,52.5
63,10050,335.0,402.5,52.5
63,10051,335.033,408.5,56.5
63,10052,335.067,404.5,66.5
63,10053,335.1,406.5,70.5
63,10054,335.133,408.5,80.5
63,10055,335.167,410.5,90.5
63,10056,335.2,410.5,102.5
63,10057,335.233,412.5,116.5
63,10058,335.267,416.5,132.5
63,10062,335.4,446.5,212.5
63,10063,335.433,464.5,238.5
63,10064,335.467,480.5,236.5
63,10065,335.5,494.5,234.5
63,10066,335.533,512.5,232.5
63,10067,335.567,528.5,234.5
63,10068,335.6,548.5,236.5
63,10069,335.633,570.5,242.5
63,10070,335.667,590.5,252.5
63,10071,335.7,612.5,266.5
63,10072,335.733,636.5,282.5
63,10073,335.767,658.5,300.5
63,10074,335.8,684.5,322.5
63,10075,335.833,708.5,348.5
63,10076,335.867,734.5,376.5
63,10077,335.9,756.5,392.5
63,10078,335.933,782.5,386.5
63,10079,335.967,806.5,382.5
63,10080,336.0,832.5,384.5
63,10081,336.033,858.5,388.5
63,10082,336.067,870.5,384.5
63,10083,336.1,812.5,352.5
63,10084,336.133,760.5,324.5
63,10085,336.167,714.5,302.5
63,10086,336.2,672.5,284.5
63,10087,336.233,634.5,272.5
63,10088,336.267,598.5,262.5
63,10089,336.3,566.5,256.5
63,10090,336.333,536.5,252.5
63,10091,336.367,510.5,252.5
63,10092,336.4,486.5,256.5
63,10093,336.433,464.5,260.5
63,10094,336.467,444.5,266.5
63,10095,336.5,428.5,274.5
63,10096,336.533,410.5,276.5
63,10097,336.567,396.5,256.5
63,10098,336.6,380.5,236.5
63,10099,336.633,368.5,224.5
63,10100,336.667,356.5,210.5
63,10101,336.7,344.5,202.5
63,10102,336.733,332.5,196.5
63,10103,336.767,324.5,192.5
63,10104,336.8,316.5,188.5
63,10105,336.833,308.5,190.5
63,10106,336.867,300.5,194.5
63,10108,336.933,298.5,194.5
63,10109,336.967,314.5,186.5
63,10110,337.0,336.5,178.5
63,10111,337.033,356.5,172.5
63,10112,337.067,378.5,168.5
63,10113,337.1,402.5,168.5
63,10114,337.133,424.5,168.5
63,10115,337.167,448.5,172.5
63,10116,337.2,474.5,178.5
63,10117,337.233,498.5,188.5
63,10118,337.267,524.5,202.5
63,10119,337.3,550.5,218.5
63,10120,337.333,576.5,236.5
63,10121,337.367,602.5,256.5
63,10122,337.4,628.5,282.5
63,10123,337.433,656.5,308.5
63,10124,337.467,680.5,338.5
63,10125,337.5,704.5,340.5
63,10126,337.533,726.5,328.5
63,10127,337.567,750.5,316.5
63,10128,337.6,772.5,308.5
63,10129,337.633,798.5,300.5
63,10130,337.667,820.5,300.5
63,10131,337.7,846.5,302.5
63,10132,337.733,868.5,306.5
63,10133,337.767,888.5,312.5
63,10134,337.8,834.5,292.5
63,10135,337.833,782.5,276.5
63,10136,337.867,732.5,264.5
63,10137,337.9,686.5,258.5
63,10138,337.933,640.5,252.5
63,10139,337.967,602.5,250.5
63,10140,338.0,564.5,252.5
63,10141,338.033,530.5,256.5
63,10142,338.067,498.5,262.5
63,10143,338.1,468.5,270.5
63,10144,338.133,440.5,282.5
63,10145,338.167,414.5,294.5
63,10146,338.2,392.5,280.5
63,10147,338.233,370.5,260.5
63,10148,338.267,350.5,244.5
63,10149,338.3,330.5,230.5
63,10150,338.333,312.5,218.5
63,10151,338.367,296.5,212.5
63,10152,338.4,278.5,206.5
63,10153,338.433,262.5,204.5
63,10154,338.467,248.5,204.5
63,10155,338.5,236.5,206.5
63,10156,338.533,224.5,212.5
63,10157,338.567,218.5,208.5
63,10159,338.633,268.5,188.5
63,10160,338.667,292.5,180.5
63,10161,338.7,318.5,176.5
63,10162,338.733,344.5,172.5
63,10163,338.767,372.5,172.5
63,10164,338.8,400.5,178.5
63,10165,338.833,430.5,182.5
63,10166,338.867,460.5,192.5
63,10167,338.9,488.5,204.5
63,10168,338.933,518.5,220.5
63,10169,338.967,548.5,238.5
63,10170,339.0,578.5,258.5
63,10171,339.033,610.5,284.5
63,10172,339.067,640.5,310.5
63,10173,339.1,670.5,338.5
63,10174,339.133,696.5,364.5
63,10175,339.167,720.5,346.5
63,10176,339.2,744.5,330.5
63,10177,339.233,768.5,316.5
63,10178,339.267,792.5,306.5
63,10179,339.3,816.5,298.5
63,10180,339.333,840.5,296.5
63,10181,339.367,864.5,292.5
63,10182,339.4,888.5,294.5
63,10183,339.433,848.5,280.5
63,10184,339.467,792.5,266.5
63,10185,339.5,742.5,254.5
63,10186,339.533,700.5,244.5
63,10187,339.567,662.5,240.5
63,10188,339.6,624.5,240.5
63,10189,339.633,594.5,240.5
63,10190,339.667,568.5,242.5
63,10191,339.7,544.5,248.5
63,10192,339.733,520.5,254.5
63,10193,339.767,500.5,252.5
63,10194,339.8,484.5,230.5
63,10195,339.833,466.5,212.5
63,10196,339.867,452.5,194.5
63,10197,339.9,438.5,184.5
63,10198,339.933,428.5,174.5
63,10199,339.967,414.5,168.5
63,10203,340.1,448.5,136.5
63,10204,340.133,460.5,132.5
63,10205,340.167,476.5,130.5
63,10206,340.2,490.5,130.5
63,10207,340.233,504.5,130.5
63,10208,340.267,518.5,136.5
63,10209,340.3,534.5,144.5
63,10210,340.333,548.5,154.5
63,10211,340.367,562.5,168.5
63,10212,340.4,578.5,184.5
63,10213,340.433,592.5,202.5
63,10214,340.467,608.5,226.5
63,10215,340.5,624.5,250.5
63,10216,340.533,638.5,276.5
63,10217,340.567,652.5,308.5
63,10218,340.6,666.5,340.5
63,10219,340.633,678.5,352.5
63,10220,340.667,688.5,336.5
63,10221,340.7,698.5,324.5
63,10222,340.733,708.5,314.5
63,10223,340.767,720.5,306.5
63,10224,340.8,730.5,302.5
63,10225,340.833,742.5,300.5
63,10226,340.867,752.5,304.5
63,10227,340.9,764.5,308.5
63,10229,340.967,724.5,294.5
63,10230,341.0,680.5,274.5
63,10231,341.033,640.5,262.5
63,10232,341.067,606.5,252.5
63,10233,341.1,574.5,244.5
63,10234,341.133,544.5,242.5
63,10235,341.167,516.5,242.5
63,10236,341.2,492.5,244.5
63,10237,341.233,468.5,248.5
63,10238,341.267,448.5,252.5
63,10239,341.3,428.5,260.5
63,10240,341.333,412.5,268.5
63,10241,341.367,392.5,252.5
63,10242,341.4,376.5,232.5
63,10243,341.433,360.5,216.5
63,10244,341.467,344.5,204.5
63,10245,341.5,330.5,194.5
63,10246,341.533,322.5,182.5
63,10247,341.567,348.5,164.5
63,10248,341.6,374.5,148.5
63,10249,341.633,400.5,134.5
63,10250,341.667,426.5,124.5
63,10251,341.7,454.5,114.5
63,10252,341.733,480.5,106.5
63,10253,341.767,508.5,102.5
63,10254,341.8,536.5,100.5
63,10255,341.833,562.5,100.5
63,10256,341.867,590.5,102.5
63,10257,341.9,618.5,108.5
63,10258,341.933,646.5,114.5
63,10259,341.967,674.5,124.5
63,10260,342.0,700.5,136.5
63,10261,342.033,724.5,150.5
63,10262,342.067,750.5,164.5
63,10263,342.1,774.5,182.5
63,10264,342.133,796.5,202.5
63,10265,342.167,818.5,224.5
63,10266,342.2,840.5,244.5
63,10267,342.233,862.5,268.5
63,10268,342.267,882.5,294.5
63,10269,342.3,900.5,320.5
63,10272,342.4,948.5,402.5
63,10273,342.433,962.5,430.5
63,10274,342.467,972.5,416.5
63,10275,342.5,980.5,400.5
63,10276,342.533,988.5,386.5
63,10277,342.567,996.5,374.5
63,10278,342.6,1004.5,364.5
63,10279,342.633,1010.5,356.5
63,10280,342.667,1018.5,352.5
63,10281,342.7,1024.5,346.5
63,10282,342.733,1028.5,346.5
63,10283,342.767,1034.5,346.5
63,10284,342.8,1038.5,352.5
63,10285,342.833,1032.5,390.5
63,10286,342.867,1022.5,440.5
63,10287,342.9,1030.5,424.5
63,10288,342.933,1042.5,402.5
63,10289,342.967,1054.5,384.5
63,10290,343.0,1066.5,368.5
63,10291,343.033,1076.5,352.5
63,10292,343.067,1088.5,340.5
63,10293,343.1,1096.5,330.5
63,10294,343.133,1106.5,322.5
63,10295,343.167,1116.5,318.5
63,10296,343.2,1124.5,314.5
63,10297,343.233,1134.5,314.5
63,10298,343.267,1142.5,316.5
63,10299,343.3,1148.5,324.5
64,10479,349.3,836.5,332.5
64,10480,349.333,792.5,304.5
64,10481,349.367,754.5,286.5
64,10482,349.4,714.5,268.5
64,10483,349.433,680.5,258.5
64,10484,349.467,644.5,248.5
64,10485,349.5,614.5,242.5
64,10486,349.533,582.5,240.5
64,10487,349.567,554.5,240.5
64,10488,349.6,528.5,242.5
64,10489,349.633,502.5,248.5
64,10490,349.667,478.5,254.5
64,10491,349.7,456.5,258.5
64,10492,349.733,436.5,242.5
64,10493,349.767,418.5,228.5
64,10494,349.8,400.5,218.5
64,10495,349.833,384.5,210.5
64,10496,349.867,374.5,202.5
64,10497,349.9,392.5,194.5
64,10498,349.933,410.5,186.5
64,10499,349.967,428.5,178.5
64,10500,350.0,448.5,176.5
64,10501,350.033,466.5,172.5
64,10502,350.067,484.5,174.5
64,10503,350.1,506.5,178.5
64,10504,350.133,526.5,182.5
64,10505,350.167,546.5,192.5
64,10506,350.2,568.5,202.5
64,10507,350.233,590.5,216.5
64,10508,350.267,612.5,232.5
64,10509,350.3,636.5,250.5
64,10510,350.333,658.5,272.5
64,10511,350.367,680.5,298.5
64,10512,350.4,702.5,322.5
64,10513,350.433,724.5,352.5
64,10514,350.467,748.5,376.5
64,10515,350.5,766.5,362.5
64,10516,350.533,786.5,350.5
64,10517,350.567,808.5,342.5
64,10518,350.6,828.5,336.5
64,10519,350.633,848.5,334.5
64,10520,350.667,816.5,322.5
64,10521,350.7,738.5,300.5
64,10522,350.733,674.5,288.5
64,10523,350.767,618.5,278.5
64,10524,350.8,562.5,272.5
64,10525,350.833,516.5,268.5
64,10526,350.867,476.5,266.5
64,10527,350.9,436.5,268.5
64,10528,350.933,404.5,268.5
64,10529,350.967,374.5,274.5
64,10530,351.0,348.5,280.5
64,10531,351.033,320.5,266.5
64,10532,351.067,298.5,248.5
64,10533,351.1,278.5,232.5
64,10535,351.167,262.5,206.5
64,10536,351.2,286.5,194.5
64,10537,351.233,306.5,182.5
64,10538,351.267,328.5,174.5
64,10539,351.3,352.5,168.5
64,10540,351.333,376.5,166.5
64,10541,351.367,400.5,166.5
64,10542,351.4,426.5,168.5
64,10543,351.433,452.5,172.5
64,10544,351.467,480.5,180.5
64,10545,351.5,506.5,192.5
64,10546,351.533,532.5,204.5
64,10547,351.567,560.5,220.5
64,10548,351.6,588.5,238.5
64,10549,351.633,614.5,258.5
64,10550,351.667,640.5,280.5
64,10551,351.7,666.5,304.5
64,10552,351.733,688.5,330.5
64,10553,351.767,712.5,336.5
64,10554,351.8,734.5,316.5
64,10555,351.833,754.5,302.5
64,10556,351.867,772.5,290.5
64,10557,351.9,794.5,278.5
64,10558,351.933,814.5,272.5
64,10559,351.967,832.5,266.5
64,10560,352.0,852.5,266.5
64,10561,352.033,872.5,268.5
64,10562,352.067,864.5,262.5
64,10563,352.1,814.5,242.5
64,10564,352.133,766.5,226.5
64,10565,352.167,720.5,214.5
64,10566,352.2,678.5,206.5
64,10567,352.233,638.5,200.5
64,10568,352.267,604.5,196.5
64,10569,352.3,570.5,198.5
64,10570,352.333,538.5,202.5
64,10571,352.367,510.5,208.5
64,10572,352.4,484.5,214.5
64,10573,352.433,460.5,224.5
64,10574,352.467,438.5,234.5
64,10575,352.5,418.5,246.5
64,10576,352.533,400.5,240.5
64,10577,352.567,384.5,218.5
64,10578,352.6,368.5,200.5
64,10579,352.633,354.5,186.5
64,10580,352.667,340.5,178.5
64,10582,352.733,316.5,90.5
64,10584,352.8,392.5,144.5
64,10585,352.833,410.5,140.5
64,10586,352.867,432.5,140.5
64,10587,352.9,452.5,144.5
64,10588,352.933,474.5,148.5
64,10589,352.967,496.5,160.5
64,10590,353.0,520.5,170.5
64,10591,353.033,542.5,186.5
64,10592,353.067,564.5,204.5
64,10593,353.1,588.5,226.5
64,10594,353.133,610.5,252.5
64,10595,353.167,632.5,282.5
64,10596,353.2,656.5,312.5
64,10597,353.233,676.5,348.5
64,10598,353.267,700.5,386.5
64,10599,353.3,720.5,422.5
64,10600,353.333,738.5,404.5
64,10601,353.367,758.5,390.5
64,10602,353.4,778.5,378.5
64,10603,353.433,800.5,370.5
64,10604,353.467,820.5,364.5
64,10605,353.5,842.5,362.5
64,10606,353.533,864.5,366.5
64,10607,353.567,826.5,324.5
64,10608,353.6,780.5,286.5
64,10609,353.633,740.5,254.5
64,10610,353.667,706.5,232.5
64,10611,353.7,676.5,216.5
64,10612,353.733,648.5,202.5
64,10613,353.767,626.5,196.5
64,10614,353.8,606.5,192.5
64,10615,353.833,586.5,192.5
64,10616,353.867,570.5,194.5
64,10617,353.9,554.5,200.5
64,10618,353.933,542.5,206.5
64,10619,353.967,530.5,214.5
64,10620,354.0,520.5,226.5
64,10621,354.033,512.5,236.5
64,10622,354.067,502.5,250.5
64,10623,354.1,496.5,226.5
64,10624,354.133,486.5,204.5
64,10625,354.167,480.5,184.5
64,10626,354.2,472.5,170.5
64,10627,354.233,466.5,156.5
64,10628,354.267,460.5,146.5
64,10629,354.3,456.5,140.5
64,10630,354.333,450.5,134.5
64,10631,354.367,444.5,130.5
64,10632,354.4,424.5,104.5
65,10637,354.567,452.5,152.5
65,10638,354.6,464.5,160.5
65,10639,354.633,478.5,168.5
65,10640,354.667,490.5,180.5
65,10641,354.7,502.5,192.5
65,10642,354.733,516.5,208.5
65,10643,354.767,528.5,224.5
65,10644,354.8,540.5,238.5
